date,open,high,low,close,volume
2006-09-27,88.26,88.26,88.26,88.26,2925
2006-09-28,90.03,90.03,86.49,86.93,309270
2006-09-29,86.98,87.97,85.45,87.05,13962
2006-10-03,87.69,88.79,87.18,88.79,17296
2006-10-04,90.57,90.57,88.72,90.57,264069
2006-10-05,92.31,92.39,91.29,92.39,27485
2006-10-06,94.23,94.24,90.54,90.64,140721
2006-10-09,91.28,92.21,89.95,91.04,49442
2006-10-10,92.41,92.86,90.56,91.81,62741
2006-10-11,91.79,91.79,89.97,89.97,29435
2006-10-12,89.23,91.77,89.23,91.77,103671
2006-10-13,93.59,93.61,92.8,93.61,156009
2006-10-16,93.54,95.48,93.54,95.48,64330
2006-10-17,96.82,96.82,93.57,93.57,18096
2006-10-18,93.95,94.2,91.7,91.7,35704
2006-10-19,91.28,93.33,89.88,92.23,21898
2006-10-20,92.56,94.07,92.56,94.07,30439
2006-10-23,93.44,95.9,93.44,95.63,7010
2006-10-26,95.79,97.54,95.38,97.54,41847
2006-10-27,99.47,99.49,98.67,99.38,70551
2006-10-30,101.37,101.37,101.37,101.37,16282
2006-10-31,103.41,103.41,103.41,103.41,30576
2006-11-01,107.59,107.59,107.59,107.59,14352
2006-11-03,109.74,109.74,109.74,109.74,4358
2006-11-06,111.94,111.94,111.94,111.94,2047
2006-11-07,114.18,114.18,114.18,114.18,13123
2006-11-08,116.47,116.47,111.9,116.28,446199
2006-11-09,118.26,118.61,118.05,118.61,52864
2006-11-10,120.98,120.98,116.51,120.98,152002
2006-11-13,123.18,123.4,121.13,123.4,105651
2006-11-14,125.64,125.87,120.93,121.89,187170
2006-11-15,124.31,124.31,119.46,122.52,93970
2006-11-16,123.15,123.15,123.15,123.15,78360
2006-11-17,121.74,123.69,120.72,120.72,48116
2006-11-20,118.46,118.46,118.31,118.31,4036
2006-11-21,117.95,120.68,115.94,120.68,26412
2006-11-22,123.08,123.09,122.05,123.09,89904
2006-11-23,125.54,125.54,122.94,124.81,96330
2006-11-24,125.13,127.3,125.13,127.3,19080
2006-11-27,129.85,129.85,129.85,129.85,34680
2006-11-28,132.31,132.45,130.05,132.43,101156
2006-11-29,134.77,135.08,131.28,135.08,209469
2006-11-30,137.74,137.78,134.87,137.78,95023
2006-12-01,140.54,140.54,137.44,140.54,38775
2006-12-05,146.22,146.22,146.22,146.22,5859
2006-12-06,147.76,147.76,147.76,147.76,325533
2006-12-07,144.81,144.81,144.81,144.81,99450
2006-12-08,142.26,147.69,141.92,146.9,211662
2006-12-11,148.72,149.8,143.96,143.96,100230
2006-12-12,141.33,143.08,141.09,141.09,89739
2006-12-13,138.27,138.27,138.27,138.27,3266
2006-12-14,135.5,141.04,135.5,141.04,37664
2006-12-15,143.79,143.86,138.47,139.82,62595
2006-12-18,137.57,140.41,137.03,137.4,42597
2006-12-19,139.49,139.49,134.66,134.76,20514
2006-12-20,135.08,135.08,132.07,132.07,40296
2006-12-21,129.75,134.71,129.43,134.71,178893
2006-12-22,137.4,137.4,132.02,132.59,323719
2006-12-26,133.33,135.25,130.77,135.17,130942
2006-12-27,134.77,137.88,132.56,137.27,79969
2006-12-28,138.97,140.02,138.97,140.02,11709
2006-12-29,142.82,142.82,142.82,142.82,4855
2007-01-02,145.67,145.67,142.87,145.61,72491
2007-01-03,146.46,148.19,142.78,144.04,40189
2007-01-04,144.2,145.64,141.75,144.17,27670
2007-01-05,141.44,145.64,141.44,144.43,31950
2007-01-08,143.59,144.51,141.54,141.54,12363
2007-01-09,138.71,142.05,138.71,138.71,43943
2007-01-10,136.41,136.92,135.93,135.98,23595
2007-01-11,135.93,138.7,133.26,137.33,46263
2007-01-12,138.46,140.0,134.58,135.61,21810
2007-01-15,136.2,138.32,134.87,138.32,42090
2007-01-16,140.51,141.03,138.46,139.93,60674
2007-01-17,142.56,142.56,137.95,138.46,22308
2007-01-18,138.46,141.13,135.9,139.82,64223
2007-01-19,137.95,140.31,137.03,139.42,40647
2007-01-22,137.44,139.49,136.67,136.99,17481
2007-01-23,134.36,137.23,134.31,135.26,35265
2007-01-24,133.47,136.31,132.62,134.06,35158
2007-01-25,136.2,136.74,135.49,136.74,41359
2007-01-29,139.47,139.48,136.92,138.09,173550
2007-01-31,135.59,140.0,135.59,136.43,62653
2007-02-01,138.36,138.44,133.74,134.71,99255
2007-02-02,133.86,135.9,132.32,134.37,70492
2007-02-05,134.36,137.06,134.35,137.06,57154
2007-02-06,137.44,139.8,137.44,139.68,76215
2007-02-07,139.98,142.47,137.85,140.0,161869
2007-02-08,142.77,142.77,137.44,141.11,34515
2007-02-09,141.03,142.56,141.03,141.53,71652
2007-02-12,138.7,138.7,138.7,138.7,26490
2007-02-13,135.93,141.48,135.93,140.37,642437
2007-02-14,138.26,142.87,137.56,140.22,109512
2007-02-15,142.56,142.56,138.67,141.21,273214
2007-02-19,140.51,144.04,140.51,143.53,375482
2007-02-20,144.0,144.1,141.54,141.84,20523
2007-02-21,141.03,142.87,141.03,142.45,112495
2007-02-22,142.36,142.36,139.6,141.09,186069
2007-02-23,139.49,139.49,138.27,138.27,11202
2007-02-26,138.36,138.36,135.5,135.5,565
2007-02-28,130.14,130.14,130.14,130.14,4358
2007-03-01,127.54,127.54,127.54,127.54,11378
2007-03-02,124.99,124.99,124.99,124.99,5099
2007-03-06,120.05,120.05,120.05,120.05,2232
2007-03-07,117.65,117.65,117.65,117.65,19
2007-03-08,115.3,117.95,115.3,115.37,278148
2007-03-09,113.13,117.64,113.07,113.07,257049
2007-03-12,111.28,115.28,110.82,110.82,199670
2007-03-13,108.63,113.03,108.61,109.89,216762
2007-03-14,107.69,111.18,107.69,108.59,36211
2007-03-15,108.51,109.03,106.43,106.43,0
2007-03-16,102.57,104.31,101.11,101.95,19041
2007-03-19,98.67,101.44,96.85,99.02,57222
2007-03-20,99.49,103.08,96.41,96.7,31882
2007-03-21,97.44,101.53,97.44,101.53,38805
2007-03-22,103.59,106.56,102.56,104.02,22473
2007-03-23,103.59,109.13,103.59,108.13,65208
2007-03-26,110.76,110.76,107.69,108.95,33062
2007-03-28,105.64,112.31,103.51,108.85,55623
2007-03-29,107.69,111.79,107.38,109.12,51753
2007-03-30,111.28,114.58,111.28,114.44,48184
2007-04-02,110.26,115.38,108.72,110.35,23195
2007-04-03,110.27,110.27,110.27,110.27,0
2007-04-04,107.69,111.69,105.15,105.59,10910
2007-04-05,108.72,110.77,106.15,106.85,14430
2007-04-09,109.74,110.26,107.69,109.49,8404
2007-04-10,111.31,112.62,108.82,111.38,16536
2007-04-11,110.77,113.85,108.72,110.92,35841
2007-04-12,109.75,114.05,109.75,113.75,83401
2007-04-13,114.36,115.38,111.79,114.77,479008
2007-04-16,112.82,117.95,111.28,116.74,19392
2007-04-17,113.85,120.41,113.85,119.21,46995
2007-04-18,118.67,122.26,118.67,121.76,562000
2007-04-19,118.97,122.56,118.97,121.44,28479
2007-04-20,118.97,123.58,118.97,122.11,570570
2007-04-23,123.59,125.64,121.03,123.45,16116
2007-04-24,121.54,128.21,121.54,127.81,887923
2007-04-25,125.13,132.92,125.13,128.1,34973
2007-04-26,129.23,129.23,123.18,125.09,34895
2007-04-27,125.64,129.23,123.59,127.22,48311
2007-04-30,123.08,126.15,121.03,121.63,13328
2007-05-03,126.14,126.15,121.03,125.64,21089
2007-05-04,119.38,125.64,119.38,123.84,72530
2007-05-07,125.64,125.64,120.0,122.93,17579
2007-05-08,123.08,123.08,116.79,117.56,9691
2007-05-09,116.01,122.77,114.87,119.18,66768
2007-05-10,119.38,121.02,115.9,116.64,32175
2007-05-11,113.33,119.99,113.33,117.64,48974
2007-05-14,117.95,120.92,113.85,116.59,10715
2007-05-15,114.56,118.87,110.77,117.99,47385
2007-05-16,113.54,121.54,113.54,118.62,984828
2007-05-17,120.51,124.55,120.51,124.31,132336
2007-05-18,125.13,127.18,123.08,124.95,50212
2007-05-21,126.26,131.2,126.26,129.47,45249
2007-05-22,128.21,131.18,126.67,128.2,19100
2007-05-23,130.77,130.77,126.67,128.21,38249
2007-05-24,125.64,129.21,125.64,128.2,36972
2007-05-25,128.1,134.61,127.18,134.61,137143
2007-05-28,136.4,138.46,127.9,129.68,116249
2007-05-29,130.26,132.09,126.15,127.96,27738
2007-05-30,127.69,128.7,124.11,128.05,75084
2007-05-31,130.23,130.23,126.15,128.29,17988
2007-06-01,128.21,130.26,127.69,127.73,29610
2007-06-04,128.21,131.98,125.33,125.75,5089
2007-06-05,123.6,128.51,121.03,121.69,18115
2007-06-06,127.17,127.29,115.9,116.66,32438
2007-06-07,119.99,120.51,113.95,114.97,12411
2007-06-08,110.78,116.92,109.96,113.95,14517
2007-06-11,114.87,117.92,110.87,113.35,8921
2007-06-12,110.77,112.82,108.23,108.95,12460
2007-06-13,111.69,111.69,106.67,107.27,4221
2007-06-14,109.95,111.08,107.69,108.02,8258
2007-06-15,112.71,112.71,108.23,108.73,9057
2007-06-18,110.77,110.77,104.62,105.19,6045
2007-06-19,105.64,108.72,105.13,108.63,29113
2007-06-20,109.03,109.74,108.21,109.37,19636
2007-06-21,109.24,110.96,109.23,110.88,16087
2007-06-22,112.82,113.74,110.26,111.25,6971
2007-06-25,109.24,111.8,109.24,111.28,7556
2007-06-26,112.21,116.85,110.77,116.85,52659
2007-06-27,121.64,121.64,111.28,120.77,19285
2007-06-28,120.92,126.81,117.03,126.81,75055
2007-06-29,130.09,130.15,124.0,125.25,49491
2007-07-02,128.1,131.51,123.18,131.51,119905
2007-07-03,132.41,138.09,127.18,134.69,114747
2007-07-04,136.92,141.38,129.74,133.4,1038814
2007-07-05,133.33,133.33,126.77,130.47,35217
2007-07-06,128.31,134.05,128.31,131.74,48974
2007-07-09,132.62,134.36,130.77,133.2,46829
2007-07-10,135.38,135.38,131.8,133.23,30049
2007-07-11,128.72,134.05,128.72,132.34,45669
2007-07-12,131.79,136.92,130.27,135.99,38385
2007-07-13,136.82,139.49,131.28,132.17,13162
2007-07-16,132.51,134.36,131.28,133.07,21508
2007-07-17,134.37,139.71,134.36,135.95,77522
2007-07-18,133.33,138.56,133.33,137.66,44304
2007-07-19,144.1,144.41,130.77,130.81,177255
2007-07-20,131.79,133.44,125.64,131.55,82299
2007-07-23,136.4,136.4,126.46,132.89,22044
2007-07-24,136.36,137.44,127.18,132.07,94935
2007-07-25,135.38,135.38,127.38,131.91,50388
2007-07-26,134.77,134.87,130.26,130.84,26013
2007-07-27,126.16,128.21,125.23,126.55,22093
2007-07-30,128.21,128.21,120.31,123.23,11641
2007-07-31,125.13,129.23,124.62,128.26,24911
2007-08-01,127.18,130.26,121.85,122.72,143256
2007-08-02,126.05,128.86,126.05,128.86,48828
2007-08-03,132.72,133.54,130.26,131.97,14459
2007-08-06,130.26,136.25,130.26,132.47,53839
2007-08-07,135.9,135.9,131.08,131.73,227799
2007-08-08,135.9,135.9,129.33,132.95,0
2007-08-09,134.87,134.87,126.15,126.88,34398
2007-08-10,126.67,128.41,120.54,124.04,26061
2007-08-13,127.87,128.19,121.54,122.18,16799
2007-08-14,120.62,124.62,120.01,124.19,10588
2007-08-16,122.05,125.53,120.92,122.75,45825
2007-08-17,122.97,124.1,118.46,119.83,40979
2007-08-20,124.1,124.1,121.54,122.56,27095
2007-08-21,123.07,123.07,118.97,119.48,28791
2007-08-22,114.88,122.05,114.87,119.36,44898
2007-08-23,113.44,121.03,113.39,113.39,63540
2007-08-24,113.33,114.86,109.76,112.99,3285
2007-08-27,110.77,116.72,110.77,114.9,5508
2007-08-28,111.39,115.9,111.39,114.1,1150
2007-08-29,112.82,113.84,111.8,113.84,1530
2007-08-30,113.95,118.87,112.82,117.14,33442
2007-08-31,120.0,120.0,116.41,117.95,2369
2007-09-03,118.97,118.97,115.39,116.35,20523
2007-09-04,117.94,119.08,116.23,118.47,19197
2007-09-05,120.0,120.19,116.92,117.95,20991
2007-09-06,116.93,123.85,116.92,123.85,0
2007-09-07,128.21,136.24,125.74,129.0,122333
2007-09-10,127.59,133.33,125.23,129.78,26705
2007-09-11,129.74,130.05,125.64,126.85,920751
2007-09-12,132.31,132.31,126.89,127.14,9057
2007-09-13,127.9,128.62,127.18,127.45,5021
2007-09-14,128.0,130.77,127.28,129.59,19470
2007-09-17,128.21,141.54,127.38,139.35,99420
2007-09-18,138.46,146.15,136.92,145.53,92001
2007-09-19,146.15,149.74,140.0,147.14,66066
2007-09-20,146.15,152.82,142.0,151.58,320161
2007-09-21,152.82,155.9,144.72,146.04,25925
2007-09-24,156.82,156.82,143.59,144.58,18593
2007-09-25,145.64,153.54,141.54,153.47,62868
2007-09-26,153.85,156.41,146.15,153.72,1107152
2007-09-27,154.87,155.69,146.77,153.94,93609
2007-09-28,154.87,156.92,150.97,154.9,87954
2007-10-01,155.9,163.59,150.79,159.82,54210
2007-10-03,162.86,164.1,159.18,163.02,120295
2007-10-04,158.97,161.39,153.85,157.66,35080
2007-10-05,154.88,171.59,154.88,168.23,109365
2007-10-08,172.82,173.31,155.44,155.82,78994
2007-10-09,146.15,160.0,146.15,159.0,32317
2007-10-10,163.33,166.62,157.18,162.38,63484
2007-10-11,158.97,164.08,158.97,161.1,17581
2007-10-12,158.51,161.41,157.44,157.82,25814
2007-10-15,158.46,164.87,158.46,160.36,31796
2007-10-16,166.56,166.56,154.36,158.44,13843
2007-10-17,153.05,153.05,153.05,153.05,18012
2007-10-18,153.33,161.54,140.31,154.97,106571
2007-10-19,152.26,152.31,139.49,142.51,23257
2007-10-22,143.56,146.15,136.92,145.51,108028
2007-10-23,153.85,153.85,142.56,147.97,104683
2007-10-24,149.23,156.41,147.36,153.54,89846
2007-10-25,154.36,166.36,146.2,154.03,315639
2007-10-26,156.9,162.56,153.85,155.51,41891
2007-10-29,156.41,171.08,156.41,170.92,143882
2007-10-30,178.79,188.03,172.41,179.62,149416
2007-10-31,183.95,194.26,180.28,187.44,67464
2007-11-01,201.54,201.54,177.44,182.87,71169
2007-11-02,174.92,183.33,174.38,178.23,28639
2007-11-05,180.74,181.49,175.64,177.05,13833
2007-11-06,177.95,180.38,172.31,176.92,0
2007-11-07,179.49,182.82,173.85,179.64,47763
2007-11-08,174.36,186.67,174.36,183.05,19022
2007-11-09,183.05,183.1,173.44,177.31,3636
2007-11-12,174.36,179.49,164.13,167.77,33019
2007-11-13,169.23,180.92,165.13,179.44,101975
2007-11-14,169.26,192.31,169.26,179.74,24560
2007-11-15,187.18,187.18,176.92,179.77,21978
2007-11-16,189.23,189.23,178.97,180.03,7534
2007-11-19,184.36,184.36,177.44,178.51,10857
2007-11-20,176.92,182.05,172.82,179.74,26646
2007-11-21,174.36,179.49,171.79,175.2,12717
2007-11-22,171.28,172.08,158.97,162.97,17651
2007-11-23,168.72,174.36,160.51,162.26,22382
2007-11-26,168.15,171.28,166.67,167.82,13843
2007-11-27,164.64,168.72,164.08,167.59,6134
2007-11-28,171.28,171.28,161.54,161.87,12218
2007-11-29,169.74,191.23,162.69,181.23,520363
2007-11-30,182.56,185.64,156.41,182.64,133393
2007-12-03,182.05,189.2,175.69,185.85,44460
2007-12-04,182.05,185.64,174.92,177.03,19726
2007-12-05,175.49,187.1,175.49,179.13,29402
2007-12-06,184.56,189.18,179.49,181.92,268252
2007-12-07,182.05,182.05,175.38,177.64,31445
2007-12-10,180.51,182.05,177.05,179.23,29439
2007-12-11,179.49,187.69,174.87,184.44,148952
2007-12-12,179.49,194.87,178.15,181.23,33592
2007-12-13,179.62,184.51,175.38,179.26,28614
2007-12-14,181.49,189.74,177.44,183.44,261647
2007-12-17,182.05,182.05,169.49,172.15,28553
2007-12-18,175.87,175.87,171.79,174.31,17910
2007-12-19,183.05,183.18,149.74,156.9,552577
2007-12-20,165.13,165.13,159.03,161.74,49465
2007-12-24,162.56,172.31,162.56,170.18,26742
2007-12-26,171.79,179.49,170.03,172.33,954163
2007-12-27,176.87,176.87,166.82,170.2,72971
2007-12-28,175.38,183.18,172.92,175.1,149296
2007-12-31,179.49,180.23,171.79,179.1,136295
2008-01-01,169.23,184.1,169.23,179.26,161967
2008-01-02,182.05,197.26,179.51,187.64,166801
2008-01-03,189.74,202.18,189.74,191.38,131441
2008-01-04,193.85,193.85,185.9,186.38,26707
2008-01-07,194.36,194.36,178.49,183.67,174281
2008-01-08,189.74,192.31,175.9,179.51,215286
2008-01-09,179.49,182.77,170.03,179.56,496852
2008-01-10,178.59,185.64,178.59,183.18,61547
2008-01-11,182.18,185.9,166.92,170.46,119326
2008-01-14,169.74,199.9,169.74,190.26,1697035
2008-01-15,192.31,202.56,186.15,189.08,135140
2008-01-16,167.31,195.38,167.31,184.33,80618
2008-01-17,184.1,195.87,182.05,192.64,2271005
2008-01-18,193.85,201.03,173.33,182.44,131944
2008-01-21,185.2,186.67,158.97,162.51,169531
2008-01-22,146.15,146.15,130.03,140.74,241572
2008-01-23,159.1,168.9,153.85,168.9,93442
2008-01-24,174.62,183.59,159.74,174.56,130217
2008-01-25,176.92,184.62,176.92,182.59,70320
2008-01-28,164.62,184.62,164.62,179.59,1017565
2008-01-29,181.03,181.54,174.92,178.97,14820
2008-01-30,171.85,182.05,170.82,171.77,31170
2008-01-31,174.36,184.33,165.13,181.13,65233
2008-02-01,178.49,180.0,176.56,179.28,24922
2008-02-04,182.1,182.56,171.79,176.31,22567
2008-02-05,178.97,182.31,175.51,179.1,83481
2008-02-06,167.69,182.0,167.69,180.51,48523
2008-02-07,179.49,179.49,166.69,172.69,28197
2008-02-08,179.41,182.46,163.08,180.44,85101
2008-02-11,179.46,179.46,166.36,168.85,94861
2008-02-12,163.59,174.26,148.72,169.72,176053
2008-02-13,173.85,182.05,168.2,174.44,281876
2008-02-14,175.38,178.97,173.33,174.44,164820
2008-02-15,173.82,174.1,167.69,169.31,46626
2008-02-18,171.13,171.13,158.97,166.08,1058197
2008-02-19,168.72,168.72,161.08,163.67,79234
2008-02-20,164.1,164.59,161.62,163.41,62988
2008-02-21,166.62,173.82,160.51,168.38,418084
2008-02-22,167.69,167.69,163.26,164.1,157599
2008-02-25,164.54,167.69,160.0,163.95,229257
2008-02-26,165.13,167.67,164.1,165.31,110007
2008-02-27,167.67,169.23,164.67,167.92,32356
2008-02-28,136.72,169.18,136.72,168.05,15561
2008-02-29,162.31,168.72,161.54,163.41,28629
2008-03-03,161.54,162.79,149.74,153.0,24456
2008-03-04,150.26,153.59,142.18,144.03,26362
2008-03-05,141.05,143.56,136.41,142.59,8043
2008-03-07,138.41,138.41,117.44,125.13,76055
2008-03-10,115.87,133.28,111.26,122.31,34903
2008-03-11,124.62,135.31,121.44,130.46,26124
2008-03-12,142.51,148.62,123.08,124.54,24507
2008-03-13,113.67,122.54,110.28,115.38,256513
2008-03-14,110.26,116.9,110.26,115.41,22300
2008-03-17,115.23,115.23,93.15,101.46,87280
2008-03-18,102.56,107.05,88.31,103.9,129889
2008-03-19,107.69,107.69,97.44,98.44,36599
2008-03-24,101.03,105.38,92.92,104.67,50115
2008-03-25,107.69,115.9,106.23,112.23,32724
2008-03-26,116.41,116.92,110.44,112.28,14238
2008-03-27,113.85,113.85,104.44,112.36,84355
2008-03-28,114.79,123.15,111.38,120.38,24850
2008-03-31,118.46,121.54,115.36,116.64,64153
2008-04-01,116.03,120.51,116.03,118.46,3369
2008-04-02,122.56,124.56,118.46,120.77,19133
2008-04-03,120.51,122.26,118.97,120.51,16690
2008-04-04,121.03,121.05,113.85,117.41,16329
2008-04-07,117.18,117.18,112.82,113.26,5440
2008-04-08,113.33,114.56,109.74,110.51,3472
2008-04-09,111.28,111.79,108.72,109.46,3100
2008-04-10,123.05,123.05,107.69,112.69,14291
2008-04-11,112.82,125.64,109.74,111.49,137285
2008-04-15,112.67,113.33,108.44,109.97,12444
2008-04-16,111.28,111.74,108.26,109.95,283797
2008-04-17,111.79,112.77,108.97,109.44,8665
2008-04-21,111.28,125.05,110.26,123.33,785468
2008-04-22,123.08,125.64,119.05,124.18,51731
2008-04-23,124.87,129.74,118.97,126.28,26911
2008-04-24,128.21,128.21,121.56,125.67,13492
2008-04-25,125.59,147.54,124.87,141.0,645417
2008-04-28,143.08,158.46,143.08,152.56,217466
2008-04-29,151.79,154.31,145.69,150.1,307068
2008-04-30,150.77,153.05,144.1,144.92,10116
2008-05-02,153.33,153.33,140.05,142.18,29382
2008-05-05,141.87,143.49,136.41,138.13,10828
2008-05-06,140.97,140.97,134.0,136.13,18981
2008-05-07,131.33,138.31,128.74,130.36,10297
2008-05-08,123.18,131.54,118.64,121.49,67530
2008-05-09,121.28,135.28,121.28,125.59,57618
2008-05-12,125.13,127.69,118.49,126.51,20671
2008-05-13,130.26,135.38,125.9,131.79,29370
2008-05-14,131.79,132.49,128.21,130.69,23805
2008-05-15,125.67,135.28,125.64,131.26,51029
2008-05-16,137.95,138.46,126.15,127.51,27520
2008-05-20,120.51,130.77,120.51,125.0,14133
2008-05-21,124.41,127.05,123.08,126.36,8835
2008-05-22,125.64,128.72,121.03,123.82,35860
2008-05-23,127.64,128.74,122.13,124.23,21531
2008-05-26,123.08,123.08,118.59,120.08,13299
2008-05-27,122.05,124.59,115.41,117.38,35788
2008-05-28,116.92,117.44,114.36,115.64,9227
2008-05-29,120.51,120.51,107.69,109.87,187841
2008-05-30,112.44,116.41,103.13,104.59,122167
2008-06-02,105.13,108.64,100.51,102.36,90435
2008-06-03,100.51,106.38,97.72,105.36,64014
2008-06-04,107.15,107.15,102.62,104.95,30080
2008-06-05,103.59,105.08,100.08,101.72,43995
2008-06-06,101.54,102.05,98.49,99.23,25605
2008-06-09,93.82,97.18,92.31,92.59,37693
2008-06-10,92.31,94.33,87.69,89.0,19065
2008-06-11,92.31,92.74,87.44,88.23,20950
2008-06-12,86.64,89.74,84.64,87.56,32520
2008-06-13,89.74,92.31,86.15,87.23,517337
2008-06-16,89.74,89.85,85.64,88.31,16551
2008-06-17,89.41,95.87,89.41,92.41,35733
2008-06-18,93.33,93.33,84.18,85.51,111518
2008-06-19,84.62,85.15,77.59,78.87,405093
2008-06-20,79.49,81.03,75.9,76.85,56095
2008-06-23,76.92,76.92,67.69,68.51,111107
2008-06-24,67.28,74.36,67.28,69.36,40014
2008-06-25,67.36,72.31,66.77,71.54,141390
2008-06-26,71.92,71.92,68.77,69.31,6011
2008-06-27,66.67,79.44,64.87,73.64,289364
2008-06-30,75.38,80.46,66.69,70.62,227477
2008-07-01,71.79,71.79,61.54,64.28,644473
2008-07-02,59.49,72.82,59.49,70.23,72893
2008-07-03,62.05,71.28,62.05,64.13,87053
2008-07-04,63.85,68.62,62.08,67.0,64847
2008-07-07,63.59,70.77,63.59,66.9,18994
2008-07-08,63.59,71.15,63.05,66.36,68318
2008-07-09,68.49,71.79,68.21,70.1,32481
2008-07-10,70.26,73.85,68.23,72.54,35310
2008-07-11,71.79,75.87,68.21,69.62,36597
2008-07-14,67.9,69.15,65.64,66.59,10631
2008-07-15,63.72,66.62,61.56,62.26,11912
2008-07-16,63.08,63.33,59.85,60.67,24872
2008-07-17,62.56,62.77,60.26,61.13,10674
2008-07-18,62.56,63.59,59.03,60.03,30443
2008-07-21,61.54,65.9,59.9,62.23,16344
2008-07-22,60.79,64.62,60.79,63.59,14712
2008-07-23,67.64,71.28,64.18,66.72,222374
2008-07-24,70.64,74.36,67.95,69.05,188888
2008-07-25,67.28,74.36,66.18,67.08,473926
2008-07-28,66.74,79.21,66.41,72.21,477604
2008-07-29,72.44,76.38,69.79,71.03,127454
2008-07-30,71.9,76.92,70.0,76.0,96644
2008-07-31,76.41,77.41,70.77,71.51,93465
2008-08-01,73.85,76.31,69.23,75.31,51854
2008-08-04,74.62,79.49,74.62,77.33,48609
2008-08-05,76.92,83.03,76.92,80.87,56124
2008-08-06,82.56,86.15,79.59,80.46,141652
2008-08-07,81.95,81.95,77.95,78.54,11516
2008-08-08,76.92,78.67,75.9,77.56,16600
2008-08-11,76.92,79.79,76.15,77.72,46985
2008-08-12,80.41,80.41,76.92,78.49,330117
2008-08-13,76.95,79.0,76.21,77.26,10604
2008-08-14,76.41,79.44,73.33,74.46,11460
2008-08-18,73.33,76.41,73.33,75.64,9252
2008-08-19,75.67,78.31,74.36,77.1,19852
2008-08-20,77.59,79.41,74.51,75.03,24053
2008-08-21,74.46,75.77,74.36,75.08,8560
2008-08-22,74.36,79.23,74.36,78.13,239594
2008-08-25,80.41,80.92,75.92,77.15,61505
2008-08-26,77.38,79.18,75.54,77.46,23288
2008-08-27,79.49,81.03,75.97,78.95,42677
2008-08-28,80.97,80.97,76.41,77.41,12597
2008-08-29,77.97,78.33,76.51,77.92,46766
2008-09-01,76.92,79.44,74.92,76.82,31492
2008-09-02,75.92,85.13,75.92,79.85,177746
2008-09-04,77.59,78.97,77.41,77.9,42712
2008-09-05,76.92,78.21,76.41,77.0,540283
2008-09-08,84.08,84.08,79.28,80.67,196842
2008-09-09,80.51,82.54,76.97,77.49,80420
2008-09-10,76.92,77.64,75.44,76.28,43295
2008-09-11,75.9,77.44,71.79,73.44,192554
2008-09-15,70.31,71.79,60.62,63.28,88748
2008-09-16,57.54,58.46,50.95,52.85,251400
2008-09-17,55.9,63.44,53.9,60.54,402271
2008-09-18,55.38,56.92,52.56,54.38,4267021
2008-09-19,55.9,60.95,54.36,56.64,326543
2008-09-22,57.95,58.36,55.64,57.03,175227
2008-09-23,56.41,60.0,55.13,58.03,254822
2008-09-24,57.69,60.67,57.44,59.23,1120999
2008-09-25,57.69,63.97,57.69,61.64,366048
2008-09-26,61.49,61.77,56.41,58.05,2479874
2008-09-29,57.44,58.44,48.28,53.59,1061586
2008-09-30,48.72,59.44,46.26,58.05,91843
2008-10-01,56.15,57.9,54.92,55.92,42174
2008-10-03,54.62,57.38,51.92,51.92,649159
2008-10-06,51.28,52.31,49.49,51.03,52392
2008-10-07,55.9,56.26,50.26,53.64,141326
2008-10-08,48.72,50.82,47.95,48.46,24102
2008-10-10,45.64,45.64,39.49,41.23,1039709
2008-10-13,40.0,43.08,40.0,42.41,43161
2008-10-14,44.1,45.64,41.03,41.33,51366
2008-10-15,41.03,41.9,35.38,37.64,70434
2008-10-16,32.33,38.46,30.82,38.1,146248
2008-10-17,40.0,40.0,33.85,35.38,25650
2008-10-20,36.41,36.41,31.82,33.59,27910
2008-10-21,33.92,36.36,33.08,33.79,85152
2008-10-22,33.33,33.85,29.49,30.46,83579
2008-10-23,27.79,29.59,27.44,28.28,31790
2008-10-24,26.67,31.28,24.1,27.49,79690
2008-10-27,27.18,27.69,22.0,23.9,40123
2008-10-28,24.23,27.44,23.1,24.74,25894
2008-10-29,25.18,26.41,22.05,23.79,83914
2008-10-31,25.64,26.59,20.92,23.56,128031
2008-11-03,28.21,28.21,24.38,24.9,81435
2008-11-04,25.23,26.92,23.41,25.87,166746
2008-11-05,28.21,30.51,26.92,29.31,383896
2008-11-06,26.72,28.21,26.67,27.69,82828
2008-11-07,27.18,29.21,26.67,28.54,130661
2008-11-10,28.72,31.54,28.21,29.67,247589
2008-11-11,31.79,31.79,28.31,28.87,107694
2008-11-12,30.13,30.13,26.79,27.1,18521
2008-11-14,27.69,28.21,25.38,25.72,86291
2008-11-17,24.1,25.64,23.03,23.56,119849
2008-11-18,23.56,24.1,22.26,23.08,12698
2008-11-19,22.1,24.1,22.1,23.21,24267
2008-11-20,22.05,23.79,21.69,22.44,21494
2008-11-21,22.56,24.92,22.05,23.92,22444
2008-11-24,24.1,24.54,22.56,23.87,21245
2008-11-25,24.36,24.54,23.15,23.87,17655
2008-11-26,23.59,24.1,21.82,22.79,8246
2008-11-28,23.97,23.97,21.77,22.18,8970
2008-12-01,22.21,23.31,22.21,23.08,16372
2008-12-02,22.56,23.33,22.05,23.05,29466
2008-12-03,23.15,25.64,22.05,25.41,33619
2008-12-04,25.64,30.51,24.36,29.82,98163
2008-12-05,29.79,31.13,27.23,27.9,49842
2008-12-08,28.74,30.64,27.72,28.59,23039
2008-12-10,30.72,30.72,27.44,29.31,39015
2008-12-11,28.36,35.18,28.36,35.18,90214
2008-12-12,35.9,38.72,34.15,38.72,43291
2008-12-15,42.46,42.59,40.03,40.9,184700
2008-12-16,41.54,41.54,38.21,41.05,162714
2008-12-17,41.28,41.51,37.72,39.49,1321325
2008-12-18,38.59,40.26,38.46,39.23,1431773
2008-12-19,39.49,43.15,39.49,43.15,127902
2008-12-22,44.1,46.15,42.0,43.23,58521
2008-12-23,42.82,44.31,41.1,43.85,1681309
2008-12-24,44.1,44.9,42.64,44.08,11986
2008-12-26,43.59,46.67,42.56,43.1,12103
2008-12-29,43.13,43.64,41.1,42.56,20800
2008-12-30,41.67,43.59,41.67,42.64,4779
2008-12-31,42.21,45.64,42.21,45.08,11659
2009-01-01,43.85,45.05,43.85,44.56,4795
2009-01-02,46.21,47.62,45.13,46.92,53439
2009-01-05,46.92,48.59,43.97,45.87,15159
2009-01-06,44.36,45.13,42.05,42.9,18326
2009-01-07,42.64,45.13,38.62,38.62,89932
2009-01-09,36.03,38.28,34.77,34.77,14732
2009-01-12,34.36,36.49,32.33,36.13,49941
2009-01-13,35.64,36.87,33.38,34.62,0
2009-01-14,33.54,35.38,33.54,34.26,3533
2009-01-15,32.82,34.87,32.56,33.82,76360
2009-01-16,32.87,34.31,32.13,33.18,58798
2009-01-19,32.87,34.33,32.87,33.49,6908
2009-01-20,33.59,33.95,32.38,32.92,3601
2009-01-21,33.46,34.59,32.56,34.59,25036
2009-01-22,34.1,34.1,32.87,32.87,47154
2009-01-23,32.56,33.05,31.23,32.31,4711
2009-01-27,31.79,32.13,30.69,30.9,54126
2009-01-28,30.77,30.77,29.36,29.36,12682
2009-01-29,29.49,30.33,27.9,27.9,109759
2009-01-30,26.54,27.44,26.51,26.51,52605
2009-02-02,27.44,27.44,25.21,25.23,37635
2009-02-03,24.13,26.13,23.97,24.38,15781
2009-02-04,24.36,24.72,23.21,23.59,13889
2009-02-05,22.56,23.33,22.41,22.41,47271
2009-02-06,21.54,23.54,21.54,23.54,53420
2009-02-09,24.72,24.72,22.85,24.72,35870
2009-02-10,24.46,25.97,24.46,25.97,27136
2009-02-11,25.64,26.87,24.87,26.28,19919
2009-02-12,26.05,27.62,26.05,27.62,33185
2009-02-13,28.1,29.0,27.95,29.0,28856
2009-02-16,30.1,30.1,27.56,27.62,33200
2009-02-17,27.26,27.26,26.26,26.26,26726
2009-02-18,24.97,25.33,24.95,24.95,6253
2009-02-19,24.9,25.13,23.72,24.05,4502
2009-02-20,23.72,25.26,23.72,25.0,20650
2009-02-24,25.0,25.36,23.77,23.85,7688
2009-02-25,24.36,24.62,22.67,22.77,49557
2009-02-26,22.9,23.54,21.69,22.79,10851
2009-02-27,22.56,23.21,21.79,23.08,128056
2009-03-02,22.56,23.23,21.97,22.56,6204
2009-03-03,22.79,22.79,21.62,22.28,2418
2009-03-04,22.15,22.56,21.36,21.85,6130
2009-03-05,22.31,22.49,21.08,21.59,0
2009-03-06,21.51,21.51,20.0,20.82,15221
2009-03-09,21.28,23.0,20.0,22.1,104564
2009-03-12,21.03,23.0,21.03,21.67,5013
2009-03-13,22.05,22.49,21.56,21.92,5112
2009-03-16,23.33,23.59,21.08,21.69,28440
2009-03-17,21.67,21.97,21.03,21.49,85203
2009-03-18,21.03,23.03,20.56,21.44,68698
2009-03-19,21.82,22.31,20.95,21.23,18107
2009-03-20,21.54,22.28,20.05,20.67,364443
2009-03-23,20.33,21.79,20.33,21.0,53554
2009-03-24,21.59,22.05,21.21,21.85,84561
2009-03-25,22.05,22.05,20.31,20.62,109293
2009-03-26,21.38,22.56,20.56,20.82,227516
2009-03-27,21.03,21.72,20.85,21.0,65545
2009-03-30,21.0,22.05,18.26,20.0,1519819
2009-03-31,20.51,22.41,19.36,20.69,15666153
2009-04-01,21.1,24.85,20.77,24.31,4084563
2009-04-02,25.13,27.41,24.13,26.18,4673821
2009-04-06,26.77,27.69,25.41,27.18,2399820
2009-04-08,25.77,29.18,25.38,27.87,2625092
2009-04-09,28.56,33.46,27.95,33.23,0
2009-04-13,33.85,36.28,33.79,34.28,4143379
2009-04-15,33.36,37.72,32.54,37.54,2383259
2009-04-16,38.46,40.82,33.79,33.9,1896727
2009-04-17,34.77,37.31,33.41,37.31,566968
2009-04-20,38.85,41.05,35.38,40.59,1173618
2009-04-21,40.92,44.67,39.23,44.67,0
2009-04-22,46.62,46.92,45.74,46.92,2200910
2009-04-23,46.15,49.21,44.59,48.9,2154824
2009-04-24,49.95,51.36,46.77,48.82,1900374
2009-04-27,48.05,49.05,46.38,46.38,303198
2009-04-28,44.62,44.87,44.08,44.08,40600
2009-04-29,42.33,42.54,41.87,41.87,130123
2009-05-04,41.08,43.97,40.08,42.56,529101
2009-05-05,41.54,44.64,41.54,42.77,406965
2009-05-06,42.1,43.41,40.64,40.64,393639
2009-05-07,40.46,41.51,39.1,40.08,183963
2009-05-08,39.03,41.38,38.46,39.9,279277
2009-05-11,40.95,41.03,37.97,38.26,236383
2009-05-12,36.49,39.92,36.41,39.1,209636
2009-05-13,39.03,41.08,38.46,41.08,176061
2009-05-14,41.03,42.77,39.15,40.67,379080
2009-05-15,41.03,42.36,40.82,41.67,136420
2009-05-19,43.77,43.77,43.77,43.77,49366
2009-05-20,45.97,45.97,45.97,45.97,9439
2009-05-21,48.28,48.28,48.28,48.28,242498
2009-05-22,50.72,50.72,50.72,50.72,79573
2009-05-25,53.26,53.26,53.26,53.26,12329
2009-05-26,55.92,55.92,53.85,55.92,164164
2009-05-27,58.72,58.72,58.72,58.72,14533
2009-05-28,61.67,61.67,61.67,61.67,37178
2009-05-29,64.77,64.77,64.77,64.77,67797
2009-06-01,68.03,68.03,68.03,68.03,11850
2009-06-02,71.44,71.44,71.44,71.44,32888
2009-06-03,75.03,75.03,67.87,70.26,1432586
2009-06-04,66.74,70.36,66.74,69.21,3139943
2009-06-05,69.72,72.56,65.74,66.49,555534
2009-06-08,66.49,66.49,63.18,63.18,56750
2009-06-09,60.03,66.36,60.03,63.82,784528
2009-06-10,64.0,66.64,60.64,61.36,556899
2009-06-11,59.72,60.51,58.31,58.38,244253
2009-06-12,58.82,61.31,55.92,58.77,853937
2009-06-15,58.05,58.9,55.85,55.85,579123
2009-06-16,53.62,56.67,53.62,56.31,482722
2009-06-17,54.97,58.54,53.51,53.54,440957
2009-06-18,51.82,53.08,50.87,51.13,245871
2009-06-19,49.23,53.03,48.59,48.77,345815
2009-06-22,50.26,50.26,46.33,46.36,289661
2009-06-23,44.67,48.69,44.05,48.69,1023064
2009-06-24,50.1,51.13,46.26,46.72,1632646
2009-06-25,46.64,49.08,46.41,48.31,575024
2009-06-26,49.23,50.74,48.77,50.74,581198
2009-06-29,52.46,53.28,50.82,53.28,619899
2009-06-30,55.23,55.95,50.62,50.62,897466
2009-07-01,50.72,53.15,48.1,52.56,332069
2009-07-02,54.33,55.21,53.44,55.21,236008
2009-07-03,56.36,57.97,55.38,57.97,1623866
2009-07-06,59.64,60.87,55.08,55.08,1108268
2009-07-07,57.38,58.33,51.33,53.77,254223
2009-07-08,53.28,54.36,48.72,49.95,299448
2009-07-09,50.15,51.72,48.97,49.33,335045
2009-07-10,50.0,51.28,46.18,48.15,319560
2009-07-13,46.67,47.13,42.56,46.03,628417
2009-07-14,48.05,50.1,45.95,48.18,517360
2009-07-15,48.62,53.33,48.31,51.82,1271672
2009-07-16,53.08,53.26,50.28,50.95,576284
2009-07-17,52.26,53.1,50.44,52.38,824991
2009-07-20,53.1,56.33,52.31,54.69,1400150
2009-07-21,54.82,61.41,53.08,60.13,2563111
2009-07-22,60.74,63.44,55.28,56.36,1873491
2009-07-23,57.85,60.62,57.33,58.64,835731
2009-07-24,60.21,62.82,57.46,61.9,762322
2009-07-27,61.56,65.13,60.0,64.13,1344707
2009-07-28,65.08,68.46,64.67,66.92,885144
2009-07-29,64.1,68.92,62.05,66.67,741903
2009-07-30,67.18,68.46,65.38,66.33,258191
2009-07-31,67.9,68.18,65.67,66.46,417304
2009-08-03,66.33,76.41,65.64,71.77,1411017
2009-08-04,71.79,73.59,63.82,72.44,1492790
2009-08-05,72.82,72.82,69.79,70.9,441509
2009-08-06,70.82,71.21,64.23,65.36,377988
2009-08-07,64.1,64.36,58.05,59.77,701099
2009-08-10,61.44,64.1,54.77,59.05,872366
2009-08-11,59.13,67.36,59.13,66.13,1074839
2009-08-12,64.79,68.46,62.79,64.41,1278304
2009-08-13,66.0,66.67,65.46,66.51,386406
2009-08-14,67.59,71.59,66.72,70.33,2604836
2009-08-17,69.23,70.08,66.41,66.87,355612
2009-08-18,66.87,69.74,66.67,68.82,258847
2009-08-19,67.18,70.46,66.44,67.18,267567
2009-08-20,68.64,70.26,67.13,67.67,267370
2009-08-21,66.67,70.26,64.1,68.23,264699
2009-08-24,69.1,70.26,67.95,68.46,507183
2009-08-25,67.69,68.95,66.97,67.38,329339
2009-08-26,67.95,74.15,67.87,72.46,1631180
2009-08-27,72.82,79.38,71.95,77.64,1772128
2009-08-28,80.0,83.05,77.77,79.79,1910814
2009-08-31,78.82,78.82,73.95,75.38,1276693
2009-09-01,75.64,77.44,71.79,72.79,739009
2009-09-02,69.87,76.28,69.87,72.87,1426334
2009-09-03,73.08,75.08,72.82,73.79,882670
2009-09-04,74.36,74.41,70.9,72.46,485515
2009-09-07,74.36,74.46,72.56,73.62,502558
2009-09-08,74.82,76.33,71.79,72.69,533662
2009-09-09,71.85,74.36,70.82,72.33,355571
2009-09-10,73.49,74.77,69.49,70.72,604921
2009-09-11,71.49,71.74,68.51,69.31,237102
2009-09-14,68.72,69.59,67.49,67.9,181508
2009-09-15,68.46,73.85,67.9,70.54,984749
2009-09-16,71.62,74.08,71.54,73.41,1132426
2009-09-17,74.31,77.64,73.85,74.44,1247408
2009-09-18,74.87,76.0,74.33,75.38,495472
2009-09-22,74.36,76.41,74.36,74.79,430158
2009-09-23,74.87,75.1,72.05,72.18,276857
2009-09-24,71.08,73.85,69.74,72.77,519500
2009-09-25,70.77,74.87,70.77,74.05,345007
2009-09-29,74.64,76.1,74.13,75.08,406444
2009-09-30,74.64,81.23,74.64,78.67,3179517
2009-10-01,79.49,80.41,77.0,77.69,2229852
2009-10-05,77.44,77.44,74.62,75.08,397435
2009-10-06,76.31,76.31,69.54,72.15,816325
2009-10-07,73.77,74.87,70.79,71.28,607404
2009-10-08,72.28,72.56,70.0,70.38,584343
2009-10-09,71.62,72.28,67.69,68.69,963488
2009-10-12,69.44,70.62,68.21,69.59,407585
2009-10-14,70.77,74.26,70.36,71.79,6358098
2009-10-15,72.56,75.9,70.51,71.72,10154884
2009-10-16,72.77,75.13,72.05,73.36,3351298
2009-10-20,79.54,84.0,78.59,79.82,7489294
2009-10-21,80.26,80.26,75.9,76.56,2100405
2009-10-22,76.79,78.67,74.05,74.59,1794968
2009-10-23,75.69,78.67,75.59,76.54,1746170
2009-10-26,76.92,77.92,73.36,74.38,1539313
2009-10-27,74.36,74.36,69.51,72.67,2247698
2009-10-28,72.77,73.08,69.03,71.77,1248266
2009-10-29,69.74,71.54,67.97,69.69,517840
2009-10-30,70.51,72.31,66.15,67.21,590485
2009-11-03,66.64,66.64,58.97,60.15,779318
2009-11-04,63.08,65.85,61.23,65.08,1340519
2009-11-05,65.13,65.21,61.67,63.28,954490
2009-11-06,64.56,70.46,64.56,68.74,2241096
2009-11-09,70.1,71.46,68.46,70.77,1082771
2009-11-10,71.64,72.18,68.31,69.28,401265
2009-11-11,69.28,71.74,68.51,70.95,892164
2009-11-12,71.82,75.82,70.31,71.62,2762838
2009-11-13,73.08,73.08,68.51,69.33,924353
2009-11-16,69.64,73.08,69.64,72.77,1007236
2009-11-17,73.03,74.15,69.74,71.31,3294103
2009-11-18,71.74,73.33,70.79,72.92,760633
2009-11-19,71.79,74.03,70.82,71.87,1229969
2009-11-20,71.31,75.13,70.9,74.1,3618289
2009-11-23,74.36,75.31,72.87,73.85,1231457
2009-11-24,73.85,74.36,70.79,71.18,846825
2009-11-25,71.62,72.54,71.08,71.41,1997285
2009-11-26,71.79,72.1,68.49,69.03,1329991
2009-11-27,67.69,69.08,64.15,65.87,2311233
2009-11-30,69.18,69.18,65.85,66.64,1388898
2009-12-01,67.69,69.15,66.92,67.9,1313236
2009-12-02,68.46,69.49,66.74,67.28,1039659
2009-12-03,67.95,69.18,66.18,66.46,1299514
2009-12-04,66.72,67.54,65.97,66.82,645046
2009-12-07,66.87,70.46,66.44,67.03,3247065
2009-12-08,68.62,69.44,67.31,69.1,1332660
2009-12-09,68.72,69.95,68.28,69.03,723550
2009-12-10,69.23,70.0,68.54,69.31,546708
2009-12-11,69.31,71.46,69.28,70.13,1282531
2009-12-14,70.26,71.41,69.54,70.87,948773
2009-12-15,71.26,72.72,70.0,70.69,1289910
2009-12-16,70.77,72.67,70.28,70.46,803106
2009-12-17,70.77,70.77,68.21,68.72,285971
2009-12-18,68.05,69.62,67.46,68.0,421108
2009-12-21,69.23,69.56,65.82,66.31,3088838
2009-12-22,66.82,67.44,66.21,66.44,490891
2009-12-23,66.82,67.69,66.77,67.03,412263
2009-12-24,66.97,67.95,66.41,66.85,519076
2009-12-29,68.59,69.23,66.92,67.13,920480
2009-12-30,68.21,68.21,66.79,67.33,475195
2009-12-31,68.1,68.67,67.49,68.44,514184
2010-01-04,68.72,69.23,68.26,69.05,365015
2010-01-05,69.31,69.74,67.85,68.18,492118
2010-01-06,68.72,74.15,68.1,73.41,2402852
2010-01-07,74.44,74.74,71.03,71.77,928631
2010-01-08,72.56,75.9,71.92,73.79,2113336
2010-01-11,74.41,77.92,73.9,75.82,2496010
2010-01-12,75.9,76.23,73.38,74.1,1204836
2010-01-13,73.74,74.31,71.03,73.9,414935
2010-01-14,74.46,76.36,74.1,75.97,884435
2010-01-15,76.51,79.79,75.38,78.41,2494553
2010-01-18,77.64,81.15,77.64,78.85,1631057
2010-01-19,77.44,79.49,76.21,76.97,921797
2010-01-20,77.44,80.26,76.97,78.82,1530765
2010-01-21,77.44,79.38,72.56,74.97,1469741
2010-01-22,71.79,76.1,71.15,73.97,811797
2010-01-25,72.82,74.79,70.26,71.74,1080841
2010-01-27,72.51,72.51,67.38,68.23,566807
2010-01-28,68.77,71.49,66.82,67.64,547076
2010-01-29,68.21,70.31,65.85,69.33,866760
2010-02-01,69.18,70.97,68.46,69.62,1109237
2010-02-02,70.46,70.77,65.0,66.0,808398
2010-02-03,67.18,70.51,66.51,68.59,1017799
2010-02-04,68.26,68.51,65.64,66.26,311501
2010-02-05,65.64,65.64,62.21,63.18,436539
2010-02-08,67.18,68.62,65.67,67.64,817559
2010-02-09,68.41,68.41,66.62,66.92,530100
2010-02-10,68.56,68.79,66.46,66.87,417986
2010-02-11,67.95,67.95,65.95,66.41,382779
2010-02-15,66.69,67.69,62.77,63.36,570227
2010-02-16,65.13,66.87,63.41,66.36,842921
2010-02-17,67.38,68.72,66.79,68.08,767672
2010-02-18,68.21,70.15,67.72,68.72,509048
2010-02-19,68.26,68.97,65.67,66.08,339577
2010-02-22,67.18,67.54,64.21,64.67,206435
2010-02-23,64.97,66.15,63.69,64.26,287307
2010-02-24,64.1,65.03,63.18,63.85,185517
2010-02-25,62.56,64.56,62.38,62.72,249335
2010-02-26,63.08,66.56,62.82,63.03,761210
2010-03-02,63.08,64.51,63.08,63.46,368630
2010-03-03,63.44,64.92,63.44,63.67,452782
2010-03-04,64.1,65.08,63.74,64.15,617333
2010-03-05,64.62,66.41,64.62,65.03,613505
2010-03-08,65.77,68.46,65.77,67.64,898321
2010-03-09,68.05,72.97,68.05,71.49,3236388
2010-03-10,71.74,72.72,69.87,70.87,1422581
2010-03-11,71.26,73.05,71.03,72.05,1006054
2010-03-12,71.79,73.23,71.79,72.74,1073298
2010-03-15,72.82,72.82,69.46,71.59,396928
2010-03-16,71.59,72.03,70.15,70.69,342326
2010-03-17,71.03,71.23,69.49,69.67,245019
2010-03-18,69.74,71.28,69.49,70.05,259443
2010-03-19,70.23,70.95,68.72,69.15,163094
2010-03-22,68.97,69.44,67.18,67.51,163203
2010-03-23,68.15,68.62,66.15,66.77,254134
2010-03-25,66.67,71.82,66.67,70.46,693034
2010-03-26,71.28,71.28,68.72,69.08,176533
2010-03-29,69.03,69.62,68.36,68.85,215539
2010-03-30,68.97,69.31,67.69,68.49,191146
2010-03-31,68.72,69.03,67.97,68.23,121212
2010-04-01,68.72,70.23,68.72,69.79,207647
2010-04-05,70.26,72.77,70.0,70.72,481293
2010-04-06,71.44,71.44,70.0,70.23,158453
2010-04-07,70.26,74.31,69.9,72.54,2733112
2010-04-08,72.0,74.28,71.87,72.56,798202
2010-04-09,72.82,73.59,71.54,71.97,301121
2010-04-12,71.46,72.46,69.69,70.1,249890
2010-04-13,70.31,71.46,69.74,70.0,450462
2010-04-15,70.54,73.28,70.54,71.41,652326
2010-04-16,71.54,72.03,69.13,70.0,400514
2010-04-19,69.44,70.23,68.54,68.92,407913
2010-04-20,69.44,71.08,68.23,69.85,928579
2010-04-21,70.21,70.74,68.36,68.95,662770
2010-04-22,68.95,69.77,68.26,68.77,242433
2010-04-23,69.18,69.95,67.97,68.26,361606
2010-04-26,69.13,70.05,68.21,68.41,256074
2010-04-27,67.9,68.92,67.9,68.1,242578
2010-04-28,67.54,67.72,65.79,66.44,351903
2010-04-29,67.05,67.64,64.36,64.67,844867
2010-04-30,65.41,66.92,64.69,65.26,564580
2010-05-03,66.67,66.67,63.54,64.05,735909
2010-05-04,64.36,65.87,63.69,64.15,642660
2010-05-05,63.59,63.59,58.97,63.08,470274
2010-05-06,63.08,63.72,61.95,62.95,212561
2010-05-07,62.56,62.56,60.64,61.56,328115
2010-05-10,62.05,64.08,62.05,63.38,418370
2010-05-11,63.59,63.67,62.18,62.54,507495
2010-05-12,63.03,63.08,62.03,62.54,1866522
2010-05-13,63.08,65.56,62.85,64.26,976677
2010-05-14,64.62,64.62,61.54,62.03,319180
2010-05-17,61.54,62.56,59.13,61.38,150193
2010-05-18,61.1,62.49,59.03,59.72,1287802
2010-05-19,58.97,60.49,58.74,59.59,299091
2010-05-20,60.44,62.05,60.03,60.54,479134
2010-05-21,60.13,60.13,57.13,57.92,365748
2010-05-24,59.23,59.69,55.38,55.72,586094
2010-05-25,55.38,55.72,51.69,52.18,243744
2010-05-26,52.82,54.36,50.9,53.56,968583
2010-05-27,54.62,56.41,54.0,55.13,485259
2010-05-28,56.13,58.41,55.69,58.0,650713
2010-05-31,58.0,58.67,53.46,54.62,786667
2010-06-01,55.0,56.56,53.85,54.0,509034
2010-06-02,54.31,55.18,51.69,52.77,687397
2010-06-03,53.59,54.49,52.1,52.28,503229
2010-06-04,52.31,53.64,51.92,52.85,573907
2010-06-07,51.33,52.28,50.77,51.64,362004
2010-06-08,51.79,52.59,51.49,51.79,306491
2010-06-09,52.31,54.87,52.31,54.26,1745015
2010-06-10,54.87,55.0,52.92,53.21,409906
2010-06-11,53.67,54.08,52.64,53.21,429273
2010-06-14,53.59,54.72,52.0,53.38,840774
2010-06-15,53.85,57.33,53.62,54.74,4115806
2010-06-16,55.56,57.15,54.62,55.82,1549824
2010-06-17,55.9,56.26,53.08,53.36,1353767
2010-06-18,53.38,54.62,53.38,54.18,668472
2010-06-21,54.87,55.9,53.87,55.23,571836
2010-06-22,54.87,55.9,53.62,55.67,480864
2010-06-23,56.13,60.51,56.13,59.9,4362832
2010-06-24,60.26,61.72,60.0,61.0,2854171
2010-06-25,61.13,61.44,60.13,60.72,986451
2010-06-28,60.77,62.46,60.36,62.15,1184403
2010-06-29,62.15,63.28,60.0,60.33,982286
2010-06-30,60.23,60.69,58.72,60.0,596618
2010-07-01,60.46,61.44,58.46,60.92,612308
2010-07-02,60.95,61.95,60.51,60.72,630092
2010-07-05,60.72,61.03,60.05,60.59,152940
2010-07-06,61.21,61.54,60.31,61.26,225537
2010-07-07,61.03,62.44,60.13,61.21,628744
2010-07-08,61.54,63.0,61.54,62.31,672389
2010-07-09,62.87,63.03,61.18,61.82,520049
2010-07-12,61.54,62.51,61.03,61.46,197950
2010-07-13,61.92,63.49,60.77,63.0,752289
2010-07-14,63.56,65.64,61.74,62.21,838065
2010-07-15,62.44,63.59,62.28,62.79,1844475
2010-07-16,63.31,64.0,62.31,63.08,514340
2010-07-19,62.41,63.21,62.05,62.59,200495
2010-07-20,62.59,64.15,62.59,63.0,531510
2010-07-21,63.33,63.79,62.56,63.08,205134
2010-07-22,63.05,63.08,61.95,62.38,232381
2010-07-23,63.08,63.49,61.59,61.97,248617
2010-07-26,62.13,62.77,60.26,60.67,167197
2010-07-27,60.69,61.87,59.67,60.59,663314
2010-07-28,61.26,61.26,60.0,60.26,215406
2010-07-29,60.28,60.72,59.33,59.82,248360
2010-07-30,59.82,62.54,59.44,61.59,344337
2010-08-02,62.82,63.33,61.03,61.36,407425
2010-08-03,62.05,62.56,61.08,61.56,206436
2010-08-04,62.0,62.0,60.13,60.46,210996
2010-08-05,61.59,63.9,60.67,61.26,1296556
2010-08-06,61.03,62.03,59.0,59.28,724534
2010-08-09,59.9,65.56,59.69,64.92,2866557
2010-08-10,66.26,66.26,63.46,64.03,1771953
2010-08-11,64.1,69.46,63.23,67.74,8141564
2010-08-12,67.69,69.64,66.44,68.0,5673466
2010-08-13,68.1,72.21,66.9,70.64,3385250
2010-08-16,71.41,74.05,68.31,70.36,3935335
2010-08-17,70.26,72.31,69.23,71.44,1407421
2010-08-18,72.31,72.62,70.41,71.82,1561832
2010-08-19,72.31,72.77,69.95,72.0,2050247
2010-08-20,71.79,73.59,70.51,72.46,1011109
2010-08-23,73.08,74.1,71.9,72.51,689395
2010-08-24,72.82,73.18,69.74,70.28,603283
2010-08-25,70.15,70.28,67.77,68.28,530919
2010-08-26,67.28,69.74,67.28,67.74,446891
2010-08-27,68.1,70.51,65.74,66.62,1028497
2010-08-30,67.36,67.92,64.69,65.44,940597
2010-08-31,63.08,66.15,63.08,65.26,623686
2010-09-01,66.72,68.15,64.0,67.82,576420
2010-09-02,68.41,71.74,66.72,70.79,1090618
2010-09-03,71.28,71.64,69.36,70.77,605458
2010-09-06,71.69,72.82,70.87,71.38,1211070
2010-09-07,71.79,71.9,69.51,69.79,387192
2010-09-08,68.23,73.08,66.92,72.51,1635907
2010-09-09,73.18,73.74,71.9,72.69,1051794
2010-09-13,74.08,74.08,71.54,71.82,890060
2010-09-14,72.41,72.41,70.28,70.77,348371
2010-09-15,71.18,73.95,70.31,71.28,745236
2010-09-16,71.64,74.26,70.77,71.03,1410048
2010-09-17,71.74,72.1,69.77,70.05,521789
2010-09-20,70.26,72.1,69.51,71.64,804447
2010-09-21,72.36,73.23,70.69,71.23,1103406
2010-09-22,71.31,72.0,70.28,70.82,620334
2010-09-23,71.28,71.79,70.18,70.85,354828
2010-09-24,69.82,71.49,69.82,70.85,279975
2010-09-27,70.85,71.79,70.0,70.26,758074
2010-09-28,70.26,70.95,69.36,70.72,441072
2010-09-29,70.72,74.77,70.38,70.82,5182065
2010-09-30,71.03,73.85,70.92,72.18,2242482
2010-10-01,71.79,77.13,71.79,74.67,5122325
2010-10-04,75.59,78.67,74.26,75.03,3761986
2010-10-05,74.46,76.85,73.85,75.64,1071699
2010-10-06,76.15,77.44,74.62,76.15,1681603
2010-10-07,75.9,77.0,75.13,76.26,844198
2010-10-08,75.9,76.79,74.62,76.28,876878
2010-10-11,79.69,84.87,77.46,78.49,2614268
2010-10-12,78.95,79.18,75.9,76.23,1357599
2010-10-13,76.9,77.28,75.9,76.31,672196
2010-10-14,76.03,76.92,75.15,75.56,1212320
2010-10-15,75.51,75.82,72.97,73.41,557969
2010-10-18,73.69,73.69,70.15,71.26,645690
2010-10-19,71.72,71.9,68.87,69.44,448802
2010-10-20,69.44,69.44,67.54,68.44,599510
2010-10-21,68.79,71.28,68.51,69.18,1181863
2010-10-22,69.49,71.49,68.92,71.03,679994
2010-10-25,71.28,73.28,70.79,72.64,671272
2010-10-26,72.82,72.82,71.36,71.72,253043
2010-10-27,70.87,71.56,69.74,70.1,201753
2010-10-28,71.28,71.28,67.44,67.77,670008
2010-10-29,68.03,68.21,65.15,66.44,1210684
2010-11-01,66.79,69.08,66.59,68.59,665327
2010-11-02,68.82,68.82,65.95,67.21,494066
2010-11-03,67.9,69.23,67.33,67.54,363033
2010-11-04,68.21,68.56,67.49,68.05,293746
2010-11-05,68.69,71.74,68.69,70.87,580802
2010-11-08,71.79,71.79,68.77,69.31,541279
2010-11-09,69.67,71.1,67.69,67.9,1332173
2010-11-10,68.1,70.41,67.95,69.13,655965
2010-11-11,69.62,73.85,69.23,71.15,3046427
2010-11-12,71.64,73.33,70.08,70.31,1068798
2010-11-15,71.79,72.28,67.21,68.18,1231297
2010-11-16,68.21,70.13,64.95,65.36,799200
2010-11-18,65.9,67.69,63.85,65.08,404699
2010-11-19,65.56,67.18,63.08,64.21,399949
2010-11-22,64.97,65.64,64.1,64.74,363306
2010-11-23,64.1,64.54,61.54,63.62,451372
2010-11-24,63.13,63.95,61.64,62.05,182726
2010-11-25,62.31,62.46,58.0,58.23,510383
2010-11-26,58.59,58.69,51.28,53.79,1004617
2010-11-29,53.79,55.87,52.33,53.92,908086
2010-11-30,53.92,57.44,52.56,57.03,1605140
2010-12-01,57.05,60.26,57.05,59.79,594762
2010-12-02,61.18,64.1,60.0,63.9,1128368
2010-12-03,64.33,64.49,58.21,58.54,1289134
2010-12-06,59.05,60.77,56.92,57.59,1059730
2010-12-07,58.15,58.36,56.23,57.9,201060
2010-12-08,57.38,57.9,53.74,54.46,796242
2010-12-09,54.87,57.85,52.31,53.15,2502776
2010-12-10,53.33,55.08,52.33,53.97,1029392
2010-12-13,54.44,57.69,52.92,57.21,590335
2010-12-14,57.77,58.87,57.18,58.54,401125
2010-12-15,58.97,60.21,55.46,56.23,2367887
2010-12-16,56.41,58.97,54.62,57.97,615434
2010-12-20,56.41,58.92,55.9,56.33,343828
2010-12-21,56.87,57.44,55.69,56.13,356435
2010-12-22,56.46,57.64,55.38,55.79,1531129
2010-12-23,55.51,55.9,54.36,55.0,205463
2010-12-24,54.62,54.82,54.0,54.31,260075
2010-12-27,54.85,54.97,54.41,54.56,193438
2010-12-28,54.56,55.05,53.38,54.08,225944
2010-12-29,53.95,55.77,53.87,54.15,369349
2010-12-30,54.36,56.67,54.21,54.85,645167
2010-12-31,55.13,55.74,54.49,54.97,707762
2011-01-03,56.26,56.82,55.49,56.26,1437909
2011-01-04,56.44,57.82,56.05,56.26,1625182
2011-01-05,56.77,56.87,52.85,53.33,2976440
2011-01-06,53.62,54.0,50.82,51.05,2473515
2011-01-07,51.28,52.56,50.97,51.51,786665
2011-01-10,51.54,52.92,51.03,51.28,768154
2011-01-11,52.95,52.95,50.36,51.64,802870
2011-01-12,51.79,54.05,50.51,53.59,1067887
2011-01-13,53.21,53.74,51.23,51.62,755955
2011-01-14,51.79,52.67,50.77,51.03,1546068
2011-01-17,51.03,51.51,48.51,50.69,1068716
2011-01-18,50.62,51.51,50.31,51.0,306355
2011-01-19,51.23,51.46,50.28,50.87,293908
2011-01-20,50.62,51.23,50.18,50.54,244077
2011-01-21,50.38,50.77,49.67,49.92,192396
2011-01-24,50.0,50.95,49.92,50.1,160313
2011-01-25,50.26,53.74,50.05,53.21,2507856
2011-01-27,53.79,53.79,51.03,51.28,384602
2011-01-28,51.23,52.54,48.28,51.69,670656
2011-01-31,50.9,52.05,50.51,51.74,534809
2011-02-01,51.59,52.28,49.26,51.69,377678
2011-02-02,52.26,52.31,50.92,51.41,524209
2011-02-03,51.54,53.59,51.28,53.26,1303999
2011-02-04,53.08,53.44,51.64,52.59,764461
2011-02-07,53.28,53.28,51.44,51.9,439189
2011-02-08,51.79,52.82,51.03,51.46,1958342
2011-02-09,50.46,52.36,46.49,49.77,2792632
2011-02-10,49.77,49.77,45.13,46.97,566407
2011-02-11,46.67,49.13,46.67,48.49,283963
2011-02-14,48.31,49.74,48.21,48.41,403685
2011-02-15,48.82,49.46,47.46,47.82,261949
2011-02-16,47.95,48.72,47.41,48.05,175812
2011-02-17,48.21,49.38,45.44,48.28,1619718
2011-02-18,47.95,48.33,38.64,38.9,14695093
2011-02-21,38.97,41.03,33.9,39.72,12148494
2011-02-22,37.44,40.97,37.44,39.41,2655914
2011-02-23,38.44,40.51,38.1,39.36,2377998
2011-02-24,39.36,39.49,36.41,37.59,1676250
2011-02-25,38.46,39.9,35.38,36.15,1224090
2011-02-28,36.15,39.15,36.15,38.77,1624564
2011-03-01,38.97,40.49,38.95,40.15,1187878
2011-03-03,39.9,40.26,38.79,39.69,765122
2011-03-04,40.26,41.74,39.54,41.13,1510186
2011-03-07,40.77,41.03,39.69,40.69,312244
2011-03-08,40.54,41.54,38.87,39.15,633536
2011-03-09,39.03,40.77,39.03,40.49,494978
2011-03-10,40.51,40.92,39.49,39.82,452236
2011-03-11,39.77,40.18,38.46,39.1,343403
2011-03-14,38.59,39.85,38.46,39.49,1001228
2011-03-15,38.97,39.0,37.95,38.21,225116
2011-03-16,38.21,40.1,38.21,39.79,543990
2011-03-17,40.0,40.0,39.03,39.51,167723
2011-03-18,40.0,40.1,39.05,39.56,152363
2011-03-21,39.62,42.36,39.62,41.36,1014320
2011-03-22,42.05,45.85,41.62,44.33,1961204
2011-03-23,45.13,45.33,44.31,44.64,1672442
2011-03-24,44.59,44.97,37.23,44.13,788639
2011-03-28,43.38,44.1,43.13,43.51,257823
2011-03-29,43.08,44.08,41.54,41.92,514872
2011-03-30,42.28,43.05,41.92,42.1,251195
2011-03-31,42.51,43.85,42.05,42.95,380459
2011-04-01,41.59,44.36,41.54,44.08,261333
2011-04-04,43.49,44.62,43.49,43.95,368423
2011-04-05,44.0,46.72,44.0,46.13,1212643
2011-04-06,46.62,48.18,46.15,47.87,671498
2011-04-07,48.21,48.67,47.0,48.1,469669
2011-04-08,48.46,48.62,46.92,47.72,238376
2011-04-11,49.74,49.95,46.72,46.92,319277
2011-04-13,46.28,47.64,46.21,47.33,178175
2011-04-15,47.54,48.21,47.0,47.41,354744
2011-04-18,47.69,47.69,46.79,47.15,670389
2011-04-19,46.69,48.0,46.69,47.59,191997
2011-04-20,47.69,48.46,47.54,48.03,203997
2011-04-21,48.13,48.46,46.38,46.77,547363
2011-04-25,47.28,48.46,47.15,48.03,227580
2011-04-26,48.21,49.33,47.41,47.79,324958
2011-04-27,47.9,48.21,46.15,47.13,240573
2011-04-28,47.51,47.51,45.21,45.46,165299
2011-04-29,45.26,46.13,43.13,45.05,568503
2011-05-02,45.23,46.54,42.72,44.21,116387
2011-05-03,44.33,44.92,42.62,43.9,176087
2011-05-04,43.23,43.82,42.33,42.59,137426
2011-05-05,42.56,42.56,39.1,40.33,458059
2011-05-06,40.87,41.0,39.03,39.46,303673
2011-05-09,39.1,41.44,39.1,40.97,465841
2011-05-10,40.54,41.03,39.87,40.46,266992
2011-05-11,39.74,41.0,39.74,40.44,199210
2011-05-12,40.44,40.87,38.05,38.82,135704
2011-05-13,39.0,39.59,38.03,39.18,434154
2011-05-16,38.67,38.67,36.69,37.05,385997
2011-05-17,36.59,37.54,36.13,36.97,715311
2011-05-18,37.18,37.18,33.05,33.46,2092619
2011-05-19,33.46,34.59,32.13,32.51,844366
2011-05-20,32.79,33.72,32.05,32.9,1014164
2011-05-23,33.05,33.05,31.13,32.31,1962247
2011-05-24,31.92,33.05,31.92,32.26,294869
2011-05-25,31.92,32.28,31.31,31.72,1459085
2011-05-26,31.41,32.62,30.87,32.08,950099
2011-05-27,32.18,38.51,32.1,35.85,3275082
2011-05-30,35.49,36.62,33.92,34.97,1188553
2011-05-31,35.62,36.26,34.9,35.26,578163
2011-06-01,35.26,38.82,34.92,36.0,3155224
2011-06-02,35.9,36.77,35.13,35.95,813289
2011-06-03,36.41,37.03,35.69,36.38,751544
2011-06-06,36.67,36.67,35.9,36.36,652989
2011-06-07,36.36,37.85,35.74,37.54,913878
2011-06-08,37.54,37.72,36.54,36.92,220687
2011-06-09,37.18,37.33,35.97,36.44,286373
2011-06-10,36.92,37.87,36.79,37.13,699826
2011-06-13,36.95,37.59,36.41,37.15,282547
2011-06-14,37.38,37.64,37.05,37.28,253775
2011-06-15,37.44,37.64,36.49,37.23,1409508
2011-06-16,36.67,36.67,35.38,35.56,679842
2011-06-17,35.64,36.03,34.92,35.26,269975
2011-06-20,35.26,35.9,33.38,33.64,259475
2011-06-21,34.08,34.08,31.49,31.82,379413
2011-06-22,31.79,32.26,28.0,29.92,1454685
2011-06-23,29.74,31.05,28.87,30.28,590825
2011-06-24,30.9,31.74,30.44,31.38,465822
2011-06-27,31.26,31.49,29.33,30.97,326937
2011-06-28,31.9,31.9,30.77,30.87,287740
2011-06-29,31.44,32.05,31.15,31.77,1878232
2011-06-30,32.18,33.23,31.82,32.64,1170792
2011-07-01,33.23,33.23,31.82,32.13,485252
2011-07-04,32.67,37.82,32.46,36.36,3995838
2011-07-05,36.15,36.77,35.1,35.59,1171947
2011-07-06,35.87,36.74,35.51,35.9,519921
2011-07-07,35.9,38.74,35.9,38.38,1413507
2011-07-08,38.46,39.77,37.64,38.59,3223635
2011-07-11,38.72,39.74,37.49,39.18,1165619
2011-07-12,38.97,44.46,38.72,43.41,6380704
2011-07-13,43.08,45.13,42.62,44.79,3002217
2011-07-14,43.97,46.41,43.59,45.92,2237726
2011-07-15,44.92,45.87,42.26,42.92,1627543
2011-07-18,41.51,44.26,39.62,43.95,1141962
2011-07-19,44.44,45.54,43.85,44.33,860875
2011-07-20,44.9,44.9,43.62,43.79,325043
2011-07-21,44.05,44.31,41.79,42.18,319698
2011-07-22,42.31,44.77,42.31,44.36,575987
2011-07-25,44.74,45.18,43.62,44.26,1545156
2011-07-26,44.18,44.18,42.05,42.28,240033
2011-07-27,42.15,43.56,41.23,42.9,748523
2011-07-28,42.56,42.95,42.05,42.62,200159
2011-07-29,42.56,43.26,41.54,41.9,807371
2011-08-01,42.56,43.49,41.28,41.79,168150
2011-08-02,41.31,41.9,40.13,40.64,413373
2011-08-03,38.56,41.77,38.56,40.72,269488
2011-08-04,41.03,41.77,36.44,37.85,719704
2011-08-05,35.97,37.67,34.92,36.72,392079
2011-08-08,34.41,36.21,33.46,35.59,308470
2011-08-09,33.33,35.59,32.46,34.15,570024
2011-08-10,35.13,35.18,33.67,34.23,1064946
2011-08-11,33.9,34.23,33.21,33.79,393522
2011-08-12,33.87,34.0,32.31,32.56,285277
2011-08-16,33.59,33.59,29.79,30.28,694885
2011-08-17,29.9,29.9,27.31,27.92,2213827
2011-08-18,27.74,29.74,27.74,28.59,551027
2011-08-19,27.28,29.46,27.28,29.1,361183
2011-08-22,28.97,30.69,28.72,30.36,259143
2011-08-23,30.21,31.79,29.85,31.64,280808
2011-08-24,32.26,35.08,31.03,33.26,1167643
2011-08-25,33.82,34.82,32.56,33.49,486195
2011-08-26,33.54,33.77,30.36,30.72,316029
2011-08-29,30.82,33.23,30.82,32.82,422309
2011-08-30,33.95,34.05,32.82,33.49,398691
2011-09-02,33.49,33.79,31.9,32.67,449292
2011-09-05,32.41,33.1,31.77,32.69,281200
2011-09-06,32.67,34.44,31.77,34.05,331307
2011-09-07,34.05,35.9,33.15,35.15,1671138
2011-09-08,35.31,35.44,33.41,33.67,1071288
2011-09-09,33.67,33.67,32.41,32.79,330792
2011-09-12,33.33,33.33,31.79,32.87,588697
2011-09-13,32.92,33.33,32.21,32.72,345809
2011-09-14,32.69,32.85,32.33,32.69,221574
2011-09-15,32.72,33.56,32.36,33.1,775617
2011-09-16,33.08,33.08,31.44,31.82,919061
2011-09-19,31.85,32.79,31.08,31.97,89493
2011-09-20,31.38,32.05,31.38,31.69,448073
2011-09-21,31.92,31.95,31.62,31.69,255797
2011-09-22,31.08,31.08,29.77,30.05,393724
2011-09-23,29.77,30.74,29.33,30.33,211746
2011-09-26,29.74,30.87,29.41,30.1,164862
2011-09-27,29.85,30.26,29.74,29.85,264983
2011-09-28,30.26,30.26,29.49,29.74,184922
2011-09-29,29.74,30.23,28.97,29.74,1335123
2011-09-30,29.74,29.74,28.77,29.54,447798
2011-10-03,29.74,29.74,27.23,27.44,221582
2011-10-04,27.46,28.41,26.82,27.13,369308
2011-10-05,27.18,28.67,26.97,28.18,872627
2011-10-07,28.69,29.23,26.23,27.87,1693781
2011-10-10,27.69,27.69,26.21,26.31,820202
2011-10-11,27.08,27.08,25.49,25.62,1124345
2011-10-12,25.64,26.51,25.15,26.1,1597700
2011-10-13,26.15,27.56,26.05,26.62,3126950
2011-10-14,26.67,27.1,26.41,26.62,212743
2011-10-17,27.38,27.38,25.49,25.59,1719408
2011-10-18,25.49,25.51,24.69,25.21,540222
2011-10-19,25.69,27.69,25.41,27.36,1451209
2011-10-20,27.13,27.13,26.41,26.77,276198
2011-10-21,26.41,26.69,25.82,25.9,428364
2011-10-24,26.26,26.67,25.64,25.72,703999
2011-10-25,25.67,25.67,25.41,25.56,355621
2011-10-26,26.56,26.67,25.87,26.18,63728
2011-10-28,26.67,28.1,26.44,27.97,957550
2011-10-31,28.15,28.15,27.21,27.79,718503
2011-11-01,27.69,28.15,26.87,27.54,194116
2011-11-02,27.03,29.38,26.82,28.92,868462
2011-11-03,28.62,29.69,28.31,29.13,708100
2011-11-04,28.97,30.15,28.82,29.9,402297
2011-11-08,29.69,30.26,28.77,29.69,837250
2011-11-09,30.26,30.26,28.23,28.38,247626
2011-11-11,28.21,28.38,25.79,26.23,669509
2011-11-14,26.23,27.87,25.49,25.87,1497289
2011-11-15,25.67,26.08,24.87,25.03,336373
2011-11-16,25.13,25.64,24.41,25.1,678715
2011-11-17,25.18,26.0,24.95,25.26,575213
2011-11-18,25.26,25.26,23.97,24.15,344596
2011-11-21,24.87,25.13,21.54,22.23,669092
2011-11-22,22.74,23.46,21.79,22.74,348022
2011-11-23,23.08,23.23,22.05,22.56,724977
2011-11-24,22.62,23.59,22.05,23.31,185279
2011-11-25,23.54,24.33,23.15,23.56,465241
2011-11-28,24.1,24.36,23.64,23.82,188766
2011-11-29,23.97,24.05,23.15,23.31,127832
2011-11-30,23.38,23.59,21.64,23.26,221177
2011-12-01,23.64,24.28,23.38,23.97,1255126
2011-12-02,23.77,24.1,23.41,23.74,180872
2011-12-05,24.08,24.1,23.33,23.56,1442771
2011-12-07,23.67,25.85,23.54,25.28,2681437
2011-12-08,26.18,26.56,23.49,24.13,1909572
2011-12-09,24.1,25.56,22.92,24.95,2829534
2011-12-12,25.33,25.51,24.15,24.69,1884288
2011-12-13,24.38,24.64,24.05,24.23,197012
2011-12-14,24.36,24.74,23.95,24.46,881084
2011-12-15,23.95,24.44,23.38,24.03,240848
2011-12-16,24.21,24.36,22.82,22.97,183473
2011-12-19,21.74,22.97,20.15,20.49,2237627
2011-12-20,20.38,20.62,20.1,20.28,212010
2011-12-21,21.03,21.03,19.69,19.92,443539
2011-12-22,19.95,19.97,18.13,18.59,983241
2011-12-23,18.74,22.05,18.26,21.74,2033058
2011-12-26,22.0,23.9,21.67,23.23,910775
2011-12-27,23.28,23.85,22.62,22.95,583306
2011-12-28,23.03,23.64,21.31,21.79,2093779
2011-12-29,21.49,21.69,20.77,20.97,468733
2011-12-30,21.03,21.31,20.0,20.33,384384
2012-01-02,20.33,21.49,20.05,21.13,303162
2012-01-03,21.28,22.15,20.46,20.64,962583
2012-01-04,20.41,21.28,20.18,21.03,479437
2012-01-05,21.08,22.33,21.08,22.13,656532
2012-01-06,22.51,22.51,21.79,22.23,528448
2012-01-09,22.15,22.51,22.0,22.21,1694070
2012-01-10,22.51,26.64,22.51,26.59,2087354
2012-01-11,27.18,30.05,25.36,28.33,2792640
2012-01-12,28.18,29.74,27.38,28.08,1107944
2012-01-13,27.79,29.44,27.79,28.23,941107
2012-01-16,28.38,30.36,27.95,29.67,1160648
2012-01-17,29.79,30.77,29.28,30.44,1410843
2012-01-18,30.56,31.03,29.49,29.74,1503428
2012-01-19,30.26,30.79,29.79,30.15,1664346
2012-01-20,30.38,30.62,29.49,29.79,609549
2012-01-23,29.85,30.31,28.85,29.74,1045795
2012-01-24,29.67,32.05,29.28,30.23,722196
2012-01-25,30.26,31.51,30.26,30.56,490197
2012-01-27,30.67,32.51,30.67,32.26,1014484
2012-01-30,32.77,32.77,29.74,30.85,1015325
2012-01-31,30.82,31.67,30.59,31.21,793389
2012-02-01,31.72,32.05,30.79,31.77,660173
2012-02-02,32.82,33.05,31.59,32.87,2626808
2012-02-03,33.15,35.1,32.18,34.79,2197468
2012-02-06,35.08,36.62,34.9,35.36,1755992
2012-02-07,34.92,35.69,33.33,34.13,571947
2012-02-08,34.33,36.31,32.85,35.85,1701035
2012-02-09,35.72,37.23,34.56,36.82,1732356
2012-02-10,36.54,36.87,35.18,35.77,648814
2012-02-13,36.15,36.54,35.13,35.79,328319
2012-02-14,36.54,38.46,34.69,37.23,2306834
2012-02-15,37.95,39.18,37.03,37.51,1731853
2012-02-16,37.31,38.97,36.82,38.82,1029998
2012-02-17,39.23,41.03,38.51,39.23,2227017
2012-02-21,39.33,39.49,38.0,38.38,940318
2012-02-22,38.56,39.15,35.13,36.15,985776
2012-02-23,36.05,38.36,34.87,35.62,1540404
2012-02-24,36.03,36.67,34.62,35.54,629624
2012-02-27,34.67,35.28,31.92,32.23,493067
2012-02-28,32.31,33.77,32.31,33.49,808180
2012-02-29,33.64,35.05,33.0,33.74,733091
2012-03-01,33.33,34.0,32.51,32.74,381426
2012-03-02,32.82,33.85,32.26,32.97,441022
2012-03-05,33.1,33.59,32.36,32.64,268556
2012-03-06,32.31,33.49,31.03,31.18,566073
2012-03-07,31.03,31.26,28.74,29.18,999112
2012-03-09,29.69,31.79,29.26,31.15,1508258
2012-03-12,32.46,33.44,31.21,31.56,1470646
2012-03-13,32.51,32.95,31.74,32.51,1068341
2012-03-14,33.08,33.26,31.92,33.0,443336
2012-03-15,33.18,33.31,31.92,32.33,269145
2012-03-16,32.82,33.1,29.23,30.26,722760
2012-03-19,30.59,31.21,30.26,30.67,253921
2012-03-20,30.74,31.08,29.82,30.13,258851
2012-03-21,30.03,32.05,29.41,31.72,739898
2012-03-22,31.46,32.03,30.26,30.46,233522
2012-03-23,30.77,31.03,29.1,29.38,971847
2012-03-26,29.44,30.05,28.82,29.49,368099
2012-03-27,29.74,30.46,29.28,29.46,209985
2012-03-28,29.92,29.92,28.77,28.92,450943
2012-03-29,29.44,29.64,28.56,29.41,131330
2012-03-30,29.82,30.72,29.28,30.0,200253
2012-04-02,29.26,31.1,29.26,30.18,624127
2012-04-03,30.33,31.23,30.31,30.67,319160
2012-04-04,30.15,30.87,30.15,30.36,101335
2012-04-09,30.36,31.13,30.0,30.1,294545
2012-04-10,30.82,31.38,30.15,30.23,440521
2012-04-11,29.85,30.77,29.74,30.23,315898
2012-04-12,29.95,30.87,29.74,30.28,194734
2012-04-13,30.33,30.72,29.87,30.0,256573
2012-04-16,30.21,30.56,29.64,29.85,253256
2012-04-17,29.85,29.92,29.23,29.49,611836
2012-04-18,29.62,30.26,29.33,29.44,630817
2012-04-19,29.74,29.74,29.31,29.38,214371
2012-04-20,29.23,30.69,29.03,29.38,1052720
2012-04-23,29.74,30.0,29.23,29.28,613665
2012-04-24,29.38,29.38,28.59,28.69,256152
2012-04-25,28.62,29.13,28.49,28.74,188937
2012-04-26,28.72,30.69,28.26,30.36,1873440
2012-04-27,30.72,30.72,29.31,29.51,852694
2012-04-30,30.23,30.26,29.54,29.79,318365
2012-05-02,29.28,29.79,28.56,28.82,431933
2012-05-03,28.62,29.26,28.54,28.77,191400
2012-05-04,28.56,29.15,27.62,27.77,492621
2012-05-07,27.69,28.67,26.77,28.26,174123
2012-05-08,29.21,29.21,26.97,27.13,379546
2012-05-09,27.0,27.64,26.82,27.49,297615
2012-05-10,27.69,28.0,26.92,27.08,127904
2012-05-11,27.62,27.69,26.69,27.23,84522
2012-05-14,27.08,27.41,26.72,26.95,55510
2012-05-15,26.18,27.44,26.18,27.15,244968
2012-05-16,27.41,27.41,26.03,26.15,209326
2012-05-17,26.31,27.13,25.97,26.15,183190
2012-05-18,25.67,26.62,25.67,25.79,267368
2012-05-21,25.72,26.97,25.72,26.72,159020
2012-05-22,27.64,27.64,25.38,25.87,335226
2012-05-23,26.31,26.31,23.49,24.03,660680
2012-05-24,24.21,25.56,23.41,23.69,375312
2012-05-25,23.69,24.87,23.62,24.26,278990
2012-05-28,25.33,27.79,23.59,23.79,472976
2012-05-29,24.36,24.56,23.77,23.9,399393
2012-05-30,23.9,24.18,23.41,23.72,370792
2012-05-31,24.05,24.36,23.59,23.64,734002
2012-06-01,23.69,24.05,23.49,23.59,254338
2012-06-04,23.54,24.1,23.21,23.85,265562
2012-06-05,24.0,24.41,23.92,24.28,249641
2012-06-06,24.62,24.97,24.13,24.67,495756
2012-06-07,24.72,24.87,24.1,24.26,308981
2012-06-08,23.72,24.92,23.72,24.26,297154
2012-06-11,24.77,26.92,24.41,25.33,1864114
2012-06-12,24.77,25.41,24.41,25.1,652349
2012-06-13,25.15,25.77,24.95,25.03,651468
2012-06-14,24.95,25.05,23.69,23.9,646954
2012-06-15,24.49,24.49,24.0,24.13,982814
2012-06-18,24.82,25.13,22.31,22.51,1677401
2012-06-19,22.31,23.97,22.15,23.87,1365951
2012-06-20,23.87,24.23,23.41,23.62,869593
2012-06-21,23.79,23.9,23.1,23.72,505627
2012-06-22,23.62,23.97,23.21,23.87,407433
2012-06-25,23.9,24.26,23.44,23.59,330340
2012-06-26,23.64,23.95,23.49,23.85,194690
2012-06-27,23.85,24.38,23.72,24.08,452903
2012-06-28,24.31,24.46,23.95,24.15,375385
2012-06-29,24.36,25.08,24.1,24.62,752402
2012-07-02,24.67,24.82,24.05,24.1,719642
2012-07-03,24.59,24.82,24.03,24.13,1757402
2012-07-04,24.38,26.26,24.18,25.26,5357372
2012-07-05,25.59,28.1,25.59,27.54,7257447
2012-07-06,28.1,29.0,27.59,28.67,4111850
2012-07-09,28.69,30.1,27.69,29.33,2803796
2012-07-10,29.36,29.9,28.44,28.54,2620393
2012-07-11,28.26,29.13,28.21,28.38,777241
2012-07-12,28.21,29.23,27.79,28.85,1151415
2012-07-13,28.82,29.18,28.05,28.21,1441137
2012-07-16,28.62,29.13,27.95,28.18,1310861
2012-07-17,28.36,28.59,26.49,26.67,1384955
2012-07-18,26.74,27.18,25.9,26.92,760920
2012-07-19,27.15,27.33,26.67,26.85,594733
2012-07-20,26.77,26.85,25.95,26.05,729565
2012-07-23,25.74,26.33,25.44,25.9,645376
2012-07-24,25.9,25.95,24.9,25.18,666114
2012-07-25,25.18,25.38,24.67,24.92,506651
2012-07-26,25.13,25.23,24.15,24.51,470570
2012-07-27,25.03,25.26,24.1,24.23,452336
2012-07-30,24.13,24.67,24.13,24.51,325697
2012-07-31,24.67,24.69,24.15,24.36,225211
2012-08-01,24.21,26.0,24.21,24.92,936034
2012-08-02,25.08,25.28,24.74,24.87,438863
2012-08-03,24.72,24.79,24.21,24.49,478879
2012-08-06,24.72,26.1,24.72,25.97,1135339
2012-08-07,26.46,26.64,25.82,26.13,1105138
2012-08-08,26.38,26.64,25.13,25.36,1054030
2012-08-09,25.74,26.0,24.82,24.97,447277
2012-08-10,25.36,25.59,24.23,24.46,506163
2012-08-13,23.87,24.72,23.87,24.56,263306
2012-08-14,24.56,24.62,24.23,24.33,547946
2012-08-16,24.36,24.85,24.15,24.23,581289
2012-08-17,24.56,24.56,21.95,23.0,1033779
2012-08-21,22.82,24.23,22.82,24.08,438282
2012-08-22,24.08,24.08,22.87,23.64,230184
2012-08-23,23.72,24.87,23.72,24.69,1057606
2012-08-24,24.82,24.82,23.59,23.74,516992
2012-08-27,23.54,24.41,23.54,24.28,383335
2012-08-28,24.1,24.36,23.59,23.79,273257
2012-08-29,24.0,24.0,22.9,23.03,352375
2012-08-30,22.41,23.15,22.36,22.97,292217
2012-08-31,22.62,23.33,22.62,22.97,338962
2012-09-03,23.13,23.44,22.26,22.59,411737
2012-09-04,22.69,22.92,22.05,22.31,958509
2012-09-05,22.49,22.77,22.05,22.13,311442
2012-09-06,22.46,22.46,22.05,22.23,194703
2012-09-07,22.77,22.87,22.44,22.49,298445
2012-09-10,22.64,22.77,22.33,22.41,156912
2012-09-11,22.41,23.72,22.31,23.15,1196891
2012-09-12,23.05,23.56,22.82,23.33,280934
2012-09-13,23.13,23.13,22.62,22.85,204878
2012-09-14,23.38,25.79,22.97,24.87,4100651
2012-09-17,25.28,26.62,24.95,26.44,2227565
2012-09-18,26.56,27.64,26.38,27.13,2955690
2012-09-20,26.67,26.85,25.97,26.26,821139
2012-09-21,26.41,29.82,26.41,29.31,2987319
2012-09-24,29.62,30.77,27.38,27.74,5200481
2012-09-25,27.74,33.28,26.74,33.13,10869150
2012-09-26,33.13,36.15,32.05,34.44,9660231
2012-09-27,35.59,36.38,33.95,34.26,6614761
2012-09-28,34.79,37.0,34.59,36.67,5016095
2012-10-01,36.92,40.26,35.69,39.38,5330088
2012-10-03,39.97,43.31,37.05,43.08,9359872
2012-10-04,44.1,44.56,40.56,40.97,5610485
2012-10-05,41.46,42.44,39.1,41.13,3737040
2012-10-08,41.44,42.28,39.23,40.31,1711173
2012-10-09,40.85,43.74,40.38,43.31,4678165
2012-10-10,43.13,44.44,40.15,40.51,4345343
2012-10-11,40.87,41.79,40.31,41.1,1676295
2012-10-12,41.62,43.44,41.54,42.0,2653710
2012-10-15,42.05,42.92,41.69,42.08,982202
2012-10-16,42.51,42.56,38.82,39.28,2226674
2012-10-17,39.85,40.38,36.92,37.64,2705809
2012-10-18,38.0,41.03,37.95,40.69,2655916
2012-10-19,40.97,40.97,38.38,39.18,2127686
2012-10-22,39.31,41.9,38.97,41.26,1805931
2012-10-23,41.9,43.69,40.31,41.0,7571342
2012-10-25,41.69,42.56,40.23,40.51,2413907
2012-10-26,40.31,43.64,37.44,42.41,18859131
2012-10-29,42.9,43.54,38.33,38.64,7426053
2012-10-30,39.1,40.87,37.97,40.08,6473817
2012-10-31,40.08,42.0,39.49,41.69,3409638
2012-11-01,41.79,42.23,40.38,40.95,3198923
2012-11-02,41.59,42.41,40.69,40.87,4613332
2012-11-05,40.92,41.9,40.31,40.59,1935880
2012-11-06,40.85,44.51,40.62,43.49,9000417
2012-11-07,43.95,46.15,43.87,45.79,11443096
2012-11-08,45.41,48.77,45.26,48.1,13337215
2012-11-09,48.21,48.21,45.41,45.97,4531613
2012-11-12,46.21,49.87,45.13,49.28,8371044
2012-11-13,49.64,50.79,48.72,49.51,3928567
2012-11-15,49.28,50.64,48.51,49.49,5291665
2012-11-16,49.69,50.9,46.56,47.54,4554908
2012-11-19,48.18,48.21,45.69,46.38,3093720
2012-11-20,47.03,47.56,44.1,44.62,3349510
2012-11-21,45.13,48.44,43.49,48.05,6766147
2012-11-22,48.31,49.64,47.31,48.31,5538621
2012-11-23,48.64,48.67,47.0,47.62,3221528
2012-11-26,47.9,49.38,47.36,48.79,3648102
2012-11-27,49.21,49.95,48.1,48.36,3767914
2012-11-29,48.59,51.23,48.41,49.92,6827249
2012-11-30,50.62,51.97,49.54,50.69,6659100
2012-12-03,51.1,52.18,50.08,51.82,4653962
2012-12-04,52.18,53.49,50.62,51.82,4818394
2012-12-05,52.0,52.72,51.31,51.77,3498931
2012-12-06,52.21,52.21,50.51,51.56,2624460
2012-12-07,51.72,52.56,49.77,50.23,2605409
2012-12-10,50.26,51.74,49.54,50.33,3564927
2012-12-11,50.67,52.03,47.31,49.23,5143527
2012-12-12,49.79,50.15,48.85,49.15,1883532
2012-12-13,49.15,50.38,46.41,46.97,3215586
2012-12-14,47.49,48.62,46.77,47.95,2010099
2012-12-17,48.23,50.46,48.23,49.67,4496809
2012-12-18,50.0,50.82,48.46,50.36,4052312
2012-12-19,50.1,51.62,49.36,49.85,4591427
2012-12-20,49.69,49.95,48.33,49.33,2287297
2012-12-21,49.23,49.23,46.21,46.79,3216489
2012-12-24,46.87,47.9,46.69,46.97,1371863
2012-12-26,47.33,48.41,47.05,47.97,1877520
2012-12-27,48.26,48.26,47.13,47.36,1131740
2012-12-28,47.69,47.95,45.08,45.36,3334569
2012-12-31,45.46,46.54,45.26,46.1,1448430
2013-01-01,46.62,47.59,46.49,47.36,2103765
2013-01-02,47.87,48.18,47.03,47.18,2615252
2013-01-03,47.36,50.92,47.21,50.15,7779491
2013-01-04,50.46,50.95,49.33,49.64,4481437
2013-01-07,50.15,50.77,49.15,49.41,2837393
2013-01-08,49.23,49.54,47.31,48.64,3086778
2013-01-09,48.67,50.13,47.51,48.26,2787009
2013-01-10,48.67,48.77,47.28,47.64,1589105
2013-01-11,47.87,48.54,46.56,46.85,2466405
2013-01-14,47.0,48.46,45.64,48.21,3164896
2013-01-15,48.31,49.72,48.1,48.69,3256160
2013-01-16,48.97,49.08,46.46,46.82,2170239
2013-01-17,47.13,47.92,46.26,47.1,2073203
2013-01-18,47.56,48.0,46.56,47.05,2113258
2013-01-21,47.18,48.67,46.79,47.36,3184979
2013-01-22,47.59,47.62,44.92,45.21,2614350
2013-01-23,45.44,45.67,42.05,43.77,2620863
2013-01-24,43.97,44.1,40.0,40.36,3205549
2013-01-25,40.44,42.49,38.97,42.36,2022565
2013-01-28,42.69,44.08,42.62,43.79,1593046
2013-01-29,43.77,44.51,42.69,43.0,3762875
2013-01-30,43.31,43.62,41.95,42.72,1195752
2013-01-31,42.62,42.69,41.54,41.85,976147
2013-02-01,41.97,42.62,41.28,41.92,1370668
2013-02-04,42.13,42.31,38.51,39.13,2056791
2013-02-05,38.85,40.38,37.82,40.05,2349836
2013-02-06,40.46,40.9,39.72,39.95,1520358
2013-02-07,40.13,40.13,38.23,38.56,1267472
2013-02-08,40.0,40.31,37.44,37.9,2480338
2013-02-11,38.49,38.56,36.97,37.26,1061107
2013-02-12,37.23,37.38,35.21,36.03,2312563
2013-02-13,36.21,39.59,35.15,36.38,7464026
2013-02-14,37.44,37.44,34.26,34.82,3178477
2013-02-15,34.49,35.54,33.87,35.15,2633189
2013-02-18,35.38,36.56,34.9,36.1,1492295
2013-02-19,36.41,36.72,35.41,36.49,2511356
2013-02-20,36.74,37.13,36.05,36.23,1624332
2013-02-21,35.92,36.05,32.69,34.21,2150040
2013-02-22,34.31,35.05,33.9,34.15,1666846
2013-02-25,34.46,34.74,32.33,32.67,1700109
2013-02-26,32.0,32.92,31.36,31.79,3096142
2013-02-27,32.15,33.08,31.33,32.59,1482001
2013-02-28,32.9,34.72,31.62,31.92,3541478
2013-03-01,32.05,32.18,30.87,31.64,1359523
2013-03-04,31.49,31.59,28.85,29.44,1324739
2013-03-05,29.51,30.51,28.21,30.23,2055846
2013-03-06,30.51,33.05,30.44,32.67,4188888
2013-03-07,32.67,35.13,32.67,34.26,6158630
2013-03-08,34.59,38.15,34.51,36.95,10429854
2013-03-11,37.44,37.44,35.9,36.38,2132346
2013-03-12,36.54,36.72,34.41,35.33,1784815
2013-03-13,35.05,35.05,33.85,34.05,1124887
2013-03-14,34.21,35.9,33.33,35.36,1780743
2013-03-15,35.54,36.69,34.38,35.05,2075609
2013-03-18,34.36,34.59,33.59,34.15,938678
2013-03-19,34.46,35.13,32.31,32.69,1952659
2013-03-20,32.67,33.31,29.79,30.74,1790599
2013-03-21,31.23,32.21,29.85,31.18,2519037
2013-03-22,31.23,32.72,30.77,31.79,1627906
2013-03-25,32.51,33.79,31.36,32.46,1905623
2013-03-26,32.31,33.23,32.03,32.54,1132828
2013-03-28,32.38,32.54,30.87,32.21,1030160
2013-04-01,32.31,33.56,32.31,33.08,1235556
2013-04-02,32.82,34.77,32.77,33.21,3054200
2013-04-03,33.46,34.49,32.21,32.56,2611869
2013-04-04,32.28,32.28,30.51,31.1,1187796
2013-04-05,30.87,31.51,30.05,30.36,1188816
2013-04-08,30.56,31.28,29.03,30.13,777424
2013-04-09,30.44,31.23,29.33,29.77,1179103
2013-04-10,29.97,30.56,29.03,30.33,1198691
2013-04-11,30.74,30.97,29.77,30.05,1131987
2013-04-12,29.74,29.95,28.97,29.54,775051
2013-04-15,29.23,32.44,29.15,31.33,3976321
2013-04-16,31.28,32.51,31.28,31.77,1937048
2013-04-17,32.18,32.77,31.08,31.69,2316606
2013-04-18,31.51,33.26,31.41,32.82,2459984
2013-04-22,32.92,33.9,32.46,33.79,1976711
2013-04-23,33.87,34.59,33.59,34.13,2370106
2013-04-25,34.72,35.59,34.51,35.18,2650033
2013-04-26,35.33,35.72,33.56,33.92,2391507
2013-04-29,34.15,34.92,33.9,34.79,1458223
2013-04-30,34.97,35.1,33.03,34.03,1877625
2013-05-02,33.97,35.0,33.44,34.21,1868181
2013-05-03,34.33,34.33,33.03,33.59,1380076
2013-05-06,33.74,33.9,33.1,33.59,1082453
2013-05-07,33.77,35.62,33.69,35.59,3299095
2013-05-08,35.85,35.85,34.97,35.49,1971342
2013-05-09,35.54,35.59,34.23,34.72,2389772
2013-05-10,34.51,34.74,34.21,34.41,871418
2013-05-13,35.05,36.64,34.28,34.33,3231094
2013-05-14,34.82,35.0,33.87,34.36,1598580
2013-05-15,34.62,37.44,34.62,37.38,4808892
2013-05-16,37.44,39.67,36.49,39.38,5308254
2013-05-17,39.59,39.79,37.59,38.87,3276566
2013-05-20,39.26,40.92,38.59,40.15,4339700
2013-05-21,40.15,40.46,38.1,38.41,2803950
2013-05-22,38.92,39.56,37.03,37.23,2862006
2013-05-23,37.03,37.18,34.1,35.51,2367589
2013-05-24,35.03,37.26,35.03,36.67,2167113
2013-05-27,36.56,37.18,36.31,36.38,1225849
2013-05-28,36.41,37.18,36.03,36.23,1194091
2013-05-29,36.28,36.77,35.44,35.9,1442225
2013-05-30,34.95,35.28,33.85,35.08,1893420
2013-05-31,34.36,34.72,33.13,33.21,1745869
2013-06-03,33.0,33.79,31.1,31.18,1395583
2013-06-04,31.31,32.23,31.28,31.54,939173
2013-06-05,31.23,32.18,30.28,31.9,2169901
2013-06-06,31.31,32.56,31.31,32.03,1236794
2013-06-07,31.77,32.26,30.74,31.03,1133892
2013-06-10,31.28,31.67,30.72,31.23,748453
2013-06-11,30.77,31.08,28.92,29.49,866321
2013-06-12,29.41,30.05,29.05,29.49,801756
2013-06-13,29.23,29.23,27.51,27.72,1295054
2013-06-14,28.03,29.08,28.03,28.95,660894
2013-06-17,29.03,29.13,27.64,28.13,644171
2013-06-18,28.0,28.77,27.77,28.0,616770
2013-06-19,27.82,28.64,27.49,28.08,849972
2013-06-20,28.05,28.05,26.15,27.08,827723
2013-06-21,26.67,28.38,26.67,28.21,1888243
2013-06-24,28.21,28.46,25.79,26.41,1592956
2013-06-25,26.77,27.05,25.77,26.41,916707
2013-06-26,26.67,26.9,25.72,26.15,612045
2013-06-27,26.41,26.72,25.51,26.33,594713
2013-06-28,26.46,27.56,26.38,26.95,1344329
2013-07-01,26.77,28.79,26.77,28.51,1568138
2013-07-02,28.56,28.56,27.31,27.54,905697
2013-07-03,27.18,27.18,25.51,26.05,1642024
2013-07-04,26.26,26.67,25.64,26.05,1279201
2013-07-05,26.28,26.85,26.0,26.31,625277
2013-07-08,26.05,26.62,25.54,26.13,630837
2013-07-09,26.36,30.15,25.92,28.33,7979111
2013-07-10,28.85,29.95,27.97,28.59,8432223
2013-07-11,29.28,29.54,28.31,28.44,1901021
2013-07-12,28.72,29.21,27.74,28.67,2275277
2013-07-15,28.21,28.92,27.79,28.64,1420818
2013-07-16,27.82,27.9,26.72,27.13,1060701
2013-07-17,27.33,27.82,25.38,26.41,1936149
2013-07-18,26.36,27.08,25.69,26.77,1277495
2013-07-19,27.15,27.36,25.97,26.08,1321652
2013-07-22,26.38,27.13,26.05,26.51,808804
2013-07-23,26.56,27.0,26.26,26.51,745370
2013-07-24,26.31,26.38,25.13,25.9,1354498
2013-07-25,25.64,26.51,25.59,25.9,769449
2013-07-26,26.15,26.41,25.87,26.03,746150
2013-07-29,25.77,26.1,25.62,25.64,388132
2013-07-30,25.9,25.9,25.38,25.64,1025026
2013-07-31,25.31,25.64,23.64,25.54,876124
2013-08-01,25.59,25.85,23.85,24.51,738426
2013-08-02,24.33,24.82,22.15,23.31,1177828
2013-08-05,23.54,23.69,22.56,22.92,538645
2013-08-06,22.85,22.85,21.41,21.51,487046
2013-08-07,21.56,23.03,21.08,22.46,914823
2013-08-08,22.56,23.38,22.08,22.85,861540
2013-08-12,22.9,23.77,22.87,22.95,619291
2013-08-13,22.95,25.9,22.79,24.74,2034885
2013-08-14,24.74,25.38,24.51,25.23,1282758
2013-08-16,24.62,24.64,21.95,22.23,1274228
2013-08-19,22.05,22.54,21.26,22.18,591572
2013-08-20,21.82,23.23,21.49,22.85,663544
2013-08-21,23.72,24.15,21.64,22.69,1026196
2013-08-22,22.05,23.23,21.74,22.95,644200
2013-08-23,23.08,23.28,22.21,22.85,533711
2013-08-26,23.13,23.51,22.56,23.05,553240
2013-08-27,22.56,22.82,22.13,22.62,419199
2013-08-28,22.05,22.05,21.23,21.69,759184
2013-08-29,21.54,22.03,21.18,21.28,796511
2013-08-30,22.05,23.44,21.92,22.46,855571
2013-09-02,22.1,23.08,22.1,22.97,505715
2013-09-03,23.18,23.33,21.85,22.49,671216
2013-09-04,21.87,22.79,21.69,22.33,437420
2013-09-05,22.97,23.26,22.62,22.79,771851
2013-09-06,23.08,23.18,22.41,23.15,475410
2013-09-10,23.1,23.79,22.62,23.13,1031744
2013-09-11,22.72,23.85,22.72,23.28,1436669
2013-09-12,23.23,24.54,22.74,23.26,1865968
2013-09-13,23.26,24.05,23.08,23.62,814227
2013-09-16,23.87,24.08,22.82,22.82,674100
2013-09-17,23.08,23.08,22.41,22.74,354496
2013-09-18,22.77,22.95,22.49,22.67,303375
2013-09-19,23.59,23.95,23.31,23.82,1009826
2013-09-20,23.69,23.95,21.38,21.69,2170878
2013-09-23,21.62,22.15,21.38,22.05,522421
2013-09-24,21.59,22.26,21.49,21.51,462682
2013-09-25,21.59,21.87,21.44,21.67,453082
2013-09-26,21.95,22.31,21.44,21.67,1003369
2013-09-27,22.46,22.46,21.38,21.41,615293
2013-09-30,21.08,21.49,21.03,21.08,295197
2013-10-01,21.03,21.72,20.77,21.56,606433
2013-10-03,21.79,22.31,21.33,21.56,1450237
2013-10-04,21.54,22.36,21.38,21.97,1663404
2013-10-07,21.69,22.31,21.62,21.69,662029
2013-10-08,21.97,22.38,21.44,21.46,1166286
2013-10-09,21.54,24.0,21.41,23.59,5933481
2013-10-10,23.72,24.77,23.72,24.56,4810286
2013-10-11,24.95,25.87,24.36,25.18,3476204
2013-10-14,24.9,26.41,24.72,26.36,2046716
2013-10-15,26.46,26.79,24.87,25.21,1903627
2013-10-17,25.15,25.59,24.41,25.26,835854
2013-10-18,25.28,26.59,24.1,26.49,1942088
2013-10-21,26.56,27.51,25.95,27.44,2355824
2013-10-22,27.21,27.41,26.56,26.79,1017368
2013-10-23,26.67,26.92,25.38,26.1,1372781
2013-10-24,26.15,26.41,25.21,25.56,802178
2013-10-25,25.44,25.56,24.77,24.87,735035
2013-10-28,25.23,25.49,24.21,24.46,657400
2013-10-29,24.54,25.44,23.72,25.13,1088301
2013-10-30,25.38,25.82,24.92,25.26,877452
2013-10-31,25.33,28.56,25.05,28.51,4178737
2013-11-01,28.33,30.56,27.28,27.74,9210383
2013-11-05,28.72,29.87,28.36,29.18,1871397
2013-11-06,29.23,29.46,28.08,28.26,1340671
2013-11-07,28.26,29.1,26.9,27.18,1386624
2013-11-08,27.08,28.15,26.79,27.95,1458182
2013-11-11,27.33,27.85,26.05,26.36,1138574
2013-11-12,26.49,27.31,26.15,26.23,1084281
2013-11-13,26.15,26.54,25.13,25.54,1155146
2013-11-14,25.79,26.95,25.79,26.28,1328826
2013-11-18,26.69,26.87,25.95,26.31,1021496
2013-11-19,26.38,28.03,26.26,27.74,3080033
2013-11-20,27.97,28.13,26.82,27.03,2014256
2013-11-21,26.85,26.85,25.64,25.95,1421886
2013-11-22,26.0,26.38,25.38,25.87,721654
2013-11-25,26.0,26.49,25.38,25.51,1784891
2013-11-26,25.54,26.05,24.79,24.97,1178514
2013-11-27,24.77,25.08,23.82,24.15,1834343
2013-11-28,24.46,25.18,24.36,24.49,1808219
2013-11-29,24.41,25.38,24.36,24.69,1779090
2013-12-02,24.82,25.77,24.74,25.51,2606998
2013-12-03,25.38,25.49,24.9,25.28,1330938
2013-12-04,25.08,25.18,24.31,24.51,1546536
2013-12-05,25.0,25.36,24.67,24.72,1312164
2013-12-06,24.9,24.97,24.54,24.79,691453
2013-12-09,25.15,25.51,24.54,24.79,1461787
2013-12-10,24.87,25.05,23.82,23.95,883181
2013-12-11,23.79,24.03,23.49,23.74,870956
2013-12-12,23.62,24.62,23.54,24.1,1675121
2013-12-13,23.85,25.33,23.85,24.74,4093075
2013-12-16,25.1,27.23,24.92,26.54,10195275
2013-12-17,26.85,27.38,25.69,25.87,3568082
2013-12-18,25.97,27.64,24.9,26.97,7035829
2013-12-19,27.44,28.31,26.28,28.03,4185460
2013-12-20,28.13,33.46,28.03,33.46,20388089
2013-12-23,33.97,35.54,32.44,32.82,9979560
2013-12-24,32.87,33.85,30.82,32.31,5694036
2013-12-26,32.41,32.64,31.31,31.54,1802575
2013-12-27,31.77,32.97,30.82,31.33,4558936
2013-12-30,31.54,32.21,30.9,31.33,2759867
2013-12-31,31.72,32.95,30.95,32.05,5753556
2014-01-01,32.31,33.26,32.1,32.79,3887139
2014-01-02,32.51,33.23,29.33,29.82,4838251
2014-01-03,29.67,30.18,28.54,29.95,2729686
2014-01-06,29.95,31.51,29.95,31.1,4274540
2014-01-07,31.38,31.59,30.28,30.62,2034924
2014-01-08,31.23,31.41,29.92,30.13,2660073
2014-01-09,30.44,30.51,27.26,28.59,2288522
2014-01-10,28.92,29.87,28.21,28.62,2051093
2014-01-13,28.95,29.82,28.26,28.72,2551673
2014-01-14,28.72,28.95,27.74,28.1,1393270
2014-01-15,27.97,28.41,27.72,27.9,1569246
2014-01-16,27.95,28.18,26.95,27.08,1461990
2014-01-17,27.0,27.67,25.85,26.28,2169989
2014-01-20,26.18,27.03,25.95,27.0,1642537
2014-01-21,27.1,28.0,26.82,27.56,2731576
2014-01-22,27.23,29.62,26.92,29.15,7745234
2014-01-23,29.21,29.41,27.56,28.03,5512909
2014-01-24,27.72,28.15,26.41,26.79,2159205
2014-01-27,26.46,26.46,24.67,25.18,1760580
2014-01-28,24.92,25.87,24.67,25.46,1625582
2014-01-29,25.51,26.1,25.0,25.13,1288142
2014-01-30,24.67,25.64,24.23,25.13,1556015
2014-01-31,25.21,26.26,25.21,25.9,1678727
2014-02-03,25.69,26.28,25.33,25.49,1161469
2014-02-04,24.92,26.77,24.67,26.67,2131763
2014-02-05,26.36,28.92,26.26,28.67,6421976
2014-02-06,28.95,29.21,27.33,27.67,3433768
2014-02-07,27.95,28.31,27.31,27.59,1332442
2014-02-10,27.49,27.79,27.03,27.26,759334
2014-02-11,27.18,28.0,26.95,27.36,1005832
2014-02-12,27.46,28.67,27.46,28.36,3564236
2014-02-13,28.0,28.92,26.95,27.21,2850622
2014-02-14,27.21,27.44,26.05,26.54,1292318
2014-02-17,26.38,26.9,25.49,26.1,1044272
2014-02-18,25.92,26.51,25.59,25.77,1892112
2014-02-19,26.03,27.08,25.77,26.85,2544853
2014-02-20,26.54,26.77,25.74,25.9,1641950
2014-02-21,26.15,26.36,25.49,25.74,1287919
2014-02-24,25.54,25.85,25.23,25.54,832763
2014-02-25,25.67,26.1,25.28,25.79,1430654
2014-02-26,25.69,26.77,25.46,26.44,2102802
2014-02-28,26.54,26.79,26.05,26.28,1451437
2014-03-03,26.31,26.62,25.64,25.9,1227947
2014-03-04,25.77,28.51,25.77,28.18,4270566
2014-03-05,28.46,29.72,27.95,29.44,7121473
2014-03-06,29.59,30.1,28.74,29.33,3908548
2014-03-07,29.33,30.38,29.0,29.23,5634456
2014-03-10,29.03,30.51,28.92,30.23,3833579
2014-03-11,30.23,31.9,29.36,30.62,6940706
2014-03-12,30.41,30.74,29.56,29.77,1830080
2014-03-13,29.9,30.13,28.1,28.38,1565750
2014-03-14,28.1,28.64,27.59,28.21,1585470
2014-03-18,28.33,29.13,28.08,28.51,1505081
2014-03-19,28.59,28.97,28.0,28.21,1456491
2014-03-20,28.15,28.41,27.44,27.54,1103373
2014-03-21,27.62,28.15,27.62,28.03,1422657
2014-03-24,27.9,28.69,27.9,28.18,1214802
2014-03-25,28.03,28.44,27.74,28.0,1130492
2014-03-26,28.18,29.1,27.59,28.05,2588416
2014-03-27,27.97,28.69,27.95,28.13,872101
2014-03-28,28.23,29.49,28.23,28.97,3072321
2014-03-31,29.44,29.74,28.49,29.21,1940088
2014-04-01,29.33,29.72,28.33,28.85,1771880
2014-04-02,29.1,30.46,28.87,30.15,4056803
2014-04-03,30.33,31.13,28.95,29.72,5698689
2014-04-04,29.97,31.03,29.54,30.51,4222815
2014-04-07,30.31,32.03,29.95,31.67,5876237
2014-04-09,32.0,32.21,31.38,31.72,3921713
2014-04-10,31.85,32.56,31.49,31.74,3629337
2014-04-11,31.62,33.44,30.87,32.82,8017308
2014-04-15,33.18,33.33,31.15,31.33,4365208
2014-04-16,31.28,31.69,28.79,29.33,3032272
2014-04-17,29.46,30.54,29.46,30.36,2151031
2014-04-21,30.62,30.97,30.33,30.46,1382097
2014-04-22,30.38,30.95,29.95,30.23,1521399
2014-04-23,30.03,30.49,29.64,29.82,1376913
2014-04-25,29.87,31.13,29.79,29.97,2758431
2014-04-28,30.0,30.41,29.33,30.15,1431192
2014-04-29,30.03,31.18,29.59,30.03,2446027
2014-04-30,30.15,30.56,27.28,28.31,2148531
2014-05-02,28.38,28.87,28.05,28.18,1119560
2014-05-05,28.0,28.51,27.56,27.67,778910
2014-05-06,27.49,28.26,27.49,27.82,755645
2014-05-07,27.62,28.21,27.59,27.67,1031917
2014-05-08,27.72,28.05,27.44,27.59,791835
2014-05-09,27.46,28.15,26.79,27.97,2705602
2014-05-12,28.21,28.85,28.0,28.13,1703026
2014-05-13,28.59,30.0,28.56,29.54,2864952
2014-05-14,29.74,30.97,29.38,30.67,4148989
2014-05-15,31.03,31.79,29.9,30.21,3799795
2014-05-16,31.28,31.9,30.33,30.67,4381328
2014-05-19,31.13,34.72,31.03,34.28,7406721
2014-05-20,34.87,37.18,33.41,36.31,8733190
2014-05-21,36.51,36.59,34.67,35.36,4599508
2014-05-22,35.72,38.15,35.69,37.36,8358739
2014-05-23,37.69,38.95,36.69,37.92,6713421
2014-05-26,38.28,38.46,30.36,34.33,5356585
2014-05-27,34.23,34.92,32.59,34.56,2498906
2014-05-28,34.36,35.31,33.49,34.08,2225728
2014-05-29,34.05,34.59,33.33,33.59,1291597
2014-05-30,34.36,35.28,33.59,33.74,2430535
2014-06-02,33.97,35.69,33.85,35.21,2854377
2014-06-03,35.51,36.33,34.15,35.79,5121453
2014-06-04,36.26,37.69,35.41,37.26,11376826
2014-06-05,37.44,37.59,36.23,37.26,5394399
2014-06-06,37.59,40.62,37.59,40.05,12579092
2014-06-09,40.44,42.82,39.54,41.85,12480767
2014-06-10,42.03,42.05,39.03,41.44,5989984
2014-06-11,41.69,43.54,40.46,41.0,7922389
2014-06-12,41.05,42.21,40.54,40.72,5529220
2014-06-13,40.97,41.74,37.28,37.97,4396014
2014-06-16,37.69,38.9,36.67,38.46,3597268
2014-06-17,38.31,40.05,38.31,39.28,3176209
2014-06-18,39.54,40.36,37.44,38.26,3415717
2014-06-19,38.59,39.23,37.56,37.95,2301996
2014-06-20,38.03,38.28,36.15,36.51,2188477
2014-06-23,36.41,37.15,36.18,36.64,1771463
2014-06-24,36.72,38.26,36.72,38.0,2421705
2014-06-25,38.1,39.67,37.69,38.92,3618310
2014-06-26,38.74,39.21,37.33,37.59,1591860
2014-06-27,37.62,38.36,36.92,37.95,2059387
2014-06-30,38.1,39.1,38.08,38.64,2269197
2014-07-01,39.82,40.82,39.77,40.23,4632609
2014-07-02,40.64,40.92,39.9,40.08,2737332
2014-07-03,40.21,40.23,38.79,39.15,1698007
2014-07-04,39.13,39.31,38.05,38.97,1997256
2014-07-07,39.21,39.28,37.79,37.95,1841661
2014-07-08,38.05,38.26,34.62,34.92,2334253
2014-07-09,34.67,34.92,33.1,33.36,2849847
2014-07-10,33.46,36.41,32.64,33.64,6744844
2014-07-11,34.0,34.82,30.67,31.0,4505631
2014-07-14,31.03,32.03,30.51,31.33,2301468
2014-07-15,31.64,33.18,31.44,32.77,2619837
2014-07-16,33.08,34.87,33.08,34.49,3799381
2014-07-17,34.54,34.62,33.97,34.18,1942964
2014-07-18,33.85,33.97,32.95,33.46,1386227
2014-07-21,33.85,34.62,33.59,33.69,1695651
2014-07-22,33.72,34.05,32.82,33.36,1494027
2014-07-23,33.56,34.46,33.13,33.44,2828271
2014-07-24,33.56,33.69,32.62,32.85,1389992
2014-07-25,32.77,33.05,30.97,31.41,1515412
2014-07-28,31.36,31.67,30.56,30.77,1720473
2014-07-30,30.77,31.79,30.26,31.36,2173895
2014-07-31,31.28,32.51,31.28,32.18,2652901
2014-08-01,31.79,32.51,31.33,31.72,1595025
2014-08-04,32.05,32.54,31.56,31.97,1573242
2014-08-05,31.87,33.23,31.54,32.9,2978520
2014-08-06,32.82,33.33,32.31,32.72,2164589
2014-08-07,33.18,33.56,32.18,32.46,3154346
2014-08-08,31.9,32.03,30.62,31.0,2681118
2014-08-11,31.72,32.36,31.51,31.97,1641566
2014-08-12,32.0,32.64,31.33,31.51,1840257
2014-08-13,31.77,31.77,28.03,29.03,4515167
2014-08-14,29.38,30.23,29.08,29.95,1758344
2014-08-18,29.82,30.82,29.51,30.56,1432529
2014-08-19,30.72,31.18,30.41,30.95,1716007
2014-08-20,30.82,31.18,30.41,30.77,1336814
2014-08-21,30.69,31.36,30.28,30.44,1138522
2014-08-22,30.41,30.72,29.41,29.64,1006791
2014-08-25,29.44,30.21,28.74,29.0,1097357
2014-08-26,28.79,29.33,27.74,28.87,1262719
2014-08-27,29.03,29.46,28.15,28.46,701661
2014-08-28,28.36,29.13,28.15,28.26,975876
2014-09-01,28.36,29.13,28.36,29.0,963020
2014-09-02,28.82,29.49,28.82,29.03,1006544
2014-09-03,29.13,29.9,28.77,29.49,1793307
2014-09-04,29.72,29.87,28.0,28.31,1712341
2014-09-05,28.21,28.72,27.9,28.03,1847819
2014-09-08,28.36,29.49,27.72,28.97,2061945
2014-09-09,28.85,28.95,28.36,28.49,791835
2014-09-10,28.51,30.18,28.15,29.82,2872366
2014-09-11,30.28,30.72,29.79,30.44,2906113
2014-09-12,30.15,30.54,29.15,29.33,1439150
2014-09-15,29.03,29.49,28.79,29.1,1194161
2014-09-16,29.05,30.23,27.69,27.92,3358831
2014-09-17,27.85,28.67,27.85,28.15,776282
2014-09-18,28.13,29.23,27.9,28.79,1394586
2014-09-19,28.82,30.13,28.33,29.54,2969521
2014-09-22,29.74,31.79,29.38,31.46,6045029
2014-09-23,31.54,31.67,29.08,29.28,2882247
2014-09-24,29.28,29.41,28.13,28.56,1523747
2014-09-25,28.82,29.03,26.92,27.26,1186564
2014-09-26,27.21,29.23,26.69,28.36,1854009
2014-09-29,30.51,30.77,28.9,29.08,2940920
2014-09-30,28.82,29.13,28.05,28.31,917686
2014-10-01,28.21,28.54,27.08,27.28,1391211
2014-10-07,27.03,27.56,26.95,27.08,837231
2014-10-08,26.87,27.85,26.69,27.0,1384632
2014-10-09,27.13,28.18,27.13,27.77,1608246
2014-10-10,27.46,27.46,26.79,26.92,2614121
2014-10-13,26.69,27.23,26.67,27.1,606694
2014-10-14,27.21,27.59,26.51,26.67,990400
2014-10-16,26.67,26.9,25.0,25.23,1354617
2014-10-17,25.05,25.9,25.0,25.62,960015
2014-10-20,26.13,26.41,21.38,25.21,817335
2014-10-21,24.97,25.77,24.97,25.33,664359
2014-10-22,25.64,25.74,25.26,25.46,595963
2014-10-23,25.69,25.72,25.41,25.62,230819
2014-10-27,25.85,25.92,25.1,25.64,3370964
2014-10-28,25.54,26.77,25.54,26.62,1465596
2014-10-29,26.67,27.13,26.1,26.79,1324983
2014-10-30,27.15,27.56,26.97,27.26,1546326
2014-10-31,27.28,28.0,27.28,27.56,1346162
2014-11-03,27.9,28.54,27.38,28.31,2060927
2014-11-05,28.41,28.82,27.69,27.85,1860857
2014-11-07,27.85,27.85,26.79,27.08,1252242
2014-11-10,26.87,27.36,26.54,26.69,704664
2014-11-11,26.69,27.0,26.05,26.44,1244980
2014-11-12,26.23,27.13,26.23,26.72,974388
2014-11-13,26.92,27.0,26.03,26.18,744005
2014-11-14,26.46,27.38,26.15,27.15,1515288
2014-11-17,30.67,30.67,29.15,29.72,7657179
2014-11-18,30.21,30.72,29.69,29.95,3585961
2014-11-19,30.21,30.21,28.49,28.77,2149424
2014-11-20,28.82,28.92,27.95,28.31,1356819
2014-11-21,28.13,29.46,28.13,28.51,1758888
2014-11-24,28.85,28.87,27.23,27.31,2186359
2014-11-25,27.33,27.59,25.21,25.51,3498603
2014-11-26,25.38,28.87,25.38,28.0,11100832
2014-11-27,28.18,28.26,26.46,26.97,6036201
2014-11-28,26.79,27.82,26.46,26.62,4758246
2014-12-01,26.77,27.03,25.9,26.05,1860590
2014-12-02,25.85,26.87,25.67,26.49,2263312
2014-12-03,26.67,26.77,26.36,26.56,2377301
2014-12-04,26.87,27.15,26.41,26.51,1696856
2014-12-05,26.41,27.44,26.41,26.54,2356392
2014-12-08,26.62,27.03,25.82,26.05,1629948
2014-12-09,25.87,26.33,25.13,25.33,1504046
2014-12-10,25.15,25.97,25.03,25.28,1520730
2014-12-11,25.18,25.56,24.79,25.03,1497940
2014-12-12,25.18,25.33,24.36,24.51,2049506
2014-12-15,24.36,24.59,23.97,24.05,1094440
2014-12-16,23.77,23.97,22.82,23.0,1393069
2014-12-17,22.77,23.21,21.79,22.59,1535154
2014-12-18,22.85,25.08,22.85,24.28,1479045
2014-12-19,24.33,25.0,22.85,23.05,1585796
2014-12-22,23.1,23.64,23.1,23.49,865009
2014-12-23,23.51,23.79,22.87,23.08,800169
2014-12-24,22.95,23.18,22.56,22.77,1244380
2014-12-26,22.72,23.44,22.72,22.95,877545
2014-12-29,23.0,23.79,23.0,23.26,959280
2014-12-30,23.31,24.21,23.13,23.49,3358509
2014-12-31,23.31,24.31,23.31,24.03,1753104
2015-01-01,24.0,24.44,23.82,24.21,1035275
2015-01-02,24.26,24.79,24.15,24.33,2153987
2015-01-05,24.33,24.79,24.03,24.18,1602275
2015-01-06,23.97,23.97,22.33,22.49,2821894
2015-01-07,22.56,22.79,21.74,22.15,2870272
2015-01-08,22.69,23.08,22.21,22.28,2100639
2015-01-09,22.62,22.74,21.72,21.85,2625989
2015-01-12,22.26,22.26,21.44,21.54,2032594
2015-01-13,21.69,22.18,21.46,21.95,2244672
2015-01-14,21.85,22.1,21.44,21.62,1213207
2015-01-15,22.08,23.74,21.95,23.46,8338805
2015-01-16,23.59,24.49,23.33,23.67,6128150
2015-01-19,23.97,24.56,23.85,24.13,2598794
2015-01-20,24.33,24.51,23.72,24.05,1829844
2015-01-21,24.1,24.28,22.21,23.05,1582882
2015-01-22,23.1,24.51,23.08,24.13,3558108
2015-01-23,24.33,24.44,23.36,23.74,2449779
2015-01-27,23.95,24.18,23.03,23.41,4883865
2015-01-28,23.41,23.74,22.9,23.44,2159311
2015-01-29,23.56,25.31,23.33,24.77,4027493
2015-01-30,24.97,26.62,24.87,25.72,7998736
2015-02-02,25.59,26.62,25.54,25.95,3773099
2015-02-03,26.1,26.15,24.62,24.85,2419979
2015-02-04,24.87,26.79,24.44,25.85,5858098
2015-02-05,25.97,26.56,24.56,24.9,2997277
2015-02-06,24.79,25.59,24.56,25.15,2217860
2015-02-09,24.87,24.95,23.97,24.13,1380195
2015-02-10,23.87,25.0,23.03,24.03,1725231
2015-02-11,24.18,25.28,24.03,25.03,1185349
2015-02-12,25.21,26.26,24.87,25.97,2162212
2015-02-13,25.92,26.64,24.41,24.97,2336679
2015-02-16,24.21,25.26,24.21,24.67,2398783
2015-02-18,24.87,25.62,24.87,25.1,1763470
2015-02-19,25.21,25.46,24.36,24.74,1255933
2015-02-20,24.79,25.51,24.62,25.05,2124096
2015-02-23,25.18,25.36,24.36,24.54,1335798
2015-02-24,24.44,24.9,24.26,24.49,1259847
2015-02-25,24.62,24.69,23.51,23.67,1549395
2015-02-26,23.79,24.1,23.51,23.95,935497
2015-02-27,24.15,24.87,23.95,24.56,1623741
2015-02-28,25.33,25.44,23.23,23.74,5271104
2015-03-02,23.95,24.05,23.33,23.49,1422040
2015-03-03,23.59,24.05,23.38,23.59,1664541
2015-03-04,24.23,24.56,23.23,23.38,1879835
2015-03-05,23.51,23.51,22.82,23.0,1115939
2015-03-09,22.77,22.82,22.31,22.36,1118856
2015-03-10,22.33,22.72,22.08,22.28,2513987
2015-03-11,22.56,22.69,21.95,22.0,1301322
2015-03-12,22.05,22.31,22.03,22.23,917895
2015-03-13,22.46,22.46,21.64,21.72,940700
2015-03-16,21.82,21.82,20.97,21.05,1242320
2015-03-17,21.23,21.33,20.77,20.85,1019154
2015-03-18,20.92,21.46,20.77,20.92,1216822
2015-03-19,21.1,21.38,20.67,20.79,1275055
2015-03-20,20.85,21.0,20.26,20.31,1143128
2015-03-23,20.46,20.46,19.46,19.56,1334216
2015-03-24,19.54,20.0,19.31,19.69,950165
2015-03-25,19.64,19.77,18.95,19.13,1431775
2015-03-26,19.03,19.87,18.51,19.56,1601053
2015-03-27,19.56,19.87,18.79,19.49,1408203
2015-03-30,20.41,20.49,19.74,20.23,772530
2015-03-31,20.28,20.87,20.13,20.46,953096
2015-04-01,20.46,20.67,20.18,20.54,734300
2015-04-06,20.69,22.28,20.44,21.85,1964899
2015-04-07,22.03,22.08,20.97,21.38,1281933
2015-04-08,21.54,22.97,21.28,22.38,2945553
2015-04-09,22.62,22.72,21.85,22.05,1020510
2015-04-10,21.95,23.62,21.9,22.85,3052587
2015-04-13,22.9,22.95,22.18,22.28,1452860
2015-04-15,22.77,23.77,22.38,22.67,4539752
2015-04-16,22.79,22.92,21.79,22.08,1383549
2015-04-17,22.18,22.51,21.77,21.87,1134286
2015-04-20,21.64,21.92,20.41,20.67,1751696
2015-04-21,20.77,21.18,20.44,20.9,1175447
2015-04-22,21.03,21.21,20.36,20.97,1221360
2015-04-23,21.13,21.21,20.46,20.56,1011196
2015-04-24,20.64,20.64,19.77,19.87,1036195
2015-04-27,20.0,20.0,18.92,19.13,1001989
2015-04-28,19.03,19.59,18.97,19.49,615367
2015-04-29,19.54,20.13,19.51,19.87,640509
2015-04-30,19.87,20.13,19.51,19.87,811918
2015-05-04,20.05,20.44,19.97,20.18,893251
2015-05-05,20.23,20.41,19.79,19.9,773401
2015-05-06,19.87,20.0,18.82,19.05,1002895
2015-05-07,18.97,19.05,18.33,18.44,800251
2015-05-08,18.9,19.36,18.64,18.92,864515
2015-05-11,19.0,19.31,18.62,19.08,735224
2015-05-12,19.1,19.1,18.41,18.49,693215
2015-05-13,18.69,18.79,18.33,18.56,567419
2015-05-14,18.54,19.18,18.28,19.0,738184
2015-05-15,18.97,19.18,18.74,18.92,431738
2015-05-18,18.97,19.38,18.87,19.23,521099
2015-05-19,19.33,19.56,19.08,19.38,559237
2015-05-20,19.44,20.13,19.33,19.69,730759
2015-05-21,19.62,19.72,19.03,19.54,501817
2015-05-22,19.33,19.69,19.33,19.46,422456
2015-05-25,19.54,19.69,19.31,19.36,358152
2015-05-26,19.46,19.54,18.72,18.97,604609
2015-05-27,18.95,19.49,18.59,18.85,500889
2015-05-28,18.95,19.15,18.67,18.87,490070
2015-05-29,18.79,19.15,18.77,18.92,634643
2015-06-01,18.85,19.05,18.62,18.72,547156
2015-06-02,18.77,18.87,18.23,18.31,481551
2015-06-03,18.36,18.44,16.23,17.05,1508890
2015-06-04,17.44,18.41,16.95,17.9,2003309
2015-06-05,17.54,17.9,17.08,17.38,1135008
2015-06-08,17.46,17.49,16.62,17.0,682637
2015-06-09,16.92,17.28,16.62,16.9,578743
2015-06-10,16.97,18.1,16.87,17.85,1278754
2015-06-11,18.08,19.08,17.85,18.74,1583132
2015-06-12,18.62,20.49,18.21,19.56,2140390
2015-06-15,19.49,19.95,18.77,19.41,636667
2015-06-16,19.41,19.41,18.51,18.9,541322
2015-06-17,19.03,19.95,18.62,19.44,1733616
2015-06-18,20.46,20.46,19.54,19.67,2176908
2015-06-19,19.69,19.9,19.15,19.31,769303
2015-06-22,19.56,20.23,19.28,19.79,1444054
2015-06-23,19.92,20.21,19.49,19.69,1094417
2015-06-24,19.74,19.79,19.23,19.33,569915
2015-06-25,19.33,20.1,19.03,19.54,814976
2015-06-26,19.59,19.85,19.03,19.33,1607552
2015-06-29,18.92,19.46,18.31,19.08,1156990
2015-06-30,19.23,21.64,19.13,21.36,8118877
2015-07-01,21.74,22.46,21.69,21.9,4421247
2015-07-02,21.79,21.97,21.05,21.28,1526874
2015-07-03,21.28,21.33,20.44,20.59,1464617
2015-07-06,20.49,21.46,20.05,20.97,2059896
2015-07-07,21.1,21.9,20.87,21.13,2504124
2015-07-08,20.95,21.46,20.26,20.56,2473400
2015-07-09,20.95,21.03,20.33,20.46,1525381
2015-07-10,20.56,20.79,19.87,19.95,1270494
2015-07-13,20.15,20.72,19.85,20.36,1673838
2015-07-14,20.15,21.23,20.1,20.92,3108734
2015-07-15,22.03,22.46,21.64,21.85,6892716
2015-07-16,21.31,21.56,20.95,21.05,1853882
2015-07-17,21.15,21.67,20.77,20.95,1540692
2015-07-20,20.97,21.26,20.72,20.92,1040437
2015-07-21,20.87,21.0,20.08,20.21,1046060
2015-07-22,19.85,21.31,19.85,20.92,1525125
2015-07-23,21.05,21.33,20.56,21.03,1476693
2015-07-24,21.26,21.44,20.59,20.82,1193167
2015-07-27,20.79,20.79,20.21,20.31,950113
2015-07-28,20.41,20.54,19.87,20.0,851519
2015-07-29,20.1,20.72,20.0,20.59,1032426
2015-07-30,20.82,20.97,20.51,20.59,1443609
2015-07-31,20.95,21.46,20.64,21.23,1838551
2015-08-03,21.15,22.0,21.08,21.44,2535117
2015-08-04,21.56,23.51,21.44,22.77,6300715
2015-08-05,22.95,23.95,22.36,23.1,6044584
2015-08-06,23.21,23.33,21.85,22.15,2071771
2015-08-07,22.15,22.46,21.64,22.18,1987621
2015-08-10,21.97,23.77,21.92,22.97,4114712
2015-08-11,23.26,24.56,22.64,23.67,6882748
2015-08-12,23.08,23.51,21.62,21.92,3228113
2015-08-13,23.1,23.13,21.03,21.44,3140770
2015-08-14,21.28,22.56,20.95,22.33,5339298
2015-08-17,22.38,22.38,21.67,21.77,1342646
2015-08-18,21.9,22.38,21.54,21.97,2278963
2015-08-19,21.95,22.13,21.28,21.56,2681147
2015-08-20,21.56,21.74,20.26,20.41,2165919
2015-08-21,19.97,20.15,19.41,19.79,1549598
2015-08-24,18.97,19.1,16.67,17.26,2153794
2015-08-25,17.92,17.92,15.87,17.38,2112271
2015-08-26,17.31,17.69,16.62,16.74,1934257
2015-08-27,17.31,17.41,16.82,16.92,2083044
2015-08-28,17.23,17.9,17.03,17.26,2276855
2015-08-31,17.08,17.49,17.03,17.15,953958
2015-09-01,17.03,17.05,16.13,16.21,1428594
2015-09-02,16.31,16.59,15.95,16.08,1910820
2015-09-03,16.26,16.82,16.21,16.59,1546523
2015-09-04,16.51,16.59,15.85,16.15,1248151
2015-09-07,16.0,16.79,16.0,16.41,1005497
2015-09-08,16.56,16.69,16.03,16.41,1697176
2015-09-09,16.72,16.9,16.46,16.51,1511037
2015-09-10,16.23,16.59,16.0,16.49,1173877
2015-09-11,16.67,17.31,16.59,17.03,2087453
2015-09-14,17.03,17.33,16.82,17.21,802242
2015-09-15,17.28,17.51,16.77,17.03,912076
2015-09-16,17.15,17.26,16.46,16.59,1146339
2015-09-18,16.79,17.33,16.41,16.67,2334938
2015-09-21,16.54,17.33,16.31,17.15,1848730
2015-09-22,17.49,18.26,17.33,17.51,3973468
2015-09-23,17.18,17.69,17.13,17.51,1049853
2015-09-24,17.36,17.82,17.36,17.51,800561
2015-09-28,17.51,18.33,17.33,18.03,1301507
2015-09-29,17.59,18.62,16.74,18.18,4045793
2015-09-30,18.38,18.72,18.28,18.46,1246035
2015-10-01,18.72,19.08,18.38,18.54,1502751
2015-10-05,18.87,18.92,18.59,18.69,862735
2015-10-06,18.82,18.87,18.28,18.36,1222879
2015-10-07,18.49,19.28,18.44,19.03,2147429
2015-10-08,19.15,19.18,18.72,18.87,901195
2015-10-09,19.05,19.33,18.87,19.05,822444
2015-10-12,18.97,19.36,18.85,18.95,523010
2015-10-13,18.92,19.56,18.56,19.33,1107092
2015-10-14,19.13,20.67,19.13,19.95,2622062
2015-10-15,19.92,20.36,19.64,19.77,858552
2015-10-16,19.82,20.0,19.49,19.62,775236
2015-10-19,19.74,20.15,19.54,19.97,785287
2015-10-20,20.1,20.31,19.82,19.97,837250
2015-10-21,20.18,20.18,19.54,19.69,632471
2015-10-23,20.0,20.9,19.41,20.64,3101446
2015-10-26,21.03,21.23,20.13,20.28,3327073
2015-10-27,20.23,20.46,19.87,20.05,717879
2015-10-28,19.9,20.74,19.74,20.23,979528
2015-10-29,20.15,20.41,19.82,19.97,532754
2015-10-30,20.0,20.23,19.26,19.41,813542
2015-11-02,19.51,19.64,18.77,18.95,869568
2015-11-03,19.13,19.36,18.74,18.92,730997
2015-11-04,19.21,19.46,19.05,19.15,608899
2015-11-05,18.92,19.08,18.54,18.59,410578
2015-11-06,18.87,18.87,18.26,18.46,533372
2015-11-09,18.0,18.21,17.08,17.9,1001758
2015-11-10,17.87,18.26,17.62,17.69,506624
2015-11-11,17.95,18.18,17.85,17.92,407008
2015-11-13,17.87,18.18,17.46,18.0,1198633
2015-11-16,17.79,18.03,17.49,17.72,752884
2015-11-17,17.87,18.44,17.79,18.28,1626763
2015-11-18,18.46,18.56,17.54,17.74,3438225
2015-11-19,17.95,18.08,17.72,17.79,1027056
2015-11-20,17.79,18.13,17.77,17.95,1827198
2015-11-23,18.0,18.1,17.74,17.79,477682
2015-11-24,17.9,18.67,17.77,18.28,1259970
2015-11-26,18.38,18.77,18.08,18.46,1480059
2015-11-27,18.69,18.92,18.26,18.49,1262464
2015-11-30,18.46,18.92,18.46,18.74,862503
2015-12-01,18.9,19.36,18.77,18.97,1093984
2015-12-02,19.08,19.18,18.67,19.08,1108570
2015-12-03,19.08,19.69,19.08,19.51,2054904
2015-12-04,19.36,19.44,19.0,19.05,851339
2015-12-07,19.28,19.49,19.15,19.28,703040
2015-12-08,19.31,19.49,18.56,18.74,1423548
2015-12-09,18.51,18.69,17.77,17.9,1026525
2015-12-10,18.15,18.36,17.9,18.26,704249
2015-12-11,18.36,18.64,17.9,18.08,659264
2015-12-14,17.95,18.41,17.82,18.08,388290
2015-12-15,18.18,18.26,17.97,18.05,354174
2015-12-16,18.1,18.59,18.1,18.26,492872
2015-12-17,18.51,18.72,18.21,18.62,529407
2015-12-18,18.62,18.95,18.28,18.38,635815
2015-12-21,18.59,20.0,18.51,19.64,1996152
2015-12-22,19.74,20.36,19.67,20.0,1884154
2015-12-23,20.0,21.95,19.87,21.74,5690932
2015-12-24,21.97,22.56,21.64,21.92,5187484
2015-12-28,22.13,22.18,21.38,21.54,2005417
2015-12-29,21.62,21.62,20.74,20.97,1272083
2015-12-30,21.18,21.97,21.08,21.26,1592418
2015-12-31,21.36,21.54,21.08,21.44,985739
2016-01-01,21.51,22.85,21.33,22.56,3327695
2016-01-04,22.54,23.54,22.08,22.36,3520675
2016-01-05,22.54,23.95,22.15,23.41,3157359
2016-01-06,23.38,24.23,23.03,23.33,3915520
2016-01-07,23.03,23.03,21.38,21.59,2423355
2016-01-08,21.59,22.51,21.36,22.28,1737174
2016-01-11,21.9,22.44,21.46,21.82,1346020
2016-01-12,21.82,22.08,20.62,20.79,1584614
2016-01-13,21.03,21.38,19.38,20.15,2078471
2016-01-14,19.79,19.79,18.77,19.13,1509519
2016-01-15,19.36,19.67,18.31,18.69,1554210
2016-01-18,18.28,18.67,17.56,18.21,1090002
2016-01-19,18.41,19.95,18.21,19.1,1140088
2016-01-20,18.97,19.03,17.95,18.33,963369
2016-01-21,18.41,18.82,18.0,18.36,649019
2016-01-22,18.62,19.08,18.56,18.82,725974
2016-01-25,19.13,19.44,18.87,19.0,546634
2016-01-27,19.13,19.26,18.72,18.87,334183
2016-01-28,18.85,19.03,18.72,18.9,380823
2016-01-29,18.9,19.59,18.67,19.44,803747
2016-02-01,19.49,20.0,19.28,19.87,732153
2016-02-02,20.54,20.87,19.26,19.59,1531200
2016-02-03,19.33,19.33,18.31,18.41,985626
2016-02-04,18.62,18.97,18.05,18.28,578850
2016-02-05,18.46,18.77,18.36,18.54,409882
2016-02-08,18.56,19.18,18.05,18.15,815775
2016-02-09,17.95,18.23,17.69,17.87,473409
2016-02-10,17.85,17.85,17.33,17.44,599742
2016-02-11,17.31,17.44,16.05,16.28,817992
2016-02-12,16.31,16.56,14.46,15.59,995630
2016-02-15,16.0,16.62,15.95,16.33,767401
2016-02-16,16.67,16.82,15.72,15.79,545423
2016-02-17,15.87,15.9,14.9,15.31,1188666
2016-02-18,15.51,15.97,15.38,15.59,920718
2016-02-19,15.56,15.87,15.44,15.51,675935
2016-02-22,15.64,15.85,15.56,15.62,614665
2016-02-23,15.69,15.69,14.87,14.95,1096302
2016-02-24,14.95,14.95,14.62,14.67,1232247
2016-02-25,14.69,14.87,14.26,14.38,764689
2016-02-26,14.54,14.82,14.1,14.41,997525
2016-02-29,14.62,14.97,14.46,14.64,1097119
2016-03-01,14.64,15.56,14.64,15.49,1364463
2016-03-02,15.92,16.46,15.9,16.03,1224739
2016-03-03,16.21,16.31,15.82,15.95,689167
2016-03-04,16.13,16.67,15.9,16.38,1050407
2016-03-08,16.49,16.87,16.21,16.56,897702
2016-03-09,16.67,17.05,16.44,16.77,812123
2016-03-10,17.08,17.13,16.69,16.77,516064
2016-03-11,17.03,17.59,16.79,16.85,1307302
2016-03-14,17.0,17.15,16.59,16.67,381445
2016-03-15,16.67,16.77,16.41,16.49,363716
2016-03-16,16.56,16.72,16.15,16.44,303223
2016-03-17,16.69,16.77,16.28,16.41,470359
2016-03-18,16.46,16.54,16.23,16.31,439113
2016-03-21,16.41,17.03,16.41,16.79,724020
2016-03-22,16.9,17.13,16.69,17.0,934339
2016-03-23,17.0,17.08,16.74,16.85,660613
2016-03-28,16.87,17.03,16.21,16.26,985959
2016-03-29,16.33,16.72,16.1,16.51,1819927
2016-03-30,16.69,17.56,16.54,17.05,1175621
2016-03-31,17.18,17.18,16.82,16.92,470527
2016-04-01,16.92,17.59,16.79,17.49,1111540
2016-04-04,17.9,17.92,17.54,17.74,1099206
2016-04-05,17.69,17.74,16.77,16.9,920057
2016-04-06,16.95,17.08,16.72,16.9,459681
2016-04-07,16.92,17.15,16.74,17.0,1360693
2016-04-08,16.85,17.51,16.72,17.28,1148322
2016-04-11,17.28,17.36,17.08,17.26,641164
2016-04-12,17.26,17.56,17.21,17.36,860728
2016-04-13,17.49,18.26,17.49,17.92,1958689
2016-04-18,18.08,18.64,17.54,18.49,3989068
2016-04-20,18.46,18.72,18.15,18.28,1315024
2016-04-21,18.44,18.64,18.08,18.15,875652
2016-04-22,18.13,18.36,17.95,18.1,459931
2016-04-25,18.15,18.44,17.69,17.77,553619
2016-04-26,17.72,18.21,17.59,18.08,586843
2016-04-27,18.13,18.44,17.97,18.33,531935
2016-04-28,18.46,20.1,18.41,19.0,4027574
2016-04-29,19.18,19.46,17.95,19.08,1669437
2016-05-02,19.08,19.08,18.59,18.74,750483
2016-05-03,18.82,21.9,18.77,21.59,11185727
2016-05-04,21.44,22.15,21.21,21.64,5124589
2016-05-05,22.85,22.85,21.18,21.62,12139321
2016-05-06,21.13,21.21,20.56,20.74,1935597
2016-05-09,20.87,21.36,20.62,21.08,1531348
2016-05-10,21.03,21.41,20.74,21.08,1481034
2016-05-11,20.15,21.0,20.0,20.23,1256345
2016-05-12,20.41,20.92,20.31,20.51,1118441
2016-05-13,20.31,20.62,19.64,19.92,1735335
2016-05-16,20.31,20.51,19.77,20.21,966344
2016-05-17,20.33,20.9,20.21,20.41,1181997
2016-05-18,20.36,20.79,20.18,20.67,1131708
2016-05-19,20.67,21.64,20.51,20.79,2229415
2016-05-20,20.77,21.1,20.23,20.36,1727961
2016-05-23,20.38,20.64,19.82,20.03,854432
2016-05-24,20.0,20.15,18.97,19.33,1472992
2016-05-25,19.56,19.85,19.36,19.49,1165623
2016-05-26,19.67,20.0,19.36,19.87,1088498
2016-05-27,20.0,20.72,20.0,20.38,1575710
2016-05-30,20.49,20.74,20.23,20.41,1063150
2016-05-31,20.28,20.64,19.74,20.38,1470164
2016-06-01,20.51,21.67,20.15,21.46,2566358
2016-06-02,21.18,24.03,21.1,23.38,6283471
2016-06-03,23.56,27.85,23.41,26.18,24088101
2016-06-06,26.05,26.15,24.74,25.44,4615668
2016-06-07,25.62,26.85,25.44,26.0,5593857
2016-06-08,25.9,26.46,24.79,25.1,4308890
2016-06-09,25.33,25.64,24.9,25.18,2797710
2016-06-10,25.23,25.23,24.15,24.31,1913435
2016-06-13,24.1,25.54,23.36,24.62,5091451
2016-06-14,24.77,25.87,24.18,25.26,4315601
2016-06-15,25.49,26.1,25.18,25.36,3532299
2016-06-16,25.44,25.44,24.0,24.54,2201331
2016-06-17,24.82,26.28,24.82,25.51,5225227
2016-06-20,25.38,26.82,25.26,26.05,5518837
2016-06-21,26.15,26.31,25.08,25.33,2478103
2016-06-22,25.69,26.08,25.18,25.36,3097199
2016-06-23,25.56,25.59,24.79,24.95,1019158
2016-06-24,24.1,24.1,22.62,23.82,3832793
2016-06-27,23.85,24.46,23.79,24.18,1987346
2016-06-28,24.31,24.79,24.05,24.54,1966688
2016-06-29,24.87,25.59,24.85,25.03,4794508
2016-06-30,25.26,25.54,24.92,25.05,2657636
2016-07-01,25.18,25.49,24.77,24.95,1840891
2016-07-04,25.15,26.36,25.0,25.92,5971797
2016-07-05,26.15,26.62,25.44,25.59,4413014
2016-07-07,25.74,26.62,25.54,25.97,3956483
2016-07-08,26.1,26.26,25.54,25.9,1775480
2016-07-11,26.21,26.31,25.79,25.95,1516900
2016-07-12,26.13,26.13,25.15,25.64,2027062
2016-07-13,25.87,26.08,24.95,25.05,1740008
2016-07-14,25.15,25.87,24.74,25.15,1392424
2016-07-15,25.31,25.33,24.74,24.79,1017748
2016-07-18,24.87,25.62,24.1,24.49,1577126
2016-07-19,24.56,24.67,23.82,24.15,1282549
2016-07-20,26.59,28.97,26.49,28.97,29349167
2016-07-21,29.49,33.54,27.9,31.44,48321145
2016-07-22,31.44,33.21,31.1,32.31,16128475
2016-07-25,32.31,32.64,31.21,31.56,5808683
2016-07-26,31.56,31.79,29.79,30.05,4447236
2016-07-27,30.28,31.44,29.13,29.92,5460865
2016-07-28,31.28,31.54,29.97,30.1,6171331
2016-07-29,30.26,30.33,29.13,29.23,2700553
2016-08-01,29.56,31.26,29.33,30.23,6725490
2016-08-02,30.38,30.69,29.15,29.44,3302932
2016-08-03,29.38,29.49,28.23,28.41,2288518
2016-08-04,28.67,29.9,28.28,29.54,3774224
2016-08-05,29.82,30.36,29.59,29.87,2909668
2016-08-08,30.08,30.64,29.38,30.41,3508381
2016-08-09,30.51,31.64,29.87,30.9,5586999
2016-08-10,30.95,30.95,29.64,29.82,3202882
2016-08-11,29.67,30.1,29.26,29.56,2263599
2016-08-12,29.69,30.13,29.49,29.67,2066171
2016-08-16,29.72,29.72,28.41,28.64,2035345
2016-08-17,28.77,29.31,27.74,28.44,2811592
2016-08-18,28.87,29.33,28.62,29.15,2224934
2016-08-19,29.85,30.46,29.31,29.97,4272423
2016-08-22,29.95,30.1,29.0,29.18,1538498
2016-08-23,29.13,29.69,28.64,28.95,1726560
2016-08-24,29.08,29.36,28.67,28.9,1107094
2016-08-25,29.13,29.49,28.87,29.13,1185197
2016-08-26,29.28,29.41,28.59,28.72,870194
2016-08-29,28.46,28.92,28.41,28.59,1036843
2016-08-30,28.82,29.41,28.64,28.82,1645015
2016-08-31,29.03,30.82,28.72,29.54,3241031
2016-09-01,29.51,29.87,28.85,29.0,1442428
2016-09-02,29.1,29.38,28.67,28.87,1416705
2016-09-06,29.74,30.21,29.33,29.62,2436934
2016-09-07,29.9,30.31,29.26,29.95,2317193
2016-09-08,30.51,31.51,30.33,31.03,6970991
2016-09-09,31.18,32.03,30.56,31.67,6652061
2016-09-12,30.62,30.92,29.23,29.38,3549742
2016-09-14,29.69,30.33,29.49,29.92,2062692
2016-09-15,29.79,29.82,28.92,29.05,2214119
2016-09-16,29.44,29.69,28.77,29.38,2225537
2016-09-19,29.59,29.85,29.05,29.33,2084559
2016-09-20,29.46,29.51,28.72,28.79,1144580
2016-09-21,28.95,29.28,28.72,28.77,965685
2016-09-22,29.23,30.03,29.13,29.41,2719078
2016-09-23,29.72,30.46,29.51,29.92,3494538
2016-09-26,29.87,29.9,29.13,29.38,1531586
2016-09-27,29.49,29.92,28.97,29.72,2028278
2016-09-28,30.28,31.03,30.13,30.46,4189781
2016-09-29,30.82,31.54,25.38,27.67,6352983
2016-09-30,28.21,28.87,27.26,28.44,1754754
2016-10-03,28.77,29.41,28.72,29.13,1884025
2016-10-04,29.36,29.72,28.77,29.49,1898059
2016-10-05,30.26,30.62,29.85,30.08,4334717
2016-10-06,30.21,30.33,29.23,29.54,1759432
2016-10-07,29.56,29.74,29.23,29.33,1065036
2016-10-10,29.23,29.56,29.0,29.03,829848
2016-10-13,28.54,28.92,27.85,28.15,1009835
2016-10-14,28.21,28.36,27.82,28.03,1576989
2016-10-17,27.95,28.23,27.08,27.51,1392823
2016-10-18,27.56,28.33,27.56,28.1,1127820
2016-10-19,28.21,29.44,27.95,28.62,2788143
2016-10-20,28.72,29.13,28.49,28.87,2136638
2016-10-21,29.44,29.44,28.74,28.87,3157850
2016-10-24,29.18,29.41,28.97,29.05,1337122
2016-10-25,29.21,29.21,28.56,28.69,1161411
2016-10-26,28.82,29.41,28.51,28.74,1439181
2016-10-27,28.79,28.87,28.28,28.38,635803
2016-10-28,28.56,28.62,28.1,28.23,985583
2016-11-01,28.56,28.82,27.85,28.59,1647726
2016-11-02,28.56,28.56,27.79,27.95,1959886
2016-11-03,27.95,28.31,27.18,27.31,1069240
2016-11-04,27.31,27.41,25.67,25.85,1927871
2016-11-07,26.31,26.56,25.74,26.0,916596
2016-11-08,26.13,26.36,25.64,25.72,679043
2016-11-09,20.59,23.13,20.59,22.54,3255670
2016-11-10,23.92,24.1,23.1,23.41,1679487
2016-11-11,23.08,23.08,21.67,21.77,1115576
2016-11-15,21.79,22.1,19.31,19.56,1836213
2016-11-16,20.03,20.23,18.72,18.87,1153428
2016-11-17,18.79,19.1,18.41,18.56,999038
2016-11-18,18.56,18.74,18.05,18.28,1376929
2016-11-21,18.41,18.44,17.36,17.41,1199939
2016-11-22,17.64,17.9,16.74,17.23,1170960
2016-11-23,17.72,18.56,17.49,18.38,1479277
2016-11-24,18.31,19.05,17.95,18.82,1139477
2016-11-25,18.97,19.49,18.74,19.28,1147671
2016-11-28,19.49,19.79,19.1,19.54,945955
2016-11-29,19.69,20.31,19.59,19.74,1157435
2016-11-30,20.13,21.26,19.87,21.08,2059652
2016-12-01,21.21,21.23,20.56,20.85,866405
2016-12-02,20.77,21.72,20.26,20.95,1281933
2016-12-05,20.95,21.69,20.41,21.26,1416149
2016-12-06,22.05,22.56,21.9,22.03,2098595
2016-12-07,22.28,22.33,20.33,21.21,1194227
2016-12-08,21.49,21.74,20.92,21.05,1042549
2016-12-09,21.36,22.05,21.03,21.51,1049416
2016-12-12,21.62,21.79,21.33,21.62,601706
2016-12-13,21.49,21.72,21.28,21.38,401339
2016-12-14,21.38,21.69,21.13,21.28,437005
2016-12-15,21.28,21.56,21.05,21.15,652620
2016-12-16,21.08,21.28,20.31,20.51,984955
2016-12-19,20.51,20.69,20.15,20.21,629757
2016-12-20,20.21,20.36,19.9,19.97,389703
2016-12-21,20.03,20.21,19.67,19.77,551912
2016-12-22,19.79,19.87,19.41,19.46,402533
2016-12-23,19.44,19.74,19.41,19.51,443855
2016-12-26,19.33,19.33,18.72,18.9,439226
2016-12-27,18.74,19.64,18.72,19.51,641453
2016-12-28,19.62,20.0,19.49,19.54,346105
2016-12-29,19.49,19.79,19.49,19.54,224201
2016-12-30,19.59,20.49,19.59,20.26,542691
2017-01-02,21.03,21.51,20.56,21.13,1157495
2017-01-03,21.36,23.54,21.13,22.85,2066077
2017-01-04,23.31,23.69,22.69,23.38,2193414
2017-01-05,23.64,23.79,23.23,23.44,1183192
2017-01-06,23.54,23.56,22.44,22.56,828865
2017-01-09,22.62,22.92,22.31,22.38,505415
2017-01-10,22.36,22.87,22.36,22.62,494715
2017-01-11,22.72,22.82,22.44,22.51,576360
2017-01-12,22.56,22.72,21.97,22.18,556530
2017-01-13,22.31,22.41,21.85,22.0,449611
2017-01-16,22.13,22.92,21.85,22.31,898443
2017-01-17,22.21,23.18,22.21,22.95,974359
2017-01-18,23.05,23.28,22.67,22.74,798229
2017-01-19,22.62,23.21,22.31,22.38,620796
2017-01-20,22.44,22.64,21.82,21.9,610684
2017-01-23,21.85,22.31,21.67,22.05,478663
2017-01-24,22.03,22.31,21.77,21.85,466522
2017-01-25,22.03,22.56,21.97,22.38,797045
2017-01-27,22.56,22.67,22.05,22.13,664221
2017-01-30,22.05,22.38,21.9,21.95,564548
2017-01-31,22.0,22.31,21.82,22.08,923522
2017-02-01,22.23,24.0,22.05,23.69,4423047
2017-02-02,23.74,23.9,22.92,23.59,2712846
2017-02-03,23.72,25.28,23.44,24.95,4904818
2017-02-06,25.36,26.13,25.23,25.56,3732017
2017-02-07,25.56,25.85,24.67,24.85,1527994
2017-02-08,24.87,25.13,24.13,24.69,1238697
2017-02-09,24.82,25.62,24.77,25.03,2236383
2017-02-10,25.18,25.23,24.46,24.67,1145039
2017-02-13,25.13,25.59,24.1,24.31,1128793
2017-02-14,24.33,24.51,23.28,23.49,1054005
2017-02-15,23.54,23.67,22.33,22.44,2122282
2017-02-16,22.33,23.05,22.05,22.97,895009
2017-02-17,23.08,23.28,22.82,22.95,1033111
2017-02-20,23.03,23.46,22.82,23.33,888514
2017-02-21,23.46,24.51,23.13,24.03,1805573
2017-02-22,24.13,24.28,23.56,23.64,1165923
2017-02-23,23.79,23.87,23.33,23.38,631112
2017-02-27,23.21,24.28,21.67,23.08,1653595
2017-02-28,23.18,23.87,22.85,23.49,958488
2017-03-01,23.74,25.44,23.54,24.85,3706975
2017-03-02,25.28,26.77,25.03,25.28,6754666
2017-03-03,25.0,25.59,24.82,25.21,1123844
2017-03-06,25.31,25.9,24.79,25.1,1241125
2017-03-07,25.21,25.36,24.74,24.82,860994
2017-03-08,25.1,25.77,23.9,25.28,2091277
2017-03-09,25.1,25.49,24.74,24.85,799434
2017-03-10,25.08,25.15,24.26,24.38,757757
2017-03-14,25.1,25.38,24.77,24.82,909001
2017-03-15,24.79,26.21,24.79,25.38,2527943
2017-03-16,25.62,26.18,25.38,25.9,2815644
2017-03-17,26.08,26.21,25.03,25.26,1623489
2017-03-20,25.1,25.26,24.67,24.72,1103845
2017-03-21,24.82,25.05,24.21,24.69,1176284
2017-03-22,24.59,25.21,24.31,24.49,1746142
2017-03-23,24.62,24.97,24.54,24.67,723791
2017-03-24,24.79,25.0,23.97,24.13,1478095
2017-03-27,24.13,24.33,23.36,23.51,2209816
2017-03-28,24.62,24.74,23.85,23.9,2023856
2017-03-29,24.0,24.1,23.59,23.77,1091312
2017-03-30,24.0,24.74,23.77,24.46,2000140
2017-03-31,24.62,25.08,24.36,24.49,1492720
2017-04-03,24.62,25.79,24.49,25.46,2368772
2017-04-05,25.67,27.03,25.64,26.44,7173858
2017-04-06,26.38,26.9,26.0,26.59,4033965
2017-04-07,26.31,26.72,25.49,25.69,2608870
2017-04-10,25.79,26.72,25.69,26.49,3634561
2017-04-11,26.67,27.56,26.67,26.85,4531428
2017-04-12,27.0,27.36,25.9,27.03,3714470
2017-04-13,27.03,28.05,26.87,27.23,4734770
2017-04-17,27.38,30.21,26.82,29.69,12968074
2017-04-18,29.97,31.49,28.56,28.85,10827914
2017-04-19,28.72,30.46,28.31,30.26,6062437
2017-04-20,30.64,31.23,30.33,30.95,6229090
2017-04-21,31.08,34.0,30.87,32.56,12947568
2017-04-24,32.82,33.33,32.05,32.56,4680382
2017-04-25,32.82,32.9,31.51,31.69,2752790
2017-04-26,32.0,32.23,29.82,30.59,2999500
2017-04-27,30.77,31.51,30.13,31.03,2704594
2017-04-28,30.85,31.77,30.41,31.54,3354705
2017-05-02,32.0,32.54,31.33,32.44,3496762
2017-05-03,32.69,33.26,32.31,32.64,3853691
2017-05-04,32.67,32.9,31.95,32.51,1756187
2017-05-05,32.59,32.69,31.03,31.18,1721038
2017-05-08,31.33,34.51,30.92,34.26,9555103
2017-05-09,34.79,36.23,34.72,35.28,10288559
2017-05-10,35.44,35.54,34.31,34.69,2730648
2017-05-11,34.77,35.08,33.41,33.56,3517516
2017-05-12,33.33,34.59,32.26,33.97,5304032
2017-05-15,34.15,34.95,34.1,34.54,3363991
2017-05-16,34.74,36.26,33.87,35.79,6285963
2017-05-17,36.05,36.41,35.21,35.72,8638933
2017-05-18,34.9,35.28,33.85,33.97,3219184
2017-05-19,34.38,34.97,33.38,33.9,2436277
2017-05-22,34.13,34.31,32.85,33.03,1865194
2017-05-23,32.77,33.1,30.92,31.36,2843399
2017-05-24,31.67,32.18,30.33,30.74,2715449
2017-05-25,30.85,32.31,30.77,32.03,1913575
2017-05-26,32.28,33.79,31.79,33.62,3135373
2017-05-29,33.28,33.62,32.18,32.36,1991080
2017-05-30,32.0,32.77,31.28,32.28,1925572
2017-05-31,32.31,32.74,31.85,32.08,1528561
2017-06-01,31.15,31.95,31.15,31.31,1516978
2017-06-02,31.67,32.46,31.38,32.05,1366481
2017-06-05,32.31,34.36,31.79,33.9,3926781
2017-06-06,34.21,34.28,32.59,32.92,3187549
2017-06-07,33.03,33.44,32.46,32.9,1386814
2017-06-08,32.92,33.1,32.13,32.26,1365293
2017-06-09,32.33,33.28,32.03,33.1,2045655
2017-06-12,32.59,33.03,31.85,32.05,1425383
2017-06-13,31.95,32.51,31.28,31.59,1117932
2017-06-14,31.79,32.51,31.54,31.72,1661783
2017-06-15,31.79,33.23,31.56,32.85,3058168
2017-06-16,33.08,34.0,32.72,32.97,4899424
2017-06-19,33.18,33.28,31.92,32.08,1848328
2017-06-20,32.67,32.67,31.38,31.85,1750161
2017-06-21,31.69,32.92,31.59,32.0,2731038
2017-06-22,31.9,32.62,31.08,31.31,2109438
2017-06-23,31.59,31.79,29.95,30.41,2097301
2017-06-27,30.59,30.77,29.36,29.54,1306066
2017-06-28,29.36,30.31,29.05,29.67,1762520
2017-06-29,29.97,30.51,29.82,30.23,1314135
2017-06-30,29.74,29.95,29.38,29.54,1180622
2017-07-03,29.54,30.77,29.49,30.54,1966998
2017-07-04,30.92,31.64,30.62,30.82,2428080
2017-07-05,30.85,31.64,30.46,31.36,2137375
2017-07-06,31.74,32.56,31.38,31.64,4028922
2017-07-07,31.64,32.51,31.18,31.79,2655904
2017-07-10,32.1,32.77,31.64,31.72,496045
2017-07-11,31.54,32.69,31.08,31.9,3519716
2017-07-12,32.38,34.82,32.36,34.0,15328998
2017-07-13,34.28,34.31,32.62,32.82,3005656
2017-07-14,33.05,35.38,32.05,34.44,12341287
2017-07-17,34.67,36.05,33.62,35.51,10394976
2017-07-18,35.08,36.72,34.62,34.97,10582572
2017-07-19,35.33,36.51,35.08,35.92,6492611
2017-07-20,36.0,36.26,35.0,35.41,3195981
2017-07-21,35.46,35.59,33.95,34.38,2823199
2017-07-24,34.59,35.21,34.0,34.23,2236892
2017-07-25,34.56,34.67,33.77,33.9,2450495
2017-07-26,34.15,34.82,33.67,33.9,2742683
2017-07-27,34.15,34.26,32.31,32.41,3510315
2017-07-28,32.31,32.97,32.13,32.72,1856891
2017-07-31,32.82,33.23,32.31,32.54,2118425
2017-08-01,32.74,32.77,32.08,32.18,1328704
2017-08-02,32.36,32.54,31.77,32.0,1244799
2017-08-03,32.05,32.05,30.31,30.51,3020677
2017-08-04,30.46,30.97,30.08,30.74,1383095
2017-08-07,30.87,31.79,30.79,31.18,1678635
2017-08-08,31.28,31.38,28.97,29.28,2667374
2017-08-09,28.26,29.97,27.46,28.46,4099799
2017-08-10,28.62,28.67,26.15,27.0,2810639
2017-08-11,26.87,27.18,25.18,26.41,2351433
2017-08-14,26.87,27.67,26.74,27.51,1658591
2017-08-16,27.69,28.05,27.28,28.0,1408683
2017-08-17,28.21,29.41,27.69,28.59,3237213
2017-08-18,28.46,28.56,27.79,28.15,1267267
2017-08-21,28.21,30.03,28.21,28.59,2765527
2017-08-22,28.95,29.18,27.87,28.1,861477
2017-08-23,28.38,29.1,28.23,28.67,1097219
2017-08-24,28.72,29.13,28.21,28.64,938758
2017-08-28,29.23,29.38,28.77,28.97,1100421
2017-08-29,28.82,28.85,27.9,27.97,1082254
2017-08-30,28.26,28.9,28.21,28.44,1064777
2017-08-31,28.62,29.38,28.28,28.72,1831738
2017-09-01,28.92,29.92,28.82,29.62,2747615
2017-09-04,29.54,29.64,28.26,28.67,1392870
2017-09-05,28.87,31.08,28.79,30.82,5352772
2017-09-06,31.23,32.82,30.82,31.31,14851259
2017-09-07,31.67,32.79,31.56,31.77,5370611
2017-09-08,32.0,32.08,30.72,30.95,2426541
2017-09-11,31.31,32.56,30.97,31.92,4330745
2017-09-12,32.0,32.72,31.87,32.15,4240093
2017-09-13,32.1,32.46,31.15,31.31,2430057
2017-09-14,31.46,32.13,31.41,31.62,1803252
2017-09-15,31.41,31.67,30.67,31.33,2604227
2017-09-18,31.67,31.87,30.9,31.08,1831525
2017-09-19,31.54,32.67,31.1,31.31,5199311
2017-09-20,31.51,32.03,31.05,31.21,2971416
2017-09-21,31.44,31.46,30.36,30.69,2131839
2017-09-22,30.44,30.46,29.05,29.21,2473932
2017-09-25,29.31,29.41,27.26,27.77,2172947
2017-09-26,27.74,28.62,27.46,28.18,2031929
2017-09-27,28.51,28.56,26.74,26.97,1516436
2017-09-28,27.18,27.74,26.87,27.59,1699200
2017-09-29,27.69,28.62,27.69,28.21,1595815
2017-10-03,28.82,28.82,27.69,27.82,888539
2017-10-04,28.0,28.0,27.28,27.36,1337155
2017-10-05,27.49,28.36,27.33,27.92,1917583
2017-10-06,28.0,28.51,27.82,28.08,1836404
2017-10-09,28.03,29.59,27.9,29.08,3531168
2017-10-10,29.08,29.21,28.41,28.51,1412173
2017-10-11,28.72,29.38,27.28,27.67,2469061
2017-10-12,27.92,28.08,27.28,27.49,1389668
2017-10-13,27.59,27.85,27.23,27.33,1842096
2017-10-16,27.59,27.72,27.18,27.36,1131671
2017-10-17,27.26,28.13,27.23,27.51,1613123
2017-10-18,27.51,27.62,27.03,27.13,1030425
2017-10-19,27.26,27.59,26.67,26.92,550154
2017-10-23,27.23,28.62,26.97,28.33,3997496
2017-10-24,28.54,30.64,28.33,29.95,7768472
2017-10-25,30.18,30.46,28.97,29.56,3102016
2017-10-26,29.23,31.15,28.97,30.87,5392125
2017-10-27,31.15,31.23,29.82,30.08,2253685
2017-10-30,29.85,31.74,29.82,31.54,4381490
2017-10-31,31.49,31.64,30.56,30.9,2599424
2017-11-01,31.13,33.33,30.92,32.31,11408548
2017-11-02,32.82,33.74,31.67,32.15,7102837
2017-11-03,32.41,32.59,31.1,31.49,2736209
2017-11-06,31.28,32.03,31.0,31.28,2247464
2017-11-07,31.18,31.62,29.62,30.13,2937995
2017-11-08,30.13,30.56,29.08,29.23,1755259
2017-11-09,29.46,30.0,29.03,29.87,2092648
2017-11-10,29.49,30.26,29.18,29.56,2924378
2017-11-13,29.31,29.64,28.72,28.82,1558589
2017-11-14,28.74,29.13,28.72,28.85,1346608
2017-11-15,28.72,28.72,26.67,27.1,3314987
2017-11-16,27.36,28.21,26.77,27.95,2818821
2017-11-17,28.59,29.18,27.69,28.72,9310331
2017-11-20,28.95,30.62,28.56,30.23,6978245
2017-11-21,30.46,31.1,29.51,29.64,4838920
2017-11-22,29.77,29.95,29.31,29.46,1829587
2017-11-23,29.46,30.41,29.18,29.87,2850510
2017-11-24,29.92,31.49,29.79,31.28,6815837
2017-11-27,31.44,32.05,30.92,31.49,4341591
2017-11-28,31.28,31.95,30.59,31.23,4202018
2017-11-29,31.56,33.49,31.28,32.08,12301251
2017-11-30,31.69,32.51,31.08,31.59,5494762
2017-12-01,31.85,33.97,31.54,31.85,12712355
2017-12-04,32.1,32.28,30.38,30.95,3702047
2017-12-05,30.64,31.62,30.0,30.49,4817405
2017-12-06,30.41,30.95,29.74,29.92,3170603
2017-12-07,30.08,31.28,30.08,31.1,3754525
2017-12-08,31.28,31.9,30.82,31.03,3245296
2017-12-11,31.08,31.44,30.67,30.92,2250727
2017-12-12,30.97,32.18,30.62,31.18,5522138
2017-12-13,31.18,31.51,29.92,30.18,3286630
2017-12-14,30.26,30.59,29.13,29.77,2278450
2017-12-15,30.33,30.64,29.69,29.9,1840901
2017-12-18,29.56,30.44,28.23,29.85,2942907
2017-12-19,30.08,31.38,29.9,31.08,2938528
2017-12-20,31.03,33.21,31.03,32.67,9256396
2017-12-21,32.92,35.23,32.49,34.74,17715126
2017-12-22,35.05,36.46,34.41,35.41,14769542
2017-12-26,35.64,38.31,34.67,37.59,20768612
2017-12-27,37.9,38.31,35.69,36.44,8679058
2017-12-28,36.82,37.64,36.31,36.77,7197429
2017-12-29,36.87,37.38,36.41,36.77,5472304
2018-01-01,37.08,38.41,36.64,37.03,7796378
2018-01-02,37.33,37.36,35.46,36.33,5227471
2018-01-03,36.56,37.18,36.15,36.59,3894073
2018-01-04,36.87,38.46,36.46,37.92,8283931
2018-01-05,38.72,42.15,38.33,40.49,30759018
2018-01-08,40.51,41.51,40.05,40.95,9128542
2018-01-09,40.64,41.72,40.23,40.74,7816046
2018-01-10,40.87,43.49,40.77,42.18,17393241
2018-01-11,42.21,42.62,41.1,41.44,5624735
2018-01-12,41.72,42.21,39.49,40.79,6498188
2018-01-15,41.15,42.72,40.77,41.49,9283276
2018-01-16,41.67,41.74,39.49,39.74,5570482
2018-01-17,39.23,39.33,37.54,38.9,4507805
2018-01-18,39.23,40.41,35.95,36.87,6355680
2018-01-19,37.08,37.44,35.56,36.56,4441302
2018-01-22,36.77,37.13,36.21,36.77,2558139
2018-01-23,36.95,37.54,35.9,36.05,3005740
2018-01-24,35.9,36.31,34.9,35.13,2173577
2018-01-25,34.87,36.56,34.74,34.95,3445144
2018-01-29,34.95,35.49,34.26,34.38,1619049
2018-01-30,34.51,34.51,33.64,33.97,2212090
2018-01-31,33.72,34.95,33.64,34.21,2582469
2018-02-01,34.36,35.0,33.85,34.08,2809227
2018-02-02,33.33,33.33,29.82,30.15,4154410
2018-02-05,29.23,30.26,28.26,29.87,3223579
2018-02-06,28.08,29.08,27.21,28.59,4076568
2018-02-07,29.18,30.15,29.03,29.33,2795068
2018-02-08,29.67,30.97,29.49,30.64,3218770
2018-02-09,29.49,30.77,29.03,30.44,3249147
2018-02-12,30.74,32.31,30.72,32.13,3671143
2018-02-14,32.51,32.82,31.38,31.69,2464443
2018-02-15,31.95,32.31,30.46,30.92,2548707
2018-02-16,31.23,31.56,29.87,30.28,1720299
2018-02-19,30.36,30.67,29.1,29.72,1811779
2018-02-20,29.95,30.18,28.38,28.77,3468792
2018-02-21,29.23,29.46,28.72,29.1,1460637
2018-02-22,29.03,29.44,28.62,28.95,1145087
2018-02-23,29.23,29.67,29.03,29.49,1641074
2018-02-26,29.74,30.51,29.51,29.97,1837246
2018-02-27,30.15,30.15,28.92,29.15,1708351
2018-02-28,28.87,29.0,28.33,28.64,1839711
2018-03-01,28.56,28.87,28.15,28.23,1876172
2018-03-05,28.21,28.21,27.31,27.87,1598046
2018-03-06,28.1,28.28,26.95,27.15,1498837
2018-03-07,27.03,27.03,25.95,26.05,1978967
2018-03-08,26.18,26.46,25.23,26.1,1837430
2018-03-09,26.15,26.46,25.72,25.87,1273536
2018-03-12,26.62,26.62,25.59,26.15,1207261
2018-03-13,25.95,27.31,25.82,26.85,2801805
2018-03-14,26.67,27.67,26.13,27.0,2870521
2018-03-15,27.03,28.72,27.03,28.59,3327931
2018-03-16,28.56,28.72,27.46,27.69,1848412
2018-03-19,27.95,27.95,26.21,26.72,2066407
2018-03-20,26.44,26.95,26.0,26.13,1927120
2018-03-21,26.28,26.87,25.9,26.08,1344617
2018-03-22,26.51,26.51,24.31,24.77,2345220
2018-03-23,23.85,24.23,23.31,24.03,2314309
2018-03-26,24.1,25.18,23.69,24.95,2470285
2018-03-27,25.28,25.51,24.44,24.59,2050136
2018-03-28,24.21,24.69,23.74,23.9,1643387
2018-04-02,24.56,24.97,24.18,24.82,1469303
2018-04-03,24.56,25.64,24.46,25.56,3610299
2018-04-04,25.67,26.1,24.95,25.13,2906419
2018-04-05,25.56,26.03,25.44,25.64,1864595
2018-04-06,25.54,26.26,25.41,25.95,2459976
2018-04-09,25.92,26.85,25.92,26.64,3008671
2018-04-10,26.77,27.08,26.28,26.46,1823199
2018-04-11,26.54,26.56,25.69,26.28,2022785
2018-04-12,26.46,26.46,25.54,25.67,1577998
2018-04-13,25.74,25.95,25.03,25.18,1736695
2018-04-16,24.69,25.85,24.69,25.67,2433822
2018-04-17,25.67,26.03,25.38,25.49,2105027
2018-04-18,25.67,26.15,25.38,25.54,2662708
2018-04-19,25.56,25.74,25.28,25.41,915798
2018-04-20,25.31,25.38,24.95,25.08,982861
2018-04-23,24.9,25.33,24.87,24.97,922075
2018-04-24,25.1,25.31,24.54,24.62,1132017
2018-04-25,24.54,25.79,24.13,24.9,3946014
2018-04-26,25.08,25.26,24.1,24.18,2164508
2018-04-27,24.38,24.64,24.05,24.18,1188660
2018-04-30,24.31,24.56,24.1,24.21,1160210
2018-05-02,24.26,24.33,22.87,23.05,1451788
2018-05-03,23.05,23.08,21.31,21.85,3114051
2018-05-04,21.95,22.51,21.62,22.0,1457148
2018-05-07,22.0,22.33,21.87,22.21,798258
2018-05-08,22.21,22.97,22.21,22.46,1243288
2018-05-09,22.51,23.0,22.51,22.82,1096129
2018-05-10,22.85,22.92,21.64,21.77,1033844
2018-05-11,22.0,22.05,21.28,21.69,847445
2018-05-14,21.79,21.9,20.23,20.9,1388535
2018-05-15,20.9,21.54,20.36,20.67,874217
2018-05-16,20.46,20.79,20.31,20.46,1081026
2018-05-17,20.87,21.41,20.41,21.23,1285673
2018-05-18,21.54,21.85,21.03,21.08,1100312
2018-05-21,20.77,21.0,20.05,20.21,819429
2018-05-22,20.21,21.28,20.08,21.0,1180671
2018-05-23,21.03,21.67,20.85,21.36,1451770
2018-05-24,21.54,21.64,20.69,20.9,633742
2018-05-25,21.03,22.62,20.95,22.41,1955206
2018-05-28,22.56,22.64,21.92,22.21,1152531
2018-05-29,22.36,22.36,21.26,21.33,1166255
2018-05-30,21.36,22.15,21.08,21.82,1012745
2018-05-31,21.82,21.95,21.15,21.41,784789
2018-06-01,21.44,21.51,19.85,20.85,1615213
2018-06-04,21.54,23.23,21.54,22.46,6889748
2018-06-05,22.74,22.87,21.05,21.21,1636026
2018-06-06,21.21,22.87,20.67,22.64,2280310
2018-06-07,22.56,23.26,22.31,22.72,1707281
2018-06-08,22.44,22.72,22.18,22.56,1338668
2018-06-11,22.44,23.33,22.41,22.95,1426941
2018-06-12,22.82,23.31,22.59,23.0,1532520
2018-06-13,23.15,23.49,22.82,23.08,1906409
2018-06-14,22.97,23.18,22.49,22.77,802687
2018-06-15,22.92,22.92,22.28,22.51,812088
2018-06-18,21.82,22.26,21.67,21.82,926911
2018-06-19,21.69,21.69,21.13,21.31,740790
2018-06-20,21.54,22.05,21.23,21.64,844865
2018-06-21,21.54,21.62,21.03,21.15,708843
2018-06-22,21.13,21.13,20.69,20.9,873006
2018-06-25,21.0,21.03,20.51,20.64,679669
2018-06-26,20.56,20.72,20.21,20.41,786675
2018-06-27,20.51,20.51,19.38,19.77,995062
2018-06-28,20.0,20.0,19.18,19.56,746803
2018-06-29,19.79,20.36,19.51,20.18,900943
2018-07-02,20.15,20.28,19.28,19.59,731400
2018-07-03,19.62,19.92,19.23,19.64,573869
2018-07-04,19.79,19.79,19.13,19.51,825365
2018-07-05,19.36,19.67,19.23,19.44,574183
2018-07-06,19.51,19.82,19.21,19.54,809863
2018-07-09,19.95,20.38,19.77,20.26,805649
2018-07-10,20.44,20.97,20.13,20.79,1141269
2018-07-11,20.77,20.97,20.05,20.31,672300
2018-07-12,20.36,20.67,20.15,20.31,716206
2018-07-13,20.46,20.51,19.59,19.74,649286
2018-07-16,19.92,19.92,19.26,19.56,689337
2018-07-17,19.49,19.77,19.21,19.36,674318
2018-07-18,19.72,19.72,18.97,19.08,666458
2018-07-19,19.23,19.41,18.36,18.85,1047975
2018-07-20,18.87,18.92,18.44,18.69,595343
2018-07-23,18.72,19.44,18.49,19.28,799732
2018-07-24,19.28,21.08,19.08,20.82,1835848
2018-07-25,21.1,21.59,20.59,20.95,1375882
2018-07-26,20.9,21.33,20.38,21.15,597650
2018-07-27,21.38,21.38,20.82,21.15,603024
2018-07-30,21.08,21.51,20.82,21.38,618721
2018-07-31,21.38,22.95,21.18,22.62,2859732
2018-08-01,22.74,22.95,22.05,22.49,1346255
2018-08-02,22.44,22.44,21.49,22.05,1054416
2018-08-03,22.26,22.28,21.72,21.87,890191
2018-08-06,22.05,22.44,21.74,22.0,710787
2018-08-07,21.97,22.23,21.08,21.13,944374
2018-08-08,21.28,21.74,21.05,21.51,660188
2018-08-09,21.74,22.1,21.28,21.74,909714
2018-08-10,22.13,22.28,21.31,21.46,1569964
2018-08-13,20.85,21.1,20.64,20.79,540983
2018-08-14,21.49,21.49,20.82,21.0,548843
2018-08-16,20.56,21.49,20.51,21.28,1245860
2018-08-17,21.82,22.03,21.59,21.87,1175857
2018-08-20,22.03,22.44,21.54,21.97,1143915
2018-08-21,22.21,22.44,21.79,22.31,1293625
2018-08-23,22.95,22.95,21.69,22.54,2666678
2018-08-24,22.44,23.44,22.28,22.9,2283725
2018-08-27,23.08,23.44,22.64,23.05,1527769
2018-08-28,23.13,23.13,22.15,22.77,1019211
2018-08-29,22.92,24.21,22.26,23.82,4834091
2018-08-30,23.85,25.03,23.13,24.18,6841661
2018-08-31,24.15,26.15,24.0,25.46,7170336
2018-09-03,25.44,26.28,24.9,25.67,3640704
2018-09-04,25.64,25.87,23.85,24.33,1645524
2018-09-05,23.97,24.51,23.38,24.21,1927844
2018-09-06,24.49,24.77,24.31,24.51,974105
2018-09-07,24.51,24.62,24.05,24.28,907577
2018-09-10,24.44,24.49,23.9,24.03,1101209
2018-09-11,23.9,24.23,23.21,23.49,933703
2018-09-12,23.85,23.85,22.72,23.0,1685782
2018-09-14,23.46,24.41,23.13,24.15,1136344
2018-09-17,24.03,25.95,23.74,25.67,3992061
2018-09-18,25.87,27.54,25.28,25.41,4628900
2018-09-19,25.62,25.87,24.03,24.56,1499122
2018-09-21,24.67,24.87,19.74,21.92,3389294
2018-09-24,22.05,22.36,20.21,20.74,1744908
2018-09-25,20.64,21.28,20.0,20.74,1266742
2018-09-26,21.26,21.26,20.44,20.82,821652
2018-09-27,20.82,21.03,20.1,20.51,994401
2018-09-28,20.51,20.77,18.49,19.15,1461955
2018-10-01,19.23,19.23,18.1,19.05,975915
2018-10-03,19.44,20.62,18.82,19.85,1351708
2018-10-04,19.33,19.69,18.92,19.44,882986
2018-10-05,19.33,19.49,18.49,18.72,1187250
2018-10-08,18.69,19.26,16.82,17.49,1948999
2018-10-09,17.9,18.36,17.44,17.74,1513146
2018-10-10,17.77,19.15,17.69,18.95,1486112
2018-10-11,18.0,19.13,18.0,18.59,471678
2018-10-12,19.05,19.49,18.92,19.38,820334
2018-10-15,19.67,19.79,18.92,19.67,798168
2018-10-16,19.77,20.33,19.54,19.9,887198
2018-10-17,20.31,20.41,18.77,18.92,1155707
2018-10-19,18.67,18.92,17.95,18.03,771009
2018-10-22,18.18,18.31,17.49,17.77,681393
2018-10-23,17.69,17.82,17.03,17.21,576958
2018-10-24,17.46,17.79,17.13,17.64,573548
2018-10-25,17.33,17.36,16.87,17.13,631896
2018-10-26,17.13,17.54,16.69,17.31,528487
2018-10-29,17.03,18.33,16.95,18.1,1104990
2018-10-30,18.21,18.31,17.64,17.92,682779
2018-10-31,18.13,18.41,17.44,18.36,913482
2018-11-01,18.49,19.13,18.15,18.64,1193964
2018-11-02,18.9,19.9,18.82,19.18,1385872
2018-11-05,19.33,19.38,18.64,18.95,737947
2018-11-06,19.0,19.1,18.44,18.74,530693
2018-11-07,18.67,18.92,18.62,18.77,142008
2018-11-09,18.92,19.18,18.33,18.92,685408
2018-11-12,19.08,19.21,17.79,17.9,1476738
2018-11-13,17.92,18.15,17.62,18.03,523747
2018-11-14,18.05,18.23,17.77,17.9,477693
2018-11-15,17.9,18.26,17.72,17.95,1870223
2018-11-16,17.85,18.08,17.69,17.82,523879
2018-11-19,17.92,18.26,17.74,18.0,612526
2018-11-20,17.95,18.1,17.38,17.69,471196
2018-11-21,17.72,18.08,17.46,17.85,533023
2018-11-22,17.85,18.1,17.62,17.72,510543
2018-11-26,17.74,17.9,17.1,17.79,851093
2018-11-27,17.74,17.87,17.44,17.59,603734
2018-11-28,17.49,17.64,17.28,17.38,637069
2018-11-29,17.41,17.59,17.23,17.33,443401
2018-11-30,17.41,17.49,17.18,17.33,547792
2018-12-03,17.49,19.59,17.23,18.92,1936426
2018-12-04,19.1,19.13,18.33,18.51,957509
2018-12-05,18.46,18.51,17.85,18.08,609974
2018-12-06,18.08,18.08,17.36,17.54,591334
2018-12-07,17.74,17.74,17.23,17.36,395058
2018-12-10,17.18,17.18,15.15,16.05,1148266
2018-12-11,15.9,16.67,15.64,16.44,1041622
2018-12-12,16.64,17.82,16.44,17.64,1071436
2018-12-13,17.85,18.41,17.54,17.77,708751
2018-12-14,17.77,18.1,17.46,17.67,477091
2018-12-17,17.56,17.95,17.44,17.54,541131
2018-12-18,17.54,17.79,17.38,17.62,470096
2018-12-19,17.77,18.92,17.59,18.36,1736767
2018-12-20,18.33,19.03,18.26,18.56,1106984
2018-12-21,18.46,19.79,18.08,18.44,856901
2018-12-24,18.46,18.87,18.23,18.41,676822
2018-12-26,18.41,18.41,17.82,18.15,490595
2018-12-27,18.41,18.46,17.97,18.15,445633
2018-12-28,18.46,18.87,18.23,18.62,678926
2018-12-31,18.82,18.87,18.49,18.64,493243
2019-01-01,18.77,19.36,18.54,18.87,1545039
2019-01-02,18.87,19.13,17.26,18.03,1510898
2019-01-03,17.69,18.0,17.44,17.69,1506011
2019-01-04,17.87,18.08,17.62,17.79,535963
2019-01-07,18.44,18.92,18.21,18.38,1695969
2019-01-08,18.44,18.82,18.21,18.33,761844
2019-01-09,18.44,18.56,18.0,18.08,551193
2019-01-10,18.08,18.44,17.85,17.97,1150128
2019-01-11,17.92,17.92,17.67,17.87,610026
2019-01-14,17.77,18.18,17.54,17.85,355619
2019-01-15,17.79,18.21,17.77,18.08,502525
2019-01-16,18.21,18.31,17.9,18.05,465016
2019-01-17,18.08,18.28,17.59,17.79,680525
2019-01-18,17.9,18.03,17.56,17.69,423302
2019-01-21,17.69,17.85,17.49,17.56,430156
2019-01-22,17.49,17.67,17.44,17.59,437067
2019-01-23,17.51,17.69,17.44,17.56,426213
2019-01-24,17.51,17.87,17.44,17.51,359865
2019-01-25,17.59,17.62,16.77,16.97,525552
2019-01-28,16.95,17.1,16.05,16.31,559896
2019-01-29,16.51,16.67,15.82,16.31,442757
2019-01-30,16.33,16.62,16.33,16.46,228259
2019-01-31,16.49,17.28,16.44,17.13,332742
2019-02-01,17.15,17.82,16.72,17.38,735959
2019-02-04,17.59,17.59,16.31,16.41,603630
2019-02-05,16.41,16.56,16.05,16.21,462565
2019-02-06,16.23,16.23,15.64,15.95,577834
2019-02-07,15.95,16.21,15.74,15.95,357386
2019-02-08,15.95,16.62,15.95,16.21,840039
2019-02-11,16.23,16.56,15.77,15.92,649091
2019-02-12,16.18,16.18,15.54,15.72,468296
2019-02-13,15.9,16.03,15.51,15.85,458209
2019-02-14,15.85,16.1,15.49,15.77,484667
2019-02-15,16.05,16.05,15.28,15.62,1292942
2019-02-18,15.77,15.77,14.72,14.97,628938
2019-02-19,15.03,15.51,15.03,15.31,587720
2019-02-20,15.38,15.95,15.28,15.46,1174554
2019-02-21,15.46,15.85,15.21,15.69,502418
2019-02-22,16.13,16.67,15.97,16.51,1776385
2019-02-25,17.18,17.31,16.56,16.69,2297149
2019-02-26,16.26,16.64,15.72,16.46,1071153
2019-02-27,16.46,16.87,15.64,16.1,770810
2019-02-28,16.13,16.33,15.92,16.1,304740
2019-03-01,16.18,16.87,16.03,16.77,738734
2019-03-05,16.85,17.79,16.67,17.56,1615204
2019-03-06,17.72,18.05,17.21,17.44,1228403
2019-03-07,17.44,18.33,17.31,17.56,1665750
2019-03-08,17.54,17.54,17.13,17.26,582292
2019-03-11,17.31,18.03,17.28,17.77,876716
2019-03-12,18.0,18.36,17.62,17.74,1174644
2019-03-13,17.77,18.21,17.59,17.9,1256333
2019-03-14,18.31,18.44,17.56,18.21,2346589
2019-03-15,18.36,18.41,17.51,17.77,1317969
2019-03-18,17.77,17.9,17.36,17.64,703443
2019-03-19,17.56,18.44,17.54,17.87,1221141
2019-03-20,17.82,18.21,17.64,17.74,705961
2019-03-22,17.85,17.92,17.33,17.41,618507
2019-03-25,17.31,17.31,16.95,17.03,534312
2019-03-26,17.28,17.49,16.97,17.23,929314
2019-03-27,17.18,17.36,16.67,16.9,984433
2019-03-28,16.9,17.31,16.9,17.08,1135809
2019-03-29,17.1,17.54,17.1,17.23,737463
2019-04-01,17.51,17.59,17.31,17.44,487083
2019-04-02,17.62,17.67,17.13,17.33,798962
2019-04-03,17.38,18.13,17.26,17.36,1731660
2019-04-04,17.44,17.44,17.08,17.15,571489
2019-04-05,17.23,17.38,17.15,17.21,391121
2019-04-08,17.28,17.77,17.0,17.15,1265535
2019-04-09,17.33,17.36,16.87,17.18,610397
2019-04-10,17.18,17.74,17.13,17.49,1133360
2019-04-11,17.49,17.54,17.18,17.31,390097
2019-04-12,17.38,17.44,17.21,17.31,419591
2019-04-15,16.97,17.46,16.97,17.31,400965
2019-04-16,17.44,17.44,17.18,17.23,324279
2019-04-18,17.08,17.33,16.87,17.03,598032
2019-04-22,17.03,17.13,16.41,16.49,487075
2019-04-23,16.56,16.56,16.13,16.18,437463
2019-04-24,16.21,16.44,16.21,16.38,323400
2019-04-25,16.64,16.64,16.1,16.15,289844
2019-04-26,16.18,16.31,16.08,16.1,298904
2019-04-30,16.38,16.51,15.46,15.51,780837
2019-05-02,15.85,15.85,15.51,15.56,261393
2019-05-03,15.44,15.72,15.13,15.21,515089
2019-05-06,15.13,15.49,14.95,15.31,306548
2019-05-07,15.44,15.51,14.92,15.03,320340
2019-05-08,14.92,14.95,14.49,14.51,463016
2019-05-09,14.36,14.92,14.36,14.85,307304
2019-05-10,14.87,15.0,14.56,14.64,223335
2019-05-13,14.36,14.54,13.95,14.05,304110
2019-05-14,13.85,14.08,13.67,13.9,315414
2019-05-15,14.0,14.46,13.85,14.03,379277
2019-05-16,13.87,14.15,13.79,14.05,228797
2019-05-17,13.85,14.23,13.85,14.13,235704
2019-05-20,14.85,14.92,14.46,14.82,480379
2019-05-21,14.82,14.95,13.74,14.46,430265
2019-05-22,14.77,15.1,14.51,14.95,391817
2019-05-23,15.15,15.79,15.08,15.54,824146
2019-05-24,15.85,17.69,15.56,17.46,2700750
2019-05-27,17.54,18.33,17.54,18.1,1697578
2019-05-28,18.31,18.46,18.0,18.18,1006103
2019-05-29,18.31,18.31,17.54,17.59,527420
2019-05-30,17.74,18.1,17.41,17.59,890760
2019-05-31,18.31,18.38,17.18,17.36,1746339
2019-06-03,17.41,17.69,17.21,17.38,447012
2019-06-04,17.44,17.87,17.18,17.26,503549
2019-06-06,17.33,17.44,16.31,16.62,643598
2019-06-07,16.85,16.85,16.0,16.05,459046
2019-06-10,16.28,16.51,15.59,15.72,519646
2019-06-11,15.82,16.0,15.69,15.74,281708
2019-06-12,15.69,15.87,15.38,15.62,217232
2019-06-13,15.46,15.69,15.18,15.23,326816
2019-06-14,15.18,15.33,15.08,15.15,228464
2019-06-17,15.03,15.59,14.9,15.31,388325
2019-06-18,15.49,15.49,14.77,14.9,266617
2019-06-19,15.13,15.54,14.26,14.44,477594
2019-06-20,14.62,14.92,14.21,14.82,283889
2019-06-21,14.85,15.21,14.59,14.87,298775
2019-06-24,14.95,15.28,14.64,14.87,365615
2019-06-25,14.87,15.05,14.72,14.92,124657
2019-06-26,14.97,15.38,14.9,14.97,361666
2019-06-27,14.97,15.9,14.97,15.72,790558
2019-06-28,15.69,15.9,15.18,15.26,351047
2019-07-01,15.9,16.87,15.9,16.49,1635197
2019-07-02,16.49,16.67,16.18,16.36,431650
2019-07-03,16.03,16.62,16.03,16.23,509564
2019-07-04,16.15,16.59,15.97,16.26,309556
2019-07-05,16.67,16.77,15.69,16.08,836531
2019-07-08,15.9,16.05,15.28,15.38,535039
2019-07-09,15.18,15.56,15.13,15.23,556743
2019-07-10,15.23,15.54,15.23,15.41,297061
2019-07-11,15.46,15.64,15.38,15.49,200284
2019-07-12,15.46,15.59,15.38,15.51,393500
2019-07-15,15.69,16.1,15.38,15.46,558254
2019-07-16,15.41,15.74,15.41,15.51,389191
2019-07-17,15.44,15.74,15.36,15.49,525022
2019-07-18,15.41,15.51,15.13,15.23,285105
2019-07-19,15.28,15.49,14.97,15.03,572274
2019-07-22,15.08,15.08,14.36,14.72,402262
2019-07-23,14.44,15.13,14.44,14.82,349017
2019-07-24,14.85,15.05,14.18,14.26,421721
2019-07-25,14.26,14.56,14.1,14.18,230845
2019-07-26,14.1,14.87,14.05,14.79,393329
2019-07-29,14.82,14.82,14.1,14.21,389368
2019-07-30,14.1,14.31,13.38,13.51,338079
2019-07-31,13.44,14.15,13.18,13.87,542342
2019-08-01,13.64,14.0,13.31,13.44,319318
2019-08-02,13.59,13.82,13.23,13.59,311674
2019-08-05,13.49,13.64,13.15,13.46,308344
2019-08-06,13.44,13.79,13.38,13.62,276494
2019-08-07,13.64,13.85,13.41,13.51,225365
2019-08-08,13.46,13.74,13.36,13.62,188021
2019-08-09,13.56,14.21,13.54,14.0,289877
2019-08-13,13.77,13.92,13.26,13.38,391743
2019-08-14,13.44,13.56,13.15,13.46,221650
2019-08-16,13.33,13.59,13.13,13.49,265401
2019-08-19,13.74,13.9,13.46,13.79,183526
2019-08-20,13.85,13.97,13.33,13.44,239702
2019-08-21,13.77,13.77,12.92,13.13,276623
2019-08-22,13.08,13.08,12.36,12.46,440772
2019-08-23,12.36,13.13,11.85,12.64,519851
2019-08-26,13.13,13.23,12.56,12.64,284575
2019-08-27,12.79,13.44,12.77,13.36,602778
2019-08-28,13.41,14.31,13.31,14.1,797383
2019-08-29,13.9,15.95,13.72,15.46,1842174
2019-08-30,15.9,16.36,15.38,16.05,984583
2019-09-03,15.97,16.79,15.9,16.51,1167854
2019-09-04,16.77,17.41,16.62,17.23,988399
2019-09-05,17.23,17.28,16.92,17.05,742188
2019-09-06,17.18,17.87,16.97,17.46,911992
2019-09-09,17.44,17.69,17.28,17.44,811350
2019-09-11,17.67,18.21,17.18,18.03,1055054
2019-09-12,18.21,18.44,17.87,18.1,725816
2019-09-13,18.0,18.67,17.9,18.44,767013
2019-09-16,18.44,18.67,18.1,18.44,899621
2019-09-17,18.62,18.92,17.85,18.18,863653
2019-09-18,18.41,18.41,17.95,18.31,345698
2019-09-19,18.49,18.49,17.85,18.1,425677
2019-09-20,17.95,18.36,17.31,17.77,1418634
2019-09-23,17.92,18.23,17.26,17.64,567707
2019-09-24,17.77,17.82,17.1,17.46,333432
2019-09-25,17.54,18.38,17.23,18.08,441340
2019-09-26,18.21,18.33,17.77,18.08,455945
2019-09-27,18.13,18.49,17.54,17.77,669956
2019-09-30,17.95,17.95,17.08,17.36,283081
2019-10-01,17.33,17.36,15.9,16.13,688251
2019-10-03,16.51,16.51,15.49,15.64,197271
2019-10-04,15.69,16.05,15.41,15.51,142701
2019-10-07,15.77,15.95,14.87,14.92,183446
2019-10-09,15.1,15.1,14.08,14.72,530445
2019-10-10,14.87,15.1,14.38,14.51,185464
2019-10-11,14.54,15.08,14.1,14.28,235981
2019-10-14,14.59,15.08,14.49,15.0,277590
2019-10-15,15.33,15.33,14.92,15.05,204882
2019-10-16,15.05,15.31,14.49,14.77,212953
2019-10-17,14.77,15.15,14.69,14.87,166391
2019-10-18,14.87,15.38,14.36,15.26,351879
2019-10-22,15.18,15.54,14.87,15.41,278803
2019-10-23,15.18,16.1,15.18,15.95,401168
2019-10-24,15.9,16.56,15.82,16.08,589828
2019-10-25,16.1,16.36,15.9,16.0,317598
2019-10-29,16.31,16.46,15.97,16.03,350606
2019-10-30,15.95,16.46,15.92,16.1,355655
2019-10-31,16.77,16.92,16.28,16.36,419975
2019-11-01,16.33,16.56,15.97,16.31,206269
2019-11-04,16.49,16.77,15.97,16.08,264603
2019-11-05,16.15,16.26,15.92,16.03,212774
2019-11-06,16.26,17.33,16.15,17.23,960128
2019-11-07,17.95,18.08,16.82,17.05,827101
2019-11-08,17.28,17.28,16.92,16.95,311762
2019-11-11,17.1,17.1,16.92,16.95,155274
2019-11-13,17.18,17.18,16.92,16.97,341749
2019-11-14,17.0,17.05,16.79,16.92,422023
2019-11-15,17.64,18.13,17.33,17.62,440290
2019-11-18,17.95,17.95,16.56,17.31,640538
2019-11-19,17.36,17.62,16.92,17.23,421929
2019-11-20,17.33,17.44,17.1,17.33,206249
2019-11-21,17.33,18.1,17.33,17.62,453710
2019-11-22,17.69,17.74,17.08,17.46,340585
2019-11-25,17.26,18.03,17.26,17.62,534832
2019-11-26,17.69,17.74,17.05,17.18,402418
2019-11-27,17.15,17.69,17.03,17.41,540464
2019-11-28,17.41,17.64,17.03,17.15,424347
2019-11-29,17.21,17.41,17.03,17.28,343420
2019-12-02,17.1,17.54,17.1,17.21,509594
2019-12-03,17.15,17.41,17.05,17.28,301834
2019-12-04,17.26,17.77,17.13,17.44,264511
2019-12-05,17.33,17.64,17.23,17.31,122680
2019-12-06,17.28,17.31,16.97,17.03,225145
2019-12-09,17.28,17.95,16.87,17.13,570833
2019-12-10,17.15,17.18,16.41,16.49,458188
2019-12-11,16.51,16.74,16.15,16.28,289448
2019-12-12,16.41,16.59,16.15,16.21,118470
2019-12-13,16.26,16.56,16.21,16.41,221229
2019-12-16,16.44,16.82,16.31,16.49,349645
2019-12-17,16.56,17.05,16.36,16.77,263265
2019-12-18,16.72,17.0,16.54,16.64,225195
2019-12-19,16.67,16.82,16.33,16.46,236053
2019-12-20,16.41,16.64,16.0,16.13,461175
2019-12-23,16.13,16.36,15.92,16.0,256333
2019-12-24,16.15,16.31,15.95,15.97,159785
2019-12-26,16.03,16.51,15.79,16.31,441572
2019-12-27,16.38,17.31,16.31,17.03,699013
2019-12-30,16.97,17.82,16.97,17.72,1025931
2019-12-31,17.67,18.05,17.26,17.44,922976
2020-01-01,17.44,18.1,17.23,17.82,791464
2020-01-02,17.9,18.59,17.62,18.03,973575
2020-01-03,18.26,19.54,18.03,18.62,2143522
2020-01-06,18.46,18.46,17.0,17.1,1132366
2020-01-07,17.41,17.79,17.28,17.64,680217
2020-01-08,17.38,17.87,17.1,17.72,340733
2020-01-09,17.95,19.49,17.9,19.33,2322719
2020-01-10,19.69,20.67,19.36,20.15,3374874
2020-01-13,20.26,20.26,19.21,19.44,776603
2020-01-14,19.77,19.92,19.13,19.26,434930
2020-01-15,19.28,20.9,19.15,20.13,2526498
2020-01-16,20.21,20.41,19.64,20.08,847921
2020-01-17,20.18,20.82,19.64,19.72,1400462
2020-01-20,19.72,19.85,18.85,18.97,787453
2020-01-21,18.85,19.33,18.85,18.9,523031
2020-01-22,19.03,19.28,18.13,18.51,833805
2020-01-23,18.67,19.15,18.36,18.9,637533
2020-01-24,18.87,19.21,18.79,18.92,536078
2020-01-27,18.79,19.36,18.33,18.49,791084
2020-01-28,18.62,18.92,18.0,18.08,664734
2020-01-29,18.36,18.38,17.97,18.05,295651
2020-01-30,18.03,18.54,17.85,18.18,392394
2020-01-31,18.87,19.49,18.46,18.59,1988611
2020-02-01,18.9,19.33,16.97,17.28,972155
2020-02-03,16.56,17.28,16.56,17.05,434380
2020-02-04,17.44,17.74,17.1,17.62,334548
2020-02-05,17.44,18.0,17.28,17.44,491425
2020-02-06,17.46,17.85,17.28,17.44,609422
2020-02-07,17.44,17.44,16.92,17.18,772183
2020-02-10,17.1,17.49,16.85,17.26,481810
2020-02-11,17.18,17.56,17.08,17.13,239304
2020-02-12,17.13,17.33,16.82,17.0,263823
2020-02-13,17.08,17.15,16.67,17.0,223774
2020-02-14,17.05,17.31,16.41,16.77,313012
2020-02-17,17.18,17.21,16.56,16.59,282904
2020-02-18,16.64,16.67,15.95,16.31,282280
2020-02-19,16.46,16.77,16.23,16.59,165280
2020-02-20,16.54,16.54,16.23,16.41,309972
2020-02-24,16.15,16.21,15.9,15.95,272479
2020-02-25,15.92,16.1,15.54,15.64,806052
2020-02-26,15.64,15.77,15.41,15.41,219238
2020-02-27,15.54,15.59,14.64,15.05,313000
2020-02-28,15.05,15.05,13.72,14.28,247367
2020-03-02,14.74,14.9,13.85,13.95,283943
2020-03-03,14.46,15.18,13.77,14.36,325989
2020-03-04,15.1,15.23,14.36,15.08,458422
2020-03-05,15.08,15.38,14.87,15.36,363261
2020-03-06,15.0,15.33,14.59,15.18,362105
2020-03-09,13.97,14.87,13.97,14.77,613076
2020-03-11,14.21,14.72,14.21,14.54,226157
2020-03-12,13.95,14.15,12.1,12.36,2227021
2020-03-13,10.77,12.26,10.03,12.1,1267583
2020-03-16,11.85,12.0,10.95,11.31,548564
2020-03-17,11.21,12.1,11.21,11.46,244625
2020-03-18,11.59,13.03,10.15,10.38,1089468
2020-03-19,9.74,10.36,9.44,10.03,462175
2020-03-20,10.03,10.33,9.51,9.85,1076465
2020-03-23,9.41,9.41,7.95,8.03,642467
2020-03-24,8.33,8.79,6.67,7.54,738557
2020-03-25,7.56,8.28,7.21,8.28,413517
2020-03-26,8.72,9.1,8.08,9.1,630979
2020-03-27,9.44,9.95,9.13,9.51,855155
2020-03-30,9.44,9.97,9.08,9.87,273273
2020-03-31,10.26,10.36,9.59,10.15,253375
2020-04-01,10.05,10.21,9.74,10.13,191872
2020-04-03,9.74,10.05,9.64,9.85,133573
2020-04-07,9.9,10.13,9.64,10.03,219585
2020-04-08,10.03,10.33,9.54,9.62,360153
2020-04-09,9.77,9.92,9.51,9.64,245138
2020-04-13,9.79,9.85,9.18,9.18,215574
2020-04-15,9.23,9.26,9.03,9.1,271890
2020-04-16,9.21,9.23,8.77,9.13,239924
2020-04-17,9.13,9.49,9.13,9.28,533031
2020-04-20,9.64,9.64,9.26,9.44,540006
2020-04-21,9.49,9.49,9.13,9.38,227436
2020-04-22,9.18,9.38,9.15,9.23,251390
2020-04-23,9.05,9.23,9.05,9.18,240497
2020-04-24,8.77,9.15,8.74,8.74,321711
2020-04-27,8.44,8.92,8.44,8.62,319732
2020-04-28,8.67,8.67,8.28,8.62,122598
2020-04-29,8.67,8.85,8.59,8.67,348172
2020-04-30,8.72,8.95,8.62,8.64,447174
2020-05-04,8.41,8.59,8.31,8.51,189723
2020-05-05,8.54,8.59,8.31,8.36,224593
2020-05-06,8.38,8.64,7.95,8.1,172259
2020-05-07,8.21,8.26,7.77,7.9,245431
2020-05-08,8.15,8.15,7.59,7.67,437966
2020-05-11,8.03,8.03,7.56,7.69,371771
2020-05-12,7.9,7.9,7.54,7.67,207086
2020-05-13,8.03,8.03,7.64,7.69,650887
2020-05-14,7.85,7.85,7.33,7.64,189321
2020-05-15,7.82,7.82,7.36,7.67,118066
2020-05-18,7.82,7.82,7.31,7.41,213665
2020-05-19,7.49,7.69,7.33,7.51,188376
2020-05-20,7.77,7.77,7.36,7.56,130242
2020-05-21,7.67,7.77,7.59,7.69,126779
2020-05-22,7.69,7.69,7.33,7.49,150368
2020-05-26,7.49,7.56,7.36,7.44,158847
2020-05-27,7.62,7.62,7.46,7.51,134704
2020-05-28,7.54,7.72,7.38,7.67,191322
2020-05-29,7.69,7.72,7.56,7.69,173263
2020-06-01,7.72,8.0,7.59,7.69,959580
2020-06-02,7.85,7.85,7.56,7.69,543956
2020-06-03,7.79,8.08,7.62,7.97,2833610
2020-06-04,8.13,8.36,7.82,8.36,1265455
2020-06-05,8.82,9.18,8.79,9.18,1146339
2020-06-08,9.64,10.08,9.51,10.03,1580213
2020-06-09,10.36,11.03,10.21,11.03,1758472
2020-06-10,11.49,11.56,11.41,11.56,239719
2020-06-11,12.13,12.13,11.0,12.13,1876484
2020-06-12,11.64,12.69,11.54,12.46,1135425
2020-06-15,12.82,12.82,12.03,12.31,1014334
2020-06-16,12.54,12.77,11.69,12.31,1039758
2020-06-17,12.26,12.26,11.9,11.97,351214
2020-06-18,11.97,12.31,11.79,12.13,450694
2020-06-19,12.46,12.46,11.9,12.31,294524
2020-06-22,12.87,12.92,12.44,12.64,553393
2020-06-23,12.67,12.67,12.31,12.36,343217
2020-06-24,12.18,12.56,12.15,12.31,542623
2020-06-25,12.31,12.41,11.9,12.0,107952
2020-06-26,11.92,12.23,11.74,11.79,328489
2020-06-29,11.85,11.85,11.36,11.46,266013
2020-06-30,11.46,12.03,11.46,11.62,247074
2020-07-01,11.62,12.0,11.54,11.77,259276
2020-07-02,11.95,12.33,11.74,12.33,524667
2020-07-03,12.95,12.95,11.9,12.05,1051029
2020-07-06,12.08,12.51,11.95,12.28,224158
2020-07-07,12.33,12.33,11.82,12.03,234136
2020-07-08,12.33,12.33,11.79,11.9,301004
2020-07-09,12.26,12.26,11.79,11.87,186437
2020-07-10,11.87,12.0,11.79,11.82,185195
2020-07-13,11.87,11.95,11.74,11.79,198664
2020-07-14,11.54,11.74,11.41,11.51,605091
2020-07-15,11.62,11.79,11.28,11.33,415993
2020-07-16,11.33,11.51,11.15,11.36,145635
2020-07-17,11.36,11.77,11.26,11.56,449317
2020-07-20,11.69,11.85,11.38,11.46,280932
2020-07-21,11.64,11.64,11.28,11.31,296790
2020-07-22,11.33,11.44,10.95,11.26,314515
2020-07-23,11.26,11.44,11.08,11.26,343531
2020-07-24,11.28,11.33,11.05,11.28,408804
2020-07-27,11.28,11.62,11.1,11.23,399986
2020-07-28,11.28,11.33,11.03,11.1,171299
2020-07-29,11.13,11.23,10.85,11.13,253634
2020-07-30,11.13,11.23,10.79,11.08,337477
2020-07-31,11.08,11.1,10.9,10.97,326455
2020-08-03,11.49,11.49,10.82,11.08,237465
2020-08-04,10.95,11.18,10.82,10.97,193832
2020-08-05,11.15,11.51,11.0,11.51,450196
2020-08-06,11.92,12.08,11.62,12.08,357060
2020-08-07,12.54,14.49,11.69,14.49,2561226
2020-08-10,15.54,15.9,13.44,14.18,2046000
2020-08-11,14.13,14.85,14.05,14.51,1059186
2020-08-12,14.05,14.36,13.97,14.1,533697
2020-08-13,14.31,14.56,13.59,13.59,313965
2020-08-14,13.33,14.1,13.33,13.59,243059
2020-08-17,14.05,14.44,13.38,13.67,262965
2020-08-18,13.51,14.1,13.51,13.85,429860
2020-08-19,14.05,15.82,13.62,15.05,2392472
2020-08-20,14.72,15.72,14.59,14.77,1521196
2020-08-21,14.95,15.36,14.62,14.82,813778
2020-08-24,15.38,17.77,15.38,17.77,2735651
2020-08-25,19.49,19.62,17.72,18.21,3596952
2020-08-26,18.97,19.44,18.23,18.64,1130273
2020-08-27,19.0,19.41,17.56,17.79,1144132
2020-08-28,17.85,18.23,17.21,17.33,636377
2020-08-31,17.79,17.79,15.49,15.77,870519
2020-09-01,15.9,16.15,15.13,15.46,297488
2020-09-02,15.85,16.9,15.64,16.67,584614
2020-09-03,16.72,17.05,15.95,16.28,275016
2020-09-04,16.31,16.31,15.79,15.87,288805
2020-09-07,15.38,19.03,15.38,16.1,319236
2020-09-08,16.33,16.41,15.21,15.33,371169
2020-09-09,15.13,15.31,14.59,14.85,608654
2020-09-10,14.9,15.9,14.59,15.0,1062727
2020-09-11,15.0,15.59,14.85,15.03,311520
2020-09-14,15.03,15.38,14.92,15.1,494820
2020-09-15,15.26,15.59,14.79,14.92,581689
2020-09-16,15.36,15.36,14.67,14.72,361592
2020-09-17,14.77,14.9,14.36,14.62,217187
2020-09-18,14.82,14.87,14.44,14.54,142326
2020-09-21,14.54,14.67,13.64,13.74,294401
2020-09-22,13.74,14.31,13.31,13.79,241412
2020-09-23,14.05,14.05,13.33,13.41,177955
2020-09-24,14.05,14.82,13.49,13.72,1339341
2020-09-25,14.26,16.26,14.1,15.41,1774468
2020-09-28,15.79,16.74,15.38,16.31,1206651
2020-09-29,16.31,16.64,15.69,15.9,586262
2020-09-30,16.23,16.31,15.72,15.9,377401
2020-10-01,16.0,16.38,15.85,16.05,527541
2020-10-05,15.9,19.18,15.62,18.59,4789588
2020-10-06,19.4,20.35,18.45,20.35,578056
2020-10-07,21.35,21.35,21.35,21.35,19481
2020-10-08,22.4,22.4,21.35,22.4,487387
2020-10-09,22.05,22.05,21.3,21.3,298170
2020-10-12,20.5,21.0,20.25,20.25,49231
2020-10-13,19.25,19.9,19.25,19.25,162015
2020-10-14,19.0,19.2,18.3,18.45,176178
2020-10-15,18.45,19.35,18.45,19.35,61651
2020-10-16,20.3,20.3,18.9,19.0,150710
2020-10-19,19.0,19.75,18.55,19.1,81725
2020-10-20,19.95,21.2,19.15,19.5,400230
2020-10-21,19.55,19.95,19.0,19.7,263878
2020-10-22,19.75,20.0,19.0,19.25,197260
2020-10-23,19.5,19.7,19.15,19.25,163672
2020-10-26,19.9,19.9,18.75,18.95,144822
2020-10-27,19.25,19.25,18.5,18.75,91230
2020-10-28,18.6,18.95,17.55,18.2,180355
2020-10-29,18.0,18.2,17.3,17.95,74141
2020-10-30,18.0,18.6,18.0,18.1,63031
2020-11-02,18.45,18.8,18.2,18.6,109513
2020-11-03,18.95,18.95,17.9,18.05,66802
2020-11-04,18.45,18.85,17.65,18.15,83966
2020-11-05,17.95,18.5,17.95,18.4,234105
2020-11-06,18.9,18.9,17.9,18.05,177683
2020-11-09,18.65,18.65,16.75,17.85,251530
2020-11-10,18.2,18.25,17.8,17.95,182620
2020-11-11,17.9,18.15,17.75,18.0,158184
2020-11-12,17.65,18.2,17.65,18.0,216366
2020-11-13,18.0,18.1,17.8,17.95,88490
2020-11-14,18.2,18.2,17.8,18.0,74140
2020-11-17,18.4,18.4,17.95,18.2,211069
2020-11-18,18.45,20.45,18.05,20.0,696039
2020-11-19,19.9,24.0,19.9,22.95,2715400
2020-11-20,23.4,23.85,21.3,21.55,866617
2020-11-23,23.4,25.85,23.0,25.75,4611383
2020-11-24,27.25,27.8,25.95,26.9,2335680
2020-11-25,27.45,28.0,25.3,26.25,837700
2020-11-26,27.2,27.2,25.5,26.3,415690
2020-11-27,26.8,27.0,26.1,26.4,363183
2020-12-01,27.1,27.1,25.9,26.4,438701
2020-12-02,26.8,26.8,25.35,26.35,452983
2020-12-03,26.65,27.6,26.05,26.95,602454
2020-12-04,27.45,28.3,26.85,27.3,933316
2020-12-07,27.9,27.9,27.05,27.15,533527
2020-12-08,27.2,27.3,24.9,25.9,871077
2020-12-09,26.3,27.6,26.05,26.6,842962
2020-12-10,26.6,26.85,25.7,26.0,416175
2020-12-11,26.25,26.95,25.5,25.85,679762
2020-12-14,26.1,26.4,25.45,25.95,464932
2020-12-15,26.1,26.15,25.5,25.65,302512
2020-12-16,25.8,26.7,25.5,26.35,1166470
2020-12-17,26.7,27.45,26.0,26.2,1841535
2020-12-18,26.45,26.5,24.75,24.95,995927
2020-12-21,25.0,26.35,23.85,24.6,2080641
2020-12-22,24.5,25.4,22.65,24.45,576182
2020-12-23,24.5,25.2,24.25,24.7,395834
2020-12-24,24.9,25.75,23.95,24.2,674570
2020-12-28,24.2,26.6,24.2,26.45,1636010
2020-12-29,28.35,28.4,26.55,27.5,2642593
2020-12-30,27.65,27.65,26.3,27.15,795226
2020-12-31,27.0,27.45,27.0,27.1,427605
2021-01-01,27.2,27.25,26.75,26.85,336364
2021-01-04,27.45,27.75,26.6,26.85,669866
2021-01-05,26.8,27.35,26.55,26.85,609495
2021-01-06,27.15,27.3,26.25,26.7,725241
2021-01-07,27.25,27.5,26.45,27.0,799754
2021-01-08,27.3,27.3,26.6,26.7,446624
2021-01-11,26.9,29.35,26.8,29.35,3782795
2021-01-12,29.0,32.25,27.9,31.55,3839954
2021-01-13,31.7,32.45,30.15,30.45,1349424
2021-01-14,30.75,33.45,29.6,33.45,1875444
2021-01-15,34.15,36.4,33.0,34.6,1805988
2021-01-18,34.6,34.6,32.9,33.0,1408156
2021-01-19,33.65,34.65,33.5,34.65,1200939
2021-01-20,35.25,36.35,35.15,36.35,1267730
2021-01-21,38.15,38.15,35.4,37.15,4897869
2021-01-22,36.95,39.0,36.35,39.0,1773725
2021-01-25,40.2,40.95,38.1,39.65,2943679
2021-01-27,39.65,40.3,37.7,37.85,1826045
2021-01-28,36.65,39.7,36.55,39.15,1216638
2021-01-29,39.25,41.1,39.25,41.0,872255
2021-02-01,41.8,42.2,38.95,40.05,1491616
2021-02-02,40.5,41.7,39.35,40.1,892194
2021-02-03,40.15,40.45,38.6,40.15,703571
2021-02-04,40.2,41.7,39.65,40.75,679516
2021-02-05,40.0,42.0,40.0,41.35,975113
2021-02-08,41.7,43.4,41.7,43.4,993904
2021-02-09,44.7,45.55,44.3,45.55,621821
2021-02-10,46.95,47.5,43.3,43.35,1830241
2021-02-11,41.55,44.7,41.3,43.2,736073
2021-02-12,43.3,44.05,42.5,43.1,369546
2021-02-15,41.65,43.8,41.15,41.9,710285
2021-02-16,41.5,42.75,40.1,40.5,443860
2021-02-17,41.0,41.8,40.55,40.65,247669
2021-02-18,40.7,42.2,40.35,41.6,419045
2021-02-19,41.6,43.65,40.75,43.65,1057649
2021-02-22,45.3,45.8,45.0,45.8,274199
2021-02-23,47.85,48.05,47.0,48.05,347936
2021-02-24,50.45,50.45,45.85,48.7,1417388
2021-02-25,49.2,49.9,47.05,47.25,826022
2021-02-26,45.5,49.6,45.5,49.55,799462
2021-03-01,52.0,52.0,50.65,52.0,1558992
2021-03-02,52.0,53.8,50.25,51.55,1308860
2021-03-03,52.5,54.1,52.4,54.1,653829
2021-03-04,56.8,56.8,54.5,56.8,1080454
2021-03-05,59.6,59.6,59.6,59.6,379392
2021-03-08,60.0,62.55,57.55,58.75,3502512
2021-03-09,58.95,59.6,55.85,56.45,1616332
2021-03-10,57.4,59.25,54.0,59.0,1406501
2021-03-12,59.5,59.9,56.05,56.2,807019
2021-03-15,55.4,57.3,53.45,55.9,871347
2021-03-16,56.0,57.35,54.75,57.0,802640
2021-03-17,56.0,57.45,54.15,54.4,577646
2021-03-18,54.8,56.05,51.7,51.95,627048
2021-03-19,50.1,54.5,49.4,54.35,1168430
2021-03-22,55.0,56.05,53.95,54.1,314182
2021-03-23,54.5,56.8,54.5,56.8,479764
2021-03-24,59.0,59.0,55.0,55.9,547335
2021-03-25,55.9,55.9,53.15,54.1,666193
2021-03-26,54.85,56.05,54.75,55.5,566511
2021-03-30,55.8,56.0,54.95,55.8,252415
2021-03-31,55.8,55.8,54.2,54.35,205074
2021-04-01,55.4,57.05,54.5,55.95,1061775
2021-04-05,56.1,56.35,53.35,53.85,483435
2021-04-06,54.7,55.7,52.15,53.3,298928
2021-04-07,54.0,54.6,52.35,52.95,257282
2021-04-08,54.0,54.4,53.0,53.2,317520
2021-04-09,53.8,54.0,53.05,53.25,173504
2021-04-12,51.35,52.2,50.6,50.6,475351
2021-04-13,50.5,51.3,48.6,49.7,298366
2021-04-15,48.25,52.1,47.3,51.25,770500
2021-04-16,51.0,51.25,50.05,50.45,196624
2021-04-19,48.3,49.25,47.95,48.05,500039
2021-04-20,48.4,50.45,47.85,49.95,1116716
2021-04-22,50.5,52.3,50.0,51.5,372416
2021-04-23,51.5,51.5,49.0,49.45,223919
2021-04-26,49.45,50.8,49.0,49.1,226717
2021-04-27,49.3,51.55,48.8,50.7,304995
2021-04-28,51.8,53.2,51.2,51.55,997861
2021-04-29,52.1,52.4,50.0,50.45,260379
2021-04-30,49.8,52.95,48.75,52.8,783724
2021-05-03,52.7,54.0,51.1,52.2,427458
2021-05-04,52.6,54.1,50.45,53.1,379169
2021-05-05,53.0,55.75,52.75,55.6,1002975
2021-05-06,56.0,56.0,52.9,53.3,598855
2021-05-07,53.0,53.8,51.1,51.75,191422
2021-05-10,51.75,53.25,50.0,50.85,462710
2021-05-11,51.2,52.2,50.1,50.45,453507
2021-05-12,50.95,51.6,50.1,50.6,192447
2021-05-14,50.9,51.3,50.15,50.25,279696
2021-05-17,49.3,51.4,49.3,49.65,300381
2021-05-18,50.1,51.0,50.05,50.25,189512
2021-05-19,50.8,52.75,50.3,52.75,1199021
2021-05-20,52.75,55.35,51.55,55.35,1057823
2021-05-21,58.1,58.1,58.1,58.1,334496
2021-05-24,61.0,61.0,61.0,61.0,191575
2021-05-25,64.05,64.05,58.1,60.15,4961089
2021-05-26,60.55,62.4,59.65,59.95,2475845
2021-05-27,60.0,61.6,59.8,60.5,541687
2021-05-28,62.35,62.35,57.5,57.95,805914
2021-05-31,59.4,60.8,58.1,60.1,1297501
2021-06-01,59.95,61.9,57.1,57.5,816152
2021-06-02,59.5,60.35,57.8,60.3,1133064
2021-06-03,60.1,63.3,59.75,63.1,2518142
2021-06-04,63.45,66.25,63.3,66.25,1528445
2021-06-07,67.2,69.4,63.5,65.4,2145375
2021-06-08,66.4,66.4,64.25,64.6,523640
2021-06-09,65.5,65.7,61.5,62.4,392571
2021-06-10,63.65,64.0,61.75,63.05,164948
2021-06-11,64.0,64.35,61.0,61.75,202722
2021-06-14,61.0,63.55,58.75,60.0,617957
2021-06-15,60.0,61.3,59.2,60.25,212377
2021-06-16,59.8,61.0,58.3,58.45,200561
2021-06-17,59.85,59.85,57.0,57.25,135143
2021-06-18,57.25,58.9,54.5,56.75,152124
2021-06-21,56.95,59.0,54.0,58.25,123648
2021-06-22,58.25,59.75,57.0,58.1,203634
2021-06-23,58.6,59.4,57.5,58.0,92097
2021-06-24,56.35,58.65,56.35,57.65,101903
2021-06-25,58.6,59.0,57.0,58.05,86527
2021-06-28,58.1,59.0,56.5,57.15,151500
2021-06-29,56.1,58.0,56.1,57.7,84918
2021-06-30,57.7,60.55,57.6,59.75,346771
2021-07-01,58.05,59.6,57.5,59.0,149578
2021-07-02,58.25,60.0,57.15,58.95,360949
2021-07-05,59.5,61.85,59.5,61.85,522069
2021-07-06,64.9,64.9,64.4,64.9,236309
2021-07-07,66.0,66.95,63.0,65.95,799524
2021-07-08,66.2,67.9,63.05,64.3,473594
2021-07-09,65.0,65.9,62.15,64.5,207383
2021-07-12,65.9,67.7,64.05,67.7,557122
2021-07-13,70.2,71.05,68.6,70.85,1118018
2021-07-14,70.0,73.0,70.0,70.45,350349
2021-07-15,71.5,73.95,67.95,72.35,842511
2021-07-16,72.35,72.35,69.2,70.6,178671
2021-07-19,67.65,71.5,67.65,68.4,233206
2021-07-20,67.2,68.35,65.05,66.95,473699
2021-07-22,68.3,69.6,67.1,69.15,160003
2021-07-23,69.15,69.15,67.6,67.95,315390
2021-07-26,66.95,69.5,66.2,69.0,178242
2021-07-27,70.15,70.15,67.95,68.0,211230
2021-07-28,68.5,69.5,65.0,65.85,307960
2021-07-29,65.5,67.5,64.0,66.25,131873
2021-07-30,65.25,67.0,64.5,64.85,163202
2021-08-02,64.5,67.55,62.5,66.6,542409
2021-08-03,66.9,69.9,66.05,69.9,868746
2021-08-04,70.2,73.35,70.1,72.6,1019610
2021-08-05,71.7,72.4,69.0,70.7,266421
2021-08-06,70.95,71.0,68.0,68.95,396429
2021-08-09,68.95,69.8,66.0,67.05,438875
2021-08-10,67.8,67.8,63.7,64.15,379776
2021-08-11,64.0,65.4,60.95,64.05,262091
2021-08-12,64.0,64.9,61.8,63.4,296203
2021-08-13,63.4,64.5,60.6,62.7,106610
2021-08-16,63.65,64.1,61.65,62.2,151184
2021-08-17,63.85,63.85,59.1,59.1,322404
2021-08-18,59.9,60.7,57.0,60.25,297055
2021-08-20,57.75,59.9,57.7,58.0,173869
2021-08-23,58.0,59.3,55.5,58.45,166336
2021-08-24,58.95,58.95,56.5,57.1,76026
2021-08-25,57.1,59.95,57.0,57.45,116132
2021-08-26,58.0,60.3,57.05,60.3,178852
2021-08-27,62.0,63.3,59.0,62.8,303307
2021-08-30,64.75,65.9,61.15,65.9,712163
2021-08-31,65.9,67.35,64.0,64.55,595401
2021-09-01,65.2,66.8,63.1,63.9,222520
2021-09-02,63.9,65.8,62.5,65.15,256220
2021-09-03,63.5,65.9,63.5,63.55,177039
2021-09-06,65.4,66.2,62.2,65.85,415714
2021-09-07,65.95,67.4,64.8,66.75,336663
2021-09-08,66.0,70.05,66.0,70.0,977499
2021-09-09,70.0,72.4,68.0,71.1,724188
2021-09-13,71.2,71.2,67.55,67.8,567329
2021-09-14,68.45,69.35,66.25,67.35,200183
2021-09-15,67.35,68.65,66.05,67.95,356388
2021-09-16,68.35,69.0,66.55,67.2,299869
2021-09-17,67.1,67.7,64.55,65.5,400676
2021-09-20,63.9,65.25,62.25,62.6,399894
2021-09-21,63.3,65.7,60.75,65.65,959465
2021-09-22,66.9,68.8,65.7,68.75,1176311
2021-09-23,69.8,72.15,68.65,72.0,1755968
2021-09-24,72.7,73.45,71.0,71.05,661850
2021-09-27,72.1,74.5,71.3,73.65,996317
2021-09-28,74.65,77.3,74.6,77.3,1519844
2021-09-29,77.2,81.15,76.0,77.6,1769390
2021-09-30,78.45,80.0,75.5,75.9,548773
2021-10-01,76.5,77.5,74.0,76.55,428742
2021-10-04,78.7,79.65,76.8,77.75,446974
2021-10-05,77.3,78.35,74.9,75.65,445422
2021-10-06,76.0,78.9,72.9,74.4,887667
2021-10-07,76.8,78.1,75.55,78.05,1236939
2021-10-08,78.0,79.6,76.5,77.2,413046
2021-10-11,77.5,80.4,77.5,78.65,673176
2021-10-12,78.65,78.65,74.75,74.75,705704
2021-10-13,75.0,75.9,72.5,73.45,310803
2021-10-14,73.8,74.95,72.75,73.2,192642
2021-10-18,75.9,75.9,72.5,73.05,158917
2021-10-19,72.25,74.3,70.0,70.25,219643
2021-10-20,70.5,72.5,66.8,67.35,257149
2021-10-21,69.0,69.8,65.9,67.3,145386
2021-10-22,67.35,69.7,67.35,68.15,186001
2021-10-25,69.5,69.5,64.75,64.95,390095
2021-10-26,66.0,66.0,62.5,65.45,273081
2021-10-27,66.0,66.0,64.2,65.1,79622
2021-10-28,66.0,66.0,62.0,62.3,207251
2021-10-29,62.95,63.25,59.5,61.2,250813
2021-11-01,62.0,64.25,61.3,64.25,1116852
2021-11-02,65.95,66.5,63.0,66.0,598515
2021-11-03,68.75,68.75,65.1,65.7,298749
2021-11-04,67.75,67.75,66.1,67.05,120227
2021-11-08,65.6,69.0,65.6,68.5,173250
2021-11-09,69.5,71.9,68.0,71.55,1120730
2021-11-10,72.1,75.1,70.2,75.0,1087779
2021-11-11,74.9,74.9,73.1,73.55,203733
2021-11-12,74.9,74.9,72.25,72.65,232696
2021-11-15,74.6,74.65,69.05,69.3,436114
2021-11-16,69.95,69.95,66.8,67.7,218750
2021-11-17,67.7,69.4,67.0,67.75,90330
2021-11-18,68.9,69.0,66.3,67.5,293934
2021-11-22,67.85,67.95,64.15,64.85,185020
2021-11-23,64.05,66.0,63.85,64.95,103304
2021-11-24,65.85,68.15,65.5,68.15,237399
2021-11-25,68.45,71.55,68.35,71.3,422200
2021-11-26,71.3,71.3,67.75,67.75,600555
2021-11-29,68.3,69.05,64.75,65.7,442691
2021-11-30,65.9,68.0,64.7,65.15,129819
2021-12-01,65.95,66.5,63.0,64.75,315658
2021-12-02,62.7,67.95,62.7,67.2,352455
2021-12-03,66.0,68.1,65.2,66.3,209508
2021-12-06,69.5,69.6,68.5,69.6,453633
2021-12-07,73.05,73.05,72.05,73.05,742200
2021-12-08,76.0,76.7,75.35,76.55,1551542
2021-12-09,78.45,78.45,74.0,75.35,1097777
2021-12-10,75.7,78.95,75.5,77.6,766868
2021-12-13,79.15,81.45,77.65,79.5,4066018
2021-12-14,80.6,80.75,77.2,77.7,659841
2021-12-15,78.9,78.9,73.85,73.85,752258
2021-12-16,76.35,76.35,72.5,73.2,663293
2021-12-17,74.0,75.2,69.55,70.4,516602
2021-12-20,71.5,71.5,66.9,67.25,620200
2021-12-21,67.55,70.6,67.5,70.5,554599
2021-12-22,71.4,74.0,71.1,74.0,301897
2021-12-23,75.75,77.0,73.25,74.45,707026
2021-12-24,75.9,75.9,71.0,71.25,652116
2021-12-27,71.0,74.8,69.0,74.8,947965
2021-12-28,75.65,78.45,73.3,75.8,655276
2021-12-29,76.0,77.15,74.6,75.15,297482
2021-12-30,75.5,75.5,73.25,73.8,248274
2021-12-31,74.45,77.45,73.3,77.35,1688897
2022-01-03,78.0,78.6,76.0,76.5,465687
2022-01-04,77.1,77.15,74.35,75.15,335717
2022-01-05,75.15,77.0,73.5,74.45,355993
2022-01-06,73.55,75.4,72.5,74.35,203930
2022-01-07,74.5,76.15,73.55,75.85,453717
2022-01-10,76.25,77.0,74.5,75.05,482583
2022-01-11,75.7,77.5,74.7,75.35,583964
2022-01-12,76.35,79.1,75.55,79.1,2043765
2022-01-13,80.8,81.7,76.15,77.85,928069
2022-01-14,76.75,81.7,76.75,81.7,2038012
2022-01-17,83.2,83.2,79.0,79.15,997724
2022-01-18,80.85,82.95,77.75,78.4,934863
2022-01-19,78.5,79.8,78.0,78.45,308466
2022-01-20,78.7,82.35,78.65,82.35,826673
2022-01-21,83.7,86.0,80.15,82.9,1959047
2022-01-24,81.2,82.65,78.8,78.85,1096272
2022-01-25,74.95,81.35,74.95,79.9,1174516
2022-01-27,79.85,83.85,77.95,83.6,1893824
2022-01-28,84.4,84.9,81.0,81.3,1417995
2022-01-31,82.1,82.95,79.55,81.55,670937
2022-02-01,81.9,81.9,79.15,80.1,681042
2022-02-02,80.7,81.8,79.6,80.3,305321
2022-02-03,80.0,80.6,78.15,78.65,336245
2022-02-04,79.0,79.4,77.5,77.7,316820
2022-02-07,77.7,78.3,76.0,77.3,344456
2022-02-08,77.5,77.6,74.3,74.85,437296
2022-02-09,74.3,75.65,73.65,74.15,275782
2022-02-10,74.65,75.1,73.6,73.8,450045
2022-02-11,74.6,74.6,71.0,71.6,238116
2022-02-14,70.0,70.1,65.4,66.75,377497
2022-02-15,67.5,73.4,62.8,73.4,1307921
2022-02-16,76.0,80.7,73.05,75.15,2381001
2022-02-17,75.95,78.15,74.3,75.3,748465
2022-02-18,75.0,76.6,72.1,73.1,414152
2022-02-21,72.1,75.65,70.5,72.25,789481
2022-02-22,68.0,73.1,68.0,69.4,844616
2022-02-23,69.85,72.2,69.1,69.4,1093883
2022-02-24,67.4,67.4,63.5,64.9,1719750
2022-02-25,65.1,71.35,65.1,71.15,2108018
2022-02-28,70.9,75.45,69.1,73.2,1382543
2022-03-02,72.0,72.45,69.25,69.8,585873
2022-03-03,70.5,71.7,69.0,69.25,352067
2022-03-04,68.65,69.0,66.85,67.8,220591
2022-03-07,67.6,67.6,63.6,64.95,483464
2022-03-08,64.65,68.2,64.25,66.9,604738
2022-03-09,68.0,70.0,67.45,69.3,481492
2022-03-10,71.5,71.7,68.3,68.65,427366
2022-03-11,67.3,69.4,67.05,67.65,187495
2022-03-14,68.0,68.55,64.6,67.25,253743
2022-03-15,67.7,68.75,65.0,65.35,752001
2022-03-16,66.5,67.2,65.7,66.6,213306
2022-03-17,67.9,68.25,65.8,66.4,460384
2022-03-21,67.75,67.75,65.0,65.25,288035
2022-03-22,66.25,66.35,64.8,65.95,280270
2022-03-23,66.0,67.2,65.1,65.4,311789
2022-03-24,65.0,65.85,64.4,64.75,258063
2022-03-25,64.3,65.45,63.8,64.05,455560
2022-03-28,63.5,65.1,62.0,62.2,843729
2022-03-29,63.8,65.9,62.5,63.6,1600773
2022-03-30,64.7,65.45,63.05,64.1,919175
2022-03-31,64.8,67.1,63.2,65.9,1633900
2022-04-01,65.4,68.1,65.4,65.85,696559
2022-04-04,66.0,66.8,65.0,65.55,620686
2022-04-05,66.7,68.55,65.5,66.75,1264471
2022-04-06,67.0,68.1,66.15,67.05,1049688
2022-04-07,68.0,72.75,67.15,68.45,1568238
2022-04-08,69.45,70.2,67.5,67.8,399043
2022-04-11,68.5,68.5,66.5,66.95,1028150
2022-04-12,67.0,67.0,64.5,65.55,445287
2022-04-13,66.7,66.7,64.35,64.55,526770
2022-04-18,64.5,64.6,62.6,63.0,496528
2022-04-19,63.7,64.7,61.5,62.3,575522
2022-04-20,62.3,62.95,60.2,60.6,743025
2022-04-21,61.45,62.9,60.25,61.9,977080
2022-04-22,62.25,62.6,60.4,60.95,783464
2022-04-25,60.5,60.8,58.5,58.8,614681
2022-04-26,59.5,60.0,58.0,58.35,585867
2022-04-27,58.1,63.45,57.5,61.45,1495003
2022-04-28,61.95,64.8,59.4,63.55,2685680
2022-04-29,64.5,65.7,62.3,63.05,1437344
2022-05-02,62.85,62.85,59.2,60.05,897733
2022-05-04,60.75,61.65,58.2,58.85,717140
2022-05-05,59.8,60.4,57.55,58.0,611778
2022-05-06,57.0,57.5,56.1,56.9,531928
2022-05-09,56.8,56.9,50.05,53.0,2120552
2022-05-10,52.25,54.45,51.15,51.65,438834
2022-05-11,52.4,53.9,46.65,50.75,1133956
2022-05-12,51.0,51.0,48.3,48.65,789348
2022-05-13,49.05,52.7,49.05,51.65,1069854
2022-05-16,53.0,54.2,51.25,51.85,1115487
2022-05-17,52.3,54.7,52.05,53.85,736746
2022-05-18,53.8,59.5,53.75,58.65,3148540
2022-05-19,56.9,57.4,55.0,55.2,726808
2022-05-20,56.2,58.5,56.0,57.05,1022303
2022-05-23,57.85,57.9,56.15,57.0,501325
2022-05-24,56.85,57.05,54.0,54.45,719148
2022-05-25,54.85,54.95,50.65,51.15,980525
2022-05-26,51.6,51.85,49.15,49.8,612107
2022-05-27,50.05,52.85,50.05,52.35,552287
2022-05-30,53.75,54.0,52.65,53.0,885613
2022-05-31,53.35,54.5,52.7,53.65,531570
2022-06-01,54.0,54.7,52.7,53.7,348876
2022-06-02,54.0,54.75,53.7,54.55,295595
2022-06-03,55.0,55.75,53.15,53.7,310698
2022-06-06,53.7,54.4,52.95,53.7,296331
2022-06-07,52.85,54.3,52.65,53.9,259953
2022-06-08,53.95,54.45,52.65,53.4,238635
2022-06-09,52.7,54.5,52.7,54.25,221121
2022-06-10,53.8,54.7,53.25,54.15,244784
2022-06-13,53.05,53.05,51.05,51.25,234345
2022-06-14,51.45,52.35,50.35,50.8,231169
2022-06-15,51.55,51.7,49.2,50.65,333996
2022-06-16,51.05,51.65,47.8,48.25,547874
2022-06-17,47.8,49.5,46.65,48.4,424786
2022-06-20,49.75,49.75,43.0,43.35,831012
2022-06-21,43.8,47.1,43.8,45.85,756451
2022-06-22,45.75,49.5,44.8,46.95,655698
2022-06-23,47.5,51.0,47.05,50.25,920286
2022-06-24,51.25,52.1,50.45,51.15,863230
2022-06-27,52.25,53.6,52.0,53.05,530779
2022-06-28,53.4,53.95,52.3,52.9,168612
2022-06-29,52.8,54.45,52.25,53.35,356199
2022-06-30,53.9,54.2,50.2,51.05,251594
2022-07-01,50.25,54.25,50.1,53.5,380697
2022-07-04,53.0,54.5,52.05,54.35,268130
2022-07-05,54.7,59.25,53.5,57.0,2511510
2022-07-06,57.5,58.35,55.8,56.2,325723
2022-07-07,56.75,59.5,56.5,58.95,905343
2022-07-08,59.0,60.05,57.5,58.6,652156
2022-07-11,58.75,63.4,58.1,62.2,1110769
2022-07-12,62.05,62.75,60.0,60.25,467760
2022-07-13,60.75,61.8,59.4,60.4,709597
2022-07-14,60.7,61.2,58.2,59.7,674231
2022-07-15,60.2,61.2,59.0,60.65,482937
2022-07-18,61.4,62.55,60.75,61.35,694688
2022-07-19,61.25,63.2,61.0,62.95,998247
2022-07-20,64.0,72.0,64.0,70.6,7460309
2022-07-21,70.0,73.25,69.1,71.2,3458426
2022-07-22,70.85,73.95,68.6,73.15,2440941
2022-07-25,72.5,79.45,70.2,77.3,5536059
2022-07-26,77.7,78.85,73.0,73.65,2082144
2022-07-27,73.6,77.9,73.6,75.4,1681150
2022-07-28,76.25,76.5,73.25,73.65,771284
2022-07-29,74.0,75.8,73.5,73.9,613694
2022-08-01,74.8,76.4,74.35,75.35,1069198
2022-08-02,74.55,79.0,74.0,76.55,1954900
2022-08-03,76.75,78.5,73.45,75.9,1537325
2022-08-04,77.0,78.5,73.0,73.8,1707529
2022-08-05,74.05,74.65,72.5,72.9,754777
2022-08-08,72.75,73.35,70.05,70.3,1171965
2022-08-10,70.35,72.6,70.1,70.5,1337273
2022-08-11,71.0,71.5,68.55,69.15,1538009
2022-08-12,69.65,71.8,66.95,67.55,889908
2022-08-16,66.95,68.9,66.35,67.95,960479
2022-08-17,68.45,68.9,66.45,67.2,578197
2022-08-18,67.3,68.5,66.1,66.5,767870
2022-08-19,66.75,68.0,65.0,65.55,1148932
2022-08-22,65.8,66.4,64.0,64.35,798258
2022-08-23,64.2,73.0,64.15,72.25,4000285
2022-08-24,71.95,77.4,71.05,74.65,3369149
2022-08-25,74.95,87.45,74.75,80.9,10461420
2022-08-26,82.0,84.65,79.6,81.85,3214514
2022-08-29,78.1,82.0,77.6,78.5,2000018
2022-08-30,79.3,88.0,78.5,87.2,7708713
2022-09-01,86.8,90.5,85.25,86.55,5285213
2022-09-02,87.5,95.55,85.25,93.7,7467544
2022-09-05,94.55,98.15,91.1,95.4,5595247
2022-09-06,95.9,98.4,91.1,93.0,3043314
2022-09-07,92.0,99.0,91.4,94.75,5671721
2022-09-08,95.55,95.6,92.0,93.05,2498187
2022-09-09,93.6,96.8,92.4,95.6,3541162
2022-09-12,95.95,96.7,91.8,92.4,2590671
2022-09-13,93.2,93.75,90.05,91.3,1898608
2022-09-14,90.7,94.5,89.2,92.15,1506565
2022-09-15,92.7,94.6,90.0,90.45,848115
2022-09-16,90.45,91.4,83.5,86.15,910598
2022-09-19,86.6,89.7,84.25,85.6,778733
2022-09-20,86.4,89.8,85.15,87.6,1040667
2022-09-21,87.95,89.0,83.75,84.65,751276
2022-09-22,85.25,91.0,84.15,89.4,1686250
2022-09-23,89.7,93.55,88.0,89.55,3877083
2022-09-26,89.5,89.5,82.5,85.7,1455010
2022-09-27,86.9,88.5,84.25,85.4,1055494
2022-09-28,84.95,84.95,81.15,82.0,1018864
2022-09-29,83.0,85.25,80.45,83.05,1164514
2022-09-30,83.05,98.45,83.05,97.05,7279873
2022-10-03,96.05,100.5,93.2,94.0,5016000
2022-10-04,96.0,104.9,95.65,101.65,7251717
2022-10-06,102.3,106.8,100.55,103.85,5200734
2022-10-07,103.5,104.8,101.5,102.9,2026960
2022-10-10,101.0,103.0,98.05,100.9,1780105
2022-10-11,101.15,105.85,100.2,101.25,3324372
2022-10-12,101.75,103.7,97.6,100.95,2272502
2022-10-13,101.1,102.3,98.9,100.45,1167327
2022-10-14,102.55,105.0,100.05,101.2,2236133
2022-10-17,101.55,109.0,100.8,108.1,6350700
2022-10-18,109.5,109.9,104.3,105.65,3414717
2022-10-19,105.65,105.95,99.5,100.85,4956600
2022-10-20,101.7,109.9,100.8,108.55,8296040
2022-10-21,109.0,110.9,105.55,106.4,4192750
2022-10-24,107.65,109.0,106.6,108.3,1081484
2022-10-25,108.9,108.9,105.0,106.05,1661824
2022-10-27,107.0,110.8,106.0,110.1,2669284
2022-10-28,110.5,115.5,110.5,114.75,5565769
2022-10-31,115.4,116.9,112.75,113.75,2161083
2022-11-01,114.25,114.75,110.0,113.85,5306705
2022-11-02,113.5,114.85,100.35,110.0,2122623
2022-11-03,109.85,112.5,109.0,110.45,958899
2022-11-04,111.0,115.65,110.4,114.85,2172883
2022-11-07,115.7,117.2,112.8,114.45,1274421
2022-11-09,115.25,117.9,114.1,115.4,3832231
2022-11-10,114.5,117.95,113.55,114.65,1325633
2022-11-11,116.0,117.75,114.3,116.6,1367831
2022-11-14,117.0,117.65,114.0,115.4,772693
2022-11-15,115.3,120.35,114.85,118.35,2051059
2022-11-16,118.0,118.5,112.1,113.35,2132232
2022-11-17,113.0,113.15,109.65,112.0,1134662
2022-11-18,112.0,113.0,105.0,106.7,1853110
2022-11-21,106.4,106.7,100.45,102.2,2735928
2022-11-22,102.65,106.5,101.05,101.75,2139326
2022-11-23,102.5,104.0,99.65,100.9,1902224
2022-11-24,101.0,106.35,100.0,103.85,4817368
2022-11-25,103.8,105.75,101.9,103.75,2638283
2022-11-28,103.6,104.2,100.2,100.8,1739084
2022-11-29,101.35,102.3,98.4,99.4,1655390
2022-11-30,99.3,102.7,99.15,101.45,1598215
2022-12-01,102.0,104.95,101.35,102.95,1645049
2022-12-02,103.2,103.75,101.2,101.9,1121194
2022-12-05,102.4,103.85,100.5,101.3,1052178
2022-12-06,101.0,102.05,99.45,100.3,1000128
2022-12-07,100.85,102.75,99.7,101.1,1091109
2022-12-08,101.65,102.95,100.25,101.2,836645
2022-12-09,102.0,103.9,98.6,102.15,2144964
2022-12-12,102.55,103.15,99.75,101.9,1278463
2022-12-13,101.0,109.25,101.0,107.3,6221168
2022-12-14,108.0,114.0,107.6,109.7,6515839
2022-12-15,109.45,110.65,104.85,105.65,2527923
2022-12-16,105.05,106.55,101.7,102.65,2214093
2022-12-19,103.7,104.65,101.0,103.5,2333799
2022-12-20,103.1,108.7,102.9,105.95,5315592
2022-12-21,107.0,113.75,104.2,105.3,9784738
2022-12-22,106.5,109.5,99.0,101.5,5519521
2022-12-23,101.1,101.6,88.5,89.9,4145742
2022-12-26,90.35,98.65,88.0,95.1,3772532
2022-12-27,95.5,100.85,95.5,98.1,3366426
2022-12-28,98.0,101.5,97.0,100.55,4197903
2022-12-29,100.55,106.25,100.0,105.25,4416179
2022-12-30,107.15,115.85,107.15,112.1,13566865
2023-01-02,112.0,112.8,107.0,108.35,3368115
2023-01-03,108.2,111.7,107.3,109.15,3312731
2023-01-04,109.5,112.8,109.5,111.3,4079606
2023-01-05,111.55,113.9,110.5,113.4,4258256
2023-01-06,114.0,117.35,112.75,116.5,3914910
2023-01-09,117.9,118.7,113.85,115.7,2560056
2023-01-10,115.7,116.1,111.05,111.85,1644605
2023-01-11,111.85,114.3,111.55,112.35,1336239
2023-01-12,112.95,113.95,110.4,111.45,1757847
2023-01-13,111.85,115.1,111.7,114.7,1578905
2023-01-16,115.2,118.45,114.05,114.95,2175293
2023-01-17,115.45,120.5,112.4,119.6,3567622
2023-01-18,120.2,123.0,119.15,120.0,3809497
2023-01-19,119.4,122.7,118.15,121.9,2426181
2023-01-20,124.2,125.25,119.5,120.75,6827714
2023-01-23,121.85,121.85,116.2,118.35,1855073
2023-01-24,118.95,120.8,115.2,117.4,1331324
2023-01-25,117.0,117.4,112.85,113.45,1236033
2023-01-27,113.5,114.35,102.1,106.8,2592713
2023-01-30,107.4,110.3,104.45,107.5,1529668
2023-01-31,108.6,113.25,106.5,111.45,1737643
2023-02-01,113.0,114.2,90.6,103.05,3001242
2023-02-02,103.05,106.55,100.6,103.1,1339986
2023-02-03,103.8,104.7,97.25,100.4,2605208
2023-02-06,100.4,105.4,99.4,104.1,1480995
2023-02-07,103.5,105.45,103.0,103.85,1157313
2023-02-08,103.6,108.4,103.5,107.25,1232001
2023-02-09,107.25,108.95,106.0,108.05,841031
2023-02-10,107.5,108.5,107.0,107.2,442582
2023-02-13,106.9,107.6,102.85,103.75,957985
2023-02-14,103.45,106.85,101.2,104.25,1159716
2023-02-15,104.0,106.9,103.65,106.35,585979
2023-02-16,106.8,110.5,106.2,109.7,1222842
2023-02-17,108.6,112.95,108.25,112.45,949550
2023-02-20,113.05,117.35,113.0,115.55,2031424
2023-02-21,115.55,117.4,113.65,115.95,3121516
2023-02-22,114.8,117.55,111.0,111.9,2480869
2023-02-23,111.9,113.05,109.9,112.4,696208
2023-02-24,112.8,113.45,106.65,108.0,1192347
2023-02-27,108.25,109.0,101.0,103.9,1213663
2023-02-28,104.9,106.8,103.2,104.75,838779
2023-03-01,104.9,108.8,104.5,107.65,1256861
2023-03-02,107.65,113.75,107.3,112.65,2312680
2023-03-03,113.0,116.75,112.05,115.4,2324858
2023-03-06,116.0,117.6,115.25,115.95,1443530
2023-03-08,115.0,116.9,113.85,115.15,1490492
2023-03-09,115.05,120.55,115.05,118.7,4122008
2023-03-10,117.85,120.45,115.25,116.15,2120772
2023-03-13,116.5,117.0,109.05,110.25,1500376
2023-03-14,110.45,112.85,107.1,111.6,1250780
2023-03-15,112.15,115.5,111.5,114.45,1541445
2023-03-16,113.85,114.8,111.55,113.65,817184
2023-03-17,114.75,118.45,114.75,117.55,1916154
2023-03-20,117.15,117.5,111.25,113.55,1504580
2023-03-21,114.15,123.0,112.75,122.4,3824242
2023-03-22,122.45,124.25,120.35,121.55,2915656
2023-03-23,121.0,122.2,119.0,119.6,1062772
2023-03-24,119.8,119.9,116.8,117.75,1485976
2023-03-27,117.95,118.0,114.25,115.6,1055397
2023-03-28,122.7,122.7,114.5,115.6,1099252
2023-03-29,115.65,118.95,114.6,118.05,2645963
2023-03-31,119.0,123.8,118.65,122.15,2661129
2023-04-03,123.75,128.0,122.5,125.65,2365577
2023-04-05,125.8,134.0,125.1,133.3,4598533
2023-04-06,133.7,136.6,131.35,135.6,3038970
2023-04-10,136.1,138.45,133.45,135.15,1486344
2023-04-11,135.95,139.25,133.15,137.8,1720627
2023-04-12,137.2,142.0,136.3,141.45,2495298
2023-04-13,141.4,142.25,138.25,141.65,1012397
2023-04-17,141.0,143.65,139.9,142.5,1207696
2023-04-18,142.0,142.45,137.25,138.9,1440184
2023-04-19,138.15,139.9,135.0,135.5,985350
2023-04-20,135.95,137.0,133.55,135.65,1167640
2023-04-21,134.3,139.9,134.3,139.5,1619694
2023-04-24,142.8,142.8,139.3,140.25,1017208
2023-04-25,140.4,142.25,134.6,140.9,1181333
2023-04-26,139.8,145.5,138.15,140.1,3859306
2023-04-27,140.95,143.45,140.8,142.2,666290
2023-04-28,143.0,144.35,141.0,141.6,388794
2023-05-02,142.5,143.45,140.25,141.15,549452
2023-05-03,140.75,141.75,136.5,138.05,506612
2023-05-04,138.05,140.0,137.0,139.3,1453276
2023-05-05,139.3,140.8,133.95,135.3,794764
2023-05-08,135.9,144.4,135.65,143.35,1771900
2023-05-09,143.9,148.2,137.35,140.9,2045222
2023-05-10,141.45,143.5,139.05,142.85,1317655
2023-05-11,143.6,143.8,137.55,140.5,1346316
2023-05-12,140.0,141.35,138.1,139.9,471151
2023-05-15,140.2,143.25,138.2,142.6,687171
2023-05-16,142.6,149.3,141.3,146.75,2448442
2023-05-17,147.35,148.0,142.5,145.95,829427
2023-05-18,145.0,150.15,144.4,145.85,1429886
2023-05-19,146.6,146.8,143.6,145.25,500622
2023-05-22,145.25,145.25,141.05,143.7,492810
2023-05-23,144.5,145.4,142.65,143.5,182196
2023-05-24,144.35,144.35,140.25,140.9,411244
2023-05-25,140.85,144.45,139.2,143.8,612276
2023-05-26,144.4,148.9,143.8,147.05,648261
2023-05-29,147.9,152.0,145.95,150.9,1483525
2023-05-30,151.4,151.4,148.25,150.7,372101
2023-05-31,151.55,153.2,150.35,152.05,788208
2023-06-01,152.5,153.0,150.5,151.85,335459
2023-06-02,152.35,156.9,152.15,156.05,1370654
2023-06-05,156.65,160.5,155.5,158.3,1474730
2023-06-06,159.0,161.0,153.75,160.75,1591490
2023-06-07,160.75,165.0,159.3,164.6,1099769
2023-06-08,164.6,165.6,158.5,163.7,986457
2023-06-09,162.0,167.4,161.6,163.05,655021
2023-06-12,164.0,169.5,163.4,168.1,2914566
2023-06-13,169.0,170.7,167.85,168.55,1010957
2023-06-14,169.7,172.4,168.0,168.6,1422710
2023-06-15,168.5,168.6,162.0,164.1,7869650
2023-06-16,166.55,170.65,166.1,167.5,1382792
2023-06-19,168.35,170.95,168.1,169.2,1138866
2023-06-20,170.2,170.9,166.1,169.75,1030400
2023-06-21,170.0,171.9,166.4,167.8,1001428
2023-06-22,167.8,169.5,163.3,166.65,758908
2023-06-23,167.8,168.0,162.7,165.05,650559
2023-06-26,164.0,169.9,163.7,166.7,827116
2023-06-27,169.0,173.95,166.9,173.3,1532873
2023-06-28,174.0,177.75,172.15,176.2,1659818
2023-06-30,177.35,179.95,175.25,177.35,2319331
2023-07-03,178.1,187.0,178.05,186.15,2411592
2023-07-04,186.25,186.8,176.0,177.1,1136869
2023-07-05,177.1,182.5,177.1,180.7,822389
2023-07-06,181.0,182.0,179.35,181.35,481890
2023-07-07,181.4,182.65,177.0,178.5,695239
2023-07-10,178.85,180.55,175.5,177.05,364179
2023-07-11,178.0,185.9,177.2,184.5,1355624
2023-07-12,185.0,186.55,181.0,182.95,1362587
2023-07-13,184.0,186.95,178.8,182.1,611007
2023-07-14,182.1,184.95,180.05,183.7,476457
2023-07-17,184.8,189.4,183.0,187.7,721327
2023-07-18,188.0,196.8,185.0,193.05,2360350
2023-07-19,193.55,198.0,190.5,196.65,1352937
2023-07-20,197.35,200.55,194.95,197.7,1203823
2023-07-21,196.95,197.4,191.1,194.8,483467
2023-07-24,194.0,196.7,188.0,189.8,936543
2023-07-25,193.0,193.9,191.0,191.45,409400
2023-07-26,192.4,196.0,191.4,194.8,843268
2023-07-27,195.0,202.4,194.7,200.6,1070174
2023-07-28,203.0,205.0,199.25,200.55,1018317
2023-07-31,201.05,202.55,196.6,201.65,893838
2023-08-01,201.75,205.4,200.05,203.8,2415983
2023-08-02,205.0,207.4,193.5,198.95,1341312
2023-08-03,201.0,201.0,193.05,193.9,488730
2023-08-04,195.9,197.9,194.0,194.75,309127
2023-08-07,196.0,198.0,196.0,197.25,640703
2023-08-08,198.6,199.0,194.0,195.2,596100
2023-08-09,195.7,196.25,190.2,194.75,863199
2023-08-10,194.0,195.4,186.5,188.8,675041
2023-08-11,188.0,196.75,181.3,191.05,1370296
2023-08-14,192.0,192.45,186.25,189.6,525461
2023-08-16,189.6,205.05,189.6,203.85,1979927
2023-08-17,203.15,206.75,197.0,200.2,1218380
2023-08-18,201.5,202.35,195.8,196.85,697995
2023-08-21,197.7,203.0,197.0,202.4,745744
2023-08-22,202.8,203.9,198.55,200.95,1921060
2023-08-23,201.8,208.9,201.5,204.05,1411833
2023-08-24,205.0,207.8,203.6,206.3,985865
2023-08-25,205.45,220.3,205.45,211.95,2968244
2023-08-28,213.8,219.5,211.5,213.65,1564293
2023-08-29,215.8,222.8,214.75,219.0,1848869
2023-08-30,220.5,220.5,213.2,216.45,1255987
2023-08-31,217.5,224.1,216.75,219.5,3270995
2023-09-01,220.0,221.95,215.05,220.8,1722147
2023-09-04,223.85,226.9,218.55,222.55,1486165
2023-09-05,223.7,224.1,216.45,218.7,802980
2023-09-06,219.6,219.6,216.1,217.05,423301
2023-09-07,218.2,222.0,218.0,218.75,868418
2023-09-08,219.7,222.8,218.5,219.2,773248
2023-09-11,226.0,238.1,226.0,231.95,3804868
2023-09-12,233.3,233.4,213.0,218.05,3628445
2023-09-13,219.0,224.1,213.0,221.95,1890066
2023-09-14,223.5,225.9,219.4,222.25,1004580
2023-09-15,223.0,229.0,219.25,222.1,2068445
2023-09-18,223.5,226.3,220.1,221.7,1911736
2023-09-20,220.6,227.5,217.7,219.15,1624022
2023-09-21,217.0,221.2,214.0,215.25,1100000
2023-09-22,216.5,218.35,211.0,213.3,1018313
2023-09-25,214.0,216.0,210.05,214.6,567257
2023-09-26,214.85,218.05,213.15,214.55,571047
2023-09-27,215.65,223.35,213.65,221.95,2064295
2023-09-28,223.75,224.2,217.4,218.35,629582
2023-09-29,220.0,222.75,218.0,219.6,375022
2023-10-03,219.6,224.0,216.0,221.8,720496
2023-10-04,222.5,222.5,216.0,218.8,597467
2023-10-05,220.55,236.5,220.55,235.6,5189882
2023-10-06,237.0,237.6,232.25,234.2,1229040
2023-10-09,229.0,230.0,222.7,225.75,1170886
2023-10-10,227.5,237.9,227.5,232.2,2461783
2023-10-11,234.4,236.0,226.8,228.2,3696353
2023-10-12,230.2,233.0,229.4,231.65,601286
2023-10-13,230.9,235.3,228.65,234.6,1185799
2023-10-16,236.45,244.25,233.2,239.65,2001309
2023-10-17,241.0,241.65,235.05,238.7,1062492
2023-10-18,240.5,241.0,233.6,239.9,1511554
2023-10-19,239.0,241.8,235.5,235.8,798093
2023-10-20,235.8,239.05,232.0,237.45,605549
2023-10-23,239.0,243.8,220.0,223.55,1693284
2023-10-25,227.0,234.0,220.0,232.2,2776268
2023-10-26,229.0,231.8,222.05,230.15,1857991
2023-10-27,231.0,242.95,231.0,241.1,2758376
2023-10-30,241.6,242.65,236.55,240.3,1078413
2023-10-31,241.5,248.0,240.2,242.9,3003469
2023-11-01,244.1,244.55,237.15,238.9,783660
2023-11-02,241.3,243.35,230.3,234.55,927599
2023-11-03,236.6,243.4,232.3,241.9,1974096
2023-11-06,243.0,248.9,237.95,243.55,1213315
2023-11-07,244.0,247.75,241.0,246.5,1026353
2023-11-08,247.8,252.0,246.45,247.8,939452
2023-11-09,248.9,250.5,245.75,247.8,639477
2023-11-10,247.25,252.1,246.3,247.55,788615
2023-11-12,250.0,252.8,246.2,248.9,512354
2023-11-13,248.9,251.45,247.4,249.0,610718
2023-11-15,250.0,255.9,248.1,250.6,1183171
2023-11-16,250.95,254.9,250.3,252.65,854913
2023-11-17,253.0,260.0,251.05,258.55,1902883
2023-11-20,259.8,261.0,253.05,254.0,616927
2023-11-21,254.95,256.1,248.85,253.35,708024
2023-11-22,253.4,263.55,251.75,254.95,903709
2023-11-23,255.95,257.5,252.05,252.75,440822
2023-11-24,252.75,254.5,250.0,250.85,337673
2023-11-28,252.35,259.45,249.0,253.65,956254
2023-11-29,257.0,263.0,255.55,259.65,1809037
2023-11-30,262.2,269.75,259.5,268.35,2442952
2023-12-01,270.0,274.7,263.2,264.45,1248830
2023-12-04,269.5,271.4,262.9,268.15,1232793
2023-12-05,269.4,273.3,266.15,271.7,1195785
2023-12-06,273.0,274.4,268.0,270.15,727251
2023-12-07,271.4,279.4,267.5,278.15,1489276
2023-12-08,278.5,284.0,276.0,279.4,2042273
2023-12-11,285.4,294.8,282.9,288.25,2704631
2023-12-12,289.9,289.9,282.05,284.35,871429
2023-12-13,285.0,291.8,282.75,288.05,900345
2023-12-14,293.5,298.25,291.0,296.4,3373969
2023-12-15,308.05,309.8,296.4,298.05,5169933
2023-12-18,298.1,298.8,294.7,295.25,1065444
2023-12-19,298.2,305.0,295.65,303.2,2422984
2023-12-20,304.75,307.0,285.05,290.55,2734841
2023-12-21,287.35,303.25,287.35,302.35,2417090
2023-12-22,302.05,307.0,297.3,303.15,1883384
2023-12-26,306.1,306.6,297.35,299.05,823642
2023-12-27,300.8,301.05,293.75,295.65,1032781
2023-12-28,297.2,298.5,291.05,292.25,783006
2023-12-29,293.15,298.0,291.0,295.1,1091211
2024-01-01,297.9,299.6,295.25,298.35,530163
2024-01-02,303.2,309.0,300.3,304.45,2179168
2024-01-03,305.1,310.75,302.0,309.85,2196466
2024-01-04,312.0,315.1,305.3,309.25,3060254
2024-01-05,311.0,322.2,310.5,318.7,2880456
2024-01-08,320.3,321.5,311.1,318.0,2125936
2024-01-09,317.2,323.6,315.85,318.7,1843663
2024-01-10,319.65,323.0,316.9,319.3,1041125
2024-01-11,320.0,323.9,317.5,320.15,856153
2024-01-12,322.0,332.05,321.35,327.95,2676220
2024-01-15,326.0,331.65,323.0,327.95,2053504
2024-01-16,327.85,330.5,314.1,319.85,2526800
2024-01-17,315.9,318.95,310.15,316.25,1142075
2024-01-18,316.25,320.95,307.8,318.7,1315835
2024-01-19,323.3,324.0,315.25,316.55,886994
2024-01-20,320.2,322.95,317.0,318.85,574880
2024-01-23,319.25,320.9,307.5,311.65,971526
2024-01-24,310.7,316.75,302.05,314.65,1356596
2024-01-25,316.0,317.9,312.5,315.95,1054256
2024-01-29,316.1,319.0,310.0,310.9,812321
2024-01-30,312.9,320.0,312.85,316.95,1401717
2024-01-31,318.7,319.7,314.0,318.1,704216
2024-02-01,320.0,321.1,311.75,314.75,615297
2024-02-02,317.0,328.9,317.0,322.95,1365901
2024-02-05,327.8,334.9,323.5,326.55,2413797
2024-02-06,331.0,334.6,321.45,327.3,1677945
2024-02-07,335.25,336.0,321.1,323.25,1901685
2024-02-08,334.0,348.8,332.05,343.35,7955639
2024-02-09,344.0,348.75,334.85,346.2,2699845
2024-02-12,349.8,355.6,336.6,342.7,3558303
2024-02-13,336.7,340.75,317.55,335.15,2263143
2024-02-14,332.25,351.0,329.1,341.45,2626435
2024-02-15,341.95,352.2,337.2,345.3,1374586
2024-02-16,347.05,358.4,341.8,354.25,3507270
2024-02-19,356.2,359.7,344.4,346.15,2444876
2024-02-20,349.0,349.6,342.55,345.25,1629221
2024-02-21,347.8,350.2,336.45,339.7,950031
2024-02-22,340.25,341.95,333.85,339.55,1077625
2024-02-23,348.05,355.0,347.6,350.1,2312143
2024-02-26,353.2,355.95,350.55,354.3,1128952
2024-02-27,354.85,355.9,347.45,348.9,678246
2024-02-28,350.0,351.5,336.5,339.65,919908
2024-02-29,339.65,360.0,332.4,350.0,2707694
2024-03-01,358.0,364.8,351.15,354.65,2996845
2024-03-02,354.65,357.0,348.55,350.35,228762
2024-03-04,350.9,359.95,349.2,358.15,2086864
2024-03-05,358.0,362.35,350.8,354.05,1020764
2024-03-06,351.0,354.9,340.55,348.6,1034787
2024-03-07,351.75,353.7,345.05,347.45,654618
2024-03-11,348.25,348.7,335.0,336.45,1101781
2024-03-12,335.0,335.65,317.1,318.95,2229559
2024-03-13,318.95,321.35,282.0,286.55,3947236
2024-03-14,281.0,306.45,281.0,297.5,2667054
2024-03-15,300.0,305.45,288.8,298.8,1643094
2024-03-18,298.35,302.5,291.0,296.1,1062243
2024-03-19,297.0,300.95,287.25,289.05,723123
2024-03-20,292.0,294.4,282.3,289.6,1297258
2024-03-21,294.0,309.1,294.0,307.5,1165394
2024-03-22,306.7,309.0,297.35,302.7,1354702
2024-03-26,303.6,303.6,294.7,301.25,1218001
2024-03-27,305.4,315.0,304.2,311.15,1450302
2024-03-28,314.4,316.0,309.5,311.35,616973
2024-04-01,314.0,325.9,314.0,324.05,1418690
2024-04-02,324.5,338.45,324.5,330.45,1465087
2024-04-03,329.0,335.05,326.35,328.85,710163
2024-04-04,330.95,333.9,323.0,325.05,754771
2024-04-05,324.95,332.0,324.05,329.75,809718
2024-04-08,334.3,341.05,330.2,337.55,2140766
2024-04-09,339.5,346.0,335.3,343.5,1865090
2024-04-10,346.2,349.0,340.3,345.45,2666768
2024-04-12,346.0,350.0,336.5,338.35,1958635
2024-04-15,329.95,334.9,321.05,332.5,1339530
2024-04-16,330.0,336.5,328.65,333.1,852537
2024-04-18,338.5,343.65,332.15,334.15,802186
2024-04-19,329.9,343.0,325.45,340.35,1124178
2024-04-22,344.95,355.0,344.0,351.3,1570594
2024-04-23,355.0,371.5,353.05,360.05,3338245
2024-04-24,364.0,368.0,358.3,364.1,5436571
2024-04-25,370.15,375.0,357.55,359.4,5142031
2024-04-26,365.0,372.0,360.3,364.15,3085151
2024-04-29,365.1,368.5,358.5,367.65,2725855
2024-04-30,366.95,368.0,361.0,362.9,764092
2024-05-02,363.0,364.0,355.0,359.6,983838
2024-05-03,360.95,362.7,352.0,357.45,924590
2024-05-06,362.6,369.0,356.5,366.9,3060172
2024-05-07,368.7,371.0,353.05,358.75,1673100
2024-05-08,357.95,363.7,350.0,359.2,966391
2024-05-09,368.1,377.3,365.0,365.8,6020903
2024-05-10,368.0,374.0,359.2,368.8,1923800
2024-05-13,369.0,378.0,362.55,372.8,7043458
2024-05-14,376.5,382.0,371.35,374.0,2402907
2024-05-15,375.0,383.0,373.05,381.85,2082810
2024-05-16,383.85,384.7,372.8,376.1,1137607
2024-05-17,377.5,388.0,374.25,385.55,1625196
2024-05-18,387.8,388.15,384.85,385.8,181637
2024-05-21,388.4,392.4,383.7,387.9,1808090
2024-05-22,388.6,389.8,380.25,388.0,2227605
2024-05-23,389.0,390.0,382.7,384.6,606005
2024-05-24,385.0,387.7,379.0,380.45,445648
2024-05-27,383.3,387.2,378.05,382.15,1828957
2024-05-28,382.0,382.0,372.0,375.9,890716
2024-05-29,373.9,378.0,367.6,374.15,536702
2024-05-30,374.1,375.0,369.15,370.45,436395
2024-05-31,372.45,387.0,370.05,385.5,2161562
2024-06-03,406.0,408.4,392.95,398.9,1910120
2024-06-04,396.9,396.9,319.15,335.05,4359100
2024-06-05,345.0,356.0,324.0,355.1,1671712
2024-06-06,359.05,381.4,359.05,378.15,1701467
2024-06-07,378.15,393.2,377.0,390.85,1173438
2024-06-10,392.8,406.95,391.05,400.0,2179677
2024-06-11,404.0,426.55,403.1,423.55,2415313
2024-06-12,427.5,432.0,418.45,420.75,2543339
2024-06-13,422.05,424.9,411.5,414.55,1029398
2024-06-14,414.55,426.7,414.55,424.5,1190208
2024-06-18,430.0,449.4,428.75,442.85,2497944
2024-06-19,445.0,453.0,430.4,441.9,1857054
2024-06-20,443.7,447.0,438.15,439.8,848966
2024-06-21,440.95,447.0,436.85,440.7,1145180
2024-06-24,439.0,451.0,430.6,449.2,1359421
2024-06-25,449.6,450.0,440.4,442.05,1900391
2024-06-26,445.9,449.0,436.0,440.15,1202205
2024-06-27,442.0,446.0,433.15,437.45,578268
2024-06-28,440.0,440.2,428.45,429.7,592473
2024-07-01,434.0,446.6,430.6,443.65,803862
2024-07-02,462.0,489.0,456.35,481.6,7648494
2024-07-03,485.9,495.0,483.6,487.4,1613782
2024-07-04,488.95,498.0,479.15,490.6,1801620
2024-07-05,490.0,520.0,490.0,514.55,2881369
2024-07-08,530.05,552.0,525.85,544.3,3245519
2024-07-09,548.5,548.5,521.0,526.7,1421076
2024-07-10,528.05,529.75,502.2,504.85,2216893
2024-07-11,509.0,517.0,502.05,504.0,1272525
2024-07-12,506.5,508.35,492.55,496.4,652523
2024-07-15,500.0,500.0,484.85,487.35,980778
2024-07-16,488.0,493.2,481.0,482.95,899514
2024-07-18,482.95,486.25,473.7,479.05,1011349
2024-07-19,478.75,495.5,468.05,480.7,1920723
2024-07-22,510.0,540.75,496.6,509.95,7913285
2024-07-23,521.0,526.0,480.0,515.3,3325756
2024-07-24,516.8,535.0,510.9,518.4,1806932
2024-07-25,513.9,518.95,506.2,514.65,872704
2024-07-26,516.0,542.5,510.3,537.25,2045349
2024-07-29,561.4,565.0,540.7,557.8,3894743
2024-07-30,557.8,560.85,548.2,559.1,1100756
2024-07-31,562.1,562.1,550.35,555.1,790958
2024-08-01,550.0,559.5,529.65,533.2,1119041
2024-08-02,525.0,528.95,515.55,521.5,1185201
2024-08-05,501.0,518.95,497.0,500.25,1956390
2024-08-06,500.0,520.3,493.8,499.25,1307091
2024-08-07,511.65,515.25,503.0,509.65,873894
2024-08-08,510.75,532.45,510.65,519.8,1204913
2024-08-09,544.95,544.95,515.05,519.8,1276048
2024-08-12,516.0,528.65,511.3,514.25,742381
2024-08-13,516.2,522.45,506.0,507.55,807329
2024-08-14,510.65,523.6,500.0,519.25,1893925
2024-08-16,523.9,604.4,522.5,586.15,6890740
2024-08-19,590.0,613.8,586.25,607.25,3938774
2024-08-20,607.25,607.25,590.45,593.55,961378
2024-08-21,598.0,616.0,588.75,594.35,1648849
2024-08-22,598.1,606.0,583.8,585.25,1431756
2024-08-23,587.05,603.95,582.25,586.15,1782972
2024-08-26,591.7,636.85,587.3,611.8,3281098
2024-08-27,615.0,627.95,602.1,607.15,1025832
2024-08-28,609.1,619.0,598.85,609.25,1498738
2024-08-29,610.5,614.1,593.35,600.2,1238789
2024-08-30,603.0,610.5,592.0,595.9,1299491
2024-09-02,599.8,606.7,591.2,593.35,731708
2024-09-03,595.2,610.95,593.0,604.4,1048805
2024-09-04,598.85,615.95,595.1,611.75,1165960
2024-09-05,615.0,629.5,612.5,624.5,1568744
2024-09-06,628.8,628.8,609.0,613.4,1015420
2024-09-09,615.4,615.4,594.1,608.6,841009
2024-09-10,611.5,625.0,605.0,609.55,1359182
2024-09-11,611.2,635.0,601.55,619.9,1472445
2024-09-12,627.9,650.0,622.0,637.4,2218597
2024-09-13,641.9,660.0,632.85,645.85,1364312
2024-09-16,650.0,659.95,640.75,647.75,990183
2024-09-17,647.75,663.0,643.8,649.6,1209920
2024-09-18,649.5,680.0,647.35,663.8,2628639
2024-09-19,677.0,685.0,651.05,679.1,1677286
2024-09-20,684.75,749.0,684.05,722.85,12652411
2024-09-23,729.95,748.0,718.35,741.4,3673355
2024-09-24,743.3,746.0,718.0,719.9,1178551
2024-09-25,720.25,731.0,705.55,723.15,1175370
2024-09-26,725.35,734.0,703.65,729.65,948837
2024-09-27,726.35,726.35,712.0,721.55,1089264
2024-09-30,714.0,714.0,696.0,704.4,798574
2024-10-01,704.75,734.0,701.75,727.6,911726
2024-10-03,714.85,725.5,700.0,701.65,894039
2024-10-04,701.55,728.0,670.9,721.05,1613663
2024-10-07,736.2,747.8,656.05,664.55,3041207
2024-10-08,664.55,740.0,653.5,728.4,2529489
2024-10-09,735.8,745.75,719.2,738.65,1291075
2024-10-10,744.0,762.0,740.05,755.3,1274664
2024-10-11,756.3,767.0,741.8,750.2,715069
2024-10-14,749.95,769.8,741.9,765.4,659909
2024-10-15,768.05,783.0,754.7,777.2,857615
2024-10-16,781.5,796.25,765.1,779.25,958010
2024-10-17,783.0,783.1,762.45,765.15,694271
2024-10-18,763.35,771.75,735.0,767.05,768711
2024-10-21,770.85,776.35,725.55,734.2,576162
2024-10-22,731.9,743.1,680.25,689.05,1477548
2024-10-23,699.95,726.9,678.55,690.35,1356155
2024-10-24,692.0,699.9,680.5,690.45,651845
2024-10-25,691.0,695.45,644.0,660.6,1445881
2024-10-28,663.9,686.3,635.1,681.15,1231958
2024-10-29,701.95,704.7,667.05,683.35,1081936
2024-10-30,687.4,699.0,683.0,692.75,484206
2024-10-31,695.0,748.95,695.0,740.8,2365311
2024-11-01,748.0,768.0,748.0,757.2,418727
2024-11-04,757.2,759.3,716.1,727.05,875707
2024-11-05,725.5,757.9,715.05,749.5,894580
2024-11-06,757.45,770.0,741.0,766.2,869363
2024-11-07,769.7,779.7,744.95,748.1,660914
2024-11-08,752.6,753.0,732.5,735.9,434158
2024-11-11,728.95,750.0,719.05,733.0,589877
2024-11-12,735.95,741.8,725.1,730.05,391162
2024-11-13,715.15,728.0,670.05,674.2,1598955
2024-11-14,674.2,694.95,663.0,674.9,810485
2024-11-18,678.0,681.0,650.0,651.7,940076
2024-11-19,659.95,693.55,648.55,653.45,1054520
2024-11-21,655.0,679.35,650.9,672.5,597989
2024-11-22,679.65,681.95,666.8,676.65,835027
2024-11-25,690.05,699.0,667.35,673.05,786465
2024-11-26,679.8,679.8,657.55,662.05,955929
2024-11-27,664.0,675.9,656.95,671.45,529707
2024-11-28,672.0,680.0,658.0,667.75,1181883
2024-11-29,669.7,679.5,660.05,673.45,1357675
2024-12-02,679.45,714.65,674.25,710.5,1764989
2024-12-03,719.7,729.95,707.05,715.65,1211813
2024-12-04,718.35,730.0,712.45,722.25,881403
2024-12-05,725.95,737.2,717.2,729.95,1135756
2024-12-06,730.05,746.55,724.0,740.1,1311030
2024-12-09,742.9,742.9,732.85,740.15,620508
2024-12-10,747.0,758.4,733.4,737.95,899909
2024-12-11,739.0,739.8,725.0,727.05,432530
2024-12-12,728.5,758.2,724.75,752.8,1635707
2024-12-13,750.0,764.15,733.4,759.45,915682
2024-12-16,759.45,790.0,758.05,787.2,1608452
2024-12-17,793.6,844.0,791.05,806.1,5968706
2024-12-18,805.0,811.6,786.05,800.1,1184390
2024-12-19,780.0,840.9,772.8,837.65,2090072
2024-12-20,850.0,874.0,831.9,847.3,4394440
2024-12-23,858.85,874.0,827.05,830.85,2125672
2024-12-24,835.1,839.2,816.35,821.1,652188
2024-12-26,824.0,832.05,802.15,818.9,685239
2024-12-27,822.9,831.25,816.35,824.15,579854
2024-12-30,827.3,880.0,812.0,844.45,979487
2024-12-31,850.0,864.0,828.0,855.35,1145593
2025-01-01,858.0,865.0,850.15,856.15,509196
2025-01-02,858.5,892.9,852.15,869.4,2056138
2025-01-03,870.4,889.9,868.1,879.1,955371
2025-01-06,879.1,880.25,851.0,856.15,1118027
2025-01-07,853.3,889.6,849.05,884.65,1292689
2025-01-08,890.0,947.9,885.0,935.55,6513726
2025-01-09,935.55,936.0,896.5,905.15,1544009
2025-01-10,898.8,920.0,871.65,885.15,2547175
2025-01-13,879.1,882.2,816.05,825.0,1715104
2025-01-14,830.0,844.9,807.0,829.9,1505754
2025-01-15,835.55,899.95,815.5,895.25,3276535
2025-01-16,896.9,912.4,882.8,887.2,1865621
2025-01-17,887.7,906.9,876.4,899.5,1359901
2025-01-20,907.0,924.5,888.2,919.6,1398925
2025-01-21,926.0,928.0,861.0,865.7,1931163
2025-01-22,865.0,865.95,818.65,836.6,1922885
2025-01-23,833.95,871.95,825.2,849.5,1067571
2025-01-24,851.4,855.95,803.35,810.0,1207696
2025-01-27,797.0,797.35,657.25,668.1,8554691
2025-01-28,604.4,652.7,534.5,534.5,12067018
2025-01-29,567.0,587.95,542.65,587.95,10539773
2025-01-30,600.0,622.0,551.05,561.4,6707318
2025-01-31,565.75,612.0,555.0,598.3,3416949
2025-02-01,604.7,645.0,601.0,638.4,2983714
2025-02-03,635.0,635.0,576.1,590.2,4118191
2025-02-04,605.2,613.85,568.75,571.55,1981898
2025-02-05,584.0,599.0,574.8,584.35,1915624
2025-02-06,587.95,619.2,583.2,596.2,3580793
2025-02-07,597.5,622.0,581.4,618.5,3020669
2025-02-10,623.0,639.0,610.45,632.95,3128769
2025-02-11,632.95,633.6,583.05,590.55,2490765
2025-02-12,583.75,587.55,551.55,579.95,3510799
2025-02-13,582.0,609.5,573.55,597.6,2269493
2025-02-14,597.75,601.0,543.0,555.45,1919557
2025-02-17,534.05,557.7,512.35,519.05,4256149
2025-02-18,529.85,536.9,493.0,510.6,3846200
2025-02-19,507.0,553.3,500.0,540.25,2453127
2025-02-20,538.8,547.8,525.05,543.0,1632841
2025-02-21,543.1,554.85,512.0,516.55,2111232
2025-02-24,508.85,521.65,493.45,514.4,1423969
2025-02-25,513.35,522.9,504.95,508.95,1079305
2025-02-27,509.8,514.7,475.6,482.9,1690256
2025-02-28,474.0,482.0,454.25,463.25,2238300
2025-03-03,467.25,472.2,418.75,450.3,4376232
2025-03-04,440.0,471.7,440.0,450.15,3352056
2025-03-05,451.05,472.0,451.05,463.3,1609782
2025-03-06,468.0,477.5,461.1,464.2,1462167
2025-03-07,464.2,508.85,461.35,501.2,4493921
2025-03-10,505.8,515.0,481.35,486.15,2559664
2025-03-11,476.6,516.0,461.45,512.8,3398076
2025-03-12,513.95,518.0,490.45,497.4,1776489
2025-03-13,496.75,505.9,483.5,490.55,1315715
2025-03-17,494.6,498.0,485.0,490.8,1007855
2025-03-18,493.1,513.0,491.0,510.35,2035576
2025-03-19,513.0,527.5,510.05,523.7,2055195
2025-03-20,525.6,534.9,516.6,520.65,1471803
2025-03-21,518.5,554.0,516.1,540.35,2487287
2025-03-24,549.8,558.05,536.0,539.65,2721699
2025-03-25,545.0,546.25,515.0,522.55,2105346
2025-03-26,521.95,526.85,496.65,498.25,2373823
2025-03-27,500.0,515.2,487.0,509.85,2503230
2025-03-28,509.2,514.0,486.0,491.6,1786809
2025-04-01,486.65,492.95,475.25,477.35,991467
2025-04-02,480.0,493.6,467.3,486.6,1952257
2025-04-03,478.0,493.3,477.3,484.35,1263225
2025-04-04,483.85,485.5,449.15,456.5,1890634
2025-04-07,376.15,427.4,376.15,416.6,2960128
2025-04-08,439.95,440.85,422.0,435.15,1504794
2025-04-09,433.25,433.4,412.6,415.4,1347287
2025-04-11,443.0,446.55,427.05,439.2,2491644
2025-04-15,450.0,481.8,447.0,476.45,7384243
2025-04-16,478.5,482.9,466.7,470.0,1737447
2025-04-17,469.2,475.65,463.5,471.85,1517550
2025-04-21,475.4,507.35,464.8,493.6,6998235
2025-04-22,519.8,525.0,503.0,505.7,10477936
2025-04-23,510.0,511.0,490.0,497.1,2550580
2025-04-24,497.0,498.55,485.05,488.1,1808287
2025-04-25,488.1,489.9,455.8,458.6,2979548
2025-04-28,459.0,466.0,449.6,452.5,2117975
2025-04-29,456.6,475.5,455.2,465.95,2586105
2025-04-30,466.0,466.95,450.0,451.9,1474696
2025-05-02,452.0,461.7,446.4,450.4,992922
2025-05-05,453.75,464.4,449.2,461.25,1174746
2025-05-06,462.0,466.5,440.3,443.0,1287206
2025-05-07,431.0,455.5,430.3,448.95,1328210
2025-05-08,448.0,455.4,431.5,438.25,1342971
2025-05-09,419.0,432.0,414.05,428.75,3124290
2025-05-12,455.0,457.95,447.1,451.1,2379682
2025-05-13,452.0,473.8,451.85,460.05,2826345
2025-05-14,463.4,464.5,455.5,459.4,1472693
2025-05-15,461.9,475.9,457.6,473.6,2334968
2025-05-16,478.0,517.1,477.5,514.1,7792295
2025-05-19,519.65,529.8,506.95,520.4,3030551
2025-05-20,522.95,525.75,503.6,508.15,2011260
2025-05-21,507.75,519.9,499.05,515.55,2003912
2025-05-22,514.5,527.0,509.45,519.85,2067764
2025-05-23,520.0,520.0,510.0,512.5,1002532
2025-05-26,515.0,527.0,510.8,522.25,1958362
2025-05-27,523.15,531.8,519.75,521.05,1701571
2025-05-28,522.0,525.7,513.4,516.7,1432911
2025-05-29,521.0,550.4,517.4,544.85,6566528
2025-05-30,550.0,569.0,546.0,561.2,6359926
2025-06-02,565.2,585.9,535.45,579.9,6400242
2025-06-03,585.0,595.5,577.55,581.15,4510521
2025-06-04,582.0,582.75,562.15,570.9,2157470
2025-06-05,572.0,583.25,568.5,570.55,1636431
2025-06-06,571.0,586.0,568.3,575.8,2586010
2025-06-09,580.95,604.2,574.0,585.8,3127357
2025-06-10,590.0,594.3,574.1,577.25,1742671
2025-06-11,578.7,584.4,568.1,573.95,1775229
2025-06-12,574.0,579.0,547.9,556.75,1551005
2025-06-13,503.55,551.55,503.55,544.75,3141898
2025-06-16,545.45,556.0,527.15,552.55,2084197
2025-06-17,552.55,558.8,531.0,534.2,1702135
2025-06-18,534.3,545.5,523.4,527.4,1651478
2025-06-19,529.0,534.95,512.35,515.05,1945436
2025-06-20,515.1,526.95,507.45,511.95,2985302
2025-06-23,510.0,524.4,505.8,518.8,2035064
2025-06-24,530.0,548.0,529.05,539.8,3708422
2025-06-25,545.0,569.9,541.4,566.25,3421846
2025-06-26,571.0,579.0,563.0,564.25,2560319
2025-06-27,567.0,571.0,552.1,554.0,1808175
2025-06-30,556.0,574.8,554.35,566.45,2327868
2025-07-01,570.0,580.8,563.05,564.95,2052555
2025-07-02,566.0,566.45,550.0,553.55,1184591
2025-07-03,554.0,554.5,543.6,545.3,1176210
2025-07-04,545.3,548.9,538.9,546.95,881328
2025-07-07,545.0,551.0,542.05,543.75,571984
2025-07-08,543.6,552.4,533.75,550.4,1366962
2025-07-09,552.0,554.7,546.1,547.7,800443
2025-07-10,549.0,563.5,548.5,554.4,2092244
2025-07-11,558.0,579.0,553.45,561.3,3082505
2025-07-14,562.0,574.75,551.2,571.5,2239125
2025-07-15,573.7,616.5,569.15,607.2,13950965
2025-07-17,609.0,613.95,599.3,601.4,1870937
2025-07-18,602.95,603.0,587.05,589.2,1719729
2025-07-21,590.5,592.35,581.0,582.95,2227805
2025-07-22,585.2,595.55,567.0,569.8,2158079
2025-07-23,573.0,573.0,558.05,562.75,1964178
2025-07-24,564.9,569.5,557.75,562.35,1470646
2025-07-25,582.0,606.5,570.15,573.45,14715797
2025-07-28,575.2,581.95,560.0,563.1,2431027
2025-07-29,560.0,581.0,547.4,578.4,2468347
2025-07-30,580.9,587.8,573.0,579.8,1741746
2025-07-31,568.0,577.7,557.1,564.6,1722601
2025-08-01,562.9,572.0,561.15,563.85,1134453
2025-08-04,565.95,568.4,558.0,562.45,1117957
2025-08-05,564.4,573.6,557.0,559.55,1774301
2025-08-06,560.15,568.5,540.15,543.2,1661672
2025-08-07,540.0,550.0,534.0,546.6,1234117
2025-08-08,547.0,549.45,531.4,533.95,817938
2025-08-11,535.0,542.0,526.5,538.75,1126606
2025-08-12,539.6,544.0,535.2,536.45,527929
2025-08-13,539.65,544.0,536.0,536.95,678290
2025-08-14,537.75,541.95,533.0,535.75,655134
2025-08-18,546.0,548.7,540.0,543.4,801324
2025-08-19,544.7,547.65,541.5,542.25,716951
2025-08-20,542.3,545.65,537.3,538.45,575998
2025-08-21,539.4,559.85,539.4,552.75,2050387
2025-08-22,555.9,556.6,545.6,547.1,906361
2025-08-25,549.55,551.9,537.0,539.05,643888
2025-08-26,537.0,539.7,530.0,531.75,606054
2025-08-28,529.9,532.3,515.8,517.6,818615
2025-08-29,518.0,524.9,511.3,516.35,809376
2025-09-01,518.4,527.0,515.55,521.15,710256
2025-09-02,523.0,540.6,520.5,538.2,1073790
2025-09-03,540.0,547.75,536.0,544.0,832465
2025-09-04,548.0,548.0,531.85,533.85,694291
2025-09-05,533.5,542.6,526.15,535.25,657580
2025-09-08,537.4,542.0,527.25,528.35,613277
2025-09-09,530.8,530.8,517.3,518.65,830701
2025-09-10,520.5,539.2,520.5,532.85,1168470
2025-09-11,534.6,536.9,525.0,528.8,679251
2025-09-12,528.8,539.0,527.9,533.3,858610
2025-09-15,536.05,604.0,536.05,589.45,34625724
2025-09-16,591.95,609.9,579.1,595.15,16525557
2025-09-17,599.0,602.55,584.1,586.95,2467905
2025-09-18,588.0,597.95,583.25,585.5,2189706
2025-09-19,586.1,647.8,580.15,640.4,23024363
2025-09-22,644.4,688.7,643.5,677.6,26143356
2025-09-23,678.95,684.0,662.7,666.2,5072389
2025-09-24,665.0,708.8,657.7,677.1,24359780
2025-09-25,677.0,684.95,667.15,677.8,5096720
2025-09-26,679.25,702.5,666.2,679.7,14805383
2025-09-29,696.0,719.9,685.5,699.15,17400528
2025-09-30,706.0,714.0,691.35,698.15,6086696
2025-10-01,698.0,707.65,684.2,699.05,3973896
2025-10-03,701.0,731.7,699.25,719.8,11266163
2025-10-06,721.0,722.4,695.35,705.0,5342939
2025-10-07,700.0,743.65,697.1,735.6,9564387
2025-10-08,720.0,720.0,696.0,699.95,8326793
2025-10-09,701.0,713.25,686.35,698.35,5775140
2025-10-10,700.5,704.55,687.2,694.2,4515600
2025-10-13,691.45,700.0,680.0,685.55,3114171
2025-10-14,689.5,689.55,654.0,657.4,3737050
2025-10-15,662.0,680.25,658.35,662.55,5519034
2025-10-16,663.0,663.0,630.0,633.35,7792565
2025-10-17,635.6,642.25,619.0,621.0,7822710
2025-10-20,625.0,638.55,619.0,636.0,4171994
2025-10-21,640.0,645.8,639.55,644.05,1178713
2025-10-23,647.1,647.9,626.0,627.4,2680588
2025-10-24,628.0,631.9,615.65,617.45,2371265
2025-10-27,618.0,635.0,615.05,630.75,2807467
2025-10-28,633.0,633.0,621.05,624.8,1481217
2025-10-29,627.5,640.8,623.4,635.6,2611765
2025-10-30,635.8,653.1,633.2,643.25,4226463
2025-10-31,643.7,654.0,640.5,644.4,2188499
2025-11-03,644.0,652.95,634.45,650.2,1854621
2025-11-04,651.0,657.25,642.5,645.45,1743841
2025-11-06,645.4,645.4,621.5,623.3,1697604
2025-11-07,617.0,623.3,601.65,619.85,3044621
2025-11-10,635.1,643.4,624.05,627.65,3662394
2025-11-11,629.5,629.5,611.8,614.85,1764600
2025-11-12,616.0,625.5,614.3,620.0,1328106
2025-11-13,620.0,624.4,611.25,615.4,1346526
2025-11-14,613.85,626.65,611.3,616.1,1504973
2025-11-17,626.7,642.95,626.6,633.4,4483128
2025-11-18,633.7,634.5,620.0,621.25,1204700
2025-11-19,621.0,621.0,613.4,617.55,999938
2025-11-20,620.25,628.55,617.45,618.8,1159562
2025-11-21,614.7,617.65,608.2,610.45,960048
2025-11-24,611.7,616.8,566.35,570.75,3023350
2025-11-25,574.85,596.75,571.6,594.4,3526422
2025-11-26,594.35,615.0,590.05,605.1,6960205
2025-11-27,609.0,609.0,585.0,587.55,1907837
2025-11-28,587.0,587.0,574.0,576.45,1604637
2025-12-01,579.1,583.5,570.9,572.7,1384284
2025-12-02,571.5,571.5,554.0,555.7,1694727
2025-12-03,556.0,566.8,547.15,553.35,1646548
2025-12-04,553.0,553.0,539.5,540.35,1358590
2025-12-05,540.75,544.75,525.0,526.3,1984423
2025-12-08,526.7,532.0,498.1,503.15,3342660
2025-12-09,503.1,513.95,484.0,504.65,4915480
2025-12-10,507.0,525.5,502.0,508.9,4678893
2025-12-11,510.35,517.8,502.65,504.9,2736690
2025-12-12,507.4,556.55,506.25,550.45,18532409
2025-12-15,546.0,557.0,540.0,550.55,4713751
2025-12-16,547.0,547.5,536.25,539.25,1363555
2025-12-17,538.1,545.3,523.35,525.45,1744306
2025-12-18,524.1,534.9,517.55,531.6,1579485
2025-12-19,533.0,556.1,530.15,551.6,3779244
2025-12-22,554.8,564.0,550.4,561.3,1536309
2025-12-23,562.4,564.6,551.6,558.25,1099872
2025-12-24,557.1,573.9,555.0,566.8,1880938
2025-12-26,565.0,565.0,551.6,554.65,1343631
2025-12-29,554.5,556.6,532.85,535.6,1585830
2025-12-30,537.0,548.4,524.0,544.3,1917005
2025-12-31,546.0,558.7,540.2,547.3,1726877
2026-01-01,547.95,556.2,546.35,552.5,759230
2026-01-02,552.5,588.0,552.0,584.05,5453591
2026-01-05,587.0,598.65,581.1,588.05,3207511
2026-01-06,588.0,593.25,580.1,585.2,1523635
2026-01-07,582.05,595.2,576.6,591.55,1382276
2026-01-08,586.0,608.4,567.1,571.1,4682045
2026-01-09,567.0,575.45,547.0,551.1,2224233
2026-01-12,545.0,572.0,533.0,568.45,3239215
2026-01-13,570.0,576.5,556.1,566.55,1590845
2026-01-14,565.95,567.9,548.15,552.0,1062194
2026-01-16,552.5,567.85,547.0,551.55,1969499
2026-01-19,548.75,550.1,536.0,542.25,1351672
2026-01-20,542.7,543.3,515.3,518.2,2040054
2026-01-21,521.75,532.55,513.0,521.5,3037227
2026-01-22,535.8,547.3,523.25,537.7,3356845
2026-01-23,536.75,536.8,497.8,501.4,2901719
2026-01-27,507.0,507.0,485.5,490.15,2447533
2026-01-28,493.7,505.55,478.5,489.65,3517408
2026-01-29,493.4,503.0,486.25,489.65,1943319
2026-01-30,487.0,515.0,478.0,504.3,3160804
2026-02-01,505.5,576.0,498.55,531.05,34744604
2026-02-02,538.0,570.55,537.3,558.2,27815781
2026-02-03,585.0,587.0,560.3,566.55,8717839
2026-02-04,559.95,566.65,548.2,555.15,3536780
2026-02-05,554.8,558.3,543.55,547.55,2452298
2026-02-06,545.7,554.9,537.0,547.75,1844489
2026-02-09,563.15,573.0,557.1,564.3,3825935
2026-02-10,575.0,582.8,561.4,565.55,5162882
2026-02-11,566.0,567.0,555.0,564.05,1758090
2026-02-12,560.85,564.0,547.0,548.85,1892370
2026-02-13,544.0,544.2,529.7,533.05,2090615
2026-02-16,530.0,546.0,525.0,543.65,1950303
2026-02-17,543.65,550.0,534.55,544.25,1904520
2026-02-18,544.4,569.45,539.05,556.15,5762584
2026-02-19,556.25,576.0,541.1,545.75,5545616
2026-02-20,542.0,557.0,540.1,548.7,2099811
2026-02-23,553.1,553.35,542.0,547.65,1225217
2026-02-24,548.5,548.5,536.0,543.9,1169338
2026-02-25,546.9,548.7,535.0,537.55,1341423
2026-02-26,538.0,547.0,535.0,535.9,1074853
2026-02-27,534.5,537.9,523.9,529.8,1633800
2026-03-02,505.3,519.4,503.5,509.1,2143411
2026-03-04,500.0,502.0,485.0,489.3,2517876
2026-03-05,494.7,501.15,480.8,491.8,2218265
2026-03-06,490.7,497.7,487.1,489.15,1049282
2026-03-09,478.7,479.0,462.55,473.2,2211447
2026-03-10,485.0,490.0,475.55,485.35,1255460
2026-03-11,485.35,493.8,471.0,472.55,1477633
2026-03-12,467.0,475.75,458.0,469.6,2016171
2026-03-13,469.6,473.05,448.0,450.0,1589366
2026-03-16,447.9,447.9,427.15,441.95,2841055
2026-03-17,443.85,450.55,435.5,448.95,1647512
2026-03-18,451.9,473.0,450.8,470.8,2159124
2026-03-19,458.0,462.0,446.05,447.8,1551358
2026-03-20,454.8,470.0,453.5,465.85,2239014
2026-03-23,455.0,456.0,440.0,442.15,1717859
2026-03-24,457.0,457.0,442.4,449.3,1825779
2026-03-25,454.7,469.75,453.55,455.75,2135406
2026-03-27,453.5,453.5,434.4,437.3,3151476
2026-03-30,429.0,429.95,403.0,405.7,4152398
2026-04-01,425.0,452.65,420.35,448.2,5712979
2026-04-02,429.45,455.3,427.1,451.75,2452336
2026-04-06,450.0,457.95,438.2,455.55,2040997
2026-04-07,451.0,462.5,446.6,459.45,1589197
2026-04-08,486.0,487.7,474.7,485.2,2223420
2026-04-09,485.0,487.6,471.45,476.75,1922429
2026-04-10,480.0,493.85,479.9,488.1,1912472
2026-04-13,474.15,489.45,465.15,485.3,1860626
2026-04-15,494.7,509.65,493.0,503.35,2786215
2026-04-16,508.5,512.85,499.0,510.0,1997409
2026-04-17,510.5,519.0,509.3,513.4,1445420
2026-04-20,511.3,516.7,502.2,506.8,1940004
2026-04-21,509.3,526.05,508.3,514.4,2080621
2026-04-22,513.0,521.15,510.4,518.4,1063103
2026-04-23,517.9,520.0,507.7,510.25,1204779
2026-04-24,510.8,514.35,447.35,462.4,7150693
2026-04-27,466.0,509.9,466.0,500.9,13763024
2026-04-28,500.9,506.7,491.5,493.1,2118322
2026-04-29,495.0,499.4,489.2,490.9,1318300
2026-04-30,487.9,494.8,481.2,486.9,1245703
2026-05-04,493.0,513.0,492.0,510.35,2861685
2026-05-05,512.2,525.7,510.1,520.45,3501412
2026-05-06,526.0,559.7,525.1,556.65,6328940
2026-05-07,561.1,564.85,550.1,555.9,4346939
2026-05-08,556.0,564.85,548.0,560.85,2279805
2026-05-11,560.85,560.9,536.75,538.55,3887455
2026-05-12,543.7,553.1,500.0,502.45,4790746
2026-05-13,503.0,511.25,494.75,498.0,2553741
2026-05-14,504.0,508.0,483.15,494.4,2217788
2026-05-15,499.0,499.1,486.25,488.2,1076313
2026-05-18,480.0,481.15,464.0,476.25,2123184
2026-05-19,480.0,489.6,477.2,482.45,1533816
2026-05-20,477.0,490.0,472.0,488.7,1197705
2026-05-21,496.0,513.0,490.0,510.25,2044302
2026-05-22,510.0,517.65,502.3,503.95,1419443
2026-05-25,514.05,514.05,506.0,507.5,912547
2026-05-26,506.65,514.9,502.6,503.8,1070652
2026-05-27,504.0,510.4,500.0,508.3,897810
2026-05-29,510.8,528.0,504.0,514.15,3429985
