date,open,high,low,close,volume
2003-09-05,22.4,23.53,22.0,23.25,997779
2003-09-08,23.27,23.68,22.93,23.34,667507
2003-09-09,23.45,23.79,22.63,22.85,1008826
2003-09-10,22.93,23.33,22.74,23.2,442031
2003-09-11,23.33,23.46,23.08,23.28,562228
2003-09-12,23.35,23.8,23.14,23.57,1197480
2003-09-15,23.66,23.67,23.01,23.28,946080
2003-09-16,23.07,24.3,22.23,24.0,1078998
2003-09-17,24.2,24.7,23.78,24.18,1063081
2003-09-18,24.4,24.4,23.2,23.9,1090902
2003-09-19,24.33,24.8,23.74,24.17,888865
2003-09-22,24.33,24.66,24.08,24.32,617980
2003-09-23,24.32,25.6,24.13,25.32,595969
2003-09-24,25.47,26.79,25.41,26.54,870090
2003-09-25,26.3,26.52,25.73,25.94,606851
2003-09-26,25.87,26.47,25.41,25.61,569957
2003-09-29,25.8,26.27,25.47,25.61,418188
2003-09-30,25.57,27.05,25.47,26.9,1368002
2003-10-01,26.99,27.43,26.67,27.07,944707
2003-10-03,27.13,27.33,26.53,26.96,666165
2003-10-06,27.32,28.25,27.13,27.98,621800
2003-10-07,28.07,28.47,27.67,28.02,700719
2003-10-08,28.6,28.6,27.93,28.36,340612
2003-10-09,28.4,28.8,28.2,28.38,369139
2003-10-10,28.5,28.85,28.23,28.34,278889
2003-10-13,28.43,28.75,27.87,27.96,720446
2003-10-14,28.07,28.42,27.46,27.69,860563
2003-10-15,27.53,28.03,27.34,27.8,581131
2003-10-16,28.0,28.47,27.8,28.28,979621
2003-10-17,28.47,31.0,28.34,30.09,1227929
2003-10-20,30.33,30.64,29.0,29.31,908786
2003-10-21,29.4,29.67,28.4,28.74,769341
2003-10-22,28.93,29.31,26.16,28.83,548264
2003-10-23,29.99,29.99,28.13,28.37,533617
2003-10-24,28.2,28.8,27.68,28.52,399933
2003-10-25,28.53,29.33,28.53,28.79,50210
2003-10-27,28.53,28.77,27.73,28.29,392686
2003-10-28,28.31,29.43,27.77,28.8,559109
2003-10-29,29.25,29.67,28.14,28.41,541188
2003-10-30,28.2,31.27,28.07,30.84,1309631
2003-10-31,30.37,32.6,30.0,32.19,852424
2003-11-03,32.22,33.0,32.0,32.3,434026
2003-11-04,32.65,32.97,30.37,32.07,581114
2003-11-05,32.33,32.8,31.4,31.63,646099
2003-11-06,31.86,32.1,31.13,31.42,433197
2003-11-07,31.73,31.73,30.36,30.68,499943
2003-11-10,30.6,30.6,29.67,30.18,256069
2003-11-11,30.27,31.53,30.13,30.42,844236
2003-11-12,30.6,31.39,30.5,30.71,851938
2003-11-13,31.66,31.66,30.55,30.75,538032
2003-11-14,31.06,31.06,29.47,29.88,634106
2003-11-15,29.67,30.33,29.42,29.99,164753
2003-11-17,30.01,30.67,29.75,30.48,286865
2003-11-18,30.53,30.79,28.85,29.15,778243
2003-11-19,29.2,29.27,28.43,28.72,1018423
2003-11-20,29.0,29.27,28.0,28.33,595539
2003-11-21,28.33,28.93,27.73,28.7,568135
2003-11-24,28.67,28.99,28.27,28.42,344187
2003-11-25,29.3,29.3,28.17,28.79,382981
2003-11-27,28.91,29.72,28.87,29.09,1044045
2003-11-28,29.27,29.99,29.14,29.65,473612
2003-12-01,29.73,31.39,29.73,31.22,759009
2003-12-02,31.33,31.9,30.17,30.66,1065621
2003-12-03,30.73,31.02,30.44,30.76,383136
2003-12-04,30.87,31.27,30.37,30.71,744355
2003-12-05,31.0,31.07,29.8,29.99,384406
2003-12-08,30.17,30.66,29.31,29.52,516508
2003-12-09,29.83,30.6,29.73,30.46,894245
2003-12-10,30.87,31.09,30.14,30.38,802744
2003-12-11,30.33,30.43,29.88,30.06,745769
2003-12-12,30.01,30.33,29.43,29.72,758949
2003-12-15,30.0,30.24,29.47,29.6,731030
2003-12-16,29.84,30.67,29.6,30.42,1159305
2003-12-17,30.66,31.19,30.38,30.57,1483483
2003-12-18,28.53,31.5,28.53,31.21,936558
2003-12-19,31.33,31.53,30.74,30.95,890101
2003-12-22,30.87,32.6,30.8,32.41,944103
2003-12-23,32.41,32.73,31.63,31.77,609213
2003-12-24,32.05,32.4,31.62,32.03,998809
2003-12-26,32.3,33.08,32.3,32.67,602089
2003-12-29,33.0,33.58,32.73,33.33,734176
2003-12-30,33.6,34.32,32.74,33.24,710416
2003-12-31,33.2,33.97,33.0,33.68,544666
2004-01-01,33.67,34.56,33.67,34.39,431801
2004-01-02,33.87,36.0,33.87,35.71,725484
2004-01-05,32.08,36.9,29.99,35.67,1095353
2004-01-06,35.8,37.0,35.48,35.91,1143212
2004-01-07,35.69,36.93,35.48,36.58,578251
2004-01-08,37.2,38.8,37.0,38.56,791800
2004-01-09,38.33,39.27,36.73,38.53,1212988
2004-01-12,38.63,38.66,37.21,37.61,454789
2004-01-13,37.6,40.0,37.01,39.29,591940
2004-01-14,39.46,40.29,38.73,39.64,753506
2004-01-15,39.86,39.86,33.33,37.6,588197
2004-01-16,37.6,38.2,35.87,36.8,804423
2004-01-19,36.54,38.07,35.78,37.83,611317
2004-01-20,38.19,38.5,35.68,36.29,681919
2004-01-21,36.33,37.0,34.41,34.8,922653
2004-01-22,35.33,36.67,33.48,33.99,652333
2004-01-23,35.2,38.11,34.27,37.64,554933
2004-01-27,37.99,39.56,37.13,39.07,536999
2004-01-28,38.99,39.0,36.0,37.52,661285
2004-01-29,38.07,38.07,36.6,36.92,795737
2004-01-30,37.67,37.67,33.68,34.24,623043
2004-02-03,34.6,36.87,34.41,35.92,1481936
2004-02-04,36.27,36.8,33.59,36.37,1530844
2004-02-05,36.0,37.55,36.0,36.65,982649
2004-02-06,37.03,38.03,36.44,37.78,896586
2004-02-09,37.73,39.6,37.53,39.29,852291
2004-02-10,38.83,39.2,37.61,38.2,514389
2004-02-11,38.48,39.33,38.33,39.13,375956
2004-02-12,39.13,41.07,37.41,40.79,1684218
2004-02-13,40.67,40.73,39.1,39.94,1087541
2004-02-16,39.92,41.25,39.67,40.93,1022748
2004-02-17,40.8,41.67,40.55,41.54,1252611
2004-02-18,41.67,42.26,41.22,41.5,785189
2004-02-19,41.13,41.96,39.68,39.99,829349
2004-02-20,39.8,41.02,38.84,40.77,1097846
2004-02-23,41.2,41.33,39.33,39.77,968952
2004-02-24,39.13,40.33,38.6,39.18,1101594
2004-02-25,39.2,39.2,37.0,37.33,1141192
2004-02-26,37.4,38.66,37.01,37.46,999790
2004-02-27,37.8,39.11,37.67,38.8,897170
2004-03-01,38.74,40.1,38.74,39.93,715001
2004-03-03,40.33,40.55,38.89,39.49,900333
2004-03-04,39.47,40.49,38.83,39.43,874705
2004-03-05,40.53,40.94,39.63,40.58,1046596
2004-03-08,40.3,41.89,39.67,41.69,850358
2004-03-09,41.52,42.76,41.17,41.94,1762235
2004-03-10,41.53,41.9,40.0,40.65,994218
2004-03-11,40.93,40.93,38.88,39.28,1067480
2004-03-12,39.33,39.47,38.13,39.19,716097
2004-03-15,39.59,40.43,37.88,38.64,1082637
2004-03-16,38.67,39.27,37.93,38.24,594996
2004-03-17,38.47,38.66,37.23,37.69,690881
2004-03-18,37.87,38.23,37.02,37.29,643127
2004-03-19,37.45,38.06,36.57,37.69,585351
2004-03-22,37.41,37.67,35.01,35.42,509700
2004-03-23,35.33,36.47,34.08,35.75,653032
2004-03-24,35.67,36.53,35.4,36.11,403393
2004-03-25,36.47,37.0,36.28,36.5,609576
2004-03-26,36.86,37.93,36.73,37.62,525209
2004-03-29,37.73,39.77,37.67,39.52,506671
2004-03-30,39.73,39.87,38.81,39.48,778657
2004-03-31,39.4,40.85,38.87,40.29,729899
2004-04-01,40.4,42.92,40.09,42.47,1149639
2004-04-02,42.6,42.66,39.87,41.65,1779793
2004-04-05,42.33,45.65,41.9,43.7,2076168
2004-04-06,43.4,44.46,42.31,42.6,1161897
2004-04-07,42.8,43.27,41.4,41.93,934517
2004-04-08,42.0,43.0,41.89,42.39,1123162
2004-04-12,42.67,43.93,42.0,43.37,993697
2004-04-13,42.67,43.55,42.13,43.25,504944
2004-04-15,40.74,43.53,40.74,42.7,531911
2004-04-16,42.8,43.35,42.57,42.94,406031
2004-04-17,42.93,43.13,42.47,42.69,89177
2004-04-19,42.8,42.97,40.62,40.82,661377
2004-04-20,41.0,42.0,40.33,40.69,892613
2004-04-21,40.8,42.06,40.6,41.48,809206
2004-04-22,43.93,43.93,40.0,42.02,883442
2004-04-23,42.23,42.57,41.15,41.48,596453
2004-04-27,41.0,41.0,39.43,40.02,791231
2004-04-28,39.67,40.87,39.0,39.32,965779
2004-04-29,39.4,39.73,38.75,38.9,946649
2004-04-30,39.9,39.9,38.77,39.03,554365
2004-05-03,38.67,39.27,36.8,38.42,698154
2004-05-04,38.93,39.8,38.93,39.1,334424
2004-05-05,38.73,39.53,38.21,39.14,524597
2004-05-06,40.0,40.33,38.41,38.61,999387
2004-05-07,38.53,39.27,38.17,38.94,842191
2004-05-10,38.13,40.0,37.4,39.73,660156
2004-05-11,35.41,39.0,35.41,38.02,1177619
2004-05-12,37.34,39.02,37.33,38.31,656880
2004-05-13,38.0,39.0,34.03,37.36,1607466
2004-05-14,37.84,37.87,32.03,33.44,2229829
2004-05-17,30.15,31.67,25.0,26.45,1611649
2004-05-18,26.13,31.73,25.73,29.37,1435157
2004-05-19,30.67,34.0,30.58,33.49,1615834
2004-05-20,33.33,33.33,30.5,30.92,1300688
2004-05-21,31.0,31.0,29.07,30.21,1018396
2004-05-24,30.93,32.1,30.27,31.04,900679
2004-05-25,31.33,31.33,29.35,30.59,993986
2004-05-26,32.53,32.67,30.95,32.27,1131997
2004-05-27,31.93,32.87,31.11,32.12,1048536
2004-05-28,31.41,31.41,30.27,30.83,1329064
2004-05-31,30.13,30.87,28.44,28.97,1211535
2004-06-01,29.1,30.14,28.02,28.34,1067502
2004-06-02,29.24,29.99,28.07,29.63,1338913
2004-06-03,30.75,30.75,29.12,29.85,1401989
2004-06-04,29.93,31.62,29.33,31.25,1456941
2004-06-07,32.07,32.07,30.53,30.7,1056797
2004-06-08,30.67,31.67,30.2,30.96,1215057
2004-06-09,30.69,31.73,30.69,31.5,616795
2004-06-10,31.53,31.53,30.43,30.68,1046063
2004-06-11,30.35,31.47,30.15,30.37,555001
2004-06-14,30.27,30.87,29.73,29.97,989124
2004-06-15,29.67,31.07,29.47,30.69,892133
2004-06-16,29.33,32.27,29.33,31.39,714094
2004-06-17,31.33,32.52,30.35,31.98,1243628
2004-06-18,32.33,32.77,31.53,32.55,1727455
2004-06-21,31.4,33.33,31.4,32.99,1440576
2004-06-22,32.98,33.33,32.44,33.22,1149030
2004-06-23,33.33,33.33,31.69,32.28,1679405
2004-06-24,32.27,33.47,31.81,33.24,1521038
2004-06-25,33.0,33.27,32.13,32.98,687929
2004-06-28,33.1,33.84,32.8,33.48,780453
2004-06-29,33.4,33.91,33.02,33.59,827128
2004-06-30,33.66,34.25,33.17,33.48,568429
2004-07-01,34.66,35.0,33.17,34.71,1326019
2004-07-02,33.67,35.27,33.67,34.24,905957
2004-07-05,34.27,34.99,33.47,33.62,591205
2004-07-06,33.68,35.08,33.67,34.95,752279
2004-07-07,35.0,35.96,34.74,35.74,1190312
2004-07-08,35.93,36.72,34.37,34.79,1338746
2004-07-09,33.34,35.85,28.33,35.72,455335
2004-07-12,35.7,36.13,34.87,35.47,557122
2004-07-13,35.93,36.67,35.47,36.35,501147
2004-07-14,36.67,37.29,34.95,35.2,1156938
2004-07-15,35.17,35.93,34.93,35.15,726589
2004-07-16,33.67,36.23,33.67,35.93,848636
2004-07-19,35.75,36.44,35.68,35.95,575273
2004-07-20,36.06,36.45,35.87,36.15,454695
2004-07-21,35.87,36.59,35.73,36.3,300311
2004-07-22,36.54,37.06,36.01,36.81,560646
2004-07-23,38.32,38.32,36.55,36.75,246062
2004-07-26,36.61,37.13,36.47,36.8,308882
2004-07-27,36.88,36.93,35.47,35.64,571643
2004-07-28,35.13,36.01,34.17,34.36,1560909
2004-07-29,34.36,36.19,34.36,35.89,1195855
2004-07-30,35.93,36.6,35.51,36.34,716392
2004-08-02,35.0,36.6,35.0,36.32,306761
2004-08-03,35.67,36.67,35.17,35.33,425330
2004-08-04,35.27,35.9,34.93,35.26,1021024
2004-08-05,35.33,37.0,35.33,36.72,706800
2004-08-06,36.53,37.67,36.51,37.08,1005988
2004-08-09,37.01,38.67,36.51,38.36,784212
2004-08-10,38.33,38.77,37.55,37.85,570643
2004-08-11,36.67,38.0,36.67,37.32,597752
2004-08-12,37.27,37.89,37.2,37.51,554370
2004-08-13,36.01,37.93,36.01,37.52,467616
2004-08-16,36.73,37.32,35.33,36.46,1149807
2004-08-17,35.44,36.87,35.44,36.34,792968
2004-08-18,35.87,35.99,35.34,35.51,334668
2004-08-19,35.01,38.6,35.01,35.92,676535
2004-08-20,35.92,36.33,35.13,35.25,532706
2004-08-23,34.6,35.99,34.6,35.14,312714
2004-08-24,34.68,36.17,34.68,35.46,308566
2004-08-25,35.47,36.63,35.47,36.47,374468
2004-08-26,36.53,38.19,36.53,38.0,795375
2004-08-27,37.67,37.91,37.04,37.29,569801
2004-08-30,37.02,38.3,36.76,37.18,657857
2004-08-31,37.67,37.67,36.55,36.8,762070
2004-09-01,36.47,37.79,36.47,37.7,635686
2004-09-02,37.7,38.23,37.35,37.93,540150
2004-09-03,37.8,39.79,37.8,39.5,1573387
2004-09-06,39.33,39.33,37.95,38.31,1390833
2004-09-07,38.53,38.97,38.21,38.37,848802
2004-09-08,38.53,38.6,38.05,38.18,472814
2004-09-09,38.53,38.53,37.35,37.46,786682
2004-09-10,37.8,37.99,37.3,37.91,559024
2004-09-13,38.27,38.53,37.92,38.0,383363
2004-09-14,38.4,38.78,38.22,38.6,610571
2004-09-15,38.75,39.57,38.73,39.34,846686
2004-09-16,39.32,39.32,38.8,39.22,320285
2004-09-17,39.33,39.7,39.21,39.32,401401
2004-09-20,39.99,40.07,39.41,39.53,479225
2004-09-21,39.66,39.96,39.47,39.71,333834
2004-09-22,39.8,39.87,39.3,39.65,316581
2004-09-23,39.47,39.72,38.87,39.05,337622
2004-09-24,38.99,39.36,38.43,38.53,314929
2004-09-27,38.67,38.79,38.17,38.33,215768
2004-09-28,38.26,38.5,37.55,37.77,304924
2004-09-29,37.8,38.67,37.56,38.43,747202
2004-09-30,38.75,38.87,38.07,38.27,423206
2004-10-01,38.47,39.13,38.4,38.97,214381
2004-10-04,39.66,39.67,39.14,39.27,236452
2004-10-05,39.47,40.58,39.27,40.24,680191
2004-10-06,40.45,41.2,40.41,40.92,684584
2004-10-07,40.93,41.53,40.73,41.08,487708
2004-10-08,41.67,41.93,41.34,41.56,538150
2004-10-09,41.93,41.99,41.41,41.55,66382
2004-10-11,41.8,41.8,40.87,41.1,318279
2004-10-12,41.43,41.74,40.88,41.49,716457
2004-10-14,41.33,41.6,40.53,40.76,284830
2004-10-15,40.93,41.06,40.41,40.7,190343
2004-10-18,40.87,41.2,40.7,41.1,197908
2004-10-19,41.27,41.9,41.27,41.71,330306
2004-10-20,41.87,42.38,41.87,42.26,248101
2004-10-21,42.29,42.77,41.69,41.92,356944
2004-10-25,42.0,43.0,41.87,42.69,379572
2004-10-26,42.73,42.99,42.33,42.64,310884
2004-10-27,42.47,42.93,42.07,42.19,261839
2004-10-28,42.5,42.93,42.07,42.33,233082
2004-10-29,42.67,42.77,41.47,41.63,262273
2004-11-01,41.27,42.27,40.8,41.89,171396
2004-11-02,42.07,42.3,41.68,42.05,156334
2004-11-03,42.11,43.07,42.11,42.63,397765
2004-11-04,42.67,42.93,42.02,42.18,180787
2004-11-05,42.2,42.67,42.0,42.2,200566
2004-11-08,41.73,42.51,41.73,42.02,132477
2004-11-09,42.27,42.27,40.7,40.95,513889
2004-11-10,41.33,41.53,40.8,40.87,656304
2004-11-11,41.13,41.46,40.74,40.85,305475
2004-11-12,41.01,41.53,40.91,41.0,50475
2004-11-16,41.13,41.19,40.73,41.04,207189
2004-11-17,41.0,41.6,40.77,40.86,339120
2004-11-18,41.01,41.13,40.58,40.75,296248
2004-11-19,41.0,41.26,40.04,40.21,301072
2004-11-22,40.46,41.06,39.41,40.75,342066
2004-11-23,40.8,41.6,40.61,41.2,489815
2004-11-24,41.27,41.53,41.08,41.2,355630
2004-11-25,41.17,41.47,40.33,40.45,416506
2004-11-29,40.0,41.47,40.0,41.19,217148
2004-11-30,41.99,41.99,41.23,41.33,269754
2004-12-01,35.47,42.19,35.47,41.91,296502
2004-12-02,42.2,42.8,42.14,42.48,586469
2004-12-03,43.27,43.5,42.54,42.8,575544
2004-12-06,43.25,45.12,43.03,44.94,665940
2004-12-07,45.0,45.26,43.74,43.95,315911
2004-12-08,44.0,44.91,43.33,43.46,392118
2004-12-09,44.0,44.47,43.51,44.25,273688
2004-12-10,44.4,45.99,44.23,45.61,852980
2004-12-13,45.63,45.83,44.88,45.62,355945
2004-12-14,45.87,47.0,45.68,46.77,550782
2004-12-15,47.0,49.0,47.0,48.32,435497
2004-12-16,48.65,48.65,47.13,48.18,378757
2004-12-17,48.53,48.92,47.57,47.75,304756
2004-12-20,46.67,48.33,46.67,48.1,166183
2004-12-21,47.07,49.2,47.07,48.9,250978
2004-12-22,49.0,49.0,48.1,48.76,175637
2004-12-23,48.4,49.32,48.33,48.8,202821
2004-12-24,48.87,48.87,48.0,48.55,119086
2004-12-27,48.59,49.31,47.08,49.16,128593
2004-12-28,49.33,50.86,49.0,50.33,304611
2004-12-29,50.36,50.53,49.47,49.61,216365
2004-12-30,48.68,50.13,48.68,49.93,146492
2004-12-31,50.27,52.1,49.53,51.12,272223
2005-01-03,51.13,53.23,51.0,52.94,318667
2005-01-04,52.67,53.27,51.74,51.88,333475
2005-01-05,51.73,52.93,48.33,50.51,474266
2005-01-06,48.67,51.03,48.67,49.23,331033
2005-01-07,49.93,49.99,49.01,49.21,329710
2005-01-10,48.87,50.39,48.87,49.41,234127
2005-01-11,49.4,50.66,48.54,49.19,307289
2005-01-12,49.73,50.06,48.47,48.76,450627
2005-01-13,48.67,49.93,47.73,48.32,238100
2005-01-14,49.07,49.07,47.11,47.43,351110
2005-01-17,48.53,48.53,46.33,47.03,537988
2005-01-18,47.53,47.73,45.93,46.27,421276
2005-01-19,47.93,47.93,45.67,46.1,470036
2005-01-20,46.33,46.46,44.73,45.92,426128
2005-01-24,46.47,46.66,44.94,45.42,248609
2005-01-25,45.2,46.66,44.53,46.27,378488
2005-01-27,42.0,47.94,42.0,47.64,558670
2005-01-28,47.4,48.67,47.4,48.11,191413
2005-01-31,48.6,50.99,48.6,50.15,545706
2005-02-01,50.41,51.53,49.67,50.51,515722
2005-02-02,50.67,53.19,50.67,52.46,639106
2005-02-03,52.23,53.8,52.23,53.09,445777
2005-02-04,53.33,53.6,51.87,52.74,364811
2005-02-07,53.0,53.33,51.87,52.08,194218
2005-02-08,52.13,52.9,51.34,52.18,325974
2005-02-09,51.8,53.73,51.8,53.31,475475
2005-02-10,52.67,54.6,50.34,54.2,432732
2005-02-11,53.67,55.18,53.67,54.62,440503
2005-02-14,54.73,57.93,54.73,57.3,1049834
2005-02-15,56.67,57.33,56.01,56.76,460224
2005-02-16,56.8,58.47,56.67,57.26,575625
2005-02-17,57.26,57.47,56.4,57.28,380519
2005-02-18,57.27,57.99,56.53,56.72,238125
2005-02-21,57.0,57.0,55.67,56.0,396169
2005-02-22,56.39,56.4,55.61,56.18,195364
2005-02-23,56.13,56.29,55.27,55.81,237659
2005-02-24,56.67,57.82,55.47,57.47,428183
2005-02-25,57.6,57.8,56.57,57.52,209760
2005-02-28,57.67,57.67,56.21,57.21,217388
2005-03-01,57.32,57.32,56.0,56.51,198524
2005-03-02,56.66,57.0,56.22,56.78,158988
2005-03-03,57.0,57.37,56.67,56.84,154055
2005-03-04,56.8,58.93,56.8,57.61,352679
2005-03-07,58.8,58.8,56.69,56.95,155945
2005-03-08,57.07,57.59,55.87,55.96,234151
2005-03-09,56.33,56.66,55.07,55.34,288834
2005-03-10,55.08,55.79,55.08,55.52,193414
2005-03-11,55.93,56.27,54.24,54.42,869655
2005-03-14,55.33,55.33,53.81,54.07,372491
2005-03-15,53.99,54.83,53.67,53.85,329832
2005-03-16,53.96,54.36,53.07,53.3,524476
2005-03-17,53.27,53.47,51.8,52.11,290189
2005-03-18,52.23,52.97,51.01,52.71,704106
2005-03-21,51.83,53.67,51.57,53.0,407887
2005-03-22,53.31,53.31,51.67,52.04,295835
2005-03-23,51.67,52.66,50.95,51.9,440110
2005-03-24,51.9,53.26,51.57,52.01,447821
2005-03-28,53.27,53.27,51.01,51.51,489186
2005-03-29,51.67,51.85,50.31,50.84,316318
2005-03-30,51.13,51.33,49.35,49.9,236873
2005-03-31,50.67,51.87,50.13,51.09,618558
2005-04-01,52.53,53.63,51.34,53.44,563903
2005-04-04,53.73,54.67,52.2,52.47,443757
2005-04-05,52.65,53.67,52.0,53.43,300496
2005-04-06,53.53,54.39,53.53,54.05,240263
2005-04-07,54.39,54.47,52.43,52.62,287694
2005-04-08,52.8,53.0,50.6,51.81,815317
2005-04-11,51.53,52.66,51.47,52.31,145193
2005-04-12,52.57,53.0,52.13,52.84,88065
2005-04-13,53.03,53.73,52.67,53.44,237661
2005-04-15,53.4,53.4,51.47,52.73,235436
2005-04-18,52.33,53.06,51.5,52.35,177278
2005-04-19,52.53,53.27,51.53,52.07,145847
2005-04-20,51.96,52.33,51.13,51.44,245103
2005-04-21,51.47,53.33,50.94,52.98,266116
2005-04-22,53.73,54.17,52.8,53.98,198624
2005-04-25,54.33,54.33,51.08,54.2,117936
2005-04-26,54.33,55.2,54.2,54.97,276854
2005-04-27,54.93,55.2,54.37,54.72,233131
2005-04-28,54.83,54.99,53.04,53.56,284607
2005-04-29,54.66,54.66,52.4,52.83,248308
2005-05-02,53.13,53.53,52.6,52.86,91025
2005-05-03,52.93,54.87,52.73,54.3,242160
2005-05-04,54.6,54.8,54.07,54.22,121728
2005-05-05,54.67,55.03,54.43,54.75,80728
2005-05-06,54.73,55.32,54.43,54.74,106108
2005-05-09,54.8,56.13,54.8,55.91,198396
2005-05-10,55.93,56.33,55.08,55.55,112758
2005-05-11,55.47,55.97,55.07,55.43,117777
2005-05-12,55.78,55.78,55.1,55.56,99905
2005-05-13,55.4,55.86,54.87,55.62,131457
2005-05-16,55.67,57.67,55.41,57.34,229575
2005-05-17,57.4,57.99,56.75,57.39,219375
2005-05-18,54.1,57.19,54.1,55.53,226543
2005-05-19,55.53,56.6,55.53,56.22,109560
2005-05-20,56.65,57.13,55.87,56.98,113605
2005-05-23,56.8,58.32,56.8,58.13,135536
2005-05-24,58.21,58.45,57.24,58.18,140675
2005-05-25,58.13,58.26,57.68,58.04,84324
2005-05-26,59.93,63.27,58.35,60.67,1342161
2005-05-27,58.8,61.8,57.74,58.14,1005553
2005-05-30,58.67,59.26,58.13,58.83,289354
2005-05-31,55.41,59.45,54.81,58.8,186327
2005-06-01,58.8,59.0,58.27,58.68,113535
2005-06-02,59.0,59.27,57.53,58.02,132092
2005-06-03,58.1,58.27,57.47,57.96,119571
2005-06-04,57.74,58.4,57.35,57.72,54854
2005-06-06,57.73,58.18,57.35,58.02,154070
2005-06-07,58.01,58.47,57.57,58.18,93537
2005-06-08,58.07,58.86,58.07,58.69,117495
2005-06-09,58.8,59.33,58.55,59.21,218471
2005-06-10,59.03,59.67,58.0,58.42,197718
2005-06-13,58.42,58.93,57.94,58.73,103316
2005-06-14,58.67,59.29,58.34,58.87,62956
2005-06-15,59.31,59.93,58.67,58.74,127521
2005-06-16,58.8,59.0,58.14,58.65,214840
2005-06-17,59.0,59.0,57.67,58.32,103945
2005-06-20,58.13,58.67,57.34,58.2,113173
2005-06-21,58.01,58.25,57.43,57.78,81534
2005-06-22,57.84,58.33,56.8,56.9,158725
2005-06-23,57.0,57.66,56.37,56.7,125580
2005-06-24,56.33,57.13,56.33,56.61,116048
2005-06-27,56.15,58.16,54.08,57.71,216236
2005-06-28,57.73,57.98,55.8,56.53,153913
2005-06-29,57.0,57.07,56.0,56.79,130503
2005-06-30,57.93,58.67,56.33,57.86,366812
2005-07-01,57.33,58.63,56.33,57.13,311801
2005-07-04,57.67,57.93,56.93,57.21,90941
2005-07-05,57.21,57.87,57.13,57.66,134505
2005-07-06,58.13,59.67,57.67,59.5,263658
2005-07-07,59.5,59.91,57.67,58.39,228641
2005-07-08,59.33,59.33,56.67,58.32,98038
2005-07-11,57.35,59.0,56.61,58.57,178255
2005-07-12,58.67,59.19,57.55,58.24,155555
2005-07-13,58.14,58.93,57.93,58.42,148724
2005-07-14,58.73,59.38,57.73,59.15,146623
2005-07-15,59.2,59.65,58.6,59.31,114640
2005-07-18,59.33,60.2,59.08,59.98,153982
2005-07-19,60.2,61.73,60.2,61.43,182756
2005-07-20,61.33,62.79,60.73,62.45,159453
2005-07-21,62.45,62.99,61.68,62.7,175686
2005-07-22,62.7,66.6,62.47,66.15,809588
2005-07-25,65.73,67.2,65.07,66.51,290620
2005-07-26,66.63,67.68,65.27,65.86,397386
2005-07-27,66.6,66.6,65.21,65.6,67625
2005-07-29,66.53,77.0,66.33,67.12,486026
2005-08-01,67.31,67.31,65.12,66.17,220227
2005-08-02,66.6,68.33,66.6,67.59,173693
2005-08-03,67.73,68.39,67.36,68.05,178184
2005-08-04,68.39,72.46,68.21,71.81,357480
2005-08-05,72.65,73.16,70.44,72.39,432841
2005-08-08,70.67,72.13,69.79,70.11,193510
2005-08-09,69.87,72.33,69.14,70.49,221497
2005-08-10,71.33,71.67,70.4,71.45,91089
2005-08-11,71.65,72.33,70.96,71.46,119610
2005-08-12,71.46,72.0,70.07,70.48,160244
2005-08-16,71.0,76.38,70.73,74.74,795758
2005-08-17,74.73,74.93,71.47,73.52,492473
2005-08-18,73.86,74.4,72.4,72.99,180745
2005-08-19,72.67,73.6,71.4,71.67,105609
2005-08-22,72.0,72.14,69.07,70.14,77079
2005-08-23,70.37,70.67,68.6,68.99,130543
2005-08-24,69.67,77.0,68.4,70.47,245511
2005-08-25,70.07,74.8,70.07,73.76,563725
2005-08-26,74.0,74.0,71.14,72.64,183168
2005-08-29,73.27,73.27,70.35,70.69,118682
2005-08-30,70.87,72.17,70.67,70.99,104465
2005-08-31,71.25,71.33,70.33,71.14,80790
2005-09-01,71.0,72.65,71.0,71.63,85329
2005-09-02,71.67,72.27,70.8,71.54,62229
2005-09-05,71.8,72.66,71.34,72.04,97997
2005-09-06,72.08,72.57,70.0,71.81,98595
2005-09-08,72.39,74.6,71.33,72.91,137461
2005-09-09,72.67,73.79,72.33,72.61,89702
2005-09-12,72.99,73.31,72.0,73.12,86423
2005-09-13,73.07,73.53,72.54,73.44,77814
2005-09-14,73.4,74.4,71.73,72.4,145437
2005-09-15,73.33,73.33,72.13,72.7,96733
2005-09-16,72.73,73.98,72.47,73.22,182693
2005-09-19,73.4,74.33,73.01,73.94,156876
2005-09-20,73.34,76.33,73.21,75.48,177970
2005-09-21,76.27,76.27,73.13,75.8,160551
2005-09-22,73.13,77.0,70.17,73.62,224955
2005-09-23,72.87,74.39,72.67,73.31,210426
2005-09-26,73.93,76.57,70.17,76.34,221343
2005-09-27,74.03,77.93,74.03,75.99,275579
2005-09-28,76.33,78.0,75.2,77.54,137433
2005-09-29,77.87,82.67,77.67,81.7,650828
2005-09-30,82.53,82.53,80.33,81.61,192119
2005-10-03,81.61,84.45,80.67,82.84,132136
2005-10-04,80.67,86.33,80.67,85.17,128462
2005-10-05,85.99,87.67,83.15,84.15,732342
2005-10-06,82.31,84.53,80.73,81.43,354160
2005-10-07,81.43,81.67,79.0,80.85,397662
2005-10-10,79.07,82.33,79.07,79.7,168839
2005-10-11,79.93,81.27,77.67,78.26,279932
2005-10-13,78.0,80.33,76.35,78.41,346359
2005-10-14,77.33,79.27,75.0,76.2,248143
2005-10-17,76.2,79.67,74.34,79.56,319803
2005-10-18,79.67,80.27,78.01,78.19,164054
2005-10-19,78.01,79.33,76.02,77.1,163062
2005-10-20,77.8,78.53,73.06,74.69,373244
2005-10-21,76.47,77.67,74.2,76.72,218326
2005-10-24,77.67,77.86,75.14,75.3,140336
2005-10-25,75.14,77.67,75.14,76.81,302462
2005-10-26,76.0,78.56,76.0,77.2,159798
2005-10-27,77.2,77.6,72.07,73.49,536390
2005-10-28,74.07,74.66,72.0,72.59,282355
2005-10-31,73.27,76.07,72.67,75.33,335056
2005-11-01,75.67,76.27,74.0,74.84,45521
2005-11-02,74.67,76.66,74.67,75.96,122658
2005-11-07,76.07,79.67,76.0,79.35,210673
2005-11-08,78.0,81.67,78.0,80.44,242353
2005-11-09,80.67,82.32,79.68,80.35,206742
2005-11-10,81.0,83.67,80.73,83.47,417150
2005-11-11,83.67,86.59,83.67,86.3,390903
2005-11-14,86.33,87.33,83.83,84.87,305983
2005-11-16,84.87,86.0,83.87,84.54,203421
2005-11-17,84.87,86.2,84.67,85.12,230738
2005-11-18,85.93,88.67,85.0,87.98,271383
2005-11-21,88.0,88.8,87.2,88.27,267395
2005-11-22,88.33,89.8,87.33,87.69,327947
2005-11-23,87.69,88.93,87.27,87.9,219340
2005-11-24,88.65,90.13,88.13,89.29,426400
2005-11-25,88.73,93.0,88.73,92.3,322368
2005-11-26,91.67,95.63,91.67,94.99,215054
2005-11-28,95.63,98.93,95.33,97.92,402353
2005-11-29,98.6,98.6,94.57,94.99,325924
2005-11-30,95.0,99.99,94.4,95.14,560084
2005-12-01,95.33,97.6,94.74,96.98,597072
2005-12-02,97.6,98.71,95.07,95.71,407037
2005-12-05,95.07,96.67,93.33,93.62,235503
2005-12-06,94.67,94.67,91.57,92.01,286961
2005-12-07,94.56,94.56,90.67,91.17,307381
2005-12-08,91.67,94.52,90.67,92.32,339832
2005-12-09,92.93,96.6,92.67,96.02,450477
2005-12-12,96.6,97.2,94.54,95.02,305638
2005-12-13,95.33,96.27,93.42,95.64,244009
2005-12-14,95.67,96.53,93.74,94.36,280764
2005-12-15,94.67,97.33,93.33,94.14,276678
2005-12-16,95.33,95.53,93.57,95.15,227016
2005-12-19,95.33,96.13,94.6,95.84,200420
2005-12-20,96.13,96.27,93.6,94.05,258691
2005-12-21,94.6,95.0,91.68,93.33,226830
2005-12-22,94.0,99.85,92.67,93.11,228726
2005-12-23,94.47,94.47,90.47,91.11,195494
2005-12-26,91.93,91.93,88.15,88.46,274499
2005-12-27,88.47,92.33,87.67,91.44,315627
2005-12-28,91.8,92.93,90.03,90.67,195542
2005-12-29,91.33,92.87,90.87,91.44,311387
2005-12-30,92.0,93.2,91.34,92.47,148729
2006-01-02,91.34,94.4,91.34,92.66,135922
2006-01-03,93.2,94.32,92.74,94.1,225968
2006-01-04,94.33,95.73,94.33,95.54,349816
2006-01-05,95.56,97.58,94.28,97.07,495966
2006-01-06,97.2,98.09,95.39,97.86,358580
2006-01-09,95.39,100.33,94.38,99.37,289194
2006-01-10,97.22,99.33,97.22,99.04,139845
2006-01-12,98.67,99.93,96.38,98.62,172040
2006-01-13,98.8,99.21,96.53,97.47,108850
2006-01-16,97.93,98.93,96.07,98.14,202570
2006-01-17,98.47,99.33,96.73,97.74,166629
2006-01-18,97.0,99.2,95.01,97.6,189964
2006-01-19,98.0,103.2,98.0,101.92,357816
2006-01-20,102.27,106.6,101.2,105.4,399779
2006-01-23,105.33,108.0,103.47,106.8,207654
2006-01-24,107.0,109.87,107.0,109.22,196607
2006-01-25,109.68,112.35,109.33,111.73,292811
2006-01-27,112.01,115.07,111.73,114.37,442256
2006-01-30,115.33,117.33,112.2,113.32,319931
2006-01-31,115.0,121.0,114.33,119.71,575253
2006-02-01,121.0,124.27,118.67,119.69,655872
2006-02-02,120.0,123.6,118.0,122.63,503610
2006-02-03,123.0,124.67,120.4,123.09,273651
2006-02-06,122.8,125.53,120.67,122.85,270781
2006-02-07,124.73,125.32,121.47,122.83,243353
2006-02-08,122.93,124.0,121.54,122.47,215306
2006-02-10,123.23,123.53,122.02,122.5,135243
2006-02-13,123.2,126.8,122.66,126.2,365851
2006-02-14,125.93,128.33,124.47,125.23,315169
2006-02-15,128.33,129.86,124.35,125.35,238300
2006-02-16,125.4,126.51,124.07,124.93,142446
2006-02-17,125.33,125.93,123.62,124.27,149151
2006-02-20,124.31,124.31,120.87,121.73,283544
2006-02-21,125.91,125.91,121.67,124.71,334540
2006-02-22,125.33,128.13,124.8,127.63,337777
2006-02-23,128.13,129.32,125.8,126.3,362463
2006-02-24,129.32,130.0,125.88,127.18,275274
2006-02-27,127.4,128.73,127.4,127.9,151880
2006-02-28,127.4,136.55,125.67,135.13,718082
2006-03-01,136.0,141.93,136.0,140.8,841479
2006-03-02,141.37,145.33,138.0,140.49,538235
2006-03-03,140.33,144.0,140.33,141.56,373965
2006-03-06,141.68,144.33,141.68,143.23,244258
2006-03-07,144.33,145.27,142.0,142.62,503571
2006-03-08,142.67,147.0,138.75,139.76,608734
2006-03-09,140.0,140.67,133.0,139.54,560815
2006-03-10,141.6,143.12,140.33,142.23,409707
2006-03-13,142.47,143.93,140.67,141.36,329365
2006-03-14,141.67,142.31,138.0,138.88,190110
2006-03-16,143.86,143.86,137.7,141.39,408082
2006-03-17,142.4,142.6,139.33,140.02,184697
2006-03-20,140.14,141.33,139.8,140.53,167378
2006-03-21,141.33,147.67,140.8,146.02,643168
2006-03-22,146.0,149.25,144.73,146.79,702487
2006-03-23,146.47,148.0,145.0,146.67,204990
2006-03-24,146.0,147.31,142.77,144.13,225081
2006-03-27,144.13,146.33,142.73,143.76,233505
2006-03-28,144.0,144.33,140.09,140.77,254412
2006-03-29,141.33,143.65,140.53,143.16,168856
2006-03-30,143.65,144.67,141.67,142.37,127465
2006-03-31,143.33,152.0,142.73,149.46,496694
2006-04-03,152.0,154.13,150.0,153.18,547689
2006-04-04,154.13,156.92,153.74,155.41,431726
2006-04-05,156.6,157.27,155.33,156.85,195877
2006-04-07,158.29,160.87,156.0,158.53,290693
2006-04-10,158.53,161.57,156.8,159.45,222209
2006-04-12,160.67,160.96,155.0,156.1,119718
2006-04-13,156.13,156.67,143.67,151.9,298518
2006-04-17,153.33,154.67,150.0,152.98,188805
2006-04-18,153.33,155.67,150.75,152.25,288201
2006-04-19,153.99,159.33,153.47,155.94,404353
2006-04-20,156.67,158.27,155.34,156.33,179244
2006-04-21,156.33,157.99,154.07,156.16,405673
2006-04-24,157.99,161.86,154.0,155.13,114231
2006-04-25,155.33,157.67,152.07,153.83,274601
2006-04-26,154.0,159.0,153.4,157.82,175194
2006-04-27,159.0,166.67,156.67,157.37,262733
2006-04-28,153.44,157.33,147.07,156.25,250906
2006-04-29,157.27,158.19,156.67,157.21,37576
2006-05-02,157.33,160.05,156.41,157.04,138547
2006-05-03,157.93,159.67,155.0,157.58,90147
2006-05-04,159.32,160.0,156.3,157.51,182154
2006-05-05,158.67,161.0,157.67,159.78,204377
2006-05-08,160.47,164.36,159.67,160.22,504057
2006-05-09,161.93,161.93,157.37,159.5,193736
2006-05-10,160.33,161.2,158.67,159.47,168637
2006-05-11,160.6,160.6,156.74,157.28,130198
2006-05-12,156.74,157.26,153.67,155.48,100562
2006-05-15,153.2,156.33,148.07,150.04,242906
2006-05-16,150.27,153.0,140.67,149.48,463288
2006-05-17,149.67,156.0,148.73,154.87,144297
2006-05-18,155.07,155.07,138.67,141.22,235550
2006-05-19,146.67,148.33,120.13,131.79,353073
2006-05-22,135.0,135.0,105.49,126.17,579696
2006-05-23,125.33,136.0,118.02,132.93,305527
2006-05-24,135.33,136.0,128.73,131.29,316890
2006-05-25,128.8,131.33,122.67,126.77,712640
2006-05-26,129.33,132.8,128.07,129.13,194944
2006-05-29,128.67,133.13,128.67,130.25,136385
2006-05-30,130.33,131.67,128.09,130.09,171918
2006-05-31,128.33,130.0,119.0,126.89,521424
2006-06-01,129.33,131.55,126.67,127.11,666822
2006-06-02,126.67,134.66,125.33,132.88,721960
2006-06-05,133.0,136.51,129.73,130.71,592820
2006-06-06,129.33,129.33,123.47,124.33,804509
2006-06-07,123.47,127.0,119.67,122.03,375345
2006-06-08,120.13,125.0,111.67,114.88,628107
2006-06-09,113.27,128.33,110.04,124.5,489799
2006-06-12,126.6,128.67,112.67,115.73,583997
2006-06-13,114.0,116.67,105.73,107.09,520831
2006-06-14,109.67,112.67,102.2,106.99,912192
2006-06-15,108.67,124.0,108.67,122.39,666266
2006-06-16,123.42,131.03,123.33,125.12,680380
2006-06-19,126.0,133.27,124.0,129.13,365572
2006-06-20,128.27,128.27,122.67,124.21,448123
2006-06-21,125.13,125.13,120.07,122.56,627944
2006-06-22,125.13,127.67,122.73,125.06,562241
2006-06-23,123.33,126.6,120.42,125.36,424312
2006-06-25,129.27,129.27,124.67,125.1,26600
2006-06-26,125.93,126.6,121.87,122.67,501306
2006-06-27,123.2,123.2,117.33,120.1,725827
2006-06-28,120.8,123.67,118.42,121.73,470435
2006-06-29,120.87,125.13,120.87,122.82,798780
2006-06-30,123.98,132.0,123.98,129.96,984788
2006-07-03,124.75,131.2,124.75,129.9,371342
2006-07-04,130.33,131.67,129.42,130.39,305236
2006-07-05,129.67,132.19,128.33,131.56,361430
2006-07-06,129.33,131.51,126.67,127.31,339855
2006-07-07,128.33,131.27,125.0,126.07,640910
2006-07-10,129.61,130.33,124.87,129.41,407201
2006-07-11,130.33,131.26,128.37,129.01,485762
2006-07-12,128.37,133.33,126.74,132.45,479746
2006-07-13,130.0,132.67,129.41,130.97,381999
2006-07-14,129.67,129.87,127.33,128.73,213773
2006-07-17,127.93,128.33,122.33,123.55,324082
2006-07-18,122.67,124.25,119.2,120.57,367212
2006-07-19,120.87,123.34,116.14,117.06,230646
2006-07-20,120.0,123.4,120.0,120.76,477853
2006-07-21,124.14,126.67,117.63,119.19,678974
2006-07-24,123.27,123.3,115.27,119.82,581022
2006-07-25,121.67,122.93,120.74,121.98,244578
2006-07-26,122.0,125.26,120.74,123.93,529015
2006-07-27,124.4,130.97,124.4,130.24,1015138
2006-07-28,132.63,134.4,130.07,131.22,987850
2006-07-31,133.2,137.79,131.6,136.35,1119498
2006-08-01,136.33,141.0,135.02,140.19,1062149
2006-08-02,141.0,145.87,140.33,143.53,1064832
2006-08-03,144.67,146.13,140.36,141.25,864662
2006-08-04,141.33,144.52,141.27,143.52,482211
2006-08-07,144.33,146.19,143.8,145.67,662599
2006-08-08,148.0,148.13,143.67,144.48,763186
2006-08-09,142.67,146.13,139.04,145.87,784667
2006-08-10,145.33,145.33,143.33,144.81,248727
2006-08-11,144.13,145.67,142.36,143.46,254139
2006-08-14,142.36,145.97,142.36,145.36,218609
2006-08-16,148.7,151.47,145.67,149.63,699906
2006-08-17,150.35,151.82,148.84,151.16,448477
2006-08-18,152.0,153.33,151.0,152.22,372743
2006-08-21,153.24,153.24,150.75,152.27,195450
2006-08-22,152.33,153.2,148.34,149.19,377209
2006-08-23,148.67,151.0,148.67,149.81,303618
2006-08-24,150.0,150.0,146.88,149.39,287033
2006-08-25,150.33,151.0,149.47,149.97,281861
2006-08-28,150.07,150.53,146.24,149.64,223786
2006-08-29,150.53,153.13,150.29,152.22,376555
2006-08-30,152.4,153.76,151.74,152.24,412805
2006-08-31,152.67,152.87,149.27,150.73,471992
2006-09-01,151.4,151.87,149.74,150.38,211092
2006-09-04,151.67,152.0,150.19,150.58,215253
2006-09-05,150.56,153.93,150.33,152.55,363631
2006-09-06,152.67,153.25,150.68,151.16,289062
2006-09-07,150.99,153.26,150.0,150.32,322451
2006-09-08,150.4,155.5,150.0,154.98,938823
2006-09-11,155.33,155.67,149.34,150.32,629034
2006-09-12,150.09,151.73,145.87,148.67,701728
2006-09-13,150.93,153.13,149.67,151.01,514216
2006-09-14,151.09,152.66,150.73,151.19,202447
2006-09-15,151.19,152.11,149.11,151.46,317455
2006-09-18,150.0,153.93,149.0,152.81,412457
2006-09-19,152.67,153.87,148.81,150.19,335783
2006-09-20,150.65,151.13,148.07,150.09,462095
2006-09-21,151.99,154.6,151.13,154.2,607655
2006-09-22,154.0,155.6,153.15,154.32,336313
2006-09-25,154.67,155.46,153.67,155.06,449943
2006-09-26,155.67,159.26,154.21,158.34,772082
2006-09-27,158.67,159.8,158.0,159.32,642282
2006-09-28,159.2,159.8,157.89,158.65,236656
2006-09-29,159.0,161.13,158.67,159.92,254341
2006-10-03,160.0,160.47,157.2,157.89,359542
2006-10-04,158.33,158.6,152.41,153.41,560657
2006-10-05,155.27,155.91,153.03,154.22,551917
2006-10-06,154.33,156.78,154.33,155.1,204448
2006-10-09,155.73,156.36,150.67,155.02,157739
2006-10-10,155.44,157.0,155.34,155.84,137926
2006-10-11,156.28,156.79,153.67,154.51,388594
2006-10-12,155.0,155.59,152.15,155.19,300269
2006-10-13,156.33,160.0,155.93,159.65,408263
2006-10-16,158.0,162.66,158.0,161.8,328508
2006-10-17,162.6,164.93,159.87,164.15,441104
2006-10-18,162.2,164.0,160.87,163.02,322630
2006-10-19,163.19,163.19,160.33,161.03,234656
2006-10-20,161.48,164.13,160.53,161.96,222697
2006-10-21,162.4,162.96,160.75,162.29,19547
2006-10-23,162.93,163.33,160.81,163.07,163742
2006-10-26,162.67,165.2,162.41,163.36,478050
2006-10-27,164.67,166.39,163.67,165.03,456314
2006-10-30,165.03,165.03,160.67,162.78,299746
2006-10-31,163.0,163.33,160.68,161.34,341704
2006-11-01,161.67,164.6,160.67,163.89,358628
2006-11-02,163.93,165.46,162.33,163.85,176166
2006-11-03,164.0,166.98,161.87,165.55,503271
2006-11-06,165.53,167.2,164.37,164.86,250017
2006-11-07,165.67,167.92,161.41,162.38,222856
2006-11-08,162.33,163.87,159.93,160.69,295951
2006-11-09,160.67,162.0,157.56,158.67,333936
2006-11-10,159.33,164.65,158.67,163.63,427375
2006-11-13,163.74,165.5,162.87,165.06,200302
2006-11-14,165.47,165.47,163.37,163.9,230113
2006-11-15,164.0,164.13,162.47,163.71,217345
2006-11-16,165.33,165.33,162.41,163.41,286007
2006-11-17,164.33,167.2,161.15,161.94,318822
2006-11-20,162.2,163.67,159.01,160.18,392012
2006-11-21,161.15,162.3,160.33,161.3,322270
2006-11-22,163.25,165.19,161.48,164.25,235826
2006-11-23,164.67,170.27,164.67,167.84,609996
2006-11-24,168.0,170.52,166.83,168.52,574386
2006-11-27,168.67,169.89,166.47,166.96,81321
2006-11-28,167.33,168.0,165.33,165.99,179427
2006-11-29,166.0,167.66,163.52,163.95,191062
2006-11-30,165.27,167.85,164.41,167.05,433693
2006-12-01,169.67,170.0,166.4,167.81,475577
2006-12-04,168.15,174.13,167.27,172.72,588324
2006-12-05,173.33,174.3,171.07,172.32,269374
2006-12-06,172.67,176.33,170.02,174.72,399223
2006-12-07,175.0,177.7,173.75,176.26,450533
2006-12-08,177.58,177.67,175.34,175.94,256792
2006-12-11,176.2,176.33,160.0,169.07,356290
2006-12-12,169.33,169.33,155.33,162.6,765350
2006-12-13,161.04,166.65,159.02,161.69,507641
2006-12-14,162.4,165.6,161.67,164.16,561223
2006-12-15,166.58,168.53,164.8,166.69,543676
2006-12-18,166.67,169.18,158.33,159.4,1003673
2006-12-19,160.0,161.33,150.74,152.79,2001896
2006-12-20,153.4,155.27,148.8,152.06,1251316
2006-12-21,152.65,154.33,150.15,151.86,400324
2006-12-22,153.33,154.31,152.0,153.45,340360
2006-12-26,153.47,156.46,153.47,155.8,332457
2006-12-27,155.87,156.85,154.33,155.2,344069
2006-12-28,155.64,155.85,152.42,153.87,335253
2006-12-29,154.0,155.67,152.87,153.29,212206
2007-01-02,154.6,154.6,152.43,153.56,141767
2007-01-03,154.0,154.6,153.01,153.36,303897
2007-01-04,154.57,155.13,151.0,151.74,336358
2007-01-05,152.53,153.67,149.7,152.64,435603
2007-01-08,151.33,152.59,148.83,151.13,332811
2007-01-09,151.99,151.99,150.0,150.06,304231
2007-01-10,150.33,150.33,142.13,142.98,599812
2007-01-11,143.33,146.67,140.33,143.42,1914559
2007-01-12,144.08,151.33,144.0,149.86,1089152
2007-01-15,150.67,152.98,146.73,148.14,1273810
2007-01-16,147.0,152.3,145.08,150.76,468047
2007-01-17,151.87,152.0,150.2,151.39,354423
2007-01-18,152.0,154.4,151.07,153.17,837862
2007-01-19,154.0,154.8,150.2,151.38,574848
2007-01-22,152.33,156.08,152.0,154.59,900481
2007-01-23,155.0,155.67,152.74,154.35,445287
2007-01-24,154.53,159.0,154.4,157.86,745544
2007-01-25,159.33,164.0,158.34,163.07,1233226
2007-01-29,176.6,176.6,165.09,167.26,1236687
2007-01-31,172.58,172.58,165.33,168.21,682970
2007-02-01,169.0,169.9,166.13,166.54,354763
2007-02-02,166.67,168.98,166.02,166.81,191694
2007-02-05,166.88,168.67,166.13,167.88,321985
2007-02-06,168.33,169.2,165.87,166.62,510735
2007-02-07,166.73,167.87,165.37,166.35,396503
2007-02-08,167.2,171.33,165.93,167.3,801454
2007-02-09,167.47,169.26,165.67,167.06,357223
2007-02-12,166.67,167.4,155.02,156.37,652969
2007-02-13,156.73,159.73,151.6,154.47,999357
2007-02-14,154.67,156.0,151.34,154.68,524557
2007-02-15,156.67,160.67,156.22,159.03,510531
2007-02-19,163.17,163.17,157.67,158.46,238346
2007-02-20,159.73,159.73,156.73,157.31,301422
2007-02-21,157.93,158.33,153.81,154.31,375619
2007-02-22,154.27,155.6,151.73,152.86,1276867
2007-02-23,153.33,154.73,150.73,151.77,636149
2007-02-26,152.13,153.27,149.0,150.66,426966
2007-02-27,152.01,152.64,146.67,148.36,524081
2007-02-28,145.33,148.36,140.0,145.45,640346
2007-03-01,146.6,146.6,140.02,144.76,594358
2007-03-02,145.27,147.98,138.67,139.89,598935
2007-03-05,137.67,138.37,131.33,133.84,817797
2007-03-06,136.6,139.53,134.0,135.26,453440
2007-03-07,136.58,138.65,132.0,134.22,605606
2007-03-08,135.33,146.53,133.87,144.95,344217
2007-03-09,141.49,146.0,137.48,139.83,499818
2007-03-12,140.0,146.47,140.0,140.32,502752
2007-03-13,140.2,142.0,138.2,141.11,293705
2007-03-14,134.16,139.93,133.33,135.38,528351
2007-03-15,136.67,138.96,133.0,133.89,436337
2007-03-16,138.93,138.93,129.2,130.15,665981
2007-03-19,131.33,140.26,129.33,138.75,512257
2007-03-20,139.33,140.27,136.0,136.57,380821
2007-03-21,137.32,141.32,135.42,140.54,498111
2007-03-22,142.0,150.42,140.2,148.76,990201
2007-03-23,148.89,154.33,146.33,151.45,856295
2007-03-26,151.53,153.27,149.49,150.27,611240
2007-03-28,149.33,154.8,148.13,152.11,911441
2007-03-29,153.31,154.33,149.75,151.84,401908
2007-03-30,152.2,153.31,150.0,150.76,375343
2007-04-02,150.0,150.0,142.8,143.61,592120
2007-04-03,143.61,152.2,143.34,150.34,1093482
2007-04-04,151.0,160.8,151.0,156.91,1376153
2007-04-05,159.65,159.65,155.67,157.43,795683
2007-04-09,158.0,162.98,158.0,161.64,705784
2007-04-10,162.0,165.0,160.83,164.19,513080
2007-04-11,161.53,170.0,161.53,166.41,1411117
2007-04-12,166.0,166.33,163.67,164.59,393262
2007-04-13,164.53,167.31,163.4,165.32,321550
2007-04-16,167.33,170.0,166.0,169.86,329776
2007-04-17,170.0,171.8,168.54,169.52,459628
2007-04-18,170.17,172.93,169.53,170.23,290318
2007-04-19,169.33,169.33,165.15,166.93,477038
2007-04-20,168.0,171.59,168.0,169.17,532170
2007-04-23,170.0,171.66,168.16,169.37,364780
2007-04-24,164.82,169.27,164.1,166.5,770068
2007-04-25,167.27,168.59,165.35,166.18,449534
2007-04-26,166.8,169.6,166.42,167.69,540948
2007-04-27,167.33,167.98,165.34,166.01,249043
2007-04-30,166.33,166.65,163.33,165.86,301719
2007-05-03,168.0,171.47,167.33,169.3,538782
2007-05-04,170.47,170.53,166.0,166.47,329418
2007-05-07,169.24,169.47,164.83,166.1,239923
2007-05-08,165.98,167.79,164.14,164.81,364889
2007-05-09,165.0,165.33,161.6,163.27,357643
2007-05-10,164.93,165.85,161.4,161.95,384569
2007-05-11,161.92,164.29,157.04,162.47,370236
2007-05-14,164.0,166.2,163.0,163.4,274626
2007-05-15,164.53,168.87,163.26,168.05,460130
2007-05-16,168.67,173.87,168.27,172.92,869840
2007-05-17,174.47,177.4,174.0,174.99,596757
2007-05-18,175.73,176.31,173.03,174.89,337931
2007-05-21,176.0,177.25,174.48,175.63,235680
2007-05-22,176.33,179.98,176.33,178.6,567657
2007-05-23,181.67,183.2,179.47,180.88,793467
2007-05-24,182.97,183.47,180.33,180.65,427261
2007-05-25,180.0,181.87,178.13,180.19,461878
2007-05-28,181.33,185.23,181.07,181.87,450939
2007-05-29,183.27,192.59,181.65,190.5,1120821
2007-05-30,191.0,194.58,182.03,184.52,1160744
2007-05-31,190.4,191.95,183.77,186.55,1417340
2007-06-01,188.0,191.33,186.56,189.17,847889
2007-06-04,194.41,194.41,181.38,183.15,884685
2007-06-05,183.6,186.25,183.07,184.83,527257
2007-06-06,190.37,190.37,177.6,178.59,750551
2007-06-07,179.96,180.93,177.2,178.29,684650
2007-06-08,177.43,178.36,173.77,174.79,926507
2007-06-11,177.33,177.95,174.53,175.52,442259
2007-06-12,176.67,177.33,173.78,176.19,491719
2007-06-13,176.93,176.93,173.47,174.74,566897
2007-06-14,176.93,180.99,176.0,179.75,453510
2007-06-15,181.33,187.19,181.17,185.56,1020876
2007-06-18,186.4,188.8,182.42,184.13,664159
2007-06-19,184.67,188.26,184.0,187.5,292110
2007-06-20,188.0,192.52,187.11,190.11,795601
2007-06-21,190.65,199.27,190.65,197.74,1087625
2007-06-22,198.67,199.96,190.21,191.82,915981
2007-06-25,191.82,195.85,190.68,193.44,802201
2007-06-26,192.67,197.73,191.53,196.42,784131
2007-06-27,196.0,196.67,193.8,195.2,558718
2007-06-28,189.81,201.33,189.81,199.15,562653
2007-06-29,198.62,205.87,197.73,205.05,1000457
2007-07-02,208.0,211.07,202.21,204.0,536607
2007-07-03,206.53,208.0,204.31,206.25,633596
2007-07-04,207.47,207.6,202.94,206.03,472865
2007-07-05,206.0,208.66,204.01,207.64,360751
2007-07-06,207.64,210.91,205.77,207.21,550428
2007-07-09,207.34,212.63,207.34,210.55,860564
2007-07-10,211.33,212.13,207.62,208.76,852982
2007-07-11,207.6,213.57,206.67,210.09,549081
2007-07-12,212.4,219.87,212.0,218.93,1046294
2007-07-13,220.0,228.67,220.0,224.77,1097666
2007-07-16,226.25,226.93,220.67,221.46,512956
2007-07-17,222.76,223.29,214.27,215.79,528293
2007-07-18,215.36,219.73,214.68,217.59,577197
2007-07-19,218.52,222.76,218.52,220.58,666134
2007-07-20,218.41,222.65,218.19,219.9,532689
2007-07-23,220.0,241.2,216.67,235.42,1590052
2007-07-24,237.2,252.67,237.2,244.22,2295258
2007-07-25,243.33,245.19,234.68,238.25,1249312
2007-07-26,239.96,242.63,230.56,234.45,1379156
2007-07-27,226.95,232.67,218.17,221.43,1764257
2007-07-30,222.93,226.51,215.74,219.59,1484628
2007-07-31,220.0,232.03,214.27,230.4,1850725
2007-08-01,229.33,231.33,218.09,222.15,1687886
2007-08-02,224.82,230.63,221.33,226.99,1041733
2007-08-03,228.13,233.6,228.0,229.74,736650
2007-08-06,220.68,225.33,218.0,223.66,700679
2007-08-07,230.67,230.67,220.8,223.05,772965
2007-08-08,222.67,229.67,222.67,228.33,724359
2007-08-09,232.0,238.27,228.94,231.21,1817905
2007-08-10,226.67,227.32,218.97,225.77,1061810
2007-08-13,227.73,230.37,227.33,228.13,640046
2007-08-14,228.93,229.57,224.13,225.05,601017
2007-08-16,220.0,220.0,211.33,213.81,1482457
2007-08-17,213.32,213.32,205.47,207.99,2099994
2007-08-20,213.33,218.27,210.87,214.64,1345078
2007-08-21,216.13,220.13,209.39,212.04,1420478
2007-08-22,214.67,226.67,212.83,223.21,1557357
2007-08-23,227.33,230.0,220.0,222.55,946844
2007-08-24,223.35,235.73,218.67,233.72,951153
2007-08-27,238.67,244.67,234.93,242.06,864577
2007-08-28,242.4,244.8,238.93,241.68,652539
2007-08-29,238.4,248.49,232.01,247.13,1037575
2007-08-30,246.67,251.47,242.67,248.08,1396511
2007-08-31,248.0,252.8,247.33,251.79,952919
2007-09-03,254.27,259.84,252.01,258.71,1107064
2007-09-04,257.34,259.87,253.6,255.44,707346
2007-09-05,256.0,257.19,251.35,253.15,1122645
2007-09-06,250.67,255.71,250.67,252.61,779878
2007-09-07,253.33,255.72,250.32,251.42,692919
2007-09-10,245.87,253.33,245.87,251.94,472930
2007-09-11,253.47,256.8,252.0,254.59,558864
2007-09-12,255.99,257.87,253.77,254.51,426578
2007-09-13,254.67,255.96,254.0,254.64,401653
2007-09-14,255.37,257.26,251.81,252.81,518687
2007-09-17,252.67,257.33,252.29,252.91,304875
2007-09-18,252.53,257.2,252.53,253.3,806070
2007-09-19,257.33,260.0,256.01,257.29,1147506
2007-09-20,259.6,261.87,253.63,259.19,821250
2007-09-21,257.48,264.0,256.67,262.66,596662
2007-09-24,264.0,270.53,262.98,268.09,923041
2007-09-25,269.39,270.67,260.69,266.93,684494
2007-09-26,268.0,269.33,264.34,265.38,726111
2007-09-27,267.53,276.67,264.67,272.03,1332218
2007-09-28,272.67,278.27,270.67,271.59,604858
2007-10-01,274.8,275.6,264.67,265.39,1313019
2007-10-03,268.53,277.96,265.6,276.33,1561061
2007-10-04,277.33,285.07,274.53,278.86,1625730
2007-10-05,279.47,297.33,279.47,287.25,1748972
2007-10-08,287.32,299.87,282.01,292.13,1842234
2007-10-09,291.96,299.85,285.33,298.24,1324872
2007-10-10,298.27,319.06,298.27,310.15,1532180
2007-10-11,317.17,327.87,312.0,322.59,871819
2007-10-12,320.67,328.93,308.67,311.99,1819667
2007-10-15,313.33,326.0,311.33,322.03,1310329
2007-10-16,325.2,325.2,315.5,320.3,869651
2007-10-17,306.67,313.73,274.93,304.26,1756309
2007-10-18,306.53,316.53,286.8,291.75,1570682
2007-10-19,287.59,292.0,267.33,273.62,1926933
2007-10-22,269.33,279.13,260.4,274.35,1104691
2007-10-23,279.73,316.27,279.73,306.1,2272282
2007-10-24,310.67,314.0,295.4,304.53,1498533
2007-10-25,306.0,311.29,303.51,306.17,979586
2007-10-26,307.09,326.4,305.33,324.16,1426106
2007-10-29,338.34,360.0,333.34,348.7,1740893
2007-10-30,366.6,366.67,349.34,353.88,1502980
2007-10-31,355.2,358.6,345.37,347.68,591026
2007-11-01,353.34,365.47,348.31,352.66,1359062
2007-11-02,357.14,365.34,340.14,362.4,712313
2007-11-05,362.47,364.54,349.86,352.82,757378
2007-11-06,358.54,371.34,356.54,365.85,1161172
2007-11-07,368.67,390.67,364.06,379.04,1292196
2007-11-08,368.67,378.54,366.94,372.73,672008
2007-11-09,376.0,378.72,362.82,369.52,79782
2007-11-12,364.0,367.11,350.02,364.1,940818
2007-11-13,365.47,382.0,358.94,370.37,978508
2007-11-14,378.6,387.43,374.98,382.7,755967
2007-11-15,384.63,384.63,371.34,376.41,708189
2007-11-16,373.34,376.0,361.54,371.52,336445
2007-11-19,374.94,377.39,368.68,371.38,444543
2007-11-20,367.87,370.4,349.34,352.92,1633572
2007-11-21,353.94,353.94,327.34,330.87,801891
2007-11-22,334.0,342.14,318.0,332.41,1264262
2007-11-23,334.0,346.54,330.67,338.8,594560
2007-11-26,345.2,349.34,344.0,347.06,869338
2007-11-27,346.67,357.83,341.87,356.61,640993
2007-11-28,357.34,370.4,357.34,363.38,890548
2007-11-29,370.74,373.2,340.0,355.46,1340810
2007-11-30,363.34,366.67,345.34,357.27,1025723
2007-12-03,360.27,371.74,358.67,370.16,638084
2007-12-04,371.74,377.34,370.54,375.72,754868
2007-12-05,375.72,378.6,366.97,377.01,551504
2007-12-06,380.0,383.34,370.67,371.98,492136
2007-12-07,376.0,377.2,364.68,366.15,524015
2007-12-10,376.67,377.04,354.7,356.66,623058
2007-12-11,362.54,365.34,353.64,356.0,995524
2007-12-12,354.67,356.92,350.17,353.05,952850
2007-12-13,356.86,358.4,344.67,345.48,1094588
2007-12-14,351.74,351.74,340.27,341.52,1082078
2007-12-17,342.59,342.59,320.81,323.34,1233515
2007-12-18,327.87,330.4,313.93,319.13,1825954
2007-12-19,322.0,328.67,315.88,320.17,1107332
2007-12-20,320.27,322.67,312.84,316.12,721747
2007-12-24,320.0,333.32,318.67,332.21,771359
2007-12-26,333.2,342.94,332.13,340.74,637578
2007-12-27,340.0,344.0,338.8,341.09,766567
2007-12-28,338.8,346.54,333.82,344.48,423329
2007-12-31,346.67,350.54,342.0,345.3,315093
2008-01-01,344.0,348.0,341.47,344.48,210822
2008-01-02,345.87,346.66,333.48,340.1,516025
2008-01-03,340.0,340.0,332.0,333.56,697351
2008-01-04,333.34,341.45,328.15,339.25,627215
2008-01-07,337.07,338.66,333.34,334.38,649861
2008-01-08,336.67,339.58,330.27,332.69,801262
2008-01-09,335.2,344.8,323.27,324.36,1029177
2008-01-10,326.67,333.07,323.65,324.61,1381608
2008-01-11,320.3,327.87,320.3,324.51,542559
2008-01-14,325.07,331.29,325.07,329.97,422684
2008-01-15,332.67,334.67,319.2,322.57,780991
2008-01-16,326.27,326.27,302.67,307.73,1132375
2008-01-17,310.0,320.0,303.67,313.56,931328
2008-01-18,312.0,312.0,304.4,307.31,832466
2008-01-21,304.67,304.67,265.47,280.45,1059313
2008-01-22,273.33,276.67,240.0,265.81,1746561
2008-01-23,280.0,304.61,272.63,286.42,1607835
2008-01-24,294.67,301.33,276.67,279.33,1141196
2008-01-25,291.6,299.99,285.87,288.61,1044886
2008-01-28,282.67,282.67,272.63,278.83,1258922
2008-01-29,285.03,285.03,272.63,273.53,680690
2008-01-30,277.47,282.96,272.63,278.92,828753
2008-01-31,280.67,280.67,272.63,274.71,1691750
2008-02-01,283.33,283.33,272.63,275.33,727977
2008-02-04,280.0,287.29,272.63,274.52,845482
2008-02-05,279.73,283.33,272.63,278.2,700102
2008-02-06,272.63,275.6,264.31,270.58,726693
2008-02-07,271.6,274.67,267.2,269.39,464049
2008-02-08,269.33,271.29,264.93,269.3,732691
2008-02-11,269.33,272.93,249.43,254.05,1125275
2008-02-12,262.27,262.27,246.67,250.51,1126138
2008-02-13,254.67,266.48,251.87,263.35,1143326
2008-02-14,273.33,300.8,273.33,297.18,1254679
2008-02-15,293.33,308.0,283.47,301.73,936066
2008-02-18,301.07,304.23,292.0,294.35,492782
2008-02-19,299.73,302.53,296.0,297.27,243054
2008-02-20,293.32,293.33,281.33,282.99,511322
2008-02-21,286.67,289.33,272.67,279.33,680916
2008-02-22,274.66,276.53,270.15,274.49,366189
2008-02-25,282.67,286.67,272.15,278.47,547267
2008-02-26,280.0,293.2,276.13,290.87,768962
2008-02-27,293.33,304.67,293.33,301.8,877731
2008-02-28,298.67,313.33,294.17,310.83,1474344
2008-02-29,306.67,315.25,294.15,304.91,1108253
2008-03-03,294.29,296.0,276.8,280.32,863320
2008-03-04,282.0,284.76,273.21,279.73,706062
2008-03-05,278.67,285.16,274.21,277.36,548221
2008-03-07,274.67,274.67,260.0,269.83,1034660
2008-03-10,269.83,269.83,242.0,255.22,1962717
2008-03-11,252.67,268.53,248.05,266.19,1279245
2008-03-12,270.67,280.05,263.39,268.67,1095824
2008-03-13,263.33,263.33,247.33,251.15,996516
2008-03-14,253.07,256.0,245.73,250.75,962974
2008-03-17,241.33,245.15,233.6,239.36,1237030
2008-03-18,238.0,256.0,238.0,243.5,1466183
2008-03-19,248.53,254.49,245.6,246.91,1158697
2008-03-24,250.03,253.33,237.2,249.72,1189314
2008-03-25,251.05,272.27,251.05,268.23,981141
2008-03-26,269.43,270.67,257.35,260.44,638661
2008-03-27,261.33,267.87,253.75,264.19,828657
2008-03-28,265.53,281.47,263.47,279.19,985161
2008-03-31,274.67,279.73,264.0,274.85,895726
2008-04-01,276.13,276.13,250.67,252.29,2160366
2008-04-02,261.97,265.33,246.0,247.13,1739238
2008-04-03,247.99,250.53,226.0,233.7,6596430
2008-04-04,237.33,237.38,216.67,217.79,3897039
2008-04-07,223.2,223.2,209.07,218.13,3758888
2008-04-08,221.33,230.0,215.33,228.57,3750129
2008-04-09,226.67,238.28,225.33,236.77,1880110
2008-04-10,236.0,242.36,233.63,235.78,1913877
2008-04-11,237.85,245.93,237.33,243.73,2101209
2008-04-15,241.33,246.93,237.33,244.43,10872712
2008-04-16,244.4,248.0,236.13,237.43,10335809
2008-04-17,240.67,243.33,236.0,238.01,13161089
2008-04-21,241.07,243.2,233.38,236.15,16497547
2008-04-22,236.4,251.96,234.18,249.66,17428837
2008-04-23,250.0,253.29,238.8,243.65,9917984
2008-04-24,245.33,248.63,240.87,246.76,7660394
2008-04-25,246.66,252.07,245.33,249.33,5600249
2008-04-28,250.67,251.33,245.33,248.84,3807299
2008-04-29,249.33,255.03,245.07,252.23,11836357
2008-04-30,252.23,256.4,250.68,253.62,6385619
2008-05-02,256.67,257.87,253.07,254.69,6436597
2008-05-05,256.49,257.98,254.0,254.75,7892677
2008-05-06,255.33,257.2,246.01,247.89,6215054
2008-05-07,250.0,250.0,236.74,238.05,8693617
2008-05-08,235.41,237.73,232.68,234.87,7624454
2008-05-09,234.0,236.0,229.36,229.97,7794539
2008-05-12,228.67,234.67,227.55,232.77,7464194
2008-05-13,234.0,240.0,227.48,231.27,7994414
2008-05-14,233.33,238.09,229.37,232.61,8127734
2008-05-15,233.33,242.4,233.33,240.19,7679797
2008-05-16,240.19,242.53,237.6,239.85,7138274
2008-05-20,233.65,239.33,230.0,231.43,7936177
2008-05-21,231.33,238.37,226.87,236.21,6253927
2008-05-22,233.51,236.0,230.69,233.13,6094612
2008-05-23,233.99,236.67,230.67,232.68,5825662
2008-05-26,232.27,232.27,219.08,220.75,11909437
2008-05-27,222.0,230.27,220.0,221.29,10612342
2008-05-28,222.0,225.33,212.33,215.0,12997762
2008-05-29,218.0,221.6,210.72,213.02,13715039
2008-05-30,215.33,222.92,214.8,221.74,12051734
2008-06-02,223.12,225.07,211.33,212.55,7288829
2008-06-03,211.35,211.35,200.34,206.69,10515382
2008-06-04,206.53,207.35,194.17,196.67,12234067
2008-06-05,196.67,196.67,187.4,192.62,14120512
2008-06-06,198.63,200.8,188.8,189.77,12299594
2008-06-09,185.6,185.79,178.05,183.37,20724974
2008-06-10,182.66,190.4,181.6,184.47,14137574
2008-06-11,187.8,201.33,186.0,197.58,18387719
2008-06-12,187.19,207.33,186.53,201.36,29122207
2008-06-13,202.0,213.92,199.21,207.67,19555934
2008-06-16,210.27,215.28,200.85,203.57,16247519
2008-06-17,204.0,209.33,203.39,205.39,11479919
2008-06-18,208.64,211.6,198.83,200.19,7881472
2008-06-19,198.0,198.67,188.76,189.85,11635394
2008-06-20,189.73,193.03,186.67,187.35,11923132
2008-06-23,185.73,187.33,178.4,181.29,12135367
2008-06-24,182.0,188.67,179.73,186.45,14664772
2008-06-25,184.67,193.33,180.27,191.49,9961799
2008-06-26,193.33,196.0,187.6,191.57,12063187
2008-06-27,185.87,190.0,176.97,184.17,7047104
2008-06-30,186.75,190.52,181.51,183.93,10134697
2008-07-01,187.32,187.33,178.69,180.81,6453427
2008-07-02,186.67,192.89,178.97,189.73,10433474
2008-07-03,190.0,190.0,180.13,186.94,9875369
2008-07-04,188.0,201.99,186.17,200.03,13308112
2008-07-07,201.33,210.0,190.69,195.72,11127269
2008-07-08,197.33,204.49,188.0,199.83,14684767
2008-07-09,202.67,212.0,202.67,209.61,11906017
2008-07-10,208.0,214.67,204.0,208.45,10826437
2008-07-11,209.4,211.73,198.95,202.88,18811657
2008-07-14,202.67,203.03,194.67,195.63,15470639
2008-07-15,194.67,194.73,181.48,182.51,8749184
2008-07-16,182.4,189.97,180.71,183.81,9734039
2008-07-17,189.33,195.16,187.51,193.63,8122889
2008-07-18,196.01,206.0,194.05,204.24,11914762
2008-07-21,206.53,208.75,196.96,200.84,12511642
2008-07-22,201.35,214.69,201.35,212.99,17262554
2008-07-23,224.0,242.67,221.5,236.45,42523777
2008-07-24,238.67,243.73,225.33,230.35,14083612
2008-07-25,224.67,232.0,218.0,220.53,16379137
2008-07-28,221.4,228.37,218.85,219.96,11140814
2008-07-29,216.0,219.15,210.13,212.51,9218984
2008-07-30,213.8,224.62,213.8,222.29,9365279
2008-07-31,225.96,226.49,218.93,224.27,10317554
2008-08-01,222.0,238.93,218.65,233.99,14153227
2008-08-04,233.33,238.66,226.67,228.83,11350447
2008-08-05,230.67,237.27,227.47,235.99,11104507
2008-08-06,240.0,250.0,238.93,243.79,22407982
2008-08-07,242.67,244.0,234.13,236.24,13360882
2008-08-08,235.2,239.69,229.39,237.78,12126524
2008-08-11,240.0,245.99,240.0,244.13,12440804
2008-08-12,246.67,246.67,236.8,241.13,13397767
2008-08-13,238.0,243.16,236.67,238.19,12879764
2008-08-14,235.97,237.4,226.19,227.71,8884934
2008-08-18,226.67,234.67,224.15,225.85,8190524
2008-08-19,224.67,225.87,217.87,223.73,7285642
2008-08-20,226.95,232.53,226.27,231.28,7393814
2008-08-21,232.01,232.01,220.64,222.8,7365794
2008-08-22,220.67,230.0,216.0,228.85,12792322
2008-08-25,232.67,239.26,223.73,225.18,7079722
2008-08-26,226.67,230.4,221.88,229.59,6653962
2008-08-27,230.0,230.63,223.49,224.27,6882359
2008-08-28,220.8,225.29,214.67,217.27,11016524
2008-08-29,219.33,229.51,219.33,227.71,8370787
2008-09-01,226.0,230.5,220.17,229.65,8662402
2008-09-02,231.33,243.33,227.62,238.12,13061512
2008-09-04,236.0,241.6,231.02,235.49,11096842
2008-09-05,232.0,235.81,229.37,230.97,10134862
2008-09-08,246.21,253.2,237.6,238.89,16876402
2008-09-09,238.0,238.4,230.93,233.43,14828092
2008-09-10,232.0,232.93,225.2,228.24,9509392
2008-09-11,226.67,226.67,220.27,222.04,11659252
2008-09-12,226.53,233.33,222.05,226.47,15247814
2008-09-15,216.49,222.0,207.84,217.01,14678482
2008-09-16,212.67,221.39,206.67,219.47,10760077
2008-09-17,221.87,222.67,211.13,213.9,16362697
2008-09-18,212.8,217.07,200.17,215.14,22778107
2008-09-19,221.25,229.33,220.15,227.85,14451862
2008-09-22,229.65,232.05,223.33,224.78,11376839
2008-09-23,221.33,223.33,216.07,216.81,11515102
2008-09-24,217.33,223.73,217.33,221.84,9050977
2008-09-25,220.14,221.82,215.76,217.85,10394947
2008-09-26,219.2,219.2,205.33,206.74,11878237
2008-09-29,207.73,212.09,192.27,201.68,22590817
2008-09-30,196.67,217.2,195.37,212.17,22141829
2008-10-01,214.8,217.33,205.6,212.21,12420419
2008-10-03,205.47,217.39,205.47,209.3,14619607
2008-10-06,204.81,206.67,191.07,193.15,16214887
2008-10-07,196.0,202.53,192.07,199.58,13718279
2008-10-08,194.67,199.32,185.34,195.83,18789997
2008-10-10,183.33,187.73,172.71,180.07,26061397
2008-10-13,181.09,203.33,180.14,199.97,12735862
2008-10-14,205.87,209.07,196.71,199.42,12974542
2008-10-15,195.83,196.67,182.09,186.34,17621774
2008-10-16,181.96,181.96,169.5,175.03,17834549
2008-10-17,174.67,181.31,152.01,158.87,23371484
2008-10-20,162.67,165.87,144.8,146.37,31945372
2008-10-21,149.37,159.87,147.33,152.29,31505024
2008-10-22,146.65,155.87,146.65,151.77,17074124
2008-10-23,151.2,163.2,143.33,156.34,25970549
2008-10-24,151.01,157.96,143.33,146.65,24885967
2008-10-27,146.01,149.83,130.8,143.98,20540879
2008-10-28,146.67,154.67,146.67,152.86,2657984
2008-10-29,156.27,161.27,154.0,156.85,17890469
2008-10-31,160.22,176.67,160.22,172.23,15861824
2008-11-03,177.33,185.33,170.3,178.89,11146732
2008-11-04,181.33,190.0,175.76,188.35,14625989
2008-11-05,193.33,195.6,182.07,183.73,19359074
2008-11-06,180.14,190.51,173.33,185.23,18881722
2008-11-07,185.47,191.93,178.67,187.05,12347827
2008-11-10,190.67,205.01,190.0,202.13,18529334
2008-11-11,199.33,200.4,180.0,182.57,14403067
2008-11-12,180.0,186.32,173.63,178.13,19936837
2008-11-14,180.67,184.05,167.4,170.73,23083169
2008-11-17,171.33,174.53,164.27,172.29,14864617
2008-11-18,170.0,172.29,165.62,169.06,12711892
2008-11-19,173.33,176.53,159.6,164.11,15213427
2008-11-20,159.85,161.19,154.0,158.87,13665629
2008-11-21,159.73,172.8,157.2,170.57,20517329
2008-11-24,172.0,174.93,168.16,173.6,12889934
2008-11-25,176.67,180.55,170.0,171.15,12883169
2008-11-26,171.95,176.27,165.63,173.08,17650409
2008-11-28,171.33,183.33,169.87,181.28,21781867
2008-12-01,183.35,186.57,168.67,169.35,18124784
2008-12-02,165.07,172.0,161.73,169.97,14232314
2008-12-03,171.33,173.23,165.47,169.18,14402429
2008-12-04,170.67,183.2,168.56,181.03,17863477
2008-12-05,181.33,185.2,175.63,178.41,14105947
2008-12-08,182.67,190.4,179.41,181.53,15050129
2008-12-10,183.33,189.87,182.13,188.45,14287042
2008-12-11,186.67,188.67,180.32,183.22,11820142
2008-12-12,179.6,184.4,173.6,181.67,11486017
2008-12-15,186.67,186.67,180.67,183.27,9094814
2008-12-16,182.67,188.4,178.34,187.13,11856764
2008-12-17,189.31,190.4,176.67,178.31,13955159
2008-12-18,179.73,192.53,178.21,191.18,14350777
2008-12-19,190.0,194.51,187.33,192.29,10750169
2008-12-22,192.67,193.33,184.33,186.83,9879877
2008-12-23,185.81,187.6,180.4,181.91,8558159
2008-12-24,185.16,185.16,178.24,180.23,11280967
2008-12-26,182.4,183.92,172.15,173.41,6942314
2008-12-29,172.8,180.67,168.27,179.5,11165887
2008-12-30,181.33,184.39,177.17,183.49,8716357
2008-12-31,184.67,187.33,180.53,181.68,8399422
2009-01-01,182.93,187.87,181.73,186.96,7126192
2009-01-02,187.55,191.0,184.47,188.27,10411417
2009-01-05,190.4,193.87,187.69,191.79,9057599
2009-01-06,191.33,198.67,189.81,195.63,15141172
2009-01-07,195.6,198.25,186.83,192.24,12388919
2009-01-09,188.27,193.33,182.93,188.96,12306487
2009-01-12,187.07,187.99,177.39,179.25,8516009
2009-01-13,178.0,185.03,177.35,181.07,7572487
2009-01-14,182.81,185.93,180.99,184.79,5484697
2009-01-15,183.07,183.07,176.01,180.12,6020789
2009-01-16,180.67,187.97,180.67,187.18,7799467
2009-01-19,188.0,190.67,185.51,188.94,6459164
2009-01-20,184.0,188.5,182.43,186.89,7475189
2009-01-21,184.67,186.0,178.4,179.87,7540327
2009-01-22,181.33,184.15,180.07,182.46,6327187
2009-01-23,182.0,183.2,175.2,176.1,7765177
2009-01-27,178.67,186.4,178.67,183.83,8075047
2009-01-28,187.33,187.33,181.61,186.46,9324119
2009-01-29,187.47,188.27,179.87,181.1,14476642
2009-01-30,178.53,178.53,171.33,176.11,24967169
2009-02-02,175.33,177.57,172.8,174.19,11749709
2009-02-03,175.35,182.21,175.35,178.85,10899959
2009-02-04,180.0,182.4,179.15,180.97,5791057
2009-02-05,180.93,181.96,178.15,179.58,5812694
2009-02-06,181.2,183.72,180.31,182.07,6493499
2009-02-09,182.67,186.4,181.37,185.47,6647152
2009-02-10,186.01,195.17,185.63,193.65,11234639
2009-02-11,186.95,193.55,186.95,193.05,6654704
2009-02-12,191.73,192.53,186.53,188.09,5554807
2009-02-13,189.2,198.59,188.95,195.65,15085814
2009-02-16,195.87,196.0,185.34,186.69,8381722
2009-02-17,184.0,185.63,181.87,184.17,7191254
2009-02-18,183.83,188.49,180.72,186.45,10026187
2009-02-19,186.4,190.24,183.3,184.43,7685347
2009-02-20,182.8,183.47,179.65,181.88,6822089
2009-02-24,180.0,183.2,177.89,181.55,10103864
2009-02-25,183.47,185.96,182.67,184.02,7091909
2009-02-26,183.47,190.25,179.76,187.39,7498259
2009-02-27,186.36,188.0,182.67,187.18,7861454
2009-03-02,184.67,186.63,180.85,184.51,7202257
2009-03-03,182.82,185.33,181.08,181.94,6201772
2009-03-04,182.53,184.19,175.45,177.75,15629594
2009-03-05,178.8,179.29,169.73,171.07,13771447
2009-03-06,170.67,176.0,167.01,174.82,9643169
2009-03-09,170.81,175.26,170.27,173.47,6191804
2009-03-12,175.54,180.33,175.33,178.94,10673189
2009-03-13,181.55,184.64,181.55,182.85,6482834
2009-03-16,184.01,188.4,181.6,187.31,7419742
2009-03-17,186.67,189.33,184.0,186.89,7282664
2009-03-18,187.87,196.67,187.87,194.57,14805817
2009-03-19,194.52,195.87,186.97,188.22,11479799
2009-03-20,187.87,189.83,182.21,183.74,20014582
2009-03-23,185.34,189.73,185.34,188.04,14404192
2009-03-24,189.73,195.57,188.81,192.49,15413017
2009-03-25,192.53,199.02,190.89,197.61,11533342
2009-03-26,198.0,212.53,198.0,208.79,29338417
2009-03-27,209.33,210.39,204.27,206.64,12743594
2009-03-30,204.67,205.33,194.84,196.33,10990634
2009-03-31,198.0,203.33,196.0,201.41,11106862
2009-04-01,202.67,203.45,192.93,196.02,17854649
2009-04-02,199.73,208.65,199.33,204.79,18503047
2009-04-06,208.67,211.26,200.75,204.16,12519224
2009-04-08,198.0,204.27,195.75,202.27,23419289
2009-04-09,203.33,206.4,197.68,199.82,14472067
2009-04-13,203.33,205.73,199.54,203.43,12540247
2009-04-15,200.4,226.53,200.15,222.28,19952204
2009-04-16,224.67,226.05,214.27,216.89,11926424
2009-04-17,218.67,224.0,217.33,220.84,12648059
2009-04-20,221.33,224.65,216.39,220.02,9300284
2009-04-21,217.33,222.53,214.83,218.55,7719749
2009-04-22,219.4,220.33,208.85,210.69,9000734
2009-04-23,210.69,216.93,209.07,216.02,6429959
2009-04-24,217.27,221.07,215.35,219.12,5604352
2009-04-27,217.35,224.13,216.0,223.35,9231547
2009-04-28,223.2,224.0,212.0,212.97,7092989
2009-04-29,215.33,223.33,211.75,220.76,11391254
2009-05-04,227.15,230.0,225.6,227.56,8644072
2009-05-05,228.67,236.27,225.37,230.97,8863462
2009-05-06,235.33,235.33,225.15,226.78,8182057
2009-05-07,228.0,229.85,225.6,228.01,6603284
2009-05-08,228.66,229.2,217.47,219.53,10262287
2009-05-11,221.33,222.01,209.35,214.24,9469702
2009-05-12,212.0,226.67,209.88,225.3,10686787
2009-05-13,226.0,230.49,219.65,224.63,8213977
2009-05-14,220.0,226.45,218.65,221.08,7672897
2009-05-15,222.0,229.33,222.0,227.55,6830804
2009-05-18,250.72,293.33,250.13,268.65,224647
2009-05-19,313.33,320.0,271.21,289.03,32054437
2009-05-20,281.41,291.33,267.33,271.54,24667994
2009-05-21,273.33,276.4,260.01,262.01,11971102
2009-05-22,260.67,268.65,256.05,263.76,11436862
2009-05-25,266.67,268.65,260.37,267.24,5875762
2009-05-26,266.67,272.59,263.15,265.71,9344272
2009-05-27,269.33,278.67,268.0,277.71,9168284
2009-05-28,277.07,285.33,271.73,283.67,15635969
2009-05-29,284.0,295.85,282.67,290.42,9280379
2009-06-01,284.61,296.65,280.01,283.31,11662904
2009-06-02,285.33,289.87,279.12,282.73,7179749
2009-06-03,284.53,287.8,279.54,284.65,7045889
2009-06-04,282.63,291.65,278.0,290.54,7234282
2009-06-05,291.33,307.11,288.31,305.0,8472802
2009-06-08,302.95,306.0,295.33,297.33,4524299
2009-06-09,296.67,303.6,289.33,299.49,4308922
2009-06-10,300.0,318.4,300.0,313.45,12483217
2009-06-11,314.0,314.0,298.13,303.19,5798482
2009-06-12,304.0,310.67,292.41,294.94,10107824
2009-06-15,292.67,298.0,284.94,287.69,7564034
2009-06-16,283.33,298.89,281.91,287.89,11586172
2009-06-17,280.31,289.33,275.6,278.99,9958664
2009-06-18,278.8,279.73,266.8,270.7,9666547
2009-06-19,270.71,280.93,269.48,278.51,7520617
2009-06-22,282.67,285.33,276.31,279.17,8447047
2009-06-23,273.53,287.83,272.53,284.23,8646052
2009-06-24,286.97,294.4,282.35,292.56,7296727
2009-06-25,296.53,297.07,280.2,283.95,12663839
2009-06-26,289.73,295.33,285.87,293.83,5971199
2009-06-29,293.07,303.25,293.07,298.67,5309557
2009-06-30,301.33,302.4,290.67,293.87,9106079
2009-07-01,297.2,298.6,288.55,295.27,5267339
2009-07-02,296.27,296.67,284.4,287.14,7047157
2009-07-03,287.28,292.86,281.47,291.51,5107424
2009-07-06,295.33,295.96,274.67,280.07,8681504
2009-07-07,280.07,288.67,278.72,284.36,4869749
2009-07-08,280.67,283.33,272.0,273.05,6024464
2009-07-09,273.33,276.01,264.0,269.63,6507269
2009-07-10,269.73,273.84,261.73,264.79,6310664
2009-07-13,262.8,265.73,256.36,261.3,5564137
2009-07-14,268.0,275.87,264.93,273.01,5559247
2009-07-15,277.33,292.87,273.33,291.63,10014854
2009-07-16,284.67,295.92,284.67,293.39,7441777
2009-07-17,294.4,298.45,293.38,296.96,5235584
2009-07-20,298.52,305.07,297.37,303.55,4825132
2009-07-21,303.87,303.87,294.27,295.15,6322244
2009-07-22,300.0,300.0,282.97,286.22,10711184
2009-07-23,287.33,292.4,286.03,289.09,9216637
2009-07-24,291.2,296.67,290.0,294.75,5806432
2009-07-27,294.8,302.2,294.8,301.44,5487952
2009-07-28,300.8,306.13,298.27,301.81,5055337
2009-07-29,300.27,301.95,291.52,298.57,3647947
2009-07-30,298.27,298.67,292.35,293.44,14113289
2009-07-31,300.0,302.27,294.0,297.37,4815539
2009-08-03,300.0,314.33,298.67,312.89,7603732
2009-08-04,314.0,314.13,305.33,310.85,4880249
2009-08-05,311.47,314.67,303.73,307.99,4414514
2009-08-06,307.68,315.73,300.99,303.09,7274759
2009-08-07,302.0,303.09,289.2,291.09,8740739
2009-08-10,298.0,299.93,285.33,286.47,4313534
2009-08-11,284.51,289.35,282.27,286.33,4616699
2009-08-12,283.99,289.33,280.67,287.89,5648729
2009-08-13,291.73,297.68,291.09,296.75,4027859
2009-08-14,298.0,298.67,292.3,293.41,2985277
2009-08-17,288.48,296.53,287.65,290.83,7028122
2009-08-18,290.0,300.6,289.6,299.58,6038909
2009-08-19,300.67,302.53,292.67,295.31,5296267
2009-08-20,298.6,302.0,296.8,300.5,2593544
2009-08-21,298.0,309.73,296.15,306.91,8408264
2009-08-24,308.13,314.95,308.0,312.51,4337512
2009-08-25,309.47,313.16,303.6,307.13,4154924
2009-08-26,309.33,310.52,303.67,306.48,3771127
2009-08-27,306.67,313.66,303.45,311.37,5676044
2009-08-28,310.67,314.44,305.33,310.69,4840342
2009-08-31,306.97,310.85,304.4,307.93,3905287
2009-09-01,309.2,311.47,300.13,301.83,7623704
2009-09-02,300.0,303.77,292.68,293.43,8029012
2009-09-03,294.8,297.07,290.17,292.87,5847359
2009-09-04,293.55,296.27,292.21,294.94,5027977
2009-09-07,296.67,299.73,295.36,296.61,7042919
2009-09-08,297.87,299.97,296.53,298.92,9706589
2009-09-09,299.75,304.54,296.93,298.3,10004249
2009-09-10,300.67,305.69,300.0,302.35,7948087
2009-09-11,303.6,304.53,298.85,300.86,4486094
2009-09-14,299.99,303.31,298.8,300.62,4441724
2009-09-15,300.27,305.05,300.21,302.49,3373979
2009-09-16,305.33,310.27,300.46,304.02,7020202
2009-09-17,304.87,308.66,301.33,303.17,7456927
2009-09-18,302.53,304.99,301.05,303.21,4460879
2009-09-22,304.53,307.6,302.17,304.6,3284504
2009-09-23,304.93,305.26,301.47,302.97,4183537
2009-09-24,301.33,304.0,296.08,299.49,7414289
2009-09-25,298.66,302.47,297.34,299.02,3833602
2009-09-29,302.0,304.53,298.68,303.32,4158779
2009-09-30,303.87,311.87,303.84,310.51,7563659
2009-10-01,306.8,315.98,306.8,313.44,8080897
2009-10-05,310.0,318.89,307.39,312.3,9067882
2009-10-06,315.87,324.0,308.53,322.39,6450194
2009-10-07,324.0,336.37,324.0,327.14,11001727
2009-10-08,328.67,335.99,323.21,331.04,5689312
2009-10-09,332.0,332.8,321.83,323.91,4160594
2009-10-12,327.33,327.33,316.0,323.41,5182544
2009-10-14,324.13,335.31,324.13,333.04,5663002
2009-10-15,335.33,339.92,329.65,332.3,5989477
2009-10-16,331.37,337.32,330.67,336.03,3233227
2009-10-17,340.0,340.0,330.67,333.51,462487
2009-10-20,334.67,336.96,327.73,329.11,4517827
2009-10-21,328.13,329.6,323.36,325.09,5307614
2009-10-22,324.13,324.49,318.67,322.01,4229662
2009-10-23,324.56,328.44,314.83,317.97,9389804
2009-10-26,318.4,318.4,310.67,312.69,5751974
2009-10-27,314.04,315.8,309.48,312.85,5331824
2009-10-28,314.03,314.39,304.53,309.57,4112227
2009-10-29,306.67,310.65,296.8,297.78,9424972
2009-10-30,304.63,305.03,291.01,295.71,5991539
2009-11-03,294.66,300.0,285.5,287.21,5289457
2009-11-04,290.67,293.33,280.41,287.64,5760172
2009-11-05,288.8,297.2,287.32,295.63,5297789
2009-11-06,303.6,303.6,290.94,295.99,7541287
2009-11-09,300.0,300.0,290.8,299.17,4972319
2009-11-10,301.33,303.33,293.48,295.58,9357659
2009-11-11,296.28,301.11,293.65,299.65,4785787
2009-11-12,299.6,307.33,298.18,302.27,6496724
2009-11-13,301.6,305.31,301.07,302.75,3096997
2009-11-16,306.45,307.29,302.05,303.12,4352887
2009-11-17,304.0,305.07,300.27,303.45,5693564
2009-11-18,301.73,305.0,300.67,303.28,4580444
2009-11-19,300.0,303.29,300.0,301.67,4816934
2009-11-20,300.0,303.17,297.5,301.52,7593764
2009-11-23,302.8,303.6,298.47,300.57,6095114
2009-11-24,301.2,302.13,296.27,298.15,5714572
2009-11-25,299.99,306.27,297.61,300.68,3843682
2009-11-26,300.67,301.27,296.28,299.59,6910169
2009-11-27,298.67,299.73,292.93,297.07,5295719
2009-11-30,298.36,302.24,297.34,299.17,6590519
2009-12-01,299.97,301.03,294.8,297.37,10781992
2009-12-02,299.07,299.77,291.73,293.31,12921479
2009-12-03,293.33,295.6,292.13,294.38,6715439
2009-12-04,294.38,296.91,292.13,294.51,5014754
2009-12-07,295.07,297.87,293.36,295.07,4884644
2009-12-08,295.07,297.32,294.42,295.69,7740322
2009-12-09,294.67,299.8,293.47,297.19,9582502
2009-12-10,297.07,306.4,297.07,305.69,7613834
2009-12-11,309.33,317.39,307.87,316.17,12825397
2009-12-14,316.13,323.98,314.4,321.27,8622914
2009-12-15,321.33,321.87,312.05,313.87,4567027
2009-12-16,310.27,318.41,308.89,311.77,3901574
2009-12-17,312.67,317.0,310.29,310.95,3855322
2009-12-18,309.6,314.13,306.8,309.16,3980924
2009-12-21,309.33,311.21,302.13,306.02,5004239
2009-12-22,304.17,308.93,303.49,305.09,2335349
2009-12-23,306.0,315.99,305.33,315.34,4727992
2009-12-24,314.67,318.96,313.65,315.92,3608107
2009-12-29,316.0,319.96,312.28,316.65,2476199
2009-12-30,318.4,319.6,313.48,315.19,2433209
2009-12-31,315.38,322.53,315.38,320.44,6023407
2010-01-04,321.33,324.27,320.46,323.48,3718867
2010-01-05,325.07,326.53,322.67,324.72,1716787
2010-01-06,326.93,327.33,319.07,323.5,2585197
2010-01-07,324.0,324.53,317.63,321.27,2243849
2010-01-08,322.67,325.57,321.53,323.21,2077987
2010-01-11,324.67,326.27,318.19,319.59,3896992
2010-01-12,320.27,321.17,313.33,314.09,6679784
2010-01-13,313.2,313.2,309.33,310.55,6125782
2010-01-14,313.2,318.36,310.3,316.95,6756187
2010-01-15,318.01,318.37,313.73,316.08,2125544
2010-01-18,319.6,320.67,315.33,317.51,3377189
2010-01-19,317.51,323.25,314.92,319.62,4696057
2010-01-20,321.25,322.56,316.53,319.68,2438129
2010-01-21,319.2,321.2,303.31,305.62,5953619
2010-01-22,302.35,318.67,298.19,317.35,12547364
2010-01-25,316.13,319.72,313.88,317.03,3363689
2010-01-27,314.67,317.6,309.47,312.42,6628372
2010-01-28,315.33,315.48,310.36,312.56,6896917
2010-01-29,312.0,322.4,307.49,320.69,8916269
2010-02-01,320.13,324.67,318.81,320.73,6483157
2010-02-02,324.13,324.13,315.44,317.23,5296604
2010-02-03,317.33,321.87,317.07,318.84,2902522
2010-02-04,314.8,320.89,314.8,317.23,2223494
2010-02-05,311.33,314.53,304.67,306.09,4674592
2010-02-06,309.67,310.49,307.48,308.08,204824
2010-02-08,309.07,312.49,302.68,310.4,2982292
2010-02-09,310.53,313.27,308.36,310.95,3011519
2010-02-10,312.27,313.32,305.47,307.11,4357357
2010-02-11,308.0,312.24,307.33,309.38,3289034
2010-02-15,309.6,315.64,309.33,313.83,4137097
2010-02-16,314.0,318.93,313.47,317.17,4480687
2010-02-17,317.47,321.33,317.17,319.16,3590107
2010-02-18,319.73,319.73,314.93,316.48,1658602
2010-02-19,314.67,318.49,312.13,313.49,2471219
2010-02-22,319.33,319.33,311.37,313.78,3285802
2010-02-23,313.33,317.99,310.93,317.23,2352817
2010-02-24,317.6,317.6,312.29,313.99,5448772
2010-02-25,313.33,318.37,310.31,316.99,4260989
2010-02-26,317.6,321.6,311.43,313.24,4790954
2010-03-02,317.6,326.65,314.8,323.75,7011337
2010-03-03,325.6,329.07,324.0,327.45,4135342
2010-03-04,328.01,328.92,323.47,326.22,2138212
2010-03-05,327.24,329.93,322.8,323.87,2961307
2010-03-08,325.33,327.67,322.8,324.13,2963827
2010-03-09,325.2,326.42,322.17,323.13,2838569
2010-03-10,321.47,327.6,321.39,324.33,3263504
2010-03-11,324.0,325.33,321.55,322.99,4371359
2010-03-12,320.53,329.6,315.33,317.26,6259529
2010-03-15,317.33,323.73,314.67,315.68,4494734
2010-03-16,315.87,318.07,313.77,317.27,2417257
2010-03-17,317.96,320.3,316.19,317.16,4938562
2010-03-18,318.67,318.67,316.68,317.79,2184479
2010-03-19,318.4,320.23,315.61,316.53,3179234
2010-03-22,313.33,316.0,310.0,311.15,4863389
2010-03-23,313.2,315.51,312.19,314.26,3124207
2010-03-25,313.61,320.0,309.87,317.59,8096797
2010-03-26,318.53,320.45,313.33,314.89,4838219
2010-03-29,315.73,320.85,315.34,319.31,4972109
2010-03-30,320.0,322.67,317.65,321.16,4351079
2010-03-31,322.25,324.63,316.18,318.75,7969274
2010-04-01,319.33,323.2,317.33,322.11,5061517
2010-04-05,323.33,329.37,320.85,328.57,5357812
2010-04-06,328.67,337.66,328.13,336.15,5573024
2010-04-07,336.67,341.7,335.36,338.01,5658472
2010-04-08,340.67,340.67,331.11,332.33,2357662
2010-04-09,330.01,343.47,328.4,341.83,6046664
2010-04-12,342.67,343.87,336.13,336.93,2893679
2010-04-13,337.07,342.67,336.21,341.71,5524574
2010-04-15,342.8,344.67,335.33,337.21,3368647
2010-04-16,337.21,338.0,331.81,332.47,3050834
2010-04-19,329.33,333.2,324.69,329.31,3042022
2010-04-20,330.4,335.59,328.4,332.99,2406652
2010-04-21,332.67,335.97,326.93,327.81,3088642
2010-04-22,328.16,331.2,322.41,329.34,6064169
2010-04-23,331.87,332.61,326.19,330.77,2291939
2010-04-26,332.67,335.73,330.8,334.65,2152004
2010-04-27,335.33,337.2,329.47,330.24,2696969
2010-04-28,329.33,331.33,323.47,329.38,2440799
2010-04-29,330.01,334.53,328.27,333.38,3568162
2010-04-30,334.0,338.23,330.81,332.3,3267044
2010-05-03,329.33,332.53,327.6,329.13,1976467
2010-05-04,330.67,332.54,325.33,327.55,2012737
2010-05-05,325.33,327.2,322.03,326.19,2582879
2010-05-06,326.13,326.13,320.21,322.11,3328559
2010-05-07,320.13,321.29,313.33,317.62,4678657
2010-05-10,320.27,327.33,319.2,325.19,2523929
2010-05-11,326.0,330.27,318.29,319.91,3665834
2010-05-12,318.81,319.87,313.56,316.45,2952974
2010-05-13,319.33,320.46,315.61,317.42,3832484
2010-05-14,318.49,320.56,313.47,314.57,2779874
2010-05-17,310.67,313.33,303.6,309.17,5159504
2010-05-18,307.81,313.73,304.16,310.69,4981649
2010-05-19,308.67,310.59,304.33,305.48,4239629
2010-05-20,305.47,308.0,303.41,306.49,3278609
2010-05-21,302.8,307.03,300.36,305.22,3116422
2010-05-24,306.67,312.0,305.61,306.92,4028204
2010-05-25,305.04,305.04,300.0,301.73,4411649
2010-05-26,302.67,307.73,297.41,300.73,6569594
2010-05-27,306.0,311.6,300.74,306.18,11713334
2010-05-28,308.68,311.33,307.33,309.19,4654762
2010-05-31,310.6,315.33,307.33,313.79,2827229
2010-06-01,314.58,314.81,307.89,308.58,3086594
2010-06-02,309.47,310.52,304.68,309.53,3482032
2010-06-03,312.93,312.93,310.88,312.44,2339227
2010-06-04,310.67,312.44,308.53,310.91,3460109
2010-06-07,307.87,307.87,299.61,302.74,5768017
2010-06-08,306.53,307.66,301.89,303.56,3869797
2010-06-09,308.63,309.95,301.34,305.74,3077174
2010-06-10,306.13,312.0,306.13,309.98,3585014
2010-06-11,311.33,319.81,310.67,319.03,6606547
2010-06-14,320.71,320.89,315.73,317.37,3168374
2010-06-15,318.0,321.57,315.36,320.27,2167694
2010-06-16,322.53,322.53,317.33,318.98,2595569
2010-06-17,319.34,319.35,314.83,317.7,5145524
2010-06-18,318.03,323.6,315.43,322.29,8258122
2010-06-21,324.0,329.03,323.73,328.17,5688967
2010-06-22,325.54,327.31,323.6,324.52,1865422
2010-06-23,324.52,327.99,321.35,324.61,3637702
2010-06-24,325.07,328.65,320.71,327.27,4783319
2010-06-25,326.45,329.96,324.93,326.92,2786017
2010-06-28,327.2,331.6,326.93,330.42,2866364
2010-06-29,329.33,330.62,323.98,325.26,1749014
2010-06-30,320.29,329.33,320.29,327.96,2761319
2010-07-01,326.91,326.91,320.94,323.69,2170604
2010-07-02,323.73,326.99,317.69,318.92,4302337
2010-07-05,318.0,319.59,313.53,314.61,3080587
2010-07-06,314.0,317.87,314.0,316.08,2764709
2010-07-07,313.33,319.66,313.33,316.17,2647259
2010-07-08,317.89,321.2,316.6,318.21,4076557
2010-07-09,320.53,321.46,317.73,319.14,3400124
2010-07-12,320.51,326.66,319.14,325.9,5668289
2010-07-13,325.33,330.52,323.53,329.27,5625164
2010-07-14,331.87,336.0,326.89,329.04,3915479
2010-07-15,328.8,328.8,323.48,325.15,2823172
2010-07-16,327.6,327.6,323.35,325.05,1597897
2010-07-19,325.05,327.56,321.35,322.07,2203282
2010-07-20,324.0,325.01,320.22,321.84,1668644
2010-07-21,323.33,325.2,320.0,320.84,2915497
2010-07-22,322.53,323.6,318.67,322.3,3978674
2010-07-23,323.33,328.73,322.67,328.03,7442452
2010-07-26,329.07,330.52,318.67,329.51,3867374
2010-07-27,329.6,329.96,324.29,326.61,3075217
2010-07-28,326.95,329.29,324.07,328.18,2639737
2010-07-29,328.0,329.2,324.0,328.25,2198032
2010-07-30,322.67,328.23,322.67,325.05,2374702
2010-08-02,325.33,330.27,325.33,327.17,2434574
2010-08-03,327.49,329.87,325.87,329.02,7592549
2010-08-04,329.07,337.33,328.73,335.81,5750902
2010-08-05,334.67,339.33,334.16,336.65,3513442
2010-08-06,336.67,339.31,332.97,334.35,1996289
2010-08-09,333.33,339.06,333.33,337.37,2306684
2010-08-10,337.33,338.93,332.0,333.3,1818869
2010-08-11,333.63,336.27,330.94,333.17,3470917
2010-08-12,328.18,333.85,328.18,332.39,2598704
2010-08-13,332.0,337.6,331.51,332.9,2522339
2010-08-16,332.8,334.68,327.11,329.18,2816309
2010-08-17,329.33,332.27,328.53,330.02,1178609
2010-08-18,330.67,331.81,328.57,329.63,2799944
2010-08-19,331.33,332.61,329.51,330.53,1925984
2010-08-20,330.4,331.93,328.13,329.27,2174872
2010-08-23,332.13,336.0,326.67,334.64,2582744
2010-08-24,336.45,336.65,330.67,331.15,3230759
2010-08-25,331.99,333.83,328.03,328.95,1874947
2010-08-26,330.0,333.07,327.0,331.63,4176037
2010-08-27,331.33,334.83,328.03,329.61,2259622
2010-08-30,332.67,334.67,324.44,325.72,2093692
2010-08-31,325.07,325.33,319.06,320.88,4613099
2010-09-01,321.55,323.99,320.4,322.75,1426717
2010-09-02,323.55,325.87,318.8,319.69,2883914
2010-09-03,320.67,323.33,316.8,318.17,3221842
2010-09-06,320.0,326.6,318.93,325.93,3362939
2010-09-07,326.67,327.16,322.87,324.54,2077462
2010-09-08,324.54,326.53,322.82,325.3,1768087
2010-09-09,326.01,330.97,325.73,330.29,4023914
2010-09-13,332.0,335.95,330.97,332.49,2718194
2010-09-14,332.8,335.6,332.13,333.66,3991792
2010-09-15,333.73,336.72,329.47,329.82,4457737
2010-09-16,330.0,330.82,326.98,327.67,4662299
2010-09-17,328.67,330.27,324.67,325.81,4676002
2010-09-20,325.81,328.27,324.01,325.67,5224379
2010-09-21,326.67,332.84,326.33,330.58,10619924
2010-09-22,331.35,332.29,326.83,329.25,5008582
2010-09-23,330.53,330.85,325.07,326.41,4176337
2010-09-24,326.51,328.39,324.83,327.63,3399457
2010-09-27,329.6,331.27,327.82,329.01,4397407
2010-09-28,329.66,333.2,328.48,330.85,4919092
2010-09-29,331.87,335.33,329.33,330.32,6353234
2010-09-30,330.67,333.2,328.67,330.47,7299239
2010-10-01,332.87,347.15,332.04,345.43,11198227
2010-10-04,348.67,353.78,348.01,349.21,8521229
2010-10-05,349.2,355.31,348.6,353.03,6462757
2010-10-06,356.67,357.61,353.62,355.69,5978317
2010-10-07,356.67,359.2,345.47,347.41,6300644
2010-10-08,349.31,350.36,343.2,344.17,3651959
2010-10-11,346.18,348.33,342.19,343.33,5246782
2010-10-12,341.41,345.21,335.39,339.14,4004362
2010-10-13,339.6,346.4,339.6,345.11,5239627
2010-10-14,346.0,348.0,340.17,341.7,3731324
2010-10-15,342.13,342.53,334.14,336.65,2625554
2010-10-18,337.31,338.0,331.6,336.03,4946729
2010-10-19,337.83,339.83,331.49,333.73,5249662
2010-10-20,333.33,335.59,331.77,333.2,2739382
2010-10-21,334.67,340.8,332.67,338.85,2749094
2010-10-22,340.01,341.2,334.22,336.81,2190914
2010-10-25,339.47,340.65,335.99,336.87,1756694
2010-10-26,336.67,338.49,331.47,331.92,2824649
2010-10-27,331.87,334.25,329.11,331.26,3032294
2010-10-28,333.15,333.47,324.67,326.34,10199819
2010-10-29,330.67,332.67,324.27,326.07,7579889
2010-11-01,328.27,330.35,326.67,328.7,3415342
2010-11-02,329.6,330.09,326.67,327.95,2211749
2010-11-03,329.33,335.32,328.74,331.26,4329914
2010-11-04,334.39,338.07,334.0,336.69,6050002
2010-11-05,338.27,340.53,338.0,338.53,505522
2010-11-08,337.6,339.46,335.37,336.85,2491679
2010-11-09,338.67,338.67,335.49,336.57,2963969
2010-11-10,337.33,337.33,329.63,330.87,4619512
2010-11-11,331.77,332.0,321.33,322.19,5413889
2010-11-12,322.53,323.32,316.93,318.53,4522237
2010-11-15,319.33,321.28,314.8,319.9,3204014
2010-11-16,321.19,321.33,309.6,311.1,4659899
2010-11-18,317.07,317.07,307.63,308.83,5413934
2010-11-19,310.27,310.93,297.37,300.43,6366944
2010-11-22,302.0,303.73,297.6,302.69,3681547
2010-11-23,303.07,303.07,296.03,300.87,4658924
2010-11-24,302.43,305.12,291.33,293.03,5369467
2010-11-25,295.47,296.07,285.33,286.11,12185249
2010-11-26,287.33,289.13,274.0,279.58,8314034
2010-11-29,280.67,292.47,279.51,287.19,7496797
2010-11-30,287.73,295.47,285.49,293.87,6170279
2010-12-01,295.87,296.53,290.97,294.84,4879177
2010-12-02,299.18,299.73,293.63,295.04,4131532
2010-12-03,296.01,298.27,293.2,295.01,3589222
2010-12-06,297.59,302.6,295.11,298.49,4676249
2010-12-07,297.6,302.0,296.09,298.65,2931922
2010-12-08,298.53,299.87,296.68,298.63,1916077
2010-12-09,299.56,300.87,294.25,296.91,4240822
2010-12-10,294.93,306.33,287.41,305.04,6093382
2010-12-13,305.21,312.41,303.34,312.04,4654837
2010-12-14,312.0,315.31,309.47,311.18,4040557
2010-12-15,309.47,310.35,307.33,309.07,2053627
2010-12-16,309.33,310.53,298.69,307.85,5362709
2010-12-20,306.67,311.73,306.05,308.53,1905022
2010-12-21,308.53,311.71,308.53,309.71,2286577
2010-12-22,309.91,311.57,308.32,309.85,2187307
2010-12-23,311.71,311.71,306.13,307.14,2037202
2010-12-24,307.6,307.99,302.96,304.79,2525392
2010-12-27,305.19,308.38,304.67,305.52,1795372
2010-12-28,306.67,307.06,300.67,306.26,1224659
2010-12-29,306.0,307.71,303.78,307.27,2065784
2010-12-30,308.37,312.8,307.66,311.68,2753084
2010-12-31,312.53,315.07,308.67,309.83,3431924
2011-01-03,310.0,313.26,307.15,312.51,3119572
2011-01-04,312.4,313.79,309.73,310.85,5036152
2011-01-05,310.13,311.96,305.36,307.38,3320977
2011-01-06,309.31,312.64,304.3,307.79,3170152
2011-01-07,307.59,308.0,303.87,305.35,3387389
2011-01-10,305.33,305.33,289.45,290.95,6743257
2011-01-11,292.93,301.07,292.0,296.95,12858104
2011-01-12,300.0,301.05,295.6,298.41,5707694
2011-01-13,299.69,300.61,295.22,297.22,3219884
2011-01-14,299.6,299.6,290.4,292.65,4241197
2011-01-17,292.8,294.11,290.0,291.47,3967177
2011-01-18,292.67,293.52,291.33,292.33,2186639
2011-01-19,292.33,294.11,286.99,290.89,4645792
2011-01-20,290.67,292.35,286.67,290.07,4959547
2011-01-21,290.53,301.81,290.47,294.3,10330934
2011-01-24,296.13,304.53,295.36,302.47,3443369
2011-01-25,303.73,307.73,303.36,305.35,2543662
2011-01-27,308.0,308.4,296.8,297.89,5213864
2011-01-28,296.17,298.0,284.21,286.95,4480972
2011-01-31,283.33,297.6,282.21,295.81,4293344
2011-02-01,297.73,298.4,288.85,293.05,2659432
2011-02-02,294.73,295.96,283.01,285.15,5268712
2011-02-03,287.2,292.85,284.2,292.15,3408824
2011-02-04,293.33,295.96,289.41,291.69,4971532
2011-02-07,292.0,296.13,288.13,292.49,5127224
2011-02-08,295.69,295.69,290.73,291.44,3170579
2011-02-09,290.67,291.15,270.85,278.08,7641352
2011-02-10,278.64,282.23,268.96,272.37,5603744
2011-02-11,270.95,274.65,266.41,271.46,4544789
2011-02-14,273.33,285.33,273.33,283.7,4397092
2011-02-15,286.0,286.97,274.8,276.08,5102002
2011-02-16,277.96,278.51,272.45,273.07,4450874
2011-02-17,274.0,278.66,270.8,277.61,6752797
2011-02-18,279.2,284.69,277.08,279.48,5543092
2011-02-21,280.0,284.0,277.8,281.73,4142534
2011-02-22,280.64,280.64,275.2,277.01,2344529
2011-02-23,277.2,277.96,271.09,271.85,3604087
2011-02-24,271.47,274.91,265.33,266.42,7546927
2011-02-25,270.0,270.0,261.47,263.13,7184782
2011-02-28,265.56,272.53,261.51,266.81,4436084
2011-03-01,269.07,275.33,268.0,274.41,5023027
2011-03-03,273.95,284.67,272.53,283.53,5684519
2011-03-04,286.53,286.66,275.75,278.05,5310194
2011-03-07,276.93,276.93,268.44,269.78,5018677
2011-03-08,269.33,273.07,269.07,271.09,3911872
2011-03-09,273.59,274.11,271.51,272.3,2969497
2011-03-10,271.99,274.53,268.74,273.6,9131294
2011-03-11,271.73,271.73,262.0,262.57,13408462
2011-03-14,263.6,265.95,259.33,263.43,4310527
2011-03-15,260.0,260.0,254.47,255.64,7277782
2011-03-16,257.64,258.93,255.67,256.46,5403614
2011-03-17,253.49,262.51,253.47,261.87,5143064
2011-03-18,262.65,263.47,255.11,256.2,5040907
2011-03-21,257.25,257.99,255.2,256.02,2483324
2011-03-22,257.33,260.93,256.27,259.61,3673552
2011-03-23,259.73,266.53,259.07,265.91,3911624
2011-03-24,266.89,273.6,266.89,273.11,22492949
2011-03-25,277.96,280.27,274.68,278.79,9933052
2011-03-28,278.79,283.71,277.05,279.47,5338754
2011-03-29,278.13,281.03,274.0,275.81,4624252
2011-03-30,277.3,279.0,274.43,274.83,6977752
2011-03-31,276.25,279.6,274.05,275.02,7264199
2011-04-01,276.99,284.63,274.93,283.69,6077092
2011-04-04,282.7,293.2,280.01,289.83,12253882
2011-04-05,292.33,295.6,291.08,294.75,8862022
2011-04-06,295.2,299.53,292.01,293.1,4527937
2011-04-07,294.0,295.05,290.29,292.69,3975667
2011-04-08,293.33,295.0,289.47,293.53,6226507
2011-04-11,293.5,298.27,291.47,292.94,3749902
2011-04-13,291.64,298.53,290.0,297.52,4682977
2011-04-15,297.99,299.16,292.97,297.05,2549827
2011-04-18,296.67,300.0,289.51,290.88,4194374
2011-04-19,290.88,291.1,281.37,284.32,6806587
2011-04-20,287.59,287.93,284.83,286.85,3745012
2011-04-21,288.0,289.46,273.09,274.62,9484739
2011-04-25,274.53,279.2,274.05,276.57,3182602
2011-04-26,278.0,278.13,272.4,276.0,3429712
2011-04-27,279.2,279.2,267.13,268.74,11055817
2011-04-28,269.47,270.46,263.33,265.39,14698469
2011-04-29,267.73,269.68,264.43,266.75,6464084
2011-05-02,269.05,269.16,265.49,268.12,3131144
2011-05-03,269.33,271.32,267.33,268.59,6897659
2011-05-04,269.32,271.97,268.59,270.17,3219524
2011-05-05,271.05,272.38,265.33,266.71,4525949
2011-05-06,267.99,275.33,267.68,274.82,4732259
2011-05-09,276.87,276.92,272.13,273.62,1595092
2011-05-10,274.35,275.82,270.27,271.45,2081324
2011-05-11,272.53,275.19,272.0,274.52,2337922
2011-05-12,274.52,275.17,268.0,269.37,3248984
2011-05-13,269.29,273.6,267.0,270.81,2966902
2011-05-16,272.0,275.23,270.03,273.45,2615512
2011-05-17,264.4,276.64,264.4,274.07,4275682
2011-05-18,274.52,278.53,274.52,275.25,3727379
2011-05-19,275.87,277.2,273.01,274.95,4510192
2011-05-20,276.92,281.25,274.96,277.07,3306622
2011-05-23,277.07,280.27,255.47,257.57,18246344
2011-05-24,257.99,263.88,255.49,259.12,12409417
2011-05-25,259.2,262.0,253.77,255.55,6142267
2011-05-26,257.33,257.96,252.0,256.41,6298889
2011-05-27,256.67,258.92,255.37,258.25,3496979
2011-05-30,260.0,260.46,256.38,257.56,3231359
2011-05-31,258.52,259.69,256.87,259.09,2682884
2011-06-01,260.19,262.27,259.35,260.37,3206752
2011-06-02,258.93,259.31,257.1,257.72,2939444
2011-06-03,258.33,259.56,252.53,254.91,4496399
2011-06-06,255.73,255.73,252.53,255.24,2341372
2011-06-07,255.16,255.58,253.5,254.41,2668049
2011-06-08,254.11,258.53,253.93,255.03,4346789
2011-06-09,255.85,258.8,255.47,257.76,2762129
2011-06-10,257.99,258.76,255.68,256.59,2651534
2011-06-13,256.92,257.72,254.08,256.67,1946534
2011-06-14,258.2,259.87,257.33,259.41,8484862
2011-06-15,259.56,259.61,256.43,257.27,3127312
2011-06-16,256.39,259.73,255.33,258.41,2534009
2011-06-17,257.6,260.27,257.14,258.29,2430847
2011-06-20,259.33,259.33,252.17,255.93,3645742
2011-06-21,257.73,257.73,249.54,254.41,4955054
2011-06-22,256.0,257.2,252.01,256.23,3341422
2011-06-23,255.84,255.84,252.67,253.18,2576602
2011-06-24,254.01,263.05,253.14,259.71,7098689
2011-06-27,258.93,263.87,256.69,262.35,3358027
2011-06-28,263.51,267.99,262.67,267.15,4395944
2011-06-29,269.25,275.04,268.67,272.59,6628319
2011-06-30,271.75,274.9,269.0,273.41,5547704
2011-07-01,274.67,276.0,272.27,273.38,2244029
2011-07-04,275.84,276.67,270.93,272.94,1907264
2011-07-05,271.77,272.27,258.93,260.23,11134199
2011-07-06,261.33,263.68,259.33,260.31,5375429
2011-07-07,260.59,265.2,260.59,264.84,3911684
2011-07-08,265.6,267.07,262.85,264.55,3188317
2011-07-11,263.33,264.0,258.0,261.59,3479519
2011-07-12,260.0,262.39,256.17,258.57,2407972
2011-07-13,258.93,260.99,256.4,257.95,5717774
2011-07-14,257.07,259.73,255.33,257.38,3714974
2011-07-15,258.67,259.33,256.67,257.23,1376407
2011-07-18,258.52,264.77,256.76,263.69,6023437
2011-07-19,264.01,265.6,261.07,263.67,4901804
2011-07-20,264.95,265.82,260.0,260.82,5156557
2011-07-21,260.0,260.67,256.07,258.43,4927237
2011-07-22,260.03,264.27,258.33,263.39,3799124
2011-07-25,263.39,267.32,261.15,266.51,3520199
2011-07-26,267.47,270.0,252.36,253.82,18270419
2011-07-27,254.93,254.97,240.0,242.91,27079259
2011-07-28,242.67,246.99,240.27,246.37,10908262
2011-07-29,246.25,247.17,242.8,245.28,4638277
2011-08-01,246.81,247.07,242.39,243.19,3625259
2011-08-02,242.67,243.8,240.01,241.45,3420959
2011-08-03,239.43,242.67,238.01,241.76,4111634
2011-08-04,241.87,243.33,237.33,238.01,3592814
2011-08-05,233.96,235.67,226.67,228.18,11972992
2011-08-08,225.1,230.51,221.38,228.07,9267682
2011-08-09,223.35,236.0,222.0,230.98,11897197
2011-08-10,235.29,239.33,234.8,238.48,8756324
2011-08-11,238.0,238.93,232.33,234.5,4651514
2011-08-12,236.13,237.07,227.35,229.57,5523569
2011-08-16,232.27,236.67,231.07,235.43,4760864
2011-08-17,235.23,239.87,234.47,237.11,5446739
2011-08-18,238.39,238.39,234.07,235.08,4878299
2011-08-19,232.0,232.0,223.33,224.26,3913192
2011-08-22,224.4,230.27,223.02,228.88,3557632
2011-08-23,230.0,235.47,228.83,234.82,6139417
2011-08-24,233.07,234.67,231.6,233.47,3628297
2011-08-25,235.2,236.67,230.9,233.23,5817629
2011-08-26,233.23,237.61,229.21,231.4,5556809
2011-08-29,235.92,237.72,231.74,235.84,4179907
2011-08-30,237.33,238.23,233.48,235.78,7531327
2011-09-02,242.8,242.93,228.67,231.74,5343097
2011-09-05,230.65,230.65,226.13,228.24,3478934
2011-09-06,227.05,234.8,226.0,234.12,4890539
2011-09-07,234.27,239.87,233.73,238.79,6424627
2011-09-08,239.97,242.67,235.36,236.69,5188814
2011-09-09,236.65,238.19,230.7,231.74,3441434
2011-09-12,228.0,231.87,226.93,227.99,4037264
2011-09-13,229.6,232.64,226.0,226.8,3444629
2011-09-14,227.2,235.57,223.73,231.06,3989647
2011-09-15,234.03,235.2,227.59,228.47,4628834
2011-09-16,229.85,231.2,223.49,224.19,8211097
2011-09-19,223.33,223.8,220.13,220.65,4992839
2011-09-20,220.0,221.83,217.35,218.71,8540872
2011-09-21,220.0,222.27,216.8,218.03,6039802
2011-09-22,215.87,216.59,213.47,213.83,4292654
2011-09-23,213.33,215.6,209.74,213.21,5448314
2011-09-26,213.83,214.26,210.07,211.51,3998684
2011-09-27,214.67,222.84,214.67,220.43,6230399
2011-09-28,221.83,221.98,217.6,218.72,3767219
2011-09-29,218.0,224.0,214.31,222.17,6816082
2011-09-30,220.67,223.2,217.2,218.62,3737977
2011-10-03,213.33,217.6,212.37,213.27,2866844
2011-10-04,212.67,218.4,212.13,214.97,2585168
2011-10-05,215.83,217.2,206.3,209.0,3097568
2011-10-07,214.17,217.93,212.03,216.7,3499310
2011-10-10,216.67,222.63,216.67,221.67,2356244
2011-10-11,222.63,225.17,216.67,217.83,2614069
2011-10-12,218.93,227.33,218.0,225.33,2384066
2011-10-13,226.0,229.63,220.67,222.43,2549326
2011-10-14,221.8,225.83,219.6,222.2,1822396
2011-10-17,223.97,224.8,216.67,217.07,1748273
2011-10-18,214.93,217.23,213.03,214.47,1629013
2011-10-19,216.67,217.9,214.67,216.2,3964471
2011-10-20,214.13,215.43,210.67,211.87,2579317
2011-10-21,212.0,217.33,212.0,213.4,3556604
2011-10-24,216.47,217.73,211.33,212.27,2656435
2011-10-25,212.67,212.67,208.9,210.0,6825854
2011-10-26,211.87,212.73,210.7,211.23,730321
2011-10-28,216.67,219.5,213.17,218.3,10638139
2011-10-31,219.33,219.33,211.4,211.87,4837862
2011-11-01,211.83,214.6,210.7,212.97,4485797
2011-11-02,211.33,213.97,209.7,210.5,2840113
2011-11-03,211.93,221.33,211.43,219.47,8989403
2011-11-04,221.33,225.93,221.33,222.7,4428121
2011-11-08,223.33,225.33,222.57,223.4,2608906
2011-11-09,224.63,225.37,218.07,219.97,2247055
2011-11-11,218.87,219.33,212.1,216.27,1951618
2011-11-14,219.2,219.2,210.67,211.47,2045285
2011-11-15,213.33,215.67,205.33,206.27,3469069
2011-11-16,205.97,205.97,191.0,198.8,9147532
2011-11-17,197.9,202.17,187.47,189.9,5989441
2011-11-18,190.8,191.0,178.1,183.23,18281533
2011-11-21,183.73,185.17,173.33,174.17,11107991
2011-11-22,177.33,179.8,175.07,176.87,5376707
2011-11-23,175.17,175.33,168.3,170.5,6120985
2011-11-24,171.27,176.67,164.0,174.5,8718479
2011-11-25,174.27,184.0,173.33,180.03,8828003
2011-11-28,185.2,189.0,183.33,187.93,4567169
2011-11-29,188.03,192.27,186.07,188.27,5233721
2011-11-30,187.27,189.37,182.67,188.47,4440083
2011-12-01,196.0,197.1,182.6,184.3,6129193
2011-12-02,183.77,189.33,180.93,188.43,4920046
2011-12-05,188.53,193.8,188.0,192.63,5065870
2011-12-07,193.97,194.6,190.8,192.8,4084228
2011-12-08,191.7,192.3,180.67,181.73,4823056
2011-12-09,177.87,178.63,173.57,175.83,4403497
2011-12-12,179.0,179.33,170.83,171.97,6632462
2011-12-13,170.0,175.33,167.8,173.63,6150049
2011-12-14,173.0,176.87,169.07,170.23,4577290
2011-12-15,167.47,168.93,163.33,165.83,7694417
2011-12-16,168.33,170.33,157.47,160.27,8223541
2011-12-19,159.33,159.33,151.4,154.7,7192721
2011-12-20,156.83,158.3,148.9,152.17,7861616
2011-12-21,157.9,159.87,153.33,155.53,7149824
2011-12-22,154.47,159.2,154.0,158.0,5211109
2011-12-23,159.1,164.67,158.83,161.27,5227963
2011-12-26,162.13,164.93,160.07,162.6,2415359
2011-12-27,162.67,164.4,158.77,160.5,3148277
2011-12-28,159.53,165.53,158.0,164.73,4807112
2011-12-29,163.07,165.07,154.9,157.5,6612796
2011-12-30,160.0,160.47,157.67,159.23,2756293
2012-01-02,159.8,161.2,155.77,157.7,3914645
2012-01-03,160.17,167.8,159.5,165.4,3631129
2012-01-04,166.2,172.33,166.2,169.07,5329937
2012-01-05,168.8,173.6,167.77,169.83,4930091
2012-01-06,169.17,170.13,163.37,166.37,4030285
2012-01-07,166.93,168.47,165.57,167.13,454331
2012-01-09,167.33,173.0,164.27,172.1,5189839
2012-01-10,172.07,178.27,172.07,176.43,5322172
2012-01-11,175.3,178.0,172.77,176.5,4341838
2012-01-12,175.5,181.33,174.37,175.03,5592851
2012-01-13,175.93,179.0,175.4,177.87,3069658
2012-01-16,176.0,185.93,175.63,184.67,5168996
2012-01-17,185.4,190.33,185.4,187.17,4916387
2012-01-18,187.33,189.97,181.03,182.1,9137410
2012-01-19,185.03,185.77,175.73,176.83,9964655
2012-01-20,177.4,184.4,177.4,182.5,10648340
2012-01-23,182.67,189.87,182.67,188.2,8988538
2012-01-24,191.33,191.43,186.33,187.2,6746614
2012-01-25,188.7,189.7,185.53,188.3,7040216
2012-01-27,190.0,190.03,179.33,182.4,9537665
2012-01-30,172.67,172.67,161.0,162.77,31303772
2012-01-31,162.57,167.67,160.67,167.07,13441825
2012-02-01,167.33,171.1,164.43,170.4,7776409
2012-02-02,170.83,181.5,170.83,172.4,21610802
2012-02-03,173.33,177.2,172.67,176.5,6434686
2012-02-06,179.0,182.0,177.97,180.97,8375903
2012-02-07,182.13,182.87,171.97,173.4,6970319
2012-02-08,174.67,177.33,171.53,174.27,6053540
2012-02-09,174.33,177.2,173.63,174.63,4709735
2012-02-10,175.0,176.0,172.07,173.73,9484091
2012-02-13,174.67,175.73,172.23,174.37,3929654
2012-02-14,175.3,178.53,172.77,176.67,5261918
2012-02-15,179.07,186.53,177.97,184.73,15041708
2012-02-16,186.0,195.13,186.0,189.7,15371383
2012-02-17,193.0,216.9,190.67,202.37,42432310
2012-02-21,206.23,213.33,205.1,212.0,16226164
2012-02-22,213.9,218.67,200.47,204.33,16714169
2012-02-23,204.67,213.83,201.33,207.93,14988178
2012-02-24,210.0,212.0,201.1,202.53,8463344
2012-02-27,203.2,204.53,190.67,193.0,7550635
2012-02-28,195.33,207.33,194.87,205.67,10362535
2012-02-29,210.0,215.73,202.73,204.9,15751798
2012-03-01,203.3,203.3,196.67,199.8,9874202
2012-03-02,202.0,202.4,194.43,197.93,10172452
2012-03-03,198.07,198.47,196.73,197.43,462926
2012-03-05,194.83,195.0,188.7,190.2,5406232
2012-03-06,188.77,199.8,181.43,183.73,12663773
2012-03-07,181.13,185.2,176.0,180.7,9715024
2012-03-09,184.33,187.0,182.07,185.83,7599098
2012-03-12,189.93,190.93,186.4,189.97,6969004
2012-03-13,191.9,197.83,191.47,193.9,5926178
2012-03-14,197.27,198.63,194.2,195.9,7360439
2012-03-15,195.47,195.87,187.8,189.07,5352866
2012-03-16,191.33,196.57,179.7,182.4,13421540
2012-03-19,182.6,183.07,172.8,173.43,10190338
2012-03-20,174.0,178.2,170.43,174.83,12079360
2012-03-21,175.33,180.73,173.33,179.97,9352931
2012-03-22,179.93,182.33,173.4,174.17,12095846
2012-03-23,175.0,179.63,172.37,177.83,11336726
2012-03-26,177.57,177.57,171.33,172.1,5321741
2012-03-27,174.8,175.3,167.5,170.3,9669454
2012-03-28,170.0,172.43,167.4,168.1,5734061
2012-03-29,167.0,168.43,164.0,165.83,10390327
2012-03-30,167.67,172.63,166.67,171.43,8474801
2012-04-02,171.9,174.6,169.33,173.87,5669759
2012-04-03,175.17,179.6,173.7,176.07,13609136
2012-04-04,175.33,183.0,174.9,182.4,16890538
2012-04-09,180.67,180.67,173.77,174.57,5884481
2012-04-10,176.0,176.13,169.9,170.57,10739381
2012-04-11,168.27,169.63,166.67,167.07,7339024
2012-04-12,169.33,171.93,169.27,171.6,7483520
2012-04-13,173.07,174.67,169.43,172.33,6756790
2012-04-16,170.67,175.27,170.2,173.83,4865302
2012-04-17,173.67,177.07,172.17,175.23,5853983
2012-04-18,176.0,177.93,173.2,173.87,7196243
2012-04-19,171.7,171.7,166.3,167.03,15777799
2012-04-20,166.0,168.37,162.0,163.6,10804481
2012-04-23,163.33,165.3,156.67,157.1,7756870
2012-04-24,158.1,160.53,155.97,158.03,6096316
2012-04-25,158.23,159.47,153.87,154.63,6507590
2012-04-26,154.67,155.33,151.73,154.33,14411017
2012-04-27,153.33,157.0,151.33,152.07,8367584
2012-04-28,152.8,153.8,152.37,153.0,537893
2012-04-30,150.63,151.47,148.2,149.83,8139746
2012-05-02,149.73,151.4,148.77,149.33,5551244
2012-05-03,148.67,152.3,148.5,150.1,7039337
2012-05-04,150.1,150.67,141.0,142.7,13052080
2012-05-07,140.67,152.47,139.1,151.3,14538961
2012-05-08,152.27,152.27,142.87,143.63,9128479
2012-05-09,142.67,148.23,142.0,144.07,8443460
2012-05-10,144.33,148.6,144.33,146.17,9306550
2012-05-11,144.73,149.83,144.73,147.4,14236138
2012-05-14,147.63,149.27,142.4,144.77,7499194
2012-05-15,143.53,146.9,143.53,144.4,6487702
2012-05-16,141.97,142.4,137.33,139.3,8893469
2012-05-17,139.47,141.83,136.77,137.4,7255730
2012-05-18,135.63,136.6,131.57,133.83,13618591
2012-05-21,134.93,138.47,134.17,137.83,6859879
2012-05-22,139.6,142.37,138.1,139.03,9623177
2012-05-23,138.67,142.3,138.0,139.17,16637602
2012-05-24,140.33,141.33,137.0,138.7,8799685
2012-05-25,137.83,140.43,137.83,138.83,6714385
2012-05-28,139.5,145.3,139.5,144.73,9640018
2012-05-29,146.37,147.4,144.17,145.3,7690606
2012-05-30,144.67,144.67,140.2,140.67,4050245
2012-05-31,139.33,143.8,138.73,141.4,7651225
2012-06-01,140.77,141.27,137.5,137.9,3689827
2012-06-04,137.17,138.53,135.4,137.57,4837105
2012-06-05,139.2,141.13,138.67,140.07,4311760
2012-06-06,141.33,145.0,141.2,143.8,8089349
2012-06-07,146.27,146.27,143.53,145.47,6204079
2012-06-08,144.33,147.97,143.67,147.47,6555851
2012-06-11,148.8,150.23,143.03,143.93,7304786
2012-06-12,142.73,146.63,142.17,146.23,5124569
2012-06-13,146.13,148.93,144.7,147.47,5783789
2012-06-14,147.27,147.83,144.2,144.97,5163350
2012-06-15,145.47,146.43,143.4,145.67,5527879
2012-06-18,147.67,148.63,141.8,142.6,7010548
2012-06-19,142.07,143.23,140.3,141.03,7095931
2012-06-20,142.07,145.1,141.87,143.33,7969180
2012-06-21,144.53,149.2,144.07,148.53,11959978
2012-06-22,146.83,150.27,145.37,147.2,8334950
2012-06-25,148.67,149.6,144.53,144.97,6199183
2012-06-26,145.0,147.07,144.8,146.13,4498897
2012-06-27,147.93,147.93,146.33,146.97,5464102
2012-06-28,147.4,149.1,146.47,147.37,11812703
2012-06-29,149.33,155.33,149.03,154.97,12385832
2012-07-02,156.3,157.8,154.47,156.73,5677202
2012-07-03,157.8,157.97,153.53,154.1,4658660
2012-07-04,155.4,156.43,154.47,155.43,4279093
2012-07-05,156.0,158.07,155.37,157.1,4147756
2012-07-06,158.0,158.13,155.07,157.5,6548333
2012-07-09,157.33,157.33,154.83,156.2,3903319
2012-07-10,154.73,157.67,154.73,157.17,3341072
2012-07-11,156.7,156.77,154.3,154.87,3758579
2012-07-12,154.67,156.6,152.9,154.07,4303295
2012-07-13,154.0,155.4,153.2,154.37,3022240
2012-07-16,156.33,156.33,153.07,153.57,2285554
2012-07-17,154.37,154.77,150.33,150.93,2584279
2012-07-18,150.0,154.1,148.07,152.8,3930884
2012-07-19,155.47,157.93,155.27,156.57,6487346
2012-07-20,159.33,159.93,151.67,152.07,9508235
2012-07-23,150.5,150.67,145.8,146.27,4995971
2012-07-24,146.07,147.13,143.7,145.13,3719858
2012-07-25,144.03,146.3,143.4,144.17,3107260
2012-07-26,144.67,146.27,140.37,141.3,10272187
2012-07-27,143.67,144.13,137.73,138.53,6525838
2012-07-30,139.5,144.6,139.33,144.33,5440609
2012-07-31,144.73,145.0,140.2,143.77,5451173
2012-08-01,143.87,147.3,143.07,146.93,4781263
2012-08-02,147.07,149.23,145.8,148.97,4695173
2012-08-03,147.33,150.6,145.13,150.1,7455415
2012-08-06,151.7,153.6,150.93,152.8,3781730
2012-08-07,152.73,155.2,152.03,154.7,4069496
2012-08-08,154.7,156.63,153.5,154.43,5652260
2012-08-09,154.73,157.03,151.83,154.2,4349473
2012-08-10,153.67,154.0,151.17,152.73,2122177
2012-08-13,152.73,155.47,151.37,155.03,3338702
2012-08-14,155.67,156.67,153.03,154.6,3741413
2012-08-16,154.67,156.3,152.87,153.5,2695519
2012-08-17,154.0,154.93,151.23,152.97,3152686
2012-08-21,153.33,155.0,153.13,154.57,2354768
2012-08-22,153.93,156.87,153.43,154.9,4107451
2012-08-23,155.33,156.47,154.8,155.5,3748840
2012-08-24,154.33,156.27,152.33,154.03,3573026
2012-08-27,154.8,155.47,149.67,150.2,4238333
2012-08-28,149.0,149.87,147.7,148.53,3710881
2012-08-29,148.4,149.1,142.83,144.43,5635244
2012-08-30,143.57,148.67,142.27,146.07,6029846
2012-08-31,145.87,146.27,141.07,142.17,6849532
2012-09-03,143.47,144.93,143.1,144.1,2226940
2012-09-04,143.87,146.27,142.73,145.9,3763705
2012-09-05,144.67,144.67,138.0,138.43,9689269
2012-09-06,136.53,137.17,133.83,134.13,10281061
2012-09-07,136.67,137.87,135.4,136.63,5425942
2012-09-08,136.23,136.3,133.93,135.0,1645388
2012-09-10,135.67,136.0,131.4,132.03,10953898
2012-09-11,131.27,134.33,130.67,133.93,8395274
2012-09-12,134.2,134.9,130.07,131.7,11108185
2012-09-13,131.2,134.53,131.17,133.67,7949182
2012-09-14,136.5,137.6,135.33,136.53,7579651
2012-09-17,139.0,143.9,138.47,142.37,9957275
2012-09-18,142.67,150.67,142.37,150.0,12809401
2012-09-20,147.1,147.33,143.33,144.1,6641588
2012-09-21,146.0,155.7,145.67,154.93,17498500
2012-09-24,156.3,167.67,155.33,165.23,26120719
2012-09-25,167.27,170.67,161.73,169.13,23450488
2012-09-26,166.8,169.3,164.73,168.97,16154534
2012-09-27,168.67,169.73,164.7,165.4,9759566
2012-09-28,166.67,168.3,163.0,164.63,5720674
2012-10-01,164.67,168.33,164.6,167.73,5884957
2012-10-03,167.57,168.5,164.87,166.6,6364403
2012-10-04,167.67,178.53,167.67,177.5,18693790
2012-10-05,180.0,181.57,150.0,175.93,16245365
2012-10-08,175.67,175.67,168.4,169.57,5571028
2012-10-09,171.0,171.8,165.4,166.83,7110619
2012-10-10,165.33,165.33,162.33,163.43,4671310
2012-10-11,163.33,168.8,161.03,167.77,10532008
2012-10-12,167.67,169.67,163.1,163.6,6229498
2012-10-15,163.5,166.87,160.73,166.13,5683889
2012-10-16,166.67,168.47,162.6,163.1,5729467
2012-10-17,164.0,165.6,162.8,165.03,4190738
2012-10-18,166.0,166.07,163.33,164.7,4760299
2012-10-19,165.57,165.6,160.53,161.53,5487731
2012-10-22,160.0,162.93,158.83,161.23,4203482
2012-10-23,160.07,163.0,159.5,159.67,3116033
2012-10-25,158.73,161.33,158.73,160.37,5285387
2012-10-26,158.67,163.33,158.5,161.63,5139563
2012-10-29,162.33,163.4,150.8,151.27,16432579
2012-10-30,150.97,154.17,148.13,152.53,12579337
2012-10-31,151.97,152.5,149.37,149.87,3559580
2012-11-01,149.47,151.6,148.8,151.03,2870455
2012-11-02,152.47,154.53,151.9,152.97,4488773
2012-11-05,152.2,155.27,152.2,153.77,3371317
2012-11-06,152.9,155.8,152.9,155.17,2858674
2012-11-07,154.5,158.57,154.5,157.97,3788303
2012-11-08,157.0,159.0,155.4,158.63,2887481
2012-11-09,157.4,159.73,154.37,154.83,4208804
2012-11-12,154.37,156.33,153.67,154.67,2473576
2012-11-13,154.67,155.13,153.87,154.4,548111
2012-11-15,153.33,157.2,152.93,156.9,5229181
2012-11-16,156.0,157.83,152.67,153.53,2951515
2012-11-19,154.0,155.2,152.0,152.77,2836691
2012-11-20,153.9,154.47,151.23,152.1,1964623
2012-11-21,152.8,152.97,147.17,148.13,4527229
2012-11-22,148.67,149.87,146.27,147.53,4352545
2012-11-23,148.03,150.33,148.03,149.8,3657482
2012-11-26,150.0,150.63,146.83,147.43,4250888
2012-11-27,148.37,149.6,148.0,149.27,3704266
2012-11-29,149.73,149.97,146.87,148.1,10124884
2012-11-30,149.63,157.33,149.33,156.23,10902961
2012-12-03,155.4,159.5,154.67,158.57,6087433
2012-12-04,158.83,161.6,157.83,158.4,6033685
2012-12-05,160.0,160.97,157.4,158.3,4995430
2012-12-06,159.13,162.63,156.37,161.17,4691723
2012-12-07,162.6,165.17,160.7,162.0,5312488
2012-12-10,162.43,164.0,161.37,162.33,3103519
2012-12-11,163.33,163.33,156.17,158.2,4662737
2012-12-12,159.33,160.4,154.2,154.97,9617857
2012-12-13,154.67,155.87,151.13,151.97,6899942
2012-12-14,152.17,153.27,148.67,149.93,7072130
2012-12-17,149.87,150.8,146.9,147.27,7664827
2012-12-18,147.53,153.83,147.53,153.47,7179766
2012-12-19,155.2,156.63,154.13,155.7,7668614
2012-12-20,154.0,155.2,152.4,154.67,2988905
2012-12-21,153.4,153.87,151.23,151.77,3303016
2012-12-24,152.0,153.27,150.47,151.73,4058740
2012-12-26,152.0,154.4,151.97,153.47,1962655
2012-12-27,153.8,154.67,150.57,150.7,5197417
2012-12-28,151.53,152.6,150.07,151.67,2725979
2012-12-31,150.83,153.07,150.83,152.17,1704724
2013-01-01,153.5,155.9,152.87,155.07,3979163
2013-01-02,157.2,159.93,157.0,158.7,5726507
2013-01-03,159.77,160.63,157.4,159.2,5089370
2013-01-04,158.3,162.43,157.73,161.87,4809443
2013-01-07,162.33,162.87,159.0,159.87,3491524
2013-01-08,159.7,163.8,158.5,162.6,4481489
2013-01-09,162.17,163.27,157.3,157.93,4531930
2013-01-10,158.33,158.87,154.1,154.6,6262318
2013-01-11,154.33,155.33,150.67,151.23,4984028
2013-01-14,151.5,153.67,150.5,152.83,3610882
2013-01-15,153.33,154.67,152.07,152.63,3669232
2013-01-16,152.03,153.27,150.07,150.27,3118646
2013-01-17,150.8,151.6,148.0,150.03,5913412
2013-01-18,150.67,152.67,149.47,150.97,10730509
2013-01-21,150.93,155.67,150.83,154.7,8666464
2013-01-22,154.67,155.43,152.87,153.67,5292745
2013-01-23,153.4,154.8,152.2,154.0,3818494
2013-01-24,153.33,154.93,150.67,152.13,6169444
2013-01-25,151.67,153.87,151.57,152.93,2794082
2013-01-28,154.33,154.33,151.63,152.03,2432755
2013-01-29,152.13,152.77,148.4,148.87,5367136
2013-01-30,149.47,149.77,147.07,147.83,4465109
2013-01-31,147.0,153.47,147.0,151.87,7960249
2013-02-01,151.4,153.43,144.73,150.0,20548240
2013-02-04,151.53,151.53,145.13,146.03,9719899
2013-02-05,143.6,143.6,140.47,140.93,6981917
2013-02-06,142.47,142.67,138.37,139.0,7686818
2013-02-07,138.67,140.17,136.33,137.33,5413609
2013-02-08,137.33,141.0,136.73,139.17,5091352
2013-02-11,140.0,140.43,137.73,138.37,3652180
2013-02-12,138.0,139.87,137.67,139.3,2531524
2013-02-13,138.83,139.93,136.67,137.2,2687747
2013-02-14,136.67,138.13,135.37,135.87,2654126
2013-02-15,134.67,137.23,134.67,136.37,2777152
2013-02-18,135.77,139.27,135.77,138.3,3910063
2013-02-19,138.07,141.77,138.07,141.43,3083197
2013-02-20,142.0,142.47,139.77,140.4,2390995
2013-02-21,138.83,139.87,136.93,137.9,3433231
2013-02-22,136.67,137.83,135.33,136.23,3062458
2013-02-25,136.73,139.33,136.13,138.43,3679172
2013-02-26,138.07,140.0,134.03,134.67,5630671
2013-02-27,137.13,138.5,135.43,137.7,4762342
2013-02-28,139.33,140.0,133.13,134.1,9535262
2013-03-01,133.33,135.43,132.33,133.97,4369612
2013-03-04,133.83,134.93,132.33,133.47,2740957
2013-03-05,133.67,134.57,132.33,132.53,4036484
2013-03-06,133.97,136.6,132.87,135.3,6095603
2013-03-07,134.67,138.33,134.57,137.2,4692343
2013-03-08,137.7,138.9,137.07,138.37,3042895
2013-03-11,138.67,138.97,136.53,137.0,2723288
2013-03-12,136.83,137.43,133.53,133.83,3044222
2013-03-13,133.33,134.33,131.0,131.33,4998230
2013-03-14,131.63,133.6,130.7,132.57,4235234
2013-03-15,132.57,134.33,131.4,132.03,2950477
2013-03-18,131.2,132.0,130.07,130.5,3022352
2013-03-19,130.73,130.97,123.43,123.87,8513573
2013-03-20,123.9,125.8,120.8,121.43,7819175
2013-03-21,121.4,123.0,119.4,119.8,4942480
2013-03-22,119.03,120.97,118.5,119.9,3915782
2013-03-25,121.43,122.47,119.0,119.63,3498940
2013-03-26,118.83,120.0,117.37,117.67,3378325
2013-03-28,117.33,119.4,116.17,118.0,6371105
2013-04-01,119.3,122.93,119.2,121.67,4624205
2013-04-02,120.67,124.0,120.67,123.4,2877695
2013-04-03,123.67,126.27,120.87,121.87,5142101
2013-04-04,120.67,121.27,118.2,118.77,4192223
2013-04-05,119.33,120.63,117.6,118.53,3239782
2013-04-08,119.0,122.87,117.33,121.67,9079622
2013-04-09,122.17,123.53,118.8,119.17,5139158
2013-04-10,119.7,120.3,117.0,118.6,3739037
2013-04-11,119.33,119.9,117.73,118.83,2513318
2013-04-12,117.4,121.27,117.33,119.73,3632983
2013-04-15,118.67,120.97,118.33,118.9,3592892
2013-04-16,118.87,122.17,118.6,121.53,4742962
2013-04-17,122.03,123.33,121.27,122.23,4517581
2013-04-18,122.13,124.3,121.43,123.9,5280809
2013-04-22,124.33,128.0,124.17,127.57,6387551
2013-04-23,127.93,128.77,124.4,125.8,4963904
2013-04-25,126.8,129.87,124.4,128.37,6676712
2013-04-26,128.13,128.2,125.2,125.87,2895100
2013-04-29,126.53,128.27,126.33,127.73,2281535
2013-04-30,128.2,129.53,125.07,128.5,3915544
2013-05-02,128.67,129.17,126.67,127.53,3866035
2013-05-03,127.77,129.53,125.73,127.77,3470923
2013-05-06,127.03,129.93,127.03,128.9,3194987
2013-05-07,129.17,131.47,129.17,131.07,3818870
2013-05-08,131.47,131.7,129.07,130.23,2500088
2013-05-09,130.1,131.93,128.4,130.63,4015885
2013-05-10,130.33,132.37,130.3,131.33,3336679
2013-05-11,130.67,131.23,130.1,130.77,152101
2013-05-13,130.07,130.87,126.67,126.93,2777857
2013-05-14,127.47,127.5,125.2,125.8,2785570
2013-05-15,126.37,127.9,126.3,127.57,4048283
2013-05-16,127.7,129.73,127.1,129.13,2228954
2013-05-17,129.47,136.13,127.67,134.6,6796039
2013-05-20,136.3,136.67,133.67,134.83,5763719
2013-05-21,134.67,138.6,134.0,137.33,8399918
2013-05-22,138.0,138.6,134.87,135.83,5408030
2013-05-23,134.33,134.33,127.37,130.47,8156986
2013-05-24,131.33,132.33,126.87,128.37,4511339
2013-05-27,128.13,131.63,127.43,131.3,2724412
2013-05-28,131.4,136.67,129.43,135.9,7642034
2013-05-29,136.17,136.93,132.23,135.93,5878838
2013-05-30,134.77,137.4,133.6,137.03,5727032
2013-05-31,136.07,136.97,132.8,133.7,4882840
2013-06-03,133.33,134.57,130.8,131.33,2540588
2013-06-04,131.07,133.17,129.33,130.23,2965046
2013-06-05,129.4,130.33,128.73,129.63,2197709
2013-06-06,128.9,130.2,127.63,128.17,3799168
2013-06-07,127.57,129.67,125.9,126.27,3456173
2013-06-10,127.0,128.0,122.0,122.8,3356387
2013-06-11,121.33,124.0,120.57,120.8,2858894
2013-06-12,120.2,122.47,118.9,119.57,2758894
2013-06-13,118.7,119.03,116.2,116.73,3164722
2013-06-14,117.57,119.43,116.57,117.43,3253301
2013-06-17,117.73,122.33,117.07,121.63,3572899
2013-06-18,121.6,122.9,120.0,120.47,2836603
2013-06-19,120.47,121.67,119.23,120.17,2923984
2013-06-20,118.67,118.83,113.73,114.23,4334668
2013-06-21,113.93,116.4,112.0,113.53,4329214
2013-06-24,112.97,113.27,109.53,110.3,4289305
2013-06-25,110.13,111.93,108.03,108.8,5458031
2013-06-26,109.67,111.0,108.43,108.8,4464092
2013-06-27,110.17,110.67,108.07,108.63,6154270
2013-06-28,110.0,116.73,109.67,116.17,7454647
2013-07-01,116.67,120.0,116.67,119.5,3822502
2013-07-02,119.5,123.8,116.67,122.4,6279046
2013-07-03,120.53,121.17,117.1,119.2,4008208
2013-07-04,120.47,120.67,115.03,116.53,5562250
2013-07-05,118.1,119.67,116.4,119.13,3706459
2013-07-08,118.0,122.67,116.17,121.83,5321984
2013-07-09,122.93,125.73,122.17,124.5,4609820
2013-07-10,124.97,125.3,122.13,122.8,3549518
2013-07-11,124.87,125.93,123.1,124.33,3748862
2013-07-12,124.0,126.27,123.43,125.5,3254348
2013-07-15,124.93,126.0,123.17,124.1,3148645
2013-07-16,122.33,123.63,120.53,121.93,2788087
2013-07-17,122.0,124.67,120.73,121.87,3536179
2013-07-18,121.6,127.03,121.6,126.33,5158271
2013-07-19,126.33,126.67,114.83,115.8,18989812
2013-07-22,115.87,115.87,106.93,107.6,18634459
2013-07-23,107.87,110.8,107.43,109.97,10699099
2013-07-24,109.87,110.77,107.4,108.73,5577599
2013-07-25,108.67,109.13,104.77,105.7,7543112
2013-07-26,106.67,107.33,104.03,105.9,4507433
2013-07-29,106.63,107.2,104.33,104.67,3079538
2013-07-30,104.03,105.77,101.4,101.7,3152044
2013-07-31,100.67,106.2,98.83,105.53,5223539
2013-08-01,104.77,107.1,99.6,100.4,5340520
2013-08-02,100.07,102.5,98.5,99.73,4641553
2013-08-05,92.53,92.67,79.9,80.53,33288563
2013-08-06,80.0,80.13,74.27,75.07,29238317
2013-08-07,75.37,78.0,75.37,77.1,10314940
2013-08-08,77.83,79.53,75.8,78.27,8154893
2013-08-12,79.2,81.87,76.23,79.93,9716893
2013-08-13,79.27,82.57,78.23,80.6,8643034
2013-08-14,81.47,81.73,77.33,79.03,9880538
2013-08-16,78.0,78.83,69.77,70.37,21924971
2013-08-19,70.4,70.67,67.1,68.73,18625441
2013-08-20,68.17,69.77,66.77,67.57,24627701
2013-08-21,68.67,72.83,68.67,69.93,20582248
2013-08-22,69.27,72.47,68.47,71.63,9752723
2013-08-23,72.27,78.2,71.77,77.4,23794406
2013-08-26,78.8,83.3,78.07,82.6,24635890
2013-08-27,82.0,84.6,73.5,74.17,24610019
2013-08-28,73.33,77.13,69.87,75.9,28889867
2013-08-29,77.0,79.23,74.67,78.47,14008241
2013-08-30,79.0,80.5,77.1,79.33,11148094
2013-09-02,79.77,81.33,79.03,80.57,6281336
2013-09-03,81.07,83.93,78.93,79.47,15287476
2013-09-04,79.57,85.6,79.57,84.83,17444078
2013-09-05,86.43,92.97,85.33,92.03,19873774
2013-09-06,91.43,95.67,89.97,94.83,18427747
2013-09-10,95.87,97.8,91.4,95.3,17765552
2013-09-11,93.27,95.17,91.8,93.8,11846881
2013-09-12,94.1,95.67,89.33,89.93,11889317
2013-09-13,89.87,95.67,89.33,95.23,14119531
2013-09-16,96.57,97.23,89.87,90.43,9514196
2013-09-17,89.33,91.93,88.1,91.03,8953178
2013-09-18,91.67,91.93,84.13,86.5,17509487
2013-09-19,90.5,90.67,87.4,89.23,14005571
2013-09-20,89.2,92.4,86.8,90.33,23108782
2013-09-23,89.2,90.23,85.77,86.3,9646699
2013-09-24,85.53,89.67,84.93,87.53,14163097
2013-09-25,87.6,96.53,87.4,95.43,32685085
2013-09-26,95.43,101.93,94.0,100.5,40508774
2013-09-27,99.03,100.0,94.33,95.83,14462300
2013-09-30,93.33,93.9,90.27,91.6,9420365
2013-10-01,92.7,95.93,92.7,94.1,11157710
2013-10-03,96.93,97.87,94.53,95.97,11265413
2013-10-04,94.67,97.1,94.07,95.97,7227449
2013-10-07,95.9,98.6,94.77,97.37,7629721
2013-10-08,98.2,98.87,95.7,96.2,6281857
2013-10-09,95.5,99.2,94.67,98.63,9335350
2013-10-10,98.23,99.6,97.43,98.43,4921504
2013-10-11,99.4,99.67,96.8,97.97,5027398
2013-10-14,97.8,97.8,95.4,96.5,4980392
2013-10-15,97.2,98.33,94.13,97.0,7964936
2013-10-17,96.67,98.53,95.4,97.83,7961767
2013-10-18,98.17,101.3,96.67,98.53,13393894
2013-10-21,98.53,99.47,96.4,97.0,8018480
2013-10-22,96.67,98.53,96.67,97.07,6855821
2013-10-23,97.17,97.7,93.8,95.13,7778680
2013-10-24,95.13,96.6,92.87,93.47,7820035
2013-10-25,93.2,93.2,90.7,91.57,6149555
2013-10-28,92.13,92.4,90.07,90.8,5083252
2013-10-29,90.8,91.87,87.43,90.9,11760088
2013-10-30,91.07,94.0,91.07,92.9,8879881
2013-10-31,92.9,94.6,91.87,94.07,8929733
2013-11-01,94.1,96.87,94.1,95.7,11696956
2013-11-03,96.4,97.13,96.07,96.37,1611685
2013-11-05,95.97,96.67,93.63,94.83,9660451
2013-11-06,94.0,96.6,92.43,93.57,26332621
2013-11-07,92.0,92.0,88.73,89.7,17531296
2013-11-08,88.53,91.13,87.5,90.47,7370243
2013-11-11,89.87,90.67,88.73,89.47,5136215
2013-11-12,89.33,90.03,87.33,88.03,5354149
2013-11-13,87.5,90.0,87.33,89.1,4555027
2013-11-14,90.0,91.2,89.67,90.53,3587258
2013-11-18,91.53,93.87,90.87,93.3,5538991
2013-11-19,93.07,94.97,92.03,94.53,6323372
2013-11-20,94.27,96.43,93.43,94.0,5870513
2013-11-21,93.53,93.9,90.9,91.27,4283501
2013-11-22,92.1,92.67,90.67,91.43,2828239
2013-11-25,92.07,96.8,92.03,96.2,6090959
2013-11-26,96.67,101.33,96.67,98.5,23751617
2013-11-27,99.07,99.27,96.0,97.43,10913069
2013-11-28,98.17,101.8,97.87,100.63,12763588
2013-11-29,101.33,105.77,101.27,104.23,12523042
2013-12-02,104.67,107.2,104.4,106.43,9962432
2013-12-03,105.7,109.97,105.5,109.33,14865616
2013-12-04,109.33,110.5,108.2,109.73,11136203
2013-12-05,111.2,114.6,111.13,114.23,11775785
2013-12-06,113.53,117.27,113.47,114.27,11091721
2013-12-09,117.5,117.97,113.37,114.4,6645494
2013-12-10,114.67,114.67,107.67,110.37,14914060
2013-12-11,109.23,109.97,106.93,108.03,6110386
2013-12-12,107.27,109.5,106.77,107.5,6646337
2013-12-13,106.67,106.67,102.67,103.07,7762825
2013-12-16,102.67,104.47,101.77,103.27,5547919
2013-12-17,104.13,105.3,102.27,102.9,4948243
2013-12-18,102.17,109.77,102.17,109.07,10124725
2013-12-19,109.77,110.87,106.17,108.4,8900960
2013-12-20,107.8,111.47,107.47,110.77,5669056
2013-12-23,110.77,114.3,110.37,112.8,5826727
2013-12-24,113.27,115.67,112.93,115.27,4867990
2013-12-26,116.0,117.23,114.73,116.53,10275691
2013-12-27,115.87,116.33,114.33,115.5,3884489
2013-12-30,115.67,120.8,114.33,119.6,8573215
2013-12-31,120.57,120.63,117.23,117.93,6757910
2014-01-01,118.17,118.53,116.43,116.93,2864473
2014-01-02,116.67,118.47,112.13,113.13,4370069
2014-01-03,112.23,112.23,109.27,110.3,5056586
2014-01-06,110.3,112.0,109.1,109.53,4132304
2014-01-07,110.2,113.5,109.0,110.0,9744445
2014-01-08,110.23,110.53,108.17,108.6,5650831
2014-01-09,108.6,110.5,107.47,108.6,4226639
2014-01-10,108.93,110.5,108.0,108.67,3201761
2014-01-13,108.67,110.33,107.7,109.23,3468142
2014-01-14,109.03,109.9,107.73,108.13,2964028
2014-01-15,108.27,111.8,108.27,111.03,4527047
2014-01-16,111.27,114.3,111.03,113.23,4818170
2014-01-17,112.6,115.33,111.6,114.57,4835995
2014-01-20,114.5,116.27,113.97,115.93,3176704
2014-01-21,115.83,116.13,112.67,113.17,3635128
2014-01-22,113.17,114.9,112.37,113.33,3932491
2014-01-23,113.03,115.57,113.03,114.17,5236820
2014-01-24,113.13,113.67,109.13,110.0,5405704
2014-01-27,108.0,109.77,107.4,108.17,3192182
2014-01-28,108.0,110.43,106.97,109.57,5004802
2014-01-29,110.03,114.67,110.03,113.83,6238658
2014-01-30,111.07,117.07,109.67,115.47,8804194
2014-01-31,113.97,115.67,112.23,115.17,5714627
2014-02-03,113.33,115.87,110.37,111.43,3797110
2014-02-04,110.47,111.67,107.77,108.57,5314178
2014-02-05,108.93,109.87,105.57,107.23,17779729
2014-02-06,105.0,105.23,102.0,104.73,12363695
2014-02-07,104.0,105.17,103.1,103.83,5098082
2014-02-10,103.8,105.73,103.23,103.93,4629148
2014-02-11,104.33,105.23,102.87,103.4,3596314
2014-02-12,103.67,105.6,103.67,104.9,4737055
2014-02-13,105.33,105.83,100.1,101.3,10423366
2014-02-14,101.33,101.6,97.03,99.0,6756409
2014-02-17,98.4,100.27,97.53,98.37,5467681
2014-02-18,98.33,100.93,97.53,99.77,6881936
2014-02-19,100.0,101.53,99.7,100.43,5276152
2014-02-20,99.93,101.6,99.17,100.63,4378175
2014-02-21,101.2,101.5,99.1,100.4,3499816
2014-02-24,100.4,104.63,100.13,104.37,5156665
2014-02-25,104.83,106.97,104.6,106.47,5661157
2014-02-26,107.0,108.67,106.43,108.27,7522376
2014-02-28,107.67,112.6,107.47,111.83,7416049
2014-03-03,112.2,113.0,107.5,108.47,7164962
2014-03-04,108.27,111.73,107.2,111.3,4917569
2014-03-05,112.0,112.0,109.67,111.33,2834149
2014-03-06,111.67,116.5,111.0,115.57,7038146
2014-03-07,115.93,124.93,115.73,123.23,10707355
2014-03-10,122.6,128.07,122.03,126.3,9683107
2014-03-11,126.27,128.9,124.8,126.23,6766342
2014-03-12,125.73,126.43,121.7,122.63,4641913
2014-03-13,122.63,125.43,120.8,122.07,4907839
2014-03-14,121.2,126.0,119.0,125.3,5171636
2014-03-18,125.33,129.33,124.2,126.0,6925145
2014-03-19,126.33,127.9,125.13,126.77,6574079
2014-03-20,125.47,125.93,122.13,123.23,4437887
2014-03-21,124.33,125.6,123.77,125.17,3667579
2014-03-22,125.53,125.73,124.67,124.93,157403
2014-03-24,125.2,127.3,124.2,125.37,5199502
2014-03-25,125.37,131.53,125.17,131.03,11275553
2014-03-26,132.13,133.2,129.33,130.37,8442734
2014-03-27,130.33,134.77,128.8,131.9,10342420
2014-03-28,131.8,134.33,131.1,133.4,4071062
2014-03-31,134.0,134.53,129.77,130.7,4769192
2014-04-01,131.2,132.17,127.47,129.67,4674742
2014-04-02,130.0,130.53,127.1,128.9,5888027
2014-04-03,130.3,130.8,123.73,124.9,9786232
2014-04-04,124.67,125.03,121.37,122.33,6468364
2014-04-07,120.4,121.0,117.33,118.43,6800272
2014-04-09,119.97,121.97,117.67,121.07,9131309
2014-04-10,121.13,125.27,121.13,124.37,8661491
2014-04-11,123.27,124.8,121.77,123.63,4721546
2014-04-15,123.33,123.83,119.93,121.33,3621055
2014-04-16,120.27,122.0,116.67,117.03,5150552
2014-04-17,117.0,121.27,115.13,120.83,7827773
2014-04-21,121.33,126.33,121.33,124.23,8056586
2014-04-22,124.0,126.27,123.03,124.53,6023141
2014-04-23,124.67,127.67,124.67,126.4,7167295
2014-04-25,126.33,130.17,126.2,127.47,5576678
2014-04-28,127.47,127.97,123.7,124.13,5462939
2014-04-29,124.87,125.87,123.03,124.37,7314229
2014-04-30,124.93,126.27,118.97,120.3,8698753
2014-05-02,121.27,122.87,118.3,120.23,9850853
2014-05-05,120.0,122.33,117.77,118.63,8306395
2014-05-06,118.67,121.13,118.67,119.3,4882723
2014-05-07,119.6,120.9,118.67,118.93,3198293
2014-05-08,119.33,123.73,119.33,122.83,5651872
2014-05-09,124.27,130.0,123.13,129.37,8554375
2014-05-12,130.0,134.53,129.67,132.43,7536305
2014-05-13,133.27,153.2,133.17,145.97,33699136
2014-05-14,147.33,147.7,141.0,144.27,11088304
2014-05-15,144.67,149.87,142.83,145.4,10113083
2014-05-16,150.87,156.67,148.23,154.4,18096500
2014-05-19,154.07,182.0,154.03,177.7,34897688
2014-05-20,178.67,191.87,172.63,185.2,33974839
2014-05-21,185.2,187.17,177.6,180.7,17540930
2014-05-22,182.27,183.2,174.17,175.6,12792403
2014-05-23,177.0,186.37,176.9,181.43,16355884
2014-05-26,183.33,194.33,167.43,172.77,27697570
2014-05-27,172.77,173.13,160.33,163.77,17926337
2014-05-28,164.9,171.23,163.5,165.9,13141699
2014-05-29,165.33,167.77,160.7,162.2,21641911
2014-05-30,162.2,168.33,160.67,161.47,11150735
2014-06-02,162.67,167.33,161.73,165.73,10569530
2014-06-03,166.73,172.17,163.33,171.57,17624563
2014-06-04,173.33,175.33,170.5,171.73,10828987
2014-06-05,173.13,175.67,170.07,173.63,13188134
2014-06-06,175.23,176.0,171.5,175.17,11948567
2014-06-09,176.07,177.5,174.0,175.3,10944764
2014-06-10,176.93,177.2,167.67,170.53,11136172
2014-06-11,171.03,173.2,163.33,164.8,12415169
2014-06-12,164.67,165.8,160.17,162.43,8950739
2014-06-13,163.33,168.47,155.47,158.5,15149605
2014-06-16,158.67,161.53,154.73,160.7,9857023
2014-06-17,161.23,166.07,158.57,165.2,11411839
2014-06-18,165.67,166.93,158.73,160.9,9088166
2014-06-19,161.33,164.27,159.33,160.6,8336600
2014-06-20,159.0,163.0,158.1,159.2,5941700
2014-06-23,159.0,163.67,158.73,162.9,7192535
2014-06-24,163.67,167.87,163.67,166.87,12964895
2014-06-25,168.0,169.6,165.67,166.57,9003488
2014-06-26,167.33,170.33,166.07,167.47,14638424
2014-06-27,167.6,168.6,161.83,162.97,8087897
2014-06-30,163.67,167.67,163.67,166.87,7637699
2014-07-01,167.93,169.87,167.27,168.3,6656942
2014-07-02,170.0,174.13,169.07,172.93,11638028
2014-07-03,174.6,175.3,171.37,174.07,11313343
2014-07-04,174.77,175.83,171.53,175.27,10454680
2014-07-07,176.0,177.47,174.37,176.57,7781969
2014-07-08,177.07,177.73,159.3,161.93,14821774
2014-07-09,163.27,166.47,159.27,162.3,12142378
2014-07-10,164.53,169.0,157.13,162.5,12488389
2014-07-11,163.33,164.6,147.8,148.83,15236683
2014-07-14,149.13,152.2,146.07,151.13,7217570
2014-07-15,152.93,157.87,150.67,156.43,9027860
2014-07-16,157.73,163.5,154.77,160.8,7863707
2014-07-17,160.97,163.13,159.83,162.1,5862724
2014-07-18,161.27,161.27,156.7,159.1,7038622
2014-07-21,159.33,161.0,155.67,156.8,4608239
2014-07-22,157.13,159.0,154.0,156.03,4942558
2014-07-23,156.93,158.3,154.67,156.33,5204027
2014-07-24,156.67,159.2,155.33,157.53,4244561
2014-07-25,158.03,158.27,148.33,151.37,10261802
2014-07-28,152.1,153.93,150.4,153.23,6001330
2014-07-30,153.0,154.67,150.13,153.97,6979157
2014-07-31,153.37,156.53,151.4,152.23,5879384
2014-08-01,150.73,153.8,148.73,149.4,5870951
2014-08-04,150.07,153.27,149.67,152.63,5579027
2014-08-05,153.27,153.8,150.0,152.1,4930217
2014-08-06,151.33,156.27,151.0,152.97,7148993
2014-08-07,152.17,155.67,152.17,153.9,4651636
2014-08-08,152.0,152.0,146.33,147.27,7339928
2014-08-11,148.73,150.0,146.5,147.7,5079640
2014-08-12,147.73,150.0,145.5,149.47,7713404
2014-08-13,142.63,143.9,136.33,139.8,22653098
2014-08-14,139.47,143.2,136.83,141.97,10103156
2014-08-18,141.33,148.67,141.07,148.07,9381403
2014-08-19,148.8,152.13,147.8,151.7,10837559
2014-08-20,150.4,154.93,150.4,154.3,9028534
2014-08-21,153.93,154.9,152.0,153.13,6196277
2014-08-22,153.7,154.8,151.0,151.67,5367142
2014-08-25,152.23,157.33,152.03,154.83,9614660
2014-08-26,153.63,157.57,149.4,155.33,7037294
2014-08-27,156.07,157.97,151.27,152.77,6756667
2014-08-28,153.67,162.63,152.43,160.6,19260625
2014-09-01,160.47,162.33,158.03,159.0,8189759
2014-09-02,158.67,162.07,158.0,160.2,5451334
2014-09-03,160.37,161.33,156.9,157.9,6062768
2014-09-04,156.67,156.73,150.7,151.37,16035526
2014-09-05,151.4,151.73,147.4,148.53,7700230
2014-09-08,148.97,150.53,148.07,149.23,5194577
2014-09-09,149.27,149.63,147.0,147.47,5136803
2014-09-10,146.0,148.6,145.33,146.07,5367211
2014-09-11,146.37,148.9,144.07,148.47,7617610
2014-09-12,149.23,150.33,146.4,147.13,7838390
2014-09-15,145.67,148.6,144.17,146.97,5586011
2014-09-16,147.07,148.47,143.2,143.93,6469999
2014-09-17,144.73,147.9,143.63,147.1,6102650
2014-09-18,146.33,152.8,145.63,152.4,8209139
2014-09-19,154.43,155.07,148.33,151.0,14708557
2014-09-22,149.67,150.3,146.97,147.77,5813162
2014-09-23,147.77,149.73,143.57,144.3,5266472
2014-09-24,144.0,145.7,139.67,141.1,6936719
2014-09-25,142.0,142.9,134.03,135.37,13262446
2014-09-26,135.33,137.63,133.53,136.9,7110980
2014-09-29,137.27,140.93,137.07,138.5,5882165
2014-09-30,137.13,140.0,132.47,133.63,6804098
2014-10-01,133.6,134.9,132.4,132.97,5278447
2014-10-07,133.33,135.6,129.47,131.63,9223856
2014-10-08,131.67,137.0,131.37,134.73,11517302
2014-10-09,138.8,146.67,138.8,146.03,17693672
2014-10-10,143.33,150.27,142.47,147.73,18470978
2014-10-13,144.43,147.5,144.43,145.47,7694570
2014-10-14,146.33,151.87,143.83,150.67,9859420
2014-10-16,151.07,153.2,145.33,146.4,10655255
2014-10-17,147.07,152.0,146.93,151.17,6154102
2014-10-20,154.47,155.33,149.43,152.03,6075169
2014-10-21,152.37,159.67,152.0,158.97,11558666
2014-10-22,160.13,162.57,158.63,161.13,9060128
2014-10-23,162.0,162.57,159.8,160.27,833380
2014-10-27,165.33,169.27,160.83,168.43,15048056
2014-10-28,168.43,171.73,164.33,170.2,7655533
2014-10-29,172.0,172.43,167.37,169.77,8910856
2014-10-30,169.27,171.0,167.47,170.07,11375291
2014-10-31,170.53,171.87,168.67,171.13,5712302
2014-11-03,172.0,172.2,167.57,168.9,5005061
2014-11-05,168.83,173.33,168.33,171.97,8148458
2014-11-07,170.67,174.57,165.37,166.0,6373645
2014-11-10,166.07,170.87,165.8,167.27,4812806
2014-11-11,166.1,166.33,161.6,163.53,4891354
2014-11-12,163.33,167.5,163.33,164.97,4999633
2014-11-13,165.4,168.8,163.67,165.2,7204748
2014-11-14,163.67,165.87,157.43,163.9,12942667
2014-11-17,162.17,167.17,160.47,166.1,5413862
2014-11-18,166.63,170.23,166.57,169.47,5712707
2014-11-19,169.57,171.13,164.83,166.07,5617889
2014-11-20,164.8,166.67,160.33,163.87,4611800
2014-11-21,163.0,169.23,163.0,168.17,4455056
2014-11-24,168.1,172.8,168.1,171.77,5707976
2014-11-25,172.0,177.73,172.0,177.0,13803247
2014-11-26,177.0,182.2,175.6,180.73,9275677
2014-11-27,180.07,191.83,179.07,189.47,19671136
2014-11-28,190.63,191.27,187.03,189.2,9096284
2014-12-01,187.83,188.63,182.0,182.8,3849296
2014-12-02,182.53,185.67,179.67,180.97,4482506
2014-12-03,181.33,188.97,181.33,185.53,8905510
2014-12-04,187.53,188.23,181.33,182.6,6053596
2014-12-05,183.33,185.4,180.73,181.47,3945605
2014-12-08,181.7,183.5,174.5,177.97,5740375
2014-12-09,177.03,178.53,172.0,172.87,4912382
2014-12-10,171.33,175.67,168.2,168.73,7536988
2014-12-11,167.7,174.53,165.9,169.3,8835136
2014-12-12,170.4,171.6,162.53,164.9,6288244
2014-12-15,163.27,168.53,162.47,165.87,5304877
2014-12-16,164.0,169.27,164.0,165.2,9279769
2014-12-17,164.67,166.5,160.33,163.37,6841049
2014-12-18,165.67,172.47,165.67,171.57,6877451
2014-12-19,174.0,177.13,172.07,172.7,6656338
2014-12-22,173.1,178.0,172.73,177.3,6822943
2014-12-23,177.33,179.8,173.67,174.4,6441271
2014-12-24,175.27,176.23,168.33,169.7,11667560
2014-12-26,171.33,171.73,166.7,167.7,4297559
2014-12-29,168.4,171.33,168.4,169.67,2926316
2014-12-30,170.0,172.9,169.37,172.23,3221614
2014-12-31,170.93,178.3,170.2,176.83,8045834
2015-01-01,177.07,179.97,175.7,179.03,4694068
2015-01-02,179.6,184.63,179.33,183.53,6176788
2015-01-05,184.0,185.6,180.07,182.27,4562987
2015-01-06,180.6,180.67,173.0,173.97,5676497
2015-01-07,173.1,173.97,166.67,169.23,6781172
2015-01-08,172.0,174.13,170.77,171.7,4579558
2015-01-09,172.17,174.1,167.33,169.83,3800549
2015-01-12,169.73,172.67,168.73,171.77,2713640
2015-01-13,173.47,177.33,170.17,171.67,5782049
2015-01-14,171.93,180.53,171.93,179.17,6791279
2015-01-15,181.33,183.93,176.67,179.3,7668230
2015-01-16,178.33,183.23,176.43,182.57,5929109
2015-01-19,182.8,188.27,182.03,187.37,5226326
2015-01-20,189.03,189.33,185.53,187.5,6902264
2015-01-21,188.0,189.0,184.73,188.37,5599384
2015-01-22,188.97,191.57,187.23,189.63,6014204
2015-01-23,190.7,192.27,184.87,186.07,7540984
2015-01-27,190.1,191.0,186.33,187.93,6309520
2015-01-28,187.33,188.3,182.1,186.17,7454414
2015-01-29,185.67,193.27,184.0,191.93,7405208
2015-01-30,192.67,198.53,190.33,194.5,8632012
2015-02-02,194.27,197.67,193.43,195.9,4353851
2015-02-03,197.3,199.3,194.13,198.07,4835320
2015-02-04,199.33,200.0,189.33,190.0,5060522
2015-02-05,191.27,193.2,182.73,184.57,5206513
2015-02-06,184.63,186.17,175.5,176.1,6729908
2015-02-09,174.33,177.33,171.4,172.37,3354182
2015-02-10,170.33,178.0,170.33,174.33,3927506
2015-02-11,175.33,176.7,169.07,170.3,4294811
2015-02-12,169.33,179.6,167.17,178.47,9512381
2015-02-13,167.33,175.9,167.33,172.9,13845935
2015-02-16,172.9,174.3,170.0,173.03,4907549
2015-02-18,172.67,175.63,171.4,173.47,3404048
2015-02-19,173.7,176.2,171.07,174.53,4355153
2015-02-20,175.2,184.2,175.0,183.5,9851290
2015-02-23,184.67,184.67,180.5,181.7,5242172
2015-02-24,182.0,186.23,180.7,185.17,6955339
2015-02-25,186.33,187.83,181.17,182.8,4782458
2015-02-26,181.8,184.63,174.83,176.3,14242277
2015-02-27,178.0,181.43,177.03,180.6,5570446
2015-02-28,183.33,186.33,168.0,174.77,10453964
2015-03-02,175.63,183.53,175.63,182.5,8863409
2015-03-03,182.5,183.87,178.77,183.17,5711360
2015-03-04,184.2,185.8,179.0,180.6,5368972
2015-03-05,182.0,182.47,177.37,180.23,3148334
2015-03-09,178.0,178.63,171.3,172.4,3937045
2015-03-10,173.33,175.27,170.13,172.73,3388862
2015-03-11,173.27,175.27,170.4,171.93,4336517
2015-03-12,173.3,176.63,172.67,176.03,2993825
2015-03-13,176.93,177.57,169.0,169.83,3625519
2015-03-16,170.77,173.6,167.73,172.73,4775821
2015-03-17,173.6,177.2,172.17,176.53,3152624
2015-03-18,177.13,177.43,171.17,171.8,4190057
2015-03-19,173.9,174.53,167.93,170.4,2782709
2015-03-20,168.67,170.27,163.33,163.83,5179126
2015-03-23,164.2,164.4,157.0,157.87,5466641
2015-03-24,156.67,161.67,155.33,160.0,4632145
2015-03-25,160.6,160.8,156.77,157.77,3697993
2015-03-26,156.67,163.0,156.1,157.23,7407238
2015-03-27,158.0,159.03,152.0,155.2,4480102
2015-03-30,156.67,159.93,154.8,159.17,4548236
2015-03-31,159.97,161.33,155.33,156.9,5933668
2015-04-01,157.2,157.33,153.07,153.8,5019112
2015-04-06,153.57,158.93,151.73,156.73,7298489
2015-04-07,155.0,156.83,152.47,155.67,4446670
2015-04-08,156.67,159.6,156.0,157.27,5247311
2015-04-09,157.7,158.7,153.67,155.1,3581359
2015-04-10,155.53,158.2,154.87,156.4,3367534
2015-04-13,156.67,162.97,156.67,161.77,6016558
2015-04-15,161.33,162.53,153.53,154.93,6140497
2015-04-16,155.37,156.57,152.8,154.67,3803405
2015-04-17,154.47,158.0,154.03,156.57,3632843
2015-04-20,157.73,157.73,150.13,153.27,3135908
2015-04-21,153.27,155.57,150.67,151.33,4397890
2015-04-22,151.4,154.53,148.37,153.87,5182028
2015-04-23,155.53,156.57,153.67,155.53,3146893
2015-04-24,156.2,157.1,154.17,156.0,4282333
2015-04-27,157.07,157.27,150.07,150.87,3938540
2015-04-28,151.0,159.07,149.8,155.3,6003311
2015-04-29,155.2,156.6,152.7,154.77,2819843
2015-04-30,154.33,162.13,150.4,158.7,10635401
2015-05-04,160.6,164.67,158.83,163.43,4249645
2015-05-05,163.67,166.0,161.33,163.43,3511610
2015-05-06,162.33,162.67,152.57,153.13,4722239
2015-05-07,152.0,155.4,149.4,152.47,4260034
2015-05-08,154.5,155.9,153.33,154.23,2197642
2015-05-11,154.8,158.93,151.93,156.47,4653869
2015-05-12,156.47,156.53,147.7,148.4,5113763
2015-05-13,149.67,152.33,148.07,151.83,4054597
2015-05-14,151.8,153.93,149.17,153.33,4614878
2015-05-15,153.6,155.93,151.4,153.97,2624143
2015-05-18,154.0,156.67,152.93,156.37,2275501
2015-05-19,156.0,159.97,154.93,156.77,3620633
2015-05-20,156.8,158.47,152.8,154.1,3444466
2015-05-21,154.1,155.63,151.73,154.97,3400150
2015-05-22,155.27,157.1,153.67,156.0,2397266
2015-05-25,155.37,158.23,152.87,156.1,4211996
2015-05-26,154.17,164.57,153.43,160.97,13087288
2015-05-27,160.0,168.53,159.33,166.57,10294649
2015-05-28,166.67,169.97,164.07,168.47,10853431
2015-05-29,167.0,172.0,164.97,167.77,7202971
2015-06-01,167.4,171.1,167.0,169.37,4051271
2015-06-02,170.53,171.67,165.83,167.4,5314372
2015-06-03,168.73,170.2,160.47,163.9,5556275
2015-06-04,164.6,166.47,161.4,165.33,2846426
2015-06-05,164.7,168.0,163.43,164.5,3302854
2015-06-08,164.0,164.23,160.83,162.03,2317688
2015-06-09,160.8,163.8,160.07,160.9,2767117
2015-06-10,161.93,168.33,161.67,167.5,6025343
2015-06-11,168.1,168.93,161.73,162.5,4344641
2015-06-12,162.0,166.33,161.27,165.53,3599831
2015-06-15,165.67,167.53,164.23,165.2,3667802
2015-06-16,165.33,165.33,161.6,163.73,2821882
2015-06-17,164.47,164.53,160.07,160.53,4538755
2015-06-18,161.17,163.93,161.03,162.17,2654030
2015-06-19,162.93,162.93,158.77,160.83,3859862
2015-06-22,162.03,166.0,161.67,164.43,3030334
2015-06-23,164.7,167.3,161.8,162.53,3785488
2015-06-24,162.67,171.8,162.13,169.4,10985920
2015-06-25,168.33,173.3,168.33,170.67,9313325
2015-06-26,169.9,170.13,165.33,167.3,4173817
2015-06-29,164.67,165.93,161.87,164.83,3218273
2015-06-30,164.57,167.17,164.03,165.27,3831689
2015-07-01,164.87,172.77,164.87,171.8,6124279
2015-07-02,171.67,173.07,169.37,170.53,4175060
2015-07-03,171.67,174.93,171.67,172.73,4249372
2015-07-06,169.27,173.8,168.43,173.33,2605688
2015-07-07,173.67,175.07,171.2,172.67,3786821
2015-07-08,170.67,171.33,165.73,170.47,5265988
2015-07-09,170.93,177.2,169.83,176.2,7772599
2015-07-10,178.7,180.2,176.8,179.07,6992447
2015-07-13,179.1,180.43,176.83,179.57,3626258
2015-07-14,179.6,183.13,178.53,182.1,5184458
2015-07-15,182.0,184.3,181.2,182.37,3965323
2015-07-16,182.33,188.0,181.47,186.8,5043881
2015-07-17,186.67,191.87,186.5,191.03,5815546
2015-07-20,190.0,190.0,186.2,188.23,3803104
2015-07-21,188.27,193.33,186.37,189.1,4262800
2015-07-22,188.53,191.27,187.23,189.97,3591254
2015-07-23,191.87,192.63,188.33,189.77,3363749
2015-07-24,189.33,191.33,186.33,186.9,2932654
2015-07-27,186.33,188.13,180.67,181.33,3618868
2015-07-28,181.73,186.67,181.73,185.93,4435751
2015-07-29,186.17,190.33,185.33,189.07,3711083
2015-07-30,190.67,192.07,188.4,191.27,5269528
2015-07-31,191.33,193.1,184.83,185.57,5022340
2015-08-03,183.93,191.63,183.47,188.63,5909840
2015-08-04,189.1,190.33,185.47,187.87,3971035
2015-08-05,188.17,191.97,186.1,187.03,3488720
2015-08-06,188.0,190.67,186.0,188.3,3500584
2015-08-07,189.27,189.3,166.83,177.43,30387122
2015-08-10,174.47,183.2,173.1,181.63,14651771
2015-08-11,182.47,182.6,177.33,178.03,3455771
2015-08-12,176.07,177.33,171.43,173.27,3019948
2015-08-13,173.33,176.27,168.27,172.4,5304866
2015-08-14,173.7,176.2,171.5,174.33,4573556
2015-08-17,174.67,176.0,170.67,174.63,2861506
2015-08-18,175.93,176.27,172.5,174.33,2291663
2015-08-19,173.57,175.83,172.0,174.83,2640196
2015-08-20,173.33,174.33,167.8,168.63,3337748
2015-08-21,165.33,167.13,162.3,165.9,4862600
2015-08-24,160.0,160.0,150.0,153.03,7700612
2015-08-25,156.7,157.53,142.9,154.0,7787143
2015-08-26,154.0,161.87,149.33,160.1,6767294
2015-08-27,160.67,161.27,152.73,154.4,15193253
2015-08-28,157.3,159.77,154.37,156.4,4553429
2015-08-31,154.67,155.2,150.3,150.97,4984795
2015-09-01,150.0,151.93,143.4,145.17,4612831
2015-09-02,146.53,146.67,136.83,137.67,9685619
2015-09-03,139.63,143.67,138.4,141.07,5739595
2015-09-04,139.93,139.93,136.0,137.47,4024624
2015-09-07,137.53,138.93,133.0,133.87,3853390
2015-09-08,134.0,142.6,131.97,141.4,6658378
2015-09-09,143.77,145.5,141.2,141.83,4061371
2015-09-10,138.0,145.67,136.87,144.7,6740938
2015-09-11,144.6,145.27,139.83,140.47,4858846
2015-09-14,141.87,142.8,140.33,142.17,2754970
2015-09-15,141.67,142.87,140.07,141.27,2474861
2015-09-16,142.6,142.6,138.47,140.23,3766814
2015-09-18,142.13,142.77,137.5,138.83,9861890
2015-09-21,137.93,139.1,137.1,138.1,4349206
2015-09-22,139.0,140.0,133.53,134.47,10681388
2015-09-23,133.27,135.53,131.47,132.73,8094166
2015-09-24,132.67,133.87,128.73,132.1,12991046
2015-09-28,133.0,133.33,129.4,130.1,7430024
2015-09-29,128.67,133.67,128.0,131.47,6218845
2015-09-30,132.8,137.83,132.07,137.03,5830040
2015-10-01,138.33,138.33,132.33,132.9,9575920
2015-10-05,134.33,136.6,133.5,136.1,4260248
2015-10-06,137.33,137.4,131.33,131.83,9556252
2015-10-07,131.97,135.5,131.6,135.17,5840596
2015-10-08,136.0,137.47,133.83,135.87,5947793
2015-10-09,137.33,137.67,134.13,134.6,5428451
2015-10-12,135.33,139.17,134.4,137.0,6266626
2015-10-13,138.63,139.97,137.43,138.97,6056642
2015-10-14,139.33,139.63,136.2,136.87,2821136
2015-10-15,137.3,141.53,137.0,141.2,6685028
2015-10-16,141.93,142.67,139.87,142.33,4538221
2015-10-19,142.0,143.97,140.8,143.07,4873189
2015-10-20,143.73,144.3,140.93,141.7,2694773
2015-10-21,141.73,142.47,138.43,138.97,13240613
2015-10-23,140.67,141.1,138.8,139.97,3923719
2015-10-26,140.93,146.07,139.67,145.03,10507886
2015-10-27,144.87,146.47,142.23,142.93,4415671
2015-10-28,141.63,144.53,140.93,141.6,4082578
2015-10-29,141.47,142.33,134.83,135.5,10453105
2015-10-30,135.67,136.27,131.87,132.57,6182627
2015-11-02,132.17,135.17,131.3,133.47,4347640
2015-11-03,134.67,134.8,132.33,134.03,4349129
2015-11-04,135.0,135.47,133.33,134.03,4195358
2015-11-05,134.17,134.33,128.4,129.6,3902546
2015-11-06,129.33,131.2,122.73,127.63,14898503
2015-11-09,124.0,126.67,121.83,123.03,12071524
2015-11-10,122.23,122.63,118.27,118.93,10597154
2015-11-11,120.1,120.43,119.03,119.97,859370
2015-11-13,119.3,120.73,117.77,118.63,5715061
2015-11-16,118.07,120.53,117.33,118.97,5717926
2015-11-17,119.73,121.0,118.53,119.2,4590893
2015-11-18,119.13,120.27,116.03,116.47,4475050
2015-11-19,117.33,117.6,115.87,117.2,3528209
2015-11-20,116.67,119.2,116.3,117.5,4231415
2015-11-23,118.33,119.33,116.4,116.8,3501583
2015-11-24,116.67,117.87,115.5,115.9,3012869
2015-11-26,116.53,117.2,115.2,115.57,5429128
2015-11-27,115.9,118.43,115.9,117.33,3996299
2015-11-30,117.87,118.87,116.43,116.7,5667532
2015-12-01,117.33,117.97,116.4,116.97,2684626
2015-12-02,117.6,117.6,115.1,115.4,3313312
2015-12-03,114.63,114.63,112.07,112.43,7294459
2015-12-04,111.3,113.63,110.8,112.23,5337479
2015-12-07,113.0,113.67,111.93,112.53,2841214
2015-12-08,112.0,112.33,109.43,109.8,4051336
2015-12-09,110.67,114.13,110.67,112.6,9798980
2015-12-10,113.0,113.7,110.43,111.7,3997072
2015-12-11,111.93,112.27,109.5,110.33,4771759
2015-12-14,109.8,112.67,109.7,111.43,3060425
2015-12-15,111.47,112.0,109.5,110.73,2487760
2015-12-16,112.0,113.47,111.6,112.13,3148880
2015-12-17,113.33,113.33,110.27,112.7,3409300
2015-12-18,112.13,112.27,110.27,111.0,5545135
2015-12-21,111.0,112.33,110.77,111.4,2318525
2015-12-22,111.93,112.5,110.3,110.63,3424249
2015-12-23,111.3,115.2,111.2,114.73,7452428
2015-12-24,115.97,116.33,114.4,115.13,4821280
2015-12-28,115.77,116.0,114.03,114.3,2776991
2015-12-29,115.07,115.07,111.0,112.37,5137282
2015-12-30,113.33,113.93,112.2,113.17,3235121
2015-12-31,113.13,113.5,111.6,112.77,4680094
2016-01-01,112.67,114.67,112.1,113.93,2551222
2016-01-04,113.67,113.97,109.67,110.13,3483032
2016-01-05,110.53,112.03,109.47,110.87,3429985
2016-01-06,111.53,112.53,110.1,110.43,3766133
2016-01-07,109.33,109.47,102.07,102.5,7421126
2016-01-08,104.27,104.3,101.53,102.4,4541687
2016-01-11,101.27,101.27,98.67,99.63,4570783
2016-01-12,99.93,102.13,99.4,100.43,3632026
2016-01-13,101.3,102.0,95.3,98.8,5437553
2016-01-14,96.8,97.93,95.0,95.77,3836477
2016-01-15,97.0,97.0,90.07,90.93,4898815
2016-01-18,90.67,98.67,87.87,94.73,10254494
2016-01-19,95.4,96.87,91.07,96.2,6368318
2016-01-20,94.3,96.47,90.87,95.37,8119474
2016-01-21,97.0,98.37,94.3,95.4,6389519
2016-01-22,97.43,98.6,95.73,98.23,4220617
2016-01-25,98.9,100.97,96.2,96.83,4580764
2016-01-27,97.0,97.33,92.77,93.07,5916802
2016-01-28,93.07,93.67,90.7,91.27,14325035
2016-01-29,91.83,93.1,91.0,92.47,4825786
2016-02-01,93.13,96.53,91.0,93.5,10034333
2016-02-02,93.7,93.8,89.53,89.87,5761079
2016-02-03,88.67,88.87,85.2,85.47,6513556
2016-02-04,86.17,87.63,84.8,86.33,5526613
2016-02-05,86.6,88.97,85.63,88.53,5011585
2016-02-08,88.63,91.93,87.67,88.2,5080376
2016-02-09,87.83,88.93,86.63,87.6,3999670
2016-02-10,87.3,87.5,84.43,85.33,3900422
2016-02-11,84.67,86.17,79.43,80.17,8070220
2016-02-12,76.0,77.1,68.17,69.63,30656788
2016-02-15,71.13,73.0,67.93,71.97,21288185
2016-02-16,72.67,73.3,67.73,68.83,11995162
2016-02-17,69.13,71.0,66.73,70.5,13749124
2016-02-18,72.0,72.33,67.47,69.13,15185833
2016-02-19,66.67,70.2,65.77,67.83,21575690
2016-02-22,68.67,68.8,66.93,67.33,12329764
2016-02-23,68.47,68.47,65.33,65.63,15617923
2016-02-24,65.53,65.53,61.93,62.3,16800107
2016-02-25,63.0,63.23,60.9,62.9,19241315
2016-02-26,63.63,64.53,62.53,63.4,9488707
2016-02-29,63.87,64.33,60.1,60.57,16253800
2016-03-01,60.97,62.4,60.5,61.87,16279459
2016-03-02,64.53,67.97,63.87,64.73,29220080
2016-03-03,65.33,69.23,64.77,68.87,24829232
2016-03-04,69.4,72.13,68.03,71.73,19633504
2016-03-08,72.0,74.1,69.83,70.67,13240912
2016-03-09,70.67,72.0,69.07,71.77,10257722
2016-03-10,71.83,71.83,69.07,69.6,12005086
2016-03-11,69.6,70.13,68.5,69.13,10116857
2016-03-14,69.87,71.23,68.43,70.63,11349491
2016-03-15,70.6,71.37,70.1,70.77,6386377
2016-03-16,71.67,72.33,70.03,70.93,9272242
2016-03-17,71.7,74.8,71.23,73.93,17147315
2016-03-18,74.5,76.13,74.13,75.6,13204376
2016-03-21,75.6,75.87,74.0,74.63,9276800
2016-03-22,75.33,78.2,74.93,77.8,22087651
2016-03-23,78.33,78.53,77.23,77.6,9134821
2016-03-28,78.2,78.47,74.9,75.43,7496753
2016-03-29,75.3,76.13,73.63,73.97,7910284
2016-03-30,74.93,77.23,74.2,76.57,8649823
2016-03-31,76.07,77.13,75.33,75.9,10190908
2016-04-01,75.87,80.47,75.57,77.63,28848410
2016-04-04,78.33,79.2,76.47,77.9,9727903
2016-04-05,77.8,78.6,74.9,75.23,9742817
2016-04-06,76.37,77.2,75.1,75.93,10515572
2016-04-07,76.67,80.97,75.13,79.5,56733977
2016-04-08,79.33,82.23,78.53,81.87,32995939
2016-04-11,82.4,85.47,82.0,84.97,23217325
2016-04-12,85.13,86.0,84.07,84.87,11380136
2016-04-13,85.47,90.3,85.47,89.1,18091654
2016-04-18,89.87,89.87,87.57,88.13,10573979
2016-04-20,88.3,89.5,87.87,88.63,8125939
2016-04-21,89.63,90.0,85.27,85.93,13104776
2016-04-22,85.83,85.83,84.2,85.03,10174039
2016-04-25,83.33,85.13,82.83,83.77,7663178
2016-04-26,84.0,87.23,83.33,86.1,12111311
2016-04-27,86.43,87.53,84.73,85.17,8223578
2016-04-28,85.2,85.77,82.53,83.33,11381690
2016-04-29,83.33,84.53,82.1,83.6,6422227
2016-05-02,83.33,86.0,82.43,85.13,7625384
2016-05-03,85.67,86.47,82.6,82.97,7737865
2016-05-04,82.67,83.1,79.37,79.83,7796372
2016-05-05,79.93,82.33,79.67,81.83,7646020
2016-05-06,81.67,84.97,80.4,84.5,8198873
2016-05-09,84.83,85.93,83.73,84.83,7155320
2016-05-10,85.07,86.93,84.03,85.77,8571980
2016-05-11,84.43,85.33,83.33,84.2,6245035
2016-05-12,84.0,85.43,83.4,83.73,6009574
2016-05-13,83.47,84.0,81.67,81.83,5814827
2016-05-16,82.4,82.87,79.87,80.83,8357789
2016-05-17,81.8,82.2,80.4,80.67,6308228
2016-05-18,80.0,80.2,78.67,79.7,7804741
2016-05-19,80.13,81.3,79.0,79.5,9434119
2016-05-20,79.97,80.5,79.33,79.53,5363726
2016-05-23,80.0,80.17,78.73,79.17,4436086
2016-05-24,79.0,79.2,77.1,78.47,6575870
2016-05-25,79.37,82.03,79.27,81.7,9777908
2016-05-26,82.5,86.17,82.47,85.73,15536378
2016-05-27,86.0,88.13,84.4,85.4,15783896
2016-05-30,81.93,83.87,80.13,80.47,17527253
2016-05-31,80.67,82.2,79.67,80.33,12986740
2016-06-01,81.33,81.33,78.33,78.9,9900412
2016-06-02,79.0,80.33,78.03,80.03,8242699
2016-06-03,80.67,80.67,78.47,78.67,7426492
2016-06-06,78.93,79.6,78.0,78.73,7378348
2016-06-07,79.67,80.53,78.47,79.53,9357245
2016-06-08,79.5,81.67,79.17,80.93,9545573
2016-06-09,81.2,81.93,80.13,80.8,6161735
2016-06-10,81.33,84.33,81.3,82.5,19265191
2016-06-13,81.5,81.5,79.53,80.23,6798640
2016-06-14,80.53,81.27,80.2,80.93,7119641
2016-06-15,81.1,82.13,80.83,81.7,5016254
2016-06-16,81.33,81.8,79.87,80.93,4867208
2016-06-17,81.87,82.6,80.93,81.57,7991321
2016-06-20,80.6,83.17,80.2,82.6,7421813
2016-06-21,83.07,83.3,81.0,81.23,9309622
2016-06-22,81.4,82.13,81.0,81.77,5072822
2016-06-23,81.53,82.2,79.57,81.63,6407446
2016-06-24,79.87,79.87,75.83,78.83,12838987
2016-06-27,78.9,80.37,78.83,79.37,5555170
2016-06-28,79.77,80.33,79.07,79.3,6673679
2016-06-29,80.2,81.87,79.8,81.3,8887616
2016-06-30,82.57,85.47,82.13,85.13,19718140
2016-07-01,86.0,88.63,85.93,88.03,17473663
2016-07-04,88.83,92.47,88.83,92.03,18764431
2016-07-05,92.3,94.3,91.23,92.93,18408131
2016-07-07,93.17,94.63,92.9,93.3,9758057
2016-07-08,93.33,94.47,90.43,91.93,10241812
2016-07-11,93.33,94.53,92.33,92.8,4750768
2016-07-12,93.0,93.43,90.9,92.2,9527371
2016-07-13,92.67,98.0,92.67,94.33,19610497
2016-07-14,94.4,96.83,93.47,96.5,9982306
2016-07-15,96.6,97.03,94.67,95.07,6636229
2016-07-18,95.13,96.6,92.47,93.2,9359701
2016-07-19,92.9,93.83,91.37,93.2,9285730
2016-07-20,93.23,96.33,93.07,96.1,9200168
2016-07-21,96.5,96.5,92.4,93.4,7082846
2016-07-22,94.0,94.87,93.0,93.93,8267546
2016-07-25,94.0,98.87,93.73,98.2,10985234
2016-07-26,99.3,99.3,97.43,98.2,10088237
2016-07-27,97.97,100.83,97.47,99.33,15617938
2016-07-28,99.97,100.8,98.4,99.63,10836773
2016-07-29,98.67,99.27,96.67,97.27,11207770
2016-08-01,97.33,99.33,94.17,94.57,14019010
2016-08-02,94.93,96.0,92.0,92.43,8444330
2016-08-03,92.33,92.57,88.33,88.87,9234026
2016-08-04,90.0,90.5,88.13,89.27,9450058
2016-08-05,90.03,92.4,90.0,91.8,7854577
2016-08-08,92.67,94.57,90.8,93.43,11378591
2016-08-09,93.43,94.77,92.47,93.13,9328691
2016-08-10,93.33,94.03,90.67,90.9,8690398
2016-08-11,92.07,92.67,89.47,90.93,9147865
2016-08-12,91.93,93.07,91.57,92.33,7100219
2016-08-16,92.67,92.67,90.33,91.4,7352197
2016-08-17,91.33,92.47,91.0,91.73,4627922
2016-08-18,92.43,94.13,92.0,93.57,5837692
2016-08-19,93.97,95.2,93.43,94.67,5682875
2016-08-22,94.6,97.6,94.07,95.93,12614591
2016-08-23,95.63,95.63,90.6,91.27,14645764
2016-08-24,90.97,92.07,90.23,91.2,7631972
2016-08-25,91.0,94.67,90.87,93.93,19988074
2016-08-26,93.33,94.8,92.0,92.97,6649133
2016-08-29,92.83,94.33,91.77,93.97,5851561
2016-08-30,93.67,94.83,92.77,93.7,6517760
2016-08-31,93.4,94.43,92.1,92.73,7272974
2016-09-01,92.73,93.3,89.73,90.3,7598987
2016-09-02,89.5,91.27,89.5,90.73,7059571
2016-09-06,91.33,92.6,91.33,92.1,5642566
2016-09-07,91.97,107.7,89.37,106.43,118930660
2016-09-08,105.63,108.6,102.37,104.5,60723062
2016-09-09,103.37,104.6,102.0,102.7,18464657
2016-09-12,100.33,102.57,97.5,98.33,17585380
2016-09-14,98.67,99.63,96.47,97.57,16250269
2016-09-15,98.27,100.97,96.9,100.2,24745357
2016-09-16,101.97,102.2,97.07,97.77,20438254
2016-09-19,97.93,99.6,97.7,98.1,10170674
2016-09-20,98.33,98.87,96.83,97.17,15416650
2016-09-21,98.67,98.67,95.7,96.23,10698470
2016-09-22,97.67,98.53,97.07,98.07,9113542
2016-09-23,98.33,100.47,97.07,97.43,20409826
2016-09-26,97.33,97.83,94.87,95.2,12023686
2016-09-27,95.8,95.97,93.67,94.1,8866811
2016-09-28,94.63,96.47,93.87,95.93,8483836
2016-09-29,96.53,96.87,86.4,88.67,26473856
2016-09-30,88.67,90.23,87.93,89.8,11844472
2016-10-03,91.07,91.93,90.2,91.47,8956906
2016-10-04,92.67,92.73,91.13,92.0,7335136
2016-10-05,92.2,92.6,90.47,91.2,7569545
2016-10-06,91.77,93.33,90.53,90.73,13619654
2016-10-07,90.8,90.93,89.67,90.13,7844728
2016-10-10,90.8,91.07,89.5,89.97,5589574
2016-10-13,89.87,89.93,87.57,88.3,9390539
2016-10-14,88.67,89.3,88.1,88.6,6070750
2016-10-17,88.8,89.27,86.53,87.8,7761292
2016-10-18,88.53,91.33,88.27,90.8,11847322
2016-10-19,92.73,95.77,92.73,94.17,28025533
2016-10-20,94.83,95.27,93.83,94.77,8686418
2016-10-21,94.67,95.1,93.57,94.47,6939982
2016-10-24,94.93,95.13,94.0,94.17,5081389
2016-10-25,94.27,94.87,92.43,93.4,5834315
2016-10-26,93.17,94.53,92.5,92.87,7352384
2016-10-27,92.67,92.8,90.77,92.17,6893159
2016-10-28,92.33,93.3,92.07,92.63,6859747
2016-10-30,93.33,93.47,92.33,92.67,819677
2016-11-01,93.33,95.67,92.4,94.37,10602878
2016-11-02,93.17,93.27,91.1,91.33,7750207
2016-11-03,91.47,93.4,91.33,91.77,5589694
2016-11-04,92.23,92.6,89.1,89.8,7914965
2016-11-07,90.87,93.63,90.8,92.7,9815948
2016-11-08,94.0,97.87,93.7,95.47,35331113
2016-11-09,87.33,93.63,85.93,92.4,23347333
2016-11-10,94.53,95.87,92.73,93.77,13606837
2016-11-11,93.17,95.2,89.67,90.77,17816359
2016-11-15,90.77,92.1,88.07,89.17,9298559
2016-11-16,90.67,91.07,87.37,87.83,7470733
2016-11-17,89.33,90.37,87.73,88.87,12462206
2016-11-18,89.27,90.33,88.5,89.53,5015216
2016-11-21,90.0,90.17,84.23,85.93,12079720
2016-11-22,86.87,86.9,82.4,82.93,18710879
2016-11-23,83.47,84.23,81.67,83.4,13429613
2016-11-24,83.27,83.83,82.3,82.93,12446395
2016-11-25,83.4,85.0,83.13,84.5,7198387
2016-11-28,84.53,86.0,84.13,85.07,6200036
2016-11-29,85.83,86.97,85.3,86.13,7021126
2016-11-30,86.63,87.63,86.07,86.77,8705591
2016-12-01,87.07,87.47,85.43,85.83,4300865
2016-12-02,85.67,86.13,84.17,84.6,4751875
2016-12-05,84.47,86.23,83.73,85.77,5521508
2016-12-06,85.87,86.33,85.0,85.4,5483966
2016-12-07,85.93,86.13,84.27,85.07,5704442
2016-12-08,85.73,86.67,85.47,85.8,5204125
2016-12-09,86.43,86.97,85.67,86.03,5863580
2016-12-12,85.8,85.8,83.97,85.0,5306887
2016-12-13,84.7,84.8,83.43,83.63,5092387
2016-12-14,83.83,84.43,83.2,83.5,4311779
2016-12-15,82.67,84.47,82.6,83.57,4375378
2016-12-16,83.8,83.9,81.67,81.87,8088010
2016-12-19,82.0,82.27,80.7,81.03,7301882
2016-12-20,81.33,81.67,80.43,80.6,3939247
2016-12-21,80.8,81.47,80.37,80.53,3671200
2016-12-22,80.33,80.6,78.8,79.33,5460359
2016-12-23,79.23,80.5,79.03,79.33,5077795
2016-12-26,79.33,79.43,77.7,78.13,4476181
2016-12-27,78.2,79.8,77.4,79.5,3775043
2016-12-28,79.93,80.8,79.4,79.57,3709055
2016-12-29,79.37,80.27,78.93,79.17,7271137
2016-12-30,79.67,81.07,79.33,80.8,7527727
2017-01-02,80.8,82.2,80.47,81.67,4854928
2017-01-03,81.83,84.17,81.73,83.2,7784323
2017-01-04,83.37,85.3,83.37,84.73,9654199
2017-01-05,84.83,85.7,84.1,85.3,6064409
2017-01-06,84.93,85.67,84.07,84.27,6331766
2017-01-09,84.67,85.63,84.0,85.07,4324931
2017-01-10,85.13,86.13,85.13,85.5,3881938
2017-01-11,85.8,86.53,85.47,85.77,6456862
2017-01-12,86.0,86.0,84.1,85.3,7792162
2017-01-13,86.77,86.9,85.33,85.83,9113336
2017-01-16,86.0,86.1,85.17,85.67,4331105
2017-01-17,86.0,86.33,85.07,85.3,2993143
2017-01-18,85.7,89.4,85.5,88.27,17994367
2017-01-19,88.93,89.7,87.77,88.27,9107890
2017-01-20,87.87,88.63,85.67,86.03,4911199
2017-01-23,85.93,86.43,84.67,85.53,6029206
2017-01-24,85.8,88.27,85.8,87.83,11656417
2017-01-25,88.3,88.67,86.57,87.93,11634085
2017-01-27,88.5,94.8,88.5,93.07,24451939
2017-01-30,92.67,93.2,91.63,92.0,6311966
2017-01-31,92.0,94.07,90.8,91.37,10046563
2017-02-01,91.8,93.8,90.47,93.27,12535151
2017-02-02,93.37,94.0,91.8,92.67,8017709
2017-02-03,93.33,95.3,93.0,95.13,11166965
2017-02-06,95.97,97.07,94.8,96.03,12472382
2017-02-07,96.8,103.33,93.53,101.4,67639699
2017-02-08,100.93,104.77,100.0,104.17,37705535
2017-02-09,104.2,105.9,101.8,104.8,18916219
2017-02-10,105.07,106.4,104.23,105.33,12803560
2017-02-13,105.33,105.33,101.4,103.43,7280893
2017-02-14,103.27,105.3,102.47,104.93,8442932
2017-02-15,104.67,104.67,100.83,101.4,8150257
2017-02-16,101.33,102.7,99.1,102.23,8534797
2017-02-17,100.0,102.93,99.7,102.23,10324346
2017-02-20,102.0,103.23,101.4,102.3,5166155
2017-02-21,102.67,104.47,102.07,103.07,5097706
2017-02-22,103.93,105.27,102.6,102.87,9082795
2017-02-23,102.83,103.83,101.67,102.3,13964639
2017-02-27,102.0,103.27,101.23,101.87,4069939
2017-02-28,101.53,109.2,101.53,108.3,16553126
2017-03-01,108.67,109.53,106.4,106.83,11957177
2017-03-02,108.0,109.5,105.1,105.47,9601747
2017-03-03,104.63,106.93,103.87,105.43,9024568
2017-03-06,105.77,108.13,105.67,107.37,7208899
2017-03-07,108.0,109.57,106.3,106.77,10594942
2017-03-08,106.67,107.17,104.67,105.5,4652792
2017-03-09,104.7,106.43,104.27,105.0,4180286
2017-03-10,105.97,106.93,104.7,105.4,5041178
2017-03-14,108.63,109.67,106.73,107.57,11881774
2017-03-15,108.0,111.9,107.6,111.27,15997201
2017-03-16,111.9,112.93,111.6,112.57,8478932
2017-03-17,113.27,114.5,110.67,112.43,13448141
2017-03-20,112.4,114.43,111.83,113.93,8631736
2017-03-21,114.33,114.73,112.2,112.63,7534484
2017-03-22,111.5,111.7,109.77,110.57,6809807
2017-03-23,111.0,112.57,109.87,111.97,6659069
2017-03-24,112.0,113.17,111.03,111.37,4962665
2017-03-27,111.37,112.87,110.43,112.0,8456554
2017-03-28,111.9,113.27,111.77,112.37,4998506
2017-03-29,112.47,113.63,111.33,111.9,6558872
2017-03-30,112.13,112.43,109.2,109.63,23046644
2017-03-31,109.33,110.63,108.27,108.57,6990559
2017-04-03,109.0,111.87,108.83,111.3,5909323
2017-04-05,111.7,114.6,110.33,114.17,8307175
2017-04-06,114.1,119.97,113.73,119.4,26907577
2017-04-07,119.3,120.53,116.07,116.53,12116585
2017-04-10,116.6,118.43,115.7,116.47,7452910
2017-04-11,116.27,118.93,116.03,117.63,6743887
2017-04-12,117.63,118.5,114.7,116.6,5271326
2017-04-13,116.6,117.8,115.13,115.53,4926940
2017-04-17,115.23,116.53,114.73,115.13,3478483
2017-04-18,115.93,118.83,112.8,113.17,11183387
2017-04-19,114.0,116.53,111.73,116.03,7397221
2017-04-20,116.33,117.93,115.73,116.27,5183182
2017-04-21,116.7,118.5,114.87,116.8,7536419
2017-04-24,117.07,118.6,117.0,117.47,5157665
2017-04-25,118.0,121.83,117.4,118.6,18478690
2017-04-26,119.57,119.97,115.6,117.37,7330223
2017-04-27,117.1,118.53,116.07,117.47,7126727
2017-04-28,117.67,118.53,116.27,117.13,6140072
2017-05-02,117.77,118.33,116.1,117.0,3847897
2017-05-03,117.6,118.27,115.4,115.87,4945316
2017-05-04,116.67,117.2,114.97,116.43,4091969
2017-05-05,116.57,116.97,114.27,115.2,5883587
2017-05-08,115.2,118.13,113.9,117.1,6013982
2017-05-09,117.33,118.93,117.0,117.9,6193525
2017-05-10,118.07,119.33,117.23,118.07,6913106
2017-05-11,118.33,118.97,115.83,116.1,7419835
2017-05-12,116.2,116.53,113.6,113.93,6028240
2017-05-15,114.3,115.9,114.17,114.5,5625053
2017-05-16,114.63,114.73,112.33,113.63,11055541
2017-05-17,113.77,115.33,113.33,113.73,5178473
2017-05-18,112.87,113.27,109.0,109.6,5943533
2017-05-19,111.2,112.0,108.07,109.37,6579071
2017-05-22,110.2,110.83,107.03,107.57,4803766
2017-05-23,107.9,107.93,103.07,103.93,7575574
2017-05-24,104.13,105.13,99.07,99.93,8309750
2017-05-25,100.9,102.4,99.77,101.37,7772849
2017-05-26,101.93,107.23,101.43,105.63,17286950
2017-05-29,106.53,106.93,101.87,102.23,14966164
2017-05-30,98.0,98.33,89.07,93.6,44568508
2017-05-31,93.47,94.67,91.77,92.13,13385180
2017-06-01,92.13,93.03,91.13,92.33,10159063
2017-06-02,93.07,94.97,92.27,93.67,11196010
2017-06-05,94.1,94.6,92.7,93.23,4861964
2017-06-06,93.2,93.67,92.03,92.47,8853085
2017-06-07,92.6,93.2,91.1,91.53,5422535
2017-06-08,92.0,92.87,91.67,92.33,5623271
2017-06-09,92.13,93.13,91.87,92.5,4851812
2017-06-12,91.33,93.5,91.1,92.7,9124711
2017-06-13,92.97,94.13,92.83,93.5,7157096
2017-06-14,93.33,93.7,91.7,92.3,5666732
2017-06-15,92.17,93.7,91.6,92.73,4776920
2017-06-16,92.9,93.8,91.93,92.2,4334369
2017-06-19,92.4,92.93,91.9,92.07,2624528
2017-06-20,92.33,92.53,91.6,91.87,2772757
2017-06-21,91.4,92.5,90.5,91.1,5898574
2017-06-22,91.17,92.43,90.97,91.43,4207763
2017-06-23,91.07,91.67,88.1,90.0,7565677
2017-06-27,90.03,90.37,87.2,89.6,6749807
2017-06-28,89.4,91.2,88.33,90.87,4590004
2017-06-29,90.93,92.67,90.0,90.4,6209549
2017-06-30,90.6,91.43,89.6,90.2,7544218
2017-07-03,90.43,91.2,89.8,90.33,4821131
2017-07-04,90.67,90.97,89.0,89.27,4199714
2017-07-05,89.67,89.8,88.77,89.37,4212100
2017-07-06,89.9,91.93,89.53,90.53,11124703
2017-07-07,90.23,90.57,89.6,90.0,3867748
2017-07-10,91.9,92.4,90.37,91.77,1477492
2017-07-11,92.0,94.87,91.93,93.17,15576577
2017-07-12,93.6,94.27,93.13,93.7,4331831
2017-07-13,94.13,95.5,93.93,95.0,7657571
2017-07-14,95.43,95.43,93.37,93.83,3928922
2017-07-17,93.77,94.6,93.33,94.1,3622628
2017-07-18,94.33,96.33,93.77,95.5,9808513
2017-07-19,96.5,97.2,95.7,96.8,7017779
2017-07-20,96.7,98.27,96.5,97.63,8059516
2017-07-21,97.93,98.0,95.4,96.67,3854903
2017-07-24,96.67,98.33,96.37,97.5,3254794
2017-07-25,97.5,97.97,96.8,97.1,3247835
2017-07-26,97.0,98.13,95.67,95.93,4778656
2017-07-27,96.17,96.93,94.43,94.87,10118000
2017-07-28,94.67,96.23,94.0,95.87,5046805
2017-07-31,96.33,97.0,96.0,96.73,3147286
2017-08-01,97.27,97.7,95.93,96.4,4165397
2017-08-02,96.37,96.67,93.43,94.13,5796371
2017-08-03,94.13,94.13,92.0,92.43,6711995
2017-08-04,92.47,92.83,90.67,91.5,5085193
2017-08-07,91.97,93.47,91.47,92.6,4066309
2017-08-08,92.8,93.1,89.37,89.77,7106557
2017-08-09,89.07,89.6,87.47,88.67,4121962
2017-08-10,88.7,90.13,82.67,84.5,25756357
2017-08-11,82.8,83.83,80.87,83.33,10608037
2017-08-14,85.2,85.2,83.67,84.3,3426424
2017-08-16,84.67,87.1,83.4,86.63,7219838
2017-08-17,86.67,87.83,85.67,86.17,4944169
2017-08-18,85.83,86.93,84.43,86.6,5850734
2017-08-21,86.97,87.33,82.73,83.07,7723220
2017-08-22,83.33,84.47,82.5,83.77,7078436
2017-08-23,84.17,85.4,83.73,85.03,4399307
2017-08-24,85.3,85.63,83.87,84.63,4531412
2017-08-28,84.7,85.87,84.67,85.3,3212563
2017-08-29,84.97,85.8,84.23,84.57,3758486
2017-08-30,84.9,85.57,84.87,85.17,3687196
2017-08-31,85.33,86.17,84.9,85.93,4882922
2017-09-01,86.0,87.0,85.63,86.6,3429508
2017-09-04,87.33,88.57,86.4,87.43,6059531
2017-09-05,87.97,88.17,86.73,87.53,4267724
2017-09-06,87.2,87.9,86.57,87.17,3818408
2017-09-07,87.97,87.97,86.4,86.63,3603530
2017-09-08,86.13,87.17,84.7,85.07,4139704
2017-09-11,86.33,87.77,85.9,87.03,5114594
2017-09-12,87.6,88.47,87.4,87.93,4169077
2017-09-13,88.33,89.43,87.83,88.23,4057940
2017-09-14,88.27,97.23,88.27,91.23,86113076
2017-09-15,89.9,89.9,87.47,87.93,23947991
2017-09-18,90.0,90.03,88.4,88.8,7159163
2017-09-19,89.13,90.53,88.2,89.6,6425873
2017-09-20,90.0,90.33,88.7,88.97,5811953
2017-09-21,89.2,89.73,87.5,88.3,5776264
2017-09-22,87.87,87.97,86.1,86.4,7207781
2017-09-25,86.33,86.67,84.07,84.83,6291607
2017-09-26,86.0,86.3,84.9,85.17,7188977
2017-09-27,86.27,86.27,82.67,83.1,8083396
2017-09-28,82.8,85.0,82.1,82.65,7485623
2017-09-29,84.0,84.9,83.05,83.95,5980863
2017-10-03,85.25,85.25,82.7,83.1,4545441
2017-10-04,83.25,83.75,82.5,83.2,3121884
2017-10-05,83.5,84.0,83.15,83.65,2205126
2017-10-06,84.0,85.35,83.75,85.1,4338548
2017-10-09,85.0,86.95,84.3,86.3,5049038
2017-10-10,86.8,87.2,85.7,86.75,3132557
2017-10-11,87.1,87.25,83.95,85.0,5127079
2017-10-12,85.2,85.25,83.7,84.4,3875729
2017-10-13,85.5,85.5,84.05,84.25,3253847
2017-10-16,84.5,84.85,83.7,84.05,2828456
2017-10-17,84.4,84.8,83.5,84.25,2866692
2017-10-18,84.5,85.4,83.65,84.75,4217801
2017-10-19,85.0,85.5,84.15,84.6,771136
2017-10-23,85.25,88.9,83.9,86.75,14098006
2017-10-24,87.25,88.7,85.8,88.2,14512994
2017-10-25,89.05,91.75,88.35,90.7,10997079
2017-10-26,91.4,101.3,91.35,96.55,45379418
2017-10-27,97.0,98.2,94.3,95.15,12344033
2017-10-30,95.5,97.4,94.1,95.85,11234983
2017-10-31,96.35,99.0,95.5,98.0,14261097
2017-11-01,98.6,99.9,98.0,98.9,9643841
2017-11-02,98.5,99.05,95.5,97.65,12103698
2017-11-03,96.7,101.5,96.65,100.0,28837677
2017-11-06,100.5,100.85,98.1,99.0,12966904
2017-11-07,100.05,100.7,92.3,93.2,39300782
2017-11-08,90.6,92.5,89.55,90.0,21569596
2017-11-09,90.3,92.85,90.0,92.1,7940660
2017-11-10,92.0,93.2,91.1,92.5,5931600
2017-11-13,92.7,92.95,89.0,89.4,6143788
2017-11-14,89.1,91.55,88.55,91.15,12007432
2017-11-15,89.25,90.55,87.45,88.3,10250659
2017-11-16,88.25,89.1,86.65,87.75,6285347
2017-11-17,89.9,89.9,87.35,87.85,6686745
2017-11-20,87.7,87.9,86.75,87.25,4616995
2017-11-21,87.6,88.7,87.2,87.45,6701671
2017-11-22,87.8,89.15,85.85,88.65,15151286
2017-11-23,89.6,94.2,88.4,92.85,27536643
2017-11-24,93.55,93.95,92.0,92.3,13964675
2017-11-27,91.95,93.0,91.05,92.1,6737532
2017-11-28,92.5,94.6,92.0,94.1,9738586
2017-11-29,94.5,95.0,92.75,93.6,11521114
2017-11-30,93.0,93.4,91.5,92.0,10185899
2017-12-01,92.5,93.3,90.6,91.1,7141836
2017-12-04,91.5,91.75,89.5,90.75,4427516
2017-12-05,90.0,90.5,88.5,90.15,4947369
2017-12-06,89.9,92.1,89.7,90.3,7338188
2017-12-07,91.0,91.95,90.75,91.55,7280761
2017-12-08,92.45,93.9,91.75,92.1,11543563
2017-12-11,92.7,92.7,91.5,91.75,3688196
2017-12-12,91.7,92.5,91.2,91.7,5212388
2017-12-13,91.2,92.15,89.1,89.6,4287554
2017-12-14,90.0,90.3,88.2,89.6,4987301
2017-12-15,91.0,91.75,89.3,89.9,10284569
2017-12-18,89.4,90.35,86.75,89.25,9937570
2017-12-19,89.9,90.75,89.7,90.05,8647185
2017-12-20,90.35,91.15,89.9,90.15,7508973
2017-12-21,90.2,92.45,90.1,91.4,14417710
2017-12-22,92.05,93.4,91.7,92.2,11112286
2017-12-26,93.8,94.05,92.7,93.0,10129145
2017-12-27,93.0,94.5,92.15,92.65,12294330
2017-12-28,93.0,93.3,91.8,92.15,5915154
2017-12-29,92.5,93.6,92.25,92.5,5837814
2018-01-01,92.65,96.4,92.6,95.15,14221778
2018-01-02,96.75,98.7,94.2,98.2,23565569
2018-01-03,99.2,99.7,97.8,98.55,13637110
2018-01-04,98.85,101.0,98.15,100.75,14450624
2018-01-05,101.05,103.5,101.05,102.35,19274135
2018-01-08,103.15,103.35,101.5,101.95,5822499
2018-01-09,102.25,102.45,99.3,101.1,6319831
2018-01-10,101.1,104.95,100.6,103.8,15393638
2018-01-11,103.7,104.1,102.55,103.5,5568670
2018-01-12,104.0,105.6,101.6,102.7,11196848
2018-01-15,103.0,104.2,101.05,101.45,5305858
2018-01-16,101.6,102.2,97.7,99.0,9669560
2018-01-17,98.3,100.3,95.6,99.9,12263755
2018-01-18,100.3,101.05,95.85,97.45,9461595
2018-01-19,97.0,98.4,96.2,97.55,4371119
2018-01-22,98.1,105.6,97.4,104.55,19820608
2018-01-23,106.7,107.95,103.4,104.45,20713446
2018-01-24,104.0,106.95,102.15,104.15,11030400
2018-01-25,104.0,106.5,102.3,103.0,21320475
2018-01-29,103.45,104.15,100.65,101.9,8267296
2018-01-30,102.2,103.1,100.15,101.6,6760018
2018-01-31,101.35,103.6,99.1,100.2,12559349
2018-02-01,100.5,102.05,97.15,100.35,10520230
2018-02-02,99.15,99.25,91.55,93.5,12197761
2018-02-05,92.0,95.5,89.4,94.85,10260198
2018-02-06,90.5,93.5,88.2,92.5,9712898
2018-02-07,94.15,95.0,93.05,94.25,10329147
2018-02-08,95.4,98.75,94.25,95.15,22688194
2018-02-09,92.25,95.25,92.0,94.4,8587666
2018-02-12,95.1,98.25,95.0,97.5,9746825
2018-02-14,98.3,99.25,97.4,97.85,7781773
2018-02-15,98.15,98.35,94.1,94.65,5627414
2018-02-16,95.6,96.35,93.75,94.3,6881218
2018-02-19,94.85,95.1,92.25,93.2,5548339
2018-02-20,93.15,94.7,92.55,93.05,5526504
2018-02-21,93.5,93.95,90.9,91.7,6127936
2018-02-22,91.45,92.5,90.9,91.25,7325803
2018-02-23,92.0,93.85,91.5,92.9,5903091
2018-02-26,93.4,94.5,93.0,93.35,5571950
2018-02-27,93.5,94.15,91.0,91.35,6008686
2018-02-28,90.9,91.45,89.5,89.9,9655809
2018-03-01,90.85,91.8,90.2,90.7,6768063
2018-03-05,90.6,91.3,89.7,90.4,4722003
2018-03-06,91.0,91.75,87.8,88.2,5104528
2018-03-07,88.2,89.2,85.2,85.45,7637799
2018-03-08,85.8,86.75,83.65,86.1,6710709
2018-03-09,86.5,88.55,85.3,86.15,9925102
2018-03-12,87.0,87.05,84.9,86.95,9123597
2018-03-13,86.9,87.8,86.3,86.9,8051617
2018-03-14,86.5,87.8,85.55,86.5,8837035
2018-03-15,86.5,87.75,86.5,87.05,5919232
2018-03-16,87.0,88.65,85.6,86.4,10466068
2018-03-19,86.9,86.9,83.4,83.75,6406121
2018-03-20,83.5,84.65,83.1,84.1,4103288
2018-03-21,84.45,84.85,82.45,83.05,6618739
2018-03-22,83.4,83.45,81.2,81.4,6440184
2018-03-23,80.05,82.0,79.85,81.4,6338328
2018-03-26,81.9,82.55,80.65,82.25,5569982
2018-03-27,83.0,83.25,81.75,82.8,5473439
2018-03-28,82.4,82.65,80.9,81.35,5314016
2018-04-02,82.1,82.85,81.55,82.45,5985693
2018-04-03,82.5,86.15,82.3,85.7,7649561
2018-04-04,85.65,87.6,84.7,85.15,10485067
2018-04-05,86.5,87.6,86.3,87.2,5368585
2018-04-06,87.35,88.0,86.2,87.6,3637880
2018-04-09,87.55,89.3,87.35,88.5,6272615
2018-04-10,88.6,89.1,87.65,88.95,3649228
2018-04-11,88.8,91.0,88.4,90.6,7215318
2018-04-12,90.85,91.15,88.9,89.25,3665255
2018-04-13,89.5,89.8,87.95,88.2,2812919
2018-04-16,88.0,88.7,86.85,88.45,2292212
2018-04-17,88.9,89.25,87.65,88.15,2758598
2018-04-18,88.45,88.95,87.4,87.85,2178827
2018-04-19,88.1,88.95,87.05,88.45,2755814
2018-04-20,88.0,90.2,88.0,89.35,5246399
2018-04-23,89.65,90.45,89.05,89.3,3518684
2018-04-24,89.0,90.1,88.0,88.35,3858977
2018-04-25,88.3,88.7,85.05,85.8,3114416
2018-04-26,85.2,87.25,84.5,86.35,8861347
2018-04-27,86.45,87.25,86.2,86.85,3181023
2018-04-30,87.1,88.6,87.1,87.8,2236471
2018-05-02,89.2,89.5,87.35,87.85,5551848
2018-05-03,87.0,88.3,85.25,85.55,3633182
2018-05-04,85.55,85.75,83.85,84.25,2669546
2018-05-07,84.5,84.95,83.4,84.35,2720386
2018-05-08,84.55,84.9,82.65,83.3,5198731
2018-05-09,83.6,84.65,83.25,83.6,2871177
2018-05-10,83.8,84.35,80.05,80.6,9908099
2018-05-11,81.15,82.15,80.3,80.65,7155264
2018-05-14,80.65,81.25,77.55,77.75,5204961
2018-05-15,78.4,81.4,77.75,78.1,7839753
2018-05-16,77.5,79.85,76.6,79.3,4031284
2018-05-17,79.85,80.9,78.9,79.25,7601441
2018-05-18,79.45,79.65,76.0,76.4,3786274
2018-05-21,76.45,76.8,74.65,75.05,3693657
2018-05-22,75.1,76.75,75.1,76.05,3384044
2018-05-23,76.1,76.6,75.1,75.3,2520715
2018-05-24,75.7,75.95,73.7,74.85,3612011
2018-05-25,75.2,75.65,74.55,75.05,3855315
2018-05-28,75.3,79.6,75.3,79.25,7542068
2018-05-29,79.85,86.85,79.55,83.45,63943559
2018-05-30,81.7,86.1,80.2,83.0,36540757
2018-05-31,83.4,84.95,82.35,83.65,16494380
2018-06-01,83.55,83.55,80.0,80.35,9306243
2018-06-04,80.5,80.9,74.7,75.25,14237353
2018-06-05,75.25,75.3,72.65,73.15,12195205
2018-06-06,73.0,75.1,73.0,74.6,8982847
2018-06-07,75.05,76.5,75.0,76.35,6290061
2018-06-08,76.1,77.9,75.25,77.55,7174973
2018-06-11,78.1,78.75,77.1,77.45,5338391
2018-06-12,77.3,78.7,76.5,78.3,5710082
2018-06-13,78.85,79.5,77.8,78.05,5538985
2018-06-14,78.0,78.0,75.65,76.0,6087770
2018-06-15,75.95,76.8,74.5,75.15,6690135
2018-06-18,75.0,76.45,73.85,75.95,5643821
2018-06-19,75.6,76.45,74.05,74.4,6199993
2018-06-20,74.75,75.5,74.1,74.9,5077061
2018-06-21,75.65,76.65,75.0,75.45,8314390
2018-06-22,75.1,75.5,74.2,75.0,4637036
2018-06-25,75.0,75.4,73.05,73.35,6350796
2018-06-26,73.35,73.9,72.7,73.25,4605005
2018-06-27,73.4,73.75,70.45,71.0,6965052
2018-06-28,70.9,71.95,69.1,69.75,8756324
2018-06-29,71.05,72.35,70.55,71.75,10374286
2018-07-02,72.0,72.4,70.2,71.2,4014364
2018-07-03,70.95,70.95,69.45,70.0,5861611
2018-07-04,70.0,70.4,68.55,69.2,5266760
2018-07-05,69.1,69.25,67.6,67.8,6354035
2018-07-06,68.0,71.15,67.9,70.35,8393741
2018-07-09,70.95,71.3,69.65,70.1,4641051
2018-07-10,70.4,71.9,70.25,71.55,4466996
2018-07-11,71.4,72.5,70.35,70.85,5264754
2018-07-12,71.3,71.75,68.75,69.25,5791016
2018-07-13,69.55,69.6,66.85,67.15,6688598
2018-07-16,67.15,67.25,64.6,65.0,5498218
2018-07-17,65.5,68.3,64.45,68.05,7675970
2018-07-18,68.1,68.55,65.25,66.55,5743139
2018-07-19,66.95,67.75,65.45,66.15,4872954
2018-07-20,66.3,68.2,65.9,67.5,5073743
2018-07-23,67.75,69.9,67.05,69.5,5048661
2018-07-24,69.55,73.9,69.3,73.45,14241131
2018-07-25,73.95,78.35,70.8,71.65,47859275
2018-07-26,71.95,72.4,70.3,70.7,13088082
2018-07-27,71.0,72.1,70.5,71.15,5959511
2018-07-30,71.4,73.6,71.25,73.3,9169279
2018-07-31,73.5,74.5,72.55,74.05,9110753
2018-08-01,74.3,74.65,72.8,73.55,7218091
2018-08-02,73.45,74.7,72.75,73.7,5908968
2018-08-03,74.0,74.6,73.65,74.0,4949579
2018-08-06,74.3,75.85,74.25,75.05,6672395
2018-08-07,75.45,75.45,72.7,73.45,5763228
2018-08-08,73.45,74.3,72.8,73.55,3694645
2018-08-09,73.55,75.1,73.2,74.5,3849977
2018-08-10,74.5,74.9,72.55,73.2,3550580
2018-08-13,72.8,73.75,72.0,72.6,3555510
2018-08-14,72.9,73.15,71.95,72.25,2812094
2018-08-16,72.0,73.7,71.7,72.6,4576252
2018-08-17,73.0,74.6,72.7,73.85,5001845
2018-08-20,74.6,75.4,74.4,75.0,4923730
2018-08-21,75.5,76.5,75.1,75.5,5001773
2018-08-23,75.3,75.9,73.3,73.9,4221464
2018-08-24,73.9,80.8,73.15,80.2,31797538
2018-08-27,80.95,81.25,79.05,79.95,13621490
2018-08-28,80.1,80.75,76.55,77.7,10860282
2018-08-29,77.65,82.65,77.0,80.65,20108730
2018-08-30,80.6,81.9,80.0,80.85,9498914
2018-08-31,81.2,82.2,79.1,80.6,8388264
2018-09-03,81.0,82.9,80.8,81.75,9935832
2018-09-04,81.85,81.9,77.3,78.7,8166498
2018-09-05,78.5,80.3,75.35,78.95,13213861
2018-09-06,80.15,82.35,78.7,81.4,11046623
2018-09-07,81.4,83.3,78.3,79.35,14671712
2018-09-10,79.0,79.95,77.3,77.75,6815427
2018-09-11,77.35,78.4,76.05,77.1,10091442
2018-09-12,77.1,77.7,74.8,75.1,9414455
2018-09-14,75.55,78.2,75.55,77.05,10398967
2018-09-17,76.8,76.8,75.6,76.15,3755063
2018-09-18,76.25,76.75,72.8,73.85,8685643
2018-09-19,75.0,75.4,73.85,74.85,6108676
2018-09-21,76.0,76.0,67.5,71.5,11280098
2018-09-24,72.5,72.5,69.5,70.55,4974635
2018-09-25,70.0,72.7,69.4,71.65,7388125
2018-09-26,72.0,72.85,71.75,72.15,3739806
2018-09-27,72.2,73.0,69.8,71.1,7884479
2018-09-28,71.2,71.45,67.75,68.5,7062306
2018-10-01,68.4,71.45,66.35,71.1,7191129
2018-10-03,71.9,76.35,70.6,73.5,16456814
2018-10-04,72.45,74.9,72.1,73.5,10444564
2018-10-05,72.8,74.0,69.75,70.4,9385085
2018-10-08,69.95,71.0,67.95,69.6,9132523
2018-10-09,69.75,71.5,68.1,70.25,7821977
2018-10-10,70.9,74.65,70.5,74.15,7848645
2018-10-11,71.55,74.9,71.05,73.3,6359958
2018-10-12,74.1,76.45,74.0,75.15,7655675
2018-10-15,75.4,76.7,73.85,75.85,5209684
2018-10-16,76.0,76.7,75.55,76.2,4799630
2018-10-17,77.0,77.65,73.55,74.15,7900337
2018-10-19,73.55,75.2,72.6,73.5,5638133
2018-10-22,74.05,75.2,72.65,73.95,5188175
2018-10-23,75.0,76.05,72.85,73.85,13765726
2018-10-24,75.25,76.45,73.9,75.95,8048611
2018-10-25,74.9,76.5,69.25,70.25,46914007
2018-10-26,71.0,71.05,67.25,67.5,26351665
2018-10-29,68.35,68.45,66.55,67.95,16596499
2018-10-30,68.25,69.95,68.0,69.15,17763932
2018-10-31,69.25,69.5,67.6,68.75,18658155
2018-11-01,69.2,70.75,69.2,70.2,18514431
2018-11-02,70.95,73.95,70.75,73.0,25054634
2018-11-05,71.45,71.45,69.3,70.0,12435322
2018-11-06,70.1,71.1,69.0,69.3,9397104
2018-11-07,69.95,69.95,69.45,69.7,1121760
2018-11-09,69.75,70.4,69.2,70.0,5825050
2018-11-12,70.0,70.55,68.5,68.9,8027643
2018-11-13,68.7,69.45,67.8,68.7,5492697
2018-11-14,68.8,69.2,65.7,66.05,17411472
2018-11-15,66.1,67.7,65.1,66.85,12196075
2018-11-16,67.0,67.05,65.65,66.75,8934462
2018-11-19,66.8,68.35,66.8,68.0,6923682
2018-11-20,67.9,68.05,66.95,67.4,11370903
2018-11-21,67.8,67.8,65.9,66.6,8588079
2018-11-22,66.85,67.35,65.85,66.15,8808101
2018-11-26,66.2,67.15,65.5,67.0,7523888
2018-11-27,66.4,68.1,66.3,67.0,9725050
2018-11-28,67.1,67.25,66.35,67.0,8965627
2018-11-29,67.2,68.8,65.7,68.2,10339738
2018-11-30,68.75,70.35,66.15,68.15,123227256
2018-12-03,68.8,71.3,67.4,70.85,16129731
2018-12-04,70.15,71.4,69.65,70.5,7323826
2018-12-05,69.75,70.25,66.1,66.45,21703542
2018-12-06,66.35,66.6,65.05,65.65,13418588
2018-12-07,65.8,66.75,64.35,65.95,10787228
2018-12-10,65.0,65.4,62.6,62.95,13939033
2018-12-11,62.05,65.5,61.7,64.6,21465276
2018-12-12,65.0,66.95,64.6,66.35,9954488
2018-12-13,66.9,67.7,66.3,66.75,8670196
2018-12-14,66.5,67.9,65.8,66.6,6485337
2018-12-17,66.7,68.45,66.5,67.7,8413741
2018-12-18,67.65,70.15,67.3,69.9,17072720
2018-12-19,70.2,71.0,69.4,70.1,10669275
2018-12-20,69.8,71.0,69.25,70.55,6354028
2018-12-21,71.8,71.9,69.4,69.85,15851379
2018-12-24,70.05,73.0,69.5,71.25,22943907
2018-12-26,70.7,71.85,69.25,71.55,13578782
2018-12-27,72.0,72.4,69.75,70.0,22742988
2018-12-28,70.05,72.4,70.05,72.05,9774725
2018-12-31,72.3,73.5,72.2,73.1,7130426
2019-01-01,73.75,73.95,72.8,73.8,6440421
2019-01-02,73.4,74.8,72.45,73.0,8615103
2019-01-03,73.0,73.0,70.4,70.75,8083906
2019-01-04,70.8,71.85,70.05,71.4,20439249
2019-01-07,72.0,72.95,71.75,72.25,8163279
2019-01-08,72.1,72.25,71.0,71.35,7453809
2019-01-09,71.8,71.9,69.7,70.25,7124203
2019-01-10,70.25,70.5,68.7,68.85,7810193
2019-01-11,69.35,69.35,68.1,68.55,7359392
2019-01-14,68.75,68.75,67.5,67.8,4735962
2019-01-15,68.1,68.8,67.8,68.35,5007754
2019-01-16,68.45,69.6,68.15,68.35,5484091
2019-01-17,68.6,70.4,68.0,70.15,9573414
2019-01-18,70.4,71.15,69.7,70.95,17158253
2019-01-21,71.1,72.25,70.7,70.95,10341030
2019-01-22,70.95,71.55,69.95,71.2,6256263
2019-01-23,71.25,71.6,69.05,69.35,5371992
2019-01-24,69.25,70.1,68.65,69.05,6289323
2019-01-25,69.15,69.5,66.05,66.4,7134722
2019-01-28,66.5,66.75,63.45,63.75,8737901
2019-01-29,63.2,65.35,63.2,64.4,8758306
2019-01-30,64.95,64.95,63.6,63.9,7509058
2019-01-31,64.5,65.0,63.7,64.7,12325961
2019-02-01,64.95,65.7,63.65,64.35,6031620
2019-02-04,64.55,65.3,63.1,64.95,6807730
2019-02-05,64.95,65.15,56.2,58.85,48929404
2019-02-06,59.35,61.15,57.6,60.8,19423985
2019-02-07,61.0,62.5,60.6,62.2,8069603
2019-02-08,62.25,63.25,61.8,62.25,8295240
2019-02-11,61.2,63.25,61.0,62.75,9511824
2019-02-12,62.5,62.6,61.5,61.8,5528900
2019-02-13,61.9,62.1,60.8,61.0,7374677
2019-02-14,60.25,62.8,60.15,62.3,7971447
2019-02-15,61.95,62.0,60.7,61.05,7013360
2019-02-18,61.05,61.6,60.9,61.15,6749057
2019-02-19,61.1,62.8,61.1,62.05,4229035
2019-02-20,62.3,63.15,62.0,62.75,5089826
2019-02-21,63.0,63.1,62.35,62.95,3138802
2019-02-22,62.9,64.15,62.45,63.65,4784997
2019-02-25,63.95,64.8,63.1,64.35,4015688
2019-02-26,63.55,65.6,62.2,64.85,6564549
2019-02-27,65.1,66.0,64.6,64.95,6764048
2019-02-28,65.0,65.15,64.1,64.45,14167452
2019-03-01,64.8,66.6,64.65,66.15,9309674
2019-03-05,67.75,68.0,66.4,67.3,9082342
2019-03-06,67.65,70.15,67.5,69.1,13004838
2019-03-07,69.2,69.25,67.75,68.1,4192540
2019-03-08,67.9,67.9,66.5,67.1,9335968
2019-03-11,67.7,70.6,67.2,70.05,12701280
2019-03-12,70.45,71.35,69.55,69.8,7526822
2019-03-13,70.05,70.2,67.75,68.0,5268092
2019-03-14,67.75,68.65,66.6,67.25,5767075
2019-03-15,66.25,68.05,66.1,67.8,6878337
2019-03-18,68.2,69.15,66.45,67.15,11419966
2019-03-19,67.5,68.45,67.15,68.1,10369254
2019-03-20,68.1,72.4,68.1,68.55,34728590
2019-03-22,68.75,69.35,66.9,67.55,12856428
2019-03-25,67.1,70.1,66.55,69.1,26125367
2019-03-26,69.95,72.7,69.75,71.05,35481702
2019-03-27,72.0,72.75,70.65,71.3,26105730
2019-03-28,72.1,72.4,70.85,71.55,45326931
2019-03-29,71.7,76.35,71.65,74.95,35964901
2019-04-01,75.45,77.85,74.8,75.95,25156745
2019-04-02,76.25,77.15,73.7,74.7,20278983
2019-04-03,75.4,76.15,73.0,73.85,19628856
2019-04-04,74.3,74.95,72.0,73.2,13697381
2019-04-05,73.8,74.6,72.4,72.7,12657002
2019-04-08,72.9,73.85,72.1,72.6,13220181
2019-04-09,73.0,73.15,71.1,71.65,17283821
2019-04-10,71.75,73.3,71.7,72.2,10842680
2019-04-11,72.1,74.8,71.3,74.35,24219236
2019-04-12,74.7,78.3,74.5,77.7,43815259
2019-04-15,78.1,78.25,76.65,77.3,11053354
2019-04-16,77.5,78.85,76.2,76.7,11087979
2019-04-18,78.0,78.0,75.75,76.05,7161272
2019-04-22,75.85,75.85,73.0,73.15,6499049
2019-04-23,73.0,74.55,72.8,73.5,6018400
2019-04-24,73.4,74.35,72.9,73.45,7705263
2019-04-25,73.85,75.15,71.7,72.25,17295969
2019-04-26,72.35,73.2,70.55,71.25,9643069
2019-04-30,70.55,72.2,69.4,70.8,14315500
2019-05-02,70.95,71.65,69.35,69.6,10325875
2019-05-03,69.7,70.6,68.4,68.65,8390333
2019-05-06,68.35,68.35,65.65,65.9,9020087
2019-05-07,66.1,66.7,63.35,63.8,8647726
2019-05-08,63.9,63.9,61.55,61.75,15303026
2019-05-09,61.8,62.85,61.55,62.45,13936931
2019-05-10,62.7,63.5,61.85,63.15,11398050
2019-05-13,62.6,63.0,59.2,59.85,10847294
2019-05-14,60.25,64.5,59.8,63.95,25941657
2019-05-15,63.85,64.3,60.25,60.6,11735485
2019-05-16,60.6,62.7,60.5,62.2,13662204
2019-05-17,62.0,62.65,61.2,62.1,8777033
2019-05-20,64.5,66.75,63.95,65.95,15063392
2019-05-21,65.95,66.15,62.85,63.25,10096863
2019-05-22,63.6,65.6,62.15,65.25,12714321
2019-05-23,67.2,70.25,66.0,66.55,22390610
2019-05-24,66.8,69.45,66.75,69.0,10037711
2019-05-27,69.1,73.25,68.65,72.7,35842146
2019-05-28,73.5,73.7,71.0,72.6,21729849
2019-05-29,72.4,72.4,70.45,70.95,8006184
2019-05-30,71.2,72.15,70.6,71.65,9835370
2019-05-31,71.85,71.9,68.85,70.2,11824619
2019-06-03,69.8,72.25,69.55,71.55,11879171
2019-06-04,71.9,73.0,70.7,70.9,15631724
2019-06-06,71.0,71.8,67.7,68.55,14182515
2019-06-07,68.5,70.5,67.35,68.5,14654515
2019-06-10,68.75,69.65,67.85,68.2,8628229
2019-06-11,68.3,70.15,67.75,69.7,10633415
2019-06-12,69.95,70.65,67.95,68.2,11129594
2019-06-13,68.2,69.25,67.8,68.7,9467662
2019-06-14,69.95,71.0,68.3,68.65,17332932
2019-06-17,69.55,69.95,67.4,67.65,14424170
2019-06-18,68.0,69.1,67.05,68.6,10325816
2019-06-19,69.0,69.45,66.4,67.65,11533322
2019-06-20,67.75,71.05,67.2,70.8,13970908
2019-06-21,70.95,71.85,70.05,71.4,11601602
2019-06-24,73.0,74.0,72.0,73.7,18372701
2019-06-25,73.3,74.25,72.3,73.9,8306005
2019-06-26,73.5,75.5,73.4,75.2,16456718
2019-06-27,75.05,75.5,74.35,74.7,10529610
2019-06-28,74.4,74.55,72.55,73.15,7498136
2019-07-01,73.4,74.25,71.7,73.05,6618565
2019-07-02,73.1,73.3,71.55,72.05,5825625
2019-07-03,72.0,73.75,71.75,72.95,9271047
2019-07-04,73.15,73.65,72.45,73.1,5004601
2019-07-05,73.45,73.5,69.75,70.15,10632584
2019-07-08,69.5,70.35,66.6,67.3,9496461
2019-07-09,67.15,67.75,65.85,67.2,8178805
2019-07-10,67.95,68.2,66.2,66.75,7966262
2019-07-11,67.0,67.15,64.85,65.05,20836630
2019-07-12,65.0,65.6,64.4,64.8,10910933
2019-07-15,65.3,65.55,63.2,64.25,13043104
2019-07-16,64.35,65.1,63.9,64.5,8431898
2019-07-17,64.5,64.9,63.95,64.1,5043222
2019-07-18,64.1,64.5,63.5,64.0,10455841
2019-07-19,64.25,64.45,63.4,63.7,7321238
2019-07-22,64.0,64.3,62.95,64.1,6606532
2019-07-23,64.45,64.5,63.5,63.9,5669497
2019-07-24,64.05,64.2,61.5,61.9,10133569
2019-07-25,62.2,62.4,60.6,61.15,8319563
2019-07-26,61.2,62.55,60.3,60.65,10247067
2019-07-29,60.85,61.05,59.0,59.25,7138637
2019-07-30,59.45,59.7,57.5,57.75,10937507
2019-07-31,57.25,59.05,57.05,58.9,7114686
2019-08-01,58.35,59.1,56.55,57.55,6644276
2019-08-02,57.45,57.55,55.85,56.5,8971219
2019-08-05,55.95,57.35,54.6,56.55,8649871
2019-08-06,56.3,57.6,56.15,57.3,6788990
2019-08-07,57.5,58.15,56.0,57.5,17902641
2019-08-08,57.8,58.6,56.3,58.35,25552334
2019-08-09,58.6,58.9,56.2,56.9,11735309
2019-08-13,54.0,56.5,50.4,50.55,44147720
2019-08-14,50.85,52.15,50.6,51.05,16977418
2019-08-16,51.0,51.8,50.25,51.35,9602287
2019-08-19,51.4,51.8,50.9,51.3,8225292
2019-08-20,51.35,51.55,49.65,49.95,8726047
2019-08-21,49.9,49.9,47.5,48.3,25422307
2019-08-22,48.15,48.8,47.7,48.0,13547673
2019-08-23,48.0,49.1,46.65,48.3,16970212
2019-08-26,49.15,50.35,47.55,50.0,17742443
2019-08-27,50.7,55.05,50.5,52.7,21956425
2019-08-28,52.6,53.4,50.6,51.35,13979685
2019-08-29,51.35,51.45,50.0,50.6,7558972
2019-08-30,50.7,51.2,49.6,50.55,10516958
2019-09-03,50.4,50.6,49.05,49.35,7432957
2019-09-04,49.5,50.25,48.55,50.1,14355020
2019-09-05,50.5,52.5,50.4,51.15,17899937
2019-09-06,51.4,52.1,50.7,51.8,7866773
2019-09-09,52.05,52.45,51.2,51.4,8860837
2019-09-11,50.9,52.3,50.3,51.95,11951914
2019-09-12,51.9,53.2,51.2,51.55,11740883
2019-09-13,51.5,52.0,49.95,51.65,11014744
2019-09-16,51.0,51.35,50.45,50.6,7112247
2019-09-17,50.6,50.85,48.5,48.75,10043905
2019-09-18,49.0,49.4,48.4,48.65,8058186
2019-09-19,48.7,48.75,47.1,47.4,8910056
2019-09-20,47.55,51.3,46.6,50.1,29024918
2019-09-23,51.55,52.15,49.65,51.8,23114050
2019-09-24,51.9,52.95,50.8,51.9,14263656
2019-09-25,51.9,51.9,49.9,50.15,15774906
2019-09-26,50.1,52.65,49.9,51.7,22561537
2019-09-27,51.6,52.1,49.8,50.0,12738830
2019-09-30,50.1,50.15,47.5,48.4,11513335
2019-10-01,48.7,49.6,46.05,46.85,15210748
2019-10-03,46.7,48.3,46.2,47.2,11115713
2019-10-04,47.5,48.0,45.7,45.9,11690257
2019-10-07,45.9,46.0,42.6,42.8,16652132
2019-10-09,42.8,43.95,42.4,43.65,15225493
2019-10-10,43.55,44.7,42.8,43.05,19819884
2019-10-11,43.3,43.7,42.0,43.05,17247352
2019-10-14,43.25,43.9,42.75,42.85,15720258
2019-10-15,43.1,43.5,42.5,42.75,16921189
2019-10-16,43.0,43.25,41.3,41.85,17136734
2019-10-17,41.9,44.9,41.75,44.6,20292119
2019-10-18,49.05,57.6,49.05,54.35,167677342
2019-10-22,54.95,55.5,51.35,51.8,57324642
2019-10-23,52.15,55.2,51.65,53.85,40965324
2019-10-24,53.8,54.3,50.5,51.3,28459169
2019-10-25,51.3,52.4,49.65,50.95,28474020
2019-10-27,51.7,51.95,51.3,51.7,2372937
2019-10-29,52.2,54.5,51.7,53.8,24273377
2019-10-30,58.1,61.1,58.1,58.9,79479137
2019-10-31,57.5,58.0,56.25,56.55,37725375
2019-11-01,57.0,57.7,56.15,56.9,19538180
2019-11-04,57.15,57.9,55.55,56.4,20859205
2019-11-05,56.9,58.0,55.9,56.05,16670483
2019-11-06,56.25,57.1,55.4,55.55,18504336
2019-11-07,55.7,56.1,54.75,55.45,13782432
2019-11-08,53.9,56.0,53.3,54.25,21720965
2019-11-11,54.15,57.5,53.1,56.8,26122637
2019-11-13,56.45,57.85,54.1,54.6,29011138
2019-11-14,54.85,55.35,53.3,53.85,21808147
2019-11-15,54.0,54.9,53.75,54.2,10858135
2019-11-18,54.5,54.8,53.6,53.95,10536197
2019-11-19,54.0,56.1,52.5,55.65,20906445
2019-11-20,56.4,56.6,54.25,55.8,24352170
2019-11-21,55.85,57.1,54.45,55.45,15782183
2019-11-22,55.0,56.5,54.45,56.1,14997151
2019-11-25,56.1,56.85,55.6,56.15,9491162
2019-11-26,56.05,56.6,53.2,53.5,16426434
2019-11-27,53.9,54.25,52.9,53.3,9148707
2019-11-28,53.6,54.7,53.3,54.25,12670853
2019-11-29,54.2,54.95,53.05,53.3,9658261
2019-12-02,53.3,53.8,51.05,51.2,18767083
2019-12-03,52.0,52.1,49.75,50.0,15865275
2019-12-04,49.6,50.5,48.8,49.95,18410247
2019-12-05,49.9,50.2,48.5,48.75,10546191
2019-12-06,48.9,49.1,46.0,46.55,19910201
2019-12-09,46.75,47.35,45.85,46.0,14269784
2019-12-10,45.95,46.35,44.4,44.7,12286578
2019-12-11,44.7,45.2,43.5,44.2,15123234
2019-12-12,44.45,45.85,44.05,45.2,17340004
2019-12-13,45.3,46.8,45.3,46.65,12783019
2019-12-16,46.7,46.8,45.4,45.6,8597276
2019-12-17,45.8,46.4,45.6,45.9,8676075
2019-12-18,46.05,46.4,44.9,45.25,14598223
2019-12-19,45.1,45.2,44.35,44.45,13292627
2019-12-20,43.4,45.4,43.15,44.85,31041944
2019-12-23,44.5,45.45,43.9,44.1,19016580
2019-12-24,44.1,44.35,43.4,43.5,18985823
2019-12-26,43.7,43.7,42.4,42.5,16725071
2019-12-27,42.7,43.3,42.6,43.15,13499408
2019-12-30,43.3,43.45,42.6,42.85,9545249
2019-12-31,42.8,43.8,42.6,43.45,15897198
2020-01-01,43.5,44.1,43.25,43.5,12283581
2020-01-02,43.75,45.85,43.5,45.4,24677041
2020-01-03,45.4,45.65,44.3,44.6,10859861
2020-01-06,44.25,44.4,42.4,42.65,12626606
2020-01-07,43.1,44.0,42.7,43.4,13321218
2020-01-08,42.5,43.35,42.5,43.2,11199141
2020-01-09,44.0,45.1,43.6,44.9,16119627
2020-01-10,45.1,45.5,44.4,44.75,10521165
2020-01-13,45.0,46.55,44.75,46.05,17317084
2020-01-14,46.4,46.65,45.4,45.95,11899391
2020-01-15,45.85,47.0,45.45,46.85,10739845
2020-01-16,47.45,47.75,46.4,46.55,14205313
2020-01-17,46.6,47.1,46.05,46.2,8424298
2020-01-20,46.3,46.55,44.7,44.95,12234865
2020-01-21,45.0,45.45,43.2,43.4,24323645
2020-01-22,43.65,43.8,43.05,43.45,16583634
2020-01-23,43.45,44.0,43.3,43.45,14871754
2020-01-24,43.5,45.2,43.4,45.0,27348156
2020-01-27,44.7,44.95,43.8,43.95,13164355
2020-01-28,43.95,44.45,43.05,43.3,11310748
2020-01-29,43.7,45.1,43.6,44.55,15586751
2020-01-30,44.65,44.65,43.2,44.05,14992301
2020-01-31,44.45,44.6,42.05,42.75,14087306
2020-02-01,42.7,43.55,39.2,40.05,17232262
2020-02-03,39.9,40.55,38.8,39.45,20417630
2020-02-04,39.8,40.2,39.35,39.95,13225776
2020-02-05,40.0,40.5,39.25,39.6,23954561
2020-02-06,39.95,40.2,39.45,39.55,16156110
2020-02-07,39.75,40.3,39.2,39.8,16682125
2020-02-10,39.75,39.8,37.9,38.25,21400298
2020-02-11,38.6,39.1,38.25,38.55,20338186
2020-02-12,37.8,38.2,35.8,36.35,51223154
2020-02-13,36.85,37.35,36.25,37.05,20159277
2020-02-14,37.2,37.4,36.0,36.2,20464164
2020-02-17,36.2,36.4,34.75,34.85,21604096
2020-02-18,34.3,34.9,33.4,34.7,34528421
2020-02-19,34.7,35.6,34.2,35.4,18802594
2020-02-20,35.4,35.9,34.9,35.1,15578115
2020-02-24,34.3,34.75,33.7,33.9,13344620
2020-02-25,33.75,34.5,33.65,33.9,13587843
2020-02-26,33.6,33.95,33.1,33.25,13462112
2020-02-27,33.25,33.35,32.05,32.6,18665991
2020-02-28,31.7,31.7,30.3,30.6,21837210
2020-03-02,31.1,31.7,29.05,29.55,23026620
2020-03-03,30.0,31.35,29.85,31.0,20595361
2020-03-04,31.1,31.2,29.85,30.65,18105957
2020-03-05,30.9,31.4,29.95,30.7,20609801
2020-03-06,29.7,29.7,28.95,29.55,16052493
2020-03-09,28.8,28.85,27.05,27.2,21890476
2020-03-11,27.45,28.7,27.2,27.55,30448290
2020-03-12,26.0,26.6,24.0,24.15,35583365
2020-03-13,22.2,26.4,18.4,25.95,39258484
2020-03-16,24.35,25.75,23.3,23.7,26302824
2020-03-17,24.05,25.35,23.0,23.2,23765875
2020-03-18,23.55,24.4,22.4,23.35,27069851
2020-03-19,22.45,23.6,21.8,22.5,27938212
2020-03-20,22.95,23.95,22.05,23.45,41569863
2020-03-23,21.5,21.75,20.05,20.15,15468456
2020-03-24,21.0,21.25,19.5,20.0,20665598
2020-03-25,20.0,20.2,19.15,19.85,14159337
2020-03-26,20.05,21.1,19.45,20.6,18656994
2020-03-27,21.4,21.9,20.15,20.35,22366596
2020-03-30,20.25,20.6,19.65,20.2,13042664
2020-03-31,20.7,21.15,20.2,20.8,20144665
2020-04-01,20.65,21.2,20.4,20.7,15999994
2020-04-03,21.15,21.2,20.4,20.65,14724854
2020-04-07,21.05,21.45,20.85,21.3,18390253
2020-04-08,21.2,22.65,20.95,21.25,28424499
2020-04-09,21.65,22.65,21.4,22.35,28488302
2020-04-13,23.15,23.35,21.85,22.0,36362523
2020-04-15,22.35,23.15,21.3,21.45,40178521
2020-04-16,21.45,21.9,21.15,21.7,27540878
2020-04-17,22.6,22.6,21.5,21.85,29750187
2020-04-20,22.0,23.15,21.6,22.55,53220501
2020-04-21,22.25,22.25,21.55,21.7,23711520
2020-04-22,21.6,21.85,20.9,21.35,24357522
2020-04-23,21.6,21.85,21.2,21.4,19336945
2020-04-24,21.1,21.4,20.6,20.65,20109613
2020-04-27,20.95,20.95,20.4,20.65,16354184
2020-04-28,20.75,21.15,20.65,20.95,15589273
2020-04-29,21.0,21.35,20.85,20.95,19732808
2020-04-30,21.3,22.9,21.15,22.45,56261295
2020-05-04,21.7,24.85,20.9,23.5,145551747
2020-05-05,24.65,24.65,22.6,22.9,93124787
2020-05-06,23.05,23.4,22.75,23.0,48712402
2020-05-07,22.9,23.3,22.75,23.05,52088140
2020-05-08,23.35,23.5,21.8,22.2,43617439
2020-05-11,22.55,23.0,22.1,22.55,28661145
2020-05-12,22.4,22.4,21.4,21.5,42068839
2020-05-13,23.1,27.15,22.15,26.6,309686625
2020-05-14,26.9,29.25,25.0,27.45,247691248
2020-05-15,27.5,28.25,27.0,27.3,88425003
2020-05-18,27.7,28.45,25.85,26.05,90741401
2020-05-19,26.4,26.55,25.3,25.4,50209529
2020-05-20,25.1,26.6,25.0,25.95,59559198
2020-05-21,26.0,26.25,25.3,25.55,42189518
2020-05-22,25.4,25.55,24.15,24.55,43983080
2020-05-26,25.0,25.45,24.35,24.85,41219769
2020-05-27,25.25,25.35,24.75,25.2,38448153
2020-05-28,25.4,27.25,25.15,26.85,99120469
2020-05-29,26.8,28.45,26.15,28.0,105111176
2020-06-01,28.4,29.0,27.7,28.0,55554728
2020-06-02,28.2,28.55,27.45,28.0,40757502
2020-06-03,28.2,28.75,27.4,27.7,48884155
2020-06-04,27.9,28.05,26.4,26.8,48000888
2020-06-05,27.0,27.95,26.9,27.75,50341575
2020-06-08,28.55,28.75,27.55,27.95,51859963
2020-06-09,28.25,31.45,27.8,30.65,158365008
2020-06-10,31.5,32.4,30.55,31.3,136065989
2020-06-11,30.8,32.3,29.75,30.0,79480320
2020-06-12,28.4,31.8,28.25,31.4,73184782
2020-06-15,29.25,30.6,28.5,29.1,103035431
2020-06-16,29.9,30.0,27.6,28.35,62618726
2020-06-17,28.3,28.65,27.35,27.45,69101466
2020-06-18,28.65,32.15,28.5,31.75,250949789
2020-06-19,32.65,33.0,31.75,32.45,101037121
2020-06-22,32.95,34.9,32.25,33.65,91767486
2020-06-23,34.1,35.4,33.7,34.9,91399070
2020-06-24,36.0,39.8,35.6,36.35,215418630
2020-06-25,36.3,38.5,35.55,37.85,144570254
2020-06-26,38.7,38.7,36.5,36.9,90485855
2020-06-29,36.2,36.8,35.35,35.75,46340901
2020-06-30,36.6,37.8,35.0,35.7,81189607
2020-07-01,36.3,36.7,35.4,36.05,47303972
2020-07-02,37.0,37.15,36.4,36.7,38221206
2020-07-03,37.0,39.0,36.65,38.65,144296168
2020-07-06,39.05,44.4,38.8,43.55,253755560
2020-07-07,43.75,44.1,42.2,42.55,111719997
2020-07-08,42.5,43.05,41.0,41.25,62359715
2020-07-09,41.8,43.1,41.25,42.05,58895482
2020-07-10,42.15,42.45,41.15,41.4,34701095
2020-07-13,42.45,43.0,41.8,42.6,44813674
2020-07-14,41.95,41.95,38.5,38.9,126707194
2020-07-15,39.5,39.9,36.35,36.8,68988187
2020-07-16,37.5,38.15,36.15,36.9,68667645
2020-07-17,36.9,39.15,36.8,38.35,78866660
2020-07-20,38.75,39.05,37.8,38.0,27202537
2020-07-21,38.5,38.6,37.7,38.0,24122376
2020-07-22,38.3,38.95,37.5,38.0,39543713
2020-07-23,37.9,38.3,37.6,37.7,14881918
2020-07-24,37.4,37.7,36.6,36.9,20981769
2020-07-27,36.9,36.9,35.8,36.2,25409726
2020-07-28,36.1,37.7,35.9,37.45,37120214
2020-07-29,37.4,40.1,37.35,38.45,99007352
2020-07-30,38.8,39.0,36.45,36.8,48850710
2020-07-31,36.8,36.95,35.75,35.95,37100469
2020-08-03,36.15,36.85,35.7,36.2,34938296
2020-08-04,36.45,37.45,36.0,36.65,34063624
2020-08-05,36.85,37.15,36.45,36.7,19604550
2020-08-06,36.75,37.05,35.5,35.7,37613838
2020-08-07,35.4,35.55,34.75,35.25,33940333
2020-08-10,36.0,37.65,35.85,36.25,60898741
2020-08-11,36.6,36.75,35.6,35.75,38275871
2020-08-12,36.2,36.65,35.9,36.05,51047076
2020-08-13,36.5,39.55,36.2,38.95,128234342
2020-08-14,39.2,39.45,36.7,37.35,51952713
2020-08-17,37.9,37.9,36.7,37.0,20973046
2020-08-18,37.2,37.7,37.1,37.45,15728783
2020-08-19,37.75,38.65,37.7,38.0,30237352
2020-08-20,37.55,39.7,37.2,38.5,52183676
2020-08-21,39.45,41.95,39.2,40.65,179883499
2020-08-24,41.5,42.4,40.65,40.9,47777587
2020-08-25,41.0,41.15,39.6,40.0,35941042
2020-08-26,40.0,40.6,39.4,39.95,35171862
2020-08-27,40.0,40.9,39.05,39.2,56215100
2020-08-28,40.25,42.1,40.1,41.65,133653715
2020-08-31,42.05,42.45,38.0,38.55,108977119
2020-09-01,39.0,39.55,37.35,38.55,53806439
2020-09-02,38.9,39.4,38.05,39.15,39484515
2020-09-03,39.15,40.4,38.75,40.0,44244277
2020-09-04,38.95,39.85,38.5,38.7,50941635
2020-09-07,38.95,39.15,38.15,38.45,19331484
2020-09-08,38.35,38.8,37.0,37.5,21978053
2020-09-09,37.1,37.2,35.6,36.5,36065578
2020-09-10,37.0,37.3,36.35,37.05,18327539
2020-09-11,37.35,37.85,37.0,37.1,18822257
2020-09-14,36.2,37.45,36.0,36.25,37783076
2020-09-15,36.65,36.65,35.7,35.95,30178732
2020-09-16,36.15,36.15,35.55,35.65,21599892
2020-09-17,35.65,35.7,35.0,35.15,19962863
2020-09-18,35.5,35.75,34.5,34.65,29039359
2020-09-21,34.5,35.55,34.0,34.25,39228356
2020-09-22,34.5,34.55,32.3,32.6,52745087
2020-09-23,33.1,33.3,30.9,31.5,35797428
2020-09-24,30.8,30.95,29.55,29.85,40197659
2020-09-25,30.0,30.45,28.85,30.15,57970215
2020-09-28,30.85,32.25,30.5,31.8,56524700
2020-09-29,32.25,32.35,30.1,30.25,57732742
2020-09-30,30.3,30.45,29.2,29.25,36272660
2020-10-01,29.7,29.9,29.2,29.6,29781189
2020-10-05,29.7,30.0,29.4,29.55,17901148
2020-10-06,29.7,29.8,29.15,29.35,23682655
2020-10-07,29.35,29.4,28.25,28.4,23758052
2020-10-08,28.45,29.5,28.45,29.25,20247798
2020-10-09,29.45,29.45,28.9,29.1,15014661
2020-10-12,29.4,29.4,28.45,28.6,11148459
2020-10-13,28.5,28.65,28.15,28.3,9188471
2020-10-14,28.0,28.15,27.65,27.95,12702810
2020-10-15,27.9,27.9,27.0,27.15,20436826
2020-10-16,27.15,27.45,26.75,27.2,15812970
2020-10-19,27.4,28.85,27.15,28.65,23093020
2020-10-20,28.5,29.25,28.2,28.65,14933914
2020-10-21,28.55,29.1,28.05,28.45,12448260
2020-10-22,28.0,29.0,27.9,28.8,10844287
2020-10-23,28.95,29.4,28.85,29.1,11963326
2020-10-26,29.3,30.25,29.15,29.45,29968185
2020-10-27,29.5,30.4,28.65,29.65,40576216
2020-10-28,29.55,29.55,28.5,28.65,20261850
2020-10-29,28.3,28.4,27.45,27.8,20795497
2020-10-30,27.85,28.45,27.35,28.0,26887310
2020-11-02,28.25,28.3,27.5,27.85,15607090
2020-11-03,27.95,28.2,27.6,27.95,15116416
2020-11-04,28.0,28.05,26.95,27.2,29425117
2020-11-05,27.5,29.15,27.35,28.4,42148409
2020-11-06,28.55,28.9,27.8,27.95,36124550
2020-11-09,27.65,28.45,27.4,28.2,42337022
2020-11-10,28.2,28.45,27.8,28.2,28467588
2020-11-11,28.2,29.25,27.7,27.95,54098312
2020-11-12,27.95,28.45,27.8,28.1,29213561
2020-11-13,28.05,28.15,27.8,27.95,14725782
2020-11-14,28.25,28.5,28.15,28.3,3771670
2020-11-17,28.4,28.6,28.1,28.25,15666967
2020-11-18,28.3,28.6,28.15,28.45,20946155
2020-11-19,28.4,30.2,28.2,29.15,83753489
2020-11-20,29.4,29.7,28.65,29.2,40480755
2020-11-23,29.6,31.55,29.25,31.35,94909249
2020-11-24,31.7,31.9,30.75,31.35,75427091
2020-11-25,31.45,31.95,30.35,30.65,51698826
2020-11-26,30.9,31.6,30.55,31.45,52388355
2020-11-27,31.65,33.45,31.6,32.85,101747612
2020-12-01,33.3,34.4,32.85,34.05,49680395
2020-12-02,34.25,34.5,33.05,33.8,52877271
2020-12-03,34.25,34.8,34.0,34.2,42090086
2020-12-04,34.55,35.4,33.7,34.25,58177274
2020-12-07,34.4,35.35,34.25,34.95,39793015
2020-12-08,35.3,36.8,34.1,36.15,83272427
2020-12-09,36.95,37.6,36.3,36.6,69007540
2020-12-10,36.45,36.65,34.7,35.65,55059367
2020-12-11,35.75,37.0,35.45,35.95,45233211
2020-12-14,36.45,37.2,35.85,36.85,47189075
2020-12-15,36.85,36.85,35.7,36.35,44611278
2020-12-16,36.65,36.95,36.1,36.35,31631032
2020-12-17,36.45,36.8,35.75,35.85,31094015
2020-12-18,35.9,36.15,34.55,35.85,40500644
2020-12-21,35.5,35.7,32.1,32.55,55099409
2020-12-22,32.65,33.3,30.6,32.65,57170730
2020-12-23,32.7,34.15,32.55,33.95,35851831
2020-12-24,34.3,34.55,33.6,33.8,29009900
2020-12-28,34.0,35.5,33.9,35.25,41052655
2020-12-29,35.5,35.75,34.3,35.4,38681074
2020-12-30,36.1,36.4,34.95,35.4,55267922
2020-12-31,35.4,36.5,35.15,35.9,60457447
2021-01-01,36.15,39.0,36.0,38.7,123660698
2021-01-04,39.3,40.85,38.75,40.65,138885188
2021-01-05,40.25,40.65,39.6,40.15,68178443
2021-01-06,40.35,40.65,38.25,39.4,78478570
2021-01-07,39.8,40.15,39.1,39.3,42199800
2021-01-08,39.65,40.55,39.0,39.35,68394773
2021-01-11,39.75,40.0,38.3,39.0,46504882
2021-01-12,39.0,40.0,38.6,39.35,37860013
2021-01-13,39.65,42.3,39.65,40.75,154573968
2021-01-14,40.4,40.7,39.6,40.2,34995707
2021-01-15,40.2,40.5,38.85,39.4,37081742
2021-01-18,39.4,39.6,37.25,38.05,38159244
2021-01-19,38.1,40.0,38.1,39.75,29092687
2021-01-20,39.7,40.7,39.4,40.5,40633278
2021-01-21,41.0,41.25,38.5,38.75,56574146
2021-01-22,38.5,39.3,37.1,37.65,58968250
2021-01-25,37.75,38.25,36.0,36.25,51673382
2021-01-27,35.85,36.2,35.4,35.7,38751487
2021-01-28,35.35,36.8,35.1,36.6,48537154
2021-01-29,37.0,37.5,35.8,36.05,52158893
2021-02-01,36.5,38.45,35.4,38.2,51185628
2021-02-02,38.65,39.95,38.05,38.9,57099937
2021-02-03,39.15,41.35,39.1,39.7,104638908
2021-02-04,39.9,42.5,39.6,42.2,154097676
2021-02-05,42.65,44.15,41.25,43.55,146833328
2021-02-08,41.25,41.5,39.55,39.85,114554488
2021-02-09,39.6,39.75,38.4,38.75,49601029
2021-02-10,38.65,39.4,37.8,38.25,38714221
2021-02-11,38.45,39.15,38.15,38.75,33240680
2021-02-12,38.95,39.45,38.6,38.8,24770265
2021-02-15,39.05,39.45,38.6,38.9,19106327
2021-02-16,39.05,40.0,38.4,39.9,46759963
2021-02-17,40.0,40.8,39.1,40.05,71963620
2021-02-18,40.2,44.05,39.95,43.0,166636643
2021-02-19,42.75,43.25,39.6,40.4,74472617
2021-02-22,40.1,40.55,39.1,39.65,38769981
2021-02-23,39.9,41.45,39.5,40.7,43031158
2021-02-24,41.2,43.35,36.65,42.95,61230344
2021-02-25,43.55,48.0,43.4,47.15,328616125
2021-02-26,46.0,48.8,45.35,47.6,206095365
2021-03-01,48.7,49.6,47.6,48.8,123674746
2021-03-02,49.4,52.2,49.25,51.75,152393453
2021-03-03,52.2,52.65,50.6,51.0,65329850
2021-03-04,50.35,56.1,49.9,54.25,213396105
2021-03-05,54.75,55.9,50.35,52.45,112585811
2021-03-08,53.45,55.5,53.0,54.4,79729837
2021-03-09,54.95,56.5,53.1,54.85,108574936
2021-03-10,55.6,56.5,54.3,54.8,85630459
2021-03-12,55.1,56.35,52.55,53.4,126521758
2021-03-15,56.0,56.0,54.05,55.25,107841399
2021-03-16,55.8,56.2,53.5,53.9,67218075
2021-03-17,54.0,54.0,49.2,50.1,60727935
2021-03-18,52.2,53.8,50.6,52.1,158412104
2021-03-19,51.7,52.5,49.15,52.0,108069373
2021-03-22,52.05,52.8,51.25,52.2,48322688
2021-03-23,52.45,52.65,51.45,51.75,42647877
2021-03-24,51.35,51.7,49.5,49.85,42597772
2021-03-25,49.9,50.0,46.9,48.2,66287150
2021-03-26,49.0,49.5,48.45,48.7,40617084
2021-03-30,49.2,49.6,48.3,48.95,41700664
2021-03-31,48.9,49.75,48.4,48.75,28483055
2021-04-01,49.0,51.2,48.95,50.95,52965110
2021-04-05,51.0,51.1,48.4,49.0,49348313
2021-04-06,49.4,50.5,48.25,49.35,38527134
2021-04-07,49.35,50.8,49.35,50.0,35782543
2021-04-08,49.9,53.05,49.85,51.6,85159684
2021-04-09,51.9,52.5,51.1,51.5,41928206
2021-04-12,50.0,50.0,44.3,45.05,87601428
2021-04-13,45.55,46.8,44.6,46.55,56028764
2021-04-15,46.5,47.15,45.0,46.05,40230735
2021-04-16,46.4,47.05,45.7,46.2,31881785
2021-04-19,44.0,44.6,43.0,44.05,40713340
2021-04-20,44.9,45.35,43.9,44.2,32591936
2021-04-22,44.0,44.9,43.5,44.7,26098682
2021-04-23,44.55,46.25,44.5,45.4,42258515
2021-04-26,45.8,46.55,45.55,46.15,28374188
2021-04-27,46.3,48.5,46.2,48.3,52076540
2021-04-28,48.55,48.85,47.9,48.1,33378032
2021-04-29,48.5,49.15,47.05,47.2,35047086
2021-04-30,46.8,49.4,46.2,48.3,62814554
2021-05-03,47.85,55.15,47.4,53.5,133520586
2021-05-04,55.0,56.5,52.15,52.55,154123432
2021-05-05,53.3,57.8,53.05,56.75,167171542
2021-05-06,58.85,59.3,57.0,58.05,195095327
2021-05-07,58.45,58.75,57.2,57.8,81272693
2021-05-10,58.7,66.45,58.2,65.65,258968781
2021-05-11,65.0,75.15,64.35,73.45,510138918
2021-05-12,74.25,76.6,68.25,71.4,347503495
2021-05-14,72.4,74.3,67.4,68.0,162636270
2021-05-17,69.05,71.85,66.85,71.25,119433001
2021-05-18,72.7,73.25,70.75,71.75,76124575
2021-05-19,70.65,74.35,70.2,73.75,105322060
2021-05-20,74.4,77.7,72.05,72.55,241049864
2021-05-21,73.4,73.8,71.7,72.2,63713770
2021-05-24,72.8,73.85,70.6,72.45,62656781
2021-05-25,73.15,74.85,72.7,74.5,87624494
2021-05-26,75.4,75.45,72.15,72.5,81757007
2021-05-27,72.95,74.3,71.55,73.3,72878541
2021-05-28,73.95,74.55,71.55,71.9,51857599
2021-05-31,72.05,72.45,70.8,71.05,45690142
2021-06-01,71.65,74.2,70.7,71.1,96266171
2021-06-02,71.1,73.3,70.9,72.25,48257118
2021-06-03,73.0,73.45,72.1,72.35,36304245
2021-06-04,72.35,75.25,71.3,73.9,90382724
2021-06-07,74.55,78.5,73.3,77.0,165279581
2021-06-08,77.35,77.4,74.9,75.75,64350912
2021-06-09,75.95,79.55,73.75,74.8,151104976
2021-06-10,75.35,76.5,74.7,75.8,50134183
2021-06-11,76.9,77.5,75.45,76.2,57334651
2021-06-14,69.4,69.75,61.65,67.4,188258380
2021-06-15,67.2,72.0,67.1,69.65,157719401
2021-06-16,69.45,69.6,66.35,67.0,76338651
2021-06-17,65.2,68.0,65.15,65.5,57532702
2021-06-18,66.1,67.5,60.6,64.25,85418573
2021-06-21,62.9,68.25,61.05,67.75,87907722
2021-06-22,69.0,69.35,66.5,66.75,73077525
2021-06-23,67.25,67.95,65.8,66.05,56573877
2021-06-24,66.2,66.95,64.4,64.65,43743653
2021-06-25,65.0,66.0,64.75,65.2,41261986
2021-06-28,65.5,67.2,65.15,66.3,49421642
2021-06-29,66.25,66.75,64.3,64.9,60695920
2021-06-30,65.4,66.35,64.6,65.55,52576742
2021-07-01,65.85,65.85,64.65,64.95,31115771
2021-07-02,64.5,66.45,64.4,65.85,52496916
2021-07-05,66.2,66.55,65.65,65.95,32239917
2021-07-06,65.75,66.25,64.25,64.45,29874907
2021-07-07,64.75,68.2,63.9,67.8,107610245
2021-07-08,68.0,69.0,66.35,67.05,63877406
2021-07-09,66.9,67.4,66.05,66.45,46231697
2021-07-12,67.1,68.3,65.8,66.6,39592408
2021-07-13,67.0,67.1,66.25,66.4,31055765
2021-07-14,66.35,67.1,65.55,65.85,25001862
2021-07-15,65.85,66.1,64.8,64.95,23376344
2021-07-16,65.1,67.0,65.05,66.25,35622518
2021-07-19,65.25,65.75,63.8,64.0,45955101
2021-07-20,64.35,64.75,62.4,63.2,39112354
2021-07-22,63.7,64.9,63.7,64.55,22648698
2021-07-23,64.65,65.1,63.65,63.95,21843100
2021-07-26,63.9,64.0,62.5,62.7,20830093
2021-07-27,63.1,63.95,61.25,61.5,31595300
2021-07-28,61.6,61.7,58.8,60.3,48463361
2021-07-29,60.5,61.45,59.35,60.2,36237615
2021-07-30,60.55,62.25,58.8,59.4,64497796
2021-08-02,58.1,61.35,57.15,59.85,73899617
2021-08-03,60.3,60.6,58.9,59.1,30057995
2021-08-04,59.6,60.0,57.75,58.0,28143341
2021-08-05,57.5,57.6,55.0,57.25,57870302
2021-08-06,56.9,58.85,56.6,57.55,30135489
2021-08-09,57.65,57.9,55.6,56.0,24710657
2021-08-10,56.0,57.3,53.6,54.6,32237188
2021-08-11,54.6,55.15,52.9,54.5,35786362
2021-08-12,54.65,56.2,54.5,55.85,29271670
2021-08-13,55.8,56.35,54.85,55.6,25049016
2021-08-16,55.6,55.8,54.0,54.2,26369729
2021-08-17,54.0,54.65,52.6,52.75,30710411
2021-08-18,52.65,55.1,52.05,54.45,48195539
2021-08-20,53.95,54.35,51.15,51.65,35462206
2021-08-23,52.0,52.55,49.95,51.45,41180042
2021-08-24,51.4,53.5,50.85,53.25,34796030
2021-08-25,53.25,53.65,52.65,53.1,26650342
2021-08-26,53.1,53.4,51.8,52.0,22209147
2021-08-27,52.45,54.7,52.3,54.2,47297035
2021-08-30,54.35,55.15,53.35,54.1,29654256
2021-08-31,54.1,54.2,52.15,52.55,30251959
2021-09-01,54.5,55.55,52.6,54.95,77814672
2021-09-02,54.95,55.55,54.35,54.7,34975008
2021-09-03,54.7,56.2,54.0,55.45,41379799
2021-09-06,55.85,56.35,55.05,55.45,26518805
2021-09-07,55.5,56.8,54.0,55.3,41841969
2021-09-08,55.3,56.3,55.05,55.7,24443457
2021-09-09,55.4,56.25,55.2,55.65,18226347
2021-09-13,55.7,55.9,55.0,55.15,21565898
2021-09-14,55.4,58.5,55.2,58.0,59747450
2021-09-15,58.4,58.5,57.5,57.9,28300364
2021-09-16,58.15,59.95,57.55,58.2,38178964
2021-09-17,58.45,58.85,56.25,56.55,38626513
2021-09-20,55.85,56.6,53.6,54.05,26766122
2021-09-21,54.05,54.65,53.05,54.4,25946767
2021-09-22,54.3,57.4,54.25,57.05,33744100
2021-09-23,57.5,58.05,57.0,57.15,22157667
2021-09-24,57.15,59.15,55.85,56.25,53416142
2021-09-27,56.7,57.6,55.9,56.95,22672655
2021-09-28,56.95,60.9,56.85,60.35,117412631
2021-09-29,60.9,63.95,60.4,62.8,130367062
2021-09-30,63.25,65.25,62.45,64.65,84962917
2021-10-01,64.3,66.3,63.6,65.6,73574574
2021-10-04,65.95,66.2,64.7,65.55,43796233
2021-10-05,65.55,68.0,65.35,66.25,59198873
2021-10-06,66.8,67.1,62.7,63.2,47534375
2021-10-07,63.9,64.85,63.1,63.25,30079052
2021-10-08,63.7,66.25,63.05,65.45,60132715
2021-10-11,65.7,68.3,64.85,66.75,79804445
2021-10-12,66.65,71.2,65.9,70.6,194579626
2021-10-13,71.7,80.35,71.5,76.25,284153085
2021-10-14,77.0,77.7,74.0,74.35,63824644
2021-10-18,74.9,77.45,74.1,74.6,62935135
2021-10-19,74.9,76.55,67.95,69.6,60458394
2021-10-20,69.9,73.6,68.25,72.9,90667104
2021-10-21,73.2,73.9,69.75,71.55,80710120
2021-10-22,71.8,72.55,68.95,69.3,45361973
2021-10-25,70.05,70.3,67.55,68.7,46106791
2021-10-26,68.9,72.1,68.65,71.65,61931483
2021-10-27,71.8,73.1,70.25,70.9,49001065
2021-10-28,70.85,70.85,67.35,67.95,45480814
2021-10-29,67.4,69.35,63.75,68.25,74880481
2021-11-01,68.8,72.0,68.7,71.75,47088878
2021-11-02,71.8,73.0,71.5,72.35,43239091
2021-11-03,72.7,73.8,70.85,71.4,40004115
2021-11-04,72.0,72.4,71.45,71.65,5126467
2021-11-08,72.15,73.9,71.95,73.0,40376175
2021-11-09,73.0,74.5,71.6,72.1,60335360
2021-11-10,68.8,69.85,66.0,66.25,138304800
2021-11-11,67.1,67.1,64.2,64.8,39623805
2021-11-12,65.0,65.75,63.75,65.15,36992832
2021-11-15,65.15,65.5,63.8,64.15,18093447
2021-11-16,64.1,64.6,63.35,63.7,18854850
2021-11-17,63.5,64.95,63.3,64.05,19432448
2021-11-18,64.5,64.75,61.85,62.3,24759369
2021-11-22,62.2,62.5,59.55,60.05,26537396
2021-11-23,59.8,64.4,59.3,63.7,54491542
2021-11-24,64.0,64.1,62.15,62.45,26787634
2021-11-25,62.4,63.45,61.7,62.75,28317022
2021-11-26,62.0,62.4,59.0,59.45,35551381
2021-11-29,59.4,59.9,56.8,57.8,34876783
2021-11-30,58.4,60.7,57.6,58.9,39289768
2021-12-01,59.25,60.35,57.95,60.05,33349600
2021-12-02,59.5,60.8,59.45,60.55,25902010
2021-12-03,60.55,61.85,60.25,60.45,24423428
2021-12-06,60.5,62.95,60.05,60.9,43929860
2021-12-07,61.5,62.6,61.0,62.1,24391252
2021-12-08,62.95,62.95,61.75,62.6,20955993
2021-12-09,62.7,64.45,62.0,64.15,32530991
2021-12-10,63.95,64.9,63.5,64.55,34504988
2021-12-13,65.4,66.05,63.75,63.95,23669811
2021-12-14,63.95,65.55,63.4,64.8,27498312
2021-12-15,64.75,66.0,64.0,64.5,36670268
2021-12-16,65.2,65.5,63.75,65.1,28718661
2021-12-17,65.15,65.3,59.7,60.15,61215633
2021-12-20,59.9,59.9,56.05,57.0,47400432
2021-12-21,57.75,58.8,56.7,57.3,29272382
2021-12-22,57.65,58.65,57.6,58.4,21868577
2021-12-23,58.85,59.55,58.65,58.85,20133308
2021-12-24,59.1,59.25,56.9,57.15,27427209
2021-12-27,57.0,57.9,56.3,57.6,26450977
2021-12-28,58.1,58.7,57.85,58.2,19540853
2021-12-29,58.2,58.6,57.5,58.1,15659936
2021-12-30,58.1,58.2,56.8,57.1,21703724
2021-12-31,57.4,59.45,57.25,58.95,29471570
2022-01-03,59.0,60.95,58.75,60.7,26998477
2022-01-04,60.95,61.2,59.3,60.05,23684780
2022-01-05,59.55,60.6,59.5,59.8,21100778
2022-01-06,59.15,60.55,58.55,60.15,21274724
2022-01-07,61.0,61.1,58.9,59.5,23860527
2022-01-10,59.8,62.9,59.7,62.65,46077589
2022-01-11,62.6,63.3,61.4,61.9,28263294
2022-01-12,62.05,62.6,61.3,62.35,22751471
2022-01-13,62.45,63.65,61.6,62.7,27759563
2022-01-14,62.55,64.55,62.05,63.7,38827107
2022-01-17,64.05,64.6,63.55,63.85,24887809
2022-01-18,64.0,64.1,60.35,60.65,36833735
2022-01-19,60.75,62.0,60.0,61.85,24114802
2022-01-20,62.0,62.3,61.1,61.7,16346200
2022-01-21,61.4,62.25,58.55,59.6,26625295
2022-01-24,59.8,60.1,56.3,57.25,29775640
2022-01-25,56.95,58.35,56.3,57.6,28811319
2022-01-27,57.45,60.35,57.0,59.4,51899167
2022-01-28,61.4,61.75,57.5,57.75,61785304
2022-01-31,58.2,58.8,56.8,58.0,37774703
2022-02-01,58.3,60.8,58.0,59.8,53793696
2022-02-02,60.2,61.65,59.75,60.35,32156077
2022-02-03,60.4,61.05,59.7,60.1,27294506
2022-02-04,60.2,60.2,58.5,58.75,25226133
2022-02-07,58.75,59.2,57.3,57.6,26932812
2022-02-08,57.9,58.0,55.2,55.75,41744108
2022-02-09,56.0,56.5,55.2,55.7,17705304
2022-02-10,56.0,57.45,55.6,57.05,19498660
2022-02-11,56.5,57.0,55.85,56.3,13652835
2022-02-14,55.25,55.45,52.7,53.15,26510266
2022-02-15,54.0,55.5,52.7,54.8,20300727
2022-02-16,55.3,55.7,54.45,55.1,17655412
2022-02-17,55.3,56.35,54.1,54.25,45900731
2022-02-18,54.25,54.45,53.2,53.4,17873081
2022-02-21,53.0,53.4,50.2,50.5,44296864
2022-02-22,49.7,50.1,48.2,49.45,51316741
2022-02-23,49.75,50.9,49.55,49.65,31779044
2022-02-24,47.95,48.25,44.0,44.35,48563259
2022-02-25,47.6,49.45,46.1,48.15,61882199
2022-02-28,48.0,50.15,47.0,49.85,41519924
2022-03-02,49.7,51.0,49.05,50.4,33734292
2022-03-03,51.1,51.6,50.15,50.45,25803995
2022-03-04,49.95,50.6,49.0,49.2,25945200
2022-03-07,48.2,49.15,47.5,48.75,25686510
2022-03-08,48.75,50.5,48.5,50.1,26663604
2022-03-09,50.45,51.0,49.85,50.65,25304136
2022-03-10,51.4,52.3,50.7,51.05,28489527
2022-03-11,51.05,52.15,50.85,51.9,23386870
2022-03-14,51.85,52.35,50.55,51.05,20912014
2022-03-15,51.45,51.75,49.7,50.2,21490509
2022-03-16,50.65,51.4,50.55,51.2,16457526
2022-03-17,51.85,51.95,51.2,51.4,16130728
2022-03-21,51.65,51.7,50.6,50.7,14160082
2022-03-22,50.75,51.15,50.1,51.0,18084732
2022-03-23,51.4,53.1,51.1,51.25,37287036
2022-03-24,51.05,52.0,50.9,51.35,17503276
2022-03-25,51.5,52.4,51.25,51.65,24798590
2022-03-28,52.0,52.0,49.6,49.85,28281264
2022-03-29,50.15,50.3,48.8,49.1,24751771
2022-03-30,49.55,50.75,49.45,50.2,25234310
2022-03-31,50.5,50.5,49.2,49.35,22962401
2022-04-01,49.5,54.2,49.45,53.85,74868337
2022-04-04,54.3,54.6,53.5,54.4,34054330
2022-04-05,54.7,56.8,54.35,56.05,34624398
2022-04-06,55.95,57.4,55.55,56.75,42528918
2022-04-07,56.8,58.65,55.9,56.55,45264070
2022-04-08,56.95,57.1,56.0,56.55,19306565
2022-04-11,56.55,57.7,56.35,56.6,19058505
2022-04-12,56.6,56.6,54.35,55.25,25159871
2022-04-13,55.55,55.9,54.55,54.7,15633459
2022-04-18,54.45,55.15,53.55,54.4,18237871
2022-04-19,55.0,55.9,52.65,53.55,26507027
2022-04-20,53.75,54.5,53.1,53.85,17850871
2022-04-21,54.1,55.1,54.05,54.7,18520814
2022-04-22,54.45,55.65,53.8,53.95,21803030
2022-04-25,53.25,53.25,51.3,51.7,31725522
2022-04-26,52.25,53.1,51.9,52.95,21251537
2022-04-27,52.5,53.4,51.75,52.6,19789916
2022-04-28,53.0,54.15,52.2,53.8,24440581
2022-04-29,54.2,54.85,52.45,52.65,20369122
2022-05-02,52.2,52.6,51.35,52.4,16280662
2022-05-04,52.5,54.4,51.85,52.35,32442013
2022-05-05,52.95,55.45,52.8,53.85,43687971
2022-05-06,52.95,52.95,50.5,51.05,37146290
2022-05-09,50.75,50.85,48.8,49.4,32286106
2022-05-10,49.25,50.55,48.1,48.35,23048696
2022-05-11,48.95,49.0,45.6,46.85,31708100
2022-05-12,46.25,46.55,44.5,45.4,29606312
2022-05-13,46.4,47.85,46.05,46.3,28207461
2022-05-16,47.0,49.1,46.05,48.65,27593828
2022-05-17,49.9,50.15,48.7,49.95,22875497
2022-05-18,49.8,50.35,49.4,49.8,20804686
2022-05-19,48.5,50.1,48.0,49.35,24918767
2022-05-20,50.0,53.5,50.0,53.1,52063254
2022-05-23,55.2,55.8,50.85,51.1,62079730
2022-05-24,51.4,51.5,50.05,50.4,23518464
2022-05-25,50.75,50.8,48.9,49.3,20752902
2022-05-26,49.45,50.5,47.7,50.2,31516573
2022-05-27,50.5,51.35,50.15,51.15,22624272
2022-05-30,51.8,52.05,51.3,51.6,15618484
2022-05-31,51.45,52.15,51.0,51.2,13815189
2022-06-01,51.5,52.4,51.2,51.7,19031052
2022-06-02,51.65,52.4,51.45,52.2,14396611
2022-06-03,52.55,52.7,50.45,50.6,16818510
2022-06-06,50.4,51.2,49.75,51.0,13106186
2022-06-07,51.0,51.35,50.1,50.5,12461144
2022-06-08,50.85,51.3,50.15,50.6,13141747
2022-06-09,50.4,50.9,50.05,50.7,10558307
2022-06-10,50.05,50.5,49.5,49.8,12084428
2022-06-13,49.0,49.2,47.25,47.45,17092346
2022-06-14,47.5,48.55,47.1,47.55,14122032
2022-06-15,48.0,48.1,47.3,47.5,10067299
2022-06-16,47.9,48.2,45.3,45.6,18970107
2022-06-17,45.6,45.8,44.6,44.85,19423105
2022-06-20,45.25,45.35,41.4,42.1,29513123
2022-06-21,43.5,44.95,42.4,44.75,22661754
2022-06-22,44.7,44.7,43.35,43.65,15810723
2022-06-23,43.9,44.75,43.5,44.3,18750796
2022-06-24,44.55,45.75,44.5,45.55,14019484
2022-06-27,46.1,46.65,45.9,45.95,12631665
2022-06-28,45.55,46.45,45.4,46.3,10726671
2022-06-29,46.2,46.45,45.65,46.15,12444297
2022-06-30,46.05,46.65,44.75,44.95,12928130
2022-07-01,44.8,45.8,44.4,45.65,11083459
2022-07-04,45.4,46.1,45.1,45.7,8313484
2022-07-05,45.9,46.35,45.0,45.2,10855459
2022-07-06,45.2,46.1,44.4,45.95,13265068
2022-07-07,46.25,47.15,46.15,47.0,12754453
2022-07-08,47.25,47.4,46.6,47.05,9073561
2022-07-11,46.75,48.2,46.6,48.05,15327095
2022-07-12,47.9,49.7,47.5,48.5,26846741
2022-07-13,48.75,48.95,48.05,48.35,11393802
2022-07-14,48.5,49.5,48.2,49.25,17190244
2022-07-15,49.35,49.7,48.8,49.55,14733964
2022-07-18,49.8,50.7,49.8,50.45,15327967
2022-07-19,50.4,51.65,50.3,51.2,17326606
2022-07-20,51.6,51.7,50.55,50.75,12672579
2022-07-21,50.95,53.95,50.55,53.45,31402684
2022-07-22,53.75,53.95,52.2,53.05,23174430
2022-07-25,53.0,54.0,52.85,53.85,22259520
2022-07-26,53.95,54.0,51.55,52.0,19616877
2022-07-27,52.05,53.15,52.0,52.7,14565909
2022-07-28,52.75,53.5,52.15,53.25,15680825
2022-07-29,53.7,54.75,53.6,53.85,19856494
2022-08-01,54.45,55.2,53.8,54.7,22164390
2022-08-02,54.55,55.45,54.25,54.55,19199618
2022-08-03,54.65,54.8,52.35,53.2,21585274
2022-08-04,53.5,53.85,52.0,52.65,29617217
2022-08-05,52.05,52.75,51.5,51.65,18574304
2022-08-08,51.7,52.55,51.6,51.85,17681708
2022-08-10,51.75,52.95,51.35,52.65,15013045
2022-08-11,53.0,53.5,52.65,52.9,12114335
2022-08-12,52.9,53.5,52.8,52.9,10763916
2022-08-16,53.2,54.1,52.9,53.9,13280628
2022-08-17,53.95,54.25,53.5,53.75,11873959
2022-08-18,53.65,56.55,53.3,56.2,51698789
2022-08-19,56.6,56.7,53.85,54.1,24153753
2022-08-22,54.1,54.1,52.05,52.3,15731612
2022-08-23,51.95,53.2,51.75,53.05,14839367
2022-08-24,53.05,53.5,52.5,53.25,13850255
2022-08-25,53.5,59.2,53.5,57.45,123809633
2022-08-26,58.0,58.75,57.5,57.85,35382649
2022-08-29,56.0,60.7,55.6,59.2,64083519
2022-08-30,60.0,60.1,58.5,58.8,24352411
2022-09-01,58.6,61.0,58.0,60.15,33962599
2022-09-02,61.15,61.35,59.0,59.3,35218282
2022-09-05,59.3,61.35,59.3,60.5,29311116
2022-09-06,60.75,61.7,60.4,60.8,29811637
2022-09-07,60.6,62.65,60.45,62.1,40008816
2022-09-08,62.9,63.7,62.75,63.05,46822765
2022-09-09,63.85,65.1,63.45,64.2,58624534
2022-09-12,64.3,64.5,63.3,63.8,20900641
2022-09-13,64.0,64.45,63.1,63.3,16512339
2022-09-14,61.4,63.6,61.4,63.1,21610596
2022-09-15,63.1,63.25,61.35,61.7,19845442
2022-09-16,61.6,62.1,58.75,59.4,27215734
2022-09-19,59.55,60.3,59.0,59.2,14671038
2022-09-20,59.7,61.0,59.65,60.1,14192397
2022-09-21,60.15,60.5,58.85,59.1,13977349
2022-09-22,59.05,59.95,58.1,59.4,16097084
2022-09-23,59.65,60.15,57.65,58.0,20665995
2022-09-26,57.75,57.75,54.9,55.35,23220636
2022-09-27,55.65,56.25,54.75,55.95,16032426
2022-09-28,56.2,57.55,55.35,57.05,29709270
2022-09-29,57.45,58.75,57.4,58.5,22008219
2022-09-30,58.45,60.35,58.15,59.9,19809915
2022-10-03,60.3,61.8,59.9,60.55,33110061
2022-10-04,61.4,62.4,61.1,62.0,19488969
2022-10-06,62.5,64.15,62.5,63.85,33973394
2022-10-07,63.75,64.2,62.75,63.9,16854426
2022-10-10,62.75,63.7,62.35,63.2,16294745
2022-10-11,63.4,63.7,60.65,60.95,19652471
2022-10-12,61.4,61.9,60.05,61.6,15229878
2022-10-13,61.9,62.35,60.3,60.65,13430722
2022-10-14,62.45,62.9,61.35,61.55,21693441
2022-10-17,61.5,63.15,60.35,62.95,20535097
2022-10-18,63.3,69.2,62.6,68.2,139761163
2022-10-19,68.2,70.15,66.55,67.55,68570758
2022-10-20,67.3,67.7,66.0,66.45,27874547
2022-10-21,66.65,67.35,64.25,65.3,29166961
2022-10-24,66.6,66.6,65.8,66.25,4732523
2022-10-25,66.85,71.75,66.5,71.1,133272405
2022-10-27,71.6,73.5,70.6,72.9,56975973
2022-10-28,73.25,74.75,71.85,73.45,70321148
2022-10-31,73.75,74.7,72.95,74.05,32571520
2022-11-01,74.0,76.65,73.6,76.05,61773051
2022-11-02,76.0,76.6,74.05,74.65,40551107
2022-11-03,74.0,76.15,73.7,75.35,22652092
2022-11-04,75.45,77.45,75.35,76.05,28838769
2022-11-07,76.6,77.2,75.45,75.85,25692239
2022-11-09,76.15,76.45,74.4,74.8,24940437
2022-11-10,74.7,76.4,74.35,75.55,23204614
2022-11-11,77.0,77.0,73.9,74.5,29429192
2022-11-14,69.3,73.15,69.05,71.4,76991767
2022-11-15,70.9,71.35,70.1,70.35,14960753
2022-11-16,70.65,71.65,69.9,70.6,14645687
2022-11-17,70.5,71.25,70.15,70.35,9283135
2022-11-18,70.5,71.0,69.6,70.75,10058932
2022-11-21,70.65,72.25,70.6,72.05,19613606
2022-11-22,72.25,75.3,71.0,74.05,49800129
2022-11-23,74.7,76.2,74.15,74.95,29457345
2022-11-24,75.3,75.95,74.4,74.8,13578346
2022-11-25,75.4,82.25,75.3,81.95,125076142
2022-11-28,83.0,84.85,81.15,81.4,77942912
2022-11-29,81.8,82.55,80.65,81.05,23237977
2022-11-30,81.55,84.0,81.55,83.7,39048501
2022-12-01,84.0,85.4,83.05,84.65,35582972
2022-12-02,85.15,91.25,84.8,90.55,151605821
2022-12-05,91.35,91.55,87.1,87.65,54166041
2022-12-06,87.35,88.8,86.85,88.0,30697492
2022-12-07,88.0,88.45,86.0,87.15,23086451
2022-12-08,86.9,88.25,85.9,87.45,25351714
2022-12-09,87.95,89.65,84.4,85.5,40894739
2022-12-12,85.85,87.1,84.05,86.75,18971694
2022-12-13,87.0,87.4,85.0,85.65,11420243
2022-12-14,86.1,86.75,85.05,85.6,11608268
2022-12-15,85.75,87.1,83.5,83.95,15595022
2022-12-16,84.0,84.5,80.25,80.8,26157996
2022-12-19,81.25,84.1,80.55,83.8,25190170
2022-12-20,83.7,84.35,81.5,84.0,18459170
2022-12-21,84.3,87.05,80.6,81.15,60162462
2022-12-22,81.7,82.1,78.4,78.9,32843415
2022-12-23,78.15,78.85,73.5,73.95,33814978
2022-12-26,74.0,77.55,73.1,76.85,28743927
2022-12-27,77.6,78.3,76.5,77.7,20578890
2022-12-28,77.65,78.3,76.65,77.2,13477427
2022-12-29,76.9,79.9,75.85,78.85,22698606
2022-12-30,79.5,80.35,78.8,79.2,21058183
2023-01-02,79.55,81.65,79.2,80.15,18024909
2023-01-03,80.65,81.25,79.85,80.35,14562959
2023-01-04,80.6,80.6,77.6,79.2,19770399
2023-01-05,79.2,82.15,79.2,81.95,32813046
2023-01-06,82.3,83.5,81.1,81.75,25418809
2023-01-09,82.35,82.75,80.75,81.45,14591225
2023-01-10,81.45,81.65,78.3,79.85,15654141
2023-01-11,79.9,81.45,79.1,81.0,12606176
2023-01-12,81.4,81.4,79.1,80.0,11149830
2023-01-13,80.25,81.3,79.6,80.7,11720884
2023-01-16,80.95,81.8,79.5,79.75,8801145
2023-01-17,79.9,80.2,78.5,79.8,9659104
2023-01-18,80.0,81.2,79.55,80.9,12217656
2023-01-19,80.95,81.8,79.6,80.0,11636323
2023-01-20,80.7,83.35,80.3,80.8,34188777
2023-01-23,81.1,81.45,79.5,80.2,10598963
2023-01-24,80.35,80.7,78.2,78.55,11680665
2023-01-25,78.5,78.6,76.25,76.7,12122314
2023-01-27,76.7,77.2,71.65,73.25,24286328
2023-01-30,73.15,74.75,72.7,74.05,15140765
2023-01-31,74.4,78.9,74.0,78.4,21605272
2023-02-01,79.15,79.7,73.9,75.6,25871135
2023-02-02,75.0,78.3,73.85,75.6,19704904
2023-02-03,76.2,76.2,73.4,74.95,20381422
2023-02-06,74.9,76.8,74.25,74.65,18279464
2023-02-07,75.2,76.3,74.45,75.1,10950829
2023-02-08,75.15,76.35,74.05,76.1,10258753
2023-02-09,76.2,76.6,74.8,76.35,10229353
2023-02-10,75.6,76.65,74.9,75.4,9331734
2023-02-13,75.9,76.5,70.55,71.55,39475505
2023-02-14,71.55,72.1,69.45,71.0,23192868
2023-02-15,71.0,72.05,69.8,71.75,11358552
2023-02-16,72.2,73.3,71.45,72.95,13731805
2023-02-17,72.25,73.3,71.6,72.4,11520434
2023-02-20,72.25,72.55,70.6,71.65,14307992
2023-02-21,71.6,72.45,70.3,70.75,10208971
2023-02-22,70.5,70.5,68.4,68.8,12057163
2023-02-23,69.15,69.8,68.0,68.95,9376810
2023-02-24,69.05,69.7,68.2,68.4,6920781
2023-02-27,68.35,68.6,66.3,67.1,10127233
2023-02-28,67.25,70.25,67.25,69.8,17700910
2023-03-01,69.75,73.1,69.5,72.8,19033336
2023-03-02,72.9,75.75,72.5,74.8,33846022
2023-03-03,75.3,75.5,74.1,74.7,12536302
2023-03-06,75.5,75.5,74.25,74.9,8700081
2023-03-08,74.5,78.35,74.2,78.05,23004128
2023-03-09,78.35,79.95,77.2,77.4,23650904
2023-03-10,76.0,78.2,75.75,77.0,17430705
2023-03-13,77.05,77.6,74.0,74.25,13019179
2023-03-14,74.35,75.0,73.35,74.8,11433968
2023-03-15,75.15,76.25,74.8,75.1,9616546
2023-03-16,75.0,76.0,73.25,75.6,10750873
2023-03-17,76.05,76.75,75.5,76.3,8659283
2023-03-20,76.25,76.35,73.6,74.25,9561209
2023-03-21,74.65,76.0,74.55,75.85,6583494
2023-03-22,76.1,76.45,74.0,74.2,8870115
2023-03-23,74.2,74.95,73.9,74.3,9246419
2023-03-24,74.25,74.5,71.4,71.8,8853059
2023-03-27,72.1,72.3,70.65,71.05,9250889
2023-03-28,71.45,71.45,69.6,70.1,8741706
2023-03-29,70.2,71.25,69.7,70.3,21242210
2023-03-31,70.7,72.4,69.8,70.05,17429246
2023-04-03,71.0,71.45,69.5,69.8,20010201
2023-04-05,70.1,70.1,67.8,68.1,33221018
2023-04-06,68.1,71.0,67.6,70.6,36406171
2023-04-10,70.9,72.75,70.8,71.3,19229627
2023-04-11,71.3,72.8,71.2,71.95,12046522
2023-04-12,74.0,74.2,71.55,71.65,30215325
2023-04-13,72.1,72.4,71.5,71.8,13653616
2023-04-17,71.8,73.0,71.0,72.65,10021225
2023-04-18,73.1,75.7,73.0,75.45,36556170
2023-04-19,75.55,76.95,75.0,75.4,19669027
2023-04-20,75.55,76.65,75.25,76.25,10833263
2023-04-21,76.0,76.45,74.65,75.25,9544452
2023-04-24,75.25,76.9,75.0,76.55,10625904
2023-04-25,76.95,77.85,76.35,77.1,15881484
2023-04-26,77.15,78.25,76.6,77.5,15774821
2023-04-27,77.45,77.7,76.85,77.3,8190609
2023-04-28,77.8,78.65,77.55,78.4,14254949
2023-05-02,78.4,82.4,78.15,81.6,35606484
2023-05-03,81.5,87.95,80.8,86.95,89592598
2023-05-04,87.0,87.9,84.8,86.05,24553286
2023-05-05,85.55,85.65,79.6,80.75,64424735
2023-05-08,81.4,82.4,79.65,81.6,31172930
2023-05-09,81.6,82.0,78.8,79.4,20842146
2023-05-10,79.2,80.95,78.2,80.6,15936655
2023-05-11,80.75,81.9,80.75,81.05,10982435
2023-05-12,81.05,81.9,80.0,80.95,14913713
2023-05-15,80.95,81.3,80.15,80.45,6660341
2023-05-16,80.6,82.45,80.55,81.6,17397846
2023-05-17,82.0,83.2,80.2,82.25,23479447
2023-05-18,82.95,83.6,81.5,81.65,15242495
2023-05-19,81.85,81.85,79.5,80.05,14458238
2023-05-22,80.35,80.5,79.15,79.3,16522857
2023-05-23,79.5,81.2,79.2,80.45,13196912
2023-05-24,80.2,81.0,79.85,80.0,7944636
2023-05-25,80.05,82.2,79.9,81.9,15727153
2023-05-26,82.1,82.2,78.4,78.95,34064193
2023-05-29,79.1,83.6,77.25,83.0,69936887
2023-05-30,82.95,83.9,81.55,82.05,21708061
2023-05-31,82.15,82.45,80.85,81.9,14009026
2023-06-01,82.0,83.3,81.8,82.0,11738032
2023-06-02,82.45,83.9,82.0,83.2,18339998
2023-06-05,83.5,86.0,83.35,85.6,27799817
2023-06-06,84.05,84.5,82.2,83.85,33451773
2023-06-07,84.0,84.95,83.85,84.2,14636223
2023-06-08,84.2,85.9,84.1,84.3,17859626
2023-06-09,84.4,86.6,83.05,85.8,27565304
2023-06-12,86.2,86.9,85.2,85.8,13270970
2023-06-13,86.3,86.75,84.8,85.1,15766317
2023-06-14,85.1,85.3,83.35,83.85,12406707
2023-06-15,84.15,85.6,83.75,84.55,13288056
2023-06-16,86.0,87.35,85.2,86.75,34525441
2023-06-19,87.9,90.15,87.1,87.35,48262241
2023-06-20,86.65,88.4,85.95,87.95,20356316
2023-06-21,88.4,88.4,86.45,86.9,12787420
2023-06-22,86.9,87.2,85.1,85.75,14017753
2023-06-23,85.5,85.5,83.35,84.65,17269470
2023-06-26,85.1,85.1,83.3,83.8,12716576
2023-06-27,84.15,85.35,84.1,84.35,8859692
2023-06-28,84.7,85.8,84.5,85.05,14368143
2023-06-30,85.5,88.45,85.1,87.65,25365133
2023-07-03,87.65,89.15,87.1,88.3,19684273
2023-07-04,88.5,88.75,86.65,86.9,16087313
2023-07-05,87.6,93.4,87.1,92.95,83791105
2023-07-06,93.45,95.3,92.7,93.1,56439123
2023-07-07,92.55,93.0,89.25,91.6,31284507
2023-07-10,91.75,92.15,90.1,91.2,11075931
2023-07-11,91.7,94.5,91.5,93.95,22800419
2023-07-12,94.7,95.75,93.8,94.3,25725680
2023-07-13,94.9,96.5,91.35,91.8,36009798
2023-07-14,92.5,92.9,91.05,92.1,12918080
2023-07-17,92.5,93.65,92.2,93.0,11898240
2023-07-18,93.0,95.95,92.05,94.85,37436831
2023-07-19,95.35,96.3,94.35,94.95,20977209
2023-07-20,95.2,96.95,94.7,95.75,24047166
2023-07-21,95.2,97.25,94.1,94.5,26435192
2023-07-24,95.0,98.7,94.8,98.05,29251662
2023-07-25,98.7,99.6,97.2,97.75,27110132
2023-07-26,98.0,101.85,97.8,101.2,41205469
2023-07-27,101.7,103.85,101.55,103.5,31217241
2023-07-28,103.5,104.0,101.35,103.1,19471153
2023-07-31,103.6,105.45,102.85,104.05,20986122
2023-08-01,104.7,107.1,104.3,104.7,22397728
2023-08-02,104.45,104.85,99.0,100.55,28667271
2023-08-03,100.5,102.5,99.0,100.75,19267199
2023-08-04,101.35,103.15,98.6,98.95,31396068
2023-08-07,95.45,99.6,94.8,96.6,36847815
2023-08-08,97.65,100.95,97.25,98.85,26841111
2023-08-09,99.35,101.95,98.6,101.25,20454065
2023-08-10,101.45,102.4,99.25,99.85,14663080
2023-08-11,100.45,103.95,99.85,103.05,30945987
2023-08-14,103.0,103.0,100.45,101.8,12302674
2023-08-16,101.0,101.45,98.65,99.85,17684303
2023-08-17,99.85,101.75,99.6,99.9,11091212
2023-08-18,100.1,100.35,97.75,98.0,12953826
2023-08-21,98.65,101.2,97.5,100.95,20365580
2023-08-22,101.5,112.85,101.05,111.05,100869823
2023-08-23,113.0,113.0,108.55,109.5,52947192
2023-08-24,111.5,113.05,107.05,107.65,43168726
2023-08-25,107.65,109.2,105.0,105.25,26019715
2023-08-28,106.8,110.5,106.05,109.55,41415363
2023-08-29,109.8,115.6,109.05,114.65,65979986
2023-08-30,115.5,119.5,114.0,118.7,80676360
2023-08-31,120.9,122.0,118.7,121.25,68540952
2023-09-01,122.0,137.1,121.4,136.15,192280009
2023-09-04,137.25,140.65,134.6,138.75,92488417
2023-09-05,139.7,143.6,137.15,138.4,52060353
2023-09-06,138.5,138.6,134.5,135.55,26583311
2023-09-07,135.8,138.95,135.0,137.7,25911001
2023-09-08,138.6,146.4,138.6,145.3,71729474
2023-09-11,146.4,148.9,139.0,139.85,76013022
2023-09-12,141.45,141.5,124.2,125.65,86077435
2023-09-13,126.95,130.7,121.6,128.8,74638974
2023-09-14,129.55,134.25,126.15,129.9,63995422
2023-09-15,130.8,132.05,126.7,127.6,23253842
2023-09-18,128.45,129.7,126.0,126.45,16251908
2023-09-20,126.0,127.45,123.15,123.6,20538834
2023-09-21,123.0,127.0,122.15,124.25,32859985
2023-09-22,125.0,125.6,123.3,124.4,18256470
2023-09-25,124.85,126.95,123.7,125.25,37608586
2023-09-26,125.75,125.95,123.1,124.35,16917591
2023-09-27,124.35,127.6,122.85,126.9,28571024
2023-09-28,127.3,131.2,125.95,126.65,54115299
2023-09-29,128.3,131.7,128.1,131.0,29692801
2023-10-03,131.0,132.4,129.9,131.15,18947214
2023-10-04,130.8,130.8,125.7,127.55,21432884
2023-10-05,128.3,130.5,127.1,127.4,14679290
2023-10-06,128.1,129.9,127.55,128.9,13871322
2023-10-09,127.05,127.9,124.35,126.45,17709670
2023-10-10,127.0,131.45,127.0,131.2,23073503
2023-10-11,131.8,132.6,129.3,130.85,18607776
2023-10-12,131.05,133.75,130.25,130.65,18231128
2023-10-13,129.95,130.2,127.5,128.35,14077735
2023-10-16,128.1,131.6,127.0,131.15,15014283
2023-10-17,131.9,133.6,130.1,132.45,23757135
2023-10-18,132.75,133.7,128.2,129.2,25434863
2023-10-19,128.2,129.95,127.1,129.2,18139312
2023-10-20,128.95,130.1,124.55,125.2,17288411
2023-10-23,125.2,125.75,116.85,117.75,19539996
2023-10-25,118.05,120.25,114.05,116.3,20235803
2023-10-26,115.4,118.25,113.5,117.85,18497619
2023-10-27,118.65,120.55,117.4,117.65,13964054
2023-10-30,118.2,121.45,117.7,120.7,18259367
2023-10-31,121.45,122.4,119.5,120.85,13504849
2023-11-01,121.3,123.0,120.7,121.55,11853409
2023-11-02,122.55,128.5,122.35,128.05,22803638
2023-11-03,129.0,132.45,128.05,128.6,27932123
2023-11-06,129.4,131.2,127.65,130.05,13327821
2023-11-07,130.25,130.8,128.35,128.95,10828413
2023-11-08,129.6,130.25,124.55,125.3,15189519
2023-11-09,124.05,127.4,121.95,125.8,33342195
2023-11-10,125.55,130.2,123.8,129.05,24894388
2023-11-12,129.5,129.7,128.45,129.0,2528861
2023-11-13,128.95,138.0,128.7,136.5,77439295
2023-11-15,138.0,138.35,135.3,137.4,24142281
2023-11-16,137.4,140.85,137.25,138.65,29402772
2023-11-17,138.75,143.2,137.55,141.85,28788415
2023-11-20,142.6,143.15,139.85,140.95,19703693
2023-11-21,141.5,141.55,136.2,139.6,19689241
2023-11-22,140.0,141.75,139.25,141.15,14276386
2023-11-23,141.5,144.2,141.1,142.75,22350588
2023-11-24,143.7,155.4,142.25,152.25,109749908
2023-11-28,152.5,157.8,151.5,156.05,48716588
2023-11-29,161.0,166.0,158.25,165.05,66299728
2023-11-30,165.75,176.5,160.8,170.45,125768226
2023-12-01,171.35,174.15,169.5,170.5,37623687
2023-12-04,175.1,176.6,170.8,174.05,43592841
2023-12-05,174.05,181.65,173.3,176.7,43939364
2023-12-06,177.7,181.0,174.85,178.45,24652623
2023-12-07,178.9,184.4,176.35,183.3,28058369
2023-12-08,183.8,183.85,173.2,176.7,36422560
2023-12-11,177.45,181.45,177.05,179.65,20541517
2023-12-12,180.0,180.75,176.25,177.9,14211330
2023-12-13,178.0,181.9,176.35,179.65,21665601
2023-12-14,180.25,184.2,180.25,181.4,23427830
2023-12-15,184.0,186.2,181.0,181.55,25157198
2023-12-18,181.55,188.25,179.9,187.4,25404383
2023-12-19,187.4,188.3,182.45,184.75,19460688
2023-12-20,186.0,190.45,169.6,172.0,39496283
2023-12-21,168.95,181.15,165.8,180.45,31883299
2023-12-22,181.05,181.35,175.9,178.3,19064120
2023-12-26,179.5,184.3,178.65,182.2,37756996
2023-12-27,183.4,185.65,180.0,181.95,17855973
2023-12-28,182.5,193.95,182.0,192.6,80428777
2023-12-29,191.95,199.7,191.3,193.55,56016618
2024-01-01,199.0,204.65,196.9,198.15,75665268
2024-01-02,203.0,204.9,197.6,202.0,72765808
2024-01-03,201.8,201.8,193.5,194.4,52393773
2024-01-04,195.85,196.75,191.85,195.05,30243640
2024-01-05,196.05,197.9,192.85,195.8,31168193
2024-01-08,195.9,200.15,193.5,195.15,24173941
2024-01-09,196.85,199.25,194.75,195.6,20766773
2024-01-10,196.0,201.0,192.0,199.65,39855938
2024-01-11,201.0,201.95,196.75,197.75,26199838
2024-01-12,198.0,199.15,195.6,196.45,14384270
2024-01-15,204.5,204.5,199.0,201.25,39361703
2024-01-16,202.05,203.75,197.0,203.0,36297046
2024-01-17,200.25,213.2,200.2,207.1,104586370
2024-01-18,209.5,213.15,196.3,212.15,68991855
2024-01-19,215.0,223.0,212.5,222.25,63867429
2024-01-20,224.5,225.5,217.85,219.75,23302300
2024-01-23,221.5,221.9,201.55,202.95,45960109
2024-01-24,204.5,211.35,200.7,209.9,32560581
2024-01-25,211.0,220.6,211.0,219.9,34410301
2024-01-29,221.0,223.2,219.9,221.3,22269048
2024-01-30,223.45,234.45,222.3,227.95,46928698
2024-01-31,228.0,232.25,225.1,228.25,19835653
2024-02-01,230.5,232.0,223.2,227.5,26372822
2024-02-02,229.7,235.7,229.0,233.8,31480257
2024-02-05,234.65,243.25,232.35,235.3,32248058
2024-02-06,236.3,236.3,228.35,231.8,20312567
2024-02-07,232.3,238.0,228.7,231.55,20297349
2024-02-08,232.0,236.95,229.75,230.8,20903389
2024-02-09,236.5,236.6,217.35,227.55,49500870
2024-02-12,228.0,230.15,214.2,216.7,28287984
2024-02-13,217.0,217.45,201.35,213.35,58782489
2024-02-14,202.5,226.2,202.5,224.45,48738557
2024-02-15,227.5,233.15,224.8,227.55,30765077
2024-02-16,228.55,230.5,224.95,225.85,20099858
2024-02-19,226.65,230.65,225.05,225.7,12184195
2024-02-20,226.9,233.8,225.95,230.9,22994469
2024-02-21,232.0,232.35,220.05,221.9,22193528
2024-02-22,224.0,229.4,220.95,228.5,25023398
2024-02-23,229.45,233.75,228.5,229.6,21463226
2024-02-26,229.8,232.15,226.25,228.05,14288582
2024-02-27,228.05,228.4,221.75,222.6,22497412
2024-02-28,223.65,230.45,221.0,224.7,36680021
2024-02-29,225.85,233.0,219.75,227.55,150876575
2024-03-01,230.0,237.35,229.6,235.3,35475431
2024-03-02,236.55,238.0,235.65,235.9,2267556
2024-03-04,237.1,275.85,237.1,264.55,246246357
2024-03-05,265.5,271.7,254.7,265.8,64079248
2024-03-06,270.7,272.0,249.6,255.2,81812288
2024-03-07,256.75,261.05,254.8,257.5,26124937
2024-03-11,259.1,259.55,253.65,254.55,20685651
2024-03-12,255.0,255.85,243.15,244.1,27919780
2024-03-13,245.0,246.25,222.05,225.3,42267395
2024-03-14,224.8,232.3,221.95,226.45,38281171
2024-03-15,225.5,227.7,207.1,216.75,52563647
2024-03-18,216.75,226.9,213.4,224.3,30924687
2024-03-19,224.25,226.45,217.25,218.8,21463953
2024-03-20,220.0,225.95,215.8,224.75,21903121
2024-03-21,229.9,237.95,228.0,237.2,36784553
2024-03-22,235.0,240.35,234.55,239.1,18998595
2024-03-26,238.5,240.45,236.2,239.8,12328059
2024-03-27,241.35,249.5,240.5,243.1,22974438
2024-03-28,253.05,253.7,245.6,247.3,28014588
2024-04-01,249.0,254.85,248.5,253.75,16746624
2024-04-02,253.75,254.9,249.8,252.2,18413211
2024-04-03,250.55,254.65,248.65,251.8,19412822
2024-04-04,253.0,256.9,247.45,251.5,15849252
2024-04-05,251.5,255.9,247.75,254.95,14549888
2024-04-08,255.75,258.3,254.15,256.45,12516140
2024-04-09,257.2,259.9,253.35,255.75,13774213
2024-04-10,256.8,265.3,255.95,262.5,35119907
2024-04-12,258.6,269.2,258.0,262.5,22621987
2024-04-15,254.2,261.95,252.55,256.5,21131641
2024-04-16,255.0,260.45,251.55,257.75,14383707
2024-04-18,259.6,263.0,251.7,253.2,17532083
2024-04-19,250.75,256.35,246.25,254.55,16875480
2024-04-22,257.45,261.0,254.5,259.35,12338668
2024-04-23,260.0,264.0,259.6,260.15,12491248
2024-04-24,261.45,265.4,258.15,264.05,14961057
2024-04-25,265.0,273.9,264.1,271.6,29632042
2024-04-26,274.45,281.45,274.25,278.85,33600079
2024-04-29,281.9,281.9,274.8,276.9,16489028
2024-04-30,278.7,284.8,277.4,281.7,25044316
2024-05-02,283.1,300.25,282.15,292.7,52394156
2024-05-03,296.0,318.3,294.1,305.0,130758171
2024-05-06,308.15,308.6,281.05,288.95,67553636
2024-05-07,290.0,290.0,276.7,280.25,34027122
2024-05-08,280.0,290.65,278.65,286.3,30462793
2024-05-09,286.65,286.65,270.95,273.15,26191548
2024-05-10,274.95,276.8,267.05,274.3,26800050
2024-05-13,274.4,286.3,267.3,283.3,31570308
2024-05-14,284.0,289.4,282.0,288.25,18050458
2024-05-15,289.4,293.2,288.1,291.35,15400221
2024-05-16,293.6,297.0,287.5,294.8,16245511
2024-05-17,295.4,301.8,293.8,299.9,20721512
2024-05-18,302.1,313.0,302.0,310.35,9907720
2024-05-21,311.9,322.5,308.4,319.2,42280416
2024-05-22,302.0,309.65,295.0,301.95,74932755
2024-05-23,303.85,308.7,300.5,304.8,26563225
2024-05-24,304.8,310.2,302.4,305.65,22736707
2024-05-27,307.25,307.45,296.8,298.55,26504237
2024-05-28,299.9,300.9,290.5,291.5,22303081
2024-05-29,291.0,296.95,288.65,294.1,15049196
2024-05-30,293.7,295.3,289.3,290.75,13070194
2024-05-31,292.4,300.6,288.55,298.9,27964255
2024-06-03,320.0,321.0,308.15,311.45,33744563
2024-06-04,311.05,311.05,224.05,246.55,122751545
2024-06-05,255.0,258.2,225.0,255.35,59449633
2024-06-06,269.9,292.35,267.0,277.95,111330080
2024-06-07,279.0,286.0,275.35,285.5,32634629
2024-06-10,288.4,290.55,282.75,284.45,17918606
2024-06-11,286.0,296.35,285.3,295.2,29060221
2024-06-12,295.5,298.7,291.1,295.15,18978949
2024-06-13,297.2,305.55,292.4,303.95,26007861
2024-06-14,305.15,309.45,299.8,305.7,24901598
2024-06-18,308.5,310.6,303.35,305.6,20245612
2024-06-19,306.95,306.95,296.05,297.05,22855416
2024-06-20,298.4,298.4,291.5,293.4,26187852
2024-06-21,294.0,299.75,291.5,295.05,22108141
2024-06-24,294.0,297.85,288.5,294.7,15182677
2024-06-25,295.7,299.85,292.65,293.9,15320510
2024-06-26,294.2,297.55,293.0,295.75,12663797
2024-06-27,295.85,300.65,291.8,296.95,25624094
2024-06-28,306.0,307.9,300.0,300.85,32298955
2024-07-01,301.95,304.25,297.2,302.4,12526215
2024-07-02,303.7,303.8,293.75,297.15,12935465
2024-07-03,298.3,313.5,297.6,311.3,37577666
2024-07-04,313.8,317.3,309.5,311.05,31457159
2024-07-05,310.7,322.0,308.3,316.4,37284773
2024-07-08,317.3,329.95,315.55,328.35,45685018
2024-07-09,331.0,335.35,323.2,329.5,39457293
2024-07-10,330.9,331.2,314.6,327.95,25392018
2024-07-11,329.5,334.8,328.4,332.7,23370124
2024-07-12,332.0,333.65,321.3,325.9,19411215
2024-07-15,327.45,328.4,322.1,325.4,10789487
2024-07-16,325.4,327.45,319.15,320.0,9882249
2024-07-18,319.75,319.75,306.2,308.6,21439407
2024-07-19,305.95,307.7,292.75,294.1,26877331
2024-07-22,294.1,306.35,289.1,304.9,19646190
2024-07-23,306.6,315.55,283.0,307.35,65820195
2024-07-24,308.0,313.25,306.85,309.15,15750887
2024-07-25,305.0,312.5,301.0,311.55,13306048
2024-07-26,313.5,318.25,310.75,317.3,16011265
2024-07-29,327.0,327.0,319.1,323.05,25820136
2024-07-30,323.0,327.0,316.6,317.4,16317537
2024-07-31,316.4,319.45,311.85,315.25,26845162
2024-08-01,314.7,319.95,305.85,308.5,23814781
2024-08-02,303.4,309.6,300.6,301.65,16899884
2024-08-05,292.0,295.9,285.0,291.65,25762827
2024-08-06,292.0,301.9,285.7,287.55,17719054
2024-08-07,293.4,305.6,292.3,304.6,18911910
2024-08-08,304.9,304.9,297.1,297.85,11640751
2024-08-09,302.0,305.8,299.15,302.2,12805164
2024-08-12,300.05,302.65,296.55,298.7,11827604
2024-08-13,300.55,301.35,289.0,289.95,11461814
2024-08-14,291.85,293.4,286.3,290.0,10643943
2024-08-16,293.0,297.65,289.3,296.55,10118811
2024-08-19,297.9,299.5,293.35,293.75,9809448
2024-08-20,294.35,296.9,291.65,296.4,7415963
2024-08-21,296.3,297.7,294.85,296.65,4898623
2024-08-22,298.0,302.5,296.85,299.65,12084994
2024-08-23,299.95,301.35,295.25,296.2,7528035
2024-08-26,297.75,304.0,294.6,297.3,15560440
2024-08-27,298.9,299.8,296.6,297.8,6802421
2024-08-28,298.0,298.75,293.95,294.6,6579323
2024-08-29,294.95,294.95,287.1,291.0,11000139
2024-08-30,291.7,293.45,289.75,290.55,9721851
2024-09-02,291.0,292.0,285.05,286.8,6500598
2024-09-03,287.2,290.2,285.85,286.35,5677328
2024-09-04,283.5,284.8,276.8,278.7,14798436
2024-09-05,279.0,280.45,270.25,273.55,18037015
2024-09-06,272.05,273.2,263.15,263.8,20003822
2024-09-09,263.7,265.8,258.2,262.05,17426762
2024-09-10,263.15,267.7,261.85,264.5,11350960
2024-09-11,265.05,267.2,257.35,258.75,10164459
2024-09-12,260.15,266.5,259.65,266.0,12118164
2024-09-13,267.0,267.45,263.25,264.3,7917998
2024-09-16,264.3,270.7,263.75,269.5,10495634
2024-09-17,269.75,269.85,264.25,264.85,7503456
2024-09-18,264.95,268.0,262.75,265.3,8732556
2024-09-19,266.6,267.75,249.45,257.15,17353175
2024-09-20,258.45,266.8,257.85,266.15,13916388
2024-09-23,274.0,275.6,269.2,274.2,21859230
2024-09-24,275.0,283.45,272.3,282.25,21252167
2024-09-25,282.8,284.7,278.8,282.15,12868230
2024-09-26,282.15,283.3,277.9,280.65,8488686
2024-09-27,285.05,291.1,283.2,287.55,45809973
2024-09-30,284.8,284.9,274.65,279.7,22843205
2024-10-01,280.4,285.5,279.0,280.45,13449947
2024-10-03,274.2,277.85,266.35,268.95,15222490
2024-10-04,268.95,272.75,262.25,267.6,11763747
2024-10-07,269.5,269.95,254.15,256.65,11421742
2024-10-08,256.0,267.5,254.9,265.5,16215450
2024-10-09,265.35,269.3,262.5,264.3,8894689
2024-10-10,265.3,273.15,265.15,271.35,12825979
2024-10-11,271.25,273.9,268.5,270.0,6125003
2024-10-14,270.65,273.25,267.3,268.75,5634973
2024-10-15,270.0,272.6,267.75,271.6,5601497
2024-10-16,271.65,275.55,268.85,269.6,5147947
2024-10-17,269.8,270.5,252.95,254.2,20613475
2024-10-18,253.8,255.8,246.5,253.85,18204264
2024-10-21,255.5,257.95,245.0,247.65,12966258
2024-10-22,247.65,248.0,231.65,232.8,22786450
2024-10-23,233.0,235.4,222.55,223.7,55940287
2024-10-24,224.1,229.8,222.05,227.3,26378660
2024-10-25,228.0,228.2,210.7,216.85,38742027
2024-10-28,218.35,238.5,213.25,229.75,57158451
2024-10-29,232.8,236.0,227.5,235.0,29437193
2024-10-30,234.95,243.1,230.75,236.6,21343526
2024-10-31,236.5,240.8,232.85,239.0,14333246
2024-11-01,240.9,243.0,240.5,241.97,3323181
2024-11-04,242.95,242.95,230.8,233.39,17322490
2024-11-05,234.0,236.4,229.5,235.25,11731176
2024-11-06,237.5,249.2,236.13,247.98,23232573
2024-11-07,248.39,249.4,243.9,244.29,8342302
2024-11-08,245.0,245.5,237.4,239.04,9480514
2024-11-11,237.4,242.45,234.81,239.22,7671938
2024-11-12,239.4,239.84,229.0,230.22,10589650
2024-11-13,229.71,229.71,221.5,222.56,11397140
2024-11-14,222.36,227.8,220.71,223.71,10187321
2024-11-18,225.11,226.35,219.66,222.67,11297324
2024-11-19,224.0,233.2,223.6,225.88,12068006
2024-11-21,225.45,229.24,218.12,227.94,14856780
2024-11-22,228.1,236.15,226.8,234.39,15168514
2024-11-25,241.9,245.74,240.4,241.22,16392929
2024-11-26,243.5,247.6,243.1,243.97,12353100
2024-11-27,243.09,248.39,241.5,247.66,9980383
2024-11-28,249.36,253.8,247.66,252.49,17770794
2024-11-29,253.0,253.79,247.41,251.09,8530849
2024-12-02,249.75,251.25,248.1,249.65,5206287
2024-12-03,250.45,253.8,250.1,252.35,5163693
2024-12-04,252.85,256.55,250.3,251.35,8341454
2024-12-05,252.0,252.9,247.75,251.8,6737876
2024-12-06,251.9,252.85,248.25,249.05,7762375
2024-12-09,248.4,254.4,247.3,249.55,9382718
2024-12-10,250.15,255.65,247.6,248.6,13142458
2024-12-11,251.0,254.4,248.6,253.7,10687907
2024-12-12,253.8,254.45,244.0,244.5,13847859
2024-12-13,244.0,244.15,237.35,242.75,9230527
2024-12-16,242.75,248.2,242.35,247.6,8698753
2024-12-17,246.8,250.5,241.2,242.35,7406625
2024-12-18,243.0,243.4,237.5,239.85,9599459
2024-12-19,232.45,243.05,232.0,242.25,10935031
2024-12-20,242.25,244.95,234.5,235.3,12507201
2024-12-23,238.35,243.85,235.1,240.95,14608700
2024-12-24,242.0,243.8,238.65,239.35,6497376
2024-12-26,240.3,242.55,238.1,241.75,7197644
2024-12-27,242.0,242.7,234.8,235.4,6572582
2024-12-30,235.65,235.9,223.6,225.6,34741159
2024-12-31,225.6,231.55,225.25,229.4,8401290
2025-01-01,230.01,234.1,227.33,233.23,7758093
2025-01-02,233.0,233.7,227.5,232.74,13936789
2025-01-03,233.0,236.77,229.66,230.06,10901266
2025-01-06,231.5,231.5,219.19,219.82,15604026
2025-01-07,221.0,226.28,218.65,224.82,12709847
2025-01-08,224.82,225.67,217.78,221.37,9124370
2025-01-09,223.85,223.85,215.8,216.38,9403979
2025-01-10,216.38,216.65,203.11,204.49,20791872
2025-01-13,200.0,201.0,191.66,192.58,23244835
2025-01-14,193.7,199.4,191.77,197.1,16773870
2025-01-15,199.0,205.4,198.05,202.16,13345400
2025-01-16,205.0,211.72,204.35,210.59,12785825
2025-01-17,210.29,214.89,208.0,214.08,11603310
2025-01-20,215.15,218.5,213.25,216.92,7252346
2025-01-21,217.19,218.24,208.8,209.55,8267629
2025-01-22,210.0,210.19,199.37,205.46,11550327
2025-01-23,204.3,208.1,203.2,206.49,11501338
2025-01-24,207.0,208.66,199.5,200.19,9344993
2025-01-27,199.0,199.0,193.1,194.54,8410047
2025-01-28,196.25,197.45,186.0,187.62,17826505
2025-01-29,184.14,200.52,184.14,199.86,38044200
2025-01-30,201.0,201.7,194.03,196.37,12911947
2025-01-31,198.5,208.68,195.79,208.09,21137642
2025-02-01,209.56,214.4,196.6,200.02,24872103
2025-02-03,197.82,197.9,189.63,196.24,23794278
2025-02-04,198.0,207.8,197.56,206.72,22318249
2025-02-05,207.06,212.57,206.48,209.01,13834798
2025-02-06,211.1,211.1,204.09,204.84,6329168
2025-02-07,205.0,206.4,201.3,202.84,7630722
2025-02-10,209.0,209.8,201.73,202.98,19309166
2025-02-11,203.59,203.9,193.5,199.71,18788514
2025-02-12,200.7,200.83,190.1,198.83,18458569
2025-02-13,199.0,205.4,199.0,201.82,10675334
2025-02-14,202.5,203.64,191.11,193.31,12360217
2025-02-17,193.31,195.81,188.5,193.47,14215439
2025-02-18,193.55,194.5,183.57,186.57,19765470
2025-02-19,184.43,195.49,183.19,195.09,16602294
2025-02-20,192.87,201.65,192.8,200.17,14019550
2025-02-21,199.84,202.15,195.5,196.41,12105028
2025-02-24,192.25,194.98,190.51,191.43,10830137
2025-02-25,191.7,196.41,187.65,194.61,18316744
2025-02-27,195.04,195.49,186.3,187.44,11545214
2025-02-28,183.0,186.52,177.6,179.17,17163841
2025-03-03,180.1,186.63,176.0,185.47,15248881
2025-03-04,182.6,193.29,180.8,192.75,16755486
2025-03-05,191.99,198.1,191.92,196.06,11759988
2025-03-06,198.0,201.5,197.0,198.4,12704429
2025-03-07,198.4,201.2,196.2,196.95,8240367
2025-03-10,197.25,200.38,191.36,192.11,7893304
2025-03-11,190.0,195.2,188.0,194.12,9057560
2025-03-12,195.4,196.47,188.75,193.63,7855326
2025-03-13,195.0,197.37,192.9,193.33,6439500
2025-03-17,195.0,197.2,192.98,195.43,6627152
2025-03-18,196.9,204.59,196.16,203.88,11404736
2025-03-19,206.0,207.75,204.11,205.69,8763675
2025-03-20,206.94,207.95,202.48,206.54,7090259
2025-03-21,206.54,213.67,206.3,211.95,14567468
2025-03-24,214.0,220.5,212.79,217.54,17162186
2025-03-25,219.7,221.9,212.85,213.6,13641191
2025-03-26,214.65,216.04,210.0,210.52,11768733
2025-03-27,210.52,216.9,208.76,213.98,37280559
2025-03-28,215.54,221.3,214.21,216.43,20677777
2025-04-01,215.15,215.7,210.05,211.69,16822545
2025-04-02,213.1,213.15,207.41,212.58,9217703
2025-04-03,209.16,220.5,209.16,218.68,14138540
2025-04-04,218.68,221.9,213.05,214.45,20924777
2025-04-07,194.0,209.09,193.5,207.7,19369229
2025-04-08,211.0,214.9,208.58,210.94,9741351
2025-04-09,210.94,214.2,205.19,211.81,10120991
2025-04-11,216.0,217.99,212.5,212.97,7830994
2025-04-15,216.0,222.65,214.15,221.8,13352688
2025-04-16,221.8,226.9,220.75,226.0,16706004
2025-04-17,228.0,229.4,224.53,227.39,14226916
2025-04-21,226.16,228.92,220.32,227.19,25601594
2025-04-22,228.0,232.45,227.1,228.32,10971980
2025-04-23,230.4,231.33,224.1,230.53,9723451
2025-04-24,229.0,231.52,226.57,230.5,13730795
2025-04-25,230.98,231.79,217.85,222.37,18081374
2025-04-28,222.37,231.39,221.56,230.31,11353051
2025-04-29,230.3,235.2,230.24,231.33,16328906
2025-04-30,231.5,232.37,225.06,226.84,8248908
2025-05-02,226.84,231.23,223.8,224.54,8095009
2025-05-05,225.0,229.49,225.0,228.72,4412046
2025-05-06,228.72,228.95,216.12,217.75,11268211
2025-05-07,213.5,226.2,213.4,225.15,16036419
2025-05-08,225.3,227.0,214.9,217.17,7896625
2025-05-09,212.1,218.0,212.1,216.63,9483894
2025-05-12,224.0,233.5,224.0,232.95,14953189
2025-05-13,233.8,243.2,233.0,238.38,26179873
2025-05-14,239.69,240.76,234.34,239.36,21213251
2025-05-15,240.0,247.67,237.59,245.68,16138842
2025-05-16,247.8,259.99,244.16,250.35,50239674
2025-05-19,252.99,253.89,243.2,243.78,15730487
2025-05-20,244.99,249.48,241.8,244.43,15814984
2025-05-21,244.5,249.54,241.8,247.42,9812359
2025-05-22,247.0,251.65,244.6,247.57,14679264
2025-05-23,247.5,255.96,245.1,254.8,18672122
2025-05-26,255.85,262.35,255.44,261.86,18231776
2025-05-27,261.99,263.4,258.48,260.17,11619198
2025-05-28,261.1,268.95,260.84,266.61,16354936
2025-05-29,266.98,269.12,264.12,266.41,12113755
2025-05-30,267.74,268.65,258.73,259.83,16166684
2025-06-02,261.05,262.9,258.65,261.4,5496542
2025-06-03,262.5,262.85,252.05,252.95,10202467
2025-06-04,253.1,254.6,250.5,253.75,7322863
2025-06-05,254.95,256.5,251.25,252.0,5868497
2025-06-06,252.8,258.3,252.05,255.7,5912223
2025-06-09,257.0,259.6,254.25,258.15,8142667
2025-06-10,259.5,263.4,258.2,260.55,13506650
2025-06-11,261.4,261.4,255.5,257.0,6312600
2025-06-12,256.35,258.0,253.15,253.8,7494477
2025-06-13,247.6,255.2,245.7,253.55,6863381
2025-06-16,253.0,256.25,248.2,254.45,5449381
2025-06-17,255.0,256.5,250.7,252.35,3780350
2025-06-18,252.35,255.25,250.25,251.8,4309390
2025-06-19,251.1,253.0,243.5,247.2,6499510
2025-06-20,247.0,252.2,246.85,250.45,7364337
2025-06-23,248.45,255.5,248.15,253.8,6599595
2025-06-24,255.95,263.8,254.2,259.95,13591549
2025-06-25,261.2,264.25,260.05,261.85,8079034
2025-06-26,262.4,265.35,260.9,264.45,8632812
2025-06-27,265.0,268.4,263.2,264.1,8256515
2025-06-30,272.0,272.1,263.45,266.3,24499093
2025-07-01,267.75,267.75,262.5,264.65,6368798
2025-07-02,264.65,265.6,259.0,260.6,4720752
2025-07-03,260.6,261.65,257.1,257.6,3482668
2025-07-04,259.0,263.35,258.15,260.15,6547713
2025-07-07,260.5,260.9,255.35,256.35,3448589
2025-07-08,256.35,259.15,256.25,258.1,3629949
2025-07-09,258.1,265.35,257.8,262.05,9205944
2025-07-10,262.5,262.6,259.65,261.3,3978183
2025-07-11,260.35,261.5,256.95,258.7,3395468
2025-07-14,258.65,259.75,255.2,257.35,2826291
2025-07-15,257.35,259.35,255.7,257.5,2785020
2025-07-17,254.35,256.4,252.15,253.25,3133140
2025-07-18,253.15,254.85,250.0,250.5,3769277
2025-07-21,251.05,255.4,248.3,254.65,3502780
2025-07-22,254.65,255.6,250.0,250.5,3295956
2025-07-23,251.6,251.8,247.75,251.2,2778287
2025-07-24,251.2,252.35,248.5,251.05,2537746
2025-07-25,249.15,250.95,239.45,240.15,6249024
2025-07-28,241.0,243.4,235.5,236.75,3829301
2025-07-29,236.25,241.6,234.25,240.55,4090733
2025-07-30,241.75,243.0,239.4,241.65,3128052
2025-07-31,238.6,241.35,237.6,238.45,4900265
2025-08-01,238.45,238.45,231.1,231.6,4328861
2025-08-04,232.1,242.2,230.33,241.43,4836529
2025-08-05,243.01,249.0,243.0,248.25,16107703
2025-08-06,249.5,249.6,238.4,239.83,11261810
2025-08-07,231.85,232.69,222.59,227.97,32931833
2025-08-08,227.5,229.11,222.24,222.71,10903726
2025-08-11,223.0,224.79,219.9,221.46,8120448
2025-08-12,222.0,225.66,220.5,222.87,5579037
2025-08-13,224.0,226.96,221.52,223.99,4866381
2025-08-14,224.48,224.8,220.42,221.33,3835220
2025-08-18,226.0,226.0,216.12,216.62,9821664
2025-08-19,217.85,220.14,216.04,219.7,5359240
2025-08-20,219.7,221.55,219.1,220.67,3150685
2025-08-21,220.98,222.43,217.98,218.48,3594173
2025-08-22,218.98,219.79,217.02,218.59,3265473
2025-08-25,219.0,219.6,216.21,216.51,2460395
2025-08-26,216.5,216.65,211.05,211.5,5248328
2025-08-28,211.5,213.71,208.05,208.51,5028650
2025-08-29,208.51,211.55,205.12,208.01,6491590
2025-09-01,209.5,213.3,209.05,212.22,6448724
2025-09-02,213.05,217.15,212.28,215.07,7347728
2025-09-03,215.2,217.36,214.22,216.97,3107124
2025-09-04,221.12,221.8,210.5,211.09,9965549
2025-09-05,211.49,213.13,209.6,212.36,3958541
2025-09-08,214.5,218.7,213.8,216.68,5280719
2025-09-09,216.68,217.0,214.08,214.52,2832092
2025-09-10,214.55,220.84,214.05,220.03,8012241
2025-09-11,220.0,230.0,219.42,229.08,28357811
2025-09-12,228.5,230.51,226.8,228.72,7574797
2025-09-15,229.7,232.85,228.3,229.67,8536557
2025-09-16,230.1,232.68,229.12,232.19,5707608
2025-09-17,233.0,234.99,232.4,234.32,5487958
2025-09-18,235.0,235.9,231.1,234.49,4534560
2025-09-19,233.94,241.35,233.71,237.17,14496280
2025-09-22,237.09,242.43,236.41,239.6,7227055
2025-09-23,239.6,240.83,236.6,238.73,6141305
2025-09-24,238.5,239.17,234.74,236.01,4665637
2025-09-25,235.0,238.0,233.1,234.62,4026105
2025-09-26,233.4,234.0,229.77,231.01,4520518
2025-09-29,231.2,235.6,231.01,233.97,6844860
2025-09-30,234.9,239.65,233.08,238.45,7781995
2025-10-01,239.0,242.8,238.5,240.17,7001353
2025-10-03,240.5,246.29,240.0,245.02,9487956
2025-10-06,244.7,246.75,243.18,245.31,5947078
2025-10-07,245.6,246.27,242.48,244.86,6648973
2025-10-08,244.85,245.56,237.73,239.04,4226459
2025-10-09,239.5,240.9,237.79,239.04,4334247
2025-10-10,239.05,242.38,238.91,239.64,6959120
2025-10-13,237.4,239.2,234.08,234.86,6337675
2025-10-14,235.05,236.0,230.4,232.44,4680465
2025-10-15,232.0,237.9,232.0,235.8,5422265
2025-10-16,236.8,237.46,233.9,236.17,4104632
2025-10-17,235.6,237.59,231.45,232.62,3238488
2025-10-20,233.49,235.7,233.05,233.76,3655987
2025-10-21,234.0,235.68,233.85,234.6,712531
2025-10-23,235.3,238.64,233.75,234.29,4072749
2025-10-24,235.27,236.79,229.54,230.94,5297389
2025-10-27,232.0,236.94,231.57,235.0,7375341
2025-10-28,235.0,238.5,234.22,237.34,9973722
2025-10-29,238.44,246.7,237.0,245.39,14046107
2025-10-30,254.0,262.37,245.12,261.29,75432122
2025-10-31,261.29,266.49,260.66,265.49,23280006
2025-11-03,265.0,268.4,262.85,264.95,11181498
2025-11-04,263.5,268.4,263.45,267.25,9063915
2025-11-06,266.7,266.9,259.5,260.05,5823324
2025-11-07,258.0,265.8,255.3,263.85,10052522
2025-11-10,264.95,274.8,264.2,273.35,18151146
2025-11-11,274.0,287.75,271.7,285.8,37222053
2025-11-12,285.5,290.9,282.75,287.05,15184051
2025-11-13,286.0,289.5,280.2,281.5,16076468
2025-11-14,281.5,284.5,279.8,281.6,11786151
2025-11-17,281.6,286.85,280.6,285.5,7910619
2025-11-18,284.95,290.2,282.9,289.1,11332882
2025-11-19,290.4,292.4,286.75,289.2,14533784
2025-11-20,289.5,290.8,284.45,285.25,8839796
2025-11-21,285.0,285.25,281.3,282.5,6158231
2025-11-24,282.2,284.6,275.75,277.9,9586847
2025-11-25,277.0,285.35,276.7,282.9,7350075
2025-11-26,282.8,290.25,282.15,289.7,11134915
2025-11-27,289.7,295.25,288.9,290.85,10234788
2025-11-28,290.25,293.15,290.1,290.85,7279931
2025-12-01,291.1,295.25,290.25,291.0,9651733
2025-12-02,290.9,291.6,284.8,285.5,6242631
2025-12-03,286.0,287.7,276.05,278.55,6343542
2025-12-04,279.0,279.55,274.4,275.75,8033107
2025-12-05,275.85,279.5,273.1,277.75,4629680
2025-12-08,277.7,279.2,267.7,269.7,5178235
2025-12-09,269.4,280.55,268.9,277.0,9945144
2025-12-10,276.95,280.75,274.2,275.0,3543157
2025-12-11,275.0,279.15,273.8,276.5,3695549
2025-12-12,276.85,287.5,276.85,285.15,12084724
2025-12-15,285.15,286.45,281.55,282.6,4114513
2025-12-16,281.5,281.8,275.8,279.35,5220449
2025-12-17,278.5,280.65,275.65,277.85,3130658
2025-12-18,277.2,277.7,271.45,275.05,4139636
2025-12-19,275.05,277.9,272.5,275.75,7050742
2025-12-22,276.0,282.45,275.8,281.85,4874650
2025-12-23,282.2,284.35,280.6,281.9,5087115
2025-12-24,281.9,285.5,277.75,278.2,5866008
2025-12-26,278.0,285.6,277.05,281.5,6390786
2025-12-29,282.5,284.5,278.5,279.4,3963435
2025-12-30,279.7,283.75,276.3,282.8,5022408
2025-12-31,283.8,291.2,282.25,287.45,10765553
2026-01-01,288.5,293.3,288.1,291.45,7927074
2026-01-02,292.7,300.85,291.55,299.5,13871683
2026-01-05,300.8,303.4,296.0,299.7,8971426
2026-01-06,300.7,302.7,294.7,296.45,6894238
2026-01-07,296.95,305.9,296.5,303.35,12681470
2026-01-08,303.9,303.9,261.5,271.75,48951103
2026-01-09,279.0,285.5,271.65,272.5,62385282
2026-01-12,272.5,272.5,258.25,267.9,36431979
2026-01-13,269.15,269.75,262.45,265.1,10867710
2026-01-14,265.95,272.35,263.5,267.45,9508874
2026-01-16,269.2,269.4,263.85,265.4,5568981
2026-01-19,265.4,269.15,256.5,262.8,25266622
2026-01-20,262.5,262.5,248.75,250.15,24782047
2026-01-21,249.95,257.85,247.9,252.35,14481811
2026-01-22,254.8,256.95,250.3,251.55,6157502
2026-01-23,255.55,255.55,241.65,242.5,6847147
2026-01-27,243.5,248.8,240.5,247.7,9603734
2026-01-28,250.05,260.9,246.85,259.65,8340263
2026-01-29,260.8,261.75,256.5,260.5,7777528
2026-01-30,259.8,263.65,256.85,262.7,6252061
2026-02-01,264.0,269.4,241.65,252.1,16900179
2026-02-02,253.5,259.1,249.5,258.25,5287190
2026-02-03,266.4,271.6,261.35,267.9,8088230
2026-02-04,268.95,274.0,264.6,272.7,8243278
2026-02-05,272.3,272.9,267.6,268.9,3631556
2026-02-06,268.2,269.15,263.1,266.6,3549301
2026-02-09,267.6,275.55,267.6,274.0,5655939
2026-02-10,275.4,275.4,272.8,273.2,203678
2026-02-11,261.9,263.25,261.2,261.7,4160034
2026-02-11,261.9,263.25,258.6,260.8,82960208
2026-02-12,259.0,265.8,259.0,260.6,69540657
2026-02-13,257.0,262.2,254.7,255.75,27784730
2026-02-16,256.0,263.35,253.0,262.5,29358420
2026-02-17,262.1,265.15,261.0,262.8,10432190
2026-02-18,265.9,265.9,258.0,261.6,12611325
2026-02-19,259.0,259.3,252.0,253.8,10932988
2026-02-20,253.0,259.65,250.7,257.3,9855329
2026-02-23,258.05,260.8,255.25,258.25,11160170
2026-02-24,257.0,262.5,255.0,261.8,10678349
2026-02-25,262.4,265.1,260.0,261.95,8855564
2026-02-26,263.0,265.5,259.75,264.85,6496828
2026-02-27,264.5,267.9,262.8,264.95,8367571
2026-03-02,256.05,266.4,256.05,262.15,12870609
2026-03-04,258.0,258.95,247.2,247.9,16208648
2026-03-05,249.75,258.8,249.3,257.25,10224873
2026-03-06,256.55,264.45,255.75,258.95,10342609
2026-03-09,253.05,256.35,247.6,255.4,7235564
2026-03-10,259.0,262.0,252.6,258.65,6171454
2026-03-11,258.95,262.8,255.0,255.75,6282466
2026-03-12,253.9,270.35,251.85,267.85,16227938
2026-03-13,265.85,270.3,256.6,258.5,11238122
2026-03-16,257.05,260.8,248.9,253.5,7970526
2026-03-18,257.5,261.5,256.35,259.25,4180559
2026-03-19,256.0,256.8,250.05,251.75,4709558
2026-03-20,254.05,266.2,253.25,262.05,19056140
2026-03-23,260.2,260.25,249.25,252.85,11692333
2026-03-24,258.0,260.0,252.3,258.2,7393540
2026-03-25,259.95,266.8,259.35,262.05,6801129
2026-03-27,260.3,261.45,254.45,254.85,6984305
2026-04-24,339.0,340.49,333.02,337.33,15738812
2026-04-27,339.43,354.0,339.0,348.58,20484360
2026-04-28,349.69,356.0,347.28,354.71,14893265
2026-04-29,356.8,358.1,342.51,344.5,14716414
2026-04-30,344.4,354.9,342.04,352.41,17432476
2026-05-04,355.0,399.0,353.7,377.05,104983361
2026-05-05,379.9,388.4,371.3,374.95,33273604
2026-05-06,378.0,387.5,368.4,385.95,20995123
2026-05-07,385.5,408.35,383.45,406.45,37208886
2026-05-08,406.1,408.9,400.1,404.6,17888566
2026-05-11,400.0,406.6,393.05,401.35,18431673
2026-05-12,397.1,407.2,390.55,391.75,17519753
2026-05-13,392.5,407.75,392.5,403.85,21915995
2026-05-14,407.2,417.9,402.05,413.15,22299813
2026-05-15,414.8,415.65,397.0,398.3,15856773
2026-05-18,395.6,396.3,386.1,395.25,10710854
2026-05-19,397.0,404.4,391.1,401.1,11644140
2026-05-20,397.0,410.0,396.0,408.4,10932205
2026-05-21,412.0,414.7,406.3,408.15,8203336
2026-05-22,408.5,413.55,407.1,408.55,7879542
2026-05-25,412.0,420.95,409.95,419.4,11083538
2026-05-26,419.5,420.4,415.25,417.75,9434405
2026-05-27,417.2,424.7,416.5,422.35,10651428
2026-05-29,424.05,424.9,413.05,416.75,18794737
