date,open,high,low,close,volume
2003-09-05,8.34,8.63,8.34,8.48,21063
2003-09-08,8.43,8.53,8.43,8.46,10295
2003-09-09,8.45,8.53,8.4,8.43,13690
2003-09-10,8.3,8.55,8.3,8.44,11730
2003-09-11,8.43,8.57,8.4,8.43,15000
2003-09-12,8.43,8.46,8.22,8.29,24869
2003-09-15,8.18,8.37,8.05,8.08,11322
2003-09-16,8.13,8.25,7.99,8.21,6454
2003-09-17,8.3,8.63,8.3,8.48,16317
2003-09-18,8.54,8.57,8.22,8.22,8995
2003-09-19,8.26,8.3,8.13,8.21,5125
2003-09-22,8.3,8.47,8.22,8.23,3125
2003-09-23,8.3,8.3,8.22,8.23,2045
2003-09-24,8.38,8.38,8.12,8.28,6361
2003-09-25,8.43,8.43,8.05,8.3,8940
2003-09-26,8.13,8.38,8.13,8.26,4210
2003-09-29,8.28,8.38,8.26,8.38,4318
2003-09-30,8.37,8.47,8.31,8.38,8291
2003-10-01,8.44,8.47,8.3,8.41,6539
2003-10-03,8.46,8.54,8.39,8.45,12336
2003-10-06,8.47,8.58,8.38,8.51,11964
2003-10-07,8.5,8.72,8.5,8.62,13525
2003-10-08,8.55,8.68,8.55,8.65,16810
2003-10-09,8.71,8.82,8.59,8.67,36462
2003-10-10,8.8,9.04,8.67,8.96,25153
2003-10-13,8.4,9.45,8.4,9.37,28709
2003-10-14,9.37,9.8,9.17,9.53,47008
2003-10-15,9.63,9.74,9.38,9.47,33229
2003-10-16,9.5,9.8,9.48,9.64,12966
2003-10-17,9.71,9.88,9.5,9.72,14573
2003-10-20,9.88,9.96,9.55,9.66,15634
2003-10-21,9.63,9.63,8.63,9.52,13552
2003-10-22,9.55,9.61,8.38,9.45,15206
2003-10-23,9.46,9.59,9.21,9.53,9291
2003-10-24,9.46,9.55,9.35,9.5,4605
2003-10-25,9.76,9.77,9.43,9.49,1300
2003-10-27,9.49,9.7,9.49,9.6,11316
2003-10-28,9.65,9.88,9.53,9.7,34272
2003-10-29,9.7,10.38,9.7,9.99,27394
2003-10-30,10.63,11.62,10.13,10.52,32829
2003-10-31,10.87,10.87,10.46,10.62,21944
2003-11-03,10.47,10.81,10.46,10.49,9966
2003-11-04,10.46,10.68,10.04,10.2,14436
2003-11-05,10.71,11.29,10.04,10.12,8344
2003-11-06,10.13,10.29,10.13,10.22,7917
2003-11-07,10.38,10.38,10.21,10.37,9054
2003-11-10,10.14,10.38,10.13,10.37,6825
2003-11-11,10.46,10.96,10.33,10.82,22051
2003-11-12,10.79,11.27,10.79,11.13,22987
2003-11-13,10.79,11.36,10.79,10.8,8562
2003-11-14,10.46,11.01,10.3,10.82,12556
2003-11-15,10.4,11.12,10.4,11.06,3134
2003-11-17,11.46,12.32,11.46,11.77,57814
2003-11-18,11.95,12.12,11.79,11.93,22257
2003-11-19,11.8,11.95,11.41,11.61,16448
2003-11-20,11.54,11.61,11.09,11.27,18445
2003-11-21,11.29,11.29,10.43,10.82,32004
2003-11-24,11.36,11.62,11.04,11.17,21759
2003-11-25,11.49,11.49,11.19,11.24,18133
2003-11-27,11.12,11.95,11.12,11.5,27246
2003-11-28,11.56,11.63,11.37,11.54,13531
2003-12-01,11.54,11.95,11.54,11.7,12500
2003-12-02,11.95,11.95,11.7,11.94,21050
2003-12-03,11.95,12.78,11.95,12.42,56603
2003-12-04,12.53,13.68,12.29,12.58,36714
2003-12-05,12.78,13.12,12.04,12.19,70387
2003-12-08,12.62,13.27,12.45,12.53,42592
2003-12-09,13.26,13.26,12.14,12.36,57891
2003-12-10,12.29,12.45,12.0,12.12,34714
2003-12-11,12.43,12.45,12.14,12.19,20357
2003-12-12,12.13,12.27,11.82,11.86,23212
2003-12-15,11.62,12.45,11.46,12.14,26314
2003-12-16,12.08,12.19,11.92,12.13,16321
2003-12-17,12.0,12.12,11.88,12.02,9755
2003-12-18,11.95,12.12,11.79,11.92,20787
2003-12-19,12.14,12.37,12.05,12.08,19192
2003-12-22,11.79,12.29,11.79,12.16,16359
2003-12-23,11.82,12.32,11.82,12.21,12455
2003-12-24,12.29,12.37,11.95,12.36,24315
2003-12-26,12.29,12.42,12.17,12.34,14898
2003-12-29,12.49,12.62,12.29,12.56,33548
2003-12-30,12.6,12.7,12.2,12.25,22640
2003-12-31,13.2,13.58,12.78,13.09,144271
2004-01-01,13.22,13.86,12.78,13.59,79597
2004-01-02,13.37,14.41,13.13,14.16,98014
2004-01-05,14.52,16.88,14.52,16.2,225487
2004-01-06,16.12,16.39,14.25,14.72,91812
2004-01-07,14.78,15.02,13.81,14.63,63910
2004-01-08,15.61,15.61,14.69,15.3,32983
2004-01-09,15.61,15.77,14.11,14.47,49569
2004-01-12,14.15,14.59,13.95,14.0,30279
2004-01-13,14.11,14.11,13.58,13.98,17249
2004-01-14,13.95,14.6,13.95,13.99,21129
2004-01-15,14.51,14.51,14.07,14.3,31243
2004-01-16,14.05,14.78,13.91,13.98,23775
2004-01-19,13.93,14.34,12.95,13.65,15852
2004-01-20,13.77,13.9,13.45,13.46,21679
2004-01-21,13.45,13.45,11.64,11.97,23888
2004-01-22,11.95,12.59,10.74,11.09,35717
2004-01-23,11.46,12.37,11.46,12.3,13278
2004-01-27,12.45,12.45,11.98,12.43,7262
2004-01-28,12.53,12.62,12.12,12.32,13289
2004-01-29,12.62,12.62,12.08,12.46,7895
2004-01-30,12.2,12.78,11.95,12.09,11661
2004-02-03,12.74,12.74,11.47,11.56,9787
2004-02-04,11.79,12.22,11.3,11.55,7085
2004-02-05,11.5,11.9,11.5,11.74,4811
2004-02-06,11.95,11.95,11.79,11.83,8954
2004-02-09,11.95,11.95,11.29,11.68,18015
2004-02-10,11.62,11.95,11.47,11.53,11997
2004-02-11,11.7,11.7,11.46,11.63,12483
2004-02-12,11.7,11.79,11.63,11.69,8398
2004-02-13,11.31,12.1,11.31,11.97,7856
2004-02-16,11.87,12.35,11.79,12.14,13563
2004-02-17,12.04,12.09,11.84,11.91,6394
2004-02-18,11.95,12.09,11.82,11.95,4214
2004-02-19,11.82,11.95,11.62,11.68,4367
2004-02-20,11.3,13.26,11.3,12.01,7512
2004-02-23,11.87,13.28,11.77,11.83,15993
2004-02-24,11.69,11.95,11.62,11.75,8714
2004-02-25,11.66,11.74,11.46,11.51,8600
2004-02-26,11.62,11.7,11.47,11.55,3489
2004-02-27,11.7,11.7,11.46,11.6,7774
2004-03-01,11.48,11.58,11.41,11.45,14563
2004-03-03,11.62,11.62,11.3,11.32,6301
2004-03-04,11.54,11.79,11.03,11.28,14946
2004-03-05,11.17,11.37,11.17,11.28,5207
2004-03-08,11.37,11.46,11.16,11.39,5760
2004-03-09,11.41,11.41,11.16,11.26,2422
2004-03-10,11.46,11.95,11.21,11.69,28266
2004-03-11,11.79,12.12,11.7,11.9,14709
2004-03-12,12.09,12.12,11.7,11.85,14308
2004-03-15,11.79,12.29,11.79,11.81,10279
2004-03-16,12.05,12.2,11.87,12.02,15763
2004-03-17,12.12,12.62,11.98,12.48,56173
2004-03-18,12.76,12.76,11.35,11.41,28170
2004-03-19,11.67,11.67,10.39,11.08,9973
2004-03-22,10.5,10.87,10.48,10.68,12635
2004-03-23,10.16,10.72,10.16,10.59,11790
2004-03-24,10.27,10.62,10.25,10.38,24357
2004-03-25,10.39,10.82,10.39,10.48,16505
2004-03-26,10.48,10.86,10.45,10.76,14112
2004-03-29,11.02,11.12,10.71,11.1,12251
2004-03-30,11.11,11.64,11.0,11.36,11857
2004-03-31,11.49,11.49,11.19,11.34,9402
2004-04-01,11.82,11.82,10.99,11.31,14636
2004-04-02,11.17,11.3,10.79,10.94,15245
2004-04-05,11.12,11.31,10.94,10.97,25166
2004-04-06,11.23,12.22,10.9,10.96,12184
2004-04-07,11.12,11.49,11.0,11.11,18020
2004-04-08,11.53,11.53,10.96,11.14,25655
2004-04-12,11.45,11.45,11.09,11.12,10826
2004-04-13,11.0,11.21,10.99,11.16,10157
2004-04-15,11.4,11.4,11.04,11.19,20015
2004-04-16,11.4,11.58,11.16,11.52,45849
2004-04-17,11.67,12.07,11.41,11.86,29601
2004-04-19,12.02,12.22,11.85,11.87,31584
2004-04-20,11.53,11.93,11.53,11.86,17746
2004-04-21,11.69,11.94,11.67,11.72,15867
2004-04-22,11.67,11.94,11.58,11.68,19585
2004-04-23,11.84,11.84,11.49,11.53,19876
2004-04-27,10.9,11.74,10.9,11.05,35203
2004-04-28,11.16,11.26,10.76,10.99,22746
2004-04-29,10.9,11.23,10.76,10.9,13660
2004-04-30,10.93,11.1,10.83,10.96,18016
2004-05-03,10.79,11.01,10.78,10.93,20320
2004-05-04,11.08,11.31,10.95,11.1,15193
2004-05-05,11.24,11.35,11.19,11.28,13852
2004-05-06,11.4,11.53,11.24,11.47,13358
2004-05-07,11.31,12.22,11.31,11.68,44176
2004-05-10,11.34,11.77,11.34,11.68,12240
2004-05-11,11.17,11.53,10.94,11.08,17025
2004-05-12,11.2,11.29,10.94,11.1,9350
2004-05-13,10.23,11.49,10.23,11.29,14440
2004-05-14,11.4,11.4,10.31,10.5,30054
2004-05-17,9.03,10.48,8.41,10.02,12445
2004-05-18,10.94,11.12,9.57,10.53,30824
2004-05-19,11.01,11.12,10.69,11.0,21362
2004-05-20,10.94,11.12,10.59,10.77,9021
2004-05-21,11.0,11.0,10.39,10.52,14441
2004-05-24,10.04,10.86,9.13,10.68,12545
2004-05-25,9.9,10.78,9.9,10.46,31903
2004-05-26,10.23,10.57,10.23,10.44,20091
2004-05-27,10.38,10.57,10.38,10.46,11236
2004-05-28,10.56,10.56,9.97,10.15,19356
2004-05-31,9.48,9.98,9.3,9.48,30881
2004-06-01,9.66,9.98,9.51,9.8,18421
2004-06-02,9.98,9.98,9.68,9.86,15470
2004-06-03,9.92,9.96,9.66,9.7,10329
2004-06-04,9.66,10.01,9.66,9.92,7722
2004-06-07,9.85,10.12,9.85,9.95,8875
2004-06-08,9.98,10.07,9.86,9.96,17048
2004-06-09,8.64,10.07,8.64,10.01,10942
2004-06-10,10.03,10.11,9.96,9.97,14015
2004-06-11,9.94,10.1,9.14,10.03,23388
2004-06-14,10.03,10.03,9.77,9.86,21816
2004-06-15,9.85,9.93,9.76,9.86,5301
2004-06-16,9.86,9.94,9.85,9.9,3126
2004-06-17,9.93,9.97,9.76,9.91,4128
2004-06-18,10.47,11.74,9.81,9.91,11369
2004-06-21,9.94,9.94,9.81,9.88,5366
2004-06-22,9.85,9.93,9.8,9.86,3004
2004-06-23,9.98,9.98,9.76,9.78,8786
2004-06-24,9.66,9.69,9.51,9.58,9058
2004-06-25,9.53,9.7,9.53,9.63,3878
2004-06-28,9.83,9.96,9.72,9.81,5237
2004-06-29,9.43,9.88,9.43,9.69,6756
2004-06-30,9.76,9.94,9.71,9.81,5845
2004-07-01,9.76,9.94,9.76,9.92,4078
2004-07-02,9.86,10.07,9.86,9.97,7059
2004-07-05,9.97,10.02,9.87,9.93,9226
2004-07-06,9.92,9.94,9.86,9.89,1660
2004-07-07,9.85,9.91,9.54,9.65,18051
2004-07-08,9.8,10.03,9.6,9.66,35034
2004-07-09,9.63,9.94,9.63,9.68,6884
2004-07-12,9.89,9.89,9.51,9.61,11875
2004-07-13,9.66,9.97,9.66,9.87,11951
2004-07-14,9.97,9.98,9.76,9.76,5842
2004-07-15,9.7,9.76,9.66,9.74,10840
2004-07-16,9.58,9.85,9.58,9.81,17156
2004-07-19,9.92,10.16,9.86,10.09,23417
2004-07-20,10.94,10.94,9.95,10.39,21504
2004-07-21,10.48,10.48,10.21,10.28,17507
2004-07-22,10.23,10.58,10.21,10.43,26563
2004-07-23,10.19,10.72,10.19,10.38,7619
2004-07-26,10.58,10.58,10.17,10.21,9093
2004-07-27,10.24,10.24,9.89,9.97,20770
2004-07-28,10.03,10.03,9.8,9.87,12664
2004-07-29,9.85,10.05,9.77,9.86,9520
2004-07-30,9.86,10.01,9.66,9.81,27887
2004-08-02,10.01,10.01,9.76,9.87,6391
2004-08-03,9.77,9.8,9.57,9.6,20213
2004-08-04,9.66,9.88,9.58,9.77,19014
2004-08-05,9.85,9.98,9.68,9.76,28520
2004-08-06,9.78,9.98,9.68,9.77,18338
2004-08-09,9.68,9.97,9.66,9.68,39553
2004-08-10,9.82,9.9,9.63,9.66,63071
2004-08-11,9.68,9.83,9.64,9.65,14767
2004-08-12,9.66,9.76,9.57,9.61,11070
2004-08-13,9.74,9.74,9.61,9.64,5581
2004-08-16,9.66,9.81,9.63,9.67,7830
2004-08-17,9.71,9.94,9.71,9.86,13914
2004-08-18,9.94,9.94,9.66,9.72,10067
2004-08-19,9.76,9.85,9.7,9.76,16889
2004-08-20,9.72,9.74,9.65,9.68,10976
2004-08-23,9.66,10.12,9.65,9.97,32431
2004-08-24,10.0,10.07,9.9,9.93,5361
2004-08-25,9.85,9.91,9.69,9.7,13196
2004-08-26,10.48,10.48,9.7,9.94,9068
2004-08-27,10.48,10.48,9.85,10.21,30620
2004-08-30,10.3,11.26,10.12,10.86,91207
2004-08-31,11.12,11.12,10.59,10.75,24679
2004-09-01,10.67,10.94,10.67,10.76,29896
2004-09-02,10.8,10.85,10.45,10.57,18633
2004-09-03,10.75,10.75,10.47,10.58,6771
2004-09-06,10.26,11.51,10.26,11.45,119792
2004-09-07,11.41,11.94,11.41,11.88,95470
2004-09-08,11.86,12.14,11.58,11.98,73249
2004-09-09,12.35,12.86,11.7,11.93,173755
2004-09-10,12.03,12.18,11.79,11.96,32480
2004-09-13,12.03,12.03,11.5,11.59,44997
2004-09-14,11.75,11.76,11.31,11.4,18090
2004-09-15,11.48,11.67,11.22,11.26,25966
2004-09-16,11.31,11.49,11.15,11.31,14644
2004-09-17,11.23,11.4,11.21,11.28,26517
2004-09-20,11.31,11.38,11.13,11.28,21973
2004-09-21,11.31,11.38,11.21,11.27,17781
2004-09-22,11.31,11.31,11.1,11.16,44772
2004-09-23,11.21,11.29,11.07,11.09,12600
2004-09-24,11.21,11.21,10.94,11.16,22390
2004-09-27,11.31,12.07,11.27,11.68,53121
2004-09-28,11.91,11.99,11.35,11.38,16736
2004-09-29,11.49,11.62,11.4,11.53,8974
2004-09-30,11.75,11.75,11.26,11.33,32930
2004-10-01,11.23,11.34,11.21,11.28,21783
2004-10-04,11.31,11.52,11.04,11.15,42277
2004-10-05,11.31,11.4,11.08,11.23,40925
2004-10-06,11.31,11.56,11.29,11.34,39288
2004-10-07,11.31,11.46,11.23,11.3,26234
2004-10-08,11.31,11.53,11.21,11.46,26948
2004-10-09,11.73,11.73,11.39,11.53,10660
2004-10-11,11.81,11.83,11.44,11.46,34025
2004-10-12,11.53,11.53,11.25,11.3,19307
2004-10-14,10.99,11.31,10.99,11.24,12201
2004-10-15,11.38,11.38,11.21,11.24,10080
2004-10-18,11.46,11.46,11.14,11.31,18917
2004-10-19,11.31,11.32,11.17,11.25,7015
2004-10-20,11.4,11.67,11.21,11.54,64014
2004-10-21,11.58,11.69,11.31,11.35,23200
2004-10-25,11.35,11.66,11.21,11.29,25927
2004-10-26,11.49,11.55,11.27,11.44,17179
2004-10-27,11.23,11.23,10.98,11.02,30314
2004-10-28,11.27,11.27,10.85,10.97,31349
2004-10-29,10.95,11.0,10.77,10.89,14559
2004-11-01,10.59,11.46,10.59,10.87,44330
2004-11-02,11.03,11.03,10.38,10.52,89596
2004-11-03,10.72,10.93,10.58,10.69,34848
2004-11-04,10.93,10.93,10.71,10.81,19022
2004-11-05,10.76,10.94,10.76,10.8,17368
2004-11-08,11.17,11.67,10.49,10.99,61614
2004-11-09,11.17,11.17,10.85,11.05,32822
2004-11-10,11.12,11.17,10.89,11.02,49854
2004-11-11,10.94,11.32,10.86,11.18,22132
2004-11-12,11.47,11.48,11.07,11.26,22190
2004-11-16,11.31,11.49,11.03,11.08,20221
2004-11-17,11.06,11.32,11.05,11.19,30005
2004-11-18,11.28,11.51,11.12,11.41,44875
2004-11-19,11.33,11.67,11.32,11.42,56096
2004-11-22,11.12,12.15,11.12,11.76,75326
2004-11-23,11.78,12.13,11.78,11.9,92003
2004-11-24,12.03,12.16,11.85,11.88,73068
2004-11-25,11.95,11.99,11.65,11.67,25457
2004-11-29,11.9,11.9,11.41,11.62,44983
2004-11-30,11.68,11.76,11.31,11.37,37337
2004-12-01,11.49,11.67,11.31,11.52,45768
2004-12-02,11.85,11.85,11.49,11.51,36535
2004-12-03,11.67,11.67,11.4,11.47,24196
2004-12-06,11.67,11.76,11.41,11.71,54945
2004-12-07,11.85,12.85,11.76,12.39,307173
2004-12-08,12.76,14.09,12.58,13.66,1310256
2004-12-09,13.77,13.82,12.99,13.37,369800
2004-12-10,13.49,13.95,13.22,13.48,426418
2004-12-13,13.65,14.28,13.43,14.15,387932
2004-12-14,14.33,14.38,13.79,13.89,202545
2004-12-15,14.04,14.04,13.52,13.58,103131
2004-12-16,13.58,13.58,13.26,13.32,68183
2004-12-17,13.32,13.49,12.96,13.17,83735
2004-12-20,13.49,14.46,13.07,13.12,60988
2004-12-21,13.26,13.42,13.14,13.23,46445
2004-12-22,13.27,13.3,12.84,12.89,56771
2004-12-23,12.78,13.37,12.76,13.15,57195
2004-12-24,13.05,13.31,12.9,13.1,43700
2004-12-27,13.4,14.04,13.4,13.7,156120
2004-12-28,13.86,14.04,13.58,13.68,136000
2004-12-29,14.04,14.22,13.32,13.46,81419
2004-12-30,13.68,13.75,13.13,13.27,50228
2004-12-31,13.31,13.68,13.31,13.56,47265
2005-01-03,13.58,13.83,13.44,13.58,50020
2005-01-04,13.68,13.77,13.31,13.42,50016
2005-01-05,13.48,13.49,12.22,12.67,103451
2005-01-06,12.76,13.29,12.31,12.45,108880
2005-01-07,12.89,12.89,12.49,12.77,45871
2005-01-10,12.76,13.2,11.91,12.86,52948
2005-01-11,12.95,12.95,12.49,12.66,51191
2005-01-12,13.09,13.09,12.23,12.29,31628
2005-01-13,12.4,12.66,12.22,12.59,42713
2005-01-14,12.76,12.84,12.26,12.34,43339
2005-01-17,12.29,12.31,12.03,12.27,21708
2005-01-18,12.25,12.44,12.25,12.36,10987
2005-01-19,10.94,12.57,10.94,12.29,17427
2005-01-20,12.29,12.43,12.04,12.16,24274
2005-01-24,12.19,12.32,12.14,12.19,13993
2005-01-25,12.32,12.56,12.14,12.26,25443
2005-01-27,12.32,12.32,11.85,12.02,33565
2005-01-28,12.31,12.31,11.9,12.11,36330
2005-01-31,12.22,12.26,11.94,12.14,41317
2005-02-01,12.09,12.3,11.93,12.23,35779
2005-02-02,12.35,12.45,11.98,12.21,55024
2005-02-03,12.4,12.72,12.31,12.61,50298
2005-02-04,12.75,13.06,12.25,12.29,83140
2005-02-07,12.25,12.47,12.13,12.25,47457
2005-02-08,12.25,12.56,12.25,12.46,16187
2005-02-09,12.58,13.26,12.45,13.17,203452
2005-02-10,13.31,13.85,13.13,13.27,200817
2005-02-11,13.31,13.84,13.23,13.41,136541
2005-02-14,13.49,13.68,13.13,13.27,126168
2005-02-15,13.61,13.84,12.95,13.09,64557
2005-02-16,13.6,13.6,12.78,12.9,48165
2005-02-17,12.77,12.98,12.49,12.87,28851
2005-02-18,12.87,13.4,12.78,12.92,102440
2005-02-21,12.5,13.13,12.5,12.84,43120
2005-02-22,12.6,13.57,12.6,13.3,117968
2005-02-23,13.58,13.84,13.4,13.47,225427
2005-02-24,13.8,13.8,13.27,13.36,69049
2005-02-25,13.22,13.4,12.96,13.1,50326
2005-02-28,12.87,13.29,12.87,13.06,32546
2005-03-01,12.96,13.19,12.89,13.0,31847
2005-03-02,13.31,13.33,12.98,13.27,63888
2005-03-03,13.4,13.77,13.13,13.64,190654
2005-03-04,13.84,14.04,13.69,13.8,175540
2005-03-07,14.02,14.49,13.92,13.99,202787
2005-03-08,14.04,14.33,13.99,14.12,115684
2005-03-09,14.22,16.9,14.22,15.46,1212250
2005-03-10,15.5,15.63,14.89,15.0,148531
2005-03-11,15.13,16.37,14.95,15.75,457868
2005-03-14,15.89,17.07,15.88,16.16,715802
2005-03-15,16.38,16.58,15.75,16.33,296880
2005-03-16,16.37,16.67,15.96,16.17,168394
2005-03-17,16.04,16.22,15.32,15.65,107406
2005-03-18,15.68,15.8,14.92,15.38,134655
2005-03-21,15.54,15.54,15.13,15.29,101411
2005-03-22,15.45,15.45,14.95,15.08,109060
2005-03-23,15.03,15.1,14.28,14.42,105911
2005-03-24,13.68,14.53,13.68,14.1,87372
2005-03-28,14.04,15.23,14.04,14.95,72990
2005-03-29,15.13,15.13,14.04,14.35,101910
2005-03-30,14.5,14.58,13.92,14.03,75071
2005-03-31,14.57,14.58,14.36,14.44,35456
2005-04-01,14.51,15.57,14.29,15.27,103104
2005-04-04,15.24,15.88,15.0,15.48,80035
2005-04-05,16.05,16.5,15.5,15.65,147688
2005-04-06,15.77,16.14,15.7,16.03,58274
2005-04-07,15.86,16.67,15.86,16.06,126082
2005-04-08,16.16,16.35,15.41,15.62,70756
2005-04-11,14.77,16.89,14.77,16.37,297311
2005-04-12,16.56,18.32,16.56,17.96,767153
2005-04-13,18.22,18.3,17.22,17.34,368008
2005-04-15,17.3,18.14,16.01,16.79,337014
2005-04-18,16.78,17.74,16.59,17.29,193381
2005-04-19,17.32,18.93,17.32,17.68,599891
2005-04-20,17.86,18.45,17.42,17.76,190381
2005-04-21,17.43,18.42,17.43,18.06,162044
2005-04-22,18.22,18.48,17.78,17.92,124128
2005-04-25,18.1,18.42,17.85,18.03,135451
2005-04-26,16.78,18.23,16.78,17.98,74603
2005-04-27,17.91,18.14,17.41,17.51,77978
2005-04-28,17.32,17.91,16.78,16.97,74121
2005-04-29,17.29,17.59,16.99,17.16,89564
2005-05-02,16.97,17.51,16.96,17.29,71874
2005-05-03,17.25,17.72,17.13,17.58,141280
2005-05-04,17.6,18.22,17.46,17.8,282239
2005-05-05,18.02,18.76,17.96,18.47,261350
2005-05-06,18.69,19.15,18.42,18.9,335166
2005-05-09,19.15,19.93,19.13,19.37,242101
2005-05-10,19.59,19.59,18.78,18.94,186394
2005-05-11,19.06,19.51,18.25,19.12,81171
2005-05-12,19.13,19.42,18.87,19.09,75842
2005-05-13,19.48,20.12,19.16,19.97,287034
2005-05-16,20.2,21.59,20.2,20.87,335371
2005-05-17,21.15,21.52,20.61,20.78,188174
2005-05-18,20.79,22.59,20.42,21.97,616489
2005-05-19,22.23,22.93,22.23,22.34,314542
2005-05-20,22.59,23.34,22.34,23.08,293538
2005-05-23,23.24,23.86,23.24,23.39,240562
2005-05-24,23.7,23.7,21.61,22.23,206901
2005-05-25,22.16,23.34,21.86,22.78,209489
2005-05-26,22.98,23.34,22.61,22.88,134358
2005-05-27,22.88,22.98,21.38,21.47,180542
2005-05-30,21.77,22.47,21.43,22.01,144650
2005-05-31,22.06,23.47,21.89,23.07,306002
2005-06-01,23.32,25.35,23.32,24.58,793380
2005-06-02,24.65,24.89,23.34,23.52,308711
2005-06-03,23.61,25.53,23.61,25.2,503039
2005-06-04,25.89,26.12,24.98,25.21,379562
2005-06-06,25.53,25.98,25.25,25.56,470336
2005-06-07,25.69,26.42,24.71,26.04,505258
2005-06-08,26.08,26.6,25.21,25.42,379783
2005-06-09,25.56,27.33,25.56,27.05,1285748
2005-06-10,27.42,28.25,25.99,26.26,943963
2005-06-13,26.26,26.68,25.25,25.53,441883
2005-06-14,25.7,26.22,25.16,25.48,391404
2005-06-15,25.66,25.87,25.07,25.35,278021
2005-06-16,25.62,26.59,25.36,25.55,700031
2005-06-17,26.24,26.95,24.53,24.84,1640681
2005-06-20,24.83,25.3,24.62,24.74,349680
2005-06-21,24.86,25.04,24.63,24.79,153956
2005-06-22,25.02,25.43,24.71,24.85,251095
2005-06-23,24.98,25.62,24.84,25.41,259002
2005-06-24,25.07,25.7,24.89,25.18,204843
2005-06-27,25.29,25.46,24.99,25.05,107453
2005-06-28,25.16,25.41,25.02,25.03,124974
2005-06-29,25.25,25.25,22.78,25.17,123346
2005-06-30,25.25,25.89,25.25,25.28,174430
2005-07-01,25.28,25.47,25.25,25.36,54175
2005-07-04,25.53,25.75,25.44,25.59,62118
2005-07-05,25.7,26.59,25.7,26.24,457592
2005-07-06,26.35,26.44,25.91,25.97,84340
2005-07-07,25.55,26.35,25.55,25.84,188991
2005-07-08,25.51,26.29,25.51,26.15,85647
2005-07-11,26.42,26.44,26.17,26.31,153521
2005-07-12,26.44,27.81,26.12,27.3,320302
2005-07-13,27.67,28.06,26.71,26.84,215312
2005-07-14,27.08,27.22,26.49,27.03,170138
2005-07-15,27.08,27.33,26.9,27.23,85351
2005-07-18,26.71,27.06,25.89,26.62,189219
2005-07-19,26.8,26.8,26.08,26.27,74371
2005-07-20,26.99,26.99,26.1,26.18,58665
2005-07-21,26.27,26.44,25.78,25.91,36935
2005-07-22,25.98,26.26,25.98,26.08,21715
2005-07-25,26.08,26.26,25.62,25.88,119392
2005-07-26,25.55,26.08,25.55,25.68,72479
2005-07-27,25.53,25.6,25.24,25.36,35043
2005-07-29,25.16,25.88,24.62,25.04,50448
2005-08-01,25.53,25.53,24.63,24.87,69670
2005-08-02,24.94,25.77,24.93,25.6,67504
2005-08-03,25.98,27.17,25.35,25.56,68014
2005-08-04,25.62,26.33,25.62,26.01,87506
2005-08-05,26.08,26.44,25.51,25.64,62489
2005-08-08,25.89,25.89,25.35,25.46,43565
2005-08-09,25.27,25.78,25.27,25.53,46646
2005-08-10,25.53,25.84,25.16,25.51,31244
2005-08-11,25.55,25.8,25.47,25.55,32745
2005-08-12,25.46,25.66,25.16,25.36,58861
2005-08-16,25.35,25.71,25.33,25.41,49724
2005-08-17,25.36,26.8,25.3,25.83,94908
2005-08-18,25.9,25.96,25.39,25.43,29660
2005-08-19,25.44,25.94,25.44,25.46,24168
2005-08-22,25.88,25.88,25.25,25.37,50556
2005-08-23,25.35,25.86,25.01,25.21,61859
2005-08-24,25.25,25.44,25.13,25.26,51197
2005-08-25,25.25,25.61,25.16,25.53,33167
2005-08-26,25.53,25.69,25.26,25.43,51248
2005-08-29,25.43,25.62,25.16,25.54,40057
2005-08-30,25.94,25.94,25.38,25.56,93990
2005-08-31,25.87,25.87,25.39,25.42,57744
2005-09-01,25.53,25.87,25.07,25.52,257300
2005-09-02,26.06,27.68,25.88,26.73,592535
2005-09-05,27.08,27.3,26.47,26.7,218611
2005-09-06,26.8,27.08,26.09,26.78,86029
2005-09-08,27.26,27.81,26.71,26.83,143457
2005-09-09,26.62,26.88,26.17,26.34,147220
2005-09-12,26.61,26.61,26.17,26.31,59308
2005-09-13,26.99,26.99,26.17,26.56,63979
2005-09-14,26.55,27.07,26.29,26.55,125267
2005-09-15,25.91,26.94,25.91,26.52,43899
2005-09-16,26.61,26.7,26.26,26.4,45994
2005-09-19,26.44,26.7,26.08,26.27,43577
2005-09-20,26.44,26.44,25.99,26.13,40919
2005-09-21,26.13,26.62,25.0,25.7,71620
2005-09-22,25.64,25.71,24.82,24.88,64118
2005-09-23,24.9,25.44,24.82,25.17,50709
2005-09-26,25.51,25.53,24.98,25.41,20940
2005-09-27,25.36,25.7,25.25,25.57,27947
2005-09-28,25.57,25.91,25.53,25.86,27614
2005-09-29,25.73,26.8,25.64,26.14,90052
2005-09-30,26.8,26.8,25.18,25.51,85663
2005-10-03,25.16,25.67,24.83,25.5,52265
2005-10-04,25.71,26.49,25.71,25.96,32776
2005-10-05,26.25,26.53,25.71,25.98,43893
2005-10-06,25.55,26.22,25.51,25.71,38664
2005-10-07,25.72,26.34,25.65,25.91,23333
2005-10-10,25.71,26.17,25.54,25.86,82256
2005-10-11,25.64,26.03,25.64,25.96,33972
2005-10-13,26.25,26.25,25.8,26.06,21523
2005-10-14,25.94,26.26,25.86,25.91,43969
2005-10-17,25.97,26.08,25.75,25.89,47753
2005-10-18,26.08,26.15,25.89,25.92,24617
2005-10-19,25.55,26.24,25.55,25.83,71169
2005-10-20,25.73,26.06,25.71,25.73,46726
2005-10-21,25.71,25.8,25.62,25.73,21733
2005-10-24,25.71,25.95,25.71,25.81,33796
2005-10-25,25.96,26.03,25.67,25.87,40693
2005-10-26,26.08,26.33,25.71,26.22,261138
2005-10-27,26.6,26.71,26.07,26.11,488265
2005-10-28,25.89,26.17,25.75,26.05,102202
2005-10-31,25.71,26.08,24.83,25.07,39359
2005-11-01,26.26,26.26,24.98,25.07,8056
2005-11-02,24.74,25.26,24.74,24.98,6681
2005-11-07,24.98,25.12,23.7,24.97,13921
2005-11-08,25.13,25.71,25.0,25.43,11279
2005-11-09,25.71,25.77,25.35,25.55,6905
2005-11-10,25.56,25.67,25.36,25.46,5309
2005-11-11,25.62,26.08,25.4,25.88,9144
2005-11-14,25.89,25.98,25.58,25.8,5371
2005-11-16,25.71,26.16,23.26,26.05,10544
2005-11-17,25.89,26.71,25.89,25.96,12597
2005-11-18,26.31,26.7,25.99,26.2,33253
2005-11-21,26.99,26.99,26.26,26.38,34885
2005-11-22,25.91,26.76,25.71,26.14,167878
2005-11-23,26.52,26.52,25.98,26.18,16222
2005-11-24,26.6,26.6,26.11,26.23,10458
2005-11-25,25.98,26.44,25.92,26.3,11102
2005-11-26,26.26,26.44,26.26,26.41,7053
2005-11-28,25.98,26.79,25.98,26.46,13806
2005-11-29,26.8,30.76,26.54,29.68,464409
2005-11-30,29.9,30.41,28.85,29.1,178232
2005-12-01,29.18,29.7,28.83,29.16,72762
2005-12-02,29.54,30.01,29.36,29.7,56578
2005-12-05,30.09,31.36,29.95,30.39,109209
2005-12-06,30.36,31.55,30.36,30.66,35955
2005-12-07,30.63,31.36,30.31,30.47,28111
2005-12-08,30.63,31.91,30.45,31.05,85107
2005-12-09,31.35,32.23,31.0,31.83,69683
2005-12-12,31.91,32.46,31.77,32.08,29956
2005-12-13,33.0,33.0,31.91,31.94,29423
2005-12-14,32.43,32.64,31.82,32.34,58233
2005-12-15,32.79,32.8,31.81,32.13,30128
2005-12-16,31.91,32.91,31.63,32.69,40712
2005-12-19,32.64,38.37,32.28,36.95,273466
2005-12-20,37.2,37.38,35.63,35.87,82213
2005-12-21,36.08,37.56,35.01,35.2,118116
2005-12-22,35.52,35.9,34.65,34.88,32146
2005-12-23,35.17,35.35,33.28,34.4,35783
2005-12-26,34.35,36.83,33.46,34.6,96307
2005-12-27,34.37,35.37,33.39,33.69,28594
2005-12-28,34.08,34.63,32.92,34.14,52418
2005-12-29,33.83,35.56,33.83,34.75,35131
2005-12-30,34.99,35.01,33.81,34.11,15607
2006-01-02,34.45,37.53,34.45,37.53,60105
2006-01-03,40.66,41.28,38.3,41.28,203255
2006-01-04,42.67,43.35,40.12,41.53,290172
2006-01-05,41.21,43.23,41.06,41.43,199907
2006-01-06,41.39,41.79,39.66,40.15,59390
2006-01-09,40.62,42.17,40.17,40.61,45365
2006-01-10,40.66,41.76,39.22,39.48,40118
2006-01-12,39.49,40.3,38.35,39.19,26622
2006-01-13,39.61,40.61,38.66,39.3,25879
2006-01-16,39.2,39.74,38.84,38.89,21533
2006-01-17,39.2,39.2,38.11,38.29,16459
2006-01-18,38.48,38.66,36.65,36.79,23388
2006-01-19,36.79,38.48,36.79,37.85,28204
2006-01-20,38.02,39.11,37.24,37.79,15336
2006-01-23,37.02,37.89,36.85,37.21,11940
2006-01-24,37.93,38.18,36.83,36.99,13183
2006-01-25,37.2,37.86,36.65,36.78,17282
2006-01-27,36.86,37.34,35.65,36.25,13185
2006-01-30,36.29,36.33,34.45,35.38,22481
2006-01-31,34.67,36.82,34.66,36.55,23296
2006-02-01,36.47,37.36,36.2,36.44,31459
2006-02-02,36.65,36.8,35.56,35.68,14710
2006-02-03,35.56,36.82,34.83,35.89,14722
2006-02-06,36.37,37.68,35.41,37.68,21161
2006-02-07,39.57,39.57,37.22,38.18,26479
2006-02-08,37.29,38.93,37.29,38.22,19590
2006-02-10,38.43,42.05,38.02,42.05,62724
2006-02-13,42.82,44.31,42.21,43.14,68099
2006-02-14,42.85,44.31,42.33,42.96,41027
2006-02-15,43.03,43.47,40.82,41.22,39447
2006-02-16,41.37,41.37,39.57,40.23,17012
2006-02-17,38.29,42.24,38.29,42.15,29307
2006-02-20,41.94,41.94,40.04,40.04,11557
2006-02-21,39.93,40.59,38.4,40.0,20339
2006-02-22,40.12,40.12,38.69,39.05,22680
2006-02-23,39.2,39.53,37.96,38.32,8467
2006-02-24,38.67,38.89,37.02,37.44,9374
2006-02-27,38.09,38.09,37.05,37.2,5967
2006-02-28,37.2,37.93,36.38,36.71,9386
2006-03-01,37.2,38.55,35.57,38.28,10981
2006-03-02,39.02,39.02,38.11,38.68,10418
2006-03-03,38.3,39.0,37.2,37.67,21513
2006-03-06,36.84,37.83,36.83,36.91,12045
2006-03-07,37.02,37.93,35.74,37.75,21426
2006-03-08,38.11,38.75,37.43,38.43,45754
2006-03-09,39.0,40.12,38.29,38.39,22444
2006-03-10,38.48,39.38,37.75,39.03,11903
2006-03-13,39.03,39.75,38.49,39.25,40582
2006-03-14,39.2,39.71,37.75,39.02,15918
2006-03-16,38.49,39.2,38.29,38.55,17750
2006-03-17,38.29,38.99,38.29,38.61,22381
2006-03-20,37.75,38.93,37.57,38.53,19946
2006-03-21,37.95,39.2,37.95,38.37,18354
2006-03-22,38.11,38.46,38.02,38.33,2872
2006-03-23,38.29,38.66,37.86,38.36,6417
2006-03-24,38.11,38.11,37.82,37.94,20721
2006-03-27,38.29,39.83,37.75,39.83,30286
2006-03-28,41.76,41.82,38.31,39.52,11732
2006-03-29,39.93,40.12,38.31,40.07,8446
2006-03-30,38.68,40.39,38.68,39.54,6200
2006-03-31,39.61,40.21,39.24,40.0,12187
2006-04-03,40.12,41.94,38.71,41.09,14347
2006-04-04,40.75,42.4,40.75,41.9,19839
2006-04-05,41.94,42.83,41.94,42.41,16118
2006-04-07,43.76,43.76,40.3,40.36,21096
2006-04-10,39.39,40.3,38.04,38.27,9236
2006-04-12,39.39,39.39,37.75,37.81,31729
2006-04-13,37.75,37.93,37.2,37.57,4281
2006-04-17,38.2,38.22,35.56,36.23,13954
2006-04-18,39.02,39.02,36.48,37.23,6723
2006-04-19,37.02,37.11,35.56,36.47,13700
2006-04-20,38.11,38.11,36.1,36.53,4349
2006-04-21,34.89,37.18,34.87,36.62,4355
2006-04-24,37.2,38.66,35.58,35.84,18566
2006-04-25,35.74,36.43,34.65,34.77,8752
2006-04-26,34.83,35.92,34.65,34.96,6404
2006-04-27,34.77,35.56,33.1,33.65,26507
2006-04-28,33.19,33.73,32.46,33.41,7768
2006-04-29,35.52,35.52,33.02,33.81,1835
2006-05-02,34.83,34.83,33.0,33.19,4098
2006-05-03,33.28,35.38,33.28,34.37,10689
2006-05-04,35.12,37.2,35.01,36.35,23817
2006-05-05,36.91,37.02,35.94,36.53,9493
2006-05-08,38.11,40.19,36.47,36.75,6898
2006-05-09,36.47,36.89,36.47,36.8,6549
2006-05-10,36.47,37.2,36.47,36.94,4972
2006-05-11,36.96,37.02,35.56,36.53,13671
2006-05-12,35.01,36.65,35.01,36.47,5477
2006-05-15,35.56,36.64,35.01,35.69,16076
2006-05-16,35.56,35.92,34.65,35.58,9894
2006-05-17,36.1,36.29,35.19,35.57,5180
2006-05-18,35.56,35.56,33.53,33.79,5258
2006-05-19,36.1,36.1,30.49,31.06,8363
2006-05-22,30.63,31.44,28.26,31.01,11244
2006-05-23,29.18,31.82,28.63,30.88,8601
2006-05-24,31.91,33.14,31.91,31.95,6046
2006-05-25,30.38,32.64,30.32,31.93,2972
2006-05-26,31.64,32.42,30.63,30.67,3324
2006-05-29,33.7,33.7,30.28,30.58,4846
2006-05-30,30.63,31.27,30.28,30.59,3090
2006-05-31,30.63,30.63,27.53,28.67,6157
2006-06-01,28.08,29.8,26.9,27.54,1132
2006-06-02,24.98,28.97,24.8,28.4,13127
2006-06-05,29.11,29.11,27.36,28.09,4032
2006-06-06,27.35,28.37,27.35,28.15,6131
2006-06-07,27.38,28.34,26.8,27.31,4953
2006-06-08,25.71,25.71,24.62,24.62,5772
2006-06-09,24.62,26.79,24.62,26.44,8095
2006-06-12,26.44,27.15,26.08,26.76,8101
2006-06-13,25.35,25.72,24.09,24.79,30189
2006-06-14,24.08,24.53,22.7,23.13,7676
2006-06-15,23.17,24.4,23.02,23.88,8866
2006-06-16,25.35,25.89,24.8,24.92,7002
2006-06-19,25.16,26.79,24.62,26.13,7944
2006-06-20,25.55,26.8,25.53,26.59,6073
2006-06-21,26.99,27.35,26.44,27.11,3554
2006-06-22,27.35,28.51,27.35,27.75,4418
2006-06-23,27.75,29.16,26.8,28.73,3807
2006-06-25,26.9,26.9,26.9,26.9,50
2006-06-26,26.99,28.43,26.8,27.43,5644
2006-06-27,26.8,26.8,25.98,26.43,3217
2006-06-28,26.53,26.99,25.85,26.35,4219
2006-06-29,26.44,26.79,25.44,25.52,2687
2006-06-30,26.44,27.35,25.72,26.87,4763
2006-07-03,26.62,27.72,26.62,26.99,1697
2006-07-04,27.17,27.7,26.81,27.29,3830
2006-07-05,26.62,28.45,26.44,28.23,5572
2006-07-06,27.38,28.99,26.81,27.44,3988
2006-07-07,27.53,28.81,27.35,28.31,3888
2006-07-10,28.26,28.26,26.63,27.28,3343
2006-07-11,26.8,27.17,26.47,26.91,6189
2006-07-12,25.53,26.38,25.53,26.3,3548
2006-07-13,25.89,26.62,25.55,26.48,1628
2006-07-14,25.18,26.27,25.18,26.22,1833
2006-07-17,25.62,26.22,25.07,25.36,3415
2006-07-18,25.36,26.44,25.16,26.35,2457
2006-07-19,24.83,26.06,24.83,25.87,3056
2006-07-20,25.07,25.53,24.71,25.47,5380
2006-07-21,25.52,25.52,22.94,23.2,3743
2006-07-24,23.52,23.7,21.88,22.8,4366
2006-07-25,23.51,23.51,22.25,22.51,2579
2006-07-26,22.61,23.14,22.28,22.42,2728
2006-07-27,23.7,23.7,21.52,22.52,2781
2006-07-28,22.28,22.79,22.28,22.62,1539
2006-07-31,21.74,23.32,21.7,22.57,3504
2006-08-01,23.09,23.09,22.11,22.28,1343
2006-08-02,21.63,23.25,21.63,23.13,3293
2006-08-03,23.29,24.25,22.55,24.12,7471
2006-08-04,23.89,25.35,23.89,24.78,4518
2006-08-07,24.63,25.67,24.63,25.52,2416
2006-08-08,25.71,26.12,25.55,25.86,2288
2006-08-09,24.72,25.89,24.72,25.42,12037
2006-08-10,25.86,25.86,25.17,25.71,1968
2006-08-11,26.17,26.8,25.82,26.12,1527
2006-08-14,25.9,26.8,25.9,26.6,3595
2006-08-16,27.17,27.35,26.44,26.57,4941
2006-08-17,27.16,27.35,25.72,26.65,3348
2006-08-18,26.8,27.15,25.9,26.88,5722
2006-08-21,28.08,28.08,26.88,27.25,2732
2006-08-22,26.99,27.51,26.99,27.33,4306
2006-08-23,26.71,27.36,26.71,27.02,8170
2006-08-24,27.17,27.34,26.62,27.3,3834
2006-08-25,26.99,27.17,26.44,26.8,3299
2006-08-28,26.46,27.17,26.46,26.94,6006
2006-08-29,26.62,27.72,26.44,26.8,6388
2006-08-30,26.8,26.99,26.44,26.72,3952
2006-08-31,26.71,26.71,26.12,26.53,11255
2006-09-01,26.26,26.8,26.26,26.62,2777
2006-09-04,26.81,26.81,26.44,26.52,5077
2006-09-05,26.08,26.7,26.08,26.45,2776
2006-09-06,26.26,26.62,25.71,26.48,10416
2006-09-07,26.79,26.79,25.71,26.44,2228
2006-09-08,26.57,27.07,25.89,26.71,18154
2006-09-11,26.8,27.17,25.89,26.14,32215
2006-09-12,26.12,26.26,25.71,26.16,9857
2006-09-13,26.26,26.62,25.82,26.37,8447
2006-09-14,26.44,26.62,26.44,26.44,5997
2006-09-15,26.26,27.53,26.08,27.14,5536
2006-09-18,27.17,28.22,27.04,27.31,9208
2006-09-19,27.17,27.17,26.46,26.91,2876
2006-09-20,26.46,27.53,26.44,27.33,11406
2006-09-21,27.53,28.25,26.79,27.06,5629
2006-09-22,26.53,27.16,26.53,27.02,2056
2006-09-25,26.62,26.8,26.44,26.55,6729
2006-09-26,26.8,26.99,26.41,26.61,11962
2006-09-27,26.71,26.8,26.44,26.71,2649
2006-09-28,26.08,26.57,26.08,26.47,3390
2006-09-29,26.44,27.16,26.44,26.82,4043
2006-10-03,28.26,28.26,26.8,27.06,2465
2006-10-04,26.91,27.06,26.62,26.82,1765
2006-10-05,26.8,27.17,26.8,26.94,2374
2006-10-06,26.82,26.82,26.44,26.56,9523
2006-10-09,26.44,26.97,26.44,26.73,2563
2006-10-10,26.99,28.26,26.99,28.06,3637
2006-10-11,27.17,28.99,27.03,28.27,7445
2006-10-12,27.72,28.44,27.46,28.21,8328
2006-10-13,27.94,28.63,27.92,28.48,10190
2006-10-16,28.72,29.18,27.95,28.43,17809
2006-10-17,28.26,28.26,27.64,27.81,3466
2006-10-18,27.44,27.9,27.44,27.74,2856
2006-10-19,27.72,27.9,27.17,27.64,3948
2006-10-20,27.35,27.72,26.44,27.6,6607
2006-10-21,27.53,27.53,27.02,27.41,399
2006-10-23,26.99,27.86,26.82,27.36,3927
2006-10-26,26.62,27.53,26.62,27.22,3014
2006-10-27,27.41,28.26,27.41,27.79,2972
2006-10-30,26.26,28.79,26.08,28.24,5022
2006-10-31,28.08,28.49,27.64,28.3,5375
2006-11-01,27.72,27.9,27.42,27.6,7561
2006-11-02,27.51,27.53,26.8,26.96,6641
2006-11-03,26.93,27.17,26.78,26.99,3704
2006-11-06,26.62,27.17,25.71,26.88,24208
2006-11-07,26.62,26.62,26.08,26.45,14311
2006-11-08,26.33,27.07,26.08,26.54,2071
2006-11-09,26.44,28.17,26.33,27.83,6345
2006-11-10,27.9,28.1,27.35,27.7,8495
2006-11-13,27.35,27.52,26.62,27.27,5213
2006-11-14,27.35,28.26,27.17,27.49,9860
2006-11-15,27.01,27.71,26.81,27.43,4621
2006-11-16,27.72,27.72,26.97,27.58,9956
2006-11-17,27.21,27.22,26.45,26.76,4394
2006-11-20,26.44,27.53,25.64,27.36,15353
2006-11-21,27.08,27.42,26.62,26.95,7441
2006-11-22,26.71,27.32,26.71,27.08,2425
2006-11-23,26.26,26.96,26.26,26.45,54708
2006-11-24,26.44,27.12,26.44,26.75,7214
2006-11-27,26.29,26.91,26.29,26.53,2358
2006-11-28,27.35,27.73,27.18,27.55,7138
2006-11-29,27.35,27.35,26.47,26.9,3491
2006-11-30,26.29,27.17,26.29,26.7,5340
2006-12-01,26.83,26.97,26.45,26.64,7224
2006-12-04,26.63,26.63,25.96,26.23,3548
2006-12-05,26.08,26.25,25.71,25.87,4316
2006-12-06,25.89,25.89,25.35,25.47,3436
2006-12-07,25.53,25.53,24.71,24.88,5762
2006-12-08,24.98,24.98,24.07,24.56,8893
2006-12-11,24.11,24.95,23.7,24.67,7636
2006-12-12,24.16,25.03,23.75,24.25,5108
2006-12-13,23.7,24.98,23.25,24.74,2990
2006-12-14,24.98,26.05,24.98,25.84,174166
2006-12-15,25.89,26.08,25.17,25.65,2098
2006-12-18,25.71,26.62,25.53,26.42,18101
2006-12-19,26.08,26.08,25.21,25.36,2489
2006-12-20,25.56,26.8,25.56,26.51,4899
2006-12-21,26.6,26.6,25.35,25.98,4763
2006-12-22,26.08,26.08,25.47,25.97,1341
2006-12-26,25.67,25.89,25.18,25.41,1971
2006-12-27,25.53,26.61,25.26,25.86,4799
2006-12-28,25.57,25.97,25.16,25.56,6320
2006-12-29,25.35,25.62,25.16,25.41,2502
2007-01-02,25.16,25.89,24.89,25.69,2901
2007-01-03,25.89,25.89,24.98,25.56,3920
2007-01-04,25.71,25.71,24.98,25.15,2922
2007-01-05,24.83,25.42,24.83,25.28,1791
2007-01-08,24.98,25.4,24.98,25.35,3581
2007-01-09,25.53,25.53,24.98,25.17,1641
2007-01-10,24.84,25.35,24.62,24.89,3145
2007-01-11,24.65,25.16,24.43,25.09,2973
2007-01-12,24.25,25.16,23.89,24.9,3800
2007-01-15,25.15,25.51,24.55,25.14,2645
2007-01-16,24.78,25.16,24.29,24.47,12200
2007-01-17,24.77,24.77,23.34,23.7,12145
2007-01-18,23.8,24.71,23.8,23.98,7351
2007-01-19,24.38,26.08,23.92,24.8,19032
2007-01-22,24.74,25.52,24.05,25.36,12265
2007-01-23,25.71,27.91,25.16,25.22,9339
2007-01-24,26.17,26.61,25.53,25.58,8056
2007-01-25,26.06,28.13,26.06,27.36,29984
2007-01-29,29.18,29.18,26.66,26.91,9157
2007-01-31,26.52,27.03,26.08,26.44,4797
2007-02-01,25.89,26.58,25.76,26.09,7621
2007-02-02,26.44,26.44,25.71,25.81,3705
2007-02-05,25.82,26.62,25.81,26.43,10118
2007-02-06,25.95,26.42,25.71,25.72,1922
2007-02-07,25.75,26.08,25.16,25.55,12025
2007-02-08,25.71,25.71,25.53,25.54,3220
2007-02-09,25.24,25.36,24.98,25.1,2172
2007-02-12,25.52,25.53,23.89,24.21,2187
2007-02-13,24.43,24.53,23.93,24.15,2868
2007-02-14,24.07,24.58,23.7,24.05,2521
2007-02-15,24.07,24.53,23.7,24.31,4601
2007-02-19,24.62,24.62,23.75,24.43,3573
2007-02-20,24.43,24.43,23.61,23.67,4529
2007-02-21,23.7,24.03,23.52,23.67,3277
2007-02-22,23.7,23.7,22.98,23.18,3004
2007-02-23,23.08,23.08,22.16,22.44,3314
2007-02-26,22.45,22.79,21.71,21.98,3770
2007-02-27,22.25,22.92,21.92,22.05,2224
2007-02-28,21.35,21.87,20.06,20.9,6664
2007-03-01,20.1,21.15,20.1,21.1,2809
2007-03-02,20.45,21.43,20.45,20.97,1920
2007-03-05,20.25,20.56,19.15,19.5,3928
2007-03-06,17.87,21.33,17.87,18.83,5376
2007-03-07,19.31,19.47,18.96,19.17,4802
2007-03-08,19.88,20.06,18.81,19.46,4056
2007-03-09,19.33,20.04,19.33,19.69,8621
2007-03-12,19.97,20.24,19.69,19.78,3546
2007-03-13,19.88,21.7,19.37,21.19,6638
2007-03-14,19.47,22.43,19.47,20.46,3639
2007-03-15,19.77,20.42,19.73,19.88,2193
2007-03-16,19.51,20.38,19.0,19.35,8609
2007-03-19,19.15,20.22,18.81,18.87,4637
2007-03-20,20.06,20.06,19.15,19.37,22478
2007-03-21,19.87,19.87,19.15,19.39,6753
2007-03-22,19.88,20.36,19.47,20.12,29626
2007-03-23,19.7,20.79,19.7,20.3,4653
2007-03-26,19.92,21.33,19.92,20.71,4261
2007-03-28,20.51,20.97,19.83,20.06,8832
2007-03-29,20.06,20.4,20.02,20.07,13126
2007-03-30,20.37,20.39,19.66,19.94,4219
2007-04-02,19.51,20.31,19.33,19.36,33700
2007-04-03,19.35,19.69,19.33,19.33,15172
2007-04-04,19.69,19.69,19.33,19.33,3142
2007-04-05,18.74,19.88,18.74,19.14,6806
2007-04-09,19.51,19.51,19.1,19.31,1275
2007-04-10,19.33,19.33,18.96,19.29,3832
2007-04-11,19.33,19.61,19.06,19.16,1918
2007-04-12,18.96,19.33,18.7,18.75,3820
2007-04-13,18.96,19.65,18.96,19.35,2471
2007-04-16,19.67,19.69,19.01,19.25,4262
2007-04-17,19.33,19.33,18.85,19.09,5910
2007-04-18,19.31,19.32,18.6,18.87,3523
2007-04-19,18.84,19.42,18.8,18.99,4787
2007-04-20,19.1,19.51,18.69,19.13,6654
2007-04-23,18.87,19.3,18.78,18.94,2216
2007-04-24,18.97,18.97,18.53,18.72,9301
2007-04-25,18.23,19.15,17.72,19.05,11765
2007-04-26,20.06,20.95,19.51,20.95,18290
2007-04-27,22.75,23.05,21.33,22.63,49362
2007-04-30,22.79,23.5,22.11,22.59,15950
2007-05-03,22.98,23.14,22.36,22.7,10323
2007-05-04,22.62,22.79,21.7,22.38,12983
2007-05-07,22.21,22.3,21.35,21.56,5511
2007-05-08,21.39,21.9,21.39,21.5,3954
2007-05-09,21.33,22.17,21.03,21.53,3785
2007-05-10,21.35,21.86,21.35,21.44,7755
2007-05-11,20.86,21.5,20.86,21.27,2080
2007-05-14,21.85,21.88,21.35,21.59,6632
2007-05-15,21.7,21.88,21.15,21.2,14537
2007-05-16,21.09,21.7,21.09,21.54,12047
2007-05-17,21.88,22.52,21.72,21.92,15290
2007-05-18,21.88,22.43,21.56,21.94,10119
2007-05-21,21.91,22.25,21.88,22.01,8108
2007-05-22,21.93,22.25,21.88,22.18,6125
2007-05-23,21.97,22.34,21.97,22.07,5742
2007-05-24,22.16,22.79,21.95,22.42,10932
2007-05-25,22.25,22.61,22.06,22.18,5675
2007-05-28,22.08,22.76,22.07,22.24,6435
2007-05-29,22.16,23.35,22.12,23.34,15196
2007-05-30,23.7,24.07,23.25,23.46,12310
2007-05-31,23.52,24.62,23.52,24.53,14413
2007-06-01,24.8,25.76,24.8,25.76,17180
2007-06-04,26.44,27.05,26.44,27.05,10693
2007-06-05,28.26,28.41,26.8,28.04,41452
2007-06-06,29.18,29.18,26.66,27.18,11925
2007-06-07,26.09,28.04,26.09,27.1,14034
2007-06-08,27.35,28.08,27.35,27.78,11656
2007-06-11,27.9,27.9,26.71,27.35,8893
2007-06-12,26.7,27.9,26.7,27.54,11479
2007-06-13,26.39,27.88,26.39,27.44,6574
2007-06-14,27.36,27.87,27.35,27.65,68665
2007-06-15,27.72,29.04,27.72,29.02,270702
2007-06-18,30.09,30.48,30.09,30.41,214200
2007-06-19,31.18,31.31,29.57,29.76,28809
2007-06-20,29.19,30.63,29.18,30.11,105077
2007-06-21,30.09,30.45,29.29,29.76,7725
2007-06-22,29.72,30.62,29.39,29.7,11599
2007-06-25,30.45,30.45,29.18,29.33,7447
2007-06-26,28.46,29.87,28.46,29.33,10427
2007-06-27,29.71,30.13,29.59,29.89,13520
2007-06-28,29.9,31.38,29.61,31.38,26768
2007-06-29,32.64,32.96,30.56,32.13,92565
2007-07-02,31.74,32.09,31.0,31.05,19073
2007-07-03,31.01,31.55,31.0,31.01,13499
2007-07-04,31.0,31.73,31.0,31.01,10163
2007-07-05,31.1,31.73,31.0,31.62,12706
2007-07-06,31.27,35.1,31.27,33.75,51700
2007-07-09,34.65,37.75,34.65,37.56,71132
2007-07-10,37.93,40.24,37.38,39.77,90500
2007-07-11,40.48,40.8,38.11,39.1,37721
2007-07-12,39.2,39.75,37.56,37.7,29959
2007-07-13,38.2,39.02,37.32,38.38,31373
2007-07-16,36.47,43.4,36.47,40.39,87974
2007-07-17,40.13,41.94,39.2,39.75,24005
2007-07-18,38.48,39.74,37.02,37.6,17025
2007-07-19,37.93,40.3,37.93,38.99,34156
2007-07-20,38.68,39.2,36.7,37.78,25794
2007-07-23,37.89,39.66,37.89,38.71,30621
2007-07-24,40.12,40.12,37.39,37.74,16511
2007-07-25,37.2,38.11,36.47,37.24,8974
2007-07-26,37.2,37.55,35.05,35.6,21043
2007-07-27,35.19,36.25,31.97,35.27,25631
2007-07-30,35.43,38.11,35.43,36.48,16340
2007-07-31,36.83,38.29,36.47,36.92,11907
2007-08-01,35.76,36.65,35.56,36.32,11618
2007-08-02,36.47,37.75,35.77,35.93,11663
2007-08-03,36.1,37.3,35.76,36.64,9358
2007-08-06,35.56,36.47,35.21,35.58,33859
2007-08-07,36.2,36.47,35.74,35.99,4453
2007-08-08,36.11,36.8,36.11,36.48,5386
2007-08-09,37.19,38.3,36.47,36.75,18758
2007-08-10,33.67,37.36,33.67,36.54,7968
2007-08-13,37.18,37.41,36.11,36.5,13713
2007-08-14,36.47,37.02,36.2,36.51,12417
2007-08-16,36.41,36.41,34.66,34.83,17737
2007-08-17,34.64,34.83,32.38,34.28,19149
2007-08-20,35.56,36.07,34.55,34.73,6180
2007-08-21,35.56,35.56,32.37,32.88,15647
2007-08-22,32.84,35.74,32.84,34.89,13593
2007-08-23,35.38,36.09,33.73,33.87,9171
2007-08-24,34.1,34.83,33.73,33.78,3813
2007-08-27,34.78,34.78,34.0,34.35,4903
2007-08-28,35.01,35.01,33.76,33.82,8661
2007-08-29,33.73,35.38,33.46,34.45,10443
2007-08-30,34.83,34.83,33.73,33.83,3739
2007-08-31,34.12,34.65,33.81,34.14,2234
2007-09-03,34.65,38.8,34.65,37.28,53176
2007-09-04,38.11,39.93,36.83,37.43,25216
2007-09-05,39.75,39.75,35.94,36.73,13393
2007-09-06,36.47,37.56,35.83,36.89,10344
2007-09-07,36.47,37.29,36.47,36.68,14532
2007-09-10,36.82,38.09,36.2,37.75,19103
2007-09-11,40.0,40.0,38.13,38.31,41655
2007-09-12,38.64,38.64,37.52,37.87,11569
2007-09-13,38.11,38.11,36.98,37.32,9475
2007-09-14,37.21,37.67,36.32,36.57,9803
2007-09-17,36.0,36.6,35.2,35.62,6273
2007-09-18,36.01,37.0,35.02,35.4,7473
2007-09-19,36.0,37.0,35.4,35.77,19804
2007-09-20,35.07,35.79,33.62,34.07,10447
2007-09-21,34.01,35.5,33.62,33.79,8044
2007-09-24,35.8,35.8,32.2,32.67,17232
2007-09-25,33.07,33.07,31.2,32.16,8277
2007-09-26,32.4,33.57,31.8,33.02,18201
2007-09-27,32.1,33.0,31.66,32.41,9352
2007-09-28,31.52,32.57,31.52,32.17,34265
2007-10-01,34.96,34.96,31.64,31.98,68542
2007-10-03,32.0,32.79,32.0,32.25,11481
2007-10-04,32.0,32.34,31.82,32.02,10258
2007-10-05,32.0,32.2,31.4,31.5,7250
2007-10-08,31.52,31.6,29.86,30.04,6088
2007-10-09,30.0,30.95,28.65,30.41,10041
2007-10-10,31.1,32.0,29.9,30.29,19155
2007-10-11,32.85,34.8,31.06,31.33,16252
2007-10-12,31.6,32.11,31.6,31.79,17628
2007-10-15,32.0,32.0,30.22,31.36,13066
2007-10-16,31.99,31.99,30.27,30.44,6127
2007-10-17,29.0,30.8,29.0,30.8,2028
2007-10-18,30.62,31.01,30.22,30.35,7752
2007-10-19,30.22,30.22,29.23,29.8,7271
2007-10-22,29.2,30.0,29.01,29.71,9072
2007-10-23,29.02,31.0,29.02,29.98,12943
2007-10-24,30.2,31.78,30.12,30.92,32825
2007-10-25,32.8,37.11,32.8,37.11,59077
2007-10-26,34.46,39.36,34.46,36.28,77743
2007-10-29,36.17,37.35,36.17,37.0,45891
2007-10-30,37.2,38.2,36.24,37.0,26484
2007-10-31,37.2,44.4,36.85,42.58,130479
2007-11-01,43.69,45.58,40.83,41.34,63208
2007-11-02,38.8,41.89,38.8,40.12,16248
2007-11-05,41.0,41.36,38.7,41.02,21352
2007-11-06,40.6,41.0,39.4,39.9,18692
2007-11-07,39.4,41.38,38.3,40.37,16820
2007-11-08,39.4,39.8,38.6,38.86,17936
2007-11-09,39.8,41.6,39.8,41.04,17192
2007-11-12,40.0,40.6,37.22,40.25,25510
2007-11-13,41.0,41.0,39.08,39.58,25648
2007-11-14,41.0,41.2,39.2,40.44,31486
2007-11-15,41.0,41.95,39.88,41.01,26083
2007-11-16,40.8,42.78,40.21,40.91,21546
2007-11-19,41.2,42.6,40.3,41.47,45711
2007-11-20,41.38,43.8,40.31,41.64,73843
2007-11-21,41.6,43.0,40.4,40.87,27330
2007-11-22,40.4,40.4,38.0,38.18,36296
2007-11-23,38.4,39.2,37.83,38.18,15704
2007-11-26,38.96,39.8,37.98,38.58,9789
2007-11-27,37.62,40.4,37.62,39.99,15885
2007-11-28,38.9,40.8,38.9,39.09,8070
2007-11-29,40.0,42.0,40.0,40.29,14002
2007-11-30,40.6,41.0,40.23,40.59,6290
2007-12-03,40.8,41.5,40.42,41.01,11971
2007-12-04,41.04,45.57,40.75,44.38,66227
2007-12-05,44.64,49.0,44.2,47.98,74960
2007-12-06,49.0,51.8,47.2,50.26,141504
2007-12-07,48.95,53.4,48.95,52.09,68318
2007-12-10,53.36,59.8,53.36,55.57,93495
2007-12-11,57.6,58.6,55.66,57.08,105695
2007-12-12,56.2,62.98,55.21,61.13,145246
2007-12-13,63.0,63.0,59.8,62.18,97008
2007-12-14,62.8,63.0,61.4,62.11,43576
2007-12-17,62.1,62.1,58.0,59.18,40227
2007-12-18,57.02,62.96,57.02,62.06,44605
2007-12-19,62.0,63.0,58.0,58.59,26703
2007-12-20,58.84,61.0,58.0,58.41,19646
2007-12-24,59.8,60.0,58.81,59.06,192890
2007-12-26,60.0,62.0,59.4,60.73,71755
2007-12-27,60.42,62.0,59.43,60.36,21188
2007-12-28,60.4,63.0,59.44,62.34,32257
2007-12-31,63.0,68.2,62.2,67.21,73313
2008-01-01,69.8,72.9,68.21,71.95,49242
2008-01-02,69.95,78.0,69.95,73.99,71771
2008-01-03,74.0,76.0,71.0,72.83,20465
2008-01-04,73.58,74.4,70.2,71.1,22372
2008-01-07,71.0,72.6,67.2,67.55,27435
2008-01-08,69.6,69.6,62.0,63.42,31174
2008-01-09,64.2,66.66,62.02,66.04,46984
2008-01-10,65.0,71.6,65.0,66.03,38181
2008-01-11,65.0,69.0,64.3,65.56,18331
2008-01-14,66.4,67.4,64.32,66.05,8159
2008-01-15,64.59,69.5,64.59,65.0,16151
2008-01-16,60.6,64.8,60.52,62.48,16544
2008-01-17,62.6,64.8,61.34,62.71,13035
2008-01-18,63.79,63.79,57.4,58.84,35217
2008-01-21,56.59,57.0,52.96,52.96,26505
2008-01-22,52.2,52.2,47.67,47.67,9432
2008-01-23,45.6,50.06,45.3,50.04,18477
2008-01-24,50.04,52.55,50.04,52.44,33067
2008-01-25,52.41,54.2,50.63,51.39,22733
2008-01-28,52.88,52.88,49.0,51.82,8733
2008-01-29,53.7,54.3,52.03,53.4,10241
2008-01-30,54.2,54.2,51.2,51.95,12342
2008-01-31,51.03,54.5,49.48,50.41,14279
2008-02-01,50.82,51.98,47.89,48.3,11331
2008-02-04,48.0,50.72,48.0,50.72,10787
2008-02-05,53.19,53.19,49.23,49.75,2842
2008-02-06,49.19,49.19,47.4,47.73,3919
2008-02-07,48.8,48.94,47.6,48.07,6009
2008-02-08,47.0,48.98,45.68,45.98,7430
2008-02-11,44.03,44.97,43.68,43.68,6060
2008-02-12,41.8,42.94,41.5,41.5,4383
2008-02-13,41.5,41.95,39.43,39.65,8711
2008-02-14,41.0,41.38,39.05,40.34,9246
2008-02-15,40.98,41.58,40.0,40.82,10540
2008-02-18,40.8,42.87,39.5,42.87,10370
2008-02-19,45.01,45.02,44.4,45.02,4237
2008-02-20,46.8,46.8,44.0,46.07,8676
2008-02-21,46.0,46.65,45.62,46.27,3905
2008-02-22,45.0,46.38,44.1,45.33,11412
2008-02-25,45.6,45.6,44.17,44.65,6371
2008-02-26,46.7,46.7,43.1,43.77,4146
2008-02-27,44.02,45.95,42.0,42.68,11654
2008-02-28,42.32,43.0,41.27,41.95,3758
2008-02-29,41.81,42.8,41.8,42.52,7827
2008-03-03,42.8,42.8,40.4,40.4,5318
2008-03-04,40.36,41.4,39.02,39.79,12547
2008-03-05,39.4,39.4,38.0,38.17,4390
2008-03-07,36.27,38.02,36.27,36.27,27748
2008-03-10,30.4,36.0,30.4,35.1,23259
2008-03-11,33.6,37.4,33.6,36.86,5980
2008-03-12,37.01,38.4,37.0,37.0,5044
2008-03-13,36.4,38.0,34.45,35.22,8858
2008-03-14,33.44,34.22,32.0,33.3,177764
2008-03-17,31.99,31.99,28.0,29.12,10508
2008-03-18,29.2,30.0,27.46,28.2,19783
2008-03-19,29.9,31.88,26.61,26.83,11134
2008-03-24,27.2,28.0,24.8,25.38,19959
2008-03-25,26.0,28.4,25.0,26.98,79421
2008-03-26,28.0,30.97,27.42,30.39,23053
2008-03-27,29.0,33.8,29.0,30.75,12314
2008-03-28,31.98,34.0,30.5,33.71,22708
2008-03-31,33.6,34.4,31.42,32.23,10192
2008-04-01,32.2,33.39,31.8,32.87,3183
2008-04-02,33.2,33.6,30.8,31.29,3439
2008-04-03,31.4,31.6,30.4,30.8,3283
2008-04-04,31.18,31.18,29.4,29.73,4264
2008-04-07,29.43,30.8,29.4,30.5,1456
2008-04-08,35.0,35.0,30.48,30.8,3383
2008-04-09,28.99,32.6,28.99,30.42,2347
2008-04-10,31.63,31.63,30.02,30.13,3100
2008-04-11,31.98,31.98,29.61,30.73,4195
2008-04-15,28.85,31.49,28.85,30.98,4759
2008-04-16,30.71,31.4,30.64,31.02,1964
2008-04-17,31.2,36.8,30.8,35.95,27434
2008-04-21,37.85,38.2,34.64,36.76,9871
2008-04-22,37.56,37.56,36.1,36.8,4560
2008-04-23,37.0,42.82,37.0,40.54,37697
2008-04-24,41.8,43.0,37.4,38.36,12117
2008-04-25,38.8,39.73,37.23,38.84,15471
2008-04-28,38.99,38.99,35.6,36.47,12852
2008-04-29,37.59,37.59,35.82,36.92,8975
2008-04-30,36.06,37.05,36.06,36.22,4445
2008-05-02,36.4,37.2,36.0,36.82,6882
2008-05-05,36.85,38.8,35.53,36.83,15072
2008-05-06,36.24,37.25,36.2,36.47,9113
2008-05-07,36.0,36.91,35.75,36.57,2697
2008-05-08,36.02,36.74,35.64,35.93,3661
2008-05-09,36.0,36.0,34.8,35.13,5048
2008-05-12,33.46,37.0,31.22,33.27,9742
2008-05-13,37.6,37.6,32.63,33.41,2982
2008-05-14,33.2,33.8,33.2,33.44,595
2008-05-15,35.19,35.29,32.25,33.63,86581
2008-05-16,33.82,33.99,33.22,33.37,3930
2008-05-20,33.0,34.69,32.8,33.15,3714
2008-05-21,32.8,34.2,32.8,33.87,5019
2008-05-22,34.0,34.0,32.22,32.79,2518
2008-05-23,32.4,33.0,32.01,32.23,2568
2008-05-26,32.0,32.78,30.03,30.94,5220
2008-05-27,32.0,32.0,29.1,29.86,3514
2008-05-28,29.4,30.2,29.4,29.85,2584
2008-05-29,32.38,32.38,28.8,29.06,4844
2008-05-30,28.9,29.99,28.74,28.91,3440
2008-06-02,27.2,32.4,27.2,28.98,4618
2008-06-03,29.0,29.0,27.85,28.78,1548
2008-06-04,30.0,30.0,27.5,27.75,965
2008-06-05,29.1,29.1,27.4,28.23,1852
2008-06-06,28.0,29.96,27.56,27.72,1920
2008-06-09,26.19,30.0,25.0,26.65,2046
2008-06-10,27.96,27.96,26.0,26.28,6309
2008-06-11,26.4,27.56,25.0,25.06,70032
2008-06-12,25.78,26.0,24.85,25.71,4952
2008-06-13,26.0,26.98,25.8,26.13,3599
2008-06-16,27.6,27.8,25.41,25.67,6789
2008-06-17,25.6,26.6,25.4,26.34,3207
2008-06-18,26.0,30.78,26.0,27.1,21048
2008-06-19,26.42,28.99,26.42,27.21,9417
2008-06-20,27.0,28.8,26.2,26.4,5161
2008-06-23,26.6,26.77,25.2,25.64,4428
2008-06-24,25.22,27.35,25.2,25.41,4537
2008-06-25,24.66,26.0,24.66,24.78,4740
2008-06-26,26.6,26.6,24.08,24.21,5931
2008-06-27,25.6,25.6,24.42,24.6,8493
2008-06-30,25.55,25.55,22.81,23.75,2923
2008-07-01,24.0,24.39,23.0,23.56,3765
2008-07-02,23.4,26.4,23.22,24.24,7921
2008-07-03,23.29,25.0,23.29,24.62,1399
2008-07-04,24.08,25.57,24.08,24.64,1424
2008-07-07,24.8,25.34,23.4,23.76,9115
2008-07-08,24.79,24.79,22.65,23.39,1401
2008-07-09,25.16,25.2,23.53,24.37,6028
2008-07-10,24.0,24.58,23.2,23.56,3834
2008-07-11,23.6,24.0,22.87,23.17,5844
2008-07-14,23.35,23.35,22.6,22.81,3151
2008-07-15,22.62,23.4,21.86,21.95,3510
2008-07-16,22.0,22.02,20.01,20.41,7470
2008-07-17,21.56,21.57,20.4,20.47,5411
2008-07-18,20.5,22.4,20.2,22.0,4076
2008-07-21,22.4,22.76,21.6,21.95,3659
2008-07-22,21.4,22.3,21.4,21.74,10820
2008-07-23,21.79,22.93,21.55,21.78,47642
2008-07-24,22.0,22.19,20.8,21.01,11676
2008-07-25,20.82,21.73,20.44,20.92,7445
2008-07-28,20.3,21.56,20.3,21.19,3209
2008-07-29,20.57,21.6,20.57,20.95,1715
2008-07-30,21.25,22.2,20.62,20.98,51916
2008-07-31,20.61,21.01,19.8,19.98,29878
2008-08-01,21.98,21.98,19.36,20.92,43310
2008-08-04,21.98,21.98,20.5,20.57,21849
2008-08-05,20.93,20.93,20.0,20.4,22626
2008-08-06,20.8,21.56,20.26,20.46,32484
2008-08-07,20.4,21.0,20.22,20.77,13310
2008-08-08,20.8,23.6,20.5,21.79,169462
2008-08-11,22.97,22.98,22.01,22.51,42420
2008-08-12,22.4,22.6,22.0,22.05,19480
2008-08-13,22.1,22.19,21.42,22.0,34910
2008-08-14,22.0,22.18,21.26,22.02,46904
2008-08-18,22.0,22.2,20.61,20.9,9079
2008-08-19,20.4,21.56,20.4,21.32,24773
2008-08-20,21.0,21.8,21.0,21.4,8858
2008-08-21,22.0,22.0,20.41,20.82,6310
2008-08-22,19.9,21.0,19.9,20.83,5993
2008-08-25,21.6,21.6,20.5,20.54,4048
2008-08-26,20.4,20.41,19.35,19.82,20869
2008-08-27,20.98,21.0,20.01,20.33,7940
2008-08-28,20.37,20.4,19.88,20.02,12563
2008-08-29,20.11,21.8,19.8,20.0,46414
2008-09-01,18.26,20.4,18.26,20.19,13951
2008-09-02,20.02,20.74,19.31,19.99,20430
2008-09-04,19.99,20.39,19.6,19.76,4753
2008-09-05,19.8,20.16,19.62,19.88,2156
2008-09-08,20.12,20.2,19.75,19.8,5864
2008-09-09,19.8,20.18,19.46,19.63,7212
2008-09-10,20.08,20.08,19.2,19.44,4978
2008-09-11,19.22,19.57,18.63,18.72,13260
2008-09-12,18.82,19.34,18.3,18.54,8204
2008-09-15,19.18,19.18,16.42,16.87,17296
2008-09-16,16.4,16.79,16.0,16.56,7896
2008-09-17,16.97,17.0,16.2,16.24,5663
2008-09-18,16.0,16.4,15.52,16.35,13412
2008-09-19,18.6,18.6,16.4,16.54,5254
2008-09-22,16.62,17.8,16.42,16.45,7582
2008-09-23,16.78,16.78,15.61,15.94,4318
2008-09-24,16.0,16.2,15.22,15.49,6968
2008-09-25,15.4,15.8,15.37,15.46,17229
2008-09-26,15.2,15.2,14.0,14.12,10038
2008-09-29,14.6,14.6,13.5,13.83,10725
2008-09-30,13.76,13.76,12.83,12.99,12840
2008-10-01,15.17,15.17,13.01,13.31,13234
2008-10-03,13.98,13.98,13.1,13.33,3839
2008-10-06,12.25,13.4,11.71,12.53,9274
2008-10-07,12.04,15.0,11.89,14.1,17593
2008-10-08,13.02,15.0,11.91,13.75,24021
2008-10-10,12.6,13.18,11.61,12.35,8587
2008-10-13,13.3,13.3,11.65,12.0,15993
2008-10-14,12.3,13.16,11.02,11.32,31453
2008-10-15,11.0,11.0,10.18,10.43,7184
2008-10-16,9.8,10.13,9.01,9.37,18800
2008-10-17,9.79,9.79,9.1,9.34,6095
2008-10-20,9.51,9.51,8.5,8.65,9850
2008-10-21,9.0,9.13,8.46,8.76,8750
2008-10-22,8.52,9.05,7.22,8.03,13758
2008-10-23,8.0,8.48,7.22,7.58,6991
2008-10-24,7.61,7.98,7.2,7.67,17136
2008-10-27,7.6,7.6,6.14,7.14,21046
2008-10-28,7.6,7.6,7.0,7.32,4520
2008-10-29,7.6,7.98,7.24,7.7,5420
2008-10-31,7.2,7.8,7.08,7.34,6479
2008-11-03,8.34,8.8,7.83,8.18,10385
2008-11-04,6.82,9.0,6.82,8.55,9218
2008-11-05,9.4,9.4,7.84,8.01,19278
2008-11-06,8.0,8.28,7.22,7.68,8435
2008-11-07,7.4,8.0,7.2,7.92,7843
2008-11-10,8.2,8.6,7.62,7.98,11470
2008-11-11,8.6,8.6,7.24,7.95,3230
2008-11-12,7.98,7.98,7.2,7.36,11326
2008-11-14,7.6,7.8,7.2,7.21,13152
2008-11-17,7.2,7.4,6.9,7.13,5607
2008-11-18,7.06,7.41,6.85,7.03,4222
2008-11-19,7.2,7.2,6.58,6.63,6606
2008-11-20,6.6,6.6,6.09,6.29,6480
2008-11-21,6.47,6.8,6.2,6.38,10537
2008-11-24,6.65,6.66,5.8,6.15,6841
2008-11-25,6.5,6.5,5.98,6.0,4396
2008-11-26,5.8,6.15,5.67,6.06,5057
2008-11-28,5.45,6.0,5.45,6.0,1922
2008-12-01,6.0,6.58,5.85,6.26,5717
2008-12-02,6.0,6.4,5.83,6.17,10007
2008-12-03,5.81,6.6,5.81,6.43,3699
2008-12-04,6.6,6.6,6.2,6.5,10409
2008-12-05,6.27,6.74,6.27,6.4,7130
2008-12-08,6.8,6.8,6.5,6.78,4531
2008-12-10,7.19,7.19,6.42,6.78,3397
2008-12-11,6.94,6.94,6.6,6.88,5573
2008-12-12,6.6,6.94,6.6,6.87,4162
2008-12-15,7.0,8.25,6.33,8.25,12455
2008-12-16,9.0,9.4,8.9,9.25,20376
2008-12-17,9.0,9.2,8.4,8.41,10127
2008-12-18,8.8,8.8,8.2,8.38,2663
2008-12-19,8.2,8.59,8.05,8.19,4734
2008-12-22,8.3,8.7,8.04,8.15,6177
2008-12-23,8.2,8.4,7.6,7.76,5356
2008-12-24,7.42,7.75,7.42,7.47,1749
2008-12-26,7.9,8.49,7.7,8.09,23595
2008-12-29,8.5,8.58,8.23,8.35,9432
2008-12-30,8.35,8.8,8.28,8.68,7293
2008-12-31,8.8,9.79,8.4,8.52,28405
2009-01-01,8.44,8.9,8.2,8.39,25336
2009-01-02,8.62,8.69,7.91,8.0,32376
2009-01-05,8.4,9.53,8.3,9.22,94232
2009-01-06,9.2,9.39,8.42,8.56,16074
2009-01-07,8.8,8.8,7.43,8.05,18511
2009-01-09,8.05,8.05,7.5,7.75,4498
2009-01-12,7.71,7.99,7.3,7.55,3773
2009-01-13,7.55,8.0,7.24,7.32,7362
2009-01-14,7.33,7.49,7.31,7.4,6272
2009-01-15,7.54,7.55,7.01,7.23,2960
2009-01-16,7.45,7.45,6.65,6.9,21623
2009-01-19,6.7,7.2,6.61,6.86,6885
2009-01-20,6.81,7.11,6.73,7.06,3759
2009-01-21,7.0,7.18,6.83,6.95,6943
2009-01-22,6.85,7.05,6.6,6.79,10335
2009-01-23,6.89,6.89,6.41,6.58,3830
2009-01-27,6.41,6.77,6.32,6.6,7896
2009-01-28,6.6,6.85,6.43,6.81,1994
2009-01-29,6.01,7.0,5.68,6.52,5388
2009-01-30,6.6,6.94,6.47,6.82,9534
2009-02-02,6.94,6.98,6.02,6.22,7168
2009-02-03,5.92,6.47,5.9,6.16,4975
2009-02-04,6.13,6.5,6.1,6.45,5017
2009-02-05,6.4,6.59,6.2,6.27,3350
2009-02-06,6.2,6.4,5.87,5.98,11340
2009-02-09,6.04,6.08,5.83,5.88,9499
2009-02-10,5.84,5.95,5.06,5.13,117836
2009-02-11,5.34,5.34,4.81,4.94,108650
2009-02-12,4.99,5.93,4.82,5.42,211311
2009-02-13,5.89,5.89,5.45,5.71,72112
2009-02-16,5.6,5.77,5.36,5.43,19329
2009-02-17,5.58,5.58,5.24,5.3,6053
2009-02-18,5.38,5.38,5.11,5.26,7922
2009-02-19,5.4,5.6,4.9,4.99,23833
2009-02-20,5.0,5.05,4.74,4.77,42124
2009-02-24,4.77,4.84,4.44,4.58,15907
2009-02-25,4.78,4.9,4.56,4.59,21870
2009-02-26,4.76,4.76,4.3,4.4,35756
2009-02-27,5.1,5.1,4.2,4.37,20429
2009-03-02,4.5,4.75,4.44,4.61,17694
2009-03-03,4.71,4.71,4.5,4.57,7761
2009-03-04,4.59,4.7,4.52,4.64,15224
2009-03-05,4.54,4.66,4.54,4.6,10484
2009-03-06,4.66,5.2,4.58,5.1,53790
2009-03-09,5.09,5.15,4.84,4.99,15276
2009-03-12,5.18,5.18,4.82,4.9,4285
2009-03-13,4.81,4.99,4.42,4.8,11062
2009-03-16,4.8,5.18,4.72,4.95,8581
2009-03-17,5.0,5.2,4.87,5.11,14894
2009-03-18,5.79,5.79,5.05,5.29,19200
2009-03-19,5.34,5.47,4.91,5.21,4392
2009-03-20,5.56,5.56,5.02,5.09,10125
2009-03-23,5.2,5.28,4.91,5.2,20538
2009-03-24,5.22,5.54,5.13,5.23,22259
2009-03-25,5.56,5.56,5.07,5.23,6463
2009-03-26,5.5,5.5,4.84,5.0,25745
2009-03-27,5.16,5.38,5.0,5.22,36274
2009-03-30,5.3,5.48,5.13,5.14,15090
2009-03-31,5.33,5.33,5.06,5.11,11131
2009-04-01,5.38,5.4,4.87,5.06,34198
2009-04-02,5.2,5.48,5.03,5.34,49221
2009-04-06,5.68,6.41,5.41,6.41,88395
2009-04-08,6.37,7.53,6.21,6.89,118936
2009-04-09,7.37,7.94,6.9,7.73,94976
2009-04-13,7.8,8.2,7.4,7.66,52729
2009-04-15,7.21,8.0,7.21,7.6,42919
2009-04-16,7.8,7.8,6.91,6.99,27961
2009-04-17,7.39,7.69,7.13,7.23,77487
2009-04-20,7.2,7.47,6.88,7.12,7051
2009-04-21,7.48,7.48,6.9,7.22,32604
2009-04-22,7.48,7.59,7.31,7.59,16741
2009-04-23,7.6,7.97,7.4,7.9,6473
2009-04-24,7.97,8.3,7.85,8.3,51521
2009-04-27,8.6,8.72,8.0,8.38,47362
2009-04-28,8.74,8.74,7.96,8.34,23624
2009-04-29,8.6,8.6,7.93,8.4,5066
2009-05-04,8.4,8.79,8.4,8.57,9805
2009-05-05,8.62,9.0,8.55,8.94,23735
2009-05-06,9.0,9.39,9.0,9.39,5070
2009-05-07,9.68,9.86,9.15,9.3,11390
2009-05-08,8.85,9.6,8.85,8.97,4801
2009-05-11,8.85,8.9,8.56,8.77,9062
2009-05-12,8.59,8.88,8.51,8.71,4079
2009-05-13,8.7,8.9,8.54,8.76,4998
2009-05-14,8.4,9.2,8.4,9.08,6446
2009-05-15,9.24,9.54,9.24,9.54,10514
2009-05-19,9.8,10.02,9.8,10.02,27837
2009-05-20,10.38,10.53,10.38,10.53,6311
2009-05-21,11.06,11.06,11.06,11.06,126261
2009-05-22,11.62,11.62,11.57,11.62,15887
2009-05-25,12.21,12.21,11.8,12.21,44419
2009-05-26,12.82,12.82,11.6,11.6,31741
2009-05-27,12.0,12.18,11.02,12.16,17654
2009-05-28,12.4,12.77,11.8,12.46,15276
2009-05-29,12.79,12.99,11.84,12.18,30639
2009-06-01,12.4,12.79,11.86,12.0,36030
2009-06-02,12.39,12.39,11.4,11.62,14269
2009-06-03,11.4,12.21,11.4,12.13,22842
2009-06-04,12.21,12.73,11.8,12.44,13823
2009-06-05,13.04,13.07,12.2,12.44,105116
2009-06-08,12.5,12.78,12.0,12.19,32087
2009-06-09,11.62,12.41,11.58,11.95,51373
2009-06-10,12.4,12.55,11.41,12.55,21918
2009-06-11,12.42,13.18,12.42,13.18,25617
2009-06-12,13.6,13.84,12.9,13.38,31684
2009-06-15,12.95,14.05,12.95,14.05,38161
2009-06-16,14.58,14.76,14.02,14.76,38326
2009-06-17,15.5,15.5,14.63,15.29,54904
2009-06-18,15.4,15.5,14.53,14.53,32022
2009-06-19,14.76,14.76,13.81,13.81,11336
2009-06-22,13.81,13.81,13.12,13.12,20099
2009-06-23,13.12,13.12,12.47,12.65,8615
2009-06-24,12.8,13.29,12.5,13.29,13419
2009-06-25,13.96,13.96,12.84,12.98,18202
2009-06-26,13.25,13.63,12.82,13.61,25001
2009-06-29,13.92,14.29,13.24,14.21,19930
2009-06-30,14.02,14.73,13.5,13.5,12453
2009-07-01,12.87,13.1,12.83,12.86,13118
2009-07-02,13.18,13.51,12.98,13.51,10144
2009-07-03,13.3,14.19,13.0,13.93,32199
2009-07-06,14.3,14.57,13.24,13.24,21548
2009-07-07,13.24,13.24,11.92,12.44,22762
2009-07-08,11.87,12.37,11.61,11.74,28186
2009-07-09,11.42,11.98,10.83,11.86,5823
2009-07-10,11.97,12.03,10.7,11.18,14111
2009-07-13,10.8,10.8,10.12,10.19,9675
2009-07-14,10.72,11.16,10.46,10.91,17809
2009-07-15,11.19,12.0,10.81,11.92,10895
2009-07-16,12.5,12.79,11.8,12.29,37359
2009-07-17,12.46,12.95,12.3,12.69,21065
2009-07-20,12.8,13.0,12.6,12.82,10048
2009-07-21,12.51,12.79,12.4,12.46,5206
2009-07-22,12.6,12.6,11.86,12.31,8180
2009-07-23,11.71,12.6,11.71,12.4,8381
2009-07-24,13.02,13.02,12.5,12.73,10034
2009-07-27,12.96,13.1,12.35,12.5,7131
2009-07-28,12.4,12.67,12.19,12.39,19711
2009-07-29,12.59,12.6,11.77,11.83,24754
2009-07-30,11.6,11.78,11.24,11.43,20929
2009-07-31,11.7,12.01,11.42,11.6,65992
2009-08-03,12.0,12.18,11.85,12.08,33211
2009-08-04,12.01,12.5,11.9,12.29,27070
2009-08-05,12.5,12.59,12.2,12.29,16173
2009-08-06,12.12,12.57,11.82,12.02,11987
2009-08-07,12.02,12.19,11.42,11.54,22988
2009-08-10,11.94,11.94,10.97,11.03,8874
2009-08-11,10.8,11.4,10.49,11.14,11972
2009-08-12,11.0,11.25,10.6,11.13,6798
2009-08-13,11.3,11.69,11.17,11.69,6179
2009-08-14,11.86,12.28,11.8,12.28,20505
2009-08-17,11.88,12.5,11.7,11.99,20629
2009-08-18,11.81,12.52,11.47,12.27,17593
2009-08-19,12.01,12.16,11.66,11.93,10072
2009-08-20,12.06,12.09,11.76,11.82,6385
2009-08-21,11.64,12.19,11.64,12.03,9792
2009-08-24,11.92,12.4,11.9,12.01,24517
2009-08-25,12.04,12.17,11.62,11.79,7561
2009-08-26,11.76,12.17,11.73,11.98,26101
2009-08-27,12.0,12.12,11.71,11.82,11023
2009-08-28,11.85,11.99,11.79,11.87,8527
2009-08-31,11.6,11.99,11.6,11.68,11864
2009-09-01,11.69,11.95,11.4,11.47,12481
2009-09-02,11.51,11.68,11.37,11.62,5494
2009-09-03,11.46,11.85,11.46,11.66,6922
2009-09-04,11.7,11.76,11.5,11.56,3782
2009-09-07,11.8,12.72,11.45,12.72,22774
2009-09-08,14.0,14.0,14.0,14.0,17155
2009-09-09,15.4,15.4,15.4,15.4,32610
2009-09-10,16.17,16.17,16.17,16.17,40520
2009-09-11,16.98,16.98,15.37,15.37,135380
2009-09-14,14.61,14.61,14.61,14.61,2265
2009-09-15,13.88,13.88,13.88,13.88,8846
2009-09-16,13.19,14.58,13.19,14.58,186704
2009-09-17,15.31,15.31,14.2,14.68,123558
2009-09-18,14.6,15.42,14.6,15.42,116961
2009-09-22,15.8,15.98,15.05,15.24,131863
2009-09-23,15.33,15.38,14.48,14.51,54396
2009-09-24,14.0,15.24,14.0,15.13,67696
2009-09-25,15.38,15.68,14.66,14.87,91808
2009-09-29,15.62,15.62,14.13,14.23,140442
2009-09-30,14.56,14.56,13.64,14.05,29988
2009-10-01,14.0,14.12,13.59,13.79,30701
2009-10-05,13.21,14.38,13.21,13.62,43603
2009-10-06,13.3,13.93,12.94,13.72,45912
2009-10-07,13.6,13.9,13.23,13.38,28288
2009-10-08,13.4,13.8,13.25,13.44,23502
2009-10-09,13.42,14.1,13.0,13.14,63541
2009-10-12,13.8,13.8,13.1,13.32,13296
2009-10-14,13.96,13.96,12.82,13.1,17443
2009-10-15,13.02,13.56,12.85,12.93,23443
2009-10-16,13.13,13.2,12.6,13.02,24736
2009-10-17,13.02,13.36,12.64,13.23,5109
2009-10-20,13.3,13.4,13.0,13.13,17594
2009-10-21,13.0,13.29,12.5,13.23,17728
2009-10-22,13.0,13.2,12.57,12.61,32847
2009-10-23,12.75,12.75,12.0,12.29,37352
2009-10-26,12.22,12.46,12.02,12.03,19773
2009-10-27,12.0,12.16,11.5,11.63,17529
2009-10-28,11.6,12.22,11.12,11.96,47935
2009-10-29,11.8,11.98,11.38,11.49,33378
2009-10-30,11.55,11.55,10.92,10.94,34833
2009-11-03,10.8,10.8,10.4,10.4,15695
2009-11-04,10.4,10.42,9.88,10.17,37660
2009-11-05,10.38,10.57,10.02,10.33,28975
2009-11-06,10.4,10.85,10.4,10.85,7589
2009-11-09,11.19,11.4,11.02,11.4,25899
2009-11-10,11.4,11.76,11.0,11.06,17408
2009-11-11,10.81,11.49,10.81,11.32,8126
2009-11-12,10.85,11.49,10.85,11.18,9409
2009-11-13,11.29,11.37,10.8,10.89,14012
2009-11-16,11.0,11.44,10.9,11.44,24830
2009-11-17,11.44,11.59,11.13,11.27,7661
2009-11-18,11.34,11.35,10.71,10.8,33501
2009-11-19,10.99,11.07,10.8,10.98,9041
2009-11-20,10.92,11.03,10.6,10.8,20162
2009-11-23,10.73,11.34,10.72,11.34,17040
2009-11-24,11.6,11.91,11.3,11.91,17301
2009-11-25,12.29,12.4,11.36,11.47,44376
2009-11-26,11.35,11.39,11.06,11.17,7080
2009-11-27,10.8,11.09,10.62,10.97,14242
2009-11-30,11.19,11.27,10.91,11.13,8127
2009-12-01,11.19,11.69,11.19,11.69,8976
2009-12-02,12.28,12.28,11.65,12.28,38865
2009-12-03,12.4,12.9,12.21,12.5,110861
2009-12-04,12.4,12.94,12.31,12.69,33084
2009-12-07,12.6,12.95,12.39,12.41,15677
2009-12-08,12.33,12.54,12.33,12.43,14975
2009-12-09,12.4,12.59,12.2,12.41,14336
2009-12-10,12.4,12.77,12.4,12.64,16767
2009-12-11,12.61,13.28,12.61,13.07,62678
2009-12-14,13.19,13.24,12.81,13.05,24475
2009-12-15,12.91,13.18,12.8,12.89,21177
2009-12-16,12.82,13.3,12.72,13.13,13302
2009-12-17,13.01,13.44,13.01,13.18,10636
2009-12-18,13.01,13.18,12.64,12.78,9667
2009-12-21,12.71,12.98,12.51,12.9,9314
2009-12-22,12.82,12.97,12.8,12.91,3845
2009-12-23,13.0,13.09,12.82,12.94,5696
2009-12-24,13.05,13.34,12.93,13.19,8873
2009-12-29,13.1,13.44,13.03,13.36,5284
2009-12-30,13.49,13.9,13.14,13.34,32258
2009-12-31,13.49,13.99,13.3,13.68,39320
2010-01-04,13.69,13.7,13.2,13.56,19103
2010-01-05,13.7,13.86,13.55,13.64,22478
2010-01-06,13.76,13.89,13.63,13.64,6274
2010-01-07,13.65,13.68,13.53,13.61,10872
2010-01-08,13.6,14.76,13.57,14.49,86174
2010-01-11,14.38,15.94,14.32,15.22,151272
2010-01-12,15.39,15.56,14.0,14.13,62724
2010-01-13,14.2,14.6,14.12,14.48,33016
2010-01-14,14.6,15.76,14.58,15.16,90313
2010-01-15,15.38,15.69,14.41,14.65,39113
2010-01-18,14.8,15.0,14.44,14.92,20004
2010-01-19,14.71,14.98,14.2,14.3,27651
2010-01-20,14.43,14.77,14.24,14.31,17708
2010-01-21,14.11,14.39,13.44,13.62,23107
2010-01-22,13.6,14.09,12.97,13.81,22672
2010-01-25,13.6,13.68,13.31,13.39,7696
2010-01-27,13.2,13.58,12.19,12.27,24846
2010-01-28,12.79,13.2,12.25,12.39,36586
2010-01-29,12.56,12.69,11.4,12.47,49042
2010-02-01,12.02,12.83,12.02,12.63,12672
2010-02-02,12.85,13.0,12.42,12.48,12651
2010-02-03,12.69,13.18,12.51,12.92,12622
2010-02-04,13.0,13.0,12.51,12.59,10559
2010-02-05,12.4,12.59,12.02,12.51,12410
2010-02-06,12.41,12.48,12.21,12.34,3593
2010-02-08,12.5,12.58,12.26,12.54,4539
2010-02-09,12.32,12.61,12.03,12.21,31169
2010-02-10,12.39,12.58,12.11,12.14,7844
2010-02-11,12.38,12.38,12.12,12.28,4681
2010-02-15,12.39,13.09,12.12,12.93,21029
2010-02-16,13.09,14.23,13.09,14.16,144396
2010-02-17,14.4,14.7,13.22,13.44,78296
2010-02-18,13.31,13.54,13.02,13.16,12134
2010-02-19,13.01,13.5,12.95,13.15,30620
2010-02-22,13.37,13.39,12.64,12.73,60149
2010-02-23,12.8,13.79,12.52,13.66,124345
2010-02-24,13.31,13.77,13.2,13.52,14819
2010-02-25,13.6,13.99,13.45,13.6,21054
2010-02-26,13.41,14.73,13.24,14.19,84165
2010-03-02,14.4,15.39,14.4,15.22,69421
2010-03-03,15.19,15.42,14.64,15.27,41541
2010-03-04,15.28,16.44,15.12,16.13,194096
2010-03-05,16.0,17.0,16.0,16.37,157374
2010-03-08,16.67,19.36,16.6,18.41,405586
2010-03-09,18.63,18.79,17.58,17.71,81555
2010-03-10,17.8,18.37,17.12,17.24,43898
2010-03-11,17.79,17.79,16.98,17.27,47370
2010-03-12,17.59,17.9,17.04,17.39,70029
2010-03-15,17.1,17.29,16.3,16.67,39338
2010-03-16,16.6,19.47,16.4,18.74,525557
2010-03-17,18.85,19.59,18.0,18.4,388423
2010-03-18,18.45,18.72,18.2,18.36,145234
2010-03-19,18.4,18.79,17.97,18.07,80593
2010-03-22,17.44,18.56,17.32,17.54,54171
2010-03-23,18.18,18.39,16.85,17.1,57418
2010-03-25,17.0,19.99,17.0,19.01,1388462
2010-03-26,19.2,20.46,18.64,19.14,1021403
2010-03-29,19.2,19.28,17.8,17.98,208623
2010-03-30,17.41,18.73,17.34,18.11,229340
2010-03-31,18.4,19.48,18.38,18.74,853742
2010-04-01,18.89,19.08,18.15,18.24,183868
2010-04-05,18.78,20.67,18.78,20.14,862376
2010-04-06,20.14,21.18,19.4,20.8,536344
2010-04-07,20.97,21.19,20.0,20.11,301002
2010-04-08,20.11,20.4,19.5,19.57,163044
2010-04-09,19.6,20.36,19.51,20.29,133241
2010-04-12,20.49,21.09,20.0,20.38,273079
2010-04-13,20.27,20.88,20.1,20.28,167667
2010-04-15,20.6,20.7,19.55,19.71,86549
2010-04-16,19.45,19.88,19.33,19.69,65209
2010-04-19,19.44,19.44,19.1,19.22,54996
2010-04-20,19.35,20.25,19.11,20.08,121740
2010-04-21,20.3,20.38,19.8,20.2,99997
2010-04-22,20.58,20.58,19.6,19.82,65099
2010-04-23,20.34,20.34,19.6,19.66,40380
2010-04-26,20.1,20.32,19.44,19.56,49773
2010-04-27,19.9,21.37,19.52,19.68,340677
2010-04-28,19.2,20.6,19.2,20.35,318909
2010-04-29,20.65,24.36,20.6,23.92,2362117
2010-04-30,24.12,26.72,24.0,25.13,4377551
2010-05-03,25.39,25.49,24.18,24.73,879771
2010-05-04,25.01,25.38,23.52,23.85,377073
2010-05-05,23.0,24.6,22.49,24.13,434241
2010-05-06,24.02,25.05,23.7,24.79,358737
2010-05-07,23.64,24.75,22.44,22.7,273430
2010-05-10,23.39,23.9,22.82,23.11,185058
2010-05-11,23.59,26.65,22.93,26.31,2725720
2010-05-12,26.46,26.91,25.46,25.87,1080850
2010-05-13,26.4,27.46,25.93,27.19,1177565
2010-05-14,27.38,27.38,25.7,26.05,408457
2010-05-17,25.22,25.6,24.62,25.27,306792
2010-05-18,25.4,27.16,24.8,26.72,601133
2010-05-19,26.52,27.68,25.2,25.41,676577
2010-05-20,25.79,26.36,25.0,25.41,170993
2010-05-21,24.42,26.58,24.21,26.16,486456
2010-05-24,26.3,27.99,26.03,27.41,623965
2010-05-25,27.6,27.88,25.26,25.64,406764
2010-05-26,26.1,27.2,25.83,26.46,301666
2010-05-27,26.44,26.94,26.2,26.55,146106
2010-05-28,26.9,26.9,25.92,26.19,129398
2010-05-31,26.36,26.6,25.1,25.77,164361
2010-06-01,25.97,26.46,24.64,24.92,209158
2010-06-02,25.0,25.41,24.45,24.93,126691
2010-06-03,25.38,26.0,24.82,25.45,359127
2010-06-04,25.74,25.9,25.23,25.44,139171
2010-06-07,24.62,25.21,24.42,24.83,115628
2010-06-08,25.08,25.85,24.5,24.8,224454
2010-06-09,25.05,25.39,24.93,25.14,77165
2010-06-10,25.46,25.78,25.28,25.52,132374
2010-06-11,25.82,26.9,25.47,25.62,374831
2010-06-14,26.14,26.65,25.4,26.51,278758
2010-06-15,26.5,27.87,26.4,27.23,457098
2010-06-16,27.74,27.74,25.9,26.14,145279
2010-06-17,26.31,26.6,25.52,25.79,98374
2010-06-18,26.18,26.18,25.3,25.45,144677
2010-06-21,25.7,26.29,25.6,26.15,166242
2010-06-22,26.2,28.6,25.9,28.23,645647
2010-06-23,27.99,28.3,27.06,27.27,537714
2010-06-24,27.02,28.28,27.02,27.81,195737
2010-06-25,27.69,27.75,26.5,26.79,109775
2010-06-28,26.82,27.8,26.21,27.15,214257
2010-06-29,27.03,27.36,26.42,26.54,77303
2010-06-30,26.4,27.48,26.0,27.13,174907
2010-07-01,27.02,27.48,26.64,27.24,55825
2010-07-02,27.4,28.16,27.15,27.33,255255
2010-07-05,27.11,27.8,26.84,27.65,98384
2010-07-06,27.78,28.1,27.6,27.79,105096
2010-07-07,27.6,29.6,27.5,28.9,719817
2010-07-08,29.38,30.14,28.95,29.31,335650
2010-07-09,29.56,29.56,28.86,29.29,78829
2010-07-12,29.59,32.9,29.34,30.3,2640703
2010-07-13,30.56,30.94,29.8,30.0,364734
2010-07-14,30.4,30.94,29.9,30.22,383569
2010-07-15,30.36,30.77,30.04,30.32,167612
2010-07-16,30.36,31.7,30.0,31.28,522364
2010-07-19,31.32,31.75,30.59,30.74,212646
2010-07-20,30.99,31.06,29.41,29.69,146234
2010-07-21,30.39,31.56,29.9,31.12,486814
2010-07-22,31.2,31.9,30.96,31.45,260689
2010-07-23,31.65,31.7,30.2,30.4,151844
2010-07-26,30.58,31.64,30.02,30.55,439744
2010-07-27,30.78,30.98,30.3,30.48,141378
2010-07-28,30.52,31.1,29.9,30.33,298323
2010-07-29,30.25,31.1,29.12,30.61,403497
2010-07-30,30.62,30.8,29.64,29.84,110661
2010-08-02,30.39,30.56,29.41,29.64,114160
2010-08-03,29.94,30.36,29.62,29.81,126792
2010-08-04,29.94,30.3,29.23,29.43,137975
2010-08-05,30.2,30.4,29.6,29.8,147149
2010-08-06,29.96,30.26,29.72,29.78,63451
2010-08-09,30.04,30.4,29.44,30.11,122571
2010-08-10,30.24,31.46,29.99,30.23,205320
2010-08-11,30.25,30.94,29.42,29.55,282256
2010-08-12,29.06,30.2,29.06,29.64,71623
2010-08-13,29.94,30.49,29.51,30.2,225306
2010-08-16,29.96,31.58,29.92,30.48,402251
2010-08-17,30.32,31.98,30.32,30.85,229869
2010-08-18,31.16,31.6,30.57,30.79,114849
2010-08-19,30.99,31.0,30.41,30.63,74290
2010-08-20,30.7,32.5,30.61,32.21,843279
2010-08-23,32.43,33.24,31.4,31.71,563304
2010-08-24,31.85,32.87,31.22,32.43,386665
2010-08-25,32.44,33.0,31.01,31.34,436213
2010-08-26,31.58,31.96,31.1,31.23,98494
2010-08-27,30.67,31.8,30.11,30.37,115997
2010-08-30,31.8,31.83,30.35,31.62,321430
2010-08-31,31.41,31.84,31.03,31.65,308892
2010-09-01,31.61,33.6,31.61,33.15,799781
2010-09-02,33.22,34.0,32.65,32.94,439640
2010-09-03,33.11,33.75,32.62,33.16,122273
2010-09-06,33.42,35.06,32.9,34.9,635586
2010-09-07,34.98,35.22,34.02,34.2,197940
2010-09-08,33.8,35.76,33.6,35.15,416774
2010-09-09,35.4,35.76,34.43,34.78,168629
2010-09-13,35.09,35.38,34.2,34.35,147934
2010-09-14,34.5,34.58,33.27,34.15,134471
2010-09-15,33.5,34.29,33.4,33.58,92822
2010-09-16,33.81,34.1,33.32,33.74,75380
2010-09-17,33.95,36.28,33.23,35.3,815371
2010-09-20,35.6,35.6,34.53,34.62,95884
2010-09-21,34.6,35.16,33.7,34.33,211265
2010-09-22,34.56,35.08,33.6,34.18,86094
2010-09-23,34.02,35.2,33.8,34.18,132133
2010-09-24,34.19,34.78,33.72,34.02,60480
2010-09-27,34.2,35.2,33.81,35.0,138603
2010-09-28,35.4,35.4,34.2,34.87,93377
2010-09-29,34.92,34.92,33.86,34.52,99869
2010-09-30,34.41,35.14,34.0,34.82,76052
2010-10-01,34.6,35.59,34.42,35.23,176716
2010-10-04,35.42,35.7,34.57,35.03,106509
2010-10-05,34.6,35.9,34.6,35.45,198028
2010-10-06,35.0,37.6,34.6,37.41,841059
2010-10-07,37.4,38.15,35.24,36.6,500955
2010-10-08,36.88,37.1,36.04,36.37,112202
2010-10-11,36.6,37.78,36.45,37.05,142665
2010-10-12,37.5,37.7,36.61,36.97,110093
2010-10-13,37.2,37.99,36.4,37.38,155506
2010-10-14,37.21,37.38,36.6,37.02,82652
2010-10-15,36.8,37.0,35.34,36.26,97912
2010-10-18,35.8,36.58,35.61,35.85,42544
2010-10-19,36.19,36.27,34.82,35.02,44050
2010-10-20,35.38,35.38,33.31,34.2,119133
2010-10-21,34.2,36.26,34.2,35.18,127255
2010-10-22,35.6,35.8,35.0,35.26,34428
2010-10-25,35.58,35.69,35.04,35.45,23802
2010-10-26,35.6,36.14,35.11,35.38,42496
2010-10-27,35.6,35.79,34.8,34.93,21903
2010-10-28,35.8,37.0,35.22,36.5,197722
2010-10-29,37.0,37.2,34.82,36.41,160485
2010-11-01,36.6,36.94,35.82,36.12,61987
2010-11-02,36.5,36.5,35.24,36.29,36989
2010-11-03,36.4,36.56,35.6,35.7,21182
2010-11-04,35.66,36.9,35.62,36.73,47484
2010-11-05,37.2,38.78,37.0,38.18,114343
2010-11-08,37.98,37.98,36.8,37.01,26839
2010-11-09,37.01,37.8,36.22,37.13,41768
2010-11-10,37.5,42.5,36.61,38.0,2898723
2010-11-11,38.3,40.77,38.0,38.95,636920
2010-11-12,39.0,39.5,36.51,36.98,271632
2010-11-15,37.2,37.8,35.56,37.4,103107
2010-11-16,37.3,40.14,36.83,37.15,480779
2010-11-18,37.58,38.8,34.84,35.82,189935
2010-11-19,36.01,37.6,35.4,36.58,203019
2010-11-22,36.96,37.6,36.2,37.34,90445
2010-11-23,36.9,37.16,35.2,36.44,140573
2010-11-24,36.78,37.2,35.56,36.25,96074
2010-11-25,36.4,36.77,35.42,35.96,96721
2010-11-26,35.4,36.2,33.0,34.98,261535
2010-11-29,34.8,35.8,34.0,34.36,31600
2010-11-30,34.0,38.08,34.0,37.33,169671
2010-12-01,37.02,38.98,37.02,37.97,144703
2010-12-02,38.02,39.1,37.42,37.73,102954
2010-12-03,37.8,38.18,36.5,37.35,51426
2010-12-06,37.24,39.8,37.24,38.92,213930
2010-12-07,38.1,38.93,37.36,37.56,113213
2010-12-08,37.0,38.4,35.56,35.75,289257
2010-12-09,36.4,36.6,33.02,33.7,181090
2010-12-10,33.62,36.4,33.22,35.88,149960
2010-12-13,36.19,36.98,35.2,36.34,93267
2010-12-14,35.81,37.18,35.81,36.93,36052
2010-12-15,36.14,36.79,35.7,36.08,27533
2010-12-16,36.0,36.35,35.46,35.91,12524
2010-12-20,35.2,36.91,35.2,35.71,25498
2010-12-21,35.62,36.38,35.62,35.88,10398
2010-12-22,36.0,36.3,35.8,35.92,15611
2010-12-23,35.94,36.3,35.2,35.42,15182
2010-12-24,35.0,35.98,35.0,35.37,1428091
2010-12-27,35.66,39.28,35.66,38.0,189630
2010-12-28,37.8,38.6,37.3,37.75,114530
2010-12-29,37.4,37.97,36.44,37.33,78151
2010-12-30,37.12,37.9,36.64,37.53,26693
2010-12-31,36.8,38.76,36.8,37.87,93090
2011-01-03,37.61,38.39,37.2,37.35,35047
2011-01-04,37.4,37.98,37.2,37.38,33753
2011-01-05,36.8,37.56,36.04,36.49,31380
2011-01-06,36.13,36.78,35.07,36.09,27025
2011-01-07,35.6,36.0,35.0,35.33,79421
2011-01-10,35.01,36.8,35.01,36.49,165949
2011-01-11,36.4,36.76,35.8,35.96,18847
2011-01-12,35.8,38.19,35.8,37.74,56376
2011-01-13,37.41,37.49,37.0,37.16,42607
2011-01-14,36.61,37.8,36.6,36.77,15689
2011-01-17,36.4,36.95,36.4,36.5,28380
2011-01-18,36.6,37.3,36.47,36.99,32749
2011-01-19,36.2,36.98,36.04,36.19,20387
2011-01-20,36.75,36.75,35.94,36.21,10038
2011-01-21,36.2,38.79,36.2,38.01,314470
2011-01-24,38.6,38.6,37.5,38.25,154588
2011-01-25,38.9,38.99,37.32,37.52,22144
2011-01-27,38.1,38.1,36.3,36.45,27342
2011-01-28,36.0,36.6,32.9,33.26,103910
2011-01-31,32.8,35.78,31.01,34.98,93802
2011-02-01,34.4,35.66,33.28,33.52,21388
2011-02-02,33.1,34.0,33.08,33.36,16583
2011-02-03,33.2,34.24,33.2,33.75,18213
2011-02-04,33.88,33.96,31.8,32.58,17257
2011-02-07,31.6,33.0,31.6,32.32,119496
2011-02-08,31.9,32.54,29.65,30.64,52755
2011-02-09,29.8,30.56,28.21,28.38,26830
2011-02-10,27.01,30.44,27.01,29.82,76273
2011-02-11,28.4,30.0,28.4,29.66,38850
2011-02-14,29.2,31.56,29.2,30.7,39984
2011-02-15,31.2,31.34,28.9,30.51,124972
2011-02-16,30.02,31.74,29.72,30.59,68758
2011-02-17,30.0,31.96,30.0,31.57,22940
2011-02-18,31.01,32.16,30.0,30.88,32478
2011-02-21,30.74,31.7,29.45,31.33,46796
2011-02-22,30.6,31.58,30.43,31.32,18557
2011-02-23,31.01,31.63,30.4,30.59,10713
2011-02-24,30.2,30.8,28.8,29.82,61938
2011-02-25,29.82,30.78,28.73,30.01,41574
2011-02-28,29.6,31.74,29.6,31.28,29341
2011-03-01,30.4,33.2,30.4,32.81,54833
2011-03-03,33.2,33.99,32.6,33.63,19252
2011-03-04,33.6,34.38,33.4,33.81,16762
2011-03-07,32.81,33.64,31.8,32.82,56117
2011-03-08,32.79,33.4,32.44,33.15,28951
2011-03-09,33.22,34.74,32.7,34.27,33144
2011-03-10,34.02,34.78,33.6,34.32,17257
2011-03-11,33.8,34.5,33.5,33.96,15946
2011-03-14,33.96,34.29,33.05,33.38,17394
2011-03-15,32.8,33.5,32.0,32.93,28220
2011-03-16,33.1,34.1,33.04,33.66,33400
2011-03-17,33.66,34.6,33.23,34.06,34168
2011-03-18,33.63,34.29,33.11,33.82,29993
2011-03-21,33.42,34.75,33.3,34.34,47114
2011-03-22,34.36,34.38,33.22,34.05,65067
2011-03-23,33.62,34.88,33.62,34.6,27012
2011-03-24,34.0,35.88,34.0,35.2,36321
2011-03-25,35.99,36.66,35.2,35.47,40523
2011-03-28,35.27,35.77,34.2,34.5,36971
2011-03-29,34.5,35.6,33.87,34.89,124463
2011-03-30,34.52,35.2,34.3,34.76,67429
2011-03-31,34.01,35.4,34.0,34.98,62827
2011-04-01,34.98,35.4,33.5,33.89,66414
2011-04-04,33.9,34.58,33.41,34.45,62096
2011-04-05,34.21,34.31,33.7,34.02,19592
2011-04-06,34.0,36.56,34.0,34.53,183737
2011-04-07,34.6,34.98,34.44,34.63,17841
2011-04-08,34.42,34.83,33.9,34.05,14832
2011-04-11,34.6,34.6,33.62,33.82,17209
2011-04-13,33.42,34.37,33.42,34.1,16024
2011-04-15,34.2,34.56,33.62,33.91,18194
2011-04-18,34.0,34.18,32.83,33.14,21016
2011-04-19,32.8,33.38,32.75,32.98,7575
2011-04-20,33.02,34.99,33.02,33.27,16037
2011-04-21,33.04,33.7,33.04,33.22,16489
2011-04-25,32.9,34.1,32.9,33.13,23249
2011-04-26,32.2,34.09,32.2,33.71,38562
2011-04-27,33.51,33.94,33.0,33.14,11029
2011-04-28,33.02,33.4,32.54,32.86,10116
2011-04-29,33.4,33.96,32.3,32.51,13976
2011-05-02,32.21,33.5,31.64,32.83,55210
2011-05-03,33.43,33.43,31.9,32.08,28118
2011-05-04,31.6,32.0,31.2,31.44,41906
2011-05-05,31.96,31.98,30.83,31.38,25139
2011-05-06,31.05,31.58,30.62,31.49,12575
2011-05-09,31.2,31.87,31.1,31.35,5730
2011-05-10,31.02,31.35,30.61,30.82,3913
2011-05-11,30.42,31.3,30.27,31.03,23333
2011-05-12,30.6,31.97,30.6,31.39,29455
2011-05-13,31.02,32.2,31.02,31.92,20072
2011-05-16,31.4,31.78,31.24,31.35,3245
2011-05-17,31.0,31.97,30.52,30.74,14072
2011-05-18,30.71,31.34,30.31,30.92,12972
2011-05-19,30.8,31.34,30.63,31.04,6965
2011-05-20,29.64,31.0,29.64,30.8,5300
2011-05-23,30.51,31.29,30.08,30.88,23502
2011-05-24,30.47,30.63,30.46,30.53,15060
2011-05-25,30.3,30.8,29.6,30.46,23956
2011-05-26,30.0,30.38,30.0,30.24,4152
2011-05-27,30.0,30.49,30.0,30.23,15413
2011-05-30,29.81,30.67,29.81,30.21,13045
2011-05-31,30.3,31.18,30.02,31.04,17630
2011-06-01,31.38,31.95,30.27,31.78,30777
2011-06-02,31.2,32.0,30.27,30.92,21874
2011-06-03,31.78,31.95,30.8,31.67,210231
2011-06-06,31.4,32.15,31.22,31.88,13060
2011-06-07,32.19,32.29,31.62,32.09,11477
2011-06-08,31.6,32.54,31.6,31.88,12110
2011-06-09,31.8,32.18,31.2,31.35,15083
2011-06-10,31.22,31.49,30.63,30.79,20698
2011-06-13,30.79,31.18,30.79,31.1,9447
2011-06-14,30.82,31.4,30.82,31.0,14878
2011-06-15,30.83,32.0,30.83,31.52,15048
2011-06-16,31.0,31.92,30.92,31.7,17095
2011-06-17,31.4,31.78,31.12,31.69,12286
2011-06-20,31.4,31.94,30.26,31.52,14619
2011-06-21,31.0,31.99,30.9,31.74,7066
2011-06-22,31.4,32.3,30.8,31.22,60099
2011-06-23,31.41,32.28,31.41,32.14,59232
2011-06-24,31.9,32.4,31.7,32.06,11433
2011-06-27,31.6,32.38,31.6,32.06,18953
2011-06-28,31.6,32.74,31.4,31.43,6761
2011-06-29,31.99,32.25,31.41,32.08,8966
2011-06-30,31.65,32.29,31.65,32.16,4728
2011-07-01,32.6,32.96,31.59,31.73,8376
2011-07-04,31.4,32.26,31.4,31.94,9483
2011-07-05,32.39,36.67,31.6,35.24,1254912
2011-07-06,35.7,37.14,35.2,35.73,510677
2011-07-07,35.6,36.2,34.06,35.38,124928
2011-07-08,35.4,35.8,34.4,34.57,19856
2011-07-11,34.21,35.0,33.62,33.75,16733
2011-07-12,33.4,33.76,32.42,33.3,40739
2011-07-13,33.02,33.68,32.86,33.07,33799
2011-07-14,32.8,35.16,32.8,34.49,85654
2011-07-15,34.87,36.72,34.08,34.65,55128
2011-07-18,34.88,35.19,34.07,34.29,17057
2011-07-19,34.3,35.4,34.3,35.15,27875
2011-07-20,34.4,36.73,34.4,35.75,152557
2011-07-21,36.02,36.99,34.66,35.19,44441
2011-07-22,34.81,35.91,34.81,35.59,54847
2011-07-25,35.0,36.58,35.0,36.21,24614
2011-07-26,35.6,36.75,35.6,35.89,54554
2011-07-27,35.42,36.33,34.81,35.07,20529
2011-07-28,34.8,34.99,33.44,33.85,38518
2011-07-29,34.12,35.59,33.25,34.01,61867
2011-08-01,34.2,34.9,33.64,34.73,18944
2011-08-02,33.81,34.7,33.2,33.39,20152
2011-08-03,32.8,33.57,32.62,33.4,12530
2011-08-04,33.42,34.0,33.42,33.76,9600
2011-08-05,32.42,33.0,31.64,32.19,46054
2011-08-08,31.54,32.2,31.22,32.0,81080
2011-08-09,30.75,31.95,30.02,31.68,8563
2011-08-10,31.8,32.74,31.8,31.99,10971
2011-08-11,31.8,32.96,31.43,31.65,5700
2011-08-12,31.2,32.0,31.11,31.41,7186
2011-08-16,31.6,31.79,30.43,30.93,13044
2011-08-17,30.41,31.16,30.2,30.87,44848
2011-08-18,30.41,31.0,29.52,30.61,43119
2011-08-19,29.02,30.18,29.02,29.99,59967
2011-08-22,29.02,29.76,29.02,29.17,5780
2011-08-23,29.01,29.96,28.63,29.49,17713
2011-08-24,29.02,29.83,29.02,29.7,74211
2011-08-25,29.1,30.15,29.1,30.02,5506
2011-08-26,29.2,29.93,29.2,29.29,4373
2011-08-29,29.0,30.38,28.99,30.11,21014
2011-08-30,30.3,30.76,29.42,30.61,11432
2011-09-02,29.8,31.75,29.8,31.3,7629
2011-09-05,30.41,32.6,30.41,31.78,9203
2011-09-06,31.41,32.2,31.02,32.12,21644
2011-09-07,31.62,32.91,31.62,32.84,14648
2011-09-08,33.59,33.59,32.01,32.84,4269
2011-09-09,33.59,33.97,32.41,33.13,11174
2011-09-12,32.41,33.59,32.25,32.49,7808
2011-09-13,32.41,33.13,32.28,32.4,6121
2011-09-14,32.25,32.79,32.25,32.44,429
2011-09-15,32.25,32.58,31.62,31.99,8945
2011-09-16,31.61,32.56,31.61,31.92,3054
2011-09-19,31.61,32.55,31.61,32.5,10008
2011-09-20,31.74,32.88,31.74,32.48,15808
2011-09-21,32.1,32.6,32.1,32.2,969
2011-09-22,31.62,32.78,31.62,31.98,8336
2011-09-23,31.42,32.18,31.42,31.84,3372
2011-09-26,31.02,32.0,30.22,30.6,18243
2011-09-27,30.7,31.2,29.27,30.12,22671
2011-09-28,29.6,30.95,29.6,30.44,3890
2011-09-29,29.6,30.33,29.6,30.22,1105
2011-09-30,29.8,31.0,29.35,29.46,5878
2011-10-03,29.0,29.56,28.7,28.99,9801
2011-10-04,28.82,29.58,28.5,28.74,2428
2011-10-05,29.98,29.98,28.74,28.8,1161
2011-10-07,28.38,30.33,28.38,29.1,7848
2011-10-10,28.4,29.8,28.4,29.44,1819
2011-10-11,28.62,29.8,28.62,29.08,1849
2011-10-12,28.4,30.58,28.4,30.47,5263
2011-10-13,29.6,30.66,29.6,29.8,1473
2011-10-14,29.22,30.79,29.22,30.76,8820
2011-10-17,29.8,31.7,29.8,30.87,5318
2011-10-18,31.96,33.14,30.11,30.49,7596
2011-10-19,30.6,31.5,30.16,30.26,10301
2011-10-20,31.2,31.2,30.0,30.51,4118
2011-10-21,31.2,31.2,30.41,30.69,5123
2011-10-24,31.6,31.6,30.02,30.14,9652
2011-10-25,30.2,31.1,29.8,30.51,6700
2011-10-26,29.8,31.2,29.8,30.91,3274
2011-10-28,31.2,32.4,31.2,32.23,32172
2011-10-31,31.4,32.98,31.4,32.1,21115
2011-11-01,31.8,32.78,31.06,31.22,17611
2011-11-02,31.0,31.79,31.0,31.43,2586
2011-11-03,31.3,31.4,30.32,30.79,9789
2011-11-04,30.42,31.78,30.42,30.64,13525
2011-11-08,30.4,31.3,30.4,30.73,1016
2011-11-09,30.26,31.0,30.14,30.16,8966
2011-11-11,30.0,30.6,29.78,30.11,4205
2011-11-14,29.9,30.7,29.4,29.54,7713
2011-11-15,29.2,29.8,28.3,28.33,6197
2011-11-16,28.3,28.97,28.3,28.41,4728
2011-11-17,28.4,28.8,27.06,27.45,4747
2011-11-18,27.0,27.79,26.64,27.16,4497
2011-11-21,26.61,27.8,25.81,26.0,19333
2011-11-22,26.2,27.0,25.01,26.01,4462
2011-11-23,25.59,25.59,25.11,25.56,14875
2011-11-24,25.2,27.32,25.09,26.68,6793
2011-11-25,26.2,26.88,25.64,26.56,4043
2011-11-28,26.0,26.96,25.7,26.69,5023
2011-11-29,27.0,27.0,26.3,26.64,2702
2011-11-30,26.0,26.4,26.0,26.17,3793
2011-12-01,26.22,27.15,26.2,26.95,6933
2011-12-02,26.6,27.98,26.6,27.76,4811
2011-12-05,27.4,28.4,27.06,28.07,3199
2011-12-07,27.8,28.38,27.4,27.54,2663
2011-12-08,27.0,28.19,26.55,26.62,1952
2011-12-09,26.0,26.95,26.0,26.75,2683
2011-12-12,26.2,27.0,24.81,25.1,10958
2011-12-13,25.0,25.71,24.8,25.47,38676
2011-12-14,25.2,25.98,24.48,24.81,4031
2011-12-15,24.82,27.8,23.48,24.55,29902
2011-12-16,24.1,24.8,22.67,23.23,10002
2011-12-19,24.0,24.0,21.48,22.24,16901
2011-12-20,22.0,24.8,22.0,22.33,4957
2011-12-21,22.2,23.35,21.8,22.22,9575
2011-12-22,22.0,22.99,21.32,21.61,7158
2011-12-23,21.42,22.9,21.42,22.71,11269
2011-12-26,21.9,23.99,21.9,23.69,5242
2011-12-27,22.6,24.0,22.6,23.15,2001
2011-12-28,22.8,23.0,22.5,22.61,5807
2011-12-29,22.1,22.8,22.1,22.65,1201
2011-12-30,22.0,22.8,22.0,22.62,551
2012-01-02,22.62,23.26,22.2,22.8,8511
2012-01-03,22.8,24.37,22.8,23.93,11644
2012-01-04,23.7,24.4,23.4,23.53,3893
2012-01-05,23.2,24.18,23.2,23.83,1417
2012-01-06,23.61,23.89,23.35,23.41,558
2012-01-07,24.94,24.94,23.6,23.75,55
2012-01-09,23.4,23.75,23.4,23.63,1944
2012-01-10,23.41,28.35,23.4,26.93,669742
2012-01-11,27.18,27.36,25.6,25.73,17297
2012-01-12,25.2,25.6,24.73,25.07,10744
2012-01-13,24.82,29.2,24.35,26.64,193690
2012-01-16,26.7,26.96,26.0,26.56,16622
2012-01-17,26.02,27.77,26.02,27.38,15509
2012-01-18,27.0,28.64,27.0,27.99,33931
2012-01-19,27.39,28.88,27.0,28.66,15197
2012-01-20,28.18,28.99,28.0,28.74,7837
2012-01-23,29.55,29.72,28.01,28.42,27674
2012-01-24,28.2,29.58,27.65,29.48,24394
2012-01-25,29.73,30.0,29.32,29.63,20981
2012-01-27,29.28,30.7,29.28,30.61,10817
2012-01-30,29.8,32.28,29.8,30.52,38929
2012-01-31,30.52,31.0,30.42,30.61,4709
2012-02-01,31.96,33.0,30.0,30.22,68384
2012-02-02,31.0,31.0,30.24,30.71,24965
2012-02-03,30.04,31.14,30.04,30.76,9140
2012-02-06,30.8,32.0,30.8,31.64,41929
2012-02-07,31.99,33.78,31.2,32.37,914812
2012-02-08,33.68,33.86,32.4,32.84,80337
2012-02-09,32.01,33.28,32.01,32.84,15222
2012-02-10,32.22,33.2,32.22,33.02,14171
2012-02-13,32.42,33.1,32.42,32.59,7487
2012-02-14,32.43,32.6,31.83,32.04,9173
2012-02-15,31.62,32.8,31.61,32.6,20783
2012-02-16,32.2,32.79,32.01,32.6,10539
2012-02-17,32.2,32.8,32.2,32.7,19870
2012-02-21,32.22,35.0,31.93,33.65,463180
2012-02-22,33.04,33.6,31.61,32.36,64754
2012-02-23,32.01,32.38,32.01,32.08,6822
2012-02-24,32.0,32.33,32.0,32.1,39910
2012-02-27,31.62,32.49,31.62,32.34,41628
2012-02-28,31.81,32.6,31.81,32.1,3773
2012-02-29,32.04,34.17,32.04,33.61,19346
2012-03-01,34.39,34.39,32.8,32.95,6820
2012-03-02,33.59,33.59,32.68,33.4,12192
2012-03-03,32.81,33.2,32.71,32.81,386
2012-03-05,32.81,33.5,32.13,32.6,12376
2012-03-06,32.04,33.77,32.04,32.97,15119
2012-03-07,32.2,33.94,32.2,33.83,24309
2012-03-09,33.4,33.98,32.83,33.23,5518
2012-03-12,32.61,34.48,32.61,34.07,18221
2012-03-13,32.44,34.8,32.44,34.46,12618
2012-03-14,34.0,34.7,33.61,34.64,47213
2012-03-15,34.2,34.82,34.0,34.38,59235
2012-03-16,34.2,34.9,34.2,34.56,25431
2012-03-19,34.02,34.99,34.02,34.89,21722
2012-03-20,34.2,35.28,33.81,34.74,72853
2012-03-21,34.8,35.39,34.47,34.91,7198
2012-03-22,34.6,35.63,34.6,35.17,16307
2012-03-23,35.0,35.58,34.8,35.08,11406
2012-03-26,34.6,35.4,34.6,35.18,19833
2012-03-27,35.08,35.5,34.9,35.0,14883
2012-03-28,34.61,35.67,34.61,35.01,7685
2012-03-29,34.9,37.53,34.8,36.56,31641
2012-03-30,36.0,38.0,36.0,37.64,50395
2012-04-02,37.2,37.5,36.11,36.24,17581
2012-04-03,36.4,36.6,36.1,36.27,5419
2012-04-04,35.8,36.4,35.11,35.45,21855
2012-04-09,35.01,35.6,35.01,35.22,9320
2012-04-10,35.0,35.5,34.8,35.19,65602
2012-04-11,34.61,35.57,34.61,35.28,14893
2012-04-12,34.95,36.79,34.95,36.37,16676
2012-04-13,37.0,37.0,35.08,35.53,26880
2012-04-16,35.2,36.39,35.2,35.52,6918
2012-04-17,35.04,36.29,35.04,35.94,5345
2012-04-18,35.21,35.87,35.21,35.38,2719
2012-04-19,35.04,36.66,35.04,36.43,6980
2012-04-20,35.8,36.42,35.43,35.64,3759
2012-04-23,35.21,36.36,34.84,34.98,9793
2012-04-24,32.94,35.6,32.94,35.0,7137
2012-04-25,34.4,35.59,34.4,35.02,5244
2012-04-26,34.61,36.0,34.61,35.51,10239
2012-04-27,35.0,36.99,35.0,35.4,36828
2012-04-28,35.01,35.76,35.01,35.73,2335
2012-04-30,35.01,36.19,35.01,36.01,15268
2012-05-02,35.01,36.39,35.01,35.8,9177
2012-05-03,35.1,36.5,35.1,36.38,12776
2012-05-04,36.59,36.98,35.01,35.56,11245
2012-05-07,35.01,36.0,34.81,36.0,624126
2012-05-08,35.2,36.4,35.12,36.01,13991
2012-05-09,35.5,36.0,35.26,35.45,7297
2012-05-10,35.46,35.98,35.02,35.51,10321
2012-05-11,35.1,35.75,34.86,35.05,11967
2012-05-14,34.61,35.38,34.61,35.0,6361
2012-05-15,34.13,35.39,34.13,35.19,2323
2012-05-16,34.6,35.17,34.6,34.84,2980
2012-05-17,34.01,35.58,34.01,34.3,10829
2012-05-18,34.3,35.0,34.04,34.26,2759
2012-05-21,33.8,34.89,33.8,34.01,6521
2012-05-22,33.61,35.0,33.61,34.0,4778
2012-05-23,33.41,34.6,33.41,34.0,5386
2012-05-24,33.61,34.0,33.61,33.84,3003
2012-05-25,33.6,34.2,33.6,33.66,1954
2012-05-28,33.4,33.8,33.28,33.58,4723
2012-05-29,33.21,34.0,33.21,33.6,3069
2012-05-30,32.87,34.15,32.87,33.61,1736
2012-05-31,28.54,34.0,28.54,33.75,2456
2012-06-01,33.1,34.18,32.82,33.01,4366
2012-06-04,32.8,33.6,32.31,32.49,3062
2012-06-05,32.02,33.4,32.0,32.01,3695
2012-06-06,31.82,33.34,31.82,32.46,7023
2012-06-07,32.02,33.0,32.02,32.29,3009
2012-06-08,32.04,32.98,32.04,32.84,1818
2012-06-11,32.1,33.98,32.1,33.08,2485
2012-06-12,32.1,33.57,32.1,33.47,1842
2012-06-13,32.3,34.28,32.3,34.0,3014
2012-06-14,33.5,34.38,33.2,33.25,1172
2012-06-15,32.4,34.58,32.4,34.4,1853
2012-06-18,33.02,34.78,33.02,34.42,4604
2012-06-19,33.41,34.4,33.22,33.34,3044
2012-06-20,32.8,34.51,32.8,34.03,3123
2012-06-21,33.6,34.3,33.45,34.01,1263
2012-06-22,33.4,33.99,33.4,33.72,3011
2012-06-25,33.02,34.54,33.02,34.4,3425
2012-06-26,34.0,34.2,33.72,34.0,2647
2012-06-27,33.42,34.2,33.42,34.08,5005
2012-06-28,33.28,34.6,33.28,34.01,1111
2012-06-29,33.42,34.6,33.42,34.22,42361
2012-07-02,33.42,34.76,33.42,34.4,1484
2012-07-03,34.2,35.0,34.2,34.95,2479
2012-07-04,34.99,36.0,34.02,35.55,11223
2012-07-05,35.1,36.14,35.1,35.96,6299
2012-07-06,35.3,36.72,35.3,36.52,9739
2012-07-09,35.8,36.78,35.71,35.96,2704
2012-07-10,35.61,36.2,35.61,36.04,1241
2012-07-11,35.61,37.1,35.61,36.76,24857
2012-07-12,35.61,37.36,35.61,37.24,14757
2012-07-13,37.01,39.31,37.01,38.5,53659
2012-07-16,38.64,41.88,38.6,41.39,69492
2012-07-17,41.5,44.6,40.84,42.65,98566
2012-07-18,42.8,43.6,42.2,42.82,24361
2012-07-19,41.39,42.68,40.44,40.5,22501
2012-07-20,39.0,42.76,39.0,40.86,39014
2012-07-23,38.41,41.0,38.41,39.84,22527
2012-07-24,38.2,42.98,38.2,40.24,181786
2012-07-25,39.1,41.2,39.1,40.2,15911
2012-07-26,39.2,40.96,39.2,40.27,7206
2012-07-27,39.22,41.16,39.01,40.82,11820
2012-07-30,40.42,43.0,40.21,42.41,63654
2012-07-31,42.61,43.58,41.01,42.69,178328
2012-08-01,42.9,43.4,42.42,43.11,23777
2012-08-02,42.8,43.39,42.42,42.85,11665
2012-08-03,42.0,43.4,41.64,42.06,42649
2012-08-06,41.8,42.74,41.8,42.06,9991
2012-08-07,42.0,42.4,42.0,42.13,8945
2012-08-08,42.0,43.2,42.0,42.41,10351
2012-08-09,42.05,43.08,42.05,42.87,25923
2012-08-10,42.2,43.8,42.2,43.45,28560
2012-08-13,42.9,44.0,42.9,43.42,44513
2012-08-14,43.98,43.98,43.03,43.39,7317
2012-08-16,42.82,44.2,42.82,43.88,11630
2012-08-17,43.0,44.36,43.0,43.68,12856
2012-08-21,43.05,44.36,41.62,41.83,17822
2012-08-22,40.1,47.78,40.1,45.32,79672
2012-08-23,43.77,46.16,43.01,43.19,37004
2012-08-24,41.25,43.1,41.25,41.62,34596
2012-08-27,41.6,42.54,40.52,40.84,7880
2012-08-28,40.41,41.96,40.41,41.3,3378
2012-08-29,40.01,41.58,40.01,41.03,6053
2012-08-30,38.56,41.46,38.56,41.0,3058
2012-08-31,38.5,42.0,38.5,41.21,8511
2012-09-03,38.05,42.59,38.05,41.12,3149
2012-09-04,38.41,41.98,38.41,41.18,4266
2012-09-05,39.64,41.58,39.64,40.71,4383
2012-09-06,41.0,42.18,40.64,41.55,5893
2012-09-07,41.8,42.96,41.8,42.6,8869
2012-09-08,41.5,43.1,41.5,42.85,1315
2012-09-10,42.85,44.2,42.85,43.57,13293
2012-09-11,42.2,43.7,42.2,43.07,9885
2012-09-12,41.8,43.59,41.8,42.98,58681
2012-09-13,41.9,46.7,41.9,43.81,337462
2012-09-14,43.81,44.76,43.79,44.22,34782
2012-09-17,45.0,45.0,42.85,43.8,14239
2012-09-18,42.05,44.8,42.05,44.05,19863
2012-09-20,42.9,43.99,42.9,43.15,10281
2012-09-21,43.21,43.94,42.44,43.07,13936
2012-09-24,42.9,44.2,42.9,43.61,25370
2012-09-25,43.31,43.9,41.85,43.16,6744
2012-09-26,41.1,44.0,41.1,43.04,115467
2012-09-27,43.01,44.6,42.8,43.04,16473
2012-09-28,42.9,44.14,42.9,43.6,19207
2012-10-01,42.7,45.6,42.6,45.43,40634
2012-10-03,44.21,47.36,44.21,46.98,63727
2012-10-04,45.0,48.2,45.0,47.05,35881
2012-10-05,47.17,48.0,45.0,46.38,25338
2012-10-08,43.55,47.14,43.55,44.91,14140
2012-10-09,44.02,47.96,44.02,46.92,64514
2012-10-10,48.4,48.4,45.2,46.42,12960
2012-10-11,47.0,48.0,45.6,45.77,270317
2012-10-12,45.0,46.79,45.0,45.66,15122
2012-10-15,42.17,46.0,42.17,44.73,16843
2012-10-16,41.32,45.79,41.32,44.38,21745
2012-10-17,44.4,45.0,44.11,44.81,11237
2012-10-18,44.0,47.2,44.0,46.73,50790
2012-10-19,45.6,47.0,45.6,45.78,15911
2012-10-22,45.78,47.0,45.4,46.31,25929
2012-10-23,45.0,47.0,45.0,46.74,12877
2012-10-25,46.02,47.0,45.62,46.9,13151
2012-10-26,46.99,48.5,45.84,47.8,47797
2012-10-29,46.01,48.3,46.01,46.92,60018
2012-10-30,46.4,47.0,44.96,45.21,9558
2012-10-31,46.0,47.0,42.78,44.11,111685
2012-11-01,43.6,45.4,43.6,45.16,9208
2012-11-02,44.02,46.4,44.02,45.21,14157
2012-11-05,45.21,46.4,45.21,45.65,17345
2012-11-06,45.4,46.72,45.4,46.03,9005
2012-11-07,45.2,47.38,45.2,46.86,30374
2012-11-08,45.8,46.8,45.7,46.47,12159
2012-11-09,45.7,47.17,45.42,45.58,5332
2012-11-12,45.27,46.78,45.27,46.06,609397
2012-11-13,46.0,47.88,46.0,47.33,16723
2012-11-15,45.9,47.56,45.9,47.27,10294
2012-11-16,46.1,49.18,46.1,47.27,701265
2012-11-19,46.1,47.98,46.1,46.71,7602
2012-11-20,46.3,47.19,46.0,46.1,11874
2012-11-21,45.62,47.18,45.62,46.18,5487
2012-11-22,46.2,47.18,46.1,46.2,3082
2012-11-23,46.0,46.94,45.8,45.88,7633
2012-11-26,46.02,47.3,46.02,46.9,10843
2012-11-27,46.02,48.2,46.02,46.75,558151
2012-11-29,46.0,48.93,46.0,47.58,32963
2012-11-30,48.11,50.2,48.11,49.67,82856
2012-12-03,47.25,51.0,47.25,48.55,40034
2012-12-04,46.8,49.36,46.8,48.59,13973
2012-12-05,48.59,50.0,48.05,48.34,32091
2012-12-06,48.34,51.0,48.34,49.67,15686
2012-12-07,50.37,51.28,48.2,49.09,74331
2012-12-10,49.09,50.61,48.4,50.43,32875
2012-12-11,50.68,51.39,49.85,50.35,22714
2012-12-12,48.82,51.3,48.82,51.1,21815
2012-12-13,50.05,58.54,50.05,52.6,946258
2012-12-14,52.22,55.8,52.21,52.91,279285
2012-12-17,53.51,55.4,53.23,54.91,138100
2012-12-18,55.0,56.36,53.94,54.87,165191
2012-12-19,55.44,56.96,55.04,55.88,79395
2012-12-20,56.38,56.38,54.24,55.88,26575
2012-12-21,55.88,56.0,54.76,54.98,23009
2012-12-24,53.0,55.0,53.0,53.98,27295
2012-12-26,53.0,57.15,53.0,55.99,123213
2012-12-27,55.8,56.64,53.2,54.0,165008
2012-12-28,54.0,55.72,53.29,53.81,57054
2012-12-31,53.4,55.6,53.4,53.85,20951
2013-01-01,52.6,55.0,52.6,54.58,30974
2013-01-02,53.41,55.16,53.41,54.62,30667
2013-01-03,53.0,59.92,53.0,57.48,446725
2013-01-04,57.6,59.4,56.6,57.03,204504
2013-01-07,57.0,58.0,56.25,56.99,81795
2013-01-08,55.0,57.39,55.0,55.64,25772
2013-01-09,56.01,58.0,55.99,56.87,119124
2013-01-10,57.0,58.38,56.27,57.66,88347
2013-01-11,56.0,57.9,55.93,56.41,29367
2013-01-14,55.22,57.34,55.22,56.43,16113
2013-01-15,57.34,57.5,55.6,57.15,25113
2013-01-16,57.31,58.01,56.6,57.0,32305
2013-01-17,55.4,57.17,55.4,56.83,16917
2013-01-18,57.39,58.02,56.41,56.61,36064
2013-01-21,57.9,58.77,56.63,56.95,79321
2013-01-22,56.96,57.54,56.32,56.74,21634
2013-01-23,55.88,57.19,55.88,56.39,24680
2013-01-24,56.0,56.7,55.83,56.45,14427
2013-01-25,55.6,56.7,53.06,54.7,79339
2013-01-28,52.1,54.98,52.1,54.18,12515
2013-01-29,54.29,57.73,53.65,55.57,52626
2013-01-30,55.4,57.38,55.4,56.54,30563
2013-01-31,55.21,57.0,55.21,56.77,11743
2013-02-01,57.34,57.34,56.0,56.54,25100
2013-02-04,56.6,57.6,56.21,56.42,46498
2013-02-05,56.41,58.2,55.98,56.96,655369
2013-02-06,57.06,58.2,56.5,57.61,97016
2013-02-07,58.39,58.88,57.2,57.61,143152
2013-02-08,57.4,57.8,57.2,57.6,64831
2013-02-11,57.69,58.22,56.4,57.0,35941
2013-02-12,56.62,57.59,56.61,57.13,43207
2013-02-13,57.6,57.6,55.43,55.99,19464
2013-02-14,56.99,56.99,54.05,54.34,15381
2013-02-15,53.97,54.2,53.03,53.54,39049
2013-02-18,53.54,54.0,52.42,53.8,25635
2013-02-19,55.0,56.7,54.79,56.33,28067
2013-02-20,56.02,56.63,55.67,56.05,6998
2013-02-21,56.03,57.4,55.19,56.81,33203
2013-02-22,57.4,57.8,57.0,57.22,31349
2013-02-25,58.4,59.8,57.4,57.97,38466
2013-02-26,57.61,58.5,57.0,58.0,872952
2013-02-27,58.14,59.8,57.61,58.95,249475
2013-02-28,61.94,61.94,59.0,61.22,69681
2013-03-01,61.24,61.78,57.6,58.75,55032
2013-03-04,58.4,58.88,56.4,57.02,9802
2013-03-05,56.6,59.88,56.6,58.47,22158
2013-03-06,57.62,60.0,57.62,59.27,14396
2013-03-07,58.61,59.94,57.84,58.2,9331
2013-03-08,58.66,58.78,57.41,57.81,8485
2013-03-11,57.61,58.75,57.22,58.03,7083
2013-03-12,57.61,58.34,57.1,58.08,16280
2013-03-13,57.63,58.4,55.71,57.22,107313
2013-03-14,57.01,57.8,56.82,57.4,87366
2013-03-15,57.4,57.77,57.4,57.44,11652
2013-03-18,57.0,57.32,56.85,57.0,9333
2013-03-19,57.0,57.25,56.0,56.32,13734
2013-03-20,56.09,56.4,54.61,54.86,11965
2013-03-21,54.43,54.93,53.58,54.34,20756
2013-03-22,53.8,54.93,53.03,53.89,16809
2013-03-25,54.0,55.0,54.0,54.8,116083
2013-03-26,54.2,54.78,53.44,53.97,6479
2013-03-28,55.2,55.2,53.8,54.63,24456
2013-04-01,54.65,56.61,52.01,56.12,7809
2013-04-02,56.2,56.4,55.69,56.0,185230
2013-04-03,56.0,56.6,54.06,54.77,82203
2013-04-04,54.15,54.81,52.2,52.71,251291
2013-04-05,52.6,54.18,52.6,53.43,7086
2013-04-08,53.39,54.0,52.43,53.02,4515
2013-04-09,52.0,53.58,51.9,52.04,6220
2013-04-10,51.85,52.87,50.8,52.27,14546
2013-04-11,52.97,52.97,51.79,52.1,1101
2013-04-12,51.41,52.1,49.62,51.53,1934
2013-04-15,47.4,52.24,47.4,50.57,15121
2013-04-16,50.39,51.2,49.43,49.96,7668
2013-04-17,50.0,50.7,48.45,49.69,12850
2013-04-18,49.59,52.27,49.59,51.08,41838
2013-04-22,51.12,52.94,51.12,52.1,2702
2013-04-23,52.2,52.8,51.25,51.84,6043
2013-04-25,51.8,53.8,51.8,53.34,19958
2013-04-26,52.94,54.6,52.94,54.24,10213
2013-04-29,55.6,56.92,52.8,53.53,55695
2013-04-30,54.16,54.8,52.6,53.67,11069
2013-05-02,55.2,55.2,53.04,53.75,10380
2013-05-03,53.0,54.0,52.4,53.72,16739
2013-05-06,55.58,55.58,53.22,54.07,10920
2013-05-07,53.99,55.14,53.6,53.87,167422
2013-05-08,53.8,54.78,53.79,53.94,38108
2013-05-09,53.8,55.2,53.8,54.82,19445
2013-05-10,54.0,54.8,54.0,54.04,4573
2013-05-11,53.6,54.2,53.22,53.53,618
2013-05-13,53.49,54.8,53.4,53.92,7179
2013-05-14,53.2,54.79,53.2,54.58,4108
2013-05-15,55.0,57.0,54.4,56.41,96694
2013-05-16,56.39,57.57,55.31,55.72,16605
2013-05-17,54.4,57.07,54.4,56.54,12762
2013-05-20,56.49,57.1,56.2,56.59,6734
2013-05-21,56.02,57.2,55.55,56.94,7484
2013-05-22,56.8,56.98,56.2,56.6,23010
2013-05-23,56.52,56.52,55.0,55.88,5028
2013-05-24,55.82,57.04,55.6,56.5,8258
2013-05-27,56.49,56.98,55.61,56.09,23786
2013-05-28,56.08,56.2,55.2,55.63,7486
2013-05-29,55.6,55.99,55.02,55.51,5411
2013-05-30,56.15,56.15,55.3,55.69,4433
2013-05-31,55.62,56.08,55.5,55.73,4439
2013-06-03,55.01,55.53,54.65,54.81,4577
2013-06-04,54.81,54.81,54.01,54.11,4901
2013-06-05,53.7,54.8,53.7,54.0,1256
2013-06-06,53.7,54.56,53.7,54.5,23663
2013-06-07,54.36,54.4,53.86,54.05,10483
2013-06-10,54.05,55.09,52.0,53.38,509727
2013-06-11,53.2,53.37,51.23,51.86,7743
2013-06-12,51.85,57.69,50.8,51.23,8696
2013-06-13,51.22,51.56,50.0,50.94,265589
2013-06-14,50.93,51.8,50.93,51.15,2312
2013-06-17,50.9,52.38,50.52,50.97,8152
2013-06-18,51.4,51.98,51.11,51.58,1156
2013-06-19,51.33,52.0,51.05,52.0,27090
2013-06-20,51.99,52.59,50.25,50.29,2078
2013-06-21,52.0,52.0,49.65,49.71,6630
2013-06-24,49.7,50.38,43.24,46.72,37921
2013-06-25,47.0,47.33,44.74,46.36,48830
2013-06-26,46.07,47.19,45.2,46.75,6506
2013-06-27,46.14,47.35,45.62,46.99,29467
2013-06-28,47.8,48.64,47.02,48.07,317206
2013-07-01,48.82,50.6,48.14,49.81,23639
2013-07-02,50.4,50.4,49.22,49.44,1001
2013-07-03,49.0,49.0,47.76,47.97,1454
2013-07-04,48.01,48.9,47.33,48.32,106194
2013-07-05,48.0,50.6,48.0,48.2,22691
2013-07-08,48.4,48.61,47.67,48.44,19876
2013-07-09,48.44,49.8,48.4,48.59,19811
2013-07-10,49.0,49.36,48.62,48.7,11724
2013-07-11,49.0,49.8,48.77,49.6,15550
2013-07-12,49.26,49.6,48.25,49.01,10648
2013-07-15,49.0,52.7,48.41,49.43,292051
2013-07-16,48.83,49.55,47.22,49.28,115911
2013-07-17,48.98,49.19,47.39,48.25,7161
2013-07-18,48.2,49.0,47.7,48.35,14477
2013-07-19,48.6,48.83,47.6,47.79,7114
2013-07-22,47.61,48.0,47.25,47.39,1423
2013-07-23,47.25,47.4,46.81,46.93,3279
2013-07-24,46.79,46.79,43.3,44.2,209126
2013-07-25,44.2,44.2,43.6,44.01,4193
2013-07-26,43.61,45.0,43.6,44.24,13308
2013-07-29,44.02,44.98,43.6,44.25,6443
2013-07-30,44.04,45.94,43.65,44.0,203965
2013-07-31,43.95,46.48,43.2,45.25,122152
2013-08-01,47.0,47.0,44.61,45.04,9845
2013-08-02,45.0,46.0,43.87,45.19,9843
2013-08-05,45.4,45.99,44.05,44.3,7725
2013-08-06,43.8,45.19,40.4,42.72,81423
2013-08-07,42.57,43.8,42.01,43.29,17350
2013-08-08,43.01,44.21,42.25,43.89,1657
2013-08-12,43.26,44.77,42.43,44.42,4727
2013-08-13,43.67,47.49,43.65,46.5,9507
2013-08-14,45.71,47.0,45.7,46.27,3112
2013-08-16,46.4,47.94,43.4,43.95,7082
2013-08-19,43.4,44.4,42.44,43.52,24972
2013-08-20,42.22,43.6,42.2,43.42,44848
2013-08-21,43.88,45.94,42.25,43.42,11313
2013-08-22,42.6,45.7,42.43,43.88,6951
2013-08-23,44.0,44.21,42.31,42.95,6958
2013-08-26,43.59,44.25,43.05,43.83,14026
2013-08-27,43.4,44.0,42.82,43.55,13927
2013-08-28,43.0,43.0,41.6,42.04,26007
2013-08-29,42.05,43.12,42.0,42.7,59066
2013-08-30,43.38,43.38,42.36,42.6,6166
2013-09-02,42.69,42.8,42.02,42.72,6951
2013-09-03,41.54,43.0,41.54,42.53,15024
2013-09-04,42.0,42.42,41.84,42.13,13664
2013-09-05,42.08,42.76,42.05,42.49,9612
2013-09-06,43.0,43.2,42.4,42.82,21178
2013-09-10,42.4,43.76,42.4,43.17,27134
2013-09-11,42.79,43.63,42.79,43.32,2726
2013-09-12,43.2,43.67,43.2,43.21,1179
2013-09-13,43.02,44.2,42.74,43.03,4420
2013-09-16,43.2,43.2,42.18,42.84,21249
2013-09-17,43.35,44.24,42.81,44.16,3515
2013-09-18,44.09,45.94,43.73,45.4,7655
2013-09-19,46.58,47.8,44.42,46.88,5827
2013-09-20,46.41,46.6,43.6,45.34,2756
2013-09-23,45.0,45.0,44.0,44.6,4868
2013-09-24,44.4,45.0,44.21,44.85,3138
2013-09-25,44.41,44.6,43.63,43.86,3162
2013-09-26,44.19,44.76,43.63,43.99,1242
2013-09-27,44.19,44.19,43.6,43.95,2199
2013-09-30,43.94,45.2,43.63,44.98,6932
2013-10-01,45.92,45.92,44.47,45.2,1487
2013-10-03,45.18,47.76,45.0,46.73,12882
2013-10-04,47.0,47.0,45.62,45.87,31531
2013-10-07,46.31,46.42,45.03,45.24,8734
2013-10-08,45.0,46.0,45.0,45.35,1359
2013-10-09,45.01,45.75,44.41,44.63,2324
2013-10-10,44.45,45.4,43.4,43.61,10358
2013-10-11,44.97,44.97,43.6,44.27,87914
2013-10-14,44.27,44.63,43.6,43.92,14408
2013-10-15,44.7,45.0,43.53,44.77,6930
2013-10-17,44.6,44.6,44.0,44.06,892
2013-10-18,43.6,45.02,43.6,44.43,30057
2013-10-21,44.6,44.6,43.6,43.75,2626
2013-10-22,43.7,44.9,43.7,44.39,3733
2013-10-23,44.01,45.42,44.01,44.46,5722
2013-10-24,44.0,44.57,44.0,44.38,2639
2013-10-25,44.49,46.15,44.2,45.3,8361
2013-10-28,44.21,45.34,44.21,45.0,5245
2013-10-29,45.4,46.53,44.48,46.09,10665
2013-10-30,46.96,47.66,45.32,45.82,32541
2013-10-31,45.99,46.9,45.1,45.89,14990
2013-11-01,46.0,47.18,46.0,46.51,5198
2013-11-03,47.78,48.0,46.06,47.73,8651
2013-11-05,46.2,49.34,46.2,48.62,18863
2013-11-06,48.81,49.2,47.6,48.04,9796
2013-11-07,47.6,48.18,47.53,47.73,7885
2013-11-08,47.2,47.7,46.8,47.05,2959
2013-11-11,48.0,48.47,46.61,48.15,10440
2013-11-12,49.0,49.0,47.65,48.38,10744
2013-11-13,47.6,49.3,46.66,47.41,5860
2013-11-14,47.04,48.4,47.04,48.18,6736
2013-11-18,48.4,49.0,46.51,46.95,17463
2013-11-19,46.6,48.2,46.6,48.1,28141
2013-11-20,48.8,48.8,47.2,48.76,3212
2013-11-21,48.2,48.2,47.26,47.67,2041
2013-11-22,47.4,50.24,47.4,48.96,11919
2013-11-25,48.8,49.0,47.72,48.31,1490
2013-11-26,47.8,49.98,47.68,49.49,4978
2013-11-27,49.75,50.35,48.76,49.79,4035
2013-11-28,49.2,50.4,49.2,50.11,10758
2013-11-29,49.6,51.19,49.22,50.26,7063
2013-12-02,49.8,50.61,49.5,49.57,1408
2013-12-03,49.2,50.9,49.0,50.64,7199
2013-12-04,50.2,51.0,49.0,49.14,1563
2013-12-05,49.14,50.8,49.0,49.46,7848
2013-12-06,49.0,50.91,49.0,49.28,2542
2013-12-09,49.0,50.6,49.0,50.19,7763
2013-12-10,50.19,51.0,49.6,50.75,6522
2013-12-11,50.2,51.0,50.0,50.78,2635
2013-12-12,49.8,50.43,49.44,49.98,8574
2013-12-13,49.0,50.6,49.0,49.74,14675
2013-12-16,49.71,50.46,49.01,50.15,6157
2013-12-17,50.27,50.5,49.61,49.62,1504
2013-12-18,49.4,50.4,48.7,49.19,31039
2013-12-19,48.82,49.8,47.1,48.21,9952
2013-12-20,47.8,49.79,47.8,48.82,60092
2013-12-23,48.44,49.48,48.44,48.6,10778
2013-12-24,48.6,50.35,48.1,48.27,36668
2013-12-26,48.26,49.55,48.26,49.07,6623
2013-12-27,49.0,49.98,48.6,49.48,8316
2013-12-30,49.1,49.77,48.41,48.76,5961
2013-12-31,48.75,49.21,48.75,48.86,1959
2014-01-01,49.79,49.79,48.3,48.53,4716
2014-01-02,48.5,49.58,45.0,46.51,11419
2014-01-03,47.76,47.76,46.12,46.29,5949
2014-01-06,47.56,47.56,44.72,45.86,21330
2014-01-07,47.6,48.4,45.9,47.21,42845
2014-01-08,48.3,50.0,46.9,47.84,20563
2014-01-09,47.79,50.6,47.79,49.66,16143
2014-01-10,49.6,54.38,48.54,52.08,45383
2014-01-13,52.06,54.01,52.06,52.9,21270
2014-01-14,52.89,54.4,52.0,52.87,4807
2014-01-15,52.52,52.6,50.67,52.02,5421
2014-01-16,51.81,53.0,51.42,52.52,106456
2014-01-17,52.83,53.8,51.0,51.49,10101
2014-01-20,50.6,52.34,49.4,51.41,4346
2014-01-21,52.0,52.0,50.4,51.09,5016
2014-01-22,51.08,52.41,51.04,51.62,9987
2014-01-23,51.21,52.38,50.2,51.6,12120
2014-01-24,51.59,52.75,51.25,51.7,10457
2014-01-27,51.2,52.58,49.0,51.72,12526
2014-01-28,51.19,52.19,50.21,51.85,8187
2014-01-29,52.53,53.0,51.12,52.12,9371
2014-01-30,52.12,52.12,50.2,50.26,12527
2014-01-31,50.51,51.04,48.9,49.06,6015
2014-02-03,49.05,49.8,48.65,49.19,3870
2014-02-04,48.61,50.08,48.6,48.97,6595
2014-02-05,49.57,50.33,49.0,49.79,3042
2014-02-06,49.05,49.62,48.88,49.15,1949
2014-02-07,48.8,49.6,48.6,48.98,23252
2014-02-10,48.95,50.0,48.6,48.64,2715
2014-02-11,49.39,49.4,48.15,48.6,2291
2014-02-12,49.99,49.99,47.8,48.15,2265
2014-02-13,48.2,49.0,47.4,48.08,2829
2014-02-14,48.6,48.78,46.4,46.86,4168
2014-02-17,47.02,47.68,46.2,47.39,4690
2014-02-18,47.4,48.8,45.82,46.16,14610
2014-02-19,46.97,47.4,45.6,46.57,10331
2014-02-20,46.72,47.2,45.7,45.83,5020
2014-02-21,46.3,46.8,45.14,45.58,10222
2014-02-24,45.02,46.0,44.86,45.47,6799
2014-02-25,46.07,48.0,45.64,46.79,15591
2014-02-26,46.8,47.12,45.82,46.08,3820
2014-02-28,45.52,46.21,45.4,45.48,3682
2014-03-03,45.2,47.1,45.2,46.4,15501
2014-03-04,46.02,46.76,45.65,46.42,3573
2014-03-05,47.77,47.8,46.4,46.93,175404
2014-03-06,47.8,49.56,46.6,48.84,10324
2014-03-07,49.56,49.95,48.02,49.14,12231
2014-03-10,49.8,49.8,48.37,48.6,3218
2014-03-11,49.6,50.34,47.4,49.89,20901
2014-03-12,49.89,51.8,49.4,50.04,717671
2014-03-13,50.8,53.19,49.8,51.88,36437
2014-03-14,53.0,53.0,51.0,51.74,5124
2014-03-18,52.13,52.13,50.42,50.75,6951
2014-03-19,51.4,51.4,48.85,49.66,7896
2014-03-20,49.78,50.74,49.23,49.46,3817
2014-03-21,49.41,51.11,48.41,50.7,8934
2014-03-22,50.33,50.8,49.66,50.19,1043
2014-03-24,50.46,52.8,49.81,51.24,7913
2014-03-25,51.6,51.7,50.22,51.02,4907
2014-03-26,50.62,51.4,50.2,50.3,6836
2014-03-27,50.74,55.4,50.2,53.88,150691
2014-03-28,56.02,58.6,55.23,58.03,224326
2014-03-31,58.88,58.88,55.4,57.66,24427
2014-04-01,57.61,57.61,55.8,56.36,5606
2014-04-02,56.99,57.01,56.36,56.59,4636
2014-04-03,55.8,58.0,55.8,56.64,15379
2014-04-04,56.4,57.47,55.12,56.02,10071
2014-04-07,55.84,56.9,54.7,56.56,7003
2014-04-09,56.94,58.0,56.23,57.2,18051
2014-04-10,57.2,58.8,57.0,57.66,75925
2014-04-11,57.41,58.98,56.59,58.03,8921
2014-04-15,57.68,57.76,56.29,57.4,5748
2014-04-16,57.03,58.5,56.78,58.27,10351
2014-04-17,58.2,58.6,57.0,57.33,3717
2014-04-21,57.22,59.0,57.1,57.8,153593
2014-04-22,58.75,59.0,57.4,57.55,27059
2014-04-23,58.4,59.19,57.07,58.56,22263
2014-04-25,58.54,61.0,58.54,58.82,39577
2014-04-28,59.2,60.95,58.09,59.79,59847
2014-04-29,59.79,60.0,56.94,57.8,24165
2014-04-30,58.53,58.54,56.4,57.73,78737
2014-05-02,57.19,58.01,56.22,56.6,10955
2014-05-05,56.34,58.63,55.63,57.66,22096
2014-05-06,57.0,58.17,56.66,57.93,4806
2014-05-07,57.65,60.4,57.27,59.2,40831
2014-05-08,58.6,61.5,58.45,60.32,28834
2014-05-09,59.99,60.6,58.05,58.75,13721
2014-05-12,58.2,60.2,58.03,59.78,28320
2014-05-13,59.18,59.8,57.8,58.07,22909
2014-05-14,58.01,58.99,57.83,58.08,9049
2014-05-15,57.62,58.96,57.2,58.1,14056
2014-05-16,58.8,60.2,56.7,57.88,63150
2014-05-19,57.7,68.0,57.7,65.6,228233
2014-05-20,65.2,69.68,64.78,68.17,126676
2014-05-21,68.17,69.93,68.17,69.21,27475
2014-05-22,69.6,76.09,67.8,70.29,67046
2014-05-23,70.29,75.4,70.29,71.78,30755
2014-05-26,71.88,74.0,63.72,69.69,23375
2014-05-27,69.8,70.6,69.0,69.55,9866
2014-05-28,69.2,71.13,68.05,69.41,61066
2014-05-29,70.66,71.0,67.13,70.42,57735
2014-05-30,69.61,70.1,58.23,62.47,199841
2014-06-02,65.4,71.8,65.4,70.86,49616
2014-06-03,70.0,70.21,67.62,68.74,13298
2014-06-04,68.62,72.6,66.64,71.84,38370
2014-06-05,72.9,76.95,70.57,75.23,113710
2014-06-06,76.89,77.88,75.64,76.92,183948
2014-06-09,77.99,79.88,77.59,78.81,87863
2014-06-10,80.0,80.0,76.41,79.15,38355
2014-06-11,79.14,79.14,77.2,77.99,27785
2014-06-12,78.0,78.0,75.06,76.39,20178
2014-06-13,77.01,77.8,73.13,74.6,33920
2014-06-16,74.8,78.67,68.9,75.73,84785
2014-06-17,77.74,77.74,73.0,75.73,16997
2014-06-18,75.89,75.99,72.61,73.98,40125
2014-06-19,74.4,75.58,73.3,75.03,29632
2014-06-20,75.0,76.98,74.45,75.26,37107
2014-06-23,76.2,76.9,75.2,76.2,18063
2014-06-24,76.19,77.99,75.0,76.08,12499
2014-06-25,76.61,77.03,74.5,75.35,18523
2014-06-26,74.82,76.36,74.6,75.18,11024
2014-06-27,76.98,76.98,73.76,75.24,13676
2014-06-30,74.71,78.54,74.36,77.78,150198
2014-07-01,77.78,79.5,76.06,78.81,31945
2014-07-02,79.38,79.54,77.0,78.53,8347
2014-07-03,78.7,83.0,77.2,81.1,96720
2014-07-04,80.51,82.0,80.22,81.35,43153
2014-07-07,82.0,84.95,80.02,84.35,46292
2014-07-08,84.9,88.74,83.0,86.66,83430
2014-07-09,85.23,87.37,78.85,82.97,44331
2014-07-10,84.0,84.72,77.71,80.58,37773
2014-07-11,81.0,81.63,77.0,77.65,436026
2014-07-14,76.29,80.26,76.2,79.67,14816
2014-07-15,78.91,81.0,77.6,79.85,10881
2014-07-16,79.34,81.35,78.07,79.9,23067
2014-07-17,80.0,80.0,78.28,78.9,4602
2014-07-18,79.39,80.6,79.0,79.83,22799
2014-07-21,79.29,82.8,79.04,82.28,23479
2014-07-22,81.0,83.59,81.0,82.9,9288
2014-07-23,83.0,84.0,81.63,83.61,9629
2014-07-24,84.0,92.0,82.53,84.64,50676
2014-07-25,86.0,86.2,80.21,82.11,13341
2014-07-28,82.0,87.0,77.32,78.81,20391
2014-07-30,80.6,84.0,78.6,83.38,11267
2014-07-31,82.31,84.8,81.0,83.73,4663
2014-08-01,83.31,83.31,80.2,81.02,28664
2014-08-04,83.31,83.31,80.0,80.37,7281
2014-08-05,79.6,81.54,78.8,80.29,29766
2014-08-06,79.63,80.98,79.01,79.96,10537
2014-08-07,80.92,80.92,79.0,79.62,4402
2014-08-08,78.0,80.0,77.6,79.68,5211
2014-08-11,79.01,79.1,77.8,77.91,14336
2014-08-12,77.8,78.4,77.0,77.89,18513
2014-08-13,77.0,77.72,76.0,76.5,16111
2014-08-14,76.0,77.47,76.0,76.42,10840
2014-08-18,76.1,79.2,76.1,78.36,6146
2014-08-19,79.8,81.0,78.4,79.52,8721
2014-08-20,80.4,80.4,78.4,79.82,8957
2014-08-21,79.0,80.74,77.02,80.06,17845
2014-08-22,79.61,81.0,79.4,80.23,7799
2014-08-25,79.42,81.4,78.73,80.74,12905
2014-08-26,81.0,82.79,80.05,81.6,11193
2014-08-27,82.0,83.6,80.08,81.03,13690
2014-08-28,80.23,82.0,80.03,81.29,8722
2014-09-01,81.3,82.0,80.6,81.33,5882
2014-09-02,84.03,84.03,81.6,82.29,18582
2014-09-03,84.0,84.0,80.02,82.56,12046
2014-09-04,81.4,83.6,81.4,83.23,35191
2014-09-05,82.4,85.38,81.23,84.99,23906
2014-09-08,84.4,93.28,84.0,90.36,49459
2014-09-09,87.81,96.8,87.81,95.94,59019
2014-09-10,95.0,99.98,92.03,98.07,41234
2014-09-11,97.2,100.2,93.66,99.6,46094
2014-09-12,99.6,101.4,94.48,99.98,60874
2014-09-15,100.0,103.6,97.61,100.31,50391
2014-09-16,99.6,101.4,94.0,96.14,113896
2014-09-17,94.2,102.59,93.0,101.01,66984
2014-09-18,100.0,102.0,99.4,100.29,57668
2014-09-19,99.0,101.35,98.1,100.93,36769
2014-09-22,101.0,102.0,98.47,100.14,25920
2014-09-23,99.24,102.4,94.8,97.25,27805
2014-09-24,96.6,98.4,92.6,95.24,43935
2014-09-25,95.01,96.91,92.82,94.05,7633
2014-09-26,93.6,97.0,91.79,94.14,14536
2014-09-29,93.71,98.51,93.71,96.24,20387
2014-09-30,95.0,100.0,95.0,99.2,57909
2014-10-01,100.71,101.0,95.0,95.98,36381
2014-10-07,95.98,98.01,92.61,93.12,12043
2014-10-08,92.4,95.94,92.4,94.21,11356
2014-10-09,95.78,95.78,93.6,94.01,6522
2014-10-10,93.61,94.49,92.0,92.36,11602
2014-10-13,92.4,93.2,90.82,91.32,6719
2014-10-14,91.48,92.64,90.2,90.92,18577
2014-10-16,90.41,95.0,90.01,91.51,14309
2014-10-17,91.4,92.79,90.07,91.06,7321
2014-10-20,92.36,93.99,90.2,91.85,7463
2014-10-21,91.21,95.0,91.16,94.14,5080
2014-10-22,94.79,97.39,92.02,96.09,10113
2014-10-23,97.97,98.0,96.01,97.06,1697
2014-10-27,96.99,98.0,95.5,95.94,7015
2014-10-28,95.94,98.0,95.8,97.48,6933
2014-10-29,98.39,99.0,97.0,98.35,10012
2014-10-30,97.93,100.8,96.61,99.06,16715
2014-10-31,100.79,100.79,95.39,96.99,80890
2014-11-03,97.23,97.99,95.0,95.41,6483
2014-11-05,95.4,97.0,93.42,96.78,11834
2014-11-07,96.6,100.0,94.8,97.97,32889
2014-11-10,97.3,98.0,95.2,96.53,6807
2014-11-11,97.0,99.39,95.6,97.61,11924
2014-11-12,98.2,99.0,97.15,97.92,18652
2014-11-13,97.5,98.02,96.11,97.1,11081
2014-11-14,97.0,98.58,95.84,97.92,18021
2014-11-17,98.4,100.9,94.13,96.38,19302
2014-11-18,96.37,96.83,94.4,95.25,15835
2014-11-19,95.0,95.8,91.61,93.7,14177
2014-11-20,93.65,95.39,91.4,92.69,11073
2014-11-21,92.65,95.78,91.05,92.11,19410
2014-11-24,92.2,94.0,92.0,93.25,14700
2014-11-25,93.8,93.99,88.6,91.24,29202
2014-11-26,90.31,92.38,90.0,90.47,28128
2014-11-27,91.79,91.79,88.6,89.94,17881
2014-11-28,90.48,93.2,89.17,90.23,14849
2014-12-01,93.0,93.0,89.6,92.12,6406
2014-12-02,91.84,97.29,90.26,96.38,63383
2014-12-03,96.8,96.8,92.61,93.47,27198
2014-12-04,93.0,94.97,91.62,93.08,24828
2014-12-05,93.25,96.0,92.02,93.19,10830
2014-12-08,93.78,96.0,90.4,91.13,18799
2014-12-09,94.0,94.0,86.52,89.13,11944
2014-12-10,89.8,93.09,89.8,91.61,40888
2014-12-11,91.61,93.59,88.2,92.66,34931
2014-12-12,93.32,95.49,90.34,92.9,15198
2014-12-15,92.2,96.2,89.6,95.56,141478
2014-12-16,95.6,95.61,90.21,92.04,13086
2014-12-17,92.6,92.8,87.61,90.31,30781
2014-12-18,91.0,92.3,90.01,91.67,9767
2014-12-19,91.41,94.47,91.21,93.8,5643
2014-12-22,94.38,94.38,92.01,93.31,8819
2014-12-23,94.0,95.4,92.15,93.73,14194
2014-12-24,93.73,97.8,92.7,95.99,13554
2014-12-26,95.42,96.6,94.22,94.74,6274
2014-12-29,96.0,98.95,94.01,97.54,19979
2014-12-30,97.6,97.99,95.16,95.76,13468
2014-12-31,95.0,95.7,93.4,94.73,45015
2015-01-01,94.0,96.56,93.8,94.6,57886
2015-01-02,95.0,102.88,94.8,98.07,808671
2015-01-05,98.8,102.26,98.04,99.61,168816
2015-01-06,99.6,99.69,96.0,96.45,39797
2015-01-07,98.6,98.6,95.0,96.06,548253
2015-01-08,96.5,98.66,96.5,97.54,46871
2015-01-09,99.8,99.8,96.01,97.11,23401
2015-01-12,97.4,99.6,96.42,99.23,23261
2015-01-13,99.8,100.88,97.27,99.83,52483
2015-01-14,101.0,106.98,99.6,104.43,1177296
2015-01-15,106.4,108.6,104.62,105.38,349800
2015-01-16,105.69,105.69,102.48,103.04,198103
2015-01-19,103.4,104.77,103.0,103.22,94045
2015-01-20,103.8,103.8,99.47,100.09,75381
2015-01-21,100.09,103.96,100.09,103.33,138925
2015-01-22,103.33,104.02,101.9,103.03,57468
2015-01-23,102.03,103.78,100.9,103.06,100572
2015-01-27,103.1,105.68,101.1,104.04,133670
2015-01-28,105.68,109.54,103.22,107.92,312397
2015-01-29,108.2,113.94,107.03,112.35,273421
2015-01-30,111.8,111.8,108.0,108.62,76472
2015-02-02,109.0,109.52,106.75,108.21,26485
2015-02-03,109.0,117.8,108.24,113.4,206458
2015-02-04,113.32,114.27,110.05,111.05,37915
2015-02-05,110.4,115.75,108.4,109.33,50010
2015-02-06,108.93,110.98,107.0,110.11,35880
2015-02-09,110.0,110.88,106.2,106.99,18260
2015-02-10,106.4,111.69,106.4,108.96,46482
2015-02-11,108.96,115.48,108.02,108.86,53463
2015-02-12,108.2,114.8,108.2,114.01,88553
2015-02-13,114.4,114.98,111.0,112.79,28207
2015-02-16,113.61,113.9,109.68,111.58,11192
2015-02-18,110.2,114.0,110.2,113.22,14404
2015-02-19,112.56,116.0,110.4,115.62,28222
2015-02-20,116.0,119.0,112.4,117.86,34463
2015-02-23,118.54,119.54,115.73,116.77,39760
2015-02-24,116.2,117.8,114.2,115.69,18352
2015-02-25,115.44,117.37,113.8,115.49,45080
2015-02-26,115.0,115.57,112.4,114.56,25180
2015-02-27,113.8,116.88,113.8,115.37,14397
2015-02-28,114.85,115.56,112.21,113.98,15941
2015-03-02,114.96,118.74,113.6,116.04,100590
2015-03-03,117.59,121.8,116.22,119.8,59625
2015-03-04,123.6,123.6,118.26,118.99,58473
2015-03-05,118.99,119.87,114.56,117.75,14771
2015-03-09,115.11,117.7,112.59,113.61,23012
2015-03-10,114.6,116.89,113.6,113.95,28608
2015-03-11,117.1,117.16,113.4,114.49,30326
2015-03-12,116.39,119.54,115.26,117.94,30724
2015-03-13,118.94,121.37,115.8,116.46,23757
2015-03-16,116.4,119.4,115.6,117.64,357458
2015-03-17,119.36,119.36,115.47,116.38,22640
2015-03-18,116.04,118.79,115.2,117.31,9811
2015-03-19,118.68,118.68,116.0,117.28,13190
2015-03-20,117.11,117.6,111.65,113.04,16637
2015-03-23,113.0,116.2,113.0,115.51,11523
2015-03-24,115.09,115.18,113.26,114.19,6089
2015-03-25,114.2,114.24,109.06,110.79,14865
2015-03-26,110.6,112.4,108.4,109.49,12334
2015-03-27,110.0,111.2,108.76,110.16,19334
2015-03-30,112.04,116.0,110.8,115.85,12305
2015-03-31,117.99,119.6,116.43,117.82,16219
2015-04-01,119.97,120.8,116.43,119.64,23125
2015-04-06,121.0,121.0,118.5,119.25,14939
2015-04-07,119.18,120.6,118.6,119.49,77248
2015-04-08,120.5,122.6,118.12,119.19,31390
2015-04-09,119.18,120.96,116.51,117.62,13968
2015-04-10,118.01,120.0,114.54,115.74,26111
2015-04-13,116.98,119.4,116.43,117.81,25033
2015-04-15,118.8,125.0,118.8,122.71,104241
2015-04-16,125.6,126.98,122.4,124.78,29989
2015-04-17,125.2,125.69,122.2,123.55,18192
2015-04-20,123.43,125.01,121.92,123.21,25200
2015-04-21,124.6,125.02,121.2,122.05,38838
2015-04-22,123.8,123.8,117.02,118.63,32105
2015-04-23,119.98,119.98,117.2,117.98,34143
2015-04-24,119.0,121.2,107.65,117.58,78932
2015-04-27,120.8,123.78,116.02,122.47,106378
2015-04-28,121.5,122.87,119.0,120.49,100229
2015-04-29,120.0,122.41,118.0,119.52,461966
2015-04-30,119.4,122.3,117.12,117.65,19250
2015-05-04,117.8,121.98,113.79,120.19,50240
2015-05-05,121.06,121.98,118.51,119.92,21211
2015-05-06,118.01,121.8,116.4,117.45,12564
2015-05-07,116.6,119.8,114.0,115.38,11484
2015-05-08,116.88,119.79,116.0,116.81,40743
2015-05-11,117.95,121.5,116.35,117.41,107181
2015-05-12,118.58,118.58,116.03,117.15,101958
2015-05-13,117.3,117.96,114.4,115.11,133284
2015-05-14,114.81,116.0,113.39,115.09,11811
2015-05-15,115.0,117.32,114.99,116.01,79400
2015-05-18,117.0,119.8,115.44,118.31,14315
2015-05-19,116.6,119.8,116.6,118.9,7188
2015-05-20,119.0,123.56,117.32,121.35,22254
2015-05-21,122.5,124.04,121.0,121.84,9759
2015-05-22,120.27,121.19,117.01,119.14,13708
2015-05-25,118.2,119.14,115.07,115.58,6314
2015-05-26,114.6,117.41,114.6,115.92,3271
2015-05-27,116.02,117.5,115.06,116.53,5643
2015-05-28,116.3,117.6,115.71,116.72,51022
2015-05-29,116.6,117.0,115.03,115.81,11403
2015-06-01,115.81,121.0,115.57,118.34,22318
2015-06-02,120.0,123.0,116.8,119.89,29985
2015-06-03,119.0,122.2,116.6,118.24,40771
2015-06-04,119.6,122.6,118.04,119.16,21940
2015-06-05,118.4,121.8,118.0,120.19,3360
2015-06-08,120.68,120.68,116.0,116.42,4775
2015-06-09,116.48,119.45,115.4,116.03,65628
2015-06-10,116.8,121.5,116.8,120.41,12030
2015-06-11,121.56,125.97,120.4,121.97,16867
2015-06-12,121.04,123.0,117.8,118.35,19853
2015-06-15,118.0,120.4,116.0,116.75,8446
2015-06-16,117.0,119.4,116.21,118.59,5027
2015-06-17,117.43,121.0,117.43,119.85,8234
2015-06-18,121.8,122.8,116.05,121.87,19659
2015-06-19,122.1,123.6,119.25,120.0,8827
2015-06-22,122.91,124.88,119.4,123.93,22446
2015-06-23,125.6,133.38,122.61,127.5,63521
2015-06-24,129.0,129.15,125.67,126.42,12303
2015-06-25,126.4,129.18,125.0,125.41,10200
2015-06-26,126.0,128.6,123.6,127.95,12487
2015-06-29,124.2,127.8,122.43,124.14,23196
2015-06-30,126.0,127.98,123.4,125.17,9700
2015-07-01,124.4,131.0,124.4,128.53,21463
2015-07-02,127.22,128.71,127.22,128.27,10115
2015-07-03,129.0,133.72,128.17,132.45,31051
2015-07-06,130.0,139.56,128.79,138.17,41513
2015-07-07,138.17,148.8,138.17,143.97,82785
2015-07-08,144.0,144.0,135.01,139.2,36295
2015-07-09,141.37,142.0,137.61,138.82,21683
2015-07-10,141.0,145.6,138.16,144.29,37885
2015-07-13,145.2,147.16,138.67,140.36,38211
2015-07-14,141.38,143.9,140.3,141.61,23885
2015-07-15,143.98,144.0,139.5,140.37,40262
2015-07-16,141.11,142.0,138.8,139.51,14256
2015-07-17,141.3,141.3,138.0,138.67,14285
2015-07-20,139.05,140.0,133.6,135.67,23040
2015-07-21,135.67,140.19,135.21,138.05,21671
2015-07-22,140.39,140.39,136.0,139.51,13377
2015-07-23,138.57,140.96,137.21,138.12,8504
2015-07-24,140.4,140.87,137.22,138.0,8504
2015-07-27,139.0,139.0,134.12,136.08,11513
2015-07-28,136.25,137.98,132.4,135.76,9696
2015-07-29,138.0,138.0,134.05,134.64,43497
2015-07-30,136.2,140.38,132.8,138.68,16221
2015-07-31,139.42,140.38,136.41,138.1,28660
2015-08-03,138.39,142.8,134.6,136.43,71272
2015-08-04,138.19,139.58,135.6,136.7,32714
2015-08-05,138.39,138.4,133.5,134.06,27245
2015-08-06,136.0,137.46,133.8,134.15,209970
2015-08-07,134.02,136.73,129.62,131.0,35076
2015-08-10,132.58,133.58,127.71,129.7,29284
2015-08-11,130.2,131.2,129.0,129.47,11805
2015-08-12,129.87,131.47,126.0,128.97,21163
2015-08-13,128.4,129.36,125.0,125.56,11891
2015-08-14,125.78,131.8,125.16,128.8,95841
2015-08-17,127.91,131.8,126.2,130.6,13448
2015-08-18,130.41,132.6,129.03,131.13,19275
2015-08-19,133.39,135.74,130.08,132.61,15526
2015-08-20,139.0,142.0,125.32,126.93,201049
2015-08-21,125.07,128.19,120.2,124.55,55828
2015-08-24,122.94,122.94,118.25,120.18,59123
2015-08-25,121.0,123.2,114.0,121.65,38027
2015-08-26,122.0,125.8,118.3,124.65,84188
2015-08-27,126.99,126.99,119.82,121.27,90575
2015-08-28,124.47,124.47,120.0,120.38,26664
2015-08-31,121.8,123.41,119.8,121.12,19828
2015-09-01,119.81,121.96,119.78,120.49,15819
2015-09-02,120.4,122.2,119.8,120.63,82199
2015-09-03,120.03,122.18,117.0,117.36,636711
2015-09-04,117.24,120.73,117.24,119.59,24351
2015-09-07,119.98,121.4,114.1,119.04,26705
2015-09-08,117.0,128.78,116.1,122.37,46508
2015-09-09,123.0,124.5,118.13,119.32,24103
2015-09-10,119.8,125.6,118.45,123.61,30847
2015-09-11,126.0,126.0,123.0,124.05,17787
2015-09-14,126.93,126.93,121.7,122.35,26559
2015-09-15,123.61,125.51,122.16,123.52,6828
2015-09-16,126.3,128.36,124.7,126.28,20867
2015-09-18,125.2,128.6,118.3,120.85,47230
2015-09-21,123.18,124.0,119.48,120.76,35326
2015-09-22,122.21,124.12,121.2,122.02,59462
2015-09-23,122.01,125.4,121.0,124.01,10938
2015-09-24,124.17,126.52,123.13,125.63,9440
2015-09-28,123.12,129.28,123.12,128.08,17770
2015-09-29,127.6,131.0,125.1,129.39,9805
2015-09-30,127.6,139.0,127.6,130.27,8861
2015-10-01,128.8,135.59,126.0,129.63,12709
2015-10-05,130.67,131.2,127.8,129.22,16428
2015-10-06,128.81,130.4,127.1,128.48,8764
2015-10-07,128.25,129.96,127.0,128.28,15700
2015-10-08,128.09,129.2,125.0,125.56,15789
2015-10-09,125.2,127.31,123.2,123.71,14526
2015-10-12,125.2,125.2,122.0,123.77,11189
2015-10-13,122.0,124.8,121.66,122.6,18515
2015-10-14,122.65,124.8,122.59,124.11,17089
2015-10-15,124.41,125.16,123.4,123.73,11946
2015-10-16,124.0,125.79,117.95,121.09,865557
2015-10-19,122.3,125.35,121.2,122.16,28329
2015-10-20,122.39,123.38,118.0,119.41,905567
2015-10-21,119.8,122.54,119.8,120.07,35936
2015-10-23,121.38,121.4,119.0,119.14,27252
2015-10-26,121.8,122.9,119.8,120.38,143880
2015-10-27,119.99,121.98,119.4,120.4,32597
2015-10-28,121.59,126.41,120.0,123.24,390883
2015-10-29,125.0,127.01,123.55,125.87,80959
2015-10-30,125.21,127.18,122.01,124.27,409347
2015-11-02,124.4,128.97,124.2,125.68,43824
2015-11-03,126.43,128.99,125.42,128.0,83535
2015-11-04,128.79,129.8,127.0,128.57,44390
2015-11-05,128.84,129.0,123.23,124.5,26107
2015-11-06,123.78,125.01,121.78,122.59,14802
2015-11-09,120.0,124.8,119.2,123.98,19343
2015-11-10,125.06,125.06,120.9,121.13,20567
2015-11-11,122.64,125.0,121.84,123.9,3867
2015-11-13,124.92,124.92,121.71,122.12,10614
2015-11-16,123.0,123.64,121.23,121.9,13537
2015-11-17,123.99,123.99,120.6,121.54,29798
2015-11-18,121.55,121.55,119.8,120.68,63775
2015-11-19,121.54,122.36,120.0,121.48,9592
2015-11-20,121.4,129.26,120.98,127.99,39421
2015-11-23,127.41,129.6,124.0,127.04,403021
2015-11-24,126.49,129.99,125.61,128.61,13716
2015-11-26,129.0,130.99,126.32,127.99,269951
2015-11-27,128.4,130.0,127.87,129.6,9333
2015-11-30,129.55,130.5,126.09,129.08,62570
2015-12-01,129.81,130.0,127.25,128.46,51867
2015-12-02,127.95,129.22,125.44,125.98,40501
2015-12-03,127.9,128.79,124.33,124.99,46777
2015-12-04,124.0,128.36,124.0,126.34,10949
2015-12-07,125.61,130.0,125.6,127.41,6027
2015-12-08,126.56,128.2,126.0,126.66,9343
2015-12-09,126.26,126.97,122.39,124.46,21585
2015-12-10,123.05,126.2,123.05,124.8,12666
2015-12-11,125.11,127.98,123.81,126.4,10881
2015-12-14,125.17,127.6,125.17,126.17,11305
2015-12-15,128.91,129.6,125.2,128.93,21349
2015-12-16,129.0,129.8,126.52,127.88,9521
2015-12-17,128.39,128.6,126.14,127.63,10069
2015-12-18,128.59,129.0,126.59,127.32,78951
2015-12-21,128.2,131.9,128.01,129.59,90626
2015-12-22,129.57,131.4,127.33,129.16,36296
2015-12-23,132.0,132.4,129.22,130.96,41447
2015-12-24,130.81,132.4,128.7,131.23,12168
2015-12-28,132.59,134.02,130.0,130.59,12973
2015-12-29,130.86,131.72,127.42,128.24,165964
2015-12-30,129.15,130.75,127.62,128.35,171747
2015-12-31,128.42,129.2,126.3,128.37,214958
2016-01-01,129.39,129.39,125.59,127.75,9629
2016-01-04,128.25,130.6,126.62,128.08,12459
2016-01-05,128.2,130.0,127.2,128.38,327930
2016-01-06,128.4,130.0,127.5,129.57,13665
2016-01-07,127.61,129.1,126.2,128.58,28674
2016-01-08,129.99,130.0,128.13,129.78,16233
2016-01-11,131.84,131.84,126.32,128.13,33009
2016-01-12,129.31,130.8,128.01,128.83,12724
2016-01-13,129.6,129.6,122.04,124.9,14143
2016-01-14,126.0,128.0,123.72,125.16,15618
2016-01-15,126.79,126.79,122.05,122.45,4146
2016-01-18,126.0,126.0,118.5,119.82,82279
2016-01-19,121.19,123.59,120.41,121.71,9585
2016-01-20,123.0,123.0,118.0,118.99,264450
2016-01-21,121.79,124.54,118.6,123.38,26056
2016-01-22,123.91,126.4,120.4,122.51,12890
2016-01-25,122.65,124.01,120.0,120.9,20592
2016-01-27,123.0,127.8,120.59,124.53,38091
2016-01-28,125.56,125.96,122.4,125.15,10146
2016-01-29,126.79,127.28,124.01,126.4,40651
2016-02-01,130.2,136.0,127.66,129.27,33834
2016-02-02,131.99,131.99,127.47,128.66,19838
2016-02-03,126.01,131.8,126.0,130.77,18539
2016-02-04,130.8,135.0,129.42,134.49,17063
2016-02-05,134.4,139.04,130.8,137.84,210911
2016-02-08,138.0,144.9,135.0,140.33,679995
2016-02-09,138.0,141.38,136.12,136.89,10118
2016-02-10,137.0,138.6,132.56,137.93,105702
2016-02-11,137.99,138.98,130.82,135.45,25859
2016-02-12,137.0,150.4,125.22,139.56,268627
2016-02-15,144.0,144.6,137.8,139.27,31659
2016-02-16,140.8,140.8,133.02,134.85,12888
2016-02-17,137.59,137.59,130.82,132.76,13463
2016-02-18,133.36,133.67,127.8,129.1,15038
2016-02-19,129.29,133.6,128.11,132.01,5972
2016-02-22,130.9,133.59,130.0,132.74,54879
2016-02-23,131.94,132.0,126.49,127.23,16507
2016-02-24,125.99,131.0,125.29,128.5,10350
2016-02-25,128.0,131.99,125.33,126.25,45583
2016-02-26,128.99,129.35,126.1,127.24,5604
2016-02-29,131.39,131.39,125.0,128.84,11020
2016-03-01,127.07,131.0,125.4,129.52,28037
2016-03-02,131.98,133.11,129.0,130.95,36988
2016-03-03,131.84,134.4,130.43,133.18,42736
2016-03-04,132.99,134.4,131.79,132.92,13711
2016-03-08,132.8,132.8,130.07,132.74,14093
2016-03-09,133.02,134.0,131.61,133.66,23850
2016-03-10,131.0,138.54,131.0,137.99,21184
2016-03-11,138.0,139.0,133.11,134.06,23454
2016-03-14,134.8,136.7,133.01,133.73,16247
2016-03-15,134.97,134.97,130.13,133.4,13268
2016-03-16,133.88,136.4,130.0,130.58,68962
2016-03-17,131.2,136.8,131.12,135.81,26722
2016-03-18,135.81,137.89,132.25,134.02,42664
2016-03-21,135.19,137.96,133.25,136.67,14893
2016-03-22,138.0,138.0,133.0,137.11,27549
2016-03-23,136.0,137.8,135.62,137.45,213070
2016-03-28,136.51,141.0,134.53,139.17,32806
2016-03-29,141.3,141.5,137.61,139.64,19788
2016-03-30,138.5,140.99,137.15,139.88,653020
2016-03-31,143.49,145.35,141.81,144.25,78159
2016-04-01,143.58,147.0,142.49,146.49,17612
2016-04-04,147.98,149.59,146.8,148.05,18848
2016-04-05,149.6,150.0,147.22,147.99,33893
2016-04-06,147.96,148.79,142.61,145.31,44043
2016-04-07,140.4,155.59,138.82,149.09,132985
2016-04-08,148.4,149.6,146.0,147.64,167757
2016-04-11,150.0,153.93,146.0,152.95,161492
2016-04-12,153.0,161.57,153.0,157.7,50085
2016-04-13,156.3,160.4,156.0,157.99,97601
2016-04-18,160.0,160.0,156.01,158.53,30103
2016-04-20,160.0,161.4,156.06,156.98,121791
2016-04-21,156.8,158.38,150.21,152.84,37460
2016-04-22,153.2,158.0,153.2,157.28,14181
2016-04-25,155.6,159.8,155.4,157.21,30629
2016-04-26,155.6,159.2,155.04,158.0,11870
2016-04-27,157.95,160.16,156.16,159.24,26891
2016-04-28,160.68,160.68,158.41,159.29,10876
2016-04-29,160.79,160.79,158.0,159.84,53373
2016-05-02,164.0,172.0,159.9,170.19,417661
2016-05-03,170.0,171.0,166.53,169.22,53569
2016-05-04,167.4,178.4,167.4,174.98,294225
2016-05-05,175.0,177.3,171.32,175.61,49269
2016-05-06,175.6,180.0,174.0,179.09,67726
2016-05-09,179.6,184.21,176.25,180.94,61922
2016-05-10,181.99,183.0,179.2,180.17,73591
2016-05-11,180.0,181.98,178.2,180.04,165098
2016-05-12,181.39,181.56,178.0,178.76,17563
2016-05-13,180.39,180.6,177.0,179.77,13080
2016-05-16,179.99,182.4,178.4,180.18,21924
2016-05-17,181.53,182.5,176.04,177.79,196867
2016-05-18,179.38,179.5,175.22,176.71,26620
2016-05-19,177.4,180.99,174.8,175.27,13757
2016-05-20,178.77,178.77,172.22,176.25,23219
2016-05-23,179.65,179.65,174.4,175.32,25396
2016-05-24,177.0,180.6,175.14,179.23,12288
2016-05-25,181.99,182.6,177.4,178.46,13872
2016-05-26,177.4,180.5,173.8,174.81,39382
2016-05-27,178.0,179.0,175.2,177.06,56586
2016-05-30,175.6,191.34,175.6,189.87,168946
2016-05-31,191.4,198.58,188.4,195.11,347631
2016-06-01,195.8,198.96,194.4,196.19,254936
2016-06-02,197.99,209.4,194.01,205.34,271470
2016-06-03,206.18,206.92,199.22,202.61,224914
2016-06-06,203.0,204.53,198.4,201.17,26805
2016-06-07,203.79,203.79,198.0,199.38,24757
2016-06-08,200.0,205.2,198.0,202.26,65683
2016-06-09,202.79,203.0,197.61,198.75,12735
2016-06-10,199.56,199.8,195.21,195.86,32929
2016-06-13,196.0,196.0,190.9,191.88,44664
2016-06-14,192.6,194.0,188.0,189.91,71199
2016-06-15,191.8,191.91,182.78,184.64,153074
2016-06-16,186.4,188.2,180.21,184.11,2894875
2016-06-17,185.4,185.62,182.1,183.52,50515
2016-06-20,184.0,188.8,180.0,188.13,59903
2016-06-21,188.4,189.39,185.74,187.61,62156
2016-06-22,189.4,189.4,183.91,186.57,51075
2016-06-23,188.99,188.99,184.05,186.36,28752
2016-06-24,183.0,187.58,174.0,185.21,83179
2016-06-27,184.2,193.8,184.0,191.99,76026
2016-06-28,192.94,194.0,189.6,191.46,176712
2016-06-29,193.0,193.0,188.8,189.75,210311
2016-06-30,190.0,192.8,186.54,189.71,153485
2016-07-01,191.2,196.8,189.2,195.67,115794
2016-07-04,198.0,198.0,192.02,192.8,66573
2016-07-05,194.48,195.6,190.47,192.0,62376
2016-07-07,192.76,193.99,191.0,192.99,43133
2016-07-08,194.98,194.98,190.0,193.33,141551
2016-07-11,192.96,195.69,189.67,190.84,355231
2016-07-12,192.6,193.36,189.2,192.61,70820
2016-07-13,191.96,194.49,190.6,192.35,353489
2016-07-14,193.59,194.3,188.76,191.27,390050
2016-07-15,191.1,192.56,189.6,191.78,84381
2016-07-18,193.0,194.0,190.0,191.42,46199
2016-07-19,193.95,194.0,191.0,193.66,33035
2016-07-20,195.0,198.16,193.05,195.18,255184
2016-07-21,195.36,204.0,193.62,200.48,118718
2016-07-22,199.2,206.0,197.21,204.22,85172
2016-07-25,205.02,205.4,202.73,204.94,121824
2016-07-26,203.36,209.52,203.2,208.01,586815
2016-07-27,210.0,221.34,210.0,218.15,250514
2016-07-28,219.0,221.93,215.99,216.23,277241
2016-07-29,217.97,228.55,210.21,218.47,406780
2016-08-01,220.8,234.57,215.99,230.43,198581
2016-08-02,232.74,233.6,228.0,230.57,100738
2016-08-03,230.04,230.2,218.64,224.4,301781
2016-08-04,225.82,229.79,221.0,223.36,94897
2016-08-05,223.6,227.96,219.8,224.76,45730
2016-08-08,224.6,237.93,224.6,232.91,302402
2016-08-09,232.8,234.39,226.7,228.17,22509
2016-08-10,227.59,228.94,222.0,225.24,17756
2016-08-11,225.24,226.95,218.0,219.81,23745
2016-08-12,220.0,221.15,218.0,218.87,25458
2016-08-16,220.36,223.0,217.12,222.46,40810
2016-08-17,222.0,226.2,221.0,225.51,25375
2016-08-18,225.2,227.0,221.0,222.57,222106
2016-08-19,220.61,227.8,220.61,223.44,64718
2016-08-22,222.8,226.38,219.74,221.2,39691
2016-08-23,222.0,224.39,215.0,217.7,293138
2016-08-24,222.84,223.22,215.8,217.45,148183
2016-08-25,218.0,223.0,217.55,220.86,191861
2016-08-26,221.38,235.6,219.61,231.93,202779
2016-08-29,233.38,238.8,226.33,233.43,122708
2016-08-30,234.0,236.75,232.0,234.05,26609
2016-08-31,233.4,234.54,231.02,231.9,31921
2016-09-01,233.96,234.4,231.99,233.22,70576
2016-09-02,234.0,243.0,216.6,219.72,8193966
2016-09-06,221.46,223.16,212.66,221.86,581077
2016-09-07,223.2,223.88,218.1,222.66,483058
2016-09-08,222.0,223.95,218.6,219.9,158332
2016-09-09,216.2,223.4,216.2,220.57,535847
2016-09-12,214.58,219.4,211.33,212.43,201313
2016-09-14,211.43,216.73,211.43,214.86,154946
2016-09-15,219.4,220.8,216.21,219.82,155588
2016-09-16,221.98,222.84,211.0,219.65,1209087
2016-09-19,219.6,220.95,215.0,216.96,110306
2016-09-20,216.8,220.96,216.01,216.66,109673
2016-09-21,217.8,218.86,214.2,215.4,119775
2016-09-22,218.14,225.54,216.62,223.01,481947
2016-09-23,223.2,226.96,220.4,223.43,128523
2016-09-26,223.94,229.14,220.8,226.33,139045
2016-09-27,226.8,234.2,224.45,227.17,164153
2016-09-28,227.99,229.53,224.77,227.72,135821
2016-09-29,229.46,232.15,207.99,224.68,314191
2016-09-30,227.38,237.99,219.38,231.47,181338
2016-10-03,235.0,241.4,230.29,236.21,117197
2016-10-04,236.6,245.1,235.81,242.17,273455
2016-10-05,243.0,246.98,240.02,245.63,84263
2016-10-06,247.0,248.6,240.0,242.12,55638
2016-10-07,242.0,246.0,238.0,239.78,44077
2016-10-10,239.78,242.03,236.22,236.75,133221
2016-10-13,238.86,239.0,230.84,237.2,150210
2016-10-14,239.25,241.8,236.53,240.95,48048
2016-10-17,242.8,245.8,237.8,240.32,199057
2016-10-18,240.2,242.2,235.6,239.13,53917
2016-10-19,240.84,242.4,236.3,237.55,46592
2016-10-20,236.1,240.6,236.1,237.09,38367
2016-10-21,238.98,243.59,238.4,241.73,50508
2016-10-24,241.6,243.8,236.42,237.95,31109
2016-10-25,237.8,239.78,233.68,235.14,88409
2016-10-26,235.01,238.88,224.0,230.71,95630
2016-10-27,233.56,233.6,226.72,227.83,53196
2016-10-28,229.4,239.6,229.0,237.08,139101
2016-10-30,237.2,240.0,234.26,237.16,24431
2016-11-01,237.16,237.27,231.05,233.29,32695
2016-11-02,235.08,235.08,227.2,232.51,114335
2016-11-03,233.58,233.6,224.22,227.27,178408
2016-11-04,227.6,231.97,218.0,223.66,143576
2016-11-07,232.0,232.0,221.24,223.34,233881
2016-11-08,226.98,226.99,219.68,221.64,37901
2016-11-09,209.99,215.75,186.65,210.04,175921
2016-11-10,214.28,215.2,195.27,197.5,401631
2016-11-11,197.5,199.6,174.0,187.14,534637
2016-11-15,187.6,188.0,163.2,181.47,321040
2016-11-16,184.0,200.0,180.82,195.31,414163
2016-11-17,194.0,216.0,181.13,202.91,333644
2016-11-18,207.2,208.8,191.0,196.88,287222
2016-11-21,197.0,202.2,190.0,196.81,422122
2016-11-22,196.8,205.0,196.78,199.44,479125
2016-11-23,199.8,201.56,195.44,198.06,1033352
2016-11-24,198.0,198.0,190.51,193.2,109829
2016-11-25,193.24,200.66,191.24,199.04,222491
2016-11-28,195.99,197.19,191.0,192.15,77082
2016-11-29,192.21,198.6,192.21,195.7,1058211
2016-11-30,196.0,201.99,193.25,194.09,121390
2016-12-01,195.75,197.99,190.0,192.39,60231
2016-12-02,192.3,194.0,186.6,188.43,38831
2016-12-05,190.0,191.98,182.11,183.62,79684
2016-12-06,183.8,186.98,181.6,182.07,54069
2016-12-07,184.6,184.6,173.03,174.98,97301
2016-12-08,177.05,180.0,175.61,177.92,74175
2016-12-09,177.2,179.95,176.42,177.29,46838
2016-12-12,178.99,179.98,173.01,173.98,667421
2016-12-13,173.98,174.61,165.8,167.67,83737
2016-12-14,168.0,169.39,160.81,162.15,280734
2016-12-15,161.58,175.4,161.2,168.89,455964
2016-12-16,170.4,170.4,164.6,165.4,80603
2016-12-19,166.5,174.0,165.39,171.38,148605
2016-12-20,172.98,178.77,171.2,174.09,630507
2016-12-21,174.31,181.6,174.31,180.66,282146
2016-12-22,180.0,184.0,176.6,180.44,290880
2016-12-23,179.99,191.18,177.2,186.96,246872
2016-12-26,186.6,195.6,177.21,186.12,168230
2016-12-27,186.18,192.0,182.53,189.44,111404
2016-12-28,188.0,194.36,186.24,187.87,102470
2016-12-29,188.2,198.94,187.99,197.64,157847
2016-12-30,197.0,199.0,188.02,189.32,4386921
2017-01-02,189.0,192.0,187.4,189.99,70198
2017-01-03,191.94,193.19,185.0,191.81,111458
2017-01-04,193.55,193.55,189.4,190.66,51612
2017-01-05,191.95,191.95,184.52,186.36,137723
2017-01-06,186.3,190.08,186.3,188.57,79319
2017-01-09,189.0,192.88,188.92,189.78,37620
2017-01-10,191.4,192.79,190.4,191.47,38447
2017-01-11,192.93,192.93,190.34,191.22,101619
2017-01-12,192.2,193.0,189.0,189.79,78454
2017-01-13,190.96,191.51,186.64,188.02,24234
2017-01-16,188.96,190.0,186.02,189.88,138838
2017-01-17,188.99,192.75,187.82,191.61,64919
2017-01-18,194.8,202.8,194.0,199.97,213429
2017-01-19,200.0,208.8,196.31,198.3,517152
2017-01-20,197.76,200.36,195.59,197.36,164362
2017-01-23,198.2,200.8,196.46,197.87,103236
2017-01-24,197.97,204.0,197.69,202.0,179032
2017-01-25,199.8,211.79,196.1,208.0,357092
2017-01-27,207.8,213.53,207.04,209.62,209289
2017-01-30,209.25,210.28,202.64,204.44,39634
2017-01-31,206.2,211.2,204.2,205.77,102939
2017-02-01,206.0,208.4,201.61,205.56,82046
2017-02-02,209.0,215.18,206.6,208.81,261649
2017-02-03,208.81,211.96,207.59,208.79,26944
2017-02-06,209.83,210.6,205.23,208.6,29345
2017-02-07,208.99,211.1,207.21,210.55,38493
2017-02-08,208.26,210.07,202.05,204.44,78826
2017-02-09,205.83,210.0,200.5,203.34,81620
2017-02-10,206.0,207.11,203.0,203.89,112198
2017-02-13,206.97,206.97,201.2,203.32,22927
2017-02-14,206.74,206.74,200.81,201.9,30704
2017-02-15,201.05,203.99,197.07,199.0,182053
2017-02-16,198.4,206.0,198.4,204.1,41011
2017-02-17,204.0,206.8,203.21,204.2,31692
2017-02-20,205.0,206.99,203.2,204.24,60044
2017-02-21,205.0,206.2,203.62,204.54,21119
2017-02-22,203.8,205.2,202.26,203.52,34749
2017-02-23,203.0,204.89,202.4,203.48,30450
2017-02-27,203.4,204.31,192.26,194.07,5136097
2017-02-28,194.88,195.37,192.34,194.74,184757
2017-03-01,195.2,195.2,192.4,194.78,126560
2017-03-02,195.0,195.0,189.4,190.32,127994
2017-03-03,190.32,194.6,189.64,192.69,234418
2017-03-06,193.39,193.4,190.11,190.85,182892
2017-03-07,190.8,190.82,186.1,186.81,216199
2017-03-08,187.99,190.4,186.05,188.92,55060
2017-03-09,188.4,190.21,186.4,187.32,226502
2017-03-10,187.32,189.58,182.4,183.07,248220
2017-03-14,187.2,192.49,184.06,190.75,291770
2017-03-15,191.8,198.78,189.6,197.61,258638
2017-03-16,198.02,202.0,196.98,198.02,916239
2017-03-17,198.8,198.8,189.42,192.58,905775
2017-03-20,193.99,196.26,190.25,194.93,224552
2017-03-21,195.4,197.4,192.01,196.02,285948
2017-03-22,195.29,197.6,191.41,194.15,412430
2017-03-23,194.2,202.46,194.2,199.97,391450
2017-03-24,199.6,202.0,196.63,198.77,83995
2017-03-27,199.0,204.2,196.6,201.36,82524
2017-03-28,203.4,203.4,194.73,196.34,102362
2017-03-29,198.8,199.99,190.1,194.71,679707
2017-03-30,195.8,196.77,189.0,192.12,407176
2017-03-31,193.4,195.0,192.25,193.01,569980
2017-04-03,192.0,195.4,192.0,194.62,241635
2017-04-05,195.6,198.3,193.8,195.78,809764
2017-04-06,198.2,199.82,196.8,197.34,416976
2017-04-07,197.0,203.36,196.0,200.9,185194
2017-04-10,200.98,214.8,200.98,210.62,426245
2017-04-11,208.0,218.0,207.99,215.67,455131
2017-04-12,214.05,216.77,210.2,213.93,228225
2017-04-13,212.44,216.01,210.0,212.87,248383
2017-04-17,212.87,212.87,207.5,209.86,247775
2017-04-18,211.28,211.69,208.49,209.74,239035
2017-04-19,209.65,210.0,199.75,201.89,909418
2017-04-20,206.0,210.0,204.41,206.8,547403
2017-04-21,207.21,212.04,207.21,210.85,139787
2017-04-24,212.86,222.94,210.8,219.24,187936
2017-04-25,219.99,223.94,217.0,221.41,109413
2017-04-26,222.0,229.99,218.62,227.54,186236
2017-04-27,229.96,229.96,218.42,221.08,120617
2017-04-28,224.0,227.76,221.37,222.36,243721
2017-05-02,222.61,227.0,217.11,218.4,239078
2017-05-03,220.0,221.19,217.48,218.65,247775
2017-05-04,218.4,221.0,214.05,217.01,212043
2017-05-05,214.82,221.2,214.82,218.22,191772
2017-05-08,221.0,223.0,217.0,218.04,64473
2017-05-09,218.2,220.8,214.63,215.71,102182
2017-05-10,216.0,219.54,216.0,217.57,178150
2017-05-11,218.96,221.6,218.26,218.88,232310
2017-05-12,221.38,221.38,211.7,213.87,252721
2017-05-15,212.8,214.95,208.58,209.92,288122
2017-05-16,209.46,211.8,200.33,204.97,457237
2017-05-17,205.01,210.52,205.01,208.86,425152
2017-05-18,207.0,210.13,205.36,207.0,306088
2017-05-19,210.8,211.09,205.2,207.99,158481
2017-05-22,208.0,210.31,203.02,208.42,225557
2017-05-23,209.46,209.98,200.44,204.13,451460
2017-05-24,204.32,205.62,200.0,201.75,168125
2017-05-25,202.99,202.99,197.05,198.48,264268
2017-05-26,200.3,203.98,200.3,201.99,299791
2017-05-29,204.0,209.0,203.06,206.4,602512
2017-05-30,208.08,208.08,198.27,199.87,347107
2017-05-31,201.8,206.75,199.37,205.57,253204
2017-06-01,205.4,211.49,203.79,208.26,206726
2017-06-02,208.6,210.3,205.59,207.02,121869
2017-06-05,208.92,211.0,205.69,209.27,141001
2017-06-06,209.81,215.81,204.61,205.88,211426
2017-06-07,207.0,209.97,203.16,208.57,144514
2017-06-08,210.54,211.02,206.65,207.04,122485
2017-06-09,208.0,210.4,206.14,208.44,523357
2017-06-12,210.0,210.0,207.15,208.45,234418
2017-06-13,210.0,220.0,208.19,218.81,351593
2017-06-14,221.8,222.2,217.26,218.81,507268
2017-06-15,219.8,226.0,218.7,222.85,351285
2017-06-16,223.87,225.0,217.78,218.27,162392
2017-06-19,220.0,221.4,216.1,217.75,279671
2017-06-20,216.4,227.6,216.03,226.32,402625
2017-06-21,227.0,227.77,221.54,223.36,164484
2017-06-22,224.0,226.67,216.03,216.79,377354
2017-06-23,216.51,217.8,210.04,212.59,280727
2017-06-27,214.4,217.38,211.96,215.87,329066
2017-06-28,217.6,218.73,213.4,216.68,89371
2017-06-29,218.0,220.21,216.27,219.24,120800
2017-06-30,218.02,225.61,217.2,224.84,233752
2017-07-03,224.0,226.54,220.0,221.52,145168
2017-07-04,221.52,224.8,217.62,218.44,128164
2017-07-05,219.74,224.19,216.6,223.42,237275
2017-07-06,222.25,230.58,222.25,226.77,359166
2017-07-07,226.0,228.37,223.0,227.7,241249
2017-07-10,227.5,230.0,224.2,226.11,34152
2017-07-11,227.0,227.5,221.59,225.51,296075
2017-07-12,225.84,226.08,221.4,222.23,137985
2017-07-13,222.23,234.3,220.6,233.32,510660
2017-07-14,234.98,234.98,227.77,230.82,302440
2017-07-17,232.8,232.99,228.0,229.01,199299
2017-07-18,228.0,230.0,223.0,224.37,157858
2017-07-19,225.93,230.46,224.62,229.76,317269
2017-07-20,230.94,230.94,226.47,228.82,110936
2017-07-21,228.05,230.71,225.2,227.08,129250
2017-07-24,227.9,229.15,224.41,225.9,95262
2017-07-25,227.0,233.1,224.65,231.49,228616
2017-07-26,233.01,233.78,227.04,229.32,100390
2017-07-27,230.41,242.98,230.41,235.68,826650
2017-07-28,234.63,242.04,234.52,235.97,1094870
2017-07-31,237.75,240.6,237.57,239.64,631015
2017-08-01,240.4,241.98,233.82,235.06,318081
2017-08-02,235.05,237.8,232.65,234.86,109870
2017-08-03,235.6,236.92,231.67,232.31,105929
2017-08-04,232.0,237.0,232.0,236.08,171395
2017-08-07,236.8,243.74,235.61,241.24,386967
2017-08-08,241.24,243.91,236.37,240.47,206467
2017-08-09,240.4,241.74,231.2,234.2,215847
2017-08-10,232.0,235.92,230.57,231.8,214029
2017-08-11,225.0,232.1,221.73,228.69,209600
2017-08-14,229.0,235.63,229.0,230.18,59009
2017-08-16,232.22,233.53,229.36,232.05,108506
2017-08-17,234.8,236.58,228.22,231.08,105634
2017-08-18,231.09,233.36,227.21,231.48,68496
2017-08-21,233.0,234.0,229.62,230.11,162833
2017-08-22,233.0,233.43,227.8,228.39,64610
2017-08-23,229.8,230.48,225.4,229.42,76656
2017-08-24,231.2,231.2,228.05,229.18,100036
2017-08-28,231.28,232.75,228.0,231.91,114748
2017-08-29,231.62,232.79,228.95,229.45,92146
2017-08-30,230.99,237.77,230.01,236.45,170505
2017-08-31,237.94,238.8,230.46,232.57,300818
2017-09-01,232.43,233.01,229.24,230.01,324302
2017-09-04,230.01,231.8,224.81,227.03,103413
2017-09-05,229.68,231.58,226.4,228.73,153261
2017-09-06,228.8,235.0,225.96,233.91,259078
2017-09-07,234.78,235.8,230.4,232.67,179902
2017-09-08,233.4,234.19,230.05,232.16,68150
2017-09-11,233.94,235.4,231.79,234.83,131239
2017-09-12,235.78,240.0,233.0,237.76,325069
2017-09-13,237.4,240.09,233.0,234.19,244057
2017-09-14,234.96,237.98,234.05,235.43,89130
2017-09-15,234.74,236.64,230.0,232.75,125581
2017-09-18,232.0,236.0,231.6,233.86,230637
2017-09-19,233.8,237.0,232.0,233.05,93680
2017-09-20,234.0,235.94,231.28,234.39,134142
2017-09-21,234.99,235.2,230.5,233.78,360643
2017-09-22,233.0,233.19,226.0,227.63,78686
2017-09-25,228.94,228.94,215.0,219.35,176785
2017-09-26,219.17,219.17,210.58,214.94,341329
2017-09-27,216.4,222.09,211.27,212.85,221082
2017-09-28,212.38,222.0,210.39,216.84,492528
2017-09-29,217.4,222.6,217.01,218.45,363864
2017-10-03,218.2,225.95,218.01,221.63,192837
2017-10-04,222.0,224.47,219.02,219.9,124202
2017-10-05,220.2,222.52,216.73,218.53,142178
2017-10-06,218.8,226.52,218.8,223.62,269218
2017-10-09,224.0,225.0,220.7,224.05,49619
2017-10-10,226.48,226.48,222.07,224.18,335492
2017-10-11,224.38,229.59,220.03,222.18,102524
2017-10-12,221.22,231.8,221.22,230.48,633238
2017-10-13,228.0,229.96,226.0,227.37,767593
2017-10-16,228.93,228.93,224.93,225.57,50009
2017-10-17,227.8,227.8,224.74,226.69,286114
2017-10-18,227.0,228.5,225.3,225.83,376810
2017-10-19,226.0,226.0,221.6,223.33,14255
2017-10-23,223.4,232.38,223.4,228.32,619600
2017-10-24,229.8,236.78,228.15,235.42,882282
2017-10-25,235.0,235.0,216.06,218.65,462673
2017-10-26,218.8,225.0,215.29,222.75,134010
2017-10-27,223.8,227.26,222.93,224.72,71147
2017-10-30,224.04,230.0,224.04,228.24,61375
2017-10-31,229.8,232.2,228.93,230.24,138164
2017-11-01,238.07,258.88,233.0,244.98,2118375
2017-11-02,245.13,250.56,245.13,248.78,390803
2017-11-03,250.0,253.76,246.65,248.29,196814
2017-11-06,247.94,254.4,245.15,253.11,926370
2017-11-07,254.41,256.66,250.61,253.74,201760
2017-11-08,252.0,260.0,251.7,253.43,178858
2017-11-09,253.2,256.95,252.21,254.72,242611
2017-11-10,254.73,255.36,249.49,253.98,134548
2017-11-13,254.5,254.5,247.8,249.36,203193
2017-11-14,249.99,253.0,247.38,250.1,193664
2017-11-15,249.65,251.93,248.1,249.6,137595
2017-11-16,249.6,261.5,248.21,259.89,306743
2017-11-17,263.06,263.7,252.5,254.81,169452
2017-11-20,253.2,258.95,252.72,257.35,92347
2017-11-21,257.2,261.98,257.02,257.89,123745
2017-11-22,259.86,260.0,254.47,255.89,140734
2017-11-23,256.31,257.8,253.61,254.83,108822
2017-11-24,255.0,255.0,252.9,254.13,111261
2017-11-27,254.14,256.6,253.0,253.78,107735
2017-11-28,254.51,256.63,252.05,256.03,152692
2017-11-29,254.42,258.68,252.0,257.17,414286
2017-11-30,256.84,258.7,254.4,255.75,203778
2017-12-01,257.0,261.61,255.41,256.89,434699
2017-12-04,258.8,260.0,255.61,258.78,112139
2017-12-05,258.8,263.23,248.51,261.11,240597
2017-12-06,259.35,264.98,254.04,256.01,244348
2017-12-07,256.37,260.94,255.21,257.32,111691
2017-12-08,258.0,260.4,258.0,259.91,159505
2017-12-11,260.31,260.31,257.0,258.6,119608
2017-12-12,257.8,258.9,253.2,255.18,151330
2017-12-13,256.25,259.99,251.9,258.42,174783
2017-12-14,258.44,260.39,255.53,259.85,337240
2017-12-15,260.31,261.0,257.22,257.94,183805
2017-12-18,257.6,260.01,250.66,255.09,454009
2017-12-19,257.8,259.35,256.55,257.48,78620
2017-12-20,257.48,260.8,256.01,259.97,242863
2017-12-21,260.31,261.8,258.2,259.31,664666
2017-12-22,259.9,260.1,256.52,258.92,120104
2017-12-26,258.92,261.0,256.6,258.63,124341
2017-12-27,258.74,259.1,255.43,257.29,71797
2017-12-28,257.5,260.0,254.2,257.49,341594
2017-12-29,256.4,260.0,256.4,259.91,127786
2018-01-01,261.0,267.57,258.28,263.57,165858
2018-01-02,263.16,263.16,255.77,259.28,348515
2018-01-03,260.99,263.0,260.0,261.87,255824
2018-01-04,262.8,263.0,258.71,261.9,70464
2018-01-05,261.55,264.55,259.83,261.62,210100
2018-01-08,263.12,270.76,261.26,264.38,381883
2018-01-09,268.74,269.97,263.29,266.58,239430
2018-01-10,267.25,267.8,259.2,260.18,167902
2018-01-11,261.8,264.38,259.06,261.76,152413
2018-01-12,262.0,263.99,255.33,262.16,221234
2018-01-15,262.9,266.72,262.26,263.23,109994
2018-01-16,263.0,272.16,261.6,266.56,673730
2018-01-17,266.3,269.87,262.34,268.98,145687
2018-01-18,269.4,270.61,255.87,262.92,179604
2018-01-19,264.0,266.19,260.04,264.54,55034
2018-01-22,265.57,265.57,258.91,261.82,182669
2018-01-23,261.72,263.39,260.48,262.18,112831
2018-01-24,263.6,263.6,259.02,261.19,135572
2018-01-25,261.62,264.97,259.48,261.5,194191
2018-01-29,264.4,265.8,260.08,261.94,94892
2018-01-30,263.4,264.97,254.16,257.54,214409
2018-01-31,261.8,264.98,255.21,257.21,403468
2018-02-01,258.6,267.93,257.22,266.96,232788
2018-02-02,266.98,266.98,246.1,254.91,649932
2018-02-05,250.0,258.08,242.25,254.72,246584
2018-02-06,250.0,261.74,241.0,256.99,227637
2018-02-07,258.98,265.5,254.01,259.19,379979
2018-02-08,262.4,266.4,258.57,261.06,158996
2018-02-09,259.6,267.0,256.41,264.51,179399
2018-02-12,267.0,276.39,264.75,273.01,528263
2018-02-14,275.6,280.99,274.39,277.99,686713
2018-02-15,280.4,282.4,275.81,277.02,206225
2018-02-16,275.4,281.07,268.51,270.42,100836
2018-02-19,270.4,271.79,259.2,270.2,290290
2018-02-20,273.38,273.38,264.06,266.56,136291
2018-02-21,264.8,277.4,264.8,276.32,289354
2018-02-22,275.02,279.6,272.8,275.8,319177
2018-02-23,275.55,285.68,274.1,283.12,397357
2018-02-26,283.5,289.91,279.22,288.22,333936
2018-02-27,288.3,294.4,287.64,292.91,358063
2018-02-28,292.4,295.0,289.32,293.99,615724
2018-03-01,292.22,297.19,287.62,290.3,1376349
2018-03-05,290.3,297.52,284.77,290.74,540458
2018-03-06,292.6,294.31,284.44,286.83,168301
2018-03-07,286.2,290.8,281.74,282.65,174154
2018-03-08,285.76,287.83,278.49,285.08,238512
2018-03-09,286.8,286.8,279.11,280.49,214542
2018-03-12,281.02,290.8,278.55,289.1,170541
2018-03-13,290.8,292.98,286.78,289.23,138429
2018-03-14,290.0,294.0,284.86,293.08,127564
2018-03-15,292.0,298.39,292.0,295.84,164727
2018-03-16,294.4,297.59,291.2,292.76,130906
2018-03-19,290.71,294.33,285.63,287.29,124452
2018-03-20,287.29,291.6,284.4,288.97,109929
2018-03-21,289.05,293.4,288.6,289.48,140902
2018-03-22,290.9,290.9,283.23,284.84,55150
2018-03-23,282.0,282.13,273.62,277.8,125166
2018-03-26,277.8,292.0,273.12,287.48,110474
2018-03-27,290.8,302.31,287.88,293.73,479079
2018-03-28,292.8,294.0,286.11,290.09,372406
2018-04-02,293.2,296.31,291.17,294.7,277567
2018-04-03,295.38,306.4,294.51,303.27,311259
2018-04-04,306.0,307.8,295.88,298.02,319222
2018-04-05,302.8,307.0,300.22,304.95,213125
2018-04-06,303.0,308.8,301.11,304.81,141552
2018-04-09,303.01,309.4,303.01,307.68,209189
2018-04-10,307.23,315.15,306.87,312.83,257966
2018-04-11,313.96,314.4,306.0,311.31,371580
2018-04-12,310.0,313.19,305.0,308.67,158902
2018-04-13,305.72,315.0,305.72,313.78,171966
2018-04-16,310.11,315.78,309.82,314.95,100945
2018-04-17,315.6,319.0,313.44,317.46,122643
2018-04-18,319.6,320.8,315.0,315.79,232558
2018-04-19,314.0,320.13,314.0,316.04,94200
2018-04-20,314.57,315.97,311.66,312.47,68746
2018-04-23,312.4,342.13,310.15,333.35,1368519
2018-04-24,341.4,345.7,326.54,329.93,926545
2018-04-25,327.2,339.58,326.44,337.14,398184
2018-04-26,336.42,340.6,330.22,337.8,346110
2018-04-27,338.17,350.28,336.4,347.22,453196
2018-04-30,346.0,352.01,344.2,348.29,236935
2018-05-02,347.75,351.68,338.44,342.09,173998
2018-05-03,342.41,345.4,331.37,333.27,295191
2018-05-04,334.2,337.77,326.41,328.53,265556
2018-05-07,328.53,336.6,325.6,333.66,289503
2018-05-08,334.3,336.99,328.01,332.41,202893
2018-05-09,332.61,332.61,317.31,320.41,582520
2018-05-10,323.34,324.37,314.72,315.6,324625
2018-05-11,316.22,319.31,313.2,317.79,177597
2018-05-14,318.4,323.99,311.95,314.82,152876
2018-05-15,314.4,322.0,310.55,315.45,278820
2018-05-16,313.8,316.36,305.0,307.26,336070
2018-05-17,308.43,325.5,303.6,321.5,348028
2018-05-18,321.98,321.98,310.3,311.66,168063
2018-05-21,312.0,312.97,301.0,307.55,341023
2018-05-22,307.42,314.62,304.12,307.11,200752
2018-05-23,308.0,309.11,295.2,298.14,418946
2018-05-24,299.6,301.58,293.01,298.82,157511
2018-05-25,300.6,303.88,297.8,301.48,398442
2018-05-28,304.04,315.19,302.1,309.33,269062
2018-05-29,313.0,313.29,305.21,308.62,223334
2018-05-30,307.6,313.18,303.4,308.61,145399
2018-05-31,311.0,311.0,304.0,305.74,206706
2018-06-01,308.2,317.4,304.2,316.32,190885
2018-06-04,319.0,323.8,313.03,315.45,410614
2018-06-05,318.0,318.88,302.0,308.08,260007
2018-06-06,310.8,314.58,305.32,311.9,103465
2018-06-07,314.45,320.84,313.22,315.72,139937
2018-06-08,314.0,315.59,310.49,313.22,75629
2018-06-11,314.05,318.59,310.55,314.84,184146
2018-06-12,315.0,324.58,314.31,323.6,398625
2018-06-13,324.96,329.99,316.62,320.22,553633
2018-06-14,320.3,324.0,316.2,320.38,149450
2018-06-15,321.3,327.14,317.61,322.22,380867
2018-06-18,325.58,325.98,321.0,322.36,135949
2018-06-19,323.2,326.32,316.5,324.26,227220
2018-06-20,324.0,329.59,321.23,327.09,304275
2018-06-21,329.78,329.98,320.6,321.77,264698
2018-06-22,323.99,324.2,318.64,320.62,266135
2018-06-25,321.98,327.25,320.25,323.2,227253
2018-06-26,323.6,325.76,318.66,319.38,194114
2018-06-27,320.97,322.0,313.59,315.43,287392
2018-06-28,316.59,316.59,291.26,293.63,650953
2018-06-29,295.4,308.58,294.78,302.52,414817
2018-07-02,303.0,303.52,293.81,302.09,154685
2018-07-03,299.27,305.29,297.26,302.49,166425
2018-07-04,304.0,304.0,296.74,300.39,188292
2018-07-05,302.01,303.0,298.0,298.4,182965
2018-07-06,296.86,301.01,293.24,297.11,230850
2018-07-09,298.92,301.62,295.99,300.06,142717
2018-07-10,302.0,321.58,300.47,318.29,504637
2018-07-11,317.2,317.2,309.43,314.67,175086
2018-07-12,316.98,323.8,308.51,313.42,506959
2018-07-13,314.0,317.39,310.51,315.45,253643
2018-07-16,314.0,315.39,303.28,307.59,489280
2018-07-17,307.0,317.25,305.61,315.77,385983
2018-07-18,317.98,319.19,300.16,306.09,650910
2018-07-19,305.2,306.96,294.0,297.88,313718
2018-07-20,299.0,306.86,294.5,304.08,219587
2018-07-23,304.08,311.9,300.29,307.78,511003
2018-07-24,308.2,313.43,300.57,301.9,255365
2018-07-25,304.16,305.98,298.0,299.46,330166
2018-07-26,299.36,315.35,297.5,308.88,798488
2018-07-27,313.62,317.4,289.33,292.67,1206308
2018-07-30,293.6,294.6,286.3,287.91,343931
2018-07-31,287.0,291.57,282.63,286.13,313779
2018-08-01,286.2,293.72,286.2,292.35,488817
2018-08-02,291.43,295.0,282.4,283.95,356596
2018-08-03,286.07,290.0,283.52,285.96,381643
2018-08-06,288.0,289.4,284.4,286.22,223781
2018-08-07,286.99,289.96,286.02,287.6,397140
2018-08-08,288.2,292.89,286.41,290.42,222145
2018-08-09,292.78,293.9,288.01,288.71,140389
2018-08-10,288.54,290.9,286.4,288.93,118501
2018-08-13,288.6,291.6,285.56,288.54,139673
2018-08-14,289.54,296.16,288.01,294.38,223556
2018-08-16,294.0,301.24,289.6,292.99,416406
2018-08-17,295.0,299.4,292.07,297.48,310740
2018-08-20,299.38,302.0,292.72,293.73,273947
2018-08-21,295.18,297.5,294.05,295.61,170497
2018-08-23,297.38,297.38,291.5,292.66,323094
2018-08-24,294.38,296.58,290.0,291.68,175797
2018-08-27,296.0,296.0,289.85,290.8,297573
2018-08-28,291.2,293.0,289.6,290.95,128211
2018-08-29,290.2,294.4,289.02,289.55,187403
2018-08-30,289.65,294.2,287.28,292.55,251494
2018-08-31,290.78,296.0,290.61,295.23,133931
2018-09-03,299.4,306.41,293.44,301.94,343382
2018-09-04,301.3,302.14,291.01,294.49,286724
2018-09-05,293.6,297.39,285.6,288.5,248766
2018-09-06,289.79,292.62,275.08,280.33,368543
2018-09-07,277.13,291.6,276.4,287.98,498942
2018-09-10,280.0,286.78,276.4,277.9,346758
2018-09-11,278.06,279.69,260.1,262.19,457833
2018-09-12,264.6,265.33,252.03,261.89,474205
2018-09-14,264.8,272.28,262.02,264.91,335733
2018-09-17,261.23,265.19,253.21,263.41,253380
2018-09-18,265.81,267.79,262.0,263.94,190668
2018-09-19,266.8,269.4,260.22,263.87,145080
2018-09-21,265.0,267.0,237.65,255.12,592899
2018-09-24,256.2,257.44,230.53,236.16,1029901
2018-09-25,237.0,247.3,228.81,246.08,1212878
2018-09-26,247.4,248.0,240.71,243.11,400010
2018-09-27,243.23,248.45,233.77,235.83,848211
2018-09-28,236.0,238.36,218.71,233.35,579036
2018-10-01,234.7,247.83,224.2,247.07,469653
2018-10-03,247.6,252.7,237.0,239.61,642997
2018-10-04,233.66,240.6,228.0,238.58,298731
2018-10-05,234.4,236.4,217.03,222.23,347040
2018-10-08,218.8,224.99,207.6,211.07,547169
2018-10-09,211.07,219.4,207.93,212.91,780760
2018-10-10,214.75,238.24,214.65,233.01,500091
2018-10-11,219.58,227.04,211.4,221.94,620334
2018-10-12,224.0,241.0,222.99,237.84,554714
2018-10-15,238.8,243.76,233.86,238.76,253753
2018-10-16,238.4,243.79,234.2,241.77,254489
2018-10-17,246.38,246.38,223.54,226.18,404796
2018-10-19,226.2,233.8,217.78,222.74,361133
2018-10-22,223.4,234.4,223.4,229.47,328081
2018-10-23,225.2,235.34,215.42,222.35,326056
2018-10-24,228.4,238.37,223.88,236.49,648071
2018-10-25,229.22,239.42,229.22,236.0,288159
2018-10-26,237.16,247.3,229.77,241.15,319040
2018-10-29,239.7,254.97,238.8,253.7,313567
2018-10-30,253.0,258.0,246.35,248.75,345154
2018-10-31,250.59,255.77,243.6,254.1,356127
2018-11-01,252.56,270.92,252.56,267.81,671463
2018-11-02,269.74,277.98,257.61,264.64,527320
2018-11-05,263.04,269.4,255.65,262.83,168300
2018-11-06,264.6,268.0,257.17,258.07,117149
2018-11-07,261.4,261.4,257.45,258.7,14507
2018-11-09,257.01,267.6,257.01,262.0,186421
2018-11-12,264.0,267.71,260.69,264.75,185399
2018-11-13,265.39,266.4,258.28,265.82,391011
2018-11-14,265.6,268.31,253.47,256.2,383755
2018-11-15,258.25,261.39,254.4,258.95,417546
2018-11-16,260.4,260.51,246.04,251.1,314157
2018-11-19,249.4,251.62,245.41,249.67,291338
2018-11-20,243.6,261.62,243.6,252.04,418865
2018-11-21,252.22,258.58,252.22,256.73,212907
2018-11-22,257.41,263.62,256.02,261.83,384605
2018-11-26,260.43,263.8,256.05,257.77,194284
2018-11-27,257.0,264.8,254.0,261.96,224784
2018-11-28,263.59,265.93,257.61,258.85,396602
2018-11-29,260.4,268.8,259.4,266.84,510320
2018-11-30,268.46,268.5,261.08,262.8,186743
2018-12-03,264.6,265.55,260.6,262.86,243243
2018-12-04,262.0,267.57,258.22,259.8,180864
2018-12-05,259.0,259.35,250.0,255.61,321986
2018-12-06,255.4,256.29,241.83,245.61,362075
2018-12-07,244.02,251.0,238.03,245.06,419837
2018-12-10,242.0,242.57,237.41,239.52,141581
2018-12-11,233.2,242.33,232.41,237.92,436374
2018-12-12,238.05,248.88,238.05,247.92,489363
2018-12-13,248.75,257.28,245.42,247.62,505286
2018-12-14,246.0,249.61,244.2,245.9,238684
2018-12-17,246.0,247.89,243.17,246.43,252668
2018-12-18,244.8,245.71,241.89,243.97,311331
2018-12-19,246.8,260.51,245.59,256.32,1231505
2018-12-20,255.56,259.0,251.38,251.88,525581
2018-12-21,252.56,254.94,243.72,244.61,279110
2018-12-24,244.61,250.52,240.2,245.08,238226
2018-12-26,244.0,245.81,231.78,244.56,709282
2018-12-27,248.8,252.76,242.93,245.75,453787
2018-12-28,246.76,250.73,246.6,249.38,164195
2018-12-31,251.88,255.4,248.65,251.94,244064
2019-01-01,252.4,253.59,249.05,251.03,97211
2019-01-02,250.5,253.37,245.61,247.39,284508
2019-01-03,246.32,249.4,239.2,240.09,225916
2019-01-04,240.0,245.29,238.4,241.52,257270
2019-01-07,243.17,245.45,238.22,239.53,240466
2019-01-08,240.0,243.01,238.92,239.93,184769
2019-01-09,242.8,244.18,237.0,239.79,445882
2019-01-10,241.0,242.0,237.36,238.88,232177
2019-01-11,238.41,239.65,235.0,236.43,165040
2019-01-14,236.4,238.95,230.4,237.87,258963
2019-01-15,238.0,240.26,235.64,238.18,165022
2019-01-16,238.8,242.18,236.81,238.4,161753
2019-01-17,239.98,241.6,236.2,239.24,206870
2019-01-18,240.78,241.15,234.55,235.23,111078
2019-01-21,236.17,236.86,233.2,234.1,145084
2019-01-22,234.3,234.67,225.03,227.84,449916
2019-01-23,228.4,232.96,227.58,228.99,285217
2019-01-24,229.33,233.4,227.98,231.89,252964
2019-01-25,232.8,233.99,228.42,229.57,202546
2019-01-28,230.47,231.22,222.88,225.67,131624
2019-01-29,225.6,226.92,218.88,221.82,282121
2019-01-30,224.8,228.88,218.2,226.27,307024
2019-01-31,230.96,236.23,225.99,234.46,747226
2019-02-01,235.0,249.6,235.0,243.27,663420
2019-02-04,243.27,248.58,238.0,244.36,274098
2019-02-05,245.88,248.88,242.72,247.47,346095
2019-02-06,247.4,252.2,244.44,249.52,212968
2019-02-07,249.6,254.39,248.5,250.31,339258
2019-02-08,248.04,252.8,243.6,245.64,318260
2019-02-11,245.8,246.35,239.39,241.6,198500
2019-02-12,241.2,245.39,236.6,239.04,354482
2019-02-13,241.4,242.1,238.4,240.54,264363
2019-02-14,240.02,242.0,237.77,239.82,150352
2019-02-15,238.81,241.58,233.66,237.49,253951
2019-02-18,238.0,238.92,226.64,230.69,321432
2019-02-19,229.3,234.96,229.3,232.01,234328
2019-02-20,232.0,238.9,232.0,236.65,284108
2019-02-21,237.34,240.0,233.26,233.99,311541
2019-02-22,234.96,241.0,234.13,237.66,357526
2019-02-25,239.0,241.88,237.07,239.32,262878
2019-02-26,234.58,242.4,232.57,240.05,225496
2019-02-27,241.38,247.67,241.0,243.39,420700
2019-02-28,244.82,247.3,240.88,246.22,187999
2019-03-01,246.22,255.0,245.11,253.83,512706
2019-03-05,254.4,259.37,253.8,257.23,427964
2019-03-06,259.0,265.97,259.0,261.54,289521
2019-03-07,262.0,264.4,258.28,259.44,168114
2019-03-08,260.69,262.57,257.41,257.84,161160
2019-03-11,258.43,274.0,258.43,271.84,373560
2019-03-12,274.01,278.52,268.6,273.96,606785
2019-03-13,273.96,275.0,268.0,270.87,336661
2019-03-14,272.2,278.8,270.59,272.35,513672
2019-03-15,273.8,280.6,272.66,278.02,529910
2019-03-18,279.75,281.91,276.66,278.01,228253
2019-03-19,279.6,280.4,274.22,274.88,128207
2019-03-20,276.92,276.92,271.91,274.56,182095
2019-03-22,274.55,274.55,268.6,269.55,204822
2019-03-25,267.8,268.98,263.11,265.88,253236
2019-03-26,265.51,279.13,265.51,276.44,439948
2019-03-27,278.16,292.48,276.71,285.67,922437
2019-03-28,286.77,290.96,283.6,290.03,453337
2019-03-29,288.41,295.0,288.41,290.48,338786
2019-04-01,291.2,305.67,288.81,301.99,646104
2019-04-02,301.51,301.51,295.2,297.53,360602
2019-04-03,298.0,301.25,290.31,292.68,259875
2019-04-04,292.6,297.42,287.35,290.65,377779
2019-04-05,291.2,299.09,291.2,296.87,248633
2019-04-08,298.72,299.8,292.0,294.28,184556
2019-04-09,294.4,297.8,290.2,296.49,209555
2019-04-10,295.98,301.0,293.46,294.5,251229
2019-04-11,294.6,301.72,292.57,298.78,257961
2019-04-12,298.02,299.6,294.41,296.27,279530
2019-04-15,296.2,299.64,295.04,296.29,128441
2019-04-16,295.24,298.8,295.24,297.84,150967
2019-04-18,298.04,298.77,292.4,296.08,151838
2019-04-22,296.2,296.2,283.24,285.35,294614
2019-04-23,283.43,293.63,281.0,283.66,498896
2019-04-24,284.0,287.46,275.0,284.84,515070
2019-04-25,285.97,289.1,283.1,284.39,182133
2019-04-26,283.21,286.49,278.12,281.54,168401
2019-04-30,285.29,286.33,275.2,277.76,581250
2019-05-02,277.4,277.97,266.5,267.74,372640
2019-05-03,268.88,270.55,262.0,263.45,448826
2019-05-06,260.69,262.8,254.66,258.73,454076
2019-05-07,259.79,266.4,259.2,260.91,337552
2019-05-08,257.6,261.19,255.37,256.42,170601
2019-05-09,255.4,265.16,252.73,264.19,352601
2019-05-10,263.77,265.92,257.53,258.79,283138
2019-05-13,259.19,260.88,248.1,249.56,266539
2019-05-14,250.37,260.54,249.04,255.29,415461
2019-05-15,255.0,260.8,253.17,257.43,215218
2019-05-16,256.24,262.16,253.31,259.99,225960
2019-05-17,259.05,271.5,258.8,270.17,456847
2019-05-20,285.0,295.74,274.03,285.52,381739
2019-05-21,286.96,290.44,276.29,283.9,353293
2019-05-22,282.48,285.43,270.65,283.6,550257
2019-05-23,288.0,295.0,282.45,283.75,411795
2019-05-24,285.0,305.0,282.65,296.96,516426
2019-05-27,299.01,303.9,298.01,302.61,288436
2019-05-28,304.0,308.9,296.99,299.19,371855
2019-05-29,299.3,299.3,292.65,293.84,256287
2019-05-30,295.6,305.14,295.0,301.48,392740
2019-05-31,302.65,311.0,301.22,306.54,569481
2019-06-03,307.99,308.89,304.18,306.48,177518
2019-06-04,304.02,309.72,303.6,304.64,206271
2019-06-06,302.2,304.0,291.64,293.43,345560
2019-06-07,293.38,299.39,290.69,295.42,341940
2019-06-10,296.8,299.0,290.2,293.3,227972
2019-06-11,293.18,305.4,291.6,302.7,273246
2019-06-12,303.39,303.39,294.0,296.4,279403
2019-06-13,296.2,296.93,287.66,294.24,370098
2019-06-14,296.8,301.25,289.5,291.35,1035738
2019-06-17,293.2,295.0,284.35,290.25,605090
2019-06-18,291.6,295.9,286.95,289.9,978798
2019-06-19,290.7,293.25,278.0,283.6,521835
2019-06-20,282.9,286.8,272.3,283.1,771593
2019-06-21,283.0,284.0,274.8,275.6,642097
2019-06-24,275.1,279.5,271.55,274.7,442832
2019-06-25,273.0,280.65,272.05,277.95,502790
2019-06-26,277.4,284.65,275.75,282.65,655051
2019-06-27,284.4,294.0,279.1,285.65,1503740
2019-06-28,285.0,290.0,279.8,285.65,765883
2019-07-01,286.8,288.8,281.05,283.05,739346
2019-07-02,282.55,288.7,282.55,285.7,939731
2019-07-03,285.45,294.9,285.0,291.5,476383
2019-07-04,292.0,294.45,288.35,291.7,834850
2019-07-05,292.0,293.0,284.25,288.6,637545
2019-07-08,288.1,288.1,274.7,276.35,676296
2019-07-09,272.5,284.5,272.5,283.1,897385
2019-07-10,283.25,286.8,277.35,279.85,292655
2019-07-11,279.3,283.75,277.05,280.9,423741
2019-07-12,280.0,283.6,278.9,281.75,797341
2019-07-15,281.35,283.85,274.25,275.75,676286
2019-07-16,276.0,278.6,273.8,277.05,844086
2019-07-17,276.9,286.0,273.75,276.25,1051931
2019-07-18,276.6,277.35,264.95,270.8,953968
2019-07-19,270.0,274.75,259.3,265.0,1219212
2019-07-22,262.0,263.8,253.5,254.95,1264972
2019-07-23,254.9,255.55,244.25,249.55,1663576
2019-07-24,249.55,251.1,226.5,238.55,2955613
2019-07-25,240.15,253.6,239.85,249.05,1550083
2019-07-26,249.05,250.45,242.05,245.45,1256711
2019-07-29,245.55,252.5,243.3,248.2,1626662
2019-07-30,249.0,250.9,238.1,243.4,4000824
2019-07-31,242.85,260.8,236.25,259.65,2996284
2019-08-01,258.3,266.5,256.0,259.6,2473592
2019-08-02,259.5,270.0,254.25,266.6,1248528
2019-08-05,263.75,266.55,258.0,261.05,987327
2019-08-06,260.0,274.3,258.4,268.25,2213851
2019-08-07,266.15,275.35,266.15,273.2,2424461
2019-08-08,274.7,274.9,265.55,271.3,751217
2019-08-09,272.5,278.6,270.15,272.3,1760094
2019-08-13,274.6,274.6,260.2,261.75,738242
2019-08-14,263.25,268.5,260.1,265.45,1603251
2019-08-16,266.4,267.5,261.5,265.35,704170
2019-08-19,266.15,268.95,262.5,264.15,717986
2019-08-20,265.7,265.7,255.0,259.1,1261045
2019-08-21,257.45,258.6,254.6,255.65,695811
2019-08-22,255.65,258.95,247.05,249.15,1254602
2019-08-23,247.2,265.75,242.55,260.65,2205008
2019-08-26,265.55,278.7,262.0,273.0,2550579
2019-08-27,272.9,274.7,268.1,270.2,1618641
2019-08-28,272.2,274.6,264.05,266.45,1135961
2019-08-29,267.6,273.0,261.6,267.45,775504
2019-08-30,269.1,271.65,263.05,268.7,747889
2019-09-03,268.5,271.65,264.25,267.55,780470
2019-09-04,267.95,270.75,263.25,269.75,673278
2019-09-05,268.5,271.95,265.35,268.4,831264
2019-09-06,269.0,272.1,267.85,269.2,2750665
2019-09-09,272.7,275.85,255.0,272.8,807999
2019-09-11,270.65,277.75,270.65,275.95,791262
2019-09-12,275.95,281.4,274.35,276.45,1017459
2019-09-13,277.8,277.95,272.1,274.9,891462
2019-09-16,273.0,275.0,270.25,271.95,493303
2019-09-17,273.0,275.5,263.35,265.25,506565
2019-09-18,266.6,269.1,263.8,267.45,1180090
2019-09-19,268.0,270.15,259.25,263.4,821222
2019-09-20,264.1,306.6,259.05,290.35,5237898
2019-09-23,295.0,309.75,289.85,302.35,2536543
2019-09-24,305.0,313.65,295.6,303.15,1983072
2019-09-25,304.45,305.5,294.05,296.05,1889525
2019-09-26,297.0,312.0,297.0,310.1,3032681
2019-09-27,312.05,322.45,308.1,310.6,3324105
2019-09-30,311.9,313.2,306.0,307.8,959124
2019-10-01,309.7,311.85,287.1,293.55,1608613
2019-10-03,293.55,300.85,285.0,290.1,1823132
2019-10-04,290.75,293.65,287.25,289.65,1022709
2019-10-07,287.2,293.4,278.95,290.5,1353432
2019-10-09,291.0,298.0,285.05,296.2,1668659
2019-10-10,292.2,295.2,282.65,283.3,823820
2019-10-11,285.05,288.9,280.35,283.95,851664
2019-10-14,284.0,290.0,283.25,285.1,651063
2019-10-15,286.9,286.9,276.3,279.85,1723921
2019-10-16,281.2,283.0,269.5,270.6,1695268
2019-10-17,271.0,290.0,269.65,287.5,1757918
2019-10-18,287.05,304.35,284.5,302.5,2162692
2019-10-22,298.05,310.0,291.5,294.55,1322935
2019-10-23,296.1,298.2,285.1,288.7,935725
2019-10-24,288.7,297.9,285.85,293.0,1606979
2019-10-25,293.75,293.75,282.75,285.9,2051702
2019-10-27,288.0,288.75,286.0,287.25,49774
2019-10-29,286.0,298.85,284.1,296.95,974448
2019-10-30,297.05,309.0,296.0,307.1,1612084
2019-10-31,308.8,310.65,303.65,305.0,930758
2019-11-01,306.35,315.55,303.45,313.2,2747442
2019-11-04,315.0,325.0,312.65,316.0,4281408
2019-11-05,316.7,319.85,313.55,316.6,1976356
2019-11-06,316.5,316.5,294.2,302.4,5052093
2019-11-07,305.0,309.55,297.1,297.95,1070025
2019-11-08,299.8,301.0,294.7,296.65,903834
2019-11-11,297.6,298.0,292.85,296.75,763258
2019-11-13,296.75,301.9,296.0,297.3,1008638
2019-11-14,298.75,310.7,293.5,308.95,1837984
2019-11-15,310.85,330.9,309.1,329.15,5294094
2019-11-18,331.0,333.55,325.6,329.85,2794209
2019-11-19,328.5,333.5,321.5,325.4,1530490
2019-11-20,325.85,326.85,316.5,319.9,1568940
2019-11-21,319.0,321.0,315.7,317.05,715748
2019-11-22,317.5,318.0,310.05,314.35,1198270
2019-11-25,312.05,319.3,311.4,317.4,1072616
2019-11-26,318.75,321.5,309.0,310.9,1447555
2019-11-27,311.0,320.1,307.5,315.3,2614091
2019-11-28,314.2,319.0,312.55,317.05,1517615
2019-11-29,318.9,318.9,310.8,312.15,940105
2019-12-02,313.7,313.7,302.9,307.55,1428809
2019-12-03,308.9,308.9,299.0,302.0,2184410
2019-12-04,302.9,304.8,297.1,301.65,999110
2019-12-05,303.45,304.75,297.05,301.25,1556754
2019-12-06,301.6,303.2,296.2,300.45,1225732
2019-12-09,301.7,311.5,296.75,306.2,1860736
2019-12-10,305.0,307.7,302.25,303.85,915175
2019-12-11,304.95,305.9,300.65,302.8,845509
2019-12-12,304.6,315.2,301.35,313.05,1837221
2019-12-13,314.0,318.7,311.35,316.5,2118338
2019-12-16,316.75,318.75,308.25,309.1,1293481
2019-12-17,311.0,312.5,305.65,310.75,1205861
2019-12-18,311.0,313.95,308.1,308.85,821108
2019-12-19,309.15,309.95,302.15,304.75,1734398
2019-12-20,306.0,308.0,303.15,306.8,1189112
2019-12-23,305.85,310.9,302.75,303.8,729236
2019-12-24,304.6,306.45,301.0,301.85,881377
2019-12-26,301.95,303.4,299.55,301.1,673994
2019-12-27,301.65,305.9,301.0,304.4,556194
2019-12-30,305.65,309.1,304.35,305.65,1219062
2019-12-31,305.65,308.6,304.3,305.5,788978
2020-01-01,306.65,308.0,302.1,302.85,357891
2020-01-02,304.25,309.9,301.5,309.2,1409338
2020-01-03,310.5,310.5,299.35,303.05,1026261
2020-01-06,291.5,300.7,287.05,291.5,2555741
2020-01-07,295.4,297.55,291.25,294.75,1064029
2020-01-08,292.0,296.45,290.1,294.6,1533409
2020-01-09,297.95,309.7,296.75,306.4,1597360
2020-01-10,306.0,316.0,306.0,314.1,1852886
2020-01-13,316.05,320.7,312.8,319.95,1354842
2020-01-14,320.0,325.5,316.85,320.5,1171343
2020-01-15,319.9,333.45,317.0,331.65,1587871
2020-01-16,330.5,334.9,326.0,327.1,2175032
2020-01-17,325.0,329.85,323.2,325.25,931898
2020-01-20,327.25,327.25,318.25,319.2,683308
2020-01-21,315.6,318.85,308.95,314.95,2824500
2020-01-22,315.75,319.45,312.0,317.5,2017725
2020-01-23,318.75,325.0,313.65,323.5,4802353
2020-01-24,329.0,329.0,320.4,323.8,3994678
2020-01-27,323.05,336.8,323.05,329.45,4961789
2020-01-28,331.9,336.0,324.0,325.8,4294074
2020-01-29,327.0,333.75,324.0,327.65,6085725
2020-01-30,329.4,330.5,325.0,326.85,1485564
2020-01-31,327.65,334.3,324.25,327.55,1687153
2020-02-01,325.0,328.9,315.0,318.55,1412660
2020-02-03,318.0,330.5,315.3,324.95,1061299
2020-02-04,326.0,334.5,325.7,332.25,1491701
2020-02-05,333.1,347.6,333.1,342.65,7914829
2020-02-06,345.3,349.0,328.95,340.2,4835953
2020-02-07,339.95,342.45,332.75,339.95,1819012
2020-02-10,339.95,339.95,332.05,335.6,835496
2020-02-11,336.5,341.75,332.25,333.3,977759
2020-02-12,333.5,339.8,333.5,338.85,1568078
2020-02-13,340.0,340.95,333.7,337.0,571382
2020-02-14,338.5,338.95,330.6,332.75,624421
2020-02-17,334.35,334.35,327.0,331.45,803122
2020-02-18,331.45,331.45,322.0,327.9,833069
2020-02-19,328.9,331.5,327.35,329.3,756692
2020-02-20,328.9,334.75,327.05,332.0,1549090
2020-02-24,332.0,332.0,321.9,323.25,1356324
2020-02-25,324.05,327.6,321.15,325.35,860974
2020-02-26,325.0,325.2,312.9,318.1,1060934
2020-02-27,319.95,319.95,311.0,314.55,1543557
2020-02-28,308.6,315.65,300.55,306.5,2260806
2020-03-02,309.0,317.0,299.55,302.0,1251381
2020-03-03,304.7,309.95,298.9,306.2,1957857
2020-03-04,308.0,308.0,289.55,295.6,2700726
2020-03-05,296.0,297.95,283.0,289.55,5632169
2020-03-06,275.0,283.0,267.0,280.55,2409257
2020-03-09,275.75,278.7,262.0,274.0,3423344
2020-03-11,275.65,279.55,256.1,262.1,2520194
2020-03-12,250.0,255.0,233.0,243.15,3641431
2020-03-13,230.0,263.9,210.35,245.35,10826629
2020-03-16,235.0,246.95,220.85,228.3,2408003
2020-03-17,234.7,242.0,214.05,217.4,3760442
2020-03-18,219.35,224.45,188.45,200.5,4387979
2020-03-19,185.0,198.25,170.95,183.75,4443978
2020-03-20,180.45,200.95,175.2,193.25,3550622
2020-03-23,175.0,184.0,126.6,136.05,3306915
2020-03-24,140.25,161.6,123.6,143.2,4060463
2020-03-25,143.2,162.0,141.1,157.85,4354542
2020-03-26,161.0,181.5,150.7,167.8,6448246
2020-03-27,175.8,184.0,166.75,169.15,4490909
2020-03-30,167.0,167.0,148.3,160.5,4677802
2020-03-31,166.9,167.05,151.0,152.85,3034121
2020-04-01,150.85,151.0,137.85,142.85,3774330
2020-04-03,147.0,147.0,122.5,124.65,4407286
2020-04-07,136.9,137.0,117.4,130.5,10843810
2020-04-08,130.5,154.8,125.6,150.75,7778145
2020-04-09,152.65,177.8,151.85,171.75,8111940
2020-04-13,170.0,170.55,146.0,150.15,7959997
2020-04-15,153.0,162.65,145.0,153.65,5959935
2020-04-16,152.85,162.9,149.0,159.4,8238477
2020-04-17,168.85,180.8,165.0,176.6,11964947
2020-04-20,180.0,183.7,151.0,155.75,10790371
2020-04-21,152.0,152.0,135.65,143.65,9325938
2020-04-22,142.15,154.45,137.0,150.35,8070184
2020-04-23,151.0,159.3,148.1,151.8,7826250
2020-04-24,145.0,145.8,132.05,132.9,16734283
2020-04-27,136.45,140.6,133.0,134.3,10768278
2020-04-28,136.8,147.7,135.5,147.2,13193551
2020-04-29,148.2,154.0,145.2,150.65,12004183
2020-04-30,154.8,170.6,153.35,159.45,18444012
2020-05-04,150.0,150.9,139.05,141.7,11859044
2020-05-05,147.6,151.3,140.05,142.05,12612405
2020-05-06,142.65,152.4,138.55,150.05,21966200
2020-05-07,148.5,155.95,145.0,148.85,15593429
2020-05-08,152.5,155.45,142.9,144.1,12318025
2020-05-11,146.95,154.5,142.75,151.9,18116072
2020-05-12,148.0,151.9,141.5,150.9,18182112
2020-05-13,162.1,165.95,153.75,157.7,14841950
2020-05-14,156.95,160.4,147.1,148.25,12910908
2020-05-15,149.95,151.25,146.3,149.35,6748261
2020-05-18,149.0,149.0,122.5,125.0,18614167
2020-05-19,129.7,132.35,126.35,127.1,12230168
2020-05-20,127.0,136.8,125.0,135.15,11693226
2020-05-21,137.15,138.75,128.7,129.85,12926318
2020-05-22,130.3,133.2,121.2,123.2,19823411
2020-05-26,126.55,126.9,120.5,122.1,10894130
2020-05-27,122.55,140.4,120.1,135.3,21892618
2020-05-28,135.0,137.55,129.6,135.1,17517968
2020-05-29,132.25,143.2,131.15,141.7,16719953
2020-06-01,145.0,153.2,144.6,152.1,16054843
2020-06-02,154.25,159.75,153.0,157.9,16246033
2020-06-03,160.0,164.0,154.35,155.85,13811294
2020-06-04,156.0,158.6,141.4,142.6,24104883
2020-06-05,145.0,147.3,140.3,145.4,17141514
2020-06-08,150.0,153.85,144.5,146.65,17151428
2020-06-09,148.5,157.5,146.2,150.4,23273951
2020-06-10,151.0,158.0,150.2,155.7,16033901
2020-06-11,156.95,165.0,150.0,150.95,24326077
2020-06-12,139.0,161.5,139.0,160.05,22227409
2020-06-15,160.05,163.1,152.1,155.3,24109673
2020-06-16,161.0,162.4,151.2,155.45,17577175
2020-06-17,155.0,170.5,153.2,168.2,39970309
2020-06-18,168.2,178.8,168.2,178.0,26257427
2020-06-19,179.0,204.7,179.0,196.8,36815093
2020-06-22,201.0,216.45,199.5,204.7,41613534
2020-06-23,206.45,211.45,196.55,204.15,20317673
2020-06-24,209.15,209.15,194.55,196.8,21457595
2020-06-25,192.7,208.4,190.1,205.95,22336542
2020-06-26,210.0,211.75,200.0,201.8,16997483
2020-06-29,200.0,200.0,188.5,193.0,14791621
2020-06-30,197.7,199.15,187.8,189.4,10329029
2020-07-01,190.0,199.75,187.0,197.0,18253804
2020-07-02,199.9,201.95,192.1,197.1,15051576
2020-07-03,198.0,204.7,194.4,196.7,23043297
2020-07-06,200.0,202.0,196.65,201.1,11027733
2020-07-07,202.0,215.0,200.15,213.1,24006710
2020-07-08,214.8,218.0,203.5,205.3,14665711
2020-07-09,208.85,211.2,204.7,208.9,8810982
2020-07-10,208.0,214.35,206.0,208.45,11878127
2020-07-13,210.0,212.9,204.35,205.25,5681014
2020-07-14,200.0,203.5,195.8,199.0,7388425
2020-07-15,203.0,207.95,200.6,202.2,9959302
2020-07-16,205.0,210.85,198.0,209.65,10210682
2020-07-17,210.0,210.95,204.2,207.2,6669571
2020-07-20,207.2,218.6,207.05,215.2,14158051
2020-07-21,216.75,220.5,211.55,212.55,10686516
2020-07-22,212.0,224.2,207.05,220.9,16591574
2020-07-23,221.3,224.55,218.5,222.55,9687694
2020-07-24,218.05,219.95,212.0,212.35,7771221
2020-07-27,213.0,214.4,207.0,208.8,6443370
2020-07-28,210.9,217.25,209.5,215.65,5420404
2020-07-29,214.7,223.35,213.6,221.4,8270898
2020-07-30,220.9,222.8,209.55,214.2,9165526
2020-07-31,216.2,216.9,200.5,202.5,12415404
2020-08-03,200.95,206.5,197.5,201.0,9877641
2020-08-04,203.0,205.6,198.7,200.55,7460348
2020-08-05,202.4,207.35,202.05,204.4,7426100
2020-08-06,206.0,208.3,202.05,205.65,8134995
2020-08-07,205.5,209.7,202.6,208.75,7378626
2020-08-10,210.9,213.4,207.5,209.55,6079582
2020-08-11,209.6,212.05,206.4,207.15,4260187
2020-08-12,207.0,211.5,202.15,209.4,5640087
2020-08-13,211.0,227.3,210.1,225.15,13776888
2020-08-14,226.35,231.0,216.2,218.1,12286626
2020-08-17,221.0,222.4,210.35,212.3,6112589
2020-08-18,213.5,233.0,212.1,231.8,15751512
2020-08-19,231.8,234.55,225.5,226.65,9870113
2020-08-20,223.9,234.4,220.4,226.7,7286162
2020-08-21,229.8,231.0,223.2,227.35,8607419
2020-08-24,229.9,233.0,227.35,231.75,8088119
2020-08-25,233.95,243.65,232.75,242.15,14935084
2020-08-26,243.4,248.2,242.15,245.3,7997338
2020-08-27,246.0,247.15,239.05,240.9,3695410
2020-08-28,240.85,259.0,240.35,249.75,17783814
2020-08-31,252.0,255.6,230.75,232.2,9080285
2020-09-01,233.0,242.9,228.85,241.45,7331908
2020-09-02,242.85,244.0,236.15,242.7,2901774
2020-09-03,243.1,249.75,240.75,244.1,3577745
2020-09-04,236.05,239.45,232.2,234.05,5680924
2020-09-07,236.1,238.2,222.4,226.45,6325386
2020-09-08,227.95,230.0,220.8,222.15,3875681
2020-09-09,220.5,223.55,215.6,220.55,4342244
2020-09-10,222.0,225.85,217.05,221.25,3321211
2020-09-11,222.6,226.45,221.35,224.45,3603421
2020-09-14,230.0,236.2,226.5,232.1,10305644
2020-09-15,234.5,235.2,229.75,232.9,4772035
2020-09-16,234.7,239.4,232.7,238.6,9428703
2020-09-17,239.5,243.4,237.1,239.55,7042129
2020-09-18,240.95,243.95,237.25,240.65,5329430
2020-09-21,242.9,242.9,228.25,231.25,4128528
2020-09-22,231.25,234.75,220.75,231.05,4621739
2020-09-23,234.9,236.5,226.5,229.95,4880070
2020-09-24,228.0,239.2,221.95,229.8,9666063
2020-09-25,232.05,240.0,227.35,238.7,5326944
2020-09-28,240.5,249.85,238.0,248.85,6419447
2020-09-29,249.6,254.1,246.3,251.8,5355356
2020-09-30,252.0,256.55,247.7,249.15,4977764
2020-10-01,250.3,260.0,249.95,257.5,6258481
2020-10-05,259.4,263.6,250.85,252.4,5329977
2020-10-06,255.25,265.0,249.5,261.0,7060452
2020-10-07,261.0,261.6,250.55,254.35,5497957
2020-10-08,255.05,259.45,248.05,251.45,3720720
2020-10-09,252.35,258.2,251.0,253.75,3886632
2020-10-12,255.2,257.05,246.2,248.95,3472273
2020-10-13,249.85,249.9,240.25,242.65,4031503
2020-10-14,243.45,251.85,239.5,249.55,4851028
2020-10-15,250.95,251.6,235.3,237.3,4757990
2020-10-16,238.95,240.9,233.0,237.25,5319385
2020-10-19,237.85,240.95,233.9,239.9,4656147
2020-10-20,240.0,242.3,236.8,240.2,3580468
2020-10-21,236.65,248.15,236.65,242.55,5203743
2020-10-22,242.55,245.8,241.05,243.1,2637818
2020-10-23,243.35,257.3,243.0,251.5,7921808
2020-10-26,250.55,251.8,243.5,246.9,2990672
2020-10-27,245.6,250.65,243.15,248.75,2919343
2020-10-28,248.95,250.75,241.05,243.25,2571646
2020-10-29,241.5,251.45,234.5,250.1,3797428
2020-10-30,250.05,280.35,248.0,273.25,24234206
2020-11-02,271.0,294.9,268.65,293.05,13380533
2020-11-03,293.05,299.7,287.65,296.55,6956759
2020-11-04,297.0,302.0,290.1,293.65,6560345
2020-11-05,295.0,308.3,291.3,306.05,5915412
2020-11-06,305.0,307.5,298.2,303.6,5227334
2020-11-09,306.05,310.0,303.1,305.4,4231352
2020-11-10,308.0,322.45,303.75,312.5,7253811
2020-11-11,314.9,315.45,299.0,304.35,6290798
2020-11-12,305.0,320.95,302.25,316.5,8666139
2020-11-13,313.95,316.35,308.6,309.75,5820864
2020-11-14,312.7,314.65,311.1,312.3,435095
2020-11-17,314.0,324.5,309.7,322.5,4944101
2020-11-18,321.95,340.0,317.3,334.7,9121056
2020-11-19,334.45,343.0,328.35,332.4,7803220
2020-11-20,334.35,344.6,334.0,338.95,6569386
2020-11-23,340.0,355.2,340.0,351.7,7941918
2020-11-24,353.65,363.85,351.1,360.2,5854352
2020-11-25,364.4,366.9,351.55,352.85,7347086
2020-11-26,355.05,361.5,350.5,360.2,6076161
2020-11-27,360.5,394.9,358.9,388.7,13549479
2020-12-01,389.65,389.65,371.35,374.8,7531640
2020-12-02,376.0,382.85,371.0,374.9,4970169
2020-12-03,377.95,381.5,368.4,370.7,5027299
2020-12-04,373.9,375.5,361.25,369.75,5683929
2020-12-07,373.5,375.0,363.4,364.5,7661279
2020-12-08,367.35,378.0,362.2,373.05,6112009
2020-12-09,375.8,376.75,367.5,369.95,3367707
2020-12-10,369.0,369.9,362.1,366.35,2568628
2020-12-11,368.0,375.5,364.95,369.3,4991079
2020-12-14,370.0,374.7,366.7,371.75,2862937
2020-12-15,372.0,378.35,362.9,377.25,3384031
2020-12-16,380.9,386.25,374.9,377.5,6207977
2020-12-17,377.4,380.95,372.55,374.45,2029421
2020-12-18,375.35,377.45,362.7,375.1,4505413
2020-12-21,372.65,374.8,347.5,354.85,4642486
2020-12-22,355.4,363.9,345.15,360.8,3386376
2020-12-23,361.4,378.0,358.3,376.25,2616831
2020-12-24,378.3,383.05,374.25,376.35,3098846
2020-12-28,376.35,393.05,375.75,386.35,5039946
2020-12-29,389.45,392.0,380.45,383.15,3923113
2020-12-30,383.85,386.05,376.35,384.9,2218568
2020-12-31,384.9,390.7,380.0,387.65,2778110
2021-01-01,387.65,415.9,387.65,411.35,9520939
2021-01-04,415.0,446.55,414.2,443.25,15940056
2021-01-05,432.0,439.0,430.0,437.25,5502895
2021-01-06,438.95,446.4,430.45,434.85,5684264
2021-01-07,437.85,440.25,428.8,431.35,4227651
2021-01-08,435.05,437.45,427.7,431.8,3344933
2021-01-11,434.8,434.8,423.6,426.8,2062482
2021-01-12,425.1,451.0,418.1,443.05,6187578
2021-01-13,447.4,448.75,419.7,427.9,5255513
2021-01-14,431.25,441.35,423.35,426.15,4779868
2021-01-15,427.1,430.05,417.4,424.1,2959135
2021-01-18,426.65,426.65,402.55,409.25,5385397
2021-01-19,410.7,447.0,410.7,437.95,13734366
2021-01-20,441.05,458.9,432.05,457.45,9187097
2021-01-21,459.0,464.85,427.8,431.7,9421726
2021-01-22,434.35,443.85,420.2,422.15,9357221
2021-01-25,435.0,449.5,416.2,420.6,9914676
2021-01-27,422.45,430.75,408.7,410.5,5084464
2021-01-28,401.0,414.2,397.5,405.25,3748093
2021-01-29,413.0,427.25,390.65,397.85,7562596
2021-02-01,402.0,448.9,402.0,442.95,10811519
2021-02-02,447.05,475.0,434.0,439.1,10099741
2021-02-03,444.75,467.25,438.05,459.85,9972466
2021-02-04,463.0,471.0,457.8,464.4,4931739
2021-02-05,468.0,473.95,449.25,451.1,4324685
2021-02-08,455.0,468.55,454.0,460.6,2478180
2021-02-09,464.0,470.9,455.0,459.05,4083298
2021-02-10,460.1,470.9,454.5,467.75,4986969
2021-02-11,469.95,478.5,464.2,471.6,5781855
2021-02-12,471.7,477.8,465.35,468.55,2572633
2021-02-15,472.05,538.0,472.05,532.75,31359318
2021-02-16,528.5,537.0,517.05,528.05,10486006
2021-02-17,522.1,533.8,522.1,528.0,3658655
2021-02-18,530.0,536.55,526.1,527.7,5128060
2021-02-19,526.8,535.6,517.8,530.35,8654199
2021-02-22,534.4,550.95,519.0,528.65,16351139
2021-02-23,526.45,538.0,510.65,517.8,5512994
2021-02-24,519.95,522.15,487.35,504.5,5523946
2021-02-25,511.0,538.0,510.0,526.05,6224603
2021-02-26,513.05,523.0,500.1,518.9,4171821
2021-03-01,524.5,558.0,519.5,522.3,8234542
2021-03-02,527.8,539.95,523.8,538.55,3164565
2021-03-03,542.6,551.8,534.0,540.65,3014438
2021-03-04,537.0,546.55,533.15,535.1,2756879
2021-03-05,533.9,533.9,515.65,526.8,2704745
2021-03-08,532.0,539.3,526.55,534.15,3061065
2021-03-09,536.55,548.9,525.0,544.4,4781356
2021-03-10,549.9,556.8,530.05,539.4,5035581
2021-03-12,544.3,549.9,529.4,531.8,2659575
2021-03-15,536.0,537.85,514.05,534.95,3189930
2021-03-16,537.95,544.35,530.2,540.65,3577095
2021-03-17,541.9,544.05,526.05,529.6,2235033
2021-03-18,534.5,539.95,516.4,527.65,2318387
2021-03-19,525.05,558.95,518.5,552.85,6000233
2021-03-22,558.0,579.6,545.05,570.4,9087183
2021-03-23,571.65,574.8,556.45,559.7,3437253
2021-03-24,551.8,569.45,545.4,548.5,3517690
2021-03-25,551.0,552.8,525.5,537.5,3387697
2021-03-26,545.8,564.65,543.2,554.65,5648327
2021-03-30,560.2,564.3,549.4,555.3,1956770
2021-03-31,555.65,565.0,547.0,558.8,2766939
2021-04-01,566.0,568.9,549.6,562.5,4461159
2021-04-05,560.0,560.95,534.0,544.35,3489627
2021-04-06,543.95,547.45,534.0,540.0,4226629
2021-04-07,543.75,588.1,538.35,578.05,7380082
2021-04-08,580.9,580.9,561.0,562.95,5476027
2021-04-09,561.55,570.0,552.8,557.9,1895419
2021-04-12,544.7,545.0,503.7,510.85,5822507
2021-04-13,512.0,543.9,507.2,532.45,12185363
2021-04-15,527.5,541.15,523.15,535.3,3470035
2021-04-16,540.0,550.5,537.4,540.6,2861566
2021-04-19,527.0,534.95,514.2,530.55,3922769
2021-04-20,535.9,559.2,533.25,538.75,6039565
2021-04-22,531.75,559.2,529.15,551.2,4070956
2021-04-23,548.6,566.8,545.05,555.95,4252773
2021-04-26,558.95,569.0,550.95,552.35,3793015
2021-04-27,553.3,566.0,552.9,564.6,2758144
2021-04-28,564.6,589.7,554.6,583.8,3858556
2021-04-29,586.0,597.8,576.8,592.5,4417597
2021-04-30,589.75,600.95,564.95,571.75,5481211
2021-05-03,562.05,565.95,555.05,559.1,3245575
2021-05-04,562.1,573.0,544.55,549.45,3016254
2021-05-05,559.6,559.9,545.05,558.6,1997565
2021-05-06,563.75,583.9,557.05,580.3,4217519
2021-05-07,585.25,587.8,564.0,568.9,3203038
2021-05-10,560.0,560.0,528.5,554.15,9065692
2021-05-11,550.0,554.4,532.4,550.95,5071269
2021-05-12,558.9,558.9,520.0,524.0,8559631
2021-05-14,530.0,532.55,513.0,526.75,6037690
2021-05-17,530.7,545.8,526.75,543.35,5657918
2021-05-18,550.0,561.6,540.15,546.35,6141659
2021-05-19,545.75,554.35,541.4,544.05,3598992
2021-05-20,547.95,573.7,545.0,570.0,9211100
2021-05-21,575.3,586.4,572.05,582.8,7059325
2021-05-24,585.25,590.55,570.75,576.4,6891826
2021-05-25,580.95,581.0,546.55,551.55,4960155
2021-05-26,555.0,556.55,542.2,544.1,3560232
2021-05-27,545.2,548.85,523.9,537.8,40407205
2021-05-28,535.0,547.0,531.15,544.05,3401465
2021-05-31,546.0,552.1,539.05,549.3,3364865
2021-06-01,552.9,557.85,542.45,545.65,3151070
2021-06-02,543.0,559.15,543.0,557.3,3923863
2021-06-03,560.55,574.15,558.1,569.65,4160097
2021-06-04,573.9,573.9,561.25,570.7,2270508
2021-06-07,572.75,584.75,562.9,580.1,5884824
2021-06-08,581.1,581.1,566.0,570.9,3536560
2021-06-09,570.9,572.25,550.45,555.8,4761429
2021-06-10,555.5,570.75,548.4,565.75,3202514
2021-06-11,566.7,575.5,559.3,562.3,3044892
2021-06-14,563.0,571.2,551.7,569.9,3122051
2021-06-15,570.0,579.7,565.0,568.5,3467307
2021-06-16,568.9,571.0,560.1,564.25,1462027
2021-06-17,559.0,565.45,545.05,549.8,1799072
2021-06-18,552.9,554.25,518.0,538.5,5504915
2021-06-21,534.0,546.6,528.05,543.5,2527215
2021-06-22,546.0,553.6,538.65,541.85,2304767
2021-06-23,543.0,547.3,535.0,536.2,1729953
2021-06-24,536.2,536.65,528.5,530.05,1780163
2021-06-25,531.75,536.0,529.1,531.9,2700418
2021-06-28,536.9,536.9,521.35,523.65,3090163
2021-06-29,524.8,527.0,515.7,519.35,2568036
2021-06-30,523.3,524.0,511.7,513.25,2301647
2021-07-01,514.0,515.25,502.75,506.15,4718848
2021-07-02,509.9,514.55,504.05,510.1,2960025
2021-07-05,513.95,520.0,508.2,519.0,2195753
2021-07-06,521.0,532.75,519.25,521.2,4648159
2021-07-07,523.0,530.5,515.3,518.95,2653267
2021-07-08,522.5,525.45,510.3,514.35,2276281
2021-07-09,516.0,520.75,508.2,519.3,2565125
2021-07-12,523.5,526.55,515.3,516.55,1533331
2021-07-13,520.0,521.35,510.0,517.95,1842560
2021-07-14,520.0,520.0,513.0,513.45,988708
2021-07-15,515.4,519.3,512.0,513.8,1493932
2021-07-16,516.2,516.2,508.3,512.4,1864018
2021-07-19,509.95,516.4,504.0,506.5,2729557
2021-07-20,510.15,510.15,479.0,490.2,5964588
2021-07-22,499.0,499.7,487.5,494.75,2727010
2021-07-23,498.0,505.85,491.1,499.05,2614875
2021-07-26,499.95,505.75,487.8,491.7,1356309
2021-07-27,492.0,496.6,481.3,483.55,1947895
2021-07-28,485.0,485.0,470.05,481.1,4841574
2021-07-29,484.0,495.5,481.2,487.15,2689089
2021-07-30,491.0,491.0,470.5,475.75,4265725
2021-08-02,473.65,528.9,470.0,526.45,15993336
2021-08-03,522.9,527.95,512.05,516.65,4123446
2021-08-04,521.5,524.3,514.0,516.65,2902476
2021-08-05,519.0,541.9,511.25,539.65,7908981
2021-08-06,536.0,539.5,522.6,528.8,1977456
2021-08-09,527.35,531.95,514.7,520.7,1440944
2021-08-10,523.0,525.1,506.1,510.5,1298084
2021-08-11,509.0,512.0,494.05,501.55,1868551
2021-08-12,503.0,516.5,498.35,512.0,1556728
2021-08-13,513.7,516.9,498.85,503.35,1006725
2021-08-16,501.6,510.05,499.1,501.2,1248147
2021-08-17,503.0,515.15,501.0,509.35,2765237
2021-08-18,511.3,512.95,502.6,506.75,1844951
2021-08-20,504.7,506.5,483.2,485.1,2782529
2021-08-23,487.0,494.7,472.5,484.2,1719618
2021-08-24,486.2,514.6,478.5,510.1,4717280
2021-08-25,510.0,513.55,503.5,510.95,1858112
2021-08-26,511.0,533.6,510.35,530.75,6374214
2021-08-27,531.95,534.75,520.25,524.8,2373228
2021-08-30,526.0,549.95,524.6,548.2,3667059
2021-08-31,547.0,557.45,538.0,554.05,5252586
2021-09-01,554.0,576.0,551.4,568.85,3711331
2021-09-02,567.0,588.3,565.5,582.85,2429494
2021-09-03,582.85,598.6,568.0,571.45,2631645
2021-09-06,570.0,579.15,568.2,570.85,1397164
2021-09-07,572.0,580.75,561.75,574.45,1525560
2021-09-08,578.5,583.8,566.9,577.1,1467068
2021-09-09,577.0,577.0,560.4,568.25,1416634
2021-09-13,567.9,588.7,560.15,584.4,2602977
2021-09-14,590.0,595.0,579.45,581.25,2256309
2021-09-15,582.5,583.85,577.5,580.0,1023993
2021-09-16,582.6,617.8,578.5,609.4,5400892
2021-09-17,613.85,620.75,591.7,606.85,3593022
2021-09-20,600.0,606.55,582.0,587.35,1397415
2021-09-21,584.0,591.15,564.6,578.35,2632441
2021-09-22,577.0,586.0,568.85,571.05,2939574
2021-09-23,573.1,602.0,573.0,585.95,3186741
2021-09-24,591.0,597.4,574.0,576.1,1829086
2021-09-27,578.0,581.85,568.9,572.15,2072323
2021-09-28,575.0,576.9,551.05,554.75,1920986
2021-09-29,554.0,577.85,544.1,573.45,4750941
2021-09-30,578.0,580.6,562.0,564.25,1727522
2021-10-01,564.0,568.0,556.0,558.65,858829
2021-10-04,560.6,573.15,559.25,564.35,2246455
2021-10-05,564.0,567.15,555.5,558.75,1954471
2021-10-06,560.7,582.55,557.2,560.25,2205904
2021-10-07,565.9,586.55,563.05,583.85,2592321
2021-10-08,585.0,585.3,568.0,569.1,1462742
2021-10-11,566.0,580.1,566.0,570.35,1104683
2021-10-12,571.75,576.7,566.65,573.1,1139526
2021-10-13,576.15,600.4,573.15,594.5,2968636
2021-10-14,596.0,609.95,586.25,594.0,3279153
2021-10-18,594.0,610.0,586.9,598.75,2760568
2021-10-19,600.5,634.0,588.95,608.25,4247224
2021-10-20,610.3,616.1,590.05,594.8,2395624
2021-10-21,600.7,623.9,592.0,614.15,4177273
2021-10-22,614.0,620.3,594.2,598.4,3648203
2021-10-25,600.0,602.2,561.25,577.3,2083330
2021-10-26,578.45,611.75,578.35,604.9,3596997
2021-10-27,607.0,631.25,603.3,623.5,3816610
2021-10-28,622.0,630.0,603.5,609.0,1790909
2021-10-29,609.0,634.05,588.75,614.75,3373992
2021-11-01,630.0,631.7,554.2,588.65,11275046
2021-11-02,588.0,613.55,586.0,609.8,2877599
2021-11-03,605.0,617.0,605.0,612.85,2025687
2021-11-04,615.8,619.0,609.55,615.05,228055
2021-11-08,615.0,642.4,614.55,638.3,2932399
2021-11-09,640.0,651.45,635.0,640.0,2148352
2021-11-10,631.0,652.7,631.0,647.65,1771230
2021-11-11,647.65,659.95,632.1,639.5,3057739
2021-11-12,644.9,667.4,639.5,662.4,3233137
2021-11-15,663.0,665.0,632.0,648.35,3210559
2021-11-16,646.05,654.0,640.0,643.85,2071850
2021-11-17,642.0,644.35,623.0,626.35,2422452
2021-11-18,625.05,634.3,612.75,617.3,1783991
2021-11-22,617.95,622.1,588.0,595.4,1717703
2021-11-23,585.4,610.8,585.4,606.2,2528257
2021-11-24,606.25,609.5,585.2,590.6,1930305
2021-11-25,591.0,595.5,578.25,584.35,1399436
2021-11-26,581.65,582.9,536.8,544.8,5101440
2021-11-29,544.8,558.0,524.05,542.2,3844070
2021-11-30,541.0,565.05,540.0,550.5,3525992
2021-12-01,554.0,570.0,550.3,559.3,1646944
2021-12-02,560.05,568.65,556.9,566.65,1346915
2021-12-03,566.65,575.4,560.05,567.85,1807177
2021-12-06,572.4,572.4,553.1,555.55,654349
2021-12-07,558.0,571.5,558.0,562.35,1190150
2021-12-08,565.0,574.15,560.5,568.15,1098677
2021-12-09,571.0,582.35,567.0,577.6,2744483
2021-12-10,570.0,581.8,570.0,579.8,929205
2021-12-13,582.5,589.0,576.8,579.05,1506845
2021-12-14,561.0,579.15,552.65,554.95,4027319
2021-12-15,546.0,559.0,538.0,541.85,2809173
2021-12-16,546.85,554.0,540.6,545.75,1464659
2021-12-17,542.1,545.45,507.1,510.35,4467775
2021-12-20,502.5,503.35,469.25,492.8,4183887
2021-12-21,498.65,518.6,490.15,505.0,3193783
2021-12-22,510.0,516.45,505.0,513.0,1546546
2021-12-23,516.0,541.8,516.0,539.65,3109272
2021-12-24,541.0,542.0,517.65,520.05,1838454
2021-12-27,515.5,530.0,510.05,526.75,1231611
2021-12-28,527.95,535.25,519.7,523.0,1067068
2021-12-29,525.4,525.4,513.45,517.3,1190639
2021-12-30,519.7,519.7,504.25,508.7,1876161
2021-12-31,512.25,522.6,510.0,520.4,1206300
2022-01-03,521.0,539.35,519.35,537.25,1873169
2022-01-04,540.0,547.7,535.25,546.05,1821625
2022-01-05,546.0,571.05,542.25,568.0,4130279
2022-01-06,560.0,566.8,553.3,564.9,1867316
2022-01-07,565.5,577.95,565.5,574.85,2641127
2022-01-10,575.0,579.5,560.1,561.15,1322019
2022-01-11,562.0,581.55,551.4,579.25,3378759
2022-01-12,582.0,602.0,579.25,598.45,3385873
2022-01-13,596.0,601.5,585.5,589.4,1103090
2022-01-14,591.0,594.35,582.25,586.2,1443887
2022-01-17,587.0,604.8,587.0,600.7,1705243
2022-01-18,609.0,626.0,604.4,612.45,7751596
2022-01-19,610.0,614.65,591.9,612.1,2341966
2022-01-20,612.0,652.35,608.15,649.15,9235083
2022-01-21,645.0,664.75,631.0,654.15,6704600
2022-01-24,660.0,674.9,625.2,643.4,8279847
2022-01-25,643.0,664.35,630.1,643.6,5186341
2022-01-27,634.0,659.0,630.7,654.9,3916323
2022-01-28,660.8,672.65,638.0,640.05,3577840
2022-01-31,645.2,648.6,627.2,629.5,3001896
2022-02-01,635.8,660.0,635.55,653.95,2408748
2022-02-02,642.0,651.6,622.6,639.2,7515581
2022-02-03,639.2,645.5,630.0,642.75,2271472
2022-02-04,645.25,680.0,643.55,675.7,4779062
2022-02-07,682.0,682.0,646.85,650.1,4384201
2022-02-08,645.0,667.35,644.25,657.5,2630525
2022-02-09,664.0,684.4,660.5,682.95,2574872
2022-02-10,685.0,698.35,673.6,690.75,4068283
2022-02-11,680.0,692.0,673.65,680.35,2487787
2022-02-14,660.0,673.0,653.5,660.0,2172447
2022-02-15,665.35,673.0,643.55,671.15,2659020
2022-02-16,675.0,695.9,666.15,669.75,3993552
2022-02-17,676.9,679.7,666.15,675.7,1384998
2022-02-18,672.0,683.45,670.05,673.1,1074862
2022-02-21,670.0,681.95,660.6,674.15,1251311
2022-02-22,664.15,701.0,649.85,691.6,6128200
2022-02-23,697.95,703.9,681.75,684.3,2788938
2022-02-24,663.0,676.75,643.0,647.85,2982071
2022-02-25,659.0,688.45,657.0,683.8,1632149
2022-02-28,680.0,693.0,668.0,690.95,2217246
2022-03-02,680.0,697.8,668.3,679.45,2401524
2022-03-03,695.0,695.0,673.1,675.9,1614018
2022-03-04,669.95,673.95,644.1,658.5,2507093
2022-03-07,647.1,648.0,596.0,607.3,3684167
2022-03-08,607.3,621.55,595.1,615.55,2672403
2022-03-09,621.1,644.7,613.3,640.5,3413357
2022-03-10,647.85,675.7,647.85,670.45,2425990
2022-03-11,662.3,675.0,661.05,671.45,1452682
2022-03-14,669.0,681.7,658.05,679.25,1608380
2022-03-15,679.5,698.85,675.7,685.8,3511719
2022-03-16,692.0,713.5,690.7,697.4,2941360
2022-03-17,708.0,723.95,704.1,719.85,2591783
2022-03-21,717.9,719.85,696.25,697.85,1702087
2022-03-22,697.0,720.0,685.15,711.95,1744155
2022-03-23,716.5,730.35,714.4,721.75,3237859
2022-03-24,717.6,734.5,716.5,731.35,1944920
2022-03-25,732.9,739.95,725.3,732.25,1442309
2022-03-28,734.0,736.05,722.25,726.75,986065
2022-03-29,725.6,731.85,706.15,715.2,1888601
2022-03-30,722.65,736.7,717.25,733.45,2011375
2022-03-31,729.75,737.95,715.5,718.45,1680132
2022-04-01,720.0,720.15,695.85,707.75,3120135
2022-04-04,709.95,713.9,696.0,699.55,1961331
2022-04-05,704.8,714.9,693.3,704.6,1511295
2022-04-06,690.0,708.35,690.0,702.75,1839420
2022-04-07,703.0,707.2,685.0,686.75,1237183
2022-04-08,714.0,751.45,707.4,741.75,12316063
2022-04-11,747.0,757.95,742.0,744.1,3389385
2022-04-12,742.8,744.8,724.0,740.7,1811999
2022-04-13,743.0,751.0,728.4,730.3,1323247
2022-04-18,727.4,729.9,711.3,724.85,1585086
2022-04-19,728.0,761.35,727.75,736.85,4021576
2022-04-20,738.0,745.0,707.45,709.85,1927461
2022-04-21,719.5,726.0,711.1,720.55,1676681
2022-04-22,719.8,720.4,705.75,713.5,1439751
2022-04-25,709.95,721.5,699.55,715.2,1400362
2022-04-26,721.0,768.0,720.15,764.0,5406268
2022-04-27,758.8,762.8,742.0,744.55,1716491
2022-04-28,756.0,756.95,733.35,740.15,1506403
2022-04-29,747.0,754.9,735.4,738.75,1377584
2022-05-02,734.9,749.9,728.15,746.5,1031975
2022-05-04,747.0,751.45,708.75,712.15,1342298
2022-05-05,720.95,736.8,712.35,715.3,1560432
2022-05-06,696.1,699.95,629.2,636.85,8926118
2022-05-09,622.0,644.45,618.55,635.4,2966225
2022-05-10,634.0,648.9,631.45,637.95,2711145
2022-05-11,640.0,646.2,616.75,624.55,2465676
2022-05-12,619.9,624.25,600.4,609.2,2330770
2022-05-13,616.0,654.3,616.0,632.05,3701646
2022-05-16,638.35,648.8,630.6,635.7,1472809
2022-05-17,640.0,661.9,638.7,659.7,1577987
2022-05-18,662.0,668.0,645.5,662.75,1854119
2022-05-19,642.0,654.95,633.5,638.55,1221336
2022-05-20,644.7,665.0,642.15,645.85,1256877
2022-05-23,650.0,671.8,646.15,651.4,1652937
2022-05-24,652.5,658.3,640.0,642.7,1874615
2022-05-25,645.0,653.3,627.65,629.75,1283514
2022-05-26,634.0,649.0,617.9,638.9,1086166
2022-05-27,648.0,660.0,644.0,656.7,988345
2022-05-30,661.9,678.9,661.0,676.6,1518848
2022-05-31,680.0,683.75,665.15,679.6,1628241
2022-06-01,679.6,682.1,665.55,671.55,610383
2022-06-02,669.0,682.0,666.35,679.15,715408
2022-06-03,682.0,691.1,656.0,658.4,965282
2022-06-06,652.15,661.7,643.95,658.85,854144
2022-06-07,657.9,661.55,645.0,659.8,1306464
2022-06-08,664.85,717.2,659.0,669.95,2799124
2022-06-09,669.45,681.6,664.0,676.15,1022515
2022-06-10,666.5,673.2,648.0,650.35,1389595
2022-06-13,638.0,638.85,606.85,609.0,1669759
2022-06-14,600.0,628.5,600.0,618.85,3085086
2022-06-15,619.9,636.0,617.3,633.15,1782217
2022-06-16,639.0,657.0,619.45,626.1,2835716
2022-06-17,620.0,646.2,615.1,641.3,2149896
2022-06-20,640.3,645.4,611.3,619.2,1555745
2022-06-21,629.2,632.0,615.0,625.8,2114220
2022-06-22,626.9,626.9,611.25,617.15,1280638
2022-06-23,620.0,648.5,613.7,636.45,3586014
2022-06-24,641.95,653.1,631.8,647.75,2849874
2022-06-27,654.95,657.3,632.9,634.25,2076389
2022-06-28,634.25,642.95,627.0,640.8,1387622
2022-06-29,632.0,640.8,622.15,638.85,1961040
2022-06-30,636.55,637.0,617.35,619.5,2517206
2022-07-01,616.2,643.15,616.05,640.35,1694794
2022-07-04,635.0,654.6,632.1,652.8,917061
2022-07-05,657.1,657.25,640.65,643.0,1436259
2022-07-06,645.0,652.0,635.0,643.65,2752147
2022-07-07,649.0,653.0,635.65,642.2,2541308
2022-07-08,647.5,647.5,616.3,630.95,2764723
2022-07-11,631.0,641.3,628.4,638.05,1671777
2022-07-12,635.1,640.6,618.15,620.2,1754910
2022-07-13,624.9,630.0,619.0,626.85,1305118
2022-07-14,632.0,632.0,612.1,616.45,1585312
2022-07-15,620.0,637.95,616.0,634.0,3165829
2022-07-18,636.1,673.2,635.05,670.4,3287791
2022-07-19,668.0,685.5,663.15,683.9,1996430
2022-07-20,687.25,688.85,669.2,672.3,1037170
2022-07-21,674.9,690.0,667.0,686.0,1993115
2022-07-22,691.95,702.85,683.2,685.9,2248352
2022-07-25,690.0,693.45,678.7,684.85,1045998
2022-07-26,684.85,686.2,674.6,677.75,1158371
2022-07-27,676.7,685.0,667.15,676.8,940562
2022-07-28,678.15,695.0,678.15,690.1,2762476
2022-07-29,698.0,712.0,694.0,700.7,3014502
2022-08-01,708.45,738.95,689.15,733.85,4675128
2022-08-02,734.95,748.5,730.0,746.75,1549018
2022-08-03,746.7,758.8,736.55,757.5,1421319
2022-08-04,763.4,767.45,748.05,763.05,1434681
2022-08-05,764.0,787.5,764.0,771.2,3009385
2022-08-08,774.85,783.5,771.15,775.95,1033732
2022-08-10,780.2,782.55,764.2,771.85,1077124
2022-08-11,775.0,782.0,770.25,777.55,889980
2022-08-12,781.5,787.1,773.5,783.7,1034521
2022-08-16,784.0,792.45,779.3,788.5,976697
2022-08-17,789.95,801.0,784.35,789.9,1168020
2022-08-18,790.0,793.7,777.3,781.7,901648
2022-08-19,781.7,793.0,772.15,777.8,1537476
2022-08-22,778.0,786.45,767.1,772.35,942701
2022-08-23,761.0,789.9,761.0,787.1,1303352
2022-08-24,787.3,800.7,780.3,798.85,1614068
2022-08-25,802.95,806.6,782.35,785.85,1197920
2022-08-26,790.5,798.25,787.0,796.2,717434
2022-08-29,770.5,790.0,760.55,787.45,1334686
2022-08-30,777.0,793.0,771.55,790.35,2342679
2022-09-01,782.45,805.25,782.25,789.3,1364563
2022-09-02,792.8,814.4,787.4,790.5,1758580
2022-09-05,790.4,802.9,790.2,799.75,767862
2022-09-06,801.3,817.75,798.3,801.8,2045706
2022-09-07,801.0,804.8,795.1,802.2,707821
2022-09-08,806.0,808.2,795.4,801.4,615497
2022-09-09,807.95,807.95,787.05,790.75,507719
2022-09-12,794.75,803.95,788.65,798.2,1569958
2022-09-13,802.0,805.0,794.8,797.9,1539094
2022-09-14,789.0,802.9,781.1,794.85,1268116
2022-09-15,798.85,811.9,787.45,792.8,909647
2022-09-16,795.0,795.0,756.5,768.6,2500295
2022-09-19,772.0,788.45,765.05,785.65,1151570
2022-09-20,789.6,798.3,782.25,786.5,722332
2022-09-21,786.95,795.0,769.5,772.7,1363648
2022-09-22,765.8,785.75,759.0,784.1,1459136
2022-09-23,781.9,781.95,732.55,738.5,3054292
2022-09-26,729.95,731.95,694.0,713.95,2167806
2022-09-27,717.55,723.95,706.75,720.65,1565209
2022-09-28,716.1,729.95,707.05,719.85,1116007
2022-09-29,723.6,735.3,716.1,727.65,1228777
2022-09-30,727.0,737.65,721.2,732.2,1157270
2022-10-03,733.2,733.65,696.7,699.55,1140736
2022-10-04,716.0,744.45,716.0,737.75,2855582
2022-10-06,746.0,748.15,726.15,728.7,990000
2022-10-07,731.45,739.0,724.8,737.15,1025301
2022-10-10,733.55,737.3,721.9,729.85,866135
2022-10-11,732.85,733.3,716.0,719.2,1401012
2022-10-12,722.8,745.95,721.0,744.6,3320152
2022-10-13,746.0,749.9,723.0,724.65,2075054
2022-10-14,739.0,740.3,724.5,726.6,921483
2022-10-17,726.6,734.25,714.7,732.35,996499
2022-10-18,736.05,749.2,733.4,746.8,870559
2022-10-19,750.0,752.85,742.6,746.45,615231
2022-10-20,743.25,744.6,720.3,729.55,1396893
2022-10-21,733.2,743.95,701.8,712.45,2332356
2022-10-24,718.5,723.95,710.0,713.25,165619
2022-10-25,714.5,722.6,709.25,715.75,928958
2022-10-27,719.8,719.9,708.05,717.75,1073643
2022-10-28,720.0,720.05,714.1,716.55,669579
2022-10-31,720.15,723.1,704.3,709.35,1706648
2022-11-01,710.0,715.95,701.0,709.5,1616369
2022-11-02,708.0,752.85,708.0,744.7,6548825
2022-11-03,741.0,760.8,738.3,758.6,1865751
2022-11-04,762.4,766.8,758.0,763.6,961403
2022-11-07,767.45,767.45,738.35,748.35,1496878
2022-11-09,745.2,756.9,742.1,744.65,863444
2022-11-10,740.0,742.35,718.4,722.1,1836837
2022-11-11,728.0,748.7,725.3,728.5,2044099
2022-11-14,703.25,726.45,695.0,720.5,799451
2022-11-15,724.15,724.15,715.05,721.5,774145
2022-11-16,721.9,723.45,703.45,707.15,801476
2022-11-17,707.0,711.15,695.0,697.5,823928
2022-11-18,701.0,715.4,684.15,713.8,3429218
2022-11-21,713.8,715.85,706.35,714.0,636092
2022-11-22,715.0,717.95,708.3,711.05,805052
2022-11-23,714.65,722.0,711.05,718.65,1002234
2022-11-24,720.9,727.95,717.0,722.05,577838
2022-11-25,725.0,728.75,718.25,720.75,772119
2022-11-28,719.0,726.05,715.0,720.3,960285
2022-11-29,720.3,720.7,712.25,714.75,797432
2022-11-30,714.75,721.8,708.7,714.85,2405895
2022-12-01,720.0,729.9,715.8,728.9,1437872
2022-12-02,729.0,733.85,724.5,731.65,1114418
2022-12-05,735.0,742.8,727.6,737.7,1058745
2022-12-06,737.0,742.65,731.1,734.8,1078054
2022-12-07,734.8,741.0,730.2,735.8,722408
2022-12-08,735.05,750.55,734.75,742.85,1310404
2022-12-09,743.2,755.0,739.5,744.1,1370253
2022-12-12,744.85,748.0,733.0,746.6,1341353
2022-12-13,750.35,759.0,748.05,751.6,1117440
2022-12-14,751.65,757.75,749.4,752.1,675770
2022-12-15,750.0,762.3,743.55,747.6,660883
2022-12-16,744.15,747.0,723.0,729.85,1052542
2022-12-19,730.95,746.85,720.55,745.15,1074203
2022-12-20,745.5,749.95,736.6,747.05,733807
2022-12-21,747.05,757.0,720.0,722.55,1325543
2022-12-22,725.0,730.7,711.6,716.85,758437
2022-12-23,711.85,714.45,694.25,699.25,1314808
2022-12-26,696.65,721.7,691.0,710.7,1041754
2022-12-27,714.3,719.45,701.15,707.1,1047240
2022-12-28,708.8,728.65,705.0,725.8,1359579
2022-12-29,720.2,721.75,712.0,715.0,1992059
2022-12-30,720.0,728.9,718.1,722.9,816670
2023-01-02,727.8,737.0,724.55,731.85,884199
2023-01-03,732.9,736.0,724.6,728.5,572618
2023-01-04,728.5,737.75,715.65,718.5,1002261
2023-01-05,720.95,721.3,680.0,683.25,3139861
2023-01-06,683.45,693.85,658.0,667.9,4278558
2023-01-09,667.0,685.95,658.45,679.2,3902568
2023-01-10,681.8,682.9,663.35,669.0,1673245
2023-01-11,672.0,673.15,658.95,665.95,1779331
2023-01-12,669.85,687.95,668.0,685.6,3395939
2023-01-13,687.0,714.95,685.1,711.7,3136135
2023-01-16,712.0,717.9,688.3,691.3,2386105
2023-01-17,693.3,695.0,675.3,681.4,1746787
2023-01-18,683.3,694.9,680.05,692.1,856393
2023-01-19,690.95,703.8,689.15,701.25,1278954
2023-01-20,705.85,711.35,701.25,706.25,964737
2023-01-23,706.7,717.8,706.7,712.8,1252665
2023-01-24,711.0,729.05,711.0,725.5,1287543
2023-01-25,724.05,726.8,713.15,718.4,478845
2023-01-27,718.3,720.95,696.05,709.9,1807271
2023-01-30,712.4,716.1,696.75,710.75,2312104
2023-01-31,715.0,715.05,701.1,706.95,2021320
2023-02-01,731.1,774.3,731.1,749.8,10431675
2023-02-02,747.0,780.0,741.8,775.0,3157794
2023-02-03,776.0,785.0,764.05,781.15,1264712
2023-02-06,777.55,784.0,764.55,781.1,1370110
2023-02-07,781.1,788.5,770.8,781.4,1090651
2023-02-08,782.45,800.4,778.55,796.05,1183130
2023-02-09,796.0,803.1,791.0,796.1,742433
2023-02-10,794.0,797.75,775.0,777.55,856228
2023-02-13,776.0,780.85,768.05,771.2,770758
2023-02-14,772.0,778.75,765.65,776.15,469562
2023-02-15,775.0,784.95,772.0,782.65,657492
2023-02-16,783.0,787.7,777.05,782.25,565034
2023-02-17,778.25,786.75,774.05,779.35,519505
2023-02-20,779.35,782.4,768.65,770.1,564503
2023-02-21,771.0,776.9,768.1,773.4,439159
2023-02-22,772.9,774.05,762.6,765.4,675975
2023-02-23,766.4,767.7,749.0,751.5,602318
2023-02-24,752.05,764.9,750.3,762.85,843827
2023-02-27,760.0,768.1,750.0,762.15,592151
2023-02-28,763.0,770.0,751.4,756.5,845969
2023-03-01,760.05,771.9,757.6,766.75,779296
2023-03-02,770.65,771.4,747.95,750.0,658126
2023-03-03,756.45,760.2,749.3,750.2,533836
2023-03-06,755.0,775.9,753.0,769.3,1511840
2023-03-08,769.2,772.0,756.1,766.6,736004
2023-03-09,764.55,775.5,762.05,766.65,1135186
2023-03-10,761.0,762.0,749.55,752.75,554915
2023-03-13,748.0,753.0,737.8,739.8,1506345
2023-03-14,738.95,748.9,731.35,744.2,955817
2023-03-15,746.65,759.95,742.15,746.0,893300
2023-03-16,747.0,753.8,739.9,746.65,848375
2023-03-17,753.4,766.05,748.0,763.7,1183335
2023-03-20,757.0,768.0,742.85,745.95,1266819
2023-03-21,749.7,758.15,742.2,754.6,1896931
2023-03-22,756.0,761.15,744.85,747.1,1344801
2023-03-23,748.8,752.0,740.6,746.7,836254
2023-03-24,741.5,744.65,722.75,727.65,1218088
2023-03-27,727.65,729.95,709.9,715.85,1826050
2023-03-28,717.85,737.0,717.85,732.15,1411125
2023-03-29,732.15,751.5,730.7,747.85,1143861
2023-03-31,748.5,764.1,748.5,761.3,1255439
2023-04-03,764.0,780.8,764.0,778.6,1271784
2023-04-05,778.95,791.6,775.35,782.65,2070273
2023-04-06,795.0,847.05,795.0,841.4,12172829
2023-04-10,847.8,847.8,827.1,829.2,2850243
2023-04-11,835.55,842.3,821.6,840.85,2938742
2023-04-12,835.85,839.5,818.85,820.25,1745975
2023-04-13,821.0,826.3,815.35,820.95,2265370
2023-04-17,821.0,839.9,819.3,836.45,2526926
2023-04-18,833.35,851.9,833.15,839.6,1240081
2023-04-19,840.0,851.15,838.2,846.9,1267087
2023-04-20,846.9,850.7,838.75,843.3,554220
2023-04-21,839.95,844.8,823.15,837.35,990268
2023-04-24,839.95,851.4,838.0,840.35,1881240
2023-04-25,841.95,845.95,836.0,838.55,839455
2023-04-26,840.0,845.0,835.0,838.3,458067
2023-04-27,838.45,857.0,832.55,854.4,1635790
2023-04-28,860.95,873.95,855.9,871.1,1499674
2023-05-02,874.75,894.9,871.15,874.7,2287265
2023-05-03,875.15,888.0,871.25,886.6,1796299
2023-05-04,920.05,970.0,920.05,950.2,12337614
2023-05-05,950.0,999.0,947.05,991.85,6761930
2023-05-08,990.0,1004.95,978.5,1001.9,3345621
2023-05-09,999.95,1007.95,978.55,983.55,2050600
2023-05-10,986.95,994.8,976.05,989.6,1990297
2023-05-11,1003.1,1005.95,985.1,998.85,1466977
2023-05-12,1000.5,1021.0,993.45,1005.05,2231644
2023-05-15,1005.05,1015.0,998.85,1003.5,1414453
2023-05-16,1003.5,1024.9,1003.15,1020.4,2314978
2023-05-17,1019.75,1024.0,1007.2,1011.6,1389487
2023-05-18,1011.6,1049.95,1011.1,1042.3,3347392
2023-05-19,1043.0,1049.15,1025.9,1043.4,1114239
2023-05-22,1040.95,1056.5,1034.35,1053.7,975036
2023-05-23,1055.0,1069.8,1051.1,1060.65,2106878
2023-05-24,1060.0,1067.45,1050.0,1052.2,1530243
2023-05-25,1052.2,1064.0,1047.95,1059.45,1180607
2023-05-26,1060.05,1063.4,1041.6,1049.7,1013930
2023-05-29,1056.0,1061.8,1051.0,1055.4,758768
2023-05-30,1058.0,1058.0,1036.75,1046.3,1051231
2023-05-31,1046.5,1057.8,1036.65,1050.9,2135788
2023-06-01,1051.0,1051.0,1038.0,1043.9,847659
2023-06-02,1045.9,1049.65,1036.3,1039.3,1447106
2023-06-05,1041.15,1057.0,1036.55,1048.55,1064602
2023-06-06,1048.55,1061.0,1044.75,1057.25,734902
2023-06-07,1061.0,1077.0,1055.8,1073.2,1250088
2023-06-08,1073.2,1081.75,1058.7,1061.6,746564
2023-06-09,1060.95,1071.0,1056.0,1065.7,399906
2023-06-12,1067.5,1076.0,1054.3,1073.1,492042
2023-06-13,1080.25,1104.4,1075.6,1101.8,1729173
2023-06-14,1103.0,1103.0,1084.15,1099.3,2229661
2023-06-15,1103.6,1123.55,1096.6,1112.9,1371182
2023-06-16,1112.9,1131.0,1112.0,1126.65,1238110
2023-06-19,1128.45,1149.9,1127.55,1132.25,1000080
2023-06-20,1132.25,1136.35,1117.05,1121.9,1192136
2023-06-21,1126.9,1155.0,1125.1,1134.35,1068007
2023-06-22,1135.0,1135.0,1095.0,1100.2,824251
2023-06-23,1100.25,1106.05,1077.35,1090.15,976315
2023-06-26,1090.0,1090.0,1068.05,1077.6,1188620
2023-06-27,1077.0,1098.0,1071.45,1093.85,2266411
2023-06-28,1102.0,1131.15,1095.95,1127.5,2480325
2023-06-30,1128.1,1147.45,1119.4,1142.0,1324535
2023-07-03,1146.55,1176.0,1145.0,1169.15,1283781
2023-07-04,1176.15,1214.6,1162.7,1187.25,2333220
2023-07-05,1187.25,1205.25,1177.25,1186.45,1314398
2023-07-06,1188.9,1200.0,1155.25,1165.5,2164923
2023-07-07,1170.0,1190.0,1160.5,1176.75,2423669
2023-07-10,1188.65,1193.2,1141.4,1151.35,1855765
2023-07-11,1157.7,1174.7,1128.6,1132.0,2060175
2023-07-12,1138.75,1151.75,1121.4,1148.55,1741178
2023-07-13,1154.55,1164.9,1142.0,1150.8,1156904
2023-07-14,1167.05,1175.0,1152.75,1164.35,1162429
2023-07-17,1166.25,1173.65,1160.4,1164.65,1017237
2023-07-18,1167.0,1167.95,1134.35,1145.95,1648553
2023-07-19,1147.1,1173.75,1143.55,1170.3,855773
2023-07-20,1175.45,1177.8,1127.9,1158.55,2683274
2023-07-21,1158.55,1164.2,1131.7,1134.75,1743039
2023-07-24,1135.0,1149.4,1128.65,1145.35,1186393
2023-07-25,1145.5,1154.2,1120.0,1127.4,1848535
2023-07-26,1137.0,1152.8,1130.0,1141.55,1192657
2023-07-27,1142.75,1155.85,1130.5,1135.95,1048117
2023-07-28,1139.9,1151.95,1127.25,1137.6,1541596
2023-07-31,1119.2,1144.8,1119.2,1132.1,1153814
2023-08-01,1135.9,1138.45,1125.0,1130.45,1034376
2023-08-02,1099.0,1126.4,1073.45,1099.4,9033508
2023-08-03,1099.95,1106.2,1051.0,1070.45,2445500
2023-08-04,1083.9,1092.0,1072.15,1085.3,1562887
2023-08-07,1082.0,1083.8,1063.2,1067.95,1332355
2023-08-08,1067.95,1073.3,1050.95,1057.8,1948626
2023-08-09,1057.8,1065.9,1049.85,1055.65,847254
2023-08-10,1054.6,1070.7,1038.25,1060.25,2808684
2023-08-11,1064.95,1066.75,1040.0,1043.25,1319743
2023-08-14,1038.55,1041.9,1022.1,1037.8,899825
2023-08-16,1032.55,1032.55,1012.5,1017.15,1521299
2023-08-17,1017.0,1036.3,1015.0,1020.8,875661
2023-08-18,1018.9,1020.0,997.25,1016.95,2064231
2023-08-21,1028.95,1052.25,1018.25,1044.85,2226515
2023-08-22,1046.95,1069.6,1041.0,1062.35,1345173
2023-08-23,1062.95,1090.05,1057.8,1086.45,1946131
2023-08-24,1095.0,1105.0,1081.1,1085.05,1591659
2023-08-25,1085.9,1090.8,1063.75,1082.2,1337630
2023-08-28,1082.55,1102.0,1075.1,1092.95,1401965
2023-08-29,1092.95,1103.0,1077.6,1099.05,2051824
2023-08-30,1101.25,1121.6,1097.5,1116.1,1368163
2023-08-31,1119.95,1129.45,1113.7,1121.85,2611207
2023-09-01,1124.0,1134.0,1116.5,1128.85,881841
2023-09-04,1131.1,1137.5,1100.3,1103.95,1221908
2023-09-05,1105.9,1112.25,1084.35,1096.75,2236203
2023-09-06,1096.75,1117.0,1091.2,1104.85,2224003
2023-09-07,1104.85,1134.0,1098.35,1129.25,1855634
2023-09-08,1132.0,1186.7,1132.0,1175.95,4004318
2023-09-11,1185.0,1201.25,1158.75,1184.4,3363778
2023-09-12,1182.1,1191.45,1124.45,1166.05,4153703
2023-09-13,1149.75,1165.3,1131.1,1160.2,1529374
2023-09-14,1162.2,1214.0,1159.55,1208.55,3511627
2023-09-15,1215.0,1240.0,1201.5,1227.1,4663976
2023-09-18,1230.0,1230.0,1178.3,1193.55,3265543
2023-09-20,1185.0,1216.45,1172.55,1199.0,1903238
2023-09-21,1189.05,1208.95,1177.35,1188.2,1528387
2023-09-22,1188.25,1217.95,1183.0,1188.2,2166139
2023-09-25,1185.2,1196.9,1170.2,1183.1,2145513
2023-09-26,1183.1,1205.8,1176.05,1195.05,1981333
2023-09-27,1197.0,1205.4,1188.7,1198.3,791892
2023-09-28,1201.0,1249.45,1200.0,1219.8,3303876
2023-09-29,1245.0,1246.7,1201.0,1217.55,1374721
2023-10-03,1218.45,1257.85,1213.75,1253.8,3584950
2023-10-04,1253.0,1253.0,1206.0,1209.65,4231028
2023-10-05,1221.8,1221.8,1185.35,1199.25,2974607
2023-10-06,1211.5,1227.0,1199.0,1219.55,2503438
2023-10-09,1209.95,1222.7,1204.9,1219.55,1641174
2023-10-10,1225.0,1263.95,1219.6,1259.15,2009992
2023-10-11,1259.0,1272.9,1251.7,1259.7,2083878
2023-10-12,1259.0,1260.6,1241.15,1244.6,607389
2023-10-13,1244.6,1261.0,1241.15,1257.8,843324
2023-10-16,1257.8,1257.8,1238.8,1245.7,1301523
2023-10-17,1247.05,1257.6,1237.7,1244.65,1228315
2023-10-18,1248.7,1248.7,1211.8,1218.45,1993050
2023-10-19,1207.5,1216.75,1193.35,1197.3,2532926
2023-10-20,1190.05,1203.3,1184.1,1187.15,1725399
2023-10-23,1186.0,1198.75,1161.15,1167.25,1121828
2023-10-25,1166.0,1172.85,1131.4,1147.05,1758063
2023-10-26,1144.45,1144.45,1114.65,1134.5,1472625
2023-10-27,1136.05,1185.2,1135.1,1168.05,2141573
2023-10-30,1166.0,1168.15,1137.4,1155.65,872127
2023-10-31,1157.0,1165.55,1126.2,1137.3,1506570
2023-11-01,1142.95,1164.0,1135.2,1149.0,1196729
2023-11-02,1152.5,1193.9,1141.2,1177.45,1331739
2023-11-03,1190.05,1217.5,1128.5,1134.3,4353899
2023-11-06,1142.0,1155.0,1121.0,1152.35,1566013
2023-11-07,1156.0,1156.0,1113.0,1142.4,2579066
2023-11-08,1144.0,1149.5,1130.7,1143.15,784749
2023-11-09,1148.4,1155.85,1135.25,1152.05,806956
2023-11-10,1149.95,1151.8,1132.05,1148.25,650284
2023-11-12,1157.8,1160.0,1149.0,1151.5,50964
2023-11-13,1147.95,1153.55,1135.0,1148.9,979664
2023-11-15,1165.0,1174.6,1154.0,1166.75,1514890
2023-11-16,1168.95,1176.1,1156.0,1165.3,848317
2023-11-17,1142.05,1148.8,1115.85,1126.4,2028903
2023-11-20,1129.9,1138.6,1120.7,1126.65,2168137
2023-11-21,1126.0,1132.9,1097.6,1103.85,3119172
2023-11-22,1103.85,1133.95,1101.75,1120.95,1708687
2023-11-23,1130.0,1137.0,1112.45,1115.0,696088
2023-11-24,1117.0,1124.15,1091.3,1094.5,1350899
2023-11-28,1092.05,1108.0,1085.4,1106.25,2445247
2023-11-29,1109.0,1119.5,1102.25,1110.45,967327
2023-11-30,1109.95,1126.0,1099.55,1117.45,4152570
2023-12-01,1128.6,1139.0,1120.0,1128.2,1040604
2023-12-04,1136.5,1161.95,1136.5,1148.75,2340871
2023-12-05,1150.95,1151.1,1129.6,1139.6,1382427
2023-12-06,1139.6,1166.0,1139.0,1154.2,1216230
2023-12-07,1156.7,1157.9,1132.1,1137.25,1857781
2023-12-08,1141.0,1174.95,1128.25,1166.65,2802274
2023-12-11,1171.0,1182.45,1163.5,1175.2,3251789
2023-12-12,1177.0,1191.45,1169.25,1177.25,2154453
2023-12-13,1178.9,1183.65,1167.9,1180.6,1409772
2023-12-14,1195.0,1232.0,1188.5,1228.9,2353918
2023-12-15,1234.85,1247.0,1229.4,1243.8,2123755
2023-12-18,1253.25,1254.95,1242.0,1248.3,2129177
2023-12-19,1249.0,1254.0,1240.0,1249.65,1940755
2023-12-20,1252.1,1257.8,1229.8,1239.15,2525322
2023-12-21,1210.6,1239.4,1210.6,1228.05,1781569
2023-12-22,1229.95,1263.3,1225.45,1250.8,1114151
2023-12-26,1250.0,1262.2,1235.0,1245.3,1135900
2023-12-27,1248.2,1264.8,1246.3,1253.2,1763459
2023-12-28,1265.0,1278.9,1228.3,1235.7,3153634
2023-12-29,1240.15,1266.95,1240.15,1259.8,1366337
2024-01-01,1259.7,1260.0,1220.0,1225.35,726699
2024-01-02,1229.8,1232.0,1214.55,1220.1,2240606
2024-01-03,1220.95,1250.0,1218.15,1240.5,1378408
2024-01-04,1247.2,1300.75,1243.75,1297.25,2922785
2024-01-05,1305.3,1305.3,1248.1,1257.85,1075135
2024-01-08,1267.0,1267.65,1224.2,1231.15,985554
2024-01-09,1233.05,1247.9,1220.0,1231.45,1439320
2024-01-10,1231.9,1235.85,1207.65,1216.25,1003899
2024-01-11,1223.95,1243.0,1221.7,1231.35,674707
2024-01-12,1232.0,1252.0,1224.65,1246.5,1453561
2024-01-15,1258.0,1289.7,1253.45,1278.25,2266938
2024-01-16,1279.85,1310.0,1276.05,1299.45,2510614
2024-01-17,1286.5,1306.0,1280.3,1288.1,2378717
2024-01-18,1281.9,1298.35,1246.3,1291.65,1912562
2024-01-19,1294.9,1295.05,1254.05,1265.55,1372449
2024-01-20,1265.5,1273.0,1242.2,1261.05,274689
2024-01-23,1267.0,1296.35,1209.95,1220.25,2858244
2024-01-24,1220.1,1277.1,1201.5,1245.8,1810867
2024-01-25,1249.25,1265.0,1223.45,1244.7,1302157
2024-01-29,1270.0,1271.35,1219.5,1230.8,2511468
2024-01-30,1235.35,1277.85,1210.9,1214.05,3016003
2024-01-31,1216.0,1222.0,1175.5,1184.15,2760030
2024-02-01,1190.0,1193.15,1133.85,1145.05,2884912
2024-02-02,1145.05,1175.85,1143.75,1160.85,1664980
2024-02-05,1162.0,1171.75,1130.7,1136.35,1564033
2024-02-06,1147.7,1164.0,1127.25,1157.05,2243173
2024-02-07,1170.0,1172.75,1147.05,1159.8,2520205
2024-02-08,1155.1,1162.65,1115.1,1133.45,3061436
2024-02-09,1140.2,1140.2,1100.2,1122.3,2363941
2024-02-12,1130.0,1133.95,1098.0,1101.55,850214
2024-02-13,1108.0,1150.0,1103.0,1141.7,3317561
2024-02-14,1136.9,1136.9,1109.2,1125.2,775287
2024-02-15,1132.8,1151.7,1120.55,1124.5,1815648
2024-02-16,1131.75,1146.15,1123.9,1144.0,1011354
2024-02-19,1152.45,1155.55,1127.95,1133.35,911475
2024-02-20,1124.0,1124.0,1091.85,1099.9,2572662
2024-02-21,1097.55,1109.9,1081.0,1085.55,2133034
2024-02-22,1088.7,1090.55,1067.4,1082.45,1546459
2024-02-23,1089.35,1109.7,1079.1,1105.4,1687284
2024-02-26,1105.15,1114.9,1093.0,1110.85,1112759
2024-02-27,1104.1,1127.05,1085.5,1098.65,1977469
2024-02-28,1101.0,1105.0,1061.55,1069.7,1184413
2024-02-29,1070.0,1095.0,1062.0,1089.2,1362002
2024-03-01,1090.05,1099.0,1080.5,1095.85,639779
2024-03-02,1104.0,1104.0,1090.05,1098.4,24104
2024-03-04,1085.0,1094.95,1071.0,1075.55,1497000
2024-03-05,1079.9,1094.5,1042.2,1046.9,2399949
2024-03-06,1041.0,1056.3,1011.2,1019.6,2251068
2024-03-07,1041.0,1089.7,1036.55,1083.25,4704679
2024-03-11,1092.0,1107.9,1086.8,1095.45,2070659
2024-03-12,1090.0,1096.55,1059.8,1066.45,1860620
2024-03-13,1070.15,1070.8,1035.85,1048.3,2403094
2024-03-14,1053.7,1080.0,1034.3,1070.85,1692979
2024-03-15,1074.95,1086.0,1055.65,1067.85,1670380
2024-03-18,1071.0,1071.3,1051.0,1056.4,824132
2024-03-19,1053.5,1058.5,1040.05,1046.75,3933520
2024-03-20,1044.5,1051.3,1026.65,1044.8,1241436
2024-03-21,1052.0,1081.6,1047.55,1074.2,3184470
2024-03-22,1072.05,1093.5,1066.2,1089.4,1861277
2024-03-26,1080.4,1131.0,1077.5,1115.2,3092010
2024-03-27,1119.0,1133.0,1113.1,1130.2,1445844
2024-03-28,1130.2,1168.6,1130.2,1156.6,1845633
2024-04-01,1162.0,1191.6,1160.0,1185.4,1170898
2024-04-02,1185.4,1201.7,1183.75,1197.25,1552331
2024-04-03,1195.05,1204.5,1176.95,1194.75,1645617
2024-04-04,1210.0,1213.3,1193.9,1196.35,1568022
2024-04-05,1193.2,1220.55,1185.3,1217.65,1353217
2024-04-08,1236.0,1236.0,1200.0,1203.05,1710691
2024-04-09,1215.1,1223.7,1198.3,1210.1,956608
2024-04-10,1215.1,1222.2,1187.05,1191.8,575759
2024-04-12,1191.05,1199.55,1174.1,1177.6,564886
2024-04-15,1150.0,1180.0,1150.0,1161.7,808218
2024-04-16,1153.0,1161.7,1126.2,1130.0,1235759
2024-04-18,1139.0,1144.95,1114.8,1118.8,833424
2024-04-19,1114.75,1132.55,1100.5,1128.15,621126
2024-04-22,1139.0,1150.4,1125.5,1140.0,1111419
2024-04-23,1143.95,1159.9,1135.0,1143.25,596378
2024-04-24,1148.05,1181.25,1144.7,1168.8,929917
2024-04-25,1159.0,1170.0,1147.25,1155.35,766072
2024-04-26,1164.9,1184.7,1150.45,1171.7,1064592
2024-04-29,1173.0,1176.05,1161.15,1170.9,599436
2024-04-30,1180.0,1212.8,1173.0,1193.3,1816728
2024-05-02,1206.0,1309.8,1206.0,1301.6,7345047
2024-05-03,1312.8,1352.6,1301.25,1309.7,3478644
2024-05-06,1315.0,1349.9,1300.0,1326.0,1372751
2024-05-07,1326.0,1331.05,1288.6,1306.35,1559158
2024-05-08,1296.1,1306.65,1258.6,1263.95,2129305
2024-05-09,1270.0,1273.95,1216.4,1222.5,1159750
2024-05-10,1234.95,1279.15,1224.65,1272.65,2686766
2024-05-13,1279.8,1302.0,1242.15,1282.6,1639556
2024-05-14,1282.25,1290.0,1243.2,1252.05,1216177
2024-05-15,1255.0,1259.35,1224.0,1231.35,1299166
2024-05-16,1243.7,1271.95,1231.55,1262.0,1689316
2024-05-17,1265.9,1292.45,1248.85,1285.0,857080
2024-05-18,1297.95,1298.0,1251.05,1281.85,155173
2024-05-21,1285.3,1308.7,1276.0,1292.45,1610011
2024-05-22,1298.85,1304.95,1263.7,1269.75,730897
2024-05-23,1275.0,1282.1,1262.3,1279.25,462881
2024-05-24,1265.0,1272.6,1245.0,1260.95,1341766
2024-05-27,1261.95,1274.95,1258.0,1270.0,1089494
2024-05-28,1271.2,1272.65,1251.5,1259.7,1064850
2024-05-29,1254.05,1269.8,1235.0,1240.4,959457
2024-05-30,1237.5,1246.0,1205.55,1212.85,902176
2024-05-31,1214.6,1255.8,1214.6,1241.1,2733548
2024-06-03,1270.0,1294.95,1263.85,1288.65,1873865
2024-06-04,1300.0,1308.4,1197.6,1231.4,3974437
2024-06-05,1220.0,1299.6,1219.8,1288.5,1309669
2024-06-06,1288.4,1344.0,1283.85,1335.7,1742305
2024-06-07,1350.0,1351.0,1325.3,1337.85,1065686
2024-06-10,1343.0,1369.0,1335.3,1359.95,1022484
2024-06-11,1360.95,1360.95,1326.65,1332.3,1135533
2024-06-12,1344.7,1369.2,1328.95,1359.05,1060279
2024-06-13,1374.0,1439.95,1365.8,1436.1,4792044
2024-06-14,1435.0,1455.85,1431.05,1447.0,1636769
2024-06-18,1447.05,1459.0,1434.6,1454.15,1278612
2024-06-19,1461.0,1476.2,1439.5,1450.65,1474026
2024-06-20,1453.0,1453.0,1425.5,1438.7,1128520
2024-06-21,1438.7,1448.0,1393.8,1401.55,1345648
2024-06-24,1404.0,1441.65,1386.35,1434.75,925196
2024-06-25,1442.5,1447.15,1405.7,1431.35,1361328
2024-06-26,1428.25,1448.0,1420.9,1430.25,693449
2024-06-27,1436.0,1447.0,1414.15,1438.1,691354
2024-06-28,1432.75,1439.4,1409.35,1423.5,1498054
2024-07-01,1424.0,1443.0,1415.75,1434.6,505369
2024-07-02,1446.0,1450.0,1394.0,1400.25,1518931
2024-07-03,1410.25,1441.85,1400.0,1435.3,525587
2024-07-04,1443.0,1443.0,1418.5,1421.7,434055
2024-07-05,1425.8,1435.8,1409.0,1431.6,514803
2024-07-08,1433.05,1433.05,1395.0,1412.15,572499
2024-07-09,1420.5,1425.0,1400.35,1403.5,673844
2024-07-10,1413.8,1423.6,1390.0,1421.05,912911
2024-07-11,1425.9,1433.0,1402.2,1404.8,2560438
2024-07-12,1408.0,1429.85,1377.75,1380.7,1083813
2024-07-15,1382.0,1419.8,1373.9,1413.5,1077931
2024-07-16,1418.9,1432.95,1400.5,1408.2,839363
2024-07-18,1408.0,1454.45,1398.95,1449.85,1576176
2024-07-19,1454.0,1456.85,1421.3,1426.7,853356
2024-07-22,1408.9,1425.9,1390.0,1403.35,1022226
2024-07-23,1414.0,1426.65,1363.05,1395.65,1473643
2024-07-24,1395.8,1421.7,1382.7,1388.9,815472
2024-07-25,1381.35,1385.0,1341.55,1363.65,1301367
2024-07-26,1364.0,1437.15,1351.95,1410.95,2239763
2024-07-29,1415.0,1477.0,1364.1,1433.4,4102496
2024-07-30,1432.85,1445.8,1393.2,1417.85,2768717
2024-07-31,1416.8,1440.85,1409.85,1416.6,1184730
2024-08-01,1418.5,1442.5,1382.2,1390.65,1234681
2024-08-02,1381.0,1409.95,1368.75,1385.1,730113
2024-08-05,1370.0,1388.9,1329.05,1346.85,2242211
2024-08-06,1355.0,1383.6,1330.35,1335.35,1039991
2024-08-07,1352.0,1385.5,1348.3,1377.7,1278447
2024-08-08,1382.0,1386.45,1346.05,1350.25,451732
2024-08-09,1368.0,1374.9,1337.1,1348.65,656951
2024-08-12,1340.0,1353.95,1332.85,1348.75,601506
2024-08-13,1358.0,1365.95,1302.5,1314.9,3186664
2024-08-14,1316.95,1346.5,1309.1,1344.0,1503161
2024-08-16,1345.05,1372.75,1341.0,1369.15,612766
2024-08-19,1369.15,1377.0,1347.1,1349.7,1038009
2024-08-20,1359.9,1400.05,1349.0,1387.85,1259146
2024-08-21,1387.7,1404.4,1373.15,1400.4,523608
2024-08-22,1400.4,1410.0,1352.95,1365.65,1640128
2024-08-23,1365.5,1369.85,1344.2,1348.8,1679433
2024-08-26,1357.0,1397.9,1350.0,1395.05,1742029
2024-08-27,1395.05,1449.9,1381.0,1443.8,2974425
2024-08-28,1443.8,1458.9,1433.0,1450.7,1014841
2024-08-29,1443.0,1478.9,1435.2,1455.6,1510639
2024-08-30,1462.5,1462.9,1426.3,1455.6,1764924
2024-09-02,1460.0,1494.0,1452.55,1486.3,1830962
2024-09-03,1495.05,1506.45,1465.1,1500.0,1947168
2024-09-04,1463.0,1501.95,1463.0,1487.3,1194449
2024-09-05,1519.05,1549.0,1505.9,1533.6,3481685
2024-09-06,1543.0,1556.8,1506.1,1511.35,2754275
2024-09-09,1511.35,1542.7,1511.35,1538.25,1682896
2024-09-10,1545.0,1549.45,1500.6,1507.6,1198527
2024-09-11,1510.0,1533.9,1503.4,1521.45,653307
2024-09-12,1549.95,1579.0,1541.6,1575.55,2689481
2024-09-13,1580.0,1594.0,1568.8,1574.5,1115661
2024-09-16,1580.85,1589.95,1559.0,1564.75,1112875
2024-09-17,1564.75,1585.0,1557.4,1573.95,2133543
2024-09-18,1574.0,1602.85,1573.05,1590.15,1305843
2024-09-19,1599.0,1614.0,1574.0,1596.3,776010
2024-09-20,1601.0,1613.2,1582.0,1604.3,1168486
2024-09-23,1620.0,1649.8,1613.0,1633.85,1129202
2024-09-24,1639.95,1652.0,1603.05,1614.3,1041776
2024-09-25,1614.3,1624.3,1592.85,1618.3,893217
2024-09-26,1625.15,1644.95,1612.0,1641.75,1063773
2024-09-27,1631.8,1638.0,1590.5,1609.0,1852921
2024-09-30,1609.0,1623.85,1599.05,1608.0,917971
2024-10-01,1611.1,1623.0,1576.1,1581.85,924366
2024-10-03,1565.0,1575.35,1507.6,1516.25,1278465
2024-10-04,1516.25,1526.25,1489.15,1497.4,600340
2024-10-07,1504.8,1514.35,1462.0,1478.45,759332
2024-10-08,1470.0,1537.0,1469.55,1530.95,2220536
2024-10-09,1539.0,1586.95,1538.0,1561.55,1777352
2024-10-10,1569.85,1587.45,1511.3,1517.1,1081043
2024-10-11,1517.1,1517.1,1479.0,1501.05,1050785
2024-10-14,1525.0,1533.55,1503.0,1512.9,507730
2024-10-15,1524.0,1524.7,1491.15,1503.05,1372341
2024-10-16,1501.95,1509.65,1474.45,1485.2,942953
2024-10-17,1485.25,1495.5,1448.35,1456.55,1585872
2024-10-18,1443.1,1468.25,1427.5,1460.3,847463
2024-10-21,1461.0,1476.7,1434.85,1438.7,547781
2024-10-22,1444.8,1457.95,1405.6,1411.2,1288147
2024-10-23,1411.0,1430.15,1386.0,1406.7,1310995
2024-10-24,1415.0,1417.0,1350.65,1386.15,825792
2024-10-25,1395.0,1432.85,1342.05,1372.2,1708841
2024-10-28,1383.95,1383.95,1271.0,1280.35,5699062
2024-10-29,1289.9,1296.8,1264.65,1292.4,5601418
2024-10-30,1280.2,1295.7,1265.15,1274.5,1458435
2024-10-31,1281.8,1290.0,1251.5,1272.75,1297605
2024-11-01,1290.55,1290.55,1279.0,1283.2,98256
2024-11-04,1291.0,1291.0,1248.3,1251.25,1323470
2024-11-05,1242.15,1290.9,1221.1,1283.0,2322459
2024-11-06,1285.0,1307.7,1275.4,1304.55,1220646
2024-11-07,1307.0,1320.0,1267.0,1283.0,882788
2024-11-08,1281.0,1293.0,1255.3,1260.7,989468
2024-11-11,1263.0,1273.0,1244.85,1262.55,527465
2024-11-12,1269.0,1278.35,1235.75,1239.75,1006239
2024-11-13,1225.45,1250.0,1195.0,1205.05,1989571
2024-11-14,1201.0,1215.0,1181.15,1205.7,1443941
2024-11-18,1211.75,1253.8,1207.3,1242.8,1661116
2024-11-19,1243.75,1254.25,1221.05,1236.0,1793763
2024-11-21,1230.5,1236.0,1202.5,1204.9,2224943
2024-11-22,1185.0,1219.4,1185.0,1208.4,2785943
2024-11-25,1252.0,1263.1,1230.85,1239.9,2851902
2024-11-26,1239.9,1280.55,1232.85,1265.45,1163794
2024-11-27,1260.0,1292.0,1258.25,1279.15,766225
2024-11-28,1270.0,1284.4,1258.5,1268.35,1691315
2024-11-29,1269.45,1273.95,1229.05,1233.95,2220045
2024-12-02,1234.0,1259.45,1233.15,1249.2,4211650
2024-12-03,1257.05,1285.55,1247.35,1253.65,5948984
2024-12-04,1260.0,1298.3,1257.0,1292.25,1782673
2024-12-05,1300.0,1302.65,1279.4,1291.45,903593
2024-12-06,1298.65,1298.65,1267.75,1275.1,952010
2024-12-09,1275.1,1293.4,1272.65,1282.25,1661864
2024-12-10,1292.85,1340.0,1285.0,1336.3,3658637
2024-12-11,1349.0,1364.0,1332.95,1348.95,2210755
2024-12-12,1348.5,1355.35,1333.35,1343.05,748016
2024-12-13,1334.85,1334.85,1280.7,1304.85,2013014
2024-12-16,1305.7,1312.2,1278.0,1285.7,1951533
2024-12-17,1286.0,1287.85,1241.05,1246.8,2378904
2024-12-18,1245.15,1259.0,1232.7,1242.75,2196037
2024-12-19,1219.0,1226.7,1203.25,1213.75,1664959
2024-12-20,1215.95,1229.7,1182.8,1189.55,2300317
2024-12-23,1192.5,1199.95,1168.1,1171.1,1453658
2024-12-24,1168.05,1191.2,1168.0,1185.45,1124697
2024-12-26,1195.45,1196.0,1180.65,1189.35,587018
2024-12-27,1198.6,1216.6,1190.5,1193.85,663670
2024-12-30,1217.0,1232.5,1203.4,1212.4,4066946
2024-12-31,1200.0,1215.0,1183.0,1185.95,1279758
2025-01-01,1190.0,1194.9,1175.1,1184.35,587931
2025-01-02,1184.0,1276.0,1183.05,1271.5,5438699
2025-01-03,1279.0,1330.6,1270.55,1320.25,4575469
2025-01-06,1324.0,1343.15,1285.9,1294.2,2220983
2025-01-07,1295.0,1300.25,1270.3,1276.0,1548819
2025-01-08,1268.0,1278.95,1253.2,1275.25,1212951
2025-01-09,1280.0,1292.3,1266.65,1288.2,1603366
2025-01-10,1294.0,1296.25,1238.55,1255.05,2116766
2025-01-13,1230.0,1259.4,1215.25,1222.55,2021426
2025-01-14,1226.8,1277.05,1226.8,1270.7,2019116
2025-01-15,1290.95,1290.95,1251.0,1253.85,1132553
2025-01-16,1268.85,1297.95,1265.1,1282.1,2453628
2025-01-17,1290.0,1290.0,1241.2,1257.4,1594817
2025-01-20,1259.5,1269.3,1228.8,1246.9,763622
2025-01-21,1245.1,1269.5,1238.3,1240.5,1153732
2025-01-22,1248.0,1278.0,1231.45,1257.1,1708689
2025-01-23,1251.0,1258.35,1221.0,1246.05,1143154
2025-01-24,1247.5,1252.35,1215.65,1223.05,1118698
2025-01-27,1220.0,1220.0,1169.8,1175.35,1224514
2025-01-28,1205.0,1292.85,1196.0,1241.7,4408311
2025-01-29,1235.0,1304.5,1230.05,1296.55,2589903
2025-01-30,1295.5,1308.6,1265.05,1279.4,1603461
2025-01-31,1284.0,1321.8,1247.45,1285.85,3455935
2025-02-01,1296.25,1296.3,1225.35,1265.5,1221548
2025-02-03,1269.0,1340.4,1239.1,1337.65,3201674
2025-02-04,1348.0,1399.5,1342.05,1394.9,4294009
2025-02-05,1400.0,1401.45,1372.2,1388.0,2256362
2025-02-06,1381.5,1401.1,1365.2,1381.9,1418890
2025-02-07,1384.9,1395.0,1356.05,1380.15,1906955
2025-02-10,1374.1,1390.0,1322.55,1347.75,742166
2025-02-11,1347.75,1356.0,1300.6,1310.3,1165281
2025-02-12,1313.8,1358.5,1302.0,1351.85,1486866
2025-02-13,1355.0,1414.5,1355.0,1390.8,3103262
2025-02-14,1391.0,1403.5,1357.0,1376.0,1380204
2025-02-17,1365.05,1377.45,1336.45,1356.95,1159828
2025-02-18,1351.1,1362.4,1333.05,1350.4,1120095
2025-02-19,1350.0,1380.85,1343.45,1375.4,1493355
2025-02-20,1370.0,1399.0,1358.4,1395.25,1137492
2025-02-21,1394.45,1406.75,1370.5,1384.15,1316473
2025-02-24,1375.0,1382.5,1338.0,1377.25,933976
2025-02-25,1379.95,1403.65,1363.25,1367.8,1043022
2025-02-27,1406.15,1443.5,1400.5,1438.65,4929552
2025-02-28,1434.1,1438.65,1395.3,1400.75,2802181
2025-03-03,1408.0,1427.95,1400.0,1419.75,1551965
2025-03-04,1414.8,1454.25,1387.3,1449.6,1971854
2025-03-05,1458.0,1461.9,1394.05,1446.9,2724065
2025-03-06,1469.0,1500.0,1450.0,1458.6,1086379
2025-03-07,1467.55,1474.0,1449.65,1457.35,1722090
2025-03-10,1460.0,1476.35,1411.0,1419.55,1482590
2025-03-11,1417.0,1455.0,1408.75,1448.75,1204847
2025-03-12,1457.0,1457.0,1425.55,1451.5,1194307
2025-03-13,1456.55,1466.95,1437.0,1444.7,754263
2025-03-17,1438.1,1466.0,1433.1,1455.6,849819
2025-03-18,1465.0,1521.35,1455.45,1515.25,2238715
2025-03-19,1520.0,1530.4,1497.25,1513.25,1564937
2025-03-20,1517.0,1538.0,1476.2,1493.2,3216107
2025-03-21,1502.0,1550.0,1500.8,1538.5,1902342
2025-03-24,1554.85,1580.0,1522.0,1529.3,5381367
2025-03-25,1560.0,1560.0,1508.1,1529.05,2103349
2025-03-26,1534.7,1551.0,1510.0,1522.25,1863135
2025-03-27,1515.0,1536.0,1507.2,1531.7,1773298
2025-03-28,1536.0,1536.0,1511.0,1519.95,975450
2025-04-01,1523.0,1523.9,1460.0,1468.25,1585585
2025-04-02,1471.0,1479.6,1452.6,1460.25,1356661
2025-04-03,1454.0,1472.6,1426.25,1445.45,1029616
2025-04-04,1445.0,1462.65,1433.05,1453.3,1303321
2025-04-07,1445.0,1445.0,1358.65,1386.1,2219214
2025-04-08,1414.0,1470.0,1412.05,1463.3,2682517
2025-04-09,1475.0,1475.0,1390.0,1430.6,2837371
2025-04-11,1473.0,1498.6,1457.05,1475.7,1785510
2025-04-15,1520.0,1579.0,1487.9,1560.3,2497699
2025-04-16,1570.0,1629.9,1543.0,1611.9,2052940
2025-04-17,1605.0,1609.8,1561.9,1587.3,1816329
2025-04-21,1609.3,1682.0,1595.0,1659.8,3338149
2025-04-22,1648.9,1649.0,1557.4,1566.4,4574218
2025-04-23,1595.0,1620.0,1559.2,1566.8,3560465
2025-04-24,1567.0,1570.9,1536.7,1547.9,3030697
2025-04-25,1562.0,1579.9,1517.7,1543.5,1777628
2025-04-28,1522.1,1563.0,1485.1,1525.8,2705277
2025-04-29,1529.8,1534.9,1480.0,1484.5,2398360
2025-04-30,1480.0,1503.3,1465.6,1492.2,2525455
2025-05-02,1480.1,1505.1,1475.9,1487.8,1363356
2025-05-05,1494.0,1559.3,1487.4,1551.5,1794084
2025-05-06,1557.0,1572.9,1524.8,1530.6,1385877
2025-05-07,1505.0,1590.9,1505.0,1574.5,2446096
2025-05-08,1575.0,1590.7,1518.3,1531.5,1490280
2025-05-09,1495.5,1530.5,1492.5,1513.6,2126114
2025-05-12,1550.0,1582.0,1543.9,1579.2,825674
2025-05-13,1579.2,1593.5,1569.0,1578.8,1222774
2025-05-14,1555.0,1606.0,1555.0,1596.6,1240552
2025-05-15,1584.6,1614.0,1574.9,1609.2,801332
2025-05-16,1616.2,1630.0,1602.7,1619.3,652281
2025-05-19,1620.0,1639.5,1618.9,1634.4,893304
2025-05-20,1634.6,1635.0,1600.4,1609.3,1110122
2025-05-21,1609.9,1661.0,1603.2,1656.0,2599619
2025-05-22,1652.5,1656.9,1616.8,1626.9,1163741
2025-05-23,1622.0,1634.8,1604.0,1628.0,648628
2025-05-26,1628.0,1648.5,1619.7,1644.8,537043
2025-05-27,1645.2,1670.0,1638.4,1665.2,1146178
2025-05-28,1670.0,1684.4,1642.7,1647.0,982297
2025-05-29,1649.9,1653.8,1601.5,1607.8,1535436
2025-05-30,1608.0,1615.3,1593.0,1601.0,1453818
2025-06-02,1570.0,1590.0,1548.1,1581.0,2123000
2025-06-03,1588.0,1603.2,1562.1,1566.3,860899
2025-06-04,1554.7,1554.7,1494.4,1512.7,4168598
2025-06-05,1522.0,1524.7,1502.0,1511.6,2623833
2025-06-06,1519.0,1623.7,1497.2,1593.2,6915310
2025-06-09,1620.0,1653.0,1604.0,1644.6,2938014
2025-06-10,1660.0,1660.0,1612.4,1637.7,1392757
2025-06-11,1629.0,1642.3,1594.4,1608.2,1851871
2025-06-12,1608.3,1634.9,1578.0,1581.7,1483626
2025-06-13,1551.0,1569.2,1540.5,1553.8,3191325
2025-06-16,1555.0,1573.0,1549.0,1566.6,1213574
2025-06-17,1571.0,1576.4,1542.0,1555.2,1189553
2025-06-18,1552.0,1590.0,1550.5,1586.8,1561533
2025-06-19,1584.8,1599.8,1535.3,1544.4,1062384
2025-06-20,1544.4,1565.0,1538.0,1557.5,2149247
2025-06-23,1549.8,1587.9,1543.2,1583.6,838061
2025-06-24,1602.0,1614.5,1591.6,1598.5,1464575
2025-06-25,1605.0,1613.3,1588.1,1608.8,1252727
2025-06-26,1616.0,1630.9,1596.3,1627.0,1809115
2025-06-27,1627.1,1666.6,1594.3,1654.1,5837341
2025-06-30,1656.0,1658.2,1615.0,1628.0,1489109
2025-07-01,1621.0,1627.9,1578.0,1599.8,2353507
2025-07-02,1580.0,1605.4,1540.0,1554.6,2875195
2025-07-03,1555.0,1567.9,1524.1,1527.1,4522465
2025-07-04,1532.1,1545.5,1515.0,1526.7,1751430
2025-07-07,1526.7,1535.2,1508.1,1514.3,2553187
2025-07-08,1517.0,1526.0,1506.5,1521.7,2437495
2025-07-09,1527.0,1570.0,1518.0,1563.1,2507920
2025-07-10,1569.0,1576.0,1542.7,1546.8,1072022
2025-07-11,1542.0,1546.6,1524.5,1532.5,1178845
2025-07-14,1533.0,1547.7,1520.5,1528.4,1189763
2025-07-15,1542.7,1561.0,1519.0,1557.0,2169391
2025-07-17,1563.0,1570.6,1550.0,1564.3,912552
2025-07-18,1563.0,1571.4,1550.0,1554.6,1194869
2025-07-21,1554.0,1578.6,1518.1,1573.8,1632384
2025-07-22,1585.0,1587.8,1556.1,1565.4,731619
2025-07-23,1550.0,1565.9,1546.1,1556.1,790498
2025-07-24,1558.0,1564.1,1544.1,1551.4,2287825
2025-07-25,1520.0,1520.0,1465.7,1503.8,4161435
2025-07-28,1488.0,1506.4,1485.8,1490.3,1228097
2025-07-29,1478.0,1502.8,1464.0,1484.8,1288099
2025-07-30,1498.5,1499.0,1472.0,1478.1,738799
2025-07-31,1465.0,1469.0,1426.7,1443.2,6484530
2025-08-01,1442.5,1481.9,1404.0,1422.5,4717925
2025-08-04,1422.8,1477.0,1422.8,1472.1,1765076
2025-08-05,1475.4,1481.6,1456.5,1472.1,1537683
2025-08-06,1472.0,1480.7,1438.9,1454.9,2136451
2025-08-07,1440.0,1491.0,1440.0,1488.0,1097782
2025-08-08,1493.9,1499.8,1450.0,1451.1,840293
2025-08-11,1452.0,1493.6,1448.0,1483.0,842409
2025-08-12,1485.0,1485.0,1445.5,1450.7,755391
2025-08-13,1457.0,1474.7,1454.6,1460.5,672021
2025-08-14,1459.1,1474.8,1449.2,1461.5,1612053
2025-08-18,1500.0,1533.4,1495.8,1522.6,1354862
2025-08-19,1522.6,1529.9,1503.0,1527.9,953552
2025-08-20,1527.8,1536.3,1508.5,1522.9,1272429
2025-08-21,1525.9,1527.7,1513.7,1518.3,728673
2025-08-22,1515.0,1527.0,1511.3,1524.1,559123
2025-08-25,1524.9,1530.0,1504.2,1509.4,701737
2025-08-26,1510.6,1518.3,1470.1,1476.2,2035044
2025-08-28,1464.2,1468.5,1435.9,1439.8,1548977
2025-08-29,1439.0,1452.3,1418.0,1420.7,871127
2025-09-01,1419.4,1455.4,1412.3,1453.8,909205
2025-09-02,1454.9,1458.5,1428.7,1431.4,1087452
2025-09-03,1432.9,1445.0,1424.2,1439.8,989265
2025-09-04,1475.0,1486.7,1447.5,1461.2,1738436
2025-09-05,1471.9,1495.7,1457.0,1490.9,1103269
2025-09-08,1498.8,1514.0,1481.7,1494.0,869279
2025-09-09,1499.9,1524.7,1495.6,1507.1,854933
2025-09-10,1507.1,1528.4,1507.0,1522.4,847153
2025-09-11,1522.0,1530.2,1490.5,1495.7,1286327
2025-09-12,1505.0,1520.0,1491.2,1512.3,466301
2025-09-15,1510.7,1522.0,1505.1,1517.7,844483
2025-09-16,1520.7,1588.2,1515.6,1583.1,3343241
2025-09-17,1575.3,1589.9,1569.2,1573.4,1113217
2025-09-18,1575.0,1592.9,1568.1,1586.6,1022359
2025-09-19,1568.5,1601.3,1563.3,1590.9,2436924
2025-09-22,1586.5,1644.2,1586.5,1630.0,2983892
2025-09-23,1629.9,1643.7,1610.1,1623.8,1724892
2025-09-24,1611.0,1640.0,1611.0,1630.2,1640747
2025-09-25,1627.0,1634.2,1586.7,1592.8,1350066
2025-09-26,1595.0,1595.0,1562.0,1569.9,1273246
2025-09-29,1574.0,1597.9,1566.7,1591.7,1415978
2025-09-30,1576.3,1624.0,1576.3,1610.8,2707464
2025-10-01,1597.1,1619.5,1577.6,1605.3,2199531
2025-10-03,1607.8,1607.8,1557.8,1570.9,1515769
2025-10-06,1571.1,1665.0,1570.5,1634.1,1859040
2025-10-07,1634.1,1640.0,1609.0,1631.6,1722326
2025-10-08,1620.0,1629.9,1602.2,1607.3,885008
2025-10-09,1607.5,1625.0,1596.4,1621.4,1404177
2025-10-10,1623.9,1630.9,1609.7,1614.2,451903
2025-10-13,1614.0,1652.6,1609.1,1647.2,1392973
2025-10-14,1652.1,1673.0,1639.0,1645.7,1887000
2025-10-15,1649.0,1708.0,1648.1,1698.4,2004535
2025-10-16,1698.0,1700.1,1653.2,1668.1,3202080
2025-10-17,1666.9,1677.5,1652.0,1654.3,654858
2025-10-20,1661.0,1675.5,1654.0,1673.3,715202
2025-10-21,1685.2,1686.8,1665.0,1670.3,132071
2025-10-23,1676.6,1695.1,1672.9,1684.7,1348437
2025-10-24,1685.0,1752.7,1678.1,1733.6,2128154
2025-10-27,1747.2,1782.0,1722.6,1732.4,2981176
2025-10-28,1732.4,1743.6,1711.0,1723.2,2017814
2025-10-29,1720.0,1725.8,1686.1,1710.4,2012855
2025-10-30,1719.9,1723.8,1700.0,1711.8,654163
2025-10-31,1717.1,1725.2,1692.2,1696.8,1093387
2025-11-03,1697.9,1747.4,1697.9,1718.5,1170459
2025-11-04,1720.0,1777.0,1718.0,1745.9,1886397
2025-11-06,1744.1,1751.2,1653.4,1683.4,2300974
2025-11-07,1665.5,1715.0,1644.6,1703.9,2353603
2025-11-10,1716.8,1759.0,1691.9,1754.4,1647003
2025-11-11,1749.4,1750.0,1711.0,1741.8,1659318
2025-11-12,1743.7,1757.0,1710.7,1718.8,1343153
2025-11-13,1702.5,1719.5,1701.2,1710.6,831622
2025-11-14,1710.6,1726.9,1705.1,1714.6,912397
2025-11-17,1724.0,1724.0,1695.8,1699.7,888281
2025-11-18,1709.0,1709.0,1678.6,1695.3,1069184
2025-11-19,1699.6,1699.6,1670.0,1678.1,1108061
2025-11-20,1687.3,1709.0,1670.2,1703.2,880665
2025-11-21,1682.3,1705.4,1655.0,1659.7,1888141
2025-11-24,1658.9,1698.7,1647.2,1651.7,2099027
2025-11-25,1651.7,1689.5,1651.7,1685.4,1092627
2025-11-26,1688.0,1725.8,1686.0,1712.9,908178
2025-11-27,1712.9,1749.8,1710.6,1724.6,1544531
2025-11-28,1722.0,1749.8,1714.2,1736.0,963424
2025-12-01,1748.0,1749.0,1717.4,1724.9,1110164
2025-12-02,1715.0,1739.5,1704.5,1711.6,638234
2025-12-03,1701.0,1710.9,1662.3,1668.9,898959
2025-12-04,1666.0,1678.8,1651.0,1675.7,1291711
2025-12-05,1675.7,1734.8,1671.0,1730.4,1344984
2025-12-08,1730.0,1759.8,1708.9,1724.4,1060177
2025-12-09,1710.0,1735.2,1690.0,1731.2,1381604
2025-12-10,1725.0,1757.4,1721.6,1744.0,1194602
2025-12-11,1744.9,1745.9,1716.3,1719.4,1613630
2025-12-12,1719.4,1740.4,1703.8,1735.6,2309890
2025-12-15,1734.0,1740.1,1710.0,1733.7,1622531
2025-12-16,1739.0,1739.4,1703.0,1715.4,504325
2025-12-17,1710.0,1731.8,1667.1,1673.5,1133450
2025-12-18,1678.8,1690.4,1661.1,1679.0,744184
2025-12-19,1684.8,1694.3,1614.2,1648.1,2356435
2025-12-22,1648.0,1648.1,1554.7,1584.9,5780153
2025-12-23,1605.0,1713.4,1595.8,1678.5,7716481
2025-12-24,1678.5,1708.1,1669.4,1697.8,1861216
2025-12-26,1697.8,1712.4,1694.8,1698.0,1309836
2025-12-29,1697.0,1700.7,1680.5,1698.8,1016727
2025-12-30,1686.0,1715.9,1679.0,1701.5,3270983
2025-12-31,1702.0,1712.8,1688.5,1702.2,707240
2026-01-01,1707.1,1727.5,1698.7,1724.0,390859
2026-01-02,1728.5,1789.1,1718.7,1781.1,1793036
2026-01-05,1782.0,1785.0,1761.4,1773.5,709329
2026-01-06,1775.0,1831.5,1775.0,1800.0,1781585
2026-01-07,1809.8,1809.8,1778.1,1785.1,654164
2026-01-08,1790.0,1790.0,1735.5,1754.0,1408255
2026-01-09,1754.0,1763.3,1709.9,1722.0,1492031
2026-01-12,1715.0,1730.9,1693.3,1710.8,2424388
2026-01-13,1716.0,1726.7,1691.0,1700.1,1912036
2026-01-14,1690.1,1714.7,1681.0,1689.5,2111292
2026-01-16,1689.5,1707.9,1676.9,1699.2,2796464
2026-01-19,1698.0,1726.2,1691.0,1704.2,1232013
2026-01-20,1700.2,1702.3,1644.2,1647.2,1972162
2026-01-21,1640.0,1660.5,1617.7,1627.8,1024168
2026-01-22,1631.1,1669.6,1628.9,1664.0,1241584
2026-01-23,1664.0,1667.0,1638.3,1643.2,1068908
2026-01-27,1648.7,1666.4,1623.8,1639.7,1673143
2026-01-28,1650.9,1653.0,1630.1,1636.8,1066301
2026-01-29,1629.0,1658.8,1607.4,1648.9,2289696
2026-01-30,1650.0,1669.5,1617.9,1631.6,1716319
2026-02-01,1618.0,1649.0,1565.6,1579.5,674879
2026-02-02,1570.9,1598.2,1527.0,1594.3,2789681
2026-02-03,1689.8,1740.0,1674.4,1694.4,2972692
2026-02-04,1694.4,1742.9,1666.7,1739.5,2366864
2026-02-05,1740.0,1745.0,1717.1,1722.3,391219
2026-02-06,1711.2,1748.0,1701.8,1742.2,1197294
2026-02-09,1760.0,1776.7,1750.3,1770.2,1597842
2026-02-10,1775.0,1776.7,1754.6,1755.8,49043
2026-02-11,1732.0,1732.0,1718.8,1729.0,17890
2026-02-11,1732.0,1736.2,1714.6,1718.2,320808
2026-02-12,1718.0,1741.0,1699.0,1731.8,1316309
2026-02-13,1727.3,1731.0,1703.0,1709.4,1544271
2026-02-16,1692.0,1721.4,1683.8,1714.8,900028
2026-02-17,1713.0,1737.6,1695.0,1732.1,324355
2026-02-18,1730.0,1732.1,1709.6,1717.0,1254525
2026-02-19,1725.2,1728.9,1671.7,1676.6,947586
2026-02-20,1670.6,1686.0,1662.0,1669.6,643936
2026-02-23,1677.5,1706.8,1672.7,1689.8,731931
2026-02-24,1686.3,1740.0,1663.4,1735.1,2032442
2026-02-25,1746.0,1757.0,1727.6,1754.5,779164
2026-02-26,1754.9,1774.6,1628.0,1748.1,9382761
2026-02-27,1740.0,1752.5,1722.4,1730.8,1844360
2026-03-02,1661.0,1722.1,1661.0,1703.7,985503
2026-03-04,1695.9,1695.9,1628.1,1653.6,1509341
2026-03-05,1655.0,1690.4,1639.6,1669.0,2076383
2026-03-06,1664.0,1674.6,1620.0,1626.3,1022219
2026-03-09,1575.0,1589.4,1465.0,1583.0,1756873
2026-03-10,1606.0,1632.9,1593.0,1621.9,1062910
2026-03-11,1620.1,1622.3,1553.1,1557.4,1499792
2026-03-12,1548.0,1552.3,1510.0,1526.1,2352076
2026-03-13,1515.9,1531.8,1500.0,1514.0,1452053
2026-03-16,1514.0,1542.3,1485.0,1527.1,2959644
2026-03-18,1530.5,1547.3,1510.4,1523.0,2075641
2026-03-19,1500.0,1504.7,1445.1,1455.1,1822028
2026-03-20,1460.0,1468.0,1436.3,1440.5,2452413
2026-03-23,1429.7,1429.7,1375.6,1380.9,2569553
2026-03-24,1400.0,1428.0,1375.2,1418.9,2457386
2026-03-25,1442.0,1483.3,1428.7,1473.8,2569710
2026-03-27,1470.0,1470.0,1410.0,1416.3,3233197
2026-04-24,1546.9,1575.0,1529.9,1570.0,1223216
2026-04-27,1570.5,1577.8,1534.8,1560.7,2919111
2026-04-28,1560.1,1579.2,1530.8,1536.4,964837
2026-04-29,1539.9,1572.6,1530.8,1553.3,723397
2026-04-30,1521.8,1592.2,1472.3,1562.9,7213356
2026-05-04,1564.8,1649.0,1564.8,1639.5,5637755
2026-05-05,1644.0,1666.9,1623.0,1657.4,2688312
2026-05-06,1681.2,1724.0,1678.9,1711.9,2751781
2026-05-07,1725.0,1734.8,1677.8,1689.2,2640682
2026-05-08,1688.1,1694.9,1670.6,1674.1,919240
2026-05-11,1630.4,1646.4,1621.0,1624.5,1626071
2026-05-12,1617.2,1628.8,1556.5,1561.0,1647134
2026-05-13,1567.8,1597.5,1550.2,1574.6,1052244
2026-05-14,1580.0,1590.0,1545.5,1567.1,1324905
2026-05-15,1535.9,1573.7,1528.9,1546.3,883202
2026-05-18,1538.0,1538.0,1500.0,1527.9,822208
2026-05-19,1518.0,1538.3,1508.0,1511.4,1043113
2026-05-20,1502.0,1522.0,1491.0,1518.9,857291
2026-05-21,1532.0,1540.5,1498.9,1504.0,1311311
2026-05-22,1514.7,1548.0,1503.0,1539.8,1287931
2026-05-25,1566.0,1600.0,1548.5,1591.0,1668255
2026-05-26,1598.5,1598.9,1562.2,1567.3,866674
2026-05-27,1568.0,1587.0,1555.3,1579.2,557092
2026-05-29,1590.4,1629.9,1530.2,1537.7,2265673
