date,open,high,low,close,volume
2017-08-11,220.08,264.08,217.5,264.08,27617037
2017-08-14,286.0,287.5,264.83,271.15,9601359
2017-08-16,268.78,274.0,264.5,268.1,3241033
2017-08-17,267.4,273.48,266.1,268.78,2165189
2017-08-18,267.5,268.7,259.0,267.23,2393064
2017-08-21,268.33,269.85,260.43,262.13,1110529
2017-08-22,264.0,265.0,250.0,256.25,1519839
2017-08-23,256.78,258.95,252.53,254.3,966549
2017-08-24,255.0,263.75,253.75,256.6,1651118
2017-08-28,257.5,260.5,254.45,255.05,536389
2017-08-29,254.0,258.5,251.5,252.13,814510
2017-08-30,253.25,258.45,253.25,257.43,851036
2017-08-31,258.25,260.45,254.1,256.73,672046
2017-09-01,257.5,269.43,256.0,265.8,2014321
2017-09-04,264.5,272.75,262.5,268.3,1526587
2017-09-05,269.5,271.9,266.75,269.6,644963
2017-09-06,268.45,272.5,265.5,266.4,738552
2017-09-07,267.0,268.73,265.0,266.45,399361
2017-09-08,267.3,280.55,265.53,274.45,2603570
2017-09-11,275.88,286.48,272.0,281.1,2517536
2017-09-12,289.38,289.9,278.03,279.3,1847950
2017-09-13,279.23,279.23,271.1,272.0,673944
2017-09-14,272.73,274.93,270.28,271.13,473625
2017-09-15,270.0,279.5,268.5,273.7,937862
2017-09-18,275.95,280.48,274.5,277.05,815587
2017-09-19,277.45,278.0,272.18,272.63,296005
2017-09-20,273.0,277.43,272.5,272.78,348093
2017-09-21,273.48,275.0,267.0,270.18,394432
2017-09-22,269.55,269.55,264.28,266.43,491830
2017-09-25,266.43,266.75,255.5,262.58,473975
2017-09-26,262.5,267.25,260.25,263.78,206712
2017-09-27,265.0,265.78,260.5,263.0,806257
2017-09-28,264.0,264.0,258.7,260.3,294176
2017-09-29,261.95,265.8,259.08,260.0,287835
2017-10-03,263.0,264.0,259.63,260.05,246104
2017-10-04,261.0,264.45,259.6,260.05,773387
2017-10-05,260.85,263.0,258.93,259.28,298381
2017-10-06,260.3,262.33,259.0,259.35,267352
2017-10-09,260.0,262.43,257.5,258.05,299036
2017-10-10,258.98,293.1,258.5,286.13,6646750
2017-10-11,290.0,296.0,276.85,281.73,4682384
2017-10-12,283.45,287.35,281.7,283.93,925375
2017-10-13,285.45,291.4,281.03,286.53,1247933
2017-10-16,288.4,288.85,282.5,284.73,497121
2017-10-17,284.95,288.18,281.5,283.95,581641
2017-10-18,284.2,287.95,280.03,283.6,480600
2017-10-19,284.0,286.18,283.0,284.15,225773
2017-10-23,284.5,287.5,283.0,285.1,374789
2017-10-24,286.5,291.95,285.35,289.3,1072743
2017-10-25,291.45,293.0,284.65,285.48,331812
2017-10-26,286.2,287.08,283.05,283.58,282935
2017-10-27,284.9,291.5,282.63,285.65,558697
2017-10-30,286.0,290.0,285.2,287.65,367015
2017-10-31,289.0,298.9,286.53,289.85,1198217
2017-11-01,291.0,293.5,287.75,289.15,348144
2017-11-02,289.75,292.0,287.0,288.03,274241
2017-11-03,288.85,290.0,287.0,287.5,201896
2017-11-06,287.23,289.9,285.5,286.4,212878
2017-11-07,288.25,288.25,281.55,283.73,376771
2017-11-08,282.5,286.0,281.45,282.88,406024
2017-11-09,282.58,285.35,281.05,281.55,320272
2017-11-10,281.6,284.7,280.7,281.73,256802
2017-11-13,280.0,280.0,273.0,274.83,358622
2017-11-14,274.85,277.5,272.83,275.7,180115
2017-11-15,276.98,276.98,270.5,270.93,166221
2017-11-16,272.93,274.4,271.0,272.18,117416
2017-11-17,273.4,281.5,273.4,277.13,275856
2017-11-20,280.0,289.6,279.0,287.53,683527
2017-11-21,289.0,292.5,283.8,286.83,415043
2017-11-22,287.85,288.95,284.0,284.9,173187
2017-11-23,286.0,288.0,283.13,286.08,174324
2017-11-24,286.85,299.5,286.03,287.9,1264634
2017-11-27,287.5,292.7,284.0,284.88,336504
2017-11-28,285.35,288.08,285.0,285.7,353174
2017-11-29,286.0,286.63,284.08,284.65,211261
2017-11-30,284.25,289.68,283.0,284.8,607453
2017-12-01,284.93,287.0,279.1,280.13,359864
2017-12-04,281.0,282.0,276.5,279.6,123917
2017-12-05,279.6,279.6,276.0,277.0,110050
2017-12-06,277.0,279.0,275.25,276.05,126382
2017-12-07,277.0,279.5,276.0,276.63,110896
2017-12-08,277.0,280.0,275.85,276.65,200899
2017-12-11,278.0,279.5,276.15,276.88,190590
2017-12-12,277.95,279.5,273.05,274.25,147218
2017-12-13,275.0,275.9,271.58,272.2,91057
2017-12-14,273.0,273.2,270.0,270.98,135509
2017-12-15,271.03,281.0,267.5,268.43,297400
2017-12-18,268.95,270.0,261.78,266.4,248692
2017-12-19,268.0,273.0,268.0,269.08,194942
2017-12-20,270.0,274.5,269.78,273.28,170952
2017-12-21,274.0,274.95,272.5,273.03,67248
2017-12-22,274.4,277.5,273.13,274.03,153000
2017-12-26,274.55,275.98,273.03,274.03,106226
2017-12-27,274.5,277.75,274.0,275.53,125093
2017-12-28,276.5,277.95,274.5,276.0,146531
2017-12-29,277.5,277.98,274.05,276.05,145430
2018-01-01,276.5,279.98,275.55,276.1,123958
2018-01-02,277.5,278.2,271.68,272.5,112857
2018-01-03,273.25,275.2,271.35,271.65,268930
2018-01-04,273.48,274.48,271.5,272.5,141406
2018-01-05,273.5,274.2,272.0,272.28,117128
2018-01-08,274.13,274.5,268.05,269.6,222070
2018-01-09,270.03,272.0,266.25,266.78,353555
2018-01-10,268.45,271.45,266.3,266.98,237548
2018-01-11,270.0,285.0,269.0,278.93,1219916
2018-01-12,281.33,284.9,276.6,278.08,600636
2018-01-15,279.0,280.0,276.0,278.45,233419
2018-01-16,280.5,285.0,274.18,276.03,430131
2018-01-17,276.7,277.65,270.05,274.93,140740
2018-01-18,276.0,279.9,269.45,270.45,267713
2018-01-19,271.93,280.73,270.23,279.7,332439
2018-01-22,279.7,280.78,273.58,275.88,132882
2018-01-23,277.95,279.25,274.75,275.3,171881
2018-01-24,276.95,277.0,272.55,275.85,124370
2018-01-25,276.0,277.35,273.0,274.83,108635
2018-01-29,276.0,276.75,269.08,269.68,199256
2018-01-30,270.5,274.5,267.0,267.65,314228
2018-01-31,268.1,273.25,266.0,268.85,219020
2018-02-01,269.45,271.48,265.43,267.95,121167
2018-02-02,265.75,267.35,255.5,260.1,269278
2018-02-05,257.0,264.73,252.53,261.23,201516
2018-02-06,252.5,263.9,250.0,259.23,255756
2018-02-07,264.9,267.45,262.53,264.08,191941
2018-02-08,266.9,269.85,264.5,265.2,183098
2018-02-09,264.0,268.0,260.5,265.75,149390
2018-02-12,266.25,269.75,264.5,268.2,218614
2018-02-14,265.55,269.75,265.55,267.38,113967
2018-02-15,269.8,272.35,266.6,268.43,195806
2018-02-16,268.75,270.3,263.48,265.28,108099
2018-02-19,265.9,265.9,261.33,262.28,103155
2018-02-20,262.5,266.0,261.83,263.18,87933
2018-02-21,264.18,264.45,261.05,263.48,46037
2018-02-22,262.35,263.7,260.5,261.73,66319
2018-02-23,262.0,265.23,261.05,264.03,338421
2018-02-26,263.0,267.08,263.0,266.33,74163
2018-02-27,267.15,269.5,265.28,267.63,142148
2018-02-28,266.25,267.83,263.95,266.25,96545
2018-03-01,266.0,268.95,265.35,267.6,59160
2018-03-05,266.5,266.7,263.08,264.03,106667
2018-03-06,267.5,268.48,261.5,262.9,117396
2018-03-07,261.0,262.4,255.0,255.53,120332
2018-03-08,257.9,258.8,253.0,256.95,98760
2018-03-09,262.5,264.75,257.53,258.1,194759
2018-03-12,259.7,260.28,255.53,257.45,92969
2018-03-13,257.03,258.75,255.5,256.28,106817
2018-03-14,256.4,256.4,252.6,253.98,104645
2018-03-15,253.98,258.73,252.58,253.13,163332
2018-03-16,253.95,257.95,253.48,257.18,172017
2018-03-19,257.18,257.85,250.5,251.78,205925
2018-03-20,251.75,253.93,251.0,251.13,65283
2018-03-21,251.5,255.43,251.5,252.03,182029
2018-03-22,251.98,253.35,248.88,249.15,250262
2018-03-23,246.95,248.5,242.6,243.98,144558
2018-03-26,243.98,244.98,240.0,241.7,186076
2018-03-27,243.98,248.73,241.75,247.6,146835
2018-03-28,246.95,251.93,242.05,251.18,105705
2018-04-02,252.5,254.68,251.63,253.58,49085
2018-04-03,251.0,254.75,251.0,254.15,40115
2018-04-04,255.05,256.5,254.08,255.98,76765
2018-04-05,257.95,260.48,256.75,258.73,77993
2018-04-06,260.5,263.38,258.28,262.45,95484
2018-04-09,265.0,268.2,262.75,264.45,128077
2018-04-10,265.98,267.25,257.5,258.4,105217
2018-04-11,261.33,262.55,258.0,260.03,90762
2018-04-12,261.4,262.45,258.55,260.73,67551
2018-04-13,262.0,262.5,260.0,262.03,48695
2018-04-16,260.5,262.83,258.53,259.73,55213
2018-04-17,260.3,261.8,259.55,260.08,61558
2018-04-18,259.5,264.63,259.5,263.38,51685
2018-04-19,264.55,265.98,263.0,265.0,64268
2018-04-20,264.5,266.63,263.0,265.18,66012
2018-04-23,263.53,271.0,261.03,269.95,128882
2018-04-24,270.9,272.0,266.6,268.2,71677
2018-04-25,267.5,270.0,266.0,267.58,52600
2018-04-26,269.38,272.1,263.08,268.88,85851
2018-04-27,272.0,272.0,265.0,265.48,74304
2018-04-30,267.35,269.75,264.0,265.48,51408
2018-05-02,265.0,266.95,261.5,263.1,35009
2018-05-03,266.5,266.5,260.1,261.33,29090
2018-05-04,262.1,264.25,257.5,258.78,54588
2018-05-07,259.1,263.43,258.55,260.75,59533
2018-05-08,261.75,263.5,259.28,261.28,40677
2018-05-09,261.0,262.1,259.7,260.95,35940
2018-05-10,261.48,261.48,255.75,257.15,40465
2018-05-11,258.0,259.58,250.5,251.93,58934
2018-05-14,251.93,255.45,247.5,249.08,60862
2018-05-15,250.45,253.5,243.0,244.2,111363
2018-05-16,245.45,246.5,237.6,242.3,186370
2018-05-17,242.53,247.0,241.58,244.93,102226
2018-05-18,243.2,247.5,240.5,241.73,57853
2018-05-21,240.53,243.35,239.25,239.78,82905
2018-05-22,240.0,242.48,239.5,240.6,78011
2018-05-23,241.25,244.48,237.5,239.63,96771
2018-05-24,242.95,243.93,240.65,242.25,82921
2018-05-25,257.2,257.48,248.3,252.9,508328
2018-05-28,255.2,257.0,254.5,255.18,63543
2018-05-29,256.68,256.68,252.25,253.13,101081
2018-05-30,252.98,255.0,250.55,252.0,52104
2018-05-31,253.05,258.9,247.5,252.15,200172
2018-06-01,255.0,257.08,248.15,249.18,63476
2018-06-04,250.0,251.1,242.0,242.75,77262
2018-06-05,244.83,244.83,234.05,234.95,153016
2018-06-06,235.43,239.05,234.28,237.68,96658
2018-06-07,241.83,244.5,240.13,242.48,57428
2018-06-08,240.55,243.5,239.0,240.23,260305
2018-06-11,242.38,242.38,239.1,239.7,78606
2018-06-12,240.5,241.53,237.0,237.95,123267
2018-06-13,238.0,239.0,234.48,235.1,116102
2018-06-14,236.85,237.05,234.5,235.08,205834
2018-06-15,236.93,236.93,234.5,234.88,178087
2018-06-18,236.05,236.73,232.53,233.43,451657
2018-06-19,233.0,234.43,230.13,230.73,302828
2018-06-20,234.7,234.7,229.08,229.55,53755
2018-06-21,230.23,230.53,225.0,225.23,239109
2018-06-22,225.25,226.95,223.08,223.95,74720
2018-06-25,224.4,226.0,222.5,223.2,198520
2018-06-26,223.2,223.55,220.0,221.33,69370
2018-06-27,222.23,222.45,215.1,218.68,92049
2018-06-28,218.7,220.5,215.05,218.38,65504
2018-06-29,220.98,222.2,218.53,220.53,72670
2018-07-02,222.0,222.0,217.3,217.85,45049
2018-07-03,219.0,219.75,216.75,217.48,32234
2018-07-04,216.0,219.38,216.0,216.38,43607
2018-07-05,216.38,220.03,215.83,216.25,110136
2018-07-06,217.0,217.0,213.0,213.8,88707
2018-07-09,215.03,216.5,213.13,213.88,74435
2018-07-10,214.1,228.98,214.1,222.98,970680
2018-07-11,221.3,228.48,221.3,222.9,88747
2018-07-12,224.55,224.95,220.58,221.93,50613
2018-07-13,221.0,222.25,217.9,219.3,41946
2018-07-16,222.5,223.25,214.25,215.85,98708
2018-07-17,214.98,217.5,213.53,215.18,60595
2018-07-18,216.45,217.4,213.53,214.53,37238
2018-07-19,214.5,215.33,212.5,212.88,41518
2018-07-20,212.95,214.1,212.03,212.78,44189
2018-07-23,213.45,221.0,213.43,218.0,66609
2018-07-24,219.8,219.8,215.68,216.08,65319
2018-07-25,217.4,221.0,216.75,217.58,94362
2018-07-26,218.43,226.0,217.28,222.7,69294
2018-07-27,223.98,225.6,221.5,222.2,41010
2018-07-30,221.15,226.5,221.0,222.05,82446
2018-07-31,224.55,227.4,224.55,225.55,151836
2018-08-01,226.0,227.9,226.0,227.18,46674
2018-08-02,227.38,228.9,226.28,226.88,82983
2018-08-03,228.88,230.38,228.05,228.9,107603
2018-08-06,222.05,225.95,220.2,224.1,71508
2018-08-07,224.85,230.4,224.1,227.65,97795
2018-08-08,228.9,229.0,226.33,227.5,91571
2018-08-09,227.5,230.0,226.55,228.45,95093
2018-08-10,227.5,230.0,226.0,226.88,56687
2018-08-13,226.5,231.48,225.0,228.88,71966
2018-08-14,228.05,228.5,219.5,220.55,155968
2018-08-16,220.55,221.73,217.5,217.83,65535
2018-08-17,219.4,222.5,216.28,222.0,186913
2018-08-20,222.25,223.48,217.55,218.7,126747
2018-08-21,218.7,221.25,218.5,218.73,51443
2018-08-23,219.0,221.0,216.4,217.0,73474
2018-08-24,217.0,219.0,213.68,214.05,90423
2018-08-27,216.0,217.25,214.5,214.63,92308
2018-08-28,215.03,215.58,212.5,212.73,70973
2018-08-29,213.78,214.83,212.0,212.48,104904
2018-08-30,213.5,214.0,210.68,210.93,91507
2018-08-31,211.75,211.75,210.5,211.28,183289
2018-09-03,211.7,213.0,210.2,210.5,120221
2018-09-04,211.9,211.9,208.8,209.2,65898
2018-09-05,214.5,216.5,209.35,210.05,242299
2018-09-06,211.63,211.63,209.08,209.43,172555
2018-09-07,210.0,215.0,207.5,211.93,136262
2018-09-10,213.95,215.5,211.18,211.85,78174
2018-09-11,213.93,214.0,208.9,209.35,55742
2018-09-12,209.0,210.28,206.5,208.53,62788
2018-09-14,209.53,211.48,209.08,209.65,55070
2018-09-17,212.5,212.5,209.5,210.43,71640
2018-09-18,210.25,210.68,205.73,206.05,73877
2018-09-19,207.3,207.3,202.6,203.1,71226
2018-09-21,206.4,210.98,199.0,208.48,445309
2018-09-24,214.5,217.5,206.2,206.68,232635
2018-09-25,206.75,208.5,204.78,206.4,65545
2018-09-26,207.0,208.98,199.13,200.03,252128
2018-09-27,201.0,202.93,199.0,199.8,67324
2018-09-28,201.45,201.45,194.0,195.05,126526
2018-10-01,190.4,195.0,189.0,193.85,77179
2018-10-03,194.0,200.5,192.5,198.33,102472
2018-10-04,196.95,196.95,192.3,193.08,84787
2018-10-05,192.5,195.13,189.53,190.38,114708
2018-10-08,190.38,193.95,184.3,184.8,150346
2018-10-09,184.0,184.93,178.03,179.23,95209
2018-10-10,182.0,186.5,181.1,184.48,133503
2018-10-11,183.98,191.0,181.55,189.85,206225
2018-10-12,192.5,199.4,191.5,197.58,168336
2018-10-15,200.0,204.63,200.0,200.95,149865
2018-10-16,202.5,204.0,196.98,199.88,176398
2018-10-17,201.25,202.0,192.5,193.88,529391
2018-10-19,193.25,197.68,190.25,194.58,274164
2018-10-22,195.5,196.5,192.0,192.45,90949
2018-10-23,192.4,193.93,189.0,189.75,101609
2018-10-24,192.0,192.5,189.53,190.03,71062
2018-10-25,190.0,192.3,188.75,190.23,75862
2018-10-26,191.18,191.93,188.5,189.7,131772
2018-10-29,190.63,195.5,189.5,192.55,154195
2018-10-30,190.18,191.48,188.28,190.65,85414
2018-10-31,191.45,203.85,187.55,193.5,837387
2018-11-01,195.5,197.9,191.75,194.88,311539
2018-11-02,197.0,197.63,194.0,194.65,132865
2018-11-05,196.5,196.95,192.93,193.58,75004
2018-11-06,194.53,194.98,192.45,192.9,48092
2018-11-07,194.0,194.93,193.35,194.1,18966
2018-11-09,194.45,195.43,192.55,193.48,237876
2018-11-12,195.0,195.0,192.0,192.53,46112
2018-11-13,192.5,192.98,190.65,191.0,59982
2018-11-14,191.5,192.43,190.5,190.8,41562
2018-11-15,191.48,192.5,190.55,191.18,44000
2018-11-16,192.05,193.5,190.6,191.4,41348
2018-11-19,191.4,194.5,191.28,192.03,58467
2018-11-20,192.03,193.48,189.0,190.05,88804
2018-11-21,190.1,191.13,188.63,189.03,34270
2018-11-22,189.4,190.5,188.4,188.78,28552
2018-11-26,191.95,202.0,191.4,193.55,256574
2018-11-27,195.0,195.0,192.13,192.53,83925
2018-11-28,193.48,196.73,188.5,189.9,104474
2018-11-29,190.95,190.95,188.88,189.83,52091
2018-11-30,189.5,190.68,186.88,187.33,66599
2018-12-03,188.98,188.98,185.0,186.63,71474
2018-12-04,187.48,190.0,186.0,187.65,95880
2018-12-05,187.5,189.15,185.5,187.63,53490
2018-12-06,187.0,188.6,185.55,187.38,78609
2018-12-07,189.5,189.5,186.53,187.15,23201
2018-12-10,190.0,190.0,184.55,185.45,33215
2018-12-11,184.0,187.5,183.0,186.88,29183
2018-12-12,187.4,189.7,186.25,189.4,37854
2018-12-13,190.13,194.5,188.43,191.43,44415
2018-12-14,191.0,192.5,190.0,190.53,24717
2018-12-17,189.95,192.0,188.8,190.65,51839
2018-12-18,190.0,193.45,189.48,192.3,155021
2018-12-19,191.0,198.05,191.0,194.5,109896
2018-12-20,194.0,196.88,193.3,195.33,52355
2018-12-21,195.0,195.73,191.5,191.83,91174
2018-12-24,192.55,194.15,189.58,190.18,40530
2018-12-26,190.0,190.0,187.75,188.65,26294
2018-12-27,190.1,191.58,188.15,188.58,41490
2018-12-28,188.75,190.25,188.55,189.0,27973
2018-12-31,189.0,189.13,186.55,187.03,78561
2019-01-01,187.03,188.25,186.1,186.35,51413
2019-01-02,186.25,186.55,185.0,185.33,59218
2019-01-03,185.33,186.38,184.08,184.25,36505
2019-01-04,184.25,185.05,183.35,184.5,28182
2019-01-07,185.75,187.55,182.5,182.78,56464
2019-01-08,183.5,183.68,181.0,182.3,52344
2019-01-09,182.68,187.55,182.0,184.18,80504
2019-01-10,185.9,189.5,183.33,184.2,339212
2019-01-11,184.2,188.5,183.33,187.85,176797
2019-01-14,187.5,188.28,184.3,185.25,46806
2019-01-15,186.73,186.73,184.5,184.75,48902
2019-01-16,184.9,185.75,183.5,184.1,32853
2019-01-17,184.03,184.95,183.0,183.18,22184
2019-01-18,183.53,183.98,180.75,181.43,36189
2019-01-21,180.25,181.98,180.0,180.28,32916
2019-01-22,181.48,181.48,179.0,179.85,108518
2019-01-23,180.9,181.95,179.8,180.33,36961
2019-01-24,180.53,181.35,179.65,180.45,41708
2019-01-25,180.5,184.4,178.43,179.6,91685
2019-01-28,179.5,181.2,178.95,179.7,57401
2019-01-29,180.0,180.7,178.5,179.58,37270
2019-01-30,179.58,181.23,179.33,180.68,28936
2019-01-31,182.0,182.55,180.3,181.98,52901
2019-02-01,182.9,184.9,182.05,183.38,38293
2019-02-04,183.53,183.68,181.25,181.73,23426
2019-02-05,182.0,184.25,181.68,182.45,28494
2019-02-06,182.93,183.88,180.0,180.88,41115
2019-02-07,182.45,182.45,180.65,181.18,25902
2019-02-08,181.5,188.5,178.85,182.8,68475
2019-02-11,183.5,183.5,171.85,177.0,132306
2019-02-12,177.9,178.0,173.78,174.55,37522
2019-02-13,175.4,176.08,172.5,172.63,37173
2019-02-14,172.8,173.98,171.5,172.03,33129
2019-02-15,172.03,172.78,169.8,170.08,36880
2019-02-18,171.88,171.88,167.5,168.23,37390
2019-02-19,169.25,171.25,168.5,169.68,26681
2019-02-20,169.8,170.75,168.63,170.33,28910
2019-02-21,170.28,170.73,168.28,169.38,41687
2019-02-22,169.75,173.15,169.08,172.18,33563
2019-02-25,173.5,175.5,172.0,174.55,37597
2019-02-26,174.85,174.85,170.5,171.65,49633
2019-02-27,172.75,178.18,172.0,173.4,99572
2019-02-28,174.25,175.0,172.5,174.48,49148
2019-03-01,175.25,183.5,174.93,181.9,109931
2019-03-05,186.4,190.0,186.0,188.65,164211
2019-03-06,190.5,199.7,190.33,193.1,237036
2019-03-07,193.75,193.75,188.08,188.85,49676
2019-03-08,186.38,188.95,185.03,185.73,44441
2019-03-11,186.5,192.08,186.5,190.78,103208
2019-03-12,192.05,198.95,192.05,194.7,234632
2019-03-13,195.0,195.0,188.2,192.23,193717
2019-03-14,194.75,194.75,187.75,191.55,44161
2019-03-15,193.4,193.4,189.0,189.73,70135
2019-03-18,190.0,191.48,185.38,186.83,47715
2019-03-19,187.0,195.93,185.28,195.05,151581
2019-03-20,195.05,196.95,192.0,193.7,41133
2019-03-22,193.7,194.2,189.5,190.05,26398
2019-03-25,190.05,193.5,187.38,190.8,60943
2019-03-26,192.5,196.63,187.55,195.45,135259
2019-03-27,196.0,200.0,191.8,198.53,152579
2019-03-28,198.43,199.5,196.5,198.63,72853
2019-03-29,196.85,201.7,194.0,195.8,118979
2019-04-01,194.5,198.48,194.5,196.1,62032
2019-04-02,196.0,197.45,193.5,195.1,49554
2019-04-03,194.03,198.35,194.03,195.3,35136
2019-04-04,194.55,197.38,193.0,194.35,79947
2019-04-05,195.5,197.1,194.88,196.13,35860
2019-04-08,196.5,198.4,196.18,197.1,39342
2019-04-09,196.03,204.28,195.75,201.78,184961
2019-04-10,201.5,202.73,199.25,199.85,118088
2019-04-11,201.95,201.95,196.05,196.65,51506
2019-04-12,197.25,198.5,195.5,197.18,43572
2019-04-15,198.98,199.0,196.1,196.88,26079
2019-04-16,197.85,197.95,196.53,197.4,37291
2019-04-18,195.1,196.45,193.53,194.68,45799
2019-04-22,194.5,194.63,192.5,193.6,27333
2019-04-23,194.25,194.28,191.48,191.83,35099
2019-04-24,191.95,192.0,190.5,190.98,32448
2019-04-25,190.98,191.9,189.58,190.05,33857
2019-04-26,190.08,190.73,189.0,189.55,28385
2019-04-30,191.0,192.5,186.5,188.33,63289
2019-05-02,190.75,194.5,189.08,189.8,180309
2019-05-03,190.75,192.1,187.88,189.55,108412
2019-05-06,189.5,190.0,186.85,188.65,31870
2019-05-07,189.0,190.95,185.0,185.8,32842
2019-05-08,185.55,186.45,182.5,182.83,37316
2019-05-09,183.25,183.83,181.38,182.4,34896
2019-05-10,181.5,184.5,180.75,182.08,34621
2019-05-13,180.63,181.98,177.75,178.05,41214
2019-05-14,177.5,180.43,176.03,177.55,58700
2019-05-15,178.45,179.98,176.63,178.05,33433
2019-05-16,178.05,179.3,175.58,177.88,54638
2019-05-17,178.95,182.53,178.45,181.65,33323
2019-05-20,190.0,192.3,183.25,184.95,141541
2019-05-21,186.5,188.15,181.05,181.85,69356
2019-05-22,182.0,184.0,179.5,182.55,140389
2019-05-23,184.5,186.95,181.3,182.0,273842
2019-05-24,182.53,185.45,181.78,184.85,151476
2019-05-27,185.0,187.5,184.05,185.15,284887
2019-05-28,186.0,193.58,185.53,188.0,242373
2019-05-29,188.45,194.7,187.93,190.58,185442
2019-05-30,192.5,192.5,188.0,188.68,56936
2019-05-31,189.5,192.9,188.7,192.55,129352
2019-06-03,191.5,198.0,190.5,196.75,123868
2019-06-04,194.5,204.0,194.5,199.9,149547
2019-06-06,201.45,202.75,193.98,199.45,147845
2019-06-07,199.45,199.45,195.3,196.1,42385
2019-06-10,196.5,199.5,194.0,195.13,49846
2019-06-11,195.18,196.7,192.6,194.93,42130
2019-06-12,194.0,198.48,194.0,197.45,55368
2019-06-13,197.5,201.15,196.55,198.5,98910
2019-06-14,198.78,199.75,194.5,195.03,51069
2019-06-17,195.03,195.03,191.05,191.5,31278
2019-06-18,192.5,194.0,190.25,191.78,70993
2019-06-19,192.5,194.35,188.75,189.48,34801
2019-06-20,189.5,191.0,188.08,189.75,67448
2019-06-21,190.0,191.7,188.8,189.15,51010
2019-06-24,189.25,190.55,188.25,188.5,18398
2019-06-25,188.0,188.95,187.0,187.43,31059
2019-06-26,187.55,188.9,187.28,188.45,33812
2019-06-27,188.98,191.0,188.6,189.08,28752
2019-06-28,189.03,190.48,188.58,189.23,31560
2019-07-01,189.5,192.25,188.5,191.15,44602
2019-07-02,193.55,194.98,191.88,192.38,67813
2019-07-03,192.55,193.7,190.78,191.75,38296
2019-07-04,191.0,192.95,191.0,191.93,34227
2019-07-05,193.0,194.0,191.25,191.75,61210
2019-07-08,190.58,191.6,187.4,188.0,31850
2019-07-09,187.33,188.65,184.75,185.08,39610
2019-07-10,186.85,187.38,185.0,186.03,30249
2019-07-11,187.38,187.38,186.0,186.63,20512
2019-07-12,186.95,188.88,186.6,187.28,18967
2019-07-15,187.5,187.95,184.2,184.88,21250
2019-07-16,184.0,185.0,182.63,183.93,33533
2019-07-17,184.65,184.95,182.65,183.0,34243
2019-07-18,183.88,185.58,181.53,181.83,35062
2019-07-19,183.48,183.48,178.7,180.03,34799
2019-07-22,180.0,181.5,177.5,180.2,26736
2019-07-23,180.63,183.25,179.0,180.13,31200
2019-07-24,181.35,181.35,177.35,178.68,73784
2019-07-25,178.68,181.48,177.58,179.08,24777
2019-07-26,179.5,180.95,177.88,179.65,16762
2019-07-29,179.65,182.78,179.53,180.13,37223
2019-07-30,182.98,183.75,179.53,180.18,95511
2019-07-31,179.5,180.18,175.0,178.68,40103
2019-08-01,178.68,182.95,177.75,179.53,48459
2019-08-02,179.5,180.18,175.75,179.48,76162
2019-08-05,172.98,175.0,168.0,174.78,69152
2019-08-06,173.25,174.78,170.25,172.8,61108
2019-08-07,174.48,175.75,171.03,174.05,71950
2019-08-08,174.95,175.05,173.13,174.58,36293
2019-08-09,175.08,178.4,175.08,175.9,29995
2019-08-13,176.45,177.2,173.28,174.08,36245
2019-08-14,175.0,175.48,172.55,174.25,18771
2019-08-16,173.0,175.5,172.5,174.2,29534
2019-08-19,174.5,177.45,174.5,176.9,31031
2019-08-20,177.0,177.0,175.5,175.7,95899
2019-08-21,175.75,176.43,171.5,172.33,72550
2019-08-22,172.5,172.5,166.73,167.38,99818
2019-08-23,167.0,169.0,166.78,168.03,26749
2019-08-26,168.65,170.35,165.83,169.83,22038
2019-08-27,170.0,174.0,168.63,173.1,29327
2019-08-28,173.0,174.6,172.48,172.68,20375
2019-08-29,173.0,173.0,170.5,172.53,15895
2019-08-30,171.78,173.88,171.05,172.4,18603
2019-09-03,171.0,172.38,169.6,170.15,18647
2019-09-04,170.28,171.23,168.3,169.28,19607
2019-09-05,169.88,175.0,169.68,171.38,101569
2019-09-06,172.48,173.95,170.5,172.95,28913
2019-09-09,173.4,177.45,170.28,175.03,132810
2019-09-11,175.03,178.0,173.55,176.65,35637
2019-09-12,177.25,179.0,176.23,176.7,20520
2019-09-13,177.28,184.28,175.6,180.88,48071
2019-09-16,182.0,182.0,175.68,176.4,33692
2019-09-17,176.95,176.95,173.95,174.48,143720
2019-09-18,174.48,176.25,174.4,174.73,152785
2019-09-19,175.28,175.53,171.03,171.35,20896
2019-09-20,171.53,173.05,164.5,166.75,218920
2019-09-23,170.4,176.45,170.0,174.83,156448
2019-09-24,175.48,177.0,172.08,175.48,74109
2019-09-25,176.03,176.13,171.5,172.0,40810
2019-09-26,172.03,173.98,172.0,172.65,33330
2019-09-27,174.98,176.0,171.0,171.53,42501
2019-09-30,171.75,172.5,168.05,168.85,33418
2019-10-01,169.98,170.78,167.0,167.83,34874
2019-10-03,165.55,168.28,165.55,166.1,29616
2019-10-04,169.0,169.0,165.63,166.3,32765
2019-10-07,165.8,167.05,164.75,165.13,27191
2019-10-09,167.5,169.45,165.03,168.28,42340
2019-10-10,168.5,171.0,165.08,168.3,580081
2019-10-11,169.0,170.98,168.3,169.1,102015
2019-10-14,169.95,170.0,167.0,167.7,28057
2019-10-15,168.48,168.48,165.68,165.93,36274
2019-10-16,166.45,166.9,164.53,165.03,60647
2019-10-17,165.45,166.5,164.65,165.05,62388
2019-10-18,165.05,171.5,163.45,164.63,363957
2019-10-22,166.1,170.0,165.2,168.68,935181
2019-10-23,168.68,177.1,167.7,169.88,301421
2019-10-24,171.13,179.93,170.63,178.8,323762
2019-10-25,177.98,190.95,177.48,187.08,455161
2019-10-27,193.45,193.93,189.0,193.08,102435
2019-10-29,191.5,197.75,190.5,196.55,211609
2019-10-30,196.6,204.25,193.0,198.1,388154
2019-10-31,199.73,206.0,193.1,194.78,211839
2019-11-01,195.0,209.88,195.0,204.8,555707
2019-11-04,205.4,209.0,199.0,199.98,147921
2019-11-05,200.5,210.0,195.6,202.93,300044
2019-11-06,204.0,204.0,199.5,200.35,68001
2019-11-07,198.0,204.5,198.0,199.08,96870
2019-11-08,198.5,205.0,195.63,197.78,141844
2019-11-11,198.73,204.0,197.5,203.53,138017
2019-11-13,207.0,208.5,200.0,205.08,251114
2019-11-14,205.0,208.2,202.0,203.25,100293
2019-11-15,204.7,205.35,201.0,201.83,62894
2019-11-18,201.83,205.5,201.13,202.98,78091
2019-11-19,203.5,208.43,202.13,205.3,175130
2019-11-20,206.38,207.9,203.98,205.45,89584
2019-11-21,205.55,212.28,205.55,207.0,415839
2019-11-22,207.5,209.0,203.05,205.23,92413
2019-11-25,205.5,208.08,203.55,204.63,72089
2019-11-26,205.0,205.68,201.0,201.25,82106
2019-11-27,201.73,203.0,196.5,197.43,103647
2019-11-28,198.4,201.93,195.5,198.4,190352
2019-11-29,198.75,203.88,198.25,200.63,107967
2019-12-02,202.4,204.6,200.0,200.05,256475
2019-12-03,201.5,203.9,199.78,200.75,90239
2019-12-04,200.48,202.4,198.25,199.83,125428
2019-12-05,200.0,201.73,198.4,199.6,77201
2019-12-06,200.4,201.4,195.6,197.43,86969
2019-12-09,197.0,197.95,190.28,191.0,99652
2019-12-10,192.3,196.48,190.95,193.48,88487
2019-12-11,193.03,194.05,191.0,192.0,74330
2019-12-12,192.05,196.0,191.03,194.18,63435
2019-12-13,193.25,196.5,193.25,194.65,98331
2019-12-16,194.3,197.3,192.0,192.68,82279
2019-12-17,193.25,195.5,192.8,194.53,58670
2019-12-18,194.55,197.08,194.0,195.25,27118
2019-12-19,193.75,195.48,189.58,191.0,84845
2019-12-20,191.08,196.0,191.08,195.25,72321
2019-12-23,194.05,198.73,194.05,196.48,73681
2019-12-24,195.13,199.0,195.08,198.45,44968
2019-12-26,198.5,200.0,194.25,198.13,59215
2019-12-27,198.5,200.0,196.18,199.03,43799
2019-12-30,199.48,201.5,199.05,200.75,56662
2019-12-31,200.75,204.28,198.53,201.43,128334
2020-01-01,202.45,202.73,200.0,201.53,32077
2020-01-02,202.0,205.95,200.55,204.68,81809
2020-01-03,205.48,206.0,202.0,204.25,45866
2020-01-06,200.55,202.98,198.0,201.55,65032
2020-01-07,200.53,203.65,200.53,201.7,25942
2020-01-08,200.0,203.9,198.18,202.43,50713
2020-01-09,202.65,205.9,201.5,202.35,57553
2020-01-10,201.78,203.48,199.35,199.83,92299
2020-01-13,200.0,203.0,200.0,202.43,36779
2020-01-14,202.5,204.3,200.8,202.6,64659
2020-01-15,201.7,204.68,200.5,203.13,56785
2020-01-16,208.9,217.45,206.5,213.23,643989
2020-01-17,214.45,216.95,211.8,212.78,185391
2020-01-20,225.55,245.85,215.75,219.93,3066383
2020-01-21,218.5,219.4,212.63,214.1,166572
2020-01-22,214.0,215.85,210.63,212.88,436107
2020-01-23,213.8,214.0,196.5,201.83,2849387
2020-01-24,199.7,201.75,196.5,198.33,287158
2020-01-27,197.95,197.95,195.0,195.63,155114
2020-01-28,196.7,197.5,194.3,194.85,94027
2020-01-29,195.7,200.03,192.05,192.45,202500
2020-01-30,194.5,194.5,186.1,187.5,182836
2020-01-31,187.8,194.4,186.03,189.58,177205
2020-02-01,189.58,191.8,183.08,185.18,147171
2020-02-03,184.9,186.8,182.55,184.58,88830
2020-02-04,186.2,189.25,185.0,186.63,125679
2020-02-05,187.45,189.0,169.33,172.7,916794
2020-02-06,175.0,180.0,173.6,176.95,239512
2020-02-07,176.9,185.13,175.0,180.35,498418
2020-02-10,180.35,181.5,171.9,173.88,417929
2020-02-11,174.58,179.0,172.58,174.88,299899
2020-02-12,182.0,183.0,175.95,180.48,640356
2020-02-13,181.0,182.85,177.5,178.33,226985
2020-02-14,180.0,180.43,175.0,176.05,237893
2020-02-17,176.63,177.98,170.05,171.13,226906
2020-02-18,171.4,174.5,168.7,170.3,320689
2020-02-19,173.45,174.43,170.68,173.7,150500
2020-02-20,174.05,174.58,170.1,172.58,210381
2020-02-24,171.98,173.95,171.25,172.6,134746
2020-02-25,173.63,173.68,167.5,172.58,242726
2020-02-26,172.38,179.95,171.08,172.38,971292
2020-02-27,172.0,179.45,168.6,177.6,172763
2020-02-28,172.5,172.5,168.3,169.4,239208
2020-03-02,171.0,173.38,165.05,166.5,171393
2020-03-03,167.55,168.5,163.18,165.4,550334
2020-03-04,165.4,166.45,162.0,163.4,247509
2020-03-05,163.4,170.98,162.18,164.43,438315
2020-03-06,160.0,164.0,155.6,162.43,130913
2020-03-09,159.9,159.9,149.8,151.48,484715
2020-03-11,151.5,154.7,144.0,144.8,250257
2020-03-12,138.5,138.5,120.0,122.45,484092
2020-03-13,112.0,128.93,105.15,122.88,489187
2020-03-16,121.0,121.15,115.15,117.18,280567
2020-03-17,115.78,122.95,113.5,116.83,275440
2020-03-18,117.23,140.18,107.6,127.75,626292
2020-03-19,111.0,122.75,108.3,116.35,221644
2020-03-20,116.5,136.5,115.0,134.7,476877
2020-03-23,124.5,129.0,110.55,112.53,184921
2020-03-24,119.0,127.5,104.55,108.0,143114
2020-03-25,107.5,115.5,107.5,114.33,98100
2020-03-26,118.0,124.0,109.73,112.08,294692
2020-03-27,117.0,125.0,110.0,121.93,262792
2020-03-30,121.5,138.23,116.03,134.28,681778
2020-03-31,130.0,136.95,125.95,133.18,401377
2020-04-01,133.4,137.4,125.0,125.95,176819
2020-04-03,126.0,127.0,120.0,120.45,147524
2020-04-07,127.25,127.25,122.05,123.4,100293
2020-04-08,123.5,131.0,122.5,127.45,199376
2020-04-09,129.45,135.48,127.58,129.25,160187
2020-04-13,131.0,132.35,124.05,126.53,130646
2020-04-15,130.0,131.05,127.23,128.2,126931
2020-04-16,129.43,132.93,126.5,128.9,141262
2020-04-17,132.5,142.05,130.38,135.08,752379
2020-04-20,137.0,139.5,135.15,136.05,152725
2020-04-21,135.0,135.0,127.65,128.73,142009
2020-04-22,128.8,129.98,126.38,127.13,113246
2020-04-23,128.45,130.18,124.5,125.03,233956
2020-04-24,124.95,127.65,123.0,123.5,129315
2020-04-27,123.83,126.48,121.5,122.08,108848
2020-04-28,122.98,125.88,122.05,122.48,209106
2020-04-29,123.95,125.5,122.65,122.98,120495
2020-04-30,124.8,126.5,123.45,123.88,207383
2020-05-04,122.5,122.58,119.3,119.83,139224
2020-05-05,120.55,122.45,116.38,117.28,161087
2020-05-06,117.45,119.9,115.5,116.63,159373
2020-05-07,116.98,118.78,115.88,116.25,90321
2020-05-08,117.5,119.25,114.25,114.65,100004
2020-05-11,115.05,121.45,114.5,120.25,264633
2020-05-12,121.7,128.5,121.7,123.25,1625842
2020-05-13,128.43,128.48,123.5,123.93,358645
2020-05-14,123.45,123.88,120.55,121.03,117777
2020-05-15,121.05,126.28,121.05,124.5,243123
2020-05-18,125.5,127.1,117.0,117.93,414151
2020-05-19,118.35,120.98,114.63,115.28,229835
2020-05-20,115.45,116.0,114.0,114.98,225542
2020-05-21,115.98,117.5,113.1,113.5,513192
2020-05-22,113.0,113.95,111.75,112.4,332275
2020-05-26,113.68,114.0,109.55,109.88,291241
2020-05-27,110.9,111.73,109.23,109.45,266971
2020-05-28,110.23,112.0,109.53,110.03,343037
2020-05-29,110.0,115.7,110.0,112.43,672408
2020-06-01,113.1,116.75,113.1,114.05,449065
2020-06-02,115.0,117.55,114.48,114.93,632671
2020-06-03,116.73,124.75,116.48,119.63,1373156
2020-06-04,120.0,122.25,118.13,119.95,392938
2020-06-05,122.0,123.18,120.5,121.73,643203
2020-06-08,123.2,134.95,123.18,132.93,1586888
2020-06-09,135.0,138.45,131.05,132.88,1028164
2020-06-10,133.25,136.0,131.13,134.43,357626
2020-06-11,134.05,136.45,130.88,132.03,268696
2020-06-12,125.05,136.45,125.05,135.43,461338
2020-06-15,136.0,137.28,131.13,132.03,244189
2020-06-16,134.98,138.4,132.5,135.55,452590
2020-06-17,136.3,145.68,136.0,141.28,1111795
2020-06-18,141.33,151.23,140.53,149.15,876704
2020-06-19,151.45,152.4,145.5,146.05,528667
2020-06-22,156.5,159.95,149.5,150.53,2405938
2020-06-23,153.0,153.88,151.15,152.73,376569
2020-06-24,154.0,157.95,151.0,154.8,813723
2020-06-25,154.5,157.05,150.05,151.7,918071
2020-06-26,154.13,162.25,154.13,159.8,1588548
2020-06-29,160.0,160.48,152.1,152.65,819191
2020-06-30,154.03,154.43,147.5,150.15,784089
2020-07-01,150.98,150.98,146.98,149.8,388125
2020-07-02,150.95,152.48,148.33,150.63,679109
2020-07-03,152.2,157.0,151.05,154.28,1116904
2020-07-06,155.68,168.4,154.5,164.73,2577895
2020-07-07,165.25,169.2,161.5,162.38,1335447
2020-07-08,162.5,163.68,158.5,159.45,504906
2020-07-09,160.0,168.15,159.23,164.65,1666567
2020-07-10,163.0,165.48,159.73,162.6,675238
2020-07-13,163.98,165.75,159.85,163.88,667952
2020-07-14,162.88,164.13,160.1,162.33,570541
2020-07-15,162.8,167.95,160.83,161.68,1339127
2020-07-16,165.5,165.88,161.78,163.5,882571
2020-07-17,164.48,169.48,163.5,167.33,1410327
2020-07-20,168.5,170.0,166.55,167.18,588281
2020-07-21,168.43,168.43,165.13,167.43,398973
2020-07-22,167.75,167.75,164.0,165.15,312629
2020-07-23,164.93,167.5,164.1,166.0,355006
2020-07-24,165.0,169.98,160.78,167.53,538641
2020-07-27,168.45,168.45,163.1,165.1,222077
2020-07-28,165.1,167.5,163.9,166.63,224240
2020-07-29,165.6,174.18,165.0,170.98,1195976
2020-07-30,172.45,173.98,166.63,167.73,480581
2020-07-31,168.0,168.95,164.0,164.43,223165
2020-08-03,164.43,164.83,160.9,161.53,262750
2020-08-04,164.0,164.68,161.53,162.08,222471
2020-08-05,163.4,164.3,161.53,161.83,434429
2020-08-06,162.05,163.23,161.85,162.25,178366
2020-08-07,162.5,168.5,162.0,165.93,815384
2020-08-10,170.0,175.0,166.68,171.4,1429976
2020-08-11,170.5,179.13,168.08,176.13,1159638
2020-08-12,175.75,179.45,173.53,173.93,373043
2020-08-13,174.03,175.93,171.5,172.18,255598
2020-08-14,173.5,174.35,166.63,169.03,318115
2020-08-17,171.45,171.45,167.75,168.88,123862
2020-08-18,169.25,170.7,168.25,169.65,140407
2020-08-19,170.9,174.75,170.28,171.53,328326
2020-08-20,171.9,173.63,170.0,170.85,153554
2020-08-21,172.5,182.45,172.5,179.9,1135367
2020-08-24,182.5,184.25,178.13,179.3,606624
2020-08-25,180.73,182.73,177.28,178.38,381461
2020-08-26,178.6,185.7,178.05,181.55,598897
2020-08-27,181.98,185.5,181.43,182.58,376670
2020-08-28,184.48,185.43,176.25,177.13,580092
2020-08-31,179.5,179.5,165.0,166.28,494950
2020-09-01,166.2,169.98,164.5,164.93,211829
2020-09-02,166.0,167.48,164.03,164.85,199108
2020-09-03,164.98,168.25,164.98,165.93,122125
2020-09-04,164.88,165.5,162.08,163.43,216716
2020-09-07,164.63,166.5,163.25,164.93,158303
2020-09-08,165.0,165.98,162.6,163.35,149593
2020-09-09,163.5,165.23,160.65,164.95,249655
2020-09-10,165.5,165.73,162.9,163.53,123751
2020-09-11,164.25,165.48,163.05,164.23,110661
2020-09-14,166.05,169.85,166.05,168.03,259465
2020-09-15,169.5,172.23,168.58,171.33,172635
2020-09-16,172.35,174.5,170.88,174.08,168471
2020-09-17,175.0,175.0,172.13,173.78,161655
2020-09-18,174.7,175.23,171.53,172.18,249253
2020-09-21,165.55,168.0,163.05,164.53,189083
2020-09-22,165.5,165.5,153.0,155.35,286332
2020-09-23,156.5,160.18,153.5,156.03,184662
2020-09-24,154.98,158.5,151.8,156.55,291059
2020-09-25,157.18,160.7,157.18,158.88,138640
2020-09-28,162.0,166.9,160.5,166.2,454347
2020-09-29,168.0,169.35,162.8,163.55,231411
2020-09-30,164.53,169.5,162.98,168.28,558234
2020-10-01,169.95,170.95,168.55,170.03,482134
2020-10-05,169.9,172.5,166.53,171.2,252767
2020-10-06,171.6,172.48,166.63,167.78,214366
2020-10-07,168.63,171.85,166.68,170.15,342482
2020-10-08,172.25,172.25,168.1,168.53,152967
2020-10-09,169.38,170.63,167.0,167.35,118987
2020-10-12,168.03,169.95,162.0,162.25,247203
2020-10-13,162.55,164.68,158.75,159.5,122910
2020-10-14,159.95,162.95,158.28,162.3,101412
2020-10-15,162.3,163.28,159.98,160.93,68913
2020-10-16,160.93,162.93,160.5,161.68,65452
2020-10-19,162.0,163.48,159.0,159.25,135975
2020-10-20,160.03,161.88,159.25,159.6,49217
2020-10-21,161.38,164.7,159.25,163.45,212952
2020-10-22,171.0,185.0,166.0,179.78,2137798
2020-10-23,184.0,189.0,179.03,181.38,1805197
2020-10-26,181.7,183.0,175.05,176.83,241972
2020-10-27,175.68,178.0,171.5,175.45,183642
2020-10-28,177.5,179.3,173.08,174.4,314236
2020-10-29,173.0,173.0,168.63,169.53,153090
2020-10-30,169.55,173.6,168.58,169.45,98851
2020-11-02,171.85,171.85,168.33,170.0,93757
2020-11-03,171.8,172.0,167.7,168.0,129223
2020-11-04,168.83,169.48,166.8,167.13,105062
2020-11-05,169.4,172.25,167.0,167.88,284692
2020-11-06,168.9,170.68,167.1,167.38,171140
2020-11-09,169.8,170.38,167.0,167.48,299424
2020-11-10,169.75,169.75,166.73,167.38,167150
2020-11-11,168.23,169.5,167.0,167.45,149270
2020-11-12,167.5,169.9,167.0,167.4,194856
2020-11-13,169.6,172.95,167.0,167.75,474693
2020-11-14,170.0,170.0,168.05,169.73,105559
2020-11-17,171.05,172.03,169.15,169.58,285967
2020-11-18,169.8,170.0,167.85,168.73,335756
2020-11-19,168.35,176.0,167.6,169.7,883800
2020-11-20,170.5,172.45,169.75,170.13,369720
2020-11-23,171.0,179.5,171.0,177.5,689435
2020-11-24,178.5,180.2,175.53,179.43,467500
2020-11-25,180.25,181.88,176.23,178.33,457450
2020-11-26,179.83,181.35,178.0,179.1,231870
2020-11-27,182.5,185.85,180.08,184.63,736672
2020-12-01,185.5,187.33,183.15,184.75,440416
2020-12-02,184.9,185.35,181.0,182.85,281437
2020-12-03,184.65,184.65,179.6,180.25,423777
2020-12-04,180.95,184.0,180.5,182.5,197464
2020-12-07,183.75,186.45,182.75,184.83,425787
2020-12-08,185.9,186.38,179.58,179.9,505682
2020-12-09,183.0,183.48,178.5,179.18,649481
2020-12-10,178.6,179.98,176.18,177.38,362919
2020-12-11,177.95,180.5,177.95,179.9,258862
2020-12-14,181.48,181.48,178.5,179.93,293477
2020-12-15,180.98,181.75,179.0,180.08,174447
2020-12-16,180.9,192.15,179.28,188.18,1746730
2020-12-17,188.6,191.5,180.8,183.93,470075
2020-12-18,185.03,187.2,181.08,184.08,358208
2020-12-21,186.0,186.85,170.5,173.8,439758
2020-12-22,175.05,177.35,168.05,174.7,257439
2020-12-23,175.3,179.5,175.08,177.9,180419
2020-12-24,179.1,179.75,175.13,176.08,292146
2020-12-28,176.85,182.75,176.83,181.45,394254
2020-12-29,183.0,186.35,182.15,183.55,366663
2020-12-30,184.45,193.38,180.35,191.03,1262298
2020-12-31,192.0,192.83,184.83,186.28,518394
2021-01-01,186.68,190.73,186.13,187.73,291572
2021-01-04,188.23,192.5,185.5,190.95,846911
2021-01-05,191.95,196.23,190.95,193.25,991999
2021-01-06,194.75,196.13,190.5,192.23,507498
2021-01-07,192.75,195.0,192.13,192.58,259149
2021-01-08,194.0,197.8,193.53,195.73,668703
2021-01-11,196.98,198.0,195.25,195.9,409517
2021-01-12,196.45,197.0,195.0,196.03,324431
2021-01-13,191.7,193.4,189.1,189.75,400127
2021-01-14,190.0,190.03,185.55,189.3,154246
2021-01-15,188.5,189.18,183.5,186.53,220610
2021-01-18,186.53,187.48,181.28,182.25,198048
2021-01-19,183.98,184.5,182.1,183.13,116044
2021-01-20,183.13,184.3,180.85,181.83,117255
2021-01-21,182.98,186.0,180.5,181.33,169695
2021-01-22,181.0,184.05,178.53,179.68,143077
2021-01-25,181.35,182.5,175.05,176.13,121054
2021-01-27,172.75,175.75,172.75,174.33,110466
2021-01-28,173.93,173.93,169.58,170.65,251323
2021-01-29,171.48,174.98,171.48,174.3,108843
2021-02-01,176.0,178.75,173.03,176.33,266517
2021-02-02,177.23,181.2,176.53,180.13,182996
2021-02-03,181.85,181.9,176.4,177.13,187075
2021-02-04,177.2,178.85,174.5,174.98,288090
2021-02-05,175.5,176.8,172.58,173.33,167587
2021-02-08,174.0,175.9,172.65,173.88,176995
2021-02-09,174.43,175.45,170.28,171.2,353510
2021-02-10,171.73,174.8,171.73,174.2,130653
2021-02-11,173.4,180.18,173.03,175.75,350672
2021-02-12,176.08,178.0,174.0,175.25,222498
2021-02-15,177.75,180.95,177.05,179.0,348623
2021-02-16,179.85,181.7,179.55,181.18,245747
2021-02-17,181.73,181.73,177.4,179.53,178361
2021-02-18,179.98,184.6,179.58,182.78,396090
2021-02-19,183.0,186.85,179.28,181.53,314437
2021-02-22,183.35,184.05,175.3,176.5,156350
2021-02-23,176.25,197.0,175.03,190.2,3962052
2021-02-24,194.5,197.95,176.13,190.0,1501857
2021-02-25,191.0,193.4,187.7,191.15,757872
2021-02-26,189.0,190.95,185.0,185.93,385343
2021-03-01,188.2,197.35,186.7,194.23,963401
2021-03-02,195.0,213.25,194.0,204.78,4254850
2021-03-03,206.5,207.48,200.0,201.38,601167
2021-03-04,199.55,206.35,197.5,202.3,531096
2021-03-05,201.75,201.75,195.18,197.08,467247
2021-03-08,198.05,199.55,192.1,198.05,417754
2021-03-09,199.1,199.88,192.5,193.15,236940
2021-03-10,193.75,194.15,190.0,190.83,245456
2021-03-12,191.48,194.78,189.55,191.23,256388
2021-03-15,191.73,191.73,187.05,188.18,186108
2021-03-16,188.25,189.18,185.6,186.3,132168
2021-03-17,186.3,186.3,180.5,181.25,161504
2021-03-18,182.5,184.4,178.43,180.15,186981
2021-03-19,180.7,182.25,174.0,180.83,183578
2021-03-22,180.5,184.5,179.53,180.65,142487
2021-03-23,181.85,183.33,178.63,180.88,98995
2021-03-24,181.0,183.05,177.48,178.1,174825
2021-03-25,177.53,177.98,173.73,175.58,149358
2021-03-26,175.5,180.1,175.28,176.95,204768
2021-03-30,178.0,190.78,176.0,184.65,333571
2021-03-31,187.0,192.0,185.0,187.15,353730
2021-04-01,187.25,190.5,186.5,189.23,113211
2021-04-05,187.5,188.9,182.25,184.78,110902
2021-04-06,184.78,186.08,182.55,183.18,83915
2021-04-07,184.65,185.63,182.5,183.2,94117
2021-04-08,182.5,186.38,182.5,183.53,139353
2021-04-09,184.98,191.25,183.75,187.75,720949
2021-04-12,182.5,184.83,176.98,178.33,220172
2021-04-13,177.5,181.25,176.88,180.28,104208
2021-04-15,178.05,180.5,177.63,179.33,87446
2021-04-16,179.33,180.55,177.55,178.9,87913
2021-04-19,175.95,177.23,173.0,174.78,145888
2021-04-20,175.1,178.35,174.45,174.98,77661
2021-04-22,174.0,176.58,170.25,174.93,124083
2021-04-23,174.88,177.5,173.53,174.75,87503
2021-04-26,176.0,177.9,175.05,175.78,91062
2021-04-27,175.68,181.3,175.68,178.85,225980
2021-04-28,179.8,181.23,179.1,180.55,97507
2021-04-29,181.45,181.98,178.08,179.6,73741
2021-04-30,178.25,185.6,177.5,182.78,319495
2021-05-03,182.35,187.5,181.15,183.98,290788
2021-05-04,185.0,188.5,182.98,184.03,265875
2021-05-05,186.2,189.7,184.03,186.35,378002
2021-05-06,189.0,190.4,186.25,187.05,235934
2021-05-07,187.75,188.58,183.5,184.9,171879
2021-05-10,185.25,187.48,183.03,184.55,313787
2021-05-11,184.5,186.9,182.0,184.0,380216
2021-05-12,184.93,191.5,184.93,188.18,807669
2021-05-14,191.0,193.48,189.0,191.68,589626
2021-05-17,194.2,201.25,192.53,196.6,1357472
2021-05-18,195.7,198.2,192.0,192.93,510966
2021-05-19,193.75,194.93,190.0,190.25,440493
2021-05-20,190.0,196.2,190.0,193.1,380427
2021-05-21,193.0,195.95,191.55,192.58,275188
2021-05-24,192.75,195.23,192.75,194.58,267678
2021-05-25,195.28,197.5,191.63,192.75,345674
2021-05-26,192.73,193.95,191.3,191.65,226016
2021-05-27,192.5,193.33,190.0,190.68,243297
2021-05-28,192.0,192.68,189.08,189.78,129843
2021-05-31,190.0,192.23,187.2,187.4,199649
2021-06-01,188.5,191.95,188.03,188.45,198576
2021-06-02,188.5,190.7,187.7,188.1,234969
2021-06-03,189.25,197.78,189.25,191.9,966349
2021-06-04,193.2,194.6,190.5,190.98,249856
2021-06-07,193.75,201.83,192.25,198.7,1674613
2021-06-08,199.48,200.18,193.83,195.65,474217
2021-06-09,195.95,200.5,193.7,195.15,579768
2021-06-10,196.05,204.08,195.88,199.53,1454236
2021-06-11,203.0,207.5,201.18,206.28,1871224
2021-06-14,208.0,213.0,206.5,209.15,2241773
2021-06-15,209.5,212.3,203.83,205.43,572135
2021-06-16,206.73,216.95,200.55,209.53,2263897
2021-06-17,207.5,209.5,204.18,205.8,498673
2021-06-18,206.5,211.28,201.13,205.1,691679
2021-06-21,202.0,207.45,201.65,205.78,686034
2021-06-22,206.85,209.23,203.65,204.88,402580
2021-06-23,205.55,208.1,204.0,204.45,306189
2021-06-24,205.75,206.5,202.23,203.05,173977
2021-06-25,204.45,211.5,200.05,201.58,1239929
2021-06-28,203.73,203.73,198.5,199.23,415565
2021-06-29,200.73,201.73,191.0,193.1,619066
2021-06-30,194.35,196.33,191.88,192.6,395496
2021-07-01,194.33,194.65,192.3,193.58,190322
2021-07-02,194.23,197.88,193.58,195.63,256397
2021-07-05,197.35,201.25,196.65,198.35,414170
2021-07-06,198.4,201.3,195.0,196.75,320822
2021-07-07,197.75,197.8,192.93,193.43,317008
2021-07-08,193.6,196.35,192.23,192.93,224609
2021-07-09,196.0,196.3,192.7,193.9,454388
2021-07-12,195.23,198.0,193.38,193.85,368171
2021-07-13,194.85,197.48,194.0,195.13,356796
2021-07-14,195.98,197.43,194.33,194.83,379171
2021-07-15,195.7,197.48,192.0,194.08,324928
2021-07-16,194.98,196.35,191.3,192.15,297573
2021-07-19,191.98,193.25,190.0,190.35,203157
2021-07-20,190.45,192.4,187.63,188.33,288848
2021-07-22,189.35,190.98,187.5,187.85,253442
2021-07-23,188.55,189.5,185.28,186.75,243335
2021-07-26,187.48,189.0,185.5,185.88,232939
2021-07-27,186.55,188.2,185.0,186.2,195591
2021-07-28,187.15,187.15,184.38,184.98,228215
2021-07-29,185.28,188.5,185.28,187.93,364461
2021-07-30,189.5,191.35,188.0,188.35,282454
2021-08-02,188.35,190.35,187.0,187.35,181830
2021-08-03,187.5,190.48,186.75,187.38,265835
2021-08-04,187.5,189.13,186.5,187.43,137557
2021-08-05,189.0,189.0,184.55,184.9,321142
2021-08-06,186.0,188.83,184.5,186.25,295811
2021-08-09,187.15,188.5,185.35,185.8,152050
2021-08-10,186.3,189.0,181.65,182.6,198350
2021-08-11,177.95,179.73,173.63,179.15,561412
2021-08-12,179.95,181.55,179.5,180.93,171155
2021-08-13,181.0,181.58,178.6,178.93,128712
2021-08-16,178.93,179.48,175.58,178.3,156205
2021-08-17,178.98,178.98,175.75,177.18,92426
2021-08-18,177.98,182.95,177.0,181.03,241895
2021-08-20,180.0,180.03,175.5,176.43,130190
2021-08-23,176.55,177.45,172.55,173.08,144094
2021-08-24,172.8,175.0,172.78,174.15,104372
2021-08-25,174.35,179.88,173.53,178.35,159216
2021-08-26,176.28,178.2,174.95,175.93,227465
2021-08-27,175.83,178.5,174.65,176.35,173942
2021-08-30,176.0,180.73,176.0,178.05,232742
2021-08-31,178.38,179.35,177.08,177.9,123284
2021-09-01,177.9,178.98,176.28,176.63,99630
2021-09-02,178.85,180.15,177.08,178.6,142443
2021-09-03,178.8,184.28,178.28,181.93,357165
2021-09-06,183.45,184.5,181.5,182.13,161225
2021-09-07,188.88,188.88,185.1,186.08,652337
2021-09-08,186.38,187.33,183.0,185.68,165119
2021-09-09,185.68,186.33,183.63,184.3,87711
2021-09-13,186.0,186.48,182.78,183.5,108410
2021-09-14,185.73,188.88,183.18,187.55,207902
2021-09-15,187.0,188.3,184.6,185.23,199881
2021-09-16,185.5,189.88,184.5,186.03,474908
2021-09-17,186.03,189.63,182.5,189.05,449248
2021-09-20,188.75,189.78,183.03,184.3,207797
2021-09-21,183.5,184.88,178.9,181.48,160530
2021-09-22,182.2,184.08,181.15,181.58,84698
2021-09-23,182.9,183.48,181.28,181.88,93743
2021-09-24,182.8,182.85,180.15,180.58,93364
2021-09-27,181.5,182.1,179.05,179.43,106659
2021-09-28,179.5,181.0,178.65,179.43,130736
2021-09-29,179.38,187.25,179.05,180.15,361116
2021-09-30,180.98,184.0,180.6,181.43,149706
2021-10-01,180.98,181.95,179.55,179.93,147752
2021-10-04,180.63,182.1,180.03,180.25,139695
2021-10-05,180.25,182.25,179.1,180.73,160837
2021-10-06,181.38,184.2,180.0,181.38,206481
2021-10-07,182.0,182.9,180.25,180.68,184615
2021-10-08,181.8,182.15,179.75,180.3,188568
2021-10-11,181.5,182.75,180.05,180.45,218612
2021-10-12,181.4,188.73,179.75,186.9,1322174
2021-10-13,190.0,190.65,186.0,187.15,650399
2021-10-14,189.0,189.5,184.6,185.4,247850
2021-10-18,187.35,188.15,184.43,185.13,302606
2021-10-19,185.5,187.3,182.5,183.28,185001
2021-10-20,182.58,184.0,180.28,180.78,232114
2021-10-21,180.95,182.75,175.53,176.93,256928
2021-10-22,177.5,179.48,177.25,178.13,149868
2021-10-25,178.13,178.98,174.28,175.33,252761
2021-10-26,176.0,180.0,175.28,176.85,139169
2021-10-27,177.45,179.35,175.83,176.33,134770
2021-10-28,176.35,177.85,175.05,175.65,152082
2021-10-29,175.65,176.2,173.55,174.7,129608
2021-11-01,175.35,176.35,173.45,175.3,89509
2021-11-02,175.95,178.58,175.38,177.95,147761
2021-11-03,178.88,187.5,178.13,179.28,985917
2021-11-04,180.3,182.5,180.0,182.13,85601
2021-11-08,183.0,184.93,181.78,183.43,205275
2021-11-09,183.75,184.5,181.65,182.08,126935
2021-11-10,182.33,184.95,181.2,182.23,126727
2021-11-11,182.5,188.75,180.93,187.05,773878
2021-11-12,189.0,191.5,185.0,185.9,679635
2021-11-15,186.35,188.38,185.35,186.18,171263
2021-11-16,187.25,187.75,184.0,185.33,171207
2021-11-17,183.5,185.75,182.9,183.2,136537
2021-11-18,185.0,185.0,179.43,180.55,154755
2021-11-22,182.35,182.35,177.0,177.43,153810
2021-11-23,175.0,180.0,174.68,178.85,94478
2021-11-24,179.53,181.68,178.03,179.93,97727
2021-11-25,180.83,182.2,177.53,178.15,77186
2021-11-26,177.5,178.9,173.75,174.6,135394
2021-11-29,173.5,173.68,170.03,171.2,144067
2021-11-30,171.0,174.0,168.5,169.78,165745
2021-12-01,170.0,171.83,169.45,170.5,103538
2021-12-02,170.5,173.2,169.85,171.63,91430
2021-12-03,171.98,173.88,171.85,172.35,161327
2021-12-06,173.0,173.5,171.63,172.9,89000
2021-12-07,173.5,174.4,172.53,172.73,48771
2021-12-08,173.98,174.35,171.2,172.9,100432
2021-12-09,173.25,175.5,172.8,174.63,62625
2021-12-10,175.25,175.83,174.0,174.35,88041
2021-12-13,174.53,175.85,174.0,174.28,69899
2021-12-14,174.28,174.65,173.25,173.48,57075
2021-12-15,174.1,174.15,172.58,172.85,54160
2021-12-16,173.73,173.73,172.65,172.95,47870
2021-12-17,172.95,172.95,169.0,170.43,79930
2021-12-20,169.5,169.5,164.0,165.28,180308
2021-12-21,165.5,168.45,164.0,164.55,107315
2021-12-22,165.4,169.48,164.75,165.5,122268
2021-12-23,166.35,168.75,166.35,167.3,65884
2021-12-24,168.2,168.48,166.45,167.03,52316
2021-12-27,167.85,167.85,166.0,167.3,42001
2021-12-28,167.95,170.0,167.65,169.25,63124
2021-12-29,170.1,173.5,168.83,172.78,152619
2021-12-30,173.45,180.0,170.63,178.33,367389
2021-12-31,178.5,178.9,176.03,178.15,147484
2022-01-03,178.95,179.3,177.33,177.7,77521
2022-01-04,177.7,178.55,173.0,173.43,171055
2022-01-05,174.75,175.28,173.15,173.98,90663
2022-01-06,174.03,174.25,172.5,172.73,93837
2022-01-07,172.75,176.9,172.75,174.18,245214
2022-01-10,174.85,175.83,174.03,174.4,85360
2022-01-11,175.23,175.23,173.15,173.55,71769
2022-01-12,174.35,176.75,173.55,175.88,185700
2022-01-13,176.25,176.25,174.0,174.95,88495
2022-01-14,175.7,176.25,174.03,174.35,71593
2022-01-17,174.5,175.48,173.8,174.05,83583
2022-01-18,174.45,177.0,173.05,174.0,123865
2022-01-19,174.8,174.8,172.78,173.58,82650
2022-01-20,174.35,177.4,173.15,173.95,158121
2022-01-21,173.95,174.7,172.0,172.53,67141
2022-01-24,172.53,172.98,166.5,167.38,151235
2022-01-25,167.28,169.25,163.95,168.2,95292
2022-01-27,167.5,170.05,166.5,169.7,135775
2022-01-28,170.25,171.9,170.03,170.45,87186
2022-01-31,171.35,172.45,170.55,171.53,91509
2022-02-01,171.75,173.93,171.5,172.28,137007
2022-02-02,174.0,174.0,171.95,172.33,70342
2022-02-03,173.0,173.6,169.9,171.18,111382
2022-02-04,171.43,172.45,169.5,169.88,101352
2022-02-07,170.45,172.48,169.25,169.8,74876
2022-02-08,170.45,172.45,167.55,169.88,125416
2022-02-09,169.93,170.85,169.03,169.75,44738
2022-02-10,170.45,171.33,169.58,170.43,63693
2022-02-11,167.05,168.18,164.2,164.5,330026
2022-02-14,163.38,163.5,156.05,158.5,268025
2022-02-15,160.95,160.95,155.5,157.33,290886
2022-02-16,160.0,160.93,157.15,157.4,358440
2022-02-17,158.0,158.98,156.13,156.48,198790
2022-02-18,156.03,157.0,155.78,156.5,120447
2022-02-21,154.48,154.98,152.55,153.8,144932
2022-02-22,152.55,152.95,150.1,150.8,147024
2022-02-23,151.58,153.25,150.7,151.1,107658
2022-02-24,148.95,148.95,142.53,143.65,315499
2022-02-25,145.45,147.15,143.13,144.15,260708
2022-02-28,143.5,145.83,142.55,144.95,199978
2022-03-02,146.0,146.0,141.1,144.9,157345
2022-03-03,145.15,147.95,144.95,145.4,182715
2022-03-04,145.0,146.03,144.13,144.55,133348
2022-03-07,143.03,144.5,141.8,143.05,183968
2022-03-08,144.48,145.5,140.38,142.38,188713
2022-03-09,144.4,147.08,143.23,144.78,191866
2022-03-10,146.5,149.5,146.28,148.43,245224
2022-03-11,148.25,153.18,147.58,152.3,243612
2022-03-14,154.88,155.0,151.8,153.08,203327
2022-03-15,152.7,153.75,150.53,150.98,159433
2022-03-16,154.0,156.48,152.0,152.3,388723
2022-03-17,154.98,154.98,151.0,152.3,300174
2022-03-21,153.08,154.45,150.5,150.9,206107
2022-03-22,150.9,151.45,149.0,150.28,187463
2022-03-23,152.5,153.95,151.25,151.53,244620
2022-03-24,152.75,152.75,149.63,150.68,127593
2022-03-25,151.05,152.0,150.0,150.28,139172
2022-03-28,150.3,151.98,147.05,147.48,258939
2022-03-29,148.65,148.73,145.15,146.33,282730
2022-03-30,146.5,148.08,146.13,146.5,202759
2022-03-31,146.5,149.1,146.5,147.1,178240
2022-04-01,147.8,152.23,147.33,151.43,138665
2022-04-04,152.4,161.95,152.38,158.88,592841
2022-04-05,160.0,162.4,158.33,160.45,250714
2022-04-06,160.45,161.05,158.38,159.23,114532
2022-04-07,159.95,166.38,159.33,160.98,421300
2022-04-08,161.88,168.4,161.2,163.95,403046
2022-04-11,163.75,169.78,163.33,166.55,364690
2022-04-12,167.88,177.45,163.0,175.53,2765913
2022-04-13,175.7,177.33,171.0,171.8,532971
2022-04-18,171.43,178.95,167.55,176.65,918489
2022-04-19,178.35,178.45,165.5,169.2,395630
2022-04-20,169.5,172.23,167.55,168.05,208822
2022-04-21,169.23,174.9,169.23,174.13,372291
2022-04-22,172.5,178.25,171.35,175.15,789627
2022-04-25,174.45,174.45,170.25,171.55,188763
2022-04-26,173.45,174.0,170.25,170.78,160851
2022-04-27,170.0,170.95,167.58,169.73,120187
2022-04-28,170.0,171.38,168.08,169.13,74752
2022-04-29,169.5,173.4,165.78,167.15,143934
2022-05-02,167.7,170.0,165.4,168.33,130347
2022-05-04,170.5,170.5,164.0,164.75,77153
2022-05-05,165.0,167.95,162.18,163.38,89474
2022-05-06,161.0,163.08,157.6,161.43,119681
2022-05-09,160.6,162.25,158.03,160.38,72767
2022-05-10,158.5,162.55,157.0,157.85,89937
2022-05-11,158.43,159.08,150.53,152.15,109484
2022-05-12,152.5,156.0,150.05,153.85,80609
2022-05-13,155.0,159.98,154.28,156.35,171588
2022-05-16,158.98,160.35,156.08,157.6,68383
2022-05-17,158.4,164.9,157.88,163.8,129030
2022-05-18,165.5,166.43,163.15,163.93,123658
2022-05-19,160.05,161.95,155.03,156.48,106990
2022-05-20,159.8,162.75,158.0,161.9,146172
2022-05-23,167.98,174.95,165.0,171.55,1075024
2022-05-24,174.63,174.63,166.0,166.78,194261
2022-05-25,168.95,168.95,159.9,161.28,215398
2022-05-26,163.38,163.38,153.03,159.35,172844
2022-05-27,163.5,164.5,159.48,161.28,105504
2022-05-30,161.6,164.5,161.6,163.38,138947
2022-05-31,163.5,164.2,160.55,161.55,88664
2022-06-01,164.0,167.5,161.68,163.73,313987
2022-06-02,164.43,165.95,162.7,165.13,87542
2022-06-03,166.0,168.7,162.25,163.73,153529
2022-06-06,163.73,163.73,156.4,159.78,94503
2022-06-07,161.5,162.35,158.03,160.5,194061
2022-06-08,162.5,164.18,159.0,159.25,134471
2022-06-09,159.5,161.13,159.0,160.23,69380
2022-06-10,159.15,160.68,157.9,158.48,58165
2022-06-13,157.48,157.48,153.3,153.68,211359
2022-06-14,152.5,157.0,152.5,155.85,236524
2022-06-15,156.65,157.0,155.2,155.7,43690
2022-06-16,157.5,157.83,152.5,155.35,134522
2022-06-17,156.0,156.15,151.0,151.3,141819
2022-06-20,152.73,152.78,148.5,150.48,168551
2022-06-21,149.53,155.0,149.53,154.53,133874
2022-06-22,155.0,159.2,153.4,157.6,151941
2022-06-23,157.0,158.0,154.65,156.8,105311
2022-06-24,156.48,156.48,154.8,155.9,106248
2022-06-27,156.5,156.5,154.55,154.75,131434
2022-06-28,153.5,158.75,153.5,157.25,147361
2022-06-29,155.53,158.48,153.03,154.88,155379
2022-06-30,154.63,156.33,153.93,155.85,44437
2022-07-01,155.45,156.5,153.58,156.18,34795
2022-07-04,156.0,156.98,155.0,155.23,46305
2022-07-05,155.95,157.45,155.5,155.9,40596
2022-07-06,156.0,157.08,155.05,156.63,39448
2022-07-07,156.63,159.5,156.63,158.8,81689
2022-07-08,159.48,159.83,157.33,158.55,38689
2022-07-11,157.5,160.0,157.43,159.15,50736
2022-07-12,159.0,160.5,158.53,160.08,90024
2022-07-13,160.9,161.0,157.7,158.55,77785
2022-07-14,159.35,161.45,157.73,160.58,139199
2022-07-15,161.0,161.33,159.13,160.7,49101
2022-07-18,162.25,162.25,160.63,161.63,63572
2022-07-19,161.0,162.5,160.53,161.28,70600
2022-07-20,162.1,162.5,160.2,160.58,85647
2022-07-21,161.0,163.5,161.0,162.68,104659
2022-07-22,163.43,163.43,160.93,162.4,55128
2022-07-25,162.38,163.43,160.35,163.03,55463
2022-07-26,163.03,164.0,161.85,163.18,57584
2022-07-27,163.9,165.5,162.78,163.33,110750
2022-07-28,163.5,164.25,162.13,162.75,56002
2022-07-29,165.0,167.0,163.85,166.68,223587
2022-08-01,167.0,169.5,166.28,167.35,291465
2022-08-02,166.5,168.95,166.25,168.13,134348
2022-08-03,167.5,168.3,165.0,167.25,74360
2022-08-04,168.45,169.5,164.08,166.0,122587
2022-08-05,166.93,172.5,165.3,170.5,389050
2022-08-08,170.75,173.0,169.0,170.6,231603
2022-08-10,171.3,172.45,170.5,171.63,128924
2022-08-11,172.4,173.0,165.5,166.75,420266
2022-08-12,166.0,169.03,165.6,168.15,113760
2022-08-16,169.0,169.0,167.53,168.03,74528
2022-08-17,168.95,170.03,168.25,169.28,86411
2022-08-18,169.83,172.58,168.75,171.13,229157
2022-08-19,171.3,173.0,168.55,169.13,103181
2022-08-22,168.5,168.5,164.55,166.0,87199
2022-08-23,165.0,169.98,165.0,168.83,98985
2022-08-24,168.5,171.5,167.9,170.38,95455
2022-08-25,171.0,179.0,170.0,175.58,931405
2022-08-26,177.45,184.45,176.53,182.23,1771725
2022-08-29,180.0,194.0,178.8,187.9,3024153
2022-08-30,192.4,193.65,187.75,188.3,820035
2022-09-01,188.48,194.0,188.0,189.85,912724
2022-09-02,194.48,197.15,188.43,189.68,2206058
2022-09-05,190.88,192.95,187.65,188.5,537050
2022-09-06,189.5,189.5,185.6,186.63,391891
2022-09-07,186.5,196.4,186.15,194.18,1084419
2022-09-08,196.03,202.35,193.35,198.05,1929302
2022-09-09,198.05,199.75,191.25,192.55,645874
2022-09-12,193.4,197.83,192.75,195.03,805969
2022-09-13,196.3,197.45,193.0,193.7,374354
2022-09-14,191.0,193.48,188.75,189.28,337330
2022-09-15,190.4,192.28,186.8,187.95,283080
2022-09-16,188.9,204.33,187.3,191.73,3245584
2022-09-19,192.5,202.5,188.65,200.33,2046170
2022-09-20,202.5,212.0,201.45,209.28,3090227
2022-09-21,212.0,217.1,206.5,213.5,2806751
2022-09-22,214.0,218.9,211.85,216.48,1656938
2022-09-23,216.38,216.5,209.5,213.78,683498
2022-09-26,213.48,213.48,200.6,208.35,870788
2022-09-27,209.0,214.03,207.7,211.45,637498
2022-09-28,210.93,211.45,206.63,209.65,570603
2022-09-29,212.5,220.4,212.0,216.43,1404545
2022-09-30,217.78,222.4,210.08,220.5,1465958
2022-10-03,219.5,245.78,217.55,242.7,8547308
2022-10-04,241.0,250.35,238.2,248.33,4025625
2022-10-06,249.5,264.75,246.0,253.9,5227866
2022-10-07,254.95,264.75,250.0,262.55,3116728
2022-10-10,262.05,279.93,260.5,263.55,7421976
2022-10-11,266.85,268.0,250.55,253.88,2668323
2022-10-12,253.03,267.5,250.48,263.75,3038997
2022-10-13,266.6,276.2,265.05,271.03,4393238
2022-10-14,276.0,279.38,258.53,260.9,2698630
2022-10-17,261.7,267.35,258.63,262.78,1555044
2022-10-18,264.1,266.73,255.55,257.75,1487328
2022-10-19,259.23,262.5,256.08,260.7,1365498
2022-10-20,260.93,266.13,259.0,264.68,1088803
2022-10-21,262.03,264.35,256.05,258.73,685944
2022-10-24,260.25,261.13,257.53,258.7,145938
2022-10-25,259.73,274.0,258.6,271.08,1668822
2022-10-27,272.5,282.45,267.03,280.1,1839216
2022-10-28,281.0,284.0,268.13,273.3,1494136
2022-10-31,275.0,275.45,266.5,269.28,662164
2022-11-01,269.95,277.95,269.33,275.18,947748
2022-11-02,272.0,295.0,271.7,291.2,4340734
2022-11-03,290.98,308.5,288.03,295.08,7981077
2022-11-04,295.08,304.55,295.0,302.23,3199655
2022-11-07,304.48,307.43,297.3,299.33,1955841
2022-11-09,301.5,303.83,287.5,291.8,1233079
2022-11-10,292.7,306.5,291.0,293.35,2506650
2022-11-11,290.0,327.3,280.5,319.2,5405172
2022-11-14,322.95,338.7,318.5,334.75,6082924
2022-11-15,333.5,341.98,326.63,338.75,2836589
2022-11-16,336.15,339.0,330.15,333.35,2610707
2022-11-17,331.0,342.2,326.0,337.45,2468302
2022-11-18,337.0,337.0,325.55,329.03,1624482
2022-11-21,324.0,324.95,300.55,305.88,1642203
2022-11-22,305.18,330.5,296.78,324.35,5925982
2022-11-23,324.35,336.4,320.05,323.83,3725090
2022-11-24,323.75,329.45,320.93,322.85,1531825
2022-11-25,322.9,326.05,311.28,313.88,1405317
2022-11-28,315.45,329.5,314.28,327.65,1943839
2022-11-29,327.45,329.35,318.33,320.3,1119083
2022-11-30,321.9,334.93,321.3,333.53,3130101
2022-12-01,334.7,342.75,331.55,335.0,1982069
2022-12-02,335.0,336.5,327.6,330.15,972985
2022-12-05,332.58,343.5,326.18,330.55,1732690
2022-12-06,332.0,332.5,320.0,321.2,1377962
2022-12-07,323.0,324.7,310.55,312.68,1384995
2022-12-08,314.75,321.0,302.53,316.13,2989400
2022-12-09,318.75,319.65,303.03,305.63,1835671
2022-12-12,307.0,311.98,298.0,304.55,1709738
2022-12-13,307.35,323.5,305.28,315.4,2772794
2022-12-14,317.5,319.73,311.0,313.4,929152
2022-12-15,312.53,315.6,306.0,307.7,664762
2022-12-16,307.5,311.23,304.6,306.9,1034104
2022-12-19,307.75,312.0,306.58,308.8,762050
2022-12-20,310.35,315.0,304.75,311.13,1306222
2022-12-21,313.5,314.18,296.73,299.0,880040
2022-12-22,299.25,304.2,268.15,272.13,1852391
2022-12-23,270.0,270.0,245.9,248.53,2246538
2022-12-26,248.5,280.8,246.0,276.4,2745721
2022-12-27,280.0,284.05,266.28,274.9,2657059
2022-12-28,274.95,274.95,265.0,270.88,1104613
2022-12-29,271.18,271.18,266.13,267.4,853169
2022-12-30,268.0,273.63,265.5,267.13,855609
2023-01-02,265.48,269.5,263.73,264.98,563418
2023-01-03,266.5,273.48,265.25,267.2,1850432
2023-01-04,268.15,268.95,259.5,260.75,562420
2023-01-05,263.35,266.0,256.05,258.9,886076
2023-01-06,260.2,261.05,248.5,250.78,900765
2023-01-09,252.45,255.48,249.0,251.1,550245
2023-01-10,251.6,252.08,242.5,243.25,925051
2023-01-11,244.45,246.6,237.1,239.18,1061480
2023-01-12,239.18,244.88,236.05,243.03,859322
2023-01-13,244.25,247.63,241.78,246.45,853366
2023-01-16,247.68,253.85,240.4,249.95,1340850
2023-01-17,247.45,254.23,246.98,249.93,785516
2023-01-18,249.5,255.1,247.4,253.73,740122
2023-01-19,250.9,252.88,247.6,248.45,369565
2023-01-20,249.5,259.0,246.65,254.15,1508064
2023-01-23,254.7,255.7,251.0,252.88,403008
2023-01-24,253.35,253.35,247.5,248.15,391045
2023-01-25,248.2,248.2,240.65,241.48,474645
2023-01-27,242.38,247.78,234.2,237.48,595183
2023-01-30,236.25,247.65,235.95,243.65,450064
2023-01-31,246.85,257.45,246.0,255.98,1094748
2023-02-01,257.9,261.23,237.5,242.03,1142679
2023-02-02,242.48,251.5,236.28,242.58,820048
2023-02-03,244.78,245.0,234.55,236.05,489987
2023-02-06,237.25,241.83,236.1,239.08,373468
2023-02-07,240.28,244.5,238.0,242.7,334603
2023-02-08,243.93,249.28,243.13,247.25,510708
2023-02-09,246.5,249.45,240.5,242.03,567029
2023-02-10,243.25,244.5,237.93,239.33,623466
2023-02-13,238.25,239.85,232.05,236.18,423573
2023-02-14,237.35,248.98,236.58,247.5,854227
2023-02-15,246.03,249.48,242.58,246.48,576573
2023-02-16,246.5,253.43,244.18,251.55,1150182
2023-02-17,250.7,250.7,243.0,244.1,632427
2023-02-20,244.95,247.5,241.03,241.88,303365
2023-02-21,242.85,246.9,240.63,245.15,381340
2023-02-22,241.95,242.5,233.8,234.95,356344
2023-02-23,236.2,236.95,229.5,230.7,381508
2023-02-24,231.95,237.25,231.05,232.3,284528
2023-02-27,228.8,232.23,228.05,230.45,206394
2023-02-28,232.18,234.85,225.0,226.03,291258
2023-03-01,226.9,233.25,226.5,232.38,351401
2023-03-02,231.5,233.55,228.6,229.6,203838
2023-03-03,232.5,233.48,230.78,232.38,190013
2023-03-06,233.55,237.68,232.78,237.15,408989
2023-03-08,236.45,242.4,233.1,240.68,640164
2023-03-09,240.68,241.6,233.75,235.13,312693
2023-03-10,234.0,235.93,230.78,233.88,138278
2023-03-13,233.88,235.63,226.0,227.13,244616
2023-03-14,226.58,230.93,222.5,223.58,236642
2023-03-15,225.55,228.35,218.7,220.88,219655
2023-03-16,219.63,220.2,212.63,218.5,381897
2023-03-17,220.6,223.35,217.55,222.0,385289
2023-03-20,224.2,236.8,224.1,230.1,3245606
2023-03-21,232.0,232.0,224.18,226.18,411395
2023-03-22,226.7,229.95,225.03,226.95,279622
2023-03-23,226.5,226.53,223.38,224.25,176040
2023-03-24,225.2,225.53,215.0,216.35,253916
2023-03-27,217.35,217.5,205.2,207.0,309481
2023-03-28,207.48,213.68,207.0,208.73,521113
2023-03-29,209.3,237.0,209.3,229.5,1585774
2023-03-31,243.05,248.35,235.9,237.88,3230470
2023-04-03,240.35,242.45,233.33,240.4,654874
2023-04-05,240.5,247.0,237.88,245.75,777617
2023-04-06,244.9,247.0,241.6,243.53,562216
2023-04-10,243.53,245.6,241.4,243.38,316261
2023-04-11,244.1,247.95,242.65,245.4,579477
2023-04-12,245.5,250.98,243.05,245.33,820616
2023-04-13,245.35,246.78,241.83,243.28,310086
2023-04-17,243.75,246.0,239.03,240.85,389849
2023-04-18,241.0,244.75,241.0,242.35,259452
2023-04-19,243.0,246.15,242.35,243.65,280425
2023-04-20,244.45,247.0,242.2,244.7,400879
2023-04-21,244.85,246.1,240.03,243.9,479089
2023-04-24,244.9,253.9,243.55,251.35,1141813
2023-04-25,252.5,254.8,247.1,248.75,635931
2023-04-26,248.5,253.0,247.95,249.5,378922
2023-04-27,250.0,253.85,248.0,249.6,397134
2023-04-28,249.75,253.75,248.5,251.7,393443
2023-05-02,252.98,269.95,252.7,267.55,1646040
2023-05-03,267.65,278.5,267.65,275.88,2233397
2023-05-04,277.5,278.0,269.1,275.0,1106064
2023-05-05,275.0,280.73,272.03,274.73,738338
2023-05-08,276.5,277.43,273.5,275.58,371950
2023-05-09,277.0,277.15,264.5,265.68,566376
2023-05-10,266.0,271.0,264.2,269.73,515327
2023-05-11,270.73,273.4,265.0,266.28,427164
2023-05-12,267.0,270.95,265.13,269.75,321545
2023-05-15,269.78,272.75,267.85,269.28,390343
2023-05-16,270.25,283.13,268.85,276.15,2504305
2023-05-17,277.53,281.4,272.8,276.3,777481
2023-05-18,277.55,279.45,271.53,273.13,345602
2023-05-19,273.9,274.9,269.45,271.08,329348
2023-05-22,243.0,247.5,238.08,242.88,1898467
2023-05-23,244.68,248.0,241.53,243.58,726431
2023-05-24,243.85,246.38,242.5,243.88,258930
2023-05-25,244.28,245.25,234.48,236.48,556162
2023-05-26,237.4,241.0,235.0,239.6,525740
2023-05-29,240.85,244.5,239.6,243.48,391998
2023-05-30,244.55,248.4,242.08,247.4,513460
2023-05-31,248.5,251.0,244.23,248.2,563399
2023-06-01,248.35,252.18,245.13,249.4,515454
2023-06-02,250.33,254.0,247.0,250.65,737920
2023-06-05,251.93,287.5,248.6,279.45,11483865
2023-06-06,280.5,291.33,277.08,286.18,6152702
2023-06-07,286.0,287.0,275.13,276.8,1974755
2023-06-08,278.3,282.2,269.08,271.63,978041
2023-06-09,272.7,277.38,266.78,269.88,1111342
2023-06-12,280.0,287.0,276.05,279.0,3808183
2023-06-13,277.63,281.95,273.85,275.75,1302958
2023-06-14,277.0,278.0,272.5,274.45,516799
2023-06-15,273.5,283.5,273.05,278.6,1712640
2023-06-16,279.0,297.2,279.0,289.58,7768432
2023-06-19,292.0,303.48,291.0,296.35,4179151
2023-06-20,297.03,299.45,291.8,297.83,2598936
2023-06-21,300.0,304.7,292.0,293.35,2527026
2023-06-22,294.65,297.5,286.53,292.3,1163331
2023-06-23,293.18,293.48,283.23,286.05,780109
2023-06-26,286.5,295.85,285.05,293.13,1449397
2023-06-27,294.65,295.7,289.05,289.9,509459
2023-06-28,291.13,292.25,280.0,281.8,1086177
2023-06-30,283.2,285.73,281.25,282.9,656531
2023-07-03,284.33,290.45,282.75,283.58,752748
2023-07-04,284.08,284.9,277.9,279.8,555756
2023-07-05,280.53,283.8,278.05,281.0,440827
2023-07-06,282.0,291.0,280.33,288.43,1020451
2023-07-07,290.03,294.98,287.03,289.8,1364599
2023-07-10,289.75,294.4,285.3,291.3,1500516
2023-07-11,292.5,336.05,292.0,323.65,19958047
2023-07-12,323.65,331.35,316.88,321.7,8273807
2023-07-13,321.6,329.48,316.63,318.65,3517325
2023-07-14,320.18,321.95,313.28,314.85,1243233
2023-07-17,315.88,342.2,314.85,329.68,9240626
2023-07-18,331.75,339.95,324.33,330.25,2840883
2023-07-19,331.55,333.55,325.53,327.83,963632
2023-07-20,327.0,343.8,326.6,333.53,5499166
2023-07-21,333.3,339.28,328.15,333.6,1609563
2023-07-24,334.25,343.5,331.93,340.35,1898713
2023-07-25,342.25,358.5,341.05,344.05,6962797
2023-07-26,345.43,349.63,338.05,340.55,1827909
2023-07-27,342.05,344.45,333.0,335.48,1190940
2023-07-28,336.55,342.15,335.5,340.53,1087994
2023-07-31,341.05,341.63,333.15,334.53,848788
2023-08-01,337.5,349.2,333.6,335.1,2691678
2023-08-02,332.5,337.9,324.03,332.9,1637064
2023-08-03,332.9,336.5,328.5,333.1,890227
2023-08-04,334.78,337.65,331.75,335.33,643667
2023-08-07,336.98,338.5,328.3,330.4,627499
2023-08-08,329.88,334.4,328.93,333.03,621774
2023-08-09,333.75,333.95,328.38,329.75,580851
2023-08-10,329.28,330.88,326.5,329.45,437889
2023-08-11,330.15,337.98,316.1,322.93,2688002
2023-08-14,325.0,347.6,322.7,343.95,7362816
2023-08-16,345.0,411.0,342.7,403.93,23016954
2023-08-17,406.48,452.23,405.83,437.85,25396803
2023-08-18,441.0,461.5,417.85,421.73,13847921
2023-08-21,424.95,431.5,408.83,414.85,5692255
2023-08-22,418.55,423.38,408.55,412.58,2409602
2023-08-23,414.65,438.9,410.48,433.6,7157895
2023-08-24,436.5,438.4,421.65,424.38,2134878
2023-08-25,424.0,431.45,410.88,419.85,1920832
2023-08-28,421.95,434.45,416.7,424.05,1889677
2023-08-29,425.0,427.85,420.75,422.65,804156
2023-08-30,424.5,453.98,421.5,434.6,9301508
2023-08-31,437.63,455.0,432.5,452.85,7336256
2023-09-01,455.13,461.0,446.55,454.25,3680131
2023-09-04,456.53,471.5,452.23,456.58,3519705
2023-09-05,460.0,481.0,459.4,476.65,5370758
2023-09-06,476.28,479.0,463.8,477.58,2795455
2023-09-07,477.5,573.08,473.5,573.08,15934469
2023-09-08,600.0,629.25,582.38,604.73,18349377
2023-09-11,614.35,620.53,595.08,602.03,4070422
2023-09-12,599.53,601.88,516.13,532.85,6272347
2023-09-13,536.98,567.75,518.33,543.63,5020577
2023-09-14,553.2,558.93,536.13,543.18,1858105
2023-09-15,543.2,570.0,543.2,553.53,4812191
2023-09-18,557.23,564.0,540.5,544.75,1806058
2023-09-20,544.0,544.0,522.5,533.08,2459592
2023-09-21,533.48,542.68,515.4,519.43,1883577
2023-09-22,522.03,526.1,498.55,501.08,2201499
2023-09-25,503.75,506.98,486.15,491.63,1657888
2023-09-26,492.8,562.0,492.03,543.88,17226553
2023-09-27,545.2,565.0,537.8,544.08,7672695
2023-09-28,547.5,554.35,525.55,528.85,3056438
2023-09-29,531.85,558.95,531.5,542.63,6430593
2023-10-03,543.0,545.18,530.6,534.5,1987534
2023-10-04,534.93,534.95,508.5,520.65,1949858
2023-10-05,526.0,552.5,526.0,536.18,5033605
2023-10-06,537.5,546.0,530.35,536.15,1740479
2023-10-09,521.05,529.08,512.48,516.65,1456616
2023-10-10,531.0,544.0,522.5,524.3,2516537
2023-10-11,528.5,531.75,521.0,524.4,1204884
2023-10-12,524.53,527.58,515.5,517.25,906740
2023-10-13,516.0,519.48,506.5,515.08,1340724
2023-10-16,515.5,535.0,508.4,529.78,2930195
2023-10-17,534.58,537.38,520.0,522.93,2027616
2023-10-18,525.0,529.95,514.0,516.8,1192527
2023-10-19,512.35,517.95,508.53,511.68,695792
2023-10-20,511.0,512.48,500.0,502.23,836786
2023-10-23,515.5,519.75,485.0,487.63,2089860
2023-10-25,489.53,498.55,454.0,463.8,2104299
2023-10-26,454.58,478.6,435.6,470.9,4396619
2023-10-27,477.35,503.35,468.65,493.18,4503610
2023-10-30,494.9,495.15,475.0,479.13,1486735
2023-10-31,480.4,487.03,472.3,475.68,1093002
2023-11-01,477.2,479.5,470.13,473.58,856269
2023-11-02,480.0,484.5,472.63,475.3,693089
2023-11-03,477.63,479.6,470.0,472.53,727027
2023-11-06,475.65,506.0,471.55,502.15,3653655
2023-11-07,509.0,534.18,506.63,521.13,5843367
2023-11-08,530.83,536.65,522.03,523.68,2196784
2023-11-09,526.3,529.1,515.03,518.8,1684744
2023-11-10,517.5,534.43,515.0,524.35,1981727
2023-11-12,529.08,532.0,528.0,529.65,358395
2023-11-13,529.0,537.8,525.15,526.9,1190466
2023-11-15,531.95,554.25,525.4,549.13,3937232
2023-11-16,552.0,557.18,537.38,539.3,2173797
2023-11-17,542.45,548.83,537.0,540.73,947232
2023-11-20,543.0,555.5,533.1,544.48,1882956
2023-11-21,547.35,559.95,540.5,546.45,2260274
2023-11-22,548.0,550.95,535.5,539.08,985714
2023-11-23,539.08,571.85,539.0,553.6,6679742
2023-11-24,556.85,569.4,555.5,560.85,2957819
2023-11-28,564.0,574.0,560.5,566.38,2017146
2023-11-29,570.0,589.88,569.0,582.05,3916140
2023-11-30,588.0,609.0,585.5,602.3,6171554
2023-12-01,600.0,600.0,577.88,583.5,2901397
2023-12-04,612.5,614.28,590.25,594.33,1971915
2023-12-05,594.5,609.5,586.6,590.68,2158598
2023-12-06,593.5,647.2,587.05,639.98,8762197
2023-12-07,647.5,656.35,635.5,640.8,3669269
2023-12-08,644.0,664.2,618.3,632.5,3267722
2023-12-11,636.08,646.18,633.03,639.43,1470479
2023-12-12,643.0,645.38,623.0,625.78,1372581
2023-12-13,628.55,638.83,616.58,637.3,1444557
2023-12-14,641.23,645.1,621.0,623.53,2191290
2023-12-15,627.95,636.75,625.28,628.95,1150336
2023-12-18,633.83,644.0,632.5,635.2,1513766
2023-12-19,638.5,668.73,636.0,653.95,5989210
2023-12-20,657.35,662.25,600.0,612.33,3059021
2023-12-21,618.0,658.38,612.55,650.2,5417925
2023-12-22,655.0,657.5,640.75,650.7,1713384
2023-12-26,653.88,695.0,646.33,687.25,5990264
2023-12-27,691.78,704.43,673.65,679.53,4272025
2023-12-28,682.95,688.2,668.53,672.53,1740870
2023-12-29,675.45,688.0,670.5,676.98,1748151
2024-01-01,680.13,691.25,679.0,681.43,1408663
2024-01-02,684.93,687.0,658.38,676.88,1384734
2024-01-03,677.98,684.0,668.15,675.6,1104286
2024-01-04,678.1,687.9,676.0,681.63,1307910
2024-01-05,684.18,691.95,674.0,681.35,1822635
2024-01-08,684.5,685.0,611.28,646.83,2299797
2024-01-09,650.5,685.88,650.5,669.0,3355705
2024-01-10,677.0,802.8,675.1,802.8,22442717
2024-01-11,790.0,792.8,761.05,772.8,11469695
2024-01-12,776.35,782.8,750.6,753.85,3571574
2024-01-15,757.7,791.0,757.05,770.5,5235262
2024-01-16,779.0,808.4,773.0,792.15,7787634
2024-01-17,793.0,888.0,780.0,849.1,26230941
2024-01-18,857.0,896.1,822.0,865.65,11018034
2024-01-19,878.0,887.45,862.6,873.7,4771974
2024-01-20,875.0,889.0,863.3,874.3,3585746
2024-01-23,880.0,898.5,832.05,848.6,3459766
2024-01-24,853.0,854.5,796.25,851.3,3518987
2024-01-25,860.45,885.0,860.0,871.6,2473935
2024-01-29,877.95,883.2,855.45,860.05,1726017
2024-01-30,867.0,895.95,860.6,878.6,3683666
2024-01-31,935.0,945.0,895.7,912.2,6953477
2024-02-01,922.5,941.95,902.4,911.55,4522178
2024-02-02,919.1,922.0,903.0,905.2,1973422
2024-02-05,913.0,924.45,880.8,890.65,2538611
2024-02-06,895.0,895.0,863.2,884.5,1631959
2024-02-07,887.5,897.0,871.5,873.9,1182679
2024-02-08,878.55,920.0,863.9,911.4,3837173
2024-02-09,915.5,916.2,865.5,882.65,2188203
2024-02-12,882.0,882.0,790.0,805.4,3682525
2024-02-13,817.5,853.1,795.0,842.8,3156914
2024-02-14,810.05,853.5,810.05,847.4,1477541
2024-02-15,851.0,864.9,845.5,860.85,1278231
2024-02-16,864.8,884.75,835.0,839.25,1858009
2024-02-19,845.0,869.25,839.05,851.0,1987506
2024-02-20,852.6,854.95,840.05,843.8,1047391
2024-02-21,846.55,849.9,825.05,830.85,1005409
2024-02-22,834.4,844.0,814.15,836.3,1269496
2024-02-23,840.0,863.9,834.05,858.7,1739872
2024-02-26,862.25,869.95,849.1,859.2,1253538
2024-02-27,860.0,865.0,851.2,854.05,1038904
2024-02-28,866.0,903.45,842.0,854.2,8593058
2024-02-29,854.2,879.5,854.2,875.1,2582071
2024-03-01,878.9,883.9,868.0,873.8,1472366
2024-03-02,877.2,877.9,870.0,872.35,132309
2024-03-04,876.9,913.8,864.5,881.3,3402600
2024-03-05,884.55,890.1,872.8,876.25,1082470
2024-03-06,875.95,876.65,843.75,854.85,1472985
2024-03-07,854.85,875.7,853.85,867.2,1011544
2024-03-11,867.2,867.2,845.0,848.3,787870
2024-03-12,850.0,856.0,814.2,818.05,1407869
2024-03-13,820.0,837.2,716.45,730.8,3454793
2024-03-14,739.95,814.0,713.35,804.3,3713524
2024-03-15,805.0,905.0,788.6,890.45,11812467
2024-03-18,897.0,912.35,870.45,875.5,3171617
2024-03-19,873.85,911.35,864.25,881.2,4560368
2024-03-20,888.8,903.95,875.0,878.25,1640751
2024-03-21,887.45,922.9,884.7,895.85,4687245
2024-03-22,898.0,930.8,897.05,902.45,3150242
2024-03-26,906.85,909.75,878.0,893.25,1637539
2024-03-27,895.0,901.2,865.0,872.45,1647346
2024-03-28,883.4,891.1,866.25,871.8,905880
2024-04-01,887.0,976.7,885.35,968.3,11008662
2024-04-02,969.2,997.0,954.35,985.05,6207391
2024-04-03,986.0,1085.0,977.7,1074.65,15834277
2024-04-04,1076.0,1081.0,1034.15,1069.3,5050996
2024-04-05,1067.95,1117.5,1055.0,1081.2,5566690
2024-04-08,1105.05,1170.9,1105.05,1141.2,9408821
2024-04-09,1147.6,1153.1,1113.35,1130.25,3223337
2024-04-10,1132.8,1142.7,1084.1,1092.1,2856936
2024-04-12,1094.85,1119.8,1081.4,1096.55,1988002
2024-04-15,1055.0,1085.0,1024.2,1056.95,3644581
2024-04-16,1056.15,1115.0,1043.75,1103.35,4525204
2024-04-18,1120.0,1137.0,1067.35,1077.85,2552265
2024-04-19,1077.45,1126.6,1061.0,1099.0,4930560
2024-04-22,1113.05,1124.45,1095.1,1105.1,1597916
2024-04-23,1109.9,1280.0,1093.05,1251.95,17053747
2024-04-24,1270.0,1323.0,1257.9,1274.65,9171525
2024-04-25,1276.9,1377.0,1251.75,1326.25,13992038
2024-04-26,1330.1,1364.7,1327.2,1352.05,4772122
2024-04-29,1364.25,1365.55,1327.0,1337.95,1974201
2024-04-30,1338.0,1378.0,1298.0,1303.9,3369452
2024-05-02,1312.8,1334.75,1274.0,1325.65,3008078
2024-05-03,1331.65,1361.75,1303.3,1321.9,2314662
2024-05-06,1332.0,1335.35,1261.05,1287.6,2282092
2024-05-07,1293.85,1336.0,1226.85,1247.25,4390065
2024-05-08,1248.0,1298.0,1225.0,1294.8,2664196
2024-05-09,1299.6,1304.75,1220.0,1234.7,2073901
2024-05-10,1244.0,1257.3,1201.55,1229.75,2736031
2024-05-13,1230.0,1237.8,1168.0,1195.2,3079650
2024-05-14,1240.0,1355.0,1240.0,1343.2,12226747
2024-05-15,1343.1,1370.0,1311.7,1330.5,5845758
2024-05-16,1341.9,1361.0,1327.75,1345.5,3459148
2024-05-17,1349.5,1438.4,1347.25,1414.85,13002299
2024-05-18,1418.0,1485.55,1415.25,1484.15,1561914
2024-05-21,1490.0,1696.0,1432.75,1641.0,17469936
2024-05-22,1650.05,1709.0,1593.35,1633.3,9452432
2024-05-23,1660.0,1935.0,1658.7,1890.2,20768778
2024-05-24,1899.5,2030.0,1831.55,1912.55,21610057
2024-05-27,2100.0,2100.0,1952.65,1971.0,15878300
2024-05-28,1994.05,2022.0,1863.4,1909.4,7902909
2024-05-29,1900.0,2030.0,1825.0,2018.05,13452819
2024-05-30,2027.0,2048.0,1940.0,1957.15,7063841
2024-05-31,1980.0,2010.0,1901.0,1947.65,7522139
2024-06-03,2100.0,2100.0,2003.15,2013.0,4497698
2024-06-04,2009.0,2009.0,1811.7,1811.7,5677652
2024-06-05,1789.95,1789.95,1630.55,1684.55,7231598
2024-06-06,1735.0,1853.0,1732.05,1853.0,4699862
2024-06-07,1870.0,1954.0,1862.85,1912.75,4406748
2024-06-10,1933.35,1948.0,1885.0,1893.2,1783567
2024-06-11,1905.0,1946.95,1880.0,1894.05,1848739
2024-06-12,1902.8,1924.9,1887.0,1902.85,1431812
2024-06-13,1912.4,2018.0,1890.0,2006.8,5114642
2024-06-14,2020.0,2175.0,1981.0,2122.35,12077353
2024-06-18,2137.7,2334.55,2132.35,2320.8,11963932
2024-06-19,2360.0,2427.9,2200.0,2256.2,6356683
2024-06-20,2259.0,2298.7,2202.0,2231.95,3461499
2024-06-21,2232.0,2240.0,2108.05,2132.25,3331150
2024-06-24,2136.35,2200.0,2113.45,2143.15,2758689
2024-06-25,2153.0,2239.0,2145.15,2188.55,4874927
2024-06-26,2205.1,2275.25,2191.2,2208.15,4850979
2024-06-27,2217.8,2297.65,2180.0,2238.5,5497856
2024-06-28,2249.0,2270.0,2186.05,2215.15,2477956
2024-07-01,2273.95,2310.0,2241.0,2266.05,4946752
2024-07-02,2272.0,2289.9,2210.05,2260.65,2498510
2024-07-03,2271.0,2463.0,2246.4,2436.35,10574606
2024-07-04,2449.0,2679.95,2405.05,2679.95,13026739
2024-07-05,2715.0,2924.0,2650.0,2837.6,12633513
2024-07-08,2849.95,2979.45,2750.0,2804.4,8355098
2024-07-09,2842.35,2900.0,2683.7,2790.25,4213729
2024-07-10,2809.75,2823.8,2670.0,2727.25,2789930
2024-07-11,2799.0,2863.6,2764.2,2863.6,3894646
2024-07-12,2915.0,2936.25,2806.8,2828.75,3225791
2024-07-15,2842.0,2848.0,2725.0,2744.65,1505323
2024-07-16,2750.7,2816.5,2723.0,2743.35,1767967
2024-07-18,2740.0,2740.0,2611.0,2622.45,2767426
2024-07-19,2609.95,2700.0,2521.0,2543.2,2827660
2024-07-22,2505.0,2670.35,2462.0,2670.35,2745532
2024-07-23,2699.0,2774.5,2536.85,2598.15,4223355
2024-07-24,2595.0,2660.0,2550.0,2559.55,1374320
2024-07-25,2520.05,2531.75,2450.0,2461.75,1574069
2024-07-26,2469.95,2525.0,2450.05,2467.6,1017431
2024-07-29,2510.0,2590.95,2470.05,2590.95,2372821
2024-07-30,2587.0,2715.8,2550.0,2678.25,2928546
2024-07-31,2680.0,2702.2,2605.6,2620.15,1020858
2024-08-01,2649.0,2689.8,2573.7,2580.3,1003125
2024-08-02,2502.2,2610.7,2502.1,2537.9,1016016
2024-08-05,2416.1,2474.75,2411.0,2411.0,1308671
2024-08-06,2401.0,2441.9,2290.45,2290.45,2323913
2024-08-07,2308.05,2387.95,2121.0,2349.35,5619905
2024-08-08,2360.0,2392.0,2301.0,2312.15,1655089
2024-08-09,2440.15,2491.0,2368.1,2379.8,2887887
2024-08-12,2365.0,2384.0,2306.15,2325.25,1292134
2024-08-13,2339.9,2342.85,2198.0,2204.15,2481721
2024-08-14,2212.8,2256.75,2140.0,2215.5,2352856
2024-08-16,2240.0,2260.0,2185.5,2198.45,1189881
2024-08-19,2206.0,2219.7,2150.0,2155.45,1431135
2024-08-20,2150.0,2158.0,2039.1,2074.4,3007563
2024-08-21,2049.95,2175.0,2038.0,2117.0,2886627
2024-08-22,2136.8,2136.8,2065.0,2069.95,1167062
2024-08-23,2081.95,2114.15,2061.25,2085.2,1113685
2024-08-26,2100.0,2120.0,2050.0,2057.15,735231
2024-08-27,2058.0,2099.0,2052.65,2059.75,896011
2024-08-28,2059.7,2074.2,2008.0,2012.7,1239616
2024-08-29,2010.0,2025.0,1935.0,1954.8,1848011
2024-08-30,1964.0,2024.0,1860.0,1886.65,7094311
2024-09-02,1881.0,1908.0,1819.45,1851.35,2909239
2024-09-03,1900.0,1947.7,1863.5,1881.2,4852910
2024-09-04,1885.0,1998.7,1881.45,1928.9,5200139
2024-09-05,1950.0,1960.0,1895.55,1912.2,2570312
2024-09-06,1912.2,1914.7,1855.95,1861.35,1288779
2024-09-09,1860.95,1860.95,1798.0,1820.55,1268809
2024-09-10,1830.05,1874.8,1820.9,1839.65,1031034
2024-09-11,1839.0,1844.6,1800.0,1803.9,695951
2024-09-12,1820.0,1823.7,1785.0,1812.65,1228858
2024-09-13,1812.65,1859.9,1794.05,1816.8,1026595
2024-09-16,1825.0,1828.0,1777.15,1794.3,980967
2024-09-17,1794.2,1825.0,1760.0,1762.5,1106981
2024-09-18,1762.5,1798.0,1718.35,1725.7,1347819
2024-09-19,1749.0,1751.25,1638.0,1678.25,2302100
2024-09-20,1688.0,1846.05,1682.15,1846.05,5800913
2024-09-23,1886.95,1935.0,1662.0,1780.0,3796861
2024-09-24,1794.65,1813.95,1761.0,1796.65,883255
2024-09-25,1782.45,1810.0,1740.0,1745.1,300727
2024-09-26,1750.0,1759.25,1685.0,1704.9,345668
2024-09-27,1707.0,1781.85,1670.0,1727.2,1045085
2024-09-30,1730.0,1750.0,1690.0,1740.35,640493
2024-10-01,1735.5,1735.5,1697.1,1705.5,299624
2024-10-03,1678.9,1697.0,1652.0,1670.7,449810
2024-10-04,1670.45,1685.0,1587.2,1645.5,411572
2024-10-07,1644.0,1647.0,1563.25,1569.0,616808
2024-10-08,1557.7,1647.45,1505.0,1643.05,481632
2024-10-09,1670.0,1670.0,1620.0,1654.8,272935
2024-10-10,1669.8,1724.7,1640.0,1694.55,743389
2024-10-11,1696.5,1696.8,1650.0,1660.8,237690
2024-10-14,1660.9,1689.0,1615.0,1624.4,345447
2024-10-15,1626.0,1688.0,1605.0,1671.95,396645
2024-10-16,1605.2,1648.9,1588.35,1588.6,1031697
2024-10-17,1561.0,1567.9,1551.05,1559.95,1496837
2024-10-18,1549.95,1583.05,1526.0,1564.05,1065843
2024-10-21,1567.0,1570.0,1526.0,1530.6,492306
2024-10-22,1530.95,1539.9,1454.1,1454.1,612006
2024-10-23,1405.1,1439.0,1381.4,1400.65,1200822
2024-10-24,1395.0,1438.5,1365.0,1422.9,427454
2024-10-25,1414.0,1418.0,1351.75,1365.4,744409
2024-10-28,1374.95,1394.0,1340.0,1361.65,597834
2024-10-29,1379.0,1418.7,1365.05,1402.0,362390
2024-10-30,1405.45,1472.1,1405.45,1472.1,391148
2024-10-31,1486.95,1519.9,1472.1,1497.2,510173
2024-11-01,1523.0,1530.0,1505.0,1527.25,191904
2024-11-04,1548.0,1548.0,1462.0,1503.45,389109
2024-11-05,1495.0,1510.0,1441.0,1496.35,530542
2024-11-06,1504.0,1547.0,1500.0,1536.9,413151
2024-11-07,1554.0,1555.0,1512.0,1523.85,328948
2024-11-08,1488.0,1490.0,1447.65,1447.95,501298
2024-11-11,1408.1,1430.8,1378.5,1393.3,382705
2024-11-12,1399.0,1416.45,1360.0,1374.05,301194
2024-11-13,1365.05,1365.05,1308.0,1317.35,444889
2024-11-14,1320.0,1343.95,1301.0,1312.4,279812
2024-11-18,1316.9,1339.7,1290.25,1301.45,304904
2024-11-19,1320.0,1362.3,1320.0,1360.5,295055
2024-11-21,1350.0,1350.0,1292.5,1295.4,494851
2024-11-22,1290.0,1311.0,1265.0,1299.3,348717
2024-11-25,1357.95,1364.25,1334.6,1364.25,582192
2024-11-26,1389.0,1432.45,1375.0,1432.45,311063
2024-11-27,1480.0,1504.05,1460.0,1504.05,536695
2024-11-28,1563.0,1579.25,1530.0,1579.25,1312263
2024-11-29,1579.25,1585.0,1510.75,1577.3,750162
2024-12-02,1631.5,1656.15,1620.0,1656.15,595105
2024-12-03,1714.55,1734.9,1623.0,1685.55,1259341
2024-12-04,1719.3,1728.0,1670.0,1695.6,510941
2024-12-05,1695.0,1695.6,1630.1,1682.3,463028
2024-12-06,1682.0,1702.0,1650.5,1691.9,403528
2024-12-09,1684.7,1693.9,1663.0,1683.15,359831
2024-12-10,1688.8,1694.7,1621.0,1633.4,403176
2024-12-11,1644.0,1653.2,1624.0,1627.8,173886
2024-12-12,1627.9,1678.9,1600.05,1647.4,413087
2024-12-13,1644.0,1644.0,1600.0,1606.35,241605
2024-12-16,1625.0,1638.4,1595.9,1607.8,211257
2024-12-17,1614.0,1630.0,1580.0,1617.05,272495
2024-12-18,1615.0,1624.7,1560.9,1575.15,318298
2024-12-19,1526.1,1565.0,1511.2,1547.5,233424
2024-12-20,1561.0,1570.0,1476.75,1493.55,305700
2024-12-23,1520.0,1520.0,1444.0,1466.9,292990
2024-12-24,1468.0,1499.8,1450.0,1468.4,198793
2024-12-26,1479.8,1479.95,1450.0,1465.8,175014
2024-12-27,1470.0,1539.05,1445.0,1539.05,340981
2024-12-30,1564.85,1614.4,1473.5,1573.05,1853229
2024-12-31,1565.0,1587.4,1513.1,1538.75,438789
2025-01-01,1558.4,1581.0,1511.05,1567.0,359906
2025-01-02,1568.45,1619.9,1552.65,1594.85,472162
2025-01-03,1600.0,1619.8,1580.0,1598.25,410469
2025-01-06,1596.95,1596.95,1518.35,1518.35,420930
2025-01-07,1504.0,1537.7,1483.15,1501.75,430854
2025-01-08,1509.0,1524.7,1470.6,1492.4,291253
2025-01-09,1492.3,1525.65,1461.55,1474.3,299199
2025-01-10,1474.3,1480.0,1415.0,1431.1,394615
2025-01-13,1423.95,1423.95,1359.55,1359.55,500996
2025-01-14,1369.95,1427.5,1357.05,1427.5,385406
2025-01-15,1425.0,1436.0,1386.05,1396.35,403285
2025-01-16,1429.8,1459.2,1419.1,1446.1,232661
2025-01-17,1464.0,1518.0,1449.1,1492.65,586525
2025-01-20,1504.0,1549.0,1501.8,1536.55,464136
2025-01-21,1551.9,1582.0,1500.0,1508.3,683166
2025-01-22,1515.95,1516.95,1440.0,1462.05,403472
2025-01-23,1463.0,1508.8,1445.85,1480.4,362392
2025-01-24,1486.4,1504.4,1450.0,1458.6,269316
2025-01-27,1452.9,1452.9,1390.0,1403.3,383942
2025-01-28,1405.9,1435.0,1332.1,1409.45,799845
2025-01-29,1419.85,1459.95,1416.05,1435.25,409995
2025-01-30,1447.95,1481.0,1431.1,1456.4,316864
2025-01-31,1467.95,1540.0,1450.4,1532.3,677944
2025-02-01,1548.0,1560.0,1455.0,1469.1,1570353
2025-02-03,1450.0,1450.0,1390.1,1410.6,592688
2025-02-04,1435.0,1443.7,1390.0,1412.4,436871
2025-02-05,1427.95,1448.8,1415.25,1423.8,311546
2025-02-06,1435.0,1438.0,1406.0,1411.45,284570
2025-02-07,1335.0,1385.8,1335.0,1360.9,929762
2025-02-10,1361.95,1429.95,1323.35,1370.8,1926624
2025-02-11,1371.0,1379.65,1315.1,1326.45,593162
2025-02-12,1323.45,1323.45,1244.1,1299.75,969073
2025-02-13,1305.0,1343.95,1291.2,1299.75,574730
2025-02-14,1302.05,1340.0,1225.7,1236.25,722616
2025-02-17,1224.05,1249.95,1196.0,1216.35,812884
2025-02-18,1216.35,1245.0,1180.2,1235.0,852286
2025-02-19,1224.05,1349.9,1203.45,1299.15,1463068
2025-02-20,1293.0,1317.6,1276.0,1299.45,757395
2025-02-21,1299.0,1337.0,1273.15,1324.0,1106478
2025-02-24,1300.0,1335.0,1286.05,1302.65,809959
2025-02-25,1301.0,1348.0,1292.0,1304.65,1003002
2025-02-27,1305.0,1313.4,1270.1,1295.0,592297
2025-02-28,1286.95,1294.95,1250.1,1268.55,702560
2025-03-03,1268.55,1294.0,1199.6,1217.75,773997
2025-03-04,1205.1,1307.9,1205.1,1261.85,1787579
2025-03-05,1264.0,1290.85,1248.95,1265.9,825929
2025-03-06,1270.0,1301.75,1260.0,1288.2,732185
2025-03-07,1288.15,1355.0,1278.15,1335.85,1610855
2025-03-10,1340.0,1350.0,1288.0,1301.45,849285
2025-03-11,1283.0,1288.1,1261.0,1272.75,610842
2025-03-12,1273.05,1296.4,1263.0,1282.25,479031
2025-03-13,1296.65,1322.35,1269.1,1291.65,893210
2025-03-17,1305.1,1314.0,1283.25,1295.7,653089
2025-03-18,1304.0,1344.9,1300.55,1340.9,892269
2025-03-19,1350.0,1474.95,1342.35,1456.7,4134078
2025-03-20,1474.0,1494.95,1412.05,1450.5,2784245
2025-03-21,1455.1,1474.7,1415.05,1438.25,1354114
2025-03-24,1452.45,1520.0,1446.0,1485.05,2012055
2025-03-25,1500.0,1515.05,1448.0,1457.45,1197136
2025-03-26,1457.45,1498.9,1445.65,1451.85,1523799
2025-03-27,1445.0,1475.0,1419.4,1424.95,1330906
2025-03-28,1434.05,1468.0,1401.1,1407.9,1019725
2025-04-01,1407.6,1435.0,1382.0,1393.9,832732
2025-04-02,1400.0,1415.05,1362.4,1411.55,620582
2025-04-03,1397.0,1466.95,1391.15,1461.15,1334533
2025-04-04,1453.05,1455.1,1380.55,1390.75,1203309
2025-04-07,1234.95,1345.0,1224.55,1338.3,1232611
2025-04-08,1388.95,1389.0,1343.0,1379.05,982627
2025-04-09,1380.0,1398.0,1332.5,1359.9,1011126
2025-04-11,1396.05,1441.3,1380.5,1401.0,1114448
2025-04-15,1420.0,1484.0,1416.3,1442.6,1914695
2025-04-16,1443.0,1476.0,1431.0,1446.7,990326
2025-04-17,1449.8,1479.9,1435.0,1449.8,888593
2025-04-21,1464.6,1566.8,1455.1,1487.2,4599914
2025-04-22,1494.9,1508.9,1472.6,1488.9,1174127
2025-04-23,1496.0,1519.5,1456.7,1485.7,1076643
2025-04-24,1485.4,1529.0,1472.0,1477.6,1393914
2025-04-25,1470.0,1481.2,1403.2,1415.5,1279388
2025-04-28,1415.5,1518.0,1403.9,1502.1,4568287
2025-04-29,1515.0,1669.7,1510.0,1652.4,11869691
2025-04-30,1673.9,1717.0,1575.0,1591.4,5602923
2025-05-02,1595.0,1599.0,1524.3,1530.2,3159168
2025-05-05,1540.5,1556.0,1508.3,1544.7,2055329
2025-05-06,1545.0,1583.7,1475.0,1482.7,1810284
2025-05-07,1470.0,1535.0,1443.4,1457.6,3200758
2025-05-08,1464.7,1499.5,1436.0,1443.4,1375538
2025-05-09,1426.2,1492.0,1417.9,1484.6,3264692
2025-05-12,1529.0,1539.0,1505.0,1520.8,1522100
2025-05-13,1535.4,1592.5,1535.0,1577.0,3242545
2025-05-14,1640.0,1798.0,1640.0,1699.4,21390019
2025-05-15,1726.0,1832.0,1720.4,1812.1,20187233
2025-05-16,1850.0,2068.0,1835.5,2035.6,33598999
2025-05-19,2090.0,2195.0,1955.0,1982.2,19775890
2025-05-20,1999.0,2042.0,1810.0,1817.6,13599661
2025-05-21,1817.6,1851.0,1757.9,1838.8,9293058
2025-05-22,1840.9,1931.0,1820.7,1903.8,10045412
2025-05-23,1923.0,1955.0,1900.0,1915.0,5503083
2025-05-26,1915.0,1924.9,1874.5,1884.6,2623641
2025-05-27,1887.9,1953.0,1885.2,1925.6,4139318
2025-05-28,1939.0,1974.7,1937.0,1952.5,3437727
2025-05-29,1963.7,2010.0,1953.0,1979.2,3442627
2025-05-30,1975.0,1993.5,1908.9,1947.1,3804068
2025-06-02,1943.6,1949.9,1901.0,1923.0,1608601
2025-06-03,1926.8,2050.0,1926.8,2034.7,10032378
2025-06-04,2055.0,2175.0,2052.2,2086.7,13208301
2025-06-05,2108.0,2380.0,2041.3,2350.8,23864711
2025-06-06,2421.0,2545.0,2363.6,2392.5,18534152
2025-06-09,2406.6,2418.6,2290.8,2301.3,6984192
2025-06-10,2315.0,2330.0,2241.0,2258.2,5306794
2025-06-11,2268.0,2282.9,2164.0,2194.8,4955277
2025-06-12,2200.0,2250.0,2112.1,2128.1,5643346
2025-06-13,2087.0,2230.6,2060.0,2161.6,9928649
2025-06-16,2172.3,2218.0,2106.0,2188.0,5637883
2025-06-17,2193.9,2243.7,2165.8,2192.2,4868682
2025-06-18,2194.8,2209.0,2135.2,2143.5,3417182
2025-06-19,2144.0,2192.0,2071.0,2085.7,4480331
2025-06-20,2090.0,2210.0,2080.0,2179.2,5195062
2025-06-23,2180.0,2249.0,2166.4,2231.1,5685325
2025-06-24,2254.0,2278.0,2154.0,2165.5,4473394
2025-06-25,2177.9,2186.0,2111.0,2134.0,3065799
2025-06-26,2143.3,2182.0,2044.1,2091.2,3050446
2025-06-27,2104.9,2126.8,2023.1,2044.2,2745762
2025-06-30,2064.5,2093.6,2045.8,2065.8,2414088
2025-07-01,2085.0,2092.1,2036.6,2045.2,1893630
2025-07-02,2055.4,2059.9,2005.0,2025.3,1503047
2025-07-03,2029.9,2048.0,2005.0,2015.4,1424216
2025-07-04,2031.0,2073.9,2031.0,2057.3,1972155
2025-07-07,2065.0,2074.0,2030.0,2051.7,1408214
2025-07-08,2053.5,2065.6,2010.0,2021.5,1058542
2025-07-09,2022.0,2064.0,2018.9,2036.3,1324846
2025-07-10,2041.0,2041.2,2007.0,2017.7,796413
2025-07-11,2017.0,2024.0,1971.0,1982.8,1223384
2025-07-14,1975.0,1976.2,1920.0,1928.8,1261712
2025-07-15,1930.0,1953.6,1920.0,1924.1,1000338
2025-07-17,1939.0,1940.0,1905.0,1912.6,883285
2025-07-18,1919.9,1934.0,1856.7,1867.2,1285301
2025-07-21,1865.0,1899.0,1830.0,1876.3,1051368
2025-07-22,1882.0,1912.0,1835.0,1840.1,1125190
2025-07-23,1849.3,1876.4,1823.6,1870.7,939802
2025-07-24,1867.5,1869.0,1840.3,1854.8,715445
2025-07-25,1843.2,1855.0,1800.0,1808.4,862339
2025-07-28,1800.0,1819.9,1743.2,1753.4,975392
2025-07-29,1740.0,1778.0,1717.0,1765.5,1124026
2025-07-30,1778.0,1793.0,1758.1,1786.2,614104
2025-07-31,1750.0,1804.8,1741.6,1770.8,967856
2025-08-01,1767.0,1772.9,1710.0,1718.7,622282
2025-08-04,1717.4,1755.8,1709.5,1741.9,545030
2025-08-05,1744.1,1760.9,1727.0,1733.7,468455
2025-08-06,1745.0,1746.9,1701.7,1707.1,482772
2025-08-07,1695.0,1713.6,1660.1,1692.7,676296
2025-08-08,1692.8,1704.9,1630.0,1641.0,607511
2025-08-11,1649.1,1735.0,1627.8,1660.0,1500416
2025-08-12,1679.0,1680.1,1647.3,1667.2,524016
2025-08-13,1680.0,1724.0,1665.1,1683.1,1062304
2025-08-14,1685.0,1698.1,1655.9,1691.0,524503
2025-08-18,1705.0,1725.0,1694.5,1721.7,634683
2025-08-19,1722.0,1732.9,1700.4,1707.4,612383
2025-08-20,1715.9,1732.4,1693.0,1713.8,566398
2025-08-21,1714.0,1765.0,1701.0,1707.4,1151434
2025-08-22,1707.4,1722.0,1695.1,1705.5,476216
2025-08-25,1718.0,1732.0,1675.7,1683.5,543870
2025-08-26,1683.5,1687.0,1635.1,1641.9,490027
2025-08-28,1642.0,1644.9,1600.1,1604.4,486553
2025-08-29,1605.0,1644.0,1594.0,1608.2,648405
2025-09-01,1609.1,1696.0,1609.1,1673.9,1024508
2025-09-02,1682.0,1770.0,1664.1,1738.8,1489890
2025-09-03,1742.0,1769.4,1720.0,1738.2,942487
2025-09-04,1740.5,1754.0,1669.0,1676.2,752683
2025-09-05,1675.0,1679.0,1647.9,1652.2,593564
2025-09-08,1660.0,1678.4,1645.2,1652.9,713266
2025-09-09,1653.0,1664.4,1625.1,1629.5,561567
2025-09-10,1630.0,1652.8,1629.9,1643.2,579311
2025-09-11,1645.0,1710.0,1640.0,1651.2,1742965
2025-09-12,1655.2,1755.0,1641.7,1745.7,3420414
2025-09-15,1753.9,1828.0,1750.0,1807.8,3956682
2025-09-16,1807.8,1853.0,1762.0,1821.6,2590456
2025-09-17,1821.6,1923.8,1820.1,1890.5,4562028
2025-09-18,1918.0,1940.0,1894.4,1907.4,4942852
2025-09-19,1905.9,1912.0,1873.9,1900.8,1683827
2025-09-22,1950.0,1979.9,1911.0,1922.9,2784165
2025-09-23,1924.0,1925.0,1876.0,1885.4,1479948
2025-09-24,1895.0,1910.0,1866.7,1895.0,1939287
2025-09-25,1904.8,1977.0,1892.6,1926.9,4982811
2025-09-26,1935.0,1936.6,1856.4,1874.2,1526837
2025-09-29,1880.0,1888.9,1755.0,1772.0,2609772
2025-09-30,1780.4,1804.8,1762.6,1789.6,1196621
2025-10-01,1790.0,1929.9,1774.2,1861.6,4285387
2025-10-03,1861.6,1890.0,1832.0,1861.5,1506063
2025-10-06,1865.0,1882.3,1837.0,1853.0,1226229
2025-10-07,1853.0,1874.8,1833.8,1839.8,745956
2025-10-08,1840.0,1842.5,1790.0,1796.8,1043352
2025-10-09,1798.9,1810.0,1780.5,1785.2,901095
2025-10-10,1785.6,1805.0,1771.3,1776.3,851632
2025-10-13,1774.9,1774.9,1750.5,1760.1,456844
2025-10-14,1766.0,1807.0,1763.4,1784.5,1373139
2025-10-15,1795.5,1814.8,1777.5,1795.2,926136
2025-10-16,1799.0,1814.8,1782.8,1791.0,586614
2025-10-17,1785.0,1824.0,1773.0,1792.0,1101864
2025-10-20,1800.0,1806.8,1779.0,1797.0,571723
2025-10-21,1800.8,1814.5,1800.8,1808.8,188901
2025-10-23,1821.0,1834.9,1783.2,1792.4,906858
2025-10-24,1810.0,1864.0,1800.1,1824.3,3072570
2025-10-27,1826.9,1828.9,1808.0,1820.2,612659
2025-10-28,1829.3,1838.3,1806.7,1810.9,578915
2025-10-29,1812.0,1826.0,1801.0,1804.5,465217
2025-10-30,1804.5,1807.0,1780.0,1782.5,507176
2025-10-31,1782.9,1802.0,1776.0,1789.5,543761
2025-11-03,1789.5,1797.8,1783.5,1787.0,313736
2025-11-04,1787.4,1791.7,1762.4,1768.7,438411
2025-11-06,1771.9,1775.0,1698.5,1702.7,838981
2025-11-07,1699.0,1735.0,1666.4,1725.8,745707
2025-11-10,1729.8,1790.0,1725.8,1755.1,1057367
2025-11-11,1754.9,1782.4,1742.7,1754.5,831651
2025-11-12,1759.9,1805.0,1748.2,1792.0,1284377
2025-11-13,1648.0,1744.4,1645.3,1707.3,3234178
2025-11-14,1707.3,1751.0,1696.5,1725.3,1494958
2025-11-17,1728.4,1754.6,1717.6,1721.7,878395
2025-11-18,1725.0,1729.3,1702.1,1710.0,471434
2025-11-19,1705.1,1714.0,1694.4,1699.3,332103
2025-11-20,1700.0,1771.0,1700.0,1724.7,1911722
2025-11-21,1725.0,1726.4,1695.0,1697.3,533296
2025-11-24,1697.3,1702.7,1656.7,1667.4,663284
2025-11-25,1667.4,1700.5,1660.0,1682.5,730729
2025-11-26,1682.5,1701.7,1671.5,1677.2,588822
2025-11-27,1680.0,1694.8,1670.4,1676.0,717426
2025-11-28,1681.0,1687.0,1658.5,1666.1,393249
2025-12-01,1670.0,1682.9,1661.1,1666.8,311598
2025-12-02,1665.0,1675.0,1634.0,1639.9,446369
2025-12-03,1640.0,1647.9,1612.5,1622.4,479589
2025-12-04,1622.4,1648.0,1614.0,1640.4,438905
2025-12-05,1645.2,1652.0,1623.0,1644.0,399327
2025-12-08,1658.0,1660.0,1602.5,1616.0,1002488
2025-12-09,1615.0,1625.0,1561.0,1617.9,883922
2025-12-10,1625.9,1648.9,1605.0,1618.8,518851
2025-12-11,1615.0,1619.1,1592.3,1597.0,395649
2025-12-12,1602.0,1613.9,1595.0,1599.1,309330
2025-12-15,1595.0,1599.1,1582.4,1587.6,287603
2025-12-16,1585.0,1587.6,1551.0,1560.4,343460
2025-12-17,1565.0,1565.0,1495.0,1502.8,923611
2025-12-18,1502.8,1517.6,1477.1,1506.1,732285
2025-12-19,1510.0,1554.7,1510.0,1548.3,606429
2025-12-22,1557.4,1684.4,1550.9,1666.3,3641800
2025-12-23,1677.9,1686.8,1642.4,1646.8,1300532
2025-12-24,1644.0,1677.0,1635.0,1649.3,1155083
2025-12-26,1651.0,1697.0,1646.0,1652.1,1507690
2025-12-29,1661.0,1688.5,1630.1,1637.4,1000304
2025-12-30,1639.0,1640.6,1603.1,1614.4,595261
2025-12-31,1614.6,1635.0,1614.6,1620.1,407077
2026-01-01,1622.0,1634.0,1607.3,1622.6,312028
2026-01-02,1622.6,1642.9,1619.4,1629.0,442322
2026-01-05,1630.0,1666.6,1621.1,1630.0,1034202
2026-01-06,1630.6,1633.3,1602.0,1605.2,598317
2026-01-07,1601.0,1618.0,1590.1,1608.2,447929
2026-01-08,1608.2,1633.0,1573.0,1580.4,672046
2026-01-09,1580.4,1636.8,1561.0,1569.0,1117017
2026-01-12,1569.8,1579.0,1520.2,1562.6,1000834
2026-01-13,1569.0,1582.5,1538.6,1547.3,551763
2026-01-14,1547.0,1559.9,1525.6,1534.4,468787
2026-01-16,1535.0,1542.5,1520.5,1526.6,458849
2026-01-19,1512.0,1524.6,1501.0,1506.4,476722
2026-01-20,1504.0,1510.9,1425.0,1436.9,901653
2026-01-21,1437.0,1480.0,1409.0,1467.3,1112063
2026-01-22,1476.1,1505.0,1463.0,1498.2,764865
2026-01-23,1499.0,1504.0,1474.0,1488.4,444823
2026-01-27,1490.0,1544.8,1457.8,1523.1,844991
2026-01-28,1526.1,1632.0,1526.0,1622.9,1844824
2026-01-29,1629.0,1655.0,1602.0,1610.2,1713970
2026-01-30,1608.0,1666.0,1575.0,1659.9,1986637
2026-02-01,1675.0,1689.0,1492.0,1554.6,2146229
2026-02-02,1559.9,1597.8,1483.3,1512.0,1535114
2026-02-03,1578.0,1578.0,1487.2,1508.5,1244801
2026-02-04,1508.5,1517.0,1495.6,1502.2,580219
2026-02-05,1502.2,1503.5,1476.7,1482.9,468641
2026-02-06,1481.8,1496.0,1472.1,1490.1,461400
2026-02-09,1490.2,1544.9,1488.6,1524.4,759713
2026-02-10,1534.0,1574.0,1524.0,1528.6,662590
2026-02-11,1528.6,1534.9,1506.0,1513.7,345826
2026-02-12,1513.7,1515.8,1495.0,1500.4,369959
2026-02-13,1500.4,1500.4,1462.7,1472.8,424397
2026-02-16,1472.8,1482.0,1455.0,1469.4,351246
2026-02-17,1550.0,1574.5,1520.0,1525.6,4331935
2026-02-18,1532.9,1540.0,1505.9,1529.1,871628
2026-02-19,1550.0,1562.3,1501.5,1522.2,993788
2026-02-20,1521.3,1543.8,1496.6,1517.6,765676
2026-02-23,1517.6,1519.9,1492.6,1501.8,476836
2026-02-24,1501.8,1501.8,1478.2,1489.9,354359
2026-02-25,1494.0,1504.6,1476.0,1487.1,355321
2026-02-26,1487.6,1515.9,1480.1,1500.8,620411
2026-02-27,1491.4,1505.0,1474.3,1491.7,500459
2026-03-02,1435.0,1524.4,1428.3,1448.9,1164505
2026-03-04,1447.3,1447.3,1389.0,1398.0,830833
2026-03-05,1405.0,1497.0,1400.2,1447.6,3364197
2026-03-06,1458.0,1523.8,1445.9,1490.3,3073346
2026-03-09,1490.3,1491.0,1435.1,1454.6,793449
2026-03-10,1480.0,1494.4,1453.1,1474.6,1146499
2026-03-11,1474.6,1507.1,1450.2,1460.7,633606
2026-03-12,1450.0,1452.0,1422.6,1444.3,582483
2026-03-13,1435.0,1439.6,1375.0,1385.5,715141
2026-03-16,1385.5,1387.6,1310.1,1334.7,1426596
2026-03-17,1349.0,1366.0,1328.0,1359.6,897810
2026-03-18,1369.0,1414.8,1364.0,1411.9,957703
2026-03-19,1394.9,1404.9,1355.7,1361.4,632056
2026-03-20,1368.0,1395.0,1331.6,1341.5,814079
2026-03-23,1330.9,1333.5,1260.1,1269.2,1034950
2026-03-24,1319.0,1321.9,1283.2,1305.1,1136361
2026-03-25,1328.0,1352.4,1310.0,1317.4,904626
2026-03-27,1305.1,1312.0,1253.0,1256.8,1427301
2026-03-30,1243.9,1284.6,1187.0,1193.1,2459243
2026-04-01,1244.9,1372.0,1228.1,1338.6,8012279
2026-04-02,1300.0,1320.0,1266.8,1314.5,2173478
2026-04-06,1310.0,1343.7,1275.1,1333.9,1734231
2026-04-07,1333.9,1363.8,1322.3,1348.0,1326825
2026-04-08,1420.0,1425.0,1374.2,1379.8,1627642
2026-04-09,1380.0,1449.0,1372.5,1423.9,3535624
2026-04-10,1436.0,1502.2,1435.0,1464.6,3028553
2026-04-13,1417.1,1447.8,1394.2,1435.0,1636477
2026-04-15,1465.0,1491.0,1459.2,1479.2,1312701
2026-04-16,1492.0,1511.8,1464.0,1498.1,1832570
2026-04-17,1500.0,1569.5,1498.1,1561.1,3562913
2026-04-20,1568.0,1582.9,1538.0,1544.9,1612096
2026-04-21,1540.4,1584.8,1531.2,1556.9,1552083
2026-04-22,1556.9,1588.0,1542.9,1583.1,1558646
2026-04-23,1580.0,1612.5,1571.8,1592.8,1990037
2026-04-24,1595.0,1710.0,1592.8,1664.7,11757918
2026-04-27,1677.1,1716.5,1647.2,1679.3,3449868
2026-04-28,1682.0,1709.9,1675.2,1695.6,2154823
2026-04-29,1714.0,1780.0,1714.0,1773.8,6725966
2026-04-30,1773.8,1776.9,1710.6,1733.4,1943753
2026-05-04,1742.0,1753.8,1677.3,1719.3,1948916
2026-05-05,1710.9,1733.8,1693.8,1712.2,1249349
2026-05-06,1725.0,1765.8,1721.9,1753.1,2113987
2026-05-07,1760.0,1823.9,1746.0,1814.7,3414471
2026-05-08,1830.0,1842.8,1767.9,1776.7,2677634
2026-05-11,1760.0,1764.5,1712.0,1716.5,1244517
2026-05-12,1715.0,1718.1,1607.6,1616.1,1945837
2026-05-13,1619.9,1668.9,1616.2,1653.1,1524918
2026-05-14,1662.9,1671.9,1600.1,1645.2,1628896
2026-05-15,1645.1,1649.0,1590.0,1594.5,1497079
2026-05-18,1549.0,1549.0,1475.0,1513.5,3618669
2026-05-19,1516.0,1531.0,1484.1,1489.6,1359052
2026-05-20,1486.1,1514.0,1463.1,1507.8,1120941
2026-05-21,1526.2,1552.9,1523.0,1531.0,1576652
2026-05-22,1535.0,1548.2,1526.5,1532.1,672415
2026-05-25,1539.7,1557.0,1523.9,1529.0,740059
2026-05-26,1524.9,1556.0,1510.0,1526.2,975462
2026-05-27,1527.0,1553.1,1512.1,1523.9,1127361
2026-05-29,1524.5,1530.6,1455.5,1467.4,1596837
