date,open,high,low,close,volume
2003-09-05,13.55,13.65,13.06,13.24,16025
2003-09-08,13.59,13.8,13.35,13.53,23771
2003-09-09,13.65,13.76,13.3,13.39,20298
2003-09-10,13.21,13.33,12.9,13.05,10524
2003-09-11,12.85,13.5,12.85,13.24,8458
2003-09-12,13.2,13.96,13.2,13.32,16933
2003-09-15,12.82,13.2,12.75,12.81,8818
2003-09-16,13.28,13.28,12.5,12.79,12917
2003-09-17,13.23,13.3,12.84,13.15,9689
2003-09-18,12.69,12.89,12.4,12.44,7488
2003-09-19,12.51,13.18,12.5,13.09,15305
2003-09-22,13.0,13.6,13.0,13.39,13496
2003-09-23,13.4,14.1,13.3,13.97,31226
2003-09-24,14.0,14.0,13.6,13.91,17331
2003-09-25,13.63,13.94,13.63,13.88,38358
2003-09-26,13.41,13.95,13.41,13.7,8037
2003-09-29,13.55,14.04,13.53,13.99,14372
2003-09-30,14.28,16.37,14.0,15.5,227453
2003-10-01,15.5,15.6,14.8,14.95,22792
2003-10-03,15.21,15.39,14.99,15.23,16015
2003-10-06,14.7,15.4,14.7,15.17,27871
2003-10-07,15.25,15.5,14.6,14.72,18104
2003-10-08,14.95,15.13,14.62,14.81,12407
2003-10-09,15.09,15.38,14.9,14.97,11455
2003-10-10,14.3,15.19,14.3,15.04,8940
2003-10-13,15.0,15.1,14.61,14.99,6501
2003-10-14,15.0,15.2,14.8,15.1,12945
2003-10-15,14.9,15.03,14.6,14.9,6146
2003-10-16,15.0,15.4,14.81,15.19,5995
2003-10-17,15.2,15.6,14.69,15.02,22905
2003-10-20,15.45,15.49,14.78,15.01,53174
2003-10-21,14.99,15.2,14.7,14.88,17320
2003-10-22,14.8,15.0,14.0,14.01,16281
2003-10-23,14.2,14.38,14.0,14.09,3099
2003-10-24,14.1,15.0,14.1,14.51,9582
2003-10-25,14.51,14.92,14.51,14.61,721
2003-10-27,14.5,14.53,14.3,14.32,2809
2003-10-28,14.06,14.3,13.9,14.1,3667
2003-10-29,14.0,14.1,13.88,13.93,2151
2003-10-30,13.64,13.99,13.62,13.83,2685
2003-10-31,13.95,14.2,13.85,13.99,2485
2003-11-03,14.6,14.6,13.91,14.01,4260
2003-11-04,13.5,14.0,13.5,13.98,13978
2003-11-05,14.9,14.9,13.4,13.5,13838
2003-11-06,13.5,15.2,13.5,15.02,43200
2003-11-07,14.62,15.13,14.62,14.88,38947
2003-11-10,14.9,16.88,14.9,16.06,8632
2003-11-11,15.5,16.65,15.5,16.03,25180
2003-11-12,15.5,16.63,15.5,16.48,22038
2003-11-13,16.15,16.15,15.57,15.61,8300
2003-11-14,15.42,15.55,14.8,15.15,5955
2003-11-15,14.62,15.5,14.62,15.05,580
2003-11-17,15.99,15.99,15.15,15.66,7633
2003-11-18,17.4,17.4,15.55,15.76,5231
2003-11-19,15.69,16.35,15.33,16.1,26811
2003-11-20,16.1,16.6,15.95,16.11,33099
2003-11-21,15.51,16.5,15.51,16.34,14768
2003-11-24,16.35,17.2,16.06,16.88,81615
2003-11-25,16.71,17.77,16.71,17.42,30559
2003-11-27,17.65,18.0,17.4,17.4,20718
2003-11-28,17.4,17.8,17.21,17.52,21520
2003-12-01,17.2,18.41,17.2,18.01,28280
2003-12-02,18.19,18.19,17.21,17.54,9991
2003-12-03,16.5,17.69,16.5,17.35,5729
2003-12-04,17.5,19.7,17.31,19.15,37547
2003-12-05,19.24,20.0,18.51,19.44,42099
2003-12-08,19.4,20.0,19.0,19.76,21355
2003-12-09,19.85,20.5,19.55,19.92,13736
2003-12-10,20.3,20.5,19.5,19.56,8573
2003-12-11,19.89,20.0,19.1,19.18,7372
2003-12-12,19.54,22.0,19.0,21.49,46967
2003-12-15,21.0,22.49,21.0,22.09,17104
2003-12-16,21.0,24.49,21.0,23.03,92895
2003-12-17,23.1,25.4,22.6,23.2,51495
2003-12-18,24.0,24.9,23.5,24.61,39725
2003-12-19,24.95,25.19,23.61,24.06,21303
2003-12-22,21.89,28.2,21.89,26.93,65449
2003-12-23,27.77,27.77,25.27,25.86,52136
2003-12-24,25.6,27.74,23.4,26.74,141743
2003-12-26,22.5,24.49,22.01,23.96,96841
2003-12-29,24.6,24.89,23.4,23.6,38474
2003-12-30,23.6,24.4,22.8,22.88,22761
2003-12-31,22.0,22.55,21.53,21.86,27741
2004-01-01,22.45,22.47,21.89,21.95,8933
2004-01-02,22.5,22.5,21.13,21.37,23276
2004-01-05,22.49,22.49,21.01,21.22,11196
2004-01-06,21.1,21.48,19.88,20.09,42828
2004-01-07,20.0,20.45,19.01,19.47,22998
2004-01-08,22.5,22.5,19.0,19.32,35734
2004-01-09,19.5,19.99,19.15,19.36,41806
2004-01-12,19.0,19.75,18.9,19.04,20918
2004-01-13,18.9,19.1,18.31,18.87,25346
2004-01-14,18.72,19.4,18.42,18.54,7053
2004-01-15,18.98,18.99,17.52,17.92,16051
2004-01-16,18.0,21.19,17.0,19.07,49994
2004-01-19,21.0,21.0,18.73,20.58,54082
2004-01-20,20.6,20.8,19.0,19.25,29505
2004-01-21,19.25,19.55,16.4,16.81,11202
2004-01-22,17.0,17.5,16.0,16.01,8956
2004-01-23,17.4,17.4,16.0,16.69,13423
2004-01-27,17.6,19.2,17.21,18.83,17351
2004-01-28,20.8,20.8,17.8,18.14,8837
2004-01-29,18.2,18.39,17.8,17.89,2133
2004-01-30,17.8,18.0,17.3,17.52,5533
2004-02-03,17.7,17.7,16.2,16.48,3283
2004-02-04,16.62,16.9,16.25,16.65,3092
2004-02-05,16.63,17.1,16.63,16.82,3100
2004-02-06,16.7,17.38,16.6,17.15,4568
2004-02-09,16.5,17.9,16.5,17.75,54007
2004-02-10,16.7,18.1,16.7,17.71,1904
2004-02-11,17.8,17.85,17.36,17.66,664
2004-02-12,17.55,18.19,17.5,18.02,4156
2004-02-13,17.45,19.0,17.45,18.85,6215
2004-02-16,18.8,20.0,18.11,19.17,39090
2004-02-17,19.6,19.7,19.01,19.46,15925
2004-02-18,19.5,19.53,19.33,19.41,5025
2004-02-19,19.5,19.6,18.85,19.02,20215
2004-02-20,17.62,19.5,17.62,19.1,10610
2004-02-23,19.2,19.4,19.2,19.33,6910
2004-02-24,18.5,19.4,18.5,19.0,4028
2004-02-25,18.3,19.45,18.3,19.28,7609
2004-02-26,19.3,20.4,19.03,19.76,139722
2004-02-27,19.5,19.8,19.44,19.7,21750
2004-03-01,19.77,20.0,19.6,19.87,8273
2004-03-03,20.0,20.4,19.5,19.97,6562
2004-03-04,19.7,20.1,19.7,19.88,25074
2004-03-05,20.28,21.5,20.28,21.37,65124
2004-03-08,20.61,21.5,20.61,21.04,10205
2004-03-09,20.87,21.14,20.2,20.65,2218
2004-03-10,21.0,21.0,19.98,20.11,2821
2004-03-11,20.0,20.1,19.7,19.77,2305
2004-03-12,19.88,19.89,19.2,19.45,6280
2004-03-15,21.0,21.0,19.15,19.33,3416
2004-03-16,19.95,19.95,19.0,19.11,5641
2004-03-17,19.16,19.5,19.02,19.45,1680
2004-03-18,20.0,20.09,19.18,19.43,2448
2004-03-19,18.6,20.05,18.6,19.81,3565
2004-03-22,18.85,20.29,18.85,20.1,54011
2004-03-23,20.01,20.01,19.5,19.7,2272
2004-03-24,19.52,19.52,19.0,19.03,3993
2004-03-25,19.14,19.2,18.6,18.82,2216
2004-03-26,21.14,21.14,18.7,18.9,1264
2004-03-29,19.0,19.5,18.9,19.2,5667
2004-03-30,19.31,19.5,18.99,19.13,5652
2004-03-31,19.11,20.39,19.11,20.0,17784
2004-04-01,19.85,20.1,19.4,20.01,1693
2004-04-02,19.8,19.87,19.52,19.68,1675
2004-04-05,20.0,20.5,20.0,20.1,13005
2004-04-06,20.5,20.65,19.1,20.09,1960
2004-04-07,20.0,20.83,19.6,20.7,6077
2004-04-08,20.93,22.83,20.47,21.88,33872
2004-04-12,22.22,24.4,22.1,23.73,32717
2004-04-13,24.2,24.2,22.51,23.9,8667
2004-04-15,22.51,24.8,22.5,24.46,21402
2004-04-16,24.55,25.11,24.21,24.61,12699
2004-04-17,24.0,24.95,24.0,24.8,1773
2004-04-19,25.5,25.5,23.71,24.58,14115
2004-04-20,25.42,25.42,23.9,24.99,17665
2004-04-21,24.99,25.6,24.99,25.46,50795
2004-04-22,25.77,26.5,25.63,26.0,38971
2004-04-23,25.98,26.0,24.7,25.79,10880
2004-04-27,24.52,24.8,23.3,24.28,33215
2004-04-28,23.0,25.6,22.25,24.84,6509
2004-04-29,24.6,25.3,23.83,24.35,4926
2004-04-30,24.61,26.5,24.61,25.78,31652
2004-05-03,24.5,25.9,24.03,24.37,9946
2004-05-04,25.1,25.36,24.81,25.11,6147
2004-05-05,25.9,26.01,24.73,24.96,27273
2004-05-06,23.11,25.35,23.11,24.08,13802
2004-05-07,24.3,24.39,23.6,23.78,5033
2004-05-10,26.15,26.15,23.7,23.88,11696
2004-05-11,24.0,24.0,22.83,22.96,7636
2004-05-12,22.43,23.73,22.43,23.34,14461
2004-05-13,23.7,24.0,22.0,23.45,21310
2004-05-14,23.58,23.58,20.73,20.96,8112
2004-05-17,19.5,19.8,17.25,17.79,27804
2004-05-18,17.5,19.8,17.5,19.36,5657
2004-05-19,20.5,20.5,18.5,19.58,9159
2004-05-20,21.0,21.0,19.55,20.36,3351
2004-05-21,19.6,20.2,19.23,20.06,2125
2004-05-24,20.01,21.31,20.01,21.15,2702
2004-05-25,21.0,21.79,20.81,21.46,1785
2004-05-26,21.5,22.89,21.5,22.79,9205
2004-05-27,22.5,22.74,22.0,22.63,10044
2004-05-28,21.72,22.2,20.12,20.33,20442
2004-05-31,20.26,21.18,19.36,20.73,20404
2004-06-01,21.5,21.58,20.3,20.88,5867
2004-06-02,23.49,23.49,20.0,20.3,6071
2004-06-03,20.1,21.17,19.5,19.64,8101
2004-06-04,19.38,19.9,19.03,19.8,4214
2004-06-07,20.17,20.5,19.83,20.04,2355
2004-06-08,19.9,20.2,19.55,19.66,2669
2004-06-09,19.9,20.64,19.86,20.1,6844
2004-06-10,20.3,20.66,20.21,20.26,5729
2004-06-11,20.61,20.77,20.3,20.45,8950
2004-06-14,20.0,20.25,19.21,19.96,5085
2004-06-15,20.18,20.18,18.03,18.4,15559
2004-06-16,19.1,19.2,18.5,18.58,25424
2004-06-17,18.31,18.9,18.3,18.53,25129
2004-06-18,18.88,18.88,18.08,18.21,17961
2004-06-21,18.3,18.5,17.65,17.85,13166
2004-06-22,17.65,19.4,17.3,17.92,16891
2004-06-23,16.5,17.9,16.5,17.84,3312
2004-06-24,18.0,18.5,17.2,17.69,4455
2004-06-25,17.99,17.99,17.78,17.9,2393
2004-06-28,17.5,18.55,17.5,18.49,52921
2004-06-29,18.55,19.9,18.55,19.07,12717
2004-06-30,19.3,19.3,19.0,19.29,11805
2004-07-01,19.4,19.5,19.2,19.49,3223
2004-07-02,19.69,19.7,19.5,19.52,3683
2004-07-05,19.63,20.3,19.5,19.88,10016
2004-07-06,20.0,20.0,19.76,19.94,4985
2004-07-07,18.4,20.5,18.4,20.21,22364
2004-07-08,20.47,20.9,20.0,20.05,17314
2004-07-09,20.08,20.5,19.6,20.43,4167
2004-07-12,20.5,21.2,20.26,21.06,14910
2004-07-13,20.81,21.44,20.81,21.18,14926
2004-07-14,20.51,20.8,20.3,20.41,16155
2004-07-15,20.38,20.9,20.21,20.86,13221
2004-07-16,20.9,21.6,20.8,21.37,32456
2004-07-19,21.76,21.9,21.51,21.67,6039
2004-07-20,21.48,21.68,21.43,21.5,7636
2004-07-21,21.11,21.6,21.11,21.51,5379
2004-07-22,22.09,22.09,21.3,21.67,2091
2004-07-23,21.44,22.48,21.13,22.11,7016
2004-07-26,22.46,22.8,22.06,22.7,6179
2004-07-27,22.7,23.2,21.85,21.99,37856
2004-07-28,21.99,22.44,21.8,21.91,18669
2004-07-29,22.0,22.2,21.8,21.99,12029
2004-07-30,22.0,22.6,21.95,22.02,73187
2004-08-02,22.2,22.48,21.96,22.15,8950
2004-08-03,22.21,23.19,21.95,22.83,51640
2004-08-04,23.25,26.6,22.75,25.48,154710
2004-08-05,26.0,26.5,25.0,25.45,113373
2004-08-06,26.0,26.0,24.2,24.46,22856
2004-08-09,25.02,26.2,25.0,25.58,56837
2004-08-10,26.0,26.47,25.41,25.77,42867
2004-08-11,25.6,25.85,24.4,24.69,14912
2004-08-12,24.0,24.3,23.71,23.86,13218
2004-08-13,24.0,24.7,23.6,24.56,9863
2004-08-16,24.8,25.1,24.18,24.88,4569
2004-08-17,25.0,25.18,24.76,24.89,6805
2004-08-18,25.0,25.8,24.71,25.15,15244
2004-08-19,25.59,25.59,25.13,25.53,9524
2004-08-20,25.0,25.4,24.12,24.25,5673
2004-08-23,25.45,25.45,23.92,24.53,4931
2004-08-24,24.25,25.8,24.22,25.59,27868
2004-08-25,25.75,26.18,25.4,26.0,30213
2004-08-26,30.1,30.1,25.7,25.89,10957
2004-08-27,26.2,27.4,25.94,26.64,67144
2004-08-30,27.2,28.0,27.01,27.62,35109
2004-08-31,27.75,28.5,27.56,28.45,50303
2004-09-01,28.2,29.0,28.2,28.67,41402
2004-09-02,28.5,29.5,28.0,28.37,35588
2004-09-03,26.11,28.5,26.11,28.0,22273
2004-09-06,26.09,27.98,26.0,27.24,20597
2004-09-07,27.4,27.75,27.15,27.37,28402
2004-09-08,27.2,27.55,27.0,27.41,25079
2004-09-09,27.7,28.5,27.5,28.42,56987
2004-09-10,28.4,29.0,28.0,28.3,39823
2004-09-13,29.9,29.9,27.86,28.36,36950
2004-09-14,29.03,29.03,28.1,28.22,17393
2004-09-15,28.8,28.8,28.3,28.42,4115
2004-09-16,28.7,28.9,28.13,28.2,10177
2004-09-17,28.78,28.78,28.1,28.23,5140
2004-09-20,28.1,28.8,28.1,28.39,8522
2004-09-21,28.6,28.8,28.0,28.48,29179
2004-09-22,28.45,29.5,28.45,29.11,37574
2004-09-23,29.39,29.39,28.5,29.13,7181
2004-09-24,29.13,29.55,28.7,29.1,14325
2004-09-27,29.0,29.21,28.5,28.57,5034
2004-09-28,28.7,29.0,28.55,28.65,8914
2004-09-29,28.63,29.2,28.6,28.8,133717
2004-09-30,28.66,29.47,28.55,28.58,10037
2004-10-01,28.49,29.5,28.49,29.3,11028
2004-10-04,29.5,30.99,29.11,30.26,54069
2004-10-05,30.4,32.7,30.2,32.51,89483
2004-10-06,33.23,34.2,33.0,33.37,134564
2004-10-07,33.6,35.0,32.53,33.7,55934
2004-10-08,34.05,34.45,32.73,32.93,20493
2004-10-09,33.01,33.6,32.9,33.22,7205
2004-10-11,33.63,34.9,33.5,34.02,68556
2004-10-12,34.59,34.59,31.8,32.29,69798
2004-10-14,33.0,33.0,31.6,32.63,43585
2004-10-15,32.99,33.5,32.22,33.21,36781
2004-10-18,33.55,33.67,31.6,32.79,32199
2004-10-19,32.3,32.9,32.3,32.62,6621
2004-10-20,32.97,32.97,31.9,31.95,16411
2004-10-21,32.59,32.59,31.51,31.76,8395
2004-10-25,31.6,31.84,31.2,31.32,7255
2004-10-26,31.35,32.42,31.35,32.08,10687
2004-10-27,32.2,32.4,31.84,32.2,27276
2004-10-28,32.03,32.5,32.02,32.47,40720
2004-10-29,32.0,33.22,31.9,32.04,37260
2004-11-01,32.13,33.4,32.1,33.12,41948
2004-11-02,33.2,34.7,33.2,34.52,48606
2004-11-03,34.5,36.27,34.5,35.62,58975
2004-11-04,36.46,36.8,34.1,36.47,65663
2004-11-05,36.5,36.7,35.5,35.6,20776
2004-11-08,36.1,36.5,35.01,35.36,12893
2004-11-09,35.6,35.9,34.51,34.62,8826
2004-11-10,35.0,35.2,34.5,34.69,7342
2004-11-11,34.8,35.8,34.1,35.41,21251
2004-11-12,35.7,36.5,35.0,35.63,3729
2004-11-16,35.5,35.8,35.14,35.66,19499
2004-11-17,35.2,36.5,35.2,35.64,12861
2004-11-18,36.49,36.49,35.0,35.31,11838
2004-11-19,37.39,37.39,35.9,36.5,49512
2004-11-22,36.49,36.95,35.9,36.09,13075
2004-11-23,36.1,36.75,36.1,36.64,18222
2004-11-24,36.24,37.0,36.01,36.23,17003
2004-11-25,36.9,38.0,36.55,37.11,41620
2004-11-29,38.0,38.5,37.01,37.76,35896
2004-11-30,38.8,38.8,36.98,37.14,33153
2004-12-01,37.8,37.8,36.2,36.37,11972
2004-12-02,36.9,37.1,36.53,36.82,12848
2004-12-03,35.01,38.0,35.01,37.21,49930
2004-12-06,37.6,37.75,36.5,36.88,28209
2004-12-07,37.11,37.3,36.1,36.7,11134
2004-12-08,37.0,37.3,36.7,36.83,9465
2004-12-09,37.05,39.2,36.5,38.66,123525
2004-12-10,39.2,39.5,37.49,37.63,68140
2004-12-13,38.01,39.26,38.0,39.04,45551
2004-12-14,39.1,39.38,38.5,38.7,24619
2004-12-15,39.3,39.3,37.3,37.64,14313
2004-12-16,37.9,38.3,36.5,37.24,82892
2004-12-17,38.4,38.4,37.3,38.0,30854
2004-12-20,37.7,38.7,37.6,38.49,36543
2004-12-21,38.99,39.3,38.65,38.97,42122
2004-12-22,39.3,40.2,37.36,38.58,29459
2004-12-23,38.9,39.6,38.88,39.22,43204
2004-12-24,39.9,39.97,39.2,39.81,41428
2004-12-27,39.5,41.1,39.33,40.22,65217
2004-12-28,40.8,41.1,39.6,39.87,25856
2004-12-29,40.2,40.8,39.21,40.44,47702
2004-12-30,40.4,40.5,38.83,39.81,25941
2004-12-31,40.9,41.3,40.2,40.6,59967
2005-01-03,41.5,43.0,41.11,42.59,65964
2005-01-04,42.61,43.8,42.2,43.6,46310
2005-01-05,43.1,44.85,42.1,43.01,90852
2005-01-06,43.1,43.49,40.6,41.82,18266
2005-01-07,41.6,42.69,41.6,42.48,39708
2005-01-10,42.9,43.5,42.1,42.56,16432
2005-01-11,42.5,42.6,41.01,42.05,29709
2005-01-12,42.0,42.01,38.05,39.46,22249
2005-01-13,41.42,41.5,39.5,40.42,10657
2005-01-14,40.5,42.0,40.5,40.56,15073
2005-01-17,40.99,42.85,38.66,41.51,15369
2005-01-18,41.99,42.49,41.1,41.36,3875
2005-01-19,42.0,42.0,40.81,40.93,8006
2005-01-20,40.1,41.6,40.1,40.79,27670
2005-01-24,42.2,44.0,41.4,41.59,49669
2005-01-25,37.85,41.8,37.85,40.78,21141
2005-01-27,41.0,42.2,41.0,42.03,21477
2005-01-28,42.77,46.1,42.6,45.9,103678
2005-01-31,45.9,47.5,45.9,47.32,56114
2005-02-01,48.0,49.4,46.4,48.95,103631
2005-02-02,49.79,50.5,49.1,49.41,36210
2005-02-03,51.8,51.8,49.0,50.44,37729
2005-02-04,50.45,51.5,50.3,51.0,75711
2005-02-07,51.85,55.0,51.5,54.72,61946
2005-02-08,55.97,55.97,53.5,54.0,32035
2005-02-09,54.9,54.9,52.5,52.84,16729
2005-02-10,52.79,52.79,50.0,52.36,22642
2005-02-11,53.25,53.48,51.9,53.11,23027
2005-02-14,54.0,54.2,51.5,52.35,25418
2005-02-15,52.5,52.5,51.03,51.89,42932
2005-02-16,51.96,52.44,49.11,49.94,30195
2005-02-17,50.4,50.4,48.51,49.48,25517
2005-02-18,50.0,50.9,48.0,48.51,17095
2005-02-21,48.6,48.97,47.91,48.1,8893
2005-02-22,47.53,48.79,47.53,48.51,11824
2005-02-23,41.5,49.6,41.5,47.8,22028
2005-02-24,48.4,50.29,47.62,50.02,22636
2005-02-25,51.0,51.0,48.5,48.99,8296
2005-02-28,49.5,52.18,49.5,51.46,62212
2005-03-01,51.48,52.2,50.61,51.01,30188
2005-03-02,51.02,51.89,50.84,51.01,14027
2005-03-03,51.89,53.7,51.0,52.74,54485
2005-03-04,53.7,54.0,51.7,52.91,29298
2005-03-07,53.4,53.7,51.6,51.77,29376
2005-03-08,51.7,52.5,51.24,51.99,16546
2005-03-09,52.0,52.4,51.0,51.93,56899
2005-03-10,51.9,55.6,51.5,55.13,97517
2005-03-11,55.5,57.0,55.0,55.68,49972
2005-03-14,55.6,57.0,55.0,55.59,45514
2005-03-15,55.53,57.35,55.53,56.41,31339
2005-03-16,57.0,58.9,57.0,58.44,47935
2005-03-17,58.0,59.0,56.74,58.24,58422
2005-03-18,60.0,62.5,55.7,56.39,68216
2005-03-21,58.0,58.87,53.73,54.7,129094
2005-03-22,56.0,56.8,53.11,53.84,57222
2005-03-23,53.9,54.25,50.1,51.84,24337
2005-03-24,51.95,52.8,49.6,50.57,28758
2005-03-28,51.89,52.2,50.85,51.4,19112
2005-03-29,52.0,52.0,49.0,49.58,16149
2005-03-30,49.2,52.85,49.2,51.91,36219
2005-03-31,55.0,55.0,52.1,53.37,27957
2005-04-01,53.0,54.85,52.6,54.57,11031
2005-04-04,54.8,55.49,53.83,54.17,7010
2005-04-05,55.0,55.0,53.0,53.74,3610
2005-04-06,52.85,54.79,52.85,53.6,6215
2005-04-07,53.45,55.0,53.0,53.31,6846
2005-04-08,54.2,54.2,51.45,52.08,62099
2005-04-11,50.03,52.4,50.03,51.28,4982
2005-04-12,47.56,52.35,47.56,51.85,6732
2005-04-13,51.7,53.0,51.7,52.83,18380
2005-04-15,51.4,52.09,50.43,50.89,7588
2005-04-18,45.56,50.8,45.56,50.56,27149
2005-04-19,51.77,51.77,50.8,51.0,10007
2005-04-20,49.03,51.4,49.03,51.24,4900
2005-04-21,51.2,51.64,51.0,51.5,7081
2005-04-22,55.98,55.98,51.8,52.72,3966
2005-04-25,53.9,53.9,52.06,53.24,10894
2005-04-26,53.2,54.0,53.0,53.07,8456
2005-04-27,48.29,53.5,48.29,51.82,19925
2005-04-28,51.5,53.9,51.5,52.87,29476
2005-04-29,53.1,54.5,52.5,52.96,24165
2005-05-02,54.0,54.59,52.5,53.13,35298
2005-05-03,53.5,55.7,53.35,55.05,39658
2005-05-04,54.0,57.49,53.9,56.79,45526
2005-05-05,58.3,58.3,55.0,56.42,27541
2005-05-06,56.51,57.8,56.1,57.28,30464
2005-05-09,57.4,59.2,56.69,58.78,20925
2005-05-10,58.9,59.0,58.0,58.38,48969
2005-05-11,57.8,58.19,57.01,57.95,13907
2005-05-12,58.0,59.48,57.21,59.21,22206
2005-05-13,59.5,60.2,59.05,59.85,21276
2005-05-16,60.5,61.0,58.9,59.2,14703
2005-05-17,59.25,59.8,57.7,57.96,10588
2005-05-18,58.7,58.7,57.31,58.28,10195
2005-05-19,58.11,58.6,57.23,58.42,7360
2005-05-20,58.29,59.6,57.0,59.21,9996
2005-05-23,59.5,61.5,58.25,61.16,26721
2005-05-24,54.99,61.94,54.99,60.55,11517
2005-05-25,60.2,61.8,59.5,61.02,23051
2005-05-26,61.0,61.0,60.22,60.49,15800
2005-05-27,62.5,64.95,61.5,62.58,322082
2005-05-30,63.7,64.0,62.1,62.5,95069
2005-05-31,62.93,63.5,60.63,60.98,65682
2005-06-01,60.5,61.75,59.75,60.53,69573
2005-06-02,60.35,61.0,57.58,58.03,97634
2005-06-03,58.25,59.0,54.05,55.15,142709
2005-06-04,55.53,57.65,55.5,56.13,70214
2005-06-06,56.95,57.48,55.4,55.98,73498
2005-06-07,56.35,56.6,55.5,55.8,70973
2005-06-08,57.05,57.45,55.75,55.9,66538
2005-06-09,56.03,56.48,54.75,55.23,67663
2005-06-10,55.0,56.95,54.9,55.98,87960
2005-06-13,56.23,57.35,55.0,55.7,62018
2005-06-14,56.05,56.75,55.3,56.35,125371
2005-06-15,56.6,61.45,56.5,59.53,386436
2005-06-16,60.4,61.0,57.43,57.78,153964
2005-06-17,58.0,58.0,56.0,56.33,54570
2005-06-20,57.4,57.5,55.88,56.13,82270
2005-06-21,56.2,56.45,55.0,55.63,68659
2005-06-22,58.0,58.0,55.5,55.85,70401
2005-06-23,55.93,56.85,55.4,56.4,49747
2005-06-24,60.0,60.0,55.65,56.6,84540
2005-06-27,56.48,56.9,55.68,56.0,70476
2005-06-28,56.05,57.0,55.5,55.75,39704
2005-06-29,56.83,58.9,56.78,57.28,240223
2005-06-30,57.98,58.5,57.25,57.83,74969
2005-07-01,57.05,58.65,57.0,57.48,96735
2005-07-04,58.48,63.25,57.75,61.3,665768
2005-07-05,61.5,69.25,61.1,65.33,1210881
2005-07-06,66.0,67.6,62.5,65.8,544876
2005-07-07,66.0,68.5,65.0,65.63,393275
2005-07-08,66.85,68.75,66.5,68.38,403638
2005-07-11,69.0,73.5,68.5,71.45,672251
2005-07-12,72.23,72.75,69.05,71.5,327818
2005-07-13,71.5,72.5,70.45,71.0,189007
2005-07-14,70.0,73.75,65.8,72.93,240202
2005-07-15,73.88,77.5,73.88,75.28,543566
2005-07-18,76.5,76.5,74.0,74.85,305827
2005-07-19,74.85,76.5,72.55,73.23,125402
2005-07-20,73.98,76.35,73.05,75.15,242535
2005-07-21,75.98,76.45,74.25,74.88,119878
2005-07-22,75.0,76.95,74.38,76.35,152945
2005-07-25,76.25,76.5,71.25,74.9,358688
2005-07-26,74.95,80.0,74.1,77.93,430748
2005-07-27,78.0,78.75,76.88,77.65,109251
2005-07-29,78.0,84.38,76.25,80.3,416785
2005-08-01,82.2,83.5,81.5,82.03,208926
2005-08-02,82.08,83.0,80.13,81.3,268672
2005-08-03,82.88,83.75,81.0,83.3,185336
2005-08-04,84.2,85.0,82.73,83.2,230640
2005-08-05,84.15,85.98,82.55,84.23,367387
2005-08-08,84.5,85.48,81.5,81.98,234409
2005-08-09,82.5,82.95,79.0,80.7,160102
2005-08-10,81.65,84.2,80.8,83.4,421437
2005-08-11,84.48,85.5,83.0,85.15,320380
2005-08-12,85.55,91.48,85.55,90.7,667943
2005-08-16,94.0,94.0,88.55,89.6,231763
2005-08-17,90.7,91.35,86.05,87.18,169792
2005-08-18,87.55,90.95,87.25,88.38,433166
2005-08-19,89.0,89.33,87.0,87.33,117775
2005-08-22,87.98,89.5,86.53,86.95,355659
2005-08-23,87.9,87.9,84.75,85.95,476449
2005-08-24,86.93,87.45,83.1,86.7,145270
2005-08-25,86.05,87.75,85.55,86.95,63371
2005-08-26,87.2,87.5,86.3,86.78,74868
2005-08-29,86.0,87.0,85.5,86.08,111981
2005-08-30,87.33,90.75,86.55,89.9,215635
2005-08-31,89.7,89.73,87.53,88.1,65358
2005-09-01,88.5,89.5,87.0,87.45,74920
2005-09-02,88.85,88.85,87.25,87.75,53315
2005-09-05,88.03,89.35,86.63,86.98,109480
2005-09-06,87.2,88.0,86.45,87.18,153702
2005-09-08,87.0,88.4,86.65,88.1,86181
2005-09-09,87.75,88.0,86.5,86.7,21228
2005-09-12,86.7,88.78,86.0,88.4,123201
2005-09-13,86.5,88.65,86.5,88.3,56672
2005-09-14,88.45,92.45,87.75,91.0,265044
2005-09-15,92.5,94.5,91.75,93.05,202130
2005-09-16,93.75,94.5,92.25,93.33,199766
2005-09-19,91.0,97.0,91.0,96.0,224942
2005-09-20,96.13,105.25,94.05,99.75,587644
2005-09-21,100.5,100.63,91.4,97.2,212289
2005-09-22,95.5,95.95,85.0,86.8,190487
2005-09-23,86.8,91.35,86.0,88.33,148163
2005-09-26,89.2,91.4,88.95,89.5,130082
2005-09-27,91.25,93.5,89.5,92.13,184337
2005-09-28,92.85,96.1,91.0,94.2,176169
2005-09-29,94.75,95.13,90.15,91.05,130041
2005-09-30,91.0,95.0,89.0,93.35,104383
2005-10-03,94.0,96.0,77.83,95.6,93724
2005-10-04,96.25,98.65,95.55,97.03,135998
2005-10-05,97.08,99.65,96.55,99.18,150918
2005-10-06,99.23,99.23,94.0,97.6,114358
2005-10-07,97.6,100.0,97.0,97.48,106743
2005-10-10,97.8,97.8,94.55,95.53,37081
2005-10-11,95.53,96.0,93.45,95.18,38116
2005-10-13,93.75,97.0,93.75,94.85,19998
2005-10-14,95.05,95.88,91.8,93.33,43049
2005-10-17,94.0,95.0,88.9,90.9,70338
2005-10-18,92.5,95.95,91.0,91.53,85847
2005-10-19,89.53,91.5,88.05,90.05,64952
2005-10-20,91.5,93.5,83.28,86.13,96917
2005-10-21,87.55,89.48,82.75,84.05,80200
2005-10-24,85.55,86.0,81.0,85.03,61259
2005-10-25,87.5,87.95,84.55,87.43,70731
2005-10-26,87.5,87.5,85.0,85.43,41672
2005-10-27,85.0,87.5,84.35,86.35,35744
2005-10-28,85.95,88.0,83.75,87.45,72364
2005-10-31,87.95,89.0,85.65,88.15,59201
2005-11-01,89.0,89.23,80.85,87.63,15916
2005-11-02,83.0,89.0,83.0,88.68,19792
2005-11-07,89.85,89.85,87.5,88.75,72108
2005-11-08,89.0,91.0,88.53,89.95,103689
2005-11-09,91.0,91.0,87.25,87.5,106431
2005-11-10,89.85,89.85,87.5,88.9,28791
2005-11-11,90.48,90.48,88.5,89.1,21042
2005-11-14,90.98,92.35,89.98,90.9,151658
2005-11-16,91.48,93.0,91.0,91.7,55467
2005-11-17,92.0,94.93,92.0,94.18,76576
2005-11-18,96.0,96.95,92.5,92.95,61554
2005-11-21,93.0,94.43,92.25,93.58,20229
2005-11-22,93.5,96.5,90.73,91.05,10779
2005-11-23,92.45,92.45,91.28,91.55,7772
2005-11-24,85.5,92.8,85.0,91.88,34443
2005-11-25,91.75,96.25,91.75,94.55,152114
2005-11-26,96.23,96.25,93.08,94.88,88611
2005-11-28,96.73,97.23,92.6,94.35,149382
2005-11-29,94.03,95.0,93.08,93.7,45035
2005-11-30,94.0,95.85,94.0,95.28,64655
2005-12-01,94.95,96.0,93.1,95.73,30916
2005-12-02,95.5,100.0,95.5,98.2,213297
2005-12-05,99.48,100.0,97.5,99.6,107820
2005-12-06,100.38,103.5,99.5,100.08,136062
2005-12-07,101.13,102.78,100.48,101.95,99029
2005-12-08,102.13,106.0,101.5,104.45,201067
2005-12-09,105.4,106.15,103.75,104.5,87043
2005-12-12,105.78,109.3,104.75,107.3,145865
2005-12-13,108.4,116.98,107.4,114.88,601072
2005-12-14,115.0,115.88,108.5,109.98,253643
2005-12-15,111.28,114.7,109.6,113.4,259313
2005-12-16,113.93,113.93,110.5,111.1,112338
2005-12-19,111.75,112.95,108.08,108.9,229323
2005-12-20,109.33,113.43,107.55,107.88,206613
2005-12-21,108.48,110.0,107.0,107.35,95501
2005-12-22,107.5,108.65,105.0,105.38,97505
2005-12-23,105.98,110.7,105.98,107.13,147361
2005-12-26,107.55,107.55,102.0,103.13,63387
2005-12-27,101.25,105.75,101.25,104.33,60558
2005-12-28,104.98,106.18,102.65,103.35,55000
2005-12-29,103.78,104.7,101.8,102.23,52586
2005-12-30,104.38,106.25,102.38,103.03,122067
2006-01-02,104.35,109.5,103.75,105.88,103586
2006-01-03,106.95,110.98,106.95,110.33,186290
2006-01-04,111.0,113.5,107.5,112.18,307319
2006-01-05,112.28,114.5,111.53,113.13,244082
2006-01-06,114.8,114.8,111.05,112.28,106856
2006-01-09,112.45,113.5,110.5,111.53,83465
2006-01-10,111.75,113.0,109.0,110.23,46106
2006-01-12,109.5,113.0,108.55,109.93,120969
2006-01-13,111.75,112.75,109.25,110.25,67094
2006-01-16,112.48,112.48,109.6,110.0,80306
2006-01-17,111.0,119.28,110.63,115.03,344745
2006-01-18,116.5,121.75,115.5,119.18,513508
2006-01-19,119.5,126.95,119.5,122.28,696599
2006-01-20,125.0,134.0,120.1,126.73,1060052
2006-01-23,128.5,129.38,121.3,122.3,258658
2006-01-24,123.4,127.2,122.53,124.2,211906
2006-01-25,126.23,126.23,120.0,120.88,126789
2006-01-27,122.1,124.1,117.53,119.13,218987
2006-01-30,115.25,120.48,114.25,115.0,81052
2006-01-31,114.25,117.5,112.58,115.08,128203
2006-02-01,115.0,116.35,108.85,109.73,92448
2006-02-02,111.0,115.0,110.05,113.83,103277
2006-02-03,114.95,124.0,114.25,121.9,347622
2006-02-06,123.0,132.45,123.0,131.25,425529
2006-02-07,133.2,133.75,128.0,130.65,396673
2006-02-08,129.98,129.98,125.5,126.08,95250
2006-02-10,126.25,127.0,121.18,122.33,115988
2006-02-13,122.5,124.0,119.5,122.88,77763
2006-02-14,123.95,127.5,119.5,120.5,129959
2006-02-15,121.95,123.48,118.0,120.38,69979
2006-02-16,121.43,124.0,118.03,118.45,77129
2006-02-17,119.48,122.5,116.1,118.35,95318
2006-02-20,118.5,124.4,114.0,122.5,176925
2006-02-21,123.85,124.4,121.0,122.93,56617
2006-02-22,123.15,123.15,118.28,119.18,30997
2006-02-23,123.0,123.0,116.0,117.08,120851
2006-02-24,119.5,120.13,114.78,116.38,42148
2006-02-27,120.0,129.0,118.0,123.93,111238
2006-02-28,124.15,125.0,119.05,120.8,64296
2006-03-01,120.95,125.0,120.95,124.45,52983
2006-03-02,125.95,128.6,121.0,123.88,123871
2006-03-03,124.45,126.0,120.73,121.35,63213
2006-03-06,122.0,123.0,118.75,121.65,92945
2006-03-07,122.53,127.0,121.25,125.9,249030
2006-03-08,126.95,129.5,124.5,128.48,133622
2006-03-09,128.5,143.5,126.0,132.65,208833
2006-03-10,134.0,135.35,130.6,131.85,75470
2006-03-13,130.0,139.0,130.0,132.18,125614
2006-03-14,133.98,134.35,129.0,129.8,56122
2006-03-16,130.0,136.25,129.2,135.55,163496
2006-03-17,136.0,137.0,132.63,133.18,111865
2006-03-20,133.75,137.5,133.48,137.18,121179
2006-03-21,138.5,146.95,133.55,135.5,362617
2006-03-22,136.5,138.0,131.75,133.88,200818
2006-03-23,137.5,137.98,128.05,129.1,68395
2006-03-24,130.75,131.48,127.5,129.98,87714
2006-03-27,130.18,135.0,130.0,133.33,77405
2006-03-28,135.0,135.2,131.5,131.9,56748
2006-03-29,132.55,137.23,132.55,136.1,112066
2006-03-30,137.5,142.0,135.25,139.6,100575
2006-03-31,139.6,145.0,137.65,143.13,198694
2006-04-03,143.13,148.48,141.28,145.05,88345
2006-04-04,147.45,149.0,144.28,148.15,80063
2006-04-05,148.45,150.0,145.0,147.45,169783
2006-04-07,147.5,148.5,141.15,142.48,68384
2006-04-10,143.5,147.48,141.0,143.33,71146
2006-04-12,141.55,146.95,136.2,139.55,48777
2006-04-13,138.0,138.0,132.0,134.85,35889
2006-04-17,135.05,145.0,135.05,141.93,72893
2006-04-18,143.25,144.85,137.13,140.88,30326
2006-04-19,141.0,144.98,140.75,143.7,108998
2006-04-20,143.5,153.0,142.13,151.23,142155
2006-04-21,153.0,156.0,146.5,151.98,117101
2006-04-24,153.65,160.48,150.0,152.35,177334
2006-04-25,153.5,157.0,143.7,145.33,129949
2006-04-26,145.58,149.48,144.5,146.53,80480
2006-04-27,147.83,149.5,140.25,144.03,80991
2006-04-28,139.0,148.0,125.53,143.0,57356
2006-04-29,148.0,150.0,142.5,144.8,47564
2006-05-02,146.15,149.0,142.0,143.3,23256
2006-05-03,139.53,144.75,139.53,140.33,23253
2006-05-04,141.0,142.5,137.5,138.35,55022
2006-05-05,144.95,144.95,138.5,140.55,36873
2006-05-08,143.85,144.35,134.83,139.75,72804
2006-05-09,135.53,143.95,135.53,141.7,64024
2006-05-10,142.98,149.0,142.5,148.25,75939
2006-05-11,149.0,154.9,145.0,150.68,98220
2006-05-12,150.25,162.45,147.5,158.98,192079
2006-05-15,158.98,182.5,150.13,162.13,296795
2006-05-16,167.85,172.5,147.55,156.28,152127
2006-05-17,159.35,164.5,155.28,157.63,98576
2006-05-18,182.6,182.6,140.15,146.93,177291
2006-05-19,148.0,152.5,142.5,150.18,272259
2006-05-22,150.18,152.48,120.5,140.33,155722
2006-05-23,140.5,151.5,125.0,147.3,83765
2006-05-24,147.5,147.5,138.63,140.1,25469
2006-05-25,140.0,143.9,127.5,142.63,115873
2006-05-26,143.0,148.5,142.5,146.03,30751
2006-05-29,147.5,148.95,142.5,144.08,15734
2006-05-30,142.2,144.35,139.5,143.15,25363
2006-05-31,142.5,144.0,132.73,141.6,203105
2006-06-01,142.5,149.48,134.0,137.48,154338
2006-06-02,132.5,152.0,132.5,133.83,50148
2006-06-05,131.0,137.0,124.03,125.93,148816
2006-06-06,121.5,122.73,102.5,117.98,67555
2006-06-07,113.03,114.5,95.03,107.28,135454
2006-06-08,100.3,104.98,87.53,90.08,137883
2006-06-09,90.0,102.0,88.08,94.95,77236
2006-06-12,95.0,99.98,92.5,96.6,80078
2006-06-13,95.0,96.0,77.8,86.38,115474
2006-06-14,90.0,91.48,79.0,86.7,114305
2006-06-15,91.9,94.93,85.15,89.28,72632
2006-06-16,92.5,97.5,89.0,90.88,103379
2006-06-19,90.0,94.83,88.5,92.88,30440
2006-06-20,90.25,96.5,90.25,94.08,65535
2006-06-21,97.0,105.0,96.0,102.33,93505
2006-06-22,109.0,120.0,106.0,108.7,140689
2006-06-23,109.48,112.75,107.0,109.95,64442
2006-06-25,115.0,115.0,110.0,110.55,7172
2006-06-26,110.75,110.75,103.13,103.83,36548
2006-06-27,104.23,106.0,95.28,100.08,63362
2006-06-28,98.9,101.5,97.63,99.98,20595
2006-06-29,102.28,107.0,97.5,99.55,36292
2006-06-30,102.0,104.8,100.0,100.93,45362
2006-07-03,102.25,103.48,98.5,99.1,20172
2006-07-04,100.78,101.25,98.15,99.18,24487
2006-07-05,95.5,101.5,95.5,100.0,24492
2006-07-06,99.0,103.3,97.63,98.28,44314
2006-07-07,99.5,101.5,96.5,97.13,39936
2006-07-10,97.5,100.95,93.6,98.93,31999
2006-07-11,99.55,100.5,98.03,99.05,45050
2006-07-12,97.5,102.0,96.5,100.0,21348
2006-07-13,100.0,103.0,98.05,99.38,23553
2006-07-14,99.48,99.48,98.0,98.13,7353
2006-07-17,99.0,100.0,94.5,95.13,24370
2006-07-18,95.0,97.5,90.65,94.65,27556
2006-07-19,96.5,96.9,89.5,92.23,28152
2006-07-20,94.0,96.0,90.75,91.6,41609
2006-07-21,90.53,90.95,86.0,88.33,36387
2006-07-24,85.0,87.23,81.0,84.78,59593
2006-07-25,82.0,87.35,82.0,86.78,58080
2006-07-26,87.5,89.48,86.1,86.78,30377
2006-07-27,87.0,90.93,87.0,90.38,218412
2006-07-28,91.4,95.38,90.5,91.9,48022
2006-07-31,92.95,95.65,90.5,93.85,95060
2006-08-01,95.9,96.0,92.03,92.83,15637
2006-08-02,93.15,94.0,91.5,92.23,27627
2006-08-03,92.95,99.5,92.88,95.3,249792
2006-08-04,96.5,100.7,95.6,99.58,287063
2006-08-07,101.15,102.23,98.5,99.2,88291
2006-08-08,97.53,101.48,97.53,100.08,106220
2006-08-09,99.53,109.5,99.53,106.38,382734
2006-08-10,107.5,110.45,104.05,105.55,236256
2006-08-11,106.78,107.5,103.5,103.93,122207
2006-08-14,106.95,106.95,100.78,101.28,78189
2006-08-16,101.43,102.0,97.08,97.63,130283
2006-08-17,96.93,96.93,90.0,90.68,118460
2006-08-18,91.0,92.85,86.0,89.0,414354
2006-08-21,89.5,91.98,88.0,89.45,233810
2006-08-22,89.5,90.85,88.5,88.95,148727
2006-08-23,89.95,89.95,87.4,87.7,116267
2006-08-24,87.5,89.5,87.0,88.73,60117
2006-08-25,89.13,90.38,88.5,89.13,84552
2006-08-28,88.5,90.03,88.25,89.25,53702
2006-08-29,88.8,89.88,88.0,88.5,51306
2006-08-30,89.3,89.5,85.6,86.25,70310
2006-08-31,87.0,87.0,84.5,84.88,91901
2006-09-01,85.0,86.4,83.3,85.03,173918
2006-09-04,86.45,88.0,83.95,84.35,159573
2006-09-05,87.2,87.2,83.6,84.48,85814
2006-09-06,85.0,85.0,82.25,82.55,240124
2006-09-07,82.98,84.25,82.05,82.43,168309
2006-09-08,82.0,84.25,82.0,83.68,131452
2006-09-11,84.85,86.65,82.5,83.03,145908
2006-09-12,82.58,85.5,82.05,84.28,69634
2006-09-13,85.5,86.0,84.25,84.73,186345
2006-09-14,84.58,85.5,83.25,83.55,75380
2006-09-15,84.4,84.4,82.5,82.85,64082
2006-09-18,83.98,84.5,82.9,83.63,82137
2006-09-19,83.03,84.5,82.0,82.48,74734
2006-09-20,82.53,83.0,82.0,82.35,36888
2006-09-21,83.48,83.75,81.75,81.93,41935
2006-09-22,81.55,83.0,81.5,81.83,30024
2006-09-25,82.03,82.43,80.03,80.68,35041
2006-09-26,80.65,81.5,78.2,78.65,95479
2006-09-27,78.65,79.5,75.88,76.48,134080
2006-09-28,77.48,81.25,77.0,80.68,321303
2006-09-29,81.9,82.95,80.38,81.35,206298
2006-10-03,81.98,81.98,79.0,79.28,74112
2006-10-04,79.5,81.0,78.3,79.35,120310
2006-10-05,81.0,81.0,79.55,80.13,62114
2006-10-06,80.5,81.8,79.83,81.25,64451
2006-10-09,80.08,83.0,80.0,82.65,94668
2006-10-10,83.45,86.93,83.45,84.13,137345
2006-10-11,84.53,87.75,83.5,83.9,307571
2006-10-12,84.88,84.88,83.0,83.88,71845
2006-10-13,79.55,85.5,79.55,82.88,48304
2006-10-16,83.05,84.88,82.25,82.63,56228
2006-10-17,84.0,84.5,82.05,82.45,76226
2006-10-18,82.5,85.9,81.8,85.13,271963
2006-10-19,86.5,86.5,82.5,83.68,111962
2006-10-20,83.4,84.1,81.75,82.0,99156
2006-10-21,83.23,83.95,82.03,83.5,19285
2006-10-23,83.75,83.75,80.75,81.3,148208
2006-10-26,81.75,83.23,81.5,82.55,79471
2006-10-27,83.5,83.6,82.05,83.03,80524
2006-10-30,83.5,83.5,82.55,83.13,48227
2006-10-31,83.25,83.5,80.75,81.7,45827
2006-11-01,82.38,82.83,81.25,82.1,30627
2006-11-02,82.15,82.7,80.25,80.55,37839
2006-11-03,79.0,81.73,77.95,78.48,67211
2006-11-06,81.0,81.0,76.0,76.3,127550
2006-11-07,76.5,78.5,76.5,77.28,59329
2006-11-08,78.0,79.0,76.5,77.7,46563
2006-11-09,78.45,80.95,78.28,78.58,89688
2006-11-10,77.55,79.2,76.53,77.6,432741
2006-11-13,78.5,80.1,77.63,78.5,427877
2006-11-14,79.8,79.8,77.03,77.35,351648
2006-11-15,77.95,77.95,76.55,76.63,39305
2006-11-16,76.0,76.95,75.15,75.53,59573
2006-11-17,75.55,75.6,74.0,74.38,115498
2006-11-20,74.38,75.73,70.53,74.95,121991
2006-11-21,76.0,77.0,74.5,75.0,79039
2006-11-22,75.5,76.0,75.0,75.1,29473
2006-11-23,75.25,75.88,74.53,74.88,25205
2006-11-24,75.38,76.73,74.0,74.43,189781
2006-11-27,74.95,74.95,72.55,73.03,29619
2006-11-28,72.75,73.05,71.53,71.83,29005
2006-11-29,72.85,72.85,70.5,70.95,80748
2006-11-30,71.05,71.9,69.55,69.8,61276
2006-12-01,70.0,70.75,69.55,69.93,55450
2006-12-04,69.93,76.75,69.08,72.95,228573
2006-12-05,73.5,74.23,71.75,72.2,89367
2006-12-06,73.35,73.63,70.53,71.18,44518
2006-12-07,71.73,71.73,70.3,70.75,26147
2006-12-08,70.85,72.98,69.98,70.28,110248
2006-12-11,70.98,71.25,68.0,68.85,46148
2006-12-12,70.75,70.75,65.53,66.13,58429
2006-12-13,66.75,67.8,64.0,66.9,57503
2006-12-14,67.98,68.75,67.5,67.95,54486
2006-12-15,68.98,69.15,68.0,68.63,49313
2006-12-18,69.0,69.08,67.25,67.5,20101
2006-12-19,70.0,73.5,65.7,66.63,152100
2006-12-20,68.23,68.5,66.03,66.53,49431
2006-12-21,66.53,66.53,65.25,65.68,19942
2006-12-22,66.5,66.5,64.75,65.28,26495
2006-12-26,65.5,66.5,64.25,66.0,74124
2006-12-27,66.65,67.0,65.3,65.48,31251
2006-12-28,63.55,66.75,63.55,66.15,45146
2006-12-29,66.2,68.75,66.0,67.55,358635
2007-01-02,67.55,68.5,66.88,67.0,35867
2007-01-03,67.13,68.43,66.65,67.48,42400
2007-01-04,66.5,68.5,66.5,67.48,42400
2007-01-05,68.5,69.0,67.13,67.33,48280
2007-01-08,68.45,69.0,67.5,68.58,75031
2007-01-09,70.0,70.0,67.55,68.43,46224
2007-01-10,67.5,68.5,66.5,66.75,439399
2007-01-11,68.0,69.5,66.78,67.65,45205
2007-01-12,70.0,72.45,69.05,69.63,343295
2007-01-15,69.63,71.25,69.0,69.13,37102
2007-01-16,68.5,69.48,67.25,67.53,24258
2007-01-17,67.03,68.73,66.8,67.2,74292
2007-01-18,67.2,68.45,66.5,66.73,37994
2007-01-19,67.95,68.23,65.58,65.85,27607
2007-01-22,66.53,66.53,64.75,65.03,23895
2007-01-23,65.0,65.9,64.05,64.3,28524
2007-01-24,64.0,65.45,63.0,63.65,66895
2007-01-25,64.95,65.35,59.0,60.18,260054
2007-01-29,60.18,63.38,59.0,62.78,327079
2007-01-31,63.95,63.95,58.75,59.45,293162
2007-02-01,60.48,60.48,58.08,59.58,105527
2007-02-02,59.58,59.95,58.25,58.63,41582
2007-02-05,59.48,59.63,57.75,58.18,32894
2007-02-06,58.25,61.48,58.25,61.18,101541
2007-02-07,62.45,62.45,60.03,61.05,51099
2007-02-08,61.4,61.4,59.83,60.08,39974
2007-02-09,61.0,62.5,60.48,62.28,131521
2007-02-12,60.5,62.88,60.5,60.88,89818
2007-02-13,60.5,61.75,59.75,60.13,32309
2007-02-14,59.5,60.78,56.0,60.5,72341
2007-02-15,61.0,65.0,60.5,64.18,176283
2007-02-19,65.0,66.5,62.8,63.48,62331
2007-02-20,66.0,66.0,63.25,63.68,28824
2007-02-21,64.05,64.95,63.25,64.53,106460
2007-02-22,64.15,64.95,64.0,64.35,27273
2007-02-23,63.25,64.38,63.25,63.88,351926
2007-02-26,63.03,66.13,63.03,65.45,73128
2007-02-27,66.23,67.45,64.08,64.53,2500665
2007-02-28,63.75,65.63,61.28,62.6,57080
2007-03-01,62.1,62.85,60.85,61.18,23505
2007-03-02,60.05,65.0,60.05,62.53,48456
2007-03-05,62.53,63.43,59.13,61.48,33391
2007-03-06,61.48,62.75,60.7,61.33,33852
2007-03-07,62.0,63.13,60.5,61.05,19809
2007-03-08,60.83,61.75,60.03,61.33,19228
2007-03-09,62.45,62.45,59.98,60.05,1018082
2007-03-12,60.75,62.88,60.75,62.6,30233
2007-03-13,63.25,64.7,62.75,64.1,34852
2007-03-14,62.5,62.98,61.05,61.38,210328
2007-03-15,62.48,64.43,61.75,61.83,1033372
2007-03-16,62.45,63.35,60.0,60.2,20052
2007-03-19,61.0,61.23,60.0,60.35,55628
2007-03-20,60.98,61.45,60.5,60.63,142013
2007-03-21,60.55,60.88,60.5,60.53,11822
2007-03-22,60.53,62.25,60.33,61.9,22372
2007-03-23,62.95,62.95,61.08,62.08,25411
2007-03-26,63.5,64.5,61.5,62.9,55411
2007-03-28,63.4,65.45,63.25,64.58,70455
2007-03-29,64.5,66.7,63.75,64.43,43886
2007-03-30,64.9,65.5,63.65,64.28,62534
2007-04-02,63.9,66.6,63.05,64.1,60228
2007-04-03,63.0,65.5,63.0,65.15,42005
2007-04-04,65.85,66.43,64.63,65.35,33305
2007-04-05,65.73,66.75,63.48,64.3,49259
2007-04-09,65.0,65.0,63.5,64.25,29192
2007-04-10,64.73,64.73,62.65,62.98,19648
2007-04-11,62.98,63.23,62.0,62.25,15043
2007-04-12,62.0,62.88,61.25,61.8,6713
2007-04-13,62.45,62.45,61.25,61.4,9418
2007-04-16,62.0,62.3,61.25,61.83,15794
2007-04-17,61.5,61.5,61.0,61.2,12616
2007-04-18,61.73,61.95,61.0,61.7,7721
2007-04-19,61.13,61.98,61.13,61.73,10366
2007-04-20,61.73,62.4,61.63,61.65,17593
2007-04-23,61.63,62.0,61.5,61.7,18682
2007-04-24,61.63,62.25,61.5,61.73,18616
2007-04-25,61.53,61.98,61.3,61.63,13934
2007-04-26,61.53,61.95,61.25,61.53,30632
2007-04-27,61.5,61.95,61.3,61.48,16069
2007-04-30,61.5,61.5,60.5,60.68,9039
2007-05-03,61.0,61.7,60.0,61.35,446051
2007-05-04,61.35,64.35,61.25,61.78,139079
2007-05-07,61.78,62.23,61.0,61.25,17938
2007-05-08,61.25,61.5,60.5,60.63,27489
2007-05-09,60.05,61.0,59.75,60.28,7435
2007-05-10,60.05,60.5,59.05,59.28,11889
2007-05-11,59.0,61.5,57.75,61.33,68089
2007-05-14,65.0,65.75,60.9,61.18,43517
2007-05-15,61.48,61.48,60.03,60.55,16567
2007-05-16,60.7,61.5,60.15,60.35,14122
2007-05-17,60.9,60.9,59.63,60.08,13499
2007-05-18,59.05,60.43,58.25,58.78,26418
2007-05-21,59.2,60.95,59.2,60.68,21476
2007-05-22,61.0,61.5,59.5,59.93,26211
2007-05-23,59.95,60.5,59.28,59.95,141688
2007-05-24,58.3,59.73,58.3,58.75,109574
2007-05-25,58.5,59.5,57.53,57.78,228444
2007-05-28,59.0,59.5,58.65,59.13,267766
2007-05-29,59.7,59.75,58.88,59.43,162755
2007-05-30,56.75,59.63,56.75,58.85,15122
2007-05-31,59.63,59.63,58.0,58.53,22989
2007-06-01,58.73,59.23,57.43,57.88,45402
2007-06-04,58.95,59.0,57.73,58.03,9669
2007-06-05,57.78,58.0,57.0,57.78,27827
2007-06-06,57.88,58.0,56.75,56.88,10511
2007-06-07,56.63,58.48,56.5,57.75,22337
2007-06-08,56.6,58.5,56.6,56.95,14835
2007-06-11,57.95,58.0,57.08,57.28,7976
2007-06-12,57.0,57.78,56.63,56.88,5755
2007-06-13,57.48,57.48,56.5,57.15,8497
2007-06-14,57.0,57.0,56.0,56.43,14118
2007-06-15,56.5,58.0,56.5,57.6,28579
2007-06-18,58.13,58.38,56.78,57.08,6064
2007-06-19,57.03,57.75,56.25,57.3,13318
2007-06-20,57.03,59.2,57.03,58.93,28960
2007-06-21,58.93,60.48,57.63,60.13,132813
2007-06-22,59.95,60.9,59.68,60.05,19071
2007-06-25,60.95,62.5,59.0,61.65,62898
2007-06-26,62.23,62.23,61.25,61.58,22582
2007-06-27,61.0,62.33,60.18,61.48,18233
2007-06-28,61.5,62.23,60.38,61.05,17075
2007-06-29,61.0,65.8,61.0,63.48,102046
2007-07-02,64.45,64.9,62.55,63.1,56595
2007-07-03,63.1,64.0,63.0,63.35,30067
2007-07-04,63.4,64.73,62.0,63.55,63017
2007-07-05,63.75,64.0,62.65,63.3,39850
2007-07-06,63.3,65.6,63.3,65.23,54298
2007-07-09,65.9,65.9,63.6,64.75,53392
2007-07-10,64.5,65.25,63.6,63.95,11774
2007-07-11,64.0,64.0,62.8,63.23,12678
2007-07-12,63.73,64.38,63.5,63.53,23232
2007-07-13,64.0,64.35,63.5,63.63,19317
2007-07-16,63.53,69.88,63.5,67.5,364558
2007-07-17,69.45,72.75,66.5,67.65,93699
2007-07-18,67.5,68.38,65.78,67.45,908641
2007-07-19,67.88,71.18,67.88,69.85,109699
2007-07-20,70.03,72.13,68.78,71.18,423054
2007-07-23,71.48,72.48,70.28,71.25,41051
2007-07-24,71.73,71.73,67.5,68.48,34838
2007-07-25,67.25,68.18,66.13,66.8,19979
2007-07-26,67.03,67.98,63.5,65.68,291265
2007-07-27,65.0,65.45,63.5,64.13,140990
2007-07-30,64.0,64.73,63.03,64.03,14385
2007-07-31,64.0,64.5,63.5,63.85,22115
2007-08-01,63.9,64.45,61.63,61.95,14170
2007-08-02,62.45,62.48,61.0,61.15,10076
2007-08-03,61.1,62.0,60.28,60.48,16705
2007-08-06,59.5,61.25,58.35,60.03,36252
2007-08-07,61.0,61.45,59.5,60.58,15426
2007-08-08,61.0,62.48,60.2,61.58,24067
2007-08-09,61.5,63.25,61.13,62.08,23633
2007-08-10,61.73,61.73,59.75,60.28,17053
2007-08-13,61.5,61.5,59.63,60.0,51125
2007-08-14,60.45,61.23,60.3,60.55,47739
2007-08-16,59.5,61.5,59.0,59.83,102221
2007-08-17,59.98,61.0,58.0,58.78,10942
2007-08-20,60.48,61.5,59.05,60.83,38989
2007-08-21,60.98,62.0,59.0,59.2,25341
2007-08-22,58.68,60.0,58.1,59.5,12661
2007-08-23,60.0,61.18,57.6,58.2,18824
2007-08-24,58.5,59.13,57.5,58.75,18541
2007-08-27,59.75,60.38,59.0,59.58,8561
2007-08-28,59.3,60.98,59.25,59.55,9476
2007-08-29,58.0,61.25,57.75,60.95,28789
2007-08-30,61.73,65.5,61.0,64.93,73683
2007-08-31,64.98,68.2,64.98,67.98,152406
2007-09-03,68.4,70.7,68.28,70.28,85845
2007-09-04,70.95,71.6,70.0,71.25,70268
2007-09-05,71.5,71.5,70.5,70.83,42320
2007-09-06,70.13,72.55,70.0,72.2,78220
2007-09-07,71.98,73.1,71.0,72.55,42028
2007-09-10,71.0,72.73,70.3,72.5,125714
2007-09-11,73.48,73.88,72.5,72.58,22659
2007-09-12,73.15,76.0,72.5,75.3,290367
2007-09-13,76.0,76.75,75.0,76.43,95364
2007-09-14,75.4,76.25,71.3,72.6,44952
2007-09-17,72.53,74.63,72.0,73.58,14933
2007-09-18,73.5,74.75,71.6,72.08,12758
2007-09-19,72.0,85.5,72.0,82.73,443577
2007-09-20,83.4,83.4,74.55,76.03,258487
2007-09-21,76.5,79.5,74.6,78.05,120767
2007-09-24,78.45,78.65,76.28,77.68,95535
2007-09-25,77.25,79.45,76.05,78.78,73755
2007-09-26,78.98,90.25,78.98,86.75,607078
2007-09-27,87.6,87.6,78.1,79.5,207108
2007-09-28,79.25,82.0,77.35,77.9,74127
2007-10-01,78.9,81.0,78.03,78.55,37749
2007-10-03,79.5,80.95,77.53,78.28,48246
2007-10-04,75.75,79.25,75.65,78.4,29990
2007-10-05,77.75,78.43,77.0,77.45,19996
2007-10-08,76.53,76.65,70.5,70.68,30806
2007-10-09,70.53,72.95,69.5,72.48,21134
2007-10-10,74.0,82.5,74.0,77.43,147603
2007-10-11,76.03,76.98,74.0,74.4,20061
2007-10-12,74.98,75.0,72.0,72.58,25058
2007-10-15,72.5,73.0,58.2,70.5,58309
2007-10-16,71.0,72.75,68.55,69.2,33896
2007-10-17,62.53,67.48,62.53,66.68,25559
2007-10-18,69.0,71.5,66.55,66.7,222915
2007-10-19,67.0,70.0,65.03,67.7,49852
2007-10-22,67.4,67.4,65.03,65.65,7166
2007-10-23,68.98,74.5,68.98,71.73,62148
2007-10-24,72.95,74.9,72.13,72.88,48943
2007-10-25,72.88,75.0,71.0,73.83,33740
2007-10-26,74.38,77.2,73.0,75.7,37712
2007-10-29,76.9,79.95,75.0,77.5,77629
2007-10-30,76.5,77.0,72.5,73.6,73920
2007-10-31,72.0,75.0,72.0,74.0,36944
2007-11-01,74.0,76.73,74.0,76.4,72303
2007-11-02,74.5,76.0,72.78,75.0,25634
2007-11-05,75.0,77.0,73.53,75.05,21716
2007-11-06,75.0,75.9,73.3,74.85,15115
2007-11-07,75.0,77.2,73.6,75.0,39091
2007-11-08,76.0,76.0,74.05,74.5,10080
2007-11-09,75.95,76.75,73.5,76.3,18970
2007-11-12,74.5,77.45,74.03,75.23,21693
2007-11-13,76.0,77.95,75.63,76.63,63692
2007-11-14,76.28,77.15,75.25,76.25,20228
2007-11-15,76.5,77.5,75.5,76.68,28198
2007-11-16,76.93,77.48,76.5,76.88,13281
2007-11-19,77.45,78.25,76.5,77.13,31129
2007-11-20,77.0,79.0,76.88,77.18,11845
2007-11-21,78.0,82.5,76.5,76.85,44351
2007-11-22,77.5,79.0,76.5,78.3,118585
2007-11-23,77.05,79.0,76.5,78.05,25115
2007-11-26,79.33,79.5,77.5,79.08,28058
2007-11-27,77.03,79.5,77.03,78.73,20400
2007-11-28,78.5,79.88,78.5,78.6,21480
2007-11-29,79.5,79.75,79.0,79.08,20134
2007-11-30,79.25,79.98,78.0,79.15,17618
2007-12-03,79.5,79.95,79.38,79.5,12504
2007-12-04,79.0,79.95,79.0,79.53,32457
2007-12-05,79.95,79.95,79.25,79.5,16302
2007-12-06,79.5,79.95,77.8,78.1,11230
2007-12-07,78.1,82.5,78.1,81.75,256866
2007-12-10,84.48,84.48,78.5,80.08,54680
2007-12-11,80.98,82.5,80.33,82.43,89558
2007-12-12,82.38,84.5,81.08,81.78,37420
2007-12-13,82.55,84.43,79.05,80.63,14628
2007-12-14,79.5,86.5,79.5,85.68,62311
2007-12-17,85.0,87.0,84.05,85.68,47424
2007-12-18,85.03,86.75,85.0,86.03,37868
2007-12-19,86.03,91.95,86.0,89.08,233609
2007-12-20,89.95,89.95,86.25,87.43,42559
2007-12-24,86.5,88.48,85.75,87.55,39630
2007-12-26,86.0,88.75,85.75,87.23,44230
2007-12-27,87.0,89.5,85.68,87.0,24856
2007-12-28,88.0,88.0,85.5,86.23,35907
2007-12-31,87.5,87.5,85.2,86.15,33207
2008-01-01,86.25,86.98,85.5,85.93,27477
2008-01-02,86.0,87.5,85.7,86.73,35301
2008-01-03,85.68,87.38,85.68,86.35,21255
2008-01-04,87.0,87.73,86.0,87.45,56939
2008-01-07,87.0,99.0,86.53,97.25,297591
2008-01-08,97.25,111.0,96.5,106.8,694096
2008-01-09,106.8,107.5,98.5,101.88,406469
2008-01-10,102.75,104.35,98.5,100.88,144495
2008-01-11,99.25,102.38,96.98,101.15,83081
2008-01-14,98.28,105.0,97.75,99.75,107521
2008-01-15,100.53,102.0,99.0,99.75,24029
2008-01-16,97.5,100.5,96.48,98.95,31086
2008-01-17,99.0,103.2,99.0,101.5,45112
2008-01-18,99.0,103.65,99.0,102.33,105143
2008-01-21,99.03,102.0,87.03,87.68,56006
2008-01-22,87.5,90.0,77.5,82.45,27308
2008-01-23,88.4,98.95,80.0,94.15,22406
2008-01-24,90.0,101.95,75.33,90.0,27409
2008-01-25,89.85,97.0,87.83,96.23,14559
2008-01-28,88.5,97.13,88.5,95.65,13977
2008-01-29,94.0,97.5,91.53,92.38,8401
2008-01-30,92.38,96.68,92.38,96.5,27294
2008-01-31,96.5,96.5,90.63,92.18,12705
2008-02-01,92.0,95.0,88.28,89.33,8531
2008-02-04,90.0,92.45,88.5,91.15,17995
2008-02-05,89.5,91.45,89.0,90.68,13111
2008-02-06,89.0,90.48,88.03,89.28,16483
2008-02-07,90.45,91.0,88.8,89.08,12856
2008-02-08,88.5,89.95,88.25,88.58,4337
2008-02-11,88.5,90.5,83.0,84.0,27255
2008-02-12,85.98,86.88,82.53,84.75,18397
2008-02-13,84.75,86.25,83.88,83.9,6743
2008-02-14,84.98,89.5,84.05,87.3,9944
2008-02-15,85.03,90.5,85.03,88.1,8254
2008-02-18,86.03,92.75,86.0,89.93,17484
2008-02-19,89.98,92.55,89.28,91.4,7243
2008-02-20,90.03,92.45,87.13,91.28,2705
2008-02-21,90.55,93.5,90.55,92.13,8434
2008-02-22,90.53,92.75,90.53,91.78,9612
2008-02-25,90.53,92.5,88.25,90.35,12969
2008-02-26,91.0,91.9,89.28,89.98,11122
2008-02-27,91.98,92.28,90.0,90.83,6616
2008-02-28,92.48,92.48,91.05,91.38,6814
2008-02-29,91.5,92.95,90.38,90.9,12564
2008-03-03,88.78,89.9,80.6,85.7,9915
2008-03-04,87.5,92.98,78.85,82.38,1868945
2008-03-05,81.55,90.98,79.13,84.45,438847
2008-03-07,85.0,85.0,78.63,80.43,23350
2008-03-10,77.03,87.35,76.7,79.03,46030
2008-03-11,79.0,86.48,79.0,85.05,65045
2008-03-12,85.13,88.25,85.13,87.3,209749
2008-03-13,85.5,88.0,80.03,81.95,11414
2008-03-14,82.5,83.98,80.3,83.08,12955
2008-03-17,76.53,89.5,76.33,83.88,950323
2008-03-18,82.45,88.25,81.2,86.55,386140
2008-03-19,89.98,90.0,85.58,85.7,22923
2008-03-24,85.03,85.95,80.0,80.63,11954
2008-03-25,83.95,85.98,82.13,83.2,515556
2008-03-26,84.0,85.98,82.53,84.6,4954
2008-03-27,84.5,84.98,83.5,84.1,2406
2008-03-28,84.5,88.2,84.5,87.58,9000
2008-03-31,87.48,87.5,84.03,86.73,7603
2008-04-01,87.0,87.88,86.5,87.05,3758
2008-04-02,88.5,88.5,85.0,85.28,5225
2008-04-03,85.0,87.48,84.0,86.05,3499
2008-04-04,84.03,88.0,84.03,87.25,4129
2008-04-07,86.03,87.4,84.5,84.65,7189
2008-04-08,85.0,86.48,84.45,85.5,7513
2008-04-09,86.25,89.0,85.95,87.38,13297
2008-04-10,85.98,88.93,85.03,87.58,8114
2008-04-11,85.0,89.0,85.0,86.98,4194
2008-04-15,85.63,90.0,85.63,89.38,10020
2008-04-16,88.05,91.4,88.05,89.0,5351
2008-04-17,90.0,90.93,88.1,90.18,21085
2008-04-21,90.95,94.0,88.78,91.35,67758
2008-04-22,90.03,99.95,90.0,97.48,56974
2008-04-23,99.98,116.95,99.05,103.6,68613
2008-04-24,104.5,113.48,100.58,107.73,391227
2008-04-25,109.48,129.28,109.0,128.03,1263022
2008-04-28,126.7,128.95,115.23,115.43,322618
2008-04-29,114.9,119.5,110.0,110.83,132524
2008-04-30,110.83,114.0,110.8,111.93,106685
2008-05-02,112.63,113.98,109.48,113.1,71846
2008-05-05,113.45,117.0,110.15,112.25,27798
2008-05-06,112.5,114.48,107.53,108.25,22088
2008-05-07,109.0,109.75,106.8,108.0,13712
2008-05-08,105.83,111.75,105.83,107.15,30552
2008-05-09,105.03,107.48,103.6,104.4,22548
2008-05-12,102.53,104.55,98.08,101.1,24349
2008-05-13,101.5,110.0,101.5,106.53,45745
2008-05-14,105.5,106.98,104.75,106.23,12986
2008-05-15,105.03,111.45,105.03,110.25,19439
2008-05-16,110.75,112.5,109.25,111.0,21844
2008-05-20,111.53,111.53,107.68,108.28,5103
2008-05-21,108.73,109.0,107.45,107.5,4056
2008-05-22,105.33,108.98,105.33,108.0,13562
2008-05-23,106.5,109.45,106.03,108.5,9924
2008-05-26,107.0,107.0,100.6,102.53,19021
2008-05-27,104.0,104.0,99.03,100.35,4566
2008-05-28,100.88,102.0,99.5,101.53,14208
2008-05-29,102.0,102.48,100.1,101.18,5358
2008-05-30,102.0,102.0,98.75,100.4,5141
2008-06-02,99.0,102.0,97.53,98.93,4852
2008-06-03,98.5,100.48,94.53,99.4,6265
2008-06-04,99.5,100.5,96.75,98.03,14018
2008-06-05,97.03,98.25,95.0,96.65,18942
2008-06-06,96.03,97.48,94.7,94.88,3435
2008-06-09,90.08,97.5,87.15,90.9,20655
2008-06-10,95.0,95.0,87.15,91.05,15159
2008-06-11,91.7,92.0,89.0,90.25,15011
2008-06-12,89.95,90.75,87.88,90.35,4702
2008-06-13,91.4,91.4,88.58,89.03,2379
2008-06-16,88.65,92.95,88.65,91.95,32692
2008-06-17,92.9,100.0,92.63,99.53,15578
2008-06-18,99.5,104.95,95.5,97.33,6052
2008-06-19,97.43,100.0,97.43,99.5,7967
2008-06-20,99.98,100.0,97.0,98.58,16939
2008-06-23,96.53,96.53,94.0,95.25,11848
2008-06-24,94.63,95.43,94.05,94.7,3404
2008-06-25,92.53,93.95,86.4,90.58,4735
2008-06-26,92.48,96.85,90.25,96.25,11147
2008-06-27,91.3,94.5,89.9,91.93,7638
2008-06-30,92.43,93.7,90.0,90.4,9529
2008-07-01,86.2,88.0,82.55,84.55,8320
2008-07-02,85.45,89.0,80.15,86.43,8129
2008-07-03,89.28,92.0,85.03,89.43,9724
2008-07-04,89.35,92.0,87.08,91.68,11408
2008-07-07,91.25,94.95,90.18,91.05,6123
2008-07-08,90.03,92.0,89.53,90.6,5718
2008-07-09,91.03,92.0,88.55,89.38,11176
2008-07-10,88.5,91.18,83.53,84.85,12217
2008-07-11,85.95,88.95,84.35,86.4,11551
2008-07-14,84.05,85.98,82.78,84.6,2757
2008-07-15,85.73,85.93,83.0,84.15,3030
2008-07-16,84.95,85.98,80.55,81.7,3019
2008-07-17,84.2,87.45,80.0,82.03,864265
2008-07-18,83.48,86.0,83.48,84.55,16428
2008-07-21,84.95,88.45,84.5,87.43,3302
2008-07-22,86.95,90.48,86.08,89.43,8544
2008-07-23,91.48,94.98,90.03,92.48,52659
2008-07-24,92.0,96.0,91.0,94.35,62704
2008-07-25,94.35,97.0,91.5,92.98,76702
2008-07-28,94.98,99.73,93.53,98.95,34232
2008-07-29,92.53,103.0,92.53,100.48,48928
2008-07-30,83.33,110.0,83.33,108.7,46374
2008-07-31,108.33,116.0,105.03,109.68,46626
2008-08-01,107.53,114.75,107.53,112.58,26047
2008-08-04,110.03,120.0,110.03,116.0,61585
2008-08-05,115.05,119.5,115.0,117.55,29523
2008-08-06,124.0,124.2,116.03,122.3,93751
2008-08-07,120.03,134.0,120.03,128.08,102314
2008-08-08,125.03,132.0,120.55,121.65,93395
2008-08-11,121.03,124.95,120.08,122.43,46275
2008-08-12,121.03,123.48,117.75,119.2,31141
2008-08-13,116.03,120.45,115.05,119.13,16437
2008-08-14,116.03,120.75,116.03,120.03,19486
2008-08-18,119.03,121.0,116.75,117.3,24581
2008-08-19,115.53,119.5,112.5,117.63,10222
2008-08-20,115.53,121.0,115.53,120.08,14937
2008-08-21,118.03,120.95,110.5,112.3,13289
2008-08-22,110.03,119.35,110.03,117.58,44425
2008-08-25,115.03,121.5,115.03,116.7,30019
2008-08-26,115.03,118.5,115.0,117.45,4302
2008-08-27,117.53,124.65,117.53,120.8,68492
2008-08-28,119.03,121.45,112.05,113.48,9015
2008-08-29,112.53,117.25,112.0,113.65,24653
2008-09-01,105.55,115.5,105.55,111.0,37777
2008-09-02,110.03,112.98,110.03,111.15,61417
2008-09-04,109.03,112.5,109.03,110.93,26657
2008-09-05,108.03,111.45,108.03,109.68,15194
2008-09-08,109.03,115.0,109.03,111.35,25381
2008-09-09,110.03,112.9,109.53,110.15,31931
2008-09-10,108.13,110.95,108.03,108.33,4440
2008-09-11,106.13,110.5,106.13,110.03,13948
2008-09-12,110.03,111.25,105.78,107.5,5007
2008-09-15,103.03,105.0,102.5,103.8,6369
2008-09-16,101.03,105.45,97.0,104.28,7242
2008-09-17,106.48,107.6,105.0,105.53,10189
2008-09-18,101.03,104.3,91.63,100.85,31198
2008-09-19,92.5,105.43,92.5,104.53,11339
2008-09-22,102.55,110.0,102.55,108.75,6852
2008-09-23,107.53,110.0,105.0,106.3,110555
2008-09-24,105.0,107.33,104.25,105.25,3352
2008-09-25,104.0,108.15,103.55,106.35,12668
2008-09-26,105.53,107.33,102.0,105.95,7471
2008-09-29,104.53,104.53,91.08,92.85,12726
2008-09-30,85.5,99.5,85.5,98.78,7853
2008-10-01,99.98,102.5,97.5,99.63,4287
2008-10-03,99.5,99.5,92.6,95.05,2958
2008-10-06,94.03,95.0,90.33,91.53,9426
2008-10-07,92.5,93.48,90.0,90.08,16405
2008-10-08,87.53,89.98,78.0,84.1,31828
2008-10-10,80.03,82.48,73.75,74.88,35703
2008-10-13,72.53,79.98,72.53,78.98,38948
2008-10-14,81.0,87.5,80.15,83.73,20944
2008-10-15,82.53,84.5,78.05,79.1,8069
2008-10-16,76.03,77.75,72.0,77.65,19861
2008-10-17,78.05,80.13,78.0,79.5,2762
2008-10-20,78.7,79.98,72.5,77.38,14238
2008-10-21,76.58,89.5,76.58,86.28,19178
2008-10-22,82.53,91.25,82.5,89.5,10672
2008-10-23,83.15,89.0,83.1,87.5,5754
2008-10-24,87.25,87.25,72.63,76.3,16367
2008-10-27,74.0,74.0,62.0,62.53,3353199
2008-10-28,62.53,75.05,62.53,74.95,6288
2008-10-29,77.0,87.5,77.0,78.7,8857
2008-10-31,79.3,85.95,77.5,82.38,46095
2008-11-03,85.0,88.45,83.28,87.9,38678
2008-11-04,85.03,90.55,85.03,88.28,29895
2008-11-05,87.53,91.2,84.03,86.55,8924
2008-11-06,83.55,87.7,83.0,84.85,19748
2008-11-07,80.53,85.03,80.53,84.43,3218
2008-11-10,82.53,89.45,82.53,86.75,4120
2008-11-11,84.03,85.5,80.55,81.03,4216
2008-11-12,80.03,82.5,79.03,79.63,5594
2008-11-14,79.03,82.5,75.5,78.68,5552
2008-11-17,78.53,79.98,77.5,79.3,4088
2008-11-18,71.5,78.95,71.5,75.3,1833
2008-11-19,75.03,77.45,73.35,74.85,3307
2008-11-20,70.5,73.43,70.0,72.25,15838
2008-11-21,72.45,74.95,69.0,69.93,5196
2008-11-24,68.75,74.38,68.0,71.0,11693
2008-11-25,72.45,72.55,66.5,67.45,3548
2008-11-26,65.03,69.38,65.03,65.55,32745
2008-11-28,66.5,68.4,65.5,67.05,4351
2008-12-01,69.98,70.25,66.13,67.05,7565
2008-12-02,66.0,67.45,61.5,64.25,11239
2008-12-03,66.48,66.93,63.03,66.35,4261
2008-12-04,67.5,69.6,66.5,68.75,5315
2008-12-05,68.53,70.5,68.15,69.45,4692
2008-12-08,72.48,75.45,71.5,74.65,14729
2008-12-10,75.95,78.95,75.03,77.6,18439
2008-12-11,75.75,80.0,75.5,78.0,28839
2008-12-12,77.0,79.23,75.3,76.43,14186
2008-12-15,77.48,79.45,76.25,77.1,9746
2008-12-16,78.23,79.0,76.0,77.05,14528
2008-12-17,77.98,78.2,74.0,75.15,11038
2008-12-18,75.95,76.0,74.0,75.75,6401
2008-12-19,74.75,75.75,73.55,74.05,5316
2008-12-22,75.48,75.98,74.0,74.35,5070
2008-12-23,74.95,74.95,72.75,73.13,2117
2008-12-24,71.63,73.5,71.55,72.58,1256
2008-12-26,73.5,75.45,70.53,74.35,17682
2008-12-29,74.5,75.25,72.53,73.45,3584
2008-12-30,73.5,75.5,73.5,75.0,203074
2008-12-31,77.48,80.0,75.0,75.8,289876
2009-01-01,77.48,78.45,76.0,76.1,5374
2009-01-02,76.95,79.23,75.25,79.0,20954
2009-01-05,78.5,79.48,76.53,78.98,227781
2009-01-06,78.98,79.0,77.53,77.9,9976
2009-01-07,78.5,79.95,74.0,76.3,11411
2009-01-09,76.95,78.45,72.75,74.05,2856
2009-01-12,72.55,75.0,72.55,73.2,2393
2009-01-13,72.03,75.0,71.05,73.08,2345
2009-01-14,73.55,75.45,72.5,74.33,2173
2009-01-15,71.53,73.48,70.75,72.23,2626
2009-01-16,70.3,74.35,70.28,71.85,15398
2009-01-19,72.98,74.75,72.55,74.48,4575
2009-01-20,72.5,74.48,72.5,73.8,1415
2009-01-21,73.25,74.5,72.55,74.25,3874
2009-01-22,74.75,77.75,70.0,76.48,19589
2009-01-23,76.03,77.5,75.0,76.48,7144
2009-01-27,76.05,77.95,75.33,76.78,5473
2009-01-28,77.25,77.95,71.5,73.5,21567
2009-01-29,72.53,74.95,71.65,72.53,13101
2009-01-30,71.0,72.95,70.0,72.55,112370
2009-02-02,72.45,72.65,70.05,72.1,3867
2009-02-03,71.05,72.65,70.7,71.0,124829
2009-02-04,70.05,72.65,70.05,72.5,35876
2009-02-05,71.13,72.65,70.05,72.6,19687
2009-02-06,72.5,72.98,71.5,72.08,41749
2009-02-09,72.73,73.5,72.25,72.75,3861
2009-02-10,72.95,73.23,71.0,71.28,203671
2009-02-11,72.45,75.0,70.05,72.58,161190
2009-02-12,72.65,72.65,71.08,71.48,124295
2009-02-13,71.03,72.98,70.75,71.33,440426
2009-02-16,70.03,72.2,70.03,71.38,346863
2009-02-17,70.03,71.5,70.03,70.98,206681
2009-02-18,70.1,71.33,70.1,70.63,204094
2009-02-19,70.03,71.0,68.75,69.88,285553
2009-02-20,69.03,70.4,68.78,69.98,249115
2009-02-24,67.53,70.5,66.78,69.73,430178
2009-02-25,65.13,70.23,65.13,70.0,206710
2009-02-26,69.03,70.45,69.03,70.0,156586
2009-02-27,66.5,70.48,66.5,70.03,18782
2009-03-02,68.55,72.65,64.55,65.4,34808
2009-03-03,65.05,66.5,63.53,64.65,7099
2009-03-04,62.55,65.5,62.55,62.98,25235
2009-03-05,57.98,64.95,57.98,63.18,3041
2009-03-06,64.03,65.73,62.78,64.43,5110
2009-03-09,64.48,65.48,62.0,64.03,7314
2009-03-12,64.48,66.0,63.13,64.33,2127
2009-03-13,64.48,67.4,64.0,64.65,9299
2009-03-16,65.48,77.6,64.25,76.13,395232
2009-03-17,74.98,79.0,68.6,72.43,246381
2009-03-18,74.9,75.83,70.6,71.5,106355
2009-03-19,71.48,73.0,68.5,69.13,129602
2009-03-20,64.5,67.5,64.5,65.25,38217
2009-03-23,64.03,67.95,62.63,67.45,160686
2009-03-24,67.45,69.5,66.43,68.45,58027
2009-03-25,66.75,69.75,66.53,67.0,147961
2009-03-26,66.55,69.5,66.55,67.73,34919
2009-03-27,66.75,69.48,66.75,69.2,23211
2009-03-30,65.98,69.63,65.98,69.05,95692
2009-03-31,68.63,72.0,68.63,70.63,24825
2009-04-01,71.75,73.6,70.15,72.63,18818
2009-04-02,73.5,74.15,72.0,73.68,37585
2009-04-06,74.45,77.6,74.45,77.43,284023
2009-04-08,77.4,84.28,75.5,82.5,405796
2009-04-09,84.45,88.5,82.5,85.4,116393
2009-04-13,86.95,87.5,84.05,85.85,59157
2009-04-15,86.45,94.5,85.98,89.28,96277
2009-04-16,88.0,92.5,83.5,84.85,108417
2009-04-17,87.0,89.5,85.1,86.8,64301
2009-04-20,87.45,89.7,85.0,85.5,43040
2009-04-21,83.58,86.95,83.58,85.6,7482
2009-04-22,86.5,87.5,81.5,83.3,13862
2009-04-23,84.43,84.73,82.53,84.1,9408
2009-04-24,85.5,86.95,83.75,85.9,13798
2009-04-27,86.25,88.45,85.5,86.43,12679
2009-04-28,86.95,86.95,83.0,83.55,12343
2009-04-29,85.95,87.0,83.5,85.03,67654
2009-05-04,86.25,97.0,86.25,94.1,94576
2009-05-05,95.0,101.18,92.68,96.95,260049
2009-05-06,97.0,99.45,91.2,94.8,87929
2009-05-07,97.0,97.75,93.78,95.85,47152
2009-05-08,96.0,97.25,93.55,95.48,51215
2009-05-11,97.5,97.95,93.1,95.93,54687
2009-05-12,96.0,101.0,94.0,99.48,53108
2009-05-13,99.5,100.5,97.5,98.8,20299
2009-05-14,97.55,102.0,96.85,100.58,29148
2009-05-15,99.5,103.93,98.08,102.85,55782
2009-05-19,114.0,123.43,104.0,123.43,137262
2009-05-20,122.38,138.0,122.0,135.4,157306
2009-05-21,130.05,135.0,122.65,124.33,82308
2009-05-22,125.0,129.45,122.98,126.03,24590
2009-05-25,128.5,137.0,124.5,133.55,91290
2009-05-26,131.0,135.75,125.5,126.88,29127
2009-05-27,125.05,137.98,125.05,134.33,113685
2009-05-28,136.5,139.95,134.0,136.6,85617
2009-05-29,132.55,139.0,131.05,131.95,69193
2009-06-01,134.45,147.5,128.8,131.83,47178
2009-06-02,132.6,141.5,127.55,138.75,190474
2009-06-03,137.55,142.9,134.1,136.55,117922
2009-06-04,127.5,142.0,127.5,138.28,66152
2009-06-05,135.55,144.0,135.0,135.53,204865
2009-06-08,133.03,137.55,131.53,133.7,85371
2009-06-09,134.0,138.0,130.0,137.18,67974
2009-06-10,136.53,141.4,134.0,135.73,102773
2009-06-11,134.55,136.98,132.0,133.35,115502
2009-06-12,131.05,138.5,130.0,131.08,98783
2009-06-15,131.05,131.05,124.0,124.83,28551
2009-06-16,123.03,127.5,120.05,126.1,18846
2009-06-17,125.03,127.5,120.1,120.75,41417
2009-06-18,110.13,123.48,110.13,119.98,45351
2009-06-19,120.03,125.0,120.03,123.93,56386
2009-06-22,122.55,124.93,121.0,122.73,43216
2009-06-23,119.05,125.5,117.53,123.88,265441
2009-06-24,124.03,133.98,124.03,129.95,33368
2009-06-25,129.75,133.5,129.75,130.13,129732
2009-06-26,127.55,136.95,127.55,133.35,27171
2009-06-29,133.05,136.98,130.53,132.03,141483
2009-06-30,132.28,136.5,126.5,132.98,46988
2009-07-01,130.03,133.48,128.5,129.55,8089
2009-07-02,129.03,132.15,126.5,128.43,11743
2009-07-03,125.05,136.48,125.05,135.73,42015
2009-07-06,138.45,143.5,127.0,132.43,25914
2009-07-07,133.03,136.4,133.03,134.0,29932
2009-07-08,131.05,133.0,130.05,131.4,20651
2009-07-09,129.08,133.5,129.08,132.08,33400
2009-07-10,130.55,135.5,130.55,132.15,31592
2009-07-13,129.03,131.5,125.1,130.65,20805
2009-07-14,130.08,134.5,130.0,132.65,31299
2009-07-15,130.55,142.45,130.55,140.63,143287
2009-07-16,137.55,143.45,137.55,139.78,35443
2009-07-17,139.05,141.0,135.53,137.13,21746
2009-07-20,137.0,140.95,136.03,139.05,17678
2009-07-21,135.08,140.9,135.08,138.23,173192
2009-07-22,137.05,141.5,136.98,137.88,18648
2009-07-23,136.05,141.83,136.05,141.28,130880
2009-07-24,136.05,148.98,136.05,145.45,80298
2009-07-27,143.03,149.0,143.03,147.58,43858
2009-07-28,147.05,157.0,147.05,152.23,98673
2009-07-29,149.05,157.0,144.53,147.03,137426
2009-07-30,152.5,157.33,147.0,148.9,122190
2009-07-31,149.05,152.45,146.5,147.55,35592
2009-08-03,146.03,151.5,146.03,150.4,45562
2009-08-04,147.55,169.75,135.78,160.98,264019
2009-08-05,159.0,166.0,159.0,163.85,431512
2009-08-06,160.53,168.85,156.0,158.7,174138
2009-08-07,156.05,160.75,150.55,153.6,102571
2009-08-10,155.0,172.95,149.5,166.45,483778
2009-08-11,163.0,177.25,163.0,171.55,395227
2009-08-12,167.55,179.25,163.13,166.33,332891
2009-08-13,168.48,175.35,166.58,168.7,341521
2009-08-14,170.0,170.9,158.5,160.2,161904
2009-08-17,159.63,164.75,155.0,156.23,158967
2009-08-18,152.55,163.73,152.55,159.78,186217
2009-08-19,156.03,161.3,150.3,154.78,121809
2009-08-20,156.05,159.35,151.55,154.0,170125
2009-08-21,151.63,156.43,150.5,152.3,154641
2009-08-24,152.75,165.0,152.75,163.88,147463
2009-08-25,161.05,162.75,157.0,157.93,94313
2009-08-26,155.75,160.5,151.33,158.08,85952
2009-08-27,155.13,166.0,155.0,161.85,245135
2009-08-28,162.0,164.5,158.55,162.18,82868
2009-08-31,156.08,166.2,156.08,163.85,146452
2009-09-01,166.0,173.38,162.9,165.6,254070
2009-09-02,162.05,169.53,162.05,166.88,86510
2009-09-03,162.55,169.9,157.6,159.5,89858
2009-09-04,157.75,162.88,157.75,159.23,58847
2009-09-07,158.25,166.0,158.25,164.63,88529
2009-09-08,165.05,168.4,160.5,162.4,79261
2009-09-09,163.0,163.0,157.8,159.13,67173
2009-09-10,157.0,162.08,155.0,157.73,133828
2009-09-11,156.5,159.98,156.0,159.23,37814
2009-09-14,157.25,163.48,157.25,160.2,59680
2009-09-15,160.0,162.45,158.55,159.75,42542
2009-09-16,159.05,167.5,159.05,165.18,157327
2009-09-17,167.5,170.0,159.03,160.0,77473
2009-09-18,158.5,162.3,158.0,159.35,44276
2009-09-22,159.5,160.93,158.5,159.75,47849
2009-09-23,161.5,164.25,155.68,157.13,65147
2009-09-24,155.63,159.93,155.0,157.55,43141
2009-09-25,155.75,160.0,155.05,155.5,27825
2009-09-29,156.25,159.48,155.5,155.9,34880
2009-09-30,156.3,159.5,153.5,155.38,95863
2009-10-01,153.35,157.9,152.18,153.28,83050
2009-10-05,154.5,154.5,149.15,150.03,59839
2009-10-06,152.5,152.5,144.9,151.83,114729
2009-10-07,152.0,159.35,152.0,155.93,76222
2009-10-08,156.0,159.25,156.0,157.08,68200
2009-10-09,155.25,160.0,155.25,156.78,57886
2009-10-12,159.0,164.85,157.78,158.7,115345
2009-10-14,161.0,162.0,159.08,160.93,79054
2009-10-15,163.95,168.4,161.0,163.68,161930
2009-10-16,161.6,165.9,161.6,162.55,36525
2009-10-17,160.6,166.5,160.6,165.58,24090
2009-10-20,161.75,169.5,161.0,166.53,88310
2009-10-21,163.5,168.85,161.08,162.3,45536
2009-10-22,163.0,163.5,158.25,159.05,31529
2009-10-23,157.53,164.78,157.53,164.1,34544
2009-10-26,160.28,168.45,160.28,165.48,59411
2009-10-27,160.6,165.0,156.48,157.08,35852
2009-10-28,155.08,162.5,151.5,157.73,73890
2009-10-29,154.0,159.5,152.55,156.58,21271
2009-10-30,157.55,161.25,153.0,154.53,66640
2009-11-03,154.0,156.5,149.18,150.48,41276
2009-11-04,153.0,156.48,150.5,152.93,25292
2009-11-05,152.0,159.0,151.5,158.23,31803
2009-11-06,156.5,162.0,156.5,159.45,27913
2009-11-09,158.75,161.5,155.28,157.85,17085
2009-11-10,160.0,161.25,157.03,158.4,19790
2009-11-11,157.6,169.2,157.6,166.6,96335
2009-11-12,166.45,171.0,158.5,159.53,120533
2009-11-13,159.58,163.0,155.5,160.3,49265
2009-11-16,159.0,165.0,159.0,163.73,46392
2009-11-17,164.5,164.5,160.58,161.25,19182
2009-11-18,162.5,165.25,159.8,164.85,55189
2009-11-19,164.5,164.85,160.0,160.85,25341
2009-11-20,160.48,161.5,154.5,157.5,77486
2009-11-23,159.0,161.5,155.0,156.63,79346
2009-11-24,156.75,159.5,155.25,157.28,53004
2009-11-25,155.53,160.4,155.53,159.15,39818
2009-11-26,160.0,168.18,155.5,165.23,148982
2009-11-27,162.5,163.93,157.75,163.05,60391
2009-11-30,162.5,170.45,162.5,167.88,109127
2009-12-01,167.5,180.0,166.08,173.8,315564
2009-12-02,174.48,177.5,170.5,171.68,59902
2009-12-03,171.68,178.5,171.68,172.83,88319
2009-12-04,171.5,175.95,170.1,171.08,45908
2009-12-07,170.05,173.9,164.5,167.08,30791
2009-12-08,164.5,170.0,164.5,168.83,31522
2009-12-09,166.78,172.4,166.78,171.15,61343
2009-12-10,171.85,174.28,170.0,172.5,29093
2009-12-11,172.45,174.0,168.5,171.43,22715
2009-12-14,169.0,172.5,166.05,167.43,11388
2009-12-15,169.5,169.68,162.58,164.68,29774
2009-12-16,163.0,168.48,162.28,166.78,59688
2009-12-17,165.05,169.98,165.05,166.98,22223
2009-12-18,163.05,177.2,163.05,171.13,123541
2009-12-21,172.4,180.0,171.0,172.68,95193
2009-12-22,170.55,177.55,170.55,175.1,54338
2009-12-23,173.2,178.0,173.2,175.0,33213
2009-12-24,173.05,179.25,170.28,175.8,88804
2009-12-29,176.55,179.98,175.0,176.83,39074
2009-12-30,175.05,179.25,174.83,178.7,34120
2009-12-31,177.55,185.5,177.55,184.65,150920
2010-01-04,186.48,197.95,184.5,193.85,374850
2010-01-05,194.0,197.5,187.55,188.6,137842
2010-01-06,191.48,197.03,189.5,194.33,141138
2010-01-07,193.1,201.9,193.1,198.18,153741
2010-01-08,197.05,201.5,191.05,192.0,52987
2010-01-11,194.98,198.5,193.53,196.5,85930
2010-01-12,193.1,198.38,188.65,190.43,28505
2010-01-13,186.03,192.0,184.35,186.23,47770
2010-01-14,187.6,194.0,187.5,190.05,55828
2010-01-15,190.6,207.0,190.6,200.48,232395
2010-01-18,196.05,209.5,196.05,201.7,207440
2010-01-19,196.1,202.98,192.65,194.3,76176
2010-01-20,195.05,197.48,190.05,193.58,48077
2010-01-21,192.5,194.0,181.5,185.13,71655
2010-01-22,184.85,188.75,176.0,187.5,63366
2010-01-25,186.5,189.4,186.0,187.8,44820
2010-01-27,186.0,192.45,181.15,187.63,96197
2010-01-28,189.95,195.85,187.6,189.7,61163
2010-01-29,189.5,192.5,182.5,187.05,35032
2010-02-01,189.95,191.0,186.5,187.4,45095
2010-02-02,188.5,190.4,183.13,184.85,60545
2010-02-03,185.03,187.5,182.05,185.65,41901
2010-02-04,182.53,185.95,176.13,178.18,32590
2010-02-05,172.55,182.5,168.55,173.75,68525
2010-02-06,172.53,176.45,172.53,174.13,2277
2010-02-08,172.53,175.0,167.03,167.95,40397
2010-02-09,167.53,170.3,165.0,169.65,124336
2010-02-10,168.53,174.5,168.05,172.3,28752
2010-02-11,173.48,174.48,168.53,170.28,41614
2010-02-15,170.5,171.98,167.5,169.15,96072
2010-02-16,168.0,172.2,167.45,168.9,14833
2010-02-17,167.65,172.5,167.65,171.0,33978
2010-02-18,171.98,172.5,166.0,166.78,17683
2010-02-19,166.83,170.75,165.05,168.13,14745
2010-02-22,167.55,170.98,164.25,165.3,13159
2010-02-23,163.55,164.58,160.5,161.03,61623
2010-02-24,160.05,166.5,160.05,165.3,30576
2010-02-25,164.5,169.9,164.5,168.63,156984
2010-02-26,167.8,172.55,167.58,169.5,32377
2010-03-02,167.55,172.4,167.55,169.8,128691
2010-03-03,167.55,172.5,167.55,169.7,102359
2010-03-04,168.03,178.5,168.03,173.8,85738
2010-03-05,174.98,179.0,174.98,178.18,60750
2010-03-08,177.53,190.0,177.25,188.6,170401
2010-03-09,188.0,192.2,182.65,185.73,79437
2010-03-10,183.53,186.48,179.0,180.63,46781
2010-03-11,178.5,180.0,171.7,172.68,189784
2010-03-12,165.83,180.0,165.83,177.75,133226
2010-03-15,172.53,180.0,172.5,177.2,52690
2010-03-16,177.2,179.88,175.48,177.83,33284
2010-03-17,177.13,179.85,173.53,174.55,23851
2010-03-18,172.55,175.98,169.5,171.35,54902
2010-03-19,168.05,174.5,163.68,166.1,72278
2010-03-22,166.83,170.5,164.0,168.25,344551
2010-03-23,168.28,170.0,164.03,164.78,28428
2010-03-25,165.98,165.98,160.08,161.28,24709
2010-03-26,161.0,164.4,159.5,161.33,49022
2010-03-29,160.05,167.0,160.05,165.45,31595
2010-03-30,163.15,171.5,162.98,168.35,28785
2010-03-31,170.05,173.25,168.0,170.85,64783
2010-04-01,168.53,171.48,166.5,170.48,22637
2010-04-05,168.53,173.5,166.0,168.05,41393
2010-04-06,166.53,172.25,166.53,169.0,34346
2010-04-07,167.53,174.03,167.5,170.03,32044
2010-04-08,167.55,172.48,167.55,172.05,21427
2010-04-09,169.5,175.0,169.5,170.65,22109
2010-04-12,166.75,172.95,166.75,168.68,22957
2010-04-13,168.5,171.0,167.0,169.73,31221
2010-04-15,168.0,173.9,168.0,172.48,22951
2010-04-16,168.8,176.53,168.8,174.88,26645
2010-04-19,172.5,174.83,172.5,174.0,17667
2010-04-20,177.45,182.43,174.0,181.5,35999
2010-04-21,181.5,184.5,178.25,179.48,362836
2010-04-22,179.98,186.95,178.05,184.08,37881
2010-04-23,182.55,185.98,182.5,183.25,12687
2010-04-26,181.9,197.5,181.5,182.35,95829
2010-04-27,183.48,183.5,172.5,175.95,174601
2010-04-28,175.75,178.48,172.55,177.5,70826
2010-04-29,178.0,184.83,177.0,182.23,92067
2010-04-30,182.8,187.5,180.1,186.05,44653
2010-05-03,185.05,187.5,182.03,182.9,8611
2010-05-04,182.03,186.95,177.3,178.35,9285
2010-05-05,175.05,177.5,172.5,173.05,28729
2010-05-06,172.65,175.5,169.1,173.78,39868
2010-05-07,172.5,173.88,170.0,170.83,14236
2010-05-10,172.5,174.98,169.05,170.8,63924
2010-05-11,170.58,174.48,170.0,171.8,34080
2010-05-12,170.05,172.75,170.03,170.85,35846
2010-05-13,170.65,178.75,170.6,176.33,69891
2010-05-14,177.5,184.5,176.25,182.75,82641
2010-05-17,180.0,185.48,179.05,184.08,59577
2010-05-18,186.48,189.4,183.28,183.78,26479
2010-05-19,184.95,186.48,176.53,179.73,18235
2010-05-20,180.0,182.48,177.6,180.55,27109
2010-05-21,178.53,181.98,176.55,181.18,27921
2010-05-24,180.03,183.93,179.55,183.3,30831
2010-05-25,183.48,184.45,175.03,176.83,31357
2010-05-26,176.0,177.75,174.7,176.45,21531
2010-05-27,175.28,176.95,174.1,176.43,34677
2010-05-28,178.0,178.48,176.53,177.53,54014
2010-05-31,176.0,178.98,175.03,178.08,28001
2010-06-01,175.05,180.5,175.05,179.45,22506
2010-06-02,177.55,186.95,177.55,185.78,64653
2010-06-03,185.53,188.5,182.03,186.68,49511
2010-06-04,187.0,187.0,182.03,182.83,9198
2010-06-07,180.05,183.23,178.55,180.83,19833
2010-06-08,182.0,182.5,178.53,181.43,17083
2010-06-09,181.48,181.73,176.58,180.03,15816
2010-06-10,176.78,180.95,176.78,178.18,7795
2010-06-11,176.55,181.25,176.55,180.25,17791
2010-06-14,179.23,180.5,179.05,180.33,8353
2010-06-15,180.05,190.5,178.15,188.0,29254
2010-06-16,187.55,190.48,185.0,187.3,21365
2010-06-17,184.03,190.0,184.03,188.6,41692
2010-06-18,186.53,189.45,186.03,188.65,60986
2010-06-21,186.53,195.0,186.5,192.95,60068
2010-06-22,190.63,201.0,190.63,196.3,111116
2010-06-23,195.03,200.5,195.03,199.78,59171
2010-06-24,199.5,200.0,192.5,195.15,34006
2010-06-25,195.0,199.5,195.0,196.48,35196
2010-06-28,197.53,223.5,197.53,212.63,297291
2010-06-29,213.25,213.25,201.33,202.43,84517
2010-06-30,200.3,210.4,199.0,206.8,118746
2010-07-01,201.5,208.4,200.58,202.58,28928
2010-07-02,200.5,207.45,200.5,202.53,41301
2010-07-05,200.3,207.0,198.78,201.53,10048
2010-07-06,201.75,206.65,201.7,205.9,16104
2010-07-07,204.48,210.0,204.0,208.8,45028
2010-07-08,208.53,214.4,208.53,212.35,33055
2010-07-09,213.05,219.98,210.5,213.0,82529
2010-07-12,214.48,219.75,212.7,214.65,34011
2010-07-13,210.78,221.48,210.78,220.55,65480
2010-07-14,220.55,222.0,215.9,216.53,42945
2010-07-15,215.05,217.85,213.75,214.45,4956
2010-07-16,215.0,215.05,210.0,210.58,14153
2010-07-19,210.0,213.48,206.38,207.88,16525
2010-07-20,208.6,211.48,206.08,207.15,10824
2010-07-21,207.53,209.85,201.3,202.45,91514
2010-07-22,197.78,204.43,197.78,201.38,32378
2010-07-23,202.5,203.9,197.8,199.0,138631
2010-07-26,197.55,203.48,197.55,200.23,126283
2010-07-27,198.55,205.0,198.55,201.68,24109
2010-07-28,200.5,203.73,195.75,198.83,20306
2010-07-29,195.0,197.5,188.0,190.68,89783
2010-07-30,190.0,193.38,187.55,192.6,19846
2010-08-02,194.98,195.5,190.78,191.58,16029
2010-08-03,194.45,198.5,192.5,196.05,27359
2010-08-04,197.75,205.5,193.75,201.23,461339
2010-08-05,202.48,202.98,198.0,200.2,64999
2010-08-06,200.5,201.0,194.0,198.1,160892
2010-08-09,198.3,198.3,194.05,195.8,49344
2010-08-10,194.05,196.38,187.83,191.23,30162
2010-08-11,190.55,192.38,188.0,188.7,47976
2010-08-12,186.5,192.0,186.5,188.83,67877
2010-08-13,191.0,192.5,187.65,190.05,18144
2010-08-16,191.0,202.45,190.0,198.4,140066
2010-08-17,200.98,200.98,196.88,199.08,46570
2010-08-18,200.9,215.0,199.0,202.55,217090
2010-08-19,204.98,206.7,201.55,202.83,18169
2010-08-20,204.88,207.5,201.5,205.75,46781
2010-08-23,206.95,209.95,203.0,203.68,41014
2010-08-24,204.5,204.83,200.55,202.33,35702
2010-08-25,204.5,204.5,198.5,199.7,17411
2010-08-26,200.5,202.48,197.0,198.1,8070
2010-08-27,197.0,202.5,193.33,200.23,40811
2010-08-30,201.5,202.75,196.75,199.75,17449
2010-08-31,200.5,200.5,193.65,195.9,24811
2010-09-01,196.25,203.98,196.25,201.43,18741
2010-09-02,202.73,211.45,200.5,207.53,93937
2010-09-03,208.0,212.5,208.0,208.8,33146
2010-09-06,210.98,215.95,209.0,210.2,64013
2010-09-07,208.5,211.95,206.05,209.85,50439
2010-09-08,207.5,223.6,207.25,220.0,165170
2010-09-09,222.2,239.73,219.5,226.48,302529
2010-09-13,232.3,233.95,227.0,229.13,154488
2010-09-14,230.0,230.0,218.0,219.83,74705
2010-09-15,218.1,223.75,215.03,217.25,46492
2010-09-16,215.63,221.18,212.65,213.23,20087
2010-09-17,214.95,218.98,208.13,209.83,161741
2010-09-20,212.45,226.78,210.0,219.25,192384
2010-09-21,219.98,222.45,210.6,213.1,71760
2010-09-22,213.1,217.2,211.15,212.28,34105
2010-09-23,211.3,215.0,210.0,210.78,23603
2010-09-24,208.8,212.95,208.8,210.93,23793
2010-09-27,211.75,221.95,211.75,214.75,90872
2010-09-28,215.5,217.0,213.75,214.63,19004
2010-09-29,215.98,217.0,211.75,214.4,63632
2010-09-30,215.98,220.98,212.0,214.1,105943
2010-10-01,215.98,220.95,213.5,214.53,104734
2010-10-04,215.05,216.83,212.0,213.65,41782
2010-10-05,215.45,216.0,212.08,212.75,22674
2010-10-06,214.95,223.7,213.25,218.4,122978
2010-10-07,217.55,223.25,214.0,214.55,84255
2010-10-08,216.98,217.45,213.58,215.95,15524
2010-10-11,218.98,220.48,214.25,215.53,51954
2010-10-12,215.98,219.5,215.5,216.85,95381
2010-10-13,216.85,218.0,214.0,214.95,97838
2010-10-14,216.48,227.75,215.0,224.23,176623
2010-10-15,226.48,237.0,225.0,230.65,503627
2010-10-18,232.48,235.28,228.05,229.15,75008
2010-10-19,232.45,235.88,229.95,231.05,68840
2010-10-20,231.05,254.5,231.05,252.6,505414
2010-10-21,255.0,262.35,247.53,260.4,292291
2010-10-22,261.25,264.5,256.0,261.23,131155
2010-10-25,263.5,272.0,260.0,260.95,184024
2010-10-26,265.5,267.4,250.5,251.55,273133
2010-10-27,254.85,255.0,250.05,252.03,96342
2010-10-28,256.45,256.45,248.03,249.83,55105
2010-10-29,252.5,252.98,243.15,248.4,80078
2010-11-01,254.85,261.25,251.5,254.3,181297
2010-11-02,255.45,263.9,254.1,257.48,140557
2010-11-03,260.45,270.0,257.98,263.83,139637
2010-11-04,265.08,266.48,260.03,262.5,63511
2010-11-05,267.35,269.33,263.75,266.98,20757
2010-11-08,269.88,272.5,264.18,267.33,94758
2010-11-09,270.5,272.5,262.0,266.83,1325416
2010-11-10,268.95,283.43,267.05,274.28,389176
2010-11-11,275.35,277.95,267.5,269.63,72908
2010-11-12,267.53,271.5,265.0,265.63,67153
2010-11-15,267.48,268.0,260.0,261.9,41775
2010-11-16,264.48,264.88,250.0,250.65,94784
2010-11-18,251.25,254.4,247.0,249.23,76836
2010-11-19,251.95,255.0,239.53,243.23,61788
2010-11-22,245.0,247.0,234.05,243.43,100584
2010-11-23,239.0,251.75,238.0,240.43,49574
2010-11-24,238.5,243.0,234.05,235.78,26525
2010-11-25,239.85,243.5,230.5,242.55,47166
2010-11-26,240.0,244.35,230.0,242.43,95853
2010-11-29,243.0,249.3,239.55,246.85,30424
2010-11-30,248.0,249.0,236.83,243.7,59404
2010-12-01,246.5,252.43,245.0,247.3,37397
2010-12-02,248.5,262.5,247.5,255.13,174674
2010-12-03,257.48,258.0,241.75,247.9,57613
2010-12-06,249.5,254.0,242.5,243.33,150107
2010-12-07,245.0,249.65,242.5,246.23,48213
2010-12-08,244.75,244.75,235.13,237.93,86095
2010-12-09,239.5,239.5,224.0,228.98,58456
2010-12-10,228.25,239.25,224.53,235.95,69962
2010-12-13,239.25,244.45,236.0,240.85,38097
2010-12-14,243.33,252.0,242.53,247.58,83027
2010-12-15,249.0,251.18,242.0,244.38,20555
2010-12-16,248.5,259.3,245.55,249.28,144601
2010-12-20,251.7,257.0,249.13,253.8,127350
2010-12-21,252.8,264.5,252.75,260.1,189270
2010-12-22,261.0,265.63,258.55,262.85,106577
2010-12-23,265.0,266.85,253.25,262.9,103923
2010-12-24,260.0,274.5,256.25,271.8,199478
2010-12-27,280.7,280.7,270.4,275.75,183740
2010-12-28,275.0,276.8,271.7,273.75,70520
2010-12-29,275.4,280.0,274.0,277.5,83573
2010-12-30,279.4,280.7,274.0,278.5,96326
2010-12-31,270.0,279.0,270.0,277.1,52262
2011-01-03,278.0,285.0,275.5,281.65,89432
2011-01-04,282.5,283.0,279.75,280.1,90026
2011-01-05,277.0,289.0,277.0,280.45,954250
2011-01-06,281.5,283.45,266.25,269.65,128482
2011-01-07,269.0,269.0,252.6,258.45,109416
2011-01-10,258.0,261.9,250.1,257.3,71753
2011-01-11,256.0,261.0,247.05,257.25,68748
2011-01-12,255.1,258.0,250.15,254.25,48201
2011-01-13,257.65,257.65,247.35,249.85,310367
2011-01-14,249.0,254.6,242.2,245.4,74181
2011-01-17,244.0,247.95,235.8,237.2,97777
2011-01-18,235.0,239.9,230.0,236.85,42169
2011-01-19,231.15,240.5,230.1,231.9,50427
2011-01-20,230.0,232.7,222.0,225.2,260432
2011-01-21,220.1,232.95,220.1,230.0,140840
2011-01-24,232.0,234.9,227.0,229.55,71382
2011-01-25,225.1,233.8,225.0,225.85,62766
2011-01-27,225.1,229.8,224.0,225.15,64343
2011-01-28,225.0,235.15,220.05,231.75,57772
2011-01-31,228.0,229.7,216.25,222.1,127359
2011-02-01,224.95,224.95,205.15,210.8,77956
2011-02-02,210.5,213.5,206.05,207.45,61722
2011-02-03,209.95,215.65,208.0,213.35,38153
2011-02-04,213.95,217.25,201.15,210.25,67348
2011-02-07,205.0,210.05,198.5,206.9,45849
2011-02-08,205.0,211.0,201.0,208.9,68488
2011-02-09,205.0,205.0,198.0,202.55,75702
2011-02-10,203.5,205.0,196.2,199.4,62022
2011-02-11,199.0,213.8,189.0,211.1,85431
2011-02-14,210.1,214.8,208.5,212.6,78227
2011-02-15,214.8,215.0,206.0,210.05,85897
2011-02-16,210.95,228.0,210.95,220.05,130481
2011-02-17,220.05,224.9,215.0,222.1,33300
2011-02-18,222.5,225.6,217.0,219.6,26102
2011-02-21,220.05,223.85,215.0,218.6,38142
2011-02-22,219.5,219.5,215.0,215.5,4791
2011-02-23,215.5,219.8,210.0,215.65,12981
2011-02-24,213.0,215.75,204.2,207.3,77534
2011-02-25,205.05,211.0,195.0,201.65,62429
2011-02-28,202.0,210.0,195.0,196.6,24803
2011-03-01,196.05,206.45,195.0,203.05,13481
2011-03-03,200.0,204.0,197.05,200.3,39926
2011-03-04,197.1,205.8,196.05,199.05,27727
2011-03-07,199.7,199.7,195.1,197.25,7834
2011-03-08,199.0,203.7,196.0,200.85,21630
2011-03-09,202.0,208.0,199.05,206.75,27704
2011-03-10,205.85,230.0,205.55,218.3,33008
2011-03-11,218.0,220.5,209.2,216.3,62217
2011-03-14,216.3,219.5,211.65,215.4,143536
2011-03-15,196.2,217.4,191.0,210.85,65377
2011-03-16,212.0,216.0,210.05,211.95,39793
2011-03-17,209.9,211.0,206.05,207.5,41721
2011-03-18,205.0,212.8,205.0,209.4,29273
2011-03-21,208.0,209.8,202.3,205.95,41923
2011-03-22,207.1,214.7,206.2,207.65,33275
2011-03-23,212.55,216.0,203.05,204.9,137627
2011-03-24,204.4,206.75,202.0,203.2,34035
2011-03-25,204.95,209.0,203.0,206.1,58507
2011-03-28,207.95,209.95,203.0,206.25,24866
2011-03-29,200.5,209.0,200.5,203.1,31510
2011-03-30,202.25,212.0,202.25,210.75,46636
2011-03-31,211.0,217.0,208.05,213.7,36694
2011-04-01,215.0,219.95,212.1,217.45,33461
2011-04-04,221.95,223.0,218.5,219.85,103140
2011-04-05,219.95,219.95,216.25,218.25,57869
2011-04-06,220.0,223.0,217.55,219.9,109871
2011-04-07,220.1,232.0,217.55,227.2,183947
2011-04-08,229.0,232.45,222.15,224.05,111138
2011-04-11,226.95,226.95,219.05,224.05,28518
2011-04-13,227.0,235.9,221.2,233.15,81221
2011-04-15,236.95,238.8,231.0,232.05,38094
2011-04-18,234.9,244.5,227.4,230.45,103758
2011-04-19,230.0,238.85,230.0,234.85,95327
2011-04-20,237.3,240.95,235.05,235.65,64644
2011-04-21,246.8,246.8,230.0,237.55,43950
2011-04-25,238.0,241.0,232.2,234.3,42370
2011-04-26,233.1,243.25,231.55,239.95,36738
2011-04-27,240.0,244.95,236.65,238.35,27531
2011-04-28,240.0,242.0,236.2,240.9,75709
2011-04-29,240.7,240.7,235.25,236.65,26760
2011-05-02,241.0,244.8,230.0,233.2,173784
2011-05-03,235.0,236.0,225.0,227.55,32810
2011-05-04,225.75,238.0,225.1,232.05,122353
2011-05-05,234.75,238.05,228.5,231.2,17981
2011-05-06,233.3,234.95,226.0,226.75,31856
2011-05-09,228.3,229.3,225.25,225.45,8638
2011-05-10,226.5,232.9,225.25,227.35,163358
2011-05-11,229.75,233.3,220.35,223.65,50473
2011-05-12,223.8,224.85,218.5,218.8,25998
2011-05-13,215.05,221.95,212.55,219.3,21093
2011-05-16,219.3,222.9,216.05,220.3,16636
2011-05-17,220.3,225.0,215.55,222.35,25335
2011-05-18,220.25,222.7,215.1,219.55,22907
2011-05-19,219.0,222.95,215.05,219.9,24836
2011-05-20,218.2,222.0,218.15,221.75,17978
2011-05-23,221.8,222.0,214.95,217.0,17713
2011-05-24,216.3,217.5,206.3,209.95,24027
2011-05-25,213.95,213.95,203.5,209.75,31017
2011-05-26,211.0,215.0,210.0,210.1,20848
2011-05-27,210.0,214.0,210.0,212.5,72234
2011-05-30,214.0,216.85,205.9,207.7,38018
2011-05-31,209.45,217.9,209.25,211.7,71918
2011-06-01,212.0,219.45,210.0,217.95,83635
2011-06-02,216.75,219.0,211.55,214.3,71717
2011-06-03,210.1,217.8,210.1,215.5,25620
2011-06-06,215.85,218.2,214.3,217.8,9279
2011-06-07,217.8,227.9,215.0,222.55,39126
2011-06-08,224.9,228.0,221.0,222.4,38799
2011-06-09,224.0,224.4,218.15,222.25,116154
2011-06-10,223.0,223.0,217.25,218.85,23223
2011-06-13,218.5,232.4,217.7,227.55,122666
2011-06-14,228.75,231.9,226.8,227.75,39733
2011-06-15,227.95,229.95,226.0,227.05,28107
2011-06-16,225.8,230.9,223.0,228.55,31483
2011-06-17,225.0,234.9,224.05,225.2,128763
2011-06-20,226.0,227.7,215.55,220.25,28579
2011-06-21,223.0,227.9,216.1,226.9,51698
2011-06-22,229.95,232.95,220.65,222.25,46570
2011-06-23,218.05,232.0,215.55,228.15,74608
2011-06-24,229.15,238.95,228.5,235.9,113501
2011-06-27,230.1,235.0,230.1,233.1,22531
2011-06-28,231.0,233.5,227.55,229.95,23312
2011-06-29,231.5,247.35,231.05,242.8,270032
2011-06-30,243.85,254.5,243.85,251.5,208047
2011-07-01,252.35,260.7,247.55,256.9,194518
2011-07-04,258.1,261.55,249.0,254.2,90926
2011-07-05,254.95,264.0,251.55,256.55,75839
2011-07-06,256.85,260.0,256.0,258.25,36841
2011-07-07,258.25,262.0,252.5,255.65,48586
2011-07-08,256.0,265.0,252.05,261.8,131708
2011-07-11,261.0,269.75,261.0,266.0,83995
2011-07-12,267.0,267.0,261.6,264.05,125278
2011-07-13,263.0,269.8,263.0,265.95,52690
2011-07-14,264.0,269.8,261.1,268.0,66194
2011-07-15,268.0,270.0,263.05,266.3,48614
2011-07-18,265.0,266.45,263.0,265.95,94730
2011-07-19,267.35,269.5,265.0,267.85,32810
2011-07-20,268.9,268.9,265.0,265.95,109854
2011-07-21,263.35,266.05,251.25,258.35,269847
2011-07-22,261.8,268.2,261.65,266.55,149742
2011-07-25,263.7,267.4,263.55,266.3,71214
2011-07-26,267.6,270.9,262.1,269.1,189099
2011-07-27,271.5,273.8,261.05,267.2,311948
2011-07-28,267.9,279.0,267.0,273.1,364342
2011-07-29,273.6,275.0,267.25,269.85,447738
2011-08-01,270.35,271.0,255.0,260.7,113422
2011-08-02,259.95,264.0,257.0,260.15,81666
2011-08-03,255.25,258.35,252.05,253.6,11028
2011-08-04,255.0,259.65,247.6,254.0,897881
2011-08-05,251.5,251.5,244.0,246.8,78062
2011-08-08,243.25,246.8,236.0,244.05,45212
2011-08-09,239.0,243.95,235.0,240.5,22386
2011-08-10,244.9,252.0,241.0,250.75,24645
2011-08-11,249.0,259.0,248.55,255.05,66973
2011-08-12,260.0,283.0,259.0,261.55,67806
2011-08-16,264.0,264.0,253.9,255.05,61965
2011-08-17,251.25,255.8,246.6,254.8,87196
2011-08-18,262.0,263.9,245.1,248.0,559184
2011-08-19,242.05,246.95,238.0,244.45,85737
2011-08-22,242.1,249.0,240.15,246.85,32201
2011-08-23,248.0,250.9,245.05,248.35,18299
2011-08-24,249.0,251.6,242.8,247.55,27196
2011-08-25,247.05,249.0,245.0,247.45,68696
2011-08-26,245.15,246.9,240.15,241.5,108686
2011-08-29,241.0,250.55,241.0,247.1,143493
2011-08-30,248.9,249.9,245.05,248.0,279848
2011-09-02,249.9,250.9,243.55,247.35,33837
2011-09-05,249.9,250.95,244.0,247.4,21454
2011-09-06,244.5,248.4,244.5,246.55,58930
2011-09-07,248.9,254.95,245.2,251.25,42362
2011-09-08,252.1,253.0,248.1,250.15,27032
2011-09-09,252.95,252.95,245.0,245.7,100623
2011-09-12,244.05,248.95,235.0,245.6,23780
2011-09-13,248.9,249.95,244.0,245.15,9341
2011-09-14,246.0,249.4,243.85,246.85,6819
2011-09-15,249.0,249.0,244.0,245.0,108046
2011-09-16,244.5,249.5,236.2,246.55,17435
2011-09-19,247.9,247.9,240.5,242.0,7801
2011-09-20,246.0,247.8,237.0,242.2,33262
2011-09-21,244.2,244.2,241.0,242.1,12425
2011-09-22,238.05,242.0,222.0,233.3,89466
2011-09-23,229.0,231.0,217.55,225.35,81702
2011-09-26,225.0,228.8,219.2,222.15,15158
2011-09-27,223.2,228.0,215.55,221.45,126550
2011-09-28,222.05,224.35,218.55,222.35,17068
2011-09-29,221.0,222.95,219.05,221.25,7203
2011-09-30,214.3,229.7,214.3,225.85,28962
2011-10-03,222.05,226.4,221.15,222.85,8613
2011-10-04,220.2,227.9,216.1,224.15,27160
2011-10-05,222.65,227.0,220.35,225.7,8030
2011-10-07,229.0,230.85,223.1,223.95,38069
2011-10-10,223.5,227.7,223.05,224.45,16195
2011-10-11,227.45,227.9,223.0,225.75,9619
2011-10-12,225.8,228.0,222.1,225.85,15974
2011-10-13,224.75,227.8,222.8,226.4,9903
2011-10-14,225.0,228.45,221.55,225.75,19016
2011-10-17,227.0,228.75,223.95,225.9,35353
2011-10-18,225.0,225.0,217.0,219.35,53339
2011-10-19,221.15,230.0,221.15,226.6,96820
2011-10-20,226.95,227.95,223.0,225.45,20170
2011-10-21,223.25,225.25,219.2,220.9,57037
2011-10-24,221.0,226.9,219.0,219.9,14781
2011-10-25,219.1,227.45,215.4,225.2,53621
2011-10-26,226.0,227.0,224.15,224.95,9404
2011-10-28,227.0,228.5,220.05,222.85,37797
2011-10-31,223.95,225.95,222.0,222.55,46960
2011-11-01,222.75,223.9,218.0,220.7,34449
2011-11-02,219.0,222.0,218.15,219.95,25122
2011-11-03,220.0,228.0,219.25,225.75,33924
2011-11-04,225.0,226.95,224.15,225.9,26140
2011-11-08,225.75,226.7,223.5,225.0,124188
2011-11-09,226.95,227.95,223.0,225.0,146520
2011-11-11,223.0,225.8,214.0,218.65,41638
2011-11-14,223.0,223.95,213.15,215.3,33916
2011-11-15,214.1,216.8,202.15,210.45,32913
2011-11-16,215.0,215.0,206.0,207.15,15809
2011-11-17,209.0,209.7,205.05,206.1,6992
2011-11-18,208.8,208.8,201.0,203.3,16029
2011-11-21,203.3,207.0,199.0,199.25,7168
2011-11-22,199.75,200.0,196.5,197.8,11605
2011-11-23,195.0,203.8,192.05,198.8,348705
2011-11-24,198.8,202.85,192.55,200.5,7656
2011-11-25,199.9,202.45,195.0,196.05,540886
2011-11-28,196.5,196.5,192.1,193.8,13127
2011-11-29,194.9,201.3,189.0,197.65,32572
2011-11-30,197.0,198.0,194.85,196.85,242764
2011-12-01,199.0,200.0,194.0,194.9,10102
2011-12-02,194.0,198.6,193.35,196.8,331602
2011-12-05,199.8,199.95,195.15,196.8,6275
2011-12-07,199.5,199.5,196.7,197.7,251765
2011-12-08,198.0,199.5,191.0,197.3,16380
2011-12-09,198.0,200.9,196.4,198.8,52455
2011-12-12,199.9,199.9,193.3,198.15,36321
2011-12-13,195.1,199.0,195.1,197.1,13510
2011-12-14,196.0,198.75,192.35,197.7,11592
2011-12-15,195.0,201.0,193.4,199.5,37866
2011-12-16,197.0,200.05,190.0,193.3,92459
2011-12-19,197.95,197.95,181.2,186.5,59083
2011-12-20,182.0,186.0,175.55,184.1,32576
2011-12-21,184.5,189.0,180.05,187.7,9495
2011-12-22,185.0,192.45,183.0,187.1,10760
2011-12-23,187.05,203.4,186.5,191.95,11916
2011-12-26,193.95,197.9,192.1,194.55,7826
2011-12-27,197.9,197.9,193.5,195.8,9229
2011-12-28,195.0,195.0,190.1,191.35,51925
2011-12-29,188.0,192.0,187.0,189.35,15513
2011-12-30,188.1,190.0,185.1,188.75,10112
2012-01-02,193.95,193.95,188.1,190.4,4076
2012-01-03,189.05,192.5,188.0,191.45,15525
2012-01-04,188.1,204.9,187.0,200.45,43365
2012-01-05,199.4,201.2,191.25,193.5,11457
2012-01-06,190.1,192.4,188.0,190.0,93636
2012-01-07,188.0,195.9,186.4,191.8,2533
2012-01-09,193.65,197.0,188.5,194.85,28107
2012-01-10,196.0,201.6,194.15,198.65,14822
2012-01-11,198.9,207.45,195.9,196.85,40723
2012-01-12,196.85,203.25,196.85,201.1,31734
2012-01-13,202.8,204.75,198.6,199.65,23604
2012-01-16,200.0,200.0,193.15,194.25,10761
2012-01-17,193.5,199.8,193.5,198.3,29186
2012-01-18,196.0,198.9,190.1,194.9,19421
2012-01-19,195.2,200.0,195.2,198.6,9750
2012-01-20,197.0,204.5,197.0,202.9,34964
2012-01-23,203.1,203.65,199.1,202.2,29605
2012-01-24,203.5,204.5,202.35,204.25,31109
2012-01-25,204.95,207.3,204.8,206.9,55787
2012-01-27,214.95,214.95,206.0,210.65,106304
2012-01-30,211.8,218.8,206.35,207.95,58676
2012-01-31,206.0,210.0,201.0,207.35,80103
2012-02-01,212.0,214.9,207.5,210.8,46485
2012-02-02,212.95,219.0,210.0,217.75,50757
2012-02-03,219.95,227.8,215.5,224.45,54799
2012-02-06,229.7,229.7,216.5,217.45,52820
2012-02-07,216.9,221.25,207.5,209.5,49389
2012-02-08,211.0,212.95,208.0,210.0,74695
2012-02-09,208.5,211.7,208.5,209.8,31688
2012-02-10,210.1,213.0,208.5,210.0,40643
2012-02-13,210.0,210.95,206.5,207.2,29564
2012-02-14,207.25,208.9,205.0,207.5,22282
2012-02-15,208.0,212.5,206.65,210.35,34149
2012-02-16,211.95,212.0,207.5,208.45,39698
2012-02-17,210.95,210.95,203.8,204.6,70460
2012-02-21,206.8,206.8,199.0,201.9,33633
2012-02-22,204.75,205.8,198.0,203.75,57026
2012-02-23,205.0,210.9,198.7,199.5,19305
2012-02-24,199.5,200.0,193.05,194.65,37783
2012-02-27,193.05,193.1,188.15,189.75,36933
2012-02-28,187.1,195.0,187.1,192.3,23363
2012-02-29,191.35,195.0,191.35,194.25,15092
2012-03-01,193.05,195.0,189.5,194.9,68356
2012-03-02,195.0,202.35,192.35,194.15,1190482
2012-03-03,195.5,196.0,194.05,195.0,1045
2012-03-05,190.1,197.95,190.1,194.7,530875
2012-03-06,195.0,195.0,191.6,193.25,48560
2012-03-07,190.55,196.0,190.2,194.55,206297
2012-03-09,225.0,225.0,191.5,194.6,52359
2012-03-12,198.6,198.6,193.0,194.95,155605
2012-03-13,195.0,204.0,194.55,198.2,84485
2012-03-14,198.2,201.95,195.25,196.5,798323
2012-03-15,196.0,201.9,195.5,197.85,37022
2012-03-16,198.0,199.85,195.9,196.4,12169
2012-03-19,196.05,197.95,190.0,194.0,47414
2012-03-20,196.0,203.7,194.2,199.25,76508
2012-03-21,198.05,200.15,192.75,194.55,142521
2012-03-22,195.0,195.0,191.75,192.9,38473
2012-03-23,192.9,193.7,190.8,191.9,9367
2012-03-26,192.0,192.0,188.0,189.0,21818
2012-03-27,191.7,192.5,189.0,189.85,12841
2012-03-28,190.0,191.0,187.55,188.45,8711
2012-03-29,188.0,192.5,187.35,189.3,33604
2012-03-30,190.0,191.7,188.0,189.45,30257
2012-04-02,190.0,201.5,188.75,195.55,59346
2012-04-03,197.95,199.4,190.3,192.2,130981
2012-04-04,191.7,192.5,190.7,191.95,16424
2012-04-09,192.0,193.3,187.65,188.55,15343
2012-04-10,190.0,191.0,189.05,189.45,12040
2012-04-11,189.0,190.0,187.95,188.65,22800
2012-04-12,189.0,190.9,187.6,189.9,37825
2012-04-13,190.2,190.2,187.6,188.4,68606
2012-04-16,189.0,189.45,185.75,186.55,8788
2012-04-17,186.55,190.0,186.05,189.45,5555
2012-04-18,189.9,190.0,185.15,187.05,27602
2012-04-19,188.95,189.8,187.3,188.25,10912
2012-04-20,188.85,190.0,188.4,189.35,11144
2012-04-23,189.95,190.0,182.55,185.0,91301
2012-04-24,189.85,189.85,182.3,182.8,17201
2012-04-25,186.0,188.8,179.5,180.05,18320
2012-04-26,184.0,190.65,179.5,180.7,179031
2012-04-27,181.0,182.0,178.1,180.1,13676
2012-04-28,180.0,182.95,179.95,182.45,4591
2012-04-30,182.25,182.9,179.6,180.35,14755
2012-05-02,181.0,185.7,179.25,181.6,79949
2012-05-03,183.0,185.7,179.0,180.3,50864
2012-05-04,181.7,181.7,177.7,178.1,17583
2012-05-07,178.1,181.0,172.15,179.4,24729
2012-05-08,181.45,203.3,178.0,178.45,10739
2012-05-09,179.9,184.5,179.9,182.4,16223
2012-05-10,184.5,184.9,179.9,181.45,10324
2012-05-11,182.4,184.85,178.0,179.35,10958
2012-05-14,180.95,182.9,180.0,182.25,16898
2012-05-15,182.7,183.0,182.0,182.05,14305
2012-05-16,183.45,188.45,182.0,186.55,13673
2012-05-17,188.95,192.1,185.55,188.75,66624
2012-05-18,188.0,192.45,185.05,188.15,25888
2012-05-21,186.2,188.85,182.25,183.45,45478
2012-05-22,185.0,185.75,181.1,181.8,2459
2012-05-23,180.6,182.95,178.6,180.0,13875
2012-05-24,179.05,183.0,178.4,181.0,9371
2012-05-25,180.0,182.1,179.05,182.0,2250
2012-05-28,181.0,182.9,179.75,182.0,4494
2012-05-29,182.0,184.5,180.3,183.0,9303
2012-05-30,183.0,184.9,181.5,182.1,2734
2012-05-31,180.5,183.9,179.6,182.15,30232
2012-06-01,180.4,183.8,180.4,182.55,2547
2012-06-04,182.95,182.95,179.5,180.0,32214
2012-06-05,181.0,182.85,179.55,180.3,8517
2012-06-06,182.8,182.8,179.9,181.05,11174
2012-06-07,180.55,182.4,179.6,180.4,20451
2012-06-08,182.0,182.0,178.1,178.95,72812
2012-06-11,179.4,181.45,177.6,178.4,45632
2012-06-12,179.4,179.4,175.95,177.15,14567
2012-06-13,176.0,177.5,173.5,173.85,19516
2012-06-14,174.0,174.95,168.2,168.95,45499
2012-06-15,171.5,171.5,168.15,170.0,39702
2012-06-18,169.25,172.8,168.0,169.1,9033
2012-06-19,170.0,170.85,164.5,168.05,36849
2012-06-20,168.45,170.2,166.5,168.2,31135
2012-06-21,168.0,175.5,167.5,169.75,32817
2012-06-22,169.2,172.4,169.05,171.2,11807
2012-06-25,171.95,174.9,171.3,172.7,13071
2012-06-26,171.8,173.5,167.1,169.4,50176
2012-06-27,169.5,173.0,168.45,172.75,32026
2012-06-28,173.5,175.0,169.5,169.75,16935
2012-06-29,172.95,181.8,171.1,176.55,39582
2012-07-02,169.0,178.0,169.0,172.55,42171
2012-07-03,173.6,175.05,171.6,174.2,53259
2012-07-04,175.0,186.7,174.25,183.85,206755
2012-07-05,184.55,196.0,183.15,193.9,266743
2012-07-06,195.0,198.95,188.55,193.6,113049
2012-07-09,193.6,195.0,188.8,189.8,29578
2012-07-10,191.9,194.95,187.4,191.85,36626
2012-07-11,191.0,193.8,187.0,189.3,260996
2012-07-12,184.0,189.95,184.0,188.85,33449
2012-07-13,190.15,190.3,186.1,186.95,29590
2012-07-16,188.95,195.4,188.95,192.2,122501
2012-07-17,193.05,197.6,193.05,196.7,65382
2012-07-18,196.85,202.8,194.5,201.65,272378
2012-07-19,198.05,205.9,195.5,200.45,56574
2012-07-20,200.0,203.7,197.0,200.15,136162
2012-07-23,200.0,204.9,199.2,201.25,114276
2012-07-24,200.95,204.8,200.0,203.6,288175
2012-07-25,204.0,204.65,195.8,200.15,239628
2012-07-26,200.8,209.8,200.75,202.5,89193
2012-07-27,204.7,205.1,200.0,201.65,55154
2012-07-30,202.5,204.05,199.9,202.5,67964
2012-07-31,204.95,213.45,203.0,211.0,115276
2012-08-01,213.0,216.5,210.55,211.9,117574
2012-08-02,213.85,221.95,206.65,208.15,257854
2012-08-03,207.5,216.0,205.5,214.2,87952
2012-08-06,216.95,219.1,212.8,213.75,93717
2012-08-07,214.95,216.9,208.6,215.25,78228
2012-08-08,211.25,219.5,211.25,217.55,61333
2012-08-09,212.0,222.8,212.0,216.85,56843
2012-08-10,215.05,222.7,215.0,218.65,49237
2012-08-13,216.0,223.55,215.25,218.15,60187
2012-08-14,219.0,221.5,213.25,214.3,79949
2012-08-16,214.0,216.75,209.5,210.2,42306
2012-08-17,209.0,213.95,209.0,210.55,26007
2012-08-21,210.0,213.0,206.05,210.15,45566
2012-08-22,203.5,218.7,203.5,213.25,79483
2012-08-23,211.05,218.45,211.0,213.15,29858
2012-08-24,212.5,217.35,212.5,215.2,50072
2012-08-27,214.0,217.6,212.3,216.35,60359
2012-08-28,210.0,217.75,210.0,211.7,37391
2012-08-29,211.1,216.4,211.1,214.55,29844
2012-08-30,212.0,216.4,212.0,215.0,19572
2012-08-31,212.05,215.9,210.1,214.9,37445
2012-09-03,214.0,217.85,213.55,215.55,60830
2012-09-04,217.05,234.9,214.6,232.2,279335
2012-09-05,233.25,237.0,225.15,226.95,148320
2012-09-06,227.0,232.95,225.05,227.2,55651
2012-09-07,228.0,231.2,225.1,227.05,78318
2012-09-08,228.0,229.7,227.1,228.25,2560
2012-09-10,228.4,229.45,210.0,226.35,38827
2012-09-11,220.5,229.9,220.25,222.65,62843
2012-09-12,222.65,232.5,222.65,231.0,69406
2012-09-13,234.95,234.95,226.0,229.25,29134
2012-09-14,233.7,234.0,221.55,228.9,38158
2012-09-17,232.5,232.5,226.0,230.1,24961
2012-09-18,229.05,235.0,225.55,226.9,36558
2012-09-20,227.35,234.5,221.6,228.25,47870
2012-09-21,228.3,232.9,228.3,230.3,19880
2012-09-24,232.0,238.0,231.0,232.9,67595
2012-09-25,230.0,230.5,223.5,225.6,40657
2012-09-26,225.6,229.5,221.7,224.35,36711
2012-09-27,228.8,235.5,226.05,234.55,86092
2012-09-28,239.5,240.4,225.65,227.8,115389
2012-10-01,231.0,235.2,225.1,226.95,73001
2012-10-03,226.35,238.0,226.35,234.45,91808
2012-10-04,236.0,237.5,233.55,236.9,92992
2012-10-05,236.9,241.1,230.55,237.1,87730
2012-10-08,238.0,239.85,230.3,238.8,65002
2012-10-09,238.8,246.0,233.65,238.75,123183
2012-10-10,239.0,247.0,237.05,244.6,170831
2012-10-11,246.0,252.5,245.5,249.25,141556
2012-10-12,251.0,256.9,243.4,244.95,160661
2012-10-15,247.7,247.7,237.0,238.55,60651
2012-10-16,240.0,240.0,238.0,238.25,58292
2012-10-17,238.0,239.0,231.65,236.95,41569
2012-10-18,235.1,238.5,234.05,234.65,20013
2012-10-19,235.0,237.95,231.7,233.1,42206
2012-10-22,235.0,235.0,231.0,232.45,22290
2012-10-23,228.1,233.9,222.0,224.1,65707
2012-10-25,228.5,229.0,224.1,227.65,32150
2012-10-26,232.7,232.7,220.75,225.5,75572
2012-10-29,225.2,231.0,214.25,218.15,149779
2012-10-30,220.05,227.6,218.5,220.15,48992
2012-10-31,221.0,235.0,221.0,232.8,121005
2012-11-01,233.5,237.0,233.0,233.65,25848
2012-11-02,234.05,235.0,228.5,233.05,34751
2012-11-05,234.0,237.0,229.15,231.9,36621
2012-11-06,231.0,232.0,227.4,229.65,57853
2012-11-07,229.9,231.95,224.6,225.25,89583
2012-11-08,224.95,227.9,224.95,225.15,33324
2012-11-09,225.95,229.85,225.0,225.55,28350
2012-11-12,224.4,231.35,224.4,226.25,25623
2012-11-13,229.95,246.0,229.75,239.6,181305
2012-11-15,241.0,243.95,230.85,233.05,91137
2012-11-16,232.0,238.5,228.0,232.8,40862
2012-11-19,234.95,240.1,230.2,232.35,27060
2012-11-20,235.0,235.9,226.8,228.5,77526
2012-11-21,226.0,228.45,224.6,226.6,21817
2012-11-22,226.0,228.0,225.1,225.95,41083
2012-11-23,226.35,229.0,225.0,225.35,18490
2012-11-26,228.85,229.0,225.0,227.3,16024
2012-11-27,227.6,230.0,225.15,226.15,17527
2012-11-29,222.8,230.0,222.8,229.6,87750
2012-11-30,238.0,238.0,230.0,231.4,50179
2012-12-03,234.95,235.9,230.25,231.9,25060
2012-12-04,230.25,233.5,227.55,228.5,16892
2012-12-05,228.5,230.9,225.5,226.4,24325
2012-12-06,230.0,230.0,225.0,228.05,63865
2012-12-07,228.0,230.0,228.0,229.3,29594
2012-12-10,230.4,232.0,228.0,229.45,56094
2012-12-11,229.0,229.45,226.55,228.8,14875
2012-12-12,227.15,234.4,225.0,229.55,52994
2012-12-13,229.5,230.55,225.85,226.45,119771
2012-12-14,228.5,230.95,222.25,222.95,46187
2012-12-17,223.5,224.0,218.7,219.4,72448
2012-12-18,221.0,224.0,214.2,215.15,39922
2012-12-19,215.75,219.9,215.25,216.9,20494
2012-12-20,216.9,219.25,213.5,214.8,52233
2012-12-21,215.8,216.4,210.55,211.4,52476
2012-12-24,214.8,214.8,209.0,210.15,24157
2012-12-26,212.75,212.75,207.0,208.05,17379
2012-12-27,207.05,212.75,205.1,210.4,35592
2012-12-28,212.45,213.65,208.9,209.15,56572
2012-12-31,209.0,210.0,205.25,206.65,19740
2013-01-01,207.55,217.9,204.15,206.2,61360
2013-01-02,210.0,211.0,203.4,204.15,58450
2013-01-03,209.95,212.95,199.8,202.95,84228
2013-01-04,203.5,206.65,203.5,205.5,47210
2013-01-07,207.9,207.9,204.0,204.65,55126
2013-01-08,206.9,206.9,202.1,203.4,39204
2013-01-09,201.45,206.6,198.1,199.7,60144
2013-01-10,200.0,201.0,190.0,194.9,502980
2013-01-11,195.0,197.5,193.1,194.65,33335
2013-01-14,196.5,196.5,193.5,194.1,11510
2013-01-15,195.9,195.9,190.5,190.95,80935
2013-01-16,190.45,193.95,188.0,189.95,53017
2013-01-17,189.0,191.85,184.65,185.85,58949
2013-01-18,186.0,187.6,181.1,182.8,31581
2013-01-21,182.8,184.4,180.0,183.0,33619
2013-01-22,184.95,189.9,183.0,184.9,268542
2013-01-23,186.7,187.4,182.35,184.55,303261
2013-01-24,184.0,184.0,178.3,179.35,49725
2013-01-25,178.0,181.0,175.3,180.7,42327
2013-01-28,180.0,182.9,178.05,179.0,56085
2013-01-29,180.0,181.9,179.5,179.85,15856
2013-01-30,180.55,180.55,177.25,178.15,18946
2013-01-31,179.8,179.8,173.05,179.1,48556
2013-02-01,179.0,184.4,176.0,178.65,61650
2013-02-04,179.15,181.65,179.0,179.75,56217
2013-02-05,177.8,177.8,170.0,171.25,85134
2013-02-06,160.0,174.5,160.0,169.95,61240
2013-02-07,169.0,173.0,165.15,166.55,45334
2013-02-08,166.15,168.0,164.9,165.7,68956
2013-02-11,166.95,168.8,165.3,165.8,26270
2013-02-12,166.0,167.7,161.5,164.4,57495
2013-02-13,165.9,166.6,162.55,164.2,325195
2013-02-14,155.0,168.1,155.0,162.15,62964
2013-02-15,161.3,168.0,160.6,166.75,23901
2013-02-18,168.4,174.4,168.0,172.55,69863
2013-02-19,172.5,172.5,170.25,171.65,26896
2013-02-20,170.75,172.5,167.0,169.3,32356
2013-02-21,169.35,171.85,159.2,160.3,110733
2013-02-22,160.5,162.25,150.65,154.45,56535
2013-02-25,133.8,158.8,133.8,154.0,75365
2013-02-26,154.0,155.0,146.0,148.0,58149
2013-02-27,162.0,162.0,146.7,148.2,84517
2013-02-28,157.75,157.75,142.0,144.4,56460
2013-03-01,144.1,149.25,142.5,147.65,1891255
2013-03-04,148.95,150.5,146.0,149.1,32516
2013-03-05,155.0,155.0,149.0,149.8,103050
2013-03-06,152.0,155.6,147.1,152.55,44852
2013-03-07,153.45,156.95,150.5,155.95,30166
2013-03-08,155.95,163.8,154.0,160.25,117065
2013-03-11,161.7,164.65,161.2,164.0,16917
2013-03-12,164.25,167.5,164.1,166.5,33221
2013-03-13,167.5,170.8,161.2,162.9,110267
2013-03-14,164.75,168.0,159.65,166.05,94840
2013-03-15,167.0,169.25,162.35,163.4,42437
2013-03-18,165.5,169.0,160.6,163.25,81805
2013-03-19,169.7,169.7,159.0,163.4,106948
2013-03-20,168.7,168.7,155.1,157.3,44362
2013-03-21,164.7,164.7,152.95,154.85,33127
2013-03-22,155.2,155.75,149.05,151.55,38161
2013-03-25,150.1,153.0,148.05,151.15,37411
2013-03-26,150.4,151.1,148.0,149.8,24935
2013-03-28,149.0,152.0,147.2,149.0,48605
2013-04-01,149.1,156.4,149.1,151.75,29884
2013-04-02,151.8,157.8,150.5,155.6,107303
2013-04-03,155.0,155.0,148.75,149.65,46466
2013-04-04,151.0,151.9,147.25,150.4,89513
2013-04-05,159.2,164.0,151.0,152.1,308431
2013-04-08,154.0,156.5,153.0,154.55,82760
2013-04-09,156.0,156.0,151.9,152.75,39816
2013-04-10,154.35,154.35,150.75,152.5,29710
2013-04-11,153.5,153.55,151.6,153.15,15006
2013-04-12,153.25,155.95,151.4,153.6,31943
2013-04-15,154.0,156.8,153.6,155.65,23099
2013-04-16,156.0,157.2,154.0,154.85,21191
2013-04-17,154.5,157.3,154.0,155.65,11933
2013-04-18,155.0,159.9,154.1,159.0,21399
2013-04-22,163.0,167.7,157.5,161.1,240528
2013-04-23,162.45,163.9,154.05,154.9,95845
2013-04-25,155.0,155.4,152.0,154.1,64419
2013-04-26,155.9,155.9,150.5,150.9,28422
2013-04-29,150.2,155.4,149.1,153.85,39509
2013-04-30,154.9,157.9,151.5,153.4,58027
2013-05-02,152.0,152.5,148.0,149.3,108662
2013-05-03,148.0,149.95,146.5,147.2,42165
2013-05-06,146.0,151.5,143.1,145.5,81543
2013-05-07,145.0,149.2,135.0,144.9,1013767
2013-05-08,146.5,149.6,146.2,147.15,59751
2013-05-09,147.0,150.6,147.0,148.25,74274
2013-05-10,148.9,148.9,145.55,146.85,23793
2013-05-11,147.05,147.5,145.65,146.8,2254
2013-05-13,146.8,147.95,143.3,144.05,20014
2013-05-14,145.1,146.0,143.2,144.0,13170
2013-05-15,147.55,150.0,145.4,148.65,59519
2013-05-16,149.8,160.4,147.5,150.55,520811
2013-05-17,152.6,154.75,143.65,148.15,198378
2013-05-20,151.5,151.5,148.05,148.5,87912
2013-05-21,149.0,150.95,147.0,147.65,64895
2013-05-22,147.5,148.1,142.6,143.45,53744
2013-05-23,143.0,143.9,138.9,141.3,124522
2013-05-24,142.75,143.15,139.05,139.65,52621
2013-05-27,140.0,151.35,137.7,146.35,192174
2013-05-28,145.0,150.6,145.0,149.2,124854
2013-05-29,148.0,149.05,144.0,145.95,143521
2013-05-30,144.0,149.9,141.1,146.4,118801
2013-05-31,144.5,144.95,140.5,141.05,43410
2013-06-03,141.05,145.2,140.0,143.0,81358
2013-06-04,142.0,145.85,140.15,140.75,124822
2013-06-05,139.65,142.0,139.15,139.85,52566
2013-06-06,138.95,143.0,138.15,141.95,30492
2013-06-07,141.0,142.45,140.1,140.75,14547
2013-06-10,139.5,141.75,138.0,138.3,30447
2013-06-11,137.25,139.7,135.65,137.9,909090
2013-06-12,136.35,139.0,135.95,136.5,45278
2013-06-13,135.1,138.35,130.3,133.2,62870
2013-06-14,133.7,136.6,132.45,133.2,37363
2013-06-17,133.05,136.35,133.05,134.6,35269
2013-06-18,134.6,135.35,132.0,132.75,29380
2013-06-19,132.4,134.4,132.4,133.1,35304
2013-06-20,132.0,134.0,131.75,132.95,45566
2013-06-21,132.05,133.35,130.5,131.15,34658
2013-06-24,131.0,132.75,128.05,129.5,86632
2013-06-25,130.0,142.0,127.0,135.6,107684
2013-06-26,135.0,137.0,130.75,131.7,30657
2013-06-27,132.55,132.95,130.15,132.0,56091
2013-06-28,133.3,134.5,131.55,133.3,43817
2013-07-01,132.7,135.65,132.3,134.65,65856
2013-07-02,136.45,139.8,133.4,137.5,19753
2013-07-03,136.65,136.65,133.25,135.15,11538
2013-07-04,136.05,137.9,135.0,137.0,23766
2013-07-05,137.1,139.0,136.5,137.1,71472
2013-07-08,136.05,141.8,134.8,139.8,21768
2013-07-09,139.0,144.15,138.6,142.8,39286
2013-07-10,141.2,143.4,140.0,141.2,24624
2013-07-11,142.0,149.95,141.35,148.05,231175
2013-07-12,148.95,149.95,144.1,145.15,23259
2013-07-15,147.0,147.0,145.0,145.7,11182
2013-07-16,145.0,145.45,142.0,143.75,11518
2013-07-17,145.8,145.8,138.6,139.85,31802
2013-07-18,139.85,142.65,139.2,140.25,137807
2013-07-19,140.05,143.9,139.0,142.15,27813
2013-07-22,140.15,142.8,139.0,141.35,9781
2013-07-23,140.2,142.0,138.65,139.8,13885
2013-07-24,139.8,141.0,136.5,138.15,148793
2013-07-25,137.0,137.95,132.9,133.7,13795
2013-07-26,135.4,135.4,130.8,133.1,10241
2013-07-29,133.5,133.5,131.0,132.55,9319
2013-07-30,131.15,132.8,127.25,128.65,51020
2013-07-31,113.95,124.0,113.95,121.6,38355
2013-08-01,123.0,127.8,115.55,117.0,41786
2013-08-02,117.0,118.2,113.55,114.2,40424
2013-08-05,117.0,117.0,111.35,112.2,15064
2013-08-06,112.1,112.1,103.65,105.05,49662
2013-08-07,105.95,107.9,103.0,104.25,24453
2013-08-08,106.95,107.0,103.1,105.5,22988
2013-08-12,109.0,109.0,105.4,108.0,35107
2013-08-13,109.25,116.0,106.45,113.05,43208
2013-08-14,115.0,125.8,113.1,121.4,69264
2013-08-16,121.0,125.0,113.85,115.3,25105
2013-08-19,119.95,119.95,112.0,114.3,13411
2013-08-20,113.05,115.75,107.45,113.9,16984
2013-08-21,116.95,116.95,111.0,112.0,7198
2013-08-22,111.05,124.9,108.4,116.05,71227
2013-08-23,121.65,121.65,110.1,114.45,32988
2013-08-26,114.55,121.05,114.55,119.2,37618
2013-08-27,118.0,119.7,116.35,118.4,12585
2013-08-28,117.0,117.95,113.3,115.1,37023
2013-08-29,117.9,118.7,114.0,114.5,12588
2013-08-30,115.95,115.95,112.25,114.45,19545
2013-09-02,115.0,128.5,112.15,122.4,186594
2013-09-03,120.6,123.5,115.1,116.0,40511
2013-09-04,116.0,121.2,115.0,119.7,35821
2013-09-05,120.25,123.05,118.0,119.15,19410
2013-09-06,119.0,123.45,117.5,119.65,23321
2013-09-10,120.4,133.7,119.55,128.65,86889
2013-09-11,129.5,132.9,128.0,129.55,52183
2013-09-12,129.0,130.45,125.55,126.55,18205
2013-09-13,126.0,131.85,126.0,128.85,19117
2013-09-16,131.45,138.6,131.45,134.15,96293
2013-09-17,134.1,134.6,129.05,130.1,19025
2013-09-18,130.6,131.9,129.6,130.7,11983
2013-09-19,131.15,135.7,131.0,131.5,47300
2013-09-20,133.9,133.9,128.5,128.95,15368
2013-09-23,128.0,129.65,124.4,125.9,22161
2013-09-24,125.0,131.0,123.35,128.3,32213
2013-09-25,127.1,135.0,124.3,130.85,35027
2013-09-26,130.2,133.0,127.15,131.05,18819
2013-09-27,129.3,132.2,125.55,126.8,22325
2013-09-30,125.0,132.0,123.95,129.9,27831
2013-10-01,129.05,131.0,127.2,127.85,18253
2013-10-03,128.9,132.2,127.6,131.55,26389
2013-10-04,131.85,131.9,128.8,130.95,30505
2013-10-07,128.05,135.5,127.5,132.35,31117
2013-10-08,132.35,133.7,130.1,131.9,33136
2013-10-09,129.7,131.3,128.15,130.2,31726
2013-10-10,130.0,131.25,128.55,129.35,19984
2013-10-11,129.1,130.0,127.5,128.25,16432
2013-10-14,128.0,128.65,126.7,127.1,13418
2013-10-15,128.0,132.65,127.4,131.05,34063
2013-10-17,131.9,139.3,129.75,132.65,76645
2013-10-18,133.8,144.5,131.15,140.85,103316
2013-10-21,140.85,143.45,138.1,139.45,49725
2013-10-22,138.1,152.75,138.1,150.1,436156
2013-10-23,149.0,155.5,147.45,153.4,125725
2013-10-24,154.8,155.0,146.75,147.85,102300
2013-10-25,146.7,147.95,140.25,141.45,32000
2013-10-28,143.0,146.45,141.05,143.95,49074
2013-10-29,142.05,145.0,138.25,144.2,72520
2013-10-30,144.95,144.95,140.35,143.0,41326
2013-10-31,143.0,147.0,139.7,144.55,101283
2013-11-01,144.55,149.55,141.3,148.05,124531
2013-11-03,148.0,149.4,144.0,146.65,22077
2013-11-05,145.0,155.0,142.0,151.6,148963
2013-11-06,151.6,153.0,149.0,149.85,65137
2013-11-07,149.9,155.0,148.7,153.85,212961
2013-11-08,152.0,152.85,146.35,148.8,22801
2013-11-11,148.0,151.0,144.5,146.6,74370
2013-11-12,147.0,147.9,142.2,142.8,19192
2013-11-13,142.2,143.95,140.0,140.75,10523
2013-11-14,141.25,143.5,138.25,141.9,23459
2013-11-18,143.0,144.9,142.15,144.1,22029
2013-11-19,144.9,145.8,142.0,142.95,51305
2013-11-20,142.25,153.7,142.0,147.15,225626
2013-11-21,148.85,149.85,142.7,143.05,68103
2013-11-22,144.9,145.05,138.5,139.6,546713
2013-11-25,140.0,141.9,137.0,139.15,22021
2013-11-26,140.75,141.65,132.6,135.0,48139
2013-11-27,136.0,138.85,134.05,135.45,29605
2013-11-28,135.1,139.9,133.75,138.2,86583
2013-11-29,139.35,139.9,135.85,136.9,51010
2013-12-02,137.0,140.9,136.35,139.95,29127
2013-12-03,138.45,142.0,138.1,139.95,35993
2013-12-04,139.55,143.25,139.2,141.5,66085
2013-12-05,140.5,142.75,140.3,141.3,62379
2013-12-06,141.15,143.45,139.0,139.75,127759
2013-12-09,143.4,143.4,137.5,138.0,40110
2013-12-10,139.0,142.5,136.15,141.45,31400
2013-12-11,139.0,144.0,137.2,141.5,34148
2013-12-12,140.1,144.1,138.65,141.2,36612
2013-12-13,140.0,140.4,138.0,138.55,245866
2013-12-16,138.4,139.6,136.55,137.5,14494
2013-12-17,138.55,139.0,136.25,136.8,8380
2013-12-18,137.9,138.4,136.8,137.25,12103
2013-12-19,138.35,138.6,134.4,135.2,21480
2013-12-20,136.55,146.8,136.25,143.25,128850
2013-12-23,142.95,146.5,140.75,141.65,57285
2013-12-24,141.0,142.1,139.8,141.1,18662
2013-12-26,141.1,145.6,140.45,141.25,36460
2013-12-27,141.25,143.3,139.0,142.1,66423
2013-12-30,141.15,142.85,140.05,140.35,8906
2013-12-31,142.5,142.5,139.4,140.85,20843
2014-01-01,141.1,141.8,140.1,140.95,8442
2014-01-02,140.0,142.0,134.5,136.85,27086
2014-01-03,137.0,143.95,134.8,141.7,57704
2014-01-06,141.05,142.0,139.0,139.95,812965
2014-01-07,140.5,141.9,137.05,138.05,86282
2014-01-08,138.0,140.45,137.05,139.75,31818
2014-01-09,141.45,141.45,137.9,139.05,32920
2014-01-10,139.1,139.95,134.1,135.25,29099
2014-01-13,135.5,136.55,133.7,134.75,57848
2014-01-14,135.9,135.9,134.0,134.65,21177
2014-01-15,134.25,136.5,134.25,135.8,19734
2014-01-16,135.1,137.5,134.2,136.6,37504
2014-01-17,136.3,137.45,135.6,136.25,15134
2014-01-20,136.45,137.45,136.0,137.0,9791
2014-01-21,137.25,138.35,137.0,138.05,4907
2014-01-22,138.0,141.0,135.55,139.65,24307
2014-01-23,139.0,139.4,136.6,137.7,13490
2014-01-24,137.85,139.7,137.05,137.95,20738
2014-01-27,137.0,137.0,133.25,134.2,19334
2014-01-28,134.8,134.8,125.75,130.2,77303
2014-01-29,129.25,132.8,128.2,129.55,8310
2014-01-30,129.0,129.7,125.55,126.7,29294
2014-01-31,130.55,132.7,113.85,127.4,190594
2014-02-03,127.2,128.7,122.3,126.05,30983
2014-02-04,123.0,126.55,122.25,125.75,22975
2014-02-05,125.0,127.9,124.1,125.2,33594
2014-02-06,126.4,127.5,124.6,125.95,12478
2014-02-07,124.75,127.35,124.75,126.1,11433
2014-02-10,126.75,126.75,123.5,124.05,8653
2014-02-11,125.1,128.0,123.3,124.4,17864
2014-02-12,124.4,125.5,123.0,123.75,12595
2014-02-13,125.45,127.25,120.4,121.35,35287
2014-02-14,121.95,123.0,119.2,119.75,14362
2014-02-17,119.5,121.85,117.55,120.05,28544
2014-02-18,120.05,122.2,119.55,121.0,12907
2014-02-19,121.5,134.5,121.5,129.8,286994
2014-02-20,129.85,130.9,126.55,128.1,96124
2014-02-21,129.0,129.0,123.3,123.95,35021
2014-02-24,123.5,126.8,123.2,123.4,23876
2014-02-25,123.1,131.35,123.1,127.1,62122
2014-02-26,128.9,129.8,126.05,126.65,15886
2014-02-28,126.9,128.85,126.0,126.35,12174
2014-03-03,126.35,129.0,125.05,125.55,11017
2014-03-04,125.1,126.8,125.1,125.65,11075
2014-03-05,126.65,129.5,125.85,126.15,17740
2014-03-06,128.3,132.9,127.3,131.6,59510
2014-03-07,133.95,136.5,129.15,130.75,109023
2014-03-10,131.3,131.6,128.5,130.2,195047
2014-03-11,130.2,133.95,129.15,130.2,135551
2014-03-12,130.2,133.5,129.8,131.45,158601
2014-03-13,131.4,145.0,130.2,134.4,485160
2014-03-14,133.9,135.75,130.5,131.6,161300
2014-03-18,131.9,134.85,131.6,132.0,47189
2014-03-19,133.5,133.6,130.9,131.2,155820
2014-03-20,130.25,133.65,129.6,131.3,223760
2014-03-21,132.7,132.7,130.0,131.1,190624
2014-03-22,131.75,132.1,130.7,131.65,27193
2014-03-24,132.0,136.0,131.75,132.5,118823
2014-03-25,131.5,133.85,129.75,130.1,107144
2014-03-26,130.5,131.85,127.25,129.9,212843
2014-03-27,129.9,131.9,128.8,129.8,153101
2014-03-28,130.75,135.45,130.0,132.35,78067
2014-03-31,132.1,134.9,132.1,134.05,48435
2014-04-01,134.85,143.0,134.25,141.4,400308
2014-04-02,142.0,148.8,142.0,147.95,312822
2014-04-03,148.0,154.75,144.05,149.75,191022
2014-04-04,150.0,160.65,148.55,157.5,464848
2014-04-07,157.0,162.75,155.3,157.2,349835
2014-04-09,157.95,157.95,155.0,155.65,68053
2014-04-10,156.95,157.0,149.7,154.85,174111
2014-04-11,154.0,157.0,152.1,155.6,132885
2014-04-15,155.0,156.9,153.05,154.3,82249
2014-04-16,153.25,160.6,153.15,157.05,267848
2014-04-17,155.6,167.45,155.1,162.85,509097
2014-04-21,163.0,164.35,159.7,161.45,188212
2014-04-22,161.0,166.05,161.0,163.1,132959
2014-04-23,163.8,166.0,161.8,164.2,250180
2014-04-25,161.25,165.05,158.2,160.3,89899
2014-04-28,162.0,164.85,160.05,161.75,174891
2014-04-29,161.8,163.0,158.65,159.55,62666
2014-04-30,158.7,160.85,149.7,151.75,114892
2014-05-02,150.5,155.1,150.5,152.35,62102
2014-05-05,150.8,158.4,150.8,152.8,250796
2014-05-06,152.8,154.9,150.0,151.75,552603
2014-05-07,150.25,157.9,150.25,153.65,159185
2014-05-08,153.2,155.5,152.5,152.9,33085
2014-05-09,152.7,157.1,151.0,155.0,940868
2014-05-12,155.0,161.35,153.75,158.65,154911
2014-05-13,160.65,163.95,154.5,157.4,167969
2014-05-14,158.0,169.35,158.0,167.45,278728
2014-05-15,166.55,172.0,165.0,170.25,359419
2014-05-16,175.0,178.0,168.0,169.15,439345
2014-05-19,171.85,179.8,170.0,176.85,298078
2014-05-20,176.5,193.0,176.2,186.6,412195
2014-05-21,186.0,191.95,183.1,187.5,216749
2014-05-22,188.5,198.0,188.05,190.0,373516
2014-05-23,189.1,205.0,189.1,203.75,270127
2014-05-26,205.2,208.0,197.1,200.0,413723
2014-05-27,200.0,200.0,193.95,198.45,203615
2014-05-28,197.6,202.5,195.25,200.85,92888
2014-05-29,200.85,203.1,196.25,197.35,68899
2014-05-30,197.0,200.5,186.9,198.3,173982
2014-06-02,195.0,209.2,195.0,204.05,314781
2014-06-03,205.0,210.0,198.0,202.55,468871
2014-06-04,206.0,215.0,205.0,212.0,412261
2014-06-05,212.0,213.7,206.55,211.25,187991
2014-06-06,214.0,222.0,214.0,217.65,676309
2014-06-09,219.9,223.3,212.65,220.0,236727
2014-06-10,220.0,224.8,215.1,223.0,288637
2014-06-11,223.0,223.95,212.0,218.0,137464
2014-06-12,215.3,219.95,213.05,214.05,100738
2014-06-13,216.25,217.95,196.8,208.95,319210
2014-06-16,208.95,209.85,197.7,203.85,115196
2014-06-17,205.2,209.75,203.0,205.95,404560
2014-06-18,207.8,208.0,199.25,203.35,141410
2014-06-19,207.9,209.75,200.8,201.75,129217
2014-06-20,203.0,207.0,202.05,206.0,438871
2014-06-23,206.05,229.85,206.05,215.85,770309
2014-06-24,218.7,223.7,214.6,215.65,322177
2014-06-25,216.2,218.9,209.0,213.45,173946
2014-06-26,214.0,215.35,209.1,209.85,58655
2014-06-27,210.0,213.45,205.1,209.4,140176
2014-06-30,210.9,211.95,206.9,210.0,188035
2014-07-01,209.85,211.0,207.0,207.75,148507
2014-07-02,208.05,211.55,206.1,209.8,182078
2014-07-03,209.0,210.7,206.55,207.25,50571
2014-07-04,207.15,210.4,202.05,204.75,97604
2014-07-07,205.0,208.0,204.0,205.1,129698
2014-07-08,204.4,205.65,195.0,195.95,134916
2014-07-09,195.0,201.9,194.1,200.05,153897
2014-07-10,198.35,206.0,192.1,200.2,126098
2014-07-11,199.1,203.4,188.05,195.1,189107
2014-07-14,193.6,203.9,192.95,196.8,155372
2014-07-15,199.9,201.0,197.0,200.35,94971
2014-07-16,198.6,204.55,198.6,200.25,341158
2014-07-17,199.3,200.95,196.75,197.5,87382
2014-07-18,198.6,200.15,194.5,197.65,99310
2014-07-21,198.05,203.9,198.05,200.2,130512
2014-07-22,199.8,200.85,197.65,198.5,73162
2014-07-23,198.15,199.7,196.55,197.55,74825
2014-07-24,199.0,202.45,196.3,197.7,97536
2014-07-25,197.15,198.35,192.65,196.25,65384
2014-07-28,194.3,197.2,190.5,191.6,46667
2014-07-30,191.9,206.0,191.9,196.4,61264
2014-07-31,192.6,198.0,192.5,194.1,44233
2014-08-01,192.0,198.7,187.15,190.5,142484
2014-08-04,191.0,195.2,190.35,194.45,89823
2014-08-05,194.05,196.4,189.9,192.4,50474
2014-08-06,191.15,193.9,187.0,189.8,85558
2014-08-07,188.0,192.95,187.9,192.15,32401
2014-08-08,191.0,191.0,186.1,187.35,59600
2014-08-11,189.3,191.9,187.55,188.2,18298
2014-08-12,187.3,191.0,185.05,189.8,45034
2014-08-13,188.25,190.0,183.75,188.45,83953
2014-08-14,187.15,192.4,185.55,189.7,32847
2014-08-18,188.5,192.0,187.75,190.25,26575
2014-08-19,189.65,198.8,189.0,197.05,120825
2014-08-20,197.8,205.5,197.0,198.5,596839
2014-08-21,197.5,202.0,193.5,194.65,261923
2014-08-22,195.05,204.0,194.35,200.2,206162
2014-08-25,201.95,205.0,199.0,201.1,149544
2014-08-26,200.0,215.0,197.65,213.45,920445
2014-08-27,217.0,218.8,209.15,212.6,294056
2014-08-28,213.95,214.0,208.0,209.0,70540
2014-09-01,210.5,218.75,210.5,215.25,172492
2014-09-02,215.9,222.5,212.5,218.4,318381
2014-09-03,219.7,221.7,213.05,213.8,101195
2014-09-04,212.05,224.4,211.05,222.7,273604
2014-09-05,223.9,227.0,218.05,223.75,198013
2014-09-08,225.0,226.95,219.5,224.6,98996
2014-09-09,225.95,236.0,219.6,229.25,1373915
2014-09-10,227.75,227.9,221.05,222.65,134480
2014-09-11,223.5,241.7,223.45,238.85,844510
2014-09-12,238.95,242.5,232.55,235.5,283640
2014-09-15,235.0,243.8,230.0,240.65,207875
2014-09-16,240.65,246.9,221.5,234.0,313293
2014-09-17,235.15,236.15,223.5,228.0,98976
2014-09-18,228.0,233.0,225.95,227.8,139382
2014-09-19,228.95,234.75,226.5,229.85,243852
2014-09-22,228.55,237.7,221.6,234.6,139676
2014-09-23,233.4,236.0,225.65,227.75,324121
2014-09-24,228.0,231.0,217.05,226.0,134838
2014-09-25,225.0,230.95,216.55,226.2,483435
2014-09-26,227.0,229.95,216.75,222.1,90433
2014-09-29,221.0,235.5,221.0,234.0,127977
2014-09-30,233.9,240.0,228.1,230.1,117652
2014-10-01,228.15,232.2,223.35,224.95,147012
2014-10-07,229.0,230.05,220.65,222.6,359726
2014-10-08,222.15,223.5,215.0,215.55,78034
2014-10-09,216.35,222.2,216.35,219.2,36274
2014-10-10,217.7,221.0,216.35,217.8,36707
2014-10-13,217.0,224.1,215.55,221.35,106087
2014-10-14,223.6,224.0,217.2,218.3,50731
2014-10-16,219.0,219.75,211.3,212.85,38608
2014-10-17,211.6,214.05,208.1,211.35,52534
2014-10-20,213.0,222.0,209.0,210.95,632640
2014-10-21,211.0,217.65,210.95,213.8,44738
2014-10-22,216.0,218.0,213.0,214.65,96492
2014-10-23,218.0,218.95,215.95,218.5,19103
2014-10-27,221.6,227.8,220.0,220.6,250067
2014-10-28,222.0,224.9,215.55,217.9,144043
2014-10-29,217.9,221.35,213.6,215.25,74496
2014-10-30,216.3,221.5,215.6,218.85,765504
2014-10-31,221.0,222.95,216.2,219.6,187981
2014-11-03,219.6,221.95,218.0,218.75,61418
2014-11-05,219.55,221.5,217.1,219.2,203880
2014-11-07,232.0,232.95,219.25,220.65,330071
2014-11-10,223.9,223.9,218.0,221.7,89027
2014-11-11,222.6,239.7,220.0,237.7,552539
2014-11-12,239.95,242.4,230.55,232.85,230148
2014-11-13,235.8,247.8,228.1,234.05,465449
2014-11-14,234.05,240.95,233.0,235.6,112556
2014-11-17,237.5,244.8,234.1,238.1,195089
2014-11-18,240.1,244.7,232.3,233.85,324188
2014-11-19,235.95,237.3,221.6,224.7,177507
2014-11-20,225.55,230.3,222.65,228.25,122108
2014-11-21,226.35,231.7,225.5,227.7,135654
2014-11-24,225.65,229.0,221.7,223.75,92831
2014-11-25,221.7,224.2,215.1,219.75,123774
2014-11-26,222.95,223.95,218.15,222.8,52568
2014-11-27,222.1,224.3,217.15,217.8,56839
2014-11-28,219.0,221.55,213.3,215.15,64870
2014-12-01,217.0,217.1,210.55,212.6,63899
2014-12-02,212.05,214.95,211.0,211.85,71530
2014-12-03,213.0,214.0,211.2,211.8,63982
2014-12-04,212.0,219.6,207.25,217.95,111857
2014-12-05,216.75,223.7,213.1,214.1,142417
2014-12-08,214.0,218.0,208.65,210.1,186735
2014-12-09,212.0,213.0,205.5,206.8,64342
2014-12-10,207.85,213.0,205.5,208.7,122757
2014-12-11,214.0,218.45,205.55,206.45,179296
2014-12-12,207.5,208.8,201.0,202.3,574655
2014-12-15,202.0,204.0,196.3,200.5,78076
2014-12-16,198.55,202.0,195.0,197.0,91234
2014-12-17,198.0,199.8,188.35,193.6,90583
2014-12-18,195.0,203.0,195.0,199.3,106327
2014-12-19,201.0,205.0,199.1,200.45,57700
2014-12-22,197.1,207.6,197.1,199.65,52314
2014-12-23,199.7,202.4,196.35,198.55,40463
2014-12-24,197.15,199.8,196.0,197.5,27928
2014-12-26,196.35,198.8,195.55,196.85,25235
2014-12-29,197.4,200.45,197.4,198.55,32295
2014-12-30,199.0,200.75,197.0,198.1,47248
2014-12-31,199.95,203.0,198.1,201.75,103339
2015-01-01,200.7,203.75,198.1,199.05,44507
2015-01-02,200.95,202.5,198.65,199.5,68549
2015-01-05,199.5,203.35,197.6,198.5,81991
2015-01-06,198.5,198.5,191.75,192.8,75112
2015-01-07,195.3,195.5,185.55,190.7,76953
2015-01-08,193.0,193.0,190.9,191.7,53111
2015-01-09,193.1,193.7,186.6,187.8,44352
2015-01-12,189.0,190.25,184.05,188.3,123083
2015-01-13,187.4,194.9,185.5,186.5,114001
2015-01-14,186.6,190.0,184.05,184.8,43152
2015-01-15,186.25,189.95,185.6,187.6,48198
2015-01-16,187.6,192.8,186.0,190.35,54548
2015-01-19,191.15,192.95,188.5,189.7,43221
2015-01-20,189.6,194.45,188.2,189.85,79305
2015-01-21,191.95,194.0,189.05,189.9,36301
2015-01-22,190.65,194.5,189.65,191.8,68526
2015-01-23,191.6,194.9,186.25,187.65,66119
2015-01-27,187.7,194.95,185.55,193.65,58696
2015-01-28,194.5,195.45,188.5,189.65,64634
2015-01-29,189.7,190.7,188.05,190.25,35862
2015-01-30,190.0,204.45,186.55,192.9,140529
2015-02-02,188.25,189.9,181.65,186.45,122609
2015-02-03,187.05,189.5,181.65,183.65,41836
2015-02-04,185.1,185.45,178.55,179.85,63559
2015-02-05,180.55,181.2,171.3,172.65,49286
2015-02-06,173.05,174.85,168.0,169.2,34903
2015-02-09,172.5,179.3,166.0,176.3,86435
2015-02-10,175.15,188.65,169.0,185.75,128268
2015-02-11,185.7,188.45,180.5,185.05,27832
2015-02-12,184.05,184.05,179.0,181.25,46231
2015-02-13,181.4,184.7,179.5,181.35,30757
2015-02-16,182.45,183.7,174.25,175.15,121104
2015-02-18,175.15,185.5,175.15,182.55,80608
2015-02-19,184.1,184.1,178.2,180.5,26897
2015-02-20,185.0,186.7,179.95,180.85,45215
2015-02-23,180.85,183.0,176.55,178.6,34249
2015-02-24,179.0,179.95,174.45,175.65,37265
2015-02-25,178.0,180.9,174.5,176.7,59089
2015-02-26,175.05,179.0,175.0,177.2,29196
2015-02-27,176.35,183.0,175.1,177.95,370799
2015-02-28,178.2,181.95,175.1,176.05,41360
2015-03-02,178.0,179.0,174.65,175.6,88288
2015-03-03,177.4,181.45,176.05,179.6,106608
2015-03-04,180.85,182.5,175.85,176.25,274030
2015-03-05,177.0,182.0,170.1,179.55,154443
2015-03-09,179.0,180.85,176.5,178.05,140941
2015-03-10,176.2,180.25,176.2,179.05,262302
2015-03-11,178.05,180.7,176.0,176.95,82324
2015-03-12,177.15,192.8,177.15,184.4,376687
2015-03-13,185.75,186.15,178.0,179.55,75805
2015-03-16,179.6,182.5,176.6,178.9,46117
2015-03-17,178.4,180.5,176.6,177.0,142276
2015-03-18,177.3,180.0,176.3,178.3,107581
2015-03-19,179.95,187.8,177.6,183.4,611966
2015-03-20,184.0,184.0,172.0,173.3,123316
2015-03-23,172.0,175.45,163.25,164.95,176339
2015-03-24,164.9,167.0,160.2,163.9,136892
2015-03-25,165.25,166.0,161.5,163.45,66071
2015-03-26,161.5,165.75,160.0,162.75,56590
2015-03-27,162.9,170.0,161.7,167.6,86424
2015-03-30,174.9,174.95,165.1,169.3,75967
2015-03-31,169.3,177.7,168.4,175.15,442942
2015-04-01,174.05,175.8,168.65,171.2,56813
2015-04-06,171.2,175.4,171.2,171.95,28323
2015-04-07,172.25,173.95,166.65,169.85,63916
2015-04-08,172.9,177.3,172.25,172.9,39088
2015-04-09,172.75,174.85,172.1,172.9,532753
2015-04-10,172.05,175.85,171.0,172.55,69789
2015-04-13,173.75,174.2,169.35,170.15,58190
2015-04-15,170.3,173.45,170.3,171.5,28037
2015-04-16,171.15,174.3,169.1,170.0,82367
2015-04-17,172.0,173.45,169.5,171.95,37897
2015-04-20,171.95,173.8,167.65,168.6,30715
2015-04-21,170.9,172.0,165.1,167.15,87740
2015-04-22,167.9,169.45,163.0,164.3,211489
2015-04-23,165.6,169.8,164.75,167.85,34059
2015-04-24,168.5,169.0,158.2,160.7,29383
2015-04-27,163.0,164.0,155.1,159.85,47696
2015-04-28,159.9,161.6,156.1,160.0,1118752
2015-04-29,161.15,169.65,160.25,163.55,1102378
2015-04-30,167.45,172.0,162.8,163.45,92106
2015-05-04,164.95,171.65,164.3,169.75,62602
2015-05-05,169.75,169.75,164.8,165.5,25019
2015-05-06,165.6,167.05,158.7,160.15,22529
2015-05-07,160.2,164.4,155.0,156.7,127621
2015-05-08,159.9,163.7,158.95,159.5,40507
2015-05-11,160.2,166.45,160.2,163.8,47291
2015-05-12,164.7,164.7,160.65,162.35,22433
2015-05-13,162.6,163.35,160.0,160.95,29422
2015-05-14,161.3,162.55,157.3,159.25,41017
2015-05-15,161.95,166.0,159.65,161.95,41538
2015-05-18,160.05,165.9,160.05,163.6,17253
2015-05-19,164.0,164.0,161.2,163.0,10858
2015-05-20,163.0,164.0,158.4,159.6,43948
2015-05-21,161.85,161.85,158.0,158.5,24486
2015-05-22,157.2,159.8,156.55,158.25,36993
2015-05-25,160.1,161.0,157.4,158.85,23700
2015-05-26,161.0,161.0,156.7,157.15,20669
2015-05-27,156.9,160.45,156.05,159.05,20795
2015-05-28,158.0,160.5,156.0,157.35,13733
2015-05-29,158.05,163.0,157.25,162.1,31718
2015-06-01,164.95,165.85,162.15,162.65,29713
2015-06-02,162.95,163.75,157.3,158.4,24612
2015-06-03,158.8,160.5,152.3,155.7,79380
2015-06-04,158.0,160.3,153.1,157.0,36900
2015-06-05,159.95,161.05,155.3,156.65,109802
2015-06-08,159.35,159.35,148.1,152.55,117044
2015-06-09,153.8,155.0,150.6,151.6,37663
2015-06-10,153.9,165.0,148.1,160.25,325448
2015-06-11,161.9,161.9,152.2,152.75,69065
2015-06-12,152.8,160.75,152.2,152.8,71661
2015-06-15,154.45,155.0,152.15,152.6,27035
2015-06-16,152.8,153.0,147.25,148.9,96629
2015-06-17,150.0,150.3,145.5,146.8,110210
2015-06-18,147.8,149.9,145.75,147.0,175066
2015-06-19,148.1,148.1,144.05,144.9,47350
2015-06-22,145.15,146.55,142.75,144.65,84808
2015-06-23,145.8,147.0,143.5,143.9,226579
2015-06-24,145.1,145.8,143.0,143.55,44976
2015-06-25,143.25,143.95,141.1,141.95,133075
2015-06-26,142.65,149.7,142.05,143.1,1075109
2015-06-29,143.1,143.1,139.0,140.3,53629
2015-06-30,140.8,142.05,139.9,140.95,34111
2015-07-01,141.2,146.0,139.6,143.75,111161
2015-07-02,144.85,147.45,142.55,143.4,131968
2015-07-03,144.85,151.25,143.5,145.1,177281
2015-07-06,145.0,151.0,142.1,149.75,178864
2015-07-07,151.95,153.7,148.55,150.15,195362
2015-07-08,149.8,150.1,148.0,148.45,42986
2015-07-09,149.85,150.35,146.0,146.75,44768
2015-07-10,147.15,149.9,143.5,144.85,69264
2015-07-13,145.15,147.5,144.65,146.55,68027
2015-07-14,146.55,152.7,144.95,149.45,865235
2015-07-15,151.0,152.95,148.0,148.4,228885
2015-07-16,148.7,159.0,148.4,157.95,659110
2015-07-17,158.65,161.0,152.0,152.8,197787
2015-07-20,154.95,155.1,149.5,153.15,188420
2015-07-21,158.7,159.5,151.55,151.85,278018
2015-07-22,151.7,154.45,151.55,153.75,110859
2015-07-23,154.95,155.0,152.5,153.9,332533
2015-07-24,154.7,155.5,150.45,151.05,132719
2015-07-27,151.2,151.2,146.4,147.05,101534
2015-07-28,147.2,148.4,143.2,144.75,47074
2015-07-29,145.05,146.3,142.55,143.15,48297
2015-07-30,145.85,150.0,143.0,149.15,108771
2015-07-31,152.0,152.0,147.0,148.2,79448
2015-08-03,149.7,153.9,143.15,151.55,203600
2015-08-04,151.4,151.4,147.0,148.8,160219
2015-08-05,143.5,151.7,142.0,147.05,619129
2015-08-06,147.05,150.0,145.1,148.05,219229
2015-08-07,147.3,149.5,145.0,146.7,145492
2015-08-10,146.35,149.5,146.0,148.5,127835
2015-08-11,149.0,149.65,146.6,147.2,183378
2015-08-12,146.7,149.4,144.6,145.1,87549
2015-08-13,146.6,150.55,145.45,145.95,130402
2015-08-14,145.1,146.95,143.45,146.15,71501
2015-08-17,146.5,146.5,144.4,145.1,78862
2015-08-18,145.1,146.0,143.0,144.0,80225
2015-08-19,143.1,144.2,140.0,142.65,68404
2015-08-20,141.5,142.9,140.05,141.65,58141
2015-08-21,141.0,141.0,137.1,137.9,56929
2015-08-24,135.9,137.5,130.2,132.85,406407
2015-08-25,130.0,134.4,128.0,133.05,108255
2015-08-26,135.0,140.4,129.05,138.6,99027
2015-08-27,139.5,139.5,136.05,136.9,20966
2015-08-28,139.5,140.5,136.2,138.25,26481
2015-08-31,135.5,140.0,132.1,133.45,66075
2015-09-01,132.1,135.0,128.0,128.9,54671
2015-09-02,128.65,136.4,127.8,132.3,70868
2015-09-03,132.3,133.95,129.5,130.3,76959
2015-09-04,130.0,130.15,127.0,129.1,27558
2015-09-07,128.95,132.6,127.25,127.9,29067
2015-09-08,129.0,129.0,123.5,126.05,23864
2015-09-09,127.0,128.95,126.0,127.0,30487
2015-09-10,126.5,129.3,126.0,126.9,20411
2015-09-11,128.95,129.9,127.0,128.5,14086
2015-09-14,128.0,129.5,127.55,127.65,12956
2015-09-15,127.5,129.5,127.5,127.7,21929
2015-09-16,128.0,129.0,127.1,127.45,17555
2015-09-18,129.0,140.0,127.2,132.75,150150
2015-09-21,130.9,137.3,129.95,135.6,39365
2015-09-22,135.0,138.5,134.0,136.1,25746
2015-09-23,137.3,137.3,131.5,132.8,20771
2015-09-24,133.5,134.95,130.75,131.75,12768
2015-09-28,133.5,140.0,131.5,134.35,392981
2015-09-29,134.95,135.0,129.5,132.25,28741
2015-09-30,134.95,134.95,130.8,131.3,201286
2015-10-01,131.6,136.7,130.5,131.0,108849
2015-10-05,132.45,133.65,131.7,132.45,62305
2015-10-06,132.5,137.8,132.1,136.85,875673
2015-10-07,138.1,143.5,137.5,140.2,1141086
2015-10-08,140.9,148.4,140.25,145.0,2071443
2015-10-09,147.3,154.95,146.55,152.95,1167501
2015-10-12,157.0,157.5,150.0,151.2,617409
2015-10-13,151.5,162.9,151.5,160.15,1113057
2015-10-14,161.0,168.0,158.3,159.05,602721
2015-10-15,161.0,165.4,158.75,163.0,458279
2015-10-16,164.25,164.25,159.0,160.85,231342
2015-10-19,161.6,173.8,161.0,172.35,946041
2015-10-20,174.2,189.2,172.35,179.85,1419496
2015-10-21,180.6,182.5,173.9,175.35,598632
2015-10-23,176.9,180.6,172.1,175.95,399749
2015-10-26,176.0,184.5,175.05,178.7,621896
2015-10-27,177.8,178.95,173.6,177.3,170801
2015-10-28,177.2,178.8,175.1,176.2,102228
2015-10-29,176.2,182.0,175.75,176.45,203432
2015-10-30,176.65,179.75,172.2,173.75,154978
2015-11-02,173.8,178.9,171.1,176.2,129474
2015-11-03,177.6,187.65,177.2,186.25,606228
2015-11-04,189.0,190.0,182.0,183.05,328115
2015-11-05,182.8,182.85,171.6,172.4,124012
2015-11-06,172.3,174.8,167.4,169.55,131996
2015-11-09,165.0,177.5,163.5,174.75,192072
2015-11-10,174.5,174.6,167.3,168.5,90635
2015-11-11,168.0,178.25,168.0,176.8,93102
2015-11-13,176.05,183.25,172.65,181.7,296947
2015-11-16,179.0,194.4,174.0,191.0,1126428
2015-11-17,193.5,211.5,193.5,209.0,2707116
2015-11-18,210.8,214.0,193.55,201.7,2062013
2015-11-19,200.4,201.5,192.3,195.0,596265
2015-11-20,193.5,201.6,189.95,193.7,585885
2015-11-23,191.2,197.0,191.2,193.6,278896
2015-11-24,193.5,200.45,192.2,194.8,454363
2015-11-26,195.45,196.65,191.0,191.9,223822
2015-11-27,191.9,195.0,187.05,190.2,226184
2015-11-30,191.05,193.4,183.55,185.7,294690
2015-12-01,185.2,189.65,185.0,186.55,180280
2015-12-02,186.95,194.75,186.3,191.8,426557
2015-12-03,192.0,194.9,186.25,188.15,207581
2015-12-04,188.35,191.9,182.6,184.35,195168
2015-12-07,186.15,187.5,183.5,185.3,90352
2015-12-08,185.7,192.0,181.6,183.0,241310
2015-12-09,183.35,186.2,173.5,175.1,144382
2015-12-10,173.25,178.75,172.55,175.5,128250
2015-12-11,174.65,178.3,171.5,173.8,135027
2015-12-14,173.5,179.4,171.55,174.0,294357
2015-12-15,174.0,187.0,174.0,185.05,359649
2015-12-16,185.05,190.0,180.0,181.6,468367
2015-12-17,183.0,191.6,183.0,189.95,453711
2015-12-18,189.3,192.0,186.25,189.95,176757
2015-12-21,190.5,194.9,188.0,193.65,130561
2015-12-22,194.9,201.5,190.5,197.55,355969
2015-12-23,200.0,203.9,193.2,193.9,281444
2015-12-24,195.7,197.7,192.5,195.1,147638
2015-12-28,195.9,199.4,192.0,192.7,165788
2015-12-29,193.0,200.95,193.0,194.25,301710
2015-12-30,195.0,200.9,195.0,197.05,812519
2015-12-31,198.4,200.5,196.15,198.45,167575
2016-01-01,197.35,206.2,197.35,202.1,338324
2016-01-04,200.0,206.7,197.0,201.55,745802
2016-01-05,201.9,204.0,195.2,196.3,417043
2016-01-06,196.95,202.5,191.25,192.35,750541
2016-01-07,191.0,191.4,183.7,186.45,311236
2016-01-08,187.5,204.35,187.5,203.2,1257684
2016-01-11,200.0,205.95,194.5,200.8,607414
2016-01-12,202.5,203.9,190.25,191.65,394323
2016-01-13,193.25,196.7,180.6,192.1,402151
2016-01-14,188.9,193.0,185.1,187.5,231749
2016-01-15,189.0,192.4,179.0,179.9,206960
2016-01-18,178.15,181.6,173.6,175.5,206149
2016-01-19,177.0,186.9,172.85,183.85,278090
2016-01-20,181.5,187.75,176.25,178.7,347690
2016-01-21,181.55,183.9,171.65,174.45,138408
2016-01-22,175.3,183.4,175.3,182.0,232333
2016-01-25,183.55,185.5,177.1,177.9,251528
2016-01-27,179.4,185.0,176.0,184.05,193686
2016-01-28,184.0,185.7,180.35,184.45,81680
2016-01-29,185.6,186.9,182.1,183.8,213520
2016-02-01,183.8,188.5,182.2,184.1,243801
2016-02-02,184.5,190.0,176.4,177.95,233581
2016-02-03,175.5,176.95,171.0,172.3,124901
2016-02-04,174.2,175.8,166.3,167.6,206007
2016-02-05,167.8,172.8,167.0,170.15,161115
2016-02-08,171.0,173.4,169.1,170.0,144053
2016-02-09,167.5,172.75,166.0,171.55,163329
2016-02-10,170.0,171.95,166.4,167.1,110545
2016-02-11,167.0,168.2,157.0,158.7,154020
2016-02-12,163.5,163.5,147.8,155.05,188873
2016-02-15,157.6,174.4,157.6,171.25,222635
2016-02-16,171.75,176.8,167.65,168.6,97106
2016-02-17,168.05,168.95,163.1,165.0,186936
2016-02-18,166.75,170.9,164.2,164.8,63111
2016-02-19,165.0,166.7,158.6,159.85,171663
2016-02-22,159.35,164.8,158.4,163.05,89896
2016-02-23,163.0,164.45,158.0,159.85,371338
2016-02-24,159.5,165.95,159.5,162.5,120550
2016-02-25,163.95,173.9,162.1,171.15,421598
2016-02-26,172.0,172.0,166.65,168.1,89728
2016-02-29,167.0,172.0,164.25,168.8,69965
2016-03-01,168.0,175.1,168.0,173.75,75516
2016-03-02,174.0,180.0,174.0,175.85,90878
2016-03-03,177.0,186.0,176.25,184.95,313048
2016-03-04,186.8,194.4,183.0,191.6,438708
2016-03-08,190.5,202.35,187.2,196.95,471502
2016-03-09,195.2,200.0,192.35,198.9,230845
2016-03-10,199.95,199.95,191.1,192.55,159979
2016-03-11,192.1,195.75,190.15,191.7,91797
2016-03-14,193.45,195.8,188.3,190.4,164883
2016-03-15,192.1,203.7,191.3,202.0,915750
2016-03-16,203.9,211.45,200.1,201.8,1324045
2016-03-17,203.0,203.7,193.0,194.55,306036
2016-03-18,195.5,201.9,191.0,195.05,433785
2016-03-21,194.95,208.7,193.15,206.85,957502
2016-03-22,208.95,209.4,202.2,205.8,446800
2016-03-23,206.95,212.95,206.1,207.45,689208
2016-03-28,208.7,209.7,200.1,203.25,257953
2016-03-29,203.7,205.5,197.0,199.25,306015
2016-03-30,201.0,218.0,201.0,215.5,1412706
2016-03-31,215.8,221.5,212.2,217.7,913456
2016-04-01,216.9,220.5,214.7,219.15,489837
2016-04-04,219.15,220.4,214.0,217.1,284502
2016-04-05,215.1,218.25,210.0,211.15,297582
2016-04-06,212.0,225.0,212.0,222.6,1070371
2016-04-07,224.0,224.0,216.5,218.1,232986
2016-04-08,217.25,221.4,216.5,218.2,179913
2016-04-11,218.2,219.5,212.4,218.0,236362
2016-04-12,216.45,231.0,216.45,227.0,611400
2016-04-13,228.0,233.9,224.4,227.65,343701
2016-04-18,227.9,239.2,226.5,238.25,604765
2016-04-20,238.65,241.9,228.5,229.9,411156
2016-04-21,231.4,232.75,225.5,229.65,193036
2016-04-22,228.0,233.8,227.0,229.5,186234
2016-04-25,228.85,234.3,228.1,231.6,136898
2016-04-26,230.45,233.15,228.25,229.55,457760
2016-04-27,229.0,232.7,229.0,230.7,125161
2016-04-28,230.4,230.85,221.6,223.8,352324
2016-04-29,223.85,230.0,222.5,229.15,123910
2016-05-02,228.5,230.0,224.0,227.35,138780
2016-05-03,229.0,230.0,224.1,224.6,129005
2016-05-04,225.0,225.9,221.0,221.75,111543
2016-05-05,221.75,229.3,218.2,221.1,534651
2016-05-06,219.0,224.7,218.9,222.45,230154
2016-05-09,223.95,231.0,220.55,230.1,331100
2016-05-10,230.1,239.0,228.0,234.5,1148313
2016-05-11,232.9,237.0,226.0,234.25,743226
2016-05-12,235.8,237.5,227.2,228.55,297168
2016-05-13,229.0,232.7,226.1,228.35,174314
2016-05-16,229.1,238.75,226.2,235.05,352200
2016-05-17,235.2,242.2,233.05,238.5,452536
2016-05-18,238.3,247.9,236.85,240.55,744995
2016-05-19,240.5,254.7,238.6,244.2,534181
2016-05-20,242.0,244.0,235.0,237.25,167628
2016-05-23,238.75,244.8,232.5,233.85,128595
2016-05-24,233.0,236.5,227.25,231.65,139153
2016-05-25,233.0,236.3,232.4,234.95,109430
2016-05-26,236.0,237.8,230.25,233.0,250451
2016-05-27,233.8,235.6,230.1,230.8,157627
2016-05-30,230.95,233.4,221.25,224.65,222888
2016-05-31,224.0,236.45,222.9,234.55,569911
2016-06-01,238.1,243.9,236.3,239.5,435381
2016-06-02,239.5,244.75,235.95,241.5,190082
2016-06-03,241.6,251.5,239.6,242.05,374547
2016-06-06,243.7,254.95,242.0,248.0,764929
2016-06-07,248.9,254.45,246.1,249.55,314645
2016-06-08,249.25,256.65,246.75,250.3,432409
2016-06-09,251.05,253.05,243.5,245.6,314177
2016-06-10,245.0,252.8,243.0,248.2,451745
2016-06-13,245.0,258.5,244.15,245.75,981288
2016-06-14,246.0,249.9,241.3,243.5,346783
2016-06-15,245.0,250.6,243.0,243.8,303869
2016-06-16,243.9,249.0,234.0,238.35,563847
2016-06-17,237.1,241.2,232.0,233.5,274350
2016-06-20,230.35,237.75,230.1,232.8,191919
2016-06-21,231.4,237.45,231.4,232.85,171283
2016-06-22,233.75,234.7,226.55,228.45,250946
2016-06-23,228.45,231.15,225.2,229.6,253890
2016-06-24,224.0,234.5,217.55,232.7,417746
2016-06-27,229.5,248.7,229.05,244.0,655544
2016-06-28,246.25,248.8,240.15,242.6,336031
2016-06-29,244.0,248.7,242.2,244.0,251307
2016-06-30,247.55,255.5,247.55,253.6,499166
2016-07-01,254.65,268.0,254.65,261.45,835669
2016-07-04,264.0,264.0,248.5,250.45,356956
2016-07-05,250.5,251.9,235.2,238.7,618952
2016-07-07,238.7,249.6,237.65,245.15,580547
2016-07-08,246.0,247.8,241.0,246.15,209941
2016-07-11,249.35,249.35,241.1,242.65,172125
2016-07-12,242.75,246.5,238.0,239.4,198325
2016-07-13,239.8,241.6,235.05,236.25,141693
2016-07-14,237.65,244.0,235.1,241.1,129454
2016-07-15,241.2,243.0,239.25,241.15,75689
2016-07-18,238.0,242.85,237.5,238.35,151004
2016-07-19,238.35,240.5,234.4,237.5,170364
2016-07-20,238.5,242.2,236.55,240.4,132030
2016-07-21,241.2,242.3,234.0,234.75,181461
2016-07-22,234.0,236.0,230.45,232.0,158895
2016-07-25,233.4,240.0,231.15,238.95,183071
2016-07-26,238.95,246.0,237.25,242.8,191013
2016-07-27,243.0,250.9,242.95,247.9,223862
2016-07-28,248.1,251.0,246.15,248.2,101552
2016-07-29,248.25,263.0,248.25,259.7,638839
2016-08-01,260.8,267.0,257.9,260.3,327710
2016-08-02,261.1,264.8,249.85,253.4,217701
2016-08-03,253.45,269.4,250.0,262.15,377410
2016-08-04,262.1,263.9,255.55,259.4,153870
2016-08-05,261.0,270.8,255.6,258.1,1173573
2016-08-08,260.0,260.0,249.0,250.4,203574
2016-08-09,249.95,250.95,240.55,245.95,260609
2016-08-10,249.0,257.3,240.5,255.55,327275
2016-08-11,254.5,259.0,253.0,255.85,108678
2016-08-12,259.25,259.75,252.25,254.5,122298
2016-08-16,254.5,254.5,246.0,248.65,62529
2016-08-17,248.65,252.0,245.05,249.75,123785
2016-08-18,247.1,261.0,247.1,257.1,240869
2016-08-19,256.9,260.9,255.8,257.75,126144
2016-08-22,257.2,259.0,250.15,251.65,97066
2016-08-23,251.4,256.0,249.05,253.75,112575
2016-08-24,252.8,256.75,251.6,253.9,95581
2016-08-25,253.85,258.25,249.0,250.75,127927
2016-08-26,251.0,253.0,246.0,248.25,189237
2016-08-29,248.25,252.0,246.3,250.75,55242
2016-08-30,252.0,254.2,250.55,253.3,56687
2016-08-31,252.95,260.0,251.15,253.4,126640
2016-09-01,253.0,257.6,246.55,248.05,183561
2016-09-02,248.05,251.9,234.55,235.95,406657
2016-09-06,236.85,248.0,234.0,243.0,264805
2016-09-07,243.35,246.0,240.1,241.15,140816
2016-09-08,241.0,247.3,240.4,245.2,169262
2016-09-09,243.0,253.1,241.1,242.85,434380
2016-09-12,238.7,243.0,238.7,240.95,119785
2016-09-14,239.0,243.9,239.0,242.05,167059
2016-09-15,240.2,244.5,240.15,241.15,72602
2016-09-16,241.55,249.0,241.15,244.9,270299
2016-09-19,245.5,255.4,245.5,249.95,601161
2016-09-20,252.0,255.1,247.8,250.3,264620
2016-09-21,250.1,252.4,248.2,249.75,106647
2016-09-22,250.75,259.95,245.1,255.8,425633
2016-09-23,258.0,259.0,249.8,250.8,152006
2016-09-26,249.0,252.0,245.05,246.25,117367
2016-09-27,248.0,249.9,242.5,244.05,170188
2016-09-28,244.45,245.5,242.5,244.15,143218
2016-09-29,245.1,250.2,235.8,241.35,432878
2016-09-30,238.0,249.9,238.0,246.5,174538
2016-10-03,244.1,256.4,244.1,253.25,215122
2016-10-04,253.4,267.95,253.4,266.2,538213
2016-10-05,268.0,271.9,262.0,267.2,359149
2016-10-06,268.1,274.9,261.7,264.9,320762
2016-10-07,265.0,277.9,261.55,269.8,639234
2016-10-10,271.0,278.35,266.5,273.7,255674
2016-10-13,272.75,273.4,255.0,259.25,321971
2016-10-14,261.0,263.5,254.65,258.2,313286
2016-10-17,258.45,262.05,255.0,255.8,318759
2016-10-18,258.0,262.35,256.5,258.9,97074
2016-10-19,259.6,264.0,251.0,251.8,351531
2016-10-20,255.5,265.7,254.6,260.05,359059
2016-10-21,261.9,262.45,254.35,255.65,228685
2016-10-24,256.0,260.35,256.0,257.75,158137
2016-10-25,258.6,261.5,255.45,258.65,101463
2016-10-26,255.05,262.0,255.0,256.75,191232
2016-10-27,255.15,262.35,255.15,259.75,201800
2016-10-28,262.0,269.9,259.55,268.75,439895
2016-10-30,269.85,272.45,268.25,269.95,105770
2016-11-01,272.85,272.95,263.05,265.2,442774
2016-11-02,262.05,264.0,260.0,260.05,187882
2016-11-03,258.05,263.2,252.5,254.4,122009
2016-11-04,253.4,261.1,248.1,259.45,190972
2016-11-07,262.45,269.9,257.0,259.05,242454
2016-11-08,272.9,274.9,260.0,261.7,899486
2016-11-09,235.0,258.95,220.0,253.6,666862
2016-11-10,257.85,274.1,257.85,269.45,552450
2016-11-11,265.95,267.45,253.75,255.3,246155
2016-11-15,255.8,258.0,242.15,247.2,144762
2016-11-16,250.3,257.75,245.65,250.85,230016
2016-11-17,250.95,254.45,243.65,245.6,143712
2016-11-18,247.85,253.5,240.0,247.65,263445
2016-11-21,247.7,250.85,231.25,232.85,168359
2016-11-22,235.5,242.0,235.1,241.1,103967
2016-11-23,242.7,250.75,240.0,246.6,157034
2016-11-24,243.1,249.1,242.9,247.45,54768
2016-11-25,246.0,253.2,246.0,249.75,85401
2016-11-28,249.0,250.0,244.5,245.45,77653
2016-11-29,249.0,253.9,247.1,249.25,160176
2016-11-30,249.65,251.65,247.15,247.8,58580
2016-12-01,248.45,249.65,243.0,243.25,122602
2016-12-02,242.75,245.8,240.3,243.05,47364
2016-12-05,243.0,248.4,241.5,245.8,52990
2016-12-06,246.4,250.0,246.0,246.9,54942
2016-12-07,247.45,250.0,243.0,243.85,58643
2016-12-08,245.1,250.2,242.6,248.65,146913
2016-12-09,249.0,256.8,249.0,255.0,112945
2016-12-12,254.8,261.5,251.8,258.75,161565
2016-12-13,260.0,265.5,259.0,261.15,248892
2016-12-14,260.0,262.65,257.0,260.05,167359
2016-12-15,258.0,262.55,255.0,257.05,71200
2016-12-16,257.1,272.9,256.5,265.35,728498
2016-12-19,264.35,264.35,255.0,255.85,116644
2016-12-20,255.85,257.35,249.0,250.75,75416
2016-12-21,251.25,255.15,247.75,249.0,70870
2016-12-22,248.0,251.45,243.5,245.35,62413
2016-12-23,243.0,251.6,240.55,243.65,214547
2016-12-26,243.2,245.75,238.1,243.15,190281
2016-12-27,245.65,247.0,243.65,245.15,92085
2016-12-28,245.65,251.25,245.65,247.35,101308
2016-12-29,246.65,250.5,246.5,248.35,48898
2016-12-30,249.05,258.3,249.05,255.2,167639
2017-01-02,255.5,266.2,253.3,264.55,248051
2017-01-03,261.05,272.9,261.05,267.75,414834
2017-01-04,268.9,271.9,264.0,265.2,140057
2017-01-05,269.5,282.75,265.5,278.95,583585
2017-01-06,282.0,289.25,278.5,280.9,756806
2017-01-09,281.9,287.5,280.25,283.2,305615
2017-01-10,285.0,292.0,284.9,285.95,446733
2017-01-11,287.0,290.0,278.65,282.15,265433
2017-01-12,283.1,285.0,276.6,280.2,192897
2017-01-13,282.0,285.0,277.95,280.4,285522
2017-01-16,281.85,286.5,276.1,281.55,160088
2017-01-17,280.5,283.4,278.0,279.55,63653
2017-01-18,280.0,282.4,277.1,278.1,115742
2017-01-19,278.1,282.0,276.75,278.05,95714
2017-01-20,278.0,285.0,275.0,282.2,273878
2017-01-23,282.6,288.0,282.05,282.8,139767
2017-01-24,283.95,297.95,282.95,294.0,661223
2017-01-25,295.0,300.05,293.0,297.6,564293
2017-01-27,296.8,300.0,291.55,293.35,187928
2017-01-30,292.8,293.95,285.9,288.3,126808
2017-01-31,288.0,288.55,280.7,282.05,212561
2017-02-01,282.25,292.0,279.0,290.15,137013
2017-02-02,288.7,294.7,286.0,292.15,207697
2017-02-03,290.9,295.5,288.25,289.5,228410
2017-02-06,290.95,293.6,288.05,292.2,230938
2017-02-07,296.7,309.75,290.5,295.55,1691240
2017-02-08,296.95,305.0,292.0,293.85,210695
2017-02-09,295.8,297.75,286.0,286.8,230851
2017-02-10,287.5,294.5,282.5,290.75,310481
2017-02-13,290.95,292.35,282.9,284.75,148585
2017-02-14,284.5,288.0,284.0,286.2,128611
2017-02-15,286.85,288.0,280.55,282.7,143220
2017-02-16,282.55,284.85,280.0,282.25,376165
2017-02-17,283.0,291.0,282.15,285.1,217157
2017-02-20,285.6,290.4,285.0,285.4,94076
2017-02-21,286.25,291.6,285.0,288.7,205884
2017-02-22,288.75,294.9,287.8,293.25,216546
2017-02-23,292.9,298.7,288.9,290.15,253687
2017-02-27,290.5,294.5,288.0,289.35,112719
2017-02-28,289.95,290.3,286.9,288.35,75473
2017-03-01,285.2,291.9,285.2,287.8,142251
2017-03-02,288.0,288.7,282.65,283.95,180248
2017-03-03,280.0,289.6,280.0,285.45,215436
2017-03-06,286.0,289.7,283.2,285.15,101442
2017-03-07,287.5,288.0,284.2,284.8,78271
2017-03-08,285.0,285.9,276.1,280.7,147725
2017-03-09,281.0,284.25,280.0,282.05,73983
2017-03-10,283.2,283.75,277.6,279.25,66375
2017-03-14,283.6,284.3,277.65,278.75,90442
2017-03-15,280.0,289.0,277.2,279.85,1378793
2017-03-16,280.1,283.95,277.9,280.1,143767
2017-03-17,280.8,283.45,278.05,280.55,233363
2017-03-20,280.6,281.4,276.0,277.5,180972
2017-03-21,278.0,279.3,275.0,277.3,214618
2017-03-22,275.5,280.5,274.45,279.1,216533
2017-03-23,279.05,284.85,279.0,280.95,155343
2017-03-24,280.0,283.9,280.0,280.95,185162
2017-03-27,281.05,285.0,279.0,284.45,132755
2017-03-28,284.0,285.0,282.0,283.5,112190
2017-03-29,283.1,289.95,282.4,288.75,335634
2017-03-30,290.0,291.3,282.0,285.25,189944
2017-03-31,285.4,289.65,282.15,283.15,113373
2017-04-03,283.85,294.0,283.85,287.9,250338
2017-04-05,287.0,291.0,283.05,284.5,209627
2017-04-06,283.9,285.0,280.3,281.25,149226
2017-04-07,280.2,283.0,276.9,277.4,316324
2017-04-10,277.7,280.3,274.5,278.0,108153
2017-04-11,277.1,279.95,275.55,276.4,161684
2017-04-12,276.75,298.8,270.8,292.1,2831301
2017-04-13,290.0,299.95,288.0,294.4,984072
2017-04-17,291.0,296.45,284.75,285.85,389297
2017-04-18,287.0,296.0,286.15,288.05,353848
2017-04-19,289.0,302.0,287.35,300.65,1179286
2017-04-20,303.0,307.8,302.6,305.5,592941
2017-04-21,306.5,314.7,297.25,302.3,730673
2017-04-24,304.0,304.25,294.3,295.3,240321
2017-04-25,296.0,309.9,295.25,307.9,464634
2017-04-26,311.8,313.5,300.7,303.8,334172
2017-04-27,304.0,306.5,299.7,301.4,182007
2017-04-28,301.5,304.0,298.2,300.9,95438
2017-05-02,301.0,304.3,299.0,301.4,124436
2017-05-03,301.9,305.75,296.8,298.4,119960
2017-05-04,298.5,319.0,294.25,317.1,948712
2017-05-05,316.7,331.9,316.7,327.0,1183018
2017-05-08,327.0,334.0,318.8,328.7,920456
2017-05-09,331.0,336.0,324.0,331.6,456176
2017-05-10,331.6,354.0,331.6,349.3,756731
2017-05-11,350.0,351.5,338.0,342.85,290080
2017-05-12,342.9,342.9,329.2,332.6,211736
2017-05-15,332.9,339.1,327.6,336.65,141916
2017-05-16,338.0,343.3,334.0,342.3,163570
2017-05-17,344.4,344.4,330.0,331.4,229540
2017-05-18,326.0,344.35,326.0,330.65,528315
2017-05-19,333.85,336.85,321.05,322.4,265704
2017-05-22,323.0,325.1,298.8,308.9,420559
2017-05-23,311.0,314.75,301.15,311.25,276597
2017-05-24,313.0,317.75,304.0,305.5,180897
2017-05-25,307.05,324.0,305.8,320.35,156170
2017-05-26,322.8,326.2,320.05,324.25,104283
2017-05-29,324.25,327.0,309.05,311.25,293526
2017-05-30,311.0,322.0,310.55,316.45,173264
2017-05-31,318.4,337.0,316.15,334.75,424695
2017-06-01,338.0,339.8,329.55,333.1,230569
2017-06-02,335.0,335.0,329.1,330.15,69941
2017-06-05,330.0,334.95,328.2,329.35,67957
2017-06-06,330.0,333.0,325.3,326.75,122476
2017-06-07,324.0,329.35,321.6,322.75,108266
2017-06-08,324.1,330.0,321.65,327.5,168976
2017-06-09,327.5,333.0,326.0,327.0,134603
2017-06-12,327.0,333.75,322.0,326.75,205840
2017-06-13,330.0,332.95,324.1,326.7,121993
2017-06-14,328.1,330.0,322.8,326.75,67892
2017-06-15,327.0,337.9,327.0,329.9,318244
2017-06-16,332.55,336.0,327.15,329.25,165317
2017-06-19,331.0,332.0,323.15,323.75,115155
2017-06-20,326.0,326.0,319.0,319.6,133216
2017-06-21,321.0,331.0,315.0,326.5,773664
2017-06-22,325.1,330.7,316.4,317.25,160662
2017-06-23,321.95,324.45,308.2,309.95,331147
2017-06-27,310.05,313.0,296.0,297.8,341734
2017-06-28,296.0,303.0,294.0,296.55,186861
2017-06-29,299.4,308.65,294.0,300.75,336576
2017-06-30,302.0,311.0,301.3,309.45,214167
2017-07-03,312.35,318.25,309.0,315.3,166681
2017-07-04,317.0,317.5,306.0,315.05,313566
2017-07-05,315.5,319.5,313.5,314.2,135730
2017-07-06,315.95,318.1,312.15,313.05,84102
2017-07-07,314.0,321.7,310.8,315.5,294481
2017-07-10,317.0,319.0,312.6,313.9,20906
2017-07-11,317.1,322.0,313.3,314.45,148244
2017-07-12,315.05,316.9,310.0,312.9,130954
2017-07-13,313.0,317.95,311.5,315.4,132127
2017-07-14,317.1,318.0,313.05,314.5,131682
2017-07-17,314.25,320.0,313.0,318.5,120474
2017-07-18,318.0,327.95,313.0,325.9,324977
2017-07-19,329.4,330.9,321.3,322.4,176269
2017-07-20,323.1,332.35,322.0,324.0,260937
2017-07-21,324.8,325.85,317.25,323.1,194235
2017-07-24,324.45,328.8,318.8,319.95,114394
2017-07-25,321.05,326.0,319.6,321.45,123565
2017-07-26,323.9,327.0,319.6,320.5,116002
2017-07-27,321.95,323.05,316.6,318.8,84216
2017-07-28,319.0,333.0,319.0,329.05,347645
2017-07-31,330.95,339.5,330.0,336.85,362629
2017-08-01,338.0,345.05,337.5,338.65,247795
2017-08-02,339.0,345.3,332.55,334.75,166861
2017-08-03,334.45,336.0,328.5,330.0,270100
2017-08-04,332.0,337.0,318.05,320.0,489252
2017-08-07,320.5,324.5,313.0,314.5,185620
2017-08-08,315.05,318.9,310.25,312.7,178806
2017-08-09,311.05,312.95,305.65,307.4,200690
2017-08-10,305.65,308.95,299.0,302.55,174583
2017-08-11,298.0,306.35,297.95,299.4,154140
2017-08-14,300.95,310.5,300.35,308.95,118426
2017-08-16,309.0,324.8,309.0,322.9,200321
2017-08-17,323.05,340.0,323.0,336.65,411036
2017-08-18,335.6,335.6,323.1,324.85,152494
2017-08-21,324.65,333.25,322.0,323.9,149119
2017-08-22,325.55,328.0,319.15,319.9,56800
2017-08-23,321.6,326.5,319.4,322.95,87147
2017-08-24,325.0,325.0,313.65,315.4,132864
2017-08-28,318.2,322.4,316.05,320.1,175340
2017-08-29,319.75,320.8,313.5,316.45,129309
2017-08-30,321.05,324.9,318.05,321.05,128710
2017-08-31,321.0,330.0,321.0,323.75,106944
2017-09-01,322.8,331.0,322.8,327.15,77748
2017-09-04,327.0,330.9,321.2,323.45,88686
2017-09-05,325.0,336.7,324.35,330.65,240187
2017-09-06,328.0,333.95,325.2,329.5,125614
2017-09-07,328.05,344.0,328.05,341.0,341441
2017-09-08,343.95,348.0,338.0,340.55,168736
2017-09-11,340.1,344.0,332.1,334.1,156717
2017-09-12,334.7,340.8,334.0,335.25,144528
2017-09-13,332.55,345.0,332.55,334.2,410175
2017-09-14,334.5,359.95,334.5,353.5,1044081
2017-09-15,353.5,363.3,348.3,359.8,720276
2017-09-18,364.25,366.5,358.0,359.15,285903
2017-09-19,360.0,372.7,358.1,365.2,501711
2017-09-20,364.0,364.65,349.85,358.35,303006
2017-09-21,358.35,367.4,349.8,365.05,273655
2017-09-22,362.0,363.8,345.6,348.65,257177
2017-09-25,347.0,349.95,333.9,340.05,193906
2017-09-26,340.0,346.5,337.5,340.6,215195
2017-09-27,341.4,349.4,336.05,337.35,237979
2017-09-28,338.0,343.4,332.8,338.65,157784
2017-09-29,340.9,353.7,340.25,343.1,132165
2017-10-03,347.8,350.8,344.15,346.75,109707
2017-10-04,347.35,354.4,343.0,348.55,129598
2017-10-05,348.0,352.0,345.1,346.65,90707
2017-10-06,346.15,362.9,346.15,361.7,269509
2017-10-09,363.0,367.65,360.0,361.25,116163
2017-10-10,361.2,366.95,355.5,358.6,164809
2017-10-11,361.0,369.9,357.6,359.7,447718
2017-10-12,362.0,369.5,358.5,359.95,200714
2017-10-13,362.6,362.6,352.0,354.2,69361
2017-10-16,353.0,362.2,348.3,351.1,170771
2017-10-17,350.0,357.45,346.25,354.7,128657
2017-10-18,354.9,357.4,348.65,349.9,67487
2017-10-19,350.0,354.9,349.9,352.35,20522
2017-10-23,352.5,356.0,347.1,354.85,124568
2017-10-24,356.5,371.0,351.0,358.2,565407
2017-10-25,361.0,375.95,353.05,368.6,1000331
2017-10-26,370.0,380.5,368.0,375.15,401669
2017-10-27,375.95,382.5,365.25,369.45,518853
2017-10-30,369.8,375.0,366.3,372.25,165549
2017-10-31,373.0,378.25,370.0,371.85,181044
2017-11-01,375.0,379.95,371.1,372.45,111929
2017-11-02,374.85,374.9,362.0,365.2,133240
2017-11-03,368.0,376.0,365.25,370.15,186873
2017-11-06,371.9,374.9,367.0,372.0,59865
2017-11-07,372.05,374.9,364.0,365.6,69195
2017-11-08,366.0,383.4,360.0,373.35,527409
2017-11-09,377.0,380.0,366.05,371.05,212704
2017-11-10,372.95,376.95,367.0,370.8,84571
2017-11-13,370.0,385.95,369.0,371.05,366364
2017-11-14,371.0,374.6,368.0,370.95,82345
2017-11-15,370.0,376.2,368.1,369.35,140329
2017-11-16,369.0,374.1,365.35,366.7,93757
2017-11-17,370.2,370.2,363.0,363.95,154323
2017-11-20,364.0,367.0,363.0,364.9,110035
2017-11-21,366.85,366.85,363.35,364.9,69866
2017-11-22,363.1,366.5,360.0,361.45,105055
2017-11-23,361.45,368.0,358.45,366.3,393566
2017-11-24,368.9,380.4,366.0,371.25,434030
2017-11-27,372.2,375.9,366.0,367.7,89550
2017-11-28,371.8,375.0,369.0,371.45,147224
2017-11-29,373.4,374.5,369.0,370.65,167553
2017-11-30,370.9,373.5,368.0,369.1,110097
2017-12-01,371.75,374.0,362.5,364.25,85010
2017-12-04,367.8,369.0,360.1,364.1,89139
2017-12-05,365.0,365.0,349.0,355.55,110422
2017-12-06,356.5,364.75,352.15,354.55,208940
2017-12-07,355.1,362.8,355.1,361.0,49608
2017-12-08,363.0,374.0,362.0,371.8,122644
2017-12-11,374.9,374.9,361.05,363.15,88526
2017-12-12,365.9,365.9,359.35,360.0,84717
2017-12-13,361.75,361.75,352.0,352.85,64218
2017-12-14,356.0,356.15,344.15,347.5,78509
2017-12-15,352.0,355.45,341.25,343.15,104782
2017-12-18,343.15,353.0,337.0,349.6,87670
2017-12-19,350.0,358.0,348.0,352.05,167635
2017-12-20,353.0,358.0,352.05,352.95,63306
2017-12-21,354.0,356.25,348.5,353.8,95763
2017-12-22,353.05,355.9,346.5,350.4,82647
2017-12-26,356.9,365.55,355.55,362.05,284630
2017-12-27,364.0,376.0,362.05,373.8,319154
2017-12-28,375.8,378.0,370.1,370.9,79191
2017-12-29,372.05,376.1,366.75,371.1,64977
2018-01-01,369.1,385.0,369.0,379.2,170864
2018-01-02,386.0,387.95,378.0,380.8,145004
2018-01-03,382.0,385.0,379.95,382.55,85790
2018-01-04,385.6,385.7,377.6,379.75,120259
2018-01-05,382.0,392.0,380.0,382.8,187512
2018-01-08,388.5,390.05,381.0,383.6,70201
2018-01-09,384.15,386.0,380.3,383.2,66663
2018-01-10,383.0,385.8,375.0,377.05,169230
2018-01-11,375.0,378.0,372.05,373.2,83912
2018-01-12,375.05,385.7,366.3,379.15,356324
2018-01-15,381.0,382.5,373.0,374.65,71272
2018-01-16,376.5,377.5,364.5,366.55,99803
2018-01-17,365.9,370.85,358.1,364.55,83715
2018-01-18,365.0,367.85,351.0,357.25,92983
2018-01-19,364.0,364.5,352.65,358.75,74361
2018-01-22,356.0,360.0,348.1,349.5,102328
2018-01-23,352.65,353.45,343.55,350.95,310483
2018-01-24,351.9,351.9,340.5,344.55,149800
2018-01-25,344.0,350.55,340.1,342.05,270072
2018-01-29,343.1,345.9,328.5,330.3,128593
2018-01-30,331.0,331.25,321.9,325.2,83040
2018-01-31,325.2,337.5,320.55,328.45,228555
2018-02-01,334.0,334.0,324.0,327.35,83104
2018-02-02,324.0,328.9,308.25,318.65,157186
2018-02-05,313.1,352.0,308.3,319.45,97328
2018-02-06,318.0,319.9,306.9,316.1,104134
2018-02-07,322.0,326.0,312.0,316.65,120593
2018-02-08,316.65,339.0,314.7,326.5,117264
2018-02-09,323.8,333.25,319.8,326.45,105144
2018-02-12,326.45,329.95,322.0,324.8,75020
2018-02-14,328.8,329.2,321.9,323.35,44850
2018-02-15,325.05,331.1,320.0,323.45,162034
2018-02-16,325.0,327.55,319.15,321.2,62722
2018-02-19,325.0,325.0,312.5,317.35,33637
2018-02-20,318.0,323.7,317.55,319.35,165703
2018-02-21,321.2,321.25,307.9,313.3,373205
2018-02-22,310.05,317.0,309.95,311.1,59199
2018-02-23,313.05,322.85,309.55,319.7,149842
2018-02-26,319.7,324.0,315.3,315.85,132233
2018-02-27,316.0,318.75,310.45,313.25,49171
2018-02-28,313.6,318.4,307.05,316.55,111882
2018-03-01,316.4,322.0,314.15,318.8,68679
2018-03-05,318.7,318.7,307.05,308.7,149835
2018-03-06,310.0,312.75,302.1,304.95,77527
2018-03-07,306.6,307.9,297.05,299.7,128576
2018-03-08,299.0,304.1,292.55,300.45,236141
2018-03-09,299.0,304.4,295.05,300.15,181837
2018-03-12,302.05,303.5,295.0,298.95,59922
2018-03-13,297.55,302.0,296.75,300.05,74313
2018-03-14,299.0,299.75,291.6,293.4,67765
2018-03-15,295.0,299.85,290.0,298.55,107895
2018-03-16,299.75,299.75,290.3,292.35,99142
2018-03-19,292.5,294.95,275.55,282.25,95875
2018-03-20,280.1,283.55,275.1,276.55,104212
2018-03-21,278.0,283.9,275.0,276.55,153354
2018-03-22,279.0,280.0,272.55,276.85,72605
2018-03-23,272.0,287.45,261.9,284.6,236640
2018-03-26,281.0,283.65,275.15,277.25,220725
2018-03-27,281.5,291.1,278.25,280.15,145017
2018-03-28,278.0,279.9,271.05,273.7,87537
2018-04-02,278.0,288.0,270.45,283.3,77034
2018-04-03,283.05,286.0,276.5,278.1,111685
2018-04-04,279.0,289.85,279.0,282.2,128072
2018-04-05,285.0,287.0,275.3,277.1,191339
2018-04-06,278.3,279.5,275.15,277.55,207124
2018-04-09,279.8,280.9,272.55,273.95,128635
2018-04-10,275.0,281.55,273.35,275.5,145518
2018-04-11,275.5,277.0,271.3,273.55,61851
2018-04-12,273.6,277.95,272.15,275.8,32550
2018-04-13,277.7,285.0,275.55,278.25,100752
2018-04-16,276.95,283.5,274.95,281.6,73252
2018-04-17,282.2,284.5,277.0,277.95,101367
2018-04-18,280.5,281.4,272.75,274.2,48654
2018-04-19,278.0,278.0,267.7,268.45,98850
2018-04-20,269.0,272.4,265.1,267.65,85192
2018-04-23,267.8,276.85,267.8,273.0,52510
2018-04-24,274.1,280.7,268.9,270.9,92046
2018-04-25,271.9,276.0,263.3,264.95,180198
2018-04-26,265.1,274.4,260.2,272.6,202534
2018-04-27,273.0,277.75,270.0,271.4,98985
2018-04-30,273.25,280.0,271.0,274.4,98427
2018-05-02,275.75,280.0,273.1,275.9,129395
2018-05-03,272.0,276.0,268.55,272.9,47045
2018-05-04,273.1,274.85,265.1,269.25,102449
2018-05-07,271.95,271.95,264.35,265.35,56293
2018-05-08,266.05,271.0,265.0,269.5,52869
2018-05-09,269.95,270.0,250.05,263.25,1294224
2018-05-10,260.0,263.9,254.5,255.3,189742
2018-05-11,255.0,260.8,251.0,255.1,82972
2018-05-14,260.0,262.95,248.05,252.1,185875
2018-05-15,248.0,260.0,248.0,253.95,143555
2018-05-16,252.5,255.95,247.8,252.05,34714
2018-05-17,252.5,256.9,248.0,248.85,76044
2018-05-18,249.0,256.65,239.75,241.9,121604
2018-05-21,242.9,250.0,228.7,235.75,452681
2018-05-22,235.75,248.9,232.55,245.3,146694
2018-05-23,243.7,245.85,237.25,238.7,77663
2018-05-24,238.7,240.8,233.35,235.1,54334
2018-05-25,235.0,238.0,233.75,236.65,38676
2018-05-28,239.5,245.35,234.0,239.1,71626
2018-05-29,243.0,253.0,241.2,248.05,106670
2018-05-30,246.05,246.05,240.0,242.25,67489
2018-05-31,242.25,244.0,233.5,236.8,148700
2018-06-01,240.8,242.25,235.1,238.65,102944
2018-06-04,239.4,241.0,224.45,226.2,168747
2018-06-05,228.05,230.0,215.55,218.15,127000
2018-06-06,218.0,234.7,214.6,229.3,566237
2018-06-07,230.45,234.8,224.4,233.1,148755
2018-06-08,231.8,232.0,226.0,229.65,75736
2018-06-11,227.5,234.0,227.5,229.4,79715
2018-06-12,230.15,230.95,225.25,226.6,64272
2018-06-13,226.75,230.55,225.4,227.4,51816
2018-06-14,227.5,229.0,225.0,227.0,36727
2018-06-15,227.0,232.8,220.4,223.6,136908
2018-06-18,224.0,228.9,222.3,226.1,76357
2018-06-19,225.65,225.85,216.65,220.45,87693
2018-06-20,221.05,224.9,220.0,220.75,47068
2018-06-21,220.75,222.0,217.0,217.35,89619
2018-06-22,219.0,219.0,213.1,214.45,76112
2018-06-25,214.55,217.3,210.0,211.55,123182
2018-06-26,208.25,212.95,204.1,205.55,131144
2018-06-27,206.1,227.8,206.1,220.35,1020558
2018-06-28,219.0,219.0,210.05,214.35,217526
2018-06-29,215.0,244.95,214.95,240.85,741609
2018-07-02,233.25,237.7,224.55,228.55,449596
2018-07-03,228.0,234.45,225.1,232.6,140700
2018-07-04,232.0,232.05,224.0,227.35,69065
2018-07-05,228.0,228.0,216.15,217.15,85932
2018-07-06,218.8,221.8,215.3,216.25,95444
2018-07-09,217.85,222.25,215.3,217.75,681302
2018-07-10,220.0,234.85,219.2,232.55,270344
2018-07-11,230.05,231.9,224.05,227.25,123224
2018-07-12,228.25,232.0,224.0,224.85,127475
2018-07-13,226.4,226.4,218.0,223.2,112588
2018-07-16,221.0,222.85,212.05,214.85,341134
2018-07-17,213.2,222.4,212.1,215.95,220060
2018-07-18,216.0,221.85,211.1,213.3,106838
2018-07-19,213.95,214.85,210.15,211.85,124434
2018-07-20,212.3,217.0,209.4,214.4,76790
2018-07-23,216.75,217.5,206.9,210.5,112925
2018-07-24,211.0,218.8,211.0,214.95,979675
2018-07-25,213.95,225.9,213.9,221.2,338831
2018-07-26,222.85,222.85,218.55,221.3,63889
2018-07-27,222.0,228.7,220.5,222.15,158888
2018-07-30,223.8,228.75,220.5,227.75,119324
2018-07-31,229.0,232.65,224.8,227.55,217897
2018-08-01,228.0,238.5,225.35,235.5,161643
2018-08-02,236.0,237.4,228.15,231.55,138878
2018-08-03,234.25,237.55,229.5,231.75,166352
2018-08-06,233.45,236.0,230.8,233.75,81887
2018-08-07,234.95,235.0,225.1,229.3,159500
2018-08-08,229.3,232.6,218.2,223.0,518318
2018-08-09,226.05,231.75,223.35,229.35,120067
2018-08-10,231.0,232.0,222.75,223.85,81987
2018-08-13,220.05,222.75,217.3,220.0,75264
2018-08-14,216.85,220.65,215.1,217.45,94323
2018-08-16,218.45,222.5,215.75,218.7,63396
2018-08-17,217.7,221.95,215.15,216.25,107759
2018-08-20,216.0,218.2,214.15,214.95,90305
2018-08-21,215.0,219.45,214.7,218.5,69018
2018-08-23,219.4,219.45,213.25,218.1,53133
2018-08-24,215.0,222.0,215.0,217.4,169852
2018-08-27,218.7,219.85,215.8,216.8,94340
2018-08-28,219.8,221.75,216.9,217.35,71015
2018-08-29,218.65,224.55,216.9,218.75,224456
2018-08-30,218.6,221.0,216.2,217.3,137222
2018-08-31,217.3,218.4,214.9,216.3,96428
2018-09-03,218.85,218.85,215.3,215.55,131786
2018-09-04,216.65,216.65,209.0,210.85,68390
2018-09-05,210.6,212.95,205.55,209.35,82835
2018-09-06,209.6,215.65,208.0,214.55,60000
2018-09-07,214.0,215.9,205.65,207.15,96443
2018-09-10,207.1,217.75,205.3,215.1,177231
2018-09-11,215.0,217.85,209.5,209.75,93774
2018-09-12,211.0,214.65,205.05,212.75,134268
2018-09-14,214.95,230.0,212.1,218.05,1370935
2018-09-17,220.6,242.0,212.3,235.4,4330246
2018-09-18,238.0,243.8,232.15,235.2,1782515
2018-09-19,238.0,240.9,227.0,230.1,547784
2018-09-21,231.95,233.5,204.0,220.35,650800
2018-09-24,220.5,222.0,206.15,214.65,355382
2018-09-25,214.65,223.95,209.5,220.7,386412
2018-09-26,223.85,235.0,219.0,225.25,717189
2018-09-27,226.5,226.9,213.0,214.1,193989
2018-09-28,215.85,217.35,197.6,198.95,214838
2018-10-01,199.95,202.15,192.55,198.85,134923
2018-10-03,199.65,204.2,195.0,196.6,339204
2018-10-04,194.0,196.3,190.0,192.1,145956
2018-10-05,193.8,195.2,184.05,185.9,261161
2018-10-08,185.05,187.55,176.4,184.0,305200
2018-10-09,189.0,193.25,183.8,189.45,434784
2018-10-10,190.5,203.0,186.3,200.05,462965
2018-10-11,194.45,204.8,191.0,198.55,199785
2018-10-12,199.1,206.0,199.1,202.15,170159
2018-10-15,205.95,225.0,205.95,210.55,439311
2018-10-16,211.65,215.4,204.1,205.45,181724
2018-10-17,205.5,208.0,192.6,194.7,222159
2018-10-19,192.4,205.0,188.0,199.8,470344
2018-10-22,204.0,206.45,200.5,205.05,121751
2018-10-23,205.2,213.5,205.2,210.85,227474
2018-10-24,212.15,225.0,212.15,223.6,318132
2018-10-25,223.0,223.0,217.0,221.0,156310
2018-10-26,220.0,231.75,220.0,229.05,234130
2018-10-29,231.0,236.7,222.6,224.6,214275
2018-10-30,226.0,229.7,223.0,227.25,91353
2018-10-31,228.45,228.45,221.0,223.5,108116
2018-11-01,224.0,225.0,217.95,218.8,86067
2018-11-02,220.0,229.45,218.35,222.9,156038
2018-11-05,222.95,225.0,220.1,221.15,36408
2018-11-06,221.15,222.5,218.1,218.75,46970
2018-11-07,221.0,225.0,220.15,224.35,34934
2018-11-09,226.0,239.5,226.0,233.9,308619
2018-11-12,231.25,247.9,228.0,239.75,678043
2018-11-13,239.75,239.75,235.0,237.2,152133
2018-11-14,239.0,244.0,232.25,233.75,208166
2018-11-15,234.5,235.35,229.0,229.75,75065
2018-11-16,230.7,232.0,220.7,223.1,98543
2018-11-19,223.1,235.95,221.55,232.05,163767
2018-11-20,231.0,235.85,225.35,228.4,73826
2018-11-21,227.8,230.0,223.1,225.0,48308
2018-11-22,225.15,232.0,221.0,222.75,106040
2018-11-26,224.1,224.1,216.0,216.75,79148
2018-11-27,216.7,220.5,216.0,217.4,60423
2018-11-28,217.4,221.0,212.5,214.0,65287
2018-11-29,214.0,219.1,209.35,215.9,99239
2018-11-30,215.95,219.75,208.0,209.3,130505
2018-12-03,211.3,216.75,208.1,215.2,142285
2018-12-04,217.0,219.4,215.05,216.85,61074
2018-12-05,215.55,216.55,207.1,208.0,80117
2018-12-06,206.0,208.75,202.5,204.3,49856
2018-12-07,204.85,207.1,199.15,201.25,58215
2018-12-10,199.25,202.95,194.05,195.45,70815
2018-12-11,193.9,198.95,192.95,196.9,78874
2018-12-12,198.15,207.0,196.35,204.3,136414
2018-12-13,204.1,207.15,203.15,203.55,46714
2018-12-14,202.6,211.5,202.0,206.1,99070
2018-12-17,205.25,211.95,205.25,209.75,100746
2018-12-18,208.7,210.0,205.0,207.8,59342
2018-12-19,208.05,215.0,207.9,209.7,204885
2018-12-20,208.8,211.4,207.0,207.9,55149
2018-12-21,207.9,213.5,206.4,207.25,98926
2018-12-24,207.1,210.0,203.1,204.1,54006
2018-12-26,203.7,209.65,200.1,208.35,65665
2018-12-27,208.35,210.4,203.65,204.2,46415
2018-12-28,204.6,207.6,203.5,204.65,38084
2018-12-31,204.9,207.8,204.2,206.65,60799
2019-01-01,206.3,207.45,205.1,206.3,15953
2019-01-02,205.5,208.9,204.5,205.95,38105
2019-01-03,205.5,209.0,205.0,205.95,55687
2019-01-04,205.95,211.5,204.6,209.05,136884
2019-01-07,210.0,216.0,208.85,214.7,117928
2019-01-08,215.0,219.9,214.55,217.9,198151
2019-01-09,220.35,227.4,218.4,223.65,252291
2019-01-10,224.4,227.9,222.15,224.95,88510
2019-01-11,225.0,227.75,222.3,224.3,65272
2019-01-14,223.5,224.1,217.0,223.25,73668
2019-01-15,222.8,230.55,221.75,226.1,164543
2019-01-16,225.8,232.6,223.35,224.65,201724
2019-01-17,224.8,225.25,221.5,222.4,39409
2019-01-18,221.35,224.4,212.15,213.35,118665
2019-01-21,212.85,218.0,201.0,202.0,353677
2019-01-22,203.2,204.5,200.4,203.15,133453
2019-01-23,201.0,208.75,201.0,203.35,182918
2019-01-24,203.4,207.0,201.7,202.75,175317
2019-01-25,202.75,204.0,200.0,200.1,106170
2019-01-28,200.55,201.15,192.9,198.65,84695
2019-01-29,198.0,208.0,197.25,204.85,177288
2019-01-30,204.4,205.95,200.0,201.05,62241
2019-01-31,201.2,204.0,198.3,202.4,50656
2019-02-01,202.95,206.0,199.9,200.75,59614
2019-02-04,200.0,202.0,193.55,197.6,86592
2019-02-05,199.0,203.6,195.1,197.8,45942
2019-02-06,200.65,202.4,195.55,197.15,95748
2019-02-07,197.15,199.75,194.65,195.5,40405
2019-02-08,195.0,197.15,191.7,194.15,97845
2019-02-11,192.9,194.0,187.1,188.2,102542
2019-02-12,188.2,197.0,186.75,191.85,101152
2019-02-13,191.1,200.8,188.0,190.45,312133
2019-02-14,190.2,195.45,188.75,190.1,123158
2019-02-15,191.0,191.65,186.85,187.3,152836
2019-02-18,187.65,189.7,181.3,182.55,130385
2019-02-19,182.55,188.4,182.55,184.5,117791
2019-02-20,185.3,187.0,184.0,185.2,77131
2019-02-21,185.0,186.5,183.05,184.35,146466
2019-02-22,184.95,194.2,184.95,187.85,295600
2019-02-25,188.3,198.4,188.3,193.45,550347
2019-02-26,189.9,191.0,185.0,185.9,300955
2019-02-27,186.6,194.7,183.9,186.05,396079
2019-02-28,187.0,189.0,184.5,185.15,196752
2019-03-01,188.0,194.45,185.1,186.6,600339
2019-03-05,187.2,204.5,187.2,201.5,1026396
2019-03-06,203.0,211.95,202.6,204.1,588136
2019-03-07,205.0,213.5,202.1,207.15,533772
2019-03-08,206.95,211.0,206.0,209.65,189917
2019-03-11,211.5,213.55,209.35,210.75,148604
2019-03-12,211.0,218.0,211.0,214.7,256144
2019-03-13,215.0,222.0,213.05,215.0,246924
2019-03-14,215.1,220.2,211.5,218.05,210102
2019-03-15,220.0,222.0,210.35,213.85,181827
2019-03-18,213.8,215.0,210.55,211.25,131787
2019-03-19,211.1,215.5,207.65,208.8,128141
2019-03-20,209.0,210.9,204.65,207.35,135702
2019-03-22,208.2,213.0,208.2,210.15,136258
2019-03-25,210.0,210.0,203.0,203.65,82007
2019-03-26,205.0,206.55,199.55,200.25,137495
2019-03-27,202.0,203.8,199.4,199.7,118072
2019-03-28,200.0,205.0,196.35,204.6,105094
2019-03-29,205.6,207.0,203.0,204.65,72588
2019-04-01,205.35,210.5,205.3,206.35,86013
2019-04-02,207.95,208.25,204.75,207.8,74231
2019-04-03,208.8,214.0,205.35,213.05,150765
2019-04-04,212.5,213.8,205.15,206.35,81474
2019-04-05,206.9,211.05,202.0,209.75,90402
2019-04-08,210.0,210.05,205.75,206.8,49577
2019-04-09,206.7,207.55,205.0,205.55,50885
2019-04-10,205.45,207.35,204.05,204.75,46430
2019-04-11,205.05,207.0,202.5,203.0,49238
2019-04-12,203.0,204.0,201.05,201.8,73088
2019-04-15,202.75,208.8,202.0,205.35,61713
2019-04-16,206.6,209.5,202.55,203.9,58075
2019-04-18,204.0,205.35,202.0,203.9,24182
2019-04-22,203.7,205.0,196.85,198.6,50607
2019-04-23,200.0,201.9,199.0,200.65,29781
2019-04-24,201.8,203.8,200.3,201.0,54697
2019-04-25,202.45,206.5,194.65,196.25,144891
2019-04-26,198.5,199.9,197.3,198.75,38738
2019-04-30,198.35,200.7,192.3,193.65,63340
2019-05-02,194.0,196.9,192.5,193.45,35754
2019-05-03,194.8,195.0,191.15,191.8,51332
2019-05-06,190.9,191.45,188.15,189.25,37429
2019-05-07,189.2,192.75,187.0,187.25,36423
2019-05-08,186.5,189.0,183.15,184.1,79910
2019-05-09,189.8,193.0,187.0,188.1,456149
2019-05-10,186.0,190.55,186.0,187.05,49676
2019-05-13,187.3,188.9,179.0,181.2,48767
2019-05-14,179.75,180.0,172.75,177.1,188441
2019-05-15,180.0,187.0,176.0,177.45,123973
2019-05-16,176.8,180.1,176.0,178.1,58145
2019-05-17,178.25,180.9,177.05,177.85,45192
2019-05-20,181.0,184.0,180.35,181.0,81761
2019-05-21,181.9,184.5,180.35,180.75,66763
2019-05-22,181.2,181.85,179.0,180.15,47584
2019-05-23,181.25,186.0,178.0,180.0,148529
2019-05-24,179.0,188.0,179.0,184.3,294535
2019-05-27,185.9,203.35,185.6,194.2,474276
2019-05-28,194.35,197.0,188.8,189.45,186201
2019-05-29,189.25,195.7,189.1,191.4,226451
2019-05-30,191.0,193.9,189.05,190.05,157291
2019-05-31,191.0,196.45,185.8,186.7,94634
2019-06-03,186.7,192.55,186.7,189.55,185065
2019-06-04,191.25,193.6,187.6,188.6,136353
2019-06-06,188.6,189.5,183.0,184.05,71594
2019-06-07,183.4,185.45,182.5,183.0,85681
2019-06-10,183.1,185.0,173.5,174.95,183747
2019-06-11,175.1,178.45,174.8,176.4,52646
2019-06-12,176.0,177.8,174.25,174.75,49352
2019-06-13,174.15,174.95,170.0,170.6,81405
2019-06-14,168.1,173.0,167.2,169.5,98637
2019-06-17,169.05,171.5,166.05,168.2,99228
2019-06-18,168.0,170.5,165.7,169.55,69937
2019-06-19,171.0,173.95,164.0,166.25,136125
2019-06-20,165.1,167.0,162.35,166.2,68447
2019-06-21,164.55,169.9,164.55,167.1,49988
2019-06-24,167.9,168.4,164.0,165.95,41612
2019-06-25,165.4,168.55,164.0,167.2,68514
2019-06-26,166.15,170.0,164.3,165.5,98265
2019-06-27,167.8,171.6,167.55,170.0,101525
2019-06-28,169.85,186.5,169.55,183.25,667565
2019-07-01,184.2,189.9,181.35,183.0,263339
2019-07-02,184.5,184.5,177.0,178.65,91872
2019-07-03,178.5,180.1,176.6,177.6,43613
2019-07-04,177.85,183.8,176.15,181.7,122568
2019-07-05,182.4,184.75,172.9,174.95,101239
2019-07-08,172.5,174.9,166.0,168.85,84032
2019-07-09,169.0,173.1,166.65,169.15,61002
2019-07-10,169.15,171.6,164.3,165.2,60841
2019-07-11,167.95,168.85,165.35,166.65,45035
2019-07-12,167.15,174.15,164.3,171.7,117900
2019-07-15,171.0,173.95,169.55,170.2,59990
2019-07-16,171.75,172.75,163.0,165.8,129925
2019-07-17,166.0,168.05,164.0,164.45,43465
2019-07-18,164.7,165.3,160.7,161.95,86161
2019-07-19,162.0,166.95,157.55,162.85,150665
2019-07-22,164.0,166.45,158.6,160.2,70471
2019-07-23,161.0,165.85,159.15,163.55,80777
2019-07-24,165.0,166.7,162.0,164.1,52284
2019-07-25,165.0,165.3,162.0,162.25,32113
2019-07-26,161.1,163.05,158.85,159.45,54116
2019-07-29,161.0,163.0,151.55,157.75,213390
2019-07-30,155.5,156.95,136.2,140.55,467074
2019-07-31,142.35,144.95,135.05,143.2,104426
2019-08-01,144.0,147.8,142.05,144.85,103236
2019-08-02,144.5,148.8,142.7,146.7,69988
2019-08-05,144.25,145.95,140.3,141.5,121219
2019-08-06,140.3,147.65,140.3,145.25,69877
2019-08-07,146.8,147.9,144.55,147.05,35100
2019-08-08,147.5,149.45,145.3,148.45,27239
2019-08-09,149.9,156.9,147.95,154.15,58432
2019-08-13,154.3,155.8,149.8,150.9,48535
2019-08-14,154.65,154.65,148.45,151.4,75224
2019-08-16,149.0,153.0,148.0,149.05,41075
2019-08-19,150.8,152.9,149.25,152.15,46111
2019-08-20,153.0,153.65,147.25,148.5,81919
2019-08-21,148.0,151.0,147.55,149.0,39315
2019-08-22,147.1,150.2,145.2,145.55,74176
2019-08-23,145.0,148.5,142.2,147.1,39264
2019-08-26,150.0,150.05,146.05,149.3,46369
2019-08-27,148.1,154.4,146.75,152.95,98521
2019-08-28,153.0,161.75,151.6,152.25,173209
2019-08-29,155.6,156.25,152.4,153.5,70216
2019-08-30,154.5,155.0,152.35,154.05,53988
2019-09-03,153.75,153.75,150.8,151.6,24226
2019-09-04,151.3,153.55,147.5,148.9,184749
2019-09-05,148.6,149.8,148.05,148.5,50772
2019-09-06,149.0,150.75,147.85,149.25,64247
2019-09-09,149.1,151.7,149.1,150.25,35479
2019-09-11,151.0,161.9,149.85,159.5,227561
2019-09-12,159.5,164.8,159.45,163.8,867114
2019-09-13,165.7,172.0,164.8,167.45,207674
2019-09-16,166.6,172.0,165.5,170.5,91400
2019-09-17,170.5,175.0,162.2,163.5,134906
2019-09-18,164.6,168.75,163.15,165.85,57766
2019-09-19,166.35,166.4,160.4,162.0,308845
2019-09-20,163.1,167.0,156.5,162.55,494310
2019-09-23,164.8,173.0,164.75,171.3,532238
2019-09-24,170.35,174.05,166.15,167.25,120519
2019-09-25,167.75,171.85,164.3,166.1,467860
2019-09-26,167.1,169.9,163.65,165.75,466417
2019-09-27,165.05,167.8,164.25,166.75,77098
2019-09-30,167.75,167.95,162.5,164.75,83626
2019-10-01,165.25,167.4,152.0,162.45,138127
2019-10-03,161.85,165.45,158.2,159.9,57137
2019-10-04,159.6,160.85,157.55,159.0,37609
2019-10-07,157.0,157.4,152.0,154.85,98438
2019-10-09,154.15,156.5,150.45,155.0,44541
2019-10-10,155.0,157.0,152.85,153.6,30111
2019-10-11,153.25,157.25,153.1,154.05,51527
2019-10-14,154.8,155.95,152.7,152.95,44401
2019-10-15,154.15,156.9,152.75,154.55,56725
2019-10-16,154.6,157.25,153.0,154.0,40255
2019-10-17,154.65,155.35,152.5,153.1,87987
2019-10-18,153.5,161.7,153.5,159.85,285025
2019-10-22,160.2,161.05,157.4,159.1,433126
2019-10-23,160.0,172.3,158.95,164.45,292398
2019-10-24,165.8,169.2,165.05,167.25,218018
2019-10-25,168.25,169.0,164.0,165.65,141025
2019-10-27,169.0,170.0,166.3,167.55,33504
2019-10-29,168.6,170.4,166.25,169.6,105434
2019-10-30,170.0,174.3,168.25,171.95,260483
2019-10-31,170.6,174.3,168.9,170.85,204547
2019-11-01,174.4,175.9,168.55,170.05,411548
2019-11-04,170.2,172.45,168.0,169.15,299575
2019-11-05,169.5,170.25,165.05,165.4,127394
2019-11-06,165.8,172.0,165.8,169.5,247966
2019-11-07,171.0,172.0,165.1,168.8,122000
2019-11-08,169.5,169.9,164.35,165.1,172677
2019-11-11,168.9,168.9,161.1,163.0,138157
2019-11-13,164.0,195.6,163.9,194.8,3223573
2019-11-14,194.0,198.0,184.0,187.85,883347
2019-11-15,184.7,202.2,183.5,192.3,658140
2019-11-18,193.8,203.7,190.0,196.5,518797
2019-11-19,197.0,199.4,192.6,193.6,264342
2019-11-20,194.5,197.05,189.0,190.4,200035
2019-11-21,191.55,191.55,184.2,185.45,75444
2019-11-22,187.0,187.6,181.85,182.5,97888
2019-11-25,183.9,193.0,183.05,183.75,208491
2019-11-26,185.0,185.5,178.55,179.95,92645
2019-11-27,181.4,182.0,176.5,177.95,165102
2019-11-28,178.0,183.6,176.7,178.15,141518
2019-11-29,178.0,181.25,176.8,177.7,89905
2019-12-02,178.95,188.0,178.0,182.7,305002
2019-12-03,182.6,182.7,178.0,178.4,84439
2019-12-04,179.0,186.8,177.3,185.4,157515
2019-12-05,186.0,199.8,184.95,186.1,1246496
2019-12-06,186.9,195.0,186.9,191.8,638123
2019-12-09,194.4,209.5,192.5,207.85,2838893
2019-12-10,208.75,210.0,197.45,199.05,556584
2019-12-11,199.0,201.7,194.6,196.55,234459
2019-12-12,196.15,198.85,193.2,195.45,154414
2019-12-13,196.75,206.45,195.45,204.35,755674
2019-12-16,202.1,206.8,200.05,200.75,216235
2019-12-17,201.0,205.9,200.8,201.55,137533
2019-12-18,203.15,205.8,198.3,201.3,212061
2019-12-19,201.5,207.8,200.1,203.8,243714
2019-12-20,204.0,208.8,203.0,203.9,230467
2019-12-23,203.15,206.95,201.4,202.1,144308
2019-12-24,203.0,205.7,197.6,200.4,99858
2019-12-26,202.05,203.95,197.1,200.8,315283
2019-12-27,201.4,204.9,198.6,200.6,300431
2019-12-30,201.45,205.0,200.25,201.45,263948
2019-12-31,201.0,205.7,200.7,201.55,464582
2020-01-01,202.3,212.8,201.65,208.35,1338877
2020-01-02,211.0,225.0,211.0,223.35,1674181
2020-01-03,224.0,230.8,219.4,228.8,648588
2020-01-06,229.0,229.05,219.5,224.2,479149
2020-01-07,230.0,235.0,227.0,229.55,556767
2020-01-08,225.0,229.5,224.5,225.05,256139
2020-01-09,228.0,234.1,227.0,230.15,233103
2020-01-10,231.0,235.0,228.1,229.4,167167
2020-01-13,227.35,233.0,227.35,232.3,111941
2020-01-14,233.1,239.0,232.05,232.4,247301
2020-01-15,233.45,234.5,230.7,231.4,308204
2020-01-16,233.1,243.45,232.8,236.95,698805
2020-01-17,237.95,240.05,226.15,228.2,367589
2020-01-20,229.5,229.5,221.4,223.9,282760
2020-01-21,224.6,226.8,218.35,219.2,167956
2020-01-22,220.75,228.8,218.2,227.8,328273
2020-01-23,227.7,232.0,225.0,228.15,273652
2020-01-24,228.5,234.0,227.95,231.8,162857
2020-01-27,229.0,231.0,225.55,227.75,126548
2020-01-28,226.05,232.0,222.0,224.6,159616
2020-01-29,225.95,230.0,224.1,227.9,146669
2020-01-30,228.7,228.7,221.1,226.7,105425
2020-01-31,226.7,235.6,226.7,230.2,262789
2020-02-01,229.0,230.7,222.0,225.8,132159
2020-02-03,225.8,227.0,220.5,223.6,123581
2020-02-04,224.5,229.7,224.5,226.75,51085
2020-02-05,228.0,233.4,228.0,228.9,93964
2020-02-06,231.3,240.0,230.0,238.55,353371
2020-02-07,242.0,245.0,231.55,234.65,813809
2020-02-10,233.0,234.0,215.35,218.6,405873
2020-02-11,220.0,224.5,215.15,216.1,261665
2020-02-12,217.9,223.9,211.0,217.8,493201
2020-02-13,217.8,223.9,216.05,222.45,198185
2020-02-14,222.9,223.45,214.5,215.15,89819
2020-02-17,218.9,221.45,207.15,210.1,340032
2020-02-18,208.9,210.45,197.55,205.45,408696
2020-02-19,205.55,209.95,205.55,207.9,133664
2020-02-20,208.85,210.9,203.8,206.2,202786
2020-02-24,204.0,204.5,197.6,198.75,237740
2020-02-25,200.15,201.75,194.25,196.0,145184
2020-02-26,193.0,199.0,191.7,196.05,134400
2020-02-27,193.5,199.4,190.4,193.45,91510
2020-02-28,189.2,197.0,184.0,188.4,182100
2020-03-02,192.95,198.0,180.0,185.25,177676
2020-03-03,190.8,191.15,181.75,186.8,101187
2020-03-04,189.0,189.05,179.0,185.5,94760
2020-03-05,188.9,189.0,181.7,184.95,66106
2020-03-06,179.0,184.7,172.85,182.25,215839
2020-03-09,173.65,179.6,165.25,168.25,149965
2020-03-11,167.95,172.95,165.0,171.8,111212
2020-03-12,164.9,164.9,146.0,151.45,537341
2020-03-13,138.0,167.05,124.0,156.6,194662
2020-03-16,148.0,152.5,145.05,146.8,148302
2020-03-17,146.7,149.7,133.05,138.0,82421
2020-03-18,140.0,140.9,125.0,131.2,158145
2020-03-19,124.0,127.95,106.1,114.05,435344
2020-03-20,115.5,130.0,114.6,127.45,149840
2020-03-23,111.0,117.0,107.8,112.45,105262
2020-03-24,120.0,120.0,102.15,107.2,136701
2020-03-25,110.95,117.5,106.65,116.35,101708
2020-03-26,117.0,129.0,114.1,124.35,122951
2020-03-27,125.0,133.05,121.0,125.05,116268
2020-03-30,120.0,147.6,120.0,136.4,622719
2020-03-31,140.1,142.9,135.1,139.05,142688
2020-04-01,140.1,143.7,135.0,136.1,80303
2020-04-03,136.6,144.8,133.0,133.5,86315
2020-04-07,139.9,140.7,136.2,138.5,66009
2020-04-08,139.7,143.85,136.5,139.5,78627
2020-04-09,142.7,150.0,140.1,142.85,183129
2020-04-13,145.0,145.0,134.5,137.45,79301
2020-04-15,142.7,142.7,132.1,133.45,122692
2020-04-16,136.9,140.0,134.05,139.45,109685
2020-04-17,142.0,143.6,136.1,138.0,119522
2020-04-20,140.9,152.35,137.0,149.6,574930
2020-04-21,159.0,169.0,144.6,152.2,1824022
2020-04-22,148.1,154.9,142.1,147.2,367735
2020-04-23,147.5,152.45,145.8,147.15,300743
2020-04-24,147.5,147.5,141.0,141.55,107427
2020-04-27,142.0,153.0,142.0,149.35,333684
2020-04-28,150.7,150.9,146.05,147.15,71208
2020-04-29,147.95,152.1,145.4,147.95,135377
2020-04-30,149.0,151.0,143.25,145.35,253790
2020-05-04,143.95,143.95,139.0,141.05,88632
2020-05-05,142.0,149.5,140.3,146.5,235352
2020-05-06,149.75,152.15,145.25,147.2,202604
2020-05-07,146.0,149.9,145.05,148.75,101667
2020-05-08,149.9,167.0,148.0,164.75,1930163
2020-05-11,164.0,166.25,156.15,158.1,367371
2020-05-12,156.3,158.6,152.25,155.65,118525
2020-05-13,159.0,166.0,155.1,163.55,303684
2020-05-14,162.0,162.0,157.3,158.25,95337
2020-05-15,160.5,162.8,157.05,158.2,131270
2020-05-18,156.35,159.0,150.25,151.75,88345
2020-05-19,152.3,155.0,151.4,152.4,88484
2020-05-20,153.2,154.0,147.5,148.9,106254
2020-05-21,149.0,159.0,148.85,155.5,467908
2020-05-22,156.45,159.0,150.0,155.2,202343
2020-05-26,157.9,163.9,156.25,159.6,152469
2020-05-27,163.0,178.0,163.0,174.1,919964
2020-05-28,181.0,206.4,181.0,196.5,4420562
2020-05-29,190.5,204.9,184.0,195.75,1528261
2020-06-01,198.0,222.0,198.0,215.95,3229346
2020-06-02,217.0,222.8,209.45,212.85,1229063
2020-06-03,214.0,217.0,202.7,206.25,493425
2020-06-04,215.2,217.0,212.1,214.0,867354
2020-06-05,219.8,224.95,210.95,214.9,1320018
2020-06-08,219.0,219.0,207.65,210.85,481625
2020-06-09,210.0,218.7,210.0,211.95,647313
2020-06-10,213.5,228.0,211.15,225.8,1504471
2020-06-11,233.95,237.8,225.7,229.75,1733533
2020-06-12,220.0,229.0,215.25,226.1,902824
2020-06-15,222.6,228.6,220.6,222.7,329714
2020-06-16,225.9,227.0,220.0,222.0,371576
2020-06-17,220.0,238.5,220.0,236.35,1475328
2020-06-18,235.55,239.55,233.0,237.5,556297
2020-06-19,240.55,274.75,239.0,264.9,2769951
2020-06-22,267.45,279.8,265.75,276.3,1168270
2020-06-23,277.7,278.0,262.3,269.1,742136
2020-06-24,271.35,275.4,263.0,268.45,539484
2020-06-25,267.25,277.95,263.0,271.45,481664
2020-06-26,273.0,278.7,269.05,272.4,409151
2020-06-29,272.0,295.8,269.65,286.7,1865765
2020-06-30,288.95,291.0,273.75,276.75,659976
2020-07-01,275.0,275.25,266.1,269.35,534454
2020-07-02,270.1,274.0,265.1,266.0,554312
2020-07-03,267.95,272.8,263.0,264.1,370778
2020-07-06,266.0,277.8,262.4,269.05,957236
2020-07-07,269.9,272.6,262.6,263.75,462740
2020-07-08,263.75,268.5,257.35,259.3,918021
2020-07-09,261.0,271.9,260.0,269.8,767519
2020-07-10,269.4,274.0,268.2,270.4,530490
2020-07-13,272.5,274.9,261.0,270.75,791218
2020-07-14,270.0,283.7,260.35,280.7,1769318
2020-07-15,281.9,289.85,273.15,275.25,902082
2020-07-16,276.9,313.8,275.0,303.55,2228347
2020-07-17,306.0,309.5,287.4,292.45,1509661
2020-07-20,294.4,300.8,289.05,294.65,471012
2020-07-21,296.9,297.6,291.05,294.6,432232
2020-07-22,294.9,309.0,289.5,291.8,893553
2020-07-23,291.7,296.75,288.1,289.65,307907
2020-07-24,288.0,295.0,285.6,287.85,454232
2020-07-27,294.0,294.45,274.1,277.0,597400
2020-07-28,277.0,288.5,276.1,282.65,399308
2020-07-29,282.8,289.4,281.0,284.9,235267
2020-07-30,285.35,287.6,279.05,280.45,170228
2020-07-31,279.6,292.4,278.4,290.5,392958
2020-08-03,292.4,305.0,291.0,296.85,772401
2020-08-04,298.8,309.8,295.0,305.15,852916
2020-08-05,306.7,315.0,291.3,293.2,2404245
2020-08-06,298.0,301.0,291.25,293.35,514282
2020-08-07,293.0,303.5,291.05,298.05,552279
2020-08-10,299.4,302.95,296.0,297.9,368888
2020-08-11,304.2,304.9,289.0,291.05,436764
2020-08-12,291.5,297.9,288.1,293.35,240446
2020-08-13,293.0,295.1,290.2,291.85,627494
2020-08-14,292.75,293.1,277.25,281.45,224532
2020-08-17,283.4,283.65,272.0,272.75,350241
2020-08-18,274.45,292.0,272.15,286.8,895718
2020-08-19,289.0,291.7,284.1,288.15,447688
2020-08-20,286.0,287.0,280.85,282.25,196852
2020-08-21,283.65,289.9,281.5,286.05,491256
2020-08-24,287.9,298.0,283.85,295.1,805778
2020-08-25,298.0,299.8,293.0,294.95,355060
2020-08-26,294.9,301.0,286.25,288.6,785123
2020-08-27,290.0,297.0,286.65,290.4,416281
2020-08-28,291.85,294.65,288.5,290.6,336889
2020-08-31,291.05,297.0,273.3,286.65,479615
2020-09-01,285.0,299.95,283.75,294.0,652238
2020-09-02,296.0,300.0,293.4,298.9,462301
2020-09-03,299.45,305.9,294.0,296.15,534164
2020-09-04,292.0,295.5,288.1,290.2,392179
2020-09-07,292.0,295.05,285.0,291.75,320428
2020-09-08,292.2,295.0,285.1,287.6,254002
2020-09-09,288.7,288.7,278.15,286.3,362081
2020-09-10,287.0,297.5,287.0,294.05,302599
2020-09-11,297.0,298.35,290.45,292.1,331124
2020-09-14,297.0,312.5,295.05,310.2,1158464
2020-09-15,315.1,325.0,309.0,317.8,2395469
2020-09-16,316.35,318.0,312.35,317.2,594636
2020-09-17,315.0,319.1,311.0,312.1,299848
2020-09-18,310.5,313.45,299.45,301.9,1709478
2020-09-21,301.9,308.5,283.05,286.3,387299
2020-09-22,287.2,294.8,272.4,287.9,491924
2020-09-23,290.0,293.0,281.15,287.8,185748
2020-09-24,287.45,287.45,275.45,277.2,164356
2020-09-25,278.6,283.3,274.4,278.1,174654
2020-09-28,281.0,285.3,276.6,277.75,294760
2020-09-29,278.95,282.7,273.0,275.05,329621
2020-09-30,275.5,286.65,274.8,282.95,365155
2020-10-01,283.95,285.9,279.25,280.0,169133
2020-10-05,282.5,290.7,280.45,287.1,406061
2020-10-06,289.85,291.75,282.4,283.2,227881
2020-10-07,283.8,288.0,281.0,283.3,167682
2020-10-08,283.7,286.0,277.2,279.75,144386
2020-10-09,279.75,282.9,277.05,278.8,124631
2020-10-12,279.95,282.0,262.2,270.65,186246
2020-10-13,269.65,271.25,261.5,262.9,159625
2020-10-14,262.0,266.65,260.1,262.95,246524
2020-10-15,263.8,265.45,260.05,260.95,149189
2020-10-16,261.05,266.5,260.1,263.2,111300
2020-10-19,264.5,275.45,263.1,264.55,278991
2020-10-20,264.7,273.8,264.7,270.05,204380
2020-10-21,271.35,285.0,271.0,283.3,324495
2020-10-22,284.0,289.0,281.0,285.15,501891
2020-10-23,285.8,288.9,277.0,279.2,198371
2020-10-26,280.85,292.7,280.4,285.1,715109
2020-10-27,286.0,289.65,279.05,280.1,328927
2020-10-28,280.1,287.95,278.0,279.8,158802
2020-10-29,277.6,281.35,273.1,275.6,149575
2020-10-30,275.1,283.0,271.05,275.7,108591
2020-11-02,271.1,275.0,269.25,273.65,82098
2020-11-03,275.0,279.85,272.5,273.25,88466
2020-11-04,272.25,278.15,272.05,274.45,78965
2020-11-05,275.85,287.0,274.35,284.6,258195
2020-11-06,283.65,288.95,282.35,283.95,1129478
2020-11-09,286.4,289.9,283.5,285.85,130587
2020-11-10,299.0,299.0,282.0,286.5,1282897
2020-11-11,287.35,288.8,281.0,281.95,206717
2020-11-12,283.4,290.05,283.1,287.6,225913
2020-11-13,288.2,288.2,282.0,284.25,162471
2020-11-14,286.9,289.0,285.0,288.05,38519
2020-11-17,289.0,302.45,283.55,300.15,670279
2020-11-18,303.0,309.5,302.95,306.2,404746
2020-11-19,304.0,308.75,303.0,306.8,197015
2020-11-20,306.65,312.0,302.55,309.45,446296
2020-11-23,315.0,325.0,310.8,323.3,1006349
2020-11-24,325.0,332.4,325.0,329.9,501324
2020-11-25,331.0,331.7,324.35,326.95,223817
2020-11-26,332.95,342.55,330.0,338.2,965658
2020-11-27,339.0,351.55,334.0,346.8,894766
2020-12-01,346.95,350.0,342.5,343.95,241156
2020-12-02,344.0,346.95,336.5,338.1,295896
2020-12-03,341.0,344.0,331.6,331.95,333331
2020-12-04,332.75,338.75,328.9,337.55,273243
2020-12-07,338.05,343.9,331.0,339.2,357143
2020-12-08,341.4,345.9,334.0,336.75,217773
2020-12-09,336.4,339.3,327.05,328.65,329242
2020-12-10,330.0,343.75,327.85,339.3,879624
2020-12-11,340.0,347.95,337.1,339.2,367620
2020-12-14,342.0,345.9,338.1,338.65,386288
2020-12-15,338.9,341.75,335.1,337.2,238592
2020-12-16,340.0,344.45,338.85,342.1,243765
2020-12-17,349.0,355.0,338.0,338.5,832175
2020-12-18,339.9,342.2,336.0,337.85,141009
2020-12-21,337.85,339.95,312.55,317.0,263021
2020-12-22,319.0,327.0,311.45,313.95,374041
2020-12-23,316.95,325.95,316.75,324.55,274941
2020-12-24,325.2,329.8,321.0,323.8,213308
2020-12-28,325.25,340.0,325.25,329.0,379861
2020-12-29,331.0,336.35,331.0,333.9,198712
2020-12-30,353.5,366.0,344.05,352.25,3273940
2020-12-31,353.0,353.4,341.0,343.65,457320
2021-01-01,343.0,346.95,343.0,344.8,212834
2021-01-04,347.0,348.15,338.1,339.65,381302
2021-01-05,337.0,347.3,336.6,344.8,313507
2021-01-06,346.5,348.2,333.05,335.2,426061
2021-01-07,339.65,339.85,330.0,331.65,295748
2021-01-08,334.65,336.6,330.0,331.9,220563
2021-01-11,336.9,347.7,332.85,345.15,1122339
2021-01-12,346.0,354.6,345.3,349.3,568912
2021-01-13,351.0,353.15,340.0,347.45,316940
2021-01-14,350.1,354.0,344.05,347.85,206950
2021-01-15,348.1,350.8,344.45,347.4,132499
2021-01-18,345.1,347.0,336.0,339.65,125911
2021-01-19,340.85,343.0,337.3,338.65,77134
2021-01-20,338.1,347.0,338.1,345.4,119672
2021-01-21,346.0,369.0,346.0,365.7,1185337
2021-01-22,368.0,371.7,349.8,351.7,418235
2021-01-25,353.5,360.0,348.0,349.5,297406
2021-01-27,350.1,351.25,338.5,342.1,177267
2021-01-28,339.0,343.7,335.4,341.35,137480
2021-01-29,343.1,346.65,338.5,340.55,105967
2021-02-01,340.95,351.9,336.45,348.65,157250
2021-02-02,350.85,356.25,336.35,340.25,226464
2021-02-03,338.85,349.6,338.0,341.15,314709
2021-02-04,341.6,347.5,339.0,339.8,192543
2021-02-05,341.1,352.0,340.55,342.6,340453
2021-02-08,346.0,350.0,342.25,345.3,234591
2021-02-09,340.0,342.0,329.45,331.15,326349
2021-02-10,332.35,340.0,327.6,329.25,542442
2021-02-11,328.8,333.8,327.0,328.05,276883
2021-02-12,328.1,331.4,317.15,319.4,229752
2021-02-15,319.85,325.75,313.0,313.9,289043
2021-02-16,315.0,319.0,314.45,315.35,128404
2021-02-17,315.35,327.0,313.4,325.8,302427
2021-02-18,327.0,331.5,320.1,321.25,276792
2021-02-19,321.15,327.25,317.0,319.3,232812
2021-02-22,319.3,324.6,312.0,313.3,163630
2021-02-23,316.7,324.5,313.6,320.35,482954
2021-02-24,321.2,327.0,317.1,319.5,194299
2021-02-25,320.65,324.5,318.1,321.75,227651
2021-02-26,317.15,326.0,314.6,317.8,203187
2021-03-01,318.95,340.0,318.0,335.95,1246142
2021-03-02,339.0,341.0,331.3,338.6,283451
2021-03-03,340.0,350.0,338.55,343.2,455239
2021-03-04,343.2,356.25,339.25,350.95,443632
2021-03-05,349.5,360.0,340.0,343.85,428682
2021-03-08,346.25,366.45,346.0,354.95,643044
2021-03-09,357.8,364.7,351.0,355.55,447595
2021-03-10,358.65,363.25,352.05,361.55,253953
2021-03-12,365.0,365.55,352.3,354.6,217066
2021-03-15,355.45,355.95,342.0,344.65,135264
2021-03-16,344.0,349.3,342.1,345.7,96728
2021-03-17,345.0,354.05,341.05,342.0,159995
2021-03-18,345.0,348.65,337.7,340.2,121659
2021-03-19,337.55,343.85,331.0,338.55,140521
2021-03-22,336.95,343.7,320.55,334.15,117805
2021-03-23,333.6,341.9,333.0,335.5,71516
2021-03-24,332.25,344.4,331.6,335.8,187205
2021-03-25,336.75,342.55,325.5,327.85,189027
2021-03-26,335.0,335.0,320.05,324.25,197357
2021-03-30,327.0,331.95,321.45,324.5,119898
2021-03-31,322.5,327.75,316.0,318.35,121357
2021-04-01,320.0,326.5,319.6,324.35,131061
2021-04-05,324.95,324.95,302.5,314.3,378813
2021-04-06,315.95,320.55,315.0,317.55,113864
2021-04-07,317.75,327.0,316.85,325.25,154073
2021-04-08,325.0,335.85,324.6,328.9,734193
2021-04-09,329.9,339.0,329.9,333.45,361459
2021-04-12,327.0,327.9,308.85,311.05,370987
2021-04-13,312.0,330.9,308.2,311.6,847455
2021-04-15,315.0,330.4,313.0,322.75,947937
2021-04-16,324.3,328.65,317.2,319.15,351293
2021-04-19,315.95,324.95,311.0,314.85,321823
2021-04-20,316.0,320.9,312.2,314.1,175578
2021-04-22,315.0,324.8,315.0,321.25,274363
2021-04-23,319.0,334.95,318.35,330.5,845345
2021-04-26,335.0,339.0,321.2,322.95,206852
2021-04-27,325.0,327.1,319.1,320.05,201043
2021-04-28,322.5,325.0,319.2,320.0,277469
2021-04-29,322.0,328.5,318.0,323.55,253646
2021-04-30,323.0,355.95,322.0,346.55,3227618
2021-05-03,351.7,414.4,349.05,402.75,8035541
2021-05-04,412.0,434.0,383.1,388.4,4461128
2021-05-05,390.05,426.6,390.05,421.65,4891795
2021-05-06,420.15,428.9,399.4,419.5,1318359
2021-05-07,427.0,439.0,412.1,419.05,1797880
2021-05-10,422.0,449.4,415.9,439.3,1618192
2021-05-11,436.65,455.0,428.1,435.9,756275
2021-05-12,439.2,445.6,414.0,419.85,430625
2021-05-14,419.85,423.5,400.55,409.25,324614
2021-05-17,408.0,435.9,401.55,425.6,768197
2021-05-18,429.2,432.0,415.0,418.45,261488
2021-05-19,416.95,435.0,415.5,427.25,601848
2021-05-20,430.9,430.95,419.05,422.9,304773
2021-05-21,421.9,421.9,413.0,417.35,284037
2021-05-24,417.0,428.25,414.05,416.4,383047
2021-05-25,418.0,425.0,414.2,417.35,573441
2021-05-26,416.4,427.0,416.4,419.85,239783
2021-05-27,420.2,424.0,414.6,421.85,259730
2021-05-28,423.0,424.05,414.8,415.7,152782
2021-05-31,418.1,428.5,416.3,418.05,498474
2021-06-01,418.9,427.5,414.5,415.8,291615
2021-06-02,417.0,420.55,414.0,416.15,200610
2021-06-03,424.4,427.8,419.4,423.1,464648
2021-06-04,425.5,427.9,418.0,419.55,318661
2021-06-07,424.1,448.0,424.1,439.6,2429977
2021-06-08,447.0,463.8,437.2,457.55,2606028
2021-06-09,460.0,463.7,434.0,440.05,1064259
2021-06-10,441.95,449.9,440.05,444.05,780967
2021-06-11,445.1,448.0,434.25,440.25,650952
2021-06-14,442.4,447.0,426.05,436.3,686456
2021-06-15,437.0,444.0,434.25,438.55,329728
2021-06-16,438.0,445.0,425.55,427.4,693017
2021-06-17,425.0,432.0,402.0,428.5,380445
2021-06-18,432.0,434.5,403.6,424.35,821605
2021-06-21,421.05,437.8,420.0,432.35,639655
2021-06-22,435.75,442.85,430.25,434.1,405269
2021-06-23,436.0,437.7,426.1,429.25,240875
2021-06-24,429.25,442.35,421.35,429.5,2138271
2021-06-25,432.95,461.35,428.25,450.7,3153540
2021-06-28,454.0,470.3,454.0,458.05,2279508
2021-06-29,461.0,468.6,437.0,445.5,1513808
2021-06-30,430.0,438.7,425.0,426.45,1326100
2021-07-01,425.0,434.3,413.0,415.0,888664
2021-07-02,415.0,423.95,414.5,417.0,614540
2021-07-05,418.25,428.15,418.2,420.0,998184
2021-07-06,420.05,426.4,414.25,415.9,578451
2021-07-07,417.05,421.0,415.3,416.9,332538
2021-07-08,416.0,428.0,409.25,410.15,942350
2021-07-09,412.1,417.7,409.5,414.7,750699
2021-07-12,418.0,422.35,410.55,412.35,497230
2021-07-13,414.65,418.45,409.0,409.1,974028
2021-07-14,411.55,413.0,405.25,406.45,378752
2021-07-15,408.0,409.9,403.55,404.7,263212
2021-07-16,406.3,417.5,403.55,416.0,648251
2021-07-19,414.95,424.0,411.15,418.2,601708
2021-07-20,418.55,421.2,405.05,409.95,326994
2021-07-22,412.0,418.0,411.8,413.15,243210
2021-07-23,414.4,417.3,411.5,412.3,145922
2021-07-26,415.0,428.0,415.0,425.95,790445
2021-07-27,431.0,439.65,429.0,435.3,1063261
2021-07-28,438.5,440.55,425.6,430.7,442255
2021-07-29,430.5,444.0,430.5,437.55,736403
2021-07-30,435.0,448.8,433.1,437.0,875565
2021-08-02,439.0,440.95,428.0,429.85,332713
2021-08-03,430.0,432.7,422.45,424.85,170410
2021-08-04,425.25,430.85,418.35,423.75,257055
2021-08-05,424.9,425.45,410.15,417.25,262703
2021-08-06,417.4,429.0,414.0,415.2,264793
2021-08-09,415.2,419.05,404.0,405.95,265095
2021-08-10,405.0,408.85,386.2,391.95,429026
2021-08-11,393.9,402.3,377.3,387.95,601551
2021-08-12,389.0,408.9,389.0,407.45,316826
2021-08-13,410.0,418.8,398.8,401.6,446267
2021-08-16,402.8,415.7,402.5,410.45,350907
2021-08-17,417.0,419.9,410.55,415.9,579744
2021-08-18,417.0,419.7,409.0,414.15,288632
2021-08-20,407.0,410.4,400.25,401.95,178215
2021-08-23,404.0,407.0,384.0,386.1,217182
2021-08-24,386.95,393.5,386.2,391.0,231905
2021-08-25,392.75,424.9,391.4,418.75,902282
2021-08-26,420.7,423.75,410.25,414.55,356415
2021-08-27,412.6,412.6,405.1,408.15,149403
2021-08-30,410.0,413.05,403.8,405.55,131319
2021-08-31,407.75,412.4,400.2,403.75,153222
2021-09-01,406.8,413.4,395.0,396.65,371513
2021-09-02,398.9,410.7,398.0,407.7,301220
2021-09-03,409.65,411.7,405.4,409.05,128560
2021-09-06,410.5,411.8,403.1,408.55,159032
2021-09-07,407.0,411.45,403.25,404.2,100820
2021-09-08,407.0,414.25,404.0,406.35,459389
2021-09-09,405.5,411.0,404.2,405.95,158752
2021-09-13,408.0,431.0,400.3,426.8,684232
2021-09-14,428.65,429.0,415.25,422.0,401242
2021-09-15,423.0,429.0,420.3,427.05,268251
2021-09-16,428.8,450.0,428.25,444.4,873380
2021-09-17,446.4,449.2,425.65,433.8,689114
2021-09-20,433.0,437.1,414.0,419.1,213149
2021-09-21,417.75,427.8,411.3,425.25,179275
2021-09-22,424.75,444.0,423.0,442.5,346777
2021-09-23,444.5,446.85,431.1,433.3,198907
2021-09-24,439.4,448.0,425.25,427.2,447282
2021-09-27,425.0,428.45,419.1,423.9,107595
2021-09-28,422.0,426.55,415.3,418.6,147881
2021-09-29,413.9,422.9,413.9,415.45,113464
2021-09-30,414.6,425.0,409.1,420.7,164953
2021-10-01,419.5,430.0,418.0,428.15,210879
2021-10-04,433.0,442.0,425.0,435.75,508524
2021-10-05,435.7,444.0,435.0,438.4,386593
2021-10-06,440.0,451.15,432.7,435.1,479964
2021-10-07,439.0,446.0,432.0,435.7,235397
2021-10-08,438.0,447.75,434.7,437.0,393892
2021-10-11,437.4,441.9,433.6,436.4,145763
2021-10-12,437.55,476.5,433.75,472.55,1879939
2021-10-13,478.0,510.0,475.5,482.7,1957849
2021-10-14,482.7,488.0,468.65,484.95,702855
2021-10-18,487.1,504.0,480.0,494.7,944457
2021-10-19,495.0,495.0,470.2,472.75,380274
2021-10-20,469.0,484.0,457.4,478.2,296765
2021-10-21,483.4,491.5,472.85,478.7,332790
2021-10-22,483.0,489.0,461.0,470.0,252247
2021-10-25,470.0,470.05,445.0,455.65,204259
2021-10-26,449.35,467.9,449.35,463.75,126072
2021-10-27,463.8,467.9,453.6,455.35,99127
2021-10-28,458.9,464.45,450.55,453.95,251998
2021-10-29,450.5,459.0,446.1,456.95,142133
2021-11-01,457.2,464.0,452.75,458.1,318267
2021-11-02,461.75,474.0,461.75,464.65,321385
2021-11-03,466.0,478.7,466.0,474.2,335852
2021-11-04,477.0,485.4,477.0,480.65,86429
2021-11-08,484.9,492.0,477.75,485.8,348494
2021-11-09,470.0,509.8,464.0,503.3,1382860
2021-11-10,503.0,532.9,500.05,505.05,1412877
2021-11-11,508.0,513.3,500.05,505.2,558479
2021-11-12,508.9,512.6,502.1,503.9,245040
2021-11-15,503.9,507.5,491.0,493.0,216429
2021-11-16,493.75,502.0,490.05,492.75,181469
2021-11-17,486.75,511.25,485.0,506.75,468918
2021-11-18,503.85,529.0,497.2,504.55,945085
2021-11-22,500.1,503.35,469.5,472.15,304779
2021-11-23,468.8,480.1,464.6,472.0,141776
2021-11-24,474.7,500.5,474.7,481.35,493096
2021-11-25,478.0,488.0,472.75,485.3,135886
2021-11-26,479.0,485.35,455.8,459.75,167000
2021-11-29,455.0,455.0,400.35,442.35,173376
2021-11-30,440.0,479.0,439.95,466.45,590670
2021-12-01,467.0,474.25,462.9,465.9,131990
2021-12-02,462.5,472.35,462.5,468.45,71562
2021-12-03,466.5,485.0,466.5,481.0,279903
2021-12-06,481.0,484.4,470.2,473.95,119876
2021-12-07,474.5,482.75,471.2,474.1,232811
2021-12-08,476.5,479.0,468.8,471.05,78028
2021-12-09,469.5,492.6,468.05,475.95,267107
2021-12-10,474.0,479.0,469.5,475.6,97967
2021-12-13,475.7,493.6,475.65,484.1,313009
2021-12-14,482.0,482.7,469.85,471.65,116100
2021-12-15,470.8,479.95,467.2,470.55,171357
2021-12-16,472.2,478.8,467.75,473.85,110943
2021-12-17,476.9,476.9,459.1,466.35,153607
2021-12-20,466.05,466.05,436.0,443.15,129277
2021-12-21,444.15,453.55,440.4,444.4,125286
2021-12-22,445.1,452.4,441.8,444.75,75821
2021-12-23,445.6,453.4,442.0,443.9,86767
2021-12-24,447.65,448.85,432.95,435.3,106861
2021-12-27,434.4,439.0,430.5,435.65,55718
2021-12-28,434.35,453.5,434.35,450.15,182338
2021-12-29,454.0,458.4,449.0,450.65,170078
2021-12-30,450.95,457.7,450.0,451.4,82715
2021-12-31,450.45,456.95,449.45,451.35,64620
2022-01-03,451.65,461.25,451.5,455.8,100822
2022-01-04,456.0,509.4,456.0,500.75,2420950
2022-01-05,491.6,495.8,478.0,481.0,523096
2022-01-06,478.55,502.9,471.0,476.55,1135274
2022-01-07,477.8,483.3,471.85,476.05,236536
2022-01-10,483.0,489.95,479.05,484.05,227615
2022-01-11,483.0,493.3,476.6,483.85,223527
2022-01-12,489.0,494.0,480.5,487.65,201891
2022-01-13,488.0,496.5,480.35,488.95,389716
2022-01-14,487.3,521.2,486.5,517.35,1170527
2022-01-17,519.45,528.3,512.3,517.2,658265
2022-01-18,519.75,532.9,495.55,502.35,535800
2022-01-19,498.0,513.6,496.3,509.0,442889
2022-01-20,508.4,518.0,505.3,508.4,250496
2022-01-21,505.5,510.9,491.0,497.6,190291
2022-01-24,498.0,499.0,461.05,466.6,204039
2022-01-25,464.1,476.85,453.1,461.2,280484
2022-01-27,457.0,473.45,456.25,468.45,180835
2022-01-28,470.8,484.3,466.0,467.6,177175
2022-01-31,472.0,489.3,472.0,484.9,163011
2022-02-01,485.85,488.95,474.0,477.55,191857
2022-02-02,478.8,483.4,470.2,472.3,105777
2022-02-03,472.65,495.25,469.4,487.35,362764
2022-02-04,490.0,498.0,485.3,488.1,257881
2022-02-07,489.9,504.95,487.05,494.9,344294
2022-02-08,494.9,496.9,471.5,477.5,215398
2022-02-09,483.1,485.0,468.0,480.4,238803
2022-02-10,481.9,485.4,469.0,470.4,307898
2022-02-11,465.0,467.5,452.3,454.35,268077
2022-02-14,440.0,449.0,431.0,434.2,148739
2022-02-15,435.5,443.0,418.65,433.0,302349
2022-02-16,434.25,443.0,420.35,424.6,490366
2022-02-17,424.0,424.0,412.0,414.15,328352
2022-02-18,413.9,416.15,402.3,411.05,953677
2022-02-21,408.9,415.0,399.1,410.7,327999
2022-02-22,399.5,413.95,395.0,396.2,313383
2022-02-23,400.1,422.0,400.1,420.05,518476
2022-02-24,410.0,423.55,401.85,405.0,523099
2022-02-25,410.0,437.9,410.0,421.2,528041
2022-02-28,409.85,417.0,407.35,413.95,426326
2022-03-02,414.0,422.2,405.6,408.2,417092
2022-03-03,411.8,418.0,394.4,400.2,625654
2022-03-04,394.0,414.0,391.75,406.75,534519
2022-03-07,393.0,407.0,393.0,403.6,673232
2022-03-08,405.0,417.0,404.9,409.05,433200
2022-03-09,411.0,415.25,403.0,408.1,666946
2022-03-10,411.0,415.45,406.0,408.1,316718
2022-03-11,408.95,434.7,407.35,426.05,1822799
2022-03-14,427.4,448.0,424.3,436.75,2020003
2022-03-15,438.85,444.6,402.4,420.95,761096
2022-03-16,422.1,436.0,422.1,426.75,277629
2022-03-17,429.0,438.5,428.55,433.4,411068
2022-03-21,434.95,447.85,434.95,436.75,447535
2022-03-22,436.75,452.9,436.75,444.25,486040
2022-03-23,444.95,454.25,442.05,444.55,226200
2022-03-24,443.0,449.0,437.15,438.4,181479
2022-03-25,441.0,442.6,427.7,440.1,303779
2022-03-28,441.0,446.05,432.65,436.0,189218
2022-03-29,436.0,439.3,431.0,435.1,168561
2022-03-30,436.5,464.7,436.0,459.1,719760
2022-03-31,463.7,466.0,450.05,452.45,244836
2022-04-01,452.0,457.0,447.7,450.95,225046
2022-04-04,451.0,466.05,451.0,459.8,414566
2022-04-05,458.0,471.0,458.0,467.4,312666
2022-04-06,467.0,479.0,461.5,464.35,654395
2022-04-07,465.0,484.45,465.0,475.15,786930
2022-04-08,477.55,485.55,474.0,480.05,267374
2022-04-11,480.05,507.0,480.05,504.4,694542
2022-04-12,505.5,522.8,487.15,515.1,724173
2022-04-13,519.7,520.0,501.25,505.65,346654
2022-04-18,500.0,528.1,492.6,514.0,736678
2022-04-19,520.0,532.0,485.5,499.05,517803
2022-04-20,496.0,506.6,490.25,492.4,220977
2022-04-21,495.25,509.4,495.25,503.8,259545
2022-04-22,501.65,545.65,501.0,519.05,2165447
2022-04-25,516.0,529.45,506.3,520.2,839160
2022-04-26,523.0,547.0,522.05,543.15,946073
2022-04-27,543.15,549.85,514.4,522.45,787087
2022-04-28,524.5,530.35,523.05,526.6,261161
2022-04-29,529.0,535.0,524.5,530.95,375261
2022-05-02,531.5,537.85,523.25,529.55,247835
2022-05-04,531.0,542.2,522.0,530.6,501198
2022-05-05,534.0,539.5,507.1,512.05,399117
2022-05-06,503.35,504.0,483.2,489.45,318243
2022-05-09,483.85,488.9,471.0,474.0,182723
2022-05-10,475.65,502.0,475.65,488.65,757661
2022-05-11,485.0,496.0,471.1,488.5,286901
2022-05-12,484.0,484.0,453.65,463.0,337395
2022-05-13,469.0,490.75,466.3,480.8,238516
2022-05-16,483.25,492.1,476.1,483.45,192780
2022-05-17,485.9,502.0,485.9,499.7,250449
2022-05-18,515.0,515.0,487.55,492.2,1113294
2022-05-19,487.9,498.0,479.0,489.2,338090
2022-05-20,494.5,497.45,490.05,493.3,179343
2022-05-23,493.45,498.9,486.0,491.5,182988
2022-05-24,491.8,497.5,473.6,480.2,531588
2022-05-25,482.0,492.05,472.9,481.35,588746
2022-05-26,480.15,505.0,474.0,502.05,484991
2022-05-27,510.0,534.3,505.3,528.8,988271
2022-05-30,535.0,569.8,520.55,558.05,1789655
2022-05-31,561.45,576.0,547.6,555.65,1752633
2022-06-01,552.65,558.5,524.5,535.45,728527
2022-06-02,535.45,544.8,529.0,538.4,597724
2022-06-03,541.0,548.0,520.5,522.75,288305
2022-06-06,522.0,544.75,522.0,538.65,518270
2022-06-07,533.6,549.8,530.55,545.25,416479
2022-06-08,547.0,547.6,533.0,538.55,273910
2022-06-09,531.0,539.0,527.0,537.75,163848
2022-06-10,533.1,558.35,533.1,537.45,754233
2022-06-13,532.5,544.5,521.6,525.2,275357
2022-06-14,525.0,544.0,525.0,537.85,261732
2022-06-15,545.0,552.65,530.2,535.95,360647
2022-06-16,536.0,544.0,507.5,516.65,304473
2022-06-17,517.4,517.4,484.1,495.9,520761
2022-06-20,494.95,495.55,453.65,464.1,292200
2022-06-21,469.2,554.8,469.2,546.2,3082354
2022-06-22,540.0,540.0,492.0,503.3,1548922
2022-06-23,504.8,510.85,481.1,486.75,695212
2022-06-24,490.1,514.0,490.1,507.0,606260
2022-06-27,513.9,516.95,507.25,513.95,238530
2022-06-28,512.4,517.95,500.2,502.95,282376
2022-06-29,499.0,542.0,496.6,538.15,1275356
2022-06-30,530.0,535.6,518.05,530.6,353971
2022-07-01,525.5,532.55,513.0,526.75,228073
2022-07-04,528.8,537.85,518.15,520.0,247384
2022-07-05,526.75,545.5,506.35,509.5,731782
2022-07-06,512.95,526.0,508.0,522.75,365121
2022-07-07,522.75,529.6,520.05,527.25,182725
2022-07-08,529.2,554.7,529.2,547.2,1039271
2022-07-11,547.2,552.0,540.25,547.35,417681
2022-07-12,548.0,567.0,541.4,563.1,1057144
2022-07-13,568.8,573.0,555.0,557.85,460756
2022-07-14,557.55,560.95,540.25,546.8,315318
2022-07-15,550.0,556.75,540.3,550.25,351136
2022-07-18,553.0,558.95,548.7,556.4,360862
2022-07-19,553.8,568.0,553.75,558.6,354256
2022-07-20,561.6,566.1,551.0,554.65,282888
2022-07-21,557.5,574.1,555.1,559.8,673284
2022-07-22,562.6,569.95,553.2,557.15,437237
2022-07-25,556.5,580.9,552.05,563.55,937112
2022-07-26,565.5,565.5,552.5,557.7,421920
2022-07-27,558.5,567.85,548.0,553.8,533945
2022-07-28,556.0,562.55,550.0,554.2,295352
2022-07-29,555.3,562.95,550.15,559.85,369606
2022-08-01,561.0,564.85,554.45,556.6,264549
2022-08-02,556.5,565.9,553.3,557.15,275330
2022-08-03,558.0,563.95,545.05,547.0,274011
2022-08-04,547.8,559.95,545.0,552.0,248909
2022-08-05,552.0,558.7,548.15,551.45,141367
2022-08-08,552.1,563.25,552.0,558.25,248136
2022-08-10,563.75,574.0,553.85,555.85,689573
2022-08-11,559.8,591.3,553.0,581.35,1443336
2022-08-12,584.8,589.5,575.6,579.85,401298
2022-08-16,582.7,582.7,569.55,580.1,199468
2022-08-17,579.9,579.9,565.3,568.3,218614
2022-08-18,569.95,584.9,567.75,570.1,388877
2022-08-19,570.0,583.5,541.05,550.85,545031
2022-08-22,550.0,550.8,518.4,521.4,397968
2022-08-23,520.35,537.0,520.0,530.6,441369
2022-08-24,530.6,536.85,521.85,526.25,394308
2022-08-25,530.0,534.5,523.0,525.2,272798
2022-08-26,527.85,531.0,526.15,529.8,143661
2022-08-29,522.0,530.3,519.95,525.9,227218
2022-08-30,526.0,536.9,526.0,529.85,275075
2022-09-01,529.0,542.5,526.7,539.2,319596
2022-09-02,542.05,546.9,528.1,530.55,259705
2022-09-05,531.0,538.0,530.0,534.65,206815
2022-09-06,535.7,557.85,530.0,555.75,704960
2022-09-07,550.0,566.0,550.0,561.25,464451
2022-09-08,564.3,567.3,558.0,564.5,167679
2022-09-09,565.0,566.6,546.0,549.55,146588
2022-09-12,552.0,564.4,552.0,557.0,179712
2022-09-13,558.25,567.35,552.4,554.05,269495
2022-09-14,540.05,568.35,540.05,565.3,476994
2022-09-15,567.0,609.95,567.0,595.35,2392800
2022-09-16,595.0,608.8,570.0,598.55,799975
2022-09-19,601.6,604.75,578.4,585.9,420510
2022-09-20,585.25,599.25,585.25,588.4,281347
2022-09-21,588.2,596.05,576.0,578.6,318933
2022-09-22,574.2,581.5,569.5,573.0,159226
2022-09-23,575.0,586.9,561.65,568.75,230820
2022-09-26,565.0,565.65,540.6,553.3,227188
2022-09-27,553.0,578.0,553.0,570.45,553637
2022-09-28,574.05,574.45,554.8,561.15,217190
2022-09-29,564.0,598.6,563.7,578.3,1103705
2022-09-30,579.95,599.95,578.55,597.75,523132
2022-10-03,596.0,596.2,577.55,586.6,262224
2022-10-04,592.0,597.0,586.0,589.6,130271
2022-10-06,589.6,619.95,589.5,604.6,638571
2022-10-07,607.65,621.9,606.6,615.8,477952
2022-10-10,616.0,626.45,601.15,605.8,517153
2022-10-11,605.95,623.0,597.0,601.15,357071
2022-10-12,605.35,609.85,587.45,602.55,373895
2022-10-13,603.9,618.25,599.0,614.6,309906
2022-10-14,620.5,622.65,611.0,614.55,209936
2022-10-17,614.0,619.5,610.3,615.6,368786
2022-10-18,618.7,624.0,605.05,613.6,338695
2022-10-19,612.0,639.0,601.35,634.55,709069
2022-10-20,627.0,670.0,622.3,662.0,1002953
2022-10-21,661.0,661.0,625.55,629.25,513984
2022-10-24,632.0,634.9,628.2,631.85,56627
2022-10-25,631.1,638.4,617.45,620.05,428258
2022-10-27,620.95,634.65,610.6,615.25,258909
2022-10-28,615.0,617.9,587.65,590.5,330289
2022-10-31,593.5,624.8,582.6,619.4,511596
2022-11-01,620.0,624.6,602.05,603.65,331647
2022-11-02,606.7,617.3,603.0,611.55,270253
2022-11-03,611.0,644.6,611.0,635.85,557546
2022-11-04,645.0,645.4,637.55,642.1,456431
2022-11-07,645.0,645.05,624.5,642.75,292399
2022-11-09,642.75,642.75,628.05,633.85,170980
2022-11-10,630.1,645.0,618.5,625.1,218503
2022-11-11,628.1,634.0,614.0,618.45,176454
2022-11-14,621.55,626.0,611.6,622.05,406457
2022-11-15,624.9,629.4,617.4,627.3,260015
2022-11-16,631.35,643.5,627.0,632.15,554373
2022-11-17,631.25,632.5,621.75,629.85,93352
2022-11-18,628.0,634.15,623.55,626.2,307805
2022-11-21,627.5,632.5,622.9,630.9,153749
2022-11-22,630.75,632.5,615.25,621.85,143265
2022-11-23,618.0,619.15,606.5,608.7,180976
2022-11-24,608.1,623.2,607.05,610.55,229048
2022-11-25,611.45,617.0,605.2,613.05,123144
2022-11-28,611.7,613.45,604.0,611.05,116415
2022-11-29,612.8,614.5,595.0,595.95,221207
2022-11-30,595.45,606.0,586.0,602.4,358084
2022-12-01,603.85,606.85,593.4,596.95,149137
2022-12-02,594.0,606.25,591.1,603.95,222836
2022-12-05,600.15,607.2,597.9,600.5,150444
2022-12-06,600.45,602.15,595.5,598.75,123269
2022-12-07,598.95,600.45,595.75,597.9,85561
2022-12-08,596.65,605.0,580.5,588.2,193438
2022-12-09,588.4,596.95,586.8,590.0,68766
2022-12-12,590.0,590.9,581.0,582.45,82331
2022-12-13,582.85,584.85,573.3,579.1,128542
2022-12-14,582.0,595.0,581.0,587.4,141604
2022-12-15,587.4,589.4,575.0,578.0,82149
2022-12-16,576.0,601.0,574.2,597.9,633853
2022-12-19,600.0,628.0,599.0,606.2,847253
2022-12-20,608.55,614.65,595.35,598.05,214720
2022-12-21,602.8,614.0,560.0,565.0,370480
2022-12-22,572.0,579.0,551.6,568.85,227599
2022-12-23,550.65,558.5,539.0,541.75,216656
2022-12-26,541.95,569.0,531.1,562.4,266307
2022-12-27,575.0,584.1,563.2,569.85,383905
2022-12-28,570.7,574.4,564.35,569.45,237853
2022-12-29,570.7,571.95,561.35,563.95,193899
2022-12-30,567.4,577.0,564.45,568.55,134994
2023-01-02,569.65,584.7,565.25,583.45,315209
2023-01-03,583.0,584.7,571.0,575.8,147787
2023-01-04,576.3,577.15,558.55,562.25,211065
2023-01-05,562.95,568.4,551.8,554.6,152966
2023-01-06,551.2,558.05,548.6,554.7,106199
2023-01-09,556.0,562.9,553.05,556.6,99980
2023-01-10,556.6,561.4,548.15,550.95,58826
2023-01-11,553.0,558.95,543.5,546.35,266386
2023-01-12,546.0,551.25,534.55,537.2,112339
2023-01-13,539.0,551.0,532.0,549.0,143119
2023-01-16,550.3,554.2,542.05,544.35,76051
2023-01-17,544.0,547.75,534.0,539.45,97197
2023-01-18,550.0,550.5,538.85,549.3,397633
2023-01-19,548.65,549.1,542.35,547.15,103237
2023-01-20,545.6,550.5,541.05,541.8,111418
2023-01-23,541.0,545.25,536.7,543.3,89238
2023-01-24,542.05,547.0,538.5,543.6,116669
2023-01-25,542.05,544.0,534.0,541.0,85546
2023-01-27,541.0,546.95,520.0,530.4,184529
2023-01-30,526.0,528.65,479.5,484.7,765404
2023-01-31,487.95,551.0,480.25,543.85,1301186
2023-02-01,540.0,549.2,527.6,541.95,475024
2023-02-02,528.8,546.3,520.8,535.5,194529
2023-02-03,535.5,536.85,520.0,525.75,83689
2023-02-06,525.0,540.0,525.0,537.55,111878
2023-02-07,537.5,542.9,519.0,521.9,173232
2023-02-08,522.0,527.45,518.0,519.05,124286
2023-02-09,519.05,524.85,508.0,511.05,145526
2023-02-10,509.0,528.95,506.9,520.9,142478
2023-02-13,519.0,524.5,516.0,518.55,87065
2023-02-14,516.05,519.2,506.25,515.2,99809
2023-02-15,515.85,526.5,511.65,522.1,203890
2023-02-16,522.1,534.2,522.0,531.15,129827
2023-02-17,528.95,532.4,522.85,528.4,65949
2023-02-20,526.95,530.75,520.0,526.3,49137
2023-02-21,523.0,528.45,518.1,521.3,112002
2023-02-22,520.1,520.1,500.05,501.9,112066
2023-02-23,502.05,511.0,497.05,500.15,83845
2023-02-24,501.0,513.0,495.6,498.85,83630
2023-02-27,498.0,511.05,491.3,503.65,117612
2023-02-28,504.9,508.0,496.6,502.35,136642
2023-03-01,500.25,512.25,497.3,510.55,111876
2023-03-02,509.0,519.0,506.1,515.2,110227
2023-03-03,515.0,520.05,511.35,515.05,105601
2023-03-06,518.0,527.8,517.1,524.45,98009
2023-03-08,523.05,544.9,516.5,538.25,880272
2023-03-09,538.55,541.55,525.0,526.8,182907
2023-03-10,522.9,535.15,512.0,528.75,324684
2023-03-13,525.0,528.0,515.4,518.25,90656
2023-03-14,515.85,517.0,501.0,507.15,112156
2023-03-15,509.05,520.6,505.9,516.85,144100
2023-03-16,513.35,516.45,500.55,502.6,108081
2023-03-17,503.5,509.0,495.1,497.95,167998
2023-03-20,488.15,498.15,487.35,491.4,106057
2023-03-21,491.5,498.0,485.0,488.2,90056
2023-03-22,488.25,492.5,485.0,486.15,67595
2023-03-23,484.0,492.7,483.1,484.65,159300
2023-03-24,484.0,484.45,464.05,469.75,145668
2023-03-27,467.55,467.65,447.6,450.55,216411
2023-03-28,451.0,451.4,436.75,439.15,199415
2023-03-29,437.8,476.0,433.2,465.45,477449
2023-03-31,471.0,488.3,461.4,468.7,457457
2023-04-03,473.4,484.95,468.05,475.45,214508
2023-04-05,477.1,489.0,475.05,485.1,234447
2023-04-06,489.1,498.6,487.0,491.4,236591
2023-04-10,492.3,496.55,489.0,491.35,172245
2023-04-11,494.0,497.05,491.35,495.3,144899
2023-04-12,498.95,513.35,495.0,511.15,423216
2023-04-13,513.0,516.0,506.05,513.5,169636
2023-04-17,513.0,515.9,498.15,504.9,376529
2023-04-18,505.25,510.7,502.25,504.2,132349
2023-04-19,506.0,516.4,504.95,511.4,160840
2023-04-20,511.55,513.6,505.7,506.7,147646
2023-04-21,508.0,509.4,492.25,502.45,188941
2023-04-24,501.8,508.55,500.1,506.2,85903
2023-04-25,508.9,511.9,493.6,502.8,114501
2023-04-26,501.4,508.75,498.7,506.2,79298
2023-04-27,506.2,507.45,501.15,503.15,71122
2023-04-28,503.3,506.1,500.2,502.6,88066
2023-05-02,504.05,508.5,503.0,506.0,72866
2023-05-03,506.0,518.4,503.25,513.6,333723
2023-05-04,518.0,521.0,514.55,516.95,230763
2023-05-05,518.0,522.0,506.15,517.85,198599
2023-05-08,518.0,523.9,513.55,519.35,223848
2023-05-09,519.35,521.65,502.0,506.85,234356
2023-05-10,509.0,513.0,506.4,512.05,109053
2023-05-11,514.0,517.0,508.05,510.7,65448
2023-05-12,510.35,512.75,495.15,499.2,128445
2023-05-15,498.0,513.55,498.0,507.45,123537
2023-05-16,507.45,510.65,497.5,499.15,178963
2023-05-17,499.1,508.65,499.0,503.35,124690
2023-05-18,504.95,505.75,497.6,499.55,63644
2023-05-19,502.05,502.05,490.0,496.6,107454
2023-05-22,496.55,498.95,492.35,494.15,55979
2023-05-23,494.45,496.65,493.0,494.2,67292
2023-05-24,494.2,499.65,490.6,497.3,77847
2023-05-25,494.0,499.6,494.0,495.8,51521
2023-05-26,496.65,498.95,491.4,492.95,142486
2023-05-29,495.95,501.7,492.0,495.25,147251
2023-05-30,495.25,499.3,478.1,485.85,596491
2023-05-31,481.0,484.35,469.1,471.25,372585
2023-06-01,475.45,489.0,472.9,486.65,336983
2023-06-02,488.8,490.95,484.1,486.3,91354
2023-06-05,487.25,490.0,474.15,475.65,221710
2023-06-06,478.05,478.5,470.0,470.8,215605
2023-06-07,475.0,480.0,470.0,475.3,294460
2023-06-08,476.0,480.3,470.3,471.95,242355
2023-06-09,474.85,484.6,474.0,480.5,342060
2023-06-12,483.4,485.0,470.0,472.5,256026
2023-06-13,476.35,477.15,466.2,469.55,283215
2023-06-14,471.0,473.45,468.25,469.25,141225
2023-06-15,467.0,469.05,460.0,461.95,221802
2023-06-16,464.95,468.5,462.55,466.0,224082
2023-06-19,469.05,473.55,467.95,469.65,206852
2023-06-20,471.9,476.8,468.85,475.15,206385
2023-06-21,475.8,480.95,474.3,477.15,193726
2023-06-22,481.0,488.4,476.1,482.45,574504
2023-06-23,483.95,489.8,479.0,482.75,541764
2023-06-26,484.85,485.7,472.0,473.45,241155
2023-06-27,474.0,477.2,468.25,469.85,181101
2023-06-28,472.05,472.6,463.0,463.75,296357
2023-06-30,464.0,469.85,461.0,462.4,311928
2023-07-03,462.0,468.1,459.05,459.9,566752
2023-07-04,459.1,468.45,459.1,463.75,328731
2023-07-05,465.0,469.8,464.75,467.3,189851
2023-07-06,467.8,469.2,463.3,465.65,215007
2023-07-07,467.0,473.5,465.35,466.8,327025
2023-07-10,469.9,474.4,462.1,467.6,329153
2023-07-11,469.5,470.4,464.5,467.95,169817
2023-07-12,468.6,469.8,457.55,459.3,434828
2023-07-13,463.0,464.0,452.35,454.8,245836
2023-07-14,456.3,458.1,452.6,453.9,194210
2023-07-17,456.0,466.0,456.0,464.0,312810
2023-07-18,467.0,469.45,457.0,458.0,312896
2023-07-19,459.75,460.45,453.25,453.95,307919
2023-07-20,456.0,466.05,455.75,462.65,441928
2023-07-21,460.8,472.5,457.8,469.8,455661
2023-07-24,472.0,487.5,472.0,480.7,906580
2023-07-25,485.0,490.0,477.1,486.65,773631
2023-07-26,492.9,504.65,490.75,497.45,1007470
2023-07-27,500.25,504.3,496.3,498.35,437831
2023-07-28,500.0,501.5,487.95,489.5,339377
2023-07-31,492.9,498.35,465.2,495.6,499360
2023-08-01,499.0,499.0,490.5,492.6,504905
2023-08-02,494.05,499.05,482.4,487.8,343984
2023-08-03,489.95,503.4,484.05,497.8,429791
2023-08-04,500.2,507.3,496.75,498.35,297303
2023-08-07,503.0,503.0,485.0,487.45,406233
2023-08-08,487.45,489.9,476.65,479.95,278134
2023-08-09,480.8,486.95,467.0,470.7,796159
2023-08-10,465.0,473.25,457.15,458.9,626171
2023-08-11,460.0,465.5,459.5,462.95,248736
2023-08-14,463.0,463.8,455.05,459.15,179485
2023-08-16,458.0,467.9,458.0,465.05,179136
2023-08-17,465.75,468.25,461.05,462.15,171531
2023-08-18,462.15,462.95,453.0,456.05,221074
2023-08-21,463.0,468.9,456.0,460.5,354246
2023-08-22,463.0,465.2,457.2,459.25,231652
2023-08-23,463.0,465.9,460.1,464.4,198194
2023-08-24,464.85,483.0,464.85,478.55,783822
2023-08-25,478.6,484.9,470.25,474.85,290210
2023-08-28,474.85,492.0,472.0,475.65,636714
2023-08-29,477.25,479.8,473.2,473.8,202148
2023-08-30,476.95,482.85,475.05,476.5,241140
2023-08-31,478.9,479.7,475.25,477.85,195150
2023-09-01,480.0,481.05,475.0,477.1,286359
2023-09-04,477.5,484.9,477.45,480.7,891687
2023-09-05,483.9,490.0,480.45,483.55,553760
2023-09-06,485.95,524.95,485.95,522.25,5103236
2023-09-07,526.0,538.3,513.4,516.3,1826587
2023-09-08,519.75,531.0,513.5,519.85,966986
2023-09-11,530.0,537.5,527.5,532.85,908011
2023-09-12,535.0,536.4,502.1,505.25,723755
2023-09-13,506.65,523.65,504.05,519.5,540812
2023-09-14,523.0,572.0,523.0,544.75,5665171
2023-09-15,548.9,572.4,547.65,562.3,2113264
2023-09-18,565.0,567.25,551.0,555.95,624469
2023-09-20,555.5,557.9,536.5,540.25,753182
2023-09-21,543.0,550.85,526.1,529.85,580107
2023-09-22,532.0,535.4,529.4,534.55,310062
2023-09-25,537.9,552.0,530.2,533.7,979241
2023-09-26,534.1,535.8,525.7,529.15,335874
2023-09-27,530.95,533.7,521.2,522.45,316886
2023-09-28,525.1,537.75,517.65,524.35,473469
2023-09-29,529.0,530.95,520.05,521.95,245367
2023-10-03,525.0,525.25,516.9,519.7,219119
2023-10-04,519.7,525.25,506.1,512.4,410784
2023-10-05,517.7,524.65,514.05,518.25,238535
2023-10-06,521.6,533.95,519.05,524.4,582701
2023-10-09,524.4,526.05,517.05,520.2,353113
2023-10-10,521.95,525.25,517.75,519.85,248720
2023-10-11,524.0,525.25,516.5,518.2,231094
2023-10-12,520.0,523.0,508.15,509.65,321107
2023-10-13,510.5,513.0,505.0,510.0,291299
2023-10-16,510.0,515.25,509.05,513.25,365160
2023-10-17,515.6,519.05,510.0,511.6,210026
2023-10-18,514.0,516.75,495.15,497.95,607348
2023-10-19,497.5,499.3,491.7,496.6,452181
2023-10-20,495.0,503.5,492.05,493.85,203973
2023-10-23,493.0,494.85,459.65,467.05,773175
2023-10-25,474.0,481.05,460.3,468.65,364013
2023-10-26,468.65,471.9,452.7,466.1,358345
2023-10-27,473.05,480.25,469.0,475.8,250998
2023-10-30,478.85,478.85,463.3,465.3,349927
2023-10-31,467.95,473.0,458.55,461.55,403656
2023-11-01,462.0,467.5,456.6,462.0,161079
2023-11-02,465.95,472.0,465.05,469.65,127422
2023-11-03,474.95,482.8,469.8,478.55,333836
2023-11-06,480.15,480.5,476.45,479.2,371596
2023-11-07,481.95,484.65,476.1,477.9,255472
2023-11-08,479.9,501.9,477.25,492.5,2319746
2023-11-09,497.5,502.1,490.05,491.75,657892
2023-11-10,492.4,518.8,492.4,503.35,2480121
2023-11-12,513.0,517.8,510.0,512.25,186470
2023-11-13,509.95,510.0,498.15,503.3,436476
2023-11-15,508.0,513.15,496.05,497.5,796794
2023-11-16,496.6,500.65,490.0,495.55,449478
2023-11-17,495.55,497.35,490.1,493.95,427909
2023-11-20,496.1,500.15,491.85,494.55,199755
2023-11-21,495.4,496.9,487.5,492.25,356428
2023-11-22,495.0,496.7,471.6,491.0,7892514
2023-11-23,496.0,535.25,496.0,532.1,7887244
2023-11-24,537.0,543.05,522.6,537.15,3080080
2023-11-28,537.0,543.8,528.0,535.05,1151018
2023-11-29,537.6,542.5,526.25,529.3,824929
2023-11-30,532.95,549.3,516.0,535.1,1742212
2023-12-01,536.95,541.1,529.05,535.35,597054
2023-12-04,551.0,552.4,538.2,544.75,950419
2023-12-05,544.9,550.9,536.45,548.3,683195
2023-12-06,551.05,578.9,546.9,565.1,2524138
2023-12-07,551.1,553.75,526.0,531.2,3347236
2023-12-08,518.0,546.0,516.9,532.45,1703694
2023-12-11,532.45,544.8,530.95,539.2,755424
2023-12-12,541.55,543.1,531.6,534.3,438919
2023-12-13,535.15,542.7,530.0,533.05,383850
2023-12-14,535.75,544.0,532.55,542.0,714139
2023-12-15,545.55,555.8,541.05,551.55,838598
2023-12-18,571.0,585.45,553.0,556.75,1768974
2023-12-19,561.0,568.5,558.4,562.4,535557
2023-12-20,567.0,567.0,539.9,540.45,755579
2023-12-21,536.9,562.5,536.9,556.5,605923
2023-12-22,557.0,564.4,552.0,563.0,311314
2023-12-26,565.8,566.45,560.0,564.95,457210
2023-12-27,566.0,568.4,561.35,565.25,604952
2023-12-28,566.2,572.0,562.6,570.15,325046
2023-12-29,569.8,574.5,554.5,556.9,674053
2024-01-01,559.0,565.1,558.0,560.55,285351
2024-01-02,563.0,563.1,552.65,559.9,411064
2024-01-03,561.5,572.0,557.95,570.1,813114
2024-01-04,571.05,579.5,570.3,575.75,922545
2024-01-05,579.95,591.3,570.0,574.45,925916
2024-01-08,574.6,578.15,566.9,570.9,424532
2024-01-09,573.2,585.0,568.65,578.35,461201
2024-01-10,577.0,581.8,574.45,580.75,499105
2024-01-11,580.75,588.0,577.95,584.6,284082
2024-01-12,586.5,589.0,581.0,585.85,267200
2024-01-15,588.3,588.3,576.15,579.6,204477
2024-01-16,580.3,584.8,573.65,580.55,269105
2024-01-17,580.0,581.8,570.2,576.65,294534
2024-01-18,572.6,576.9,553.35,564.9,488321
2024-01-19,568.0,572.5,555.0,567.85,197455
2024-01-20,569.9,569.9,561.0,561.9,95690
2024-01-23,565.0,585.5,560.4,579.85,779416
2024-01-24,585.0,612.0,580.0,591.7,1413237
2024-01-25,600.5,624.5,593.8,616.8,1320387
2024-01-29,623.9,635.65,618.0,627.4,593051
2024-01-30,627.15,632.1,618.1,623.05,717004
2024-01-31,626.0,630.95,614.15,624.75,1322800
2024-02-01,625.55,663.0,625.55,657.7,1561835
2024-02-02,658.65,661.45,637.3,641.6,1800915
2024-02-05,641.0,657.6,634.1,646.7,941855
2024-02-06,650.95,652.95,625.15,635.25,1358270
2024-02-07,600.0,614.4,590.6,600.9,2344158
2024-02-08,614.0,614.0,589.9,600.75,1433459
2024-02-09,600.75,610.55,579.0,581.75,1272680
2024-02-12,583.75,599.6,572.0,583.6,1120722
2024-02-13,589.95,591.35,576.0,579.95,394105
2024-02-14,574.15,596.5,572.25,589.75,315106
2024-02-15,593.85,600.3,584.15,587.25,421997
2024-02-16,587.5,599.5,587.5,597.2,707022
2024-02-19,600.75,608.9,595.0,599.55,219480
2024-02-20,635.0,653.45,621.95,637.95,4801738
2024-02-21,637.95,659.0,633.8,639.8,1607120
2024-02-22,642.95,642.95,614.4,628.0,833193
2024-02-23,626.95,642.0,624.05,638.7,647917
2024-02-26,640.5,643.5,624.85,630.35,410234
2024-02-27,630.0,634.75,625.0,631.4,377988
2024-02-28,634.0,640.5,618.1,622.4,382966
2024-02-29,627.0,638.8,622.2,629.5,356662
2024-03-01,634.0,634.0,621.95,623.4,136095
2024-03-02,627.15,633.75,618.5,624.5,21502
2024-03-04,627.95,632.4,612.25,617.15,414830
2024-03-05,618.05,622.0,613.0,618.45,131031
2024-03-06,618.0,618.1,597.4,602.35,397051
2024-03-07,604.95,617.9,604.95,608.15,143506
2024-03-11,612.1,617.65,599.0,602.15,201685
2024-03-12,602.35,605.7,573.1,576.6,327842
2024-03-13,579.5,581.9,547.8,554.1,561189
2024-03-14,554.95,566.95,550.85,561.35,257283
2024-03-15,565.8,579.9,561.0,565.45,271235
2024-03-18,565.5,571.0,560.3,564.8,124439
2024-03-19,570.0,570.0,554.5,556.95,126328
2024-03-20,559.95,564.5,539.3,542.15,166698
2024-03-21,547.45,560.0,547.4,555.7,164816
2024-03-22,553.1,572.2,553.1,564.6,185175
2024-03-26,567.95,571.0,547.1,550.85,190691
2024-03-27,546.4,556.95,540.0,545.5,310982
2024-03-28,546.1,555.95,543.0,545.7,184116
2024-04-01,550.0,580.0,549.7,574.6,281054
2024-04-02,577.0,589.2,571.55,582.45,183649
2024-04-03,583.3,588.7,578.05,583.95,238732
2024-04-04,587.5,594.95,584.2,588.65,163615
2024-04-05,589.95,598.4,572.2,592.35,201135
2024-04-08,592.35,597.55,584.3,587.55,137835
2024-04-09,591.2,623.9,588.05,608.8,273902
2024-04-10,613.0,643.6,613.0,627.7,1313278
2024-04-12,619.2,632.0,616.0,620.1,258331
2024-04-15,610.0,615.0,598.5,607.2,212059
2024-04-16,604.15,627.0,604.15,609.6,242319
2024-04-18,609.6,621.05,601.65,605.85,127270
2024-04-19,600.0,615.0,592.8,604.3,157896
2024-04-22,610.75,624.75,605.05,618.0,274470
2024-04-23,618.0,629.95,613.6,617.75,269082
2024-04-24,622.25,630.0,620.45,625.5,137306
2024-04-25,627.0,635.0,621.4,625.75,223921
2024-04-26,628.6,635.0,623.75,627.45,356113
2024-04-29,627.95,637.8,619.0,621.9,229414
2024-04-30,624.95,631.8,612.0,618.5,259616
2024-05-02,618.5,630.0,614.0,623.15,227859
2024-05-03,626.25,645.0,609.0,613.75,1284270
2024-05-06,613.75,627.7,607.95,613.65,266328
2024-05-07,617.25,622.8,602.0,609.55,206791
2024-05-08,610.05,628.95,609.2,618.45,512083
2024-05-09,618.45,627.85,608.2,610.45,196557
2024-05-10,615.95,619.55,598.6,607.7,263588
2024-05-13,609.0,615.85,603.0,610.8,336259
2024-05-14,613.95,624.7,610.75,616.45,263152
2024-05-15,620.85,630.0,616.95,620.9,254256
2024-05-16,622.25,640.5,617.5,631.3,453880
2024-05-17,635.0,640.0,629.0,636.4,507536
2024-05-18,639.95,640.0,634.1,635.95,22829
2024-05-21,637.5,640.0,629.0,638.2,417226
2024-05-22,649.95,666.75,638.2,647.7,1052744
2024-05-23,651.0,654.0,643.05,646.8,201401
2024-05-24,646.4,661.4,618.3,626.15,713521
2024-05-27,630.95,642.5,628.4,631.1,273173
2024-05-28,633.0,639.15,623.7,634.3,191999
2024-05-29,636.9,694.0,634.3,686.85,4432674
2024-05-30,693.55,703.75,672.85,676.75,1500570
2024-05-31,685.25,688.65,663.55,668.05,651648
2024-06-03,699.0,699.0,670.25,680.2,585245
2024-06-04,684.0,684.0,638.2,648.0,1265262
2024-06-05,650.0,725.0,640.75,693.05,1382319
2024-06-06,700.05,714.4,695.5,708.1,686364
2024-06-07,717.0,722.0,701.9,705.35,694659
2024-06-10,709.9,733.3,704.55,715.1,1416208
2024-06-11,721.9,723.2,708.45,708.95,404234
2024-06-12,713.2,717.35,704.1,705.9,424158
2024-06-13,710.0,733.1,701.0,720.4,3198498
2024-06-14,727.95,749.9,716.05,728.0,1601287
2024-06-18,749.85,750.5,717.15,733.35,1096705
2024-06-19,735.0,833.0,733.1,814.8,8569691
2024-06-20,814.8,823.0,791.6,802.6,2955505
2024-06-21,803.95,805.6,778.65,783.7,981984
2024-06-24,770.05,791.3,767.25,772.8,740385
2024-06-25,786.4,794.75,765.0,767.5,761619
2024-06-26,770.0,775.25,759.4,761.5,327919
2024-06-27,765.0,767.0,741.55,753.4,500042
2024-06-28,753.1,775.0,752.2,763.75,940955
2024-07-01,765.0,774.0,758.15,768.75,678232
2024-07-02,769.95,770.0,747.75,762.4,363006
2024-07-03,766.0,767.5,751.0,753.2,293142
2024-07-04,759.9,767.7,754.05,761.05,358030
2024-07-05,762.0,767.5,754.3,759.05,408720
2024-07-08,760.55,790.0,755.15,779.05,1211541
2024-07-09,781.9,800.0,770.0,773.55,1150532
2024-07-10,782.0,782.0,746.35,768.2,538085
2024-07-11,772.0,790.8,768.0,781.85,555618
2024-07-12,789.7,807.6,785.1,797.15,1426232
2024-07-15,800.0,803.4,788.05,792.85,691110
2024-07-16,792.0,805.1,790.0,793.75,594317
2024-07-18,793.6,804.95,783.05,796.3,904153
2024-07-19,791.5,793.95,764.05,779.55,391447
2024-07-22,764.25,792.75,764.25,788.0,450963
2024-07-23,789.9,795.95,743.0,757.25,653198
2024-07-24,755.0,786.0,755.0,782.35,314014
2024-07-25,778.05,790.0,764.65,766.55,277709
2024-07-26,770.0,788.9,764.65,780.2,243512
2024-07-29,791.7,859.95,789.3,843.1,2928895
2024-07-30,843.1,849.05,820.15,823.65,436607
2024-07-31,828.0,833.1,819.0,820.9,247376
2024-08-01,825.0,828.9,792.0,796.5,342928
2024-08-02,788.05,798.3,758.05,767.3,879835
2024-08-05,749.0,767.3,733.45,751.9,587092
2024-08-06,759.95,780.0,747.45,750.9,340829
2024-08-07,760.0,777.5,748.05,758.7,284881
2024-08-08,759.0,783.25,755.75,763.3,313923
2024-08-09,770.9,785.0,767.1,778.35,257372
2024-08-12,767.1,807.5,767.1,798.6,580547
2024-08-13,814.0,814.0,774.0,776.2,603562
2024-08-14,779.45,783.8,743.45,750.1,486956
2024-08-16,754.0,764.8,746.9,761.2,309015
2024-08-19,766.0,794.0,759.4,773.65,446050
2024-08-20,774.0,807.85,761.6,803.2,690381
2024-08-21,802.45,824.45,800.0,816.0,703362
2024-08-22,816.0,829.0,803.55,807.85,309963
2024-08-23,810.85,823.5,808.85,815.0,331303
2024-08-26,820.35,828.0,804.25,812.1,263050
2024-08-27,813.0,824.5,808.5,819.15,465560
2024-08-28,828.0,839.15,799.95,811.95,637716
2024-08-29,818.0,823.0,807.2,815.2,305533
2024-08-30,865.0,875.0,817.8,829.4,4645983
2024-09-02,837.7,838.0,819.65,829.3,398957
2024-09-03,827.05,833.0,812.25,820.3,238222
2024-09-04,814.95,836.0,807.7,833.0,507642
2024-09-05,841.9,848.85,835.7,837.95,427195
2024-09-06,841.9,853.85,830.7,844.95,519541
2024-09-09,835.0,847.45,822.25,844.2,449298
2024-09-10,847.45,862.55,837.1,841.9,307332
2024-09-11,843.1,846.45,813.1,816.55,258065
2024-09-12,822.6,824.4,800.3,808.75,343059
2024-09-13,810.0,815.4,805.0,810.5,256794
2024-09-16,815.45,842.4,815.45,836.25,668772
2024-09-17,836.3,838.4,818.5,822.8,283506
2024-09-18,826.45,826.45,805.35,812.3,275953
2024-09-19,819.0,831.55,788.1,811.05,414158
2024-09-20,815.05,839.0,815.0,833.85,475365
2024-09-23,834.0,838.7,825.95,828.15,190861
2024-09-24,831.0,847.85,818.3,824.8,449855
2024-09-25,822.25,835.0,819.05,833.9,250242
2024-09-26,833.9,834.3,821.0,828.3,191201
2024-09-27,837.0,870.8,836.0,843.7,1730941
2024-09-30,847.0,860.1,831.05,857.75,362163
2024-10-01,859.75,875.5,852.55,869.15,700351
2024-10-03,866.95,875.5,841.0,848.95,653791
2024-10-04,848.95,863.95,821.95,847.1,479389
2024-10-07,847.0,852.45,782.25,801.55,607255
2024-10-08,805.0,824.2,788.05,822.7,468623
2024-10-09,824.45,836.95,818.25,823.05,181750
2024-10-10,828.0,830.75,799.75,810.45,222844
2024-10-11,811.3,818.95,808.55,812.9,121142
2024-10-14,812.9,816.2,801.95,812.3,198967
2024-10-15,812.05,838.0,807.65,831.8,275333
2024-10-16,830.0,830.0,804.55,810.85,497585
2024-10-17,810.85,823.4,799.9,806.6,226901
2024-10-18,804.0,804.0,785.2,802.25,161502
2024-10-21,801.1,803.7,783.5,790.95,268116
2024-10-22,790.9,790.9,754.4,763.6,396969
2024-10-23,769.9,774.45,750.8,770.45,238160
2024-10-24,770.1,784.95,766.0,772.85,138181
2024-10-25,771.0,779.85,751.2,761.5,308141
2024-10-28,753.1,769.35,741.3,761.75,229486
2024-10-29,763.45,774.9,755.1,768.35,157668
2024-10-30,769.95,804.9,768.35,797.4,217538
2024-10-31,791.1,820.0,791.1,806.55,690464
2024-11-01,810.3,823.7,810.0,812.6,51802
2024-11-04,812.7,817.95,779.4,782.6,174395
2024-11-05,779.0,815.5,779.0,810.85,626272
2024-11-06,813.8,833.0,809.55,832.15,321510
2024-11-07,833.55,859.0,833.55,850.4,498311
2024-11-08,857.35,861.25,824.0,835.9,186509
2024-11-11,833.5,854.7,810.95,813.85,319663
2024-11-12,815.85,837.0,810.05,816.8,239042
2024-11-13,812.0,812.9,766.85,772.7,231849
2024-11-14,774.0,798.0,770.05,781.5,489674
2024-11-18,771.1,779.0,748.2,766.7,286284
2024-11-19,775.3,829.5,770.1,822.25,1598619
2024-11-21,808.0,829.85,799.85,825.65,593787
2024-11-22,824.1,839.8,823.65,831.3,346290
2024-11-25,845.85,875.15,828.2,864.9,621909
2024-11-26,870.0,877.8,847.2,858.55,551934
2024-11-27,860.0,868.3,846.0,852.3,298686
2024-11-28,855.45,894.5,849.55,866.7,1092104
2024-11-29,880.0,881.95,851.1,857.65,266029
2024-12-02,849.1,888.0,849.1,877.45,592428
2024-12-03,880.0,918.0,875.05,896.7,1740016
2024-12-04,903.1,917.5,901.0,911.15,476790
2024-12-05,916.85,917.1,889.75,896.4,221613
2024-12-06,900.25,912.5,892.7,907.7,303221
2024-12-09,925.1,925.1,891.55,896.05,237332
2024-12-10,900.0,925.95,894.65,916.8,583628
2024-12-11,917.8,926.8,905.05,910.4,227480
2024-12-12,912.2,947.3,904.95,941.75,837006
2024-12-13,945.0,969.0,931.65,941.8,1168555
2024-12-16,937.95,939.65,917.0,920.65,264063
2024-12-17,921.0,945.45,919.7,926.7,409359
2024-12-18,928.8,997.0,926.85,972.3,6685956
2024-12-19,965.0,989.9,939.0,981.75,812824
2024-12-20,981.75,983.85,941.5,959.15,650007
2024-12-23,960.0,960.45,915.0,918.15,323857
2024-12-24,918.0,938.15,900.0,904.65,339701
2024-12-26,906.0,910.25,883.55,892.95,151384
2024-12-27,898.2,912.8,887.9,899.8,206950
2024-12-30,903.25,905.95,872.0,876.7,141343
2024-12-31,877.5,898.95,865.0,893.65,239982
2025-01-01,893.65,921.85,893.0,919.4,202520
2025-01-02,919.4,929.5,902.15,918.4,231828
2025-01-03,924.45,924.45,905.0,907.65,252170
2025-01-06,913.1,920.5,875.0,879.8,237367
2025-01-07,864.05,892.5,864.05,887.45,148105
2025-01-08,889.1,889.5,861.55,866.0,115402
2025-01-09,865.0,875.95,840.4,845.8,108519
2025-01-10,846.8,849.65,808.4,818.6,204231
2025-01-13,793.0,815.0,784.5,790.65,263689
2025-01-14,792.45,807.0,775.55,798.3,226010
2025-01-15,804.1,832.0,801.05,820.8,363211
2025-01-16,832.0,858.95,832.0,854.65,261055
2025-01-17,854.65,856.6,841.0,848.05,107712
2025-01-20,853.65,869.85,846.0,851.95,237840
2025-01-21,854.7,862.75,819.9,827.05,131939
2025-01-22,819.0,826.4,805.2,819.55,122583
2025-01-23,815.5,849.55,815.5,842.1,196310
2025-01-24,840.0,848.45,817.25,820.2,130609
2025-01-27,820.0,820.0,777.2,782.35,187390
2025-01-28,782.0,812.3,753.15,791.35,202258
2025-01-29,783.0,827.0,783.0,820.0,177748
2025-01-30,832.8,835.4,809.0,819.8,95152
2025-01-31,809.0,823.85,809.0,819.9,119008
2025-02-01,828.0,829.9,805.2,812.0,65548
2025-02-03,807.0,834.0,804.85,832.35,251387
2025-02-04,834.75,849.9,824.95,843.65,176509
2025-02-05,848.0,848.65,832.1,840.9,79965
2025-02-06,845.0,869.0,838.55,862.2,282194
2025-02-07,862.0,862.0,840.4,853.7,88469
2025-02-10,853.7,854.85,816.05,819.7,113451
2025-02-11,820.5,822.3,778.8,787.3,147072
2025-02-12,782.1,800.0,755.0,795.05,469707
2025-02-13,800.3,813.0,776.8,779.95,175249
2025-02-14,782.0,785.0,741.65,749.85,353557
2025-02-17,748.0,748.0,705.05,719.2,457066
2025-02-18,719.85,721.25,703.35,718.95,206265
2025-02-19,719.0,721.5,697.2,701.55,499823
2025-02-20,701.55,707.95,686.1,703.45,609749
2025-02-21,704.8,716.0,683.5,696.35,603124
2025-02-24,694.0,705.0,682.25,694.8,308673
2025-02-25,693.35,700.7,678.0,683.75,383556
2025-02-27,683.0,702.0,671.3,683.2,358533
2025-02-28,683.2,685.45,657.2,664.1,704697
2025-03-03,660.0,670.95,639.0,659.95,520122
2025-03-04,657.05,669.95,642.15,660.7,313440
2025-03-05,662.6,685.05,656.75,681.85,277091
2025-03-06,681.85,705.9,680.6,701.75,321004
2025-03-07,705.0,712.3,692.65,697.75,367623
2025-03-10,697.75,703.7,679.05,684.15,244016
2025-03-11,684.15,688.0,670.55,679.1,311892
2025-03-12,684.2,705.0,679.0,698.85,487544
2025-03-13,698.85,702.0,690.0,694.2,144817
2025-03-17,694.05,724.0,691.6,720.6,417786
2025-03-18,724.75,743.95,719.05,741.4,355758
2025-03-19,740.35,765.4,740.35,760.7,292986
2025-03-20,762.25,764.0,744.8,751.55,218712
2025-03-21,756.8,780.0,753.55,777.9,231377
2025-03-24,774.4,793.2,761.25,784.25,253310
2025-03-25,788.0,794.0,775.05,784.15,311153
2025-03-26,789.95,799.9,773.2,781.5,276413
2025-03-27,775.15,792.35,774.3,789.2,139981
2025-03-28,789.2,795.0,780.2,785.6,121864
2025-04-01,773.8,795.0,773.8,789.95,162562
2025-04-02,791.2,794.1,772.5,781.7,227878
2025-04-03,775.2,813.5,775.2,796.65,319718
2025-04-04,788.0,795.65,766.0,770.1,258911
2025-04-07,701.0,745.0,696.65,738.0,195626
2025-04-08,738.0,770.45,738.0,761.35,198395
2025-04-09,761.35,766.35,738.35,753.05,117163
2025-04-11,764.8,787.0,761.5,780.85,146866
2025-04-15,787.2,845.4,787.2,842.4,480550
2025-04-16,833.0,843.8,824.05,840.35,348655
2025-04-17,806.0,837.0,806.0,832.4,259533
2025-04-21,840.35,860.35,830.8,850.05,185447
2025-04-22,851.0,861.8,843.0,851.25,171197
2025-04-23,854.55,862.0,842.0,845.75,121104
2025-04-24,849.8,877.0,842.0,859.8,259516
2025-04-25,867.1,868.35,829.0,845.0,301796
2025-04-28,837.0,854.95,828.05,846.4,134740
2025-04-29,841.0,855.2,834.35,840.25,77429
2025-04-30,835.0,842.2,814.0,817.35,108521
2025-05-02,822.6,850.0,817.55,829.55,189193
2025-05-05,830.4,837.7,823.85,829.05,95121
2025-05-06,831.05,868.65,830.3,843.15,478768
2025-05-07,835.0,852.5,826.1,846.8,145372
2025-05-08,846.9,864.55,830.2,836.2,247890
2025-05-09,820.2,842.5,815.2,838.0,145458
2025-05-12,855.0,878.0,855.0,875.0,218227
2025-05-13,882.0,909.0,865.25,896.5,419450
2025-05-14,905.0,924.85,895.25,922.15,356004
2025-05-15,923.0,949.8,921.4,947.3,348861
2025-05-16,945.0,963.7,944.0,960.8,346311
2025-05-19,963.65,990.0,959.15,982.65,320883
2025-05-20,989.0,993.0,970.5,981.0,243407
2025-05-21,971.2,986.25,958.1,981.1,207781
2025-05-22,972.0,984.7,972.0,981.5,103912
2025-05-23,982.9,1004.0,976.5,999.25,453288
2025-05-26,1008.9,1019.0,978.2,987.1,403438
2025-05-27,987.1,998.4,971.05,985.1,205469
2025-05-28,985.0,1042.0,980.0,985.75,794893
2025-05-29,989.0,991.6,961.0,964.55,263618
2025-05-30,964.0,974.7,946.9,950.15,287479
2025-06-02,948.7,959.9,940.0,951.9,150407
2025-06-03,957.0,996.0,953.75,983.5,370241
2025-06-04,984.0,986.0,968.85,979.65,252564
2025-06-05,979.55,985.05,971.4,974.4,109593
2025-06-06,971.15,982.75,966.0,969.45,169339
2025-06-09,969.15,977.0,963.2,969.8,183828
2025-06-10,972.95,986.15,966.55,972.2,215759
2025-06-11,977.6,1016.0,973.3,1011.25,671329
2025-06-12,1020.0,1022.0,981.1,987.1,279779
2025-06-13,973.25,992.7,965.5,984.65,171006
2025-06-16,984.55,985.5,952.0,966.55,159517
2025-06-17,970.0,983.7,945.4,950.85,134735
2025-06-18,943.1,969.5,931.25,961.6,181119
2025-06-19,960.0,978.9,954.0,956.3,273208
2025-06-20,956.3,968.95,951.2,955.15,183671
2025-06-23,950.0,980.0,944.75,973.0,257273
2025-06-24,979.0,981.9,962.45,970.85,137858
2025-06-25,972.0,1065.0,972.0,1055.0,1866694
2025-06-26,1055.0,1074.9,1014.4,1019.3,683615
2025-06-27,1020.0,1070.0,1013.55,1056.5,582936
2025-06-30,1066.9,1127.95,1050.65,1110.0,949857
2025-07-01,1110.0,1124.0,1092.9,1109.0,285184
2025-07-02,1116.4,1117.0,1083.0,1101.4,240760
2025-07-03,1092.4,1129.0,1092.0,1114.7,248667
2025-07-04,1109.2,1117.7,1090.0,1095.6,197335
2025-07-07,1092.0,1101.9,1074.1,1092.8,183952
2025-07-08,1090.0,1098.0,1054.6,1080.2,229764
2025-07-09,1080.0,1091.9,1073.2,1087.8,131468
2025-07-10,1085.0,1116.1,1075.2,1109.8,246214
2025-07-11,1111.0,1161.1,1105.0,1152.4,749332
2025-07-14,1153.0,1169.0,1107.6,1157.2,447758
2025-07-15,1154.1,1169.9,1149.5,1160.7,211439
2025-07-17,1154.9,1164.0,1140.5,1151.0,99363
2025-07-18,1151.0,1158.4,1136.2,1152.2,144275
2025-07-21,1150.0,1180.0,1139.4,1162.1,203622
2025-07-22,1167.5,1189.0,1160.0,1167.6,263075
2025-07-23,1168.0,1186.9,1151.4,1183.7,149336
2025-07-24,1179.0,1194.7,1157.1,1186.4,227639
2025-07-25,1180.0,1191.8,1164.0,1174.3,181749
2025-07-28,1176.8,1187.8,1169.6,1180.0,138316
2025-07-29,1185.3,1222.2,1176.2,1208.8,1074779
2025-07-30,1212.0,1246.5,1204.1,1236.2,416631
2025-07-31,1224.1,1246.8,1210.0,1233.5,294912
2025-08-01,1233.5,1242.0,1193.3,1204.6,248769
2025-08-04,1205.0,1212.3,1190.0,1191.1,237673
2025-08-05,1191.0,1207.5,1180.1,1195.5,437731
2025-08-06,1187.0,1246.1,1167.5,1196.6,1268857
2025-08-07,1210.0,1225.0,1133.1,1143.2,531658
2025-08-08,1135.0,1157.7,1052.0,1117.6,274377
2025-08-11,1122.0,1159.0,1122.0,1148.4,483013
2025-08-12,1148.0,1175.0,1141.7,1168.4,210319
2025-08-13,1159.9,1161.1,1130.4,1138.5,369837
2025-08-14,1142.8,1168.0,1142.0,1162.6,249482
2025-08-18,1168.5,1185.0,1152.5,1177.0,128491
2025-08-19,1179.9,1182.9,1141.7,1145.8,167458
2025-08-20,1146.8,1159.9,1135.5,1155.7,98938
2025-08-21,1155.1,1174.9,1152.9,1170.4,134732
2025-08-22,1164.0,1183.2,1152.9,1178.0,164487
2025-08-25,1169.9,1196.4,1163.3,1175.4,283903
2025-08-26,1164.0,1164.0,1125.0,1131.2,258014
2025-08-28,1110.0,1133.9,1101.6,1128.4,148156
2025-08-29,1115.0,1134.0,1103.0,1125.8,154924
2025-09-01,1105.0,1145.7,1097.6,1129.9,286299
2025-09-02,1152.6,1176.0,1098.5,1104.0,511122
2025-09-03,1106.0,1131.9,1104.0,1123.6,184954
2025-09-04,1130.0,1131.8,1110.4,1125.8,173390
2025-09-05,1122.3,1129.0,1108.6,1112.8,115214
2025-09-08,1112.8,1119.0,1062.1,1067.3,253968
2025-09-09,1069.1,1098.9,1060.0,1070.4,218722
2025-09-10,1079.0,1098.0,1077.7,1086.0,182014
2025-09-11,1086.0,1098.0,1078.2,1084.1,88123
2025-09-12,1084.0,1088.8,1068.9,1072.6,177177
2025-09-15,1068.0,1084.0,1068.0,1075.3,153633
2025-09-16,1076.6,1094.7,1074.9,1088.1,94380
2025-09-17,1088.2,1104.0,1078.7,1095.8,124854
2025-09-18,1095.8,1099.8,1081.0,1094.1,110859
2025-09-19,1094.0,1102.0,1060.1,1066.3,314081
2025-09-22,1060.0,1078.0,1058.0,1074.5,169290
2025-09-23,1074.5,1076.0,1057.0,1067.1,113061
2025-09-24,1067.0,1078.0,1063.4,1073.3,102682
2025-09-25,1067.8,1076.5,1059.0,1061.7,60556
2025-09-26,1057.1,1060.5,1028.1,1031.6,103416
2025-09-29,1028.5,1033.6,998.8,1012.8,335258
2025-09-30,1015.0,1032.0,1009.3,1025.5,159163
2025-10-01,1028.9,1041.0,1021.0,1035.0,120007
2025-10-03,1030.1,1046.5,1027.5,1041.9,84901
2025-10-06,1047.0,1054.0,1035.7,1045.8,136473
2025-10-07,1042.0,1058.2,1040.4,1045.0,88943
2025-10-08,1045.2,1064.9,1041.9,1056.5,197021
2025-10-09,1035.0,1054.6,1034.0,1037.3,129434
2025-10-10,1042.2,1045.0,1021.3,1026.5,82421
2025-10-13,1026.5,1051.0,1020.3,1036.0,175408
2025-10-14,1040.8,1045.0,1030.0,1038.9,95812
2025-10-15,1038.9,1043.9,1025.5,1034.4,128647
2025-10-16,1034.4,1043.9,1021.0,1031.6,72387
2025-10-17,1032.3,1032.3,1013.9,1022.2,119682
2025-10-20,1027.0,1033.3,1011.5,1028.6,108366
2025-10-21,1033.4,1044.0,1028.1,1039.2,17297
2025-10-23,1039.2,1059.5,1031.7,1043.2,145439
2025-10-24,1048.4,1051.5,1029.3,1038.8,88628
2025-10-27,1040.0,1078.4,1033.3,1066.1,199714
2025-10-28,1066.0,1118.0,1059.8,1070.4,579923
2025-10-29,1070.8,1094.3,1070.0,1089.8,154850
2025-10-30,1095.4,1095.4,1075.0,1077.2,295651
2025-10-31,1076.1,1084.5,1062.5,1072.4,127492
2025-11-03,1077.7,1086.0,1055.6,1060.3,137041
2025-11-04,1063.0,1065.3,1045.0,1047.4,103014
2025-11-06,1047.6,1051.7,1037.4,1040.7,73940
2025-11-07,1038.0,1040.0,1011.0,1024.6,189973
2025-11-10,1034.9,1041.0,1021.4,1025.2,211750
2025-11-11,1029.8,1059.0,1003.1,1017.0,619040
2025-11-12,1040.0,1081.0,1033.1,1047.4,876510
2025-11-13,1045.2,1073.0,1036.7,1044.9,139438
2025-11-14,1042.9,1044.9,1018.6,1025.4,115580
2025-11-17,1029.0,1063.5,1028.7,1051.1,251544
2025-11-18,1051.1,1051.1,1022.0,1027.8,136686
2025-11-19,1027.6,1035.8,1023.5,1030.4,107162
2025-11-20,1035.5,1041.0,1022.4,1029.0,110391
2025-11-21,1026.0,1037.8,1012.9,1018.4,124315
2025-11-24,1018.4,1023.3,1010.1,1017.0,133707
2025-11-25,1017.0,1031.8,1004.5,1025.8,111679
2025-11-26,1023.2,1039.9,1021.1,1032.6,72236
2025-11-27,1035.2,1036.9,1026.0,1029.9,77877
2025-11-28,1030.6,1035.0,1021.0,1030.9,152185
2025-12-01,1031.0,1032.2,1013.5,1017.5,76688
2025-12-02,1017.5,1045.0,1017.5,1042.2,181683
2025-12-03,1042.9,1046.6,1022.3,1035.6,168303
2025-12-04,1030.5,1039.0,1027.3,1034.4,100182
2025-12-05,1037.4,1037.4,1026.5,1032.8,86485
2025-12-08,1024.2,1031.3,1001.2,1009.0,96446
2025-12-09,1008.0,1021.0,974.0,1009.5,320967
2025-12-10,1011.1,1054.0,1011.1,1042.4,256975
2025-12-11,1037.2,1039.2,1015.3,1029.6,119572
2025-12-12,1035.0,1039.9,1024.0,1035.4,87011
2025-12-15,1031.7,1041.0,1027.1,1037.8,47971
2025-12-16,1038.3,1045.9,1021.5,1027.8,59869
2025-12-17,1024.4,1031.6,1010.5,1013.3,84912
2025-12-18,1014.0,1030.5,1005.5,1026.8,105550
2025-12-19,1026.8,1027.8,992.2,1000.2,355619
2025-12-22,1001.0,1049.5,999.7,1038.6,237143
2025-12-23,1030.5,1072.0,1030.0,1064.2,329191
2025-12-24,1064.9,1071.9,1046.0,1061.6,101400
2025-12-26,1061.3,1079.9,1055.8,1068.7,206457
2025-12-29,1065.8,1076.9,1047.9,1058.6,167807
2025-12-30,1051.0,1057.7,1026.0,1030.8,315089
2025-12-31,1036.0,1044.0,1029.5,1034.7,56336
2026-01-01,1034.0,1038.3,1015.6,1018.0,90193
2026-01-02,1018.0,1020.5,1007.2,1011.2,135462
2026-01-05,1017.1,1027.0,1003.0,1007.7,143607
2026-01-06,1009.8,1010.8,996.2,998.2,387804
2026-01-07,998.4,1011.2,991.1,994.8,285512
2026-01-08,999.0,1003.2,949.9,959.0,213032
2026-01-09,962.7,969.0,935.0,939.7,484780
2026-01-12,934.0,945.0,921.5,939.8,155074
2026-01-13,939.9,952.2,934.8,942.5,122523
2026-01-14,942.5,951.4,932.5,943.0,519478
2026-01-16,949.0,953.7,927.0,931.0,215894
2026-01-19,925.0,936.0,921.1,929.7,99165
2026-01-20,923.0,927.4,907.1,910.1,198103
2026-01-21,901.3,918.4,896.4,908.2,207581
2026-01-22,912.7,919.8,902.6,914.0,167759
2026-01-23,914.0,919.7,875.0,879.6,237088
2026-01-27,879.6,892.5,860.1,884.5,192022
2026-01-28,885.0,904.6,884.8,900.5,77089
2026-01-29,900.6,907.8,880.0,902.5,91367
2026-01-30,894.3,927.1,882.8,923.1,160535
2026-02-01,922.6,922.6,870.55,877.8,71036
2026-02-02,877.0,899.0,870.25,891.2,90762
2026-02-03,912.45,920.0,901.0,903.6,245226
2026-02-04,908.8,923.95,899.65,911.9,161594
2026-02-05,911.15,916.85,884.6,891.1,87536
2026-02-06,888.0,890.75,878.0,881.15,76045
2026-02-09,885.0,931.1,882.4,929.45,174366
2026-02-10,926.0,939.85,913.75,932.25,206543
2026-02-11,930.1,933.4,915.85,923.9,113717
2026-02-12,922.0,928.0,901.1,909.45,322732
2026-02-13,905.8,942.15,900.4,907.15,501715
2026-02-16,911.05,911.1,888.0,899.75,186603
2026-02-17,899.75,924.45,893.55,916.45,232705
2026-02-18,916.45,921.15,903.85,909.6,172137
2026-02-19,909.6,912.6,890.0,895.55,346741
2026-02-20,895.0,895.1,883.95,886.9,511784
2026-02-23,889.9,899.6,877.25,885.2,158409
2026-02-24,881.15,888.6,859.85,867.0,204678
2026-02-25,868.05,876.45,861.75,866.65,130603
2026-02-26,867.0,880.15,861.0,876.8,150627
2026-02-27,885.0,890.05,860.0,865.2,412671
2026-03-02,844.55,873.65,844.55,870.5,158430
2026-03-04,858.1,884.0,833.0,853.9,718702
2026-03-05,859.6,884.0,824.6,834.0,352259
2026-03-06,835.0,844.6,819.0,824.0,166411
2026-03-09,817.2,817.2,787.1,795.15,338709
2026-03-10,805.95,832.6,796.05,826.65,188499
2026-03-11,829.9,833.6,809.45,810.1,134960
2026-03-12,804.0,819.0,791.1,810.35,201169
2026-03-13,810.35,815.8,782.2,789.55,158840
2026-03-16,791.0,799.95,770.05,786.15,159127
2026-03-17,790.75,815.65,786.15,809.7,211825
2026-03-18,810.3,834.2,807.05,820.9,178840
2026-03-19,801.0,813.4,794.0,795.85,122640
2026-03-20,794.25,814.95,786.0,789.05,204744
2026-03-23,789.05,789.05,750.95,765.85,220921
2026-03-24,778.4,796.5,764.0,790.1,272400
2026-03-25,801.0,818.0,792.0,808.3,269996
2026-03-27,805.9,816.4,781.6,795.45,305109
2026-03-30,780.0,796.15,773.0,775.5,295771
2026-04-01,788.1,820.0,788.1,814.1,312718
2026-04-02,802.2,817.0,780.15,807.35,256536
2026-04-06,815.0,827.8,795.0,815.0,323871
2026-04-07,815.0,825.65,807.35,821.2,168899
2026-04-08,842.0,844.0,828.0,840.95,221577
2026-04-09,847.0,853.85,825.0,830.7,243347
2026-04-10,837.25,860.05,835.3,854.5,154597
2026-04-13,840.05,867.25,833.2,856.45,191935
2026-04-15,876.0,876.0,851.2,866.25,180840
2026-04-16,874.0,874.0,840.1,852.5,256845
2026-04-17,852.0,874.7,850.0,865.15,209196
2026-04-20,873.05,873.05,847.0,850.8,163641
2026-04-21,850.9,858.0,846.8,851.15,120518
2026-04-22,857.4,875.0,850.2,872.5,277449
2026-04-23,877.55,913.9,863.7,871.6,1439243
2026-04-24,872.0,880.95,837.65,845.1,247305
2026-04-27,851.95,863.75,842.75,854.2,175843
2026-04-28,852.0,860.0,844.0,845.35,110198
2026-04-29,854.4,857.5,833.5,837.2,229659
2026-04-30,839.9,860.35,832.25,844.0,687091
2026-05-04,855.95,859.9,846.5,853.5,211642
2026-05-05,853.5,864.5,841.0,848.85,245032
2026-05-06,854.5,861.0,845.1,856.85,173743
2026-05-07,862.0,865.5,846.0,847.35,275399
2026-05-08,847.95,852.85,831.85,834.3,237610
2026-05-11,835.0,835.95,816.05,819.9,143626
2026-05-12,817.5,823.6,800.5,804.15,162732
2026-05-13,800.35,818.0,798.0,805.35,160163
2026-05-14,795.85,805.45,789.8,796.2,217232
2026-05-15,796.0,798.55,788.3,789.45,132952
2026-05-18,780.5,785.0,757.8,781.1,206121
2026-05-19,781.1,798.8,776.4,790.55,276585
2026-05-20,790.0,799.25,780.5,798.05,136681
2026-05-21,801.95,801.95,787.0,789.5,94087
2026-05-22,789.0,791.85,775.2,778.95,126049
2026-05-25,785.9,794.0,781.4,789.85,112672
2026-05-26,792.9,803.5,759.1,764.55,1037624
2026-05-27,764.6,768.3,742.0,743.4,504839
2026-05-29,748.45,768.5,744.0,755.4,447536
