date,open,high,low,close,volume
2002-01-01,1.14,1.17,1.1,1.11,7052
2002-01-02,1.11,1.11,1.09,1.1,4459
2002-01-03,1.11,1.14,1.09,1.11,3778
2002-01-04,1.11,1.12,1.09,1.1,8149
2002-01-07,1.1,1.14,1.08,1.09,8527
2002-01-08,1.09,1.11,1.08,1.09,7482
2002-01-09,1.08,1.09,1.07,1.07,9388
2002-01-10,1.07,1.08,1.06,1.06,11423
2002-01-11,1.07,1.09,1.06,1.06,14912
2002-01-14,1.09,1.11,1.08,1.1,6493
2002-01-15,1.08,1.12,1.08,1.09,9123
2002-01-16,1.11,1.13,1.1,1.11,5815
2002-01-17,1.12,1.12,1.1,1.11,6268
2002-01-18,1.13,1.19,1.13,1.17,32466
2002-01-21,1.16,1.18,1.15,1.16,10318
2002-01-22,1.15,1.17,1.15,1.16,8069
2002-01-23,1.16,1.17,1.14,1.15,17948
2002-01-24,1.16,1.16,1.14,1.14,7589
2002-01-25,1.14,1.17,1.14,1.15,10106
2002-01-28,1.15,1.16,1.13,1.14,4711
2002-01-29,1.15,1.25,1.15,1.19,23253
2002-01-30,1.18,1.24,1.18,1.21,34233
2002-01-31,1.22,1.25,1.2,1.22,28201
2002-02-01,1.26,1.26,1.2,1.21,12991
2002-02-04,1.23,1.45,1.23,1.43,164255
2002-02-05,1.45,1.52,1.39,1.4,169999
2002-02-06,1.42,1.5,1.38,1.44,136390
2002-02-07,1.48,1.65,1.45,1.57,267190
2002-02-08,1.58,1.67,1.57,1.6,203348
2002-02-11,1.66,1.75,1.6,1.71,259072
2002-02-12,1.78,1.82,1.68,1.69,225210
2002-02-13,1.71,1.71,1.62,1.64,123338
2002-02-14,1.68,1.74,1.66,1.73,143098
2002-02-15,1.73,1.81,1.71,1.75,206444
2002-02-18,1.88,2.1,1.88,2.1,415887
2002-02-19,2.16,2.26,1.96,1.99,678712
2002-02-20,1.97,2.09,1.92,2.05,255056
2002-02-21,2.1,2.2,2.1,2.11,413232
2002-02-22,2.1,2.48,2.07,2.34,982821
2002-02-25,2.36,2.42,2.22,2.26,451242
2002-02-26,2.31,2.36,2.19,2.23,349492
2002-02-27,2.26,2.31,2.01,2.11,442762
2002-02-28,2.13,2.21,1.79,1.83,707134
2002-03-01,1.83,2.16,1.82,2.09,505497
2002-03-04,2.14,2.27,2.1,2.21,354072
2002-03-05,2.26,2.62,2.24,2.51,1518558
2002-03-06,2.54,3.02,2.54,2.91,2690729
2002-03-07,2.9,3.03,2.69,2.75,926415
2002-03-08,2.75,2.98,2.69,2.83,825528
2002-03-11,2.85,3.14,2.83,2.88,864152
2002-03-12,2.91,2.91,2.63,2.7,776396
2002-03-13,2.69,2.93,2.59,2.87,826693
2002-03-14,2.9,3.15,2.9,3.0,1438736
2002-03-15,3.06,3.23,2.99,3.18,1018281
2002-03-18,3.26,3.28,2.91,2.94,651396
2002-03-19,2.94,2.99,2.83,2.86,334104
2002-03-20,2.91,2.93,2.82,2.85,294979
2002-03-21,2.93,3.06,2.81,2.83,664718
2002-03-22,2.87,2.87,2.7,2.72,287559
2002-03-26,2.73,2.73,2.46,2.5,330053
2002-03-27,2.55,2.67,2.48,2.59,496009
2002-03-28,2.7,2.73,2.63,2.66,387173
2002-04-01,2.71,2.85,2.67,2.77,504926
2002-04-02,2.82,2.85,2.63,2.66,314315
2002-04-03,2.67,2.67,2.58,2.63,218529
2002-04-04,2.69,2.69,2.59,2.62,197281
2002-04-05,2.63,2.67,2.58,2.6,142317
2002-04-08,2.64,2.73,2.59,2.61,246362
2002-04-09,2.62,2.63,2.5,2.52,172703
2002-04-10,2.52,2.59,2.5,2.54,133587
2002-04-11,2.56,2.72,2.54,2.66,493582
2002-04-12,2.67,2.92,2.67,2.85,794019
2002-04-15,2.98,2.99,2.73,2.76,890308
2002-04-16,2.76,2.84,2.75,2.79,297115
2002-04-17,2.83,2.92,2.76,2.79,447700
2002-04-18,2.82,2.86,2.76,2.78,257353
2002-04-19,2.81,2.81,2.6,2.63,272926
2002-04-22,2.68,2.71,2.63,2.64,208356
2002-04-23,2.65,2.69,2.62,2.65,181904
2002-04-24,2.67,2.72,2.65,2.67,176760
2002-04-25,2.69,2.78,2.65,2.66,336994
2002-04-26,2.7,2.72,2.55,2.6,239087
2002-04-29,2.62,2.64,2.5,2.51,339985
2002-04-30,2.52,2.53,2.44,2.46,220427
2002-05-02,2.49,2.51,2.39,2.41,242333
2002-05-03,2.42,2.46,2.33,2.39,283088
2002-05-06,2.42,2.54,2.39,2.52,340499
2002-05-07,2.55,2.67,2.52,2.64,431623
2002-05-08,2.7,2.71,2.64,2.67,308134
2002-05-09,2.7,2.72,2.59,2.61,142509
2002-05-10,2.63,2.64,2.55,2.6,134375
2002-05-13,2.62,2.66,2.57,2.58,112635
2002-05-14,2.62,2.62,2.58,2.6,101437
2002-05-15,2.62,2.69,2.47,2.49,404517
2002-05-16,2.47,2.54,2.34,2.37,339431
2002-05-17,2.42,2.42,2.24,2.3,274825
2002-05-20,2.29,2.29,2.02,2.06,206352
2002-05-21,2.0,2.04,1.82,1.93,265479
2002-05-22,1.86,2.01,1.85,1.94,258256
2002-05-23,1.98,1.98,1.87,1.93,85629
2002-05-24,1.99,2.21,1.99,2.18,253800
2002-05-27,2.19,2.33,2.09,2.26,378410
2002-05-28,2.27,2.27,2.18,2.21,240565
2002-05-29,2.22,2.32,2.17,2.26,129620
2002-05-30,2.27,2.34,2.18,2.19,150707
2002-05-31,2.14,2.4,2.14,2.31,318774
2002-06-03,2.35,2.42,2.31,2.32,178694
2002-06-04,2.34,2.4,2.32,2.38,122730
2002-06-05,2.41,2.43,2.32,2.34,113142
2002-06-06,2.37,2.39,2.29,2.31,94674
2002-06-07,2.29,2.29,2.23,2.25,71490
2002-06-10,2.26,2.39,2.26,2.32,68128
2002-06-11,2.35,2.45,2.35,2.39,226289
2002-06-12,2.42,2.51,2.38,2.45,289724
2002-06-13,2.49,2.57,2.37,2.39,164117
2002-06-14,2.43,2.43,2.35,2.36,83873
2002-06-17,2.4,2.44,2.37,2.38,62332
2002-06-18,2.4,2.42,2.32,2.33,76924
2002-06-19,2.37,2.37,2.25,2.27,102053
2002-06-20,2.3,2.33,2.25,2.28,79090
2002-06-21,2.3,2.64,2.3,2.59,1024479
2002-06-24,2.67,2.72,2.56,2.58,618722
2002-06-25,2.55,2.63,2.41,2.5,267875
2002-06-26,2.5,2.5,2.4,2.43,114461
2002-06-27,2.42,2.5,2.39,2.48,154761
2002-06-28,2.5,2.56,2.47,2.51,187855
2002-07-01,2.54,2.56,2.51,2.53,81932
2002-07-02,2.51,2.52,2.45,2.47,78178
2002-07-03,2.46,2.56,2.46,2.48,107677
2002-07-04,2.51,2.52,2.46,2.5,67316
2002-07-05,2.48,2.62,2.46,2.57,406754
2002-07-08,2.61,2.64,2.51,2.53,144877
2002-07-09,2.51,2.54,2.47,2.49,104467
2002-07-10,2.5,2.52,2.46,2.47,72111
2002-07-11,2.48,2.51,2.42,2.45,91250
2002-07-12,2.51,2.51,2.47,2.48,57962
2002-07-15,2.48,2.49,2.4,2.41,46909
2002-07-16,2.42,2.44,2.37,2.39,56026
2002-07-17,2.38,2.39,2.23,2.25,142809
2002-07-18,2.24,2.24,2.16,2.18,130482
2002-07-19,2.16,2.17,2.13,2.14,77402
2002-07-22,2.11,2.13,2.04,2.04,61180
2002-07-23,2.06,2.09,1.99,2.07,83743
2002-07-24,2.08,2.08,1.99,2.0,53417
2002-07-25,2.09,2.11,2.01,2.02,65672
2002-07-26,2.02,2.02,1.91,1.93,46772
2002-07-29,1.94,1.94,1.84,1.91,74007
2002-07-30,2.0,2.0,1.91,1.93,50045
2002-07-31,1.89,1.96,1.84,1.93,51372
2002-08-01,1.96,1.96,1.89,1.91,40878
2002-08-02,1.84,1.92,1.84,1.91,35855
2002-08-05,1.91,1.97,1.91,1.95,43452
2002-08-06,1.93,2.0,1.91,1.99,25721
2002-08-07,2.01,2.04,1.99,2.02,52303
2002-08-08,2.06,2.06,1.99,1.99,42375
2002-08-09,1.99,2.03,1.96,2.01,45988
2002-08-12,2.1,2.1,2.01,2.03,27839
2002-08-13,1.96,2.01,1.93,1.99,36283
2002-08-14,1.98,2.0,1.96,1.98,17974
2002-08-16,1.99,2.01,1.95,1.97,19231
2002-08-19,2.03,2.03,1.94,1.96,36291
2002-08-20,1.97,1.97,1.95,1.96,17412
2002-08-21,1.97,1.98,1.95,1.96,19118
2002-08-22,1.96,2.01,1.96,1.96,17595
2002-08-23,1.98,2.12,1.97,2.08,164044
2002-08-26,2.08,2.11,2.02,2.03,58726
2002-08-27,2.04,2.05,1.99,2.01,28357
2002-08-28,1.99,2.01,1.97,1.98,23752
2002-08-29,2.0,2.0,1.96,1.96,18045
2002-08-30,2.0,2.09,1.99,2.05,83277
2002-09-02,2.07,2.11,2.04,2.05,29618
2002-09-03,2.06,2.06,2.02,2.02,22093
2002-09-04,1.98,2.01,1.97,2.0,26010
2002-09-05,1.97,2.01,1.97,2.0,22827
2002-09-06,1.97,2.03,1.96,1.97,32017
2002-09-09,1.99,2.0,1.96,1.97,17107
2002-09-11,1.99,2.0,1.96,1.98,18285
2002-09-12,2.03,2.09,2.02,2.03,54682
2002-09-13,2.04,2.06,1.99,2.05,38089
2002-09-16,2.06,2.09,2.02,2.03,46867
2002-09-17,2.04,2.05,1.99,2.03,19853
2002-09-18,2.04,2.04,1.99,1.99,16756
2002-09-19,1.98,2.01,1.97,2.0,18973
2002-09-20,2.01,2.01,1.96,2.0,14893
2002-09-23,2.0,2.0,1.96,1.97,10963
2002-09-24,1.98,1.98,1.91,1.91,24019
2002-09-25,1.9,1.92,1.86,1.9,16264
2002-09-26,1.91,1.97,1.91,1.91,12065
2002-09-27,1.93,1.99,1.93,1.95,38357
2002-09-30,1.94,1.96,1.89,1.9,23439
2002-10-01,1.91,1.92,1.86,1.88,22700
2002-10-03,1.88,1.91,1.88,1.89,11973
2002-10-04,1.88,1.91,1.86,1.86,12093
2002-10-07,1.78,1.86,1.78,1.85,26359
2002-10-08,1.88,1.88,1.85,1.86,14704
2002-10-09,1.87,1.87,1.84,1.84,9290
2002-10-10,1.83,1.84,1.81,1.81,22451
2002-10-11,1.83,1.85,1.82,1.83,21147
2002-10-14,1.87,1.87,1.83,1.83,13294
2002-10-16,1.82,1.84,1.82,1.82,14105
2002-10-17,1.82,1.83,1.81,1.81,21912
2002-10-18,1.83,1.85,1.82,1.83,21210
2002-10-21,1.83,1.84,1.81,1.82,8525
2002-10-22,1.83,1.83,1.79,1.79,10595
2002-10-23,1.82,1.82,1.76,1.77,18564
2002-10-24,1.77,1.87,1.77,1.77,55691
2002-10-25,1.91,1.91,1.8,1.8,64966
2002-10-28,1.83,1.88,1.81,1.87,86477
2002-10-29,1.87,1.92,1.85,1.86,78416
2002-10-30,1.86,1.86,1.81,1.82,22672
2002-10-31,1.84,1.86,1.81,1.85,18346
2002-11-01,1.85,1.85,1.82,1.84,23620
2002-11-04,1.85,1.86,1.81,1.84,6968
2002-11-05,1.85,1.85,1.82,1.82,20525
2002-11-07,1.82,1.86,1.81,1.81,15791
2002-11-08,1.81,1.82,1.81,1.81,10548
2002-11-11,1.88,1.88,1.77,1.78,21647
2002-11-12,1.78,1.79,1.76,1.77,18271
2002-11-13,1.71,1.79,1.71,1.76,21584
2002-11-14,1.78,1.78,1.76,1.76,9633
2002-11-15,1.8,1.8,1.74,1.75,14055
2002-11-18,1.76,1.79,1.74,1.75,28071
2002-11-20,1.78,1.78,1.74,1.75,15833
2002-11-21,1.78,1.79,1.76,1.77,21242
2002-11-22,1.78,1.88,1.78,1.84,75786
2002-11-25,1.87,1.9,1.84,1.88,58463
2002-11-26,1.92,1.93,1.88,1.89,43210
2002-11-27,1.9,1.97,1.87,1.92,87580
2002-11-28,1.91,1.95,1.91,1.92,38585
2002-11-29,1.91,1.93,1.89,1.91,40109
2002-12-02,1.94,1.99,1.93,1.97,58922
2002-12-03,2.03,2.03,1.92,1.93,46355
2002-12-04,1.89,1.93,1.89,1.89,30743
2002-12-05,1.93,1.97,1.92,1.95,53504
2002-12-06,1.97,2.02,1.95,2.01,99669
2002-12-09,2.05,2.16,2.04,2.05,219329
2002-12-10,2.07,2.07,2.0,2.04,92869
2002-12-11,2.11,2.12,2.06,2.08,133808
2002-12-12,2.14,2.24,2.11,2.2,353247
2002-12-13,2.2,2.27,2.2,2.25,265185
2002-12-16,2.29,2.39,2.26,2.27,424733
2002-12-17,2.28,2.34,2.18,2.31,264242
2002-12-18,2.37,2.4,2.3,2.32,422854
2002-12-19,2.33,2.35,2.27,2.28,252079
2002-12-20,2.29,2.31,2.25,2.26,92821
2002-12-23,2.26,2.29,2.23,2.24,54552
2002-12-24,2.24,2.32,2.22,2.28,106231
2002-12-26,2.29,2.31,2.27,2.28,69408
2002-12-27,2.27,2.29,2.24,2.27,69420
2002-12-30,2.22,2.27,2.21,2.22,32281
2002-12-31,2.24,2.26,2.22,2.23,35251
2003-01-01,2.26,2.26,2.22,2.22,27318
2003-01-02,2.24,2.24,2.2,2.21,36839
2003-01-03,2.22,2.23,2.17,2.18,39614
2003-01-06,2.18,2.2,2.1,2.11,43431
2003-01-07,2.15,2.15,2.09,2.12,45515
2003-01-08,2.15,2.16,2.12,2.16,27502
2003-01-09,2.09,2.28,2.04,2.25,166483
2003-01-10,2.29,2.39,2.26,2.37,431923
2003-01-13,2.39,2.46,2.35,2.37,328256
2003-01-14,2.39,2.41,2.34,2.37,132693
2003-01-15,2.36,2.39,2.33,2.38,173840
2003-01-16,2.41,2.56,2.39,2.5,1084603
2003-01-17,2.51,2.59,2.45,2.47,705936
2003-01-20,2.48,2.51,2.45,2.46,330502
2003-01-21,2.49,2.56,2.47,2.52,416670
2003-01-22,2.53,2.7,2.51,2.61,1304238
2003-01-23,2.65,2.67,2.51,2.54,691887
2003-01-24,2.55,2.56,2.37,2.39,388184
2003-01-27,2.39,2.44,2.26,2.29,220764
2003-01-28,2.29,2.36,2.24,2.34,176690
2003-01-29,2.37,2.41,2.29,2.32,225122
2003-01-30,2.31,2.35,2.29,2.31,94466
2003-01-31,2.32,2.41,2.24,2.32,142400
2003-02-03,2.41,2.54,2.37,2.43,355964
2003-02-04,2.49,2.5,2.4,2.41,197664
2003-02-05,2.43,2.43,2.35,2.38,94828
2003-02-06,2.36,2.44,2.34,2.43,112361
2003-02-07,2.44,2.45,2.37,2.39,86761
2003-02-10,2.32,2.37,2.29,2.31,64512
2003-02-11,2.31,2.35,2.29,2.3,81437
2003-02-12,2.31,2.35,2.26,2.28,87631
2003-02-14,2.3,2.3,2.19,2.21,99305
2003-02-17,2.27,2.33,2.24,2.32,91377
2003-02-18,2.35,2.36,2.29,2.3,76914
2003-02-19,2.33,2.41,2.31,2.39,172574
2003-02-20,2.44,2.52,2.42,2.44,425851
2003-02-21,2.42,2.44,2.37,2.39,109909
2003-02-24,2.42,2.45,2.4,2.41,106624
2003-02-25,2.4,2.41,2.32,2.33,54560
2003-02-26,2.34,2.34,2.23,2.25,127363
2003-02-27,2.29,2.33,2.23,2.3,205306
2003-02-28,2.33,2.48,2.24,2.45,624861
2003-03-03,2.51,2.66,2.51,2.6,1155716
2003-03-04,2.61,2.61,2.51,2.53,389957
2003-03-05,2.54,2.54,2.45,2.51,210311
2003-03-06,2.52,2.59,2.46,2.49,413811
2003-03-07,2.46,2.46,2.36,2.38,183603
2003-03-10,2.38,2.43,2.35,2.35,199528
2003-03-11,2.3,2.39,2.3,2.38,185537
2003-03-12,2.39,2.42,2.35,2.36,204835
2003-03-13,2.37,2.38,2.33,2.36,100379
2003-03-17,2.32,2.34,2.3,2.32,69686
2003-03-19,2.36,2.39,2.33,2.34,72792
2003-03-20,2.3,2.37,2.3,2.36,90396
2003-03-21,2.38,2.41,2.36,2.37,127644
2003-03-22,2.36,2.46,2.36,2.44,117931
2003-03-24,2.47,2.47,2.36,2.37,80741
2003-03-25,2.32,2.44,2.32,2.39,185607
2003-03-26,2.43,2.45,2.4,2.42,226877
2003-03-27,2.39,2.43,2.38,2.39,49005
2003-03-28,2.58,2.58,2.41,2.44,220418
2003-03-31,2.41,2.44,2.35,2.36,88579
2003-04-01,2.35,2.42,2.35,2.37,46119
2003-04-02,2.41,2.5,2.39,2.48,192245
2003-04-03,2.5,2.57,2.49,2.51,233589
2003-04-04,2.49,2.66,2.49,2.63,469757
2003-04-07,2.66,2.78,2.65,2.69,457406
2003-04-08,2.7,2.71,2.56,2.6,244730
2003-04-09,2.5,2.63,2.5,2.53,237999
2003-04-10,2.53,2.54,2.43,2.47,199468
2003-04-11,2.47,2.55,2.45,2.5,112735
2003-04-15,2.52,2.57,2.45,2.48,96447
2003-04-16,2.49,2.5,2.46,2.48,56012
2003-04-17,2.48,2.53,2.45,2.46,68311
2003-04-21,2.48,2.5,2.47,2.48,46010
2003-04-22,2.5,2.53,2.48,2.49,71715
2003-04-23,2.5,2.51,2.44,2.45,76287
2003-04-24,2.41,2.5,2.41,2.46,81646
2003-04-25,2.47,2.48,2.43,2.44,60400
2003-04-28,2.44,2.55,2.39,2.51,113540
2003-04-29,2.55,2.55,2.43,2.45,130601
2003-04-30,2.43,2.47,2.43,2.44,78819
2003-05-02,2.46,2.5,2.46,2.5,98924
2003-05-05,2.53,2.62,2.53,2.57,228394
2003-05-06,2.56,2.7,2.35,2.67,571083
2003-05-07,2.69,2.74,2.68,2.69,417900
2003-05-08,2.71,2.71,2.62,2.64,130731
2003-05-09,2.64,2.88,2.64,2.84,1223631
2003-05-12,2.9,2.98,2.85,2.93,1123249
2003-05-13,2.95,3.12,2.93,2.95,972767
2003-05-14,2.99,3.12,2.99,3.07,638304
2003-05-15,3.13,3.34,3.12,3.25,1437280
2003-05-16,3.31,3.38,3.01,3.1,1617726
2003-05-19,3.11,3.15,2.95,3.01,616067
2003-05-20,3.05,3.3,2.93,3.24,1151091
2003-05-21,3.32,3.42,3.22,3.28,1313329
2003-05-22,3.3,3.36,3.22,3.31,680456
2003-05-23,3.39,3.51,3.31,3.45,1437906
2003-05-26,3.53,3.66,3.39,3.62,1505522
2003-05-27,3.66,3.76,3.51,3.53,1502668
2003-05-28,3.63,3.73,3.49,3.7,1159385
2003-05-29,3.74,3.84,3.62,3.7,1127667
2003-05-30,3.76,4.25,3.65,3.92,3441645
2003-06-02,3.77,4.01,3.62,3.83,1886682
2003-06-03,3.84,3.97,3.82,3.85,1230925
2003-06-04,3.92,4.15,3.89,3.97,1428433
2003-06-05,4.02,4.1,3.82,3.85,924007
2003-06-06,3.87,4.02,3.85,3.95,794549
2003-06-09,4.06,4.07,3.87,3.91,302640
2003-06-10,3.87,3.87,3.53,3.59,613471
2003-06-11,3.73,3.74,3.61,3.7,458333
2003-06-12,3.75,3.82,3.62,3.65,373914
2003-06-13,3.68,3.72,3.56,3.63,323759
2003-06-16,3.62,3.71,3.58,3.61,274867
2003-06-17,3.54,3.8,3.54,3.72,509347
2003-06-18,3.95,3.95,3.62,3.63,243149
2003-06-19,3.66,3.68,3.52,3.6,291869
2003-06-20,3.63,3.86,3.62,3.83,698963
2003-06-23,3.84,3.91,3.77,3.81,554417
2003-06-24,3.79,3.94,3.74,3.92,364617
2003-06-25,3.92,4.05,3.92,4.0,881307
2003-06-26,4.03,4.07,3.86,3.92,452578
2003-06-27,3.92,4.04,3.86,3.95,398418
2003-06-30,3.96,4.01,3.85,3.88,242726
2003-07-01,3.94,3.95,3.77,3.82,186046
2003-07-02,3.87,3.88,3.68,3.73,263392
2003-07-03,3.82,3.9,3.68,3.77,904475
2003-07-04,3.83,3.92,3.79,3.83,644667
2003-07-07,3.84,3.89,3.75,3.82,411065
2003-07-08,3.84,4.03,3.82,3.86,782920
2003-07-09,3.88,3.92,3.75,3.78,344826
2003-07-10,3.82,3.82,3.72,3.75,212125
2003-07-11,3.79,3.92,3.78,3.82,352387
2003-07-14,3.87,3.91,3.84,3.89,434004
2003-07-15,3.92,3.95,3.74,3.84,692044
2003-07-16,3.89,4.19,3.87,4.08,3254640
2003-07-17,4.14,4.21,3.95,4.0,1298806
2003-07-18,4.01,4.01,3.77,3.95,456737
2003-07-21,4.01,4.17,3.94,4.04,1006872
2003-07-22,4.05,4.14,3.95,3.99,649930
2003-07-23,4.04,4.06,3.84,3.93,441320
2003-07-24,3.98,4.02,3.94,4.01,231999
2003-07-25,4.05,4.12,4.01,4.08,454860
2003-07-28,4.18,4.35,4.1,4.25,1573419
2003-07-29,4.3,4.5,4.24,4.47,1802373
2003-07-30,4.49,4.56,4.45,4.47,621735
2003-07-31,4.52,4.52,4.31,4.34,401758
2003-08-01,4.39,4.39,4.25,4.36,342087
2003-08-04,4.33,4.48,4.29,4.43,375420
2003-08-05,4.43,4.47,4.21,4.24,322867
2003-08-06,4.25,4.3,4.15,4.18,314421
2003-08-07,4.22,4.25,4.18,4.23,160082
2003-08-08,4.28,4.38,4.27,4.32,309280
2003-08-11,4.33,4.37,4.21,4.3,204863
2003-08-12,4.37,4.42,4.27,4.3,310757
2003-08-13,4.33,4.37,4.24,4.31,184499
2003-08-14,4.46,4.56,4.29,4.34,457816
2003-08-18,4.38,4.4,4.3,4.33,208489
2003-08-19,4.35,4.4,4.21,4.28,428112
2003-08-20,4.21,4.38,4.21,4.33,351835
2003-08-21,4.38,4.44,4.33,4.35,409324
2003-08-22,4.38,4.4,4.26,4.29,192231
2003-08-25,4.32,4.43,4.08,4.13,274137
2003-08-26,4.1,4.26,4.1,4.24,239172
2003-08-27,4.3,4.34,4.24,4.32,329296
2003-08-28,4.33,4.37,4.2,4.23,407664
2003-08-29,4.21,4.28,4.2,4.21,148712
2003-09-01,4.29,4.29,4.22,4.26,131500
2003-09-02,4.3,4.38,4.2,4.3,303214
2003-09-03,4.33,4.33,4.13,4.17,251931
2003-09-04,4.16,4.21,4.07,4.11,137800
2003-09-05,4.13,4.15,4.09,4.12,81979
2003-09-08,4.15,4.19,4.1,4.17,142347
2003-09-09,4.18,4.19,4.13,4.15,84156
2003-09-10,4.15,4.19,4.1,4.12,106809
2003-09-11,4.13,4.3,4.13,4.2,199776
2003-09-12,4.25,4.27,4.05,4.09,146715
2003-09-15,4.14,4.15,3.85,3.89,131362
2003-09-16,3.92,3.96,3.83,3.94,160673
2003-09-17,3.99,4.01,3.78,3.84,148327
2003-09-18,3.82,3.82,3.56,3.61,206715
2003-09-19,3.65,3.7,3.48,3.55,173290
2003-09-22,3.59,3.63,3.51,3.54,96726
2003-09-23,3.53,3.61,3.46,3.58,111043
2003-09-24,3.62,3.71,3.59,3.68,115857
2003-09-25,3.69,3.84,3.64,3.79,177292
2003-09-26,3.81,3.92,3.81,3.89,122398
2003-09-29,3.95,4.07,3.91,4.03,196179
2003-09-30,4.09,4.11,4.0,4.02,149444
2003-10-01,4.03,4.07,3.95,4.02,150852
2003-10-03,4.0,4.08,4.0,4.04,183806
2003-10-06,4.07,4.17,4.05,4.13,247661
2003-10-07,4.2,4.2,4.08,4.1,149699
2003-10-08,4.14,4.16,4.06,4.1,196458
2003-10-09,4.15,4.35,4.14,4.26,521939
2003-10-10,4.32,4.35,4.18,4.19,218522
2003-10-13,4.24,4.25,4.14,4.18,166344
2003-10-14,4.23,4.23,4.05,4.08,176393
2003-10-15,4.09,4.1,4.01,4.04,143093
2003-10-16,4.07,4.17,4.07,4.15,183063
2003-10-17,4.18,4.37,4.16,4.27,513445
2003-10-20,4.3,4.37,4.13,4.18,363248
2003-10-21,4.18,4.22,4.05,4.08,215147
2003-10-22,4.1,4.12,3.96,4.0,150453
2003-10-23,4.02,4.05,3.92,3.94,155300
2003-10-24,3.95,3.99,3.83,3.96,187164
2003-10-25,4.04,4.1,4.0,4.06,104260
2003-10-27,4.08,4.29,4.03,4.16,537912
2003-10-28,4.2,4.21,3.95,3.98,495632
2003-10-29,4.0,4.25,4.0,4.23,432340
2003-10-30,4.26,4.66,4.24,4.59,1618099
2003-10-31,4.6,4.7,4.51,4.62,793584
2003-11-03,4.65,4.71,4.39,4.43,665800
2003-11-04,4.48,4.69,4.41,4.57,536601
2003-11-05,4.6,4.95,4.57,4.91,1392449
2003-11-06,4.97,5.11,4.93,4.98,647207
2003-11-07,4.98,5.01,4.71,4.74,330463
2003-11-10,4.77,4.77,4.61,4.72,119202
2003-11-11,4.77,4.99,4.76,4.85,384225
2003-11-12,4.9,4.94,4.69,4.73,311087
2003-11-13,4.78,4.79,4.53,4.57,235227
2003-11-14,4.61,4.64,4.41,4.49,257294
2003-11-15,4.54,4.63,3.85,4.55,84236
2003-11-17,4.62,4.65,4.49,4.51,155246
2003-11-18,4.51,4.58,4.39,4.45,215386
2003-11-19,4.59,4.69,4.41,4.45,281319
2003-11-20,4.48,4.52,4.31,4.33,192630
2003-11-21,4.34,4.37,4.23,4.32,142750
2003-11-24,4.41,4.56,4.41,4.45,262958
2003-11-25,4.51,4.52,4.41,4.46,119624
2003-11-27,4.5,4.58,4.42,4.54,241438
2003-11-28,4.58,4.66,4.49,4.62,240438
2003-12-01,4.64,4.81,4.6,4.75,325165
2003-12-02,4.78,4.91,4.67,4.86,609698
2003-12-03,4.86,5.22,4.86,5.11,1238428
2003-12-04,5.16,5.57,5.1,5.4,1565732
2003-12-05,5.4,5.47,5.03,5.13,556771
2003-12-08,5.17,5.19,5.05,5.13,357657
2003-12-09,5.21,5.46,5.19,5.43,397014
2003-12-10,5.46,5.59,5.32,5.44,692090
2003-12-11,5.46,5.67,5.46,5.64,785673
2003-12-12,5.68,5.79,5.61,5.69,615714
2003-12-15,5.73,5.95,5.64,5.84,613573
2003-12-16,5.85,5.9,5.53,5.75,677857
2003-12-17,5.78,6.01,5.78,5.95,800735
2003-12-18,6.01,6.95,5.98,6.62,1808167
2003-12-19,6.71,6.88,6.47,6.5,972912
2003-12-22,6.57,6.82,6.49,6.6,898683
2003-12-23,6.62,6.71,6.42,6.49,411908
2003-12-24,6.52,6.57,6.45,6.48,169495
2003-12-26,6.49,6.59,6.39,6.42,232430
2003-12-29,6.49,7.08,6.39,6.87,767064
2003-12-30,6.96,7.08,6.63,6.78,900169
2003-12-31,6.73,7.04,6.7,6.86,626722
2004-01-01,6.9,7.12,6.9,7.04,560749
2004-01-02,7.09,7.55,6.98,7.28,1034969
2004-01-05,7.35,7.4,6.93,7.0,622760
2004-01-06,6.98,7.17,6.82,6.88,356043
2004-01-07,6.94,7.01,6.6,6.65,369832
2004-01-08,6.71,6.9,6.71,6.78,299049
2004-01-09,7.33,7.33,6.82,7.19,1590582
2004-01-12,7.28,7.62,7.18,7.4,1033240
2004-01-13,6.86,7.58,6.86,7.43,339647
2004-01-14,7.0,7.54,7.0,7.3,348142
2004-01-15,7.46,7.82,7.42,7.54,1247463
2004-01-16,7.57,7.63,7.16,7.19,461500
2004-01-19,7.13,7.33,6.65,7.07,736525
2004-01-20,7.13,7.29,6.78,6.91,380556
2004-01-21,6.75,7.05,6.42,6.68,426363
2004-01-22,6.62,6.97,5.73,5.93,592733
2004-01-23,6.11,6.9,6.03,6.75,536823
2004-01-27,6.88,7.1,6.71,7.03,413499
2004-01-28,7.0,7.04,6.67,6.87,436662
2004-01-29,6.85,6.98,6.77,6.94,284886
2004-01-30,6.97,7.01,6.67,6.71,259393
2004-02-03,6.82,6.87,6.11,6.38,181311
2004-02-04,6.42,6.58,6.14,6.5,243198
2004-02-05,6.53,6.81,6.49,6.57,266105
2004-02-06,6.6,6.66,6.5,6.59,148150
2004-02-09,6.65,7.31,6.62,7.23,969531
2004-02-10,7.28,7.28,6.88,6.97,270769
2004-02-11,7.0,7.38,6.93,7.2,499796
2004-02-12,7.21,7.3,7.04,7.12,211293
2004-02-13,7.17,7.22,7.02,7.16,183830
2004-02-16,7.14,7.49,7.14,7.24,306062
2004-02-17,7.33,7.33,7.18,7.27,153347
2004-02-18,7.26,7.33,7.18,7.24,152627
2004-02-19,7.26,7.27,6.78,6.85,163715
2004-02-20,6.85,6.91,6.63,6.69,261459
2004-02-23,6.7,6.77,6.42,6.48,121932
2004-02-24,6.52,6.72,6.39,6.65,179892
2004-02-25,6.7,6.72,6.42,6.46,92439
2004-02-26,6.49,6.62,6.16,6.25,172808
2004-02-27,6.33,6.54,6.24,6.44,167726
2004-03-01,6.52,6.57,6.33,6.49,113911
2004-03-03,6.57,6.57,6.37,6.43,216614
2004-03-04,6.49,6.49,6.24,6.27,233419
2004-03-05,6.34,6.41,6.17,6.32,171689
2004-03-08,6.37,6.74,6.37,6.7,329542
2004-03-09,6.77,7.25,6.72,7.18,740013
2004-03-10,7.18,7.33,6.96,7.02,507406
2004-03-11,7.0,7.03,6.87,6.92,199474
2004-03-12,6.77,7.26,6.75,7.18,314294
2004-03-15,7.33,7.51,7.04,7.21,535300
2004-03-16,7.13,7.27,6.94,7.0,305145
2004-03-17,7.06,8.37,7.05,7.93,2987294
2004-03-18,7.94,8.27,7.64,8.13,2602063
2004-03-19,8.02,8.46,7.97,8.3,1601615
2004-03-22,8.33,8.33,7.85,7.95,714447
2004-03-23,8.0,8.17,7.73,8.05,704335
2004-03-24,8.02,8.4,8.02,8.32,1052599
2004-03-25,8.33,8.63,8.14,8.33,556986
2004-03-26,8.32,8.91,8.22,8.82,1378103
2004-03-29,8.66,9.52,8.66,9.37,1012889
2004-03-30,9.22,9.57,8.99,9.19,945107
2004-03-31,9.04,9.61,9.04,9.45,929913
2004-04-01,9.65,9.67,9.28,9.34,482370
2004-04-02,8.5,9.5,8.5,9.07,470479
2004-04-05,9.14,9.22,8.74,8.83,445726
2004-04-06,8.89,9.12,8.76,8.93,528905
2004-04-07,8.54,9.16,8.54,9.02,373168
2004-04-08,8.86,9.24,8.84,8.92,424124
2004-04-12,8.99,9.2,8.86,9.12,250807
2004-04-13,9.24,9.52,9.21,9.46,452220
2004-04-15,9.67,9.92,9.47,9.71,497358
2004-04-16,9.73,10.05,9.7,9.99,424750
2004-04-17,9.98,10.06,9.78,9.93,113103
2004-04-19,9.88,10.01,9.58,9.65,187914
2004-04-20,9.74,9.74,9.22,9.46,172303
2004-04-21,9.5,10.06,9.32,9.92,315825
2004-04-22,10.06,10.26,9.93,10.09,377842
2004-04-23,10.19,10.31,9.81,10.01,242998
2004-04-27,9.85,9.92,9.18,9.8,238727
2004-04-28,9.68,9.78,9.39,9.49,303032
2004-04-29,9.53,9.89,9.47,9.77,186978
2004-04-30,9.78,10.05,9.78,9.88,181570
2004-05-03,9.29,9.83,9.12,9.37,194489
2004-05-04,9.47,9.75,9.47,9.7,136854
2004-05-05,9.32,9.8,9.32,9.64,80549
2004-05-06,9.75,9.87,9.58,9.67,74303
2004-05-07,9.63,9.77,9.51,9.7,90640
2004-05-10,9.55,9.55,9.3,9.48,67493
2004-05-11,9.3,9.32,8.71,8.82,101178
2004-05-12,8.54,9.14,8.41,8.98,172919
2004-05-13,8.15,9.29,7.92,8.86,304826
2004-05-14,9.16,9.16,7.09,7.13,443212
2004-05-17,7.19,7.19,5.7,5.75,146455
2004-05-18,5.68,6.9,5.12,6.8,187121
2004-05-19,5.47,8.12,5.47,7.73,261625
2004-05-20,8.45,8.61,7.8,7.96,265541
2004-05-21,7.84,8.14,7.18,7.39,245521
2004-05-24,6.11,8.11,6.11,7.98,233395
2004-05-25,8.0,8.45,7.38,8.28,373594
2004-05-26,8.38,8.76,8.19,8.37,277841
2004-05-27,8.63,8.63,8.3,8.39,195391
2004-05-28,8.91,9.78,8.15,8.28,793162
2004-05-31,8.18,8.18,7.6,7.69,430767
2004-06-01,7.77,8.02,7.77,7.94,272269
2004-06-02,8.02,8.43,7.97,8.32,288650
2004-06-03,8.53,8.78,8.1,8.2,311049
2004-06-04,8.22,8.53,8.03,8.42,287373
2004-06-07,8.53,9.24,8.53,9.01,2507534
2004-06-08,9.24,9.27,9.01,9.12,680725
2004-06-09,9.17,9.17,9.0,9.06,271698
2004-06-10,9.06,9.06,8.96,8.98,166709
2004-06-11,9.06,9.06,8.77,8.81,217515
2004-06-14,8.73,8.76,8.22,8.29,256764
2004-06-15,8.2,8.32,7.78,8.24,265879
2004-06-16,7.66,8.37,7.66,8.15,149997
2004-06-17,8.12,8.27,8.07,8.19,183963
2004-06-18,8.15,8.45,8.15,8.22,246912
2004-06-21,8.25,8.26,7.93,7.98,155119
2004-06-22,8.02,8.09,7.88,7.91,150181
2004-06-23,7.99,8.02,7.79,7.83,97052
2004-06-24,7.94,7.94,7.74,7.79,100712
2004-06-25,7.82,8.15,7.72,8.09,181998
2004-06-28,8.15,8.37,8.15,8.3,156554
2004-06-29,8.35,8.4,8.23,8.28,102907
2004-06-30,8.33,8.35,8.12,8.18,47332
2004-07-01,8.25,8.34,8.15,8.2,62905
2004-07-02,8.17,8.33,8.1,8.19,73448
2004-07-05,6.56,8.0,6.56,7.9,843468
2004-07-06,7.77,7.88,7.7,7.79,270326
2004-07-07,7.77,7.94,7.75,7.77,108743
2004-07-08,7.77,7.89,7.38,7.42,170181
2004-07-09,7.26,7.36,7.03,7.21,154295
2004-07-12,7.28,7.5,7.23,7.32,123995
2004-07-13,7.37,7.49,7.32,7.35,86975
2004-07-14,7.41,7.44,7.28,7.32,48229
2004-07-15,7.38,7.44,7.34,7.36,36922
2004-07-16,7.44,7.61,7.4,7.46,51959
2004-07-19,7.51,7.77,7.49,7.6,107732
2004-07-20,7.64,7.74,7.54,7.65,82557
2004-07-21,7.73,7.77,7.59,7.61,56532
2004-07-22,7.72,7.88,7.63,7.79,152846
2004-07-23,7.82,7.92,7.79,7.82,64716
2004-07-26,7.81,7.84,7.26,7.79,155105
2004-07-27,7.79,7.96,7.59,7.65,96585
2004-07-28,7.72,7.72,7.56,7.61,63711
2004-07-29,7.63,7.72,7.57,7.62,54048
2004-07-30,7.56,7.71,7.56,7.59,52881
2004-08-02,7.59,7.72,7.56,7.59,33303
2004-08-03,7.64,7.66,7.26,7.3,141374
2004-08-04,7.31,7.42,7.26,7.28,78885
2004-08-05,7.38,7.38,7.27,7.29,69145
2004-08-06,7.36,7.44,7.21,7.25,116079
2004-08-09,7.28,7.36,7.14,7.17,98471
2004-08-10,7.23,7.27,7.16,7.16,71554
2004-08-11,7.18,7.22,7.04,7.07,80444
2004-08-12,7.12,7.12,6.93,6.98,50957
2004-08-13,7.03,7.03,6.83,6.86,51067
2004-08-16,6.87,6.91,6.7,6.77,77985
2004-08-17,6.85,6.93,6.79,6.83,75424
2004-08-18,6.82,6.93,6.68,6.75,110414
2004-08-19,6.84,6.86,6.67,6.71,83793
2004-08-20,6.6,6.67,6.54,6.57,53757
2004-08-23,6.52,6.59,6.39,6.42,57592
2004-08-24,6.24,6.4,6.15,6.33,85365
2004-08-25,6.44,6.99,6.33,6.71,322332
2004-08-26,6.77,6.98,6.77,6.88,307561
2004-08-27,6.97,6.98,6.8,6.83,128532
2004-08-30,6.88,6.91,6.72,6.82,100404
2004-08-31,6.85,6.87,6.79,6.82,50116
2004-09-01,6.88,6.97,6.8,6.83,126044
2004-09-02,6.87,7.12,6.87,7.03,218337
2004-09-03,7.12,7.42,7.03,7.31,514799
2004-09-06,7.36,7.54,7.16,7.44,271477
2004-09-07,7.47,7.5,7.36,7.43,226135
2004-09-08,7.46,7.49,7.35,7.36,105922
2004-09-09,7.4,7.77,7.39,7.59,507724
2004-09-10,7.51,7.79,7.44,7.73,408242
2004-09-13,7.74,8.05,7.73,7.9,385004
2004-09-14,8.02,8.02,7.83,7.95,190805
2004-09-15,8.0,8.03,7.87,7.92,259279
2004-09-16,7.79,7.79,7.68,7.71,111541
2004-09-17,7.74,7.83,7.69,7.74,145362
2004-09-20,7.8,7.82,7.64,7.65,116866
2004-09-21,7.66,7.67,7.52,7.58,96752
2004-09-22,7.63,7.68,7.56,7.59,243297
2004-09-23,7.63,8.0,7.61,7.82,368304
2004-09-24,7.84,8.12,7.84,8.08,333100
2004-09-27,8.11,8.35,8.11,8.21,265477
2004-09-28,8.22,8.22,7.5,7.55,699428
2004-09-29,7.51,7.87,7.51,7.65,341243
2004-09-30,7.69,7.76,7.62,7.66,127221
2004-10-01,7.69,7.71,7.47,7.56,136525
2004-10-04,7.63,7.72,7.57,7.69,124669
2004-10-05,7.73,7.79,7.63,7.74,110789
2004-10-06,7.77,7.83,7.66,7.69,131181
2004-10-07,7.79,7.79,7.61,7.73,63675
2004-10-08,7.77,7.77,7.64,7.75,84317
2004-10-09,7.74,7.79,7.64,7.73,20669
2004-10-11,7.66,7.79,7.53,7.56,70364
2004-10-12,7.64,7.64,7.46,7.5,78685
2004-10-14,7.51,7.59,7.44,7.5,48091
2004-10-15,7.51,7.53,7.46,7.48,37060
2004-10-18,7.59,7.6,7.46,7.47,31786
2004-10-19,7.46,7.5,7.38,7.45,40219
2004-10-20,7.5,7.54,7.42,7.47,26619
2004-10-21,7.46,7.51,7.46,7.49,30706
2004-10-25,7.49,7.49,7.26,7.28,31646
2004-10-26,6.62,7.33,6.14,7.25,38288
2004-10-27,7.26,7.28,7.23,7.25,23840
2004-10-28,7.32,7.54,7.21,7.4,63214
2004-10-29,7.46,7.7,7.33,7.62,201633
2004-11-01,7.61,7.64,7.29,7.34,137828
2004-11-02,7.36,7.76,7.36,7.72,267091
2004-11-03,7.89,8.48,7.82,8.37,699596
2004-11-04,8.66,8.91,8.58,8.83,598049
2004-11-05,8.91,9.01,8.78,8.84,267786
2004-11-08,8.89,9.01,8.89,8.94,190317
2004-11-09,8.99,8.99,8.76,8.81,161960
2004-11-10,8.88,8.91,8.82,8.86,92311
2004-11-11,8.89,8.91,8.8,8.83,65471
2004-11-12,8.96,8.96,8.82,8.85,31070
2004-11-16,8.91,9.29,8.91,9.24,230843
2004-11-17,9.39,9.66,9.32,9.52,356963
2004-11-18,9.8,9.8,9.49,9.52,279611
2004-11-19,9.59,9.68,9.41,9.45,166160
2004-11-22,9.53,9.66,9.06,9.61,182113
2004-11-23,9.69,9.85,9.68,9.76,207220
2004-11-24,10.06,10.06,9.77,9.85,187668
2004-11-25,9.91,9.98,9.57,9.72,476618
2004-11-29,9.24,10.69,9.24,10.18,549700
2004-11-30,10.54,10.54,10.24,10.41,442755
2004-12-01,10.43,10.53,10.16,10.34,321748
2004-12-02,10.5,10.54,10.37,10.42,364588
2004-12-03,10.53,10.53,10.26,10.32,196303
2004-12-06,10.62,11.84,10.47,11.36,1203604
2004-12-07,11.47,11.69,11.18,11.37,619806
2004-12-08,11.46,11.67,11.15,11.29,544868
2004-12-09,11.31,11.41,11.08,11.23,251548
2004-12-10,11.34,11.34,11.08,11.17,218800
2004-12-13,11.36,11.37,10.82,10.94,197271
2004-12-14,11.0,11.07,10.93,10.99,127925
2004-12-15,11.0,11.31,10.93,11.02,278043
2004-12-16,11.07,11.15,10.89,11.0,345282
2004-12-17,11.11,11.79,11.0,11.56,1721938
2004-12-20,11.68,12.52,11.68,12.02,1385972
2004-12-21,12.14,12.18,11.84,11.97,463844
2004-12-22,12.07,12.38,11.86,11.99,402264
2004-12-23,12.07,12.26,11.99,12.16,490584
2004-12-24,12.26,12.38,11.96,12.03,347173
2004-12-27,12.15,12.3,11.84,12.17,228555
2004-12-28,12.21,12.28,11.99,12.02,157066
2004-12-29,12.03,12.15,11.73,11.79,183826
2004-12-30,11.92,12.53,11.92,12.23,625220
2004-12-31,12.38,12.6,12.22,12.45,474524
2005-01-03,12.53,12.9,12.53,12.75,403794
2005-01-04,12.76,12.76,12.41,12.49,195855
2005-01-05,12.53,12.68,11.37,12.05,323761
2005-01-06,12.05,12.64,11.31,12.43,438749
2005-01-07,12.43,12.69,12.3,12.49,294720
2005-01-10,12.62,13.06,12.49,12.65,452731
2005-01-11,12.67,12.68,11.76,11.85,373697
2005-01-12,11.97,11.97,11.14,11.28,442126
2005-01-13,11.08,11.76,11.08,11.66,727644
2005-01-14,11.76,11.97,11.4,11.83,673710
2005-01-17,12.09,12.33,11.77,12.02,492809
2005-01-18,12.15,12.21,11.73,11.85,344985
2005-01-19,11.9,11.96,11.44,11.5,331825
2005-01-20,11.84,11.84,11.13,11.2,235106
2005-01-24,11.36,11.46,10.41,10.56,544395
2005-01-25,10.47,10.85,10.09,10.65,333200
2005-01-27,10.79,11.19,10.79,11.06,377928
2005-01-28,11.16,11.29,11.04,11.18,528687
2005-01-31,11.47,11.69,11.08,11.63,509540
2005-02-01,11.8,11.86,11.32,11.74,396486
2005-02-02,11.63,11.89,11.54,11.61,198551
2005-02-03,11.69,11.7,11.46,11.5,173560
2005-02-04,11.63,11.76,11.5,11.65,303998
2005-02-07,11.76,11.78,11.32,11.38,154854
2005-02-08,9.17,11.76,9.17,11.71,346665
2005-02-09,11.73,11.84,11.54,11.77,427717
2005-02-10,11.84,11.92,11.73,11.84,221164
2005-02-11,11.84,11.9,11.78,11.84,172230
2005-02-14,11.85,12.07,11.81,11.94,265595
2005-02-15,12.09,12.99,12.07,12.13,462656
2005-02-16,12.22,12.3,11.76,11.82,161089
2005-02-17,11.84,11.84,11.54,11.72,126056
2005-02-18,11.86,11.9,11.69,11.85,134747
2005-02-21,11.87,12.22,11.58,12.07,237892
2005-02-22,12.07,12.21,11.77,12.1,195090
2005-02-23,12.18,12.22,11.9,12.01,266325
2005-02-24,11.99,12.06,11.82,11.9,121274
2005-02-25,11.96,12.02,11.57,11.65,141302
2005-02-28,11.75,11.92,11.59,11.68,135264
2005-03-01,11.84,12.21,10.93,11.05,800700
2005-03-02,11.15,11.36,10.83,10.88,649730
2005-03-03,11.01,11.3,10.96,11.23,536341
2005-03-04,11.38,11.6,11.25,11.43,380743
2005-03-07,11.61,11.89,11.46,11.83,734963
2005-03-08,11.84,12.03,11.78,11.86,314126
2005-03-09,11.76,11.99,11.5,11.81,301521
2005-03-10,11.92,11.92,11.54,11.77,352928
2005-03-11,11.76,12.99,11.73,12.82,2027729
2005-03-14,12.91,13.14,12.46,12.68,558551
2005-03-15,12.62,12.75,12.49,12.59,207480
2005-03-16,12.67,12.87,12.57,12.77,290658
2005-03-17,12.08,12.68,12.08,12.47,174177
2005-03-18,12.07,12.53,11.99,12.25,166099
2005-03-21,12.36,13.41,12.15,12.7,849502
2005-03-22,12.83,12.83,12.35,12.44,207551
2005-03-23,12.44,12.44,11.86,11.99,120256
2005-03-24,11.99,12.1,11.61,11.74,128937
2005-03-28,11.84,12.15,11.83,11.97,142307
2005-03-29,12.03,12.11,11.76,11.87,119799
2005-03-30,11.83,12.03,11.8,11.99,107024
2005-03-31,11.78,12.3,11.76,11.84,165952
2005-04-01,11.78,12.05,11.73,11.83,93523
2005-04-04,12.03,12.03,11.71,11.79,104428
2005-04-05,11.95,12.03,11.78,11.95,116987
2005-04-06,11.84,12.03,11.84,11.93,92782
2005-04-07,12.03,12.3,11.96,12.16,132636
2005-04-08,12.29,12.34,11.92,11.99,116469
2005-04-11,12.03,12.03,11.65,11.78,69470
2005-04-12,11.76,11.91,11.63,11.75,37566
2005-04-13,11.77,11.88,11.62,11.66,56161
2005-04-15,11.67,11.67,11.23,11.32,81536
2005-04-18,11.16,13.44,10.71,11.26,151005
2005-04-19,11.44,11.76,11.44,11.56,159550
2005-04-20,11.04,11.99,11.04,11.88,162141
2005-04-21,11.92,12.38,11.46,12.18,132456
2005-04-22,11.58,12.38,11.58,11.81,173496
2005-04-25,11.76,12.3,11.76,11.81,125544
2005-04-26,12.03,12.22,11.62,11.69,109626
2005-04-27,11.73,11.84,11.65,11.71,94660
2005-04-28,11.73,11.83,11.23,11.31,130076
2005-04-29,11.31,11.34,10.78,10.87,137953
2005-05-02,11.23,11.31,10.85,10.95,68245
2005-05-03,11.15,11.69,10.96,11.11,87369
2005-05-04,10.94,11.23,10.94,11.15,31244
2005-05-05,11.83,13.14,11.54,12.73,1448957
2005-05-06,12.89,12.89,12.3,12.39,301584
2005-05-09,12.45,12.68,12.38,12.52,148393
2005-05-10,12.67,12.98,12.53,12.64,326452
2005-05-11,12.72,12.72,12.22,12.32,86105
2005-05-12,12.33,12.44,12.09,12.15,193885
2005-05-13,12.2,12.6,11.97,12.38,277013
2005-05-16,12.38,12.72,12.38,12.64,230630
2005-05-17,12.76,12.83,12.53,12.55,74360
2005-05-18,12.45,12.91,12.22,12.79,144437
2005-05-19,12.93,13.06,12.61,12.75,174921
2005-05-20,12.79,12.79,12.53,12.57,67966
2005-05-23,12.71,12.89,12.53,12.76,87136
2005-05-24,12.84,12.84,11.76,12.71,50910
2005-05-25,12.68,13.51,12.64,13.33,805575
2005-05-26,13.37,13.68,13.25,13.36,484264
2005-05-27,13.36,13.49,13.02,13.11,250311
2005-05-30,13.06,13.37,12.77,12.96,500041
2005-05-31,12.99,13.06,12.58,12.69,170670
2005-06-01,12.88,13.1,12.68,13.01,280078
2005-06-02,13.06,13.19,12.76,12.8,128014
2005-06-03,12.9,13.08,12.65,12.92,205345
2005-06-04,12.91,13.06,12.76,12.8,69799
2005-06-06,12.82,13.14,12.82,12.99,141472
2005-06-07,12.91,13.14,12.76,13.08,98915
2005-06-08,13.22,13.37,12.99,13.05,176285
2005-06-09,13.29,13.29,12.95,13.01,108404
2005-06-10,13.14,13.14,12.72,12.83,81046
2005-06-13,12.99,12.99,12.6,12.86,71785
2005-06-14,13.06,13.47,12.84,13.16,292092
2005-06-15,13.33,13.33,12.99,13.1,156584
2005-06-16,13.14,13.22,12.8,12.83,145293
2005-06-17,12.98,12.98,12.41,12.61,129705
2005-06-20,12.61,12.83,12.45,12.59,120394
2005-06-21,12.99,13.22,12.6,12.65,223300
2005-06-22,12.91,12.97,12.65,12.73,208804
2005-06-23,12.8,12.97,12.65,12.68,124555
2005-06-24,12.78,12.91,12.62,12.81,96860
2005-06-27,12.8,12.85,12.34,12.42,116156
2005-06-28,12.59,12.59,12.22,12.29,134919
2005-06-29,12.41,12.47,12.3,12.32,84123
2005-06-30,12.45,12.8,11.9,12.07,413179
2005-07-01,12.12,12.54,11.88,12.49,231661
2005-07-04,12.47,12.72,12.47,12.56,110314
2005-07-05,12.53,12.63,12.39,12.41,97688
2005-07-06,12.51,13.17,12.41,13.1,566438
2005-07-07,13.22,14.06,13.14,13.46,1479882
2005-07-08,13.6,15.13,13.56,14.96,2447681
2005-07-11,15.18,15.61,14.69,14.84,1700452
2005-07-12,14.74,15.01,14.06,14.22,800864
2005-07-13,14.25,14.88,14.13,14.24,1319504
2005-07-14,14.29,14.54,14.02,14.07,525919
2005-07-15,14.13,14.28,13.86,13.99,291476
2005-07-18,14.26,14.26,13.98,14.06,138083
2005-07-19,14.13,14.74,14.0,14.44,539379
2005-07-20,14.63,14.86,14.33,14.46,358993
2005-07-21,14.51,14.62,14.03,14.14,236201
2005-07-22,14.16,14.29,14.03,14.22,115351
2005-07-25,14.36,14.66,14.32,14.41,199693
2005-07-26,14.51,14.66,14.13,14.54,409085
2005-07-27,14.61,14.79,14.37,14.49,244307
2005-07-29,14.51,14.78,13.74,13.98,749104
2005-08-01,13.98,14.32,13.9,14.15,247200
2005-08-02,14.28,14.36,14.17,14.25,198908
2005-08-03,14.38,14.4,13.87,13.93,224946
2005-08-04,14.36,14.36,13.98,14.11,141943
2005-08-05,14.29,15.55,14.2,15.34,1792436
2005-08-08,15.58,15.87,14.63,14.72,1181426
2005-08-09,14.81,14.84,14.09,14.22,653890
2005-08-10,14.4,14.82,14.4,14.69,731138
2005-08-11,14.74,15.49,14.32,15.0,1090896
2005-08-12,15.05,15.08,14.58,14.63,397830
2005-08-16,14.69,14.74,14.37,14.41,208455
2005-08-17,14.42,14.7,14.21,14.48,350284
2005-08-18,14.63,14.63,14.25,14.3,395592
2005-08-19,14.44,14.44,14.13,14.16,303003
2005-08-22,14.21,14.67,13.95,14.07,372837
2005-08-23,14.2,14.51,13.9,13.99,603531
2005-08-24,14.07,14.13,13.15,13.36,544597
2005-08-25,13.44,13.7,13.06,13.27,1401866
2005-08-26,13.44,14.12,13.44,13.98,1258521
2005-08-29,14.04,14.14,13.45,13.74,387875
2005-08-30,13.75,14.07,13.75,13.86,449593
2005-08-31,13.83,14.13,13.14,14.05,303804
2005-09-01,14.13,14.17,13.86,13.92,159210
2005-09-02,14.05,14.41,13.6,14.18,670421
2005-09-05,14.29,14.35,14.02,14.09,299486
2005-09-06,14.28,14.28,13.92,14.06,178593
2005-09-08,14.05,14.05,13.87,13.9,124580
2005-09-09,13.97,14.21,13.83,13.99,206446
2005-09-12,14.12,14.17,14.02,14.08,188541
2005-09-13,14.2,14.53,14.06,14.34,670394
2005-09-14,14.33,14.55,14.14,14.27,717778
2005-09-15,14.35,14.82,14.29,14.63,798949
2005-09-16,14.73,14.77,14.38,14.48,328734
2005-09-19,14.42,15.1,14.42,14.91,748014
2005-09-20,14.99,15.01,14.59,14.78,545979
2005-09-21,14.74,14.74,13.67,14.28,439721
2005-09-22,14.29,14.3,13.31,13.47,633669
2005-09-23,13.52,13.83,13.14,13.7,651010
2005-09-26,13.86,14.36,13.75,14.27,267763
2005-09-27,14.28,14.51,14.13,14.34,381646
2005-09-28,14.44,14.7,14.21,14.57,405966
2005-09-29,14.67,14.74,14.13,14.31,454701
2005-09-30,14.14,14.51,13.94,14.37,314451
2005-10-03,14.82,14.85,14.45,14.57,520356
2005-10-04,14.67,14.95,14.53,14.87,350644
2005-10-05,14.97,15.1,14.83,14.98,555216
2005-10-06,15.09,15.24,14.74,14.96,792038
2005-10-07,15.2,15.2,14.59,14.72,388270
2005-10-10,12.83,14.8,12.83,14.35,306095
2005-10-11,14.39,14.43,14.06,14.37,256067
2005-10-13,14.37,14.57,14.13,14.22,278542
2005-10-14,14.36,14.47,13.87,13.96,241979
2005-10-17,14.21,14.28,13.46,14.06,720829
2005-10-18,14.17,14.2,13.66,13.8,246583
2005-10-19,13.8,13.8,13.07,13.27,181358
2005-10-20,13.44,13.83,12.73,13.05,495717
2005-10-21,13.14,13.2,12.69,12.98,232059
2005-10-24,13.32,13.32,12.69,12.85,203986
2005-10-25,13.29,13.62,12.7,12.79,134347
2005-10-26,12.85,12.98,12.76,12.8,106416
2005-10-27,12.68,12.76,11.57,11.86,899540
2005-10-28,11.8,12.14,11.76,11.93,170452
2005-10-31,12.15,12.4,11.96,12.3,174239
2005-11-01,12.45,12.53,12.32,12.39,38391
2005-11-02,12.52,12.53,12.19,12.41,72840
2005-11-07,12.43,12.93,12.39,12.56,411836
2005-11-08,12.64,12.99,12.32,12.42,830694
2005-11-09,12.53,13.32,12.42,13.2,1648342
2005-11-10,13.3,13.56,13.14,13.21,646807
2005-11-11,13.29,13.48,13.22,13.3,324748
2005-11-14,13.75,13.75,12.85,13.0,543326
2005-11-16,13.1,13.37,13.07,13.24,239974
2005-11-17,13.25,13.34,12.76,13.15,372893
2005-11-18,13.16,13.29,12.99,13.09,315590
2005-11-21,13.2,13.22,12.72,12.83,259058
2005-11-22,12.83,12.9,12.7,12.75,247409
2005-11-23,12.86,12.93,12.53,12.88,325585
2005-11-24,14.21,14.21,12.76,12.94,473368
2005-11-25,13.02,13.28,12.99,13.13,239854
2005-11-26,13.18,13.28,13.07,13.11,36653
2005-11-28,13.1,13.35,12.99,13.06,186136
2005-11-29,13.1,13.71,12.99,13.56,736213
2005-11-30,13.98,14.11,13.29,13.36,765208
2005-12-01,13.47,13.75,13.37,13.69,273671
2005-12-02,13.9,14.13,13.69,13.87,501700
2005-12-05,13.96,14.03,13.53,13.62,161796
2005-12-06,13.7,13.7,13.31,13.41,157205
2005-12-07,13.06,13.55,13.06,13.34,235673
2005-12-08,13.44,14.02,13.33,13.84,346239
2005-12-09,13.9,14.12,13.67,13.77,344077
2005-12-12,13.98,13.98,13.52,13.59,184279
2005-12-13,13.59,14.02,13.59,13.82,364775
2005-12-14,13.9,14.39,13.83,14.25,898294
2005-12-15,14.36,14.51,13.41,13.59,660606
2005-12-16,13.73,13.88,13.41,13.67,265993
2005-12-19,14.42,14.42,13.67,13.86,187345
2005-12-20,13.84,14.27,13.68,14.01,480156
2005-12-21,14.06,14.11,13.71,13.75,270621
2005-12-22,13.83,14.13,13.79,13.85,236244
2005-12-23,13.91,14.09,13.64,13.7,333749
2005-12-26,13.7,13.75,12.91,13.02,612825
2005-12-27,13.13,13.67,12.8,13.62,507852
2005-12-28,13.67,14.02,13.53,13.82,1509647
2005-12-29,13.9,14.2,13.86,14.03,666701
2005-12-30,14.06,14.06,13.79,13.94,173398
2006-01-02,14.06,14.06,13.76,13.83,153318
2006-01-03,14.04,14.14,13.93,14.03,203827
2006-01-04,14.13,14.17,13.96,14.03,331473
2006-01-05,14.13,14.59,14.06,14.45,1056467
2006-01-06,14.59,14.7,14.07,14.21,666513
2006-01-09,14.35,14.51,14.06,14.12,474949
2006-01-10,14.2,14.25,13.83,13.89,262963
2006-01-12,13.9,13.92,13.56,13.64,444415
2006-01-13,13.64,13.85,13.44,13.48,350897
2006-01-16,13.67,13.67,13.2,13.32,511056
2006-01-17,13.6,14.09,13.52,13.66,1165448
2006-01-18,13.9,13.96,13.63,13.86,556058
2006-01-19,14.13,14.29,13.98,14.19,615902
2006-01-20,14.19,14.8,14.19,14.66,817412
2006-01-23,14.58,14.63,14.14,14.22,691943
2006-01-24,14.32,14.4,13.99,14.05,558015
2006-01-25,14.22,14.26,13.45,13.58,836872
2006-01-27,13.82,14.21,13.82,14.15,527317
2006-01-30,13.98,14.29,13.72,13.79,309147
2006-01-31,13.93,14.06,13.72,13.82,292442
2006-02-01,13.87,13.98,13.46,13.54,158114
2006-02-02,13.54,13.74,13.34,13.51,197798
2006-02-03,13.52,13.58,13.27,13.3,338546
2006-02-06,13.44,13.44,13.22,13.33,214191
2006-02-07,13.33,13.67,13.33,13.38,698536
2006-02-08,13.41,13.51,13.37,13.44,232283
2006-02-10,13.6,14.06,13.5,13.73,295133
2006-02-13,13.86,14.05,13.76,13.9,304272
2006-02-14,14.01,14.06,13.68,13.72,192610
2006-02-15,13.8,13.82,13.46,13.55,159563
2006-02-16,13.7,13.75,13.53,13.62,166171
2006-02-17,13.69,13.71,13.26,13.28,198140
2006-02-20,13.29,13.35,13.04,13.18,157107
2006-02-21,13.33,13.56,13.18,13.24,219494
2006-02-22,13.37,13.44,13.04,13.1,247568
2006-02-23,13.14,13.44,12.99,13.36,359022
2006-02-24,13.29,13.51,13.25,13.35,234966
2006-02-27,13.23,13.48,13.08,13.27,91297
2006-02-28,13.37,13.6,13.12,13.17,212617
2006-03-01,13.14,13.25,13.04,13.08,167374
2006-03-02,13.13,13.31,13.12,13.16,112214
2006-03-03,13.25,13.44,13.15,13.25,245480
2006-03-06,13.36,13.37,13.14,13.19,133208
2006-03-07,13.27,13.44,13.16,13.3,230684
2006-03-08,13.52,13.6,13.24,13.42,635327
2006-03-09,13.48,13.8,13.33,13.74,548303
2006-03-10,13.9,14.25,13.83,14.09,904291
2006-03-13,14.09,14.43,13.83,14.03,282361
2006-03-14,14.32,14.39,13.79,13.88,346650
2006-03-16,13.92,14.02,13.67,13.75,169268
2006-03-17,13.89,13.9,13.51,13.55,109832
2006-03-20,13.66,13.71,13.37,13.42,111962
2006-03-21,13.54,13.59,13.3,13.32,181617
2006-03-22,13.44,13.44,12.39,13.07,145075
2006-03-23,13.22,14.38,13.22,13.96,2640536
2006-03-24,13.95,15.09,13.95,14.84,2440158
2006-03-27,15.05,15.12,14.41,14.48,614514
2006-03-28,14.62,15.39,14.22,15.01,1189378
2006-03-29,15.17,15.81,15.13,15.44,1125035
2006-03-30,15.57,15.72,14.87,14.99,429406
2006-03-31,15.19,15.56,14.82,15.43,506306
2006-04-03,15.51,15.8,15.45,15.53,285094
2006-04-04,15.66,16.23,15.63,15.93,871589
2006-04-05,16.04,16.42,15.93,16.26,680595
2006-04-07,16.42,16.5,15.05,15.44,494373
2006-04-10,15.5,15.66,15.2,15.33,248015
2006-04-12,15.33,15.57,15.05,15.27,830463
2006-04-13,15.28,15.35,14.51,15.05,517169
2006-04-17,15.2,15.55,15.13,15.43,475707
2006-04-18,15.65,16.05,15.6,15.68,513234
2006-04-19,15.81,15.97,15.43,15.64,262117
2006-04-20,15.58,15.66,15.35,15.56,136968
2006-04-21,15.51,15.89,15.36,15.66,212631
2006-04-24,15.66,15.81,15.47,15.55,162153
2006-04-25,15.55,15.66,15.35,15.48,142467
2006-04-26,15.51,15.74,15.36,15.66,117151
2006-04-27,15.65,16.0,15.43,15.79,744221
2006-04-28,15.43,16.04,14.21,15.95,243837
2006-04-29,16.12,16.19,15.82,15.94,73250
2006-05-02,16.04,16.31,15.97,16.23,151869
2006-05-03,16.28,16.66,16.28,16.53,277558
2006-05-04,16.65,16.96,16.39,16.56,299095
2006-05-05,16.43,16.73,16.23,16.28,427506
2006-05-08,16.42,16.65,16.28,16.32,173304
2006-05-09,16.42,16.57,16.31,16.53,89678
2006-05-10,16.65,16.99,16.5,16.78,260024
2006-05-11,16.81,16.94,16.42,16.52,86212
2006-05-12,16.5,16.5,15.55,16.2,297994
2006-05-15,16.2,16.42,15.97,16.13,217186
2006-05-16,16.19,16.58,15.28,16.38,526130
2006-05-17,16.42,17.19,16.42,16.95,148251
2006-05-18,16.81,17.11,15.89,16.03,161979
2006-05-19,16.35,16.42,14.63,15.11,422715
2006-05-22,16.03,16.03,12.83,13.59,230240
2006-05-23,14.85,14.85,13.07,14.32,203964
2006-05-24,14.67,14.82,14.14,14.36,144650
2006-05-25,14.13,14.51,13.38,13.64,441994
2006-05-26,14.12,14.77,14.06,14.51,410248
2006-05-29,14.82,14.97,14.44,14.6,109110
2006-05-30,14.74,14.81,14.44,14.5,60735
2006-05-31,13.75,14.62,13.6,14.52,217636
2006-06-01,14.82,14.9,14.35,14.48,117256
2006-06-02,14.06,14.32,13.52,14.27,74909
2006-06-05,14.51,14.51,13.6,13.64,113699
2006-06-06,13.82,13.82,13.26,13.39,66210
2006-06-07,12.45,13.44,12.22,12.45,85532
2006-06-08,12.96,12.96,10.24,10.71,144559
2006-06-09,10.71,12.64,10.71,12.23,330619
2006-06-12,12.6,12.6,11.61,11.87,79750
2006-06-13,11.52,11.61,10.4,10.65,173137
2006-06-14,11.45,11.54,10.7,10.78,159484
2006-06-15,11.38,11.92,10.92,11.23,958849
2006-06-16,11.8,12.45,11.46,12.05,467054
2006-06-19,11.84,12.15,11.8,12.1,62503
2006-06-20,12.22,12.22,11.73,11.99,40822
2006-06-21,12.15,12.38,11.96,12.22,62451
2006-06-22,12.6,13.05,12.53,12.65,214867
2006-06-23,12.41,12.83,12.22,12.7,154305
2006-06-25,12.8,12.8,12.38,12.51,8485
2006-06-26,12.82,12.82,11.84,11.92,78435
2006-06-27,11.96,12.23,11.73,12.17,274821
2006-06-28,11.76,12.07,11.76,11.96,104790
2006-06-29,12.07,13.14,11.99,12.39,470648
2006-06-30,12.8,13.05,12.6,12.72,69981
2006-07-03,12.38,12.76,12.38,12.64,33613
2006-07-04,12.67,12.89,12.67,12.8,32729
2006-07-05,12.9,13.07,12.62,13.01,62747
2006-07-06,13.14,13.14,12.7,12.77,45545
2006-07-07,12.99,12.99,12.46,12.55,50595
2006-07-10,12.64,13.06,12.31,12.96,58465
2006-07-11,13.06,13.1,12.83,13.0,91307
2006-07-12,12.32,13.37,12.32,13.26,58896
2006-07-13,12.91,13.36,12.91,13.29,34607
2006-07-14,12.91,13.28,12.76,13.1,95299
2006-07-17,13.06,13.06,12.8,12.9,119581
2006-07-18,12.97,13.21,12.76,13.13,179099
2006-07-19,13.29,13.36,12.87,12.94,104537
2006-07-20,13.14,13.14,12.91,13.0,56447
2006-07-21,13.14,13.19,12.8,12.87,32117
2006-07-24,12.27,13.13,12.07,12.63,311271
2006-07-25,12.87,13.29,12.84,12.99,176914
2006-07-26,13.13,13.25,12.99,13.05,75884
2006-07-27,13.13,13.2,12.99,13.14,141542
2006-07-28,13.37,13.43,13.22,13.38,183248
2006-07-31,13.6,13.67,13.37,13.37,105560
2006-08-01,13.44,13.46,13.19,13.42,77164
2006-08-02,13.29,13.53,13.29,13.42,50951
2006-08-03,13.6,14.01,13.6,13.69,228623
2006-08-04,13.75,13.88,13.56,13.69,203531
2006-08-07,13.69,13.69,13.29,13.56,46200
2006-08-08,13.67,13.82,13.56,13.75,40034
2006-08-09,13.75,14.06,13.56,13.99,106337
2006-08-10,13.75,14.09,13.67,13.84,37703
2006-08-11,13.84,14.36,13.84,14.15,88486
2006-08-14,14.59,14.59,14.21,14.24,39081
2006-08-16,14.51,14.51,14.15,14.21,39870
2006-08-17,14.36,14.86,14.21,14.45,176263
2006-08-18,14.44,14.51,14.3,14.37,43331
2006-08-21,14.63,14.66,14.36,14.4,32074
2006-08-22,14.59,14.59,14.21,14.32,31929
2006-08-23,14.32,14.44,14.25,14.35,29321
2006-08-24,14.36,14.42,13.99,14.29,42866
2006-08-25,14.44,14.5,14.36,14.42,57690
2006-08-28,14.51,14.51,14.32,14.38,22775
2006-08-29,14.66,14.67,14.36,14.37,24288
2006-08-30,14.66,15.77,14.36,15.5,262072
2006-08-31,15.66,15.81,14.8,14.95,221372
2006-09-01,14.98,15.55,14.97,15.19,141220
2006-09-04,16.42,16.42,15.34,15.92,324269
2006-09-05,15.97,16.03,15.38,15.46,197454
2006-09-06,15.65,15.66,15.28,15.34,141643
2006-09-07,15.13,15.66,14.98,15.25,255567
2006-09-08,15.26,15.46,14.99,15.14,120706
2006-09-11,15.58,15.58,13.7,13.88,188205
2006-09-12,13.94,14.2,13.48,13.93,291939
2006-09-13,15.27,15.57,14.17,15.27,585869
2006-09-14,15.51,16.19,15.28,16.02,1098238
2006-09-15,15.97,16.12,15.68,16.03,679412
2006-09-18,16.04,16.19,15.51,15.6,246438
2006-09-19,15.76,15.89,15.53,15.58,234228
2006-09-20,15.58,15.66,15.22,15.52,184458
2006-09-21,15.58,16.42,15.55,16.23,813088
2006-09-22,16.27,16.38,15.89,15.99,442620
2006-09-25,15.89,15.96,15.28,15.35,192629
2006-09-26,15.5,15.56,15.01,15.19,216094
2006-09-27,15.35,15.81,15.28,15.36,244111
2006-09-28,15.56,16.19,15.17,16.12,672796
2006-09-29,16.12,16.52,16.09,16.18,483657
2006-10-03,16.19,16.23,15.74,15.99,258365
2006-10-04,15.89,16.04,15.43,15.5,69183
2006-10-05,15.81,16.29,15.67,16.07,211942
2006-10-06,16.19,16.88,15.97,16.56,551279
2006-10-09,16.48,16.95,16.2,16.83,343654
2006-10-10,16.96,17.19,16.65,16.77,223448
2006-10-11,16.91,16.91,15.93,16.02,168205
2006-10-12,16.04,16.77,15.93,16.65,415115
2006-10-13,16.75,16.92,16.27,16.32,151297
2006-10-16,16.72,16.99,16.28,16.6,273159
2006-10-17,16.42,16.74,16.39,16.48,116053
2006-10-18,16.12,16.71,16.12,16.38,63931
2006-10-19,16.56,16.56,16.23,16.32,70949
2006-10-20,16.27,16.62,16.26,16.4,70978
2006-10-21,16.49,16.5,16.14,16.32,21572
2006-10-23,16.27,16.56,16.04,16.13,77893
2006-10-26,16.19,16.57,16.19,16.39,269983
2006-10-27,15.66,17.33,15.66,17.2,481942
2006-10-30,17.19,17.26,16.88,17.0,156758
2006-10-31,17.04,17.19,16.59,16.66,220915
2006-11-01,16.73,16.92,16.51,16.79,265767
2006-11-02,16.95,17.26,16.73,16.79,194084
2006-11-03,16.92,16.94,16.58,16.66,78402
2006-11-06,16.66,16.92,16.39,16.67,158295
2006-11-07,16.96,16.96,16.42,16.53,119201
2006-11-08,16.54,16.65,16.37,16.49,188917
2006-11-09,16.42,16.7,16.35,16.56,110809
2006-11-10,16.44,16.73,16.28,16.34,231152
2006-11-13,16.35,16.52,16.08,16.25,177156
2006-11-14,16.35,16.38,16.15,16.26,311292
2006-11-15,16.27,16.73,16.25,16.42,378607
2006-11-16,16.46,17.19,16.39,17.07,725537
2006-11-17,17.26,17.55,16.51,16.58,471358
2006-11-20,16.65,16.65,15.97,16.26,209685
2006-11-21,16.42,16.8,16.27,16.71,328569
2006-11-22,16.88,17.08,16.5,16.6,204419
2006-11-23,16.88,16.88,16.36,16.66,215672
2006-11-24,16.77,17.04,16.5,16.59,161237
2006-11-27,16.54,16.65,16.35,16.48,92894
2006-11-28,16.5,16.5,16.14,16.32,81630
2006-11-29,16.73,16.73,16.36,16.47,106853
2006-11-30,16.58,16.81,16.47,16.55,186507
2006-12-01,17.11,17.26,16.52,17.08,261184
2006-12-04,16.81,17.33,15.79,17.09,352443
2006-12-05,17.11,17.72,16.85,17.57,489495
2006-12-06,17.75,18.17,17.29,17.46,411670
2006-12-07,17.57,17.72,17.19,17.51,211836
2006-12-08,17.49,17.81,17.21,17.39,172290
2006-12-11,16.96,17.01,15.74,15.97,232251
2006-12-12,16.04,16.04,14.48,14.84,298847
2006-12-13,15.16,15.58,14.14,15.39,319883
2006-12-14,15.74,16.38,15.55,16.03,348789
2006-12-15,16.27,16.69,16.19,16.5,538083
2006-12-18,16.8,16.8,16.05,16.62,108032
2006-12-19,16.73,16.8,16.05,16.26,139657
2006-12-20,16.42,16.5,16.04,16.18,65627
2006-12-21,16.27,16.65,16.08,16.55,92260
2006-12-22,16.65,17.64,16.58,17.18,584502
2006-12-26,17.34,17.41,16.97,17.04,129427
2006-12-27,17.07,17.18,16.6,16.7,110295
2006-12-28,16.73,17.11,16.42,16.93,269568
2006-12-29,17.11,17.17,16.65,16.74,105946
2007-01-02,16.91,17.19,16.71,16.98,545760
2007-01-03,17.19,17.3,17.03,17.26,356825
2007-01-04,17.11,17.64,17.11,17.28,374582
2007-01-05,17.42,17.42,16.69,16.82,141690
2007-01-08,16.74,17.26,16.58,17.15,148983
2007-01-09,17.34,17.46,17.15,17.33,920260
2007-01-10,17.26,17.42,16.96,17.27,124036
2007-01-11,17.26,18.41,17.19,18.12,510474
2007-01-12,18.48,19.79,18.24,19.47,627558
2007-01-15,19.75,19.99,19.46,19.82,387833
2007-01-16,20.23,20.23,19.25,19.71,176548
2007-01-17,19.48,20.47,19.48,20.33,188527
2007-01-18,20.32,21.0,19.87,20.29,383287
2007-01-19,20.4,20.85,19.79,19.86,120271
2007-01-22,20.01,20.24,19.21,19.31,126231
2007-01-23,19.33,19.63,18.33,19.51,99024
2007-01-24,19.67,19.82,19.11,19.19,149444
2007-01-25,19.55,19.71,19.21,19.59,281087
2007-01-29,19.63,20.01,19.17,19.34,378094
2007-01-31,19.33,19.94,18.72,19.06,439615
2007-02-01,19.04,19.46,18.98,19.18,255355
2007-02-02,19.56,20.7,19.55,20.14,399343
2007-02-05,20.37,20.85,19.71,20.35,274559
2007-02-06,20.63,20.89,20.02,20.25,169867
2007-02-07,20.4,20.4,19.48,19.96,311328
2007-02-08,20.17,20.47,19.64,19.95,239569
2007-02-09,20.39,20.39,19.07,19.18,182215
2007-02-12,19.28,19.28,17.86,18.19,329869
2007-02-13,18.64,19.55,18.2,18.82,448785
2007-02-14,18.49,18.56,17.44,18.37,342815
2007-02-15,18.71,19.86,17.63,18.09,511812
2007-02-19,19.02,19.02,18.18,18.34,127966
2007-02-20,18.45,18.56,17.97,18.09,121801
2007-02-21,17.57,18.22,17.57,17.7,133520
2007-02-22,17.95,17.95,17.35,17.53,437741
2007-02-23,17.88,17.88,16.84,17.23,239092
2007-02-26,17.25,17.42,17.08,17.21,276165
2007-02-27,17.55,17.55,17.11,17.31,66409
2007-02-28,16.12,17.19,16.04,16.81,59720
2007-03-01,16.43,17.19,16.43,16.9,91777
2007-03-02,17.07,17.65,16.66,16.76,132991
2007-03-05,16.66,16.66,15.05,15.37,134529
2007-03-06,15.66,15.81,14.79,14.96,262031
2007-03-07,15.28,15.51,14.53,14.79,90674
2007-03-08,15.2,15.73,14.59,15.6,101703
2007-03-09,15.89,16.42,15.59,15.95,132269
2007-03-12,16.05,16.19,15.75,16.13,75221
2007-03-13,16.12,16.23,15.56,16.07,109918
2007-03-14,15.52,15.86,15.43,15.68,66094
2007-03-15,15.74,16.23,15.74,15.88,96723
2007-03-16,15.96,16.12,15.51,15.75,82168
2007-03-19,15.94,15.94,15.59,15.73,91541
2007-03-20,15.89,16.42,15.81,16.26,246854
2007-03-21,16.19,16.73,16.05,16.63,91221
2007-03-22,17.18,17.19,16.74,17.18,171612
2007-03-23,17.26,17.26,16.81,16.98,63597
2007-03-26,16.81,17.25,16.8,16.87,41202
2007-03-28,16.81,16.95,16.54,16.67,211540
2007-03-29,16.76,16.76,16.46,16.57,183838
2007-03-30,16.65,17.15,16.42,16.52,89961
2007-04-02,15.97,16.35,15.05,15.49,50868
2007-04-03,15.58,15.81,15.39,15.73,50170
2007-04-04,16.03,16.04,15.66,15.77,26107
2007-04-05,15.35,17.0,15.35,16.6,155338
2007-04-09,16.79,17.4,16.74,17.18,111577
2007-04-10,16.97,17.94,16.97,17.76,222705
2007-04-11,17.8,18.0,17.5,17.59,426446
2007-04-12,16.96,17.57,16.96,17.51,83343
2007-04-13,17.72,18.1,16.06,17.98,228188
2007-04-16,18.3,18.55,17.95,18.43,492303
2007-04-17,18.33,18.64,18.03,18.33,252399
2007-04-18,18.32,18.49,18.2,18.33,143453
2007-04-19,18.18,18.64,17.89,18.42,147347
2007-04-20,18.72,18.79,18.17,18.34,105759
2007-04-23,18.34,18.72,18.18,18.33,102654
2007-04-24,17.65,19.25,17.65,18.44,236891
2007-04-25,18.44,18.72,18.35,18.49,103820
2007-04-26,18.71,18.94,18.37,18.5,91356
2007-04-27,18.22,18.6,18.22,18.4,50864
2007-04-30,18.64,18.78,18.03,18.64,64962
2007-05-03,18.56,19.01,18.4,18.48,96476
2007-05-04,18.78,18.83,18.51,18.62,34940
2007-05-07,18.64,19.19,18.49,18.73,83916
2007-05-08,18.73,18.93,18.49,18.7,61948
2007-05-09,18.91,19.85,18.66,19.62,275895
2007-05-10,19.95,20.23,19.39,19.58,277154
2007-05-11,19.11,20.61,19.1,20.08,238209
2007-05-14,20.62,20.92,19.98,20.19,109046
2007-05-15,20.2,20.4,19.9,20.17,645445
2007-05-16,20.47,20.62,20.24,20.49,72142
2007-05-17,20.63,20.78,20.47,20.61,156200
2007-05-18,20.61,21.62,16.81,21.29,442034
2007-05-21,21.7,22.08,21.47,22.02,532767
2007-05-22,22.15,22.45,21.43,21.63,346756
2007-05-23,22.14,22.14,21.01,21.08,86896
2007-05-24,21.08,21.08,20.33,20.5,351158
2007-05-25,20.47,21.23,19.98,21.08,271415
2007-05-28,21.38,21.39,21.09,21.22,494819
2007-05-29,21.29,21.61,20.96,21.3,34722
2007-05-30,21.23,21.31,20.4,20.54,132276
2007-05-31,20.63,20.85,20.26,20.36,106515
2007-06-01,20.7,21.05,20.52,20.68,81912
2007-06-04,20.78,21.18,20.78,21.1,114348
2007-06-05,20.9,22.25,20.85,21.86,337806
2007-06-06,21.77,22.07,21.31,21.4,156795
2007-06-07,21.24,21.63,21.11,21.32,79228
2007-06-08,20.63,21.13,20.63,20.84,58507
2007-06-11,21.24,21.54,20.78,20.88,60417
2007-06-12,20.63,21.15,20.55,21.0,77336
2007-06-13,21.13,21.3,21.01,21.14,73572
2007-06-14,21.47,21.86,21.26,21.62,267986
2007-06-15,21.88,22.14,21.7,21.78,95795
2007-06-18,20.78,22.38,18.79,21.5,68144
2007-06-19,21.32,21.96,21.32,21.8,33657
2007-06-20,22.0,22.54,21.8,22.44,274315
2007-06-21,22.54,22.92,22.31,22.71,266116
2007-06-22,22.63,23.37,22.46,22.64,272050
2007-06-25,22.91,22.92,22.5,22.72,56809
2007-06-26,22.62,22.84,22.15,22.23,76355
2007-06-27,22.27,22.36,22.02,22.15,59990
2007-06-28,22.1,22.57,22.1,22.41,137998
2007-06-29,22.52,23.3,22.46,23.06,137570
2007-07-02,22.92,24.06,22.92,23.92,265982
2007-07-03,24.14,24.44,23.61,23.75,606539
2007-07-04,24.01,24.01,23.54,23.76,80249
2007-07-05,23.76,24.02,22.92,23.39,67425
2007-07-06,23.52,23.52,22.96,23.09,44420
2007-07-09,23.3,23.89,23.14,23.64,132765
2007-07-10,23.94,23.95,23.31,23.56,111406
2007-07-11,23.22,23.72,22.92,23.66,80112
2007-07-12,23.91,24.14,23.6,24.01,75133
2007-07-13,24.36,25.51,23.77,24.96,467788
2007-07-16,24.96,25.96,24.37,25.6,237093
2007-07-17,25.59,26.62,25.52,25.72,498384
2007-07-18,25.72,25.97,25.02,25.3,170816
2007-07-19,25.89,25.89,25.11,25.22,133968
2007-07-20,25.21,25.55,24.32,24.49,116769
2007-07-23,24.53,25.02,24.52,24.71,97437
2007-07-24,24.82,25.28,24.45,24.92,196782
2007-07-25,24.73,25.51,24.49,24.81,97448
2007-07-26,25.39,25.51,24.45,24.78,315349
2007-07-27,23.46,25.97,23.46,25.51,622032
2007-07-30,25.51,27.11,25.01,26.84,295133
2007-07-31,27.34,27.87,26.65,27.2,312305
2007-08-01,27.12,27.5,26.28,26.74,326523
2007-08-02,26.28,28.26,26.28,27.93,382900
2007-08-03,28.24,28.64,27.96,28.11,439951
2007-08-06,27.12,28.26,27.12,27.76,209995
2007-08-07,27.88,28.34,26.53,26.81,481462
2007-08-08,26.97,27.46,26.71,26.89,206420
2007-08-09,27.41,27.41,25.09,25.8,234515
2007-08-10,24.83,25.44,24.07,25.28,511641
2007-08-13,25.22,25.96,25.13,25.81,62838
2007-08-14,25.97,26.28,25.39,25.5,52528
2007-08-16,24.83,25.04,23.91,24.83,203148
2007-08-17,24.67,25.13,24.53,24.71,251540
2007-08-20,25.09,25.78,24.52,24.74,76480
2007-08-21,25.36,25.42,22.69,23.0,132523
2007-08-22,23.03,24.4,22.48,23.92,142809
2007-08-23,24.37,24.67,23.09,23.25,46735
2007-08-24,23.6,24.36,22.92,23.51,57648
2007-08-27,24.06,25.51,23.54,24.62,110722
2007-08-28,24.98,24.98,24.3,24.47,42913
2007-08-29,24.06,24.96,23.54,24.86,74289
2007-08-30,25.2,25.67,24.92,25.58,150943
2007-08-31,25.59,27.02,25.59,26.46,311153
2007-09-03,26.58,26.6,26.13,26.42,115052
2007-09-04,26.43,26.74,26.2,26.51,54794
2007-09-05,26.51,26.66,26.29,26.49,35512
2007-09-06,26.28,26.97,25.82,26.75,95623
2007-09-07,26.73,27.68,26.34,27.29,143815
2007-09-10,27.26,28.04,26.76,27.46,125334
2007-09-11,27.23,27.62,26.97,27.1,46900
2007-09-12,27.27,27.49,26.74,26.95,23238
2007-09-13,27.39,27.49,26.86,26.96,27723
2007-09-14,27.42,27.57,26.46,26.79,48563
2007-09-17,26.58,26.96,26.32,26.49,31850
2007-09-18,26.35,27.58,26.35,27.21,80672
2007-09-19,27.81,27.88,27.21,27.34,78256
2007-09-20,27.5,27.63,26.89,26.97,24939
2007-09-21,26.7,27.35,26.7,26.97,43740
2007-09-24,27.2,27.8,26.85,27.17,136049
2007-09-25,27.42,28.64,26.74,28.24,239899
2007-09-26,28.42,29.02,28.34,28.47,184312
2007-09-27,28.65,28.91,27.66,27.95,89485
2007-09-28,28.11,28.99,27.81,28.45,68795
2007-10-01,28.38,29.98,28.2,28.99,192391
2007-10-03,29.18,29.79,28.42,29.52,211702
2007-10-04,29.64,30.17,29.11,29.29,118708
2007-10-05,27.24,29.56,27.24,28.3,80372
2007-10-08,28.35,28.8,26.51,27.51,115905
2007-10-09,26.36,28.34,26.35,28.12,84726
2007-10-10,28.04,28.87,27.73,28.08,58412
2007-10-11,28.11,29.17,27.89,29.01,93332
2007-10-12,28.95,29.18,28.65,28.92,102856
2007-10-15,28.87,30.02,28.87,29.79,226195
2007-10-16,30.02,30.02,28.65,29.11,122198
2007-10-17,27.73,29.18,25.29,28.63,103478
2007-10-18,28.26,29.4,27.81,28.38,80152
2007-10-19,27.28,28.19,27.2,27.81,104181
2007-10-22,27.73,27.92,26.89,27.82,47138
2007-10-23,27.88,29.59,27.88,29.36,239963
2007-10-24,30.47,30.47,28.81,29.54,170853
2007-10-25,29.65,30.14,29.18,29.29,77874
2007-10-26,29.72,31.32,29.41,29.68,298806
2007-10-29,30.27,31.24,29.7,29.92,393240
2007-10-30,30.52,30.56,29.49,29.64,196648
2007-10-31,29.53,30.02,29.18,29.81,183944
2007-11-01,30.48,30.71,29.68,30.6,195958
2007-11-02,30.56,30.56,29.79,30.21,91896
2007-11-05,30.17,30.79,30.17,30.48,201142
2007-11-06,30.56,31.98,30.4,31.39,472427
2007-11-07,31.48,34.3,31.48,33.82,408959
2007-11-08,32.78,34.68,32.78,34.01,502573
2007-11-09,34.45,34.76,33.86,34.1,32775
2007-11-12,33.99,35.88,33.08,34.65,358015
2007-11-13,35.52,35.88,34.11,34.15,477690
2007-11-14,34.76,34.91,33.84,34.2,287479
2007-11-15,34.38,34.99,34.08,34.23,438329
2007-11-16,34.35,38.04,33.77,36.18,951360
2007-11-19,37.0,40.7,36.22,36.91,399187
2007-11-20,37.1,37.7,35.1,35.44,240961
2007-11-21,36.9,36.9,34.0,34.26,190817
2007-11-22,34.0,35.5,33.53,35.23,158028
2007-11-23,35.57,36.1,33.5,33.72,304915
2007-11-26,33.8,34.4,33.23,33.39,347145
2007-11-27,33.2,33.7,32.04,32.38,276486
2007-11-28,33.4,33.5,31.0,31.23,247728
2007-11-29,32.0,33.19,30.42,30.93,589726
2007-11-30,31.2,32.0,31.1,31.56,92595
2007-12-03,32.0,34.2,31.99,33.65,387885
2007-12-04,34.1,34.4,32.91,33.06,103177
2007-12-05,33.8,33.8,32.5,32.96,184689
2007-12-06,33.7,33.7,32.35,32.56,189714
2007-12-07,32.95,33.1,32.1,32.68,88953
2007-12-10,32.9,33.05,32.5,32.67,122592
2007-12-11,33.05,33.7,32.7,32.83,164272
2007-12-12,32.6,33.0,32.1,32.78,96546
2007-12-13,33.0,33.23,32.32,32.47,247340
2007-12-14,32.1,33.0,32.1,32.71,165238
2007-12-17,32.88,32.89,32.29,32.39,105355
2007-12-18,32.11,32.5,31.35,31.93,109940
2007-12-19,31.93,32.89,31.7,31.97,157396
2007-12-20,32.05,32.5,31.7,32.09,59182
2007-12-24,32.3,32.84,32.1,32.15,98946
2007-12-26,32.4,32.74,32.11,32.46,197517
2007-12-27,32.6,32.7,31.91,32.35,161825
2007-12-28,31.83,34.1,31.83,33.5,461755
2007-12-31,34.0,34.25,33.0,33.57,497306
2008-01-01,33.8,33.8,33.1,33.42,55358
2008-01-02,34.0,36.14,33.41,35.34,1054223
2008-01-03,35.01,36.9,34.28,34.96,1485156
2008-01-04,35.2,35.5,34.45,34.5,320198
2008-01-07,34.7,34.9,34.14,34.37,277667
2008-01-08,34.7,34.7,32.9,33.38,534377
2008-01-09,33.3,34.5,32.5,33.78,557669
2008-01-10,34.0,35.3,34.0,34.41,1003566
2008-01-11,34.3,34.75,33.61,34.35,451045
2008-01-14,34.6,34.9,34.08,34.26,473818
2008-01-15,35.2,35.38,34.3,34.65,637248
2008-01-16,33.22,34.76,33.22,34.43,374069
2008-01-17,34.2,34.68,33.91,34.01,589474
2008-01-18,33.5,34.0,32.33,33.48,337131
2008-01-21,32.11,32.49,28.5,30.89,270373
2008-01-22,28.37,30.29,26.0,29.18,190826
2008-01-23,30.0,31.4,29.13,30.93,218987
2008-01-24,31.5,32.1,30.8,31.15,238256
2008-01-25,32.4,34.1,31.63,33.54,402413
2008-01-28,32.2,33.6,31.4,32.94,264673
2008-01-29,33.4,33.4,30.8,31.77,530999
2008-01-30,32.75,32.75,30.5,31.26,57194
2008-01-31,31.6,32.25,30.5,30.97,672986
2008-02-01,31.0,31.8,30.6,30.8,105368
2008-02-04,31.0,31.73,31.0,31.52,154047
2008-02-05,31.7,31.8,30.9,31.21,197921
2008-02-06,30.9,30.9,30.11,30.22,104214
2008-02-07,30.0,31.14,30.0,30.46,282771
2008-02-08,30.0,30.74,30.0,30.63,144425
2008-02-11,29.0,30.6,29.0,30.0,300395
2008-02-12,24.23,30.49,24.23,29.85,336650
2008-02-13,30.2,30.2,28.85,29.0,162909
2008-02-14,28.9,30.1,28.9,29.8,246008
2008-02-15,30.19,30.19,29.01,29.53,115279
2008-02-18,30.0,30.1,29.25,29.81,138627
2008-02-19,30.19,30.19,29.64,29.93,157257
2008-02-20,29.97,29.97,29.0,29.15,137880
2008-02-21,29.5,29.68,29.07,29.27,137820
2008-02-22,29.1,29.58,29.0,29.44,123696
2008-02-25,29.41,29.8,29.35,29.57,470112
2008-02-26,29.89,29.89,29.14,29.43,373076
2008-02-27,29.5,29.9,29.0,29.1,606251
2008-02-28,29.1,29.58,29.0,29.04,590058
2008-02-29,29.28,29.84,28.85,29.7,188261
2008-03-03,29.22,29.34,28.9,29.02,168546
2008-03-04,29.0,29.1,27.85,28.74,182752
2008-03-05,28.22,28.69,27.98,28.01,179391
2008-03-07,27.5,27.97,26.61,27.34,165708
2008-03-10,26.13,27.29,25.81,27.05,84316
2008-03-11,26.8,28.0,26.43,26.63,161632
2008-03-12,27.6,27.9,26.26,26.95,140730
2008-03-13,25.85,26.5,25.0,25.17,233067
2008-03-14,25.17,25.5,22.8,24.22,1038173
2008-03-17,23.0,24.0,19.8,21.2,695418
2008-03-18,21.5,22.0,19.32,19.9,564795
2008-03-19,20.8,21.36,20.1,21.0,806223
2008-03-24,21.0,21.37,20.6,21.13,230875
2008-03-25,21.4,22.5,21.33,21.53,305526
2008-03-26,22.0,23.0,21.3,21.41,553219
2008-03-27,21.3,22.4,21.3,21.99,993703
2008-03-28,22.0,22.6,21.9,22.37,224701
2008-03-31,22.3,22.5,21.45,21.66,378532
2008-04-01,21.75,21.9,21.09,21.31,291137
2008-04-02,21.7,22.37,21.5,21.7,144823
2008-04-03,21.6,22.3,21.3,22.04,191610
2008-04-04,22.2,22.23,21.58,21.7,194260
2008-04-07,22.0,22.26,21.72,22.14,148467
2008-04-08,22.25,22.95,21.84,22.68,225028
2008-04-09,22.02,23.69,22.02,23.41,162459
2008-04-10,23.4,23.7,22.81,22.98,88851
2008-04-11,23.11,23.45,23.01,23.22,87384
2008-04-15,23.3,23.84,22.81,23.32,347328
2008-04-16,23.4,24.18,23.4,23.61,410890
2008-04-17,24.37,25.2,23.72,24.35,672847
2008-04-21,24.35,24.8,24.01,24.49,167491
2008-04-22,24.16,25.41,24.16,25.2,166294
2008-04-23,25.5,25.77,24.4,24.77,115961
2008-04-24,24.6,25.0,24.0,24.23,129855
2008-04-25,24.49,24.79,24.11,24.64,231324
2008-04-28,24.79,24.8,24.0,24.18,60031
2008-04-29,23.8,25.45,23.8,24.81,432446
2008-04-30,25.0,25.0,23.8,24.08,117689
2008-05-02,24.9,25.69,24.31,25.34,250779
2008-05-05,25.6,26.5,25.36,26.06,210037
2008-05-06,25.71,26.4,25.22,25.72,305567
2008-05-07,25.6,26.43,25.43,25.63,649347
2008-05-08,25.07,25.4,24.05,25.06,67008
2008-05-09,25.1,25.25,24.23,24.54,68315
2008-05-12,24.31,24.65,23.11,23.9,161019
2008-05-13,24.5,24.8,23.5,23.97,296305
2008-05-14,23.95,24.39,23.62,23.95,98383
2008-05-15,24.49,24.49,23.81,24.1,205658
2008-05-16,24.11,24.5,23.7,23.95,159898
2008-05-20,24.0,24.74,24.0,24.49,251656
2008-05-21,24.49,25.15,24.13,24.74,120223
2008-05-22,24.7,25.5,24.33,24.5,322887
2008-05-23,24.8,25.24,23.3,23.61,341643
2008-05-26,23.01,23.3,21.8,22.15,984967
2008-05-27,22.3,22.59,21.32,21.44,401958
2008-05-28,21.65,21.7,20.71,21.51,619064
2008-05-29,21.79,21.9,21.0,21.41,532799
2008-05-30,21.97,22.49,21.8,21.93,414699
2008-06-02,22.3,22.3,21.21,21.73,452845
2008-06-03,21.21,21.37,20.9,21.05,267218
2008-06-04,21.1,21.55,20.95,21.06,122732
2008-06-05,21.05,21.07,20.7,21.0,282912
2008-06-06,21.0,21.19,20.5,20.7,373284
2008-06-09,20.61,20.75,19.33,20.58,112734
2008-06-10,20.4,20.4,19.32,19.57,210054
2008-06-11,19.75,19.75,19.35,19.46,302069
2008-06-12,19.4,19.4,18.41,19.23,348571
2008-06-13,19.4,19.69,19.35,19.59,385414
2008-06-16,19.8,21.2,19.66,19.97,445259
2008-06-17,19.8,21.37,19.8,20.85,571462
2008-06-18,21.46,22.18,20.89,21.54,759372
2008-06-19,20.9,21.2,20.6,20.79,227548
2008-06-20,21.2,21.2,19.85,19.92,98199
2008-06-23,19.5,19.65,18.6,18.78,188827
2008-06-24,18.79,19.0,18.0,18.11,287334
2008-06-25,17.8,18.29,17.11,18.04,243105
2008-06-26,18.49,19.99,18.21,18.88,544418
2008-06-27,18.1,18.7,17.65,18.36,320176
2008-06-30,18.01,18.85,18.0,18.21,2452649
2008-07-01,18.2,18.55,17.61,18.01,168715
2008-07-02,18.2,18.85,17.6,18.77,206810
2008-07-03,18.01,18.51,17.99,18.43,80253
2008-07-04,18.5,18.7,18.17,18.38,198482
2008-07-07,19.38,19.38,17.4,17.7,163257
2008-07-08,17.3,17.6,17.01,17.35,168389
2008-07-09,17.6,18.55,17.5,18.09,635861
2008-07-10,17.89,18.1,17.47,17.59,405407
2008-07-11,17.7,17.78,17.0,17.32,320795
2008-07-14,17.32,17.55,16.9,16.99,171197
2008-07-15,17.1,17.1,16.52,16.61,925101
2008-07-16,16.9,17.0,16.15,16.52,254781
2008-07-17,17.0,17.29,16.66,16.84,118758
2008-07-18,17.0,17.7,16.71,17.44,104188
2008-07-21,17.9,17.9,17.02,17.71,178989
2008-07-22,17.8,18.17,17.47,18.0,1048426
2008-07-23,18.2,20.45,18.2,20.23,1393086
2008-07-24,20.9,21.2,19.81,20.4,382347
2008-07-25,19.7,20.29,19.35,20.09,214665
2008-07-28,20.2,20.5,19.8,20.16,173257
2008-07-29,19.9,20.28,19.05,19.38,329473
2008-07-30,19.4,19.74,19.39,19.7,200884
2008-07-31,19.7,19.9,19.0,19.13,466239
2008-08-01,19.23,20.49,18.95,20.32,251815
2008-08-04,20.5,21.03,20.25,20.89,191589
2008-08-05,20.98,21.7,20.93,21.46,917785
2008-08-06,21.71,23.1,21.7,22.12,483170
2008-08-07,22.2,22.69,21.8,21.99,97273
2008-08-08,22.0,22.35,21.69,22.27,180106
2008-08-11,22.88,22.98,22.5,22.82,299588
2008-08-12,22.92,23.2,22.51,22.99,632590
2008-08-13,22.51,22.9,22.4,22.51,73286
2008-08-14,22.5,22.79,21.3,21.5,207126
2008-08-18,21.43,21.49,20.82,21.13,223858
2008-08-19,21.13,21.36,20.82,21.12,50623
2008-08-20,21.3,21.58,21.3,21.4,37916
2008-08-21,21.3,21.45,20.66,20.98,179612
2008-08-22,20.53,21.0,20.5,20.92,55726
2008-08-25,21.4,21.4,20.5,20.61,162370
2008-08-26,20.49,20.9,20.18,20.8,49585
2008-08-27,21.2,21.25,20.8,20.92,620678
2008-08-28,20.9,20.9,20.3,20.45,486553
2008-08-29,20.97,21.55,20.65,21.46,98470
2008-09-01,21.2,21.34,21.03,21.2,42437
2008-09-02,21.49,22.15,21.4,22.06,145629
2008-09-04,21.7,22.88,21.62,22.64,219791
2008-09-05,22.2,22.8,21.7,22.61,144490
2008-09-08,22.9,23.6,22.6,22.86,414291
2008-09-09,22.98,22.98,22.21,22.32,43138
2008-09-10,22.29,22.86,21.75,22.5,186128
2008-09-11,22.2,22.45,22.03,22.11,48631
2008-09-12,22.2,22.2,21.73,21.9,107222
2008-09-15,21.9,21.9,20.5,21.43,150571
2008-09-16,20.01,21.09,20.01,20.94,590814
2008-09-17,21.0,21.0,20.11,20.88,423135
2008-09-18,19.8,20.94,19.3,20.85,207621
2008-09-19,21.5,22.2,21.02,21.95,219754
2008-09-22,22.38,22.6,21.8,22.34,205388
2008-09-23,21.7,22.2,21.25,21.39,63107
2008-09-24,21.51,21.9,21.1,21.25,153568
2008-09-25,21.31,21.45,21.0,21.07,70324
2008-09-26,21.1,21.3,20.5,20.62,160120
2008-09-29,21.0,21.0,19.95,20.15,249691
2008-09-30,19.5,20.99,19.0,20.55,255244
2008-10-01,20.56,21.42,19.83,21.15,258264
2008-10-03,21.0,21.0,19.8,20.32,147769
2008-10-06,20.0,20.0,19.0,19.27,423094
2008-10-07,19.99,20.2,19.31,19.52,254904
2008-10-08,19.0,19.0,18.12,18.45,236012
2008-10-10,18.3,18.3,16.82,17.45,423763
2008-10-13,17.5,18.02,17.03,17.96,619005
2008-10-14,18.5,18.7,17.8,17.99,190331
2008-10-15,17.9,17.9,16.88,17.0,188317
2008-10-16,16.8,17.28,16.0,16.94,317649
2008-10-17,17.2,17.69,16.35,16.46,298246
2008-10-20,16.6,16.97,15.93,16.26,1373456
2008-10-21,16.75,16.75,15.9,15.99,341822
2008-10-22,15.8,15.97,15.5,15.6,127273
2008-10-23,15.5,15.63,14.9,15.15,194726
2008-10-24,15.2,15.3,13.26,13.6,298622
2008-10-27,13.0,13.6,11.02,12.53,528945
2008-10-28,13.0,13.89,12.6,13.01,25541
2008-10-29,13.49,13.99,12.0,12.13,461391
2008-10-31,12.9,13.3,12.2,12.88,428380
2008-11-03,13.5,15.44,13.5,13.98,489554
2008-11-04,13.9,14.48,13.63,14.17,1284870
2008-11-05,15.0,15.21,14.5,14.76,703210
2008-11-06,14.51,14.98,14.01,14.4,294518
2008-11-07,14.2,14.89,14.11,14.78,212070
2008-11-10,15.0,15.7,14.85,15.52,193301
2008-11-11,15.02,15.5,14.16,14.78,785298
2008-11-12,14.49,14.65,14.03,14.29,707356
2008-11-14,14.5,14.89,14.37,14.51,689280
2008-11-17,14.51,14.88,14.05,14.67,593830
2008-11-18,14.4,14.5,14.13,14.39,55494
2008-11-19,14.98,14.98,14.2,14.35,149106
2008-11-20,14.15,14.15,13.45,13.69,839410
2008-11-21,13.5,13.8,13.11,13.37,214712
2008-11-24,13.3,13.7,13.0,13.21,41693
2008-11-25,13.4,13.7,13.3,13.37,48361
2008-11-26,13.4,13.51,13.2,13.42,138062
2008-11-28,13.0,13.6,12.81,13.42,68366
2008-12-01,13.6,13.78,13.3,13.36,44445
2008-12-02,13.25,13.34,13.0,13.11,112697
2008-12-03,13.5,13.59,13.23,13.5,250105
2008-12-04,13.3,14.42,13.3,13.86,346678
2008-12-05,14.05,14.19,13.3,13.36,87322
2008-12-08,13.7,14.0,13.2,13.32,100633
2008-12-10,13.58,13.9,13.42,13.61,136845
2008-12-11,13.5,14.09,13.5,13.9,336085
2008-12-12,13.8,14.0,13.6,13.89,75198
2008-12-15,14.0,14.7,14.0,14.3,253316
2008-12-16,14.5,14.75,14.26,14.33,118149
2008-12-17,14.33,14.79,14.3,14.45,376126
2008-12-18,14.5,15.47,14.16,14.72,319030
2008-12-19,14.8,14.9,14.21,14.76,1222095
2008-12-22,15.0,16.09,14.7,15.78,376660
2008-12-23,15.4,15.97,15.4,15.78,270521
2008-12-24,15.61,16.49,15.49,15.98,292469
2008-12-26,15.9,16.54,15.5,15.71,122737
2008-12-29,15.61,16.15,15.4,15.97,141202
2008-12-30,16.39,16.8,16.13,16.48,163325
2008-12-31,16.61,16.89,16.11,16.2,330090
2009-01-01,16.1,16.68,15.81,16.52,132930
2009-01-02,16.61,17.05,16.44,16.89,135991
2009-01-05,17.2,17.4,15.63,17.13,437946
2009-01-06,17.0,17.3,16.0,16.76,193026
2009-01-07,17.0,17.1,15.76,16.46,225109
2009-01-09,16.4,16.4,15.23,16.01,404657
2009-01-12,15.51,15.78,15.05,15.27,180168
2009-01-13,15.47,15.5,14.61,14.83,55920
2009-01-14,15.0,15.25,14.22,14.35,179783
2009-01-15,14.0,14.55,13.61,14.28,285568
2009-01-16,14.75,15.9,13.86,15.58,2723162
2009-01-19,15.9,16.32,15.53,15.74,805172
2009-01-20,15.5,15.6,15.25,15.32,135853
2009-01-21,15.02,15.3,14.61,14.73,293749
2009-01-22,14.8,15.08,13.81,13.96,503158
2009-01-23,13.81,14.4,13.7,14.05,451404
2009-01-27,14.25,14.3,13.85,14.05,304602
2009-01-28,14.19,14.2,14.01,14.15,128358
2009-01-29,14.29,14.4,13.33,13.67,506064
2009-01-30,13.87,14.2,13.52,14.04,278359
2009-02-02,14.25,14.39,14.0,14.25,485331
2009-02-03,14.47,14.5,14.05,14.15,325488
2009-02-04,14.1,14.31,14.06,14.19,283278
2009-02-05,14.3,14.34,13.39,13.9,285812
2009-02-06,14.25,14.3,14.0,14.22,199248
2009-02-09,14.29,14.65,14.26,14.55,297197
2009-02-10,14.57,14.6,14.35,14.43,788394
2009-02-11,14.35,14.4,14.25,14.35,109108
2009-02-12,14.44,14.44,14.2,14.22,79553
2009-02-13,14.32,14.65,14.25,14.52,319555
2009-02-16,14.7,14.7,13.8,13.99,160391
2009-02-17,13.99,13.99,12.98,13.25,195318
2009-02-18,13.0,13.65,12.71,13.39,212659
2009-02-19,13.23,13.75,13.23,13.59,95733
2009-02-20,13.21,14.27,13.06,13.27,135268
2009-02-24,13.0,13.3,12.9,12.94,101327
2009-02-25,13.04,13.34,12.48,12.57,150961
2009-02-26,12.8,12.8,12.03,12.15,312553
2009-02-27,12.21,12.6,12.04,12.42,166197
2009-03-02,12.0,12.4,11.81,11.96,105791
2009-03-03,11.8,11.93,11.36,11.81,186554
2009-03-04,11.7,12.21,11.52,12.08,107563
2009-03-05,12.1,12.39,11.81,11.95,191083
2009-03-06,11.6,12.06,11.5,11.93,148174
2009-03-09,11.93,12.4,11.63,12.33,929656
2009-03-12,12.6,12.69,11.67,11.8,282686
2009-03-13,12.1,12.1,11.81,11.98,205349
2009-03-16,12.01,12.2,11.78,11.97,220614
2009-03-17,12.1,12.4,11.67,11.98,503307
2009-03-18,12.0,13.25,11.96,13.11,1412834
2009-03-19,13.1,13.89,12.83,13.0,670604
2009-03-20,13.0,13.4,12.72,13.27,129645
2009-03-23,13.3,13.7,13.3,13.58,105722
2009-03-24,13.7,14.16,13.03,13.16,358797
2009-03-25,13.39,13.49,13.21,13.3,408093
2009-03-26,13.49,13.59,13.23,13.42,257934
2009-03-27,13.5,15.0,13.26,14.7,1101207
2009-03-30,14.5,14.5,13.53,13.63,133162
2009-03-31,13.7,14.3,12.9,13.79,438950
2009-04-01,13.9,14.5,13.76,14.28,292202
2009-04-02,14.5,14.98,14.41,14.93,262262
2009-04-06,15.29,15.99,15.03,15.85,221880
2009-04-08,15.3,16.07,14.9,15.71,186335
2009-04-09,15.94,16.99,15.52,16.76,580998
2009-04-13,17.0,17.8,16.76,17.54,282415
2009-04-15,17.03,17.7,16.9,17.53,429716
2009-04-16,17.75,18.2,15.91,16.29,264501
2009-04-17,16.79,18.19,16.51,17.3,1251869
2009-04-20,17.7,18.5,17.61,17.95,571743
2009-04-21,17.3,18.1,17.3,17.89,402343
2009-04-22,18.0,18.1,16.9,17.03,206337
2009-04-23,17.36,17.65,16.8,17.35,175418
2009-04-24,17.6,18.1,17.34,17.81,312697
2009-04-27,18.19,19.43,18.19,18.85,928868
2009-04-28,19.2,19.74,17.34,17.68,797298
2009-04-29,18.0,19.0,17.73,18.73,424041
2009-05-04,19.25,19.8,18.85,19.06,129418
2009-05-05,19.0,19.25,18.21,18.31,215167
2009-05-06,18.43,18.69,17.15,17.4,204281
2009-05-07,18.09,18.18,17.0,17.13,454193
2009-05-08,17.4,18.0,17.15,17.2,344899
2009-05-11,17.65,17.65,16.64,17.1,495440
2009-05-12,17.0,17.79,16.8,17.65,328148
2009-05-13,17.8,19.14,17.4,18.59,542223
2009-05-14,18.1,18.7,18.01,18.57,148534
2009-05-15,18.6,19.54,18.6,19.3,399168
2009-05-18,22.5,22.5,22.0,22.17,2061
2009-05-19,22.25,25.97,21.9,23.24,1677278
2009-05-20,22.71,24.5,22.4,23.86,1390576
2009-05-21,23.5,25.6,23.3,24.93,2430446
2009-05-22,25.3,26.2,22.6,22.87,3606053
2009-05-25,23.36,23.88,22.6,23.77,1259438
2009-05-26,23.8,24.7,23.7,24.0,1110913
2009-05-27,24.5,25.1,24.33,25.01,776849
2009-05-28,25.0,25.2,24.51,24.97,560904
2009-05-29,25.19,25.21,24.28,24.84,377709
2009-06-01,25.0,25.39,24.3,24.43,144355
2009-06-02,24.7,25.1,24.4,24.66,741005
2009-06-03,25.0,25.2,24.51,24.91,779615
2009-06-04,24.9,25.8,24.5,25.35,531970
2009-06-05,25.5,26.0,24.9,25.23,646538
2009-06-08,25.0,25.23,24.05,24.39,905053
2009-06-09,24.8,24.9,23.95,24.17,382707
2009-06-10,24.7,25.44,24.3,25.17,503749
2009-06-11,25.31,25.4,24.86,25.22,450730
2009-06-12,25.24,25.4,24.5,24.59,138727
2009-06-15,24.46,25.5,24.25,25.02,334089
2009-06-16,24.7,25.48,24.7,25.11,257971
2009-06-17,25.5,26.89,24.65,24.98,1663381
2009-06-18,25.1,25.28,23.7,24.18,488653
2009-06-19,24.2,24.78,24.0,24.3,135340
2009-06-22,24.63,24.7,24.11,24.22,166421
2009-06-23,24.0,24.45,23.74,24.28,139848
2009-06-24,24.3,24.75,24.3,24.66,107374
2009-06-25,24.66,24.88,24.1,24.18,282506
2009-06-26,24.49,24.82,24.34,24.57,208556
2009-06-29,24.8,25.94,24.6,25.48,367717
2009-06-30,26.29,26.57,24.9,25.11,340165
2009-07-01,25.21,25.21,24.65,24.94,407181
2009-07-02,25.0,25.39,24.8,24.85,99113
2009-07-03,24.65,25.0,24.61,24.79,68496
2009-07-06,24.9,25.28,23.13,23.47,220280
2009-07-07,23.51,24.28,22.41,22.8,180790
2009-07-08,22.61,22.8,21.8,22.5,399350
2009-07-09,22.65,22.96,21.73,22.21,153038
2009-07-10,22.26,22.67,22.03,22.08,101297
2009-07-13,22.0,22.2,21.33,21.51,98396
2009-07-14,22.2,22.4,21.6,22.14,465169
2009-07-15,22.27,22.79,22.27,22.54,188407
2009-07-16,22.82,23.29,22.82,23.01,320837
2009-07-17,23.2,23.45,23.0,23.15,161427
2009-07-20,23.57,24.29,23.4,24.12,157320
2009-07-21,24.02,24.4,23.7,23.82,63344
2009-07-22,24.47,24.47,23.9,24.07,120002
2009-07-23,24.2,24.8,23.5,24.62,404107
2009-07-24,25.0,25.19,24.3,24.62,92794
2009-07-27,24.8,24.98,24.5,24.63,79185
2009-07-28,24.8,24.92,24.25,24.66,145717
2009-07-29,24.6,24.74,23.8,23.9,248679
2009-07-30,23.5,23.9,23.33,23.79,197257
2009-07-31,24.0,24.88,23.9,24.03,623903
2009-08-03,24.17,24.4,24.0,24.2,272300
2009-08-04,24.26,24.37,23.77,23.91,524281
2009-08-05,23.9,24.09,23.3,23.59,300197
2009-08-06,23.11,23.5,22.56,22.84,1168889
2009-08-07,22.8,22.95,22.1,22.5,954189
2009-08-10,23.2,23.2,21.9,22.13,670796
2009-08-11,21.88,22.0,21.51,21.67,1083418
2009-08-12,21.37,21.86,21.37,21.74,120138
2009-08-13,21.9,22.48,21.9,22.22,369168
2009-08-14,22.4,22.85,22.3,22.7,191376
2009-08-17,21.76,22.94,21.45,21.7,548873
2009-08-18,21.45,22.4,21.45,22.13,303675
2009-08-19,22.42,22.42,21.4,21.44,227067
2009-08-20,21.72,22.05,21.55,21.76,143607
2009-08-21,21.31,21.87,21.31,21.78,259534
2009-08-24,22.2,22.29,21.9,22.0,209044
2009-08-25,21.95,22.04,21.4,21.84,428537
2009-08-26,21.9,22.07,21.66,21.76,397184
2009-08-27,21.65,22.0,21.65,21.84,646671
2009-08-28,22.1,22.26,21.37,21.49,1441223
2009-08-31,21.49,22.08,21.35,21.9,560798
2009-09-01,22.2,22.7,22.0,22.2,1243606
2009-09-02,22.19,22.79,21.8,21.95,765098
2009-09-03,22.21,22.54,22.03,22.25,545923
2009-09-04,22.39,23.24,22.25,22.78,892570
2009-09-07,23.0,24.0,22.75,23.47,885632
2009-09-08,23.95,24.18,23.02,23.33,826648
2009-09-09,23.67,23.67,22.75,22.85,644183
2009-09-10,23.29,23.49,22.5,22.66,564799
2009-09-11,23.0,23.65,22.51,23.29,787138
2009-09-14,23.29,23.7,23.2,23.56,475022
2009-09-15,23.7,24.97,23.62,24.47,1156766
2009-09-16,24.91,25.25,24.63,25.06,894619
2009-09-17,25.4,25.4,24.12,24.71,377743
2009-09-18,24.75,24.9,24.42,24.59,237196
2009-09-22,24.87,25.15,24.51,24.6,430944
2009-09-23,24.85,25.91,24.7,25.4,1084826
2009-09-24,25.2,25.81,24.51,24.78,1465976
2009-09-25,24.65,25.5,24.65,25.04,486641
2009-09-29,25.48,25.6,24.52,24.65,380812
2009-09-30,24.9,25.29,24.54,25.19,485864
2009-10-01,25.41,25.59,24.75,24.86,566932
2009-10-05,25.0,25.0,23.61,23.7,493871
2009-10-06,24.0,24.3,23.12,23.58,604796
2009-10-07,23.8,23.98,23.07,23.18,988031
2009-10-08,23.21,23.55,22.8,23.22,1414510
2009-10-09,23.35,23.4,22.23,22.38,1462150
2009-10-12,22.5,22.68,21.85,22.29,1604652
2009-10-14,22.61,23.65,22.56,23.51,1672415
2009-10-15,23.7,24.48,23.53,24.28,851091
2009-10-16,24.5,25.38,23.5,25.19,1170311
2009-10-17,25.44,25.84,25.31,25.64,539762
2009-10-20,26.04,27.0,25.73,26.6,1463301
2009-10-21,26.8,26.8,25.56,25.86,545390
2009-10-22,25.6,26.0,25.14,25.39,727700
2009-10-23,25.31,26.5,25.31,26.08,672864
2009-10-26,26.2,26.28,25.22,25.69,830231
2009-10-27,25.1,25.6,24.1,24.51,729279
2009-10-28,24.0,24.77,23.7,24.31,507970
2009-10-29,24.0,25.36,23.61,24.39,639346
2009-10-30,25.0,25.25,23.99,24.01,395753
2009-11-03,24.1,24.1,21.9,22.04,516726
2009-11-04,22.5,22.65,22.0,22.5,373561
2009-11-05,22.55,23.09,22.16,22.97,551590
2009-11-06,23.39,23.49,22.5,22.73,387745
2009-11-09,23.0,24.08,22.85,23.89,635654
2009-11-10,24.99,25.9,23.2,23.42,774750
2009-11-11,23.6,24.18,23.5,23.81,551131
2009-11-12,23.9,24.09,22.98,23.09,375352
2009-11-13,23.1,23.6,23.1,23.2,456875
2009-11-16,23.4,23.74,23.4,23.65,401091
2009-11-17,23.66,23.87,23.44,23.8,285719
2009-11-18,24.0,24.0,23.52,23.6,156400
2009-11-19,23.65,23.72,23.13,23.31,164299
2009-11-20,23.02,23.98,22.87,23.76,330418
2009-11-23,24.01,24.35,23.8,24.01,1063359
2009-11-24,24.15,24.8,23.99,24.55,1342056
2009-11-25,24.8,24.8,24.25,24.33,335556
2009-11-26,24.11,24.47,23.45,23.67,781515
2009-11-27,23.6,23.6,22.3,23.1,852644
2009-11-30,23.15,23.83,23.15,23.52,250750
2009-12-01,22.53,24.45,22.53,24.33,288181
2009-12-02,24.53,25.0,24.38,24.83,848282
2009-12-03,25.0,25.3,24.18,24.43,422042
2009-12-04,24.48,24.75,24.12,24.32,147827
2009-12-07,24.35,24.64,24.2,24.29,194573
2009-12-08,24.2,24.9,24.2,24.79,235883
2009-12-09,24.68,25.5,24.43,24.97,455775
2009-12-10,24.9,25.1,24.6,24.81,202974
2009-12-11,24.81,25.14,24.41,24.59,248297
2009-12-14,24.7,24.79,24.3,24.46,235287
2009-12-15,24.5,24.59,23.48,23.61,477270
2009-12-16,23.5,24.0,23.36,23.85,409126
2009-12-17,23.8,24.11,23.66,24.0,460211
2009-12-18,23.8,24.05,23.75,23.94,198925
2009-12-21,24.0,24.17,23.77,23.92,187552
2009-12-22,24.4,24.48,23.95,24.11,219487
2009-12-23,24.1,24.45,24.1,24.27,439019
2009-12-24,24.15,24.47,23.96,24.2,628971
2009-12-29,24.4,24.6,23.69,23.83,445766
2009-12-30,23.83,24.08,23.01,23.8,741764
2009-12-31,23.66,24.3,23.38,23.56,579708
2010-01-04,23.78,23.8,23.36,23.59,494126
2010-01-05,23.97,24.14,23.68,23.94,1128333
2010-01-06,24.03,24.68,24.03,24.4,795642
2010-01-07,24.5,24.92,24.44,24.59,836239
2010-01-08,24.6,25.14,24.59,24.81,923832
2010-01-11,25.0,25.51,24.82,25.26,589819
2010-01-12,25.3,25.48,24.56,24.72,505191
2010-01-13,24.7,24.98,24.36,24.66,801204
2010-01-14,24.8,25.9,24.73,25.56,884327
2010-01-15,25.74,26.53,25.61,26.16,1416208
2010-01-18,26.3,27.4,26.0,26.97,1535145
2010-01-19,27.34,28.03,26.5,26.73,1376320
2010-01-20,26.81,27.35,26.78,27.04,761062
2010-01-21,26.52,27.6,26.52,26.86,1054044
2010-01-22,25.75,27.69,25.75,27.01,804481
2010-01-25,26.6,27.0,25.8,26.03,383076
2010-01-27,25.97,26.08,25.3,25.6,512339
2010-01-28,25.6,25.98,24.66,24.94,840493
2010-01-29,24.72,25.95,24.0,25.51,967310
2010-02-01,25.72,26.25,25.27,26.06,555397
2010-02-02,26.45,26.51,25.9,26.01,321027
2010-02-03,26.12,26.27,25.81,25.9,375465
2010-02-04,26.0,26.33,25.17,25.36,364830
2010-02-05,25.0,25.29,24.55,25.06,226680
2010-02-06,25.3,25.4,24.9,25.23,45500
2010-02-08,25.36,25.59,24.9,25.35,161662
2010-02-09,25.38,25.4,24.93,25.01,141017
2010-02-10,25.2,25.42,24.98,25.13,114226
2010-02-11,25.1,25.87,24.94,25.04,163964
2010-02-15,25.14,25.45,24.65,24.72,239483
2010-02-16,24.6,25.26,24.6,25.04,315165
2010-02-17,25.14,25.47,24.71,25.08,82956
2010-02-18,25.21,25.35,24.82,24.92,58405
2010-02-19,24.72,25.3,24.72,25.14,165600
2010-02-22,25.35,25.35,24.85,24.98,50129
2010-02-23,25.1,25.24,24.87,25.04,480425
2010-02-24,24.89,25.19,24.89,25.01,424182
2010-02-25,25.25,25.25,24.53,24.73,450477
2010-02-26,24.99,26.0,24.83,25.84,245959
2010-03-02,26.23,26.38,25.55,25.79,275565
2010-03-03,25.8,26.48,25.59,26.22,225403
2010-03-04,25.8,26.75,25.8,26.69,503303
2010-03-05,26.9,26.9,26.1,26.2,74542
2010-03-08,26.48,26.65,26.05,26.44,175977
2010-03-09,26.61,26.88,26.3,26.51,197127
2010-03-10,26.55,26.55,25.9,26.08,210989
2010-03-11,25.92,26.19,25.71,25.81,86010
2010-03-12,26.2,26.8,25.63,26.52,229725
2010-03-15,26.4,26.7,25.51,25.86,625278
2010-03-16,25.9,26.6,25.71,26.46,589978
2010-03-17,26.45,26.65,25.91,26.05,146267
2010-03-18,26.21,26.59,26.15,26.49,207882
2010-03-19,26.58,26.77,25.61,25.76,479076
2010-03-22,25.8,25.8,25.2,25.63,106158
2010-03-23,25.8,26.2,25.52,25.62,101303
2010-03-25,25.51,25.98,25.0,25.17,408203
2010-03-26,25.21,25.98,25.21,25.85,536750
2010-03-29,25.98,26.61,25.98,26.47,542547
2010-03-30,26.5,27.3,26.21,26.84,463001
2010-03-31,27.2,27.48,26.56,26.69,467742
2010-04-01,26.71,27.1,26.26,26.5,213326
2010-04-05,26.6,26.82,26.38,26.66,269185
2010-04-06,26.8,28.31,26.54,27.97,980789
2010-04-07,28.48,28.6,27.7,27.98,978271
2010-04-08,27.85,28.35,27.71,28.07,406673
2010-04-09,26.67,28.59,26.67,28.21,350177
2010-04-12,28.3,28.49,27.6,27.7,149169
2010-04-13,27.65,27.86,27.32,27.52,88027
2010-04-15,27.2,28.2,27.2,27.71,314780
2010-04-16,27.45,28.0,27.07,27.75,167609
2010-04-19,27.49,28.07,27.0,27.76,235419
2010-04-20,28.2,28.4,27.87,28.08,256891
2010-04-21,28.09,28.45,28.09,28.24,302558
2010-04-22,28.18,28.95,27.91,28.72,633324
2010-04-23,28.97,29.62,28.92,29.21,939246
2010-04-26,29.5,29.99,29.24,29.39,340626
2010-04-27,29.33,29.59,28.82,28.97,315319
2010-04-28,28.2,28.79,28.2,28.32,194294
2010-04-29,28.69,29.49,28.42,29.11,479308
2010-04-30,29.25,29.79,29.1,29.23,496930
2010-05-03,29.2,29.44,29.0,29.16,396637
2010-05-04,29.31,30.22,28.4,28.7,848217
2010-05-05,28.2,29.98,27.9,29.76,873159
2010-05-06,29.9,29.91,28.81,29.44,308735
2010-05-07,28.96,28.96,27.7,27.98,744277
2010-05-10,28.4,28.88,28.25,28.41,321169
2010-05-11,28.03,28.8,27.8,27.88,219834
2010-05-12,27.7,28.08,27.1,27.91,313463
2010-05-13,28.1,28.8,28.1,28.56,682873
2010-05-14,28.6,29.2,27.9,28.07,1933677
2010-05-17,27.87,29.5,27.23,29.23,689255
2010-05-18,29.5,31.2,29.01,30.75,1496649
2010-05-19,30.9,32.0,30.77,31.27,2490230
2010-05-20,31.4,32.4,31.26,31.9,1586385
2010-05-21,31.29,31.58,30.44,31.21,1122474
2010-05-24,31.67,32.05,31.04,31.19,865049
2010-05-25,31.1,31.72,30.36,30.5,1137049
2010-05-26,30.8,31.75,30.8,31.42,801041
2010-05-27,31.69,32.95,31.25,32.72,1338136
2010-05-28,32.8,33.4,32.47,33.08,564254
2010-05-31,33.0,35.3,32.91,34.53,2648141
2010-06-01,34.52,35.5,33.13,33.35,1238816
2010-06-02,33.42,33.75,32.62,33.48,553840
2010-06-03,33.58,34.14,33.06,33.43,705723
2010-06-04,33.7,34.6,33.56,34.17,801969
2010-06-07,33.5,34.05,33.0,33.54,663911
2010-06-08,33.7,34.55,33.4,34.2,1035211
2010-06-09,34.46,34.55,33.8,34.0,591198
2010-06-10,34.5,34.5,33.25,33.58,475173
2010-06-11,34.0,34.19,32.82,33.2,749678
2010-06-14,33.2,33.42,32.7,32.96,1195376
2010-06-15,33.08,33.7,32.73,33.18,306339
2010-06-16,33.31,33.43,32.22,32.38,455957
2010-06-17,31.81,32.66,31.67,32.31,889365
2010-06-18,32.52,32.98,32.2,32.72,352557
2010-06-21,33.01,33.65,32.8,33.32,418926
2010-06-22,33.0,33.24,32.71,32.89,317248
2010-06-23,32.7,33.17,32.7,33.08,178902
2010-06-24,33.79,33.79,32.15,32.46,631262
2010-06-25,32.0,32.66,31.62,31.81,516959
2010-06-28,31.3,31.66,30.2,31.48,991532
2010-06-29,31.5,31.98,31.24,31.54,313020
2010-06-30,31.1,31.91,31.0,31.73,373096
2010-07-01,31.51,31.86,31.3,31.62,180571
2010-07-02,31.8,33.35,31.6,33.0,1297292
2010-07-05,33.0,33.3,32.63,33.08,433124
2010-07-06,33.08,34.68,33.08,34.48,1275986
2010-07-07,34.5,35.1,34.21,35.0,1047696
2010-07-08,35.21,35.69,35.07,35.26,1554222
2010-07-09,35.5,36.5,35.33,36.03,856005
2010-07-12,36.37,36.8,35.74,36.31,1022604
2010-07-13,36.6,36.66,35.73,35.97,389612
2010-07-14,36.37,36.37,35.37,35.74,436326
2010-07-15,36.0,36.0,35.2,35.41,362896
2010-07-16,35.53,36.1,35.5,35.68,646355
2010-07-19,35.6,36.29,35.23,35.64,1306996
2010-07-20,35.8,36.49,35.7,36.35,491486
2010-07-21,36.5,36.75,35.87,35.96,261347
2010-07-22,36.1,36.2,35.5,35.61,445552
2010-07-23,35.61,36.0,35.38,35.51,302843
2010-07-26,35.51,35.78,34.13,34.29,377081
2010-07-27,34.2,34.88,34.01,34.47,439676
2010-07-28,34.73,34.84,34.2,34.32,180892
2010-07-29,34.77,35.33,34.4,35.19,630519
2010-07-30,34.79,35.05,33.57,34.63,1359259
2010-08-02,35.0,35.1,34.35,34.87,311129
2010-08-03,34.5,35.0,34.3,34.46,346515
2010-08-04,34.2,34.35,33.54,34.03,370410
2010-08-05,33.59,34.99,33.25,33.58,489111
2010-08-06,33.7,33.83,32.71,32.86,418919
2010-08-09,33.1,33.9,32.9,33.59,537960
2010-08-10,33.77,33.78,32.76,32.96,252860
2010-08-11,32.85,33.15,32.43,32.61,251608
2010-08-12,32.4,32.95,32.13,32.37,558196
2010-08-13,32.4,33.46,32.32,33.02,1439512
2010-08-16,33.35,33.99,33.0,33.71,1373706
2010-08-17,33.97,34.35,33.8,33.95,602224
2010-08-18,34.2,34.98,33.87,34.73,1058280
2010-08-19,35.05,36.2,34.9,35.72,2297643
2010-08-20,35.56,35.85,35.2,35.42,619220
2010-08-23,35.7,35.72,35.17,35.45,364519
2010-08-24,35.79,35.79,34.71,35.04,557901
2010-08-25,36.4,36.4,33.62,34.37,866780
2010-08-26,35.7,35.7,34.4,34.55,281587
2010-08-27,34.8,35.49,34.43,34.52,420112
2010-08-30,34.75,35.2,34.0,34.48,246710
2010-08-31,34.17,34.75,33.7,34.01,712239
2010-09-01,34.13,34.9,34.11,34.67,846241
2010-09-02,34.6,34.88,34.24,34.69,459024
2010-09-03,34.7,34.95,34.25,34.65,686426
2010-09-06,34.85,35.4,34.62,35.1,553358
2010-09-07,35.29,36.5,35.25,35.84,1121979
2010-09-08,35.8,36.7,35.3,36.21,849098
2010-09-09,36.58,37.39,36.41,37.24,998103
2010-09-13,37.4,37.76,36.91,37.06,621652
2010-09-14,37.2,37.81,36.53,37.02,403910
2010-09-15,37.4,38.98,36.63,37.97,520560
2010-09-16,38.0,38.23,36.41,36.63,1237970
2010-09-17,37.0,37.83,36.82,37.54,926889
2010-09-20,37.9,37.95,36.95,37.41,1102260
2010-09-21,37.5,37.72,36.66,37.17,479273
2010-09-22,37.18,37.53,36.66,36.98,266792
2010-09-23,37.29,37.29,36.34,36.95,357412
2010-09-24,36.99,39.0,36.62,38.85,761231
2010-09-27,39.08,39.49,38.61,38.99,868333
2010-09-28,39.1,40.83,38.76,40.51,1031874
2010-09-29,40.82,41.0,39.42,39.8,1781262
2010-09-30,39.8,39.94,38.71,39.21,1141688
2010-10-01,39.55,40.43,39.45,39.88,659014
2010-10-04,40.27,40.32,39.55,39.97,360211
2010-10-05,40.0,42.66,39.91,41.95,1915105
2010-10-06,42.24,43.19,41.71,42.55,1036972
2010-10-07,42.55,43.06,41.64,42.0,987963
2010-10-08,42.2,42.54,41.23,41.58,597059
2010-10-11,42.3,42.99,41.81,42.89,942009
2010-10-12,42.9,43.4,42.08,42.69,650556
2010-10-13,42.98,43.8,42.61,43.49,492117
2010-10-14,43.5,44.8,43.14,44.52,1126417
2010-10-15,44.8,44.8,42.66,43.16,845045
2010-10-18,43.23,44.0,42.4,43.78,852014
2010-10-19,44.13,46.2,44.02,45.78,2149004
2010-10-20,44.8,46.07,44.8,45.67,579997
2010-10-21,46.1,47.9,45.6,47.47,889926
2010-10-22,47.75,48.19,46.7,47.72,802984
2010-10-25,48.08,48.08,47.18,47.69,578359
2010-10-26,47.62,48.0,46.25,46.48,802098
2010-10-27,46.4,47.39,46.11,46.27,424922
2010-10-28,46.43,47.64,46.1,47.07,1362626
2010-10-29,47.0,47.6,46.0,47.2,531909
2010-11-01,47.57,49.46,46.76,49.02,1526997
2010-11-02,48.52,50.09,48.43,49.47,995433
2010-11-03,49.65,49.88,48.81,49.02,385165
2010-11-04,49.1,49.59,48.84,49.3,268294
2010-11-05,49.4,49.72,49.2,49.56,51163
2010-11-08,50.1,50.1,48.63,48.73,602769
2010-11-09,48.73,49.67,48.58,48.87,392226
2010-11-10,48.92,49.48,48.65,48.78,215138
2010-11-11,49.08,49.1,46.36,46.72,631722
2010-11-12,46.5,47.2,43.22,43.95,1227428
2010-11-15,44.12,46.5,42.6,46.23,1003984
2010-11-16,46.31,47.38,44.18,45.68,1058391
2010-11-18,46.39,46.61,43.11,45.69,935118
2010-11-19,45.99,46.38,44.13,44.58,667365
2010-11-22,45.0,46.35,44.57,45.98,825663
2010-11-23,45.5,46.5,44.39,45.89,577316
2010-11-24,45.5,47.25,44.21,44.82,538486
2010-11-25,44.99,45.5,43.1,43.38,674561
2010-11-26,42.95,44.9,40.7,44.37,1082717
2010-11-29,44.5,45.2,43.45,43.99,397276
2010-11-30,43.88,44.61,43.51,44.35,287582
2010-12-01,44.72,46.55,44.51,46.12,433808
2010-12-02,46.5,47.09,46.5,46.72,322481
2010-12-03,46.99,46.99,45.0,46.03,225348
2010-12-06,45.99,46.8,44.3,44.68,235137
2010-12-07,45.1,45.1,43.07,43.54,453793
2010-12-08,44.3,45.0,42.0,42.65,384840
2010-12-09,43.28,43.28,40.2,40.39,1107976
2010-12-10,40.0,41.2,38.31,40.71,2436541
2010-12-13,41.0,42.07,40.56,41.6,578365
2010-12-14,42.0,42.2,40.91,41.64,475603
2010-12-15,42.0,42.0,40.21,40.61,359809
2010-12-16,41.0,41.18,39.9,40.28,672043
2010-12-20,40.11,40.76,39.3,39.62,367135
2010-12-21,40.0,40.6,39.6,39.88,543602
2010-12-22,40.17,40.34,39.31,39.61,474232
2010-12-23,39.8,40.0,39.4,39.52,263485
2010-12-24,39.9,39.9,39.0,39.32,344244
2010-12-27,39.5,39.75,39.2,39.41,297719
2010-12-28,39.5,39.57,39.23,39.32,499776
2010-12-29,39.43,39.85,39.03,39.54,280161
2010-12-30,39.53,39.75,38.86,39.32,544774
2010-12-31,39.7,40.39,39.4,39.73,858479
2011-01-03,40.0,40.84,40.0,40.42,604793
2011-01-04,40.49,40.75,39.26,39.35,402661
2011-01-05,39.3,39.35,38.1,38.14,674533
2011-01-06,38.32,38.48,37.37,37.5,582842
2011-01-07,37.5,38.47,37.09,37.37,710896
2011-01-10,36.12,37.89,36.12,37.45,1135925
2011-01-11,37.95,38.27,36.5,37.61,385295
2011-01-12,38.0,38.74,37.01,38.35,556426
2011-01-13,38.0,38.38,37.5,37.63,474349
2011-01-14,37.85,38.0,36.6,37.4,495074
2011-01-17,37.01,37.52,36.52,36.66,206023
2011-01-18,36.51,37.19,36.51,37.02,105604
2011-01-19,37.5,38.15,36.91,37.69,263637
2011-01-20,37.7,38.34,37.26,37.73,514619
2011-01-21,37.97,38.3,37.64,37.92,254084
2011-01-24,38.0,38.15,37.46,37.79,252297
2011-01-25,37.9,38.64,37.22,37.44,662950
2011-01-27,37.57,37.75,35.21,35.83,607137
2011-01-28,36.09,36.15,33.61,34.84,752698
2011-01-31,34.5,36.6,33.72,36.42,580350
2011-02-01,36.56,37.2,35.76,36.25,524477
2011-02-02,36.6,36.71,35.36,35.67,283934
2011-02-03,35.99,35.99,35.11,35.37,295190
2011-02-04,35.5,36.37,34.56,34.73,388527
2011-02-07,34.16,35.62,34.16,34.81,226996
2011-02-08,35.0,35.1,33.87,34.32,692356
2011-02-09,34.4,35.19,33.32,33.83,820370
2011-02-10,33.83,36.09,33.6,34.98,902598
2011-02-11,35.21,37.64,34.42,36.8,1627025
2011-02-14,37.1,38.0,37.03,37.86,405587
2011-02-15,37.85,39.15,37.67,38.5,925502
2011-02-16,38.4,39.1,38.2,38.47,228370
2011-02-17,38.47,38.75,38.11,38.39,433391
2011-02-18,38.8,38.85,37.2,37.39,281290
2011-02-21,36.52,37.77,35.53,36.28,444572
2011-02-22,36.29,36.29,35.33,35.64,496331
2011-02-23,35.3,35.5,34.75,34.9,941671
2011-02-24,34.8,34.95,33.66,33.83,225439
2011-02-25,34.05,34.66,32.62,33.46,250622
2011-02-28,34.27,35.2,33.24,34.87,293153
2011-03-01,35.2,36.6,35.15,36.49,570942
2011-03-03,35.99,36.7,35.46,36.06,379111
2011-03-04,36.37,37.4,36.06,37.01,612319
2011-03-07,36.7,36.95,35.6,36.83,305016
2011-03-08,35.01,37.86,35.01,37.64,260735
2011-03-09,37.81,38.2,37.4,38.02,366087
2011-03-10,38.08,38.08,37.32,37.45,155212
2011-03-11,37.3,37.5,35.94,36.52,224556
2011-03-14,36.49,36.85,36.3,36.5,155394
2011-03-15,36.19,36.49,35.36,36.13,79365
2011-03-16,36.11,37.07,36.11,36.8,263713
2011-03-17,36.88,37.63,36.5,37.48,572983
2011-03-18,37.0,37.78,35.79,37.29,168870
2011-03-21,37.49,37.49,36.7,37.02,417005
2011-03-22,37.15,37.38,37.01,37.18,79696
2011-03-23,37.21,38.99,37.1,38.26,802728
2011-03-24,38.6,38.69,37.85,38.04,236321
2011-03-25,38.28,38.7,38.16,38.54,276974
2011-03-28,39.0,39.9,37.83,39.58,737059
2011-03-29,39.69,40.31,39.39,40.02,498953
2011-03-30,40.5,42.45,40.29,42.05,693494
2011-03-31,42.12,42.45,40.5,41.86,853391
2011-04-01,41.79,42.2,41.0,42.03,434202
2011-04-04,42.14,42.4,41.74,42.15,359546
2011-04-05,42.32,42.34,41.3,41.57,282818
2011-04-06,41.39,41.85,41.13,41.47,223540
2011-04-07,41.45,42.67,41.21,42.07,476499
2011-04-08,42.41,43.37,42.12,42.33,983835
2011-04-11,42.51,42.6,41.32,41.88,277097
2011-04-13,41.49,43.55,41.16,43.34,483066
2011-04-15,43.34,44.9,43.16,44.49,1156593
2011-04-18,44.67,45.58,43.71,43.99,1263156
2011-04-19,43.9,45.69,43.63,45.31,866715
2011-04-20,45.51,45.74,44.2,44.79,317524
2011-04-21,45.19,45.25,44.01,44.12,271006
2011-04-25,44.1,44.38,43.5,43.68,344661
2011-04-26,43.51,44.2,43.13,43.93,346775
2011-04-27,43.0,44.34,43.0,43.72,163534
2011-04-28,44.04,44.04,42.56,43.01,280057
2011-04-29,43.24,43.57,41.48,42.0,297005
2011-05-02,42.0,42.08,40.4,41.2,416916
2011-05-03,41.2,42.18,40.4,40.95,880613
2011-05-04,41.0,41.35,40.11,41.1,507155
2011-05-05,41.09,41.54,40.26,40.84,537528
2011-05-06,41.0,41.25,39.53,40.27,442099
2011-05-09,40.9,42.14,40.9,41.93,838885
2011-05-10,41.96,42.43,41.8,42.2,490188
2011-05-11,42.31,43.5,41.91,43.37,529560
2011-05-12,43.16,44.3,43.07,43.55,590709
2011-05-13,43.6,44.3,43.27,43.93,299812
2011-05-16,43.8,44.45,43.57,44.13,385052
2011-05-17,44.29,44.52,43.5,43.61,222844
2011-05-18,43.8,44.08,43.21,43.62,675406
2011-05-19,42.99,43.93,42.99,43.42,674341
2011-05-20,43.44,43.87,42.52,43.27,260252
2011-05-23,43.19,43.19,41.85,42.19,235926
2011-05-24,42.39,42.6,41.61,41.95,366121
2011-05-25,41.9,42.2,41.54,42.02,295980
2011-05-26,42.23,42.5,42.0,42.27,467297
2011-05-27,42.48,43.99,42.23,43.78,455019
2011-05-30,43.99,44.06,43.61,43.78,368170
2011-05-31,44.1,44.68,43.72,44.39,465264
2011-06-01,44.5,45.1,44.0,44.95,617308
2011-06-02,44.85,44.9,44.05,44.46,307484
2011-06-03,44.76,44.92,44.13,44.46,337068
2011-06-06,44.65,44.65,44.15,44.5,306906
2011-06-07,44.52,45.63,44.25,45.19,1195182
2011-06-08,44.72,45.67,44.72,45.32,416932
2011-06-09,45.33,46.17,45.23,45.91,603901
2011-06-10,46.1,46.5,45.56,45.78,489043
2011-06-13,45.78,45.9,45.08,45.63,397367
2011-06-14,45.99,46.2,45.46,45.87,222527
2011-06-15,45.6,45.98,45.32,45.63,462278
2011-06-16,45.3,45.49,44.6,44.84,641759
2011-06-17,44.26,44.8,43.94,43.98,332938
2011-06-20,43.97,44.0,41.93,42.42,1028488
2011-06-21,42.42,43.79,42.42,43.43,721126
2011-06-22,43.71,43.99,42.75,42.89,696466
2011-06-23,43.0,43.0,42.46,42.69,342510
2011-06-24,42.99,43.8,42.8,43.58,689569
2011-06-27,43.6,45.0,43.39,44.88,517846
2011-06-28,45.0,45.4,41.73,44.72,556902
2011-06-29,44.81,45.58,44.48,45.08,822220
2011-06-30,44.79,45.46,44.51,45.27,280239
2011-07-01,45.3,45.48,44.81,45.11,210673
2011-07-04,45.04,46.0,45.04,45.65,616840
2011-07-05,45.69,45.92,45.06,45.74,286492
2011-07-06,45.8,46.27,45.54,46.03,192420
2011-07-07,45.65,47.64,45.65,47.04,497496
2011-07-08,47.11,47.37,45.92,46.06,345583
2011-07-11,46.0,46.0,45.15,45.46,187808
2011-07-12,45.46,45.46,44.45,44.94,390383
2011-07-13,45.3,45.67,44.77,45.5,277240
2011-07-14,45.0,46.08,45.0,45.46,481243
2011-07-15,44.5,46.28,44.5,45.75,331864
2011-07-18,45.76,46.39,45.51,46.26,263089
2011-07-19,46.25,46.5,45.78,46.19,288688
2011-07-20,46.41,46.67,45.61,45.97,751462
2011-07-21,45.98,45.98,45.24,45.71,308452
2011-07-22,45.9,46.19,45.6,45.8,364639
2011-07-25,46.0,46.3,45.6,45.83,212353
2011-07-26,45.91,46.1,44.6,44.97,331671
2011-07-27,44.8,45.39,43.9,44.01,258509
2011-07-28,43.57,43.68,43.13,43.29,209739
2011-07-29,43.49,43.49,42.3,42.65,338491
2011-08-01,43.3,43.3,41.0,41.86,606521
2011-08-02,42.0,42.0,40.4,40.49,474823
2011-08-03,40.3,40.89,39.1,40.56,426277
2011-08-04,40.85,41.34,39.92,40.2,954417
2011-08-05,38.01,39.7,38.01,39.03,601750
2011-08-08,38.81,39.3,37.31,38.6,362691
2011-08-09,37.5,39.25,37.15,38.39,504495
2011-08-10,38.7,40.4,38.7,39.96,397498
2011-08-11,39.79,40.49,39.55,40.18,186024
2011-08-12,40.4,40.75,38.51,39.03,626588
2011-08-16,39.3,39.37,37.8,38.27,734681
2011-08-17,38.45,38.45,36.17,36.51,463124
2011-08-18,36.86,37.2,36.5,36.95,1395082
2011-08-19,36.9,36.9,35.0,35.75,245183
2011-08-22,35.8,35.9,34.82,35.4,428781
2011-08-23,34.69,35.1,34.07,34.74,489713
2011-08-24,34.98,35.85,34.5,35.49,628439
2011-08-25,35.29,35.77,34.33,34.95,350864
2011-08-26,35.6,35.6,32.7,33.39,235869
2011-08-29,33.74,35.49,33.52,35.07,195676
2011-08-30,35.5,37.35,35.5,37.11,666414
2011-09-02,37.15,37.5,36.31,36.65,392473
2011-09-05,36.13,38.7,36.02,38.52,654113
2011-09-06,37.75,38.57,37.09,37.35,518683
2011-09-07,37.3,37.99,37.29,37.63,382781
2011-09-08,38.48,38.88,37.14,38.27,618683
2011-09-09,38.5,39.76,38.31,38.55,652212
2011-09-12,38.0,38.0,36.5,36.67,232246
2011-09-13,36.92,37.65,36.05,36.46,184784
2011-09-14,36.51,37.2,36.1,36.93,158846
2011-09-15,37.42,37.84,36.66,37.31,204476
2011-09-16,37.4,37.95,36.64,37.14,440524
2011-09-19,36.54,37.4,36.54,36.88,126384
2011-09-20,36.81,37.99,36.8,37.72,216698
2011-09-21,37.85,38.3,37.44,37.67,287414
2011-09-22,37.13,37.15,35.75,36.19,345482
2011-09-23,35.51,36.8,35.24,35.98,226985
2011-09-26,35.03,36.3,35.03,35.78,252440
2011-09-27,35.8,37.72,35.8,37.48,325224
2011-09-28,37.48,37.72,36.55,36.95,609319
2011-09-29,36.54,37.39,36.11,36.83,196225
2011-09-30,36.91,37.39,36.15,36.82,204748
2011-10-03,36.39,36.39,35.5,35.93,247633
2011-10-04,35.9,36.79,34.56,34.87,256121
2011-10-05,35.29,35.48,34.04,34.19,414697
2011-10-07,34.04,35.98,34.04,35.16,159208
2011-10-10,35.45,36.49,35.2,36.29,321262
2011-10-11,37.26,37.26,36.3,36.92,344608
2011-10-12,36.92,38.5,36.79,37.84,183397
2011-10-13,38.3,40.38,37.84,38.75,288406
2011-10-14,38.75,39.04,37.5,38.74,189418
2011-10-17,39.19,39.68,38.33,38.54,152025
2011-10-18,38.1,38.19,37.41,37.64,200013
2011-10-19,37.61,39.38,37.61,39.1,137817
2011-10-20,38.55,39.82,38.4,39.58,196566
2011-10-21,39.79,40.18,38.21,38.33,258618
2011-10-24,39.99,40.1,38.14,38.48,559705
2011-10-25,38.69,39.4,38.53,38.98,912536
2011-10-26,39.3,39.47,39.11,39.35,23549
2011-10-28,39.74,41.5,39.74,41.17,516836
2011-10-31,41.35,41.7,40.73,41.55,411339
2011-11-01,41.2,41.8,40.92,41.49,377575
2011-11-02,41.0,41.6,40.86,41.14,115961
2011-11-03,41.06,41.59,41.05,41.41,138849
2011-11-04,41.69,42.23,41.63,41.83,158822
2011-11-08,42.0,42.17,41.04,41.28,160174
2011-11-09,40.7,41.5,40.1,40.25,206833
2011-11-11,39.63,40.34,39.35,40.17,218675
2011-11-14,40.23,40.67,38.67,39.07,114758
2011-11-15,38.69,38.9,37.31,37.81,267956
2011-11-16,37.51,39.0,37.04,38.41,441170
2011-11-17,38.5,39.01,38.28,38.53,136003
2011-11-18,38.01,38.19,37.33,37.59,464126
2011-11-21,36.5,37.73,35.52,35.9,439278
2011-11-22,35.82,35.96,34.81,35.06,788274
2011-11-23,35.06,35.26,33.76,34.02,709260
2011-11-24,34.2,35.86,33.22,35.44,475955
2011-11-25,35.41,36.05,34.61,35.12,262345
2011-11-28,36.0,36.45,35.55,36.25,98283
2011-11-29,36.51,36.8,35.51,35.79,110833
2011-11-30,35.65,36.57,35.04,35.81,462761
2011-12-01,36.84,37.2,34.27,36.51,210978
2011-12-02,36.3,40.1,36.14,39.64,595527
2011-12-05,39.97,39.97,38.73,39.66,1138627
2011-12-07,39.8,40.6,39.24,39.68,261054
2011-12-08,39.47,39.84,38.57,39.49,927975
2011-12-09,38.2,39.35,38.2,38.9,882226
2011-12-12,39.0,39.59,38.11,38.33,399178
2011-12-13,38.0,38.1,37.32,37.8,1060967
2011-12-14,37.8,38.5,37.03,37.15,633628
2011-12-15,37.0,37.86,36.5,37.66,205957
2011-12-16,37.95,38.38,37.03,37.56,610375
2011-12-19,37.2,37.3,34.71,35.98,1495489
2011-12-20,36.0,36.36,35.06,35.22,579197
2011-12-21,36.01,36.3,35.21,35.86,346748
2011-12-22,35.62,36.2,35.24,35.9,421627
2011-12-23,36.3,36.4,35.0,35.21,219763
2011-12-26,35.33,35.76,35.03,35.1,198684
2011-12-27,34.9,35.16,33.45,33.68,233095
2011-12-28,33.75,33.75,32.23,32.7,863035
2011-12-29,33.19,33.39,32.3,33.12,682842
2011-12-30,33.5,34.1,33.11,33.68,354647
2012-01-02,33.9,34.1,33.2,33.71,134039
2012-01-03,34.2,35.7,34.01,35.43,237773
2012-01-04,36.0,36.49,35.31,35.99,417505
2012-01-05,35.99,36.28,35.55,35.73,227657
2012-01-06,35.67,36.12,35.36,36.0,489665
2012-01-07,36.1,36.3,35.91,36.14,7931
2012-01-09,36.12,36.94,35.73,36.58,258215
2012-01-10,36.89,37.54,36.84,37.06,314342
2012-01-11,36.51,37.24,36.16,36.3,440764
2012-01-12,35.4,36.9,35.32,36.21,387782
2012-01-13,36.48,36.74,36.05,36.37,447107
2012-01-16,36.0,36.39,35.82,36.22,1233038
2012-01-17,36.11,37.16,36.11,36.76,185384
2012-01-18,37.06,37.09,35.51,36.1,239336
2012-01-19,36.65,36.97,36.16,36.35,170545
2012-01-20,36.61,38.45,36.5,38.21,417821
2012-01-23,38.48,39.49,37.74,38.36,318849
2012-01-24,38.95,39.84,38.16,39.2,758331
2012-01-25,39.6,41.78,39.26,41.19,1167761
2012-01-27,41.7,41.7,40.0,40.45,534369
2012-01-30,39.24,40.43,38.88,39.23,527932
2012-01-31,38.52,40.0,38.51,39.89,671469
2012-02-01,39.99,40.98,39.58,40.16,792489
2012-02-02,40.4,40.75,39.16,40.0,410411
2012-02-03,40.0,40.76,39.32,40.37,714766
2012-02-06,40.78,41.85,40.65,41.31,707866
2012-02-07,41.5,42.54,41.24,41.64,977980
2012-02-08,41.8,42.0,40.66,41.14,402540
2012-02-09,41.0,41.75,41.0,41.52,262730
2012-02-10,41.72,42.25,41.27,41.69,230885
2012-02-13,42.0,42.1,40.1,40.72,992663
2012-02-14,40.92,41.97,40.61,41.71,492251
2012-02-15,41.92,43.69,41.92,43.41,579843
2012-02-16,44.5,44.9,43.26,44.27,557609
2012-02-17,47.49,47.49,44.0,44.44,333615
2012-02-21,45.5,45.5,44.26,45.12,229545
2012-02-22,44.61,45.1,41.94,42.34,244812
2012-02-23,43.7,43.7,41.41,42.22,453313
2012-02-24,42.8,42.91,40.5,40.87,341941
2012-02-27,41.91,41.91,39.26,39.94,392960
2012-02-28,40.4,41.45,40.21,40.61,711416
2012-02-29,41.4,43.5,39.92,40.56,363570
2012-03-01,38.8,40.69,38.8,40.03,171105
2012-03-02,40.12,41.74,39.9,41.52,487591
2012-03-03,41.48,41.78,41.23,41.55,17923
2012-03-05,41.01,41.9,40.45,40.77,649075
2012-03-06,40.4,42.26,40.16,40.38,348634
2012-03-07,40.38,40.95,40.0,40.38,152373
2012-03-09,41.2,41.93,40.95,41.55,344136
2012-03-12,42.0,43.48,42.0,42.41,239462
2012-03-13,42.5,43.2,42.2,42.92,363728
2012-03-14,43.51,43.62,42.82,43.23,378417
2012-03-15,43.2,43.61,41.72,42.7,629111
2012-03-16,42.7,43.44,42.32,42.92,419602
2012-03-19,43.0,43.0,41.36,41.65,80742
2012-03-20,41.98,42.64,41.21,42.4,160764
2012-03-21,42.37,43.25,42.08,43.14,179151
2012-03-22,42.72,43.67,41.65,41.92,185765
2012-03-23,41.95,43.15,41.92,42.75,133298
2012-03-26,42.81,43.18,42.31,42.67,722327
2012-03-27,43.17,43.3,41.4,42.46,160812
2012-03-28,42.5,42.8,41.61,41.7,55758
2012-03-29,41.02,42.6,41.02,41.96,363538
2012-03-30,42.29,43.25,42.13,42.65,668922
2012-04-02,42.7,43.44,42.36,43.12,106717
2012-04-03,43.49,44.88,43.3,44.35,272317
2012-04-04,44.63,44.65,43.64,44.0,98236
2012-04-09,43.3,43.9,43.21,43.41,69955
2012-04-10,43.13,43.9,42.9,43.37,165472
2012-04-11,43.3,43.6,42.71,43.02,104946
2012-04-12,43.9,43.99,43.04,43.33,160397
2012-04-13,43.3,43.8,40.22,42.82,165716
2012-04-16,42.47,43.49,42.47,43.16,182989
2012-04-17,43.5,43.74,42.77,43.25,161318
2012-04-18,43.52,43.92,42.6,42.75,164829
2012-04-19,42.95,43.21,42.32,43.1,124504
2012-04-20,42.81,43.2,42.4,42.92,82983
2012-04-23,42.6,43.12,41.62,41.74,100708
2012-04-24,41.66,42.0,41.1,41.4,119895
2012-04-25,41.7,41.8,40.62,40.98,179350
2012-04-26,41.29,41.4,40.51,40.96,588162
2012-04-27,41.26,41.9,41.0,41.65,568273
2012-04-28,41.5,41.88,41.46,41.57,7973
2012-04-30,41.67,42.2,41.23,42.0,179581
2012-05-02,42.0,42.5,41.9,42.08,206339
2012-05-03,41.87,41.99,41.41,41.6,125313
2012-05-04,41.49,41.58,40.83,41.37,472052
2012-05-07,40.98,41.04,40.2,40.88,213811
2012-05-08,40.9,41.5,40.64,40.84,134572
2012-05-09,40.86,41.39,40.31,40.73,147226
2012-05-10,40.31,41.5,40.31,40.99,327408
2012-05-11,40.6,41.83,40.6,41.54,669093
2012-05-14,42.0,42.0,40.7,41.36,164367
2012-05-15,41.37,41.88,41.03,41.73,118252
2012-05-16,41.5,41.84,40.52,40.8,411800
2012-05-17,40.61,41.2,39.73,39.87,142977
2012-05-18,39.5,40.6,39.04,40.3,184211
2012-05-21,40.6,41.38,40.3,41.13,162052
2012-05-22,41.49,41.49,40.3,40.55,163433
2012-05-23,40.5,40.7,39.71,40.07,105823
2012-05-24,39.82,40.9,39.59,40.76,78497
2012-05-25,41.0,41.5,40.73,41.41,130685
2012-05-28,41.31,42.05,41.31,41.59,105443
2012-05-29,41.6,42.47,41.52,42.08,199951
2012-05-30,42.0,42.0,41.4,41.58,60886
2012-05-31,41.44,42.3,41.11,42.04,144440
2012-06-01,42.04,42.44,41.04,41.37,109493
2012-06-04,41.01,41.54,40.5,41.37,121136
2012-06-05,41.6,41.98,41.19,41.49,86014
2012-06-06,42.2,42.31,41.55,41.93,333070
2012-06-07,42.14,42.6,41.23,41.89,158007
2012-06-08,42.01,43.45,41.52,43.09,183753
2012-06-11,43.51,43.6,42.53,42.58,114661
2012-06-12,42.37,43.45,42.11,43.32,122258
2012-06-13,43.5,44.0,42.76,42.89,191877
2012-06-14,42.88,43.38,41.8,42.18,101900
2012-06-15,42.32,42.87,41.73,42.44,99975
2012-06-18,42.72,43.29,41.3,42.4,192134
2012-06-19,42.6,43.0,42.04,42.82,94985
2012-06-20,42.84,43.14,42.71,42.95,37219
2012-06-21,42.64,43.8,42.6,43.44,186714
2012-06-22,43.0,43.95,42.85,43.72,213445
2012-06-25,43.8,44.42,43.51,43.8,116816
2012-06-26,43.8,44.89,43.44,44.71,150345
2012-06-27,45.0,45.41,44.4,44.5,119971
2012-06-28,45.5,45.5,43.46,44.53,239976
2012-06-29,45.0,45.0,44.51,44.86,59267
2012-07-02,44.92,45.81,44.62,45.2,94324
2012-07-03,45.31,45.5,44.96,45.07,77461
2012-07-04,45.07,45.5,45.0,45.16,88109
2012-07-05,45.08,45.9,44.96,45.46,94715
2012-07-06,45.4,45.68,44.91,45.14,110302
2012-07-09,45.06,45.1,44.34,44.59,112489
2012-07-10,44.61,44.95,44.35,44.78,620295
2012-07-11,44.66,44.89,44.0,44.2,132285
2012-07-12,44.07,44.11,43.4,43.98,206219
2012-07-13,43.98,44.06,43.11,43.46,172258
2012-07-16,43.46,43.86,41.29,43.32,96805
2012-07-17,42.54,44.0,42.35,43.16,76740
2012-07-18,42.86,43.44,42.6,43.22,152021
2012-07-19,43.3,43.5,42.46,42.67,164724
2012-07-20,42.24,42.24,41.34,41.65,176854
2012-07-23,41.9,42.0,40.38,40.64,155051
2012-07-24,40.34,41.2,40.34,40.71,87240
2012-07-25,40.79,40.93,40.3,40.39,122324
2012-07-26,40.01,40.69,39.2,40.09,508591
2012-07-27,40.38,41.05,39.48,39.95,103561
2012-07-30,40.03,41.18,40.03,40.96,53666
2012-07-31,40.5,41.79,40.5,41.43,233345
2012-08-01,41.59,41.8,40.51,40.84,487009
2012-08-02,40.89,41.67,40.33,41.26,801646
2012-08-03,41.25,41.57,40.49,40.54,420902
2012-08-06,41.27,41.38,40.81,41.11,101597
2012-08-07,41.6,42.05,41.1,41.73,167686
2012-08-08,41.01,42.67,41.01,42.47,253567
2012-08-09,42.6,42.84,41.74,41.94,101660
2012-08-10,41.7,42.5,41.6,42.34,87331
2012-08-13,42.05,42.95,42.05,42.84,67420
2012-08-14,42.66,42.99,42.6,42.81,72295
2012-08-16,42.99,43.81,42.7,43.7,132230
2012-08-17,43.71,44.2,43.42,43.71,106780
2012-08-21,43.7,44.5,43.52,43.92,64607
2012-08-22,43.03,43.99,43.02,43.72,154108
2012-08-23,44.4,44.4,43.16,43.38,72792
2012-08-24,43.38,43.38,42.5,42.59,36579
2012-08-27,42.52,42.95,41.2,41.41,91664
2012-08-28,41.0,41.0,40.05,40.32,1076747
2012-08-29,40.36,41.18,40.36,40.75,321169
2012-08-30,40.11,41.1,40.11,40.77,331147
2012-08-31,41.01,41.01,40.12,40.65,312921
2012-09-03,40.69,40.9,40.5,40.61,274816
2012-09-04,40.61,40.85,40.0,40.67,267247
2012-09-05,40.62,40.8,39.98,40.14,658850
2012-09-06,40.15,40.51,39.95,40.17,286300
2012-09-07,40.5,40.8,40.21,40.39,345214
2012-09-08,40.6,40.95,40.48,40.63,9824
2012-09-10,40.6,40.8,40.2,40.38,355370
2012-09-11,40.38,40.65,40.0,40.49,125034
2012-09-12,40.8,40.85,40.41,40.72,124167
2012-09-13,40.61,40.79,40.36,40.68,105266
2012-09-14,40.8,42.28,40.8,41.09,467479
2012-09-17,41.55,43.27,41.41,43.07,604638
2012-09-18,42.5,43.38,42.5,42.8,901969
2012-09-20,42.26,42.8,41.88,42.33,249734
2012-09-21,42.81,44.94,42.47,44.64,1111944
2012-09-24,44.71,45.4,43.84,43.97,664699
2012-09-25,45.28,45.48,44.22,44.86,465143
2012-09-26,44.61,45.19,43.53,43.68,265462
2012-09-27,43.1,44.5,43.1,44.03,565719
2012-09-28,44.39,44.99,44.1,44.7,373340
2012-10-01,44.65,45.2,44.65,44.96,726555
2012-10-03,44.96,45.1,44.64,44.95,757941
2012-10-04,45.05,46.7,45.05,45.83,1836075
2012-10-05,46.25,46.48,45.14,45.78,430089
2012-10-08,45.76,46.5,45.7,45.99,294368
2012-10-09,46.02,46.77,45.85,46.28,292238
2012-10-10,46.06,46.27,45.56,46.01,198643
2012-10-11,46.15,48.42,46.0,47.99,977588
2012-10-12,48.38,49.4,47.8,48.19,1065206
2012-10-15,53.0,57.1,45.5,47.05,325650
2012-10-16,48.18,48.28,46.8,46.94,101130
2012-10-17,45.89,47.37,45.89,47.06,146289
2012-10-18,47.11,48.58,47.05,48.27,226921
2012-10-19,48.52,49.23,48.12,48.29,197711
2012-10-22,48.02,49.18,47.42,48.76,211697
2012-10-23,48.81,49.35,48.51,48.81,187134
2012-10-25,48.81,49.3,48.76,49.12,358217
2012-10-26,49.19,49.19,48.37,48.91,299030
2012-10-29,48.91,49.22,48.56,48.75,148850
2012-10-30,48.51,49.08,47.63,48.05,150365
2012-10-31,47.94,48.89,47.2,48.46,105673
2012-11-01,48.43,48.75,48.2,48.4,97225
2012-11-02,48.7,48.87,47.02,47.5,266924
2012-11-05,47.94,48.16,47.52,47.99,63658
2012-11-06,48.03,48.35,47.65,47.79,73074
2012-11-07,48.0,48.5,47.88,48.11,65093
2012-11-08,47.6,47.9,47.5,47.73,64968
2012-11-09,47.18,48.1,47.05,47.22,415877
2012-11-12,47.49,47.53,46.29,46.55,105989
2012-11-13,46.9,47.43,46.5,47.03,23137
2012-11-15,47.0,47.0,46.13,46.21,158193
2012-11-16,45.1,46.68,44.8,45.94,88637
2012-11-19,46.0,46.17,45.4,45.6,138130
2012-11-20,45.88,46.38,45.23,45.89,72353
2012-11-21,45.9,46.59,45.6,46.37,137364
2012-11-22,46.77,46.99,45.95,46.3,54054
2012-11-23,45.0,46.48,45.0,46.18,65754
2012-11-26,46.17,47.2,46.0,46.98,210556
2012-11-27,46.7,49.9,45.63,46.28,857100
2012-11-29,46.32,47.5,46.1,47.26,575300
2012-11-30,47.71,48.55,46.66,48.18,397498
2012-12-03,47.9,49.26,47.9,48.33,456446
2012-12-04,47.94,48.9,47.92,48.32,216271
2012-12-05,48.4,48.89,48.0,48.14,180152
2012-12-06,48.61,48.88,47.33,47.84,528758
2012-12-07,48.02,49.5,48.01,48.23,816547
2012-12-10,48.8,51.18,48.3,50.57,1707954
2012-12-11,51.0,51.43,48.91,50.09,860675
2012-12-12,51.11,51.11,49.52,49.8,585048
2012-12-13,50.0,50.75,48.21,48.59,482857
2012-12-14,49.0,49.0,47.83,48.2,636334
2012-12-17,48.24,49.2,47.81,48.96,367239
2012-12-18,49.2,50.0,47.6,49.75,396865
2012-12-19,50.49,52.95,50.22,52.78,1331489
2012-12-20,52.85,53.0,51.6,52.33,420590
2012-12-21,51.87,52.74,51.24,51.87,555356
2012-12-24,52.0,52.53,51.8,52.07,184288
2012-12-26,52.5,52.89,51.45,52.42,461389
2012-12-27,52.6,53.8,52.5,53.49,705355
2012-12-28,53.61,54.4,53.61,53.96,597850
2012-12-31,53.95,54.28,53.41,53.82,259295
2013-01-01,53.85,54.4,53.81,53.96,343439
2013-01-02,54.5,55.1,54.2,54.33,607937
2013-01-03,55.01,55.01,53.57,53.76,260425
2013-01-04,53.53,53.6,52.61,52.69,736882
2013-01-07,53.0,53.28,52.11,52.25,398172
2013-01-08,52.9,52.9,51.6,52.02,342432
2013-01-09,52.69,53.33,52.02,52.42,765218
2013-01-10,53.3,53.3,51.01,51.53,469271
2013-01-11,51.86,52.08,50.5,50.72,733454
2013-01-14,50.7,52.3,50.4,51.99,324328
2013-01-15,51.71,52.86,51.71,52.49,374802
2013-01-16,52.6,52.99,51.45,51.61,263476
2013-01-17,52.01,52.22,50.64,51.18,653860
2013-01-18,50.79,51.18,49.96,50.3,1054006
2013-01-21,50.74,50.92,49.3,50.0,889780
2013-01-22,50.49,50.94,50.02,50.39,609820
2013-01-23,50.98,50.98,49.3,50.03,711846
2013-01-24,50.56,50.67,49.55,49.86,228305
2013-01-25,49.61,50.97,49.41,50.67,252912
2013-01-28,50.7,51.0,49.93,50.24,389489
2013-01-29,50.3,51.29,50.09,50.6,862271
2013-01-30,51.25,53.25,50.68,50.91,305702
2013-01-31,50.89,51.39,50.1,50.56,763516
2013-02-01,50.75,51.5,50.72,51.06,369322
2013-02-04,51.06,51.57,50.58,50.79,427125
2013-02-05,50.89,51.11,50.17,50.91,337707
2013-02-06,51.01,51.79,51.0,51.3,371985
2013-02-07,51.28,52.03,51.0,51.74,536599
2013-02-08,51.74,52.43,51.5,51.62,352003
2013-02-11,51.75,51.9,51.5,51.57,401981
2013-02-12,51.56,51.83,51.2,51.49,157626
2013-02-13,51.78,51.97,50.75,50.97,440141
2013-02-14,50.97,51.05,49.53,49.98,480939
2013-02-15,49.98,50.54,47.5,50.45,513749
2013-02-18,50.56,50.7,49.8,50.11,283243
2013-02-19,50.79,50.79,50.12,50.4,166285
2013-02-20,50.7,50.7,49.83,50.03,187324
2013-02-21,49.51,50.29,49.25,49.53,329751
2013-02-22,50.0,50.77,49.34,49.64,177040
2013-02-25,49.64,49.99,49.4,49.6,278649
2013-02-26,49.67,49.67,49.01,49.38,270859
2013-02-27,49.49,50.5,49.11,49.97,350733
2013-02-28,50.6,50.6,48.44,49.33,433722
2013-03-01,49.09,49.49,48.71,48.99,255196
2013-03-04,48.13,49.16,48.13,48.89,336455
2013-03-05,48.35,49.37,48.35,49.03,642948
2013-03-06,49.24,50.5,49.24,49.68,420279
2013-03-07,49.89,49.89,48.71,49.0,300919
2013-03-08,49.01,49.87,49.01,49.33,298582
2013-03-11,49.55,50.29,49.42,49.62,366778
2013-03-12,49.63,49.98,49.04,49.23,144429
2013-03-13,48.99,49.2,48.18,48.42,334150
2013-03-14,48.37,49.67,47.91,49.06,507671
2013-03-15,49.27,49.67,48.69,48.99,830261
2013-03-18,48.51,49.19,48.45,48.66,129431
2013-03-19,48.27,49.15,47.95,48.72,445271
2013-03-20,48.16,48.6,47.75,48.09,217774
2013-03-21,48.09,48.77,46.76,47.08,256270
2013-03-22,47.0,48.49,46.31,48.27,360982
2013-03-25,48.51,49.14,47.61,48.31,275326
2013-03-26,48.38,49.09,47.72,48.6,261842
2013-03-28,48.85,48.85,48.0,48.07,262954
2013-04-01,48.4,49.2,48.0,48.45,163374
2013-04-02,48.88,49.14,48.6,48.82,199455
2013-04-03,48.82,49.9,48.0,48.08,242327
2013-04-04,47.6,48.16,47.22,47.46,133380
2013-04-05,47.46,48.1,46.2,46.53,305175
2013-04-08,46.6,46.81,44.07,44.56,558690
2013-04-09,44.73,45.31,44.18,44.42,356161
2013-04-10,44.46,45.0,43.36,44.78,389666
2013-04-11,44.9,45.09,44.05,44.51,569901
2013-04-12,44.25,44.64,44.0,44.07,458547
2013-04-15,44.1,44.4,40.59,41.9,2184176
2013-04-16,42.01,44.17,41.66,43.88,806717
2013-04-17,44.38,45.85,43.45,43.65,793692
2013-04-18,43.71,45.51,43.5,45.22,576573
2013-04-22,45.0,46.6,44.61,46.37,707054
2013-04-23,46.4,46.41,44.32,44.99,669040
2013-04-25,45.65,45.65,44.4,45.35,862917
2013-04-26,45.4,46.5,45.0,46.15,327911
2013-04-29,45.1,45.19,43.5,44.86,695188
2013-04-30,45.0,45.95,43.92,45.65,908062
2013-05-02,45.65,46.0,44.81,45.18,573142
2013-05-03,45.3,45.3,44.45,44.74,412370
2013-05-06,44.47,45.03,44.1,44.81,299462
2013-05-07,45.77,45.77,44.02,45.17,398896
2013-05-08,44.71,45.35,44.71,45.08,543517
2013-05-09,45.03,45.67,44.46,44.73,951622
2013-05-10,44.6,46.0,44.21,45.6,337946
2013-05-11,45.67,45.8,45.46,45.55,15501
2013-05-13,45.5,45.7,44.46,44.65,169990
2013-05-14,44.5,46.01,44.5,45.75,255407
2013-05-15,45.8,47.9,45.8,47.77,676716
2013-05-16,47.8,48.44,47.1,48.04,458770
2013-05-17,47.72,48.6,47.23,47.66,449068
2013-05-20,48.0,48.27,46.72,46.9,292598
2013-05-21,46.8,47.58,46.5,46.95,333362
2013-05-22,47.0,47.5,46.23,46.38,183102
2013-05-23,46.29,46.29,44.26,44.94,408897
2013-05-24,44.91,45.7,44.5,45.09,164004
2013-05-27,45.1,45.8,44.8,45.64,206720
2013-05-28,45.23,46.42,45.21,45.42,103368
2013-05-29,45.25,45.6,44.82,44.93,413587
2013-05-30,44.52,45.98,44.52,45.09,651620
2013-05-31,44.71,45.55,44.6,45.04,278048
2013-06-03,45.01,46.1,44.53,45.85,288492
2013-06-04,45.9,47.0,45.4,45.76,258128
2013-06-05,45.74,46.0,45.11,45.9,83541
2013-06-06,45.61,46.2,45.21,45.29,212492
2013-06-07,44.81,45.52,44.62,44.92,381422
2013-06-10,45.09,45.29,43.35,44.23,1451766
2013-06-11,43.68,44.18,42.11,42.43,1360201
2013-06-12,42.4,42.97,41.83,42.27,1321821
2013-06-13,42.2,42.74,41.02,42.18,879955
2013-06-14,42.1,43.2,42.07,42.42,691895
2013-06-17,42.51,43.48,42.41,43.22,223785
2013-06-18,43.0,43.75,42.96,43.46,354333
2013-06-19,43.8,44.6,43.34,44.23,431101
2013-06-20,43.8,43.8,42.85,43.03,590906
2013-06-21,43.0,43.0,41.44,41.61,221910
2013-06-24,41.4,41.55,39.5,40.07,459234
2013-06-25,40.3,41.97,39.01,40.99,348448
2013-06-26,41.55,41.55,40.0,40.3,289290
2013-06-27,40.54,41.2,39.0,39.84,813204
2013-06-28,40.21,41.2,40.21,40.93,193651
2013-07-01,40.91,42.1,40.74,41.76,252508
2013-07-02,41.76,42.44,41.22,41.51,263568
2013-07-03,41.21,41.26,39.83,40.09,344422
2013-07-04,40.12,41.0,39.43,40.05,342931
2013-07-05,40.24,40.48,39.54,39.63,278013
2013-07-08,39.6,40.0,38.41,39.71,324599
2013-07-09,39.24,40.06,38.82,39.81,246070
2013-07-10,39.82,40.6,39.13,39.57,179880
2013-07-11,40.12,40.9,40.0,40.08,340581
2013-07-12,40.1,40.56,39.43,39.59,1149216
2013-07-15,39.5,40.25,39.5,39.89,406841
2013-07-16,39.52,39.53,38.4,38.56,205531
2013-07-17,38.31,38.4,36.57,36.8,496958
2013-07-18,36.85,38.15,36.22,37.93,269808
2013-07-19,38.18,38.96,37.51,38.22,411594
2013-07-22,37.5,38.35,36.26,38.02,548279
2013-07-23,38.02,38.41,37.71,37.84,134864
2013-07-24,37.51,37.51,34.72,34.91,494726
2013-07-25,34.61,35.43,34.2,34.76,446641
2013-07-26,34.91,35.1,33.46,34.77,617592
2013-07-29,34.7,34.78,33.81,34.0,325915
2013-07-30,34.0,34.4,33.5,33.72,263480
2013-07-31,33.98,35.45,32.15,34.97,445655
2013-08-01,35.0,35.58,33.9,34.76,218050
2013-08-02,35.1,35.49,34.4,34.95,307083
2013-08-05,34.63,36.2,34.04,35.65,166050
2013-08-06,35.3,35.6,33.62,33.9,249732
2013-08-07,34.23,34.39,33.06,33.34,306282
2013-08-08,33.12,33.7,31.61,31.8,566855
2013-08-12,32.2,33.4,30.86,33.07,374755
2013-08-13,32.9,34.49,32.35,34.14,495881
2013-08-14,34.4,34.58,32.62,32.81,298177
2013-08-16,32.74,33.0,30.36,31.01,521969
2013-08-19,31.0,31.67,29.43,29.58,528183
2013-08-20,29.4,30.02,28.11,29.7,574898
2013-08-21,31.0,32.4,28.03,28.69,579711
2013-08-22,27.81,28.2,27.18,27.74,507324
2013-08-23,27.49,28.99,27.03,28.56,690031
2013-08-26,28.63,29.5,28.14,28.76,202679
2013-08-27,28.39,28.48,26.51,26.74,331718
2013-08-28,26.29,26.29,23.9,25.73,1053853
2013-08-29,25.83,27.77,25.13,27.02,662861
2013-08-30,26.98,27.4,25.35,25.62,1079615
2013-09-02,25.77,26.39,24.57,24.81,942767
2013-09-03,24.97,25.07,22.71,23.01,1041984
2013-09-04,23.0,24.66,22.32,24.42,796347
2013-09-05,25.33,27.9,25.33,27.46,1978131
2013-09-06,27.79,28.64,26.55,28.08,794249
2013-09-10,29.0,29.49,28.3,28.63,611834
2013-09-11,28.59,30.08,27.87,29.86,892646
2013-09-12,30.0,30.29,28.9,29.66,760646
2013-09-13,29.4,30.55,29.3,30.07,520491
2013-09-16,30.69,31.32,29.16,30.11,493764
2013-09-17,30.13,30.22,29.41,29.59,219720
2013-09-18,29.62,30.0,29.11,29.57,533183
2013-09-19,31.39,32.04,31.0,31.64,1202194
2013-09-20,31.9,32.2,28.84,30.53,1201830
2013-09-23,30.14,30.49,29.0,29.61,538817
2013-09-24,29.5,30.34,29.0,30.02,471488
2013-09-25,30.11,30.28,29.12,30.01,482052
2013-09-26,29.8,30.6,29.4,30.05,753934
2013-09-27,29.77,30.3,29.43,29.63,361934
2013-09-30,29.43,29.68,28.15,28.46,437718
2013-10-01,28.14,29.24,27.83,28.56,562350
2013-10-03,28.65,29.38,28.62,29.09,778573
2013-10-04,28.78,29.5,28.6,28.92,368507
2013-10-07,28.9,29.23,28.5,29.13,255115
2013-10-08,30.3,30.4,29.22,29.39,481432
2013-10-09,29.3,30.43,28.83,30.3,404400
2013-10-10,30.3,31.4,30.25,31.28,727014
2013-10-11,31.7,33.1,31.32,32.62,979946
2013-10-14,32.6,34.99,32.6,34.77,1008338
2013-10-15,34.99,35.56,33.25,33.47,784253
2013-10-17,34.45,35.8,33.53,34.38,3236485
2013-10-18,34.8,35.95,34.63,35.68,3034818
2013-10-21,36.25,42.5,36.25,39.2,14937508
2013-10-22,39.5,40.0,38.58,39.45,4183545
2013-10-23,39.65,40.13,38.5,39.18,2392801
2013-10-24,39.9,41.7,38.88,41.08,9610439
2013-10-25,41.6,41.85,39.78,40.15,4801163
2013-10-28,40.15,40.45,37.6,38.15,2532765
2013-10-29,38.15,40.38,37.63,39.9,4524220
2013-10-30,40.0,40.58,38.83,39.88,2842274
2013-10-31,39.65,41.38,39.5,41.05,3643761
2013-11-01,41.15,42.38,40.88,41.45,4362526
2013-11-03,41.5,42.18,41.5,41.73,641357
2013-11-05,41.63,43.25,40.55,42.73,5475322
2013-11-06,43.0,43.25,40.25,40.65,3346086
2013-11-07,41.25,42.95,39.08,39.43,7538176
2013-11-08,39.5,39.88,38.5,39.03,3258182
2013-11-11,39.0,39.35,38.03,38.15,1989946
2013-11-12,38.15,38.8,37.25,37.4,2434653
2013-11-13,37.28,37.95,36.65,36.9,2296973
2013-11-14,37.5,38.05,37.4,37.83,1610447
2013-11-18,38.4,39.28,38.1,39.08,1663547
2013-11-19,39.08,39.38,38.58,38.75,1176698
2013-11-20,39.25,39.95,38.6,39.4,2540213
2013-11-21,38.95,39.4,38.25,38.9,1604057
2013-11-22,39.0,39.5,38.4,38.83,1293996
2013-11-25,39.13,39.7,38.88,39.53,1863429
2013-11-26,39.45,40.1,39.03,39.08,2003768
2013-11-27,38.88,39.43,38.6,38.95,753554
2013-11-28,39.15,39.35,37.9,38.18,2414089
2013-11-29,38.25,39.7,38.25,39.43,4405925
2013-12-02,39.53,40.25,39.4,39.68,1326159
2013-12-03,39.5,39.78,39.33,39.58,699240
2013-12-04,39.25,39.6,38.55,38.9,2889851
2013-12-05,40.1,40.25,39.05,39.18,3388308
2013-12-06,39.1,39.7,38.93,39.48,1799865
2013-12-09,40.98,41.55,40.08,41.25,4190096
2013-12-10,41.4,41.45,39.88,40.13,1754356
2013-12-11,40.03,40.5,39.5,40.28,1046392
2013-12-12,40.3,40.33,39.3,39.48,699393
2013-12-13,39.05,39.35,38.3,38.53,1825162
2013-12-16,38.53,38.88,38.23,38.58,622889
2013-12-17,38.98,40.2,38.63,39.2,1769224
2013-12-18,39.0,40.35,38.95,40.03,1775174
2013-12-19,40.25,40.5,39.03,39.2,682704
2013-12-20,39.25,40.0,39.08,39.78,567421
2013-12-23,39.93,42.33,39.75,41.83,3711090
2013-12-24,42.33,42.45,40.75,41.08,3033605
2013-12-26,41.28,43.0,41.15,42.05,4008808
2013-12-27,42.23,42.65,41.65,42.18,1777056
2013-12-30,42.48,42.53,41.1,41.25,1211336
2013-12-31,41.5,42.2,41.25,42.03,1030533
2014-01-01,42.23,43.5,42.0,43.15,3253574
2014-01-02,43.4,44.8,41.1,41.35,6144921
2014-01-03,41.3,42.38,41.08,41.98,2308194
2014-01-06,41.5,43.63,41.33,42.35,2087659
2014-01-07,42.6,42.85,40.8,41.05,2677219
2014-01-08,41.28,42.08,40.53,41.55,1666565
2014-01-09,41.9,42.48,40.75,40.88,4065386
2014-01-10,41.0,41.45,38.68,38.95,2935414
2014-01-13,39.23,40.2,39.08,39.88,2765587
2014-01-14,39.8,40.45,39.75,40.03,1428817
2014-01-15,40.15,41.03,40.15,40.95,1525729
2014-01-16,41.1,41.35,40.7,40.78,950645
2014-01-17,40.95,41.8,39.03,39.73,7885951
2014-01-20,40.5,41.5,40.0,41.3,2352382
2014-01-21,42.5,42.83,41.5,41.75,4828238
2014-01-22,41.5,42.0,41.2,41.9,1508312
2014-01-23,41.9,42.23,41.45,41.88,1515660
2014-01-24,42.15,42.15,40.55,40.78,1237270
2014-01-27,40.0,40.4,37.6,39.93,1805367
2014-01-28,39.93,40.98,39.38,39.93,1538852
2014-01-29,40.1,40.55,39.13,39.38,1717400
2014-01-30,38.5,39.0,37.55,38.58,3160235
2014-01-31,38.6,39.85,38.55,39.63,1710091
2014-02-03,39.48,39.83,38.5,38.6,791113
2014-02-04,38.25,39.18,37.1,38.33,2597296
2014-02-05,38.45,38.9,37.95,38.38,935621
2014-02-06,38.58,39.05,38.03,38.45,1508967
2014-02-07,38.63,39.13,38.53,39.0,1127825
2014-02-10,38.8,39.5,38.68,39.0,1957755
2014-02-11,39.25,39.33,38.88,39.05,673714
2014-02-12,39.25,39.35,38.68,38.8,688810
2014-02-13,38.9,39.03,37.7,37.98,675501
2014-02-14,38.0,38.05,36.88,37.2,2185142
2014-02-17,37.55,37.55,36.75,37.13,766821
2014-02-18,37.33,37.55,37.0,37.15,3505746
2014-02-19,37.25,37.45,36.85,37.13,723648
2014-02-20,36.88,36.88,36.18,36.3,1034764
2014-02-21,36.5,36.83,36.25,36.73,1163457
2014-02-24,36.65,37.05,36.35,36.88,1281564
2014-02-25,37.48,37.9,36.7,37.6,4046045
2014-02-26,37.75,37.83,37.03,37.55,3854175
2014-02-28,37.9,38.55,37.35,38.4,2488628
2014-03-03,38.05,40.38,38.05,39.83,4867798
2014-03-04,40.0,40.25,39.6,39.83,1918761
2014-03-05,40.1,40.88,39.58,40.33,1759517
2014-03-06,40.33,41.58,40.05,40.43,2576986
2014-03-07,40.85,43.0,40.5,42.13,6285608
2014-03-10,41.78,43.2,41.55,42.95,3574871
2014-03-11,43.23,44.23,42.25,42.4,3941061
2014-03-12,42.13,42.95,41.75,42.65,2109191
2014-03-13,42.68,43.38,41.33,41.7,2029487
2014-03-14,41.2,42.0,40.78,41.75,1097659
2014-03-18,41.9,43.25,41.9,42.98,2879860
2014-03-19,43.25,43.85,42.63,43.1,2113287
2014-03-20,43.08,43.1,41.9,42.05,1020558
2014-03-21,42.2,43.45,42.1,42.98,2470927
2014-03-22,43.4,45.88,43.4,45.53,5672427
2014-03-24,46.5,47.43,45.28,45.7,6817504
2014-03-25,45.48,46.25,45.1,45.75,2843426
2014-03-26,46.0,46.78,45.75,46.05,3528572
2014-03-27,46.33,48.25,46.0,47.03,8944555
2014-03-28,47.5,48.5,47.5,48.18,3958102
2014-03-31,48.5,48.88,46.65,47.88,5147493
2014-04-01,47.88,48.1,46.65,46.9,1871209
2014-04-02,47.38,48.0,46.63,47.85,4920157
2014-04-03,48.2,48.33,46.25,46.93,4578249
2014-04-04,46.9,47.38,46.3,47.2,2000772
2014-04-07,47.25,47.5,46.1,46.53,2310000
2014-04-09,46.68,49.0,46.63,48.75,3645896
2014-04-10,49.0,49.95,48.45,49.13,3438127
2014-04-11,48.4,49.0,47.83,48.68,2606939
2014-04-15,48.53,48.85,46.45,46.68,2248929
2014-04-16,46.95,47.7,45.1,45.43,3194927
2014-04-17,45.7,47.5,45.43,47.2,2544357
2014-04-21,47.4,48.05,46.35,47.9,3434839
2014-04-22,48.0,48.15,46.55,46.7,2545417
2014-04-23,46.7,47.95,46.5,47.35,5229702
2014-04-25,47.15,48.1,46.65,47.05,1771368
2014-04-28,47.05,47.68,46.28,47.38,3614764
2014-04-29,47.68,47.83,45.73,46.13,4276246
2014-04-30,47.25,47.48,43.38,45.23,7653420
2014-05-02,45.68,46.45,45.5,46.2,2113408
2014-05-05,46.18,46.9,46.15,46.45,2107294
2014-05-06,46.65,46.95,46.0,46.15,2815912
2014-05-07,46.2,46.45,45.5,45.73,1118124
2014-05-08,45.73,46.25,45.5,46.0,1273501
2014-05-09,46.0,47.88,45.8,47.65,3156112
2014-05-12,47.8,49.5,47.63,49.05,4338747
2014-05-13,50.03,52.45,49.75,51.35,6748101
2014-05-14,51.55,53.18,51.13,52.1,5173849
2014-05-15,52.2,52.7,50.5,51.18,5242451
2014-05-16,52.43,56.23,52.18,53.7,15519777
2014-05-19,54.5,58.48,54.1,57.48,11496098
2014-05-20,58.5,59.5,57.5,58.18,12694786
2014-05-21,58.95,60.43,57.83,59.58,9038485
2014-05-22,60.43,62.75,59.65,62.3,10804215
2014-05-23,62.48,63.65,60.88,63.2,9193971
2014-05-26,64.1,64.65,57.18,60.28,7017083
2014-05-27,60.5,61.35,57.58,59.08,3266662
2014-05-28,59.58,60.0,58.1,58.38,1900549
2014-05-29,58.0,59.9,57.35,57.95,3215485
2014-05-30,58.5,59.1,57.15,58.15,2543651
2014-06-02,58.95,59.43,58.05,58.9,4583982
2014-06-03,58.95,59.8,57.55,57.93,4404176
2014-06-04,57.93,61.5,57.68,61.15,7858407
2014-06-05,61.98,62.63,59.85,61.03,8202766
2014-06-06,61.85,63.83,60.1,63.35,7738265
2014-06-09,64.38,64.65,62.8,63.75,5613576
2014-06-10,63.75,64.2,61.38,62.78,4386458
2014-06-11,62.83,66.1,61.5,63.15,8878140
2014-06-12,63.5,65.0,61.75,63.2,5071696
2014-06-13,63.6,64.4,60.4,61.4,4159580
2014-06-16,60.85,61.2,57.5,59.55,7146986
2014-06-17,59.25,62.85,58.85,62.55,7225268
2014-06-18,62.85,64.58,61.45,63.23,7879745
2014-06-19,63.75,63.95,60.0,61.38,4799908
2014-06-20,61.0,63.15,60.55,61.6,2908251
2014-06-23,61.8,64.3,61.28,63.4,4536828
2014-06-24,63.75,66.48,63.63,66.13,7954527
2014-06-25,66.3,67.38,65.4,65.85,6292698
2014-06-26,66.2,66.28,64.5,64.68,8672100
2014-06-27,65.28,65.98,64.3,65.58,3203325
2014-06-30,65.75,67.95,65.6,66.85,6649396
2014-07-01,67.33,67.35,65.18,65.65,3727148
2014-07-02,66.48,66.6,65.05,65.4,4955189
2014-07-03,65.75,66.83,65.25,65.73,3820290
2014-07-04,65.4,65.6,63.68,64.53,3995538
2014-07-07,63.9,64.98,63.13,63.33,3760388
2014-07-08,63.5,63.7,58.5,59.28,4763885
2014-07-09,59.45,60.28,56.1,58.05,5049901
2014-07-10,57.5,61.93,56.05,59.38,6189049
2014-07-11,59.3,60.08,56.2,56.68,4068560
2014-07-14,56.13,59.1,55.5,58.5,4258425
2014-07-15,59.63,62.6,58.83,62.0,7203739
2014-07-16,63.38,64.45,61.93,62.55,13057753
2014-07-17,62.9,63.4,61.93,62.23,6059090
2014-07-18,61.85,63.4,60.58,63.05,5724250
2014-07-21,63.5,64.05,62.28,62.73,3922585
2014-07-22,63.3,63.3,61.25,61.83,3144551
2014-07-23,62.5,63.23,61.5,62.23,3752117
2014-07-24,62.08,62.85,61.58,61.88,3043962
2014-07-25,61.25,62.15,58.63,59.18,5962238
2014-07-28,59.2,60.15,59.03,59.8,2342494
2014-07-30,59.85,60.1,57.7,59.85,3753304
2014-07-31,59.38,61.35,59.38,59.98,9153479
2014-08-01,59.0,60.75,58.45,58.93,4242535
2014-08-04,59.4,60.2,59.03,59.78,2901635
2014-08-05,60.08,60.35,59.08,59.78,2595923
2014-08-06,59.2,60.43,59.15,59.7,3517211
2014-08-07,59.75,60.25,58.08,58.45,3532041
2014-08-08,57.9,57.9,56.25,56.48,3662251
2014-08-11,56.98,57.4,56.85,57.0,3338803
2014-08-12,57.1,57.58,56.55,57.4,2085541
2014-08-13,56.88,57.4,55.28,55.93,3445122
2014-08-14,55.78,57.45,55.63,57.28,3001983
2014-08-18,57.0,59.63,56.85,59.45,5973756
2014-08-19,59.83,60.85,59.4,60.15,5587661
2014-08-20,60.25,60.35,58.83,59.03,1946794
2014-08-21,58.95,61.7,58.95,61.3,4977092
2014-08-22,61.65,62.88,60.9,61.3,6321452
2014-08-25,61.73,62.0,58.85,59.28,3257335
2014-08-26,58.7,59.55,58.0,58.83,2825947
2014-08-27,59.0,61.45,59.0,61.08,3184142
2014-08-28,61.48,61.48,60.03,60.38,4497778
2014-09-01,60.75,62.33,60.58,62.2,3485572
2014-09-02,62.5,62.8,61.55,61.75,3325790
2014-09-03,61.63,63.85,61.43,62.9,5472922
2014-09-04,62.58,63.68,61.5,62.73,3741867
2014-09-05,62.38,63.1,61.85,62.35,3812516
2014-09-08,62.65,63.6,62.1,63.28,4770977
2014-09-09,63.43,63.45,62.15,62.45,2378637
2014-09-10,62.2,62.3,61.5,62.0,2189258
2014-09-11,62.25,64.65,62.2,64.05,8348087
2014-09-12,64.38,64.43,63.55,63.75,5102954
2014-09-15,63.33,65.0,62.63,64.03,6295756
2014-09-16,63.95,64.95,59.95,61.1,5265259
2014-09-17,61.33,62.0,59.3,61.33,3875326
2014-09-18,61.25,63.2,60.85,62.68,2569815
2014-09-19,62.83,64.08,62.1,63.15,5214787
2014-09-22,62.18,64.5,62.05,64.18,4108567
2014-09-23,64.2,65.98,62.5,63.03,6355143
2014-09-24,63.03,63.95,62.5,63.33,3268942
2014-09-25,62.9,63.43,60.2,61.08,4985515
2014-09-26,60.85,63.3,60.05,62.85,2820165
2014-09-29,62.38,63.33,61.88,62.73,2198611
2014-09-30,62.15,64.18,61.7,62.93,2842629
2014-10-01,62.63,63.25,61.5,61.85,2374468
2014-10-07,62.25,62.88,60.45,60.8,2299731
2014-10-08,61.0,62.0,60.6,61.18,1725390
2014-10-09,61.6,66.3,61.6,65.95,6881027
2014-10-10,65.25,66.73,63.85,64.2,7246816
2014-10-13,63.55,68.15,63.33,67.85,6061946
2014-10-14,68.6,70.0,67.05,69.53,8865264
2014-10-16,69.45,69.8,65.1,65.75,7768151
2014-10-17,66.0,68.5,64.58,67.93,7874588
2014-10-20,69.7,70.23,68.7,69.33,7879789
2014-10-21,69.73,70.9,68.85,70.25,10112476
2014-10-22,71.25,71.6,69.55,70.83,5189052
2014-10-23,71.03,71.15,70.75,70.88,721412
2014-10-27,71.03,71.4,68.58,69.18,5089494
2014-10-28,69.48,70.13,69.38,69.83,2368881
2014-10-29,70.05,70.48,69.28,69.53,2325538
2014-10-30,69.48,70.13,68.5,69.8,4674244
2014-10-31,70.0,71.4,69.65,71.03,4198673
2014-11-03,72.48,72.75,71.4,72.08,3673098
2014-11-05,72.15,73.5,71.98,73.0,3737606
2014-11-07,73.8,73.8,71.7,72.38,3724895
2014-11-10,72.5,72.95,71.1,72.68,2508933
2014-11-11,72.6,73.6,71.4,73.25,2452956
2014-11-12,73.5,73.68,72.25,72.65,2032992
2014-11-13,73.18,73.35,69.75,71.05,2044584
2014-11-14,70.9,72.6,69.53,69.8,5132511
2014-11-17,71.25,72.25,70.23,72.0,3447115
2014-11-18,71.63,72.35,71.05,71.83,2537032
2014-11-19,72.05,72.9,71.25,71.45,3047066
2014-11-20,71.1,71.8,70.35,71.15,2025676
2014-11-21,71.93,74.75,71.55,73.8,5874385
2014-11-24,74.0,74.73,72.8,73.05,2635759
2014-11-25,73.45,73.88,70.0,72.05,9449072
2014-11-26,72.0,72.63,71.13,71.75,2210692
2014-11-27,71.5,74.35,71.25,73.95,3471564
2014-11-28,74.63,76.48,74.3,75.9,4884438
2014-12-01,75.75,76.1,73.6,73.85,3259482
2014-12-02,73.5,74.23,72.1,73.28,4422289
2014-12-03,73.6,75.8,73.55,74.93,3851558
2014-12-04,75.03,75.35,73.2,73.65,2726687
2014-12-05,73.73,74.85,72.68,72.98,2295321
2014-12-08,72.95,73.33,70.23,70.65,2551587
2014-12-09,70.7,71.33,68.88,69.13,2627676
2014-12-10,68.5,70.88,68.1,70.38,3594633
2014-12-11,70.4,71.83,69.1,71.2,3229700
2014-12-12,71.95,72.25,70.8,71.1,2407876
2014-12-15,70.28,70.95,69.3,70.13,2345756
2014-12-16,69.1,70.53,66.45,66.95,3490845
2014-12-17,66.3,70.9,65.65,69.38,5012863
2014-12-18,71.0,71.65,70.1,70.83,2575161
2014-12-19,72.0,74.2,71.3,72.9,4891772
2014-12-22,72.85,73.33,71.6,72.95,1544132
2014-12-23,73.15,74.1,71.85,73.3,2410865
2014-12-24,73.4,74.25,72.75,73.85,3285550
2014-12-26,73.9,74.5,73.28,73.93,1582062
2014-12-29,74.35,75.6,73.5,74.73,2038375
2014-12-30,75.0,75.43,74.18,75.08,1123925
2014-12-31,75.35,75.98,74.65,75.85,1186871
2015-01-01,75.75,75.95,74.8,75.05,1667784
2015-01-02,75.05,75.9,74.2,74.5,2335979
2015-01-05,74.93,75.05,73.68,73.9,2007987
2015-01-06,73.15,74.43,72.55,72.85,2566818
2015-01-07,73.0,74.08,72.38,73.08,2317560
2015-01-08,74.25,74.75,73.58,74.25,5353985
2015-01-09,74.88,75.23,74.03,74.63,3564472
2015-01-12,74.55,75.4,74.03,74.93,2877436
2015-01-13,75.08,75.4,73.28,74.18,2613131
2015-01-14,74.25,75.0,73.25,74.08,2649863
2015-01-15,76.5,76.9,71.63,72.33,9391739
2015-01-16,72.93,73.03,71.53,72.38,4401108
2015-01-19,72.6,73.7,72.43,73.48,4976025
2015-01-20,74.0,74.08,72.25,72.43,5331871
2015-01-21,72.95,73.2,71.3,72.2,6146311
2015-01-22,72.55,72.95,71.6,71.93,3685300
2015-01-23,72.9,72.95,71.65,71.95,3343453
2015-01-27,72.0,72.9,72.0,72.6,3337302
2015-01-28,72.5,73.78,72.43,72.55,4587179
2015-01-29,72.45,73.23,71.65,72.13,5180848
2015-01-30,72.5,72.65,70.48,70.93,3270309
2015-02-02,70.95,72.75,69.75,72.4,2131998
2015-02-03,72.9,73.05,71.45,71.55,2626080
2015-02-04,71.75,71.93,69.93,70.05,2440180
2015-02-05,69.95,69.98,66.55,68.53,5442416
2015-02-06,68.9,70.4,68.43,69.83,3908331
2015-02-09,69.0,71.2,69.0,70.35,3028501
2015-02-10,69.95,71.4,67.13,68.85,2736325
2015-02-11,69.18,70.28,68.0,69.88,1841918
2015-02-12,69.98,70.6,69.05,70.35,1602641
2015-02-13,70.58,70.75,69.35,69.98,1808061
2015-02-16,70.0,70.5,69.25,69.5,2337595
2015-02-18,69.5,69.98,68.1,68.35,2755313
2015-02-19,68.6,69.25,67.53,68.35,1953416
2015-02-20,68.5,70.25,68.08,69.43,1933524
2015-02-23,71.0,72.68,71.0,71.43,4167754
2015-02-24,71.75,71.95,70.5,70.93,2404621
2015-02-25,71.2,71.55,69.7,70.2,1940040
2015-02-26,70.3,70.4,69.1,69.48,4359562
2015-02-27,69.08,71.35,69.08,71.1,1955757
2015-02-28,71.98,71.98,69.55,71.35,1469284
2015-03-02,72.5,75.7,71.9,75.08,5911139
2015-03-03,75.7,75.95,74.3,75.45,2651404
2015-03-04,76.75,77.2,72.38,73.03,3110651
2015-03-05,73.5,73.75,72.28,73.35,1389706
2015-03-09,72.25,72.7,71.0,71.5,1476136
2015-03-10,71.5,71.88,68.23,69.38,3485052
2015-03-11,69.45,69.78,68.55,69.23,2137810
2015-03-12,69.35,70.3,69.23,69.8,1256910
2015-03-13,70.25,70.4,67.68,68.0,3098357
2015-03-16,68.25,68.7,67.7,68.3,1691332
2015-03-17,68.75,70.75,68.75,70.35,1507583
2015-03-18,70.6,70.7,69.5,70.38,11777024
2015-03-19,71.0,71.3,69.0,69.68,1126902
2015-03-20,69.25,70.2,68.55,68.75,1414840
2015-03-23,69.2,69.23,67.3,67.8,799854
2015-03-24,67.8,68.48,65.68,66.25,1865574
2015-03-25,66.45,68.5,66.33,68.18,1368985
2015-03-26,67.75,68.45,66.25,66.65,2971058
2015-03-27,66.9,67.0,63.65,65.78,3367713
2015-03-30,66.7,67.0,65.15,65.98,1559402
2015-03-31,66.45,66.98,64.9,66.03,1888972
2015-04-01,66.15,66.93,65.4,66.6,1256109
2015-04-06,66.65,66.95,64.55,65.1,2286783
2015-04-07,65.6,66.5,64.5,65.25,3959401
2015-04-08,65.5,65.53,64.05,65.25,3690812
2015-04-09,65.4,66.25,64.68,65.13,5731799
2015-04-10,65.23,65.45,64.15,64.35,3247599
2015-04-13,64.68,65.0,64.4,64.65,3106526
2015-04-15,65.03,67.43,65.0,66.28,4066387
2015-04-16,66.45,66.5,65.0,65.55,1651628
2015-04-17,65.73,66.38,65.28,65.83,1677997
2015-04-20,65.8,66.2,63.4,64.0,1740593
2015-04-21,63.85,64.45,63.5,63.98,1552132
2015-04-22,64.0,64.45,62.75,63.95,3062472
2015-04-23,64.28,64.93,64.08,64.53,1145792
2015-04-24,64.48,64.53,62.7,63.15,2277920
2015-04-27,63.2,63.35,60.83,61.3,3253654
2015-04-28,60.73,64.25,60.55,63.6,4304615
2015-04-29,64.0,66.23,62.95,65.38,4520963
2015-04-30,65.65,66.45,65.13,65.7,5293211
2015-05-04,65.95,68.6,65.95,68.25,1478126
2015-05-05,67.9,68.3,66.5,67.35,2409274
2015-05-06,67.4,67.88,63.6,64.15,2383457
2015-05-07,64.35,64.5,62.25,62.93,1633717
2015-05-08,63.55,66.63,62.6,65.65,2004725
2015-05-11,67.63,68.4,66.18,67.53,4200965
2015-05-12,67.98,68.18,64.9,65.13,2628992
2015-05-13,65.95,66.6,65.13,65.95,2891579
2015-05-14,65.88,69.3,65.13,68.43,2277567
2015-05-15,68.73,69.75,68.03,69.4,3028393
2015-05-18,71.0,71.08,68.1,68.38,3225349
2015-05-19,69.15,70.7,68.5,69.2,5079341
2015-05-20,69.75,70.98,69.38,70.48,2550391
2015-05-21,70.75,72.0,69.55,71.25,3785505
2015-05-22,71.23,71.9,70.0,70.23,2650951
2015-05-25,70.25,71.1,69.13,70.53,2087630
2015-05-26,70.68,71.65,70.05,70.75,2185083
2015-05-27,70.48,72.95,70.2,72.23,2557624
2015-05-28,71.9,72.65,70.78,71.43,2895852
2015-05-29,71.48,71.93,71.0,71.45,2089174
2015-06-01,71.75,71.95,70.8,71.43,1402278
2015-06-02,71.58,71.7,69.05,69.45,991340
2015-06-03,69.0,69.95,67.88,68.95,1188359
2015-06-04,69.1,69.43,67.3,67.9,1084392
2015-06-05,67.2,68.15,67.2,67.68,1533395
2015-06-08,68.0,68.0,65.75,66.38,947171
2015-06-09,66.3,68.33,66.1,67.98,1190350
2015-06-10,68.0,68.5,67.25,68.18,1622890
2015-06-11,68.38,68.55,65.7,65.98,1423850
2015-06-12,65.9,66.6,65.05,65.88,1092054
2015-06-15,66.0,67.35,65.5,66.2,1249483
2015-06-16,65.88,68.13,65.43,67.6,1167340
2015-06-17,68.0,71.0,67.4,70.45,3170368
2015-06-18,70.83,71.0,69.25,70.3,2179745
2015-06-19,70.75,71.13,70.1,70.8,773067
2015-06-22,70.88,72.58,70.88,71.8,2640858
2015-06-23,72.2,72.25,69.53,71.18,2342420
2015-06-24,71.0,72.03,70.1,70.73,3062417
2015-06-25,70.5,75.85,70.5,74.75,13414141
2015-06-26,74.65,75.0,73.25,73.73,5477012
2015-06-29,71.0,73.93,70.45,73.6,2182434
2015-06-30,74.28,74.9,72.28,73.9,4531316
2015-07-01,74.3,75.45,74.0,75.03,2270678
2015-07-02,75.3,77.45,75.08,77.03,4403486
2015-07-03,77.78,79.8,76.93,77.28,6099398
2015-07-06,76.9,78.25,75.63,77.95,3487099
2015-07-07,78.43,78.75,76.3,76.9,3842950
2015-07-08,76.0,77.45,73.65,75.4,5425635
2015-07-09,75.4,76.7,74.35,76.1,2861199
2015-07-10,76.7,77.0,75.35,76.05,5002762
2015-07-13,76.9,78.9,76.25,78.4,3432781
2015-07-14,78.95,79.4,77.4,77.95,4933977
2015-07-15,79.0,79.0,76.15,77.6,8508969
2015-07-16,77.95,77.95,76.35,76.65,5442501
2015-07-17,77.2,77.25,75.6,75.8,4731519
2015-07-20,71.0,71.8,68.35,70.7,24382986
2015-07-21,70.9,71.55,69.3,69.65,5816339
2015-07-22,69.7,70.85,69.25,70.45,3516173
2015-07-23,70.9,71.1,69.65,69.9,3050129
2015-07-24,69.9,70.6,69.0,69.7,2151321
2015-07-27,69.4,69.75,68.0,68.25,2882297
2015-07-28,68.65,69.15,67.85,68.6,2427682
2015-07-29,68.95,69.4,68.0,68.5,2401468
2015-07-30,69.0,69.35,66.85,68.4,7828277
2015-07-31,69.0,69.3,67.4,67.75,5990656
2015-08-03,68.0,68.5,67.45,67.7,3195702
2015-08-04,68.0,68.2,66.95,67.5,3416234
2015-08-05,68.0,69.7,67.1,68.45,5066300
2015-08-06,68.0,68.4,67.35,67.6,2075573
2015-08-07,67.7,68.5,67.45,67.95,2616362
2015-08-10,68.3,68.3,67.0,67.2,1992261
2015-08-11,67.55,68.8,66.95,67.4,5064324
2015-08-12,67.2,67.65,65.0,65.15,3081344
2015-08-13,65.45,66.6,64.05,64.6,1916647
2015-08-14,65.0,67.4,64.65,67.2,1667262
2015-08-17,67.45,68.3,66.05,67.7,2667689
2015-08-18,67.95,68.15,67.1,67.45,1609578
2015-08-19,67.0,67.85,66.6,67.3,1715534
2015-08-20,67.0,67.8,66.15,66.7,1870466
2015-08-21,65.9,68.0,65.6,67.0,2940958
2015-08-24,65.0,65.5,60.4,60.95,8411376
2015-08-25,62.95,62.95,59.4,62.5,14581446
2015-08-26,62.35,62.35,59.75,60.75,13111336
2015-08-27,61.9,62.15,61.0,61.7,11357135
2015-08-28,62.9,63.3,61.5,62.45,4274159
2015-08-31,62.25,62.7,60.95,61.4,2935319
2015-09-01,61.0,61.0,58.9,59.25,2855491
2015-09-02,59.8,60.7,58.5,59.2,3040034
2015-09-03,59.9,60.0,59.0,59.35,3936087
2015-09-04,59.2,59.35,56.3,57.7,3045581
2015-09-07,58.3,58.65,56.8,57.2,3362359
2015-09-08,57.5,59.0,57.0,58.2,1845137
2015-09-09,59.0,59.9,58.35,59.7,2686344
2015-09-10,58.8,60.35,58.1,59.65,1831187
2015-09-11,60.2,61.85,59.75,60.4,2466486
2015-09-14,60.7,61.3,60.05,61.05,1373305
2015-09-15,61.5,61.85,59.75,60.0,1887838
2015-09-16,61.0,61.1,59.75,60.4,1574698
2015-09-18,61.2,63.8,61.0,63.2,5153098
2015-09-21,63.2,65.7,62.6,65.4,2875599
2015-09-22,65.9,66.35,63.5,63.6,2755245
2015-09-23,62.5,64.55,62.3,64.0,2658470
2015-09-24,63.9,65.0,63.55,64.45,3939405
2015-09-28,64.7,65.05,64.0,64.15,1313421
2015-09-29,63.65,65.3,63.15,64.55,3566781
2015-09-30,64.75,65.15,63.45,63.95,2745279
2015-10-01,64.5,66.65,64.05,65.35,2561003
2015-10-05,65.5,65.7,64.25,65.05,1624197
2015-10-06,65.25,65.85,64.3,65.15,3318851
2015-10-07,65.5,65.7,64.95,65.05,1655845
2015-10-08,65.15,65.6,64.2,64.5,2033204
2015-10-09,65.1,65.5,63.9,64.3,2305248
2015-10-12,64.5,67.0,64.0,66.3,2446966
2015-10-13,66.7,67.25,64.5,64.65,2800644
2015-10-14,64.8,65.5,64.2,64.4,2633653
2015-10-15,65.0,65.25,64.2,64.35,2084251
2015-10-16,64.55,65.0,64.2,64.55,2137860
2015-10-19,64.85,65.25,64.45,64.9,2662217
2015-10-20,66.0,67.0,64.6,65.45,4819815
2015-10-21,60.5,61.0,55.75,57.45,39584654
2015-10-23,58.5,58.95,56.75,57.05,12731250
2015-10-26,57.35,57.7,56.6,57.1,9868234
2015-10-27,57.2,57.45,56.4,56.55,4416595
2015-10-28,56.55,57.2,55.95,56.25,4132058
2015-10-29,56.35,56.75,54.9,55.15,5664819
2015-10-30,55.3,55.55,53.9,54.25,4935810
2015-11-02,54.6,55.3,52.15,54.75,3402929
2015-11-03,55.1,55.55,54.6,55.2,3626793
2015-11-04,55.9,55.9,55.0,55.2,2245920
2015-11-05,55.2,55.3,54.05,54.7,4610133
2015-11-06,54.9,55.95,54.3,54.6,3792178
2015-11-09,52.65,54.45,52.65,54.15,2633776
2015-11-10,54.0,54.85,53.45,53.65,1481266
2015-11-11,54.9,54.9,53.7,54.05,403345
2015-11-13,54.45,54.45,53.25,53.7,1228170
2015-11-16,53.7,56.9,53.55,56.75,4704868
2015-11-17,57.0,57.1,55.8,56.8,2648501
2015-11-18,56.85,57.6,55.0,55.55,3402737
2015-11-19,55.95,57.3,55.65,56.95,3439842
2015-11-20,57.2,57.2,56.1,56.4,2605502
2015-11-23,56.6,57.45,56.55,56.95,2377119
2015-11-24,56.95,57.1,56.4,56.9,1697499
2015-11-26,57.0,57.3,56.55,56.75,3272873
2015-11-27,58.0,59.4,56.9,58.75,6687403
2015-11-30,58.75,59.4,58.25,58.7,2845235
2015-12-01,58.9,59.2,58.4,58.9,1789274
2015-12-02,59.05,59.05,57.2,57.35,2448900
2015-12-03,57.2,57.9,57.0,57.0,3058001
2015-12-04,56.9,57.4,56.6,56.8,2091696
2015-12-07,57.1,57.75,56.95,57.55,1383865
2015-12-08,57.0,57.9,57.0,57.5,1355597
2015-12-09,57.35,57.9,54.85,55.0,2965072
2015-12-10,55.35,56.0,54.55,55.45,1369492
2015-12-11,55.5,56.95,54.0,54.4,2795464
2015-12-14,54.3,54.9,52.55,53.35,4496694
2015-12-15,53.75,54.0,52.9,53.75,3134948
2015-12-16,53.9,54.7,53.25,54.3,4215758
2015-12-17,54.9,56.0,54.7,55.15,7372321
2015-12-18,55.35,55.85,54.15,55.1,1813238
2015-12-21,55.1,56.5,54.9,56.3,1855261
2015-12-22,56.6,56.75,55.7,56.1,3630361
2015-12-23,56.45,57.1,56.3,56.45,2279949
2015-12-24,57.0,57.1,56.0,56.2,1032581
2015-12-28,56.2,57.1,56.05,56.75,3247911
2015-12-29,57.1,57.25,56.3,56.85,2580063
2015-12-30,56.8,57.15,56.15,56.4,1331057
2015-12-31,56.55,56.85,55.7,56.0,3677199
2016-01-01,56.25,57.15,55.8,56.95,1233722
2016-01-04,56.55,56.85,55.4,55.8,2143302
2016-01-05,55.9,56.35,55.55,55.75,2303821
2016-01-06,55.9,55.9,54.5,54.85,2476342
2016-01-07,54.4,54.6,52.2,52.5,4639507
2016-01-08,52.95,53.7,52.5,52.6,2035620
2016-01-11,52.75,53.0,51.25,52.3,2749591
2016-01-12,52.0,52.5,47.4,48.25,28531477
2016-01-13,48.4,51.1,47.8,49.75,21241380
2016-01-14,49.05,49.4,47.5,48.05,8931612
2016-01-15,48.7,48.7,47.55,47.95,8986344
2016-01-18,48.1,48.9,46.85,48.0,3757705
2016-01-19,48.25,49.15,48.0,48.55,4438820
2016-01-20,48.1,48.2,46.9,47.7,4079725
2016-01-21,48.4,48.9,46.95,47.45,4948719
2016-01-22,48.45,49.25,47.5,48.6,4028533
2016-01-25,48.9,49.2,47.0,47.15,2075043
2016-01-27,47.2,48.15,46.5,47.45,4197105
2016-01-28,47.4,47.45,46.15,46.5,5892246
2016-01-29,46.2,46.5,45.7,46.15,5891062
2016-02-01,46.7,47.15,45.75,46.9,2027299
2016-02-02,47.4,47.9,46.1,46.55,4096702
2016-02-03,45.9,46.5,44.8,46.05,2166176
2016-02-04,46.4,46.9,44.9,45.1,2722342
2016-02-05,45.15,46.15,45.0,45.8,2806592
2016-02-08,45.85,47.2,45.3,46.1,2420195
2016-02-09,45.9,45.95,44.4,44.6,2822916
2016-02-10,44.45,46.2,44.0,45.2,2963656
2016-02-11,46.5,46.5,43.25,43.55,6056864
2016-02-12,44.0,44.2,41.35,43.05,3597260
2016-02-15,43.5,45.15,43.1,44.3,2136143
2016-02-16,44.9,46.5,44.35,44.6,2985136
2016-02-17,44.85,46.15,42.8,45.75,2492173
2016-02-18,46.1,47.4,45.8,46.95,3528635
2016-02-19,46.8,48.95,46.6,48.3,5172375
2016-02-22,48.4,49.7,48.25,49.35,1898264
2016-02-23,49.35,49.6,47.75,48.2,3195022
2016-02-24,47.9,47.9,46.1,46.35,3430802
2016-02-25,45.95,46.7,44.75,44.9,4945135
2016-02-26,45.35,46.5,44.0,46.05,3651343
2016-02-29,46.85,47.45,44.25,46.25,3824197
2016-03-01,46.75,48.4,46.35,47.5,2715275
2016-03-02,48.2,50.5,47.75,50.1,2730399
2016-03-03,50.7,50.8,49.05,49.5,1562330
2016-03-04,49.75,52.0,48.75,49.9,6860819
2016-03-08,48.55,50.4,48.55,49.55,2145473
2016-03-09,49.15,49.95,48.5,48.85,4519962
2016-03-10,49.0,49.75,48.25,48.95,2007937
2016-03-11,48.4,49.55,48.2,48.5,1929945
2016-03-14,48.45,49.5,47.85,48.2,3410898
2016-03-15,48.35,48.7,47.4,47.65,4198150
2016-03-16,47.65,48.8,47.05,48.3,2434331
2016-03-17,48.7,51.7,48.6,50.1,7256399
2016-03-18,50.3,50.55,49.35,49.9,3063405
2016-03-21,50.0,50.7,49.8,50.5,1805886
2016-03-22,50.7,50.85,49.6,49.9,1591315
2016-03-23,50.0,50.35,49.5,49.6,3223033
2016-03-28,49.7,50.25,47.2,47.5,3376155
2016-03-29,47.45,48.55,46.55,46.95,4603252
2016-03-30,47.1,47.95,45.9,46.7,6294066
2016-03-31,47.05,47.3,45.75,46.45,34227524
2016-04-01,46.25,46.95,45.8,46.75,5933236
2016-04-04,47.2,47.35,44.65,44.85,9979240
2016-04-05,44.95,45.5,43.4,43.65,9058621
2016-04-06,44.0,44.45,43.55,43.95,3895840
2016-04-07,44.4,44.4,42.6,42.75,4453874
2016-04-08,42.8,43.35,42.4,43.15,3675193
2016-04-11,43.5,43.8,43.1,43.55,2366043
2016-04-12,43.5,44.45,43.5,44.05,5389314
2016-04-13,44.55,45.15,44.25,44.75,3124349
2016-04-18,44.75,45.5,44.3,45.25,3812853
2016-04-20,45.4,45.5,43.4,43.9,10468894
2016-04-21,44.4,46.65,44.35,46.05,14429884
2016-04-22,46.1,48.05,45.65,47.4,9329005
2016-04-25,47.5,48.7,46.8,48.15,7096494
2016-04-26,48.25,49.35,47.45,48.4,8525220
2016-04-27,48.4,49.0,47.9,48.0,6090050
2016-04-28,48.2,48.5,46.2,46.4,15181075
2016-04-29,46.65,47.1,44.5,45.85,9018425
2016-05-02,44.0,47.65,43.65,46.45,18350641
2016-05-03,46.15,47.5,46.15,46.9,12082250
2016-05-04,47.0,50.15,46.9,48.85,23356690
2016-05-05,49.6,50.15,48.4,48.95,10460056
2016-05-06,48.95,49.05,47.65,48.2,5286492
2016-05-09,48.6,49.55,48.15,49.3,6810621
2016-05-10,49.45,50.15,48.55,49.15,11669842
2016-05-11,48.3,49.4,48.0,48.6,6072529
2016-05-12,49.15,49.15,48.45,48.85,3849916
2016-05-13,48.5,51.2,48.5,49.95,16833926
2016-05-16,49.5,51.2,49.0,50.85,7695351
2016-05-17,51.45,51.45,50.1,50.55,5958804
2016-05-18,50.3,50.85,50.0,50.4,6090880
2016-05-19,50.35,50.85,49.45,49.65,4507542
2016-05-20,49.85,51.35,49.35,50.6,11110008
2016-05-23,50.4,51.2,49.25,49.55,7252042
2016-05-24,49.6,50.2,49.25,49.45,4739574
2016-05-25,49.95,51.0,49.8,50.7,4942604
2016-05-26,51.0,53.5,50.95,52.75,20589614
2016-05-27,53.1,53.7,52.1,52.55,8218025
2016-05-30,53.0,53.3,52.2,52.4,3282617
2016-05-31,52.5,52.75,51.15,52.35,5768693
2016-06-01,52.35,52.5,50.75,50.95,4018086
2016-06-02,50.85,51.7,49.9,51.5,5210921
2016-06-03,51.75,51.85,50.7,51.0,2192138
2016-06-06,52.0,54.1,51.5,53.6,11489645
2016-06-07,54.45,57.5,53.4,56.65,24460189
2016-06-08,56.65,58.7,55.9,57.95,16620703
2016-06-09,57.8,59.0,56.7,58.35,12163890
2016-06-10,57.8,59.3,56.35,58.45,9726689
2016-06-13,58.15,58.15,55.6,56.8,7144813
2016-06-14,57.35,58.7,57.2,58.45,4646199
2016-06-15,59.1,60.6,58.75,59.1,7112114
2016-06-16,58.85,58.85,57.35,57.7,6544541
2016-06-17,58.35,58.75,57.25,57.75,4577292
2016-06-20,57.0,57.75,53.65,57.0,5559439
2016-06-21,56.6,57.5,56.45,56.7,3758573
2016-06-22,56.7,57.3,55.25,55.65,3919754
2016-06-23,55.8,56.35,54.9,56.0,7986038
2016-06-24,53.9,55.4,52.0,55.05,9695858
2016-06-27,54.8,56.5,54.5,55.95,4062769
2016-06-28,55.9,56.55,55.65,56.0,3237130
2016-06-29,56.3,56.75,56.05,56.25,4121431
2016-06-30,56.8,58.35,56.35,57.6,28708743
2016-07-01,58.4,60.35,58.0,59.0,9742487
2016-07-04,59.5,61.45,59.5,60.8,9120864
2016-07-05,60.95,61.35,59.8,60.0,4307465
2016-07-07,60.25,61.0,59.65,60.0,5258720
2016-07-08,59.8,61.6,59.0,60.95,6129624
2016-07-11,61.6,62.6,61.05,61.4,7775645
2016-07-12,62.5,63.25,62.0,62.4,9637177
2016-07-13,62.5,62.8,60.6,61.1,5933172
2016-07-14,61.05,63.2,60.75,62.7,7262056
2016-07-15,63.0,63.5,61.35,61.55,5771403
2016-07-18,61.65,62.3,59.0,59.75,15521853
2016-07-19,59.7,60.95,58.4,60.25,8169024
2016-07-20,60.05,62.9,59.5,62.7,7813627
2016-07-21,62.8,62.85,60.45,60.95,6640806
2016-07-22,61.2,64.25,60.3,63.85,22924361
2016-07-25,64.9,66.4,63.5,66.1,21420811
2016-07-26,66.5,67.3,64.0,64.5,10029597
2016-07-27,64.8,65.8,64.4,65.0,5942048
2016-07-28,65.25,65.9,64.5,64.8,7999757
2016-07-29,64.4,65.7,64.1,64.65,4607290
2016-08-01,64.85,65.4,63.35,65.0,5802961
2016-08-02,65.2,65.5,63.0,63.35,10020546
2016-08-03,63.5,63.75,61.65,61.9,6635181
2016-08-04,62.5,63.25,61.4,62.75,6881864
2016-08-05,63.5,64.6,62.9,64.15,9250859
2016-08-08,64.4,64.6,63.25,63.55,2776798
2016-08-09,63.65,64.3,62.95,63.95,4180054
2016-08-10,64.2,64.25,62.4,62.7,3839950
2016-08-11,62.7,63.25,62.1,63.05,5117810
2016-08-12,63.1,64.7,62.7,63.6,6347431
2016-08-16,63.95,65.25,62.9,64.95,6299094
2016-08-17,64.95,65.45,63.7,64.25,6168234
2016-08-18,64.5,65.2,64.4,64.95,4980747
2016-08-19,65.5,66.85,64.65,66.5,8033269
2016-08-22,67.0,67.45,65.7,66.5,7304279
2016-08-23,66.35,67.45,66.1,66.95,5160447
2016-08-24,67.2,67.9,66.75,67.75,4920304
2016-08-25,67.8,68.25,66.4,66.8,6674726
2016-08-26,66.85,67.2,65.55,66.55,3980860
2016-08-29,66.7,67.4,66.0,67.05,3045376
2016-08-30,67.4,68.0,67.1,67.8,3209370
2016-08-31,68.45,70.0,67.95,68.75,13307890
2016-09-01,68.75,70.65,68.55,69.65,9047870
2016-09-02,69.75,70.45,69.2,70.1,3622856
2016-09-06,70.3,72.2,70.3,71.8,8454682
2016-09-07,72.25,76.3,72.0,74.4,26037892
2016-09-08,74.45,74.6,72.8,73.8,7022254
2016-09-09,73.7,74.05,72.6,73.45,5164459
2016-09-12,70.5,72.3,70.25,70.9,5177860
2016-09-14,71.0,73.1,71.0,72.4,11568286
2016-09-15,72.75,72.9,70.2,71.55,7865539
2016-09-16,72.0,73.55,71.9,72.45,11056353
2016-09-19,72.65,74.45,72.2,74.05,5894406
2016-09-20,74.1,74.15,71.5,71.9,6794459
2016-09-21,72.35,72.45,70.7,71.0,6666568
2016-09-22,71.9,73.95,71.65,73.2,24121594
2016-09-23,73.75,73.85,72.4,72.9,6961736
2016-09-26,72.35,74.2,72.2,72.95,6201472
2016-09-27,73.3,73.65,72.3,72.4,5441100
2016-09-28,72.45,75.85,72.4,75.55,29019523
2016-09-29,76.6,76.65,68.15,70.3,18495629
2016-09-30,70.2,72.6,69.55,72.0,6218299
2016-10-03,73.0,74.7,72.45,74.3,4341550
2016-10-04,74.9,75.8,73.95,75.4,7429132
2016-10-05,75.6,75.95,73.95,74.3,6759451
2016-10-06,74.35,74.7,72.5,73.05,4579197
2016-10-07,73.35,73.6,72.65,73.2,3069265
2016-10-10,73.3,73.6,72.5,73.0,2972760
2016-10-13,72.65,72.8,69.25,70.55,5978148
2016-10-14,70.75,71.2,69.9,70.95,6368612
2016-10-17,71.3,71.7,69.65,70.1,5675890
2016-10-18,70.2,72.35,70.2,71.9,3867227
2016-10-19,72.2,72.2,70.4,70.6,4782306
2016-10-20,71.95,73.75,70.8,73.25,6750740
2016-10-21,73.0,73.5,71.55,73.15,3738067
2016-10-24,73.8,75.4,72.7,75.0,6862511
2016-10-25,75.0,81.8,74.1,81.2,31819592
2016-10-26,81.05,85.95,79.85,82.0,32173604
2016-10-27,81.75,82.3,80.15,81.55,10643052
2016-10-28,81.3,83.3,80.75,81.95,6723102
2016-10-30,82.55,82.75,82.1,82.3,914865
2016-11-01,82.6,83.2,80.8,81.9,11624949
2016-11-02,80.0,80.75,78.7,79.45,5538960
2016-11-03,79.15,80.3,76.65,76.85,10153031
2016-11-04,77.45,78.4,75.05,76.6,6653592
2016-11-07,78.25,78.3,77.0,77.25,7582760
2016-11-08,77.9,78.15,76.75,77.1,12990195
2016-11-09,70.0,76.8,69.4,76.2,19145196
2016-11-10,77.4,82.0,77.4,80.3,26573364
2016-11-11,81.0,83.1,76.75,77.3,24565702
2016-11-15,77.7,78.5,70.6,73.8,16479006
2016-11-16,75.75,76.25,71.75,72.35,12966546
2016-11-17,73.0,74.25,72.15,73.05,11953021
2016-11-18,73.8,74.0,70.8,71.1,11193629
2016-11-21,71.85,71.85,65.6,66.95,17945593
2016-11-22,68.45,69.9,66.55,69.65,13321421
2016-11-23,70.1,70.7,68.65,69.6,7841378
2016-11-24,69.0,69.15,67.55,67.9,10846663
2016-11-25,68.5,71.45,68.0,70.65,9039700
2016-11-28,68.85,70.5,68.55,69.95,8137813
2016-11-29,70.45,71.0,69.35,69.55,5027929
2016-11-30,70.0,71.3,69.6,70.8,8407205
2016-12-01,70.7,71.1,69.1,69.35,4137485
2016-12-02,68.0,69.2,67.5,68.2,7125822
2016-12-05,68.3,68.8,67.7,68.2,4307805
2016-12-06,68.55,70.0,67.55,69.85,10265103
2016-12-07,70.0,72.45,68.5,69.2,22578274
2016-12-08,69.6,70.6,69.5,70.3,4566615
2016-12-09,71.2,71.65,70.0,71.2,6304513
2016-12-12,71.7,71.75,69.9,70.55,5402939
2016-12-13,70.05,71.45,69.55,70.95,4723635
2016-12-14,71.3,71.3,69.45,69.65,5276252
2016-12-15,68.5,70.7,68.5,69.45,5290219
2016-12-16,69.7,69.95,68.4,68.6,3990349
2016-12-19,68.45,68.45,67.65,68.0,3926934
2016-12-20,68.0,68.45,67.5,67.8,4616338
2016-12-21,68.0,68.4,66.75,67.0,3179052
2016-12-22,66.8,66.95,65.55,65.8,2898256
2016-12-23,66.0,66.45,64.2,65.0,7838087
2016-12-26,65.45,65.5,61.8,62.4,5115520
2016-12-27,62.85,64.85,62.6,64.3,5719244
2016-12-28,64.55,66.1,63.8,65.3,5619455
2016-12-29,65.65,66.85,64.6,66.25,12506202
2016-12-30,66.5,67.65,66.15,66.85,2818522
2017-01-02,67.1,67.55,65.7,66.05,6869503
2017-01-03,66.5,66.8,65.7,66.15,3323564
2017-01-04,66.35,66.9,65.5,65.75,3698802
2017-01-05,66.1,68.0,65.95,67.5,10842222
2017-01-06,67.75,68.5,66.95,67.2,4708592
2017-01-09,67.85,68.5,67.15,68.35,2886785
2017-01-10,68.85,70.0,68.4,69.9,6108650
2017-01-11,70.5,73.7,70.1,72.55,16348712
2017-01-12,72.8,73.75,71.8,72.35,6726583
2017-01-13,72.9,73.45,71.2,72.55,6595497
2017-01-16,72.95,75.15,72.5,74.7,8724396
2017-01-17,75.0,76.1,74.65,75.55,9160548
2017-01-18,75.6,77.0,75.55,76.8,8962794
2017-01-19,77.25,78.0,74.3,77.1,28956770
2017-01-20,77.0,79.7,76.75,78.05,22158057
2017-01-23,78.25,79.1,77.45,78.0,9675460
2017-01-24,78.25,80.0,77.9,78.55,10442500
2017-01-25,79.7,79.7,77.95,78.8,12644279
2017-01-27,79.15,79.8,78.2,78.6,8489960
2017-01-30,78.5,78.75,77.25,77.45,4483892
2017-01-31,77.5,77.6,75.45,76.05,5736347
2017-02-01,76.5,80.0,76.3,79.35,12935817
2017-02-02,79.6,84.5,78.8,83.9,19430128
2017-02-03,85.45,85.9,84.0,84.55,14665583
2017-02-06,85.5,85.5,83.15,84.0,9154207
2017-02-07,84.45,84.45,82.4,83.05,5880732
2017-02-08,83.2,84.0,81.8,83.4,8267416
2017-02-09,84.0,85.6,83.0,83.9,17910784
2017-02-10,84.4,84.9,83.55,84.45,13089790
2017-02-13,84.85,85.0,82.75,83.95,5544027
2017-02-14,84.0,84.0,82.8,83.15,3252373
2017-02-15,83.45,83.55,79.85,81.05,6613357
2017-02-16,80.95,83.4,80.4,82.6,5367104
2017-02-17,83.0,85.1,83.0,83.4,12809121
2017-02-20,83.75,86.5,82.65,85.95,20619578
2017-02-21,85.85,87.25,85.5,86.1,12978855
2017-02-22,86.0,86.25,83.55,84.3,7316238
2017-02-23,84.9,85.35,83.65,84.1,8264166
2017-02-27,83.55,83.95,82.3,83.3,6370466
2017-02-28,83.35,88.15,82.8,87.35,23920035
2017-03-01,88.2,89.8,86.7,88.05,17916708
2017-03-02,88.15,89.55,84.4,84.85,14605152
2017-03-03,85.2,85.65,83.6,85.3,8213427
2017-03-06,85.85,85.9,84.5,85.35,8550522
2017-03-07,85.45,85.65,84.25,84.65,3452546
2017-03-08,84.8,85.45,82.85,84.3,4694631
2017-03-09,84.75,86.8,83.95,85.6,7857869
2017-03-10,86.25,86.8,84.55,85.0,5344785
2017-03-14,87.25,87.6,85.7,86.35,8366261
2017-03-15,85.3,87.7,85.3,86.4,7212723
2017-03-16,86.6,89.25,86.6,88.45,11395845
2017-03-17,88.9,88.95,86.75,87.3,5464673
2017-03-20,87.35,87.75,85.9,86.9,4625435
2017-03-21,87.0,89.0,86.05,88.75,9967617
2017-03-22,87.65,88.65,86.8,87.05,5306932
2017-03-23,87.1,88.45,87.1,88.25,5781680
2017-03-24,88.35,90.65,88.05,89.85,14152906
2017-03-27,90.4,91.15,89.5,90.0,8532418
2017-03-28,90.75,91.4,90.3,90.55,9189684
2017-03-29,90.95,91.5,89.85,91.15,7031000
2017-03-30,91.5,91.85,90.4,90.75,8351438
2017-03-31,90.05,92.0,90.05,91.45,7827606
2017-04-03,91.55,91.7,89.85,90.5,6097441
2017-04-05,90.85,91.5,90.1,91.0,6349552
2017-04-06,91.0,91.05,88.65,88.9,11782213
2017-04-07,88.7,89.65,87.0,87.85,10143140
2017-04-10,88.2,90.3,87.9,89.95,4237070
2017-04-11,90.55,92.35,90.1,92.0,8236314
2017-04-12,92.0,93.65,90.65,92.55,13239225
2017-04-13,92.6,93.4,92.35,92.6,5563407
2017-04-17,92.55,93.15,91.6,92.55,3660774
2017-04-18,93.0,94.35,91.35,91.95,7449732
2017-04-19,91.85,92.5,91.0,91.65,5784225
2017-04-20,92.0,92.95,91.5,92.55,4662182
2017-04-21,92.9,94.0,91.95,92.35,5605695
2017-04-24,92.7,93.4,92.35,92.9,3214216
2017-04-25,93.9,95.0,93.1,93.95,7145522
2017-04-26,94.8,95.65,93.1,94.45,9610803
2017-04-27,95.4,95.45,93.65,94.35,6952340
2017-04-28,94.9,109.0,94.55,107.6,75605938
2017-05-02,110.0,115.35,110.0,112.5,52498477
2017-05-03,113.7,113.85,110.15,112.05,22987164
2017-05-04,112.85,113.85,111.35,112.55,15770969
2017-05-05,113.5,120.0,112.5,116.4,60770643
2017-05-08,117.8,119.7,117.5,118.55,16344872
2017-05-09,118.85,118.95,115.5,118.05,10864570
2017-05-10,119.15,119.4,116.5,117.15,9361120
2017-05-11,118.25,118.25,115.3,116.0,12038623
2017-05-12,116.55,117.15,113.65,114.9,9838564
2017-05-15,115.35,117.55,114.9,117.25,7031563
2017-05-16,116.0,116.2,114.2,115.35,7183841
2017-05-17,115.2,116.4,114.5,114.8,3856772
2017-05-18,113.95,114.7,110.7,111.1,6190988
2017-05-19,111.95,114.4,110.05,112.35,8396256
2017-05-22,112.8,113.55,110.15,110.45,6050697
2017-05-23,110.6,110.85,104.45,107.85,10300344
2017-05-24,108.0,110.75,105.55,107.3,8820452
2017-05-25,107.85,111.25,107.15,110.85,11902049
2017-05-26,111.5,113.6,111.25,112.55,7319175
2017-05-29,112.6,112.75,108.4,108.75,5494488
2017-05-30,108.7,110.95,106.65,110.35,4843606
2017-05-31,110.75,112.0,110.05,111.45,7377724
2017-06-01,111.0,117.0,110.7,116.1,14581768
2017-06-02,117.0,117.2,113.85,114.3,8662159
2017-06-05,115.0,115.6,113.45,114.15,6186754
2017-06-06,114.4,114.6,111.4,112.5,4486524
2017-06-07,112.5,115.7,112.05,115.0,6310281
2017-06-08,116.3,116.95,114.05,116.3,12372472
2017-06-09,115.25,118.35,115.25,116.85,15284733
2017-06-12,116.15,116.3,113.75,114.1,5713884
2017-06-13,114.5,116.65,114.3,114.9,6918903
2017-06-14,114.7,117.2,114.1,116.3,9351622
2017-06-15,115.1,119.75,115.1,119.0,14699491
2017-06-16,120.0,122.4,119.8,120.9,25554992
2017-06-19,122.0,122.05,119.0,119.25,8649690
2017-06-20,119.95,120.75,118.2,118.75,5522575
2017-06-21,118.4,118.9,115.95,116.7,15779510
2017-06-22,117.5,119.55,117.05,117.5,10500032
2017-06-23,117.7,117.85,114.4,115.05,10950817
2017-06-27,115.3,115.3,111.3,112.6,8884104
2017-06-28,112.5,113.4,111.05,111.95,11606357
2017-06-29,112.55,114.9,112.35,113.0,17552939
2017-06-30,113.05,113.3,111.7,112.85,4641551
2017-07-03,112.8,113.45,111.7,112.3,4675335
2017-07-04,112.85,113.05,111.4,112.25,5006795
2017-07-05,111.6,115.4,111.6,114.85,7055376
2017-07-06,115.5,116.25,115.1,115.55,9718767
2017-07-07,115.7,116.3,115.1,115.9,6261995
2017-07-10,118.0,118.0,113.85,114.5,2826576
2017-07-11,115.5,115.5,113.75,113.95,5559727
2017-07-12,114.5,115.8,113.9,115.1,4976887
2017-07-13,115.5,116.5,114.95,115.15,5819992
2017-07-14,115.8,116.8,114.1,115.8,10842748
2017-07-17,116.0,116.25,113.55,114.1,8476012
2017-07-18,113.9,115.3,112.95,113.4,6250737
2017-07-19,116.5,116.65,114.45,115.5,9411277
2017-07-20,115.9,119.5,115.5,119.0,18359677
2017-07-21,119.5,120.45,116.55,117.4,14601788
2017-07-24,117.2,118.6,116.75,116.95,7711374
2017-07-25,117.4,119.8,117.0,119.35,10828431
2017-07-26,119.85,121.4,111.85,115.0,44404736
2017-07-27,115.95,115.95,112.5,113.1,22309046
2017-07-28,112.75,114.75,112.65,113.75,7181557
2017-07-31,114.0,115.95,113.95,115.25,10095171
2017-08-01,116.25,116.25,114.1,115.1,6973313
2017-08-02,115.45,115.65,114.05,114.8,5967479
2017-08-03,114.05,115.0,113.15,113.4,9066621
2017-08-04,113.35,114.9,112.25,114.25,7665047
2017-08-07,114.25,114.9,113.4,114.5,5649172
2017-08-08,115.4,115.4,112.0,112.3,9187466
2017-08-09,112.0,113.15,107.5,108.3,13541654
2017-08-10,107.0,107.75,102.1,104.7,8889947
2017-08-11,103.0,107.0,100.55,105.65,15087823
2017-08-14,107.1,109.45,106.8,108.8,5728396
2017-08-16,109.8,110.5,106.55,110.15,5493859
2017-08-17,110.3,111.65,109.3,110.05,4981114
2017-08-18,108.65,109.15,107.5,108.55,4152170
2017-08-21,108.6,109.55,105.55,106.0,3826756
2017-08-22,106.3,107.0,104.25,105.3,6070776
2017-08-23,106.05,106.85,104.95,106.65,5236293
2017-08-24,107.0,107.05,105.5,106.45,6102318
2017-08-28,106.9,110.0,106.7,109.65,4952851
2017-08-29,108.9,109.5,107.05,107.75,4854092
2017-08-30,109.1,109.7,108.4,108.7,4091593
2017-08-31,108.95,109.7,107.75,108.35,6945289
2017-09-01,108.5,110.6,108.35,110.2,6858869
2017-09-04,110.95,112.85,109.65,111.7,8982361
2017-09-05,112.05,112.75,111.6,112.15,4770121
2017-09-06,111.0,111.7,110.5,111.45,4871558
2017-09-07,112.0,112.45,111.2,111.4,3031027
2017-09-08,111.95,112.25,110.75,111.45,2876688
2017-09-11,113.0,113.65,112.0,113.1,8028599
2017-09-12,113.3,115.0,113.3,114.55,8245763
2017-09-13,115.0,115.0,112.6,113.05,4364967
2017-09-14,113.15,115.0,113.15,114.55,4601352
2017-09-15,113.95,115.9,113.7,115.45,22364580
2017-09-18,115.5,117.4,115.5,116.85,5631336
2017-09-19,117.3,119.45,116.8,119.1,10909330
2017-09-20,120.0,121.15,117.85,120.25,11271822
2017-09-21,120.25,120.9,117.5,118.4,12404994
2017-09-22,117.5,117.85,113.5,113.85,10901358
2017-09-25,113.5,113.5,110.5,111.35,15459280
2017-09-26,111.2,112.55,109.6,112.35,8967109
2017-09-27,113.3,113.95,110.15,110.55,7037746
2017-09-28,110.75,112.05,110.05,111.3,6643501
2017-09-29,111.85,113.6,111.7,112.65,5616533
2017-10-03,113.25,114.75,112.1,112.5,4409832
2017-10-04,112.8,113.6,112.2,113.1,5566450
2017-10-05,113.5,114.5,113.0,114.15,3627732
2017-10-06,114.5,118.2,114.5,117.65,8389556
2017-10-09,118.4,118.9,116.35,117.0,6670446
2017-10-10,117.6,118.4,116.6,117.95,5953220
2017-10-11,119.0,119.95,116.2,117.1,10164126
2017-10-12,117.85,118.3,115.9,118.05,5949650
2017-10-13,118.25,118.3,116.0,117.2,15719020
2017-10-16,117.75,125.2,115.9,124.8,54772217
2017-10-17,126.0,127.65,125.0,125.95,36447919
2017-10-18,125.95,127.35,125.6,126.45,15712490
2017-10-19,126.4,126.4,123.5,124.2,2266162
2017-10-23,124.65,126.55,123.8,125.25,12068237
2017-10-24,125.65,125.85,124.2,124.65,4746836
2017-10-25,125.0,127.25,119.05,120.8,17802488
2017-10-26,120.05,122.4,118.55,119.45,12706889
2017-10-27,120.2,122.0,118.75,120.05,6203781
2017-10-30,121.0,123.3,120.5,122.15,6569741
2017-10-31,122.85,122.85,121.05,121.75,5798525
2017-11-01,122.5,123.6,119.9,120.55,10076073
2017-11-02,121.5,121.85,117.65,118.15,11572150
2017-11-03,118.5,119.2,115.4,115.9,13661178
2017-11-06,115.75,119.4,115.2,116.3,10112581
2017-11-07,117.0,117.15,112.8,113.9,10963839
2017-11-08,114.2,115.0,112.2,112.9,6970021
2017-11-09,113.5,115.0,112.25,114.6,5622999
2017-11-10,114.6,115.5,111.4,112.15,7070086
2017-11-13,113.1,115.3,112.55,114.6,9069042
2017-11-14,113.45,113.9,110.75,111.15,6297959
2017-11-15,111.0,112.6,110.1,110.6,6285904
2017-11-16,111.95,112.8,111.55,112.25,6120542
2017-11-17,113.9,114.2,112.2,112.4,5012915
2017-11-20,112.5,113.8,112.3,113.4,3274572
2017-11-21,114.3,114.3,111.0,111.85,7886362
2017-11-22,112.55,113.35,110.4,113.05,5845266
2017-11-23,113.6,113.6,112.1,113.05,3573889
2017-11-24,113.0,113.3,111.7,112.1,6391779
2017-11-27,111.7,112.8,111.3,112.25,5390783
2017-11-28,112.4,113.9,111.75,113.1,6879683
2017-11-29,112.95,113.55,112.05,112.4,4607800
2017-11-30,111.9,112.75,110.1,110.65,10408793
2017-12-01,110.9,111.95,108.1,108.5,10930602
2017-12-04,109.1,109.2,105.65,106.4,8587172
2017-12-05,106.0,109.4,105.1,108.05,9138509
2017-12-06,108.45,109.4,107.4,107.95,7374578
2017-12-07,108.4,110.25,108.2,109.7,5803073
2017-12-08,110.35,110.7,108.15,109.0,5943794
2017-12-11,110.0,110.0,108.0,108.3,5296686
2017-12-12,108.6,108.6,106.5,106.85,7287494
2017-12-13,106.55,107.85,104.3,105.0,9654903
2017-12-14,105.95,105.95,101.85,103.75,12063308
2017-12-15,105.0,108.1,104.5,107.75,10847939
2017-12-18,107.45,109.9,100.85,108.15,8675841
2017-12-19,108.7,109.95,108.5,109.6,4489286
2017-12-20,109.9,109.9,107.75,108.4,6064149
2017-12-21,108.3,108.75,106.85,107.95,5297593
2017-12-22,108.7,108.95,107.3,107.65,5258150
2017-12-26,108.0,110.0,107.45,109.55,4121073
2017-12-27,109.65,111.3,108.8,109.4,5521549
2017-12-28,108.9,110.6,108.35,109.0,7032422
2017-12-29,109.0,110.05,108.3,108.5,3375242
2018-01-01,109.5,109.9,108.3,108.7,2320304
2018-01-02,109.1,109.9,107.0,107.6,3315889
2018-01-03,107.5,108.4,107.3,107.7,2894282
2018-01-04,108.0,109.0,106.7,108.65,9282382
2018-01-05,109.35,113.0,108.9,112.1,11491142
2018-01-08,113.0,116.0,112.75,115.55,14341872
2018-01-09,116.0,116.45,113.6,115.15,6104764
2018-01-10,115.25,115.25,112.5,113.15,6205669
2018-01-11,113.6,115.0,113.5,114.0,5646154
2018-01-12,115.2,115.8,113.35,115.05,6357353
2018-01-15,116.25,116.25,109.65,113.6,15447421
2018-01-16,112.2,112.2,104.1,104.75,42036861
2018-01-17,104.9,106.2,103.25,105.1,15158325
2018-01-18,109.0,109.25,100.9,102.15,20355477
2018-01-19,102.0,104.25,101.15,103.15,13469524
2018-01-22,102.95,103.4,101.3,101.6,10433194
2018-01-23,102.45,104.05,102.1,103.25,21438591
2018-01-24,103.2,103.85,102.55,103.25,12286927
2018-01-25,103.8,103.8,100.75,101.15,8196841
2018-01-29,101.65,102.35,99.55,100.75,9816356
2018-01-30,99.7,101.5,97.3,100.65,14041181
2018-01-31,101.0,101.9,98.9,100.45,10362003
2018-02-01,101.05,101.3,97.3,97.55,10110370
2018-02-02,96.75,97.25,91.35,93.3,12597941
2018-02-05,91.15,94.65,89.15,94.2,8713749
2018-02-06,89.8,94.5,87.3,93.15,12481756
2018-02-07,95.95,95.95,93.0,93.4,11977108
2018-02-08,93.65,95.75,93.65,94.75,8196866
2018-02-09,93.0,95.35,91.9,94.85,5325441
2018-02-12,95.95,96.8,94.45,95.1,7199398
2018-02-14,96.0,96.15,94.4,95.15,6255001
2018-02-15,95.8,95.8,93.85,94.65,6699458
2018-02-16,94.9,96.9,94.9,96.2,10766835
2018-02-19,96.35,96.35,92.45,93.7,11645570
2018-02-20,92.95,94.4,91.55,91.85,8562578
2018-02-21,92.7,92.95,91.4,92.0,7095263
2018-02-22,91.8,92.2,89.1,89.75,8362437
2018-02-23,93.5,95.25,92.3,94.75,18729626
2018-02-26,95.7,97.4,94.55,96.35,7792301
2018-02-27,97.4,97.4,95.45,95.95,6795184
2018-02-28,95.5,95.5,93.15,94.25,8361771
2018-03-01,94.0,95.15,93.7,94.0,3975513
2018-03-05,95.4,95.4,92.0,92.8,5713193
2018-03-06,93.45,94.4,91.2,91.65,6345324
2018-03-07,91.0,91.1,89.5,89.8,8723192
2018-03-08,90.5,94.4,89.3,93.05,13119430
2018-03-09,93.7,94.5,92.25,94.0,14174536
2018-03-12,94.4,94.8,93.7,94.45,6349997
2018-03-13,94.0,97.35,93.6,96.35,13541557
2018-03-14,95.05,96.3,93.85,94.9,7971193
2018-03-15,94.9,95.6,93.4,93.65,5914770
2018-03-16,93.7,95.0,92.75,93.3,6435789
2018-03-19,93.9,94.05,90.4,90.7,5690125
2018-03-20,90.4,92.0,90.3,91.25,4040369
2018-03-21,92.4,92.55,90.6,90.95,5242669
2018-03-22,91.6,91.6,90.55,90.85,4401877
2018-03-23,90.0,91.0,88.4,90.65,8461138
2018-03-26,90.5,91.9,89.75,91.55,12901870
2018-03-27,92.25,92.95,90.6,90.9,19580894
2018-03-28,90.5,90.85,89.0,89.2,9473639
2018-04-02,90.05,90.9,89.4,90.2,8552730
2018-04-03,90.0,92.05,89.9,91.55,9150580
2018-04-04,92.25,93.95,91.25,91.4,11087955
2018-04-05,92.7,94.05,92.15,93.5,9312599
2018-04-06,93.5,97.9,92.5,97.25,15000463
2018-04-09,97.2,99.55,96.1,98.5,10241862
2018-04-10,101.2,101.2,96.2,96.75,18974579
2018-04-11,97.45,99.7,96.25,99.1,14770335
2018-04-12,98.7,100.0,97.85,98.65,12333485
2018-04-13,99.4,100.1,98.3,98.65,10223762
2018-04-16,98.3,99.2,97.7,98.4,5092715
2018-04-17,99.1,100.0,97.95,99.35,7775197
2018-04-18,100.0,101.6,99.0,99.2,12251759
2018-04-19,99.65,99.8,97.9,98.2,6355548
2018-04-20,98.3,98.35,96.4,96.8,6132094
2018-04-23,96.95,98.3,95.8,97.15,7381564
2018-04-24,97.45,99.5,97.0,97.45,6238667
2018-04-25,97.5,97.65,95.5,95.95,4620276
2018-04-26,96.15,97.85,95.75,97.1,10142685
2018-04-27,97.6,100.25,97.5,98.25,16678633
2018-04-30,98.9,99.8,98.0,98.3,7736082
2018-05-02,98.7,101.1,98.2,99.0,12653194
2018-05-03,99.0,99.0,96.8,97.55,9358255
2018-05-04,97.8,100.8,97.8,100.05,11310433
2018-05-07,100.55,103.0,100.55,101.2,9621459
2018-05-08,102.4,103.8,101.05,103.45,15408468
2018-05-09,104.1,105.0,98.3,101.15,22621665
2018-05-10,93.1,93.5,88.1,89.4,125525242
2018-05-11,90.0,90.7,89.2,90.05,25124920
2018-05-14,89.2,90.65,89.0,89.9,20250875
2018-05-15,88.7,90.4,85.5,86.4,24022495
2018-05-16,85.9,85.9,81.7,83.65,33619352
2018-05-17,84.3,84.4,81.45,82.6,21754474
2018-05-18,82.9,84.9,82.05,82.5,14890656
2018-05-21,82.55,82.95,80.1,80.9,12891814
2018-05-22,81.25,83.25,80.3,82.3,11009960
2018-05-23,82.3,83.6,82.0,82.25,8900678
2018-05-24,82.5,83.25,81.7,82.9,8162959
2018-05-25,83.0,84.8,82.8,84.4,7760261
2018-05-28,85.05,87.45,84.7,86.7,9672593
2018-05-29,86.65,87.4,86.0,86.8,7302674
2018-05-30,86.1,86.8,85.55,86.1,5070699
2018-05-31,86.45,86.45,84.15,84.8,9854325
2018-06-01,85.05,85.7,82.4,83.0,7855507
2018-06-04,83.15,83.25,80.55,81.2,8187190
2018-06-05,81.7,82.9,81.15,82.25,9387570
2018-06-06,82.2,83.6,81.65,83.25,6007670
2018-06-07,88.9,88.9,83.5,86.1,16367831
2018-06-08,85.95,87.15,84.65,86.6,9347268
2018-06-11,86.45,90.3,85.8,87.65,25291156
2018-06-12,87.85,89.5,86.25,88.45,15441501
2018-06-13,89.0,89.75,86.35,86.75,9756773
2018-06-14,86.0,86.55,85.3,85.75,5593424
2018-06-15,85.8,86.45,83.55,83.9,6828088
2018-06-18,83.75,85.0,82.55,84.0,5902192
2018-06-19,83.8,83.8,82.2,82.8,7006955
2018-06-20,83.0,84.4,82.8,83.5,8224663
2018-06-21,83.5,84.2,81.9,82.3,4732223
2018-06-22,82.85,83.3,82.0,82.9,7646920
2018-06-25,83.0,83.7,82.4,82.75,4133608
2018-06-26,82.25,83.8,82.25,83.5,3657624
2018-06-27,83.7,83.7,82.2,82.75,5999504
2018-06-28,82.85,82.85,78.05,78.6,19779857
2018-06-29,79.25,82.2,79.05,81.85,8810557
2018-07-02,81.85,81.95,79.9,81.3,3723743
2018-07-03,81.1,83.6,80.7,83.3,7727791
2018-07-04,83.8,83.9,82.35,83.5,7672119
2018-07-05,83.45,83.6,81.5,82.15,5589326
2018-07-06,81.9,82.45,80.75,81.5,8405594
2018-07-09,82.55,86.15,82.0,84.85,11526799
2018-07-10,85.55,85.55,83.05,83.45,7073700
2018-07-11,83.35,84.1,81.6,81.95,5722601
2018-07-12,82.55,83.5,79.5,79.9,19897612
2018-07-13,80.7,80.7,77.1,77.9,9553778
2018-07-16,78.0,78.65,73.8,74.15,11037842
2018-07-17,74.25,89.75,73.5,88.3,96614519
2018-07-18,90.35,90.6,84.2,85.95,55223899
2018-07-19,86.55,87.75,84.4,85.85,19565019
2018-07-20,85.3,87.0,85.0,85.75,9994551
2018-07-23,85.85,88.8,85.05,87.85,12749177
2018-07-24,87.6,89.35,86.7,87.7,11524139
2018-07-25,87.6,88.7,86.5,86.9,6604145
2018-07-26,86.7,88.75,85.5,88.25,22882812
2018-07-27,88.25,92.75,88.25,90.8,25875494
2018-07-30,90.8,91.8,89.9,90.3,10435054
2018-07-31,90.3,91.35,88.55,89.0,9506710
2018-08-01,89.15,89.7,86.8,87.6,8350317
2018-08-02,87.1,87.9,86.0,87.25,5153045
2018-08-03,87.75,89.7,86.7,87.25,10528106
2018-08-06,88.25,89.2,86.8,88.45,7793060
2018-08-07,89.0,89.0,87.0,87.4,5880361
2018-08-08,87.4,89.6,87.4,88.25,11834305
2018-08-09,88.4,90.7,88.3,89.55,15323256
2018-08-10,89.35,89.55,88.0,89.2,8670413
2018-08-13,88.0,89.2,87.2,87.65,8542665
2018-08-14,88.2,89.2,87.7,88.8,7131481
2018-08-16,88.2,90.45,88.1,89.7,8680197
2018-08-17,90.25,90.25,86.0,86.25,22887554
2018-08-20,86.3,86.3,80.7,81.5,65143396
2018-08-21,81.65,83.45,80.9,81.85,32536923
2018-08-23,82.5,82.7,81.0,81.5,17495555
2018-08-24,81.8,83.35,81.3,81.6,14644361
2018-08-27,82.1,82.5,79.4,79.9,14136581
2018-08-28,80.5,80.85,77.7,79.65,22030533
2018-08-29,80.55,81.45,79.6,80.85,21240072
2018-08-30,81.2,82.2,80.3,80.85,18823207
2018-08-31,80.25,81.4,79.85,81.1,9656302
2018-09-03,81.5,81.85,80.4,80.75,7172556
2018-09-04,81.0,81.15,76.2,77.0,16528254
2018-09-05,77.4,78.15,75.65,77.75,10489491
2018-09-06,78.5,78.5,76.7,77.35,6731974
2018-09-07,77.4,78.2,76.85,78.05,5845988
2018-09-10,78.0,78.0,75.0,75.55,14609990
2018-09-11,76.05,76.8,74.95,75.8,10878028
2018-09-12,76.0,76.65,74.3,76.25,10332455
2018-09-14,76.65,77.95,76.65,77.85,6976342
2018-09-17,77.7,78.7,76.55,77.65,6404481
2018-09-18,77.55,78.5,74.95,75.35,12132660
2018-09-19,76.0,76.65,74.7,75.15,6158931
2018-09-21,76.45,76.45,67.65,73.5,22303600
2018-09-24,73.5,73.6,70.85,71.9,10730837
2018-09-25,71.1,72.65,69.8,71.85,12403832
2018-09-26,72.9,72.95,70.35,71.5,8412363
2018-09-27,70.6,71.6,69.4,70.4,14903362
2018-09-28,71.25,71.5,69.55,70.7,16624485
2018-10-01,70.5,73.9,69.0,73.05,11542093
2018-10-03,72.7,73.3,70.0,70.2,10176791
2018-10-04,68.1,69.7,67.05,68.05,11738745
2018-10-05,68.0,70.1,67.1,68.3,10782812
2018-10-08,68.5,70.95,68.0,70.3,17040858
2018-10-09,70.85,71.3,68.5,70.75,16073326
2018-10-10,71.25,74.25,71.0,73.6,15676565
2018-10-11,71.25,72.65,70.5,71.3,11438644
2018-10-12,72.7,74.25,72.0,73.75,9748912
2018-10-15,74.35,76.45,73.1,75.8,14282075
2018-10-16,76.5,82.85,76.35,81.65,76207372
2018-10-17,83.0,83.55,78.25,78.5,22724327
2018-10-19,77.85,81.8,77.25,81.4,24487449
2018-10-22,82.5,82.5,79.4,79.8,12394337
2018-10-23,79.25,80.5,78.55,79.6,7305418
2018-10-24,80.5,82.6,79.8,81.85,15331012
2018-10-25,81.0,81.75,79.3,80.65,8919625
2018-10-26,80.7,81.45,79.0,79.45,8362475
2018-10-29,80.0,81.45,78.5,81.2,8639488
2018-10-30,81.2,85.55,81.0,83.15,20200119
2018-10-31,83.65,84.15,81.4,82.75,11922164
2018-11-01,82.75,83.45,81.8,82.65,8459069
2018-11-02,83.8,85.1,81.8,82.4,14123922
2018-11-05,82.35,82.5,79.7,80.25,9042078
2018-11-06,80.65,82.35,79.75,80.1,8391875
2018-11-07,81.4,81.4,80.7,80.95,1450154
2018-11-09,80.95,81.75,80.55,81.5,8340145
2018-11-12,80.65,81.95,79.7,80.1,4918706
2018-11-13,80.1,80.1,77.6,78.9,9333789
2018-11-14,80.4,80.4,78.2,78.5,10671940
2018-11-15,78.95,79.3,76.8,78.35,10635912
2018-11-16,77.75,80.55,77.75,79.9,9868714
2018-11-19,80.4,82.5,78.8,81.25,10404126
2018-11-20,81.15,81.9,78.9,80.0,9927482
2018-11-21,80.45,83.25,79.6,82.95,11107265
2018-11-22,83.4,83.65,80.0,80.7,9022064
2018-11-26,81.1,81.75,78.8,81.05,7602684
2018-11-27,80.85,81.5,79.85,81.25,7889171
2018-11-28,81.4,82.4,80.6,81.65,10994622
2018-11-29,82.0,85.8,81.55,85.25,23769539
2018-11-30,85.25,86.25,84.7,85.3,13368505
2018-12-03,85.4,87.15,83.55,84.4,12936290
2018-12-04,84.7,85.6,83.85,84.95,9490753
2018-12-05,84.2,85.4,82.7,84.0,10010681
2018-12-06,83.0,86.0,82.9,84.7,13693974
2018-12-07,84.85,85.4,81.3,83.5,15243220
2018-12-10,81.6,84.5,81.45,82.4,11938939
2018-12-11,81.1,84.45,81.1,83.65,13274575
2018-12-12,84.0,88.8,84.0,88.05,20375211
2018-12-13,88.95,91.55,88.35,89.4,21625763
2018-12-14,89.0,91.75,88.35,91.25,12481914
2018-12-17,91.3,93.15,90.1,92.8,14260853
2018-12-18,92.9,93.9,91.2,92.2,14144108
2018-12-19,92.55,95.0,91.35,94.85,16993787
2018-12-20,94.0,96.35,93.6,95.4,15374767
2018-12-21,95.4,96.0,91.8,92.5,15565770
2018-12-24,93.0,95.3,92.5,93.8,12717363
2018-12-26,93.85,93.85,91.3,92.45,13947969
2018-12-27,93.5,94.4,91.0,94.1,14686963
2018-12-28,94.1,94.7,92.8,93.25,7735577
2018-12-31,93.7,94.25,92.9,93.25,5026123
2019-01-01,93.75,93.75,92.1,93.0,6000894
2019-01-02,93.2,95.75,93.15,94.8,18353855
2019-01-03,95.3,95.3,91.45,92.0,12573160
2019-01-04,93.25,95.15,92.2,94.8,13600522
2019-01-07,95.25,95.75,94.0,94.6,6098289
2019-01-08,94.85,95.95,94.0,95.25,5586703
2019-01-09,95.55,97.5,94.4,96.9,16761351
2019-01-10,97.2,97.2,95.25,95.65,9038333
2019-01-11,96.35,96.35,95.0,95.4,4428970
2019-01-14,94.4,94.4,89.0,90.6,27982373
2019-01-15,90.6,91.65,90.6,91.0,14369266
2019-01-16,91.25,92.1,90.7,91.2,13241747
2019-01-17,91.9,92.75,86.4,88.5,52214012
2019-01-18,89.0,90.85,88.25,90.0,19374838
2019-01-21,90.45,90.8,88.4,88.7,8480926
2019-01-22,89.3,90.0,86.8,89.5,9770761
2019-01-23,89.8,90.25,88.05,88.5,10623427
2019-01-24,88.55,89.8,88.15,88.9,6256146
2019-01-25,89.1,89.35,85.7,86.5,9564881
2019-01-28,86.7,86.9,83.85,84.15,7823189
2019-01-29,84.0,86.85,83.85,86.5,10253514
2019-01-30,86.45,87.1,84.65,86.5,7628375
2019-01-31,87.2,87.25,85.1,85.9,16187111
2019-02-01,86.45,88.2,85.25,86.25,9968361
2019-02-04,86.35,88.35,84.7,88.05,7935374
2019-02-05,87.5,88.75,86.4,87.25,9005623
2019-02-06,87.35,87.5,84.55,85.5,7985584
2019-02-07,85.75,87.45,85.2,86.1,7226632
2019-02-08,85.8,86.25,83.8,84.15,7692422
2019-02-11,84.15,84.3,81.7,83.45,8381436
2019-02-12,83.5,84.35,82.4,82.8,7274666
2019-02-13,83.3,83.4,80.45,81.2,6494611
2019-02-14,81.5,82.15,80.0,80.3,11337342
2019-02-15,80.6,81.3,79.75,80.2,6556643
2019-02-18,80.35,81.6,79.9,80.0,8365802
2019-02-19,80.5,80.65,79.05,79.3,7873791
2019-02-20,79.8,80.4,79.0,79.65,9102119
2019-02-21,80.0,80.35,79.05,79.6,6410472
2019-02-22,79.6,80.0,78.2,79.45,12220941
2019-02-25,79.95,81.2,79.2,80.8,11778486
2019-02-26,80.5,82.3,79.0,81.7,14260601
2019-02-27,82.0,82.8,80.55,81.45,8818508
2019-02-28,81.7,84.4,81.2,83.85,9033902
2019-03-01,84.2,85.9,83.6,85.7,8006642
2019-03-05,85.7,89.25,85.05,88.95,11294000
2019-03-06,89.0,89.75,86.85,87.25,11922216
2019-03-07,87.5,89.15,86.55,87.95,9610511
2019-03-08,87.85,88.75,87.0,87.55,6353771
2019-03-11,87.75,92.3,87.75,91.25,15605663
2019-03-12,91.9,92.6,90.0,90.35,12933929
2019-03-13,90.3,91.6,88.9,91.05,10948105
2019-03-14,91.5,92.35,89.75,90.0,17519920
2019-03-15,90.15,92.8,90.05,91.4,23736072
2019-03-18,91.6,93.25,90.15,91.2,15459155
2019-03-19,91.7,94.3,91.1,93.8,11570259
2019-03-20,93.75,94.4,92.1,92.35,12241564
2019-03-22,92.8,94.0,90.1,90.45,9899007
2019-03-25,89.75,89.9,88.2,88.8,8179202
2019-03-26,88.9,91.2,88.9,90.7,9565348
2019-03-27,91.1,92.6,90.6,91.8,11512290
2019-03-28,92.0,94.3,91.3,93.65,14408292
2019-03-29,94.05,98.15,93.9,96.45,23330031
2019-04-01,96.95,99.2,96.35,98.1,28141460
2019-04-02,98.3,99.45,96.0,97.4,16523996
2019-04-03,97.6,98.45,94.8,95.2,10806272
2019-04-04,95.0,96.9,94.55,95.1,13779822
2019-04-05,95.45,100.0,95.3,98.75,17963075
2019-04-08,99.45,99.45,96.1,97.15,15036538
2019-04-09,97.3,98.6,95.4,98.15,8527703
2019-04-10,97.7,99.1,97.35,97.8,9769893
2019-04-11,97.7,98.15,95.9,96.45,11216329
2019-04-12,96.6,97.5,96.05,96.6,6860414
2019-04-15,96.95,98.15,96.6,97.4,5170594
2019-04-16,97.75,99.1,97.4,98.15,10578498
2019-04-18,98.0,98.2,95.3,97.0,9119727
2019-04-22,96.0,97.2,94.2,95.25,8898381
2019-04-23,95.3,97.45,94.05,95.05,10666808
2019-04-24,95.9,96.0,94.8,95.35,5636592
2019-04-25,95.05,96.8,95.05,95.45,6174361
2019-04-26,95.85,96.15,94.35,95.7,5751677
2019-04-30,95.9,95.9,92.0,92.75,8897966
2019-05-02,92.75,95.6,92.15,94.25,8475714
2019-05-03,94.7,98.55,94.5,97.65,17094264
2019-05-06,102.0,102.5,98.3,100.1,54516600
2019-05-07,100.95,101.8,98.0,98.7,27410464
2019-05-08,99.0,99.95,97.75,98.6,14451987
2019-05-09,98.55,98.75,97.0,97.25,16661532
2019-05-10,97.9,98.1,96.05,97.0,16757400
2019-05-13,97.0,98.85,96.05,96.5,13280289
2019-05-14,96.2,99.2,95.55,98.2,14312948
2019-05-15,98.65,98.8,97.0,97.4,9950430
2019-05-16,97.4,98.0,96.8,97.7,6952498
2019-05-17,97.7,99.7,96.2,98.6,14766410
2019-05-20,101.5,106.5,99.85,103.6,27737969
2019-05-21,104.0,104.55,100.7,101.3,10273419
2019-05-22,101.5,103.0,100.4,101.4,14228932
2019-05-23,104.25,106.95,101.8,102.35,30333215
2019-05-24,103.0,106.0,102.6,105.7,22328001
2019-05-27,105.95,108.35,105.2,108.05,14036734
2019-05-28,108.0,108.15,106.55,107.55,13109661
2019-05-29,106.2,109.0,106.2,107.65,14532478
2019-05-30,107.45,108.75,107.1,108.1,9577711
2019-05-31,108.3,109.0,106.4,107.35,12213688
2019-06-03,107.6,108.2,106.4,107.6,7162899
2019-06-04,108.0,109.65,107.5,107.8,9959995
2019-06-06,107.0,107.0,103.3,105.0,19073633
2019-06-07,105.1,106.8,104.1,105.9,12182457
2019-06-10,106.35,107.4,104.6,105.4,7814798
2019-06-11,105.9,107.85,104.3,107.5,9036863
2019-06-12,106.6,107.3,104.9,105.1,6590977
2019-06-13,105.05,107.0,104.5,106.7,8153167
2019-06-14,106.8,107.35,104.9,106.0,8919424
2019-06-17,106.35,106.9,104.65,106.05,8981871
2019-06-18,106.1,106.45,104.5,104.9,8333447
2019-06-19,106.35,106.35,103.8,104.05,8100479
2019-06-20,104.4,104.55,100.85,104.05,13827126
2019-06-21,103.5,103.8,101.2,102.85,11518126
2019-06-24,102.75,103.6,101.65,102.9,5347270
2019-06-25,102.3,104.5,102.05,103.95,5981041
2019-06-26,103.95,104.8,103.55,104.45,7543262
2019-06-27,104.45,109.8,104.35,108.55,18193472
2019-06-28,108.3,109.05,106.8,108.4,9031324
2019-07-01,108.6,109.55,107.65,109.05,5363709
2019-07-02,109.5,109.6,108.05,108.5,6863942
2019-07-03,108.5,110.4,108.1,109.8,7023758
2019-07-04,109.8,110.2,108.45,108.85,6318349
2019-07-05,109.45,109.7,107.0,107.35,7455559
2019-07-08,106.5,106.8,104.15,105.1,6127600
2019-07-09,104.9,107.25,103.55,106.75,6971536
2019-07-10,106.7,107.85,104.9,105.3,8044545
2019-07-11,105.7,106.1,104.5,104.85,6085217
2019-07-12,104.8,106.9,104.6,106.25,6183496
2019-07-15,106.8,107.15,103.4,106.7,7340517
2019-07-16,107.85,108.8,101.8,107.2,42945090
2019-07-17,106.75,106.75,102.0,103.15,26404194
2019-07-18,103.1,103.35,98.8,99.15,15869467
2019-07-19,99.95,99.95,98.3,98.8,13106559
2019-07-22,98.8,98.8,94.6,95.6,19164127
2019-07-23,95.95,96.75,93.6,94.15,11173894
2019-07-24,94.4,95.15,92.8,93.05,8180993
2019-07-25,93.0,93.65,91.65,92.45,11364230
2019-07-26,92.85,95.8,92.25,95.3,11115786
2019-07-29,95.75,95.9,93.1,93.55,8366820
2019-07-30,93.7,95.0,90.1,90.6,10533782
2019-07-31,90.0,92.75,89.2,92.4,11689874
2019-08-01,91.9,91.95,87.75,89.5,13254721
2019-08-02,89.35,90.3,86.9,87.3,13560591
2019-08-05,86.9,89.15,85.0,87.4,14302691
2019-08-06,87.0,88.8,86.75,88.15,9389820
2019-08-07,88.15,89.25,86.5,86.8,9260483
2019-08-08,87.2,88.0,85.25,87.3,12729824
2019-08-09,88.35,90.3,87.1,87.9,11961334
2019-08-13,88.45,88.45,83.0,83.3,13248595
2019-08-14,83.6,86.5,83.6,84.5,11654804
2019-08-16,84.5,85.6,83.65,85.3,4898875
2019-08-19,86.2,86.5,84.9,85.7,5618832
2019-08-20,85.7,85.7,83.6,84.75,5384367
2019-08-21,85.0,85.05,81.85,82.2,7378040
2019-08-22,82.0,82.5,79.8,80.4,9099476
2019-08-23,80.4,82.75,79.15,80.7,17420302
2019-08-26,83.0,84.0,79.6,83.0,24402869
2019-08-27,84.65,85.7,83.65,84.05,14514693
2019-08-28,84.5,85.25,81.5,81.85,12416532
2019-08-29,81.8,81.8,79.25,80.4,16278747
2019-08-30,80.95,83.35,80.15,82.9,11922234
2019-09-03,82.35,82.35,79.75,81.4,10941875
2019-09-04,80.9,82.45,80.0,81.95,8433799
2019-09-05,82.0,82.9,80.5,81.0,9040596
2019-09-06,81.95,83.4,80.9,83.15,7914489
2019-09-09,83.0,86.6,82.35,86.25,15428797
2019-09-11,86.4,86.75,84.8,85.7,9284318
2019-09-12,85.7,87.55,85.5,85.75,8941455
2019-09-13,85.95,87.65,84.55,87.15,9500240
2019-09-16,86.45,86.9,85.1,85.5,7834803
2019-09-17,85.4,86.2,83.4,83.75,6460883
2019-09-18,84.3,85.5,83.8,84.55,6520586
2019-09-19,84.5,84.9,82.55,83.45,5326008
2019-09-20,84.05,95.7,83.1,94.8,31665642
2019-09-23,95.85,98.55,91.5,95.9,31603154
2019-09-24,96.1,97.2,93.8,94.3,9230752
2019-09-25,93.1,94.25,91.6,92.1,8348656
2019-09-26,92.5,95.0,92.0,93.6,14489649
2019-09-27,93.95,95.5,92.3,93.6,10815034
2019-09-30,93.8,94.0,89.25,90.4,17693994
2019-10-01,91.0,93.25,80.0,87.75,20529595
2019-10-03,87.45,89.55,85.4,88.8,10668940
2019-10-04,89.35,89.7,84.35,85.75,15297600
2019-10-07,85.8,86.0,83.8,84.9,12809772
2019-10-09,85.25,86.45,84.0,85.9,12713788
2019-10-10,85.8,85.8,83.4,84.3,6218988
2019-10-11,84.85,85.45,83.4,84.15,12880443
2019-10-14,84.9,85.25,82.25,83.25,7823663
2019-10-15,82.55,85.9,81.7,84.95,9662559
2019-10-16,86.0,86.85,79.0,82.25,69563240
2019-10-17,82.3,84.9,81.7,84.35,23933766
2019-10-18,84.35,84.8,83.5,84.0,11094728
2019-10-22,84.5,84.95,83.15,83.55,12037083
2019-10-23,83.6,84.5,82.8,83.3,12081585
2019-10-24,83.45,83.9,80.35,81.0,21751109
2019-10-25,81.0,81.4,79.7,80.25,15135361
2019-10-27,81.25,81.75,80.6,80.85,1799905
2019-10-29,81.35,82.6,80.65,82.1,20074360
2019-10-30,82.45,82.85,81.75,82.05,9109830
2019-10-31,82.45,85.2,81.95,83.8,25192218
2019-11-01,84.1,86.45,83.4,86.05,25498852
2019-11-04,86.5,89.25,86.5,88.4,23388136
2019-11-05,88.85,88.85,84.15,84.4,19085828
2019-11-06,84.6,86.0,83.5,84.5,15554318
2019-11-07,84.9,85.45,83.5,83.95,10363401
2019-11-08,83.95,83.95,81.9,82.15,9558248
2019-11-11,82.0,83.65,81.4,83.15,9092063
2019-11-13,83.1,83.85,82.3,82.55,7169868
2019-11-14,82.5,85.2,82.25,84.5,11720303
2019-11-15,84.5,85.4,82.9,84.3,13130961
2019-11-18,84.45,87.4,84.3,86.9,13252237
2019-11-19,86.9,88.75,86.1,87.85,9710235
2019-11-20,88.3,89.6,87.25,88.65,17132882
2019-11-21,88.5,89.4,87.4,87.85,9720943
2019-11-22,88.3,88.6,87.3,87.8,7216267
2019-11-25,87.8,89.9,87.6,89.5,10708667
2019-11-26,90.0,92.1,87.05,87.65,18249759
2019-11-27,87.9,88.4,86.05,87.45,8263672
2019-11-28,88.0,91.3,87.75,90.9,18824318
2019-11-29,90.7,91.75,88.6,88.9,10912330
2019-12-02,88.9,89.85,87.0,87.25,10016383
2019-12-03,87.25,87.4,85.6,86.1,7159147
2019-12-04,85.9,88.35,84.35,87.9,17203633
2019-12-05,88.0,88.1,86.25,86.75,10295764
2019-12-06,87.0,87.5,83.5,84.15,9922640
2019-12-09,84.05,85.3,83.05,84.25,7626176
2019-12-10,84.35,85.25,83.0,83.6,8200669
2019-12-11,84.0,84.9,83.3,84.15,5526191
2019-12-12,84.8,85.75,84.4,85.3,7073603
2019-12-13,85.5,87.7,85.4,86.95,12159138
2019-12-16,87.1,87.2,85.35,86.0,5677081
2019-12-17,87.0,87.25,85.65,85.95,7852652
2019-12-18,86.25,86.8,85.25,86.0,6870094
2019-12-19,86.0,87.0,85.55,86.7,4720092
2019-12-20,86.7,88.15,86.6,87.5,5645352
2019-12-23,87.35,87.35,85.5,85.9,5531385
2019-12-24,86.0,86.5,85.5,85.65,3754033
2019-12-26,85.65,86.05,85.1,85.65,6960089
2019-12-27,86.0,88.7,85.5,88.2,9880674
2019-12-30,88.3,88.9,87.0,87.55,7194237
2019-12-31,87.55,89.1,86.9,87.95,6598385
2020-01-01,88.25,89.25,88.0,88.75,5890570
2020-01-02,88.55,92.8,88.55,92.25,13253695
2020-01-03,92.0,92.5,90.5,90.95,9418595
2020-01-06,90.4,90.4,86.85,87.1,7308783
2020-01-07,87.8,88.9,86.55,87.35,9285639
2020-01-08,86.4,87.3,85.6,86.95,7490919
2020-01-09,87.95,90.8,87.55,89.65,9989902
2020-01-10,89.95,90.4,88.45,88.8,7931965
2020-01-13,89.3,90.45,89.25,90.05,5987313
2020-01-14,90.0,91.75,89.6,91.2,7918121
2020-01-15,91.2,91.7,90.2,91.05,7347554
2020-01-16,91.0,94.15,90.75,92.95,16683768
2020-01-17,92.7,93.4,91.4,91.6,7405150
2020-01-20,92.4,94.5,88.05,93.75,43342551
2020-01-21,94.0,96.4,93.5,94.6,30451633
2020-01-22,95.15,95.65,93.3,93.75,13553520
2020-01-23,93.5,95.9,93.3,94.5,11965127
2020-01-24,94.5,96.95,94.2,96.0,9905227
2020-01-27,96.0,96.85,94.65,95.65,8860848
2020-01-28,95.85,96.25,94.65,95.3,5291973
2020-01-29,95.9,96.35,94.55,94.85,6316781
2020-01-30,94.7,94.8,91.1,93.0,8366185
2020-01-31,93.7,93.8,90.8,91.35,10270614
2020-02-01,91.2,91.95,87.3,88.25,6461277
2020-02-03,88.35,89.8,87.05,88.4,8298640
2020-02-04,89.1,90.3,87.75,89.75,10285159
2020-02-05,90.25,91.0,89.2,90.85,7382599
2020-02-06,91.4,93.7,90.5,92.5,12574922
2020-02-07,93.0,93.45,90.95,91.25,11509016
2020-02-10,91.55,91.55,90.0,90.05,5614924
2020-02-11,90.3,91.4,90.0,90.45,5188082
2020-02-12,91.3,91.3,89.5,90.4,4714961
2020-02-13,90.4,90.4,88.9,89.2,5533149
2020-02-14,89.55,89.95,86.75,87.15,7297847
2020-02-17,87.15,87.4,84.0,84.45,8590333
2020-02-18,84.4,84.4,81.0,81.85,12149745
2020-02-19,82.9,85.4,82.7,84.45,12570992
2020-02-20,85.25,88.0,85.0,87.5,12197037
2020-02-24,86.9,87.3,85.7,86.65,5429905
2020-02-25,87.0,88.0,86.0,86.4,4920055
2020-02-26,85.75,86.1,84.6,85.05,4161156
2020-02-27,85.3,89.7,84.65,88.85,20273653
2020-02-28,85.95,87.15,85.1,85.9,13359911
2020-03-02,87.95,88.2,81.65,82.8,12883824
2020-03-03,83.55,85.5,82.5,84.5,8678728
2020-03-04,84.4,84.75,82.1,83.45,7890014
2020-03-05,84.8,84.95,83.0,83.2,9188495
2020-03-06,78.7,81.25,76.3,80.05,10354678
2020-03-09,77.5,78.6,69.75,72.85,26933103
2020-03-11,72.9,75.2,71.0,71.35,21213682
2020-03-12,68.0,68.45,62.45,63.1,29022639
2020-03-13,56.8,69.25,53.65,68.5,22602120
2020-03-16,64.7,66.2,62.5,63.1,17226131
2020-03-17,63.05,64.0,57.0,58.3,15971068
2020-03-18,58.3,59.55,50.2,54.25,30070958
2020-03-19,50.0,56.9,49.65,52.4,21391348
2020-03-20,53.0,55.85,52.2,52.9,18061158
2020-03-23,47.65,47.65,39.8,40.1,14649753
2020-03-24,43.4,43.6,37.3,37.8,25432298
2020-03-25,37.0,41.5,35.7,38.3,20734813
2020-03-26,38.55,45.85,37.55,41.8,31120545
2020-03-27,44.0,47.75,42.6,44.45,42305101
2020-03-30,42.0,43.5,40.2,40.7,24888721
2020-03-31,42.1,42.4,40.75,41.05,14962190
2020-04-01,41.05,41.6,39.35,41.3,16801805
2020-04-03,41.2,41.3,39.5,39.9,13677277
2020-04-07,41.85,43.2,40.35,42.7,17485359
2020-04-08,42.5,45.35,40.5,40.85,38777869
2020-04-09,41.2,42.5,40.05,40.95,34422765
2020-04-13,40.9,41.6,39.7,40.65,20458011
2020-04-15,41.1,43.8,41.0,41.4,27800697
2020-04-16,41.3,42.6,40.55,42.2,15770006
2020-04-17,44.95,46.4,43.25,46.0,41150967
2020-04-20,47.5,47.5,45.3,46.05,31414511
2020-04-21,44.0,44.2,42.65,43.35,20824842
2020-04-22,43.95,44.35,42.0,44.05,24273868
2020-04-23,44.8,46.0,43.95,45.0,20802757
2020-04-24,44.0,44.2,42.9,43.1,14198625
2020-04-27,43.55,44.75,43.0,44.5,17959496
2020-04-28,45.2,48.0,44.4,46.75,25447452
2020-04-29,47.75,47.75,45.75,46.5,22205208
2020-04-30,47.05,50.75,46.6,48.8,60287266
2020-05-04,46.3,46.4,43.65,44.05,29622171
2020-05-05,45.05,45.35,42.7,42.95,22783288
2020-05-06,43.0,44.1,41.95,43.8,21471279
2020-05-07,43.4,44.8,42.75,43.15,20344168
2020-05-08,43.95,44.35,42.3,42.65,14969809
2020-05-11,43.0,44.65,42.75,43.1,27431771
2020-05-12,42.5,42.55,40.3,41.45,36707579
2020-05-13,45.0,45.0,42.25,43.15,40986828
2020-05-14,43.45,45.7,42.25,45.4,52425237
2020-05-15,45.4,45.4,43.55,43.75,18627066
2020-05-18,43.65,43.65,39.45,39.6,42177752
2020-05-19,40.4,40.7,37.75,38.25,34760862
2020-05-20,38.5,39.9,38.0,39.1,24765017
2020-05-21,39.25,39.9,38.9,39.3,19911623
2020-05-22,39.0,39.85,36.8,37.35,34962306
2020-05-26,37.85,38.75,37.55,38.45,24766540
2020-05-27,38.9,41.65,37.95,40.95,42961160
2020-05-28,41.6,43.3,40.65,42.8,65075577
2020-05-29,42.0,45.25,41.4,44.9,73906634
2020-06-01,45.85,47.2,45.65,46.65,39129781
2020-06-02,46.8,48.1,46.0,47.6,47522313
2020-06-03,48.6,48.85,46.6,47.1,36846844
2020-06-04,47.0,48.0,45.3,45.65,38527565
2020-06-05,45.75,47.6,45.75,47.35,32128167
2020-06-08,48.5,50.4,47.6,48.15,53975806
2020-06-09,48.2,50.0,46.8,48.45,52520554
2020-06-10,48.45,50.1,48.4,49.8,30571765
2020-06-11,49.95,50.7,47.75,48.0,52459706
2020-06-12,44.05,49.5,44.05,48.85,50052681
2020-06-15,48.85,48.85,46.3,46.55,34670017
2020-06-16,47.9,48.8,45.7,46.8,37886462
2020-06-17,46.4,47.55,45.7,46.7,30690832
2020-06-18,46.25,48.45,46.05,48.2,26042651
2020-06-19,48.15,51.2,47.9,50.95,61804616
2020-06-22,51.95,56.0,51.55,54.3,77507342
2020-06-23,55.0,57.0,54.5,56.45,53398275
2020-06-24,57.45,58.1,52.8,53.25,50155829
2020-06-25,53.0,53.75,51.1,52.2,50484809
2020-06-26,53.25,54.95,52.8,53.45,39174675
2020-06-29,52.95,52.95,51.25,51.55,24686967
2020-06-30,52.3,52.8,50.7,51.0,20969705
2020-07-01,51.05,53.35,50.9,53.2,26554225
2020-07-02,53.7,54.25,53.25,53.55,27301242
2020-07-03,53.9,53.95,52.55,53.0,16304999
2020-07-06,53.9,54.7,53.5,53.65,19060525
2020-07-07,53.8,56.25,52.25,55.95,46328747
2020-07-08,56.0,56.2,54.1,54.4,36908181
2020-07-09,54.8,55.6,54.5,55.2,21891259
2020-07-10,54.65,56.0,53.95,54.2,25569997
2020-07-13,54.8,54.9,52.75,53.05,20919444
2020-07-14,53.0,53.0,50.65,51.1,22211466
2020-07-15,51.7,53.0,49.2,49.8,45140957
2020-07-16,51.6,53.75,50.5,52.0,74247641
2020-07-17,53.3,53.6,51.2,52.05,43066955
2020-07-20,52.75,54.25,52.3,53.7,42463725
2020-07-21,54.6,54.6,53.75,54.45,26492151
2020-07-22,54.5,57.25,53.1,56.7,58376137
2020-07-23,57.0,57.7,56.3,57.1,46248378
2020-07-24,56.2,58.6,55.4,57.55,49023946
2020-07-27,57.55,57.65,55.05,55.9,37944040
2020-07-28,55.9,56.9,55.25,55.55,26640337
2020-07-29,55.9,56.9,55.2,55.8,25280006
2020-07-30,56.05,56.35,53.85,54.15,20356419
2020-07-31,54.2,54.65,53.1,53.9,23229970
2020-08-03,53.6,54.2,52.25,52.45,29215233
2020-08-04,52.5,53.1,52.05,52.3,21603529
2020-08-05,52.5,53.3,52.2,52.35,39703177
2020-08-06,52.9,53.25,51.65,52.45,68928508
2020-08-07,52.45,55.0,52.2,54.65,52186679
2020-08-10,54.95,55.25,53.65,53.85,27635791
2020-08-11,54.3,54.5,53.6,54.3,25479162
2020-08-12,54.0,54.45,53.45,54.0,21254187
2020-08-13,54.3,55.0,53.85,54.0,24143907
2020-08-14,54.35,54.45,52.0,52.6,26927934
2020-08-17,53.1,53.4,52.15,52.85,17076269
2020-08-18,53.1,53.75,52.5,53.5,21716642
2020-08-19,53.9,55.8,53.6,54.9,46677335
2020-08-20,54.45,54.8,53.9,54.6,29832820
2020-08-21,55.0,56.2,54.65,55.9,44841517
2020-08-24,56.5,57.1,56.0,56.7,44902264
2020-08-25,57.0,57.45,56.0,56.4,39867094
2020-08-26,56.8,57.05,56.3,56.7,21768815
2020-08-27,56.9,57.25,56.0,56.1,31911041
2020-08-28,56.5,61.15,56.25,60.45,131279166
2020-08-31,61.6,62.75,54.75,55.3,89955266
2020-09-01,55.3,56.8,53.35,54.65,60214650
2020-09-02,55.2,56.2,54.15,55.9,33946132
2020-09-03,56.45,56.7,55.3,55.7,22609267
2020-09-04,54.0,55.05,53.6,53.85,34819706
2020-09-07,53.85,54.2,52.15,52.85,30459398
2020-09-08,53.0,53.2,51.75,52.1,24123711
2020-09-09,51.1,51.85,49.7,51.3,37725138
2020-09-10,52.1,52.5,50.6,51.25,32249538
2020-09-11,51.4,52.15,50.85,51.8,23114723
2020-09-14,52.4,55.0,52.3,53.35,48277630
2020-09-15,53.95,54.45,52.85,54.25,25098558
2020-09-16,54.35,54.35,52.9,53.55,29166385
2020-09-17,53.0,53.95,52.4,52.65,27926203
2020-09-18,53.3,53.4,51.0,51.9,33321564
2020-09-21,52.0,52.1,49.5,49.8,33481267
2020-09-22,50.0,50.15,47.55,48.85,37261285
2020-09-23,49.5,49.8,47.5,48.45,34958428
2020-09-24,47.4,47.9,45.5,45.75,41509055
2020-09-25,46.3,47.95,45.35,47.7,32271635
2020-09-28,48.7,50.65,48.0,50.5,28676719
2020-09-29,50.5,50.9,48.95,49.2,27538534
2020-09-30,49.5,49.6,48.5,48.6,21059470
2020-10-01,49.3,50.65,49.05,50.5,30741975
2020-10-05,51.3,52.35,50.2,50.8,37525155
2020-10-06,51.4,52.0,50.7,51.75,24411044
2020-10-07,51.9,51.9,50.75,51.45,21173409
2020-10-08,51.6,53.15,51.5,52.2,36017681
2020-10-09,52.15,53.15,51.75,52.95,29321305
2020-10-12,53.35,54.25,52.3,52.5,25904311
2020-10-13,52.35,53.0,51.85,52.45,14672810
2020-10-14,52.3,53.2,51.4,52.9,26184035
2020-10-15,53.25,54.0,51.45,51.75,39618659
2020-10-16,52.25,53.5,51.4,52.2,44188830
2020-10-19,53.55,56.6,53.2,56.2,93001569
2020-10-20,55.55,57.2,55.05,56.85,46062104
2020-10-21,56.85,58.8,55.75,57.0,54765746
2020-10-22,56.5,56.85,55.75,56.5,32543591
2020-10-23,57.0,57.15,55.9,56.0,27949730
2020-10-26,56.3,56.3,54.0,54.15,32691534
2020-10-27,54.7,54.7,53.1,54.05,37331777
2020-10-28,53.95,54.0,51.6,52.15,45781987
2020-10-29,51.9,51.9,50.25,51.0,39040125
2020-10-30,51.2,51.4,49.8,50.45,38980684
2020-11-02,51.05,52.5,50.05,51.65,44467732
2020-11-03,52.0,53.7,51.9,53.5,39874232
2020-11-04,53.0,53.4,51.25,52.7,41397509
2020-11-05,53.1,54.45,53.1,54.15,39135687
2020-11-06,54.1,55.3,53.35,54.75,42549793
2020-11-09,55.5,56.55,54.7,55.7,38980097
2020-11-10,56.2,59.0,56.15,58.65,67005996
2020-11-11,59.15,59.45,56.5,57.45,46546567
2020-11-12,57.5,57.55,56.2,56.3,25878902
2020-11-13,55.8,56.95,54.7,56.65,36216804
2020-11-14,57.05,57.2,56.1,56.6,3280256
2020-11-17,57.0,58.55,56.9,58.05,34651878
2020-11-18,57.85,62.5,57.25,61.9,71799349
2020-11-19,61.35,61.9,58.1,58.6,54352436
2020-11-20,58.7,59.35,56.9,58.45,43773824
2020-11-23,59.1,59.55,57.85,58.3,29514760
2020-11-24,59.0,59.15,57.3,58.5,39158987
2020-11-25,59.0,61.55,58.8,59.2,62225629
2020-11-26,59.9,60.1,58.4,59.85,38323739
2020-11-27,60.0,63.5,59.85,62.8,71574923
2020-12-01,63.2,65.85,62.3,65.6,54097063
2020-12-02,65.75,66.95,63.8,65.05,52003516
2020-12-03,65.8,67.0,65.3,65.6,40295263
2020-12-04,66.25,67.0,64.4,66.0,38790878
2020-12-07,66.1,67.6,65.95,66.35,34167162
2020-12-08,66.8,67.2,64.8,65.5,38177971
2020-12-09,66.2,67.0,65.75,66.6,27130749
2020-12-10,66.4,66.5,64.85,65.5,38211390
2020-12-11,66.05,67.2,65.6,66.25,31794609
2020-12-14,66.55,69.1,66.55,68.4,48793541
2020-12-15,68.65,68.65,66.7,67.4,28751441
2020-12-16,68.25,68.5,67.5,67.75,19517091
2020-12-17,67.9,68.9,67.0,67.1,25152667
2020-12-18,67.5,67.65,65.3,66.35,21800372
2020-12-21,66.05,66.05,59.5,60.4,53156785
2020-12-22,60.45,62.15,57.65,61.8,67432435
2020-12-23,62.15,64.75,61.25,64.25,34846873
2020-12-24,64.3,66.05,64.3,65.2,27730531
2020-12-28,65.85,67.65,65.85,67.4,28813310
2020-12-29,67.7,68.25,66.35,67.4,29998634
2020-12-30,67.65,68.0,66.3,67.25,19496396
2020-12-31,67.2,67.2,66.25,66.7,17910330
2021-01-01,67.0,68.2,66.8,68.05,14471914
2021-01-04,69.0,71.4,68.8,70.55,45809327
2021-01-05,70.0,72.5,69.25,72.3,41838390
2021-01-06,73.1,74.2,71.45,72.7,42551006
2021-01-07,74.9,76.5,73.25,75.65,51330375
2021-01-08,76.4,76.8,75.4,75.75,25199203
2021-01-11,76.25,76.45,73.6,74.8,23281709
2021-01-12,74.0,76.85,73.5,76.2,29285428
2021-01-13,77.0,78.0,74.35,74.8,41785200
2021-01-14,75.2,75.9,74.25,75.05,21212153
2021-01-15,74.85,75.3,71.8,73.35,28983879
2021-01-18,72.95,73.4,71.1,71.6,23791895
2021-01-19,72.0,75.6,72.0,75.4,28261556
2021-01-20,75.8,78.0,74.65,77.3,71372249
2021-01-21,78.85,78.85,75.25,76.25,48996022
2021-01-22,76.3,77.0,72.9,73.3,37307932
2021-01-25,74.05,74.8,70.8,71.25,30214877
2021-01-27,71.25,71.9,69.4,69.8,35526511
2021-01-28,69.25,72.45,69.05,71.6,57090348
2021-01-29,72.6,74.55,71.85,72.3,52821135
2021-02-01,73.35,77.45,71.75,77.2,38848036
2021-02-02,77.85,81.85,77.6,80.25,52080504
2021-02-03,80.75,82.2,79.2,81.6,36230202
2021-02-04,81.35,85.8,80.55,85.55,43530895
2021-02-05,85.5,87.25,82.85,83.2,37901726
2021-02-08,83.95,84.95,82.4,82.85,16475271
2021-02-09,83.0,85.45,82.0,82.95,27021814
2021-02-10,83.0,83.75,81.8,82.85,20062934
2021-02-11,82.3,84.0,82.3,83.4,15247124
2021-02-12,83.7,84.15,82.65,83.15,12911103
2021-02-15,83.65,85.7,83.5,85.2,20979020
2021-02-16,86.2,87.25,84.15,85.4,27805881
2021-02-17,85.2,88.2,84.6,86.7,30110062
2021-02-18,87.25,87.5,85.55,86.75,21328550
2021-02-19,86.7,87.4,82.65,83.45,21997527
2021-02-22,83.75,84.15,79.5,79.95,22954904
2021-02-23,80.1,82.3,80.0,81.25,21166182
2021-02-24,82.1,85.1,81.15,84.7,13585032
2021-02-25,87.0,88.15,85.55,86.25,31750950
2021-02-26,84.9,85.25,82.1,83.55,26936158
2021-03-01,84.65,84.75,82.5,83.05,13016839
2021-03-02,83.5,84.75,82.05,83.3,17089278
2021-03-03,83.7,88.5,83.5,88.1,38195349
2021-03-04,86.7,92.5,85.8,90.7,53425954
2021-03-05,89.9,91.0,85.35,87.35,31006526
2021-03-08,88.2,89.2,85.9,86.3,20432110
2021-03-09,87.2,87.7,84.15,85.25,17158578
2021-03-10,86.0,87.2,84.9,86.3,17414101
2021-03-12,87.25,87.8,84.4,85.25,15241292
2021-03-15,85.65,85.65,81.3,83.75,25969376
2021-03-16,84.1,84.85,82.5,83.6,19001810
2021-03-17,83.65,83.75,79.7,80.2,20684329
2021-03-18,81.0,82.1,76.7,77.75,24059775
2021-03-19,77.3,79.5,74.4,77.9,29696921
2021-03-22,78.0,78.55,76.6,77.15,16327873
2021-03-23,77.5,79.6,77.3,78.2,17739659
2021-03-24,78.0,78.3,75.1,75.65,15165464
2021-03-25,75.2,77.4,72.6,76.3,31628783
2021-03-26,77.1,78.25,76.1,76.75,19263538
2021-03-30,78.0,78.2,75.55,75.8,20729627
2021-03-31,75.75,77.1,75.4,75.8,13984956
2021-04-01,76.45,79.5,76.3,78.85,17948568
2021-04-05,78.85,78.85,74.35,76.4,21409152
2021-04-06,77.0,77.9,75.75,76.85,13469267
2021-04-07,77.05,79.7,76.25,79.05,20909522
2021-04-08,79.15,80.35,77.5,77.8,22333908
2021-04-09,77.8,79.35,77.2,77.7,13319626
2021-04-12,75.0,76.1,70.35,71.2,33673976
2021-04-13,71.5,77.5,71.05,77.0,39859534
2021-04-15,75.0,77.25,74.1,75.85,22121021
2021-04-16,75.95,77.6,75.0,76.4,19511735
2021-04-19,73.75,74.0,71.05,71.95,31167449
2021-04-20,73.15,74.5,71.7,72.1,22445564
2021-04-22,70.2,72.6,70.2,71.75,25187266
2021-04-23,71.45,73.3,71.1,72.05,19721445
2021-04-26,72.75,75.25,72.75,73.95,26114856
2021-04-27,74.05,75.45,73.65,75.15,17179563
2021-04-28,75.15,78.1,75.1,77.85,25111812
2021-04-29,78.6,79.3,76.6,77.55,28600074
2021-04-30,77.05,82.9,76.25,80.1,64129131
2021-05-03,79.5,80.6,77.2,79.85,24276048
2021-05-04,80.6,82.8,79.0,79.45,35216722
2021-05-05,80.45,81.0,79.0,80.05,15530336
2021-05-06,80.5,80.85,78.3,78.6,17472483
2021-05-07,79.5,79.8,77.25,77.65,15173888
2021-05-10,78.3,80.2,77.9,79.55,16982850
2021-05-11,79.0,83.4,78.1,81.8,32415840
2021-05-12,82.3,84.0,80.6,81.6,36316083
2021-05-14,82.45,82.85,79.05,79.65,20951304
2021-05-17,80.8,83.5,77.65,81.55,97918564
2021-05-18,84.0,86.4,83.1,84.35,84550492
2021-05-19,84.3,85.4,83.3,84.4,26551292
2021-05-20,84.7,85.5,82.85,83.45,22471941
2021-05-21,84.05,85.5,83.4,85.15,24025317
2021-05-24,85.75,87.25,84.85,86.4,32717895
2021-05-25,86.85,87.65,85.6,86.85,28803347
2021-05-26,87.2,87.7,86.6,87.0,20844850
2021-05-27,87.0,88.7,86.25,88.05,22886407
2021-05-28,88.85,89.4,87.65,89.0,24897756
2021-05-31,88.8,89.35,87.0,87.25,19382451
2021-06-01,87.3,87.9,85.1,85.75,23672298
2021-06-02,85.75,87.9,85.25,87.6,15917553
2021-06-03,87.95,89.25,87.75,88.0,18196232
2021-06-04,88.1,88.5,86.9,87.85,13270504
2021-06-07,87.9,88.6,87.2,87.55,14273855
2021-06-08,87.6,87.9,86.05,86.2,12959267
2021-06-09,86.4,87.6,83.5,84.5,25076526
2021-06-10,85.0,86.75,84.55,86.45,16619873
2021-06-11,87.0,87.65,85.3,86.05,13388255
2021-06-14,86.05,86.05,83.35,85.3,15538471
2021-06-15,85.75,87.2,85.5,86.0,16132267
2021-06-16,86.0,86.7,84.75,84.95,13901357
2021-06-17,84.5,86.45,84.25,85.35,21189940
2021-06-18,85.75,86.0,81.25,83.85,20269918
2021-06-21,82.7,85.6,81.9,85.35,14830152
2021-06-22,85.8,86.6,84.3,84.6,17222313
2021-06-23,85.1,86.35,84.6,84.8,13567339
2021-06-24,85.25,85.4,84.05,84.85,12288877
2021-06-25,85.15,86.2,84.85,85.75,14215718
2021-06-28,86.2,88.1,85.9,87.35,17814231
2021-06-29,87.45,87.75,86.0,86.5,17100260
2021-06-30,87.0,87.55,86.45,87.1,14367650
2021-07-01,86.8,86.9,85.8,86.0,8653163
2021-07-02,86.2,86.3,84.9,85.3,10597712
2021-07-05,85.65,87.55,85.3,87.25,17005014
2021-07-06,87.4,88.5,86.5,86.9,19807149
2021-07-07,86.9,86.9,85.35,86.3,12472836
2021-07-08,86.5,87.8,85.5,86.05,14929358
2021-07-09,86.05,86.1,85.0,85.6,8479435
2021-07-12,88.45,90.9,87.1,89.5,66543936
2021-07-13,90.35,90.35,88.5,89.25,17595140
2021-07-14,89.5,90.3,88.75,89.85,17850303
2021-07-15,89.85,90.0,87.6,88.4,14639550
2021-07-16,88.6,88.9,87.6,87.9,10270602
2021-07-19,86.5,87.4,85.8,86.0,11727934
2021-07-20,86.0,86.35,82.95,83.75,15546947
2021-07-22,85.0,85.4,83.85,84.25,11982348
2021-07-23,84.95,87.0,83.7,85.4,52135646
2021-07-26,85.65,87.6,84.65,87.25,28994949
2021-07-27,87.5,88.45,86.05,86.3,26001457
2021-07-28,86.3,86.45,84.75,85.55,12226537
2021-07-29,85.95,86.4,85.0,85.9,12676353
2021-07-30,86.15,88.0,85.35,87.45,14456555
2021-08-02,87.9,88.1,86.3,86.55,10564287
2021-08-03,86.05,89.4,86.05,89.15,19906321
2021-08-04,89.15,90.0,87.25,87.75,22414475
2021-08-05,88.0,88.05,85.45,85.95,17695360
2021-08-06,86.0,87.4,85.8,87.15,16582952
2021-08-09,87.0,88.2,86.35,87.75,11443816
2021-08-10,87.8,88.15,85.5,86.4,16781025
2021-08-11,86.5,86.8,84.05,85.2,16619726
2021-08-12,85.2,86.25,85.1,85.6,10443600
2021-08-13,85.75,86.1,84.45,85.3,9740235
2021-08-16,85.3,85.5,84.6,84.8,6958502
2021-08-17,84.7,84.8,83.0,83.25,11228911
2021-08-18,83.65,84.15,82.4,83.25,11789254
2021-08-20,82.35,82.85,79.55,79.9,17753165
2021-08-23,80.5,80.85,77.85,78.25,9998875
2021-08-24,78.3,80.55,78.1,80.1,11212700
2021-08-25,80.45,80.95,80.1,80.45,14068568
2021-08-26,80.5,80.6,78.0,78.2,10575502
2021-08-27,78.0,78.65,77.5,77.95,9003787
2021-08-30,78.9,81.95,78.25,81.35,21810178
2021-08-31,81.3,81.75,80.1,81.25,13356776
2021-09-01,81.5,83.25,81.1,82.4,16310517
2021-09-02,82.8,83.35,82.4,82.8,6746469
2021-09-03,83.2,84.45,82.1,82.85,11703500
2021-09-06,83.5,83.5,82.3,82.4,6317125
2021-09-07,82.7,82.7,80.65,81.55,7586462
2021-09-08,81.8,83.45,81.25,83.1,9085081
2021-09-09,82.95,83.25,81.85,82.4,7302486
2021-09-13,82.4,82.65,81.65,82.1,4067786
2021-09-14,82.5,82.9,81.95,82.35,5706185
2021-09-15,82.3,84.2,81.85,83.65,9881509
2021-09-16,84.45,86.2,83.4,85.9,19475498
2021-09-17,86.5,86.7,83.1,83.3,19944073
2021-09-20,83.0,83.0,79.4,79.7,16863234
2021-09-21,79.5,80.5,78.15,80.05,15056016
2021-09-22,80.4,81.65,79.9,81.1,10697315
2021-09-23,82.0,82.5,81.25,81.85,13640424
2021-09-24,82.5,82.55,80.55,80.85,9330468
2021-09-27,81.4,82.0,81.0,81.6,5384060
2021-09-28,81.9,82.0,80.1,80.9,10618280
2021-09-29,80.7,82.25,79.5,81.35,23686048
2021-09-30,81.8,86.25,81.7,84.3,33472211
2021-10-01,83.95,84.3,82.7,83.15,10264738
2021-10-04,84.5,86.0,83.95,85.05,15602179
2021-10-05,85.15,86.2,84.5,85.75,13017163
2021-10-06,85.9,86.9,84.05,84.4,13315657
2021-10-07,85.7,86.45,84.8,85.45,11719207
2021-10-08,85.95,86.35,84.8,85.6,14090906
2021-10-11,86.5,87.5,85.8,86.25,12822354
2021-10-12,86.95,88.95,85.5,88.6,25448034
2021-10-13,89.05,94.0,88.5,93.6,54208636
2021-10-14,94.7,95.5,92.75,93.1,31082419
2021-10-18,95.0,96.5,94.0,95.3,28559068
2021-10-19,96.05,96.05,92.45,92.85,17698523
2021-10-20,92.85,94.4,91.0,94.0,20059712
2021-10-21,94.8,98.0,93.3,96.55,47242354
2021-10-22,97.2,105.7,93.6,103.9,128941859
2021-10-25,105.0,107.65,100.3,102.5,78995676
2021-10-26,103.0,104.7,101.65,102.0,25656807
2021-10-27,102.7,102.75,98.3,100.35,31075808
2021-10-28,100.35,101.6,97.05,97.8,21384254
2021-10-29,97.9,100.0,96.0,97.45,25060969
2021-11-01,98.0,99.25,96.85,98.0,21186299
2021-11-02,98.75,102.7,98.55,101.95,28226648
2021-11-03,102.65,102.65,99.0,100.2,24199708
2021-11-04,101.4,101.85,100.9,101.1,2912999
2021-11-08,101.6,102.2,100.2,101.55,15322961
2021-11-09,101.55,103.35,100.75,102.05,22350613
2021-11-10,102.05,102.8,100.05,100.35,16567044
2021-11-11,100.9,102.1,99.3,100.2,17144200
2021-11-12,100.95,101.05,99.75,100.1,13928829
2021-11-15,100.6,101.3,99.0,99.55,11534669
2021-11-16,99.75,99.75,97.05,97.4,11586459
2021-11-17,97.4,98.3,96.5,97.1,10725400
2021-11-18,97.15,98.1,94.0,94.7,16495647
2021-11-22,95.3,95.3,90.5,91.45,17323342
2021-11-23,91.0,93.2,90.75,92.75,17668580
2021-11-24,93.25,94.55,92.55,93.05,11974638
2021-11-25,93.05,94.4,92.05,92.9,10826969
2021-11-26,92.65,92.7,88.05,88.7,21088333
2021-11-29,88.0,88.55,84.7,87.05,18514448
2021-11-30,87.5,90.2,86.25,86.8,20266746
2021-12-01,87.5,88.75,87.1,88.55,14539590
2021-12-02,88.5,89.2,87.5,88.9,12932852
2021-12-03,89.1,90.0,88.8,89.2,12453387
2021-12-06,89.35,89.5,87.4,87.75,8944775
2021-12-07,88.75,89.95,88.15,89.65,11089664
2021-12-08,90.85,90.85,89.65,90.35,11330813
2021-12-09,90.5,91.4,90.1,90.8,8410945
2021-12-10,90.75,92.9,90.0,92.6,9658633
2021-12-13,93.35,93.4,91.65,91.95,14719726
2021-12-14,91.5,91.5,89.9,91.0,7786084
2021-12-15,91.25,91.45,89.05,89.3,10577697
2021-12-16,90.0,90.1,88.0,88.6,9936849
2021-12-17,88.2,88.55,84.8,85.2,19561652
2021-12-20,84.75,84.75,78.8,81.05,24015437
2021-12-21,81.95,82.25,79.85,80.55,14156976
2021-12-22,82.4,82.4,80.4,81.3,13374546
2021-12-23,82.0,83.1,81.6,82.15,12168815
2021-12-24,82.5,82.5,80.35,81.0,12195815
2021-12-27,80.25,81.9,78.6,81.25,9405458
2021-12-28,82.1,82.35,81.3,81.9,6676061
2021-12-29,81.75,82.5,81.4,81.95,6029362
2021-12-30,81.95,82.75,80.6,82.2,25636819
2021-12-31,82.2,83.5,82.1,83.0,7508345
2022-01-03,83.2,87.85,82.95,87.2,23089490
2022-01-04,88.0,88.9,86.9,88.5,17703948
2022-01-05,88.45,90.35,87.75,90.05,18419964
2022-01-06,89.7,90.6,89.0,90.05,16421121
2022-01-07,90.8,91.9,90.05,91.35,19019068
2022-01-10,91.85,95.9,91.6,95.55,29701899
2022-01-11,95.95,96.9,94.45,96.45,19146191
2022-01-12,98.7,99.5,97.7,98.5,22266577
2022-01-13,98.5,101.9,97.75,100.6,23810313
2022-01-14,100.45,101.0,98.8,99.5,11509042
2022-01-17,99.45,100.5,99.2,100.0,8373684
2022-01-18,100.2,101.0,97.8,98.3,16203943
2022-01-19,98.5,99.8,97.3,98.55,12924190
2022-01-20,98.4,99.2,97.4,97.85,10645612
2022-01-21,97.05,97.1,93.1,93.9,14711397
2022-01-24,93.9,94.75,90.25,92.0,16770551
2022-01-25,92.0,97.65,90.8,95.85,41665022
2022-01-27,95.4,100.5,94.0,100.1,31055664
2022-01-28,100.75,102.75,99.6,100.2,28438564
2022-01-31,101.5,101.7,99.8,100.6,14174495
2022-02-01,101.1,102.0,98.25,100.25,14525052
2022-02-02,101.0,102.2,100.3,101.4,12593978
2022-02-03,101.25,101.9,100.8,101.0,10269350
2022-02-04,101.0,101.2,98.25,98.9,9864599
2022-02-07,99.0,100.5,97.8,99.5,24264144
2022-02-08,99.85,100.05,97.0,99.0,9556428
2022-02-09,99.7,103.0,99.7,102.15,22966546
2022-02-10,102.5,105.0,100.9,104.45,30117303
2022-02-11,103.9,106.0,102.3,102.95,28714979
2022-02-14,100.0,100.45,95.45,96.2,23369759
2022-02-15,96.8,100.95,94.4,100.45,20803245
2022-02-16,101.0,101.5,98.95,99.6,16016476
2022-02-17,99.7,100.2,98.05,98.5,13437785
2022-02-18,97.0,98.95,96.95,97.9,10075699
2022-02-21,97.8,101.85,97.0,99.75,35843421
2022-02-22,97.75,100.05,96.15,99.45,25227553
2022-02-23,99.45,102.1,99.45,100.3,21482751
2022-02-24,97.0,97.55,92.6,93.85,39643527
2022-02-25,95.45,97.6,95.0,96.75,28249018
2022-02-28,96.1,97.3,95.0,97.0,14455709
2022-03-02,96.0,97.75,94.65,96.05,15548463
2022-03-03,97.45,97.5,95.3,95.75,12419175
2022-03-04,95.3,95.65,92.85,93.25,13385957
2022-03-07,92.0,92.5,86.0,87.4,24502834
2022-03-08,87.0,90.4,86.05,89.65,29047023
2022-03-09,90.8,93.0,89.5,92.45,23549931
2022-03-10,95.2,97.25,93.75,94.7,25939107
2022-03-11,94.4,95.75,93.8,95.3,15023756
2022-03-14,95.35,96.0,93.8,94.9,15504240
2022-03-15,95.35,95.8,93.0,93.45,12684289
2022-03-16,94.95,98.7,94.55,98.35,23649366
2022-03-17,99.65,100.3,97.75,98.05,18789951
2022-03-21,98.45,98.45,96.8,97.35,10129862
2022-03-22,97.5,99.2,96.5,98.85,11871146
2022-03-23,99.0,100.0,98.15,98.55,11438626
2022-03-24,98.3,99.15,97.7,98.0,10320726
2022-03-25,98.1,98.7,97.1,97.5,7671535
2022-03-28,97.8,99.05,96.2,98.65,11144335
2022-03-29,99.65,99.8,97.3,97.55,11378953
2022-03-30,98.55,98.65,96.65,97.05,18410087
2022-03-31,97.2,98.4,96.9,97.4,10490975
2022-04-01,97.4,102.25,97.15,101.6,21163607
2022-04-04,102.0,104.0,101.25,102.5,25317872
2022-04-05,103.2,103.2,97.7,98.25,43539147
2022-04-06,98.25,100.3,97.5,99.3,15242800
2022-04-07,99.3,99.8,98.0,98.45,17796591
2022-04-08,99.5,100.9,99.0,100.2,15120901
2022-04-11,100.0,101.35,99.55,100.05,8635769
2022-04-12,100.05,100.05,97.25,98.45,12213669
2022-04-13,99.0,100.2,98.25,98.95,11604703
2022-04-18,98.7,98.7,96.15,96.95,9523135
2022-04-19,97.6,98.85,95.0,96.3,11897241
2022-04-20,96.95,97.8,95.75,96.1,10227110
2022-04-21,96.9,97.3,96.0,96.6,10130826
2022-04-22,96.5,96.7,95.4,95.75,11899685
2022-04-25,95.0,96.55,93.7,95.4,12393868
2022-04-26,96.8,97.75,96.25,97.5,10607557
2022-04-27,96.85,97.7,95.9,97.05,7410436
2022-04-28,97.2,98.0,96.3,97.65,6876170
2022-04-29,98.0,98.6,95.7,96.0,7943317
2022-05-02,94.0,96.55,93.5,94.55,9517127
2022-05-04,95.2,97.75,93.85,94.45,15628039
2022-05-05,95.3,96.9,93.9,94.15,16564829
2022-05-06,93.0,93.9,88.65,91.1,37190821
2022-05-09,91.65,94.9,89.35,93.8,29740740
2022-05-10,93.2,95.0,91.85,92.4,14752094
2022-05-11,93.55,93.55,89.3,90.7,16650244
2022-05-12,90.55,90.75,83.95,85.45,29157781
2022-05-13,87.85,87.85,83.2,83.5,17971518
2022-05-16,84.9,85.9,82.8,85.3,14916447
2022-05-17,85.6,87.0,84.4,86.7,12606291
2022-05-18,87.4,87.75,85.75,86.1,12264421
2022-05-19,84.0,85.0,82.7,83.45,12533024
2022-05-20,84.95,85.5,84.25,85.3,9026094
2022-05-23,86.2,86.55,84.8,85.1,8056677
2022-05-24,85.6,85.9,84.3,84.55,8238311
2022-05-25,84.9,85.5,83.05,83.5,8821604
2022-05-26,83.95,85.5,82.5,85.05,11661808
2022-05-27,85.55,87.45,85.55,86.9,10805008
2022-05-30,87.9,90.45,87.6,90.15,10333214
2022-05-31,89.95,90.6,88.15,88.85,7561081
2022-06-01,88.4,90.0,88.3,89.3,6377447
2022-06-02,89.7,92.25,89.3,92.0,14588418
2022-06-03,92.9,93.4,89.8,90.15,14520124
2022-06-06,90.55,91.15,88.5,90.8,11663917
2022-06-07,90.35,91.45,89.9,91.15,9194889
2022-06-08,90.75,92.85,90.5,91.1,9098083
2022-06-09,90.7,91.65,90.2,91.35,5384969
2022-06-10,90.4,92.05,90.15,91.7,5883324
2022-06-13,90.0,91.35,87.85,88.7,10712518
2022-06-14,88.65,91.4,88.5,89.9,10367840
2022-06-15,90.45,90.85,88.9,89.15,10060165
2022-06-16,90.7,90.75,86.3,86.9,10232041
2022-06-17,86.05,88.2,85.5,87.3,10344357
2022-06-20,87.5,88.1,84.0,84.8,9567545
2022-06-21,85.85,88.3,85.2,87.8,8029209
2022-06-22,87.7,87.7,86.35,86.8,4463288
2022-06-23,87.35,87.7,85.55,86.95,7559023
2022-06-24,87.8,89.65,87.3,89.35,9452966
2022-06-27,90.75,92.0,90.15,91.05,8739342
2022-06-28,90.1,92.15,90.05,91.8,6663872
2022-06-29,91.0,92.35,90.5,91.6,8629695
2022-06-30,91.2,92.1,90.0,90.2,6540849
2022-07-01,90.55,94.35,89.3,93.65,16073373
2022-07-04,94.25,95.5,93.15,95.2,13501261
2022-07-05,95.5,95.8,94.1,94.55,8291514
2022-07-06,94.2,95.8,93.8,95.55,9418380
2022-07-07,96.4,97.25,95.75,97.0,11404099
2022-07-08,97.3,98.25,96.3,97.5,6014287
2022-07-11,96.95,99.9,96.55,99.7,10419710
2022-07-12,99.5,100.7,98.2,98.45,11379873
2022-07-13,99.2,99.65,97.25,98.0,6843492
2022-07-14,98.2,99.05,96.15,97.2,13463788
2022-07-15,97.8,99.95,96.4,98.75,22353647
2022-07-18,100.0,103.2,99.7,103.0,27285612
2022-07-19,101.5,107.5,100.6,107.05,40561228
2022-07-20,108.45,109.45,104.6,105.15,30368364
2022-07-21,105.5,108.0,104.85,107.2,15882426
2022-07-22,107.85,108.35,106.45,107.2,11412216
2022-07-25,107.2,108.0,105.5,107.35,11501496
2022-07-26,107.45,107.55,105.35,105.7,6454013
2022-07-27,105.4,107.8,105.05,107.45,11256923
2022-07-28,108.05,109.25,106.5,107.3,13107519
2022-07-29,108.45,108.45,106.5,106.65,7925696
2022-08-01,106.75,107.85,105.75,106.9,9882729
2022-08-02,106.75,111.95,106.0,110.85,29943278
2022-08-03,110.65,111.2,108.05,109.0,11009901
2022-08-04,109.8,109.9,106.45,107.95,11536827
2022-08-05,108.3,110.65,107.55,108.95,11292440
2022-08-08,108.95,110.9,107.85,109.55,9773628
2022-08-10,109.95,110.75,109.05,109.75,8193387
2022-08-11,110.35,112.45,109.75,111.15,13838517
2022-08-12,111.25,111.9,110.5,110.8,6636181
2022-08-16,111.0,111.5,109.45,110.35,8723159
2022-08-17,110.6,110.95,108.8,109.8,10861983
2022-08-18,109.75,112.0,109.6,111.0,10109846
2022-08-19,111.0,111.25,106.85,107.55,10127705
2022-08-22,107.0,107.65,105.5,106.65,11627416
2022-08-23,105.55,110.2,105.2,109.85,9588848
2022-08-24,109.45,114.4,109.3,114.0,22321308
2022-08-25,114.75,116.1,113.5,113.9,26934518
2022-08-26,115.15,115.75,113.25,113.9,13977432
2022-08-29,110.0,113.6,108.6,113.1,10728917
2022-08-30,113.85,117.85,113.5,117.0,26076777
2022-09-01,115.05,119.1,115.05,118.75,19439843
2022-09-02,119.8,122.8,118.8,119.55,21691153
2022-09-05,120.4,129.75,120.1,123.55,60977739
2022-09-06,124.7,124.7,120.15,121.2,20079032
2022-09-07,120.95,122.2,118.55,118.75,14868949
2022-09-08,119.95,120.5,115.65,118.05,20125550
2022-09-09,119.2,122.7,118.0,119.55,24051083
2022-09-12,120.15,120.75,119.0,119.8,10126462
2022-09-13,120.4,120.5,118.35,119.15,8918057
2022-09-14,117.15,121.0,116.4,120.75,13520540
2022-09-15,121.75,124.35,120.65,122.05,16778868
2022-09-16,121.3,124.65,120.25,121.55,24093647
2022-09-19,121.55,123.6,120.8,122.6,9936503
2022-09-20,123.75,124.6,123.15,123.3,7439626
2022-09-21,123.1,123.9,121.0,122.75,8204399
2022-09-22,121.9,124.1,120.6,122.9,12019517
2022-09-23,123.0,123.3,115.9,116.75,14301412
2022-09-26,115.0,116.0,109.45,111.0,20998829
2022-09-27,111.6,115.3,110.6,114.4,16966246
2022-09-28,112.7,114.1,111.55,111.85,10117759
2022-09-29,113.5,114.55,111.0,113.0,12297229
2022-09-30,112.7,119.5,111.4,118.75,17967686
2022-10-03,119.35,121.5,115.9,116.3,20472858
2022-10-04,118.8,121.15,118.75,120.85,10509831
2022-10-06,121.45,122.2,120.4,120.85,9762115
2022-10-07,120.5,123.2,118.75,122.85,15447242
2022-10-10,121.0,122.0,120.1,121.35,8985222
2022-10-11,121.8,124.2,121.05,122.4,15549812
2022-10-12,123.3,125.9,121.8,125.6,17110533
2022-10-13,125.55,126.75,124.4,124.9,18586183
2022-10-14,127.0,132.2,125.1,130.35,64043276
2022-10-17,132.0,132.7,129.1,131.5,34812065
2022-10-18,132.8,133.8,131.75,132.3,19209348
2022-10-19,132.8,134.1,130.75,131.3,17193426
2022-10-20,130.6,131.45,129.3,130.3,11746743
2022-10-21,131.0,134.8,130.25,132.6,21539773
2022-10-24,135.05,135.25,134.1,134.75,5471882
2022-10-25,134.9,135.55,133.15,134.2,11565536
2022-10-27,135.1,136.0,133.55,134.6,12116858
2022-10-28,135.0,135.0,130.8,131.15,11830604
2022-10-31,131.95,132.6,129.6,131.5,14441082
2022-11-01,132.2,133.6,131.25,131.9,17414680
2022-11-02,132.35,133.75,131.9,133.2,9763448
2022-11-03,132.35,137.9,132.1,137.25,22729155
2022-11-04,137.5,138.85,135.4,136.35,12856806
2022-11-07,137.0,139.25,136.0,137.0,15494978
2022-11-09,138.0,139.0,136.85,138.1,10717725
2022-11-10,137.7,139.7,136.9,138.0,8519582
2022-11-11,139.95,139.95,134.0,135.05,18402905
2022-11-14,135.4,136.4,133.4,136.05,6766232
2022-11-15,136.35,136.75,135.25,136.1,6002862
2022-11-16,135.65,136.95,131.8,133.15,9854701
2022-11-17,133.0,135.6,132.8,134.95,7763154
2022-11-18,135.25,135.25,132.4,132.7,5861896
2022-11-21,132.3,133.0,131.4,132.4,4197089
2022-11-22,132.9,133.2,130.2,131.45,6354133
2022-11-23,132.15,134.95,131.65,134.35,8020019
2022-11-24,134.95,135.25,132.9,133.35,7435488
2022-11-25,134.0,135.1,132.0,132.55,7701526
2022-11-28,133.25,134.25,132.3,133.8,7327894
2022-11-29,133.75,134.7,132.05,132.45,6388679
2022-11-30,132.8,133.35,131.0,131.45,6326371
2022-12-01,132.15,134.9,131.25,132.7,10535474
2022-12-02,132.9,133.9,132.0,133.25,6907375
2022-12-05,133.8,137.65,133.05,137.3,14401826
2022-12-06,137.85,139.2,134.4,134.8,18534496
2022-12-07,135.0,135.7,131.2,132.1,12158260
2022-12-08,132.7,136.2,132.25,135.75,16928789
2022-12-09,136.4,138.2,132.6,133.85,12091632
2022-12-12,133.95,134.4,132.25,134.0,5392164
2022-12-13,134.6,137.4,134.1,136.25,10645314
2022-12-14,136.95,137.65,136.0,136.75,7409698
2022-12-15,136.75,142.2,136.25,137.85,30030543
2022-12-16,137.55,139.75,135.35,136.05,14600806
2022-12-19,136.25,137.75,134.4,136.85,10385302
2022-12-20,136.7,137.35,133.3,134.95,10008151
2022-12-21,135.6,136.25,130.35,130.9,13127587
2022-12-22,131.45,132.35,127.1,127.95,17643887
2022-12-23,126.1,126.95,121.45,122.45,13181619
2022-12-26,122.75,132.3,120.9,130.75,22992460
2022-12-27,131.75,133.35,129.8,132.95,12906891
2022-12-28,132.5,134.25,131.4,133.65,7348889
2022-12-29,133.15,139.9,132.0,137.65,30066392
2022-12-30,138.05,141.0,137.0,139.05,17160666
2023-01-02,139.75,140.7,137.15,137.7,11044858
2023-01-03,138.25,142.25,137.3,137.75,24559742
2023-01-04,138.25,138.5,134.9,136.4,10921191
2023-01-05,136.9,137.1,135.1,136.7,8313992
2023-01-06,137.0,137.45,133.35,134.6,11398532
2023-01-09,135.45,137.0,134.75,135.65,10116170
2023-01-10,135.95,136.0,133.2,135.25,9012962
2023-01-11,135.75,135.75,133.3,134.65,10832347
2023-01-12,135.25,136.2,133.6,135.05,9268341
2023-01-13,135.5,138.8,134.05,138.45,22395780
2023-01-16,139.25,143.4,137.15,140.3,58289006
2023-01-17,142.5,142.9,135.0,138.0,46001364
2023-01-18,138.7,138.75,134.75,136.7,19124929
2023-01-19,136.45,137.8,135.0,136.0,12287029
2023-01-20,136.0,137.2,133.5,134.25,11820995
2023-01-23,135.1,136.35,134.0,136.0,12409370
2023-01-24,136.7,136.85,134.05,135.0,9611256
2023-01-25,135.0,135.0,130.85,132.25,15133077
2023-01-27,132.95,133.3,129.4,132.0,13446595
2023-01-30,131.9,134.15,130.0,133.05,12277806
2023-01-31,133.7,135.2,131.65,134.45,12256476
2023-02-01,135.45,136.45,127.1,131.35,12078487
2023-02-02,128.55,134.05,128.55,133.3,11753340
2023-02-03,133.9,135.0,130.3,133.4,7881035
2023-02-06,130.0,134.25,130.0,132.9,7602374
2023-02-07,133.25,133.25,130.5,131.0,12025284
2023-02-08,131.45,131.85,130.15,131.35,6651377
2023-02-09,131.35,131.4,129.0,129.95,9128501
2023-02-10,129.65,132.3,129.5,131.45,7108094
2023-02-13,131.75,131.9,129.8,130.4,4384613
2023-02-14,130.8,130.8,127.9,129.75,7680733
2023-02-15,129.6,130.35,128.55,129.65,6266944
2023-02-16,130.75,132.05,129.9,130.25,10039227
2023-02-17,129.85,130.2,126.7,127.1,13966049
2023-02-20,127.1,127.4,125.3,126.0,9530070
2023-02-21,126.4,128.3,125.05,127.35,9155033
2023-02-22,126.8,127.25,124.8,125.2,5283351
2023-02-23,125.2,128.25,124.1,127.85,9981405
2023-02-24,128.6,129.0,126.75,127.15,6152834
2023-02-27,127.0,129.0,125.8,128.65,8137444
2023-02-28,128.75,130.0,127.6,129.15,8178756
2023-03-01,129.85,134.75,129.15,134.35,13898807
2023-03-02,134.1,135.4,132.45,133.35,10331343
2023-03-03,134.05,135.2,134.0,134.2,8336592
2023-03-06,135.4,135.95,133.7,134.15,10685105
2023-03-08,133.9,136.25,132.9,135.9,7830013
2023-03-09,136.2,136.45,133.85,134.2,6794833
2023-03-10,133.25,133.4,131.8,133.0,6662275
2023-03-13,131.95,133.45,128.75,129.5,7173855
2023-03-14,129.5,130.25,127.5,127.75,10242575
2023-03-15,129.5,129.7,126.05,126.6,7183525
2023-03-16,126.6,128.0,124.55,127.3,9318760
2023-03-17,127.8,129.05,127.8,128.4,8882157
2023-03-20,128.5,129.8,126.0,129.1,7022788
2023-03-21,129.75,129.75,127.6,128.8,7719172
2023-03-22,129.3,129.65,128.1,129.1,7040596
2023-03-23,128.9,129.7,126.65,127.0,6305290
2023-03-24,127.0,128.2,125.85,126.85,7844882
2023-03-27,126.85,127.2,125.0,125.45,6549186
2023-03-28,125.75,126.2,123.65,125.7,8491983
2023-03-29,125.6,130.0,125.5,129.1,11695672
2023-03-31,129.7,133.25,129.4,132.3,10340913
2023-04-03,133.0,134.7,132.3,133.15,16580155
2023-04-05,133.45,133.45,128.2,128.55,16378346
2023-04-06,128.5,129.2,126.75,127.05,10998936
2023-04-10,127.95,127.95,126.1,127.0,8949316
2023-04-11,127.95,128.75,127.15,128.3,7732152
2023-04-12,127.15,128.85,127.0,127.25,7493813
2023-04-13,127.25,128.55,126.0,128.1,9104949
2023-04-17,128.1,131.7,127.1,131.35,9713611
2023-04-18,131.35,132.65,130.5,131.65,8784805
2023-04-19,131.15,132.4,131.15,131.7,4628203
2023-04-20,131.7,132.9,131.4,132.3,7467713
2023-04-21,132.2,132.4,130.75,131.0,3869518
2023-04-24,131.1,132.9,130.55,132.1,6342651
2023-04-25,132.1,134.7,132.1,133.4,10237783
2023-04-26,133.15,135.25,132.55,135.0,8575324
2023-04-27,135.15,135.7,133.3,133.95,9193198
2023-04-28,134.35,136.4,134.2,134.95,9349394
2023-05-02,135.55,136.8,135.0,136.45,7107201
2023-05-03,135.9,138.3,135.55,137.7,8477131
2023-05-04,137.7,140.05,137.35,139.4,9125430
2023-05-05,140.0,140.3,127.0,127.75,52169855
2023-05-08,129.0,130.85,126.35,128.65,25677860
2023-05-09,129.0,131.1,128.1,128.55,12857628
2023-05-10,128.55,129.45,127.1,129.25,10100422
2023-05-11,129.75,130.15,127.5,127.8,11009514
2023-05-12,128.3,128.45,125.75,125.9,14452494
2023-05-15,125.9,128.05,123.9,127.5,20973726
2023-05-16,128.2,128.45,126.6,126.95,11003684
2023-05-17,127.1,128.15,126.05,127.65,11739989
2023-05-18,128.5,128.75,126.45,126.75,11018880
2023-05-19,127.2,127.6,124.5,126.15,9669660
2023-05-22,126.0,126.6,125.0,126.2,15934321
2023-05-23,126.5,126.95,125.45,125.65,6772781
2023-05-24,125.55,126.2,123.4,123.8,12562198
2023-05-25,123.55,123.9,122.3,123.25,15655834
2023-05-26,123.5,125.4,123.4,125.25,8746928
2023-05-29,126.1,126.4,125.2,125.5,8267792
2023-05-30,125.95,126.0,124.85,125.3,8917811
2023-05-31,125.25,126.1,124.5,125.25,9003220
2023-06-01,125.25,125.95,124.8,125.5,10982556
2023-06-02,125.95,126.95,125.8,126.15,10542134
2023-06-05,126.95,128.1,126.65,127.3,10321926
2023-06-06,127.5,127.5,125.7,126.15,6668953
2023-06-07,126.5,127.5,125.95,126.2,5556188
2023-06-08,126.25,127.6,125.9,126.1,9170509
2023-06-09,126.25,126.3,124.85,125.1,6445849
2023-06-12,125.0,125.8,124.6,125.2,3558036
2023-06-13,125.5,126.0,124.4,124.55,14180212
2023-06-14,124.8,125.2,123.5,124.4,15051657
2023-06-15,124.65,124.7,121.75,122.05,16997484
2023-06-16,122.7,124.35,122.1,123.75,7806010
2023-06-19,123.95,124.0,122.65,123.1,8471676
2023-06-20,123.1,123.65,122.8,123.4,4066067
2023-06-21,123.7,124.65,123.1,123.45,6402879
2023-06-22,123.7,124.4,123.1,123.8,7522638
2023-06-23,123.75,123.75,121.75,122.15,6602216
2023-06-26,122.15,122.3,121.0,121.3,5930251
2023-06-27,121.95,123.6,121.45,123.05,9768441
2023-06-28,124.0,124.25,121.65,122.15,27133502
2023-06-30,122.35,126.4,122.35,126.15,17568492
2023-07-03,127.2,128.5,126.5,127.55,14414543
2023-07-04,128.0,133.3,127.65,132.0,41128680
2023-07-05,132.75,134.1,131.75,133.3,22443255
2023-07-06,133.0,136.5,132.35,135.4,23044807
2023-07-07,135.95,136.2,133.3,135.15,13848264
2023-07-10,135.15,135.5,132.5,133.9,12720773
2023-07-11,135.1,135.5,133.65,135.0,8025060
2023-07-12,135.0,136.4,133.9,134.25,15485814
2023-07-13,135.0,135.15,126.45,126.75,72729803
2023-07-14,128.05,130.0,126.6,129.3,30563704
2023-07-17,131.0,133.7,129.8,132.6,29948533
2023-07-18,133.6,135.4,131.55,134.9,30095708
2023-07-19,136.1,136.85,133.45,135.75,24377900
2023-07-20,138.1,139.25,135.45,136.85,39128767
2023-07-21,136.8,136.95,133.05,134.15,21243972
2023-07-24,134.5,135.3,133.4,133.95,11438342
2023-07-25,134.6,134.75,131.7,132.6,12507814
2023-07-26,132.7,135.0,132.7,133.9,15769623
2023-07-27,134.3,135.55,133.55,133.9,20697424
2023-07-28,133.95,137.4,133.5,135.45,28108965
2023-07-31,135.95,136.6,134.9,135.65,11585682
2023-08-01,136.4,136.4,134.5,135.1,12265664
2023-08-02,134.8,134.8,130.6,132.75,19099857
2023-08-03,132.75,132.95,130.75,132.15,13591421
2023-08-04,132.95,135.5,131.7,134.6,16663874
2023-08-07,135.15,135.15,133.1,134.05,13236209
2023-08-08,134.65,136.3,134.15,135.45,12282946
2023-08-09,135.5,135.75,133.2,134.6,12772010
2023-08-10,134.3,135.35,133.5,134.2,15357708
2023-08-11,133.8,134.35,132.8,133.2,10427685
2023-08-14,133.4,133.4,130.5,133.0,6724869
2023-08-16,131.9,133.4,131.7,132.2,11329623
2023-08-17,132.6,135.0,132.0,134.6,14592871
2023-08-18,134.5,134.9,132.95,134.15,6454530
2023-08-21,134.15,135.0,133.65,134.25,11583244
2023-08-22,134.5,136.9,134.1,136.05,15619405
2023-08-23,136.55,142.2,135.8,141.7,31220704
2023-08-24,143.3,143.8,139.4,140.7,22632569
2023-08-25,140.0,142.3,138.75,140.7,14682803
2023-08-28,141.45,144.5,140.5,143.9,19046442
2023-08-29,144.8,146.45,144.0,144.45,17276351
2023-08-30,145.45,145.8,143.0,143.4,8170161
2023-08-31,143.35,144.55,142.0,143.95,19548529
2023-09-01,145.1,145.2,141.3,143.8,13687325
2023-09-04,143.85,144.5,142.5,143.05,11140979
2023-09-05,143.75,145.6,142.9,144.7,13833678
2023-09-06,144.0,145.5,142.85,143.8,17346713
2023-09-07,144.45,147.15,143.85,145.0,13131381
2023-09-08,145.85,148.3,145.05,147.5,18010921
2023-09-11,148.4,150.0,147.5,148.9,20273209
2023-09-12,149.9,149.9,141.85,142.6,17735490
2023-09-13,143.0,145.95,140.8,145.15,16236362
2023-09-14,146.4,147.9,145.5,147.5,10378267
2023-09-15,147.5,148.8,146.65,148.25,8614702
2023-09-18,147.15,147.7,145.65,146.1,11469599
2023-09-20,145.3,147.5,144.3,146.5,19554843
2023-09-21,146.5,148.75,145.45,145.8,14051863
2023-09-22,145.85,147.45,145.0,145.95,8086555
2023-09-25,145.9,147.8,144.15,147.1,14333389
2023-09-26,147.1,148.45,146.55,147.85,14100749
2023-09-27,148.0,151.5,147.4,150.55,20485056
2023-09-28,150.9,151.4,145.25,146.0,29980644
2023-09-29,148.75,148.75,146.3,147.2,8836942
2023-10-03,147.5,152.3,147.3,150.7,18267135
2023-10-04,150.3,150.45,146.2,147.25,22633122
2023-10-05,148.25,148.75,144.65,145.5,11157021
2023-10-06,146.3,147.0,144.05,146.5,9149275
2023-10-09,145.1,145.65,143.15,144.95,11349775
2023-10-10,145.5,148.5,145.2,147.95,8324817
2023-10-11,148.85,149.45,146.55,147.0,11961227
2023-10-12,147.7,150.85,146.8,149.3,11378622
2023-10-13,148.7,152.1,148.5,149.4,15602219
2023-10-16,151.55,152.6,146.7,148.55,32531561
2023-10-17,150.75,150.75,147.95,148.4,13265518
2023-10-18,149.0,149.55,145.8,146.55,20284169
2023-10-19,146.3,147.7,145.2,146.85,8868032
2023-10-20,146.7,148.25,145.25,145.85,10731136
2023-10-23,144.95,146.25,142.5,143.4,16900861
2023-10-25,143.3,144.25,141.5,141.85,13307403
2023-10-26,141.0,141.35,137.3,138.15,19469168
2023-10-27,139.1,141.9,138.75,139.55,11627544
2023-10-30,140.45,141.25,137.25,140.9,10041391
2023-10-31,141.3,141.75,139.7,140.65,6692752
2023-11-01,140.6,141.35,139.65,140.5,8303782
2023-11-02,141.15,143.25,141.05,141.45,6186723
2023-11-03,142.9,144.05,142.0,143.5,8768877
2023-11-06,144.2,145.1,143.0,144.1,11103173
2023-11-07,144.8,148.2,143.45,147.3,14254789
2023-11-08,147.8,149.95,146.05,147.05,19887689
2023-11-09,147.5,148.9,146.8,147.55,7550625
2023-11-10,147.5,150.0,147.3,149.85,8015794
2023-11-12,150.45,150.45,149.05,149.45,1079888
2023-11-13,149.4,153.55,149.1,152.9,19532510
2023-11-15,154.1,155.2,149.85,150.15,22224705
2023-11-16,150.1,151.2,149.4,150.2,9606277
2023-11-17,149.0,150.2,147.75,148.1,17556958
2023-11-20,148.0,148.75,146.75,147.4,9425725
2023-11-21,147.5,148.2,146.5,146.7,7748972
2023-11-22,146.95,147.2,145.2,145.45,7738354
2023-11-23,145.45,147.35,145.1,147.15,5139738
2023-11-24,147.55,148.05,146.35,147.4,6129389
2023-11-28,147.5,150.55,146.7,149.95,7168750
2023-11-29,150.35,150.5,149.15,150.25,7318824
2023-11-30,150.4,151.0,146.7,147.35,18371642
2023-12-01,148.75,150.3,148.0,148.75,12179761
2023-12-04,152.6,155.2,150.25,154.05,21781254
2023-12-05,156.0,159.0,154.45,156.55,18640322
2023-12-06,157.9,157.95,154.75,155.15,11309743
2023-12-07,155.85,155.9,153.45,154.65,7807482
2023-12-08,155.0,155.7,153.25,154.5,6969212
2023-12-11,154.6,157.2,153.6,154.15,10074791
2023-12-12,154.75,155.2,152.0,152.55,8884252
2023-12-13,152.8,153.3,151.7,152.35,10328622
2023-12-14,154.6,154.65,152.4,152.65,11126495
2023-12-15,153.5,158.05,153.1,157.05,14415539
2023-12-18,157.1,157.7,154.7,156.55,14540270
2023-12-19,156.6,159.0,156.15,157.4,12245375
2023-12-20,157.65,159.3,152.2,153.2,13005090
2023-12-21,151.3,154.5,149.35,153.95,13604825
2023-12-22,154.8,156.5,153.25,154.0,10356668
2023-12-26,154.05,155.4,153.25,153.95,5809256
2023-12-27,154.1,155.15,152.75,154.0,8811491
2023-12-28,155.0,157.1,154.3,155.5,15172431
2023-12-29,158.5,159.0,154.9,156.15,13041199
2024-01-01,156.2,157.2,155.9,156.55,6210375
2024-01-02,156.55,156.95,151.1,151.9,13182359
2024-01-03,153.2,153.2,151.05,151.75,10486168
2024-01-04,152.5,155.25,152.45,154.85,13766132
2024-01-05,155.95,155.95,153.05,154.6,7195693
2024-01-08,153.0,153.35,149.75,150.2,15037236
2024-01-09,151.65,152.8,151.0,151.45,10718241
2024-01-10,151.4,152.25,149.7,151.75,8429097
2024-01-11,152.2,152.6,149.6,150.35,10176583
2024-01-12,150.95,151.9,150.1,151.1,7828235
2024-01-15,152.95,153.3,151.3,152.95,13760399
2024-01-16,153.75,155.25,147.75,149.7,36969953
2024-01-17,149.5,149.5,143.85,145.9,48678947
2024-01-18,145.4,149.25,142.3,146.85,21044204
2024-01-19,148.9,148.9,145.65,146.55,10902628
2024-01-20,148.0,148.1,145.2,145.55,8929988
2024-01-23,148.35,148.35,139.4,140.25,15830801
2024-01-24,140.4,143.25,139.65,142.2,18178107
2024-01-25,142.6,143.5,140.55,141.8,18228649
2024-01-29,143.2,146.65,142.5,145.45,20336392
2024-01-30,146.45,146.5,144.5,145.1,7968976
2024-01-31,145.5,148.4,144.6,147.3,18544711
2024-02-01,148.15,148.15,145.0,146.85,12321655
2024-02-02,147.05,148.9,145.5,145.85,11258500
2024-02-05,145.85,147.6,144.05,147.25,15973650
2024-02-06,147.25,148.1,146.3,146.9,8693602
2024-02-07,147.9,149.9,147.3,149.2,16778158
2024-02-08,150.0,151.4,146.1,146.65,10083699
2024-02-09,147.0,147.65,143.35,147.3,10858532
2024-02-12,148.4,148.4,145.4,146.65,15243144
2024-02-13,146.2,148.3,144.25,147.7,8633927
2024-02-14,146.3,150.15,145.5,149.45,12223910
2024-02-15,150.0,157.2,149.4,156.6,29844812
2024-02-16,157.25,165.8,156.2,164.7,51750478
2024-02-19,165.95,166.35,162.35,162.95,14982976
2024-02-20,153.0,155.6,149.15,154.4,33045447
2024-02-21,156.1,156.1,153.25,153.75,14375228
2024-02-22,154.7,154.8,152.35,153.6,9963362
2024-02-23,154.9,154.9,152.0,152.45,21338955
2024-02-26,152.5,153.1,149.9,151.5,25950539
2024-02-27,152.7,154.75,151.05,154.2,15504425
2024-02-28,154.2,154.6,149.75,150.3,9726132
2024-02-29,150.9,151.2,148.1,150.4,12829211
2024-03-01,151.4,153.0,150.9,152.6,7683577
2024-03-02,153.35,154.5,152.75,153.4,644638
2024-03-04,154.3,154.3,152.15,153.6,11491625
2024-03-05,153.2,157.2,153.1,155.2,15097161
2024-03-06,155.45,158.55,152.7,157.25,28581350
2024-03-07,157.95,158.0,155.65,156.35,7038942
2024-03-11,156.35,157.2,154.65,155.4,12353089
2024-03-12,156.0,156.35,151.25,151.75,12926472
2024-03-13,152.35,152.75,146.75,148.5,12273615
2024-03-14,146.0,148.25,139.65,146.05,23395531
2024-03-15,146.75,151.15,146.0,150.45,18505435
2024-03-18,151.0,152.25,146.9,147.35,20703599
2024-03-19,148.0,148.5,145.65,147.5,8094302
2024-03-20,148.95,149.4,145.85,147.45,14058739
2024-03-21,149.0,150.25,147.0,149.95,6212045
2024-03-22,150.0,151.3,149.1,149.6,8409218
2024-03-26,149.6,151.5,148.65,149.8,7742995
2024-03-27,149.8,151.4,148.5,149.8,20853016
2024-03-28,150.95,151.0,149.05,150.2,7208707
2024-04-01,152.0,153.0,150.9,152.35,8748792
2024-04-02,153.4,154.55,152.6,154.05,8112500
2024-04-03,154.0,155.05,152.25,154.5,12129473
2024-04-04,156.75,156.75,152.25,152.45,16855917
2024-04-05,153.2,154.85,151.25,154.55,9900539
2024-04-08,155.55,155.55,151.35,154.4,13919010
2024-04-09,155.0,158.65,154.7,155.8,17300199
2024-04-10,157.0,159.5,153.6,159.0,40162551
2024-04-12,159.45,160.2,155.8,155.95,16558634
2024-04-15,153.95,156.0,152.85,155.0,18051649
2024-04-16,153.6,154.3,151.7,152.1,13947991
2024-04-18,152.4,155.5,151.9,152.15,12619744
2024-04-19,151.0,153.6,148.5,151.85,10378590
2024-04-22,152.55,154.7,152.4,153.5,12152983
2024-04-23,154.4,154.5,152.8,153.75,9181183
2024-04-24,154.1,154.45,152.95,153.6,7177359
2024-04-25,153.5,156.6,153.5,155.95,17911036
2024-04-26,156.3,158.55,156.05,157.1,15126683
2024-04-29,158.0,160.9,156.05,160.45,24049248
2024-04-30,161.4,164.65,159.55,162.6,32465189
2024-05-02,169.5,170.3,162.85,168.0,75875713
2024-05-03,168.5,169.5,164.0,165.95,17758980
2024-05-06,167.7,167.7,160.55,163.7,19660309
2024-05-07,164.0,164.5,159.1,159.75,11483902
2024-05-08,159.75,161.0,156.75,157.25,18895207
2024-05-09,158.0,160.15,156.35,157.05,8372049
2024-05-10,158.15,160.35,156.5,159.95,10878308
2024-05-13,160.95,162.55,158.25,161.7,16577995
2024-05-14,162.5,164.25,161.15,163.9,10674881
2024-05-15,163.9,164.4,161.8,162.75,11602958
2024-05-16,163.95,164.8,161.7,164.1,7523851
2024-05-17,164.0,164.9,163.2,163.85,8301634
2024-05-18,164.5,164.75,163.1,163.85,596391
2024-05-21,164.0,165.2,162.25,163.65,8380426
2024-05-22,163.6,163.85,161.3,162.4,15020638
2024-05-23,163.35,164.15,162.05,162.8,6626566
2024-05-24,162.55,164.45,162.35,163.45,6465598
2024-05-27,164.3,165.2,162.6,163.65,17962246
2024-05-28,164.15,164.3,159.5,160.0,5526636
2024-05-29,159.5,160.9,158.5,159.5,10114326
2024-05-30,159.95,162.0,159.35,160.3,8503177
2024-05-31,161.5,162.75,160.15,162.05,8705347
2024-06-03,165.25,167.0,163.55,164.35,20720708
2024-06-04,165.1,165.35,148.0,154.65,19975571
2024-06-05,156.0,167.05,150.9,166.05,39670558
2024-06-06,167.7,169.1,163.75,164.55,10103459
2024-06-07,165.0,167.05,164.25,165.05,9139816
2024-06-10,165.9,166.65,162.77,164.85,18888960
2024-06-11,166.01,168.54,164.45,167.59,11979407
2024-06-12,167.8,174.56,166.45,173.86,31959137
2024-06-13,175.01,175.1,171.6,172.26,11800445
2024-06-14,173.26,174.89,172.4,174.4,11108163
2024-06-18,174.9,176.2,173.25,175.09,10019555
2024-06-19,175.09,177.45,173.41,174.55,29598134
2024-06-20,175.95,179.46,175.0,178.88,13690057
2024-06-21,179.73,179.73,175.7,176.52,9510818
2024-06-24,175.74,177.0,172.13,175.84,16360199
2024-06-25,176.95,177.64,175.05,176.0,6501716
2024-06-26,176.0,179.19,174.6,177.17,10907675
2024-06-27,176.7,179.2,175.46,177.02,12594627
2024-06-28,178.0,179.4,176.8,177.25,5586121
2024-07-01,177.3,179.2,176.72,177.74,5278090
2024-07-02,178.35,178.5,173.91,175.02,6398642
2024-07-03,178.0,183.3,177.2,181.46,36051344
2024-07-04,182.95,182.95,178.0,180.97,9860769
2024-07-05,180.96,187.2,179.94,186.19,16844463
2024-07-08,187.1,189.3,185.27,188.06,17405153
2024-07-09,188.3,189.36,186.31,187.75,9869013
2024-07-10,187.75,189.34,184.5,188.66,16100830
2024-07-11,189.65,193.63,188.23,192.66,16408103
2024-07-12,196.42,197.19,193.71,195.48,24195859
2024-07-15,195.48,196.84,193.21,194.75,14486955
2024-07-16,194.75,195.93,193.42,195.35,8445700
2024-07-18,195.34,197.77,195.0,196.6,9065610
2024-07-19,197.0,197.0,190.84,191.47,10613495
2024-07-22,191.45,194.9,190.1,192.93,18442177
2024-07-23,203.0,203.44,195.86,197.96,48303121
2024-07-24,197.0,204.0,193.13,201.23,52568775
2024-07-25,199.7,205.15,197.85,204.67,26159847
2024-07-26,195.0,199.39,192.96,198.0,26611586
2024-07-29,199.21,202.19,198.14,201.01,21488147
2024-07-30,200.99,202.92,199.5,201.84,8784936
2024-07-31,202.0,202.2,197.76,201.39,17531393
2024-08-01,202.0,203.51,199.11,200.75,8241827
2024-08-02,197.5,200.3,197.1,197.71,5501380
2024-08-05,193.05,194.83,190.56,192.85,17772430
2024-08-06,194.0,195.49,190.7,191.37,7400639
2024-08-07,194.03,194.24,190.26,192.7,12297322
2024-08-08,193.0,195.27,192.27,193.78,5630502
2024-08-09,196.0,198.25,195.7,197.56,3959405
2024-08-12,195.0,201.7,195.0,201.24,14710865
2024-08-13,202.65,206.59,201.57,202.2,12610913
2024-08-14,201.76,204.38,201.76,202.73,9200992
2024-08-16,203.01,204.9,201.69,203.67,5776204
2024-08-19,205.2,205.7,202.12,202.69,11539502
2024-08-20,203.18,204.34,201.75,203.7,6524853
2024-08-21,203.7,204.1,200.81,203.25,11466995
2024-08-22,203.59,203.88,202.55,203.32,5362821
2024-08-23,203.14,203.14,199.0,199.56,9308243
2024-08-26,199.95,200.79,198.09,198.73,6050543
2024-08-27,199.01,199.61,196.5,196.92,6295365
2024-08-28,197.3,197.49,193.93,195.56,10580774
2024-08-29,196.2,196.88,194.5,195.92,5587549
2024-08-30,196.4,198.23,194.2,194.7,10597018
2024-09-02,197.5,197.5,193.67,194.72,7256241
2024-09-03,195.0,196.85,194.25,194.61,5279057
2024-09-04,191.0,191.75,186.75,187.87,16570778
2024-09-05,188.26,190.68,187.61,189.65,6187897
2024-09-06,188.0,189.98,182.41,183.45,7100505
2024-09-09,183.45,186.36,182.45,184.99,10193666
2024-09-10,186.29,186.68,184.51,185.37,4849579
2024-09-11,186.68,186.68,182.6,183.18,6817180
2024-09-12,184.17,184.79,181.73,183.58,5059255
2024-09-13,183.52,187.75,183.51,186.52,7965898
2024-09-16,186.72,188.09,184.2,184.69,8179164
2024-09-17,184.7,185.29,183.1,184.33,4896706
2024-09-18,184.33,187.35,183.71,185.91,11651012
2024-09-19,186.51,187.85,182.41,186.2,5766996
2024-09-20,189.0,189.0,184.6,185.04,8194605
2024-09-23,186.35,188.59,184.72,187.65,9605071
2024-09-24,187.6,192.0,186.2,190.71,8541648
2024-09-25,190.71,193.7,188.6,192.75,15026637
2024-09-26,192.75,194.2,191.05,192.57,9537810
2024-09-27,192.0,195.5,191.01,193.71,17024145
2024-09-30,193.8,197.7,192.9,196.73,12907403
2024-10-01,198.5,200.1,196.0,197.12,16206968
2024-10-03,193.3,197.49,191.06,193.8,19743283
2024-10-04,193.3,198.49,192.36,193.67,9625150
2024-10-07,196.0,196.48,182.65,184.2,26530545
2024-10-08,184.02,189.1,182.35,187.76,11599116
2024-10-09,188.5,188.91,184.6,185.84,17928394
2024-10-10,186.85,187.27,184.91,185.68,3798189
2024-10-11,185.7,189.3,185.7,187.55,5256494
2024-10-14,188.86,197.89,188.56,196.74,23696585
2024-10-15,198.0,199.81,195.6,198.62,12866991
2024-10-16,197.2,198.4,193.41,194.4,8161660
2024-10-17,194.4,195.2,192.35,193.61,6228921
2024-10-18,193.5,196.25,190.27,195.3,7308007
2024-10-21,195.25,197.25,192.75,193.39,9532877
2024-10-22,194.0,195.0,188.99,189.34,5731783
2024-10-23,189.9,191.38,187.6,188.72,5765355
2024-10-24,189.28,190.99,186.41,188.86,4639754
2024-10-25,188.9,190.32,182.7,186.24,7802725
2024-10-28,186.1,190.43,182.0,184.99,15752834
2024-10-29,193.95,201.42,192.25,200.7,67924331
2024-10-30,199.21,204.79,198.35,203.24,23886475
2024-10-31,203.99,205.66,201.02,203.91,13019192
2024-11-01,204.25,205.55,203.5,204.17,1541532
2024-11-04,204.17,207.6,202.61,204.29,23397597
2024-11-05,204.17,205.5,200.2,204.27,9979703
2024-11-06,206.9,206.9,202.8,204.74,10938474
2024-11-07,205.2,207.9,204.5,206.01,9253419
2024-11-08,205.98,207.93,204.51,206.77,8766446
2024-11-11,207.8,208.2,203.9,207.73,13015963
2024-11-12,208.29,209.77,206.06,207.27,8129987
2024-11-13,206.83,207.44,198.57,199.38,13381335
2024-11-14,199.2,201.7,196.0,196.98,9354472
2024-11-18,197.0,200.89,195.04,200.25,13133102
2024-11-19,202.0,210.6,201.21,206.65,22964708
2024-11-21,206.42,211.44,204.0,210.88,15482528
2024-11-22,211.48,212.0,208.38,209.37,13076979
2024-11-25,211.0,213.5,209.42,212.88,18553476
2024-11-26,212.88,214.0,210.6,213.64,8728077
2024-11-27,213.6,214.44,210.85,212.88,10096152
2024-11-28,212.88,213.01,210.4,211.05,10970713
2024-11-29,211.5,211.8,208.79,210.78,7279254
2024-12-02,210.78,211.19,206.34,209.08,7705204
2024-12-03,212.0,212.29,209.15,209.96,6355689
2024-12-04,209.96,216.28,209.27,215.44,12814059
2024-12-05,216.4,217.0,213.72,214.97,5002379
2024-12-06,215.0,215.2,211.26,213.4,9436594
2024-12-09,214.05,215.17,212.31,213.77,4922985
2024-12-10,213.88,214.8,212.52,214.34,3626922
2024-12-11,214.0,215.47,214.0,214.68,3817336
2024-12-12,214.68,215.7,212.35,212.68,4299148
2024-12-13,212.2,213.5,209.7,213.15,4333300
2024-12-16,213.15,214.44,212.5,213.4,4806881
2024-12-17,213.2,213.7,209.86,210.29,4722997
2024-12-18,210.29,211.0,198.5,200.03,14942335
2024-12-19,197.0,201.8,194.71,200.95,8834477
2024-12-20,200.4,201.3,190.55,194.46,10057259
2024-12-23,195.0,197.83,194.88,197.02,8006446
2024-12-24,197.02,197.83,194.85,196.72,7118698
2024-12-26,197.7,199.39,196.52,197.68,7075411
2024-12-27,197.45,199.61,196.31,196.73,4451218
2024-12-30,197.5,203.15,195.55,201.05,48698861
2024-12-31,196.5,200.5,196.3,200.02,8032394
2025-01-01,200.4,200.97,197.88,200.51,4148526
2025-01-02,200.5,206.6,199.56,206.14,9827756
2025-01-03,205.0,207.23,204.69,205.25,5485629
2025-01-06,205.3,205.64,195.66,197.53,7247076
2025-01-07,197.95,200.49,196.82,197.31,6619585
2025-01-08,197.35,197.6,192.1,195.5,8162449
2025-01-09,195.5,196.0,192.2,193.44,6131064
2025-01-10,193.6,193.6,187.06,189.1,7899382
2025-01-13,186.52,188.5,185.71,187.72,7575227
2025-01-14,189.0,194.28,188.61,192.56,5224795
2025-01-15,194.5,196.2,193.0,194.14,4521543
2025-01-16,196.0,197.84,194.98,195.42,5711244
2025-01-17,195.9,195.98,191.27,191.58,8047952
2025-01-20,193.44,195.05,190.7,194.03,5380998
2025-01-21,194.99,194.99,191.25,192.35,4833705
2025-01-22,193.2,193.44,186.53,190.1,9163217
2025-01-23,190.1,192.44,189.6,190.75,3960511
2025-01-24,191.33,191.88,187.3,188.11,7657794
2025-01-27,186.02,194.1,185.6,191.14,14535640
2025-01-28,187.9,187.9,178.09,184.1,43454549
2025-01-29,183.55,187.78,181.61,186.18,10013432
2025-01-30,186.2,187.22,184.2,184.96,14297599
2025-01-31,185.26,188.28,184.58,187.21,5772412
2025-02-01,188.24,188.94,182.5,184.09,4749102
2025-02-03,183.0,183.3,180.0,180.56,3886494
2025-02-04,181.9,183.89,180.5,181.23,5216085
2025-02-05,181.99,185.09,181.99,183.87,4286422
2025-02-06,185.35,186.0,182.81,183.62,3983013
2025-02-07,184.2,189.52,182.35,188.14,7298157
2025-02-10,188.85,189.42,185.97,186.56,9502645
2025-02-11,186.9,187.99,181.28,183.67,2332865
2025-02-12,183.49,185.17,177.11,183.95,4770520
2025-02-13,184.15,185.05,181.44,181.8,4044621
2025-02-14,182.02,183.25,178.49,181.01,3674337
2025-02-17,180.25,182.46,176.96,181.54,4678837
2025-02-18,181.82,182.44,178.71,180.69,4152347
2025-02-19,180.69,182.95,179.01,181.18,3020603
2025-02-20,180.55,184.9,179.2,184.38,3532472
2025-02-21,184.22,185.83,179.0,179.85,5491982
2025-02-24,180.0,183.4,179.05,181.24,13756156
2025-02-25,182.0,182.62,177.9,178.71,8344437
2025-02-27,179.0,180.84,177.55,178.71,12518738
2025-02-28,178.2,179.05,175.01,177.62,5614981
2025-03-03,177.81,179.98,172.66,179.48,10498910
2025-03-04,178.75,178.75,175.3,176.51,7378836
2025-03-05,176.9,181.85,176.51,181.51,6338076
2025-03-06,183.06,183.5,180.71,181.74,7595816
2025-03-07,181.34,182.95,179.95,180.51,6040527
2025-03-10,180.4,180.95,178.3,179.12,6397181
2025-03-11,177.9,180.25,175.5,179.12,5753482
2025-03-12,180.0,181.15,176.9,178.22,5916404
2025-03-13,178.65,179.34,176.25,176.6,3060509
2025-03-17,177.48,178.25,175.55,177.34,3411602
2025-03-18,178.09,180.58,176.9,180.18,7024086
2025-03-19,181.8,186.95,180.56,186.19,11138888
2025-03-20,186.8,187.68,185.65,186.54,4488082
2025-03-21,187.0,188.31,185.8,187.3,6584799
2025-03-24,188.0,196.74,187.3,195.8,9174683
2025-03-25,196.74,197.3,193.4,194.85,6813212
2025-03-26,194.1,196.5,191.9,192.31,5584885
2025-03-27,192.09,200.0,191.56,197.58,25012772
2025-03-28,196.99,198.5,191.72,192.73,7248212
2025-04-01,191.72,196.0,191.0,192.43,6099041
2025-04-02,193.05,193.34,190.7,192.11,2745983
2025-04-03,190.42,195.3,188.83,194.14,7697462
2025-04-04,195.7,196.95,192.51,195.0,10170845
2025-04-07,188.3,193.32,186.51,190.81,12697165
2025-04-08,193.94,194.64,189.7,190.53,8769895
2025-04-09,190.5,191.95,186.92,189.96,6819642
2025-04-11,192.31,192.95,189.62,190.44,8325890
2025-04-15,193.0,193.0,189.0,191.9,7869328
2025-04-16,192.69,196.1,191.9,194.92,8520549
2025-04-17,194.01,196.2,193.25,194.85,9504482
2025-04-21,196.0,202.85,195.1,202.04,16250402
2025-04-22,202.7,205.5,200.65,201.64,15722852
2025-04-23,202.99,202.99,197.92,199.77,8092835
2025-04-24,199.75,204.38,199.29,201.9,16720717
2025-04-25,201.8,202.87,195.0,196.49,7977095
2025-04-28,197.74,201.0,196.51,199.83,7788146
2025-04-29,200.75,205.4,198.85,203.42,11997673
2025-04-30,203.6,203.75,196.0,196.68,11619893
2025-05-02,195.93,195.93,187.85,189.68,21275247
2025-05-05,190.9,192.67,189.92,191.51,6580183
2025-05-06,192.1,192.52,186.61,187.29,5927722
2025-05-07,183.15,191.66,183.15,191.17,9698741
2025-05-08,191.21,192.5,185.85,186.73,5655491
2025-05-09,183.6,187.89,183.6,187.38,4820032
2025-05-12,191.0,194.9,190.13,194.45,6284131
2025-05-13,194.8,198.99,194.01,198.09,6888878
2025-05-14,199.0,200.01,196.61,198.23,6176362
2025-05-15,199.0,199.74,197.44,198.84,3449592
2025-05-16,199.5,201.55,198.12,199.03,3753649
2025-05-19,201.05,203.25,198.94,201.9,8969305
2025-05-20,202.1,202.89,197.78,198.16,8802803
2025-05-21,198.6,201.8,197.3,200.82,8080241
2025-05-22,201.01,203.37,200.26,201.17,10212588
2025-05-23,201.25,204.55,199.87,203.43,8097368
2025-05-26,204.2,204.59,200.51,201.9,8540130
2025-05-27,202.25,203.4,201.3,202.48,10595637
2025-05-28,202.0,202.54,199.8,201.62,13661005
2025-05-29,202.5,203.69,199.6,201.09,15221151
2025-05-30,201.09,203.2,200.23,202.06,7261954
2025-06-02,202.2,207.15,201.71,206.25,12785341
2025-06-03,207.11,213.44,207.04,211.3,21745811
2025-06-04,211.3,212.45,207.34,210.97,13731212
2025-06-05,211.86,211.86,206.33,207.07,6847718
2025-06-06,207.07,212.51,203.69,207.78,17931531
2025-06-09,208.99,213.75,208.01,212.7,9749033
2025-06-10,213.1,214.45,210.42,211.01,11160547
2025-06-11,211.2,211.49,207.7,208.12,8873836
2025-06-12,208.6,208.6,205.87,206.46,4136067
2025-06-13,203.5,206.0,203.13,205.3,3620233
2025-06-16,205.3,206.0,202.34,205.61,3650155
2025-06-17,205.89,207.0,204.13,204.77,9087952
2025-06-18,204.77,208.4,204.6,207.08,7999769
2025-06-19,207.3,209.53,203.26,203.92,10671945
2025-06-20,204.75,208.0,203.55,207.51,9350809
2025-06-23,205.33,208.4,205.33,206.95,3500913
2025-06-24,208.49,209.95,207.4,209.22,4740437
2025-06-25,210.0,211.6,209.26,210.4,8025612
2025-06-26,211.68,211.68,205.76,210.02,12688408
2025-06-27,210.98,210.98,207.28,208.39,31963885
2025-06-30,211.5,214.4,210.01,213.12,13990271
2025-07-01,214.35,219.45,211.6,218.72,16637063
2025-07-02,220.0,220.0,216.17,217.75,11463228
2025-07-03,217.75,217.95,216.06,216.99,4618576
2025-07-04,216.99,218.25,214.05,215.32,5120183
2025-07-07,215.51,217.2,214.78,215.05,4643396
2025-07-08,215.5,215.6,213.03,213.5,5404402
2025-07-09,213.61,214.58,212.72,213.89,4586061
2025-07-10,213.15,214.68,210.2,210.98,3952305
2025-07-11,210.98,211.8,206.76,207.38,4009049
2025-07-14,207.0,211.4,206.39,210.57,5690671
2025-07-15,211.0,212.78,210.2,211.67,5149486
2025-07-17,214.67,216.8,211.97,212.59,5632702
2025-07-18,212.58,213.32,211.1,212.47,6478635
2025-07-21,212.45,213.5,209.84,212.78,4607473
2025-07-22,213.25,214.0,211.61,212.4,5385123
2025-07-23,212.49,213.5,211.7,212.81,5401894
2025-07-24,212.97,215.18,212.22,212.7,6465529
2025-07-25,212.25,213.09,207.25,208.14,6563450
2025-07-28,207.9,210.43,205.7,206.0,8456565
2025-07-29,205.67,207.1,203.63,205.21,10354388
2025-07-30,205.21,205.76,202.76,204.68,5616031
2025-07-31,203.0,204.73,201.14,202.43,8617317
2025-08-01,202.68,202.92,194.41,196.06,10948324
2025-08-04,185.8,197.04,185.11,196.46,39513112
2025-08-05,195.48,196.9,194.08,196.04,5819712
2025-08-06,196.48,197.76,194.6,197.37,7011622
2025-08-07,195.61,199.27,195.0,198.63,6357907
2025-08-08,198.6,199.73,195.76,196.35,7038453
2025-08-11,196.35,198.0,195.65,196.69,8062362
2025-08-12,197.0,197.25,195.57,195.98,5218014
2025-08-13,197.0,197.9,195.44,196.19,6992167
2025-08-14,196.39,196.68,194.99,195.86,2679922
2025-08-18,197.4,197.65,194.84,195.79,6237845
2025-08-19,196.69,200.55,195.3,200.05,5129740
2025-08-20,200.5,201.24,199.22,199.71,5498900
2025-08-21,199.5,201.0,199.0,199.43,6033820
2025-08-22,198.99,199.42,196.0,196.34,2466153
2025-08-25,196.34,197.9,194.57,195.01,6443184
2025-08-26,194.79,195.99,191.91,192.46,6681812
2025-08-28,191.5,192.68,190.5,191.76,7746254
2025-08-29,191.3,193.86,191.12,191.71,4184028
2025-09-01,191.71,194.1,191.71,193.58,4546443
2025-09-02,193.58,195.41,193.04,193.56,3069260
2025-09-03,193.5,194.67,192.76,193.23,8091723
2025-09-04,194.47,194.67,188.4,189.9,7767020
2025-09-05,191.0,191.09,189.11,190.52,4068142
2025-09-08,190.0,191.97,189.28,190.62,9815612
2025-09-09,190.99,192.05,189.91,191.63,3712535
2025-09-10,192.0,196.9,191.72,196.08,5427537
2025-09-11,196.08,198.2,195.2,196.65,4449153
2025-09-12,196.65,196.96,193.88,194.36,4795808
2025-09-15,194.25,196.88,194.2,196.27,2036783
2025-09-16,196.0,197.27,195.55,196.41,3513785
2025-09-17,197.0,199.5,196.92,198.97,5372024
2025-09-18,200.0,200.47,197.81,198.43,6394641
2025-09-19,198.43,199.5,197.62,197.92,2693450
2025-09-22,197.99,198.56,194.55,195.0,5221899
2025-09-23,196.0,196.0,193.88,195.13,3435579
2025-09-24,195.2,196.82,193.3,193.58,2934434
2025-09-25,193.6,195.32,192.57,193.33,5665259
2025-09-26,192.6,194.14,190.28,191.82,3860755
2025-09-29,193.0,193.13,189.05,190.08,8268524
2025-09-30,190.8,194.0,190.56,192.93,7294473
2025-10-01,193.0,194.69,191.6,193.76,5901005
2025-10-03,193.61,195.5,192.21,192.37,6145378
2025-10-06,192.21,194.11,191.8,193.66,5036576
2025-10-07,194.1,199.92,194.1,199.17,12430510
2025-10-08,200.5,203.5,199.35,202.61,9371594
2025-10-09,203.5,207.91,202.15,207.34,13012847
2025-10-10,206.91,210.19,206.53,208.3,5126420
2025-10-13,208.1,213.5,207.32,213.02,15174980
2025-10-14,212.94,216.0,212.0,215.44,13286463
2025-10-15,215.1,217.18,214.1,216.33,7102306
2025-10-16,216.5,216.77,214.06,214.5,5674145
2025-10-17,214.59,215.27,211.52,212.38,9465410
2025-10-20,216.5,229.9,216.02,227.08,55614063
2025-10-21,228.39,229.3,227.0,227.44,2950169
2025-10-23,227.44,231.25,226.5,227.86,16833570
2025-10-24,228.0,232.2,226.89,227.4,25955732
2025-10-27,229.9,235.2,228.02,234.04,21764115
2025-10-28,234.0,236.63,232.35,235.78,15860246
2025-10-29,236.2,236.42,233.3,234.91,7589866
2025-10-30,235.01,237.44,234.4,234.81,11944357
2025-10-31,234.7,237.5,233.85,236.61,7758968
2025-11-03,236.62,238.89,236.27,237.89,7840791
2025-11-04,237.84,238.99,234.82,237.85,6499891
2025-11-06,237.98,238.34,235.05,235.83,4895857
2025-11-07,235.0,238.0,232.42,237.26,7026019
2025-11-10,237.25,238.89,236.56,238.46,7513078
2025-11-11,238.44,238.58,235.09,235.89,7025378
2025-11-12,236.0,239.91,233.48,238.94,8593960
2025-11-13,238.53,238.66,235.01,235.79,3764303
2025-11-14,235.4,237.19,235.08,236.26,3078306
2025-11-17,237.11,239.99,235.27,239.06,6245112
2025-11-18,239.44,246.75,239.0,244.51,24152192
2025-11-19,245.3,248.5,244.82,246.02,15310593
2025-11-20,246.51,246.88,243.85,244.93,4639649
2025-11-21,244.19,247.6,244.0,245.06,7135057
2025-11-24,245.08,251.22,244.46,248.17,16439268
2025-11-25,248.4,256.9,247.5,255.99,15576893
2025-11-26,255.5,258.8,253.74,256.37,10148728
2025-11-27,256.0,256.9,253.3,254.87,4560033
2025-11-28,255.35,258.24,253.86,257.92,5507931
2025-12-01,259.7,259.7,255.8,256.6,5687469
2025-12-02,256.6,262.0,256.6,258.45,8694935
2025-12-03,259.0,259.85,255.85,258.25,5218904
2025-12-04,259.0,261.2,257.05,258.65,5356973
2025-12-05,259.0,260.25,256.95,259.2,5002265
2025-12-08,259.2,259.9,255.35,257.45,5397988
2025-12-09,256.45,263.2,255.6,260.85,11474245
2025-12-10,260.8,262.0,258.35,259.6,8102670
2025-12-11,259.65,262.35,258.7,260.9,4776310
2025-12-12,261.5,263.6,259.95,261.35,8484790
2025-12-15,262.0,266.3,260.9,265.25,9935972
2025-12-16,265.4,265.75,261.05,262.2,6068364
2025-12-17,262.4,264.5,261.15,263.6,3437773
2025-12-18,264.0,266.75,263.05,265.4,7848032
2025-12-19,265.4,268.25,265.1,267.85,7746013
2025-12-22,267.85,271.1,267.85,269.15,7215889
2025-12-23,270.3,270.45,264.95,265.45,5290581
2025-12-24,267.0,267.25,261.2,261.75,5763276
2025-12-26,261.7,263.2,260.1,262.0,3931332
2025-12-29,261.55,264.0,260.25,262.9,4625001
2025-12-30,263.45,269.4,262.0,267.6,37037734
2025-12-31,267.5,269.1,264.15,267.1,6154254
2026-01-01,267.65,267.65,264.55,266.25,2846254
2026-01-02,267.5,268.75,265.85,266.95,3353300
2026-01-05,266.95,267.1,261.35,263.8,6633639
2026-01-06,264.0,265.0,254.8,257.0,10656712
2026-01-07,256.7,259.15,253.2,258.55,6916471
2026-01-08,258.5,259.15,253.8,255.75,8212373
2026-01-09,255.55,258.45,254.5,255.1,4715011
2026-01-12,254.1,256.4,250.45,252.9,7290684
2026-01-13,253.15,255.0,246.85,249.2,12024403
2026-01-14,248.5,248.5,242.3,246.85,11287769
2026-01-16,247.5,278.4,247.45,270.25,66836048
2026-01-19,271.45,280.25,270.25,279.0,31502127
2026-01-20,278.0,279.8,269.65,273.05,13624854
2026-01-21,271.1,276.6,268.95,276.1,12133282
2026-01-22,280.05,287.2,278.2,282.2,16816171
2026-01-23,283.2,284.85,277.55,278.55,12120387
2026-01-27,279.0,285.7,279.0,284.95,12030692
2026-01-28,286.45,286.45,282.2,284.45,10075884
2026-01-29,284.45,289.6,284.0,287.6,15848490
2026-01-30,286.65,288.65,282.5,287.75,4286394
2026-02-01,288.55,288.8,281.25,285.1,3155061
2026-02-02,284.8,284.8,276.0,281.3,7143698
2026-02-03,294.0,298.25,283.35,285.5,8832776
2026-02-04,285.5,288.3,282.7,287.4,3498764
2026-02-05,287.9,289.15,285.4,287.6,2481799
2026-02-06,289.0,289.15,284.35,286.8,5682140
2026-02-09,288.7,288.7,284.6,286.5,3581145
2026-02-10,286.5,287.15,285.65,285.95,112115
2026-02-11,281.9,283.05,279.65,280.35,536781
2026-02-11,281.9,293.5,279.65,290.4,16294988
2026-02-12,292.6,293.2,286.1,287.1,9229784
2026-02-13,287.05,290.55,285.1,288.3,6202181
2026-02-16,287.15,289.75,285.35,289.0,4743148
2026-02-17,289.0,291.05,282.6,288.85,7052510
2026-02-18,289.0,293.0,287.85,290.85,5124162
2026-02-19,292.05,292.4,287.5,288.3,3644333
2026-02-20,289.55,293.2,287.05,292.6,5030819
2026-02-23,293.9,296.6,288.0,296.2,6561111
2026-02-24,296.45,300.0,295.0,295.65,9095061
2026-02-25,296.35,301.05,296.35,299.1,5928219
2026-02-26,299.8,301.7,297.05,299.5,12490528
2026-02-27,299.5,302.0,296.75,299.85,6871717
2026-03-02,290.0,299.35,289.05,294.95,6275477
2026-03-04,290.95,293.75,283.15,286.45,8763077
2026-03-05,287.75,291.6,285.2,289.7,6014011
2026-03-06,286.4,291.25,285.6,286.5,3826606
2026-03-09,280.0,280.75,268.7,273.3,12304998
2026-03-10,277.25,281.15,275.25,276.0,10974726
2026-03-11,276.7,277.0,268.7,269.45,9571287
2026-03-12,265.75,272.15,264.85,270.25,7972457
2026-03-13,268.65,269.75,262.15,263.05,7258500
2026-03-16,262.0,265.5,257.05,260.85,12531069
2026-03-18,265.0,272.7,265.0,271.4,6987196
2026-03-19,266.45,269.15,262.35,265.9,9790533
2026-03-20,268.05,274.3,266.0,267.1,14660431
2026-03-23,263.0,263.3,253.3,254.35,13966492
2026-03-24,262.25,263.9,257.6,262.5,6880170
2026-03-25,265.5,273.9,264.8,270.95,9709681
2026-03-27,269.0,270.95,265.3,269.3,16383055
2026-04-24,296.0,298.3,291.25,293.0,7232382
2026-04-27,294.7,297.65,292.8,294.05,3880432
2026-04-28,292.85,295.85,290.0,290.6,6666139
2026-04-29,296.0,301.7,282.55,284.75,21186876
2026-04-30,284.7,287.95,280.0,286.95,13939720
2026-05-04,290.0,291.65,287.4,289.15,5494699
2026-05-05,289.35,295.0,286.6,292.6,5869785
2026-05-06,295.25,296.45,288.85,293.0,9998298
2026-05-07,294.5,297.75,290.0,297.05,6089681
2026-05-08,297.0,298.45,291.45,297.25,6129346
2026-05-11,295.0,297.4,291.15,292.45,11135956
2026-05-12,291.55,293.65,283.8,284.8,8461329
2026-05-13,285.9,285.9,277.1,280.05,15147738
2026-05-14,282.0,282.85,277.55,280.25,8574291
2026-05-15,281.95,284.7,278.3,281.3,6034270
2026-05-18,280.75,285.65,277.55,283.95,7212332
2026-05-19,284.8,287.8,283.75,286.6,6905213
2026-05-20,285.85,290.55,283.1,289.9,6657728
2026-05-21,290.5,292.5,283.05,283.75,6916472
2026-05-22,284.15,288.4,283.2,287.2,6756952
2026-05-25,289.0,292.5,286.8,289.25,9346757
2026-05-26,292.0,293.35,288.65,290.2,10983670
2026-05-27,289.5,293.0,287.85,288.9,3869975
2026-05-29,292.0,293.9,283.6,288.95,239376091
2026-06-03,293.95,296.4,291.65,293.4,628410
