date,open,high,low,close,volume
2003-09-05,2.31,2.38,2.14,2.24,94459
2003-09-08,2.28,2.4,2.28,2.34,192855
2003-09-09,2.37,2.4,2.28,2.3,149621
2003-09-10,2.31,2.34,2.28,2.3,110756
2003-09-11,2.31,2.35,2.28,2.31,89151
2003-09-12,2.33,2.34,2.23,2.25,69173
2003-09-15,2.31,2.31,2.19,2.21,51817
2003-09-16,2.26,2.33,2.21,2.25,67810
2003-09-17,2.28,2.31,2.24,2.27,67887
2003-09-18,2.28,2.29,2.23,2.24,40142
2003-09-19,2.24,2.31,2.21,2.23,45802
2003-09-22,2.29,2.46,2.29,2.4,151305
2003-09-23,2.38,2.44,2.36,2.42,88138
2003-09-24,2.45,2.52,2.39,2.42,96275
2003-09-25,2.43,2.43,2.37,2.38,58324
2003-09-26,2.39,2.39,2.36,2.36,38914
2003-09-29,2.38,2.56,2.36,2.49,84929
2003-09-30,2.54,2.57,2.5,2.52,84648
2003-10-01,2.54,2.56,2.49,2.51,46834
2003-10-03,2.53,2.56,2.52,2.53,51236
2003-10-06,2.56,2.73,2.54,2.69,176103
2003-10-07,2.73,2.83,2.68,2.72,209502
2003-10-08,2.75,2.83,2.73,2.81,109287
2003-10-09,2.81,3.09,2.81,2.94,122386
2003-10-10,3.0,3.03,2.93,2.96,151388
2003-10-13,2.99,3.05,2.93,2.95,74309
2003-10-14,2.98,2.98,2.77,2.78,79777
2003-10-15,2.85,2.92,2.73,2.82,45529
2003-10-16,2.84,2.93,2.81,2.85,87809
2003-10-17,2.86,2.9,2.84,2.85,48765
2003-10-20,2.88,2.88,2.5,2.72,46779
2003-10-21,2.76,2.87,2.69,2.7,106657
2003-10-22,2.76,2.88,2.68,2.7,131834
2003-10-23,2.74,2.74,2.63,2.65,57779
2003-10-24,2.65,2.71,2.63,2.66,112411
2003-10-25,2.84,2.84,2.69,2.74,29687
2003-10-27,2.75,2.76,2.59,2.62,47239
2003-10-28,2.63,2.67,2.5,2.54,43471
2003-10-29,2.59,2.63,2.55,2.59,36303
2003-10-30,2.68,2.7,2.59,2.67,83687
2003-10-31,2.69,2.75,2.66,2.74,89614
2003-11-03,2.71,2.83,2.7,2.75,95236
2003-11-04,2.74,2.76,2.64,2.67,57111
2003-11-05,2.67,2.74,2.64,2.67,51124
2003-11-06,2.71,2.79,2.68,2.73,73346
2003-11-07,2.78,2.86,2.74,2.81,88458
2003-11-10,2.75,3.13,2.75,2.82,24614
2003-11-11,2.88,2.88,2.78,2.81,62157
2003-11-12,2.86,2.88,2.75,2.78,76241
2003-11-13,2.79,2.83,2.73,2.77,76994
2003-11-14,2.76,2.78,2.68,2.69,84912
2003-11-15,2.7,2.74,2.66,2.7,30969
2003-11-17,2.75,2.78,2.68,2.7,69993
2003-11-18,2.72,2.74,2.68,2.7,67161
2003-11-19,2.73,2.75,2.65,2.67,84872
2003-11-20,2.69,2.75,2.66,2.68,59804
2003-11-21,2.56,2.73,2.56,2.69,68538
2003-11-24,2.86,2.94,2.78,2.81,150124
2003-11-25,2.9,2.9,2.81,2.84,137429
2003-11-27,2.87,2.94,2.81,2.83,91840
2003-11-28,2.88,2.89,2.82,2.83,91249
2003-12-01,2.87,2.98,2.86,2.92,129840
2003-12-02,2.94,2.96,2.85,2.89,98171
2003-12-03,2.88,2.95,2.85,2.9,99431
2003-12-04,2.88,2.98,2.88,2.93,100837
2003-12-05,2.94,3.35,2.92,3.14,199443
2003-12-08,3.17,3.3,3.15,3.2,109081
2003-12-09,3.2,3.31,3.18,3.26,89461
2003-12-10,3.26,3.37,3.21,3.28,63156
2003-12-11,3.31,3.36,3.26,3.31,68089
2003-12-12,3.31,3.68,3.3,3.6,162109
2003-12-15,3.75,3.75,3.55,3.59,135878
2003-12-16,3.56,3.69,3.54,3.59,86451
2003-12-17,3.66,3.69,3.56,3.62,96095
2003-12-18,3.67,3.73,3.59,3.67,83987
2003-12-19,3.74,3.85,3.67,3.7,101969
2003-12-22,3.71,3.78,3.68,3.71,93290
2003-12-23,3.75,3.76,3.63,3.66,49656
2003-12-24,3.56,3.71,3.56,3.65,65188
2003-12-26,3.71,3.71,3.59,3.62,50499
2003-12-29,3.69,3.76,3.69,3.72,49608
2003-12-30,3.75,3.9,3.75,3.82,64982
2003-12-31,3.88,3.92,3.78,3.83,165404
2004-01-01,3.9,4.05,3.83,4.01,231058
2004-01-02,4.08,4.22,4.05,4.12,196367
2004-01-05,4.15,4.19,4.0,4.03,112207
2004-01-06,4.05,4.06,3.9,3.93,91608
2004-01-07,3.99,3.99,3.76,3.82,87238
2004-01-08,3.86,3.99,3.85,3.91,94984
2004-01-09,4.0,4.08,3.9,3.92,62127
2004-01-12,3.95,3.98,3.8,3.86,55116
2004-01-13,3.88,3.94,3.83,3.85,52360
2004-01-14,3.88,3.98,3.85,3.86,53063
2004-01-15,3.94,3.98,3.8,3.84,81033
2004-01-16,3.88,3.91,3.68,3.73,100889
2004-01-19,3.7,3.86,3.7,3.79,41314
2004-01-20,3.82,3.88,3.27,3.66,70101
2004-01-21,3.57,3.73,3.38,3.4,65594
2004-01-22,3.54,3.75,3.2,3.3,54245
2004-01-23,3.37,3.56,3.28,3.45,146153
2004-01-27,3.6,3.63,3.43,3.46,88729
2004-01-28,3.48,3.5,3.35,3.37,49552
2004-01-29,3.38,3.41,3.35,3.37,66600
2004-01-30,3.42,3.42,3.17,3.21,68219
2004-02-03,3.22,3.28,2.93,3.03,30725
2004-02-04,3.09,3.1,2.9,3.02,33170
2004-02-05,3.05,3.09,3.01,3.03,27819
2004-02-06,3.02,3.05,2.88,2.92,28835
2004-02-09,2.95,3.13,2.91,3.04,32434
2004-02-10,3.08,3.08,2.98,3.03,17713
2004-02-11,3.09,3.09,2.85,2.96,193614
2004-02-12,3.02,3.03,2.93,2.97,21572
2004-02-13,2.99,3.4,2.99,3.28,171138
2004-02-16,3.38,3.42,3.2,3.26,99714
2004-02-17,3.31,3.32,3.22,3.23,23404
2004-02-18,3.25,3.31,3.14,3.17,25722
2004-02-19,3.18,3.2,3.05,3.09,27293
2004-02-20,3.09,3.13,3.04,3.09,29596
2004-02-23,3.1,3.13,3.0,3.01,28720
2004-02-24,3.0,3.11,3.0,3.07,33815
2004-02-25,3.05,3.1,3.0,3.02,32392
2004-02-26,3.08,3.1,2.96,2.98,32768
2004-02-27,3.07,3.07,2.94,2.97,31705
2004-03-01,3.02,3.04,2.98,2.98,25090
2004-03-03,3.02,3.38,3.02,3.06,362401
2004-03-04,3.08,3.09,2.98,2.98,27928
2004-03-05,2.98,3.02,2.98,3.0,27396
2004-03-08,3.06,3.08,3.0,3.02,25324
2004-03-09,3.03,3.04,2.93,2.99,29678
2004-03-10,2.98,3.04,2.97,2.97,23116
2004-03-11,3.0,3.02,2.95,2.96,20831
2004-03-12,2.95,2.98,2.93,2.94,13135
2004-03-15,3.07,3.07,2.85,2.89,20439
2004-03-16,2.88,2.88,2.63,2.74,38153
2004-03-17,2.71,2.78,2.68,2.7,21343
2004-03-18,2.74,2.93,2.68,2.73,22529
2004-03-19,2.8,2.8,2.7,2.72,20063
2004-03-22,2.74,2.74,2.65,2.66,22051
2004-03-23,2.69,2.83,2.61,2.64,11740
2004-03-24,2.67,2.67,2.58,2.59,8135
2004-03-25,2.65,2.69,2.61,2.63,16418
2004-03-26,2.68,2.7,2.63,2.66,15150
2004-03-29,2.72,2.75,2.68,2.71,33994
2004-03-30,2.75,2.86,2.73,2.78,24269
2004-03-31,2.8,2.8,2.73,2.74,10395
2004-04-01,2.82,2.95,2.78,2.85,61393
2004-04-02,2.9,2.93,2.85,2.86,21288
2004-04-05,2.88,2.94,2.86,2.88,38787
2004-04-06,2.94,2.97,2.88,2.9,15038
2004-04-07,2.93,3.0,2.85,2.95,37480
2004-04-08,2.98,3.05,2.93,3.01,25589
2004-04-12,3.09,3.15,2.98,3.01,23232
2004-04-13,3.03,3.08,3.0,3.02,23320
2004-04-15,3.01,3.08,2.98,3.03,96265
2004-04-16,3.05,3.12,3.03,3.06,38775
2004-04-17,3.06,3.1,3.04,3.06,9578
2004-04-19,3.12,3.12,3.0,3.04,20850
2004-04-20,3.07,3.07,3.0,3.01,14705
2004-04-21,3.0,3.08,2.99,3.03,21272
2004-04-22,3.09,3.09,3.02,3.03,15383
2004-04-23,3.03,3.08,3.0,3.02,21310
2004-04-27,3.0,3.03,2.88,2.9,8233
2004-04-28,2.97,2.97,2.78,2.85,10467
2004-04-29,2.91,2.91,2.84,2.86,5546
2004-04-30,2.95,2.95,2.84,2.85,13106
2004-05-03,2.91,2.91,2.78,2.79,18531
2004-05-04,2.91,2.91,2.84,2.86,12685
2004-05-05,2.88,2.94,2.86,2.9,13535
2004-05-06,2.95,3.13,2.92,3.1,36243
2004-05-07,3.24,3.3,3.15,3.19,86262
2004-05-10,3.23,3.27,3.1,3.18,62197
2004-05-11,3.14,3.16,2.98,3.01,33942
2004-05-12,3.05,3.13,3.0,3.02,34209
2004-05-13,3.0,3.14,2.96,3.0,25887
2004-05-14,3.0,3.0,2.65,2.72,26392
2004-05-17,2.65,2.66,2.33,2.49,10428
2004-05-18,2.72,2.73,2.43,2.66,11782
2004-05-19,2.84,2.85,2.6,2.8,16721
2004-05-20,2.85,2.89,2.76,2.78,20324
2004-05-21,2.8,2.85,2.7,2.78,14499
2004-05-24,2.85,2.9,2.81,2.84,15338
2004-05-25,2.84,2.87,2.83,2.84,10368
2004-05-26,2.89,2.93,2.81,2.86,20404
2004-05-27,2.9,2.9,2.75,2.79,10960
2004-05-28,2.75,2.85,2.63,2.67,24815
2004-05-31,2.63,2.65,2.55,2.59,9219
2004-06-01,2.65,2.7,2.63,2.65,14951
2004-06-02,2.63,2.68,2.61,2.65,18651
2004-06-03,2.67,2.92,2.6,2.68,60726
2004-06-04,2.75,2.75,2.56,2.63,18541
2004-06-07,2.68,2.72,2.63,2.65,34590
2004-06-08,2.65,2.75,2.64,2.68,66377
2004-06-09,2.78,2.78,2.69,2.72,54050
2004-06-10,2.7,2.76,2.7,2.71,52747
2004-06-11,2.76,2.76,2.65,2.66,42935
2004-06-14,2.68,2.69,2.6,2.61,41408
2004-06-15,2.63,2.64,2.58,2.6,28175
2004-06-16,2.68,2.68,2.61,2.62,40346
2004-06-17,2.63,2.65,2.61,2.62,25778
2004-06-18,2.66,2.74,2.62,2.65,40656
2004-06-21,2.68,2.68,2.6,2.63,23180
2004-06-22,2.63,2.65,2.6,2.62,33734
2004-06-23,2.68,2.68,2.56,2.57,56645
2004-06-24,2.66,2.66,2.54,2.55,50494
2004-06-25,2.6,2.63,2.57,2.61,42232
2004-06-28,2.67,2.69,2.63,2.66,24426
2004-06-29,2.72,2.74,2.61,2.64,110575
2004-06-30,2.65,2.68,2.61,2.62,69527
2004-07-01,2.68,2.68,2.61,2.63,13591
2004-07-02,2.63,2.72,2.6,2.64,49116
2004-07-05,2.66,2.8,2.65,2.75,61495
2004-07-06,2.81,2.87,2.76,2.78,72502
2004-07-07,2.81,2.92,2.75,2.79,148564
2004-07-08,2.78,2.84,2.65,2.68,60506
2004-07-09,2.67,2.73,2.6,2.7,20366
2004-07-12,2.72,2.8,2.71,2.75,75939
2004-07-13,2.79,2.83,2.7,2.75,31821
2004-07-14,2.8,2.85,2.75,2.79,139475
2004-07-15,2.82,2.86,2.76,2.8,57169
2004-07-16,2.85,3.07,2.81,2.97,136913
2004-07-19,3.06,3.3,3.05,3.19,298338
2004-07-20,3.24,3.28,3.13,3.16,235106
2004-07-21,3.24,3.28,3.15,3.2,92371
2004-07-22,3.25,3.28,3.16,3.18,89779
2004-07-23,3.2,3.21,3.04,3.06,84036
2004-07-26,3.1,3.21,3.04,3.13,99744
2004-07-27,3.16,3.18,3.08,3.08,79546
2004-07-28,3.11,3.13,3.07,3.1,33345
2004-07-29,3.13,3.23,3.1,3.13,77158
2004-07-30,3.19,3.19,3.11,3.13,44528
2004-08-02,3.17,3.17,3.07,3.09,24809
2004-08-03,3.13,3.18,3.08,3.11,38214
2004-08-04,3.11,3.14,3.08,3.1,21473
2004-08-05,3.15,3.6,3.09,3.11,15818
2004-08-06,3.13,3.3,3.13,3.16,298179
2004-08-09,3.15,3.25,3.15,3.22,103730
2004-08-10,3.28,3.28,3.19,3.21,43531
2004-08-11,3.24,3.25,3.13,3.17,223075
2004-08-12,3.22,3.24,3.16,3.18,65367
2004-08-13,3.19,3.25,3.15,3.17,90604
2004-08-16,3.13,3.24,3.13,3.2,69207
2004-08-17,3.22,3.38,3.22,3.27,483652
2004-08-18,3.29,3.42,3.28,3.37,790849
2004-08-19,3.43,3.56,3.41,3.5,756904
2004-08-20,3.54,3.65,3.46,3.49,797016
2004-08-23,3.5,3.55,3.42,3.45,436838
2004-08-24,3.47,3.6,3.46,3.54,698438
2004-08-25,3.54,3.54,3.45,3.47,229269
2004-08-26,3.5,3.6,3.47,3.57,401740
2004-08-27,3.6,3.68,3.57,3.63,512978
2004-08-30,3.66,3.72,3.61,3.63,274226
2004-08-31,3.63,3.66,3.58,3.6,233012
2004-09-01,3.61,3.77,3.59,3.66,441600
2004-09-02,3.69,3.72,3.51,3.55,282679
2004-09-03,3.58,3.62,3.55,3.6,126773
2004-09-06,3.64,3.7,3.62,3.67,154843
2004-09-07,3.65,3.71,3.62,3.64,80709
2004-09-08,3.67,3.73,3.63,3.65,92949
2004-09-09,3.67,3.83,3.63,3.8,298091
2004-09-10,3.8,3.92,3.8,3.89,236469
2004-09-13,3.91,3.99,3.86,3.9,189301
2004-09-14,3.13,3.95,3.13,3.91,77044
2004-09-15,3.94,4.0,3.73,3.83,127115
2004-09-16,3.86,3.98,3.83,3.96,86156
2004-09-17,4.0,4.03,3.89,3.9,114244
2004-09-20,3.93,3.99,3.84,3.87,53382
2004-09-21,3.91,4.04,3.9,3.95,121901
2004-09-22,3.98,4.05,3.96,3.97,126109
2004-09-23,4.02,4.02,3.86,3.88,63379
2004-09-24,3.89,3.89,3.82,3.84,51244
2004-09-27,3.86,3.92,3.83,3.84,33964
2004-09-28,3.87,3.89,3.83,3.84,28100
2004-09-29,3.88,3.9,3.84,3.88,28498
2004-09-30,3.88,4.03,3.88,4.0,81372
2004-10-01,4.04,4.04,3.94,3.97,52430
2004-10-04,4.05,4.05,3.91,3.94,50241
2004-10-05,3.97,3.98,3.91,3.93,30840
2004-10-06,3.96,4.23,3.93,4.14,222246
2004-10-07,4.19,4.34,4.16,4.24,153907
2004-10-08,4.27,4.31,4.18,4.24,84358
2004-10-09,4.27,4.31,4.23,4.3,28534
2004-10-11,4.37,4.5,4.3,4.32,87712
2004-10-12,4.39,4.51,4.26,4.44,145957
2004-10-14,4.43,4.48,4.32,4.42,84705
2004-10-15,4.42,4.64,4.39,4.57,123722
2004-10-18,4.6,4.73,4.42,4.46,100850
2004-10-19,4.5,4.55,4.46,4.48,51426
2004-10-20,4.52,4.52,4.35,4.37,32665
2004-10-21,4.41,4.45,4.31,4.4,24340
2004-10-25,4.49,4.52,4.26,4.3,45738
2004-10-26,4.35,4.4,4.25,4.37,22974
2004-10-27,4.34,4.4,4.3,4.34,15876
2004-10-28,4.37,4.47,4.33,4.36,29385
2004-10-29,4.39,4.43,4.34,4.37,16071
2004-11-01,4.33,4.33,4.07,4.29,95709
2004-11-02,4.35,4.59,4.33,4.46,96073
2004-11-03,4.55,4.55,4.43,4.45,33386
2004-11-04,4.5,4.5,4.33,4.35,45373
2004-11-05,4.44,4.45,4.35,4.36,18077
2004-11-08,4.5,4.5,4.38,4.4,44613
2004-11-09,4.49,4.49,4.33,4.33,20305
2004-11-10,4.37,4.39,4.3,4.31,27091
2004-11-11,4.42,4.42,4.3,4.32,21598
2004-11-12,4.33,4.36,4.3,4.34,9174
2004-11-16,4.37,4.38,4.19,4.22,39770
2004-11-17,4.26,4.4,4.2,4.31,57065
2004-11-18,4.34,4.38,4.3,4.34,27995
2004-11-19,4.35,4.43,4.34,4.37,62638
2004-11-22,4.35,4.4,4.25,4.36,12380
2004-11-23,4.41,4.54,4.38,4.45,72413
2004-11-24,4.48,4.69,4.48,4.64,90062
2004-11-25,4.54,4.84,4.54,4.63,101764
2004-11-29,4.63,4.8,4.58,4.59,33947
2004-11-30,4.6,4.67,4.48,4.51,35938
2004-12-01,4.55,4.55,4.38,4.47,23245
2004-12-02,4.5,4.63,4.5,4.58,25458
2004-12-03,4.63,5.37,4.56,5.04,173142
2004-12-06,5.1,5.35,5.0,5.08,117213
2004-12-07,5.13,5.13,4.97,5.07,30567
2004-12-08,5.08,5.27,5.03,5.21,69317
2004-12-09,5.25,5.6,5.23,5.51,131453
2004-12-10,5.58,5.74,5.4,5.51,92935
2004-12-13,5.53,5.67,5.5,5.53,48553
2004-12-14,5.59,6.22,5.56,6.06,127821
2004-12-15,6.2,6.43,5.95,6.04,113704
2004-12-16,6.09,6.15,5.83,5.88,70142
2004-12-17,5.78,6.75,5.75,6.38,160060
2004-12-20,6.5,6.62,6.15,6.28,76880
2004-12-21,6.34,6.5,6.15,6.19,45342
2004-12-22,6.25,6.32,6.13,6.15,30828
2004-12-23,6.15,6.23,6.09,6.12,16227
2004-12-24,6.2,6.23,6.08,6.1,15737
2004-12-27,6.1,6.39,5.66,6.34,38814
2004-12-28,6.47,6.47,6.23,6.31,23133
2004-12-29,6.37,6.38,6.13,6.19,23299
2004-12-30,6.24,6.32,6.03,6.05,19599
2004-12-31,6.15,7.25,6.08,6.98,161026
2005-01-03,7.13,7.13,6.7,6.82,77296
2005-01-04,6.88,6.97,6.73,6.79,37007
2005-01-05,6.75,6.84,5.81,6.16,76454
2005-01-06,6.25,6.31,5.94,6.01,72319
2005-01-07,6.07,6.2,6.0,6.08,23349
2005-01-10,6.13,6.23,5.91,5.99,22408
2005-01-11,6.06,6.09,5.83,5.88,33231
2005-01-12,5.83,5.93,5.39,5.51,24434
2005-01-13,5.69,5.88,5.55,5.83,30957
2005-01-14,5.88,6.02,5.7,5.79,15409
2005-01-17,5.84,5.86,5.58,5.69,15999
2005-01-18,5.74,5.94,5.71,5.86,11320
2005-01-19,5.83,5.98,5.68,5.89,53298
2005-01-20,5.85,5.92,5.61,5.64,15512
2005-01-24,5.63,5.73,5.6,5.63,4833
2005-01-25,5.65,5.85,5.53,5.75,49469
2005-01-27,5.88,6.9,5.88,6.23,111292
2005-01-28,6.3,6.3,5.9,6.0,117828
2005-01-31,6.08,6.57,6.08,6.43,78317
2005-02-01,6.45,7.29,6.45,6.99,443431
2005-02-02,7.07,7.34,7.0,7.11,127207
2005-02-03,7.18,7.35,7.08,7.16,42753
2005-02-04,7.2,7.25,6.93,7.05,35333
2005-02-07,7.03,7.21,7.0,7.13,34813
2005-02-08,7.13,7.9,6.98,7.73,482650
2005-02-09,7.8,7.94,7.45,7.5,86885
2005-02-10,7.58,7.77,7.5,7.54,51203
2005-02-11,7.6,7.9,7.6,7.7,103196
2005-02-14,7.75,7.79,7.53,7.57,28834
2005-02-15,7.63,7.72,7.4,7.67,76976
2005-02-16,7.53,7.7,7.28,7.37,32740
2005-02-17,7.35,7.62,7.25,7.31,38652
2005-02-18,7.35,7.5,7.0,7.06,33958
2005-02-21,7.06,7.24,6.78,6.84,36267
2005-02-22,6.88,7.0,6.8,6.86,46310
2005-02-23,6.92,6.93,6.8,6.86,23836
2005-02-24,6.93,7.1,6.8,6.86,43278
2005-02-25,6.97,7.0,6.65,6.73,28479
2005-02-28,6.75,7.08,6.73,6.92,57334
2005-03-01,6.89,7.05,6.86,6.91,34012
2005-03-02,6.98,7.31,6.93,7.18,87697
2005-03-03,7.27,7.63,7.25,7.44,58416
2005-03-04,7.47,7.61,7.28,7.36,64222
2005-03-07,7.35,7.55,7.33,7.35,29806
2005-03-08,7.38,7.48,7.13,7.25,19551
2005-03-09,7.23,7.35,6.88,6.97,30120
2005-03-10,6.99,7.25,6.88,6.93,41769
2005-03-11,6.98,7.09,6.76,6.82,37381
2005-03-14,6.84,6.93,6.69,6.75,23709
2005-03-15,6.83,6.83,6.66,6.68,20255
2005-03-16,6.73,7.5,6.7,6.77,23095
2005-03-17,6.8,6.81,6.63,6.67,9681
2005-03-18,6.73,6.78,6.53,6.69,14199
2005-03-21,6.8,6.85,6.63,6.67,13428
2005-03-22,6.71,6.71,6.38,6.42,12505
2005-03-23,6.48,6.54,6.2,6.27,14983
2005-03-24,6.29,6.29,5.95,6.13,24472
2005-03-28,6.23,6.44,6.18,6.39,14092
2005-03-29,6.38,6.38,6.24,6.28,18686
2005-03-30,6.33,6.58,6.28,6.51,17655
2005-03-31,6.55,6.7,6.18,6.61,72351
2005-04-01,6.68,6.72,6.54,6.63,11962
2005-04-04,6.71,6.84,6.63,6.78,14874
2005-04-05,6.85,6.85,6.53,6.76,17921
2005-04-06,6.74,6.75,6.64,6.67,3883
2005-04-07,6.63,6.75,6.63,6.66,4429
2005-04-08,6.69,6.81,6.5,6.54,7431
2005-04-11,6.55,6.58,6.35,6.36,10183
2005-04-12,6.48,6.55,6.46,6.48,7943
2005-04-13,6.58,6.69,6.33,6.35,9445
2005-04-15,6.35,6.7,6.21,6.61,24455
2005-04-18,6.58,6.63,6.31,6.54,19559
2005-04-19,6.87,6.87,6.44,6.53,14009
2005-04-20,6.54,6.73,6.44,6.52,17564
2005-04-21,6.7,6.85,6.53,6.7,19468
2005-04-22,6.75,7.06,6.73,6.96,106670
2005-04-25,7.0,7.28,6.98,7.04,119591
2005-04-26,7.1,7.66,7.03,7.58,140915
2005-04-27,7.62,7.9,7.43,7.62,106990
2005-04-28,7.48,7.85,7.48,7.7,55238
2005-04-29,7.68,7.84,7.58,7.73,55223
2005-05-02,7.75,7.99,7.73,7.81,78866
2005-05-03,7.8,8.03,7.73,7.96,56719
2005-05-04,7.96,8.2,7.96,8.16,70993
2005-05-05,8.2,8.3,8.01,8.13,78637
2005-05-06,8.23,8.75,7.65,8.55,212943
2005-05-09,8.6,8.81,8.51,8.59,54911
2005-05-10,8.6,8.93,8.53,8.76,65294
2005-05-11,8.86,8.95,8.75,8.79,54788
2005-05-12,8.88,9.68,8.85,9.4,960293
2005-05-13,9.57,9.94,9.45,9.67,424340
2005-05-16,9.75,9.88,9.63,9.65,120369
2005-05-17,9.8,9.8,9.36,9.45,82075
2005-05-18,9.45,9.7,9.38,9.6,49523
2005-05-19,9.73,9.79,9.43,9.47,30016
2005-05-20,9.5,9.58,9.38,9.39,26184
2005-05-23,9.26,9.88,9.26,9.57,39303
2005-05-24,9.6,9.63,9.41,9.46,13014
2005-05-25,9.6,9.63,9.5,9.58,27407
2005-05-26,9.63,9.7,9.58,9.65,18891
2005-05-27,10.0,10.0,9.61,9.63,15773
2005-05-30,9.63,9.69,9.53,9.59,10933
2005-05-31,9.67,9.67,9.43,9.46,12527
2005-06-01,9.25,9.62,9.25,9.47,19256
2005-06-02,9.53,9.65,9.25,9.61,17268
2005-06-03,9.93,9.93,9.53,9.73,18037
2005-06-04,9.38,9.68,9.38,9.6,5679
2005-06-06,9.7,10.4,9.63,10.22,120076
2005-06-07,10.13,10.46,10.13,10.23,55221
2005-06-08,10.3,10.32,10.15,10.27,25682
2005-06-09,10.13,10.31,10.13,10.2,9550
2005-06-10,10.3,10.42,10.18,10.23,20713
2005-06-13,10.25,10.37,10.2,10.22,9502
2005-06-14,10.2,10.29,10.18,10.19,7680
2005-06-15,10.24,10.45,10.2,10.38,17612
2005-06-16,10.4,10.65,10.4,10.5,43621
2005-06-17,10.53,10.53,10.03,10.2,21325
2005-06-20,10.48,10.48,10.0,10.07,15606
2005-06-21,10.1,10.24,10.1,10.13,7162
2005-06-22,10.13,10.2,9.6,9.9,14262
2005-06-23,10.02,10.18,9.88,10.0,17950
2005-06-24,9.87,10.05,9.87,10.0,6592
2005-06-27,9.7,10.15,9.7,9.89,8826
2005-06-28,9.93,9.93,9.55,9.66,21374
2005-06-29,9.68,9.74,9.55,9.64,10704
2005-06-30,9.74,9.88,9.6,9.75,12302
2005-07-01,9.77,9.77,9.63,9.71,4295
2005-07-04,9.89,9.89,9.65,9.76,7941
2005-07-05,9.9,9.9,9.63,9.7,7521
2005-07-06,9.75,9.95,9.7,9.92,10091
2005-07-07,10.12,10.12,9.78,9.84,8832
2005-07-08,9.83,9.94,9.71,9.75,6416
2005-07-11,9.8,9.95,9.78,9.8,5548
2005-07-12,9.87,9.95,9.83,9.85,3763
2005-07-13,10.0,10.48,9.84,10.23,34351
2005-07-14,10.45,10.45,10.0,10.14,7123
2005-07-15,10.2,10.25,10.0,10.18,11237
2005-07-18,10.1,10.29,10.0,10.07,14669
2005-07-19,10.08,10.2,10.06,10.11,5342
2005-07-20,10.26,11.5,10.18,10.95,93976
2005-07-21,11.38,13.14,11.3,12.95,309008
2005-07-22,13.14,13.25,12.38,12.52,232168
2005-07-25,12.54,12.78,12.5,12.63,107150
2005-07-26,12.71,13.85,12.26,13.58,175336
2005-07-27,13.7,14.94,13.39,14.92,358481
2005-07-29,15.37,16.09,14.65,15.22,268263
2005-08-01,15.28,16.0,15.18,15.42,108494
2005-08-02,15.49,15.72,15.2,15.3,77468
2005-08-03,15.36,15.5,15.01,15.12,74707
2005-08-04,15.1,15.88,15.0,15.22,138389
2005-08-05,15.25,15.9,15.1,15.5,108108
2005-08-08,15.6,15.75,15.16,15.24,42083
2005-08-09,15.25,15.38,15.02,15.08,27202
2005-08-10,15.0,15.3,15.0,15.14,17326
2005-08-11,15.25,15.43,14.9,15.07,26647
2005-08-12,15.2,15.24,14.81,14.9,19546
2005-08-16,15.04,15.2,14.6,14.7,20536
2005-08-17,14.8,14.85,14.42,14.52,21813
2005-08-18,14.99,15.0,14.25,14.36,28318
2005-08-19,14.65,14.69,14.01,14.1,20617
2005-08-22,14.25,14.44,14.1,14.33,25576
2005-08-23,14.49,14.65,14.16,14.34,20891
2005-08-24,14.39,14.5,14.11,14.4,17544
2005-08-25,14.4,14.95,14.38,14.68,21607
2005-08-26,14.95,15.2,14.6,14.68,35045
2005-08-29,14.75,14.85,14.25,14.74,17851
2005-08-30,14.98,14.98,14.63,14.7,17595
2005-08-31,14.85,14.92,14.5,14.73,16634
2005-09-01,14.6,15.47,14.6,15.47,33669
2005-09-02,15.88,16.24,15.64,16.24,130858
2005-09-05,17.06,17.06,17.06,17.06,19360
2005-09-06,17.91,17.91,17.91,17.91,18316
2005-09-08,18.81,18.81,17.25,17.74,217513
2005-09-09,17.8,18.0,17.0,17.12,96634
2005-09-12,17.25,17.84,17.11,17.21,67046
2005-09-13,17.45,17.45,16.7,16.95,37215
2005-09-14,16.85,17.1,16.75,16.85,32397
2005-09-15,17.1,17.25,16.91,17.18,26866
2005-09-16,16.7,17.2,16.33,16.62,50279
2005-09-19,16.62,17.24,16.62,17.14,85244
2005-09-20,17.11,17.2,16.7,16.77,28938
2005-09-21,16.6,17.2,15.93,17.03,64753
2005-09-22,16.93,16.93,16.18,16.18,31681
2005-09-23,16.2,16.45,15.37,15.63,64316
2005-09-26,16.0,16.41,15.86,16.41,28698
2005-09-27,16.9,17.23,16.9,17.23,40397
2005-09-28,17.95,18.1,17.5,17.64,124356
2005-09-29,17.75,18.07,17.05,17.18,38343
2005-09-30,17.34,17.95,16.91,17.49,102387
2005-10-03,17.02,18.12,17.02,18.0,123408
2005-10-04,18.28,18.9,18.15,18.45,215432
2005-10-05,18.75,18.75,18.1,18.53,144460
2005-10-06,18.25,19.45,18.25,18.96,181234
2005-10-07,18.93,19.25,18.61,18.76,51150
2005-10-10,18.3,18.9,18.11,18.75,57927
2005-10-11,18.75,18.75,18.11,18.28,25112
2005-10-13,18.41,18.65,17.76,18.06,20519
2005-10-14,18.28,18.28,17.4,17.53,18876
2005-10-17,17.74,18.25,16.25,18.06,50111
2005-10-18,18.09,18.3,17.0,17.26,29803
2005-10-19,16.85,17.65,16.5,16.77,31363
2005-10-20,17.23,17.65,16.6,17.01,43984
2005-10-21,16.75,17.5,16.6,17.02,54325
2005-10-24,17.32,17.5,17.0,17.1,43346
2005-10-25,17.01,17.25,17.01,17.05,9927
2005-10-26,17.23,17.4,16.95,17.0,11013
2005-10-27,17.2,17.49,17.01,17.13,25032
2005-10-28,17.15,17.25,16.56,16.86,34067
2005-10-31,17.1,17.35,17.0,17.22,20830
2005-11-01,17.49,17.5,17.26,17.34,6936
2005-11-02,17.9,17.9,17.15,17.36,7534
2005-11-07,17.45,17.45,17.05,17.13,17609
2005-11-08,17.3,17.43,17.05,17.22,16493
2005-11-09,17.49,17.49,16.9,17.01,13406
2005-11-10,17.22,17.22,16.85,16.89,11169
2005-11-11,17.2,17.26,17.03,17.15,12557
2005-11-14,17.49,18.86,17.39,18.86,140067
2005-11-16,19.25,20.35,19.11,19.26,342207
2005-11-17,19.49,19.7,19.2,19.52,116486
2005-11-18,19.6,19.7,18.8,18.95,55414
2005-11-21,19.15,19.35,18.28,18.37,60577
2005-11-22,18.32,18.55,18.11,18.24,29287
2005-11-23,18.4,18.49,17.85,17.97,51954
2005-11-24,18.2,19.22,18.03,18.7,80402
2005-11-25,18.85,18.99,17.9,18.46,53520
2005-11-26,18.6,18.69,18.35,18.52,14455
2005-11-28,18.75,18.8,18.35,18.48,44106
2005-11-29,18.5,18.5,17.95,18.4,19941
2005-11-30,18.57,18.73,18.06,18.23,30194
2005-12-01,18.35,18.6,17.98,18.2,26551
2005-12-02,18.42,18.58,18.15,18.24,18245
2005-12-05,18.49,18.49,18.06,18.11,16726
2005-12-06,18.24,18.6,18.11,18.39,31325
2005-12-07,18.41,18.83,18.25,18.32,26135
2005-12-08,18.58,19.09,18.28,18.95,50291
2005-12-09,19.16,19.69,19.1,19.25,107637
2005-12-12,19.25,19.49,18.75,18.88,24904
2005-12-13,19.08,19.3,18.76,19.12,17601
2005-12-14,19.13,19.25,18.66,19.09,41162
2005-12-15,19.2,19.2,18.7,18.81,11594
2005-12-16,18.65,19.5,18.6,19.29,20463
2005-12-19,19.29,19.8,19.0,19.65,52728
2005-12-20,19.75,20.1,19.35,19.95,61814
2005-12-21,19.93,20.82,19.93,20.32,128378
2005-12-22,20.15,20.65,20.15,20.35,35895
2005-12-23,20.43,20.75,19.78,20.01,30747
2005-12-26,18.77,21.05,18.77,20.04,73848
2005-12-27,19.6,20.49,19.6,20.02,21946
2005-12-28,20.39,20.39,19.75,19.87,10477
2005-12-29,20.34,20.34,19.75,19.9,16402
2005-12-30,20.0,20.08,19.7,19.82,18681
2006-01-02,20.13,20.75,19.91,20.47,39631
2006-01-03,20.75,20.75,20.5,20.61,25875
2006-01-04,20.8,20.99,20.36,20.54,13225
2006-01-05,20.47,20.55,20.21,20.37,12524
2006-01-06,20.25,20.75,20.23,20.28,7666
2006-01-09,20.25,20.53,20.25,20.34,6008
2006-01-10,20.35,20.4,19.5,20.07,17563
2006-01-12,20.05,20.2,19.82,20.09,8181
2006-01-13,20.13,20.24,20.06,20.17,8175
2006-01-16,20.17,20.25,20.01,20.09,10190
2006-01-17,20.47,20.47,19.86,20.0,16169
2006-01-18,19.95,20.05,19.5,19.64,7487
2006-01-19,20.0,20.32,19.75,20.2,13061
2006-01-20,20.25,20.64,20.0,20.21,23046
2006-01-23,20.45,20.74,20.4,20.68,19045
2006-01-24,20.65,21.94,20.65,21.36,101283
2006-01-25,21.59,21.79,19.9,20.08,123114
2006-01-27,20.43,20.5,19.95,20.03,47451
2006-01-30,20.4,20.49,19.4,19.57,36222
2006-01-31,19.63,20.0,19.35,19.56,31468
2006-02-01,19.84,19.84,19.0,19.26,45091
2006-02-02,19.75,19.75,19.0,19.06,16022
2006-02-03,19.5,19.5,18.85,18.96,18649
2006-02-06,19.01,19.6,18.85,19.49,57342
2006-02-07,19.6,19.94,19.4,19.78,37054
2006-02-08,20.0,20.0,19.6,19.77,63008
2006-02-10,19.95,20.5,19.75,20.33,68884
2006-02-13,20.45,21.45,20.26,21.31,76732
2006-02-14,21.35,21.85,20.7,20.93,41576
2006-02-15,21.0,21.25,20.13,20.3,21664
2006-02-16,20.6,21.15,20.46,20.89,25175
2006-02-17,21.1,21.2,20.78,21.01,45454
2006-02-20,20.26,21.1,20.25,20.74,37091
2006-02-21,21.0,21.2,20.46,20.63,14441
2006-02-22,20.75,20.79,20.08,20.25,18923
2006-02-23,20.5,21.05,20.5,20.84,20551
2006-02-24,20.75,21.05,20.65,20.88,24470
2006-02-27,20.75,21.15,20.75,21.0,25626
2006-02-28,21.15,22.22,21.05,21.71,76145
2006-03-01,22.23,22.25,21.65,21.84,46884
2006-03-02,21.85,23.6,21.6,22.68,62427
2006-03-03,22.0,23.4,22.0,22.86,32079
2006-03-06,23.13,24.56,22.95,24.03,72859
2006-03-07,24.35,26.26,24.0,25.13,184222
2006-03-08,25.6,25.69,23.4,23.79,113219
2006-03-09,24.01,25.1,23.28,24.78,90433
2006-03-10,25.25,25.5,24.3,24.42,59867
2006-03-13,24.75,25.25,24.3,24.51,51040
2006-03-14,24.75,26.9,24.5,26.44,215027
2006-03-16,28.37,28.37,26.0,26.35,201729
2006-03-17,26.65,26.65,25.35,25.51,66413
2006-03-20,25.7,26.9,25.7,26.77,81883
2006-03-21,26.78,27.45,24.68,26.77,98041
2006-03-22,26.99,27.25,26.55,26.9,79433
2006-03-23,27.23,27.23,26.5,26.72,42291
2006-03-24,27.2,29.0,26.75,28.04,94728
2006-03-27,28.27,29.39,26.75,27.03,83434
2006-03-28,27.43,27.73,26.01,26.41,76752
2006-03-29,27.4,27.4,25.6,25.72,72000
2006-03-30,26.32,28.25,26.05,27.68,85707
2006-03-31,28.1,28.1,27.0,27.28,51311
2006-04-03,27.75,29.75,27.75,28.87,80033
2006-04-04,29.2,29.2,28.01,28.74,36157
2006-04-05,28.8,30.4,28.37,29.85,67014
2006-04-07,29.95,31.75,29.75,30.83,141127
2006-04-10,31.0,33.23,30.9,31.96,80811
2006-04-12,32.66,32.66,30.06,30.4,72918
2006-04-13,30.25,31.25,29.26,29.94,42973
2006-04-17,30.25,31.0,29.5,30.06,27735
2006-04-18,30.1,30.89,28.8,29.64,33837
2006-04-19,30.4,30.49,29.02,29.33,37001
2006-04-20,29.33,30.05,29.33,29.54,14213
2006-04-21,29.8,30.9,29.55,30.64,32721
2006-04-24,31.04,31.35,30.6,30.75,22693
2006-04-25,31.39,31.4,29.5,29.78,18388
2006-04-26,30.3,30.7,29.75,30.4,12490
2006-04-27,30.75,30.94,29.58,30.1,12045
2006-04-28,27.69,30.1,25.05,29.84,20908
2006-04-29,30.18,30.7,29.75,30.13,6186
2006-05-02,30.75,30.79,30.06,30.21,9788
2006-05-03,30.21,32.5,28.6,31.8,93429
2006-05-04,32.15,32.15,30.55,30.76,26079
2006-05-05,31.35,31.35,30.51,30.69,15179
2006-05-08,32.0,33.75,31.75,32.07,125706
2006-05-09,32.5,32.87,32.06,32.68,51074
2006-05-10,32.3,33.74,32.3,33.31,60961
2006-05-11,33.5,37.45,33.0,35.56,224466
2006-05-12,35.85,37.2,33.11,35.84,103346
2006-05-15,36.25,37.4,35.7,36.09,83810
2006-05-16,36.75,37.25,32.5,35.24,79337
2006-05-17,35.5,38.7,35.5,37.55,172028
2006-05-18,37.4,39.22,33.5,34.67,426214
2006-05-19,36.9,37.76,33.28,33.87,182374
2006-05-22,35.0,35.78,28.75,31.31,97916
2006-05-23,31.25,31.25,29.81,30.72,78956
2006-05-24,32.39,33.75,30.7,32.17,63002
2006-05-25,31.5,32.44,31.25,31.44,40349
2006-05-26,32.0,33.5,31.71,31.9,44323
2006-05-29,32.5,32.7,31.9,32.27,27626
2006-05-30,32.5,32.7,31.66,32.06,25748
2006-05-31,28.8,31.95,28.8,30.51,63148
2006-06-01,31.5,31.5,29.26,29.85,27866
2006-06-02,29.85,29.85,28.0,28.94,42900
2006-06-05,28.94,30.5,27.25,29.37,28234
2006-06-06,28.1,28.75,28.0,28.2,29024
2006-06-07,28.23,28.23,24.61,24.95,40491
2006-06-08,23.5,24.0,20.5,21.96,54229
2006-06-09,21.96,25.25,19.52,24.84,72449
2006-06-12,26.2,26.25,23.55,23.73,48981
2006-06-13,23.25,23.25,21.86,22.1,24602
2006-06-14,25.75,25.75,22.1,22.99,52223
2006-06-15,23.95,25.0,22.55,24.05,42563
2006-06-16,24.94,26.25,23.52,24.0,71891
2006-06-19,24.03,26.67,22.84,26.26,72415
2006-06-20,26.4,28.72,25.01,27.03,105288
2006-06-21,26.4,29.0,25.17,27.77,53769
2006-06-22,28.65,29.69,28.0,29.12,62220
2006-06-23,28.33,30.0,27.66,29.11,64406
2006-06-25,29.26,29.65,29.01,29.17,8095
2006-06-26,29.5,30.2,28.05,28.42,51493
2006-06-27,28.25,28.8,26.7,27.05,45363
2006-06-28,27.05,27.1,26.1,26.34,26899
2006-06-29,27.35,27.38,24.52,26.62,30371
2006-06-30,27.89,28.45,27.25,27.57,34786
2006-07-03,28.25,28.34,27.63,27.86,18686
2006-07-04,28.0,28.75,28.0,28.45,38562
2006-07-05,28.45,29.65,28.25,29.38,38439
2006-07-06,29.95,31.1,29.7,30.56,100548
2006-07-07,31.1,31.96,30.0,30.43,89839
2006-07-10,30.01,31.0,29.65,30.27,51286
2006-07-11,30.74,31.0,30.15,30.32,31255
2006-07-12,30.01,30.84,29.25,30.66,42186
2006-07-13,30.75,31.49,30.5,30.81,46396
2006-07-14,30.85,31.25,30.0,31.0,35344
2006-07-17,31.35,31.63,30.51,30.65,46713
2006-07-18,31.0,31.24,29.57,29.74,41837
2006-07-19,30.22,30.45,28.0,28.4,54647
2006-07-20,29.99,30.9,28.51,28.68,92831
2006-07-21,28.7,28.7,27.3,27.56,35905
2006-07-24,26.9,27.0,25.7,26.75,32800
2006-07-25,27.4,27.73,26.3,26.59,20850
2006-07-26,25.6,27.48,25.6,26.79,30048
2006-07-27,26.79,27.49,26.7,27.05,23232
2006-07-28,27.05,27.4,27.0,27.16,24929
2006-07-31,27.88,30.8,27.31,29.78,134476
2006-08-01,29.8,29.97,28.57,28.79,47370
2006-08-02,28.7,29.8,28.6,29.52,40906
2006-08-03,29.79,30.47,29.5,29.74,38643
2006-08-04,30.0,30.0,28.61,29.05,33031
2006-08-07,29.1,29.36,28.5,28.67,20848
2006-08-08,30.8,30.8,28.56,28.74,32424
2006-08-09,28.51,29.14,28.3,28.45,42690
2006-08-10,28.69,28.87,27.8,28.02,69075
2006-08-11,28.15,28.87,27.7,28.53,82719
2006-08-14,28.78,29.45,28.78,29.11,60767
2006-08-16,29.48,30.55,29.48,29.62,120072
2006-08-17,29.9,30.17,28.81,28.91,42911
2006-08-18,28.91,29.1,28.7,28.87,26680
2006-08-21,29.0,29.35,28.72,28.91,24480
2006-08-22,29.2,29.3,28.55,28.68,34838
2006-08-23,28.8,28.98,28.2,28.44,17211
2006-08-24,28.5,28.5,28.11,28.46,116488
2006-08-25,28.6,30.3,28.51,29.27,97562
2006-08-28,29.32,29.59,29.02,29.22,19495
2006-08-29,29.3,29.5,28.83,28.92,22918
2006-08-30,28.99,29.15,28.33,28.44,25605
2006-08-31,28.96,29.0,28.23,28.33,17285
2006-09-01,28.6,28.6,27.8,27.94,43660
2006-09-04,28.0,28.51,27.5,28.27,49076
2006-09-05,28.42,28.63,27.86,27.96,47125
2006-09-06,28.2,29.33,28.1,28.75,90221
2006-09-07,27.41,29.65,27.41,28.87,115908
2006-09-08,28.97,29.3,28.42,28.53,47267
2006-09-11,28.87,29.4,27.8,28.06,73369
2006-09-12,28.2,28.5,27.5,27.84,45979
2006-09-13,28.49,29.0,27.8,27.95,73437
2006-09-14,28.0,28.5,27.76,27.86,46167
2006-09-15,28.0,28.1,27.4,27.69,57313
2006-09-18,28.0,28.2,27.55,27.61,28583
2006-09-19,28.0,28.0,27.61,27.73,29276
2006-09-20,27.7,28.45,27.3,28.13,41788
2006-09-21,28.0,29.0,27.91,28.08,62809
2006-09-22,28.2,28.7,27.81,28.37,61342
2006-09-25,28.4,28.6,28.0,28.07,24356
2006-09-26,28.3,28.36,27.73,27.79,23675
2006-09-27,28.2,29.3,28.0,29.11,101362
2006-09-28,29.35,30.5,29.14,30.0,197829
2006-09-29,30.0,31.1,30.0,30.56,126433
2006-10-03,30.6,32.22,30.56,31.71,161082
2006-10-04,31.71,32.5,30.85,31.44,87390
2006-10-05,31.7,34.47,30.15,33.03,2913517
2006-10-06,33.2,33.84,33.1,33.27,179861
2006-10-09,33.0,33.2,32.1,32.52,60544
2006-10-10,32.9,33.0,31.82,32.08,50873
2006-10-11,32.1,32.49,31.23,31.43,36145
2006-10-12,31.6,31.9,30.4,31.54,36452
2006-10-13,31.7,32.0,31.11,31.27,50792
2006-10-16,31.87,32.3,31.3,31.6,46919
2006-10-17,31.8,31.9,30.95,31.16,28772
2006-10-18,31.0,31.59,30.25,31.14,29990
2006-10-19,30.73,32.7,30.73,32.02,97048
2006-10-20,32.4,32.67,31.62,31.9,34924
2006-10-21,32.34,32.5,32.1,32.22,14961
2006-10-23,32.2,32.48,31.13,31.84,28729
2006-10-26,32.3,33.3,31.91,32.32,112129
2006-10-27,32.9,33.19,31.75,31.85,67920
2006-10-30,31.99,32.19,31.76,31.86,37885
2006-10-31,32.2,32.34,30.8,31.07,59617
2006-11-01,31.4,31.47,30.8,30.84,39212
2006-11-02,31.37,31.37,30.72,30.84,35918
2006-11-03,31.0,31.2,30.8,31.0,34170
2006-11-06,31.2,31.35,30.16,30.39,59682
2006-11-07,30.9,32.88,30.34,32.09,256140
2006-11-08,32.3,32.77,30.9,31.25,146217
2006-11-09,31.6,31.6,30.7,30.84,46705
2006-11-10,30.71,31.5,30.71,31.33,90309
2006-11-13,31.3,31.77,30.94,31.08,38706
2006-11-14,31.1,31.6,30.2,30.46,88620
2006-11-15,30.5,30.95,30.0,30.26,65031
2006-11-16,30.77,32.71,30.3,32.38,407581
2006-11-17,32.5,32.89,31.5,31.9,218910
2006-11-20,31.5,31.5,30.5,31.21,77346
2006-11-21,31.5,32.35,31.2,31.89,93091
2006-11-22,31.97,32.4,31.5,31.89,101594
2006-11-23,30.61,32.2,30.61,31.3,42886
2006-11-24,31.1,31.8,31.1,31.64,42520
2006-11-27,30.92,33.28,30.92,32.82,276544
2006-11-28,32.94,32.97,31.9,32.53,120697
2006-11-29,32.69,33.9,32.69,32.93,175785
2006-11-30,33.39,34.0,33.1,33.42,119856
2006-12-01,34.8,34.8,33.0,33.46,66284
2006-12-04,33.68,34.9,33.5,34.01,160955
2006-12-05,34.46,34.5,33.41,33.91,98984
2006-12-06,33.5,34.4,32.6,33.07,92574
2006-12-07,33.38,35.2,32.72,34.3,359636
2006-12-08,34.58,34.58,33.0,33.49,81735
2006-12-11,33.49,34.4,33.0,33.24,77945
2006-12-12,32.9,33.6,31.8,32.38,86074
2006-12-13,32.5,32.86,31.13,32.5,51131
2006-12-14,32.89,33.36,32.4,33.03,30594
2006-12-15,33.49,33.69,32.83,33.29,25864
2006-12-18,33.5,34.0,33.05,33.57,34695
2006-12-19,33.8,33.85,33.32,33.63,36708
2006-12-20,33.7,34.35,33.19,34.02,45640
2006-12-21,34.02,37.47,33.53,36.9,241192
2006-12-22,37.3,38.0,36.2,36.9,180858
2006-12-26,37.5,38.6,37.01,37.39,198049
2006-12-27,37.7,38.3,37.43,37.68,80707
2006-12-28,37.7,38.05,35.09,37.12,38796
2006-12-29,37.35,38.0,37.01,37.26,41807
2007-01-02,37.35,38.05,37.35,37.99,62386
2007-01-03,37.8,38.6,37.54,37.95,61908
2007-01-04,38.02,38.3,37.4,37.61,32161
2007-01-05,37.8,38.0,37.4,37.49,14643
2007-01-08,37.33,37.97,37.2,37.29,16798
2007-01-09,37.4,37.7,36.3,36.92,18690
2007-01-10,37.4,39.09,37.0,38.03,66197
2007-01-11,38.1,38.8,38.08,38.67,42791
2007-01-12,38.7,46.4,38.63,46.4,556587
2007-01-15,49.8,53.79,47.01,47.43,1941187
2007-01-16,47.8,48.19,45.3,46.19,607524
2007-01-17,46.5,47.77,45.93,46.17,224587
2007-01-18,46.56,47.0,44.5,45.11,109285
2007-01-19,45.5,46.49,44.81,45.7,134197
2007-01-22,46.99,47.68,45.7,45.91,180619
2007-01-23,45.0,46.19,42.81,43.4,93969
2007-01-24,43.98,44.93,43.1,43.96,89689
2007-01-25,44.65,44.8,44.11,44.3,59921
2007-01-29,44.6,51.12,43.8,48.17,884160
2007-01-31,48.37,50.3,48.17,48.86,501818
2007-02-01,49.47,49.86,48.11,48.44,192533
2007-02-02,48.7,49.0,47.31,47.63,146845
2007-02-05,47.9,49.85,47.1,49.35,193892
2007-02-06,49.5,53.3,49.5,51.29,603553
2007-02-07,51.4,52.8,47.76,50.96,229718
2007-02-08,51.97,51.97,48.73,49.16,195424
2007-02-09,49.48,49.48,46.57,47.21,171100
2007-02-12,47.63,49.87,45.06,45.62,222173
2007-02-13,45.75,47.44,44.2,45.6,122115
2007-02-14,44.2,46.49,44.0,44.71,122452
2007-02-15,45.45,46.5,45.45,45.91,78959
2007-02-19,46.25,52.4,45.81,50.49,598500
2007-02-20,50.87,51.48,47.81,48.73,225926
2007-02-21,49.0,50.6,47.5,50.07,200549
2007-02-22,50.0,50.44,48.25,48.52,103026
2007-02-23,48.75,49.3,46.8,47.2,126422
2007-02-26,47.6,48.0,46.11,47.26,80318
2007-02-27,47.9,48.4,46.61,47.42,57968
2007-02-28,43.8,46.88,38.16,45.6,93446
2007-03-01,45.5,47.49,44.7,44.95,94273
2007-03-02,45.21,48.69,44.52,45.0,301419
2007-03-05,43.0,44.5,41.11,41.65,92300
2007-03-06,42.39,44.95,40.11,41.02,96657
2007-03-07,42.9,42.9,40.4,41.02,74630
2007-03-08,41.4,42.8,40.21,42.55,91617
2007-03-09,43.04,43.5,41.71,43.22,77659
2007-03-12,50.54,50.54,42.1,44.58,107745
2007-03-13,45.2,48.4,44.99,47.19,512481
2007-03-14,46.0,46.5,44.32,44.96,109961
2007-03-15,45.7,46.9,44.6,45.09,80054
2007-03-16,45.5,45.7,44.0,44.66,42174
2007-03-19,45.4,45.5,44.23,44.51,43562
2007-03-20,45.2,45.6,44.3,44.54,61011
2007-03-21,44.8,44.99,44.01,44.3,41001
2007-03-22,45.0,46.3,44.12,44.59,191320
2007-03-23,44.8,44.8,42.59,43.73,115645
2007-03-26,44.0,44.5,43.81,44.04,59667
2007-03-28,44.1,44.1,43.26,43.54,31909
2007-03-29,43.9,44.15,43.0,43.24,32083
2007-03-30,43.8,44.0,43.4,43.65,28248
2007-04-02,43.0,43.0,40.73,41.53,69651
2007-04-03,41.8,42.7,41.6,42.43,43558
2007-04-04,43.0,44.0,42.05,43.45,30182
2007-04-05,42.1,44.28,42.1,43.75,30921
2007-04-09,44.0,44.73,43.91,44.25,41785
2007-04-10,44.85,44.9,44.13,44.71,39247
2007-04-11,50.0,50.0,44.26,44.76,42792
2007-04-12,44.5,45.2,44.0,44.98,28906
2007-04-13,45.5,45.5,43.8,44.85,38503
2007-04-16,45.2,46.4,45.13,46.05,60733
2007-04-17,46.0,47.58,45.4,46.78,71060
2007-04-18,47.4,47.6,46.4,46.91,49259
2007-04-19,46.0,47.0,45.4,46.85,34568
2007-04-20,47.4,47.7,46.5,46.6,31089
2007-04-23,47.0,47.7,46.23,46.56,27495
2007-04-24,46.6,47.5,46.55,47.13,37056
2007-04-25,47.8,47.8,46.5,47.06,19449
2007-04-26,47.4,47.7,46.2,46.33,16347
2007-04-27,45.9,46.9,45.4,45.6,13389
2007-04-30,46.47,46.47,45.02,45.73,9692
2007-05-03,46.38,47.2,46.05,46.96,21712
2007-05-04,47.0,47.45,46.8,47.07,139599
2007-05-07,47.4,47.7,46.6,47.1,45293
2007-05-08,47.1,47.1,46.5,46.74,36120
2007-05-09,46.75,47.0,46.0,46.41,23866
2007-05-10,47.0,47.49,46.82,46.96,30243
2007-05-11,46.5,47.2,46.5,46.8,47442
2007-05-14,47.99,48.01,47.1,47.46,39784
2007-05-15,47.94,50.5,47.71,49.83,344724
2007-05-16,50.0,50.58,48.5,49.14,151893
2007-05-17,49.71,49.71,48.4,48.94,54715
2007-05-18,49.0,49.0,48.3,48.61,22209
2007-05-21,48.7,50.5,48.7,49.66,74614
2007-05-22,50.1,50.4,49.0,49.64,65514
2007-05-23,49.7,49.84,48.92,49.14,15227
2007-05-24,49.05,49.48,48.3,48.75,25514
2007-05-25,49.0,49.5,47.5,48.85,19043
2007-05-28,49.4,49.54,48.8,48.98,17780
2007-05-29,48.4,49.5,48.4,48.93,23167
2007-05-30,49.6,51.9,48.9,49.47,189191
2007-05-31,50.0,50.67,48.6,48.88,31781
2007-06-01,49.19,49.57,47.8,48.48,26961
2007-06-04,48.5,49.3,47.6,47.79,25850
2007-06-05,48.16,48.16,46.8,47.1,39833
2007-06-06,47.5,48.0,46.8,47.07,32293
2007-06-07,47.4,47.8,46.5,47.13,13839
2007-06-08,46.1,47.3,46.1,46.6,13553
2007-06-11,47.09,47.59,46.1,46.46,9706
2007-06-12,46.6,46.89,45.5,46.1,12828
2007-06-13,46.32,46.99,45.75,46.6,6828
2007-06-14,47.19,48.0,46.8,46.98,29096
2007-06-15,47.6,47.6,46.91,47.04,7821
2007-06-18,47.7,47.7,46.81,47.52,14666
2007-06-19,48.2,48.23,46.8,47.24,22858
2007-06-20,47.49,47.49,46.6,46.95,12012
2007-06-21,473.0,512.0,472.05,490.8,172822
2007-06-22,49.7,49.7,48.0,48.38,27810
2007-06-25,48.0,49.0,47.8,48.6,16382
2007-06-26,48.89,49.0,47.6,47.79,22738
2007-06-27,50.0,50.0,46.89,47.07,33925
2007-06-28,47.69,49.48,47.3,48.93,64183
2007-06-29,49.2,50.47,48.0,48.24,15805
2007-07-02,48.9,48.9,47.5,47.68,23267
2007-07-03,48.2,48.7,48.05,48.44,17443
2007-07-04,46.51,49.78,46.51,49.07,34095
2007-07-05,49.07,50.6,48.12,49.52,49123
2007-07-06,48.5,49.9,46.55,49.35,35499
2007-07-09,49.5,49.5,48.31,48.49,26695
2007-07-10,48.33,48.8,47.3,47.79,27213
2007-07-11,47.11,48.5,47.1,47.92,14182
2007-07-12,48.47,49.5,47.3,47.46,55304
2007-07-13,48.08,48.47,47.0,47.17,54317
2007-07-16,47.1,48.4,47.1,48.07,17294
2007-07-17,48.5,48.72,47.82,48.09,29661
2007-07-18,48.39,49.5,47.66,48.97,59471
2007-07-19,49.77,54.0,49.21,52.93,627873
2007-07-20,53.73,56.6,53.5,53.94,629712
2007-07-23,54.47,55.44,52.27,52.74,156177
2007-07-24,53.29,53.29,49.63,50.45,168904
2007-07-25,48.1,52.39,48.1,51.12,134249
2007-07-26,51.3,53.24,51.1,52.11,174127
2007-07-27,50.5,51.2,48.52,49.47,109001
2007-07-30,49.75,50.8,49.0,49.91,44532
2007-07-31,50.67,51.7,49.6,49.9,65153
2007-08-01,49.66,50.0,48.1,48.43,39874
2007-08-02,49.0,49.5,48.25,49.05,36949
2007-08-03,49.3,50.4,48.7,48.98,35464
2007-08-06,46.51,48.5,46.51,48.03,29999
2007-08-07,49.67,49.67,47.8,48.08,19137
2007-08-08,48.11,49.3,46.9,47.63,70005
2007-08-09,48.8,48.8,47.1,47.47,31007
2007-08-10,46.5,47.0,46.0,46.92,32134
2007-08-13,49.1,49.2,46.7,46.91,24371
2007-08-14,47.7,47.7,47.13,47.43,14551
2007-08-16,46.2,46.4,44.0,45.15,38484
2007-08-17,44.8,46.2,44.0,45.68,47046
2007-08-20,48.5,48.5,46.0,46.18,22753
2007-08-21,46.5,47.38,44.51,44.74,15872
2007-08-22,44.51,45.78,43.61,44.16,47165
2007-08-23,44.5,44.9,35.48,42.09,38021
2007-08-24,43.4,43.5,42.0,43.24,19317
2007-08-27,44.5,48.7,44.4,45.71,21034
2007-08-28,46.0,47.37,45.25,46.85,30357
2007-08-29,45.25,46.85,45.25,46.28,17136
2007-08-30,46.77,48.09,46.01,46.09,16711
2007-08-31,47.1,51.3,47.1,50.89,302966
2007-09-03,51.4,54.09,51.4,52.58,277434
2007-09-04,52.5,53.0,51.48,51.79,108601
2007-09-05,52.3,53.44,50.9,52.16,125916
2007-09-06,51.99,53.74,50.9,51.16,361632
2007-09-07,51.52,52.2,50.8,51.19,153460
2007-09-10,50.79,51.85,50.25,51.06,115744
2007-09-11,48.04,51.8,48.04,50.67,53648
2007-09-12,50.6,51.98,50.31,51.13,77981
2007-09-13,51.11,52.92,51.11,51.71,149721
2007-09-14,51.8,52.6,50.52,50.76,54089
2007-09-17,51.0,51.4,50.66,51.1,55627
2007-09-18,46.04,51.9,46.04,51.72,41259
2007-09-19,52.6,52.6,51.51,51.86,67138
2007-09-20,52.3,52.3,51.01,51.11,48024
2007-09-21,51.25,51.59,50.3,50.41,69655
2007-09-24,51.4,52.9,50.51,50.83,60023
2007-09-25,51.47,51.47,50.04,50.69,47582
2007-09-26,51.25,51.3,50.4,50.63,24803
2007-09-27,50.9,51.1,49.12,49.7,102209
2007-09-28,49.8,51.2,49.71,50.46,74435
2007-10-01,49.5,51.37,49.5,50.33,51060
2007-10-03,50.95,51.4,49.4,50.14,50492
2007-10-04,50.0,52.8,49.61,52.19,309890
2007-10-05,52.85,54.01,52.31,52.72,359325
2007-10-08,53.5,53.69,49.0,49.87,95644
2007-10-09,49.87,51.0,48.6,50.83,56712
2007-10-10,51.47,52.2,50.6,51.43,85403
2007-10-11,51.01,54.95,50.66,53.45,161063
2007-10-12,53.99,59.9,52.7,58.07,609546
2007-10-15,59.48,64.24,58.52,63.44,728757
2007-10-16,63.97,71.8,63.1,69.99,919511
2007-10-17,64.0,71.49,60.0,70.43,508154
2007-10-18,71.0,74.67,60.4,63.4,590862
2007-10-19,63.77,64.7,59.0,60.91,297330
2007-10-22,60.0,65.28,59.0,61.72,263936
2007-10-23,63.27,63.99,62.3,62.75,144738
2007-10-24,63.57,64.07,61.2,61.55,153892
2007-10-25,62.4,64.3,60.0,60.65,476476
2007-10-26,61.2,65.74,61.2,64.96,304417
2007-10-29,65.9,68.88,65.9,67.31,270773
2007-10-30,60.1,68.5,60.1,65.46,173046
2007-10-31,65.5,66.5,63.5,63.89,135602
2007-11-01,64.57,65.7,60.8,61.39,116966
2007-11-02,61.39,62.63,60.0,62.19,63281
2007-11-05,62.4,68.48,61.6,66.97,232759
2007-11-06,68.87,70.6,65.61,66.59,360756
2007-11-07,68.47,68.47,63.62,64.65,97170
2007-11-08,63.0,65.8,61.83,63.3,82501
2007-11-09,64.0,64.47,63.3,63.85,10733
2007-11-12,63.97,64.25,60.51,63.19,57517
2007-11-13,63.89,64.97,63.0,63.48,73669
2007-11-14,64.97,65.87,63.8,64.16,79634
2007-11-15,64.57,65.7,63.3,64.74,72531
2007-11-16,63.5,65.46,63.4,63.78,74372
2007-11-19,64.77,65.39,63.15,65.05,73114
2007-11-20,65.0,67.49,64.51,65.07,89205
2007-11-21,65.05,66.4,60.7,61.68,42189
2007-11-22,62.21,62.69,58.5,59.64,50235
2007-11-23,61.27,61.8,60.42,60.84,23244
2007-11-26,62.47,63.67,61.5,61.94,15108
2007-11-27,61.7,61.9,58.52,61.43,22454
2007-11-28,62.0,63.69,61.43,61.82,46184
2007-11-29,63.5,63.59,60.0,60.57,118258
2007-11-30,61.21,63.49,60.8,62.52,46501
2007-12-03,63.77,63.77,62.5,62.87,32564
2007-12-04,63.37,63.8,61.3,62.14,65279
2007-12-05,62.99,66.65,62.51,66.22,102795
2007-12-06,67.2,68.77,65.0,65.79,200660
2007-12-07,69.4,70.4,65.25,67.3,104167
2007-12-10,69.8,69.8,65.7,66.46,51296
2007-12-11,67.4,67.4,65.0,65.55,55376
2007-12-12,64.7,67.9,64.7,66.57,74158
2007-12-13,66.8,67.28,65.61,65.95,32885
2007-12-14,66.06,69.5,65.7,68.64,151515
2007-12-17,69.5,70.3,63.62,64.86,200298
2007-12-18,65.0,65.5,63.31,64.66,45573
2007-12-19,65.11,66.5,63.61,64.2,28167
2007-12-20,66.0,66.22,64.0,64.71,38172
2007-12-24,65.8,66.0,64.7,65.31,20905
2007-12-26,65.9,66.5,62.0,65.48,22148
2007-12-27,65.4,66.3,63.04,63.38,160356
2007-12-28,63.9,70.79,63.3,69.07,462470
2007-12-31,73.0,73.0,69.2,69.81,322300
2008-01-01,70.49,71.27,69.37,69.8,117745
2008-01-02,69.99,70.6,68.51,69.65,145413
2008-01-03,69.0,71.05,68.81,70.19,147760
2008-01-04,71.45,71.9,68.8,69.65,132074
2008-01-07,69.6,71.1,68.5,69.6,77818
2008-01-08,71.0,71.0,66.66,67.36,59564
2008-01-09,67.51,67.95,65.4,66.67,34051
2008-01-10,67.4,68.0,63.8,64.27,56276
2008-01-11,65.4,65.4,62.5,64.07,41537
2008-01-14,63.61,64.88,63.61,64.05,39258
2008-01-15,64.3,65.47,63.14,63.57,54552
2008-01-16,63.0,64.5,62.0,62.58,106016
2008-01-17,63.8,64.1,62.56,62.93,38434
2008-01-18,63.09,65.4,61.75,64.09,156337
2008-01-21,64.5,64.8,54.02,60.3,180908
2008-01-22,54.88,57.5,38.55,52.68,247954
2008-01-23,55.4,59.8,50.72,56.96,110359
2008-01-24,61.48,61.48,52.5,54.0,73921
2008-01-25,57.47,57.47,54.0,56.63,29522
2008-01-28,56.63,57.0,54.11,56.0,33152
2008-01-29,57.9,57.9,55.0,56.03,40566
2008-01-30,56.2,57.4,55.1,56.0,42427
2008-01-31,58.5,58.5,54.8,56.18,165217
2008-02-01,58.2,58.2,55.72,56.05,12176
2008-02-04,57.2,57.95,56.0,56.22,27434
2008-02-05,56.01,56.6,55.9,56.01,24487
2008-02-06,56.0,57.1,55.0,56.72,18514
2008-02-07,56.72,57.5,55.8,56.02,17287
2008-02-08,56.2,56.29,54.5,54.82,42355
2008-02-11,54.6,56.0,50.5,54.79,30146
2008-02-12,52.2,55.5,52.0,54.94,35797
2008-02-13,55.1,57.0,54.11,56.33,32395
2008-02-14,57.39,58.0,56.05,57.07,18059
2008-02-15,56.3,57.99,56.02,57.47,8285
2008-02-18,58.8,58.8,57.51,57.96,8155
2008-02-19,58.2,59.5,57.87,59.15,14226
2008-02-20,58.26,59.5,57.01,57.63,10932
2008-02-21,57.81,58.77,56.5,56.87,8284
2008-02-22,55.9,57.0,53.3,56.35,13505
2008-02-25,56.5,57.5,55.2,56.9,14099
2008-02-26,56.8,57.69,56.0,56.66,17285
2008-02-27,57.8,57.8,56.0,56.03,8374
2008-02-28,55.63,56.38,55.01,55.87,90063
2008-02-29,55.31,56.65,54.5,55.79,9497
2008-03-03,50.73,55.7,50.73,53.07,19460
2008-03-04,53.0,53.2,50.2,52.67,20622
2008-03-05,51.5,53.5,51.1,53.05,12434
2008-03-07,51.0,51.99,49.31,50.18,27961
2008-03-10,46.0,49.4,46.0,47.39,70344
2008-03-11,46.26,49.5,46.26,48.35,34457
2008-03-12,49.18,50.7,47.17,47.45,17031
2008-03-13,47.2,47.79,46.0,47.23,30642
2008-03-14,47.2,48.0,46.0,47.4,18755
2008-03-17,45.0,46.0,39.23,40.73,42855
2008-03-18,41.44,42.6,40.5,42.3,48591
2008-03-19,45.8,45.8,42.0,42.61,24784
2008-03-24,42.0,42.5,40.7,41.1,16707
2008-03-25,41.9,44.0,41.6,43.16,21464
2008-03-26,42.31,45.98,42.31,44.87,25706
2008-03-27,44.7,46.4,44.43,45.54,37171
2008-03-28,45.6,47.4,44.0,46.06,23809
2008-03-31,47.5,48.0,45.15,46.74,21664
2008-04-01,48.72,50.5,47.0,47.55,24664
2008-04-02,49.0,49.6,47.5,47.64,11371
2008-04-03,47.81,48.0,47.02,47.45,4675
2008-04-04,47.2,47.5,45.6,46.38,45801
2008-04-07,46.4,46.9,45.6,46.34,10640
2008-04-08,46.99,48.87,46.34,48.01,19310
2008-04-09,48.1,48.88,47.01,47.74,9713
2008-04-10,47.6,50.58,47.31,47.85,75255
2008-04-11,48.23,48.89,47.5,47.72,13118
2008-04-15,47.2,48.6,47.08,48.11,111830
2008-04-16,47.63,48.98,47.01,48.1,133420
2008-04-17,48.8,49.0,47.5,48.01,147320
2008-04-21,48.33,50.2,48.33,49.01,285610
2008-04-22,49.2,50.5,48.5,48.95,382600
2008-04-23,49.0,49.35,48.4,48.57,165070
2008-04-24,48.8,49.3,47.52,48.01,1087200
2008-04-25,48.2,48.97,47.93,48.36,1175940
2008-04-28,48.53,48.99,47.9,48.05,122120
2008-04-29,48.5,51.0,48.2,50.58,494940
2008-04-30,50.7,52.3,50.12,51.05,872840
2008-05-02,51.0,52.3,42.45,49.97,258960
2008-05-05,50.3,50.9,47.11,50.18,83950
2008-05-06,50.2,51.37,48.01,48.2,518340
2008-05-07,48.0,48.9,47.05,47.15,260840
2008-05-08,46.0,47.69,46.0,47.35,65090
2008-05-09,47.5,48.17,45.5,46.07,132270
2008-05-12,46.07,46.5,44.4,44.83,136880
2008-05-13,45.4,46.57,45.4,46.35,293390
2008-05-14,46.6,47.49,45.8,47.06,119700
2008-05-15,47.0,49.26,47.0,48.8,239120
2008-05-16,49.5,49.75,47.8,48.14,144330
2008-05-20,48.39,48.7,47.83,48.36,163470
2008-05-21,48.2,49.2,46.8,48.79,370770
2008-05-22,48.78,49.8,47.6,48.04,934410
2008-05-23,49.4,49.6,47.0,47.09,285040
2008-05-26,46.5,48.28,44.41,47.59,320510
2008-05-27,48.79,48.8,47.1,48.04,461760
2008-05-28,48.03,48.45,47.52,48.03,228570
2008-05-29,48.0,48.48,47.4,47.71,632690
2008-05-30,48.47,48.48,47.45,47.84,111030
2008-06-02,48.79,48.8,47.0,47.36,459890
2008-06-03,47.3,47.69,47.0,47.12,70450
2008-06-04,47.0,47.15,45.0,45.17,139580
2008-06-05,39.17,45.94,39.17,45.35,124650
2008-06-06,45.5,46.59,44.1,44.41,131480
2008-06-09,41.73,44.48,41.73,43.9,233720
2008-06-10,43.9,43.93,42.0,42.35,86770
2008-06-11,44.98,44.98,42.4,42.54,2502760
2008-06-12,41.54,42.4,41.54,42.11,94820
2008-06-13,42.4,42.9,41.7,42.08,166280
2008-06-16,42.5,43.39,42.2,42.72,284630
2008-06-17,42.8,43.15,42.31,42.95,189910
2008-06-18,42.9,43.43,42.7,42.8,221580
2008-06-19,42.5,42.83,41.8,42.05,94690
2008-06-20,42.5,42.5,40.01,40.18,166810
2008-06-23,39.5,39.9,37.61,37.94,289650
2008-06-24,37.71,37.9,36.5,36.85,304380
2008-06-25,36.21,37.0,33.5,36.1,310280
2008-06-26,37.44,37.7,36.2,36.97,572700
2008-06-27,36.9,36.9,34.0,34.96,360730
2008-06-30,34.8,35.8,33.54,34.06,111380
2008-07-01,34.2,34.78,32.04,32.33,98390
2008-07-02,31.0,34.25,31.0,33.98,194740
2008-07-03,33.7,33.9,31.73,33.25,95130
2008-07-04,32.9,34.9,32.73,33.68,141560
2008-07-07,33.6,34.89,33.6,34.49,70230
2008-07-08,33.5,34.9,33.5,34.35,344550
2008-07-09,35.31,36.0,35.05,35.41,194300
2008-07-10,35.8,37.68,35.0,36.35,4243070
2008-07-11,37.69,37.95,35.51,35.84,140990
2008-07-14,35.47,36.5,34.35,36.04,102490
2008-07-15,35.8,37.3,35.0,35.1,2716910
2008-07-16,35.7,36.19,35.2,35.84,209000
2008-07-17,36.1,37.49,36.0,36.08,105720
2008-07-18,37.3,39.39,36.0,38.06,192040
2008-07-21,38.5,38.85,37.12,37.34,64390
2008-07-22,37.34,38.6,37.0,37.98,140130
2008-07-23,40.39,44.99,38.5,41.28,312200
2008-07-24,41.6,42.45,39.41,40.41,464040
2008-07-25,38.8,40.37,38.6,38.83,65210
2008-07-28,38.2,40.44,38.2,39.01,333190
2008-07-29,37.6,39.28,37.5,38.15,2329030
2008-07-30,38.89,39.45,38.32,38.55,91930
2008-07-31,38.25,38.8,35.1,35.81,681660
2008-08-01,35.81,36.87,35.2,36.45,234350
2008-08-04,36.8,37.78,36.4,37.07,231010
2008-08-05,37.47,37.84,37.18,37.56,107730
2008-08-06,38.76,39.0,37.4,37.61,512700
2008-08-07,37.76,40.2,37.71,37.84,567840
2008-08-08,38.0,38.49,36.8,36.93,227970
2008-08-11,37.59,38.0,37.45,37.76,172350
2008-08-12,38.0,38.0,37.0,37.26,94440
2008-08-13,36.7,37.6,36.6,37.07,72950
2008-08-14,36.7,37.48,36.6,36.8,56970
2008-08-18,36.7,37.39,36.06,36.55,46000
2008-08-19,36.0,36.82,35.8,36.04,43250
2008-08-20,36.2,36.54,36.0,36.1,57710
2008-08-21,36.21,36.51,35.6,35.84,48290
2008-08-22,35.75,36.3,35.7,35.94,73770
2008-08-25,36.39,36.79,35.5,35.66,65480
2008-08-26,35.1,35.7,34.53,35.04,217330
2008-08-27,35.3,35.8,35.0,35.53,101980
2008-08-28,35.41,35.41,34.7,34.95,291900
2008-08-29,35.2,36.4,35.2,36.0,64760
2008-09-01,35.52,35.96,33.5,35.23,62770
2008-09-02,34.8,35.9,34.8,35.48,130140
2008-09-04,35.6,36.0,35.4,35.54,41610
2008-09-05,34.83,36.97,34.2,35.59,103460
2008-09-08,36.88,37.5,35.51,36.15,179830
2008-09-09,36.0,36.2,35.55,35.82,40450
2008-09-10,35.79,35.88,34.62,34.86,83860
2008-09-11,34.11,35.0,34.11,34.65,50700
2008-09-12,34.5,35.85,33.7,33.98,68930
2008-09-15,34.38,34.38,31.55,31.94,179170
2008-09-16,31.6,31.89,31.08,31.55,106010
2008-09-17,31.6,31.7,30.8,31.01,108740
2008-09-18,31.01,31.1,28.7,29.89,300660
2008-09-19,31.99,31.99,29.7,30.35,2473180
2008-09-22,31.44,31.44,30.4,30.51,194160
2008-09-23,30.4,30.5,29.6,30.1,174440
2008-09-24,29.8,30.5,29.8,30.24,40700
2008-09-25,30.3,30.55,28.56,29.03,615250
2008-09-26,30.29,30.29,29.0,29.15,183990
2008-09-29,29.5,29.5,28.0,28.82,166260
2008-09-30,28.82,30.7,27.2,29.8,151530
2008-10-01,31.0,31.0,29.41,29.89,54130
2008-10-03,30.0,30.0,29.01,29.3,58910
2008-10-06,29.0,29.88,27.5,27.73,113390
2008-10-07,27.7,28.1,25.56,26.15,133130
2008-10-08,25.2,25.21,23.2,24.29,197420
2008-10-10,23.85,23.85,21.06,21.63,171790
2008-10-13,21.63,23.3,21.63,22.04,2384470
2008-10-14,23.5,24.93,23.05,23.98,171170
2008-10-15,23.98,26.8,22.7,24.76,255280
2008-10-16,23.23,24.91,22.02,24.62,434430
2008-10-17,24.7,25.0,23.0,23.61,98940
2008-10-20,23.6,24.01,22.8,22.96,79530
2008-10-21,22.55,24.3,22.55,23.36,56570
2008-10-22,23.78,23.78,23.0,23.28,52640
2008-10-23,22.4,22.6,21.6,21.74,99690
2008-10-24,21.1,21.1,17.51,18.39,153470
2008-10-27,18.0,19.2,13.63,15.63,5597930
2008-10-28,18.28,18.28,16.3,16.66,98620
2008-10-29,17.3,18.58,14.7,15.38,437720
2008-10-31,15.6,17.6,15.5,17.31,170960
2008-11-03,19.4,19.7,17.81,18.26,164460
2008-11-04,18.1,18.95,17.3,18.69,126950
2008-11-05,19.35,19.9,17.57,17.81,223050
2008-11-06,17.0,17.3,16.73,16.91,95700
2008-11-07,17.5,17.53,16.7,16.96,164000
2008-11-10,17.11,17.99,17.11,17.37,191640
2008-11-11,17.55,18.2,16.8,17.04,202110
2008-11-12,16.69,17.0,15.81,16.44,101450
2008-11-14,17.63,17.79,16.3,16.51,60690
2008-11-17,16.8,16.97,15.5,15.59,101030
2008-11-18,15.66,15.66,14.41,15.16,73890
2008-11-19,14.81,15.5,14.3,14.57,124210
2008-11-20,14.1,14.3,13.71,14.2,78190
2008-11-21,14.1,14.49,14.0,14.3,57270
2008-11-24,15.0,15.0,14.1,14.26,43840
2008-11-25,14.69,14.69,13.17,13.37,158050
2008-11-26,13.24,13.51,12.1,12.26,342010
2008-11-28,12.34,12.6,11.36,11.58,419560
2008-12-01,11.9,12.1,11.16,11.27,237180
2008-12-02,11.0,11.0,10.51,10.68,231040
2008-12-03,10.97,11.0,10.66,10.71,159840
2008-12-04,11.0,11.2,10.8,10.98,2242450
2008-12-05,11.1,11.8,11.1,11.41,1898650
2008-12-08,12.4,12.45,11.51,11.63,295450
2008-12-10,11.79,12.19,11.68,11.73,479790
2008-12-11,11.99,12.46,11.8,11.96,317760
2008-12-12,11.9,12.69,11.63,12.41,566900
2008-12-15,12.8,13.51,12.7,12.92,785870
2008-12-16,12.8,13.99,12.8,13.44,583510
2008-12-17,13.88,13.88,12.51,12.73,419250
2008-12-18,12.9,13.39,12.62,13.22,328630
2008-12-19,13.9,13.99,12.93,13.21,491980
2008-12-22,13.78,13.79,13.05,13.14,371030
2008-12-23,13.4,13.4,12.7,12.79,214160
2008-12-24,12.71,12.79,12.22,12.41,243580
2008-12-26,12.3,12.69,12.0,12.16,165940
2008-12-29,12.33,12.33,11.8,12.19,109750
2008-12-30,12.26,12.49,11.41,12.37,173540
2008-12-31,12.5,13.19,11.89,12.26,663390
2009-01-01,12.3,13.15,12.3,12.94,760370
2009-01-02,13.2,13.4,12.81,12.99,605960
2009-01-05,13.2,14.29,13.2,13.77,1693010
2009-01-06,13.6,14.59,13.6,14.11,2231140
2009-01-07,14.36,14.56,13.0,13.21,732970
2009-01-09,12.52,13.24,12.0,12.9,516910
2009-01-12,12.91,13.2,12.25,12.71,246730
2009-01-13,12.41,13.1,12.41,12.62,158780
2009-01-14,12.81,12.88,12.3,12.38,257760
2009-01-15,12.2,12.7,12.0,12.56,193580
2009-01-16,12.88,12.88,12.2,12.27,202060
2009-01-19,12.3,12.5,12.15,12.23,165990
2009-01-20,12.2,12.48,11.73,11.86,220550
2009-01-21,11.8,12.15,11.24,11.47,235930
2009-01-22,11.73,11.8,10.82,10.98,218330
2009-01-23,11.08,11.22,10.71,11.04,158310
2009-01-27,11.03,11.38,10.81,10.95,168360
2009-01-28,11.68,11.68,11.02,11.49,200750
2009-01-29,11.79,11.9,11.26,11.44,366000
2009-01-30,11.4,11.75,11.0,11.61,983790
2009-02-02,11.43,11.59,11.2,11.28,404530
2009-02-03,11.39,11.49,11.21,11.26,211510
2009-02-04,11.39,11.7,11.32,11.44,1644280
2009-02-05,11.8,11.8,11.33,11.58,217170
2009-02-06,12.14,12.14,11.51,11.6,603890
2009-02-09,11.71,11.95,11.7,11.86,94800
2009-02-10,11.9,12.17,11.9,11.97,91780
2009-02-11,11.7,12.2,11.63,12.09,47750
2009-02-12,12.1,12.89,12.0,12.11,335800
2009-02-13,12.43,12.58,12.0,12.19,221360
2009-02-16,12.0,12.34,11.6,11.7,310700
2009-02-17,11.63,11.76,11.27,11.43,299190
2009-02-18,11.69,11.7,11.11,11.28,336870
2009-02-19,11.31,11.56,11.23,11.29,125750
2009-02-20,11.1,11.4,11.06,11.17,131650
2009-02-24,10.83,11.13,10.81,10.99,139230
2009-02-25,11.39,11.39,10.76,10.88,644890
2009-02-26,10.98,11.09,10.44,10.67,633440
2009-02-27,10.79,10.79,10.46,10.61,194820
2009-03-02,10.6,11.65,10.4,11.43,546590
2009-03-03,11.43,11.43,11.0,11.09,149640
2009-03-04,11.0,11.2,10.72,10.87,140330
2009-03-05,10.8,11.0,10.63,10.72,79720
2009-03-06,10.0,10.75,10.0,10.64,189360
2009-03-09,10.33,10.8,10.33,10.71,109860
2009-03-12,11.05,11.1,10.6,10.98,50330
2009-03-13,11.65,11.65,11.12,11.34,112880
2009-03-16,11.7,11.9,11.51,11.78,108410
2009-03-17,11.5,12.1,11.43,11.63,884560
2009-03-18,11.5,12.8,11.25,12.58,1020470
2009-03-19,12.87,13.6,12.8,12.96,805690
2009-03-20,12.9,13.45,12.55,12.82,297940
2009-03-23,12.58,13.3,12.55,12.84,541130
2009-03-24,13.1,13.28,12.51,12.63,438640
2009-03-25,12.56,13.09,12.55,12.77,492870
2009-03-26,13.0,15.75,13.0,14.94,8058650
2009-03-27,15.24,16.0,15.1,15.53,3839840
2009-03-30,15.27,15.27,14.01,14.16,573090
2009-03-31,14.26,14.5,14.1,14.44,293150
2009-04-01,14.38,15.27,14.12,14.77,609160
2009-04-02,15.27,15.79,14.8,15.51,832720
2009-04-06,15.8,15.96,14.8,15.31,302780
2009-04-08,15.2,16.53,14.76,16.39,1100350
2009-04-09,16.77,17.2,16.25,16.43,641380
2009-04-13,15.8,16.79,15.8,16.63,298780
2009-04-15,16.2,17.84,16.2,16.89,827080
2009-04-16,17.19,17.69,16.07,16.39,366690
2009-04-17,16.4,16.8,15.7,15.93,180740
2009-04-20,16.5,16.56,15.74,15.94,163150
2009-04-21,16.5,16.5,15.4,15.49,235250
2009-04-22,15.7,15.94,14.23,14.97,391860
2009-04-23,15.1,15.3,14.7,14.92,171920
2009-04-24,14.7,15.4,14.7,15.28,262800
2009-04-27,15.5,16.69,15.2,15.58,866430
2009-04-28,15.8,16.68,14.5,14.79,394060
2009-04-29,12.13,15.29,12.13,15.19,372980
2009-05-04,15.99,16.3,15.53,15.89,380300
2009-05-05,16.06,16.67,16.05,16.32,707790
2009-05-06,16.4,22.6,16.32,22.2,37981780
2009-05-07,25.5,25.67,22.03,23.86,66327820
2009-05-08,23.49,23.96,22.1,22.41,8391800
2009-05-11,22.28,24.69,21.14,23.69,26307510
2009-05-12,22.6,23.78,22.4,22.62,6554820
2009-05-13,22.4,23.69,22.0,22.4,3832220
2009-05-14,21.86,22.29,21.6,21.74,1478800
2009-05-15,21.83,22.97,21.75,21.94,2015180
2009-05-18,24.0,24.9,23.6,23.94,8600
2009-05-19,24.8,25.0,21.2,23.08,3088480
2009-05-20,23.1,26.4,23.1,24.97,5809320
2009-05-21,25.5,27.2,25.0,26.38,4975270
2009-05-22,26.3,28.5,26.1,26.89,3259030
2009-05-25,27.4,28.8,26.8,28.09,2395290
2009-05-26,28.31,29.29,26.61,27.11,1555490
2009-05-27,27.3,28.0,26.6,27.34,902640
2009-05-28,27.68,27.79,26.51,26.9,851780
2009-05-29,27.2,27.85,26.95,27.18,668640
2009-06-01,27.5,28.4,27.23,27.77,1024650
2009-06-02,28.6,33.5,28.48,30.69,6313290
2009-06-03,31.39,31.65,30.06,30.69,1487320
2009-06-04,30.5,31.5,29.3,30.84,1206740
2009-06-05,31.28,31.8,28.46,29.31,1260110
2009-06-08,27.54,30.7,27.54,27.99,1236930
2009-06-09,27.7,29.49,27.0,29.16,1150780
2009-06-10,29.7,31.6,29.5,29.69,2212550
2009-06-11,29.6,30.5,29.1,29.44,752380
2009-06-12,29.11,30.5,28.5,28.85,779720
2009-06-15,28.25,28.7,23.63,27.45,587690
2009-06-16,25.8,29.31,25.8,28.54,1424300
2009-06-17,28.54,29.79,26.36,27.02,1217010
2009-06-18,27.29,28.3,26.03,26.55,795960
2009-06-19,26.7,27.67,26.1,26.53,417970
2009-06-22,26.6,27.3,26.01,26.16,481840
2009-06-23,24.2,26.38,24.2,25.99,513290
2009-06-24,26.6,26.89,25.72,26.25,537530
2009-06-25,26.25,27.69,24.8,26.55,1247620
2009-06-26,27.1,27.4,26.3,26.91,620180
2009-06-29,27.6,28.9,27.5,28.06,1143030
2009-06-30,28.44,28.44,25.33,25.9,752590
2009-07-01,25.8,26.49,25.32,26.05,619240
2009-07-02,26.38,30.5,26.15,29.98,15821090
2009-07-03,29.7,29.7,28.45,28.79,4343160
2009-07-06,28.7,29.44,27.2,27.59,1390330
2009-07-07,27.6,27.8,26.21,26.76,695950
2009-07-08,25.21,27.6,25.2,25.79,1043290
2009-07-09,25.7,26.68,25.5,26.14,809550
2009-07-10,21.56,26.6,21.56,25.66,496100
2009-07-13,25.0,25.49,24.31,25.04,529450
2009-07-14,25.21,26.4,25.21,26.15,325880
2009-07-15,26.25,27.9,26.25,27.45,701450
2009-07-16,26.26,28.26,26.26,27.62,406930
2009-07-17,26.61,28.49,26.61,28.1,491520
2009-07-20,28.65,29.0,28.11,28.78,426930
2009-07-21,26.85,28.6,26.85,28.28,288320
2009-07-22,27.05,30.16,27.05,28.37,1250200
2009-07-23,28.6,29.2,28.35,28.55,448160
2009-07-24,28.3,31.59,28.3,30.48,5199880
2009-07-27,30.5,31.6,30.1,31.03,1638820
2009-07-28,31.2,31.49,30.14,30.58,840480
2009-07-29,31.01,31.79,29.25,29.83,1981020
2009-07-30,29.69,30.49,29.5,30.0,817610
2009-07-31,30.93,30.93,29.72,29.97,534040
2009-08-03,30.47,30.6,29.63,30.06,469340
2009-08-04,30.48,30.65,29.52,29.67,520400
2009-08-05,29.71,30.4,29.5,29.64,368370
2009-08-06,29.4,29.99,28.7,28.81,420880
2009-08-07,28.8,29.0,28.04,28.22,327820
2009-08-10,28.51,28.95,27.3,27.59,383140
2009-08-11,27.7,28.13,27.3,27.61,305780
2009-08-12,26.9,27.3,26.01,27.15,253410
2009-08-13,27.97,28.67,27.7,28.46,426300
2009-08-14,27.81,30.4,27.81,29.52,1215120
2009-08-17,29.0,29.4,28.0,28.04,813710
2009-08-18,27.01,28.5,27.01,28.25,285050
2009-08-19,27.6,28.99,27.6,27.65,373470
2009-08-20,27.9,30.0,27.9,28.54,911730
2009-08-21,28.6,28.75,28.25,28.53,290500
2009-08-24,28.8,29.9,28.8,29.07,637070
2009-08-25,28.71,29.86,28.71,29.34,569500
2009-08-26,29.47,31.4,29.2,30.1,2268210
2009-08-27,30.2,30.5,29.61,29.78,566680
2009-08-28,29.2,30.99,29.2,29.93,1686780
2009-08-31,29.8,30.39,29.3,29.69,555480
2009-09-01,29.85,30.78,29.17,29.39,1332720
2009-09-02,29.55,29.9,28.8,28.96,441500
2009-09-03,28.9,29.55,28.8,28.88,252060
2009-09-04,28.8,29.42,28.8,29.2,313890
2009-09-07,29.8,30.2,29.4,29.85,676320
2009-09-08,30.29,30.29,29.5,29.65,507820
2009-09-09,29.5,32.3,29.5,30.7,6992630
2009-09-10,31.1,31.47,29.6,30.0,1564210
2009-09-11,30.1,32.29,29.62,31.33,9187120
2009-09-14,31.5,32.49,30.7,31.66,5668760
2009-09-15,31.54,32.77,31.4,32.18,5484730
2009-09-16,32.58,32.73,31.8,32.05,2998430
2009-09-17,32.19,32.29,31.14,31.4,1414930
2009-09-18,30.81,32.59,30.81,31.84,3558920
2009-09-22,32.4,32.4,31.5,31.65,706760
2009-09-23,31.89,32.48,30.66,30.92,1556870
2009-09-24,30.85,31.59,30.6,31.02,869570
2009-09-25,30.7,31.42,30.4,30.94,654610
2009-09-29,31.05,32.08,31.01,31.17,1233980
2009-09-30,31.0,31.56,31.0,31.28,559640
2009-10-01,31.01,31.5,30.91,31.1,486240
2009-10-05,30.9,31.35,30.4,30.49,632310
2009-10-06,30.55,30.9,29.6,30.18,601540
2009-10-07,30.24,32.19,30.24,31.35,4455230
2009-10-08,31.55,32.65,31.55,32.19,4966310
2009-10-09,32.5,33.79,32.31,32.55,8588040
2009-10-12,32.6,33.15,31.52,31.94,1874200
2009-10-14,32.3,32.64,31.61,31.74,1861120
2009-10-15,32.1,33.34,32.0,32.35,4203040
2009-10-16,32.01,33.18,32.01,32.74,1625200
2009-10-17,33.15,33.24,32.7,32.88,529050
2009-10-20,32.9,34.38,32.5,33.63,5662030
2009-10-21,33.8,34.8,33.63,34.4,5233760
2009-10-22,34.75,35.27,33.25,33.71,2251080
2009-10-23,34.47,34.47,33.31,33.43,1020730
2009-10-26,33.52,33.76,31.6,31.71,1284150
2009-10-27,31.7,31.7,31.0,31.41,1104160
2009-10-28,32.0,32.6,30.9,32.01,1632860
2009-10-29,30.5,32.1,30.5,31.22,721910
2009-10-30,31.51,32.26,30.05,30.41,1858290
2009-11-03,30.6,30.78,28.08,28.51,943630
2009-11-04,28.85,30.1,28.55,29.78,799560
2009-11-05,30.0,30.64,29.1,30.54,574490
2009-11-06,30.7,31.48,30.54,30.8,578870
2009-11-09,30.5,31.8,30.5,31.56,1012480
2009-11-10,31.8,32.2,31.55,31.93,650640
2009-11-11,32.15,32.38,31.61,32.28,650230
2009-11-12,32.79,33.2,31.95,32.14,289400
2009-11-13,32.02,32.38,31.7,32.03,309430
2009-11-16,32.1,32.7,31.9,32.15,370850
2009-11-17,32.02,32.77,31.8,32.23,626630
2009-11-18,32.23,32.6,32.02,32.34,300580
2009-11-19,32.53,32.78,31.7,31.95,515180
2009-11-20,31.2,35.9,31.2,33.99,10712010
2009-11-23,34.35,34.75,33.28,33.87,2722010
2009-11-24,33.85,34.35,33.23,34.0,895690
2009-11-25,34.3,34.8,34.1,34.2,719920
2009-11-26,34.37,36.36,34.15,35.23,5479140
2009-11-27,34.62,34.9,33.2,34.65,1347220
2009-11-30,34.85,37.3,34.85,36.67,2630650
2009-12-01,37.0,40.79,36.8,40.09,8687050
2009-12-02,40.49,41.1,39.01,39.31,2949890
2009-12-03,39.67,39.8,38.19,38.7,950470
2009-12-04,38.11,41.3,38.0,39.63,1891360
2009-12-07,40.19,41.0,39.71,39.94,1289230
2009-12-08,40.48,42.58,40.0,41.04,6554260
2009-12-09,39.54,41.67,38.02,40.64,1232350
2009-12-10,40.94,41.48,40.6,41.14,1056030
2009-12-11,41.4,41.8,40.62,41.0,1773140
2009-12-14,40.8,43.78,40.6,43.18,7285890
2009-12-15,43.5,44.7,43.0,43.28,4688760
2009-12-16,43.27,48.59,42.53,47.59,11067350
2009-12-17,47.53,50.8,47.53,50.01,24687500
2009-12-18,50.0,59.58,48.81,56.79,61247110
2009-12-21,56.5,60.27,56.5,57.25,35016160
2009-12-22,57.2,58.59,51.58,51.83,24507030
2009-12-23,51.8,54.55,50.51,53.2,29174340
2009-12-24,53.4,54.0,52.25,52.7,8739670
2009-12-29,53.77,54.37,51.83,53.03,9087320
2009-12-30,48.16,53.64,48.16,52.53,4485620
2009-12-31,52.0,53.44,51.21,51.47,3400860
2010-01-04,52.0,54.17,51.6,53.38,6658340
2010-01-05,53.8,55.07,53.4,53.58,5546130
2010-01-06,53.6,54.03,52.65,53.61,2410470
2010-01-07,53.9,54.78,53.2,53.96,4401130
2010-01-08,54.0,54.25,52.6,52.96,1508430
2010-01-11,53.6,53.8,53.05,53.3,1056200
2010-01-12,53.2,54.55,53.0,53.58,2612100
2010-01-13,53.0,53.89,52.75,53.04,1072790
2010-01-14,53.2,53.78,52.23,52.48,1178310
2010-01-15,52.51,53.2,51.15,51.39,1434640
2010-01-18,51.5,52.8,51.4,51.75,922760
2010-01-19,51.85,52.89,51.8,52.19,1786420
2010-01-20,52.3,62.63,52.0,60.98,62482250
2010-01-21,60.85,63.38,55.11,56.48,34383600
2010-01-22,55.0,59.8,52.75,57.68,23527080
2010-01-25,57.04,59.73,53.24,58.19,35944040
2010-01-27,56.98,60.45,54.52,55.73,26085060
2010-01-28,56.0,58.25,55.33,55.7,16009600
2010-01-29,55.73,56.8,53.64,55.33,10586010
2010-02-01,55.47,58.14,54.5,56.53,13229760
2010-02-02,57.38,58.08,55.14,55.6,6581410
2010-02-03,56.0,57.07,55.5,55.77,4176440
2010-02-04,56.0,58.3,55.26,55.7,11016320
2010-02-05,55.15,55.15,52.67,53.2,3588670
2010-02-06,53.77,54.59,53.03,54.05,1268770
2010-02-08,54.5,55.37,52.53,53.03,4155040
2010-02-09,53.1,56.07,53.1,54.84,6650320
2010-02-10,55.5,56.3,54.01,54.38,6579410
2010-02-11,54.7,55.67,53.5,54.23,4006160
2010-02-15,54.82,55.37,53.61,53.85,2309890
2010-02-16,54.1,54.97,53.62,54.0,2583920
2010-02-17,54.5,55.01,53.61,53.88,2790240
2010-02-18,54.5,57.58,54.32,56.18,24086620
2010-02-19,55.87,56.03,53.8,54.07,5399550
2010-02-22,55.0,55.59,53.0,53.38,3061990
2010-02-23,53.45,54.2,52.63,53.0,3473150
2010-02-24,53.0,53.49,51.5,51.85,2861980
2010-02-25,52.03,52.7,51.34,51.82,2791350
2010-02-26,52.1,52.8,51.5,51.88,2683280
2010-03-02,52.85,53.39,52.3,52.98,2343130
2010-03-03,53.3,54.2,53.0,53.28,2697670
2010-03-04,53.59,54.1,53.2,53.38,1561810
2010-03-05,53.8,55.3,53.55,53.93,5810170
2010-03-08,54.5,55.07,53.75,54.04,2583700
2010-03-09,54.4,54.4,53.0,53.22,1298290
2010-03-10,53.8,55.76,53.25,55.15,9191720
2010-03-11,55.6,56.84,54.26,54.75,10112120
2010-03-12,55.37,55.44,54.26,54.46,1903120
2010-03-15,54.5,55.14,53.8,53.96,1847270
2010-03-16,54.01,54.8,54.01,54.31,1342640
2010-03-17,54.6,55.6,54.27,54.56,3613180
2010-03-18,54.9,57.7,54.84,56.05,18276480
2010-03-19,56.0,57.3,55.44,56.72,5756150
2010-03-22,56.45,57.25,51.5,56.42,3921960
2010-03-23,56.8,60.27,56.69,58.68,27239570
2010-03-25,58.5,59.72,57.83,58.42,4270350
2010-03-26,58.78,59.87,58.43,58.78,3187880
2010-03-29,59.0,59.27,56.83,57.18,2992250
2010-03-30,57.95,59.77,57.31,58.41,7070540
2010-03-31,58.5,61.14,58.5,59.73,20443880
2010-04-01,60.02,63.04,60.0,62.2,13826450
2010-04-05,62.98,63.43,61.62,62.66,7026350
2010-04-06,62.7,62.88,61.23,61.7,2677020
2010-04-07,62.1,62.54,61.05,61.5,3412570
2010-04-08,61.5,61.78,60.62,60.95,1941600
2010-04-09,61.2,65.84,60.5,64.88,17326270
2010-04-12,65.5,67.36,63.42,65.42,19183920
2010-04-13,65.08,67.0,65.0,65.64,9253080
2010-04-15,66.0,66.43,62.63,63.83,4878680
2010-04-16,63.5,64.15,61.8,62.42,3704110
2010-04-19,61.5,61.68,59.72,60.13,4496610
2010-04-20,60.7,62.4,60.42,60.73,6258140
2010-04-21,61.5,62.17,61.0,61.33,4210710
2010-04-22,60.5,63.74,53.0,62.45,11547540
2010-04-23,62.5,63.97,61.9,62.79,6729990
2010-04-26,63.2,63.44,62.3,62.5,1753240
2010-04-27,62.6,63.29,61.63,62.33,3365480
2010-04-28,61.02,62.37,60.7,60.92,2470090
2010-04-29,61.01,62.1,60.99,61.5,1833830
2010-04-30,62.1,62.39,61.01,61.33,1337120
2010-05-03,61.0,61.89,60.4,61.08,1274530
2010-05-04,61.8,62.3,59.2,60.25,2805160
2010-05-05,59.6,60.9,57.0,60.08,2296180
2010-05-06,61.2,62.5,59.7,61.65,4574200
2010-05-07,60.25,60.98,58.8,59.18,1858720
2010-05-10,60.49,61.9,60.2,61.4,2515140
2010-05-11,61.9,63.25,61.0,61.2,4225270
2010-05-12,61.51,62.4,60.5,60.85,1796520
2010-05-13,61.47,62.1,60.9,61.24,1872000
2010-05-14,60.75,61.8,59.5,60.16,1037110
2010-05-17,59.13,59.68,58.53,58.93,1678030
2010-05-18,59.05,60.3,58.5,58.78,1668110
2010-05-19,58.1,58.8,55.82,56.22,1146740
2010-05-20,56.77,57.65,56.2,57.35,1191030
2010-05-21,56.97,56.97,55.33,55.85,731830
2010-05-24,57.0,58.0,55.9,55.98,845640
2010-05-25,55.5,56.0,54.2,54.48,590550
2010-05-26,55.1,56.0,54.6,55.35,871480
2010-05-27,55.66,56.4,55.01,55.4,912350
2010-05-28,56.1,56.74,55.57,55.82,810810
2010-05-31,56.2,57.98,55.55,56.86,2141550
2010-06-01,56.59,57.9,56.51,56.94,1190540
2010-06-02,57.3,57.6,56.03,56.77,416540
2010-06-03,57.47,64.69,57.3,63.72,34436780
2010-06-04,63.65,64.88,62.2,63.05,24740220
2010-06-07,61.5,63.39,60.0,61.9,12352940
2010-06-08,62.48,63.94,61.39,61.98,7980650
2010-06-09,62.29,62.9,61.02,61.48,3141920
2010-06-10,62.1,63.35,61.83,62.32,5849650
2010-06-11,63.27,64.15,62.3,62.86,6731650
2010-06-14,62.55,63.85,62.03,62.83,2522100
2010-06-15,63.07,64.15,62.5,62.72,3595150
2010-06-16,63.07,63.9,62.25,62.52,2975630
2010-06-17,62.97,63.28,62.11,62.7,1932340
2010-06-18,62.6,63.19,61.5,61.66,1086370
2010-06-21,62.16,63.79,62.16,63.46,3516790
2010-06-22,63.19,65.57,62.7,64.01,8490110
2010-06-23,63.52,64.5,63.3,63.48,2013840
2010-06-24,63.6,64.2,62.71,63.21,1610260
2010-06-25,62.81,63.6,62.02,62.47,1430340
2010-06-28,61.74,63.5,61.74,63.22,1438750
2010-06-29,63.19,63.57,61.18,61.98,1181640
2010-06-30,61.54,63.1,60.61,62.8,2461180
2010-07-01,62.1,62.9,61.9,62.06,666830
2010-07-02,62.37,64.38,62.3,63.02,5406630
2010-07-05,63.02,65.3,62.52,63.98,6679310
2010-07-06,64.0,65.1,63.37,63.78,2235330
2010-07-07,64.01,64.58,62.81,63.11,2469850
2010-07-08,63.8,64.19,63.1,63.33,1071760
2010-07-09,63.6,64.0,62.8,63.1,2087660
2010-07-12,63.58,63.66,62.65,62.87,1097750
2010-07-13,63.1,63.44,62.5,63.08,1168760
2010-07-14,63.44,65.18,63.25,63.97,6559210
2010-07-15,64.1,66.1,64.1,64.95,9822020
2010-07-16,65.05,65.53,64.01,64.45,2388130
2010-07-19,63.77,65.37,63.77,64.62,2289300
2010-07-20,64.98,65.4,64.42,64.6,2102900
2010-07-21,64.82,67.78,64.7,67.32,11835200
2010-07-22,67.5,69.2,67.49,68.08,6733390
2010-07-23,68.5,68.73,67.1,67.93,1982050
2010-07-26,67.91,69.3,67.15,67.99,3266360
2010-07-27,68.0,68.59,67.45,67.68,1429680
2010-07-28,67.98,68.0,65.72,66.13,2277650
2010-07-29,66.6,68.2,65.76,66.97,2898310
2010-07-30,67.4,67.4,65.55,65.96,803860
2010-08-02,66.34,67.51,66.11,66.73,1286260
2010-08-03,66.55,68.9,66.55,68.55,2679280
2010-08-04,68.59,71.65,68.05,70.62,11280970
2010-08-05,70.86,71.19,68.93,69.38,2378660
2010-08-06,69.3,71.9,69.2,70.52,4676370
2010-08-09,71.54,73.2,71.03,72.67,4898230
2010-08-10,72.8,72.88,71.3,71.88,1990290
2010-08-11,70.7,72.19,69.5,69.92,1942480
2010-08-12,69.62,71.33,68.81,70.5,1833370
2010-08-13,70.55,78.2,69.0,75.51,9564740
2010-08-16,76.0,78.8,75.53,76.0,3677040
2010-08-17,76.25,82.38,74.25,81.3,15673460
2010-08-18,81.94,83.18,78.34,79.3,8011310
2010-08-19,79.77,81.4,78.43,80.63,3837990
2010-08-20,79.21,80.88,78.0,79.83,2597090
2010-08-23,79.9,81.2,78.88,79.64,2713610
2010-08-24,79.7,81.6,79.2,80.39,4136910
2010-08-25,80.0,80.49,78.2,78.58,1801970
2010-08-26,79.0,80.36,78.02,78.58,2104120
2010-08-27,79.0,84.9,78.15,81.22,40055050
2010-08-30,82.45,83.46,79.5,80.6,13588090
2010-08-31,79.5,80.49,78.6,79.27,3135650
2010-09-01,79.78,81.79,78.7,80.08,4283420
2010-09-02,80.6,81.15,79.3,79.67,2230170
2010-09-03,80.05,81.1,79.01,79.9,2844250
2010-09-06,80.5,81.2,79.26,79.93,2904400
2010-09-07,80.47,81.19,79.8,80.05,3124200
2010-09-08,80.27,80.7,79.26,79.58,1452780
2010-09-09,80.0,80.5,79.3,79.63,1186010
2010-09-13,80.0,80.43,79.22,79.39,1052910
2010-09-14,79.97,80.18,79.01,79.23,1178330
2010-09-15,79.01,80.95,79.01,79.6,2718520
2010-09-16,80.0,81.1,79.5,80.15,2573880
2010-09-17,80.5,81.2,79.2,79.56,2373390
2010-09-20,79.7,80.38,79.5,79.74,735560
2010-09-21,79.95,80.2,78.5,78.89,902310
2010-09-22,78.9,79.4,77.1,77.62,1078180
2010-09-23,77.65,78.4,76.8,77.54,926570
2010-09-24,77.7,80.9,77.28,80.52,3037180
2010-09-27,81.21,82.3,79.55,79.99,2535270
2010-09-28,80.5,80.84,78.63,79.35,1037510
2010-09-29,79.7,80.47,78.7,79.08,793700
2010-09-30,79.5,80.99,78.6,80.15,2276090
2010-10-01,80.6,83.65,80.6,83.27,8733400
2010-10-04,83.92,86.9,82.5,85.92,8766600
2010-10-05,86.4,89.19,86.4,87.34,7080830
2010-10-06,88.3,88.9,86.22,86.92,2493570
2010-10-07,87.35,87.49,84.6,85.05,1917070
2010-10-08,86.93,87.58,84.0,85.27,1444805
2010-10-11,86.74,87.2,84.1,84.71,814575
2010-10-12,85.0,85.0,82.81,83.74,411780
2010-10-13,84.21,84.68,82.6,83.24,467095
2010-10-14,84.0,84.0,82.0,82.39,393170
2010-10-15,82.5,86.0,81.6,83.14,1614570
2010-10-18,83.4,83.54,80.75,81.64,543080
2010-10-19,82.0,84.2,80.25,81.08,877295
2010-10-20,81.6,84.2,81.42,83.05,1863420
2010-10-21,83.51,84.2,82.22,83.24,1026025
2010-10-22,83.94,83.94,81.8,82.48,607950
2010-10-25,83.35,83.36,81.82,82.88,1884555
2010-10-26,82.9,83.05,82.0,82.38,1875865
2010-10-27,82.92,82.92,81.85,82.29,372080
2010-10-28,82.6,82.6,81.2,81.67,481255
2010-10-29,81.88,83.0,80.63,82.88,1277935
2010-11-01,83.83,84.6,81.32,82.39,5854635
2010-11-02,82.8,83.22,82.2,82.58,1186755
2010-11-03,83.0,83.3,81.9,82.17,799000
2010-11-04,82.78,82.8,81.8,82.24,625485
2010-11-05,84.57,84.57,82.2,82.53,195095
2010-11-08,82.53,82.8,81.03,81.48,479325
2010-11-09,81.24,82.58,80.8,80.94,593260
2010-11-10,81.2,83.96,80.4,82.18,2498385
2010-11-11,82.4,83.85,80.8,81.13,1767915
2010-11-12,81.36,81.88,78.7,79.11,608550
2010-11-15,79.33,80.44,77.44,78.93,475575
2010-11-16,78.8,79.6,75.66,77.09,578515
2010-11-18,77.94,78.38,73.0,75.56,646955
2010-11-19,76.54,76.54,72.6,73.36,370760
2010-11-22,74.01,78.8,72.05,78.08,1596565
2010-11-23,78.5,78.5,75.1,76.66,854610
2010-11-24,77.02,79.3,76.41,77.5,1452700
2010-11-25,73.66,78.14,73.66,74.94,504780
2010-11-26,75.2,77.6,71.56,76.33,1212460
2010-11-29,76.4,78.08,73.83,74.98,856505
2010-11-30,74.6,77.4,74.01,76.37,559985
2010-12-01,77.8,82.97,77.8,79.4,2380020
2010-12-02,80.0,81.6,79.42,80.01,895165
2010-12-03,79.8,80.4,75.79,76.83,679785
2010-12-06,77.6,81.0,77.09,79.79,2029830
2010-12-07,80.94,81.36,76.6,78.07,2711200
2010-12-08,78.18,78.18,75.31,75.9,1177885
2010-12-09,76.77,78.26,73.26,74.28,1675145
2010-12-10,74.28,76.38,72.4,74.46,865980
2010-12-13,75.0,76.4,74.7,75.98,674590
2010-12-14,76.4,78.2,75.4,77.8,916530
2010-12-15,76.18,77.79,76.02,76.23,420530
2010-12-16,76.4,77.3,74.1,75.16,496045
2010-12-20,75.2,77.09,75.2,76.09,386830
2010-12-21,76.41,78.85,76.41,77.75,632800
2010-12-22,78.0,78.6,77.01,77.71,1043150
2010-12-23,76.9,79.5,76.9,78.38,1137825
2010-12-24,76.66,79.7,76.66,78.77,671915
2010-12-27,78.8,81.88,78.8,80.18,1621030
2010-12-28,80.8,81.03,79.6,79.99,540820
2010-12-29,80.0,80.19,78.6,78.9,595605
2010-12-30,78.9,79.68,78.23,78.47,907305
2010-12-31,78.94,80.2,78.55,79.26,1372400
2011-01-03,79.99,80.38,79.4,79.56,340205
2011-01-04,79.21,80.38,77.2,78.8,749935
2011-01-05,78.47,80.01,76.52,77.82,402850
2011-01-06,78.0,78.98,77.65,78.21,569595
2011-01-07,77.65,78.2,75.2,75.64,276610
2011-01-10,75.71,76.39,71.02,71.47,679780
2011-01-11,71.78,73.7,71.02,73.0,588605
2011-01-12,73.8,74.74,72.42,74.19,394835
2011-01-13,73.4,76.17,73.4,75.58,656575
2011-01-14,75.92,76.0,72.65,73.34,327495
2011-01-17,73.89,74.15,72.27,72.89,216995
2011-01-18,73.0,74.99,72.27,73.99,1169380
2011-01-19,74.0,74.0,72.85,73.06,272205
2011-01-20,72.8,73.59,72.65,73.1,202980
2011-01-21,72.6,73.99,72.4,73.26,282550
2011-01-24,73.2,73.87,72.44,73.5,617185
2011-01-25,73.39,73.8,73.02,73.46,190345
2011-01-27,73.8,73.94,69.06,70.24,543075
2011-01-28,70.4,70.96,65.22,69.99,1005370
2011-01-31,68.43,69.9,65.25,69.12,296365
2011-02-01,69.8,69.8,66.42,67.2,244955
2011-02-02,68.53,68.53,64.67,65.28,382890
2011-02-03,65.04,65.99,64.32,64.85,684350
2011-02-04,65.0,68.3,63.0,64.2,1623660
2011-02-07,65.36,67.6,64.2,67.14,1294970
2011-02-08,67.22,67.98,63.03,63.76,726735
2011-02-09,64.0,64.19,60.99,61.33,394740
2011-02-10,61.8,62.2,58.01,58.79,999420
2011-02-11,58.2,61.0,58.0,60.56,707025
2011-02-14,61.2,64.98,61.2,64.78,1240270
2011-02-15,65.68,67.58,63.8,66.46,1772120
2011-02-16,65.94,67.78,64.85,66.86,453715
2011-02-17,67.39,68.92,66.0,67.25,1358180
2011-02-18,67.6,68.18,65.26,65.61,689060
2011-02-21,65.96,65.96,63.6,65.12,355680
2011-02-22,65.58,65.58,63.12,64.72,218655
2011-02-23,63.6,65.54,63.2,63.96,187145
2011-02-24,63.96,67.0,62.0,63.15,2387640
2011-02-25,63.9,64.94,62.6,64.05,559265
2011-02-28,64.01,65.0,62.69,63.4,364660
2011-03-01,64.4,70.4,63.27,69.19,3791965
2011-03-03,68.99,71.9,68.42,70.68,2446170
2011-03-04,71.02,71.8,69.71,70.05,704025
2011-03-07,69.4,69.4,67.6,67.87,405315
2011-03-08,68.0,70.36,66.6,69.05,975405
2011-03-09,69.8,70.32,68.88,69.21,327840
2011-03-10,69.76,70.42,67.63,68.83,501305
2011-03-11,70.2,73.29,68.7,69.65,3688925
2011-03-14,69.5,70.81,68.42,69.18,725680
2011-03-15,67.6,69.38,64.4,68.66,728745
2011-03-16,69.39,71.3,69.36,70.87,851805
2011-03-17,70.57,73.76,70.43,71.7,2645420
2011-03-18,72.8,73.88,69.6,69.92,705895
2011-03-21,70.93,70.93,68.66,69.57,576285
2011-03-22,70.4,72.9,70.23,72.52,1639995
2011-03-23,73.7,75.5,72.8,75.06,2869895
2011-03-24,75.41,75.41,73.54,73.81,1010245
2011-03-25,73.83,74.53,72.31,72.76,980715
2011-03-28,73.11,73.6,70.8,71.25,1325500
2011-03-29,71.45,72.44,70.63,70.94,1660275
2011-03-30,71.71,73.19,71.71,72.8,1091220
2011-03-31,73.76,76.78,72.8,74.14,3903405
2011-04-01,74.74,75.95,74.61,75.46,853030
2011-04-04,75.62,79.96,75.6,79.38,3304040
2011-04-05,79.4,80.16,77.64,78.03,1098720
2011-04-06,77.08,80.39,77.0,77.41,1445045
2011-04-07,77.93,78.98,77.6,78.08,1236520
2011-04-08,78.57,79.14,77.05,77.42,602045
2011-04-11,77.27,77.94,76.05,76.55,535775
2011-04-13,76.0,78.5,75.81,78.28,1226740
2011-04-15,77.62,81.98,77.62,81.0,3642030
2011-04-18,81.56,83.19,78.2,79.03,2679475
2011-04-19,78.0,79.87,63.6,78.02,1016360
2011-04-20,79.0,81.0,78.66,79.88,1221895
2011-04-21,80.74,82.46,80.02,81.79,1940035
2011-04-25,83.0,83.0,80.61,80.99,692630
2011-04-26,81.01,83.38,79.66,82.83,1733195
2011-04-27,83.2,84.54,81.82,82.3,2019160
2011-04-28,82.84,83.79,80.27,81.05,2581165
2011-04-29,81.37,81.89,78.22,79.4,1196125
2011-05-02,79.94,80.28,77.62,78.05,552915
2011-05-03,78.07,80.0,77.01,77.35,1194095
2011-05-04,77.0,77.73,75.44,75.73,761065
2011-05-05,75.8,77.12,72.6,73.22,1120860
2011-05-06,73.96,77.8,73.4,76.73,1536495
2011-05-09,77.17,78.56,76.01,77.17,1323055
2011-05-10,77.2,78.17,75.83,76.08,906365
2011-05-11,76.4,77.97,76.33,77.3,690400
2011-05-12,76.8,78.3,76.54,76.84,827520
2011-05-13,77.16,80.1,76.42,79.3,5171940
2011-05-16,79.31,80.57,78.1,79.0,2535080
2011-05-17,79.2,80.2,77.5,78.0,813215
2011-05-18,78.49,78.65,76.48,76.82,527120
2011-05-19,77.2,77.78,75.2,75.45,614235
2011-05-20,76.14,77.0,75.46,76.44,545345
2011-05-23,76.16,77.2,75.4,75.6,557855
2011-05-24,75.99,76.7,75.25,76.43,645590
2011-05-25,62.52,76.2,62.52,75.89,800515
2011-05-26,76.78,77.89,76.22,76.95,1189275
2011-05-27,77.38,79.7,77.08,79.24,2213560
2011-05-30,79.8,82.8,79.8,81.83,3456110
2011-05-31,82.4,83.2,81.47,81.89,1954540
2011-06-01,82.02,84.76,82.0,83.15,3779710
2011-06-02,81.13,84.15,81.13,82.41,1477280
2011-06-03,82.8,83.3,81.34,81.88,864940
2011-06-06,82.58,82.58,81.23,81.88,485760
2011-06-07,82.0,85.77,82.0,85.42,5660450
2011-06-08,86.0,87.1,85.0,86.56,3970185
2011-06-09,86.96,87.2,85.0,85.47,1616245
2011-06-10,85.63,86.8,84.4,85.7,2224095
2011-06-13,85.7,85.8,84.62,85.21,942070
2011-06-14,85.5,88.65,84.07,88.16,4085450
2011-06-15,88.08,90.25,86.73,87.54,4183515
2011-06-16,86.24,87.15,85.06,85.45,1312615
2011-06-17,85.4,87.8,85.0,85.42,2517715
2011-06-20,85.65,86.3,80.52,82.02,1292970
2011-06-21,82.34,83.0,80.01,81.0,1561045
2011-06-22,81.81,83.08,80.3,80.67,1478820
2011-06-23,80.32,80.32,75.2,76.02,4579330
2011-06-24,77.01,79.0,76.8,78.5,4332790
2011-06-27,76.2,78.14,76.2,77.07,1847505
2011-06-28,77.94,78.96,76.82,77.18,3248390
2011-06-29,77.0,78.98,77.0,78.04,3553160
2011-06-30,78.56,78.56,76.22,76.9,3160860
2011-07-01,77.55,77.99,76.7,77.21,970435
2011-07-04,77.4,77.98,77.0,77.32,908285
2011-07-05,77.5,79.7,76.4,78.76,6426140
2011-07-06,79.2,80.56,79.0,79.41,6219735
2011-07-07,79.43,80.76,79.08,80.19,4589665
2011-07-08,80.24,80.77,78.65,79.17,3715370
2011-07-11,79.21,79.8,77.1,77.49,1497700
2011-07-12,77.0,77.29,75.82,76.16,1464385
2011-07-13,76.98,78.1,76.42,77.59,3162690
2011-07-14,76.94,78.54,76.94,77.45,1332865
2011-07-15,77.47,78.26,77.1,77.62,679855
2011-07-18,77.74,78.6,77.31,77.45,1478175
2011-07-19,77.5,78.6,77.5,77.77,1140440
2011-07-20,78.34,78.4,72.88,73.21,3265900
2011-07-21,73.2,75.57,71.2,74.59,3399360
2011-07-22,74.38,75.19,74.05,74.59,1155825
2011-07-25,74.7,75.1,73.85,74.76,1301190
2011-07-26,74.61,75.18,73.2,73.81,874150
2011-07-27,74.15,74.18,72.6,72.91,825610
2011-07-28,72.0,73.5,71.19,72.51,3221625
2011-07-29,72.79,73.77,72.3,72.61,2165005
2011-08-01,73.2,74.34,69.58,70.9,2228485
2011-08-02,71.8,73.6,71.28,72.09,3378885
2011-08-03,71.28,72.94,70.8,72.11,1155265
2011-08-04,72.54,73.12,70.6,71.0,890380
2011-08-05,68.06,70.8,67.59,70.32,1387760
2011-08-08,68.32,71.9,68.2,71.31,1278240
2011-08-09,69.54,71.94,68.48,69.71,1100070
2011-08-10,70.79,71.4,69.3,69.65,578005
2011-08-11,67.8,71.0,67.8,70.65,1196390
2011-08-12,70.8,71.1,68.91,69.33,919850
2011-08-16,70.39,70.39,69.03,69.41,1209320
2011-08-17,69.9,71.96,67.7,68.13,1935100
2011-08-18,68.4,68.68,65.21,65.73,1632170
2011-08-19,65.18,65.8,62.9,65.22,2263605
2011-08-22,65.54,66.8,63.91,65.71,985020
2011-08-23,64.2,66.96,64.2,66.32,2804155
2011-08-24,64.3,68.6,64.3,67.0,1208695
2011-08-25,67.93,68.95,63.22,65.18,1678660
2011-08-26,64.47,64.79,62.67,63.06,741485
2011-08-29,63.41,65.31,63.4,64.83,599235
2011-08-30,65.42,69.55,65.42,67.01,860150
2011-09-02,67.41,68.09,65.98,66.8,845010
2011-09-05,66.4,67.77,66.0,67.31,453475
2011-09-06,67.58,70.92,66.89,70.64,1201155
2011-09-07,71.32,72.65,70.7,72.07,1183905
2011-09-08,72.6,72.61,71.52,71.83,330625
2011-09-09,71.61,72.19,69.08,69.44,900605
2011-09-12,68.02,69.6,67.65,68.46,890655
2011-09-13,72.4,72.4,69.24,69.66,1398795
2011-09-14,70.0,70.5,68.75,70.04,553720
2011-09-15,69.4,72.6,68.8,72.41,1051025
2011-09-16,73.0,75.0,71.2,71.76,2251440
2011-09-19,71.76,72.79,71.02,72.1,478490
2011-09-20,70.6,73.75,70.4,73.2,520880
2011-09-21,73.2,74.38,72.9,74.05,1130790
2011-09-22,72.25,74.7,71.4,73.64,2113530
2011-09-23,73.25,73.25,71.31,71.95,782080
2011-09-26,72.03,72.03,70.72,71.79,309430
2011-09-27,72.86,73.8,72.21,73.48,362755
2011-09-28,73.8,74.8,71.6,72.33,934810
2011-09-29,71.94,73.2,70.32,71.95,883060
2011-09-30,71.28,73.8,68.7,73.09,678660
2011-10-03,73.0,73.0,69.54,70.79,660890
2011-10-04,70.8,70.8,68.47,69.01,1295445
2011-10-05,68.99,69.4,67.2,68.45,581115
2011-10-07,70.0,70.82,68.06,68.8,509575
2011-10-10,68.35,70.4,68.35,69.16,1697365
2011-10-11,70.81,70.81,68.41,68.62,1058395
2011-10-12,68.72,70.0,68.62,69.87,318845
2011-10-13,70.16,70.5,69.07,69.64,482675
2011-10-14,69.47,69.73,67.81,68.51,467070
2011-10-17,69.15,70.8,68.81,70.34,428380
2011-10-18,70.4,71.47,69.86,71.22,999225
2011-10-19,71.92,73.3,71.92,73.05,759570
2011-10-20,72.74,73.6,72.1,72.53,475745
2011-10-21,72.1,73.03,70.4,70.75,441390
2011-10-24,71.0,71.99,70.46,71.01,315870
2011-10-25,70.61,72.4,70.61,71.96,561470
2011-10-26,72.48,72.63,71.96,72.42,81710
2011-10-28,73.0,74.39,72.44,72.83,335180
2011-10-31,73.36,73.97,70.7,71.09,790060
2011-11-01,70.8,76.96,70.8,76.14,7108355
2011-11-02,76.14,78.38,76.14,76.43,2730660
2011-11-03,76.59,77.6,75.73,77.27,1424740
2011-11-04,77.8,84.74,77.06,83.71,7442440
2011-11-08,84.2,84.6,81.74,83.31,3676715
2011-11-09,83.65,86.16,82.62,83.24,4066665
2011-11-11,82.0,85.41,81.99,84.36,2375455
2011-11-14,85.0,86.0,83.2,83.89,1346120
2011-11-15,83.0,85.37,82.12,84.01,1422985
2011-11-16,83.93,84.95,83.0,84.01,1989725
2011-11-17,84.02,84.45,79.63,82.07,1622395
2011-11-18,81.19,81.9,78.49,80.57,1287725
2011-11-21,81.0,81.0,75.87,76.34,981235
2011-11-22,76.23,80.74,76.23,80.12,1589600
2011-11-23,80.34,80.34,77.76,79.08,992265
2011-11-24,78.1,81.98,78.1,81.11,1388975
2011-11-25,82.4,82.4,78.42,78.99,532000
2011-11-28,79.25,81.2,78.8,80.4,1065945
2011-11-29,80.23,84.74,80.21,83.31,2867670
2011-11-30,83.54,84.54,82.05,82.75,1603525
2011-12-01,83.7,86.96,83.45,83.94,3874180
2011-12-02,83.44,85.78,82.91,85.1,1739760
2011-12-05,84.97,86.2,84.1,85.27,704475
2011-12-07,85.6,88.3,85.4,87.36,2715660
2011-12-08,88.28,89.05,87.33,88.13,2954865
2011-12-09,87.22,87.65,86.42,86.98,1892890
2011-12-12,87.39,87.93,86.64,86.95,1068505
2011-12-13,85.05,86.59,84.78,85.63,815715
2011-12-14,86.42,86.96,85.4,85.82,1551675
2011-12-15,85.39,85.39,78.64,79.81,2420795
2011-12-16,78.84,81.8,77.3,78.14,2207680
2011-12-19,78.38,78.38,73.2,76.67,1090595
2011-12-20,77.99,77.99,73.47,74.12,655695
2011-12-21,75.07,77.22,75.07,76.53,1176315
2011-12-22,75.8,77.99,75.4,76.93,904875
2011-12-23,77.94,77.94,76.02,77.03,689445
2011-12-26,77.33,80.36,77.1,79.73,2636765
2011-12-27,79.59,80.8,78.26,78.58,1013470
2011-12-28,78.17,78.18,76.61,77.14,705805
2011-12-29,76.97,78.18,76.12,76.95,1066250
2011-12-30,77.08,78.14,76.91,77.04,228770
2012-01-02,77.04,77.9,76.95,77.07,218225
2012-01-03,77.06,81.0,77.06,80.33,798575
2012-01-04,89.34,89.34,79.82,82.01,871070
2012-01-05,81.8,83.6,81.4,82.11,552240
2012-01-06,81.82,82.94,80.64,82.42,457705
2012-01-07,83.14,83.14,82.01,82.35,32295
2012-01-09,81.01,83.48,81.01,82.84,511245
2012-01-10,82.7,84.9,82.7,83.64,656405
2012-01-11,83.88,84.95,81.66,82.74,599990
2012-01-12,82.4,89.4,81.6,87.84,3395655
2012-01-13,89.0,90.0,85.0,85.31,2038055
2012-01-16,84.99,84.99,83.6,84.54,631525
2012-01-17,84.82,87.5,84.81,86.68,751805
2012-01-18,86.98,88.98,85.36,86.08,875565
2012-01-19,84.99,87.28,84.99,86.02,498100
2012-01-20,86.4,87.54,84.3,84.91,614805
2012-01-23,84.24,87.3,84.24,85.95,1020760
2012-01-24,85.61,86.5,84.9,85.31,570340
2012-01-25,85.51,88.2,85.28,86.48,1758355
2012-01-27,87.6,88.89,85.45,85.79,1551605
2012-01-30,84.43,89.6,84.43,88.74,4327610
2012-01-31,90.28,96.96,89.8,96.19,10533955
2012-02-01,96.0,97.2,94.4,96.65,3522720
2012-02-02,97.48,101.3,96.02,100.09,3994330
2012-02-03,99.6,100.95,97.67,98.36,1738985
2012-02-06,99.08,100.38,97.22,97.89,1390995
2012-02-07,97.53,98.5,96.05,97.05,2244980
2012-02-08,97.75,98.72,95.61,97.11,2292630
2012-02-09,96.42,97.81,96.0,97.3,1430405
2012-02-10,97.9,100.15,96.6,97.18,1843475
2012-02-13,97.78,98.56,96.2,97.24,931835
2012-02-14,97.59,102.16,97.13,101.53,3877020
2012-02-15,102.4,112.14,102.14,111.01,7151860
2012-02-16,110.78,111.8,107.44,108.5,2357635
2012-02-17,109.56,112.69,105.28,106.21,2062890
2012-02-21,106.0,111.58,106.0,109.23,1595705
2012-02-22,109.91,110.12,104.05,105.16,1673550
2012-02-23,104.68,104.93,97.83,102.43,3009225
2012-02-24,104.0,104.81,101.06,103.68,1122640
2012-02-27,103.1,103.6,98.43,100.67,765585
2012-02-28,101.14,107.74,100.2,105.56,3331675
2012-02-29,107.94,120.34,106.8,108.52,2218445
2012-03-01,108.4,109.14,105.6,106.61,733460
2012-03-02,107.58,110.26,104.38,105.94,1733460
2012-03-03,105.79,106.0,104.82,105.11,120865
2012-03-05,105.4,106.0,102.63,103.65,983480
2012-03-06,101.2,107.46,100.6,105.18,1928350
2012-03-07,104.02,109.89,104.02,109.34,2589445
2012-03-09,110.95,113.36,110.59,112.27,1913490
2012-03-12,113.54,116.96,111.61,116.15,3265540
2012-03-13,116.81,121.76,116.8,118.94,3601835
2012-03-14,119.64,120.78,117.07,118.3,1497120
2012-03-15,118.65,120.18,116.42,117.35,1629140
2012-03-16,117.46,118.48,114.04,115.56,1059735
2012-03-19,115.07,118.58,114.6,117.71,1459160
2012-03-20,117.6,120.6,117.6,119.37,1959260
2012-03-21,120.2,122.79,119.99,121.96,3706360
2012-03-22,121.96,123.16,115.6,116.38,1692735
2012-03-23,117.58,118.38,111.14,113.57,2059895
2012-03-26,113.98,114.9,111.47,112.4,948165
2012-03-27,114.0,114.95,110.34,111.86,1456230
2012-03-28,111.43,113.26,111.03,111.97,1652620
2012-03-29,111.6,112.1,109.99,111.74,870015
2012-03-30,112.02,115.36,112.0,114.42,1766950
2012-04-02,113.95,120.34,113.95,119.08,2331865
2012-04-03,118.8,121.16,117.15,117.72,1818510
2012-04-04,117.62,117.88,115.06,115.86,1379980
2012-04-09,114.0,117.09,114.0,115.17,1071140
2012-04-10,114.48,116.8,113.16,116.06,782535
2012-04-11,114.0,116.0,112.33,112.74,985595
2012-04-12,113.53,114.8,112.75,113.48,710480
2012-04-13,114.0,115.4,111.45,112.18,639270
2012-04-16,112.45,117.77,112.0,117.09,2237045
2012-04-17,117.79,118.0,115.97,116.81,1111215
2012-04-18,117.94,119.22,115.83,116.41,1427930
2012-04-19,116.92,117.89,116.01,117.4,643890
2012-04-20,116.94,119.84,115.22,115.8,1796660
2012-04-23,115.84,118.1,114.24,114.54,1313125
2012-04-24,115.67,115.67,110.26,111.48,1502345
2012-04-25,110.54,114.4,110.54,113.65,1143975
2012-04-26,114.4,114.54,111.39,112.13,839550
2012-04-27,110.03,113.54,109.21,110.83,1168685
2012-04-28,100.6,111.0,100.6,110.15,65960
2012-04-30,110.94,111.98,108.24,111.06,746680
2012-05-02,111.3,113.45,111.3,111.81,860825
2012-05-03,111.93,111.93,110.05,111.26,553015
2012-05-04,109.46,111.8,107.6,108.12,806430
2012-05-07,110.2,113.98,105.05,112.59,1006940
2012-05-08,113.8,114.36,110.54,112.7,1648960
2012-05-09,112.02,114.8,106.69,109.13,1453830
2012-05-10,109.22,111.48,108.22,109.22,877530
2012-05-11,109.0,109.98,106.85,108.64,897320
2012-05-14,109.2,109.6,107.82,108.53,527680
2012-05-15,107.99,108.83,104.74,106.46,1526630
2012-05-16,104.41,105.37,103.6,104.44,992035
2012-05-17,104.99,107.18,104.33,105.36,1005280
2012-05-18,104.0,105.2,102.86,104.02,484305
2012-05-21,104.94,108.97,104.41,107.74,942060
2012-05-22,109.0,109.68,106.8,107.18,653035
2012-05-23,106.07,114.4,106.06,113.6,3061165
2012-05-24,113.6,115.87,112.17,114.93,1963945
2012-05-25,113.26,115.4,113.26,114.06,821550
2012-05-28,114.86,120.28,114.44,119.55,3023755
2012-05-29,120.3,120.59,116.01,117.51,1963480
2012-05-30,117.1,119.58,108.6,109.34,6034295
2012-05-31,109.41,113.89,108.0,111.81,3262475
2012-06-01,111.34,112.6,105.32,105.7,1155515
2012-06-04,104.01,107.68,102.65,107.07,1724795
2012-06-05,108.1,111.9,107.21,110.87,1557000
2012-06-06,111.2,112.72,110.76,111.58,1203145
2012-06-07,112.69,113.14,109.76,111.92,944600
2012-06-08,111.13,114.85,111.13,112.62,2329405
2012-06-11,113.93,113.99,107.91,108.66,1673205
2012-06-12,108.81,111.0,108.51,110.53,1071700
2012-06-13,110.93,111.92,109.76,110.18,782375
2012-06-14,109.36,111.0,107.02,107.98,739615
2012-06-15,108.09,109.86,108.0,108.4,1011290
2012-06-18,109.74,110.2,105.94,106.91,921255
2012-06-19,106.91,108.49,104.48,107.81,1608180
2012-06-20,106.8,109.96,106.8,109.34,1144410
2012-06-21,109.97,110.2,107.4,109.21,863280
2012-06-22,108.1,112.74,107.44,111.26,2621840
2012-06-25,111.35,113.2,110.8,111.3,1069685
2012-06-26,111.75,112.78,110.84,111.7,583035
2012-06-27,112.04,113.98,111.42,113.63,1521075
2012-06-28,114.52,115.2,113.8,114.78,1180750
2012-06-29,116.88,116.88,115.4,116.64,856865
2012-07-02,117.47,117.79,115.4,116.41,664015
2012-07-03,118.0,118.0,116.0,116.49,373670
2012-07-04,116.49,116.49,114.22,115.13,560820
2012-07-05,115.41,117.69,114.12,115.61,919645
2012-07-06,116.0,116.16,113.85,114.33,540500
2012-07-09,112.54,114.28,111.62,112.55,382270
2012-07-10,112.6,117.78,112.53,117.33,1516035
2012-07-11,117.34,118.88,116.0,117.05,1625330
2012-07-12,116.0,116.9,114.89,115.33,713970
2012-07-13,115.87,118.82,115.76,117.62,1279400
2012-07-16,117.7,118.6,116.44,116.99,701455
2012-07-17,117.11,118.36,115.66,116.27,525650
2012-07-18,114.55,117.3,114.23,116.01,605300
2012-07-19,116.94,120.8,115.7,119.96,2894940
2012-07-20,120.15,122.75,120.0,121.33,3630085
2012-07-23,121.33,122.31,118.41,120.67,1892130
2012-07-24,120.74,121.6,119.2,119.8,840110
2012-07-25,119.78,119.78,117.5,118.53,472565
2012-07-26,118.8,118.97,112.0,114.02,2156155
2012-07-27,116.14,117.36,109.94,110.68,2072840
2012-07-30,110.22,114.38,108.6,110.99,3618235
2012-07-31,111.28,112.22,106.56,107.34,3512955
2012-08-01,107.6,109.9,106.42,109.26,1662600
2012-08-02,110.2,111.44,109.36,110.05,1366120
2012-08-03,109.74,111.0,108.25,109.94,845020
2012-08-06,109.94,111.96,108.65,109.09,1835035
2012-08-07,109.94,110.58,108.8,109.66,1054570
2012-08-08,110.2,110.5,107.74,108.06,1083705
2012-08-09,108.06,109.26,107.4,107.83,756050
2012-08-10,107.8,109.56,106.8,108.96,1128070
2012-08-13,109.17,111.1,109.03,110.8,1017000
2012-08-14,111.33,112.7,110.25,110.7,1097920
2012-08-16,110.7,111.61,109.73,110.97,691650
2012-08-17,111.25,111.77,109.88,110.19,598930
2012-08-21,110.19,110.68,108.02,108.25,926495
2012-08-22,108.2,110.4,107.32,109.71,1044975
2012-08-23,109.8,110.51,108.44,109.1,863330
2012-08-24,109.09,109.19,108.13,108.54,284980
2012-08-27,108.93,109.68,108.08,108.55,425180
2012-08-28,108.55,108.78,105.68,106.87,709300
2012-08-29,107.84,107.84,105.9,107.33,461760
2012-08-30,106.84,109.36,106.2,107.53,716345
2012-08-31,107.69,110.12,107.37,108.77,830330
2012-09-03,108.82,110.79,108.5,109.95,924295
2012-09-04,110.92,112.58,110.26,111.18,1246660
2012-09-05,111.18,113.32,110.14,111.01,1291970
2012-09-06,111.27,111.8,110.42,110.76,377755
2012-09-07,112.89,115.28,111.12,113.96,1894170
2012-09-08,114.66,115.72,114.02,115.03,340800
2012-09-10,115.41,116.38,114.6,115.74,934080
2012-09-11,115.18,117.3,114.15,116.14,640860
2012-09-12,117.0,117.2,113.71,114.63,1013525
2012-09-13,114.63,116.13,114.24,114.69,383295
2012-09-14,115.94,118.26,115.2,116.95,1159605
2012-09-17,118.6,121.0,117.2,120.59,2269040
2012-09-18,120.59,121.18,117.8,118.15,749460
2012-09-20,117.0,117.98,115.4,116.74,507665
2012-09-21,117.53,122.0,117.02,121.1,1182565
2012-09-24,121.87,125.77,120.65,123.77,2058215
2012-09-25,124.98,127.33,123.82,124.3,2505070
2012-09-26,124.4,126.35,123.2,124.02,920330
2012-09-27,124.0,125.4,122.41,123.47,926560
2012-09-28,124.26,126.88,124.21,124.9,1274310
2012-10-01,123.0,126.22,123.0,124.89,509335
2012-10-03,124.88,130.54,124.86,130.22,3013380
2012-10-04,131.0,131.26,128.7,129.76,1641695
2012-10-05,130.23,131.2,126.28,128.75,845630
2012-10-08,128.76,132.8,128.7,132.21,2883380
2012-10-09,133.0,134.36,131.8,133.47,2065415
2012-10-10,132.77,133.39,128.62,129.43,839300
2012-10-11,128.6,131.6,128.6,130.7,720545
2012-10-12,131.21,133.38,130.4,131.14,604525
2012-10-15,131.47,131.69,128.42,128.95,827165
2012-10-16,129.94,131.58,128.92,129.54,694765
2012-10-17,141.67,141.67,127.11,128.52,808210
2012-10-18,129.0,132.39,128.51,131.56,854850
2012-10-19,131.6,131.76,129.22,130.08,298800
2012-10-22,130.02,130.58,129.03,129.45,245690
2012-10-23,129.59,130.74,129.05,129.6,164275
2012-10-25,129.22,129.74,122.85,123.87,2484765
2012-10-26,123.04,125.4,123.04,124.24,714970
2012-10-29,124.8,125.95,116.56,117.29,3322420
2012-10-30,118.8,118.8,112.82,113.64,3231235
2012-10-31,113.65,116.4,113.44,115.39,1349005
2012-11-01,115.94,117.76,114.63,116.8,1418720
2012-11-02,117.42,118.2,116.08,116.7,532520
2012-11-05,116.59,117.49,114.82,116.34,932085
2012-11-06,115.21,116.94,115.21,116.16,324505
2012-11-07,116.31,120.12,115.82,119.04,1518135
2012-11-08,118.04,120.38,117.06,118.07,1133995
2012-11-09,118.21,121.3,118.2,119.09,1995780
2012-11-12,119.09,119.88,117.61,118.29,901920
2012-11-13,118.2,118.57,117.5,117.91,117830
2012-11-15,117.92,117.95,115.25,116.15,521575
2012-11-16,117.4,117.4,114.62,115.09,425495
2012-11-19,113.6,116.08,113.43,114.24,394175
2012-11-20,114.31,116.59,114.2,115.83,872765
2012-11-21,116.49,118.29,115.22,117.46,947385
2012-11-22,117.22,120.2,116.47,119.39,987695
2012-11-23,119.4,119.78,115.9,116.89,853500
2012-11-26,116.87,117.27,112.93,114.43,2989935
2012-11-27,114.83,116.0,113.6,114.76,1171015
2012-11-29,114.83,115.94,114.02,115.43,1834430
2012-11-30,115.43,116.45,114.37,114.76,1330245
2012-12-03,114.91,117.68,114.02,116.93,2610255
2012-12-04,117.2,121.26,117.2,120.41,3827040
2012-12-05,120.92,122.7,120.8,121.16,2024890
2012-12-06,121.94,123.4,119.48,122.01,1893605
2012-12-07,122.94,122.94,118.66,120.86,960905
2012-12-10,121.94,124.18,120.96,123.54,1901400
2012-12-11,124.01,124.39,121.18,121.8,929650
2012-12-12,122.4,123.0,120.47,120.91,576495
2012-12-13,121.75,121.96,119.44,120.06,841235
2012-12-14,120.1,122.3,119.31,121.26,858955
2012-12-17,121.91,123.71,121.65,123.15,916165
2012-12-18,123.58,124.96,122.88,123.61,1105310
2012-12-19,124.51,125.4,122.39,123.12,942615
2012-12-20,123.93,125.2,122.32,124.92,1219105
2012-12-21,124.77,127.6,124.2,126.91,3991950
2012-12-24,127.54,129.3,127.52,128.78,2128180
2012-12-26,128.7,129.2,127.55,127.83,532465
2012-12-27,128.15,128.96,124.4,125.62,1154255
2012-12-28,126.87,127.98,125.8,127.57,504480
2012-12-31,127.58,128.4,126.44,127.32,764900
2013-01-01,127.93,128.21,127.16,127.76,367420
2013-01-02,128.6,130.6,127.8,129.81,1158155
2013-01-03,129.9,130.56,128.2,128.87,785635
2013-01-04,129.02,129.02,127.0,127.35,868150
2013-01-07,127.87,131.43,127.87,129.18,805090
2013-01-08,129.33,130.2,128.0,129.85,501135
2013-01-09,130.61,136.94,130.49,136.11,6075415
2013-01-10,136.94,137.66,135.01,135.93,1678830
2013-01-11,135.99,135.99,133.25,134.64,792030
2013-01-14,135.34,136.56,134.0,134.37,853240
2013-01-15,134.88,138.94,134.0,137.97,2277730
2013-01-16,138.0,139.94,136.2,136.92,1189335
2013-01-17,137.42,137.8,132.8,133.58,1094970
2013-01-18,134.03,134.91,130.01,132.3,1050855
2013-01-21,132.68,133.79,130.44,132.68,461870
2013-01-22,132.67,135.47,132.0,132.93,1030220
2013-01-23,134.34,134.82,127.07,131.44,7254090
2013-01-24,131.95,131.95,128.49,129.66,786495
2013-01-25,129.37,132.87,128.79,131.95,582110
2013-01-28,132.93,132.93,130.4,131.02,348730
2013-01-29,130.75,131.4,128.22,129.19,833985
2013-01-30,130.46,131.76,128.76,130.9,968035
2013-01-31,131.94,132.8,130.6,131.66,969110
2013-02-01,131.94,133.45,130.4,130.82,783530
2013-02-04,130.43,134.27,130.43,133.57,1550780
2013-02-05,133.59,134.2,129.44,131.32,2115505
2013-02-06,128.02,131.32,128.02,130.4,931355
2013-02-07,131.15,133.65,129.94,133.43,1229350
2013-02-08,132.99,134.67,132.42,134.04,902910
2013-02-11,134.41,138.17,134.4,137.09,1671935
2013-02-12,137.25,137.9,135.3,137.01,705910
2013-02-13,136.68,139.8,136.31,136.78,1813285
2013-02-14,136.93,139.8,136.6,139.11,1407425
2013-02-15,139.42,141.2,137.83,139.49,1681720
2013-02-18,139.94,139.94,136.22,136.79,687960
2013-02-19,136.42,136.64,133.42,135.01,801905
2013-02-20,135.93,137.44,135.26,136.79,463555
2013-02-21,136.71,136.78,128.87,131.51,1536510
2013-02-22,132.96,133.56,130.16,131.56,686750
2013-02-25,132.8,132.8,127.0,129.69,1086015
2013-02-26,129.4,129.7,127.02,127.93,517260
2013-02-27,128.94,130.63,123.99,128.91,1214330
2013-02-28,129.54,132.46,118.44,127.58,1962250
2013-03-01,127.63,127.63,123.3,124.74,982650
2013-03-04,124.03,124.3,121.24,123.24,598100
2013-03-05,123.97,124.09,118.33,123.69,1781890
2013-03-06,124.19,126.4,123.6,124.94,697915
2013-03-07,124.1,127.2,120.31,125.88,1177610
2013-03-08,125.58,126.87,125.0,126.23,560050
2013-03-11,127.52,127.8,126.0,126.51,223405
2013-03-12,126.61,127.4,124.79,125.94,469605
2013-03-13,125.61,126.77,124.2,125.32,685655
2013-03-14,125.15,126.6,122.2,126.02,667350
2013-03-15,126.59,128.98,126.2,127.5,1102185
2013-03-18,126.0,129.53,125.4,127.39,540765
2013-03-19,127.64,128.56,124.03,125.38,451790
2013-03-20,125.42,125.88,120.6,122.26,806290
2013-03-21,128.88,128.88,120.0,121.26,654130
2013-03-22,121.84,121.84,115.36,119.04,1063435
2013-03-25,121.16,121.85,119.2,120.06,434395
2013-03-26,119.01,123.5,119.01,122.14,599015
2013-03-28,122.14,133.98,111.4,128.76,5001695
2013-04-01,127.56,129.0,124.26,125.99,822055
2013-04-02,126.49,127.0,124.8,125.71,601515
2013-04-03,125.0,126.96,121.39,123.33,475580
2013-04-04,122.2,123.48,120.01,120.41,686980
2013-04-05,119.8,121.78,119.6,120.67,503450
2013-04-08,120.6,123.78,120.24,122.05,376115
2013-04-09,123.2,126.21,123.2,123.83,778530
2013-04-10,124.6,126.0,122.71,124.7,448315
2013-04-11,125.6,128.79,124.8,128.13,521055
2013-04-12,126.8,129.3,126.22,127.35,367340
2013-04-15,127.35,128.77,124.6,125.43,389340
2013-04-16,124.61,126.8,124.06,125.66,288235
2013-04-17,125.66,127.78,124.8,126.34,326860
2013-04-18,125.2,127.2,125.2,126.45,185620
2013-04-22,126.49,130.58,126.49,129.56,632440
2013-04-23,129.6,131.0,128.47,129.02,392575
2013-04-25,130.4,135.56,126.47,130.06,5087515
2013-04-26,130.85,132.54,126.81,128.11,719130
2013-04-29,129.38,132.18,128.65,131.57,704155
2013-04-30,132.0,132.8,130.46,131.69,423745
2013-05-02,131.2,136.59,131.16,136.06,1550515
2013-05-03,137.0,138.4,134.23,135.59,1370555
2013-05-06,134.52,137.37,134.52,136.4,717425
2013-05-07,136.4,136.89,133.25,134.93,660705
2013-05-08,135.2,136.57,134.33,135.64,352835
2013-05-09,135.8,138.94,135.2,136.26,952515
2013-05-10,136.2,138.2,135.01,135.39,444045
2013-05-11,135.01,136.36,135.01,135.65,69545
2013-05-13,135.0,136.0,131.64,132.54,260395
2013-05-14,131.42,133.5,130.76,131.78,209805
2013-05-15,131.2,137.15,131.2,136.32,615015
2013-05-16,136.59,138.8,136.19,137.67,676440
2013-05-17,138.0,139.0,135.81,137.82,613525
2013-05-20,138.0,138.7,135.44,136.2,364905
2013-05-21,137.0,137.48,134.24,135.04,236550
2013-05-22,136.12,137.89,134.61,137.06,288465
2013-05-23,137.36,138.96,134.71,135.5,492755
2013-05-24,135.6,137.0,133.67,135.3,245395
2013-05-27,134.2,140.4,134.2,139.51,832335
2013-05-28,139.57,150.4,139.38,144.07,8533195
2013-05-29,144.78,144.85,140.22,141.63,2056220
2013-05-30,141.02,150.36,140.0,145.0,36223620
2013-05-31,147.0,148.0,144.3,147.77,2360140
2013-06-03,147.0,151.48,146.0,147.88,1720405
2013-06-04,147.6,148.86,145.02,145.44,1015010
2013-06-05,145.4,145.82,143.2,144.96,661525
2013-06-06,143.6,144.94,142.44,142.85,734780
2013-06-07,142.8,147.34,142.8,144.35,1377475
2013-06-10,144.9,146.77,142.64,143.69,690295
2013-06-11,142.23,144.07,140.4,142.75,1998240
2013-06-12,141.4,151.32,141.4,150.06,2822675
2013-06-13,150.0,151.17,147.7,148.81,1380745
2013-06-14,149.05,150.88,146.86,147.8,909180
2013-06-17,147.8,149.52,147.47,147.97,1089370
2013-06-18,147.96,150.88,147.8,148.68,1523870
2013-06-19,148.8,153.2,148.61,151.94,2292715
2013-06-20,150.6,151.36,145.55,147.08,1412250
2013-06-21,146.5,148.29,144.05,145.48,889950
2013-06-24,145.6,146.16,138.85,139.42,1131625
2013-06-25,139.0,139.56,133.21,134.94,2448465
2013-06-26,137.0,137.0,133.54,134.95,796940
2013-06-27,136.4,143.6,134.9,142.47,2328945
2013-06-28,143.14,147.94,142.79,147.05,1056910
2013-07-01,146.4,149.94,145.6,149.18,804535
2013-07-02,147.65,150.59,145.93,147.37,739950
2013-07-03,146.2,146.4,143.91,145.13,431410
2013-07-04,145.44,147.47,141.46,143.2,1246690
2013-07-05,144.77,145.69,141.72,142.75,641940
2013-07-08,142.99,151.97,140.5,150.19,1804125
2013-07-09,150.82,158.94,150.82,156.76,3883815
2013-07-10,156.64,160.34,154.4,155.93,2250390
2013-07-11,156.3,159.0,154.63,155.69,1978900
2013-07-12,156.4,156.96,152.59,153.53,1107855
2013-07-15,153.56,158.0,153.56,157.29,1310080
2013-07-16,157.0,159.79,153.8,157.35,1319590
2013-07-17,157.45,161.16,157.2,159.58,1640950
2013-07-18,160.0,163.49,160.0,161.48,1562465
2013-07-19,161.48,161.96,154.73,156.16,1139150
2013-07-22,155.3,156.0,151.65,152.98,891270
2013-07-23,152.8,154.58,151.4,153.87,988125
2013-07-24,152.6,153.98,150.65,153.03,555010
2013-07-25,153.2,156.69,152.6,153.33,1258835
2013-07-26,154.0,155.0,148.37,150.8,940905
2013-07-29,150.64,153.26,148.2,151.01,914460
2013-07-30,152.32,153.8,125.76,131.88,12773300
2013-07-31,129.68,130.45,119.94,121.69,7712230
2013-08-01,122.94,126.0,119.44,124.94,3268325
2013-08-02,125.98,128.6,121.4,123.92,1874650
2013-08-05,125.0,125.12,119.44,121.88,1816000
2013-08-06,121.2,124.29,120.0,120.94,2462590
2013-08-07,121.02,122.88,120.0,120.21,1036775
2013-08-08,120.4,122.8,118.49,121.51,4575010
2013-08-12,121.66,127.33,121.66,126.62,1251700
2013-08-13,127.2,129.58,125.9,127.87,753990
2013-08-14,128.4,128.74,123.8,124.55,1224145
2013-08-16,123.99,124.58,120.44,120.88,891395
2013-08-19,119.54,122.0,118.42,121.08,1339000
2013-08-20,119.2,124.39,119.2,123.54,908795
2013-08-21,124.2,128.18,121.42,121.75,772835
2013-08-22,120.11,124.84,119.84,123.16,608925
2013-08-23,124.0,124.92,121.46,123.44,762255
2013-08-26,124.0,125.2,122.4,123.94,510240
2013-08-27,124.0,124.4,120.43,121.33,926290
2013-08-28,120.8,121.68,117.91,118.48,1750225
2013-08-29,118.4,127.1,117.2,124.86,2785275
2013-08-30,124.0,126.77,119.61,120.48,1158395
2013-09-02,120.04,124.6,120.04,122.98,956270
2013-09-03,122.8,123.44,119.12,119.88,2838500
2013-09-04,120.0,123.0,119.0,120.9,855405
2013-09-05,121.69,123.78,120.03,120.69,830785
2013-09-06,121.78,123.8,120.42,122.62,940305
2013-09-10,122.6,126.4,122.6,123.73,1731745
2013-09-11,122.41,130.54,122.41,129.31,1741920
2013-09-12,130.4,132.89,124.07,124.56,2654765
2013-09-13,124.8,126.6,122.91,124.61,2015235
2013-09-16,125.0,128.4,124.41,125.21,1448160
2013-09-17,125.2,125.96,121.3,122.07,1153100
2013-09-18,122.0,123.09,121.31,122.53,3341000
2013-09-19,124.4,127.8,124.4,126.54,1561295
2013-09-20,127.0,127.0,122.2,125.91,1121600
2013-09-23,123.6,126.0,123.6,124.52,1044615
2013-09-24,123.2,126.32,123.2,125.05,659125
2013-09-25,124.45,128.2,124.45,126.91,1938420
2013-09-26,127.38,129.28,123.41,124.37,2454970
2013-09-27,124.99,127.8,124.0,126.63,1806220
2013-09-30,125.41,128.94,124.4,127.17,1311245
2013-10-01,127.2,132.6,126.78,130.13,2096040
2013-10-03,131.4,136.66,131.4,134.0,2293295
2013-10-04,134.16,135.98,132.9,133.95,809285
2013-10-07,134.11,136.99,133.2,135.64,1057715
2013-10-08,136.18,137.96,135.42,135.95,1109385
2013-10-09,136.0,136.81,134.81,136.25,642925
2013-10-10,136.2,140.6,135.6,139.83,1725650
2013-10-11,141.2,142.92,139.38,142.24,1447990
2013-10-14,142.21,144.92,141.5,143.43,667410
2013-10-15,143.6,144.46,137.4,137.71,1046235
2013-10-17,137.4,139.87,135.0,138.82,1139150
2013-10-18,139.0,142.02,138.04,140.66,865555
2013-10-21,140.9,142.49,140.9,142.05,613400
2013-10-22,142.05,143.37,140.03,140.4,529995
2013-10-23,140.9,142.37,138.06,139.03,514700
2013-10-24,138.3,142.18,138.3,139.82,545935
2013-10-25,139.04,141.36,139.04,140.26,351705
2013-10-28,140.31,141.09,137.82,138.48,345105
2013-10-29,138.4,141.19,135.21,139.99,1288040
2013-10-30,140.0,152.59,140.0,150.17,10274520
2013-10-31,151.46,153.49,146.44,147.93,3024945
2013-11-01,148.94,151.8,147.61,151.22,1722050
2013-11-03,151.74,152.0,149.65,149.93,152525
2013-11-05,148.6,150.98,147.95,149.1,606585
2013-11-06,148.93,153.18,148.93,150.11,1224595
2013-11-07,150.02,151.31,147.46,148.28,424060
2013-11-08,148.4,148.4,144.9,146.15,978220
2013-11-11,146.0,147.7,144.2,145.43,288680
2013-11-12,145.43,148.6,144.6,147.72,770520
2013-11-13,148.4,149.98,146.47,148.02,1190690
2013-11-14,149.36,151.4,147.41,149.11,1265780
2013-11-18,149.28,152.6,149.28,151.83,1163490
2013-11-19,152.0,152.47,150.0,151.25,936140
2013-11-20,151.21,153.59,149.6,150.24,1366960
2013-11-21,149.68,150.58,148.0,148.65,924220
2013-11-22,149.74,150.4,148.0,149.19,607650
2013-11-25,149.98,151.99,149.0,151.2,831655
2013-11-26,151.2,151.96,149.25,149.69,482420
2013-11-27,152.0,159.6,150.04,150.61,1774725
2013-11-28,151.6,151.61,148.82,149.66,536720
2013-11-29,148.6,153.9,148.6,150.78,1709015
2013-12-02,151.38,151.9,149.72,150.18,345535
2013-12-03,150.3,152.0,150.0,150.35,1098350
2013-12-04,151.0,151.2,149.58,150.02,915995
2013-12-05,151.0,151.0,150.28,150.72,494235
2013-12-06,149.6,151.92,149.6,150.83,918255
2013-12-09,152.4,152.98,143.57,150.61,901545
2013-12-10,150.02,151.15,148.23,150.13,294210
2013-12-11,150.2,150.2,147.66,148.5,278030
2013-12-12,148.2,148.2,145.6,147.04,586045
2013-12-13,145.4,146.93,145.4,146.37,279255
2013-12-16,146.2,148.26,145.63,147.62,372780
2013-12-17,147.62,150.31,145.95,147.91,889930
2013-12-18,147.74,150.8,147.0,150.28,932640
2013-12-19,151.06,152.8,149.01,150.84,934215
2013-12-20,150.0,153.49,150.0,152.85,706590
2013-12-23,154.2,158.8,153.25,157.39,1519435
2013-12-24,158.02,158.91,155.52,156.14,756195
2013-12-26,156.12,162.8,155.27,160.77,1225825
2013-12-27,161.6,163.39,160.02,160.57,707545
2013-12-30,160.4,161.0,157.34,157.65,673235
2013-12-31,158.0,159.28,157.29,158.18,626410
2014-01-01,159.0,159.2,157.7,158.63,176530
2014-01-02,158.4,162.7,158.4,160.42,1084170
2014-01-03,159.67,163.68,159.14,163.01,1711965
2014-01-06,163.0,166.77,163.0,166.05,1732975
2014-01-07,166.05,169.0,166.0,166.64,1313745
2014-01-08,167.2,168.4,166.02,167.46,858225
2014-01-09,167.5,168.91,163.28,163.95,1205895
2014-01-10,164.18,165.0,161.08,161.9,619800
2014-01-13,162.0,162.93,159.8,160.57,307805
2014-01-14,160.5,163.99,157.38,158.48,888660
2014-01-15,159.28,160.6,154.62,155.29,918740
2014-01-16,156.2,158.34,154.47,157.5,709275
2014-01-17,158.6,158.7,156.02,156.44,304690
2014-01-20,156.44,163.5,155.24,162.65,1005840
2014-01-21,163.74,163.8,160.02,160.61,792270
2014-01-22,160.7,161.54,155.4,156.29,1622315
2014-01-23,156.41,157.67,153.62,155.29,954440
2014-01-24,154.24,155.38,151.06,151.7,744875
2014-01-27,150.55,150.55,144.03,145.05,625050
2014-01-28,145.14,149.48,144.0,149.02,1047270
2014-01-29,150.14,156.9,148.8,153.96,4945665
2014-01-30,153.4,156.6,152.06,154.08,2104560
2014-01-31,154.4,157.34,154.2,155.74,971430
2014-02-03,154.72,156.52,152.62,154.75,677015
2014-02-04,151.5,155.94,151.5,153.68,710755
2014-02-05,154.27,157.54,154.27,155.7,1360810
2014-02-06,156.8,158.4,155.43,157.29,4042515
2014-02-07,158.0,158.73,155.53,156.59,825220
2014-02-10,154.06,156.16,153.51,154.14,757835
2014-02-11,153.6,157.13,153.6,156.68,933345
2014-02-12,156.9,158.4,156.32,156.94,1448000
2014-02-13,156.88,157.16,152.8,153.32,470340
2014-02-14,154.6,154.8,151.81,154.02,434860
2014-02-17,154.4,155.0,151.4,152.5,256375
2014-02-18,152.0,152.9,150.27,150.97,1099890
2014-02-19,151.04,153.89,150.67,153.2,1447140
2014-02-20,153.19,155.18,152.81,154.24,1518100
2014-02-21,155.0,156.4,153.28,154.18,2565065
2014-02-24,153.58,154.56,151.54,152.08,703085
2014-02-25,152.9,155.8,152.9,155.48,884565
2014-02-26,155.44,156.19,152.42,153.45,1103195
2014-02-28,153.52,155.39,152.0,153.76,3074295
2014-03-03,154.0,154.88,152.13,152.73,382605
2014-03-04,152.22,155.18,152.22,153.87,1153325
2014-03-05,154.05,156.79,153.6,154.42,873760
2014-03-06,156.5,162.0,154.92,161.04,2586405
2014-03-07,162.3,166.0,161.2,162.58,1555000
2014-03-10,161.64,168.48,161.13,167.47,1312560
2014-03-11,169.2,170.7,165.0,165.99,994695
2014-03-12,167.6,170.98,167.53,170.1,1294310
2014-03-13,170.58,172.38,168.54,169.19,805685
2014-03-14,168.8,169.0,163.0,168.11,1264390
2014-03-18,168.4,173.8,166.82,172.39,1751420
2014-03-19,173.6,175.59,170.68,174.68,1622825
2014-03-20,174.04,174.8,169.4,170.2,685300
2014-03-21,170.2,173.6,170.0,172.88,737260
2014-03-22,173.2,173.4,171.54,172.6,44590
2014-03-24,172.12,181.22,172.12,179.61,1170260
2014-03-25,181.0,183.85,178.41,182.91,1124990
2014-03-26,183.8,184.0,180.05,181.35,529480
2014-03-27,181.0,184.97,178.25,179.63,1041670
2014-03-28,180.2,182.9,178.62,181.88,657105
2014-03-31,182.0,187.99,181.82,186.78,859805
2014-04-01,187.94,188.68,182.24,182.82,1413580
2014-04-02,183.2,184.37,179.6,180.15,879950
2014-04-03,181.6,183.6,179.53,180.15,781300
2014-04-04,180.2,182.4,177.9,178.57,1035745
2014-04-07,178.6,180.17,176.1,177.73,811685
2014-04-09,177.73,182.12,177.6,180.51,2714735
2014-04-10,181.49,184.6,180.62,183.63,2612555
2014-04-11,182.4,186.4,182.4,183.93,1891715
2014-04-15,185.98,187.78,183.8,186.72,1080420
2014-04-16,186.98,190.7,184.46,185.51,1022430
2014-04-17,185.99,188.88,184.6,186.48,1071710
2014-04-21,187.34,188.0,184.0,184.37,404680
2014-04-22,185.0,187.81,185.0,186.49,520085
2014-04-23,186.03,189.0,182.23,183.6,1410400
2014-04-25,183.64,186.98,183.3,183.92,725480
2014-04-28,184.13,191.27,184.12,190.45,1820515
2014-04-29,191.18,192.54,187.23,188.07,1627060
2014-04-30,187.01,189.8,185.0,186.28,730980
2014-05-02,186.42,187.58,183.36,184.42,425820
2014-05-05,183.53,185.47,182.51,183.08,258670
2014-05-06,183.4,184.46,180.4,181.64,324895
2014-05-07,180.6,183.24,180.28,180.86,308200
2014-05-08,180.32,183.14,180.32,181.72,266700
2014-05-09,180.32,186.9,180.32,185.84,1002010
2014-05-12,186.8,190.0,185.4,189.46,791135
2014-05-13,190.0,192.4,186.6,190.98,745035
2014-05-14,192.0,196.0,190.4,192.5,1402225
2014-05-15,193.6,194.2,188.52,189.87,727335
2014-05-16,191.1,193.8,187.58,188.07,1083070
2014-05-19,189.98,195.0,188.07,194.11,1181770
2014-05-20,194.79,198.2,190.0,192.77,2618185
2014-05-21,194.76,194.76,189.12,192.32,609290
2014-05-22,192.32,194.4,189.01,189.64,589360
2014-05-23,190.39,192.37,184.16,187.15,1554730
2014-05-26,189.08,190.4,186.49,187.29,1122530
2014-05-27,188.78,194.4,187.6,193.0,1340755
2014-05-28,194.6,197.0,185.71,188.24,4065555
2014-05-29,186.38,193.0,186.22,190.28,648310
2014-05-30,190.45,195.4,188.3,194.08,866695
2014-06-02,195.38,197.6,192.4,196.6,844895
2014-06-03,197.9,213.89,197.22,211.24,2504620
2014-06-04,213.55,215.0,209.01,213.51,909700
2014-06-05,215.49,239.69,211.0,236.58,3881300
2014-06-06,238.95,239.6,232.31,234.0,2992705
2014-06-09,232.0,240.8,229.13,229.91,1343880
2014-06-10,231.0,231.6,224.04,225.65,2142740
2014-06-11,226.4,240.44,226.4,234.7,2600180
2014-06-12,236.0,241.6,231.01,234.75,4101335
2014-06-13,236.0,236.67,225.3,228.26,578495
2014-06-16,227.3,249.96,225.99,230.73,793725
2014-06-17,229.0,237.22,229.0,231.8,710720
2014-06-18,234.0,235.0,226.2,227.8,2155930
2014-06-19,227.8,230.93,222.41,223.51,532865
2014-06-20,223.5,223.93,217.61,220.56,742465
2014-06-23,220.4,227.82,218.0,220.09,1887460
2014-06-24,222.4,224.76,221.71,223.66,590610
2014-06-25,224.78,226.4,222.2,223.17,1065960
2014-06-26,224.0,224.96,218.92,220.53,1296510
2014-06-27,222.8,238.6,222.0,234.81,2884585
2014-06-30,236.2,238.0,231.6,234.5,3141940
2014-07-01,236.37,237.78,233.22,234.31,2658235
2014-07-02,237.75,238.4,235.0,237.34,906705
2014-07-03,238.34,241.59,236.23,238.65,1413050
2014-07-04,240.4,243.7,236.9,239.82,1645075
2014-07-07,242.4,246.51,241.53,244.86,1528235
2014-07-08,245.8,245.98,234.96,237.37,951830
2014-07-09,238.0,241.95,234.97,237.88,820850
2014-07-10,238.44,244.4,236.0,241.69,1388490
2014-07-11,242.41,249.6,240.44,242.94,1608745
2014-07-14,244.57,244.99,239.07,242.29,780510
2014-07-15,244.57,245.58,238.04,244.39,1958740
2014-07-16,243.4,247.0,242.52,244.32,610695
2014-07-17,243.24,258.0,242.4,256.14,1704660
2014-07-18,258.5,259.05,253.62,255.47,891975
2014-07-21,257.4,257.79,250.52,251.63,700655
2014-07-22,251.63,257.2,249.4,253.24,916485
2014-07-23,255.6,255.6,250.2,252.72,1283560
2014-07-24,253.96,253.98,251.0,252.13,809075
2014-07-25,252.05,253.74,243.72,247.28,795345
2014-07-28,248.0,249.28,237.61,242.2,1989245
2014-07-30,239.07,242.68,232.37,233.45,1296895
2014-07-31,233.45,241.48,230.31,239.59,1108250
2014-08-01,235.4,238.0,231.6,232.13,620560
2014-08-04,230.83,233.79,228.0,231.43,617035
2014-08-05,232.1,240.73,231.44,239.25,1343775
2014-08-06,239.96,241.35,235.02,235.81,711840
2014-08-07,233.82,235.75,231.0,233.75,979260
2014-08-08,232.43,237.07,231.21,236.19,923055
2014-08-11,237.01,238.83,231.6,233.97,1463675
2014-08-12,234.22,237.78,234.22,236.11,346390
2014-08-13,236.24,238.9,234.1,235.4,582000
2014-08-14,235.23,245.0,234.4,244.59,1145930
2014-08-18,245.8,251.7,245.5,247.86,987375
2014-08-19,249.94,254.92,249.0,253.86,1401775
2014-08-20,254.98,257.0,249.53,250.23,865805
2014-08-21,250.6,253.58,250.2,251.72,648430
2014-08-22,252.0,252.99,249.4,251.49,320035
2014-08-25,252.26,252.99,248.0,248.78,610125
2014-08-26,251.0,279.5,245.4,272.4,3675939
2014-08-27,280.0,296.3,277.0,294.55,6297291
2014-08-28,297.5,298.0,281.2,284.2,3220125
2014-09-01,285.25,287.0,277.1,279.35,1662135
2014-09-02,280.0,282.1,274.0,275.2,1957839
2014-09-03,276.0,281.7,274.6,276.1,2620327
2014-09-04,277.9,278.3,270.1,274.55,1361053
2014-09-05,275.1,279.5,271.8,273.1,2084465
2014-09-08,274.85,289.7,270.8,285.95,3686103
2014-09-09,288.9,294.85,285.1,287.0,4073069
2014-09-10,285.0,291.55,283.45,287.1,2108380
2014-09-11,288.4,294.9,286.35,290.85,2375923
2014-09-12,293.9,296.0,289.3,291.0,1847206
2014-09-15,290.0,290.2,284.5,285.6,1233369
2014-09-16,285.8,287.0,271.05,272.4,1707180
2014-09-17,274.95,278.1,262.0,267.35,1619547
2014-09-18,267.35,275.6,262.1,272.3,3219017
2014-09-19,274.05,275.3,268.2,270.35,1418042
2014-09-22,267.6,273.9,264.8,270.9,1174470
2014-09-23,269.6,272.4,260.0,261.3,1026538
2014-09-24,259.05,261.0,251.1,256.7,1267227
2014-09-25,255.05,258.4,246.2,249.95,1557244
2014-09-26,250.0,263.0,242.05,261.55,2365244
2014-09-29,262.95,266.0,260.1,263.5,787455
2014-09-30,260.9,267.8,260.2,264.85,1047914
2014-10-01,264.0,266.0,258.0,259.5,619194
2014-10-07,261.0,271.8,261.0,265.75,1518767
2014-10-08,264.0,269.9,263.2,268.85,706175
2014-10-09,271.0,275.5,267.4,273.95,1422135
2014-10-10,272.0,272.8,265.0,266.35,818818
2014-10-13,266.0,269.9,264.05,267.25,578286
2014-10-14,269.4,269.8,265.55,266.7,595623
2014-10-16,264.05,266.2,256.1,258.75,684280
2014-10-17,260.0,269.0,260.0,267.55,771890
2014-10-20,270.95,275.75,269.2,274.1,1243647
2014-10-21,276.0,283.0,274.8,278.5,1417754
2014-10-22,281.65,285.3,267.05,268.7,3387018
2014-10-23,271.35,274.45,271.0,273.4,352911
2014-10-27,274.0,275.0,267.0,269.7,749316
2014-10-28,271.0,271.75,265.0,267.1,993406
2014-10-29,268.55,280.4,268.0,279.5,2373672
2014-10-30,280.0,282.75,277.0,279.8,1525599
2014-10-31,280.9,286.4,280.4,285.4,1277740
2014-11-03,285.95,292.8,285.95,290.75,1207015
2014-11-05,291.8,293.3,286.0,289.6,1055836
2014-11-07,290.8,291.0,278.85,289.05,1000638
2014-11-10,287.5,305.8,285.5,304.3,2627142
2014-11-11,307.65,309.7,302.5,304.4,1622355
2014-11-12,303.0,307.4,300.65,302.5,909272
2014-11-13,302.0,304.7,296.15,300.8,738733
2014-11-14,301.0,310.95,301.0,308.0,1522168
2014-11-17,308.9,312.4,305.1,306.75,1221882
2014-11-18,305.15,309.5,304.1,306.85,635023
2014-11-19,308.0,316.9,300.65,306.05,2281766
2014-11-20,306.45,308.3,301.5,306.4,684481
2014-11-21,306.8,314.45,305.25,311.8,1217295
2014-11-24,314.95,315.85,305.6,307.8,1128792
2014-11-25,307.7,308.65,297.35,304.05,922523
2014-11-26,304.05,310.8,298.4,307.9,1264934
2014-11-27,307.4,312.35,305.95,309.9,1300907
2014-11-28,307.7,321.9,307.7,319.45,1237463
2014-12-01,320.9,326.5,320.9,324.15,1258678
2014-12-02,324.7,324.8,315.0,321.25,1058367
2014-12-03,325.4,337.75,325.4,332.45,2693692
2014-12-04,335.0,335.8,324.6,326.85,1292586
2014-12-05,328.45,328.6,318.1,320.4,810222
2014-12-08,321.45,326.9,317.0,322.3,1541130
2014-12-09,322.6,335.85,322.6,333.25,4244989
2014-12-10,334.0,346.9,307.75,310.2,8401293
2014-12-11,303.85,303.85,278.65,280.4,14171314
2014-12-12,282.0,284.0,262.4,265.8,22548392
2014-12-15,262.7,271.8,260.65,267.9,5490530
2014-12-16,267.0,269.45,250.0,252.95,3922082
2014-12-17,254.9,268.5,251.0,259.75,5141621
2014-12-18,267.8,271.0,261.95,269.45,8975744
2014-12-19,270.9,272.45,265.5,268.35,4303928
2014-12-22,265.7,271.35,265.35,269.4,2044300
2014-12-23,268.2,274.85,266.6,268.05,3622050
2014-12-24,267.5,270.8,262.6,265.15,3654607
2014-12-26,266.3,270.95,265.1,269.9,1209588
2014-12-29,271.0,277.9,267.4,271.05,8936385
2014-12-30,272.85,279.0,272.0,274.25,4891833
2014-12-31,274.85,278.0,274.05,275.35,1685454
2015-01-01,275.75,277.4,273.55,276.3,1042050
2015-01-02,276.3,277.9,273.5,275.1,1471143
2015-01-05,275.9,280.75,274.55,277.8,2167401
2015-01-06,277.4,277.4,260.3,262.65,2786525
2015-01-07,263.0,268.45,256.1,266.25,2122221
2015-01-08,267.3,274.5,267.3,273.8,1570782
2015-01-09,275.7,275.7,269.2,273.1,1733358
2015-01-12,274.9,274.9,268.1,270.85,1060034
2015-01-13,271.0,273.3,268.5,270.35,1623957
2015-01-14,269.0,270.9,258.95,263.65,2123170
2015-01-15,265.0,268.8,263.1,266.25,2913614
2015-01-16,266.0,274.15,265.0,271.65,1758970
2015-01-19,273.1,277.9,269.45,271.6,1211700
2015-01-20,272.3,274.3,270.0,271.3,769630
2015-01-21,272.2,273.6,268.25,272.1,1133422
2015-01-22,273.0,281.5,272.0,280.2,2371577
2015-01-23,284.0,284.9,275.0,280.2,2536747
2015-01-27,281.5,283.0,273.0,276.3,1147451
2015-01-28,277.0,278.9,264.0,268.45,2231856
2015-01-29,264.0,266.8,259.25,263.1,4001604
2015-01-30,265.0,265.5,257.35,258.45,1672149
2015-02-02,258.5,259.4,249.5,250.25,3067615
2015-02-03,251.2,251.6,242.2,247.65,4337167
2015-02-04,248.9,254.4,243.0,250.65,3557301
2015-02-05,251.9,255.9,246.2,249.0,2565696
2015-02-06,249.4,250.7,243.0,244.4,2025770
2015-02-09,244.4,251.9,240.05,246.85,1814927
2015-02-10,246.4,252.8,244.5,249.85,1711428
2015-02-11,251.1,261.65,250.7,260.5,1697080
2015-02-12,261.9,266.35,258.0,261.85,3366830
2015-02-13,263.0,271.0,263.0,269.7,1477640
2015-02-16,271.25,272.3,264.5,267.15,860832
2015-02-18,268.0,270.0,264.65,268.85,627863
2015-02-19,270.0,273.8,268.0,272.7,1138597
2015-02-20,273.1,276.9,269.7,271.45,1182074
2015-02-23,271.75,272.9,265.65,268.7,986044
2015-02-24,268.7,275.0,267.2,274.45,1506429
2015-02-25,276.6,278.65,265.55,268.2,2216601
2015-02-26,267.95,268.65,262.85,263.8,1549534
2015-02-27,265.45,274.7,265.45,273.9,1105777
2015-02-28,275.95,277.0,262.65,270.25,1223303
2015-03-02,272.5,280.25,270.05,278.55,1334769
2015-03-03,279.75,288.5,276.2,283.0,2032666
2015-03-04,285.9,289.95,271.9,278.25,1938459
2015-03-05,279.0,281.9,273.4,276.75,571934
2015-03-09,276.15,285.65,271.5,284.4,1597199
2015-03-10,285.0,290.9,281.95,286.65,1154212
2015-03-11,288.0,291.3,281.4,283.1,1603729
2015-03-12,284.5,294.9,283.5,294.2,1468191
2015-03-13,295.5,299.3,289.3,294.25,2694057
2015-03-16,294.0,301.35,286.55,295.15,2217917
2015-03-17,296.9,299.85,292.6,298.7,1631895
2015-03-18,298.7,299.25,291.7,296.8,2291214
2015-03-19,299.9,305.75,297.8,299.65,1786061
2015-03-20,299.0,302.0,294.1,300.4,1328149
2015-03-23,300.4,315.85,299.9,313.75,2728886
2015-03-24,314.5,315.7,302.75,304.55,1572199
2015-03-25,305.8,308.65,299.1,303.6,1690102
2015-03-26,303.5,313.0,300.0,308.85,1905101
2015-03-27,309.85,310.4,298.9,303.25,1870496
2015-03-30,305.0,309.5,303.6,308.65,795726
2015-03-31,309.5,310.55,302.3,305.25,723425
2015-04-01,304.0,309.45,303.5,304.85,580787
2015-04-06,305.1,310.4,302.75,304.15,1406302
2015-04-07,304.95,305.7,301.3,302.65,640602
2015-04-08,304.4,304.4,292.25,293.7,1022645
2015-04-09,294.4,294.8,283.4,284.85,1709240
2015-04-10,286.0,294.4,285.3,292.5,2582514
2015-04-13,292.95,297.25,290.15,293.9,1028282
2015-04-15,295.2,296.55,288.1,289.7,1151958
2015-04-16,290.85,292.75,286.3,288.15,938691
2015-04-17,288.4,290.55,285.0,285.7,957354
2015-04-20,285.0,294.9,282.25,290.9,1301665
2015-04-21,295.4,296.0,286.5,288.5,1338084
2015-04-22,289.85,291.85,281.4,289.55,1000321
2015-04-23,291.0,298.4,288.3,288.75,920184
2015-04-24,290.0,290.1,276.5,279.55,902525
2015-04-27,280.0,280.0,266.2,269.45,2196270
2015-04-28,268.6,278.95,266.6,276.75,2015471
2015-04-29,278.0,284.4,277.0,280.9,906594
2015-04-30,280.8,282.2,277.0,279.8,2073775
2015-05-04,281.4,287.85,280.0,287.15,560922
2015-05-05,285.0,293.85,285.0,291.2,815861
2015-05-06,289.7,294.9,272.65,279.85,1280899
2015-05-07,278.0,290.4,270.0,280.65,902482
2015-05-08,285.1,287.8,275.95,278.7,703016
2015-05-11,277.0,293.65,269.5,285.75,5061107
2015-05-12,283.0,294.25,279.7,284.65,1924738
2015-05-13,285.4,288.5,275.1,279.85,2145572
2015-05-14,280.1,280.7,275.95,276.9,790611
2015-05-15,277.5,278.5,269.2,270.65,1520517
2015-05-18,271.4,271.7,265.0,270.25,1438844
2015-05-19,270.25,275.4,269.05,270.85,1251139
2015-05-20,274.4,274.4,268.1,269.7,866746
2015-05-21,269.95,272.3,267.75,269.1,1010899
2015-05-22,269.8,271.9,266.4,268.05,1738878
2015-05-25,268.1,269.95,264.95,266.95,673364
2015-05-26,267.0,271.35,267.0,269.8,892044
2015-05-27,269.5,273.9,268.6,270.95,880398
2015-05-28,271.0,272.9,267.3,271.35,602620
2015-05-29,272.45,276.5,270.7,275.75,1680703
2015-06-01,275.0,279.65,274.25,276.8,782209
2015-06-02,276.8,279.5,272.85,274.8,919391
2015-06-03,273.5,276.25,269.65,274.35,1147242
2015-06-04,273.8,280.3,271.1,276.85,791012
2015-06-05,277.05,282.0,275.5,277.95,583483
2015-06-08,277.8,277.8,270.05,272.35,724985
2015-06-09,269.95,273.0,257.1,270.4,1445869
2015-06-10,272.0,274.75,267.35,270.0,865826
2015-06-11,272.2,273.95,265.0,266.05,422233
2015-06-12,265.6,272.3,261.35,266.65,619359
2015-06-15,269.65,271.35,263.7,265.75,451432
2015-06-16,266.9,272.4,263.7,271.1,695957
2015-06-17,270.45,274.35,266.35,270.45,1037008
2015-06-18,273.2,280.75,272.0,277.75,1360194
2015-06-19,278.4,287.7,277.0,285.55,761342
2015-06-22,289.8,290.95,284.2,286.25,1329299
2015-06-23,287.35,292.0,286.45,290.95,891144
2015-06-24,291.05,291.4,285.9,287.1,941226
2015-06-25,287.4,289.45,278.1,282.8,1447798
2015-06-26,282.8,288.5,277.7,287.2,727745
2015-06-29,281.0,283.4,273.0,281.7,653548
2015-06-30,281.0,284.5,271.75,282.65,1391668
2015-07-01,283.35,289.8,280.75,287.6,574301
2015-07-02,289.0,292.85,286.0,286.75,700477
2015-07-03,288.0,288.5,281.45,283.35,570494
2015-07-06,278.0,288.8,277.35,287.05,645536
2015-07-07,286.25,302.0,286.25,299.25,1354933
2015-07-08,297.0,305.5,295.75,301.6,1499742
2015-07-09,303.4,303.4,297.0,298.25,690940
2015-07-10,300.0,300.9,295.0,297.55,570678
2015-07-13,299.0,299.5,295.3,297.6,632480
2015-07-14,299.9,302.9,297.15,299.15,841874
2015-07-15,300.0,304.8,297.6,299.7,740982
2015-07-16,301.0,303.5,299.0,301.2,497443
2015-07-17,303.0,310.0,302.35,307.7,1325307
2015-07-20,308.9,312.8,307.1,310.15,1049309
2015-07-21,312.65,312.65,295.3,297.45,664276
2015-07-22,296.05,303.0,295.45,300.1,628018
2015-07-23,301.0,308.8,298.6,304.25,837914
2015-07-24,304.2,305.55,296.1,298.05,492885
2015-07-27,290.0,290.0,278.0,283.05,2064366
2015-07-28,283.0,284.8,274.5,275.4,937075
2015-07-29,276.0,279.9,272.25,273.2,681882
2015-07-30,274.6,280.0,274.0,278.4,740314
2015-07-31,280.8,283.15,277.35,279.1,627460
2015-08-03,279.0,279.5,275.25,277.15,570059
2015-08-04,278.85,280.1,271.7,272.6,639251
2015-08-05,274.65,279.8,271.2,277.65,799374
2015-08-06,280.2,280.2,275.1,277.1,555311
2015-08-07,275.45,280.65,275.05,277.55,719636
2015-08-10,277.55,281.4,275.6,277.8,486969
2015-08-11,277.95,279.5,273.0,275.75,418453
2015-08-12,274.0,274.6,268.5,270.45,605985
2015-08-13,271.95,276.9,263.1,271.65,1170014
2015-08-14,274.0,275.7,270.0,270.8,627385
2015-08-17,271.0,271.05,266.0,266.9,482238
2015-08-18,268.0,276.0,267.15,274.9,537037
2015-08-19,275.0,275.2,268.05,269.25,534277
2015-08-20,269.25,270.95,265.1,266.15,700207
2015-08-21,263.5,269.5,255.0,266.0,506030
2015-08-24,259.35,264.55,243.9,247.35,1168021
2015-08-25,251.0,261.15,245.5,256.55,1597619
2015-08-26,255.7,262.0,251.45,259.05,1193260
2015-08-27,267.75,268.8,259.45,263.4,1323827
2015-08-28,266.5,270.0,262.55,264.85,695441
2015-08-31,265.0,266.8,257.5,260.15,823294
2015-09-01,258.8,268.7,255.15,258.45,790014
2015-09-02,260.0,265.7,256.1,257.15,383966
2015-09-03,259.9,264.5,256.9,257.8,357378
2015-09-04,258.0,259.15,245.5,257.4,1271069
2015-09-07,255.1,265.5,255.1,261.0,591491
2015-09-08,261.0,263.4,256.05,259.15,517227
2015-09-09,262.3,268.5,261.3,267.3,619489
2015-09-10,264.0,264.0,257.45,259.95,722147
2015-09-11,262.35,262.75,257.5,259.8,497202
2015-09-14,260.2,263.95,259.45,261.35,308960
2015-09-15,262.4,264.9,259.5,261.05,395474
2015-09-16,262.0,262.9,252.0,253.5,1019498
2015-09-18,254.45,257.8,250.35,251.35,1004460
2015-09-21,251.0,256.9,250.5,253.75,573582
2015-09-22,255.95,256.55,248.45,250.4,678929
2015-09-23,247.8,252.25,246.4,251.15,417030
2015-09-24,251.9,252.25,247.65,249.65,490673
2015-09-28,250.0,253.0,243.5,245.9,540529
2015-09-29,244.8,252.45,239.5,250.6,888282
2015-09-30,252.7,253.1,248.55,252.25,375581
2015-10-01,253.25,256.5,250.0,251.5,489543
2015-10-05,251.85,261.3,251.2,259.3,1042163
2015-10-06,261.0,261.6,251.7,255.3,764142
2015-10-07,255.05,259.0,254.5,258.1,640451
2015-10-08,256.25,259.9,253.4,255.5,389813
2015-10-09,258.9,263.0,256.0,260.45,599456
2015-10-12,259.65,263.55,257.05,259.0,412988
2015-10-13,261.0,267.4,258.0,265.85,632114
2015-10-14,265.4,265.7,258.2,259.0,762524
2015-10-15,260.0,261.0,253.8,256.35,1665527
2015-10-16,257.95,261.0,255.8,259.95,1552696
2015-10-19,260.8,262.5,257.5,259.75,568247
2015-10-20,259.75,262.7,257.25,259.15,869836
2015-10-21,259.5,261.4,255.25,256.65,476418
2015-10-23,260.0,260.35,257.05,258.0,319023
2015-10-26,258.3,258.95,256.05,257.3,285311
2015-10-27,257.2,258.75,255.75,258.0,411764
2015-10-28,259.8,259.8,255.0,255.75,358067
2015-10-29,255.5,256.95,251.6,252.5,588408
2015-10-30,252.85,256.5,252.1,253.6,335995
2015-11-02,253.0,254.95,251.3,254.15,302790
2015-11-03,254.2,255.55,248.5,249.3,526998
2015-11-04,250.2,251.25,246.0,248.7,526834
2015-11-05,247.7,249.5,241.6,243.65,571499
2015-11-06,244.2,245.45,238.5,241.8,588418
2015-11-09,239.0,262.85,235.3,258.2,2898664
2015-11-10,258.2,263.3,256.15,259.45,1173700
2015-11-11,260.9,261.95,256.4,260.1,166853
2015-11-13,255.2,261.3,254.8,255.95,369234
2015-11-16,255.8,260.0,252.1,258.15,388170
2015-11-17,259.8,261.9,256.0,256.45,601296
2015-11-18,256.5,266.9,256.4,263.35,1702132
2015-11-19,267.35,275.75,266.15,274.65,1921763
2015-11-20,274.8,300.0,274.8,294.1,6302707
2015-11-23,295.95,298.5,289.8,295.55,2656743
2015-11-24,295.7,295.85,287.6,289.6,1580680
2015-11-26,289.15,295.0,287.95,293.4,2405838
2015-11-27,295.65,295.65,286.0,287.15,1054394
2015-11-30,287.15,289.65,284.75,285.75,589370
2015-12-01,288.2,298.0,287.05,294.75,2885585
2015-12-02,296.15,296.65,288.0,289.1,1252223
2015-12-03,288.2,302.35,285.2,299.95,13578699
2015-12-04,301.95,304.45,298.1,299.9,4015650
2015-12-07,301.6,302.6,293.1,295.25,841415
2015-12-08,294.0,298.3,290.0,291.8,1122956
2015-12-09,301.3,302.8,274.65,283.05,5070030
2015-12-10,283.45,311.8,281.0,305.0,19325231
2015-12-11,309.7,312.0,298.6,300.65,8123017
2015-12-14,299.0,306.85,297.7,303.3,2468665
2015-12-15,304.25,306.0,297.35,302.25,1462778
2015-12-16,304.8,306.7,299.3,300.95,1817117
2015-12-17,304.2,308.0,301.55,306.25,2272897
2015-12-18,305.65,310.0,303.5,304.85,2353060
2015-12-21,303.85,307.8,303.0,305.0,954101
2015-12-22,306.3,308.0,302.4,303.95,849882
2015-12-23,304.3,308.0,303.0,303.5,941622
2015-12-24,303.05,305.9,303.05,304.95,597724
2015-12-28,304.95,305.9,296.1,300.45,938705
2015-12-29,302.0,303.3,298.8,301.5,747176
2015-12-30,301.45,303.7,298.5,299.85,757374
2015-12-31,299.8,305.75,298.15,304.7,1100377
2016-01-01,305.0,322.2,304.8,320.75,3254573
2016-01-04,317.5,320.45,305.7,307.2,1657583
2016-01-05,309.9,313.25,302.1,308.45,1397453
2016-01-06,310.95,312.6,301.6,303.4,1539736
2016-01-07,301.3,301.3,291.95,295.55,1047121
2016-01-08,298.0,305.25,296.25,303.05,1256524
2016-01-11,301.5,301.5,293.25,295.9,995934
2016-01-12,294.6,298.4,287.8,289.85,950511
2016-01-13,292.3,293.6,274.7,284.25,3076906
2016-01-14,280.0,291.5,268.9,288.75,2742660
2016-01-15,291.0,291.5,278.6,281.0,1408185
2016-01-18,280.1,281.6,272.05,276.25,1807866
2016-01-19,278.1,285.75,272.9,284.4,1897772
2016-01-20,279.95,289.9,276.1,286.5,1409671
2016-01-21,289.95,296.7,282.95,289.3,1256623
2016-01-22,293.0,300.0,290.65,298.25,1474466
2016-01-25,301.5,304.8,298.0,302.05,1484949
2016-01-27,300.6,303.9,291.2,300.25,3386665
2016-01-28,300.0,304.8,293.85,295.45,2665346
2016-01-29,296.9,298.05,292.1,296.7,1140870
2016-02-01,301.0,305.8,294.1,304.05,2542521
2016-02-02,305.1,311.0,302.1,305.2,2012188
2016-02-03,301.0,304.4,291.6,299.2,2075622
2016-02-04,301.65,307.5,293.65,298.05,1231929
2016-02-05,296.0,305.0,296.0,303.8,877813
2016-02-08,302.25,310.7,300.4,304.35,1016866
2016-02-09,302.95,302.95,291.5,293.75,1313942
2016-02-10,288.9,292.25,282.0,286.35,1032455
2016-02-11,285.0,285.8,265.0,269.95,1878790
2016-02-12,271.0,276.6,259.1,273.35,1691861
2016-02-15,278.45,293.0,276.05,291.85,1610739
2016-02-16,293.0,293.6,280.45,281.9,652246
2016-02-17,281.0,283.8,272.0,282.1,1091856
2016-02-18,283.5,289.0,275.25,280.55,1323939
2016-02-19,278.85,283.5,277.1,281.15,966711
2016-02-22,283.2,285.1,280.0,281.3,927653
2016-02-23,280.7,282.35,276.6,279.4,725489
2016-02-24,277.0,279.5,273.45,275.05,632801
2016-02-25,275.05,275.15,269.1,270.85,947738
2016-02-26,273.15,275.7,269.6,273.95,682927
2016-02-29,273.95,274.9,267.15,272.2,949575
2016-03-01,272.2,287.4,270.15,285.4,1541077
2016-03-02,287.05,289.1,281.85,283.45,819366
2016-03-03,284.0,284.65,275.0,277.25,3360859
2016-03-04,277.5,283.0,277.4,280.9,1049803
2016-03-08,281.7,287.5,278.8,285.15,1418658
2016-03-09,285.0,287.2,281.6,285.45,1057117
2016-03-10,286.2,286.2,281.05,283.45,520634
2016-03-11,284.0,292.45,281.7,290.8,1575647
2016-03-14,295.0,296.7,292.1,294.6,1046575
2016-03-15,294.95,296.0,291.25,294.0,568008
2016-03-16,293.95,296.35,286.5,289.9,540347
2016-03-17,292.8,295.0,290.95,292.55,473012
2016-03-18,293.1,294.1,287.2,292.2,623172
2016-03-21,292.75,301.5,291.95,299.55,1056670
2016-03-22,301.6,309.0,300.0,303.9,1716382
2016-03-23,304.0,306.9,299.05,304.05,1399534
2016-03-28,304.0,305.8,299.5,304.1,736828
2016-03-29,303.0,306.8,300.8,302.1,949406
2016-03-30,304.0,314.25,302.7,312.65,1679211
2016-03-31,315.4,324.6,312.7,321.35,3164859
2016-04-01,319.0,319.45,312.4,313.25,1430926
2016-04-04,313.7,320.0,312.45,318.15,2151591
2016-04-05,316.4,318.85,313.75,315.5,500757
2016-04-06,318.0,331.45,315.3,327.45,1621911
2016-04-07,330.95,332.4,319.0,321.5,1542439
2016-04-08,320.55,333.9,318.0,332.65,2534869
2016-04-11,334.0,349.4,333.5,346.95,3022860
2016-04-12,347.0,347.55,337.05,339.0,1523973
2016-04-13,341.5,343.8,336.5,338.0,988957
2016-04-18,338.15,344.2,331.3,342.4,1036988
2016-04-20,347.9,352.9,342.4,350.95,2070565
2016-04-21,352.0,354.0,340.0,341.75,1455382
2016-04-22,341.45,341.45,333.7,338.15,1246643
2016-04-25,340.0,345.0,338.1,342.75,1036383
2016-04-26,343.7,348.4,342.55,346.1,1172271
2016-04-27,345.4,347.0,342.3,344.2,646469
2016-04-28,345.0,346.6,333.05,337.25,2546537
2016-04-29,337.6,339.35,330.45,332.2,822989
2016-05-02,332.1,337.5,328.3,334.45,1091143
2016-05-03,335.1,339.8,327.25,329.1,1062736
2016-05-04,328.0,335.0,327.0,333.1,1969937
2016-05-05,335.0,337.85,331.65,336.45,782642
2016-05-06,335.95,344.9,333.65,341.1,1182589
2016-05-09,343.2,345.8,339.05,340.2,2073787
2016-05-10,340.25,347.5,333.05,345.65,1726735
2016-05-11,340.0,349.0,335.75,340.15,5915820
2016-05-12,343.7,344.75,338.3,342.25,1508259
2016-05-13,346.0,366.25,345.9,359.8,8304709
2016-05-16,360.7,363.4,356.75,357.6,2953151
2016-05-17,360.5,372.2,358.75,366.0,2634702
2016-05-18,365.8,367.7,358.65,364.1,1572800
2016-05-19,365.0,365.0,352.35,356.5,1666347
2016-05-20,359.9,368.8,356.25,365.5,2941080
2016-05-23,369.75,369.75,361.4,366.3,2038549
2016-05-24,368.35,368.8,361.6,366.9,2273857
2016-05-25,368.4,376.8,367.5,373.35,1524684
2016-05-26,374.8,378.4,372.85,376.85,2802034
2016-05-27,375.0,377.7,372.0,374.9,1317173
2016-05-30,374.5,377.8,370.35,372.45,1750460
2016-05-31,373.0,378.05,355.95,364.5,22941574
2016-06-01,358.5,363.4,353.25,356.65,1855916
2016-06-02,358.0,365.0,352.8,363.75,1735560
2016-06-03,365.0,366.75,359.55,361.25,1218055
2016-06-06,357.15,361.4,357.15,360.0,742545
2016-06-07,360.1,361.5,356.4,360.15,1222530
2016-06-08,360.45,365.0,357.8,362.7,1168726
2016-06-09,363.9,363.9,354.15,357.3,714771
2016-06-10,356.5,359.9,351.2,354.4,698157
2016-06-13,351.2,361.2,347.55,358.75,989007
2016-06-14,360.2,365.0,357.4,359.7,1056161
2016-06-15,361.45,363.0,356.0,360.15,953839
2016-06-16,360.95,362.6,357.5,360.0,1268132
2016-06-17,360.55,362.65,355.25,360.25,2281420
2016-06-20,359.0,367.5,357.05,364.35,1436685
2016-06-21,365.9,369.15,365.0,368.0,1101673
2016-06-22,367.1,370.0,362.0,366.45,515691
2016-06-23,364.5,369.4,361.25,367.1,394690
2016-06-24,360.0,363.0,348.5,359.5,1419379
2016-06-27,358.05,363.3,355.25,359.6,696659
2016-06-28,361.6,362.0,356.05,357.6,476319
2016-06-29,359.0,360.2,356.45,357.15,671963
2016-06-30,359.0,361.4,354.6,359.9,1451729
2016-07-01,358.0,374.1,357.95,366.8,1234937
2016-07-04,368.0,370.5,365.35,367.4,456514
2016-07-05,367.8,371.7,363.2,368.65,780963
2016-07-07,369.0,370.15,355.2,356.4,1184684
2016-07-08,358.0,359.4,351.6,357.4,555838
2016-07-11,360.1,361.7,355.8,357.6,738199
2016-07-12,357.7,359.3,354.3,356.9,698097
2016-07-13,357.7,363.0,356.4,359.9,1397233
2016-07-14,359.9,361.8,356.45,358.9,880307
2016-07-15,363.4,364.2,357.25,359.65,1097041
2016-07-18,360.5,362.6,355.2,357.7,659661
2016-07-19,357.7,360.8,354.65,359.6,661303
2016-07-20,360.8,368.4,360.0,366.25,2477492
2016-07-21,367.5,373.0,362.6,365.05,4619396
2016-07-22,367.5,379.0,366.75,375.9,6476301
2016-07-25,386.5,387.0,372.7,381.3,3932524
2016-07-26,383.5,384.7,368.2,371.05,1437392
2016-07-27,373.0,379.5,371.2,376.65,1880602
2016-07-28,377.0,385.0,376.65,380.5,2253028
2016-07-29,381.1,391.75,380.55,389.65,1815859
2016-08-01,391.5,407.6,390.6,404.1,2037024
2016-08-02,406.0,407.95,394.2,399.9,2052533
2016-08-03,400.0,400.7,385.65,389.95,1246630
2016-08-04,394.95,409.4,393.05,405.25,1951382
2016-08-05,408.85,411.0,404.15,406.5,1024135
2016-08-08,406.0,411.0,402.15,404.05,760819
2016-08-09,406.9,421.7,405.6,414.3,2930151
2016-08-10,414.55,415.9,403.0,404.7,819212
2016-08-11,404.9,406.05,396.6,399.8,987917
2016-08-12,401.0,409.45,395.8,398.6,954738
2016-08-16,399.2,411.2,396.25,410.05,1472054
2016-08-17,413.4,416.7,407.45,415.5,1490193
2016-08-18,415.5,417.8,408.5,409.65,713737
2016-08-19,411.5,417.0,407.5,415.25,758848
2016-08-22,416.95,421.0,411.8,415.75,1102828
2016-08-23,418.55,418.55,408.5,411.2,850550
2016-08-24,411.95,415.0,410.0,411.1,1026268
2016-08-25,412.0,420.0,410.4,415.7,2117785
2016-08-26,416.5,417.95,410.5,414.65,405096
2016-08-29,412.2,417.8,410.25,416.2,468604
2016-08-30,420.95,428.3,419.5,421.9,1261860
2016-08-31,421.5,425.45,416.3,417.6,1501428
2016-09-01,417.0,426.5,416.2,422.85,971310
2016-09-02,423.0,429.3,422.85,427.8,807951
2016-09-06,428.1,433.55,428.1,431.75,757069
2016-09-07,430.35,431.95,421.45,423.2,847761
2016-09-08,423.5,423.55,415.9,420.25,1359292
2016-09-09,420.0,424.6,416.0,417.7,832458
2016-09-12,414.0,415.0,402.6,408.45,549828
2016-09-14,408.0,413.45,405.1,407.75,1525413
2016-09-15,408.0,414.7,408.0,410.0,874277
2016-09-16,413.9,422.0,405.4,410.3,3674530
2016-09-19,410.8,416.0,407.1,413.15,737114
2016-09-20,413.85,417.6,411.6,412.9,804363
2016-09-21,413.95,414.0,405.1,406.4,1210920
2016-09-22,409.0,411.75,406.15,409.45,956997
2016-09-23,410.0,413.2,407.4,408.2,868961
2016-09-26,409.0,411.9,405.15,410.2,887659
2016-09-27,410.35,416.45,408.1,409.8,1099684
2016-09-28,411.0,424.8,408.5,419.25,3906014
2016-09-29,422.95,425.9,396.5,408.95,2403197
2016-09-30,406.0,420.0,405.95,418.2,992533
2016-10-03,420.0,433.0,419.0,431.2,1980927
2016-10-04,435.75,455.5,434.9,452.3,4314465
2016-10-05,454.65,454.65,445.0,448.55,1623542
2016-10-06,449.1,459.4,445.65,448.0,983294
2016-10-07,448.6,452.8,443.6,446.7,1064980
2016-10-10,447.05,452.0,445.65,447.25,523876
2016-10-13,446.0,446.0,435.45,439.4,1641218
2016-10-14,443.45,444.0,436.45,441.85,849782
2016-10-17,442.0,443.5,421.9,423.1,1323566
2016-10-18,425.1,434.5,422.25,431.85,3415632
2016-10-19,432.0,434.0,408.0,409.15,6376380
2016-10-20,411.0,414.4,406.0,408.6,1460665
2016-10-21,408.0,416.0,408.0,412.4,1111606
2016-10-24,413.4,415.6,406.7,408.0,758686
2016-10-25,407.1,411.2,407.1,407.95,645015
2016-10-26,407.05,410.9,401.75,405.45,971121
2016-10-27,405.05,410.0,400.8,407.75,1465937
2016-10-28,411.0,411.4,405.3,407.1,450311
2016-10-30,409.4,409.5,405.05,408.0,45293
2016-11-01,406.0,410.9,404.4,407.3,742038
2016-11-02,406.0,414.0,399.15,408.75,1281658
2016-11-03,407.3,409.4,391.4,395.75,1262241
2016-11-04,394.5,397.4,380.45,386.15,905797
2016-11-07,388.0,399.4,387.85,392.3,843004
2016-11-08,394.0,395.65,387.1,394.3,580260
2016-11-09,368.0,386.5,351.65,375.1,2819923
2016-11-10,385.0,392.45,374.55,378.2,1469313
2016-11-11,378.0,378.0,351.7,354.75,2120338
2016-11-15,356.0,356.0,324.8,327.1,2348171
2016-11-16,332.0,335.0,318.0,325.4,2450691
2016-11-17,327.8,337.4,320.1,327.4,1319551
2016-11-18,328.0,333.0,316.05,319.95,1077334
2016-11-21,319.5,320.4,302.8,311.4,2185633
2016-11-22,311.55,317.25,305.25,315.4,1149648
2016-11-23,316.3,334.8,314.75,327.4,1861091
2016-11-24,327.0,342.35,323.3,334.7,3235171
2016-11-25,331.25,335.0,328.65,332.35,1309349
2016-11-28,331.4,337.0,327.0,334.15,907372
2016-11-29,337.0,347.9,332.0,343.65,1726892
2016-11-30,345.6,347.9,339.55,344.35,2253643
2016-12-01,345.45,347.75,333.4,334.85,653055
2016-12-02,331.95,341.8,331.0,333.85,655854
2016-12-05,334.0,342.3,331.5,337.2,655374
2016-12-06,340.7,340.85,330.6,332.1,722918
2016-12-07,331.1,334.0,327.1,330.65,729497
2016-12-08,334.0,354.9,331.5,352.35,2290713
2016-12-09,353.45,354.0,345.15,348.85,708629
2016-12-12,348.0,348.0,336.4,338.3,694667
2016-12-13,339.1,340.0,333.6,337.45,724310
2016-12-14,339.7,343.6,336.1,337.45,562051
2016-12-15,334.7,342.5,332.4,335.85,830188
2016-12-16,337.0,338.0,320.0,321.95,1590600
2016-12-19,321.0,328.9,320.55,325.35,812853
2016-12-20,325.35,326.4,315.45,319.15,917260
2016-12-21,320.5,324.55,318.1,322.1,570929
2016-12-22,322.1,324.35,316.45,321.8,742833
2016-12-23,321.0,328.8,317.65,325.55,728803
2016-12-26,327.5,329.0,312.65,313.55,985546
2016-12-27,313.65,323.5,310.55,322.05,989159
2016-12-28,323.25,327.8,319.25,320.15,571069
2016-12-29,321.2,330.0,320.65,328.35,804224
2016-12-30,331.0,343.45,330.1,342.25,1848478
2017-01-02,345.9,345.9,337.0,341.85,753723
2017-01-03,343.0,345.35,340.0,342.85,596020
2017-01-04,342.95,355.3,342.25,351.15,1529045
2017-01-05,353.0,361.5,345.0,359.55,2533739
2017-01-06,361.8,367.6,359.0,360.8,1869451
2017-01-09,360.8,365.95,358.35,364.7,743953
2017-01-10,367.95,369.7,363.9,367.55,890387
2017-01-11,369.0,372.0,364.25,370.45,729433
2017-01-12,371.9,372.4,362.1,363.95,804786
2017-01-13,364.5,373.7,364.5,371.6,1444589
2017-01-16,374.0,382.85,371.1,381.4,1911037
2017-01-17,381.4,386.85,370.3,372.85,6730213
2017-01-18,372.8,381.05,365.4,379.3,4042589
2017-01-19,380.0,389.0,375.85,387.75,2370381
2017-01-20,387.0,404.7,387.0,401.2,5887008
2017-01-23,402.4,413.0,401.5,410.25,2060589
2017-01-24,413.7,414.8,407.85,412.8,1506540
2017-01-25,413.9,426.6,412.6,423.85,2008572
2017-01-27,424.0,432.2,419.05,423.5,3373128
2017-01-30,424.0,424.0,417.25,420.85,882683
2017-01-31,419.5,422.8,415.1,420.05,1222730
2017-02-01,421.7,428.5,416.2,427.0,962380
2017-02-02,425.5,426.75,420.1,422.65,877484
2017-02-03,420.2,425.3,418.25,421.2,556532
2017-02-06,422.0,437.7,421.55,435.0,1367964
2017-02-07,438.9,441.45,434.5,438.2,1138851
2017-02-08,440.0,443.65,430.9,441.7,1014101
2017-02-09,443.5,446.0,436.2,439.75,1086462
2017-02-10,442.5,442.5,435.2,439.45,423606
2017-02-13,438.5,438.5,430.1,435.15,635367
2017-02-14,435.0,435.75,425.05,427.65,993716
2017-02-15,428.2,431.55,417.5,418.9,872647
2017-02-16,419.0,434.5,419.0,431.3,1276286
2017-02-17,433.9,435.25,421.9,426.35,1361108
2017-02-20,422.7,426.0,408.2,413.2,5044848
2017-02-21,412.0,424.0,409.55,419.25,2257085
2017-02-22,419.5,421.0,406.8,412.55,2591528
2017-02-23,413.25,418.0,405.85,409.2,2842975
2017-02-27,409.4,409.9,401.15,402.65,994287
2017-02-28,402.9,407.85,396.25,406.1,2222959
2017-03-01,407.8,412.8,405.6,410.35,2584648
2017-03-02,410.9,431.9,410.9,420.9,6821583
2017-03-03,422.35,424.2,413.6,422.05,1613500
2017-03-06,422.95,426.65,420.6,423.6,874933
2017-03-07,423.3,427.0,421.9,423.35,899865
2017-03-08,422.0,425.4,416.7,423.95,777650
2017-03-09,425.85,429.5,421.8,423.6,883398
2017-03-10,426.75,428.6,420.1,422.05,540929
2017-03-14,427.95,429.05,421.25,423.2,570672
2017-03-15,423.75,434.0,421.25,432.4,1106569
2017-03-16,432.95,437.85,432.5,436.1,684874
2017-03-17,436.6,444.0,436.1,442.7,1292442
2017-03-20,444.95,449.0,442.85,447.55,1061042
2017-03-21,447.9,453.4,444.15,451.85,1454582
2017-03-22,448.5,451.8,445.0,450.05,962476
2017-03-23,451.85,455.85,450.0,453.5,731069
2017-03-24,454.6,454.6,443.35,446.4,757678
2017-03-27,447.5,452.0,444.4,449.15,415115
2017-03-28,448.7,452.35,447.05,450.35,535768
2017-03-29,451.9,464.4,444.65,460.85,1278962
2017-03-30,464.0,474.5,463.0,471.0,2556202
2017-03-31,472.0,472.4,462.45,465.75,941913
2017-04-03,467.0,470.85,464.4,468.8,574326
2017-04-05,472.8,472.8,464.0,468.75,1138150
2017-04-06,468.4,468.4,459.8,462.95,1159076
2017-04-07,461.9,478.5,459.2,471.35,1709454
2017-04-10,475.0,475.75,466.0,472.35,886897
2017-04-11,473.0,483.4,470.9,481.15,1000678
2017-04-12,478.0,491.2,476.0,489.25,1611537
2017-04-13,488.25,493.6,483.8,486.15,608718
2017-04-17,486.1,489.6,484.0,487.45,331070
2017-04-18,488.0,491.0,478.65,482.75,569391
2017-04-19,481.1,489.5,480.15,485.5,551796
2017-04-20,481.15,499.45,480.8,492.85,1077743
2017-04-21,497.0,497.0,486.65,490.6,511768
2017-04-24,487.5,494.6,482.85,484.15,842115
2017-04-25,486.85,489.35,482.6,485.35,464335
2017-04-26,485.0,490.05,481.5,485.0,936856
2017-04-27,486.0,487.0,475.25,477.5,850960
2017-04-28,475.4,488.7,474.1,483.9,973557
2017-05-02,483.9,488.35,474.6,479.0,910530
2017-05-03,479.5,482.5,471.45,475.7,675503
2017-05-04,475.1,490.2,473.2,488.05,1086364
2017-05-05,488.0,488.9,479.6,486.75,1089859
2017-05-08,486.75,502.6,485.8,490.6,1279605
2017-05-09,494.85,495.5,488.1,493.65,986710
2017-05-10,496.0,504.8,494.9,502.15,1049660
2017-05-11,506.4,526.3,498.6,513.1,5731409
2017-05-12,510.05,520.3,500.4,512.95,1905916
2017-05-15,514.95,517.75,508.9,514.0,745827
2017-05-16,515.0,522.45,514.15,518.1,1439464
2017-05-17,519.7,519.7,506.2,509.45,1418531
2017-05-18,506.7,506.7,494.55,496.5,873101
2017-05-19,507.0,507.0,480.2,485.7,1183057
2017-05-22,488.15,488.6,474.55,476.15,1122209
2017-05-23,472.0,472.65,448.1,450.1,2976038
2017-05-24,452.0,459.8,438.25,440.7,2002402
2017-05-25,445.6,462.8,433.6,460.25,3121852
2017-05-26,459.7,475.5,455.5,473.3,1306497
2017-05-29,473.2,479.0,457.55,459.7,788452
2017-05-30,461.9,478.6,453.7,470.95,961552
2017-05-31,474.4,491.95,473.5,487.4,1873372
2017-06-01,491.65,491.65,476.45,485.1,996617
2017-06-02,489.0,489.0,479.25,482.7,665127
2017-06-05,484.0,489.8,479.05,485.8,726283
2017-06-06,487.0,507.9,482.05,499.65,2265216
2017-06-07,504.7,508.0,498.95,506.85,1396714
2017-06-08,507.6,511.5,502.15,504.5,756765
2017-06-09,504.4,507.9,499.2,506.35,389165
2017-06-12,504.05,504.1,495.65,499.25,400580
2017-06-13,498.2,503.35,494.4,497.1,499683
2017-06-14,496.7,499.05,488.55,492.95,663727
2017-06-15,490.25,494.45,482.6,486.45,896988
2017-06-16,488.95,495.0,486.5,491.25,810556
2017-06-19,491.1,495.75,479.45,481.05,554388
2017-06-20,481.05,487.45,481.0,484.45,822484
2017-06-21,481.7,483.7,477.5,481.1,721213
2017-06-22,482.0,483.95,469.65,472.85,404034
2017-06-23,472.5,473.95,457.05,463.7,620369
2017-06-27,464.0,474.2,453.0,470.1,1452771
2017-06-28,472.5,473.9,459.45,462.4,991285
2017-06-29,463.0,468.6,446.25,449.55,1425534
2017-06-30,445.0,462.45,440.85,460.0,1444601
2017-07-03,460.0,467.0,455.55,464.85,1284545
2017-07-04,463.45,468.45,461.15,463.05,548438
2017-07-05,462.2,473.0,459.55,471.9,839200
2017-07-06,472.95,479.9,472.0,476.05,681440
2017-07-07,472.5,475.3,468.0,469.05,575662
2017-07-10,470.55,479.9,469.45,474.5,83424
2017-07-11,476.45,483.85,471.5,478.45,830983
2017-07-12,480.15,485.55,470.4,478.05,690512
2017-07-13,481.0,484.15,477.45,480.95,635240
2017-07-14,480.2,483.25,474.25,476.95,396799
2017-07-17,477.05,477.85,462.95,465.9,870810
2017-07-18,462.0,466.8,455.05,459.2,1257213
2017-07-19,459.9,484.2,453.9,466.7,6828700
2017-07-20,469.0,469.0,459.4,463.35,865459
2017-07-21,464.9,467.4,456.85,462.0,1495779
2017-07-24,466.4,466.4,459.1,460.55,880885
2017-07-25,463.45,463.45,453.4,457.3,1134446
2017-07-26,457.25,462.35,451.3,461.4,1881730
2017-07-27,461.4,463.65,456.1,461.55,711586
2017-07-28,460.9,480.0,459.1,478.35,1540611
2017-07-31,480.0,484.2,471.5,472.8,1303559
2017-08-01,473.2,475.35,466.0,467.6,1170715
2017-08-02,469.0,474.35,465.3,472.8,953913
2017-08-03,476.0,489.7,471.15,486.15,2145689
2017-08-04,486.95,494.55,486.8,492.55,1640640
2017-08-07,495.1,499.95,492.55,494.9,882186
2017-08-08,496.4,498.75,481.4,485.15,571107
2017-08-09,486.8,501.9,480.6,497.95,1568312
2017-08-10,496.2,497.7,454.2,463.65,2008418
2017-08-11,459.3,469.9,453.85,458.65,1195720
2017-08-14,464.9,478.5,461.45,476.1,711527
2017-08-16,480.0,481.1,458.85,464.65,1532195
2017-08-17,466.95,475.0,464.3,472.85,1425374
2017-08-18,468.0,480.05,464.3,478.25,1315769
2017-08-21,480.0,483.85,471.3,474.45,671549
2017-08-22,475.35,480.95,468.35,473.05,852424
2017-08-23,475.0,479.1,470.7,475.45,533946
2017-08-24,475.0,489.9,471.0,487.15,892166
2017-08-28,487.15,495.85,486.65,489.35,942081
2017-08-29,488.9,490.55,477.25,481.25,596181
2017-08-30,484.4,487.1,481.8,485.2,503207
2017-08-31,485.55,491.4,483.45,488.35,813666
2017-09-01,488.55,494.3,484.7,486.85,775580
2017-09-04,490.4,495.85,483.25,492.85,827528
2017-09-05,495.5,497.4,488.85,492.9,674566
2017-09-06,490.25,499.0,487.55,493.0,680026
2017-09-07,502.85,502.85,492.5,493.2,529326
2017-09-08,492.35,494.9,484.15,488.3,430583
2017-09-11,491.0,503.0,489.0,496.55,1702029
2017-09-12,499.0,509.5,492.0,506.1,2314984
2017-09-13,507.0,516.8,498.5,501.45,1491578
2017-09-14,504.95,509.4,500.5,504.85,705891
2017-09-15,504.85,508.9,499.05,506.9,1124598
2017-09-18,512.75,516.85,510.1,511.45,900435
2017-09-19,507.35,514.85,507.35,510.1,483923
2017-09-20,514.7,519.9,511.5,515.3,1337258
2017-09-21,517.0,521.45,505.65,510.1,1705503
2017-09-22,509.85,509.85,490.1,495.45,1845638
2017-09-25,494.0,497.75,482.45,489.95,948376
2017-09-26,490.0,497.6,488.0,491.35,783722
2017-09-27,494.7,496.0,470.8,476.15,706839
2017-09-28,476.5,483.0,469.55,472.05,1243116
2017-09-29,472.0,488.75,472.0,483.15,1071481
2017-10-03,488.0,497.5,487.3,495.15,1182623
2017-10-04,494.25,508.15,491.35,505.65,1338822
2017-10-05,506.0,512.8,504.25,506.4,685620
2017-10-06,508.8,512.5,505.0,510.15,477799
2017-10-09,511.9,511.95,504.55,506.95,527153
2017-10-10,505.0,534.45,505.0,533.25,2933909
2017-10-11,535.0,537.5,519.3,527.45,1973917
2017-10-12,528.0,532.75,522.0,531.55,1175189
2017-10-13,535.1,545.75,533.45,541.1,3428350
2017-10-16,544.85,547.35,538.4,544.1,1166821
2017-10-17,542.6,550.4,540.05,548.35,835654
2017-10-18,549.7,553.9,542.6,545.15,2771126
2017-10-19,545.0,552.0,544.15,547.35,212687
2017-10-23,550.0,564.6,539.05,541.45,5807670
2017-10-24,536.9,536.9,499.5,503.4,6284881
2017-10-25,508.0,510.0,487.1,493.85,2838373
2017-10-26,495.0,497.4,480.5,484.2,3278978
2017-10-27,486.1,488.75,479.5,482.4,2233079
2017-10-30,487.95,495.5,485.3,489.6,1688785
2017-10-31,492.9,492.9,483.1,484.75,1314775
2017-11-01,486.05,494.5,486.05,491.75,1212723
2017-11-02,493.0,502.5,492.6,496.2,1448884
2017-11-03,500.9,501.55,491.3,493.6,895259
2017-11-06,491.6,502.6,487.15,499.6,1109783
2017-11-07,501.0,509.6,493.45,502.5,2293744
2017-11-08,503.15,513.45,498.75,503.7,2014403
2017-11-09,506.9,517.25,506.3,516.7,2515364
2017-11-10,518.1,522.3,498.2,501.55,1979090
2017-11-13,509.7,519.3,505.2,510.0,1722697
2017-11-14,517.45,517.45,508.15,511.75,920502
2017-11-15,512.1,513.95,502.3,505.4,644021
2017-11-16,506.0,506.75,496.7,498.25,768840
2017-11-17,503.0,511.0,501.5,507.8,696879
2017-11-20,507.2,515.85,506.45,510.7,639359
2017-11-21,511.65,514.0,502.95,505.8,588816
2017-11-22,506.0,506.7,497.1,500.0,878501
2017-11-23,500.0,512.0,494.3,505.35,1395165
2017-11-24,510.3,520.1,508.4,519.5,1666883
2017-11-27,519.85,527.4,510.3,520.7,1904694
2017-11-28,520.0,527.9,516.5,518.95,1174457
2017-11-29,520.0,525.2,516.6,521.55,782885
2017-11-30,519.75,522.6,506.95,509.3,1562669
2017-12-01,510.95,516.0,505.55,508.3,771250
2017-12-04,510.3,515.75,503.75,511.9,870058
2017-12-05,512.0,513.3,502.6,506.35,714585
2017-12-06,507.15,516.7,504.4,510.15,977755
2017-12-07,514.0,527.0,511.05,525.75,1870547
2017-12-08,529.7,540.0,526.2,537.1,3217033
2017-12-11,540.0,543.0,535.1,538.7,1069276
2017-12-12,538.5,553.25,535.5,546.3,2713590
2017-12-13,545.95,546.55,533.0,535.15,1093766
2017-12-14,537.0,543.5,529.0,542.1,898609
2017-12-15,547.0,559.0,544.0,556.1,1668396
2017-12-18,552.0,561.85,536.0,551.25,1049464
2017-12-19,551.6,555.35,549.2,553.95,838889
2017-12-20,554.5,560.95,549.35,558.6,1057844
2017-12-21,557.0,560.0,546.3,549.05,2498920
2017-12-22,550.0,554.7,545.7,550.05,852548
2017-12-26,549.95,556.35,548.5,550.0,560118
2017-12-27,550.0,554.1,546.25,549.5,514011
2017-12-28,549.95,552.5,545.5,550.5,552166
2017-12-29,554.0,569.9,550.65,562.45,2126486
2018-01-01,566.7,566.7,552.0,554.45,466717
2018-01-02,555.0,557.65,545.3,549.25,685576
2018-01-03,551.0,560.35,548.5,555.65,968648
2018-01-04,558.0,563.9,552.45,562.85,1178675
2018-01-05,565.0,575.9,563.8,566.05,1638665
2018-01-08,566.5,571.5,560.9,563.1,893255
2018-01-09,561.5,561.5,549.5,552.25,757837
2018-01-10,551.75,556.35,545.0,549.7,1264788
2018-01-11,549.0,554.85,546.25,548.8,550622
2018-01-12,549.5,552.55,545.5,549.1,873027
2018-01-15,548.0,559.9,548.0,558.5,907127
2018-01-16,562.0,563.9,552.45,556.7,818384
2018-01-17,555.5,560.8,543.05,559.35,575557
2018-01-18,562.75,563.35,546.1,552.1,377507
2018-01-19,548.0,551.1,539.6,547.6,977335
2018-01-22,548.6,564.15,538.7,552.65,2573233
2018-01-23,565.0,587.75,563.1,584.15,4397044
2018-01-24,584.9,585.0,572.4,576.25,1348575
2018-01-25,575.0,590.5,573.8,580.55,2121732
2018-01-29,582.0,592.5,573.8,575.5,1633198
2018-01-30,575.35,576.95,552.0,552.85,1050928
2018-01-31,540.0,540.0,518.1,522.35,7290911
2018-02-01,525.8,532.7,511.2,525.4,1727081
2018-02-02,519.0,523.5,504.65,509.6,1090876
2018-02-05,509.9,515.8,493.55,499.05,1543999
2018-02-06,474.95,509.95,450.0,505.8,2052384
2018-02-07,511.0,519.2,488.0,504.2,2055308
2018-02-08,510.55,523.0,507.05,520.9,998079
2018-02-09,503.1,521.0,503.1,515.25,891993
2018-02-12,519.2,521.6,512.4,516.05,724602
2018-02-14,516.5,521.2,511.7,514.4,715021
2018-02-15,515.1,525.8,512.2,516.25,1296081
2018-02-16,519.8,520.3,499.85,504.25,1295373
2018-02-19,508.95,508.95,498.1,504.05,1196926
2018-02-20,508.85,511.9,502.8,508.65,544607
2018-02-21,510.85,511.6,500.2,506.35,720502
2018-02-22,505.0,507.6,492.7,495.2,1700808
2018-02-23,497.0,509.35,495.2,507.7,1096165
2018-02-26,509.0,516.5,509.0,513.05,570423
2018-02-27,514.5,519.9,507.7,512.1,738023
2018-02-28,506.6,512.35,505.05,507.65,612090
2018-03-01,507.65,522.3,507.65,511.25,1428365
2018-03-05,511.0,511.2,501.0,507.15,905063
2018-03-06,511.8,512.85,496.4,500.3,717755
2018-03-07,501.7,506.0,497.15,501.2,865183
2018-03-08,504.1,506.8,490.0,502.55,1052614
2018-03-09,505.0,507.75,500.4,503.25,525582
2018-03-12,508.0,510.3,500.55,505.2,744387
2018-03-13,503.25,518.75,503.25,514.3,1185899
2018-03-14,516.5,523.0,512.45,517.1,1327206
2018-03-15,521.0,527.7,518.4,520.75,1590047
2018-03-16,522.9,525.0,515.15,516.6,1499134
2018-03-19,517.5,520.8,502.0,506.5,951135
2018-03-20,502.0,502.95,494.7,499.0,1365921
2018-03-21,502.0,508.0,496.4,498.8,878704
2018-03-22,499.4,502.0,493.35,495.9,644334
2018-03-23,489.9,496.45,486.65,492.65,814892
2018-03-26,493.0,494.0,487.8,491.15,1211997
2018-03-27,494.1,497.6,492.0,494.3,1454063
2018-03-28,492.15,495.65,486.2,487.85,1083438
2018-04-02,489.05,509.4,483.65,507.6,1443591
2018-04-03,506.85,509.7,500.0,508.0,1223705
2018-04-04,509.9,513.0,503.0,504.35,1906614
2018-04-05,510.0,516.2,508.85,512.65,1957447
2018-04-06,515.0,535.0,512.65,533.15,2912803
2018-04-09,533.1,539.4,530.0,534.25,1150835
2018-04-10,537.0,538.4,526.55,534.65,580111
2018-04-11,535.5,536.05,527.1,530.85,641612
2018-04-12,530.0,551.0,527.7,548.25,2291213
2018-04-13,551.8,555.0,545.05,547.0,1717191
2018-04-16,543.45,551.45,541.2,546.0,749450
2018-04-17,547.2,554.25,544.95,550.25,943209
2018-04-18,552.7,554.8,545.65,547.25,1129693
2018-04-19,547.9,553.45,543.65,551.85,616117
2018-04-20,551.9,559.2,544.7,548.25,1900497
2018-04-23,549.9,551.9,543.95,546.1,899035
2018-04-24,545.3,547.0,538.4,541.05,529747
2018-04-25,538.8,544.65,536.55,538.55,561260
2018-04-26,540.0,547.4,537.5,545.0,709321
2018-04-27,547.0,556.0,544.5,549.75,827785
2018-04-30,556.0,557.0,546.1,547.25,1252948
2018-05-02,548.45,553.6,533.95,543.05,1079101
2018-05-03,542.5,546.0,525.35,527.3,849461
2018-05-04,525.0,543.35,521.35,540.4,1894666
2018-05-07,544.95,552.2,541.1,548.0,1262799
2018-05-08,549.05,553.1,543.3,547.95,725367
2018-05-09,545.05,561.0,545.05,553.9,1983392
2018-05-10,556.0,557.2,535.1,537.75,1310937
2018-05-11,542.2,560.6,540.0,547.5,4733550
2018-05-14,551.85,554.95,541.15,544.7,1617228
2018-05-15,543.05,549.7,537.2,544.2,750908
2018-05-16,542.0,548.0,537.65,546.15,798508
2018-05-17,545.8,551.75,538.0,539.95,787950
2018-05-18,538.0,538.0,519.4,523.25,981254
2018-05-21,521.0,530.0,514.7,524.2,1135679
2018-05-22,522.5,552.0,519.0,549.1,2098090
2018-05-23,547.6,551.45,541.0,543.75,1282047
2018-05-24,542.1,545.35,531.2,534.5,839876
2018-05-25,536.05,544.4,533.25,542.55,1097538
2018-05-28,547.5,564.8,545.15,563.05,2252558
2018-05-29,567.2,569.45,547.2,548.7,2028620
2018-05-30,547.95,559.75,536.85,558.15,1384730
2018-05-31,563.0,563.0,542.9,544.15,1521311
2018-06-01,544.75,549.05,533.2,539.05,890100
2018-06-04,540.3,546.75,535.25,536.6,685761
2018-06-05,537.0,537.0,523.1,528.55,1007325
2018-06-06,527.7,534.8,522.1,533.2,981439
2018-06-07,538.45,551.0,535.65,547.3,1008867
2018-06-08,548.6,555.0,547.0,552.9,1075751
2018-06-11,556.45,569.85,555.2,558.7,1912057
2018-06-12,560.7,563.15,552.6,557.75,1111892
2018-06-13,560.0,566.3,555.75,559.45,1557465
2018-06-14,558.0,560.0,543.2,548.2,1050698
2018-06-15,549.45,559.4,536.9,555.45,1084885
2018-06-18,558.0,562.9,545.65,547.35,573195
2018-06-19,547.0,547.35,537.35,539.35,533199
2018-06-20,539.35,544.3,533.05,534.9,908594
2018-06-21,539.6,542.8,531.3,532.85,838315
2018-06-22,534.6,544.7,530.05,542.65,1151398
2018-06-25,541.65,547.45,532.5,535.3,726800
2018-06-26,532.0,539.4,531.05,532.85,810260
2018-06-27,533.0,543.0,533.0,537.45,1431508
2018-06-28,535.0,535.0,520.1,522.9,1364040
2018-06-29,524.4,545.7,523.1,543.35,1415809
2018-07-02,545.8,545.8,530.5,532.75,495672
2018-07-03,533.0,548.0,532.65,543.5,552370
2018-07-04,540.05,550.9,535.6,547.4,602897
2018-07-05,545.05,553.65,541.55,545.75,942429
2018-07-06,546.8,553.0,539.6,551.0,711614
2018-07-09,553.0,558.8,551.2,553.4,399294
2018-07-10,556.8,576.2,552.7,573.95,2061453
2018-07-11,574.4,581.0,565.05,566.8,1481873
2018-07-12,569.65,573.55,556.0,561.5,764724
2018-07-13,561.35,567.2,555.6,560.2,531924
2018-07-16,560.2,569.8,553.0,560.05,1700586
2018-07-17,563.0,567.5,544.5,555.0,1471637
2018-07-18,559.0,565.5,556.85,561.25,728009
2018-07-19,564.9,574.9,559.2,561.75,1721971
2018-07-20,563.95,572.9,554.6,560.4,2197605
2018-07-23,574.95,615.0,574.95,610.05,10645909
2018-07-24,613.2,625.45,595.6,598.6,4934161
2018-07-25,601.0,616.0,599.25,602.8,2929858
2018-07-26,602.1,631.1,602.05,614.75,3788399
2018-07-27,614.6,629.0,611.0,625.05,1574084
2018-07-30,624.0,628.7,617.55,625.8,744721
2018-07-31,624.25,636.0,618.0,634.4,1312444
2018-08-01,636.75,638.4,627.25,632.2,905532
2018-08-02,632.0,643.0,624.75,637.05,1584825
2018-08-03,636.05,647.0,634.45,643.45,925361
2018-08-06,645.65,659.8,645.65,657.7,1711382
2018-08-07,659.4,683.05,651.0,677.55,1772640
2018-08-08,679.8,684.8,670.45,681.45,1602539
2018-08-09,678.55,691.3,673.6,687.3,1253831
2018-08-10,685.1,685.8,667.4,673.5,1299857
2018-08-13,669.85,682.15,663.0,676.4,1096019
2018-08-14,677.05,688.55,673.55,685.9,1262385
2018-08-16,678.1,698.45,678.1,681.45,1909395
2018-08-17,685.0,686.3,675.0,678.95,890011
2018-08-20,680.0,698.25,680.0,690.15,1253351
2018-08-21,694.95,702.9,684.4,699.7,1876676
2018-08-23,699.7,708.8,692.05,707.25,1031233
2018-08-24,706.4,706.4,693.4,699.7,737630
2018-08-27,701.4,721.95,701.4,719.95,1175806
2018-08-28,719.0,721.9,713.25,716.45,900636
2018-08-29,719.8,726.75,710.9,714.0,1010022
2018-08-30,710.0,722.0,706.05,719.35,1053476
2018-08-31,719.0,726.9,709.05,725.25,1280453
2018-09-03,722.0,728.75,707.2,716.4,1160743
2018-09-04,713.85,713.85,664.95,668.8,2045160
2018-09-05,670.0,670.0,646.0,660.4,2117180
2018-09-06,665.7,682.7,656.0,679.0,1055587
2018-09-07,684.0,684.0,667.1,673.55,975050
2018-09-10,670.0,670.0,639.4,641.35,1767996
2018-09-11,644.0,653.5,631.0,632.6,1848618
2018-09-12,635.9,649.95,627.15,646.7,1567798
2018-09-14,650.0,665.85,648.55,659.6,1144059
2018-09-17,655.0,672.4,647.1,666.9,795979
2018-09-18,663.4,668.0,645.1,646.65,881794
2018-09-19,650.25,653.25,640.85,646.25,658508
2018-09-21,646.8,659.8,626.75,635.05,2000200
2018-09-24,634.0,639.8,620.5,625.85,750068
2018-09-25,624.95,635.9,605.4,628.1,896553
2018-09-26,633.0,649.05,620.25,646.5,1027745
2018-09-27,640.0,642.0,608.1,612.6,2405928
2018-09-28,617.0,619.8,581.85,594.5,1552503
2018-10-01,591.4,601.65,554.15,595.15,3089537
2018-10-03,595.5,623.0,586.55,612.9,2649695
2018-10-04,603.2,613.6,595.2,605.7,1304505
2018-10-05,605.0,605.0,586.35,594.55,1520121
2018-10-08,591.0,599.55,562.05,569.9,1355705
2018-10-09,572.0,582.0,553.25,563.85,1088023
2018-10-10,563.0,614.0,561.45,611.2,1900322
2018-10-11,592.0,598.95,570.7,579.95,1892917
2018-10-12,585.0,601.35,585.0,595.75,1207151
2018-10-15,602.9,603.5,578.9,599.75,1015888
2018-10-16,604.9,623.65,601.05,607.95,2137524
2018-10-17,614.85,619.6,579.05,586.9,3314282
2018-10-19,550.0,613.0,549.85,597.15,3678245
2018-10-22,605.0,610.2,585.0,589.35,1538383
2018-10-23,580.0,602.9,579.2,598.85,1093430
2018-10-24,598.95,608.45,592.45,601.3,1383641
2018-10-25,593.05,607.95,591.1,599.3,1220249
2018-10-26,599.2,610.0,588.65,602.85,1109395
2018-10-29,609.4,622.0,600.1,619.5,1344827
2018-10-30,623.8,639.0,622.3,634.5,1726408
2018-10-31,637.6,649.5,633.75,645.8,1518363
2018-11-01,647.0,662.5,641.1,645.0,1624969
2018-11-02,649.0,654.4,639.0,646.15,925851
2018-11-05,645.85,656.9,638.25,646.9,1101243
2018-11-06,649.9,657.0,640.0,647.45,787114
2018-11-07,650.0,654.25,646.0,648.25,79728
2018-11-09,649.55,655.0,642.3,646.55,920574
2018-11-12,649.5,658.65,644.15,651.1,1294477
2018-11-13,649.0,669.7,648.0,666.15,2733001
2018-11-14,669.2,677.0,666.5,672.6,1393979
2018-11-15,672.8,688.5,672.0,686.05,2514715
2018-11-16,687.1,687.45,664.3,674.2,937990
2018-11-19,674.7,686.5,669.4,684.5,872279
2018-11-20,683.9,685.5,675.05,677.7,709538
2018-11-21,678.0,682.5,665.75,669.8,633805
2018-11-22,668.0,672.25,659.65,661.35,677595
2018-11-26,662.0,666.25,652.0,660.5,557928
2018-11-27,659.3,667.8,652.4,659.25,1039081
2018-11-28,656.05,673.85,656.05,668.6,884882
2018-11-29,670.0,693.05,670.0,689.55,1358512
2018-11-30,693.85,707.0,675.8,684.7,3589150
2018-12-03,687.45,697.0,681.95,692.1,802841
2018-12-04,688.15,703.45,688.15,699.3,1331606
2018-12-05,693.0,698.0,685.25,694.5,575468
2018-12-06,691.0,691.0,672.1,674.25,829854
2018-12-07,676.2,682.85,673.65,676.7,722318
2018-12-10,662.0,674.0,661.4,666.05,732912
2018-12-11,660.0,696.45,660.0,691.4,818930
2018-12-12,691.0,709.35,687.55,704.8,1419805
2018-12-13,705.25,711.0,695.0,705.15,728547
2018-12-14,700.2,715.9,700.0,711.45,1022180
2018-12-17,717.85,717.85,701.0,706.35,753943
2018-12-18,703.85,703.85,693.25,701.95,1072555
2018-12-19,702.25,712.45,697.0,705.05,1776201
2018-12-20,698.0,708.0,696.1,704.7,822019
2018-12-21,704.95,716.5,689.4,691.5,1614901
2018-12-24,686.95,690.9,666.1,667.9,964046
2018-12-26,665.4,679.25,655.0,677.2,1032249
2018-12-27,682.4,692.55,678.0,684.85,1482409
2018-12-28,686.05,696.6,684.05,690.1,706888
2018-12-31,693.0,697.9,688.9,691.5,485613
2019-01-01,694.4,697.5,686.5,694.8,413338
2019-01-02,692.0,703.0,690.0,691.8,1228486
2019-01-03,693.0,697.45,677.8,681.4,914499
2019-01-04,683.2,688.9,672.95,678.55,1257221
2019-01-07,684.05,695.75,683.1,693.55,657814
2019-01-08,694.0,696.9,667.05,669.7,1686230
2019-01-09,672.0,684.35,672.0,681.75,877124
2019-01-10,682.95,690.55,676.0,688.05,985376
2019-01-11,688.0,690.8,681.15,688.05,526760
2019-01-14,686.0,690.55,683.45,688.55,515604
2019-01-15,691.25,693.5,678.35,681.1,1044052
2019-01-16,682.45,689.0,680.15,683.45,676883
2019-01-17,684.7,685.75,674.2,676.15,969498
2019-01-18,677.55,686.0,671.45,677.5,1299538
2019-01-21,679.25,685.55,673.0,677.7,813364
2019-01-22,679.7,721.0,670.6,711.85,5956684
2019-01-23,721.0,721.05,691.0,696.2,2677472
2019-01-24,696.2,707.5,695.6,702.6,1172488
2019-01-25,700.25,724.6,700.25,708.15,1994088
2019-01-28,711.0,713.05,686.35,698.7,1425427
2019-01-29,698.0,704.2,688.55,700.95,962384
2019-01-30,704.9,708.15,696.0,703.35,861622
2019-01-31,705.4,716.25,692.1,713.45,1699328
2019-02-01,715.0,739.9,711.0,737.15,1938051
2019-02-04,740.0,746.0,726.1,735.55,2228722
2019-02-05,735.0,739.8,725.0,730.8,892725
2019-02-06,735.4,744.7,726.05,737.5,1638747
2019-02-07,736.9,754.25,735.1,748.15,1593897
2019-02-08,749.0,753.25,740.6,743.3,1323737
2019-02-11,741.0,743.25,718.1,723.35,968286
2019-02-12,726.0,733.45,705.5,708.5,1247494
2019-02-13,708.05,710.4,698.3,703.45,1014353
2019-02-14,703.45,704.8,689.25,694.15,904847
2019-02-15,695.8,697.95,675.25,688.65,1123000
2019-02-18,690.0,690.0,665.45,686.6,1636609
2019-02-19,686.0,695.6,672.4,676.95,1187555
2019-02-20,680.0,699.0,674.0,695.15,1043449
2019-02-21,698.5,702.95,691.1,698.75,983594
2019-02-22,696.1,705.8,692.55,696.1,1011651
2019-02-25,699.0,705.0,690.0,702.8,699539
2019-02-26,695.0,703.9,689.35,694.3,985971
2019-02-27,698.7,712.45,690.05,693.2,1294927
2019-02-28,696.0,718.5,695.55,715.35,2100249
2019-03-01,717.5,727.0,705.1,707.55,1371695
2019-03-05,707.55,723.9,705.1,720.85,1216645
2019-03-06,722.8,730.95,711.7,713.7,1222862
2019-03-07,714.0,728.0,711.15,718.45,1070777
2019-03-08,719.7,729.5,717.65,727.85,1194157
2019-03-11,729.45,746.0,728.5,742.6,2084294
2019-03-12,748.7,769.9,746.6,765.45,2541763
2019-03-13,769.0,776.75,758.6,766.6,2013665
2019-03-14,769.85,772.0,745.1,747.2,1976430
2019-03-15,747.3,754.0,742.0,745.1,1682674
2019-03-18,745.85,756.0,741.0,748.3,882292
2019-03-19,754.5,768.3,742.15,765.1,979551
2019-03-20,766.1,768.0,754.0,757.3,809288
2019-03-22,753.6,767.9,753.6,758.05,806218
2019-03-25,750.2,752.65,736.5,738.95,946512
2019-03-26,741.0,761.25,741.0,757.8,963589
2019-03-27,766.7,766.7,745.3,749.3,687539
2019-03-28,753.0,765.0,747.6,760.55,1180707
2019-03-29,765.0,780.0,764.55,772.5,1446734
2019-04-01,775.0,783.0,767.55,775.65,1053695
2019-04-02,776.7,779.55,761.2,764.45,831461
2019-04-03,765.95,780.0,764.0,770.55,1148881
2019-04-04,767.65,769.5,756.4,766.95,727448
2019-04-05,765.0,772.4,755.1,759.8,1167646
2019-04-08,758.6,766.05,755.75,764.1,783699
2019-04-09,764.1,764.75,752.0,760.5,917598
2019-04-10,756.0,764.95,752.9,757.5,898792
2019-04-11,756.7,759.9,750.95,752.8,558868
2019-04-12,745.0,750.9,738.5,742.6,1726304
2019-04-15,746.8,754.45,742.05,751.85,785742
2019-04-16,756.0,760.25,751.35,758.15,1088041
2019-04-18,751.15,767.6,751.15,757.7,1341325
2019-04-22,757.5,764.0,754.0,761.45,784837
2019-04-23,762.55,766.0,755.0,761.5,648985
2019-04-24,765.0,776.0,759.0,774.05,1637003
2019-04-25,778.1,780.5,770.5,772.9,1084251
2019-04-26,778.0,778.0,760.2,766.8,334371
2019-04-30,760.0,778.25,760.0,774.65,827106
2019-05-02,778.8,778.85,765.0,771.0,1287836
2019-05-03,766.25,774.35,765.55,770.3,814205
2019-05-06,750.0,767.85,745.0,751.0,928783
2019-05-07,752.5,754.7,735.1,739.1,1054648
2019-05-08,739.75,739.9,724.8,734.15,1053351
2019-05-09,727.55,745.7,724.65,741.7,769103
2019-05-10,735.0,742.55,725.25,739.0,1193585
2019-05-13,731.9,739.0,728.5,732.25,504109
2019-05-14,735.95,735.95,717.1,723.5,1345068
2019-05-15,723.6,728.9,717.65,721.15,1162137
2019-05-16,722.25,727.65,713.5,725.2,1334637
2019-05-17,724.8,739.0,723.0,734.55,2154835
2019-05-20,747.0,758.9,737.75,755.55,1914254
2019-05-21,758.0,766.75,754.0,757.9,1326127
2019-05-22,758.25,765.5,748.1,755.55,1314488
2019-05-23,762.55,768.95,738.15,751.5,2408480
2019-05-24,752.85,754.9,739.1,743.55,1289373
2019-05-27,741.0,743.7,731.1,733.9,1366286
2019-05-28,733.0,735.45,720.0,723.75,2310127
2019-05-29,723.0,737.85,713.85,730.95,5535514
2019-05-30,732.0,733.0,709.2,720.4,3946788
2019-05-31,722.25,752.0,722.25,747.95,2684803
2019-06-03,749.8,772.0,743.45,769.95,1983755
2019-06-04,762.0,786.4,762.0,779.9,1967107
2019-06-06,777.1,787.75,768.5,781.25,1696697
2019-06-07,778.3,793.65,773.0,788.65,1545527
2019-06-10,789.55,797.4,787.7,792.05,1193650
2019-06-11,790.25,796.8,786.1,792.75,900879
2019-06-12,789.0,789.0,775.55,781.9,1322564
2019-06-13,781.0,786.75,777.2,783.5,762234
2019-06-14,783.3,784.2,774.9,777.75,833824
2019-06-17,777.0,777.0,768.3,771.05,709196
2019-06-18,766.0,777.15,763.05,774.45,769415
2019-06-19,775.15,788.0,775.15,784.0,871474
2019-06-20,780.2,788.0,776.0,785.75,776309
2019-06-21,785.75,790.8,775.55,786.15,1056822
2019-06-24,781.3,791.35,781.0,785.4,770379
2019-06-25,782.55,786.25,766.75,783.95,847570
2019-06-26,782.8,795.9,778.6,788.15,894834
2019-06-27,792.0,797.0,784.05,794.4,1279424
2019-06-28,795.0,806.85,782.65,786.15,2058566
2019-07-01,790.9,797.5,783.4,787.05,1283928
2019-07-02,787.0,796.0,781.35,791.0,649068
2019-07-03,794.0,794.9,785.15,790.45,644218
2019-07-04,794.0,794.0,781.7,783.8,924125
2019-07-05,788.45,788.45,762.75,765.55,1832108
2019-07-08,761.5,761.95,742.15,746.55,2175311
2019-07-09,750.0,752.0,724.0,738.85,1790858
2019-07-10,741.8,742.0,720.0,726.55,1930823
2019-07-11,730.9,732.6,704.3,719.1,3290480
2019-07-12,719.05,721.75,709.5,710.45,1494283
2019-07-15,713.0,720.9,706.3,719.15,894955
2019-07-16,719.0,737.75,715.45,736.2,1572980
2019-07-17,735.95,735.95,728.0,729.85,864861
2019-07-18,726.15,734.3,712.95,717.55,1120030
2019-07-19,718.2,722.7,705.1,717.05,1223141
2019-07-22,710.05,726.05,706.55,722.7,687666
2019-07-23,722.0,724.95,708.2,713.85,1130636
2019-07-24,711.8,716.65,687.05,695.8,1865065
2019-07-25,695.8,698.7,688.1,691.45,990859
2019-07-26,689.0,704.0,678.5,698.25,1731276
2019-07-29,674.85,680.0,647.05,665.35,5803699
2019-07-30,659.95,663.8,626.05,636.35,3626875
2019-07-31,633.45,649.35,622.65,645.3,1430832
2019-08-01,640.6,654.0,638.35,647.75,1742201
2019-08-02,640.0,652.5,633.6,646.1,1138191
2019-08-05,640.0,641.7,623.25,634.65,1746630
2019-08-06,633.0,650.05,632.0,646.85,1476032
2019-08-07,648.75,651.75,637.25,644.55,899989
2019-08-08,648.0,661.95,640.3,656.3,1157834
2019-08-09,660.0,668.95,653.25,656.95,1126655
2019-08-13,655.8,665.6,644.4,647.9,543712
2019-08-14,650.0,659.5,642.3,654.55,735271
2019-08-16,652.9,661.5,648.0,651.35,932235
2019-08-19,653.8,671.95,649.0,663.7,1048662
2019-08-20,666.0,686.8,666.0,677.2,3208690
2019-08-21,680.3,687.0,641.5,650.65,2521998
2019-08-22,647.5,665.0,643.35,657.2,1541113
2019-08-23,658.0,659.4,629.0,647.2,1669934
2019-08-26,665.0,672.5,635.45,652.75,1858199
2019-08-27,666.0,670.0,652.0,660.45,1768474
2019-08-28,663.5,671.85,660.0,666.2,999474
2019-08-29,662.0,676.7,654.5,664.55,1777130
2019-08-30,664.95,684.5,662.5,679.05,1109302
2019-09-03,673.6,673.6,649.0,652.6,890541
2019-09-04,654.0,658.55,627.7,636.0,1741506
2019-09-05,637.0,654.65,636.8,651.9,982353
2019-09-06,653.0,665.35,653.0,659.85,751108
2019-09-09,661.0,662.95,655.5,660.8,898804
2019-09-11,660.8,667.3,653.45,665.1,1408705
2019-09-12,668.9,673.0,665.65,669.3,747885
2019-09-13,670.35,681.5,662.55,673.1,1295505
2019-09-16,669.45,677.3,665.75,671.8,530491
2019-09-17,672.8,675.1,642.6,648.95,1119997
2019-09-18,649.0,657.5,644.35,650.0,910391
2019-09-19,650.0,651.95,634.7,645.05,1249922
2019-09-20,648.0,737.4,638.6,727.65,3990259
2019-09-23,738.25,762.4,721.0,731.6,1177558
2019-09-24,731.0,765.75,715.2,757.0,2202687
2019-09-25,751.0,751.05,726.1,730.4,1311185
2019-09-26,733.95,738.6,709.05,719.75,2030386
2019-09-27,722.9,732.4,710.1,713.8,1081624
2019-09-30,715.9,721.25,709.05,718.3,979643
2019-10-01,722.8,731.8,702.35,709.55,1603395
2019-10-03,708.95,711.0,697.05,702.0,965453
2019-10-04,702.0,708.9,675.35,679.2,854195
2019-10-07,682.2,682.6,660.0,662.75,1111458
2019-10-09,662.75,676.0,655.65,671.45,785908
2019-10-10,669.8,669.8,652.05,662.65,1133005
2019-10-11,662.65,667.15,654.3,660.7,884947
2019-10-14,661.95,664.4,650.55,653.9,1102177
2019-10-15,655.2,675.4,655.2,666.9,1402183
2019-10-16,670.0,674.0,665.2,671.65,742871
2019-10-17,674.0,687.15,668.75,685.8,1607024
2019-10-18,686.0,694.7,679.7,689.6,1104118
2019-10-22,690.0,692.95,670.5,678.2,976609
2019-10-23,674.0,682.0,657.55,673.15,4148758
2019-10-24,660.0,678.65,655.0,669.9,3271591
2019-10-25,650.0,668.75,650.0,664.8,931283
2019-10-27,666.7,674.2,664.25,667.75,140511
2019-10-29,668.7,672.45,663.6,668.2,1035190
2019-10-30,675.0,697.5,670.05,689.65,2432177
2019-10-31,693.0,699.0,685.45,691.85,1425499
2019-11-01,693.9,697.9,687.0,688.35,540561
2019-11-04,689.65,697.0,685.8,693.7,830617
2019-11-05,695.35,696.9,680.1,687.05,829450
2019-11-06,687.1,693.9,675.25,689.25,828409
2019-11-07,694.8,714.6,690.8,710.0,2760947
2019-11-08,714.35,717.25,702.8,707.5,1129079
2019-11-11,703.5,708.7,690.1,692.65,791314
2019-11-13,693.5,704.1,671.7,674.3,1229427
2019-11-14,675.9,683.55,668.15,672.2,975688
2019-11-15,674.4,682.9,671.1,672.85,549025
2019-11-18,673.3,677.25,663.05,667.35,874088
2019-11-19,670.8,673.7,661.8,665.75,717667
2019-11-20,666.0,675.6,660.45,671.65,1111197
2019-11-21,671.65,675.7,651.0,653.7,1467627
2019-11-22,650.0,653.3,636.0,638.55,1606769
2019-11-25,638.55,669.25,637.55,665.1,2178172
2019-11-26,669.0,680.5,661.45,670.7,2521989
2019-11-27,672.0,680.0,663.5,677.6,1306539
2019-11-28,675.1,683.55,670.05,673.6,1328679
2019-11-29,673.6,677.0,660.0,667.45,823893
2019-12-02,667.45,673.2,660.2,671.35,779145
2019-12-03,670.0,675.6,665.35,670.0,657306
2019-12-04,670.0,674.25,660.25,672.8,869810
2019-12-05,674.0,676.7,666.0,670.4,717262
2019-12-06,670.95,670.95,652.35,661.4,993467
2019-12-09,663.6,665.0,655.75,658.4,557229
2019-12-10,658.35,658.35,645.1,647.4,808226
2019-12-11,645.0,645.0,631.1,635.45,1812960
2019-12-12,640.1,653.5,637.75,652.3,1196192
2019-12-13,653.65,660.05,650.25,654.5,895607
2019-12-16,656.8,657.75,646.5,648.6,601125
2019-12-17,649.0,649.15,639.5,642.4,809881
2019-12-18,644.8,655.0,636.05,652.05,1325539
2019-12-19,649.25,652.15,643.4,646.9,942613
2019-12-20,649.9,656.25,640.0,641.2,1107531
2019-12-23,641.2,652.0,632.2,649.85,1613405
2019-12-24,648.75,653.1,645.2,648.1,803333
2019-12-26,649.2,651.0,640.0,640.95,540646
2019-12-27,643.9,650.0,640.5,646.7,662742
2019-12-30,648.0,659.0,646.6,652.8,1294264
2019-12-31,652.8,657.55,646.25,647.15,481645
2020-01-01,649.75,653.35,645.65,649.5,492348
2020-01-02,650.0,655.75,647.8,654.45,435382
2020-01-03,654.0,665.65,651.15,660.5,1316546
2020-01-06,660.0,660.0,642.5,647.15,569453
2020-01-07,648.25,656.9,639.0,640.4,877010
2020-01-08,636.5,638.0,624.5,629.45,1865051
2020-01-09,635.2,641.6,632.35,639.2,1767768
2020-01-10,641.5,649.0,638.0,644.95,1078909
2020-01-13,646.05,654.8,646.05,651.2,703391
2020-01-14,652.95,654.3,643.2,650.75,897474
2020-01-15,650.3,650.3,637.1,642.35,1638831
2020-01-16,643.7,649.95,638.1,639.5,1228864
2020-01-17,639.5,651.6,637.7,638.7,2587519
2020-01-20,640.1,643.45,622.35,625.3,3540418
2020-01-21,623.0,632.65,612.85,616.95,5330031
2020-01-22,604.5,618.6,588.3,600.5,13896645
2020-01-23,600.5,621.0,600.5,619.85,3365852
2020-01-24,620.0,627.9,614.05,622.9,1487093
2020-01-27,622.0,626.6,616.8,622.15,1382244
2020-01-28,622.15,625.0,609.0,616.2,1238644
2020-01-29,618.0,621.05,611.45,616.0,1668628
2020-01-30,616.0,617.05,603.8,606.9,912666
2020-01-31,610.5,613.8,600.2,602.8,1171667
2020-02-01,603.0,609.85,585.5,591.2,1233521
2020-02-03,594.85,605.0,586.05,594.35,1615206
2020-02-04,600.0,615.7,600.0,608.05,6574159
2020-02-05,613.4,630.0,610.7,621.1,2174566
2020-02-06,626.8,633.85,623.7,631.65,1828910
2020-02-07,632.0,634.4,626.5,630.0,729667
2020-02-10,627.9,629.0,616.1,622.4,601397
2020-02-11,624.0,635.0,615.1,618.85,975440
2020-02-12,622.75,622.75,611.6,617.65,1487002
2020-02-13,617.65,621.95,612.15,617.55,897770
2020-02-14,618.1,623.5,608.85,611.65,1009884
2020-02-17,613.0,613.95,600.0,602.75,1035220
2020-02-18,602.5,603.45,589.0,600.5,2800102
2020-02-19,606.8,621.0,604.6,618.55,1864746
2020-02-20,621.2,631.35,620.05,622.75,1229373
2020-02-24,619.95,633.95,614.0,626.65,1965644
2020-02-25,634.0,647.65,631.0,643.6,3491818
2020-02-26,640.55,652.7,636.0,646.8,1824325
2020-02-27,647.0,647.4,632.6,638.7,984423
2020-02-28,616.0,631.8,610.0,613.05,1785458
2020-03-02,620.05,647.8,620.05,627.6,2333347
2020-03-03,629.0,645.0,618.0,638.55,1520126
2020-03-04,641.0,642.75,619.25,632.95,1304147
2020-03-05,637.9,639.5,626.7,635.3,913452
2020-03-06,620.0,637.9,613.0,635.05,1574882
2020-03-09,620.0,626.85,593.3,610.2,1919270
2020-03-11,610.0,618.3,601.75,613.2,1335433
2020-03-12,590.0,596.95,514.65,578.7,4202510
2020-03-13,532.5,623.45,531.95,600.5,1997455
2020-03-16,584.9,607.5,562.75,565.85,1397941
2020-03-17,565.9,585.45,561.0,569.85,1352460
2020-03-18,575.0,579.05,552.2,560.0,2536297
2020-03-19,540.0,559.25,516.25,535.2,2727642
2020-03-20,537.0,554.9,521.35,537.8,1910422
2020-03-23,499.9,527.9,484.1,498.5,1711503
2020-03-24,494.0,508.65,481.0,489.95,2024491
2020-03-25,476.15,495.95,465.6,473.65,1615671
2020-03-26,475.25,507.4,474.1,493.45,1484714
2020-03-27,499.0,519.4,486.55,511.15,3822048
2020-03-30,503.95,505.6,465.25,467.35,1622137
2020-03-31,474.0,488.0,458.05,480.45,1862236
2020-04-01,480.0,489.0,466.5,484.6,1414588
2020-04-03,498.0,498.0,469.55,471.5,2044235
2020-04-07,485.5,508.9,481.25,500.3,1116157
2020-04-08,499.85,535.8,492.1,531.6,1811039
2020-04-09,536.0,554.65,524.0,550.6,2060336
2020-04-13,552.0,553.2,524.45,536.35,1516544
2020-04-15,537.05,579.85,537.05,559.5,3595791
2020-04-16,551.0,557.45,539.4,548.5,1966417
2020-04-17,550.0,562.95,523.5,528.6,3634673
2020-04-20,532.0,532.0,510.1,524.95,3578236
2020-04-21,513.0,519.9,500.0,503.8,2296205
2020-04-22,505.0,522.0,487.0,517.9,2874821
2020-04-23,520.0,534.3,515.0,530.55,1438734
2020-04-24,524.0,537.0,517.1,525.6,1707752
2020-04-27,525.0,538.85,524.05,535.35,1213123
2020-04-28,540.8,542.3,525.0,532.95,1209446
2020-04-29,532.95,545.0,529.45,542.85,975128
2020-04-30,552.25,565.75,544.7,563.5,2637280
2020-05-04,547.0,552.75,518.05,524.85,1835906
2020-05-05,534.8,534.9,501.05,506.6,1137980
2020-05-06,509.05,518.0,492.45,508.3,2448671
2020-05-07,510.3,512.25,485.0,486.85,2606706
2020-05-08,494.0,497.0,485.15,487.45,3203182
2020-05-11,492.0,493.4,476.75,488.45,2933221
2020-05-12,484.35,485.8,471.2,480.55,2708244
2020-05-13,494.0,515.0,483.8,511.2,7183008
2020-05-14,510.0,510.0,493.0,500.95,2881880
2020-05-15,500.75,501.95,485.5,486.85,1760654
2020-05-18,489.0,491.85,472.6,475.75,2258572
2020-05-19,480.2,484.0,466.0,468.2,2188266
2020-05-20,464.0,495.0,447.05,469.6,6372637
2020-05-21,476.7,483.65,461.1,465.85,3993490
2020-05-22,463.4,474.45,455.5,459.35,2993849
2020-05-26,461.7,466.8,454.15,460.7,2249584
2020-05-27,463.0,480.05,454.3,470.65,2029075
2020-05-28,477.0,504.5,474.1,499.75,6398895
2020-05-29,500.0,503.45,485.8,496.25,3494742
2020-06-01,505.0,545.0,502.05,540.35,6066031
2020-06-02,543.0,553.4,536.3,549.35,3601234
2020-06-03,557.0,567.4,552.1,555.35,2794968
2020-06-04,555.35,570.95,551.35,567.5,2720916
2020-06-05,571.05,574.9,558.9,567.85,2293127
2020-06-08,569.5,572.9,544.0,546.1,2605337
2020-06-09,546.0,558.35,538.55,546.4,4203476
2020-06-10,545.0,560.25,539.25,558.15,2769781
2020-06-11,554.1,560.55,542.2,545.2,1453086
2020-06-12,529.0,554.55,525.0,551.65,1948843
2020-06-15,552.0,556.65,537.2,541.55,2383482
2020-06-16,552.0,555.8,544.0,552.15,1944915
2020-06-17,552.0,558.7,543.3,553.5,2670360
2020-06-18,553.0,553.9,542.0,548.7,2210632
2020-06-19,550.0,576.9,545.5,566.35,5305610
2020-06-22,570.0,582.95,562.2,576.9,3719806
2020-06-23,582.0,589.4,573.7,577.3,2902092
2020-06-24,577.5,586.4,570.4,582.1,2803425
2020-06-25,578.9,589.9,575.4,579.4,2802811
2020-06-26,581.15,593.4,580.05,585.45,2262112
2020-06-29,580.1,584.8,570.55,578.2,1644982
2020-06-30,578.2,588.0,575.5,579.5,1527119
2020-07-01,582.45,584.3,572.05,574.4,1483762
2020-07-02,578.0,584.35,576.3,581.05,1335678
2020-07-03,584.0,588.95,578.1,580.05,1207054
2020-07-06,580.2,589.0,578.75,582.9,1283208
2020-07-07,588.0,602.9,582.4,597.75,3211901
2020-07-08,595.75,605.65,580.0,582.0,2242772
2020-07-09,580.0,589.7,575.1,587.45,1759847
2020-07-10,588.0,588.95,578.3,580.25,922514
2020-07-13,587.9,589.25,577.0,587.1,939648
2020-07-14,582.2,585.5,569.25,580.25,2103458
2020-07-15,583.6,586.0,573.5,575.4,1094320
2020-07-16,575.6,578.15,562.2,573.45,1289259
2020-07-17,575.55,592.5,572.1,590.05,2341969
2020-07-20,596.15,604.85,590.55,599.35,2353048
2020-07-21,600.5,608.0,578.05,579.05,2757231
2020-07-22,581.0,590.2,575.0,584.65,2432011
2020-07-23,585.0,612.0,583.55,605.65,3850943
2020-07-24,604.0,612.65,595.2,606.7,3175101
2020-07-27,606.7,609.8,587.6,595.2,3781883
2020-07-28,595.0,595.2,571.0,575.9,4301760
2020-07-29,581.0,586.5,568.4,570.45,3966863
2020-07-30,572.9,581.5,571.0,578.5,1916099
2020-07-31,578.5,590.0,575.05,583.15,1645272
2020-08-03,584.0,588.75,576.7,584.7,1118103
2020-08-04,588.1,596.6,584.25,588.25,2365891
2020-08-05,594.8,608.0,593.2,605.5,2654828
2020-08-06,609.0,611.75,594.85,606.15,2239742
2020-08-07,606.15,612.0,603.3,609.55,909890
2020-08-10,612.0,620.9,608.2,611.8,1743028
2020-08-11,617.75,620.9,604.05,605.9,2370190
2020-08-12,606.0,608.6,601.1,603.45,1237575
2020-08-13,605.8,615.15,603.45,612.5,1567671
2020-08-14,618.0,621.6,602.65,611.0,1786207
2020-08-17,614.15,618.7,606.0,617.3,947297
2020-08-18,621.3,637.0,621.0,626.55,4080531
2020-08-19,629.95,631.8,623.0,629.2,1152479
2020-08-20,624.0,643.55,620.9,638.4,1880363
2020-08-21,643.85,643.85,630.3,632.65,1294195
2020-08-24,633.35,642.7,631.5,637.45,902326
2020-08-25,640.95,667.9,637.45,663.05,2956612
2020-08-26,662.9,666.9,645.35,649.6,2476538
2020-08-27,650.6,657.8,648.2,653.1,932791
2020-08-28,658.0,659.6,637.2,639.25,1478637
2020-08-31,646.0,648.35,613.0,615.55,1711609
2020-09-01,627.4,628.65,608.45,620.65,1719022
2020-09-02,620.65,632.65,619.0,629.65,1194125
2020-09-03,632.9,647.45,630.9,645.4,1617923
2020-09-04,645.0,648.4,630.65,633.9,1127590
2020-09-07,639.0,653.9,631.0,648.0,2381405
2020-09-08,650.95,652.45,635.7,638.55,928802
2020-09-09,635.0,645.0,619.1,641.4,1278977
2020-09-10,645.2,649.9,634.55,643.45,1127488
2020-09-11,644.0,658.3,643.45,653.75,1792575
2020-09-14,658.0,672.0,652.0,669.05,3245010
2020-09-15,675.55,677.0,665.25,671.05,2016966
2020-09-16,673.5,682.0,669.55,679.95,1536911
2020-09-17,676.0,688.7,675.0,681.85,1440702
2020-09-18,683.55,687.55,670.2,675.25,1271430
2020-09-21,668.65,688.5,665.0,669.05,1907472
2020-09-22,673.95,673.95,645.0,665.25,1188130
2020-09-23,667.1,686.65,663.7,674.75,2029024
2020-09-24,669.9,678.6,657.0,664.2,1885899
2020-09-25,667.1,669.9,650.7,659.05,1729883
2020-09-28,661.0,693.0,659.5,684.5,1966395
2020-09-29,688.5,691.0,661.4,666.6,1533653
2020-09-30,669.0,680.85,664.0,677.85,1053040
2020-10-01,681.2,684.75,663.85,666.05,868753
2020-10-05,669.3,674.95,665.0,669.6,750470
2020-10-06,673.1,698.95,673.1,687.95,3788156
2020-10-07,687.95,687.95,671.85,680.85,1065885
2020-10-08,684.0,688.7,680.1,687.05,792071
2020-10-09,688.3,712.85,687.2,710.2,3978162
2020-10-12,712.95,712.95,700.3,705.05,1809924
2020-10-13,705.0,710.4,699.2,702.05,1328452
2020-10-14,698.0,705.75,694.1,697.45,2369547
2020-10-15,701.9,701.9,681.15,684.15,1107005
2020-10-16,689.0,701.0,681.7,697.5,1466874
2020-10-19,701.3,710.0,693.0,706.0,1014111
2020-10-20,705.55,712.55,699.35,709.15,976118
2020-10-21,710.35,722.95,700.3,711.6,1933053
2020-10-22,709.9,727.8,706.05,723.85,1357693
2020-10-23,725.0,731.75,720.75,726.7,1209962
2020-10-26,730.0,734.0,717.55,721.2,1386440
2020-10-27,721.15,729.35,712.35,724.45,1953876
2020-10-28,726.0,731.7,715.35,728.6,953186
2020-10-29,725.0,736.0,716.1,725.15,3726196
2020-10-30,727.5,741.0,711.8,727.9,3269149
2020-11-02,730.0,790.0,730.0,781.6,8059933
2020-11-03,781.6,827.0,780.5,783.3,12035236
2020-11-04,781.6,814.9,772.3,808.05,4845777
2020-11-05,812.55,821.9,804.0,817.85,3443427
2020-11-06,817.75,825.5,812.8,818.65,2964004
2020-11-09,828.0,828.6,808.0,824.0,2355138
2020-11-10,831.0,844.3,816.05,841.65,3200355
2020-11-11,842.9,842.9,806.0,814.8,2936135
2020-11-12,818.8,823.65,807.2,811.5,2224147
2020-11-13,811.4,833.9,810.1,828.4,3689109
2020-11-14,831.2,833.55,822.5,827.0,132918
2020-11-17,835.05,849.6,830.55,844.7,2287511
2020-11-18,837.2,843.15,832.0,838.1,1517818
2020-11-19,833.5,855.0,821.65,827.8,2506168
2020-11-20,830.55,838.9,819.8,825.0,1488974
2020-11-23,830.0,840.0,820.95,824.15,1420996
2020-11-24,828.9,831.4,818.0,820.8,1392411
2020-11-25,825.55,833.2,812.0,815.45,1410000
2020-11-26,813.0,817.4,798.4,803.2,1936628
2020-11-27,808.5,816.5,796.0,801.4,4776766
2020-12-01,798.1,839.95,798.1,823.4,3766220
2020-12-02,828.7,837.9,823.0,836.35,2062830
2020-12-03,841.9,841.9,826.1,832.3,2794370
2020-12-04,832.9,844.6,826.05,829.5,1950537
2020-12-07,829.45,839.9,823.6,825.8,1252949
2020-12-08,830.0,833.7,813.0,819.9,1282605
2020-12-09,827.3,828.6,819.1,823.85,973862
2020-12-10,820.0,835.4,819.0,827.4,1551387
2020-12-11,829.6,841.45,821.2,827.45,2077418
2020-12-14,829.5,830.55,822.1,826.95,628450
2020-12-15,830.0,869.7,826.95,864.8,6328314
2020-12-16,862.0,905.0,860.35,901.15,8084435
2020-12-17,898.0,926.0,891.0,911.05,7393369
2020-12-18,907.6,928.5,906.0,919.35,4348236
2020-12-21,917.0,922.0,862.05,882.1,2230086
2020-12-22,868.05,883.85,857.0,880.55,2460221
2020-12-23,880.5,897.9,876.1,893.35,1404169
2020-12-24,898.6,912.25,891.0,895.9,1528919
2020-12-28,898.0,911.55,893.05,903.6,1149489
2020-12-29,907.85,915.5,904.3,908.75,1536659
2020-12-30,908.0,910.3,897.3,904.65,886047
2020-12-31,903.0,920.0,900.55,916.15,1025422
2021-01-01,919.8,928.75,904.75,909.9,2158857
2021-01-04,910.55,923.3,909.25,918.8,1042065
2021-01-05,921.5,938.85,911.6,935.7,1871002
2021-01-06,945.0,953.65,934.05,945.9,2633011
2021-01-07,955.8,977.95,946.0,971.25,2124734
2021-01-08,976.1,1012.55,974.1,1007.5,3536689
2021-01-11,1015.5,1026.75,1002.05,1013.8,1773737
2021-01-12,1012.65,1026.0,1003.4,1018.8,1799936
2021-01-13,1024.25,1041.75,1006.75,1012.45,2210980
2021-01-14,1015.0,1026.0,1000.85,1003.05,2091931
2021-01-15,999.0,1011.9,979.3,981.35,2598734
2021-01-18,975.3,998.8,969.0,985.65,2565847
2021-01-19,991.0,1024.0,984.3,1019.2,1875360
2021-01-20,1024.75,1032.45,1012.0,1020.15,2370898
2021-01-21,1064.95,1147.0,1052.0,1131.95,23442138
2021-01-22,1142.0,1155.7,1114.5,1122.65,5718476
2021-01-25,1133.25,1153.0,1098.25,1122.4,3099232
2021-01-27,1129.0,1129.0,1104.0,1116.05,1899418
2021-01-28,1114.0,1194.85,1106.0,1181.75,14679636
2021-01-29,1181.9,1181.9,1035.05,1044.75,13643267
2021-02-01,1050.0,1087.65,1033.05,1062.2,3678712
2021-02-02,1073.0,1146.9,1072.0,1130.3,5829926
2021-02-03,1122.5,1143.0,1104.55,1112.75,3032392
2021-02-04,1113.0,1137.85,1100.1,1134.05,1829648
2021-02-05,1140.0,1158.0,1106.35,1110.05,2156894
2021-02-08,1115.2,1147.8,1110.55,1126.2,1714057
2021-02-09,1132.0,1169.65,1130.0,1139.1,3183233
2021-02-10,1144.8,1151.65,1126.0,1136.55,1389370
2021-02-11,1142.8,1158.5,1133.5,1155.35,1141881
2021-02-12,1158.8,1163.95,1128.05,1141.95,1437728
2021-02-15,1154.9,1179.0,1137.4,1172.35,2178167
2021-02-16,1173.0,1222.0,1163.5,1216.15,3715493
2021-02-17,1220.4,1231.9,1183.5,1194.5,2592491
2021-02-18,1194.5,1206.65,1160.0,1165.9,1891251
2021-02-19,1170.5,1170.5,1129.15,1139.0,1588500
2021-02-22,1141.0,1154.65,1119.75,1128.2,2542835
2021-02-23,1129.95,1146.95,1120.0,1124.45,1374807
2021-02-24,1135.05,1154.5,1115.05,1146.05,1114199
2021-02-25,1152.1,1195.9,1152.1,1175.8,2537138
2021-02-26,1161.85,1196.45,1096.0,1105.55,4164831
2021-03-01,1124.0,1125.55,1096.05,1112.15,2136966
2021-03-02,1120.95,1163.8,1118.05,1143.95,2632084
2021-03-03,1150.55,1175.0,1143.1,1163.95,2582980
2021-03-04,1155.0,1185.8,1146.4,1171.6,1896345
2021-03-05,1140.0,1163.0,1110.0,1116.8,4524090
2021-03-08,1129.0,1149.7,1109.15,1115.25,2094055
2021-03-09,1125.9,1127.7,1089.0,1100.0,3109318
2021-03-10,1100.1,1125.0,1100.1,1120.3,1891547
2021-03-12,1128.4,1140.0,1097.85,1103.1,1726017
2021-03-15,1112.05,1119.15,1086.55,1099.25,1573678
2021-03-16,1100.0,1106.25,1076.5,1088.45,2538380
2021-03-17,1088.45,1094.1,1052.5,1061.8,1149913
2021-03-18,1066.95,1070.95,1015.1,1024.05,2339212
2021-03-19,1010.05,1047.25,986.5,1043.95,3150876
2021-03-22,1046.0,1054.65,1027.0,1037.2,1347171
2021-03-23,1036.9,1057.0,1030.1,1041.4,1825941
2021-03-24,1038.0,1046.9,1024.9,1028.95,1198133
2021-03-25,1026.85,1035.7,1015.0,1026.15,1383782
2021-03-26,1030.55,1062.45,1026.3,1050.3,1656045
2021-03-30,1066.0,1078.0,1047.55,1050.55,1297976
2021-03-31,1050.1,1069.5,1048.25,1050.4,950070
2021-04-01,1062.75,1072.0,1046.15,1058.45,1032919
2021-04-05,1060.0,1063.55,1015.45,1029.85,1017471
2021-04-06,1025.0,1056.45,1023.0,1051.95,1161935
2021-04-07,1052.0,1065.8,1045.5,1058.3,831141
2021-04-08,1064.9,1070.0,1049.0,1059.75,1189741
2021-04-09,1059.0,1099.95,1052.05,1062.25,2671765
2021-04-12,1048.0,1050.8,990.0,993.7,1484884
2021-04-13,993.5,1029.0,980.65,1023.75,1403988
2021-04-15,1031.1,1038.0,1003.85,1010.2,1467066
2021-04-16,1014.55,1032.0,1007.35,1010.45,1400671
2021-04-19,982.05,1006.5,971.1,1000.95,935048
2021-04-20,1010.0,1020.9,996.5,1004.8,924983
2021-04-22,1008.0,1013.0,995.2,1004.6,793395
2021-04-23,1005.7,1024.0,1000.3,1005.5,1796088
2021-04-26,1013.8,1013.8,990.05,1000.1,1526982
2021-04-27,1005.4,1036.0,1003.0,1028.5,1255019
2021-04-28,1040.0,1044.0,1016.1,1019.85,844145
2021-04-29,1025.0,1034.95,1005.85,1009.35,707355
2021-04-30,1000.2,1035.55,982.35,990.25,1428474
2021-05-03,984.9,1008.0,970.0,1004.7,1361391
2021-05-04,1012.0,1017.0,981.0,985.95,1133825
2021-05-05,990.0,1006.6,980.1,997.2,918327
2021-05-06,998.0,1010.0,988.6,1006.75,596924
2021-05-07,1013.2,1014.4,998.0,1002.0,595813
2021-05-10,1005.0,1012.75,1000.55,1005.45,487919
2021-05-11,998.8,1032.0,994.05,1029.65,1170319
2021-05-12,1035.0,1035.05,1002.9,1007.85,859198
2021-05-14,1011.3,1023.8,983.5,997.55,907626
2021-05-17,1003.0,1036.95,988.0,1030.55,1742654
2021-05-18,1035.0,1074.5,1020.1,1071.45,3242276
2021-05-19,1072.8,1082.7,1058.0,1074.1,1982427
2021-05-20,1080.0,1088.0,1066.0,1072.35,1887196
2021-05-21,1072.45,1073.0,1025.0,1028.3,6665482
2021-05-24,1035.0,1036.75,1013.4,1015.4,1361368
2021-05-25,1020.0,1020.85,992.0,995.1,2481410
2021-05-26,1003.0,1009.25,995.0,996.4,1161924
2021-05-27,1001.6,1024.6,990.0,1019.8,3138650
2021-05-28,1028.0,1028.9,1012.8,1018.1,916916
2021-05-31,1013.0,1033.95,1011.0,1030.8,1367577
2021-06-01,1032.0,1045.0,1026.05,1029.45,1215986
2021-06-02,1026.0,1049.7,1024.0,1046.7,1365925
2021-06-03,1051.0,1081.0,1046.1,1072.55,2154185
2021-06-04,1080.0,1084.8,1055.0,1056.8,1390616
2021-06-07,1060.0,1067.75,1046.65,1050.8,1031807
2021-06-08,1051.1,1056.7,1035.3,1038.95,1333609
2021-06-09,1044.5,1057.65,1022.05,1027.25,1554120
2021-06-10,1031.0,1034.0,1020.0,1023.8,1474654
2021-06-11,1025.1,1031.95,1011.5,1017.1,1400679
2021-06-14,1020.0,1025.95,1001.05,1019.45,1285579
2021-06-15,1025.0,1030.9,1015.5,1017.9,1308405
2021-06-16,1021.0,1022.1,1005.0,1006.95,1226060
2021-06-17,1000.0,1008.8,991.0,997.75,1334851
2021-06-18,1001.0,1008.55,977.1,996.5,1374997
2021-06-21,980.0,984.95,958.0,982.95,1796870
2021-06-22,992.4,1009.8,981.05,999.7,2180170
2021-06-23,1007.6,1007.6,993.3,998.5,989715
2021-06-24,1000.0,1004.6,985.3,991.55,718519
2021-06-25,992.0,1001.55,990.0,999.35,587103
2021-06-28,1001.0,1009.8,991.0,992.3,898012
2021-06-29,993.65,996.65,977.0,978.8,1104845
2021-06-30,983.0,992.7,978.0,980.2,897832
2021-07-01,984.8,997.2,980.2,989.0,1208575
2021-07-02,995.0,998.8,984.0,985.55,760738
2021-07-05,991.45,1025.0,986.9,1022.35,2689626
2021-07-06,1027.45,1031.0,1015.35,1021.4,1459526
2021-07-07,1021.4,1026.0,1010.5,1021.4,895906
2021-07-08,1022.5,1035.9,1020.05,1028.5,1860896
2021-07-09,1028.0,1028.95,1015.05,1023.35,761908
2021-07-12,1026.2,1046.0,1020.15,1042.5,1314157
2021-07-13,1046.95,1049.95,1027.8,1032.55,879897
2021-07-14,1033.3,1035.9,1020.1,1022.7,795889
2021-07-15,1027.0,1049.9,1023.0,1039.85,1205440
2021-07-16,1047.0,1090.0,1044.0,1077.65,3979532
2021-07-19,1075.0,1108.0,1069.25,1089.65,3216454
2021-07-20,1094.95,1109.75,1061.05,1103.55,2862918
2021-07-22,1142.0,1184.0,1125.5,1151.3,12956315
2021-07-23,1158.9,1166.95,1139.25,1143.75,1567974
2021-07-26,1139.85,1169.8,1116.5,1162.3,2308489
2021-07-27,1165.0,1177.65,1151.65,1159.4,1466489
2021-07-28,1162.0,1178.65,1148.15,1157.6,1736883
2021-07-29,1160.0,1184.9,1158.05,1178.75,1302792
2021-07-30,1179.55,1195.0,1167.65,1173.65,2076845
2021-08-02,1180.0,1205.0,1175.65,1185.1,1659962
2021-08-03,1198.0,1246.4,1191.35,1231.3,4940389
2021-08-04,1241.9,1246.9,1222.6,1233.75,2387558
2021-08-05,1240.0,1240.2,1212.1,1216.25,995267
2021-08-06,1224.0,1259.95,1216.0,1232.9,2921992
2021-08-09,1247.0,1254.35,1230.55,1235.5,1438802
2021-08-10,1245.9,1254.7,1218.6,1223.85,1823117
2021-08-11,1227.0,1243.25,1196.85,1236.75,1973876
2021-08-12,1254.0,1255.6,1226.05,1231.9,2264764
2021-08-13,1230.0,1257.15,1225.4,1242.15,1861705
2021-08-16,1242.65,1252.4,1222.15,1225.7,843960
2021-08-17,1226.0,1244.0,1216.5,1224.4,1600498
2021-08-18,1228.0,1266.0,1226.25,1234.15,2658601
2021-08-20,1229.0,1254.9,1224.55,1236.3,1989898
2021-08-23,1242.8,1289.5,1241.35,1259.2,3835797
2021-08-24,1269.9,1279.7,1241.85,1265.7,1492926
2021-08-25,1264.95,1274.2,1201.0,1204.25,2460031
2021-08-26,1207.7,1220.85,1191.0,1215.0,1413269
2021-08-27,1218.0,1238.95,1215.0,1235.0,1169963
2021-08-30,1230.0,1270.0,1230.0,1266.5,1105428
2021-08-31,1270.0,1287.7,1254.55,1268.45,4863922
2021-09-01,1270.0,1354.3,1266.15,1344.75,5063369
2021-09-02,1350.8,1398.0,1341.75,1392.25,2971890
2021-09-03,1399.0,1434.65,1387.0,1430.45,2720191
2021-09-06,1430.0,1439.8,1420.45,1430.45,1244690
2021-09-07,1439.8,1462.65,1430.65,1444.8,1787418
2021-09-08,1444.8,1454.35,1417.95,1432.65,1078326
2021-09-09,1429.0,1459.8,1414.7,1453.95,1745952
2021-09-13,1456.55,1462.75,1435.05,1450.1,1437805
2021-09-14,1450.3,1471.45,1450.1,1465.55,1024080
2021-09-15,1466.0,1469.5,1446.45,1451.2,766614
2021-09-16,1456.4,1477.0,1448.05,1453.1,1068097
2021-09-17,1458.0,1482.7,1447.1,1471.9,2099188
2021-09-20,1460.0,1462.3,1400.0,1407.2,1682673
2021-09-21,1410.1,1427.75,1392.05,1411.1,1677219
2021-09-22,1411.1,1443.4,1409.0,1420.45,1337462
2021-09-23,1427.55,1454.35,1423.7,1438.25,1137902
2021-09-24,1442.0,1448.9,1398.45,1414.9,972346
2021-09-27,1424.0,1424.0,1385.0,1388.55,1130126
2021-09-28,1389.8,1404.15,1360.65,1369.85,1033811
2021-09-29,1364.0,1377.45,1351.0,1367.85,869402
2021-09-30,1368.0,1382.55,1361.3,1373.1,910972
2021-10-01,1373.1,1382.7,1334.25,1359.1,839100
2021-10-04,1360.55,1394.45,1355.3,1389.8,802477
2021-10-05,1396.0,1401.1,1382.85,1389.55,913676
2021-10-06,1397.8,1410.55,1365.0,1369.4,738636
2021-10-07,1376.2,1408.0,1375.25,1394.2,728717
2021-10-08,1400.8,1405.3,1366.15,1371.45,566246
2021-10-11,1382.45,1409.85,1369.35,1382.15,836394
2021-10-12,1387.0,1427.95,1383.3,1420.25,1358251
2021-10-13,1438.0,1438.0,1399.0,1409.7,1406850
2021-10-14,1413.7,1479.8,1405.1,1474.1,1827348
2021-10-18,1486.65,1504.45,1440.2,1454.7,1694567
2021-10-19,1469.8,1482.55,1411.1,1423.8,951188
2021-10-20,1430.0,1433.9,1378.15,1406.7,1193058
2021-10-21,1354.0,1364.95,1210.3,1285.8,8213470
2021-10-22,1290.0,1319.75,1265.4,1289.35,1631143
2021-10-25,1304.8,1309.3,1272.4,1298.95,1114353
2021-10-26,1309.0,1309.0,1261.8,1285.5,1374534
2021-10-27,1290.0,1307.0,1275.0,1276.7,937862
2021-10-28,1286.95,1286.95,1256.45,1263.75,943525
2021-10-29,1251.25,1293.0,1243.75,1262.95,1421636
2021-11-01,1275.55,1290.0,1260.6,1288.15,890339
2021-11-02,1295.8,1303.7,1283.6,1290.75,571414
2021-11-03,1301.85,1301.85,1271.0,1290.7,584243
2021-11-04,1297.8,1300.0,1290.0,1294.45,56644
2021-11-08,1306.8,1329.45,1285.3,1326.3,760625
2021-11-09,1326.3,1339.0,1312.05,1326.9,613322
2021-11-10,1320.0,1350.0,1318.2,1347.05,729602
2021-11-11,1354.95,1355.45,1329.0,1345.8,825469
2021-11-12,1356.45,1379.9,1346.0,1372.7,1056339
2021-11-15,1378.0,1399.65,1377.1,1389.2,1020862
2021-11-16,1391.5,1404.95,1360.0,1398.85,944782
2021-11-17,1400.0,1402.6,1365.3,1375.25,825684
2021-11-18,1370.0,1382.0,1340.35,1372.95,771508
2021-11-22,1385.2,1424.35,1358.0,1377.5,2587391
2021-11-23,1360.0,1410.0,1360.0,1392.3,1071227
2021-11-24,1399.0,1407.6,1360.45,1372.55,995846
2021-11-25,1376.0,1395.85,1361.8,1389.45,1110099
2021-11-26,1379.0,1379.0,1321.05,1327.2,1219366
2021-11-29,1315.0,1356.8,1291.8,1330.1,1261578
2021-11-30,1331.9,1409.95,1324.0,1360.35,6604500
2021-12-01,1360.3,1376.75,1320.0,1361.0,1624319
2021-12-02,1361.0,1385.0,1335.0,1379.15,1539592
2021-12-03,1368.15,1395.95,1368.15,1383.25,1085502
2021-12-06,1385.5,1395.8,1368.25,1370.45,791805
2021-12-07,1377.7,1419.0,1370.05,1410.85,1410645
2021-12-08,1429.0,1429.4,1407.2,1417.95,948420
2021-12-09,1418.0,1424.65,1382.0,1389.0,1065129
2021-12-10,1389.0,1398.0,1376.1,1392.2,887283
2021-12-13,1381.1,1394.5,1367.2,1370.0,1124454
2021-12-14,1372.0,1372.95,1340.0,1352.45,1322715
2021-12-15,1350.0,1364.4,1345.0,1351.35,766527
2021-12-16,1359.0,1370.45,1350.35,1361.0,822094
2021-12-17,1355.0,1360.0,1313.95,1319.85,1080803
2021-12-20,1310.0,1310.0,1253.4,1289.65,1419970
2021-12-21,1299.0,1352.0,1294.05,1338.7,1669146
2021-12-22,1352.0,1375.0,1345.1,1371.45,967859
2021-12-23,1375.55,1394.0,1363.85,1372.8,1260219
2021-12-24,1384.8,1384.8,1354.2,1361.05,559766
2021-12-27,1358.8,1377.9,1350.35,1374.7,576867
2021-12-28,1375.0,1411.8,1375.0,1399.85,1138137
2021-12-29,1390.0,1405.3,1388.0,1393.8,405879
2021-12-30,1395.0,1398.7,1380.0,1387.1,669700
2021-12-31,1376.65,1403.0,1376.65,1397.0,386452
2022-01-03,1400.0,1419.0,1396.0,1406.15,278480
2022-01-04,1411.75,1413.6,1387.7,1401.3,337682
2022-01-05,1399.95,1410.95,1392.05,1400.1,473752
2022-01-06,1390.1,1393.35,1370.3,1386.25,409359
2022-01-07,1387.0,1418.95,1360.0,1368.4,947383
2022-01-10,1380.0,1380.25,1349.05,1351.6,525478
2022-01-11,1349.05,1365.0,1330.9,1357.85,735871
2022-01-12,1365.0,1378.0,1340.0,1355.85,806492
2022-01-13,1360.0,1364.9,1320.3,1326.9,895685
2022-01-14,1326.9,1350.0,1313.25,1344.85,690763
2022-01-17,1343.0,1343.95,1321.65,1329.05,434192
2022-01-18,1326.35,1341.5,1311.0,1315.45,423878
2022-01-19,1319.8,1332.65,1294.0,1308.75,1105569
2022-01-20,1310.0,1322.0,1301.0,1310.3,760910
2022-01-21,1282.1,1306.5,1232.1,1241.55,3375259
2022-01-24,1248.0,1248.0,1150.3,1179.95,2571377
2022-01-25,1170.1,1193.9,1135.05,1184.4,1764518
2022-01-27,1175.0,1179.85,1117.0,1145.25,2266013
2022-01-28,1151.0,1174.95,1135.65,1142.25,1082194
2022-01-31,1148.3,1188.0,1148.3,1184.4,851868
2022-02-01,1195.0,1199.0,1167.6,1187.8,1153750
2022-02-02,1193.0,1215.0,1186.1,1209.95,746085
2022-02-03,1215.0,1218.8,1197.05,1206.65,809138
2022-02-04,1208.0,1222.0,1201.0,1209.55,858263
2022-02-07,1212.8,1217.65,1185.1,1194.95,1031295
2022-02-08,1194.8,1200.6,1175.0,1186.8,608655
2022-02-09,1192.7,1229.55,1187.75,1223.9,613698
2022-02-10,1229.0,1229.0,1199.8,1219.3,704743
2022-02-11,1206.5,1207.0,1165.35,1174.75,1216283
2022-02-14,1156.0,1165.0,1141.6,1156.05,1094621
2022-02-15,1156.0,1194.0,1141.0,1189.8,1325941
2022-02-16,1195.0,1217.5,1180.25,1206.4,623551
2022-02-17,1210.0,1219.3,1192.5,1206.95,846963
2022-02-18,1197.0,1211.45,1191.05,1201.3,632744
2022-02-21,1198.0,1205.85,1179.55,1201.15,578419
2022-02-22,1194.4,1208.1,1166.1,1203.45,847355
2022-02-23,1207.0,1217.45,1198.35,1201.25,627290
2022-02-24,1150.0,1180.25,1140.05,1147.4,1658545
2022-02-25,1155.3,1191.0,1152.15,1168.4,1201568
2022-02-28,1156.2,1191.8,1118.85,1185.7,1813314
2022-03-02,1175.0,1184.2,1137.8,1148.85,1512687
2022-03-03,1160.3,1166.2,1088.6,1104.35,1729863
2022-03-04,1092.0,1096.4,1063.0,1084.0,1210864
2022-03-07,1064.0,1081.0,1037.4,1072.05,1596458
2022-03-08,1068.0,1084.65,1040.0,1075.35,1378391
2022-03-09,1079.0,1111.0,1076.0,1092.65,1113825
2022-03-10,1115.0,1134.2,1105.6,1127.7,1520340
2022-03-11,1120.0,1122.8,1088.3,1092.6,1395420
2022-03-14,1103.0,1103.0,1075.0,1095.7,776057
2022-03-15,1099.9,1114.1,1072.6,1082.05,1158265
2022-03-16,1098.0,1138.95,1096.0,1136.35,1669435
2022-03-17,1159.1,1177.0,1143.65,1147.1,1955444
2022-03-21,1148.6,1164.25,1131.05,1137.15,1000399
2022-03-22,1139.95,1144.0,1096.0,1124.95,1207877
2022-03-23,1135.0,1161.95,1132.1,1141.35,1613189
2022-03-24,1135.0,1152.7,1126.65,1146.15,838633
2022-03-25,1150.5,1160.0,1132.7,1148.55,778720
2022-03-28,1148.55,1152.65,1114.35,1130.05,781636
2022-03-29,1135.0,1157.5,1124.05,1153.6,717636
2022-03-30,1165.0,1170.0,1137.0,1150.9,1059088
2022-03-31,1150.9,1159.95,1145.25,1152.55,547446
2022-04-01,1154.2,1176.0,1153.0,1173.1,747142
2022-04-04,1178.0,1190.95,1174.35,1180.3,712219
2022-04-05,1187.0,1264.95,1183.6,1258.65,3238425
2022-04-06,1258.65,1264.0,1240.85,1251.85,845250
2022-04-07,1251.8,1282.8,1246.0,1249.2,1208629
2022-04-08,1265.5,1278.85,1252.25,1267.95,741622
2022-04-11,1267.95,1286.95,1259.25,1275.2,759966
2022-04-12,1272.0,1278.0,1251.05,1255.8,844897
2022-04-13,1256.0,1279.35,1247.75,1273.7,602668
2022-04-18,1268.95,1297.9,1260.7,1279.8,1154240
2022-04-19,1281.0,1305.8,1266.95,1285.8,1033067
2022-04-20,1290.0,1304.7,1277.7,1299.35,732477
2022-04-21,1310.95,1329.95,1297.05,1320.75,795979
2022-04-22,1319.0,1330.0,1307.8,1316.3,514639
2022-04-25,1301.0,1312.55,1287.0,1301.9,691797
2022-04-26,1308.2,1329.4,1296.05,1325.95,1014769
2022-04-27,1313.4,1344.7,1313.0,1316.0,1444594
2022-04-28,1321.0,1336.0,1307.7,1317.1,920708
2022-04-29,1324.0,1326.0,1300.0,1311.8,875714
2022-05-02,1295.0,1310.9,1282.85,1289.85,782353
2022-05-04,1292.0,1293.95,1249.85,1253.0,1052210
2022-05-05,1265.0,1288.2,1227.05,1249.1,1569668
2022-05-06,1225.55,1253.75,1205.25,1238.55,1004903
2022-05-09,1235.2,1236.0,1193.25,1215.5,858791
2022-05-10,1199.0,1231.65,1199.0,1224.3,1059607
2022-05-11,1223.3,1241.1,1203.25,1229.25,612932
2022-05-12,1225.0,1237.55,1190.5,1199.55,684197
2022-05-13,1215.0,1256.3,1206.0,1234.95,925407
2022-05-16,1236.0,1248.95,1227.8,1236.0,335027
2022-05-17,1241.05,1257.95,1230.35,1252.65,594675
2022-05-18,1253.0,1276.2,1238.55,1242.5,729101
2022-05-19,1218.1,1227.3,1196.3,1215.05,793986
2022-05-20,1223.0,1257.15,1223.0,1229.35,586525
2022-05-23,1232.0,1274.0,1230.95,1245.45,597894
2022-05-24,1250.0,1256.3,1210.6,1217.7,366642
2022-05-25,1220.0,1241.95,1205.15,1229.45,761679
2022-05-26,1239.0,1241.0,1165.8,1172.75,1375381
2022-05-27,1172.8,1192.0,1150.0,1181.35,1235041
2022-05-30,1187.0,1226.9,1187.0,1217.6,615374
2022-05-31,1215.0,1217.45,1195.15,1201.8,2007784
2022-06-01,1197.25,1210.9,1182.6,1191.15,1027857
2022-06-02,1188.0,1190.55,1169.25,1171.2,1052575
2022-06-03,1181.0,1184.7,1153.15,1156.15,2326132
2022-06-06,1156.15,1163.7,1142.5,1149.15,332039
2022-06-07,1139.7,1149.9,1112.15,1132.85,638957
2022-06-08,1134.2,1147.1,1099.5,1109.1,1469147
2022-06-09,1101.5,1141.95,1092.3,1132.05,1870191
2022-06-10,1124.0,1141.6,1106.6,1123.45,901223
2022-06-13,1109.7,1109.7,1078.7,1092.55,500303
2022-06-14,1090.0,1125.95,1086.95,1122.5,1446380
2022-06-15,1125.0,1129.8,1107.0,1113.6,412426
2022-06-16,1126.0,1127.8,1085.3,1093.4,478120
2022-06-17,1082.0,1103.95,1063.6,1069.65,1136315
2022-06-20,1069.65,1085.0,1057.45,1071.2,602545
2022-06-21,1093.0,1108.5,1074.0,1105.95,590641
2022-06-22,1100.0,1106.45,1090.25,1101.25,410868
2022-06-23,1105.0,1111.0,1084.5,1096.65,846567
2022-06-24,1104.95,1112.9,1087.05,1106.85,2337913
2022-06-27,1116.55,1119.95,1097.0,1102.4,691858
2022-06-28,1103.0,1109.25,1075.2,1106.55,913805
2022-06-29,1085.2,1109.0,1084.0,1098.6,933631
2022-06-30,1098.0,1108.0,1086.95,1098.2,1374865
2022-07-01,1099.85,1120.0,1092.25,1111.25,1848135
2022-07-04,1111.15,1136.1,1109.95,1133.1,693543
2022-07-05,1139.4,1163.85,1135.2,1157.1,1358545
2022-07-06,1162.8,1200.0,1159.0,1197.2,1415708
2022-07-07,1198.95,1231.8,1194.55,1222.05,1067111
2022-07-08,1224.95,1233.2,1210.15,1218.6,488079
2022-07-11,1216.0,1228.2,1211.15,1224.3,355695
2022-07-12,1221.8,1223.55,1212.15,1220.9,356739
2022-07-13,1234.0,1243.0,1222.6,1228.55,699876
2022-07-14,1234.7,1249.0,1230.4,1241.75,501292
2022-07-15,1247.0,1259.8,1244.0,1255.6,377925
2022-07-18,1260.5,1265.0,1248.75,1262.3,519695
2022-07-19,1257.8,1276.0,1252.4,1258.7,907167
2022-07-20,1270.05,1276.7,1216.5,1223.25,1405925
2022-07-21,1200.0,1260.0,1197.3,1257.0,2812165
2022-07-22,1249.6,1259.9,1218.4,1226.45,1380188
2022-07-25,1220.15,1230.75,1190.2,1226.3,1023851
2022-07-26,1220.0,1225.6,1206.65,1210.55,710968
2022-07-27,1207.0,1225.7,1200.05,1221.0,693406
2022-07-28,1215.0,1233.8,1202.25,1225.25,885351
2022-07-29,1228.5,1252.9,1227.1,1249.35,1027274
2022-08-01,1258.8,1293.0,1248.95,1287.9,1026659
2022-08-02,1289.0,1307.95,1275.0,1290.2,1040083
2022-08-03,1290.0,1303.75,1264.7,1279.45,912780
2022-08-04,1280.45,1316.8,1272.0,1309.9,957136
2022-08-05,1315.0,1321.0,1283.0,1289.4,1078846
2022-08-08,1296.8,1308.0,1286.0,1304.95,576588
2022-08-10,1305.0,1316.95,1295.3,1309.0,547484
2022-08-11,1320.0,1324.9,1299.25,1308.2,492587
2022-08-12,1310.0,1316.0,1293.8,1297.15,477595
2022-08-16,1300.0,1316.0,1289.05,1301.35,781060
2022-08-17,1301.35,1352.8,1290.75,1348.5,1200211
2022-08-18,1348.0,1362.95,1342.65,1358.0,884432
2022-08-19,1365.0,1370.0,1332.5,1350.0,864242
2022-08-22,1344.0,1344.0,1282.4,1287.15,858252
2022-08-23,1275.05,1297.0,1275.05,1291.65,537982
2022-08-24,1290.0,1305.0,1289.8,1299.1,379795
2022-08-25,1300.0,1329.35,1296.0,1311.15,548190
2022-08-26,1315.3,1328.5,1308.7,1323.65,417728
2022-08-29,1288.0,1347.5,1288.0,1343.5,1011777
2022-08-30,1350.0,1396.45,1348.1,1391.5,1448064
2022-09-01,1385.6,1399.0,1374.5,1384.95,529228
2022-09-02,1395.0,1405.55,1375.0,1382.3,688481
2022-09-05,1386.1,1402.0,1366.4,1379.8,459330
2022-09-06,1380.0,1389.85,1370.0,1378.35,281833
2022-09-07,1372.0,1388.7,1361.3,1367.4,373109
2022-09-08,1372.0,1372.7,1344.25,1348.9,380987
2022-09-09,1364.5,1364.5,1330.3,1346.1,321642
2022-09-12,1351.65,1387.9,1348.75,1383.55,484016
2022-09-13,1386.4,1390.0,1371.0,1378.55,575609
2022-09-14,1369.95,1377.6,1361.6,1368.7,404187
2022-09-15,1370.7,1377.7,1351.05,1358.4,458162
2022-09-16,1359.8,1361.45,1294.4,1302.35,1054550
2022-09-19,1305.55,1320.0,1284.4,1313.35,370467
2022-09-20,1320.35,1353.35,1316.25,1319.4,580519
2022-09-21,1321.0,1346.8,1311.3,1314.3,383657
2022-09-22,1306.1,1327.15,1298.0,1313.4,414650
2022-09-23,1313.0,1325.0,1293.0,1306.45,367687
2022-09-26,1282.0,1307.1,1270.25,1292.85,679026
2022-09-27,1297.45,1328.85,1280.0,1313.9,455865
2022-09-28,1306.9,1325.7,1296.05,1319.3,719495
2022-09-29,1326.0,1336.5,1310.0,1333.5,715783
2022-09-30,1332.2,1352.85,1308.65,1348.55,617890
2022-10-03,1349.05,1353.8,1317.7,1323.15,639263
2022-10-04,1349.0,1368.4,1336.45,1343.3,799269
2022-10-06,1352.2,1360.65,1340.35,1352.55,457774
2022-10-07,1354.4,1361.3,1328.25,1350.75,568417
2022-10-10,1324.0,1349.7,1320.0,1345.4,391374
2022-10-11,1352.15,1352.15,1275.1,1279.4,1009006
2022-10-12,1282.0,1285.8,1245.0,1270.2,1001404
2022-10-13,1268.0,1268.0,1224.0,1230.95,1498795
2022-10-14,1247.95,1267.55,1238.15,1253.5,929681
2022-10-17,1254.0,1267.0,1223.15,1232.0,868754
2022-10-18,1238.2,1262.4,1234.5,1257.05,982630
2022-10-19,1263.05,1281.65,1245.0,1248.65,702501
2022-10-20,1220.0,1234.95,1192.15,1209.8,3106479
2022-10-21,1215.0,1218.35,1159.2,1165.95,1432485
2022-10-24,1190.0,1190.0,1173.0,1175.95,217790
2022-10-25,1180.0,1185.7,1161.15,1175.75,764317
2022-10-27,1187.0,1190.0,1175.7,1186.5,735441
2022-10-28,1180.0,1191.2,1172.0,1187.35,564137
2022-10-31,1192.9,1220.0,1188.1,1216.3,718591
2022-11-01,1220.0,1233.75,1215.0,1220.75,689552
2022-11-02,1220.0,1234.0,1213.0,1220.2,677069
2022-11-03,1216.8,1219.4,1198.0,1207.1,495954
2022-11-04,1213.15,1213.15,1198.15,1208.95,542314
2022-11-07,1215.0,1235.9,1210.6,1232.45,591151
2022-11-09,1236.0,1240.95,1198.2,1203.05,781273
2022-11-10,1185.0,1229.9,1183.1,1226.75,783233
2022-11-11,1232.9,1245.85,1227.05,1236.45,625997
2022-11-14,1236.45,1243.7,1229.0,1239.7,466101
2022-11-15,1243.5,1247.85,1228.15,1238.85,798880
2022-11-16,1238.85,1240.85,1218.0,1232.55,595800
2022-11-17,1230.0,1234.7,1214.05,1223.6,389060
2022-11-18,1227.45,1230.75,1211.0,1221.55,906381
2022-11-21,1215.1,1242.0,1215.1,1234.6,695606
2022-11-22,1233.2,1251.8,1228.35,1240.65,685087
2022-11-23,1244.2,1251.15,1229.0,1240.8,575291
2022-11-24,1246.0,1249.4,1233.65,1243.0,242093
2022-11-25,1245.8,1254.9,1236.0,1246.5,329119
2022-11-28,1245.0,1248.9,1218.5,1221.55,684369
2022-11-29,1227.5,1240.7,1222.0,1234.85,298865
2022-11-30,1233.0,1261.35,1216.25,1253.55,1931733
2022-12-01,1259.15,1270.6,1243.6,1250.4,611094
2022-12-02,1249.0,1252.9,1232.05,1238.95,444917
2022-12-05,1240.0,1240.0,1217.75,1234.35,658970
2022-12-06,1231.4,1245.75,1218.0,1222.45,543852
2022-12-07,1224.0,1227.45,1201.2,1205.75,450207
2022-12-08,1205.75,1223.7,1201.75,1212.45,526779
2022-12-09,1218.55,1220.95,1180.3,1182.0,920352
2022-12-12,1183.9,1184.0,1159.35,1167.0,589078
2022-12-13,1178.0,1179.55,1143.75,1151.6,1338319
2022-12-14,1160.4,1161.0,1150.6,1155.25,2024261
2022-12-15,1159.0,1167.85,1148.55,1154.65,615540
2022-12-16,1150.0,1160.0,1140.0,1153.75,712922
2022-12-19,1152.05,1165.25,1149.9,1162.5,523406
2022-12-20,1151.2,1177.0,1151.2,1172.25,535004
2022-12-21,1178.05,1181.9,1151.4,1156.3,526005
2022-12-22,1158.0,1163.05,1134.4,1138.3,697173
2022-12-23,1131.0,1134.7,1024.5,1100.8,868844
2022-12-26,1098.65,1118.2,1089.7,1110.55,537211
2022-12-27,1117.0,1123.1,1102.6,1109.85,569944
2022-12-28,1109.85,1121.7,1105.05,1110.8,237041
2022-12-29,1108.0,1112.1,1098.95,1102.85,608371
2022-12-30,1109.9,1116.65,1096.35,1099.95,382009
2023-01-02,1103.95,1112.5,1099.0,1100.6,461228
2023-01-03,1104.5,1134.0,1101.25,1127.95,998855
2023-01-04,1129.0,1154.05,1120.2,1148.75,2421079
2023-01-05,1154.9,1171.5,1146.0,1167.1,2453274
2023-01-06,1167.1,1197.85,1167.1,1192.5,1198621
2023-01-09,1203.1,1203.1,1177.0,1186.45,570085
2023-01-10,1187.45,1193.05,1173.15,1181.6,509356
2023-01-11,1177.0,1196.95,1175.9,1188.4,420758
2023-01-12,1192.45,1198.0,1185.1,1192.6,578505
2023-01-13,1191.0,1202.7,1163.0,1172.6,962496
2023-01-16,1171.85,1196.8,1171.85,1178.4,929746
2023-01-17,1181.35,1189.95,1172.05,1178.1,725215
2023-01-18,1178.1,1210.5,1175.35,1202.8,927227
2023-01-19,1200.0,1223.9,1188.4,1205.45,1825960
2023-01-20,1214.0,1214.9,1136.6,1153.6,3037526
2023-01-23,1160.0,1204.35,1155.0,1200.0,1252028
2023-01-24,1207.0,1207.0,1183.75,1193.4,530155
2023-01-25,1189.0,1195.85,1175.35,1180.5,266216
2023-01-27,1181.0,1184.4,1151.3,1171.2,505303
2023-01-30,1166.5,1184.65,1162.4,1176.55,457495
2023-01-31,1179.95,1186.0,1158.0,1181.75,971218
2023-02-01,1186.1,1213.25,1175.15,1198.0,774523
2023-02-02,1191.4,1213.9,1184.9,1198.8,470914
2023-02-03,1200.0,1204.45,1181.55,1196.9,353228
2023-02-06,1200.0,1202.1,1176.6,1199.45,429582
2023-02-07,1206.45,1217.55,1190.9,1198.95,614821
2023-02-08,1200.0,1235.0,1196.05,1230.3,652437
2023-02-09,1235.0,1243.3,1224.0,1234.75,666625
2023-02-10,1234.8,1240.45,1196.3,1200.95,1706011
2023-02-13,1200.95,1201.95,1169.1,1183.6,1262978
2023-02-14,1182.3,1209.45,1177.55,1201.9,661062
2023-02-15,1198.05,1221.75,1190.0,1218.15,728523
2023-02-16,1224.15,1231.15,1218.95,1227.35,471441
2023-02-17,1224.8,1232.0,1216.0,1227.05,736168
2023-02-20,1230.0,1233.0,1212.65,1215.7,349234
2023-02-21,1217.0,1224.0,1210.55,1216.7,260195
2023-02-22,1213.8,1216.25,1193.75,1201.65,522972
2023-02-23,1206.0,1207.0,1185.0,1200.05,480624
2023-02-24,1202.0,1202.0,1178.05,1180.9,523520
2023-02-27,1187.0,1187.0,1152.65,1169.35,384735
2023-02-28,1175.0,1206.0,1166.95,1197.05,1124099
2023-03-01,1197.05,1217.95,1192.75,1214.55,302995
2023-03-02,1217.55,1217.55,1193.3,1198.05,673931
2023-03-03,1202.05,1209.3,1195.0,1205.05,561235
2023-03-06,1210.55,1226.55,1210.55,1225.0,417893
2023-03-08,1224.0,1228.6,1201.6,1221.9,846149
2023-03-09,1222.0,1225.45,1208.6,1210.2,219314
2023-03-10,1204.15,1218.8,1191.2,1215.8,355348
2023-03-13,1215.8,1220.1,1198.0,1205.45,404702
2023-03-14,1209.7,1209.7,1165.0,1176.8,492822
2023-03-15,1190.0,1193.9,1175.05,1186.4,305378
2023-03-16,1185.35,1190.0,1169.0,1185.05,419044
2023-03-17,1196.9,1196.9,1180.55,1193.2,520672
2023-03-20,1199.0,1199.0,1162.35,1172.7,555437
2023-03-21,1184.7,1207.45,1176.05,1202.35,524540
2023-03-22,1203.95,1212.0,1190.55,1192.7,354856
2023-03-23,1189.7,1201.45,1184.2,1190.9,178081
2023-03-24,1191.4,1197.65,1174.0,1181.45,253493
2023-03-27,1181.05,1189.35,1162.3,1167.9,269418
2023-03-28,1170.0,1172.45,1131.8,1144.0,943699
2023-03-29,1138.0,1183.55,1136.05,1179.6,607826
2023-03-31,1185.6,1194.4,1177.8,1188.5,492712
2023-04-03,1190.0,1198.8,1174.05,1188.95,703176
2023-04-05,1188.95,1209.7,1182.05,1200.9,636055
2023-04-06,1200.0,1200.95,1179.45,1194.55,554814
2023-04-10,1194.55,1199.55,1162.05,1169.75,795946
2023-04-11,1170.95,1182.65,1158.15,1173.0,506156
2023-04-12,1174.45,1188.45,1171.25,1181.85,498818
2023-04-13,1183.0,1197.45,1179.55,1186.2,622876
2023-04-17,1186.2,1222.0,1175.7,1215.2,923153
2023-04-18,1218.0,1222.85,1205.75,1210.0,799192
2023-04-19,1214.5,1237.75,1208.65,1215.6,1049172
2023-04-20,1215.0,1225.0,1201.7,1205.85,572387
2023-04-21,1205.25,1222.5,1203.3,1208.65,485085
2023-04-24,1208.65,1213.3,1196.7,1201.9,348301
2023-04-25,1200.1,1218.0,1193.2,1215.9,394974
2023-04-26,1218.0,1229.65,1212.05,1219.9,692419
2023-04-27,1219.8,1228.9,1214.55,1221.2,351744
2023-04-28,1221.0,1233.85,1212.45,1230.2,584411
2023-05-02,1233.0,1243.0,1220.05,1225.6,680387
2023-05-03,1221.5,1250.0,1211.85,1241.3,2137153
2023-05-04,1244.8,1260.0,1213.7,1256.1,1145568
2023-05-05,1274.7,1294.9,1256.1,1285.8,1216747
2023-05-08,1285.0,1297.0,1255.6,1257.9,792674
2023-05-09,1267.95,1267.95,1237.0,1239.55,658368
2023-05-10,1243.05,1257.9,1227.5,1255.7,482371
2023-05-11,1262.05,1286.0,1255.7,1282.05,600835
2023-05-12,1284.4,1322.9,1278.0,1305.95,1404037
2023-05-15,1307.95,1317.0,1294.55,1298.3,478721
2023-05-16,1299.65,1303.15,1287.95,1291.15,378732
2023-05-17,1292.0,1292.0,1263.2,1269.2,436672
2023-05-18,1274.25,1276.75,1261.05,1264.4,261779
2023-05-19,1265.0,1266.5,1251.9,1259.55,314141
2023-05-22,1259.55,1277.4,1257.0,1263.75,444646
2023-05-23,1264.5,1265.0,1246.55,1249.75,520570
2023-05-24,1249.0,1275.95,1242.25,1273.35,561655
2023-05-25,1274.0,1283.0,1267.0,1278.4,434611
2023-05-26,1278.4,1292.4,1275.0,1289.15,390311
2023-05-29,1294.55,1300.0,1284.0,1297.6,319481
2023-05-30,1297.6,1302.0,1285.55,1288.35,408031
2023-05-31,1283.5,1318.25,1280.05,1307.95,2068480
2023-06-01,1310.9,1359.9,1310.4,1331.9,1247361
2023-06-02,1334.0,1342.35,1326.25,1331.45,944335
2023-06-05,1331.0,1353.85,1327.0,1347.2,953995
2023-06-06,1349.9,1352.9,1321.9,1334.6,796420
2023-06-07,1336.3,1357.0,1336.3,1345.85,785794
2023-06-08,1345.0,1367.05,1341.0,1355.45,810757
2023-06-09,1356.0,1364.8,1343.4,1345.85,659862
2023-06-12,1346.5,1360.55,1336.15,1346.55,596601
2023-06-13,1342.1,1360.0,1329.0,1350.3,1257080
2023-06-14,1353.8,1366.55,1345.0,1360.95,643835
2023-06-15,1361.7,1373.7,1353.25,1355.3,414903
2023-06-16,1358.0,1369.0,1348.65,1350.85,844325
2023-06-19,1354.0,1356.85,1332.9,1336.95,573868
2023-06-20,1336.0,1349.9,1327.95,1346.8,594117
2023-06-21,1350.0,1363.2,1335.0,1339.4,717308
2023-06-22,1341.0,1348.4,1321.2,1325.4,377770
2023-06-23,1322.45,1326.85,1278.2,1284.95,1287346
2023-06-26,1279.95,1295.25,1276.0,1290.4,1013995
2023-06-27,1296.9,1304.95,1283.4,1285.9,953208
2023-06-28,1293.7,1300.0,1280.95,1289.45,1172777
2023-06-30,1296.45,1304.9,1280.4,1282.8,1416091
2023-07-03,1289.9,1334.8,1283.0,1290.6,1613382
2023-07-04,1297.5,1297.5,1274.0,1277.55,635541
2023-07-05,1278.0,1293.95,1273.7,1287.1,551843
2023-07-06,1290.6,1327.35,1288.4,1308.75,952091
2023-07-07,1310.05,1311.8,1276.0,1284.4,405412
2023-07-10,1284.4,1308.75,1279.0,1291.15,643139
2023-07-11,1298.15,1315.5,1290.4,1307.65,659349
2023-07-12,1316.65,1323.9,1285.0,1290.7,875900
2023-07-13,1295.0,1296.75,1267.0,1272.3,1516583
2023-07-14,1274.2,1283.3,1258.6,1280.75,828040
2023-07-17,1283.1,1302.0,1275.55,1298.5,433028
2023-07-18,1327.0,1372.0,1320.4,1334.4,4395179
2023-07-19,1354.0,1385.0,1343.0,1364.0,3717564
2023-07-20,1367.9,1408.3,1337.8,1348.05,4310236
2023-07-21,1337.85,1348.0,1281.7,1303.25,2337996
2023-07-24,1304.5,1311.95,1290.6,1296.7,699741
2023-07-25,1296.0,1308.9,1290.65,1304.0,518803
2023-07-26,1309.35,1309.35,1296.0,1300.4,501602
2023-07-27,1305.0,1319.8,1293.4,1314.75,709401
2023-07-28,1321.75,1329.2,1310.75,1325.1,563551
2023-07-31,1310.0,1338.0,1310.0,1334.05,567110
2023-08-01,1336.0,1338.05,1318.2,1321.0,346660
2023-08-02,1320.85,1335.0,1300.25,1312.15,763382
2023-08-03,1307.15,1310.35,1283.55,1301.45,504649
2023-08-04,1294.0,1325.6,1294.0,1313.95,588755
2023-08-07,1319.95,1323.45,1312.0,1319.95,451200
2023-08-08,1325.0,1340.0,1313.8,1323.55,731893
2023-08-09,1332.0,1332.85,1309.4,1312.05,528665
2023-08-10,1314.8,1315.45,1287.05,1290.9,388643
2023-08-11,1295.8,1311.45,1291.65,1300.85,484186
2023-08-14,1296.85,1298.65,1272.1,1275.7,749601
2023-08-16,1280.0,1280.0,1262.95,1269.85,433375
2023-08-17,1270.7,1297.95,1269.75,1296.3,733247
2023-08-18,1294.95,1301.95,1282.95,1286.15,585202
2023-08-21,1286.95,1292.6,1282.0,1290.4,256366
2023-08-22,1297.0,1321.0,1295.75,1319.25,712933
2023-08-23,1328.05,1346.15,1322.0,1339.8,1057129
2023-08-24,1347.5,1350.75,1330.5,1335.4,579338
2023-08-25,1331.6,1333.2,1305.75,1308.3,501479
2023-08-28,1310.0,1323.0,1305.15,1315.9,483634
2023-08-29,1316.7,1342.8,1311.3,1338.9,718024
2023-08-30,1348.0,1364.4,1335.5,1353.95,1357809
2023-08-31,1360.0,1399.0,1350.0,1384.55,1921612
2023-09-01,1389.65,1389.65,1369.0,1377.75,848245
2023-09-04,1379.0,1381.05,1356.05,1359.2,568970
2023-09-05,1363.95,1377.45,1352.0,1359.4,611500
2023-09-06,1360.0,1375.0,1348.2,1353.0,1007504
2023-09-07,1354.4,1372.25,1351.6,1370.4,765717
2023-09-08,1376.4,1454.0,1376.0,1450.25,4377612
2023-09-11,1465.85,1465.85,1436.3,1446.05,818704
2023-09-12,1455.0,1455.0,1410.0,1416.6,717778
2023-09-13,1416.6,1420.7,1373.5,1398.5,1313648
2023-09-14,1411.05,1411.95,1386.6,1391.9,601680
2023-09-15,1395.0,1438.2,1384.5,1431.05,1526334
2023-09-18,1435.0,1440.8,1415.05,1425.9,824119
2023-09-20,1425.0,1427.7,1403.75,1413.2,524300
2023-09-21,1413.75,1420.0,1397.4,1413.35,406806
2023-09-22,1411.45,1417.85,1388.35,1392.6,350916
2023-09-25,1390.0,1414.1,1377.5,1396.8,466853
2023-09-26,1396.8,1409.85,1395.3,1399.8,322754
2023-09-27,1394.05,1409.95,1388.0,1406.65,346769
2023-09-28,1410.8,1416.6,1368.05,1375.15,1016134
2023-09-29,1375.15,1395.65,1375.15,1388.95,389818
2023-10-03,1385.0,1401.65,1369.0,1387.7,755516
2023-10-04,1386.05,1409.4,1375.0,1393.6,678164
2023-10-05,1397.95,1425.0,1393.0,1411.35,539631
2023-10-06,1414.3,1419.0,1395.0,1399.45,313649
2023-10-09,1390.4,1397.9,1380.0,1384.55,370048
2023-10-10,1390.95,1406.0,1386.3,1399.4,563800
2023-10-11,1402.95,1419.6,1386.05,1390.95,502182
2023-10-12,1400.0,1400.1,1384.65,1388.1,386010
2023-10-13,1387.0,1400.0,1379.85,1391.0,290082
2023-10-16,1391.0,1420.0,1384.95,1414.25,622342
2023-10-17,1420.0,1424.85,1379.0,1384.05,1019606
2023-10-18,1384.0,1384.0,1335.5,1340.35,1969647
2023-10-19,1338.0,1379.6,1331.7,1362.7,1898484
2023-10-20,1330.0,1375.0,1290.0,1292.95,3033731
2023-10-23,1292.0,1300.0,1277.6,1284.8,1347306
2023-10-25,1287.35,1301.25,1262.6,1267.15,1025370
2023-10-26,1266.0,1273.25,1240.25,1266.9,758444
2023-10-27,1271.2,1282.7,1256.95,1259.9,567880
2023-10-30,1261.9,1272.7,1249.55,1269.05,497634
2023-10-31,1278.1,1279.65,1243.7,1246.15,1191513
2023-11-01,1250.15,1254.4,1232.85,1240.75,778047
2023-11-02,1250.0,1268.6,1242.0,1266.0,674945
2023-11-03,1277.0,1277.0,1266.0,1271.0,422147
2023-11-06,1263.5,1270.0,1252.75,1262.5,1593562
2023-11-07,1265.0,1265.0,1245.05,1253.0,578997
2023-11-08,1257.95,1263.15,1249.15,1252.05,968745
2023-11-09,1259.85,1260.25,1247.0,1253.15,412408
2023-11-10,1255.0,1262.0,1244.3,1257.4,372182
2023-11-12,1265.05,1267.95,1256.4,1263.3,53621
2023-11-13,1262.0,1263.6,1244.0,1250.7,472505
2023-11-15,1261.0,1270.0,1253.7,1262.05,553895
2023-11-16,1269.0,1282.7,1262.05,1279.15,598909
2023-11-17,1279.95,1286.45,1271.3,1280.75,487287
2023-11-20,1284.7,1285.0,1273.0,1275.75,338939
2023-11-21,1280.2,1307.55,1275.75,1298.9,919344
2023-11-22,1304.95,1309.6,1298.0,1306.0,590510
2023-11-23,1309.8,1315.0,1297.05,1301.45,243581
2023-11-24,1304.95,1305.1,1285.7,1294.3,471600
2023-11-28,1294.3,1294.35,1278.0,1281.25,446363
2023-11-29,1293.9,1295.15,1284.2,1288.05,568761
2023-11-30,1292.7,1308.1,1282.3,1302.65,1003617
2023-12-01,1315.0,1320.0,1306.0,1312.45,406906
2023-12-04,1321.0,1324.9,1308.6,1313.7,574357
2023-12-05,1313.85,1321.0,1305.0,1317.55,389012
2023-12-06,1320.1,1339.9,1320.1,1324.45,658995
2023-12-07,1330.0,1351.15,1315.45,1349.5,614481
2023-12-08,1357.0,1357.0,1332.0,1343.0,514463
2023-12-11,1348.0,1348.7,1338.3,1345.0,495744
2023-12-12,1346.0,1363.7,1329.15,1341.6,895136
2023-12-13,1342.1,1342.1,1310.5,1327.3,643534
2023-12-14,1336.85,1337.7,1327.35,1333.65,400039
2023-12-15,1335.15,1344.95,1327.05,1332.4,526573
2023-12-18,1330.3,1355.85,1324.5,1345.85,488264
2023-12-19,1346.0,1375.0,1332.2,1372.4,889643
2023-12-20,1380.0,1395.0,1328.95,1335.6,1453036
2023-12-21,1331.3,1351.75,1312.55,1341.1,671157
2023-12-22,1345.0,1355.95,1338.1,1351.8,592159
2023-12-26,1349.0,1364.65,1349.0,1361.8,376595
2023-12-27,1361.1,1379.95,1352.95,1361.55,570198
2023-12-28,1368.75,1378.5,1363.0,1366.55,602887
2023-12-29,1373.0,1383.85,1361.6,1367.95,551096
2024-01-01,1367.95,1377.0,1356.0,1362.2,240757
2024-01-02,1365.45,1383.9,1346.1,1380.1,732232
2024-01-03,1385.0,1421.35,1381.3,1397.7,1332808
2024-01-04,1404.0,1412.35,1386.8,1399.95,668322
2024-01-05,1400.0,1416.0,1396.4,1405.5,488819
2024-01-08,1405.45,1405.45,1372.25,1375.6,485181
2024-01-09,1380.05,1395.7,1375.6,1379.65,454465
2024-01-10,1377.1,1394.05,1365.4,1390.7,1353774
2024-01-11,1403.0,1472.0,1399.2,1430.1,3886984
2024-01-12,1447.15,1447.15,1420.1,1432.05,585322
2024-01-15,1435.0,1447.0,1423.0,1440.55,592597
2024-01-16,1440.5,1443.0,1425.9,1430.2,627295
2024-01-17,1427.85,1444.2,1413.15,1431.35,1089285
2024-01-18,1424.55,1433.95,1394.0,1400.3,603033
2024-01-19,1410.0,1419.0,1370.65,1381.95,651609
2024-01-20,1388.45,1393.9,1370.0,1375.6,150156
2024-01-23,1370.05,1374.9,1300.55,1313.15,1286175
2024-01-24,1299.0,1323.15,1280.0,1305.6,1122451
2024-01-25,1311.9,1311.9,1283.1,1290.35,470783
2024-01-29,1290.35,1322.75,1289.85,1317.9,1195162
2024-01-30,1328.0,1328.0,1290.4,1295.1,702512
2024-01-31,1296.05,1302.6,1287.45,1294.4,824629
2024-02-01,1301.9,1317.9,1292.9,1314.6,759546
2024-02-02,1325.0,1343.75,1308.2,1341.3,1097984
2024-02-05,1350.0,1357.8,1334.65,1339.75,1659511
2024-02-06,1340.0,1349.8,1334.05,1345.0,436681
2024-02-07,1350.0,1356.0,1338.15,1351.35,416325
2024-02-08,1351.5,1354.35,1333.6,1349.35,793521
2024-02-09,1340.0,1354.9,1326.65,1346.9,941809
2024-02-12,1345.0,1354.0,1328.05,1333.1,902739
2024-02-13,1332.9,1366.4,1315.05,1362.65,1032576
2024-02-14,1362.65,1388.95,1354.9,1380.75,918064
2024-02-15,1387.5,1391.3,1376.0,1380.65,250907
2024-02-16,1387.0,1401.0,1378.4,1399.1,458522
2024-02-19,1401.05,1422.5,1392.6,1410.55,1412922
2024-02-20,1409.35,1414.4,1392.05,1395.2,542689
2024-02-21,1407.0,1419.7,1397.1,1414.85,454441
2024-02-22,1423.85,1438.0,1415.0,1431.95,1507612
2024-02-23,1431.0,1438.8,1422.4,1429.5,542609
2024-02-26,1424.0,1430.0,1413.3,1424.05,363708
2024-02-27,1438.6,1482.0,1433.0,1469.15,2867826
2024-02-28,1479.0,1550.0,1471.2,1534.35,6273879
2024-02-29,1532.05,1540.35,1511.0,1531.35,1253651
2024-03-01,1528.95,1536.2,1506.0,1515.6,802788
2024-03-02,1517.6,1591.35,1517.6,1576.45,359846
2024-03-04,1588.0,1588.0,1532.0,1553.95,1390941
2024-03-05,1558.0,1558.0,1526.0,1540.15,1243789
2024-03-06,1570.0,1571.0,1508.0,1517.7,1660233
2024-03-07,1518.0,1562.8,1515.05,1543.15,1462696
2024-03-11,1543.15,1561.35,1533.15,1542.45,766416
2024-03-12,1537.0,1550.0,1498.65,1502.0,565010
2024-03-13,1508.05,1544.15,1464.05,1474.05,1611966
2024-03-14,1474.05,1524.7,1458.05,1516.95,848225
2024-03-15,1514.85,1520.3,1476.05,1482.3,1050296
2024-03-18,1482.35,1505.6,1470.8,1501.65,392071
2024-03-19,1500.0,1500.0,1450.0,1457.25,563152
2024-03-20,1460.0,1465.95,1435.05,1461.2,487253
2024-03-21,1467.5,1491.55,1465.4,1485.05,434617
2024-03-22,1485.0,1494.7,1465.05,1469.25,416340
2024-03-26,1450.0,1495.95,1449.0,1487.55,764041
2024-03-27,1488.1,1505.0,1479.4,1488.4,973040
2024-03-28,1488.4,1525.0,1480.6,1515.0,924279
2024-04-01,1529.0,1539.0,1510.75,1514.45,1111418
2024-04-02,1520.05,1558.2,1516.75,1544.15,3136602
2024-04-03,1550.0,1561.9,1522.0,1550.55,1132164
2024-04-04,1559.9,1559.95,1532.6,1538.75,797587
2024-04-05,1539.0,1553.0,1532.35,1550.1,786786
2024-04-08,1563.0,1582.0,1525.95,1530.15,1851259
2024-04-09,1534.0,1537.2,1506.9,1512.7,1062855
2024-04-10,1516.0,1520.0,1495.5,1501.3,1384698
2024-04-12,1500.6,1537.55,1488.35,1510.65,1466807
2024-04-15,1490.0,1519.0,1476.0,1501.6,900584
2024-04-16,1497.0,1506.0,1473.45,1482.0,1521805
2024-04-18,1500.0,1530.0,1485.95,1493.7,1182191
2024-04-19,1472.25,1516.2,1453.95,1501.7,628014
2024-04-22,1517.05,1563.6,1507.0,1550.75,1567505
2024-04-23,1553.85,1561.8,1540.0,1547.95,966466
2024-04-24,1547.95,1578.9,1547.9,1568.1,1214213
2024-04-25,1569.0,1574.9,1553.2,1560.6,1076657
2024-04-26,1568.7,1652.7,1568.25,1640.05,4166048
2024-04-29,1656.5,1660.5,1631.45,1644.45,1115405
2024-04-30,1625.5,1688.0,1625.5,1664.0,2511176
2024-05-02,1686.0,1706.85,1650.05,1667.65,2985962
2024-05-03,1678.05,1699.75,1648.55,1663.55,1770873
2024-05-06,1669.95,1694.0,1666.7,1675.2,1372662
2024-05-07,1678.0,1703.0,1662.0,1672.95,1702335
2024-05-08,1670.95,1699.0,1656.2,1691.15,1420666
2024-05-09,1692.0,1705.0,1665.75,1673.55,1304325
2024-05-10,1675.0,1695.0,1661.2,1686.75,802843
2024-05-13,1689.85,1714.9,1675.6,1702.4,1539023
2024-05-14,1703.0,1744.45,1703.0,1729.1,1980463
2024-05-15,1740.0,1757.2,1730.0,1754.15,1043231
2024-05-16,1756.0,1785.0,1752.2,1777.7,1134916
2024-05-17,1790.0,1820.0,1777.25,1813.65,1217585
2024-05-18,1810.0,1839.6,1802.05,1822.8,62562
2024-05-21,1825.0,1874.6,1822.8,1866.85,2054011
2024-05-22,1876.4,1876.4,1832.3,1842.95,1042740
2024-05-23,1839.15,1857.45,1824.0,1854.15,1157389
2024-05-24,1851.0,1925.0,1843.75,1889.85,1864447
2024-05-27,1899.0,1919.5,1870.05,1887.3,998013
2024-05-28,1890.65,1907.0,1876.15,1885.75,1180720
2024-05-29,1889.5,1909.8,1869.3,1893.55,831300
2024-05-30,1892.4,1904.8,1854.4,1860.6,1204505
2024-05-31,1872.55,1950.05,1856.1,1907.3,2634560
2024-06-03,1980.0,1985.4,1866.65,1879.3,1184715
2024-06-04,1874.0,1877.95,1711.25,1773.0,1810438
2024-06-05,1774.05,1817.0,1750.0,1792.8,1855495
2024-06-06,1810.0,1875.0,1810.0,1839.7,2087804
2024-06-07,1840.4,1861.8,1823.45,1855.35,1165761
2024-06-10,1860.0,1885.9,1846.55,1856.85,790525
2024-06-11,1860.0,1870.85,1826.0,1832.85,1206884
2024-06-12,1836.0,1849.7,1820.0,1830.25,704224
2024-06-13,1851.0,1853.05,1832.3,1838.5,1607614
2024-06-14,1864.95,1873.0,1835.3,1839.5,2791525
2024-06-18,1831.5,1853.55,1824.0,1828.2,3521095
2024-06-19,1836.2,1840.0,1807.2,1815.65,1261356
2024-06-20,1818.05,1825.9,1805.65,1818.3,1036750
2024-06-21,1832.55,1924.9,1818.05,1887.05,3596315
2024-06-24,1891.0,1935.0,1883.5,1911.85,2485454
2024-06-25,1915.0,1968.95,1911.35,1916.85,1895230
2024-06-26,1901.2,1945.35,1901.2,1918.3,1011884
2024-06-27,1915.4,1918.3,1844.4,1852.85,2145795
2024-06-28,1863.0,1869.45,1812.6,1822.4,1799112
2024-07-01,1821.55,1874.0,1817.0,1823.9,1346860
2024-07-02,1830.0,1831.95,1806.75,1814.7,1235074
2024-07-03,1814.7,1884.0,1814.7,1878.9,1890144
2024-07-04,1887.5,1908.9,1875.1,1882.6,738610
2024-07-05,1882.35,1904.25,1874.0,1893.65,474114
2024-07-08,1904.8,1904.8,1866.65,1886.2,625411
2024-07-09,1897.0,1938.9,1866.0,1921.05,1106006
2024-07-10,1934.95,1945.0,1898.4,1929.45,692263
2024-07-11,1946.0,1949.7,1915.2,1920.0,584446
2024-07-12,1920.15,1929.0,1897.85,1908.45,525200
2024-07-15,1913.0,1939.1,1881.5,1891.7,483229
2024-07-16,1896.0,1910.0,1870.0,1875.4,1213886
2024-07-18,1880.0,1915.8,1821.05,1862.65,3379348
2024-07-19,1870.0,1894.0,1765.0,1768.5,1992696
2024-07-22,1768.0,1784.95,1740.55,1768.7,1315829
2024-07-23,1772.95,1774.95,1687.55,1762.15,1604569
2024-07-24,1762.0,1799.45,1753.25,1791.75,852488
2024-07-25,1786.0,1840.0,1774.7,1826.8,1449713
2024-07-26,1846.0,1856.8,1826.05,1838.65,814890
2024-07-29,1855.0,1862.65,1832.1,1837.6,838188
2024-07-30,1837.6,1844.65,1812.0,1815.8,875642
2024-07-31,1823.0,1857.6,1819.1,1849.85,831749
2024-08-01,1857.5,1865.0,1822.45,1838.05,504762
2024-08-02,1822.0,1839.0,1807.4,1819.5,670205
2024-08-05,1765.1,1806.2,1765.1,1784.3,970438
2024-08-06,1783.0,1812.0,1781.55,1789.45,656243
2024-08-07,1805.0,1829.25,1793.45,1824.35,352266
2024-08-08,1825.0,1832.9,1781.8,1785.55,811391
2024-08-09,1803.0,1807.55,1791.0,1799.4,789272
2024-08-12,1791.0,1821.4,1790.55,1810.05,618188
2024-08-13,1815.0,1844.95,1803.8,1825.55,810978
2024-08-14,1831.0,1851.15,1808.0,1845.95,648490
2024-08-16,1871.0,1890.9,1852.5,1876.45,1620998
2024-08-19,1886.0,1897.3,1870.0,1881.85,622654
2024-08-20,1888.9,1902.55,1866.0,1889.7,964261
2024-08-21,1890.0,1925.0,1882.45,1920.55,948150
2024-08-22,1924.0,1924.0,1893.55,1895.65,767704
2024-08-23,1895.65,1908.0,1877.0,1884.65,543897
2024-08-26,1882.1,1916.35,1880.35,1912.1,580249
2024-08-27,1919.9,1957.45,1891.9,1895.2,1032266
2024-08-28,1899.0,1905.85,1878.0,1890.6,766452
2024-08-29,1893.0,1902.0,1863.55,1893.25,636198
2024-08-30,1888.0,1921.5,1888.0,1899.35,1562361
2024-09-02,1920.0,1920.0,1880.1,1885.4,663594
2024-09-03,1890.0,1910.0,1882.0,1901.95,593605
2024-09-04,1897.95,1916.0,1878.5,1901.3,573554
2024-09-05,1916.0,1916.0,1860.0,1879.45,544961
2024-09-06,1877.1,1888.45,1860.2,1872.35,788707
2024-09-09,1872.35,1900.0,1859.05,1892.4,422565
2024-09-10,1894.1,1942.0,1894.1,1922.45,1335774
2024-09-11,1925.0,1968.0,1924.95,1957.6,1175514
2024-09-12,1975.9,2000.95,1970.3,1996.4,1824365
2024-09-13,2001.0,2023.0,1974.0,1988.05,1147593
2024-09-16,1987.75,2008.95,1984.5,1989.9,324013
2024-09-17,1995.0,2009.95,1973.0,2006.55,596475
2024-09-18,2008.75,2008.75,1977.1,1987.8,427477
2024-09-19,1987.8,2002.0,1967.6,1998.6,757558
2024-09-20,2000.0,2058.85,1990.0,2048.1,1360503
2024-09-23,2057.0,2106.0,2051.0,2082.4,1311899
2024-09-24,2087.0,2087.0,2054.05,2068.15,1097815
2024-09-25,2062.0,2072.95,2034.7,2061.6,676261
2024-09-26,2061.6,2061.6,1991.85,2022.05,1227890
2024-09-27,2037.0,2037.0,2000.55,2031.3,1325848
2024-09-30,2035.0,2060.0,2007.45,2012.9,749912
2024-10-01,2020.0,2065.4,1970.55,1999.8,860908
2024-10-03,1959.0,2009.95,1919.55,1972.9,1327472
2024-10-04,1968.95,1983.55,1928.9,1934.45,1379482
2024-10-07,1944.0,1950.0,1900.95,1914.6,731944
2024-10-08,1914.0,1954.7,1910.0,1948.45,1086748
2024-10-09,1934.1,1971.8,1920.3,1928.7,1281595
2024-10-10,1941.0,1959.35,1930.3,1938.3,517804
2024-10-11,1944.45,1947.0,1928.5,1938.5,329385
2024-10-14,1939.15,1960.0,1933.35,1940.25,505739
2024-10-15,1951.9,1951.9,1921.6,1934.7,484293
2024-10-16,1934.05,1970.0,1914.95,1939.3,646184
2024-10-17,1945.0,1946.05,1785.8,1805.55,3142978
2024-10-18,1805.55,1865.0,1763.65,1849.7,2638593
2024-10-21,1855.0,1865.0,1801.7,1812.7,920339
2024-10-22,1812.7,1819.45,1761.5,1770.8,1400528
2024-10-23,1775.0,1776.75,1746.5,1749.8,1457260
2024-10-24,1758.8,1759.0,1705.05,1723.3,1229222
2024-10-25,1723.5,1730.35,1677.1,1694.95,720139
2024-10-28,1705.0,1709.65,1661.1,1668.4,694254
2024-10-29,1677.9,1683.05,1646.3,1672.2,1036926
2024-10-30,1674.0,1685.0,1650.2,1662.5,1154994
2024-10-31,1662.5,1679.1,1632.6,1638.4,1787940
2024-11-01,1655.0,1656.5,1642.7,1647.3,64766
2024-11-04,1652.9,1652.9,1606.5,1628.3,854857
2024-11-05,1625.0,1640.8,1590.0,1633.55,1191485
2024-11-06,1648.0,1684.9,1635.15,1675.15,980220
2024-11-07,1700.0,1700.05,1645.55,1666.05,944499
2024-11-08,1662.0,1671.45,1645.2,1660.65,743428
2024-11-11,1655.0,1665.55,1632.0,1641.75,511576
2024-11-12,1643.95,1655.45,1599.35,1603.4,538309
2024-11-13,1600.0,1622.0,1586.75,1614.1,723526
2024-11-14,1615.0,1637.25,1597.55,1618.85,717761
2024-11-18,1619.0,1634.3,1601.7,1619.05,458137
2024-11-19,1622.95,1663.95,1618.4,1632.7,575229
2024-11-21,1624.95,1639.45,1611.4,1636.1,739900
2024-11-22,1636.5,1676.0,1631.55,1665.8,740554
2024-11-25,1689.9,1728.0,1686.7,1708.15,2342379
2024-11-26,1708.0,1726.95,1686.9,1711.2,941525
2024-11-27,1712.3,1733.9,1692.9,1728.75,1127424
2024-11-28,1737.0,1742.4,1707.9,1717.6,886719
2024-11-29,1717.6,1727.95,1702.2,1718.0,640326
2024-12-02,1726.9,1741.35,1709.05,1739.35,512799
2024-12-03,1739.25,1760.7,1738.7,1757.2,891519
2024-12-04,1763.9,1763.9,1719.35,1732.65,603018
2024-12-05,1734.0,1750.1,1715.0,1746.7,961207
2024-12-06,1750.55,1772.0,1735.7,1738.75,698889
2024-12-09,1730.1,1737.95,1701.4,1704.7,805098
2024-12-10,1704.8,1718.95,1699.95,1709.0,1160263
2024-12-11,1713.95,1759.9,1705.95,1752.25,540835
2024-12-12,1759.95,1764.55,1737.25,1757.95,713475
2024-12-13,1764.8,1782.65,1740.4,1757.85,900553
2024-12-16,1757.85,1775.0,1756.5,1768.8,620774
2024-12-17,1768.0,1771.2,1720.0,1732.4,756251
2024-12-18,1725.0,1734.8,1690.95,1697.05,704084
2024-12-19,1684.0,1715.2,1675.15,1693.15,997730
2024-12-20,1693.15,1712.9,1650.0,1657.4,735134
2024-12-23,1668.05,1681.5,1653.4,1660.85,281353
2024-12-24,1661.0,1691.0,1655.7,1674.15,409597
2024-12-26,1673.05,1682.65,1656.7,1676.4,255748
2024-12-27,1670.55,1689.65,1646.15,1649.9,548906
2024-12-30,1646.25,1663.0,1633.4,1650.9,2215585
2024-12-31,1649.0,1686.45,1647.0,1675.1,614282
2025-01-01,1676.6,1686.0,1666.55,1680.1,353971
2025-01-02,1683.9,1705.0,1669.55,1701.4,707455
2025-01-03,1715.0,1721.2,1690.3,1700.0,482170
2025-01-06,1701.0,1704.7,1639.15,1646.15,442325
2025-01-07,1647.5,1665.9,1626.4,1636.05,527750
2025-01-08,1635.55,1649.2,1613.55,1643.7,704620
2025-01-09,1643.7,1648.5,1616.05,1630.2,1034497
2025-01-10,1630.2,1643.7,1591.0,1600.25,936502
2025-01-13,1580.2,1588.95,1521.25,1532.05,1242457
2025-01-14,1535.0,1555.55,1507.6,1525.0,2260391
2025-01-15,1529.0,1539.2,1506.7,1526.95,1668330
2025-01-16,1534.85,1571.95,1525.15,1558.25,1557265
2025-01-17,1539.95,1616.25,1534.0,1574.2,4102106
2025-01-20,1600.0,1624.95,1576.0,1601.1,1349467
2025-01-21,1609.0,1615.0,1571.0,1576.55,1195387
2025-01-22,1574.95,1576.5,1535.55,1553.65,820772
2025-01-23,1548.1,1605.0,1538.7,1595.3,872416
2025-01-24,1595.3,1605.95,1517.55,1523.2,999025
2025-01-27,1520.3,1523.2,1491.5,1505.8,912320
2025-01-28,1507.2,1518.0,1481.45,1492.75,612261
2025-01-29,1492.0,1531.65,1483.9,1528.2,569570
2025-01-30,1535.0,1550.25,1521.95,1544.0,597904
2025-01-31,1545.0,1569.4,1528.15,1566.2,632351
2025-02-01,1574.4,1669.95,1540.9,1656.2,1523321
2025-02-03,1645.0,1712.85,1635.15,1660.15,1872505
2025-02-04,1673.0,1675.25,1619.45,1626.35,492523
2025-02-05,1626.35,1645.0,1605.15,1607.9,606325
2025-02-06,1608.8,1617.0,1596.15,1602.7,288020
2025-02-07,1607.7,1625.0,1596.75,1614.1,422760
2025-02-10,1617.0,1630.0,1585.9,1597.9,533472
2025-02-11,1597.1,1599.9,1535.05,1548.55,566945
2025-02-12,1550.55,1550.6,1509.35,1528.95,289847
2025-02-13,1528.9,1550.0,1508.0,1522.55,598449
2025-02-14,1522.0,1557.1,1490.0,1498.25,896376
2025-02-17,1495.0,1535.35,1475.05,1532.55,473270
2025-02-18,1527.3,1534.95,1493.9,1510.95,773114
2025-02-19,1510.95,1521.0,1496.2,1515.65,904580
2025-02-20,1508.05,1535.0,1488.25,1528.55,941417
2025-02-21,1527.8,1545.0,1498.45,1520.3,393223
2025-02-24,1509.95,1527.3,1492.3,1522.85,570593
2025-02-25,1529.25,1552.65,1510.0,1547.9,550271
2025-02-27,1472.0,1476.0,1402.2,1451.25,6037735
2025-02-28,1438.0,1463.95,1403.1,1421.8,1845171
2025-03-03,1438.0,1443.0,1381.3,1429.3,1035355
2025-03-04,1405.0,1428.4,1394.15,1407.1,710232
2025-03-05,1409.95,1457.95,1406.75,1443.2,768353
2025-03-06,1457.0,1478.1,1446.0,1450.75,1036317
2025-03-07,1450.75,1469.5,1441.05,1460.55,527443
2025-03-10,1470.0,1498.15,1463.95,1469.1,1125377
2025-03-11,1459.1,1477.0,1448.3,1470.05,494941
2025-03-12,1476.0,1486.4,1452.1,1480.05,722230
2025-03-13,1490.05,1493.45,1449.55,1458.65,964862
2025-03-17,1450.0,1466.65,1435.0,1462.15,723248
2025-03-18,1464.9,1525.0,1463.7,1518.1,878703
2025-03-19,1519.9,1567.05,1513.55,1557.95,1120632
2025-03-20,1520.0,1520.0,1471.05,1501.35,3969488
2025-03-21,1501.35,1510.85,1476.0,1480.8,2203224
2025-03-24,1490.0,1494.9,1474.5,1483.2,1347968
2025-03-25,1485.9,1495.3,1470.3,1477.25,1302829
2025-03-26,1472.5,1504.55,1470.5,1493.0,1027318
2025-03-27,1484.75,1528.5,1479.5,1515.35,1077299
2025-03-28,1520.9,1543.6,1513.55,1528.9,751781
2025-04-01,1515.0,1517.8,1488.85,1501.3,723671
2025-04-02,1504.75,1519.55,1484.15,1510.45,802612
2025-04-03,1485.1,1528.0,1485.1,1518.7,452802
2025-04-04,1505.0,1516.1,1456.05,1469.25,753027
2025-04-07,1397.0,1461.5,1389.5,1456.1,857804
2025-04-08,1456.1,1474.45,1447.5,1463.15,1232475
2025-04-09,1466.0,1479.1,1451.0,1469.7,441153
2025-04-11,1458.05,1537.7,1458.05,1532.85,1019197
2025-04-15,1529.1,1577.6,1499.5,1571.7,1878333
2025-04-16,1576.0,1626.0,1563.2,1613.9,1102376
2025-04-17,1613.6,1646.8,1609.0,1638.5,1468556
2025-04-21,1640.0,1662.3,1631.0,1647.2,917439
2025-04-22,1657.2,1673.8,1644.7,1664.7,926695
2025-04-23,1640.0,1640.0,1583.4,1612.0,4912430
2025-04-24,1623.0,1623.0,1586.0,1604.6,1594861
2025-04-25,1613.0,1618.7,1573.3,1599.8,2010475
2025-04-28,1599.8,1615.0,1590.8,1609.6,770118
2025-04-29,1610.6,1633.0,1610.6,1622.8,895483
2025-04-30,1618.2,1621.1,1593.8,1601.0,911924
2025-05-02,1586.0,1596.2,1556.6,1567.0,1492921
2025-05-05,1571.9,1590.0,1568.2,1582.3,672439
2025-05-06,1585.0,1592.0,1576.0,1580.4,723699
2025-05-07,1558.0,1589.3,1555.5,1579.1,343957
2025-05-08,1578.1,1584.6,1526.5,1537.2,801061
2025-05-09,1513.1,1551.7,1513.1,1548.3,743978
2025-05-12,1576.6,1585.0,1565.2,1583.1,570891
2025-05-13,1584.0,1599.7,1575.0,1593.9,735186
2025-05-14,1599.7,1605.0,1588.1,1598.2,723943
2025-05-15,1605.0,1623.7,1579.1,1593.2,963117
2025-05-16,1600.0,1600.4,1569.0,1577.4,1795856
2025-05-19,1588.0,1600.8,1575.9,1585.0,1325871
2025-05-20,1594.4,1594.4,1555.2,1559.8,1597769
2025-05-21,1568.0,1591.0,1559.0,1577.2,662434
2025-05-22,1577.2,1584.7,1556.1,1566.4,619942
2025-05-23,1567.0,1585.0,1558.0,1573.6,701082
2025-05-26,1588.8,1589.3,1565.1,1567.4,566200
2025-05-27,1570.0,1576.3,1558.0,1572.8,787007
2025-05-28,1572.8,1575.0,1542.0,1548.8,1504866
2025-05-29,1555.0,1558.7,1544.4,1550.7,282508
2025-05-30,1550.4,1556.9,1522.6,1527.0,1067726
2025-06-02,1529.7,1533.8,1511.0,1514.8,543472
2025-06-03,1521.0,1524.8,1498.5,1502.3,1180380
2025-06-04,1502.2,1505.0,1492.0,1500.0,656425
2025-06-05,1505.5,1507.7,1482.0,1488.0,1934068
2025-06-06,1495.0,1526.0,1491.0,1523.2,707150
2025-06-09,1536.0,1548.0,1527.0,1543.8,616827
2025-06-10,1552.0,1583.7,1531.0,1569.6,1021695
2025-06-11,1577.0,1582.2,1570.0,1579.1,656673
2025-06-12,1579.2,1582.8,1553.0,1556.8,819293
2025-06-13,1485.3,1546.3,1485.3,1541.1,711058
2025-06-16,1535.5,1560.0,1526.2,1553.1,428063
2025-06-17,1553.3,1569.3,1524.4,1528.6,870615
2025-06-18,1528.6,1546.8,1528.3,1535.7,253794
2025-06-19,1543.3,1544.0,1515.6,1518.3,329625
2025-06-20,1520.9,1539.3,1510.9,1533.5,1032126
2025-06-23,1532.0,1571.6,1530.0,1563.1,661255
2025-06-24,1570.8,1589.0,1552.1,1573.3,1138399
2025-06-25,1576.4,1599.0,1566.6,1569.3,1082601
2025-06-26,1572.0,1586.7,1551.9,1574.0,1376736
2025-06-27,1575.1,1594.0,1559.6,1566.8,1884791
2025-06-30,1572.3,1576.6,1536.1,1551.1,1565123
2025-07-01,1552.0,1564.0,1540.9,1547.9,662726
2025-07-02,1548.0,1552.0,1535.4,1550.5,580598
2025-07-03,1554.0,1591.4,1545.2,1572.6,1087139
2025-07-04,1575.9,1592.0,1564.0,1577.6,639702
2025-07-07,1581.7,1593.5,1526.6,1537.6,1114712
2025-07-08,1541.0,1541.6,1514.0,1532.1,890061
2025-07-09,1534.0,1537.9,1511.1,1523.7,888113
2025-07-10,1519.9,1531.9,1513.0,1529.7,736380
2025-07-11,1535.0,1535.5,1519.5,1527.8,1687155
2025-07-14,1521.5,1534.7,1513.0,1526.4,981425
2025-07-15,1523.0,1541.0,1522.6,1538.0,705444
2025-07-17,1525.0,1537.0,1522.3,1532.6,1502245
2025-07-18,1536.0,1547.5,1515.0,1518.5,1342857
2025-07-21,1515.0,1537.0,1511.6,1531.6,847973
2025-07-22,1555.0,1583.6,1515.1,1578.6,5086878
2025-07-23,1583.0,1583.5,1547.9,1572.7,1664830
2025-07-24,1572.7,1574.2,1545.6,1552.2,935752
2025-07-25,1552.2,1553.5,1518.4,1523.6,942201
2025-07-28,1523.9,1534.4,1493.4,1507.8,756595
2025-07-29,1507.1,1517.0,1491.3,1510.3,728746
2025-07-30,1512.9,1532.4,1506.0,1528.0,704672
2025-07-31,1510.0,1535.0,1496.7,1500.6,705250
2025-08-01,1500.6,1501.4,1476.0,1482.6,721140
2025-08-04,1482.6,1511.8,1472.2,1508.6,418757
2025-08-05,1508.6,1516.4,1495.0,1502.8,494352
2025-08-06,1502.0,1507.5,1477.4,1488.7,881779
2025-08-07,1479.9,1503.7,1472.8,1494.7,822755
2025-08-08,1504.7,1506.8,1484.1,1491.6,716786
2025-08-11,1490.0,1490.0,1451.4,1474.2,1445173
2025-08-12,1480.4,1482.0,1452.5,1464.8,1076222
2025-08-13,1468.0,1477.4,1459.0,1465.9,557221
2025-08-14,1467.4,1494.9,1463.1,1479.2,861774
2025-08-18,1525.0,1582.0,1524.6,1552.6,1496208
2025-08-19,1552.4,1573.0,1542.2,1570.0,604629
2025-08-20,1560.5,1574.9,1560.0,1567.9,643628
2025-08-21,1573.0,1573.0,1550.6,1553.6,442684
2025-08-22,1553.0,1561.8,1546.0,1556.0,457314
2025-08-25,1560.0,1571.1,1551.4,1562.0,586960
2025-08-26,1555.0,1557.5,1508.9,1517.9,4779697
2025-08-28,1514.5,1528.0,1512.2,1519.4,655530
2025-08-29,1512.0,1538.3,1512.0,1525.6,1112664
2025-09-01,1526.1,1577.1,1516.5,1574.2,897681
2025-09-02,1576.9,1605.0,1575.3,1582.8,1448767
2025-09-03,1582.0,1598.8,1562.8,1566.1,795321
2025-09-04,1593.0,1597.2,1573.9,1584.7,937677
2025-09-05,1584.7,1589.8,1564.2,1582.5,463270
2025-09-08,1582.0,1596.5,1573.4,1579.2,606915
2025-09-09,1584.0,1591.0,1564.2,1587.1,417622
2025-09-10,1587.9,1599.0,1571.0,1575.4,458241
2025-09-11,1580.0,1582.9,1565.0,1574.4,580706
2025-09-12,1574.0,1577.5,1567.2,1572.6,428195
2025-09-15,1584.0,1601.0,1575.4,1595.2,506002
2025-09-16,1602.0,1618.9,1594.7,1614.8,833915
2025-09-17,1620.0,1621.1,1592.0,1593.5,719829
2025-09-18,1595.9,1599.2,1583.6,1594.3,940785
2025-09-19,1600.0,1610.0,1586.5,1590.8,551120
2025-09-22,1588.9,1599.6,1578.0,1581.3,396646
2025-09-23,1581.3,1585.4,1565.0,1572.3,436090
2025-09-24,1569.8,1571.6,1540.8,1544.5,732959
2025-09-25,1541.4,1558.8,1534.1,1539.6,727426
2025-09-26,1534.0,1538.7,1501.0,1507.4,953494
2025-09-29,1506.0,1520.9,1496.0,1505.2,794772
2025-09-30,1505.2,1514.0,1495.0,1502.0,853021
2025-10-01,1502.0,1510.8,1483.2,1485.2,786430
2025-10-03,1480.0,1491.4,1472.0,1488.1,1019221
2025-10-06,1490.9,1501.0,1485.2,1497.7,499550
2025-10-07,1500.0,1508.2,1497.7,1502.3,615736
2025-10-08,1497.1,1509.0,1484.1,1503.5,416913
2025-10-09,1505.0,1509.0,1480.7,1485.8,561521
2025-10-10,1481.2,1520.0,1480.2,1495.9,817076
2025-10-13,1495.5,1495.9,1458.7,1473.1,720965
2025-10-14,1479.0,1479.0,1440.8,1449.1,1392203
2025-10-15,1455.0,1468.3,1448.5,1464.2,794127
2025-10-16,1464.6,1480.0,1454.5,1475.8,1288100
2025-10-17,1476.9,1496.4,1469.0,1491.5,905801
2025-10-20,1480.0,1494.0,1439.7,1485.4,1277994
2025-10-21,1485.9,1491.9,1480.0,1484.1,72699
2025-10-23,1480.0,1513.2,1474.2,1496.4,1050285
2025-10-24,1501.8,1512.0,1491.4,1494.9,1009492
2025-10-27,1494.8,1494.8,1482.1,1492.6,589156
2025-10-28,1487.0,1489.7,1471.1,1480.6,954761
2025-10-29,1491.0,1513.0,1484.2,1509.4,625897
2025-10-30,1513.9,1516.6,1500.3,1506.3,644881
2025-10-31,1510.0,1510.1,1487.6,1493.9,1154138
2025-11-03,1493.9,1499.9,1482.1,1497.3,349232
2025-11-04,1490.1,1497.3,1479.0,1486.4,776103
2025-11-06,1475.1,1485.1,1439.2,1442.3,1209100
2025-11-07,1444.0,1466.5,1431.3,1448.5,586545
2025-11-10,1452.0,1467.2,1432.0,1457.7,944575
2025-11-11,1456.0,1457.0,1429.5,1443.6,613786
2025-11-12,1449.2,1461.1,1445.2,1458.0,430648
2025-11-13,1458.0,1471.5,1453.9,1466.1,392270
2025-11-14,1463.2,1473.0,1453.6,1469.4,247053
2025-11-17,1470.1,1484.5,1466.2,1480.4,545878
2025-11-18,1474.1,1477.8,1456.0,1468.0,708532
2025-11-19,1465.0,1466.2,1438.3,1440.4,1021976
2025-11-20,1445.0,1453.3,1438.8,1448.5,650084
2025-11-21,1447.0,1448.0,1430.0,1441.1,978674
2025-11-24,1440.8,1446.8,1415.4,1424.6,1766273
2025-11-25,1425.0,1429.1,1412.0,1419.4,773716
2025-11-26,1423.0,1443.0,1418.0,1439.8,609827
2025-11-27,1443.0,1444.0,1427.1,1434.6,578302
2025-11-28,1436.0,1445.5,1425.0,1441.9,574515
2025-12-01,1449.0,1452.1,1431.2,1435.3,418134
2025-12-02,1435.3,1437.3,1418.1,1422.5,529711
2025-12-03,1424.9,1426.1,1410.0,1420.6,501288
2025-12-04,1416.0,1435.6,1416.0,1433.5,360610
2025-12-05,1431.1,1438.8,1420.0,1436.5,440018
2025-12-08,1432.0,1437.0,1400.1,1407.3,642925
2025-12-09,1396.0,1422.8,1391.0,1419.8,730475
2025-12-10,1419.8,1423.8,1380.0,1389.9,806272
2025-12-11,1393.0,1406.0,1385.2,1402.4,707388
2025-12-12,1402.6,1413.1,1400.2,1409.6,430872
2025-12-15,1410.0,1415.9,1398.4,1412.3,732814
2025-12-16,1410.0,1425.0,1405.8,1412.0,298684
2025-12-17,1410.3,1411.2,1390.3,1397.0,348931
2025-12-18,1395.0,1411.9,1389.2,1401.2,223572
2025-12-19,1401.1,1418.9,1399.0,1416.9,705789
2025-12-22,1424.0,1447.5,1417.1,1431.2,479639
2025-12-23,1433.0,1436.6,1423.0,1426.8,274659
2025-12-24,1426.0,1436.4,1420.1,1424.4,661762
2025-12-26,1430.0,1435.8,1415.1,1418.2,217465
2025-12-29,1424.0,1428.0,1410.5,1415.2,235094
2025-12-30,1415.2,1420.9,1405.0,1413.0,466114
2025-12-31,1413.0,1430.0,1410.8,1424.9,217229
2026-01-01,1430.6,1432.9,1413.8,1417.5,320747
2026-01-02,1424.5,1445.6,1417.7,1439.9,256390
2026-01-05,1440.0,1462.2,1431.1,1453.5,451408
2026-01-06,1458.0,1506.0,1444.0,1503.9,1343931
2026-01-07,1503.9,1512.8,1485.0,1494.0,414728
2026-01-08,1496.5,1499.0,1469.5,1483.7,761222
2026-01-09,1479.2,1514.7,1461.2,1465.5,1296863
2026-01-12,1461.0,1463.2,1437.9,1450.4,1832938
2026-01-13,1453.0,1457.0,1420.0,1428.2,684181
2026-01-14,1420.0,1448.3,1418.1,1437.1,788769
2026-01-16,1437.0,1447.4,1420.0,1426.1,406281
2026-01-19,1426.5,1454.0,1420.2,1439.8,1332643
2026-01-20,1426.0,1454.5,1337.2,1344.8,4143024
2026-01-21,1340.0,1348.6,1294.3,1316.0,2232518
2026-01-22,1325.0,1355.0,1306.6,1311.8,808021
2026-01-23,1324.0,1324.0,1280.0,1287.0,783770
2026-01-27,1289.0,1294.8,1263.4,1288.9,1086332
2026-01-28,1290.0,1296.6,1281.0,1286.8,802524
2026-01-29,1285.0,1286.8,1257.9,1273.9,1124235
2026-01-30,1266.1,1291.8,1258.6,1285.0,2002060
2026-02-01,1293.8,1298.2,1263.0,1277.5,317741
2026-02-02,1275.0,1282.8,1250.1,1278.5,823663
2026-02-03,1309.0,1335.1,1305.4,1318.0,1080071
2026-02-04,1324.0,1358.9,1307.0,1344.2,410223
2026-02-05,1349.8,1352.9,1332.0,1350.2,392787
2026-02-06,1350.9,1357.5,1326.1,1355.0,417229
2026-02-09,1358.0,1380.8,1346.0,1369.5,480977
2026-02-10,1379.1,1379.4,1369.9,1374.2,13807
2026-02-11,1374.1,1378.8,1367.0,1376.8,20013
2026-02-11,1374.1,1388.8,1365.0,1380.0,471542
2026-02-12,1379.0,1405.0,1371.8,1400.5,568421
2026-02-13,1391.1,1419.0,1378.4,1404.0,774193
2026-02-16,1404.0,1428.5,1396.2,1420.7,369629
2026-02-17,1417.1,1438.7,1413.9,1434.4,305464
2026-02-18,1437.5,1442.3,1425.0,1434.8,388023
2026-02-19,1434.0,1438.9,1392.3,1396.1,270597
2026-02-20,1399.0,1416.4,1396.3,1412.9,543595
2026-02-23,1420.0,1423.9,1402.0,1412.8,221863
2026-02-24,1410.0,1417.8,1392.6,1403.8,273019
2026-02-25,1411.2,1420.6,1395.5,1417.6,1008679
2026-02-26,1417.6,1426.0,1403.1,1413.7,312149
2026-02-27,1414.9,1417.0,1390.1,1397.1,1498208
2026-03-02,1360.0,1383.6,1333.7,1354.0,861596
2026-03-04,1332.0,1340.0,1314.1,1318.7,932884
2026-03-05,1334.0,1359.3,1327.2,1352.5,320753
2026-03-06,1352.5,1365.0,1340.3,1349.2,489820
2026-03-09,1336.9,1336.9,1301.4,1331.4,872333
2026-03-10,1348.0,1382.4,1338.4,1358.0,1530785
2026-03-11,1363.0,1404.6,1359.8,1365.5,755141
2026-03-12,1355.2,1364.6,1334.5,1354.0,853612
2026-03-13,1340.9,1353.2,1303.5,1310.2,1599343
2026-03-16,1310.0,1316.9,1273.0,1297.3,963287
2026-03-18,1317.8,1349.2,1311.3,1338.0,1047368
2026-03-19,1323.8,1335.8,1290.0,1294.3,506987
2026-03-20,1301.1,1314.6,1278.0,1281.2,811006
2026-03-23,1270.0,1271.9,1217.2,1231.0,835568
2026-03-24,1249.4,1261.0,1221.0,1234.2,561103
2026-03-25,1251.2,1300.0,1240.6,1268.4,1256831
2026-03-27,1268.4,1274.9,1226.3,1231.6,5656981
2026-04-24,1262.0,1267.4,1233.0,1236.5,1732259
2026-04-27,1248.0,1281.5,1243.1,1274.1,2461604
2026-04-28,1273.1,1281.2,1263.0,1272.2,1435828
2026-04-29,1278.0,1290.3,1249.2,1252.5,1553192
2026-04-30,1252.0,1252.0,1233.0,1240.6,1559906
2026-05-04,1241.1,1264.0,1238.1,1256.6,769063
2026-05-05,1254.0,1254.0,1231.0,1239.6,895097
2026-05-06,1251.0,1259.8,1241.2,1257.3,857286
2026-05-07,1260.0,1276.7,1254.1,1268.9,998450
2026-05-08,1268.9,1274.7,1252.0,1255.2,606893
2026-05-11,1248.2,1249.0,1226.6,1230.0,617476
2026-05-12,1225.5,1231.6,1187.4,1190.9,969615
2026-05-13,1190.5,1204.0,1183.2,1199.2,638992
2026-05-14,1205.0,1214.8,1186.0,1210.8,510878
2026-05-15,1210.5,1217.8,1202.6,1209.6,599340
2026-05-18,1206.0,1206.0,1176.3,1194.8,943013
2026-05-19,1199.9,1218.2,1195.0,1207.2,502340
2026-05-20,1200.0,1213.0,1190.5,1207.8,648009
2026-05-21,1209.9,1216.9,1200.3,1209.7,853872
2026-05-22,1217.4,1217.4,1198.0,1200.9,581336
2026-05-25,1209.9,1214.8,1200.8,1203.8,375805
2026-05-26,1205.4,1205.8,1193.9,1201.0,475276
2026-05-27,1203.0,1219.4,1201.6,1211.0,1246990
2026-05-29,1214.4,1215.9,1166.0,1176.8,4333519
