date,open,high,low,close,volume
2002-01-01,4.02,4.05,3.9,3.92,8830
2002-01-02,3.98,3.98,3.85,3.88,2956
2002-01-03,3.9,3.98,3.9,3.96,1935
2002-01-04,3.91,4.03,3.9,3.93,4280
2002-01-07,3.86,4.2,3.86,4.09,4173
2002-01-08,4.07,4.12,4.0,4.01,3600
2002-01-09,3.97,4.03,3.89,3.91,3380
2002-01-10,3.95,3.97,3.86,3.91,3450
2002-01-11,3.95,3.95,3.81,3.85,5554
2002-01-14,4.0,4.05,3.95,4.03,5024
2002-01-15,4.02,4.07,3.98,4.01,5634
2002-01-16,4.05,4.05,3.98,4.01,4711
2002-01-17,4.0,4.1,3.95,4.03,5644
2002-01-18,3.97,4.08,3.95,3.97,4128
2002-01-21,4.08,4.08,4.01,4.05,1997
2002-01-22,4.08,4.08,3.95,3.99,4989
2002-01-23,4.03,4.04,3.95,3.97,3615
2002-01-24,4.0,4.05,3.98,3.99,2265
2002-01-25,4.0,4.22,3.98,4.18,11557
2002-01-28,4.2,4.34,4.18,4.2,7692
2002-01-29,4.23,4.3,4.23,4.27,7545
2002-01-30,4.23,4.29,4.22,4.26,6390
2002-01-31,4.53,4.73,4.35,4.39,22588
2002-02-01,4.5,4.55,4.38,4.42,19141
2002-02-04,4.48,4.51,4.44,4.47,10356
2002-02-05,4.43,4.45,4.4,4.44,5484
2002-02-06,4.5,4.55,4.45,4.51,12912
2002-02-07,4.5,4.57,4.41,4.52,13826
2002-02-08,4.55,4.71,4.51,4.67,20938
2002-02-11,4.75,4.8,4.66,4.68,13255
2002-02-12,4.75,4.75,4.61,4.64,10192
2002-02-13,4.64,4.69,4.6,4.65,11881
2002-02-14,4.7,4.73,4.68,4.68,9789
2002-02-15,4.58,4.77,4.58,4.75,13135
2002-02-18,4.8,4.96,4.8,4.83,20998
2002-02-19,4.8,4.85,4.67,4.72,15145
2002-02-20,4.68,4.74,4.66,4.69,6165
2002-02-21,4.78,5.03,4.75,4.93,49464
2002-02-22,5.05,5.05,4.81,4.93,11010
2002-02-25,5.0,5.23,4.95,5.1,46257
2002-02-26,5.2,5.25,5.1,5.14,32474
2002-02-27,5.25,5.25,5.01,5.14,37839
2002-02-28,5.15,5.15,4.4,4.53,32959
2002-03-01,4.5,4.75,4.5,4.72,15139
2002-03-04,5.12,5.12,4.85,5.06,26902
2002-03-05,5.11,5.2,5.0,5.01,16031
2002-03-06,4.91,5.03,4.91,5.0,14513
2002-03-07,4.95,5.03,4.95,4.98,21269
2002-03-08,5.0,5.15,4.93,4.93,20122
2002-03-11,5.05,5.05,4.8,4.81,6241
2002-03-12,4.95,4.95,4.71,4.75,12180
2002-03-13,4.65,4.8,4.61,4.77,7321
2002-03-14,4.7,4.83,4.7,4.75,6335
2002-03-15,4.78,4.88,4.75,4.83,7415
2002-03-18,4.84,4.95,4.8,4.81,7860
2002-03-19,4.83,4.87,4.75,4.77,9956
2002-03-20,4.75,4.75,4.68,4.72,5480
2002-03-21,5.0,5.0,4.7,4.72,4876
2002-03-22,4.68,4.74,4.66,4.68,5424
2002-03-26,4.64,4.68,4.56,4.6,5721
2002-03-27,4.58,4.65,4.58,4.62,3265
2002-03-28,4.6,4.71,4.6,4.66,5075
2002-04-01,4.65,4.79,4.64,4.72,4711
2002-04-02,4.7,4.7,4.63,4.66,2905
2002-04-03,4.65,4.65,4.57,4.65,5170
2002-04-04,4.7,4.9,4.7,4.82,10443
2002-04-05,4.8,5.06,4.8,4.98,23024
2002-04-08,5.05,5.48,5.05,5.39,67893
2002-04-09,5.5,5.58,5.25,5.28,41503
2002-04-10,5.34,5.55,5.18,5.43,50311
2002-04-11,5.45,5.87,5.45,5.8,77523
2002-04-12,5.75,6.58,5.75,6.5,141485
2002-04-15,6.62,6.73,6.21,6.4,76113
2002-04-16,6.42,6.43,6.08,6.18,25498
2002-04-17,6.25,6.4,6.1,6.13,18179
2002-04-18,6.23,6.24,5.96,6.0,11445
2002-04-19,6.01,6.14,5.9,5.94,18385
2002-04-22,6.0,6.33,5.95,6.2,20833
2002-04-23,6.35,6.35,6.05,6.08,23294
2002-04-24,6.15,6.35,6.1,6.22,17745
2002-04-25,6.25,6.3,6.08,6.12,14256
2002-04-26,6.13,6.21,6.05,6.1,6089
2002-04-29,6.19,6.19,6.0,6.01,5326
2002-04-30,5.95,6.14,5.91,5.96,9074
2002-05-02,6.2,6.22,5.95,6.05,4795
2002-05-03,6.0,6.15,5.93,6.11,6915
2002-05-06,6.3,6.45,6.26,6.32,25824
2002-05-07,6.44,6.44,6.3,6.33,13300
2002-05-08,6.3,6.35,6.21,6.23,11960
2002-05-09,6.35,6.35,6.12,6.19,5098
2002-05-10,6.2,6.2,6.1,6.11,3562
2002-05-13,6.25,6.25,6.06,6.07,6138
2002-05-14,6.01,6.07,5.97,5.98,2812
2002-05-15,5.95,5.98,5.82,5.86,4529
2002-05-16,5.66,5.8,5.6,5.76,6491
2002-05-17,5.75,6.26,5.62,5.89,35284
2002-05-20,6.24,6.24,5.15,5.31,15105
2002-05-21,5.06,5.14,4.91,5.02,17252
2002-05-22,5.08,5.24,4.99,5.03,8708
2002-05-23,4.86,5.15,4.7,4.75,21141
2002-05-24,5.0,5.3,4.95,5.25,22429
2002-05-27,5.31,5.37,5.2,5.34,11130
2002-05-28,5.16,5.22,5.01,5.06,5552
2002-05-29,5.2,5.97,5.2,5.87,61725
2002-05-30,5.95,6.25,5.46,5.54,47349
2002-05-31,5.64,5.64,5.5,5.57,10510
2002-06-03,5.77,6.25,5.77,6.17,65481
2002-06-04,6.25,6.43,6.1,6.16,46971
2002-06-05,6.29,6.35,6.17,6.29,20616
2002-06-06,6.4,6.4,6.05,6.26,17611
2002-06-07,6.2,6.36,6.0,6.3,33461
2002-06-10,6.4,6.72,6.4,6.51,85214
2002-06-11,6.7,6.9,6.53,6.71,134702
2002-06-12,6.95,6.95,6.35,6.44,98153
2002-06-13,6.63,6.7,6.45,6.48,45476
2002-06-14,6.6,6.6,6.36,6.37,26845
2002-06-17,7.0,7.0,6.4,6.43,17840
2002-06-18,6.5,6.6,6.39,6.4,26077
2002-06-19,6.45,6.63,6.3,6.56,26117
2002-06-20,6.58,6.63,6.42,6.56,15837
2002-06-21,6.64,6.64,6.35,6.4,5800
2002-06-24,6.29,6.45,6.25,6.29,6208
2002-06-25,6.26,6.55,6.2,6.5,12839
2002-06-26,6.36,6.48,6.33,6.36,10125
2002-06-27,6.35,6.47,6.28,6.42,4430
2002-06-28,6.42,6.55,6.38,6.42,10587
2002-07-01,5.55,6.47,5.55,6.34,6722
2002-07-02,6.41,6.75,6.41,6.57,51324
2002-07-03,6.65,6.74,6.58,6.69,35745
2002-07-04,6.7,7.35,6.7,7.22,151720
2002-07-05,7.35,7.48,7.1,7.15,72741
2002-07-08,7.2,7.25,6.81,6.95,32240
2002-07-09,7.0,7.0,6.91,6.93,17023
2002-07-10,6.83,7.34,6.83,7.1,60822
2002-07-11,7.24,7.3,7.06,7.14,45690
2002-07-12,7.25,7.35,7.16,7.23,62881
2002-07-15,7.35,7.49,7.05,7.18,30938
2002-07-16,7.2,7.33,7.01,7.08,26117
2002-07-17,6.99,7.12,6.93,6.96,18146
2002-07-18,7.45,7.5,6.93,7.13,15861
2002-07-19,7.3,7.51,7.19,7.28,106758
2002-07-22,7.37,7.6,7.05,7.15,115363
2002-07-23,6.8,7.65,6.8,7.54,89254
2002-07-24,7.05,7.6,7.05,7.3,38393
2002-07-25,7.55,7.57,7.2,7.25,25911
2002-07-26,7.1,7.22,6.91,6.97,24819
2002-07-29,7.01,7.1,6.51,6.65,21978
2002-07-30,6.76,6.85,6.35,6.54,18914
2002-07-31,6.4,6.66,6.2,6.52,26582
2002-08-01,6.55,6.73,6.46,6.52,15841
2002-08-02,6.54,6.58,6.32,6.5,13720
2002-08-05,6.6,6.63,6.41,6.48,47017
2002-08-06,6.45,6.56,6.37,6.4,21991
2002-08-07,6.5,6.62,6.49,6.54,31195
2002-08-08,6.51,6.58,6.33,6.4,20516
2002-08-09,6.4,6.43,6.26,6.33,15837
2002-08-12,6.35,6.48,6.31,6.43,5778
2002-08-13,6.48,6.73,6.45,6.69,15183
2002-08-14,6.75,6.85,6.65,6.74,17651
2002-08-16,6.8,6.9,6.75,6.76,5756
2002-08-19,6.65,6.75,6.65,6.71,3502
2002-08-20,6.7,6.82,6.68,6.81,17778
2002-08-21,6.48,6.58,6.48,6.5,6852
2002-08-22,6.59,6.59,6.45,6.48,5213
2002-08-23,6.45,6.5,6.43,6.44,5002
2002-08-26,6.5,6.5,6.4,6.46,5801
2002-08-27,6.5,6.5,6.4,6.41,3092
2002-08-28,5.75,6.55,5.75,6.47,8133
2002-08-29,6.44,6.45,6.4,6.43,1716
2002-08-30,6.44,6.5,6.42,6.48,2640
2002-09-02,6.43,6.58,6.43,6.51,5944
2002-09-03,6.57,6.75,6.46,6.5,12878
2002-09-04,6.45,6.52,6.43,6.5,2717
2002-09-05,6.49,6.55,6.46,6.49,2517
2002-09-06,6.42,6.51,6.37,6.41,5132
2002-09-09,6.35,6.4,6.14,6.29,3588
2002-09-11,6.29,6.3,6.17,6.22,3125
2002-09-12,6.33,6.33,6.14,6.15,4648
2002-09-13,6.16,6.19,6.11,6.16,6542
2002-09-16,6.2,6.25,5.8,5.9,23425
2002-09-17,5.87,6.05,5.85,5.97,6278
2002-09-18,5.95,5.98,5.88,5.9,1755
2002-09-19,5.9,5.94,5.79,5.89,2810
2002-09-20,5.57,5.93,5.56,5.89,2103
2002-09-23,5.9,6.1,5.9,6.01,2400
2002-09-24,6.0,6.0,5.8,5.84,8015
2002-09-25,5.56,5.76,5.56,5.58,7306
2002-09-26,5.58,5.99,5.58,5.7,8947
2002-09-27,5.7,5.75,5.7,5.73,3143
2002-09-30,5.89,5.9,5.76,5.77,7736
2002-10-01,5.73,5.8,5.64,5.75,6385
2002-10-03,5.94,5.98,5.85,5.91,7308
2002-10-04,5.88,6.1,5.85,6.01,5030
2002-10-07,6.11,6.34,6.0,6.26,8456
2002-10-08,6.24,6.29,6.18,6.19,3802
2002-10-09,6.18,6.3,6.15,6.25,9004
2002-10-10,6.16,6.23,6.15,6.22,4896
2002-10-11,6.9,6.9,6.21,6.25,5867
2002-10-14,6.23,6.35,6.23,6.29,4396
2002-10-16,6.26,6.5,6.26,6.42,10939
2002-10-17,6.42,6.59,6.32,6.5,7809
2002-10-18,6.55,6.78,6.53,6.73,10032
2002-10-21,6.7,6.93,6.68,6.82,24589
2002-10-22,6.73,6.8,6.56,6.62,11074
2002-10-23,6.63,6.75,6.62,6.64,8845
2002-10-24,6.74,6.87,6.56,6.83,34543
2002-10-25,6.95,7.2,6.9,6.96,50918
2002-10-28,6.93,7.0,6.83,6.86,12701
2002-10-29,7.0,7.15,6.95,6.99,22467
2002-10-30,7.02,7.05,6.73,6.79,37812
2002-10-31,6.75,6.9,6.75,6.81,10766
2002-11-01,6.81,6.87,6.78,6.84,5347
2002-11-04,6.83,6.99,6.83,6.91,3628
2002-11-05,6.81,6.96,6.81,6.89,3365
2002-11-07,6.76,6.96,6.76,6.87,5715
2002-11-08,6.78,6.91,6.78,6.83,4556
2002-11-11,6.91,6.91,6.76,6.81,3909
2002-11-12,6.83,6.84,6.8,6.82,2274
2002-11-13,6.85,6.88,6.78,6.81,7446
2002-11-14,6.8,6.8,6.3,6.4,67364
2002-11-15,6.49,6.68,6.48,6.54,12491
2002-11-18,6.85,6.85,6.58,6.68,4479
2002-11-20,6.75,7.04,6.51,6.87,31165
2002-11-21,6.72,7.04,6.72,6.82,17610
2002-11-22,6.85,6.89,6.81,6.84,6195
2002-11-25,6.84,6.88,6.78,6.85,3664
2002-11-26,6.85,7.04,6.85,6.97,20586
2002-11-27,7.1,7.11,6.99,7.08,19065
2002-11-28,7.25,7.35,7.14,7.29,26756
2002-11-29,7.42,7.43,7.2,7.24,21712
2002-12-02,7.42,7.75,7.35,7.71,52204
2002-12-03,7.65,7.8,7.56,7.61,30175
2002-12-04,7.6,7.9,7.48,7.85,35350
2002-12-05,7.83,8.15,7.83,7.95,55852
2002-12-06,8.08,8.15,7.91,7.93,21051
2002-12-09,8.05,8.05,7.56,7.7,14095
2002-12-10,7.51,7.8,7.5,7.73,15146
2002-12-11,8.27,8.27,7.76,7.88,12018
2002-12-12,7.4,7.85,7.4,7.75,4527
2002-12-13,7.68,7.95,7.66,7.73,9725
2002-12-16,7.75,7.85,7.59,7.64,7375
2002-12-17,7.63,7.63,7.45,7.54,11064
2002-12-18,7.51,8.2,7.51,8.1,63828
2002-12-19,7.86,8.26,7.83,8.06,68663
2002-12-20,7.8,8.12,7.8,7.92,16945
2002-12-23,7.94,8.0,7.86,7.9,11432
2002-12-24,7.88,8.23,7.88,8.12,23068
2002-12-26,8.2,8.45,8.19,8.36,37115
2002-12-27,8.41,8.75,8.41,8.66,59481
2002-12-30,8.61,8.89,8.5,8.62,34032
2002-12-31,8.57,9.16,8.57,9.04,82138
2003-01-01,9.19,9.19,8.86,8.89,21487
2003-01-02,9.04,9.3,8.9,9.04,51387
2003-01-03,9.05,9.15,8.76,8.87,24714
2003-01-06,8.95,9.12,8.66,8.71,37365
2003-01-07,8.89,8.89,8.6,8.66,15725
2003-01-08,8.81,9.23,8.7,9.09,35608
2003-01-09,9.15,9.34,9.0,9.26,63078
2003-01-10,9.5,9.5,9.21,9.39,53776
2003-01-13,9.35,9.6,9.13,9.2,34228
2003-01-14,9.3,9.35,9.18,9.29,22591
2003-01-15,9.35,9.5,9.35,9.47,24771
2003-01-16,9.49,10.0,9.49,9.94,67839
2003-01-17,10.25,10.25,9.75,9.8,55403
2003-01-20,9.83,9.93,9.41,9.51,48362
2003-01-21,9.69,9.9,9.5,9.75,41801
2003-01-22,9.9,10.35,9.81,10.05,74559
2003-01-23,10.1,10.19,9.79,10.06,48703
2003-01-24,9.91,10.43,9.8,9.89,83913
2003-01-27,9.86,9.86,9.2,9.32,38256
2003-01-28,9.5,9.98,9.31,9.68,52541
2003-01-29,9.71,9.99,9.64,9.8,36286
2003-01-30,9.83,9.98,9.75,9.82,24182
2003-01-31,9.92,9.94,9.61,9.76,20699
2003-02-03,9.8,9.95,9.6,9.79,16227
2003-02-04,9.75,9.85,9.52,9.58,25587
2003-02-05,9.69,9.7,9.28,9.35,15048
2003-02-06,9.55,9.6,9.35,9.43,10721
2003-02-07,9.45,9.65,9.38,9.43,12371
2003-02-10,9.6,9.6,9.11,9.19,10386
2003-02-11,9.3,9.3,8.91,9.03,23705
2003-02-12,9.0,9.0,8.79,8.81,9918
2003-02-14,8.75,8.75,8.45,8.49,20430
2003-02-17,8.75,9.0,8.7,8.91,12746
2003-02-18,9.09,9.13,8.97,9.08,12514
2003-02-19,9.2,9.43,9.14,9.37,15156
2003-02-20,9.4,9.45,9.31,9.33,11710
2003-02-21,9.7,9.7,9.3,9.39,6860
2003-02-24,9.45,9.54,9.2,9.26,17558
2003-02-25,9.25,9.26,9.03,9.04,12346
2003-02-26,9.0,9.33,8.86,8.88,11189
2003-02-27,8.95,8.95,8.78,8.82,8125
2003-02-28,8.95,9.35,8.95,9.07,23392
2003-03-03,9.25,9.25,8.86,9.0,5821
2003-03-04,9.0,9.0,8.7,8.75,12749
2003-03-05,8.75,8.75,8.47,8.58,13358
2003-03-06,8.55,8.74,8.55,8.64,5312
2003-03-07,8.67,8.67,8.35,8.5,11871
2003-03-10,8.45,8.5,8.35,8.38,7318
2003-03-11,8.21,8.39,8.21,8.34,10378
2003-03-12,8.33,8.57,8.31,8.37,18096
2003-03-13,8.26,8.4,8.18,8.22,8220
2003-03-17,8.25,8.35,8.1,8.18,7348
2003-03-19,8.3,8.45,8.16,8.19,12164
2003-03-20,8.25,8.51,8.11,8.5,21388
2003-03-21,8.51,8.7,8.51,8.66,8902
2003-03-22,8.75,8.75,8.64,8.66,2240
2003-03-24,8.65,8.65,8.43,8.5,6828
2003-03-25,8.26,8.46,8.26,8.41,11623
2003-03-26,8.5,8.65,8.42,8.58,15722
2003-03-27,8.4,8.53,8.4,8.52,1394
2003-03-28,8.46,8.53,8.31,8.35,5817
2003-03-31,8.3,8.3,8.08,8.2,12665
2003-04-01,8.25,8.35,8.17,8.24,5138
2003-04-02,8.26,8.41,8.26,8.39,6522
2003-04-03,8.35,8.7,8.35,8.56,7125
2003-04-04,8.65,8.73,8.6,8.7,8622
2003-04-07,8.73,9.1,8.73,9.02,47170
2003-04-08,9.0,9.28,9.0,9.2,31491
2003-04-09,9.25,9.3,9.11,9.19,19375
2003-04-10,9.2,9.2,8.75,8.83,9950
2003-04-11,8.9,9.0,8.56,8.76,9042
2003-04-15,8.7,8.87,8.7,8.82,6074
2003-04-16,8.9,9.08,8.79,9.02,4867
2003-04-17,8.95,8.95,8.76,8.78,3207
2003-04-21,9.0,9.0,8.65,8.66,9775
2003-04-22,8.65,8.65,8.5,8.55,11751
2003-04-23,8.55,8.74,8.55,8.62,3772
2003-04-24,8.51,8.7,8.51,8.54,5565
2003-04-25,8.65,8.65,8.53,8.56,7801
2003-04-28,8.72,8.72,8.55,8.67,6506
2003-04-29,8.83,8.92,8.78,8.84,9528
2003-04-30,8.8,9.1,8.8,8.99,22415
2003-05-02,9.0,9.33,9.0,9.28,25074
2003-05-05,9.5,9.59,9.41,9.47,33855
2003-05-06,9.5,9.84,9.5,9.63,32924
2003-05-07,9.86,10.0,9.36,9.45,17788
2003-05-08,9.43,9.47,9.3,9.34,9017
2003-05-09,9.39,9.39,9.21,9.31,9659
2003-05-12,9.41,10.2,9.41,10.02,74641
2003-05-13,10.25,10.7,10.15,10.52,110740
2003-05-14,10.85,10.85,10.41,10.67,69054
2003-05-15,10.7,11.3,10.6,11.2,122205
2003-05-16,11.1,12.35,11.1,12.07,141922
2003-05-19,12.49,12.85,12.0,12.37,176160
2003-05-20,12.0,12.25,11.5,12.09,57748
2003-05-21,12.15,12.35,11.95,11.98,57845
2003-05-22,12.05,12.28,11.9,12.19,52868
2003-05-23,12.33,13.23,12.18,12.99,149990
2003-05-26,13.15,13.65,13.08,13.42,60041
2003-05-27,13.6,13.94,13.6,13.71,62492
2003-05-28,13.65,14.0,13.25,13.62,64471
2003-05-29,13.2,13.75,13.05,13.47,78094
2003-05-30,13.73,13.9,13.25,13.79,89775
2003-06-02,13.9,14.42,13.61,14.3,99273
2003-06-03,14.68,14.68,13.78,13.95,46958
2003-06-04,14.26,14.6,13.88,14.12,38353
2003-06-05,14.08,14.33,13.45,13.58,36535
2003-06-06,13.68,13.85,13.25,13.36,41470
2003-06-09,13.45,13.45,12.7,13.03,74088
2003-06-10,12.28,13.33,12.28,12.8,49212
2003-06-11,12.9,13.6,12.9,13.31,65233
2003-06-12,13.59,14.2,13.56,13.9,195272
2003-06-13,14.14,15.09,14.14,14.4,285027
2003-06-16,14.5,14.64,14.1,14.41,73281
2003-06-17,14.45,15.05,14.45,14.94,120970
2003-06-18,15.0,15.45,14.8,15.27,121699
2003-06-19,15.25,15.6,15.01,15.32,61430
2003-06-20,15.13,15.41,14.92,15.0,40220
2003-06-23,15.1,15.23,14.75,14.86,54517
2003-06-24,14.95,14.99,14.61,14.67,18357
2003-06-25,14.8,15.04,14.7,14.84,40995
2003-06-26,14.95,15.45,14.91,15.4,49147
2003-06-27,15.5,17.1,15.5,16.53,119832
2003-06-30,16.85,18.95,16.5,18.21,297816
2003-07-01,18.5,19.35,18.12,18.28,160980
2003-07-02,18.6,18.85,17.76,17.96,132701
2003-07-03,18.25,18.67,17.8,18.11,100103
2003-07-04,18.25,18.3,17.5,17.6,41138
2003-07-07,17.5,18.2,17.5,17.85,67288
2003-07-08,18.19,18.19,17.35,17.44,28326
2003-07-09,17.5,17.7,16.68,16.77,79071
2003-07-10,16.75,17.4,16.36,16.61,81314
2003-07-11,16.55,17.15,16.55,16.63,31859
2003-07-14,16.8,17.15,16.8,16.98,45435
2003-07-15,16.71,17.1,16.26,16.54,30973
2003-07-16,16.55,16.75,16.41,16.56,24424
2003-07-17,16.7,17.19,16.5,16.56,27119
2003-07-18,16.5,16.67,16.21,16.3,18379
2003-07-21,16.54,16.55,15.5,15.65,22931
2003-07-22,15.6,15.99,15.29,15.67,33548
2003-07-23,15.73,16.45,15.73,15.86,38516
2003-07-24,15.75,16.55,15.4,16.37,77840
2003-07-25,16.43,16.98,16.43,16.78,59627
2003-07-28,17.05,17.54,16.91,17.17,85925
2003-07-29,17.34,17.75,17.16,17.38,73638
2003-07-30,17.5,17.69,17.2,17.44,46207
2003-07-31,17.7,17.7,17.05,17.27,33246
2003-08-01,17.25,17.3,16.4,16.54,30869
2003-08-04,16.45,16.55,16.01,16.36,51147
2003-08-05,16.39,17.3,16.35,16.43,41302
2003-08-06,16.35,16.8,16.08,16.44,16097
2003-08-07,16.64,16.64,16.26,16.48,19889
2003-08-08,16.89,16.89,16.5,16.53,25514
2003-08-11,16.72,17.5,16.56,17.21,40625
2003-08-12,17.5,17.6,16.56,16.87,30351
2003-08-13,16.65,17.09,16.56,16.96,24546
2003-08-14,16.95,17.22,16.75,17.08,26847
2003-08-18,16.78,17.35,16.78,17.3,31213
2003-08-19,17.5,17.9,17.35,17.65,88799
2003-08-20,17.8,18.4,17.65,18.18,66911
2003-08-21,18.5,19.94,18.3,18.39,54223
2003-08-22,18.45,18.69,17.75,18.03,33309
2003-08-25,18.1,18.8,17.55,18.48,105215
2003-08-26,18.85,19.74,18.56,19.43,100689
2003-08-27,19.73,21.38,19.52,21.38,158098
2003-08-28,23.04,23.52,21.25,23.08,181972
2003-08-29,23.75,25.3,22.52,25.13,204118
2003-09-01,25.5,26.25,23.72,24.12,161636
2003-09-02,24.35,25.2,24.15,24.87,105083
2003-09-03,24.94,25.25,23.11,23.46,50437
2003-09-04,23.5,25.0,23.5,24.8,90281
2003-09-05,24.9,25.95,24.61,25.14,112216
2003-09-08,25.95,27.66,25.2,27.66,148563
2003-09-09,28.03,29.43,27.3,28.13,198937
2003-09-10,27.5,27.5,25.36,25.75,151326
2003-09-11,25.75,27.7,25.35,26.82,109626
2003-09-12,27.0,27.44,25.43,25.58,87682
2003-09-15,25.5,26.25,23.55,23.8,79036
2003-09-16,24.25,25.0,23.45,24.81,97457
2003-09-17,25.5,25.99,23.75,23.89,84972
2003-09-18,24.0,24.35,23.0,23.23,51515
2003-09-19,23.65,24.0,22.66,23.19,54885
2003-09-22,23.74,24.0,22.8,22.97,25422
2003-09-23,22.85,23.4,22.44,23.26,50588
2003-09-24,23.25,23.6,22.64,23.45,41412
2003-09-25,23.45,25.79,23.32,25.11,92906
2003-09-26,25.35,27.63,25.35,26.73,138539
2003-09-29,27.0,27.19,26.0,26.04,52974
2003-09-30,26.4,27.0,26.0,26.05,57757
2003-10-01,26.3,28.28,26.0,27.79,158054
2003-10-03,28.0,28.9,27.6,27.88,93000
2003-10-06,29.4,29.5,27.5,27.67,41381
2003-10-07,27.8,30.25,27.5,28.69,151291
2003-10-08,28.99,29.35,27.5,27.67,73521
2003-10-09,28.2,28.7,27.9,28.37,39113
2003-10-10,28.5,28.99,27.87,28.0,37151
2003-10-13,28.39,28.55,27.65,27.88,36871
2003-10-14,28.0,28.5,26.81,27.08,61676
2003-10-15,27.7,27.72,26.43,27.0,38302
2003-10-16,27.49,27.49,26.4,26.53,33174
2003-10-17,26.95,27.7,26.61,27.26,36233
2003-10-20,27.45,27.45,24.86,25.28,46241
2003-10-21,25.5,25.5,22.75,23.04,120711
2003-10-22,23.3,24.19,22.56,23.02,83252
2003-10-23,23.25,23.41,22.81,22.97,33033
2003-10-24,23.25,23.25,21.68,22.7,34212
2003-10-25,23.25,23.74,23.11,23.47,13796
2003-10-27,24.99,24.99,22.7,22.85,21089
2003-10-28,22.71,22.71,22.31,22.51,14229
2003-10-29,22.7,22.9,22.35,22.46,9444
2003-10-30,22.25,24.07,22.25,23.67,44419
2003-10-31,24.1,24.95,23.76,24.53,70506
2003-11-03,25.05,26.59,24.5,26.06,109862
2003-11-04,27.0,28.66,26.76,28.5,245456
2003-11-05,28.01,29.1,26.6,27.06,72291
2003-11-06,27.5,27.95,27.35,27.45,53577
2003-11-07,28.2,29.05,25.55,26.8,30674
2003-11-10,26.75,26.75,25.75,25.94,17592
2003-11-11,26.25,28.5,26.2,26.65,43081
2003-11-12,26.95,27.12,25.75,25.97,25916
2003-11-13,26.25,27.4,24.86,25.3,32648
2003-11-14,25.31,25.75,24.75,25.06,36246
2003-11-15,25.0,25.25,24.96,25.13,6150
2003-11-17,24.3,25.2,24.3,24.92,23973
2003-11-18,25.0,26.0,25.0,25.15,20180
2003-11-19,24.0,25.65,24.0,25.06,22911
2003-11-20,25.4,25.49,24.01,24.22,20442
2003-11-21,24.0,24.63,23.26,23.67,20348
2003-11-24,23.5,24.6,23.5,24.39,19969
2003-11-25,24.6,25.0,24.5,24.83,20642
2003-11-27,25.0,25.25,24.56,24.77,44769
2003-11-28,25.0,25.1,24.06,24.28,59198
2003-12-01,24.75,25.25,24.55,24.69,60741
2003-12-02,24.75,25.23,24.5,25.03,49206
2003-12-03,25.4,26.75,25.15,25.99,112061
2003-12-04,26.25,27.0,25.75,26.72,67025
2003-12-05,26.9,27.6,26.46,27.44,117617
2003-12-08,27.5,28.6,27.25,28.43,65679
2003-12-09,29.15,29.5,28.55,28.89,61992
2003-12-10,29.0,29.3,28.7,28.99,39417
2003-12-11,29.4,29.5,28.65,29.34,45701
2003-12-12,29.7,31.2,29.7,30.55,112517
2003-12-15,30.68,32.73,30.68,32.43,79991
2003-12-16,32.75,32.75,30.05,31.88,78158
2003-12-17,32.1,32.35,31.25,31.37,35471
2003-12-18,31.9,32.0,31.06,31.45,27421
2003-12-19,32.0,32.1,31.13,31.27,18760
2003-12-22,31.2,32.0,31.2,31.83,22368
2003-12-23,32.0,32.5,31.51,31.91,36190
2003-12-24,32.15,32.25,31.5,31.72,16037
2003-12-26,31.98,32.15,31.3,31.55,20586
2003-12-29,30.75,32.13,30.75,31.55,32236
2003-12-30,32.02,32.5,31.05,31.19,50096
2003-12-31,31.1,31.6,31.05,31.31,24897
2004-01-01,31.6,31.6,31.25,31.27,10318
2004-01-02,31.48,32.7,31.25,31.37,36648
2004-01-05,31.78,32.1,31.35,31.67,31543
2004-01-06,32.1,32.28,30.65,31.13,29596
2004-01-07,29.33,31.26,29.33,30.47,31118
2004-01-08,31.0,31.6,30.5,31.21,20370
2004-01-09,31.71,32.0,31.2,31.37,22432
2004-01-12,31.75,31.75,30.35,30.54,15378
2004-01-13,30.5,30.75,29.73,30.07,25162
2004-01-14,31.75,31.75,30.15,30.36,74378
2004-01-15,30.55,30.85,30.1,30.15,19305
2004-01-16,29.3,30.01,28.81,29.04,19498
2004-01-19,29.1,29.5,28.26,28.79,30484
2004-01-20,29.01,29.75,28.01,28.19,10422
2004-01-21,27.8,27.85,26.45,26.99,24992
2004-01-22,27.35,27.35,24.75,26.25,39088
2004-01-23,26.5,27.45,26.18,26.62,53550
2004-01-27,26.8,27.45,26.31,26.55,22151
2004-01-28,26.5,28.0,25.75,26.24,40276
2004-01-29,26.06,26.44,24.75,25.25,37565
2004-01-30,25.7,26.4,25.5,26.0,31162
2004-02-03,25.9,26.5,24.7,25.33,55635
2004-02-04,25.05,26.4,25.0,26.13,17895
2004-02-05,26.25,28.38,24.9,27.62,44727
2004-02-06,28.8,28.8,27.4,28.16,36188
2004-02-09,28.75,30.2,25.63,29.95,40042
2004-02-10,30.0,30.55,29.75,30.13,37655
2004-02-11,30.28,30.5,29.66,29.78,12401
2004-02-12,30.0,31.23,29.75,30.46,37088
2004-02-13,30.55,31.9,30.55,31.03,68614
2004-02-16,31.45,33.92,30.8,33.54,149247
2004-02-17,33.74,35.25,33.0,34.82,143567
2004-02-18,34.75,36.0,34.28,34.47,105428
2004-02-19,34.7,34.7,32.51,32.95,75851
2004-02-20,32.9,32.99,31.6,31.87,114504
2004-02-23,32.2,32.7,29.51,29.97,52351
2004-02-24,29.97,31.8,29.5,31.47,88941
2004-02-25,31.75,33.74,31.2,31.57,107605
2004-02-26,31.75,33.5,31.68,32.95,134714
2004-02-27,33.3,33.8,32.0,32.58,89443
2004-03-01,32.5,33.2,31.25,32.77,49125
2004-03-03,33.35,33.5,32.65,32.88,43330
2004-03-04,33.17,33.5,32.5,32.81,34561
2004-03-05,33.13,34.36,32.66,34.04,100056
2004-03-08,36.0,36.0,33.6,33.93,122490
2004-03-09,34.25,34.25,33.4,33.63,38867
2004-03-10,33.4,34.33,33.15,33.44,34500
2004-03-11,33.35,33.83,32.1,32.25,27186
2004-03-12,32.5,34.4,31.73,34.06,63226
2004-03-15,34.5,34.55,32.1,32.34,50416
2004-03-16,32.0,32.75,31.78,32.28,34855
2004-03-17,32.94,32.94,31.41,31.76,25099
2004-03-18,32.0,32.0,30.92,31.11,25232
2004-03-19,29.5,31.75,28.05,31.38,23882
2004-03-22,30.5,31.0,30.4,30.53,22204
2004-03-23,29.91,30.65,29.01,30.51,24153
2004-03-24,30.8,31.5,30.5,31.01,17433
2004-03-25,31.15,31.7,31.15,31.3,11968
2004-03-26,31.5,32.05,31.45,31.65,25006
2004-03-29,31.1,32.0,31.1,31.69,20263
2004-03-30,32.0,32.0,31.35,31.65,15923
2004-03-31,31.5,33.5,31.35,32.52,22696
2004-04-01,33.0,34.5,33.0,34.4,57742
2004-04-02,34.25,34.95,33.85,34.83,40433
2004-04-05,35.0,35.92,34.95,35.38,62742
2004-04-06,35.5,35.75,34.6,35.44,56117
2004-04-07,35.5,35.75,34.62,34.82,20033
2004-04-08,34.94,35.4,34.05,34.99,23585
2004-04-12,35.0,35.35,34.75,34.92,18795
2004-04-13,34.77,35.0,34.3,34.81,13859
2004-04-15,34.99,35.35,34.6,34.78,34723
2004-04-16,34.95,36.0,34.1,34.91,142334
2004-04-17,34.5,35.4,34.5,34.83,5512
2004-04-19,35.95,36.05,34.0,34.29,21423
2004-04-20,34.0,34.7,33.7,34.54,5733
2004-04-21,34.55,34.55,33.9,34.22,36649
2004-04-22,34.4,37.22,34.35,36.61,71421
2004-04-23,37.1,37.2,35.25,35.41,41021
2004-04-27,35.0,35.0,32.55,33.57,34725
2004-04-28,33.25,34.45,33.25,33.38,31519
2004-04-29,33.8,33.97,33.07,33.44,14389
2004-04-30,33.75,33.85,32.5,32.96,13642
2004-05-03,33.0,33.0,31.75,32.11,13680
2004-05-04,33.35,33.5,32.51,33.09,25694
2004-05-05,33.0,33.75,33.0,33.4,20087
2004-05-06,33.8,33.9,33.3,33.52,15113
2004-05-07,33.23,33.74,33.16,33.49,12020
2004-05-10,32.45,33.2,31.8,32.93,9979
2004-05-11,31.5,32.5,31.5,32.0,12291
2004-05-12,31.98,32.9,31.5,32.35,10413
2004-05-13,31.05,33.95,31.05,32.6,26086
2004-05-14,33.3,33.3,29.25,30.57,40748
2004-05-17,27.75,28.05,24.5,26.83,40679
2004-05-18,27.0,29.24,27.0,28.78,20500
2004-05-19,29.24,31.25,28.75,30.38,37041
2004-05-20,32.5,34.45,29.81,30.15,21890
2004-05-21,29.25,30.62,29.25,30.43,9271
2004-05-24,30.76,31.45,30.76,31.07,8837
2004-05-25,31.95,31.95,30.8,31.61,17533
2004-05-26,32.5,32.5,31.15,32.02,17389
2004-05-27,31.5,33.47,31.5,33.22,28444
2004-05-28,33.5,34.0,32.4,33.57,46202
2004-05-31,33.25,33.25,30.95,31.63,30864
2004-06-01,33.0,33.24,31.51,31.72,22784
2004-06-02,32.0,32.23,31.5,31.75,24332
2004-06-03,32.39,32.39,31.0,31.24,9538
2004-06-04,30.95,31.45,30.5,31.27,12026
2004-06-07,31.75,31.75,31.3,31.52,7843
2004-06-08,31.38,31.6,30.75,30.94,13079
2004-06-09,30.75,31.49,30.75,31.16,13915
2004-06-10,31.45,31.55,31.16,31.46,5182
2004-06-11,31.5,31.5,30.95,31.1,18061
2004-06-14,30.75,30.8,29.65,29.92,13371
2004-06-15,30.0,30.45,29.0,29.11,16529
2004-06-16,29.9,29.9,29.0,29.15,5545
2004-06-17,29.25,29.25,27.13,27.31,50444
2004-06-18,27.95,27.95,25.51,25.84,89244
2004-06-21,25.84,26.75,24.5,24.8,61130
2004-06-22,24.85,26.0,24.41,25.62,93967
2004-06-23,25.75,26.37,25.56,25.79,41171
2004-06-24,26.0,26.0,24.76,25.53,34930
2004-06-25,25.4,27.22,25.35,26.93,47015
2004-06-28,27.25,28.05,27.25,27.94,21565
2004-06-29,28.15,28.75,26.7,27.15,33974
2004-06-30,28.0,28.9,27.7,28.62,125274
2004-07-01,28.74,28.74,28.2,28.52,29587
2004-07-02,27.75,28.98,27.75,28.32,31095
2004-07-05,28.25,28.6,28.2,28.27,11330
2004-07-06,28.16,28.4,28.05,28.21,26919
2004-07-07,28.5,28.65,27.55,28.17,16039
2004-07-08,28.45,28.82,27.68,28.05,31371
2004-07-09,27.4,29.0,26.16,28.82,26126
2004-07-12,28.85,29.85,27.9,29.62,15940
2004-07-13,29.55,29.8,28.76,29.14,9085
2004-07-14,29.44,29.44,28.85,29.08,3572
2004-07-15,28.86,29.49,28.86,29.16,4190
2004-07-16,29.4,30.0,29.05,29.87,15609
2004-07-19,28.05,30.9,28.05,30.59,9765
2004-07-20,30.56,30.75,30.25,30.28,12194
2004-07-21,30.75,30.75,29.2,29.47,19175
2004-07-22,30.7,33.5,29.6,29.77,15523
2004-07-23,29.76,30.0,29.7,29.79,6807
2004-07-26,28.8,30.65,28.8,30.08,6376
2004-07-27,30.25,30.55,28.55,29.12,61472
2004-07-28,28.5,29.0,28.31,28.73,34204
2004-07-29,28.5,29.0,28.25,28.74,18295
2004-07-30,29.01,30.7,29.0,30.32,29306
2004-08-02,30.01,30.84,29.55,30.34,13929
2004-08-03,30.25,30.46,29.62,29.91,6488
2004-08-04,30.01,30.23,29.13,29.68,17514
2004-08-05,30.2,30.2,29.05,29.27,11359
2004-08-06,29.6,29.85,28.9,29.02,13381
2004-08-09,29.38,29.6,28.87,29.37,10307
2004-08-10,29.75,29.75,29.1,29.51,23611
2004-08-11,29.25,29.5,28.35,28.82,19045
2004-08-12,29.4,29.4,28.81,29.02,19411
2004-08-13,29.3,29.9,29.15,29.7,30312
2004-08-16,29.65,30.25,29.25,29.51,16904
2004-08-17,29.38,29.6,29.25,29.42,5626
2004-08-18,29.01,29.43,29.01,29.21,4102
2004-08-19,29.28,29.6,29.2,29.39,7523
2004-08-20,29.2,29.45,29.0,29.07,1636
2004-08-23,29.9,29.95,28.55,29.53,9662
2004-08-24,29.84,30.85,29.28,30.56,16947
2004-08-25,30.6,31.0,30.0,30.52,15458
2004-08-26,30.51,30.9,30.44,30.83,8011
2004-08-27,30.0,31.5,30.0,31.3,14407
2004-08-30,31.1,32.5,31.03,32.34,21631
2004-08-31,31.76,32.25,31.5,32.02,8050
2004-09-01,32.25,32.8,31.86,32.54,12874
2004-09-02,32.21,32.65,31.81,32.1,10810
2004-09-03,32.25,32.75,31.26,31.92,7479
2004-09-06,32.25,32.45,31.51,31.75,3992
2004-09-07,32.0,33.0,31.73,32.71,14196
2004-09-08,32.7,33.5,32.55,33.27,13287
2004-09-09,33.6,33.62,32.6,32.78,13985
2004-09-10,32.75,32.75,32.4,32.48,4627
2004-09-13,32.75,33.15,32.15,32.5,12544
2004-09-14,33.62,34.0,31.36,31.64,10641
2004-09-15,32.0,32.0,31.7,31.8,5879
2004-09-16,31.95,32.25,31.75,32.11,9414
2004-09-17,32.0,32.1,31.88,32.01,5970
2004-09-20,31.71,32.48,31.71,32.22,17619
2004-09-21,32.05,32.2,31.42,31.64,5907
2004-09-22,32.25,32.25,31.1,31.24,16564
2004-09-23,32.45,32.49,31.26,31.43,4982
2004-09-24,31.67,32.49,31.4,32.21,18930
2004-09-27,31.71,32.6,31.66,32.54,18204
2004-09-28,32.08,32.75,32.08,32.47,12859
2004-09-29,32.7,32.75,31.75,32.1,5097
2004-09-30,32.7,32.75,32.3,32.38,5804
2004-10-01,32.5,33.0,31.75,31.99,3691
2004-10-04,32.95,32.95,31.65,32.36,13786
2004-10-05,32.7,32.75,32.3,32.51,9243
2004-10-06,32.55,32.75,32.48,32.56,12906
2004-10-07,32.6,32.74,32.5,32.51,8361
2004-10-08,32.85,32.9,32.5,32.64,5983
2004-10-09,32.05,33.25,32.05,32.87,5092
2004-10-11,33.3,33.3,32.75,32.9,21182
2004-10-12,33.25,33.94,31.73,31.78,9740
2004-10-14,32.0,32.45,32.0,32.27,7010
2004-10-15,32.26,32.7,32.2,32.55,6157
2004-10-18,33.0,36.1,32.8,35.26,98892
2004-10-19,36.8,37.95,36.1,37.53,149097
2004-10-20,38.0,38.75,37.3,37.72,100146
2004-10-21,37.15,37.85,37.06,37.21,36408
2004-10-25,37.2,38.2,36.5,37.01,33570
2004-10-26,37.6,37.75,37.0,37.62,24935
2004-10-27,38.0,39.41,36.5,36.91,138449
2004-10-28,37.5,39.29,36.05,36.28,71061
2004-10-29,36.65,36.78,36.18,36.26,29608
2004-11-01,36.45,37.5,36.15,36.31,24483
2004-11-02,36.74,37.45,36.4,37.11,35491
2004-11-03,37.9,37.94,37.1,37.54,50874
2004-11-04,37.83,37.83,37.23,37.32,20497
2004-11-05,37.5,37.5,36.95,37.03,33664
2004-11-08,37.37,38.1,37.36,37.55,31722
2004-11-09,37.5,37.72,37.0,37.51,13151
2004-11-10,37.5,37.95,37.5,37.57,6031
2004-11-11,37.6,37.83,37.6,37.77,13368
2004-11-12,37.77,38.7,36.55,37.54,2932
2004-11-16,37.5,37.7,37.45,37.53,8022
2004-11-17,36.3,37.8,36.3,37.71,22270
2004-11-18,38.17,38.4,37.65,37.99,51608
2004-11-19,38.1,38.2,37.5,37.66,16005
2004-11-22,37.4,38.2,36.51,38.02,18675
2004-11-23,38.15,38.5,38.02,38.34,8729
2004-11-24,37.4,38.99,37.4,38.36,13597
2004-11-25,38.85,38.95,38.53,38.79,13457
2004-11-29,38.0,39.0,38.0,38.54,8541
2004-11-30,38.7,39.03,37.91,38.04,21277
2004-12-01,38.8,38.8,38.05,38.26,10531
2004-12-02,38.75,39.1,38.5,38.7,13417
2004-12-03,38.8,38.8,38.4,38.52,6772
2004-12-06,38.9,39.13,38.4,38.86,16309
2004-12-07,39.09,39.4,38.65,39.08,23098
2004-12-08,38.85,41.2,38.85,40.09,24749
2004-12-09,41.0,41.0,39.26,39.85,19729
2004-12-10,40.0,40.25,39.33,40.04,8339
2004-12-13,40.08,40.25,39.2,39.49,14532
2004-12-14,39.5,40.25,39.5,40.07,32225
2004-12-15,40.0,41.35,39.81,40.84,25639
2004-12-16,40.84,42.38,40.36,41.99,37857
2004-12-17,43.0,43.95,42.0,42.23,30389
2004-12-20,43.9,44.75,42.94,44.31,53466
2004-12-21,45.5,45.95,44.1,45.3,63090
2004-12-22,46.4,46.95,45.45,45.63,34200
2004-12-23,46.45,46.45,37.62,44.6,19986
2004-12-24,45.45,45.75,44.51,44.81,19122
2004-12-27,45.0,45.0,43.75,44.06,20091
2004-12-28,45.0,46.5,44.5,45.26,44883
2004-12-29,46.5,46.5,45.0,45.45,21337
2004-12-30,45.43,45.75,44.75,45.04,15400
2004-12-31,45.5,45.75,44.65,45.25,9582
2005-01-03,45.25,46.25,45.0,45.91,15104
2005-01-04,46.0,47.0,45.6,45.8,12276
2005-01-05,45.55,46.25,42.5,44.25,24839
2005-01-06,44.56,44.82,43.27,43.81,20296
2005-01-07,43.6,44.75,43.6,44.49,9026
2005-01-10,46.6,46.6,43.26,43.76,22828
2005-01-11,43.5,44.7,42.0,43.47,32550
2005-01-12,43.5,44.1,41.0,41.98,11651
2005-01-13,44.5,44.5,41.75,42.48,13898
2005-01-14,43.4,43.4,42.0,42.16,8224
2005-01-17,41.35,42.7,40.9,41.3,9665
2005-01-18,42.38,42.5,41.0,41.65,11174
2005-01-19,41.75,42.0,41.25,41.37,5939
2005-01-20,41.5,41.73,41.0,41.29,6390
2005-01-24,41.48,41.75,40.01,40.66,12490
2005-01-25,40.75,40.75,40.35,40.51,14716
2005-01-27,41.0,43.5,40.2,42.13,26109
2005-01-28,43.0,43.0,41.0,41.41,26573
2005-01-31,42.9,42.9,39.21,39.83,63771
2005-02-01,42.8,42.8,39.62,40.28,30220
2005-02-02,41.0,41.0,40.12,40.3,13641
2005-02-03,40.4,40.7,39.9,40.2,26633
2005-02-04,40.8,40.8,40.02,40.31,17590
2005-02-07,40.7,40.7,40.4,40.44,8389
2005-02-08,40.5,40.64,40.3,40.49,19395
2005-02-09,40.0,40.79,40.0,40.6,24081
2005-02-10,40.7,41.3,40.5,40.69,23321
2005-02-11,41.3,41.3,40.2,40.31,22476
2005-02-14,40.5,40.8,38.81,39.14,36885
2005-02-15,39.8,39.8,39.0,39.02,24837
2005-02-16,39.0,39.78,39.0,39.29,10696
2005-02-17,39.0,39.55,39.0,39.42,8880
2005-02-18,39.45,39.59,37.5,37.96,40734
2005-02-21,37.7,38.2,37.4,37.53,21411
2005-02-22,37.73,38.0,36.5,36.8,22934
2005-02-23,38.0,38.29,36.7,38.07,13689
2005-02-24,38.5,38.75,38.0,38.03,7446
2005-02-25,38.0,38.3,37.0,37.69,8498
2005-02-28,37.1,37.5,36.6,36.8,12720
2005-03-01,37.48,37.48,36.46,36.86,13846
2005-03-02,38.4,41.9,36.8,36.96,11366
2005-03-03,37.5,38.0,36.8,36.85,16067
2005-03-04,37.0,37.4,36.62,36.74,21952
2005-03-07,36.7,37.25,36.5,36.61,14952
2005-03-08,37.0,37.05,36.03,36.12,156903
2005-03-09,36.5,36.77,35.15,35.57,27274
2005-03-10,35.61,36.7,35.3,36.18,143762
2005-03-11,36.9,37.4,36.0,36.01,79416
2005-03-14,35.8,36.19,35.0,35.51,26995
2005-03-15,35.61,35.85,35.55,35.8,9247
2005-03-16,35.6,36.05,35.6,35.88,17330
2005-03-17,39.9,39.9,34.6,35.31,15413
2005-03-18,35.36,35.44,34.62,34.96,19084
2005-03-21,35.1,35.5,34.45,34.58,63278
2005-03-22,34.51,34.76,32.9,33.52,31567
2005-03-23,33.95,34.4,32.0,32.8,50782
2005-03-24,33.4,33.5,32.16,32.47,37551
2005-03-28,32.11,32.89,31.56,31.73,12831
2005-03-29,32.9,32.9,31.2,31.32,17240
2005-03-30,31.2,31.49,29.92,30.05,38031
2005-03-31,30.9,30.9,29.8,30.02,29674
2005-04-01,30.3,33.2,30.28,32.79,70101
2005-04-04,32.7,36.15,32.2,34.82,99864
2005-04-05,34.73,37.2,34.73,36.59,99434
2005-04-06,36.6,37.5,35.21,35.45,25395
2005-04-07,35.95,36.19,35.21,35.99,19048
2005-04-08,36.0,36.19,33.71,34.26,23046
2005-04-11,34.21,34.5,32.51,32.77,26841
2005-04-12,33.0,33.4,32.5,32.65,19980
2005-04-13,33.04,33.04,32.3,32.4,13845
2005-04-15,32.01,32.8,31.0,32.01,72306
2005-04-18,31.1,31.9,30.21,31.26,21415
2005-04-19,31.99,32.5,31.01,31.11,112850
2005-04-20,31.5,31.8,31.2,31.59,10228
2005-04-21,31.85,32.3,31.38,32.1,9115
2005-04-22,32.0,32.4,31.6,32.3,10550
2005-04-25,32.25,32.56,31.72,32.29,13576
2005-04-26,31.85,33.1,31.85,32.55,19011
2005-04-27,32.12,32.79,32.12,32.33,9120
2005-04-28,31.8,32.5,31.8,32.35,4787
2005-04-29,32.31,32.5,31.57,32.05,13915
2005-05-02,32.0,34.0,31.4,32.14,9316
2005-05-03,31.95,32.5,31.95,32.18,8551
2005-05-04,32.01,32.66,32.0,32.48,7060
2005-05-05,33.49,34.0,32.53,33.01,11987
2005-05-06,33.0,34.4,33.0,34.18,21377
2005-05-09,34.5,35.1,34.11,34.86,10834
2005-05-10,35.0,35.0,33.01,34.71,9485
2005-05-11,33.7,34.79,33.7,34.52,8597
2005-05-12,34.42,35.4,34.41,34.64,9134
2005-05-13,34.64,34.89,34.1,34.49,8179
2005-05-16,35.0,35.0,34.0,34.48,12775
2005-05-17,34.01,34.4,33.11,33.45,17044
2005-05-18,33.3,33.98,33.08,33.25,7405
2005-05-19,35.01,35.01,33.32,33.53,4660
2005-05-20,33.7,33.87,33.03,33.63,7934
2005-05-23,33.6,34.6,33.51,34.38,11638
2005-05-24,34.6,34.99,34.2,34.32,6638
2005-05-25,34.55,35.0,34.5,34.85,6269
2005-05-26,35.1,35.3,34.46,34.69,10813
2005-05-27,34.21,34.88,34.21,34.41,11696
2005-05-30,34.9,34.9,34.25,34.57,9000
2005-05-31,34.5,34.5,33.4,33.61,8065
2005-06-01,33.99,34.85,33.65,34.68,5888
2005-06-02,35.39,36.11,34.75,34.81,35946
2005-06-03,35.0,35.71,34.9,35.52,18273
2005-06-04,35.7,36.0,35.5,35.79,7223
2005-06-06,36.45,37.0,36.01,36.59,24571
2005-06-07,36.59,36.85,36.01,36.23,16503
2005-06-08,36.6,36.62,35.5,35.9,6140
2005-06-09,36.0,36.0,35.6,35.67,6823
2005-06-10,35.5,35.89,35.2,35.52,7544
2005-06-13,35.55,36.0,34.5,34.94,18681
2005-06-14,35.19,37.6,34.7,36.65,54373
2005-06-15,37.0,37.49,36.02,36.38,35550
2005-06-16,36.5,36.5,35.21,35.55,13417
2005-06-17,35.79,35.79,33.81,34.18,11151
2005-06-20,34.31,34.98,33.31,34.22,15536
2005-06-21,33.7,34.8,33.7,34.42,10851
2005-06-22,33.7,34.64,33.7,34.12,9250
2005-06-23,33.7,35.6,33.7,35.36,13499
2005-06-24,35.0,35.6,34.73,35.5,10716
2005-06-27,35.32,36.19,34.8,35.24,13809
2005-06-28,35.3,36.1,34.24,35.76,82490
2005-06-29,32.7,36.5,32.7,36.18,41337
2005-06-30,36.0,37.0,35.01,36.01,15182
2005-07-01,36.3,36.7,35.61,36.41,26058
2005-07-04,37.1,37.75,36.85,37.42,34482
2005-07-05,37.5,40.0,37.4,39.3,100192
2005-07-06,37.5,41.9,37.5,40.02,64399
2005-07-07,40.4,40.9,39.06,39.31,24045
2005-07-08,39.01,39.89,39.0,39.08,17281
2005-07-11,39.0,40.2,39.0,40.14,30283
2005-07-12,40.2,40.28,39.7,40.21,26760
2005-07-13,39.5,40.58,39.5,40.48,25760
2005-07-14,39.79,40.98,39.52,40.48,17015
2005-07-15,40.1,41.4,39.6,41.15,17370
2005-07-18,41.3,41.87,40.81,41.61,52856
2005-07-19,41.83,42.89,41.2,42.55,39290
2005-07-20,43.1,43.1,42.12,42.63,12290
2005-07-21,42.21,43.1,42.1,42.58,14749
2005-07-22,42.7,43.6,42.1,43.27,23285
2005-07-25,42.1,43.85,42.1,43.64,21350
2005-07-26,42.61,43.9,42.61,43.55,23697
2005-07-27,43.25,44.24,43.25,43.84,13960
2005-07-29,43.9,46.49,42.5,44.99,46955
2005-08-01,45.5,45.5,43.9,44.55,16420
2005-08-02,44.6,47.0,44.6,46.58,44039
2005-08-03,47.0,47.5,46.2,46.97,27241
2005-08-04,47.5,47.9,46.55,47.65,28773
2005-08-05,47.6,48.4,47.0,47.92,48967
2005-08-08,47.0,48.2,46.2,48.02,151906
2005-08-09,47.9,48.5,46.5,46.56,17877
2005-08-10,46.5,47.89,46.5,47.23,35688
2005-08-11,47.2,48.1,46.81,47.51,126953
2005-08-12,46.5,48.0,46.42,46.66,16360
2005-08-16,48.5,48.5,46.7,47.02,9213
2005-08-17,47.2,47.2,45.8,46.2,7025
2005-08-18,46.0,47.0,44.55,44.89,13011
2005-08-19,45.01,46.01,44.2,45.5,19258
2005-08-22,45.9,47.0,44.85,46.63,18304
2005-08-23,46.0,46.35,45.4,45.44,4925
2005-08-24,45.11,46.5,45.11,45.54,6651
2005-08-25,45.99,46.0,44.74,45.17,56879
2005-08-26,46.4,46.4,44.5,44.91,9351
2005-08-29,45.5,45.5,44.5,44.55,4770
2005-08-30,45.2,45.2,44.5,44.72,9094
2005-08-31,45.39,45.5,44.52,45.32,4615
2005-09-01,46.0,46.5,45.5,46.23,8696
2005-09-02,46.5,47.5,45.86,46.24,5931
2005-09-05,46.0,46.9,45.5,45.88,5378
2005-09-06,46.0,46.3,45.0,45.23,5233
2005-09-08,45.12,45.4,44.25,44.82,13010
2005-09-09,45.34,45.34,44.5,44.97,15764
2005-09-12,43.51,47.5,43.51,45.9,7038
2005-09-13,44.9,45.8,44.5,44.67,5770
2005-09-14,45.7,46.15,44.31,45.7,38305
2005-09-15,45.7,46.5,45.28,46.17,38677
2005-09-16,46.1,47.8,45.91,47.15,45655
2005-09-19,47.15,48.0,46.0,46.83,34985
2005-09-20,47.0,47.0,45.16,45.99,6680
2005-09-21,46.0,46.5,44.7,45.27,22932
2005-09-22,42.51,45.47,42.51,43.81,68747
2005-09-23,43.5,45.9,42.2,43.55,32991
2005-09-26,42.1,44.8,42.1,44.03,8019
2005-09-27,44.5,44.7,43.51,43.86,5389
2005-09-28,44.4,44.5,44.0,44.2,1970
2005-09-29,44.2,45.5,44.0,44.74,6909
2005-09-30,45.4,45.4,44.0,44.53,4847
2005-10-03,45.0,45.5,44.5,44.99,6934
2005-10-04,44.7,45.6,44.55,45.05,12609
2005-10-05,44.46,45.5,44.46,45.33,10047
2005-10-06,45.0,46.29,44.6,46.0,9715
2005-10-07,49.0,49.0,45.35,46.25,27221
2005-10-10,47.0,47.2,45.61,46.22,7310
2005-10-11,45.36,45.96,45.36,45.79,6660
2005-10-13,45.6,46.27,45.2,45.57,3573
2005-10-14,45.89,45.89,44.0,44.62,4940
2005-10-17,44.6,45.8,43.95,45.16,13521
2005-10-18,45.5,45.5,44.75,44.77,6471
2005-10-19,44.5,45.2,44.2,44.65,63639
2005-10-20,43.5,45.0,43.5,44.27,4831
2005-10-21,44.51,45.0,44.5,44.88,3469
2005-10-24,44.81,45.0,44.75,44.89,3339
2005-10-25,45.0,45.0,44.75,44.76,4712
2005-10-26,44.76,45.0,44.75,44.8,7536
2005-10-27,44.76,45.23,44.75,44.81,3288
2005-10-28,44.8,47.6,41.11,42.16,36504
2005-10-31,42.31,42.31,39.15,40.15,12627
2005-11-01,40.1,42.5,40.0,41.51,7932
2005-11-02,43.0,43.0,41.7,42.11,3595
2005-11-07,42.0,44.0,41.02,43.56,20778
2005-11-08,43.65,46.9,43.2,45.59,28426
2005-11-09,45.2,46.15,41.5,43.06,17900
2005-11-10,45.0,45.39,42.7,43.14,5733
2005-11-11,45.0,45.0,42.8,43.13,5189
2005-11-14,44.79,44.79,42.04,42.29,10536
2005-11-16,42.6,43.24,42.04,42.7,9896
2005-11-17,42.72,43.2,42.6,42.91,9034
2005-11-18,43.0,43.3,42.7,42.89,42324
2005-11-21,42.43,43.1,34.7,41.94,10561
2005-11-22,43.0,43.26,42.0,42.64,24673
2005-11-23,42.6,42.61,40.0,41.67,56297
2005-11-24,42.0,42.45,41.7,41.8,7162
2005-11-25,42.2,42.2,41.53,41.87,24086
2005-11-26,40.1,42.0,40.1,41.68,2727
2005-11-28,42.0,42.08,41.6,41.85,41402
2005-11-29,41.8,42.7,41.23,41.39,7917
2005-11-30,42.4,42.4,41.6,41.61,15941
2005-12-01,42.49,42.5,41.61,42.43,9691
2005-12-02,42.4,42.5,41.55,41.86,7077
2005-12-05,41.86,42.29,41.5,41.62,7096
2005-12-06,42.0,42.19,41.61,42.01,1365
2005-12-07,42.37,42.37,41.71,41.8,1464
2005-12-08,41.72,42.5,41.72,42.22,4124
2005-12-09,42.49,42.49,41.8,41.87,3912
2005-12-12,42.01,43.0,42.0,42.52,26047
2005-12-13,42.2,42.75,41.81,42.02,6076
2005-12-14,42.02,42.4,41.62,41.93,3827
2005-12-15,41.9,42.37,41.8,41.87,13394
2005-12-16,41.91,42.1,41.51,41.62,2122
2005-12-19,41.62,41.89,41.0,41.39,19487
2005-12-20,41.39,41.65,40.5,40.62,51888
2005-12-21,41.0,41.84,41.0,41.26,9767
2005-12-22,42.5,42.5,40.83,40.98,3102
2005-12-23,40.81,41.3,40.7,40.77,6001
2005-12-26,40.8,40.99,39.9,40.0,3931
2005-12-27,40.4,40.7,40.11,40.4,126065
2005-12-28,40.4,41.1,39.85,40.07,6720
2005-12-29,40.2,40.99,40.2,40.76,3282
2005-12-30,40.0,41.7,40.0,41.04,7449
2006-01-02,41.01,41.8,41.0,41.41,3322
2006-01-03,41.5,42.75,41.5,42.56,59028
2006-01-04,42.9,43.21,42.15,43.06,11737
2006-01-05,42.25,44.5,42.2,43.91,21861
2006-01-06,43.9,43.99,42.51,42.89,9675
2006-01-09,43.49,43.98,42.8,42.88,6338
2006-01-10,42.99,42.99,42.31,42.35,2835
2006-01-12,42.35,43.0,42.0,42.11,3660
2006-01-13,42.3,42.49,41.51,41.89,4258
2006-01-16,41.79,41.79,41.5,41.65,2640
2006-01-17,41.51,42.2,41.16,41.24,2682
2006-01-18,41.5,41.5,40.1,40.88,3093
2006-01-19,42.9,42.9,39.25,39.91,66955
2006-01-20,39.51,39.51,35.71,35.94,54991
2006-01-23,37.6,37.6,35.4,36.04,52993
2006-01-24,36.78,36.78,35.28,35.66,9032
2006-01-25,35.79,36.31,35.2,35.56,7466
2006-01-27,37.2,37.2,34.3,34.84,15427
2006-01-30,35.49,35.8,33.96,34.01,21332
2006-01-31,34.39,35.2,33.6,33.82,14859
2006-02-01,34.0,34.95,33.46,33.75,119500
2006-02-02,34.19,34.4,33.61,33.83,106520
2006-02-03,34.29,35.0,33.9,34.64,116447
2006-02-06,34.64,35.9,34.64,35.55,17129
2006-02-07,36.0,36.6,35.22,35.5,18588
2006-02-08,35.99,35.99,35.01,35.22,4111
2006-02-10,35.4,35.69,34.55,34.77,27945
2006-02-13,34.6,35.5,33.8,34.0,14371
2006-02-14,34.5,34.5,33.5,34.34,10795
2006-02-15,34.9,34.9,34.06,34.27,2644
2006-02-16,33.83,35.1,33.83,34.96,9614
2006-02-17,35.38,35.43,34.01,34.11,5245
2006-02-20,34.2,34.38,33.9,33.94,4249
2006-02-21,33.71,34.59,33.71,33.99,5084
2006-02-22,34.0,34.5,33.52,34.3,5225
2006-02-23,33.53,34.8,33.53,34.58,6970
2006-02-24,34.28,34.69,33.86,34.52,5406
2006-02-27,34.5,34.65,33.4,33.53,9562
2006-02-28,33.8,33.9,33.21,33.76,4657
2006-03-01,33.25,34.9,33.25,34.28,17613
2006-03-02,34.79,34.79,33.94,34.06,7922
2006-03-03,34.22,34.51,33.51,33.82,12016
2006-03-06,34.2,34.3,33.8,34.23,6885
2006-03-07,34.0,34.21,33.5,33.79,5919
2006-03-08,33.55,34.8,33.55,33.87,33924
2006-03-09,33.51,35.0,33.5,34.81,8717
2006-03-10,37.2,40.1,33.4,33.71,8862
2006-03-13,36.0,37.4,34.2,34.56,11906
2006-03-14,34.71,35.0,34.51,34.6,7650
2006-03-16,34.49,35.8,33.81,35.53,14299
2006-03-17,35.31,35.77,34.5,35.56,10731
2006-03-20,34.78,35.5,34.61,34.71,4082
2006-03-21,36.3,36.3,34.1,34.51,9077
2006-03-22,34.85,35.01,34.36,34.52,4931
2006-03-23,34.51,35.2,34.3,34.9,206989
2006-03-24,35.49,35.55,34.51,34.73,49925
2006-03-27,35.39,35.53,34.23,34.47,6321
2006-03-28,34.5,35.4,34.15,34.49,8627
2006-03-29,34.29,34.29,33.71,33.87,5425
2006-03-30,34.0,34.98,32.44,34.3,23695
2006-03-31,34.5,35.4,34.35,35.08,7519
2006-04-03,34.61,36.5,34.61,35.74,25936
2006-04-04,36.2,36.5,35.3,35.71,17278
2006-04-05,35.9,37.0,35.48,36.33,20444
2006-04-07,35.9,37.5,35.5,36.55,38201
2006-04-10,35.5,36.3,35.0,36.19,18266
2006-04-12,35.0,35.94,35.0,35.54,5266
2006-04-13,34.53,35.42,34.01,34.44,24024
2006-04-17,34.7,35.6,34.1,35.36,8756
2006-04-18,35.01,36.0,35.01,35.56,8872
2006-04-19,39.2,39.3,35.35,35.71,4443
2006-04-20,36.5,36.5,35.5,35.62,14778
2006-04-21,33.6,35.7,33.51,35.28,9085
2006-04-24,35.11,35.68,34.52,34.72,5456
2006-04-25,35.5,35.5,34.5,34.66,7318
2006-04-26,34.52,35.3,34.16,34.52,17433
2006-04-27,35.5,35.5,33.57,33.77,14104
2006-04-28,33.51,35.99,33.0,33.91,5607
2006-04-29,34.0,34.0,32.9,33.03,9674
2006-05-02,33.97,34.58,33.5,34.48,11647
2006-05-03,33.63,34.7,33.6,34.14,6159
2006-05-04,34.49,35.2,34.04,34.61,8670
2006-05-05,33.8,35.39,33.52,33.94,8246
2006-05-08,34.0,35.6,34.0,35.47,12173
2006-05-09,36.0,36.0,34.5,34.92,6986
2006-05-10,35.2,35.69,34.95,35.53,8462
2006-05-11,35.03,36.39,35.0,35.82,7384
2006-05-12,35.0,36.5,35.0,35.77,8769
2006-05-15,35.0,35.5,33.5,33.75,7601
2006-05-16,34.0,34.0,33.31,33.61,6141
2006-05-17,34.0,34.35,33.0,33.23,19542
2006-05-18,33.35,33.8,31.13,32.03,14745
2006-05-19,32.9,32.9,30.7,30.96,4943
2006-05-22,31.0,31.2,29.0,29.47,9211
2006-05-23,28.1,32.5,28.1,30.21,6551
2006-05-24,29.71,30.88,29.4,29.8,130251
2006-05-25,30.3,30.3,28.72,29.58,24887
2006-05-26,29.4,30.99,28.59,28.85,11271
2006-05-29,29.99,29.99,28.61,28.8,5676
2006-05-30,29.0,29.2,28.61,28.72,32060
2006-05-31,28.5,33.25,27.3,32.05,69142
2006-06-01,31.01,33.5,29.62,30.81,67985
2006-06-02,29.5,30.91,29.5,30.62,42078
2006-06-05,36.6,36.6,30.32,31.72,28475
2006-06-06,30.06,31.2,29.8,29.88,11521
2006-06-07,29.5,30.27,27.0,27.75,14564
2006-06-08,26.1,27.99,24.1,24.63,13965
2006-06-09,23.5,29.4,23.5,27.56,19340
2006-06-12,27.56,29.09,26.72,27.28,19779
2006-06-13,26.1,27.3,23.5,24.24,123997
2006-06-14,25.1,27.0,24.2,24.5,8731
2006-06-15,24.51,25.3,23.6,24.0,407148
2006-06-16,25.9,26.88,24.41,24.63,38501
2006-06-19,24.89,26.0,24.11,25.41,81226
2006-06-20,25.19,25.7,24.6,24.99,8567
2006-06-21,25.39,25.5,24.7,25.42,83718
2006-06-22,26.0,27.99,25.8,25.86,13096
2006-06-23,26.0,26.0,25.23,25.73,7456
2006-06-25,27.0,27.0,25.6,25.91,3262
2006-06-26,25.51,25.9,25.05,25.13,7273
2006-06-27,25.9,25.9,24.8,25.22,2620
2006-06-28,25.5,25.5,24.94,25.05,3762
2006-06-29,25.3,25.55,25.11,25.52,5859
2006-06-30,25.61,26.3,25.51,26.15,10978
2006-07-03,26.3,26.49,25.9,26.16,3589
2006-07-04,26.49,26.49,25.75,25.99,4822
2006-07-05,26.06,26.89,25.95,26.45,7661
2006-07-06,27.0,28.0,26.7,27.39,18738
2006-07-07,27.43,27.95,26.82,26.99,6159
2006-07-10,26.9,27.7,26.62,27.52,16469
2006-07-11,27.23,28.0,27.0,27.8,5525
2006-07-12,27.01,28.5,27.01,28.21,8928
2006-07-13,27.61,28.5,27.5,28.18,8339
2006-07-14,26.9,27.98,26.9,27.75,2718
2006-07-17,26.7,28.2,26.7,27.85,7950
2006-07-18,28.0,28.5,27.2,28.42,5311
2006-07-19,28.3,28.3,27.45,27.52,5404
2006-07-20,27.33,28.4,27.33,28.03,11926
2006-07-21,28.5,28.5,27.63,28.14,7366
2006-07-24,27.5,29.8,27.5,28.76,5887
2006-07-25,28.1,29.9,28.1,29.12,14149
2006-07-26,29.18,30.8,28.62,30.49,13059
2006-07-27,28.7,32.39,28.7,31.92,36654
2006-07-28,32.9,32.99,31.0,32.1,43589
2006-07-31,32.19,34.5,31.7,32.7,13482
2006-08-01,33.3,33.3,32.1,32.95,9728
2006-08-02,32.7,33.4,32.5,33.19,6178
2006-08-03,33.15,33.5,32.7,33.19,12113
2006-08-04,32.8,33.88,32.51,33.71,6515
2006-08-07,33.6,33.9,33.23,33.73,2988
2006-08-08,34.66,34.66,33.4,34.24,7310
2006-08-09,34.2,34.98,33.9,34.33,6298
2006-08-10,34.49,35.0,33.93,34.16,57513
2006-08-11,34.6,34.6,33.82,34.01,55719
2006-08-14,34.2,35.5,34.2,35.08,32993
2006-08-16,36.7,36.7,34.11,35.28,9721
2006-08-17,35.9,35.98,34.82,35.77,9368
2006-08-18,36.5,38.8,35.57,36.68,14766
2006-08-21,37.19,38.5,37.19,37.94,41457
2006-08-22,38.5,38.7,37.2,37.53,11929
2006-08-23,37.61,37.61,36.1,36.31,9864
2006-08-24,36.4,36.78,33.82,35.7,10089
2006-08-25,36.15,36.79,35.81,36.09,5309
2006-08-28,35.08,36.48,35.08,36.12,6033
2006-08-29,36.8,37.49,36.5,37.19,12015
2006-08-30,37.7,38.98,37.7,38.74,43406
2006-08-31,39.8,40.1,38.52,38.8,31099
2006-09-01,38.8,39.7,38.7,39.08,14842
2006-09-04,39.99,39.99,39.08,39.49,12563
2006-09-05,40.2,40.2,39.0,39.33,13327
2006-09-06,39.8,40.01,39.0,39.37,13558
2006-09-07,38.5,39.4,38.5,38.74,4718
2006-09-08,38.75,39.4,38.5,38.71,6436
2006-09-11,38.5,39.3,37.1,37.18,5602
2006-09-12,38.0,40.6,36.0,39.45,8303
2006-09-13,37.06,39.69,37.06,39.45,13365
2006-09-14,39.51,39.51,37.81,37.9,11365
2006-09-15,38.4,38.9,37.4,38.08,14702
2006-09-18,38.5,38.5,37.0,37.2,14691
2006-09-19,37.8,37.99,36.71,36.87,7488
2006-09-20,37.38,37.39,36.3,36.49,7942
2006-09-21,36.6,39.1,36.6,37.17,42843
2006-09-22,37.28,37.8,36.5,36.71,19948
2006-09-25,36.95,38.0,36.7,36.89,16583
2006-09-26,37.6,37.6,36.51,36.78,6505
2006-09-27,37.8,37.8,36.61,36.97,7723
2006-09-28,36.86,37.2,36.6,36.85,4134
2006-09-29,37.2,37.2,36.7,36.93,4130
2006-10-03,37.05,37.05,36.3,36.43,6741
2006-10-04,36.87,36.87,36.3,36.67,3786
2006-10-05,36.8,37.35,36.67,37.08,6519
2006-10-06,36.53,37.3,36.53,36.97,4753
2006-10-09,36.0,37.19,35.5,36.52,5945
2006-10-10,37.0,37.3,37.0,37.16,5297
2006-10-11,37.4,38.6,37.3,38.45,20389
2006-10-12,38.67,39.44,38.15,38.66,12384
2006-10-13,39.2,39.6,38.95,39.53,26113
2006-10-16,38.83,40.0,38.83,39.34,15345
2006-10-17,39.2,39.6,38.9,39.37,15486
2006-10-18,39.0,43.8,39.0,42.74,205864
2006-10-19,43.64,45.0,43.23,44.83,115735
2006-10-20,45.0,45.48,42.66,44.15,116201
2006-10-21,44.88,44.88,43.61,44.21,6529
2006-10-23,44.68,45.5,44.41,45.29,21335
2006-10-26,45.9,45.98,44.1,44.49,55615
2006-10-27,44.37,44.8,43.51,44.11,53053
2006-10-30,44.0,44.56,42.61,43.01,9087
2006-10-31,43.2,43.8,42.5,43.33,8469
2006-11-01,40.41,43.91,40.41,42.93,5004
2006-11-02,43.0,43.33,42.51,43.12,10484
2006-11-03,43.1,43.45,42.7,43.07,6049
2006-11-06,41.5,44.48,41.5,43.38,29194
2006-11-07,42.93,43.4,42.54,42.63,53053
2006-11-08,42.8,42.94,41.9,41.98,30874
2006-11-09,42.77,43.13,42.0,42.82,10273
2006-11-10,43.59,43.59,42.5,42.89,7063
2006-11-13,43.6,43.64,43.02,43.11,6604
2006-11-14,43.5,43.5,42.6,42.72,5221
2006-11-15,43.0,43.25,42.56,42.91,10089
2006-11-16,42.9,43.05,42.5,42.9,9950
2006-11-17,42.64,42.9,42.51,42.56,9015
2006-11-20,42.6,43.13,41.35,43.04,7121
2006-11-21,42.31,43.7,42.31,43.45,19234
2006-11-22,43.0,43.7,42.9,43.49,13198
2006-11-23,43.03,44.3,43.03,43.87,170827
2006-11-24,44.0,50.89,44.0,47.35,94920
2006-11-27,48.3,48.3,45.6,46.01,27613
2006-11-28,46.0,49.1,45.4,48.36,88599
2006-11-29,46.52,49.39,46.52,47.6,25068
2006-11-30,47.37,50.4,47.11,48.27,47392
2006-12-01,49.3,53.3,48.65,52.5,115367
2006-12-04,52.9,55.19,52.6,54.57,55412
2006-12-05,55.1,55.5,53.0,53.95,41103
2006-12-06,54.0,54.4,51.5,51.72,16125
2006-12-07,52.01,54.8,50.2,53.91,30424
2006-12-08,50.39,56.4,50.39,54.17,49024
2006-12-11,54.5,54.5,50.7,52.53,34118
2006-12-12,50.7,53.0,50.2,51.81,21615
2006-12-13,51.03,54.0,50.4,53.29,13429
2006-12-14,53.9,54.5,52.52,54.05,13439
2006-12-15,52.68,55.5,52.68,53.64,14928
2006-12-18,55.25,55.25,52.41,53.34,4582
2006-12-19,53.61,54.2,52.0,53.92,130959
2006-12-20,53.71,54.5,52.2,53.37,22230
2006-12-21,52.0,54.0,52.0,52.97,23637
2006-12-22,53.8,53.8,51.9,52.32,9761
2006-12-26,52.8,53.0,52.3,52.54,39407
2006-12-27,52.12,55.8,52.12,55.24,22344
2006-12-28,55.95,59.8,54.1,59.42,46790
2006-12-29,59.7,60.8,57.0,59.84,26250
2007-01-02,60.3,60.98,58.13,58.46,10856
2007-01-03,59.58,60.25,58.21,59.78,17728
2007-01-04,59.1,59.7,58.1,59.31,10730
2007-01-05,59.4,61.5,58.83,61.46,20838
2007-01-08,61.2,65.0,60.2,63.47,125744
2007-01-09,63.8,65.42,61.01,61.36,15968
2007-01-10,61.5,64.0,60.4,63.18,10246
2007-01-11,61.51,64.35,61.4,63.77,11016
2007-01-12,64.0,64.0,62.02,63.06,12620
2007-01-15,63.5,63.6,61.51,61.99,13899
2007-01-16,62.0,63.39,62.0,62.32,14320
2007-01-17,62.66,65.6,61.62,64.76,19841
2007-01-18,64.0,65.5,62.2,63.77,26332
2007-01-19,64.0,65.5,63.5,64.23,41510
2007-01-22,64.5,65.9,64.02,64.34,13291
2007-01-23,65.5,66.9,60.56,62.03,104064
2007-01-24,63.5,64.1,61.4,61.61,35020
2007-01-25,63.0,64.5,61.4,63.38,143254
2007-01-29,62.43,64.4,59.03,63.12,24700
2007-01-31,63.3,64.0,62.51,63.42,8742
2007-02-01,63.95,65.0,62.51,64.52,7923
2007-02-02,63.62,64.5,63.21,63.55,2750
2007-02-05,64.38,64.38,62.3,62.53,73205
2007-02-06,63.41,63.5,62.3,62.83,6463
2007-02-07,62.61,63.0,62.0,62.53,116182
2007-02-08,62.13,65.1,62.13,64.33,9066
2007-02-09,66.0,66.0,63.0,64.02,28347
2007-02-12,63.8,64.0,61.02,63.66,9112
2007-02-13,61.5,63.8,61.1,62.4,5892
2007-02-14,61.5,64.0,61.13,63.96,31085
2007-02-15,67.5,67.5,62.15,64.27,22864
2007-02-19,65.5,65.5,63.76,64.07,17553
2007-02-20,62.67,64.5,62.67,63.86,3041
2007-02-21,63.8,64.19,62.91,63.79,2232
2007-02-22,64.2,64.2,62.01,62.9,1330
2007-02-23,61.8,63.49,61.8,62.99,13052
2007-02-26,62.5,63.0,59.03,62.5,12349
2007-02-27,61.61,61.77,60.2,61.26,5648
2007-02-28,55.5,63.5,55.5,61.85,7303
2007-03-01,62.2,63.5,60.65,62.24,2865
2007-03-02,61.15,62.4,60.0,60.85,3110
2007-03-05,57.01,61.48,57.0,60.62,6387
2007-03-06,60.5,61.0,58.5,59.94,8449
2007-03-07,60.5,60.5,59.0,60.0,9238
2007-03-08,59.5,60.0,58.52,59.67,18232
2007-03-09,62.9,62.9,57.55,58.23,13836
2007-03-12,57.5,59.0,57.3,57.65,3025
2007-03-13,56.36,58.1,56.36,57.04,7550
2007-03-14,54.3,57.2,54.3,56.51,3348
2007-03-15,59.4,59.5,56.1,57.87,7259
2007-03-16,57.13,58.6,56.1,57.69,9553
2007-03-19,57.01,58.88,57.01,58.16,1154
2007-03-20,58.31,58.78,57.81,57.96,2949
2007-03-21,58.43,58.9,57.04,58.43,1291
2007-03-22,59.99,61.6,57.0,59.87,12007
2007-03-23,59.0,60.01,58.81,59.85,4751
2007-03-26,59.2,59.85,58.68,59.74,2283
2007-03-28,59.5,59.6,57.25,59.46,4946
2007-03-29,58.55,61.0,58.55,60.27,19603
2007-03-30,61.37,62.4,58.99,60.19,21429
2007-04-02,62.0,62.0,58.8,60.38,2479
2007-04-03,61.0,61.0,56.6,59.86,8644
2007-04-04,60.5,61.0,59.03,59.82,11188
2007-04-05,60.1,61.1,59.23,60.57,3589
2007-04-09,60.01,60.2,59.51,59.71,3382
2007-04-10,60.5,62.5,60.13,60.51,53590
2007-04-11,60.8,62.0,60.51,61.61,1737
2007-04-12,60.62,62.5,60.62,61.44,5072
2007-04-13,62.39,62.6,61.61,62.09,4205
2007-04-16,69.8,69.8,63.1,63.75,13446
2007-04-17,65.51,67.2,65.0,65.62,10004
2007-04-18,67.2,67.2,65.51,66.97,11415
2007-04-19,65.61,66.99,65.22,66.49,5078
2007-04-20,66.8,67.0,65.2,66.83,33197
2007-04-23,63.56,66.99,63.56,65.87,16750
2007-04-24,65.2,66.02,65.1,65.99,3456
2007-04-25,65.51,66.1,65.1,65.91,2962
2007-04-26,63.25,65.9,63.25,64.61,1087
2007-04-27,66.1,66.1,62.71,63.0,1185
2007-04-30,63.0,67.0,63.0,66.62,3307
2007-05-03,69.77,69.77,65.27,65.94,5428
2007-05-04,65.3,66.0,64.1,64.81,1984
2007-05-07,64.8,65.0,63.01,63.34,5992
2007-05-08,64.78,64.78,62.0,63.41,3354
2007-05-09,62.06,63.49,59.6,60.7,112069
2007-05-10,63.4,63.4,61.04,61.46,5377
2007-05-11,60.6,62.5,60.45,61.38,9913
2007-05-14,63.9,63.9,61.0,61.13,1827
2007-05-15,59.44,62.79,59.44,62.25,105391
2007-05-16,61.6,62.79,61.35,62.02,2645
2007-05-17,61.66,62.5,61.5,61.76,1613
2007-05-18,62.0,62.6,60.61,61.63,3804
2007-05-21,62.5,63.5,61.72,62.24,12849
2007-05-22,62.5,62.5,61.5,61.98,857
2007-05-23,62.2,63.0,61.7,62.67,3846
2007-05-24,62.24,62.99,61.22,62.08,6912
2007-05-25,62.7,65.2,61.98,62.32,42373
2007-05-28,62.88,62.9,61.0,61.28,6668
2007-05-29,61.99,62.95,61.4,61.99,109090
2007-05-30,63.3,63.3,62.0,62.58,8699
2007-05-31,62.7,64.35,62.5,63.02,11601
2007-06-01,64.8,64.8,63.0,63.06,6903
2007-06-04,63.0,63.5,62.95,63.0,29263
2007-06-05,64.2,67.7,64.19,67.27,177095
2007-06-06,67.5,68.0,64.5,64.99,20540
2007-06-07,66.7,70.5,65.0,69.49,33334
2007-06-08,65.1,69.5,65.1,68.85,11061
2007-06-11,70.0,70.28,66.63,67.08,11767
2007-06-12,68.8,68.8,65.01,68.25,18140
2007-06-13,68.8,68.8,67.0,68.23,3507
2007-06-14,67.8,70.0,67.8,69.88,8765
2007-06-15,70.0,70.7,68.5,69.19,5360
2007-06-18,70.0,70.79,69.5,70.22,9720
2007-06-19,70.48,70.5,68.11,69.89,2162
2007-06-20,70.7,72.01,69.9,70.5,37123
2007-06-21,65.0,71.5,65.0,71.24,16384
2007-06-22,71.0,73.1,71.0,72.24,20346
2007-06-25,72.24,72.7,69.5,70.67,10335
2007-06-26,71.4,72.7,71.4,71.5,57467
2007-06-27,69.81,72.5,69.81,71.31,7966
2007-06-28,71.6,72.28,71.4,71.4,3156
2007-06-29,71.5,73.5,70.03,72.9,10311
2007-07-02,73.9,77.0,71.62,74.97,15384
2007-07-03,79.0,79.5,76.51,76.98,14244
2007-07-04,79.5,79.5,76.0,76.57,15569
2007-07-05,77.9,78.0,75.0,75.34,5162
2007-07-06,74.01,78.8,74.01,75.82,13685
2007-07-09,77.83,77.9,74.6,75.07,5644
2007-07-10,74.97,76.0,73.21,73.81,12351
2007-07-11,73.0,74.77,72.35,73.83,3375
2007-07-12,74.25,74.99,72.71,73.49,2666
2007-07-13,74.5,74.7,73.13,73.69,2698
2007-07-16,73.69,74.0,72.5,72.97,8647
2007-07-17,72.05,73.3,71.3,71.75,4357
2007-07-18,71.9,72.2,69.11,70.13,4780
2007-07-19,69.11,71.7,69.11,71.09,5472
2007-07-20,73.8,73.8,70.9,71.62,14019
2007-07-23,71.4,72.99,71.4,72.43,3829
2007-07-24,73.4,73.4,71.5,71.58,4483
2007-07-25,71.8,72.5,71.5,71.57,2290
2007-07-26,70.97,71.7,69.9,70.47,28209
2007-07-27,69.13,71.31,68.2,70.55,6677
2007-07-30,70.0,71.69,69.7,70.76,1576596
2007-07-31,71.85,72.0,70.01,70.6,2549
2007-08-01,72.8,72.9,69.1,70.17,4059
2007-08-02,70.5,70.9,69.0,69.39,3066
2007-08-03,70.5,70.6,69.18,69.97,1343
2007-08-06,70.0,71.0,68.8,70.82,2615
2007-08-07,70.0,72.0,66.57,68.94,10489
2007-08-08,69.22,70.0,68.9,69.65,2322
2007-08-09,69.99,70.2,69.1,69.33,4744
2007-08-10,68.88,69.5,67.1,69.25,905
2007-08-13,69.9,71.5,68.8,69.1,38186
2007-08-14,69.31,70.3,68.8,69.12,1930
2007-08-16,67.52,69.9,65.0,67.99,40150
2007-08-17,70.84,70.84,65.01,69.06,2759
2007-08-20,67.11,69.89,67.11,68.5,1403
2007-08-21,67.0,69.6,66.25,67.14,8419
2007-08-22,66.5,67.0,64.6,66.04,5129
2007-08-23,66.0,66.6,64.2,64.7,8453
2007-08-24,65.0,66.0,63.7,64.35,923
2007-08-27,65.01,67.99,64.01,66.33,1711
2007-08-28,65.61,67.0,64.66,65.14,20035
2007-08-29,65.79,67.2,64.55,67.0,143652
2007-08-30,67.4,69.0,67.01,67.44,3652
2007-08-31,67.9,70.0,67.44,69.34,28771
2007-09-03,68.0,70.0,68.0,69.76,1099
2007-09-04,68.6,70.5,67.5,70.08,3870
2007-09-05,70.5,70.5,69.51,69.93,1540
2007-09-06,68.15,72.1,68.15,71.05,32495
2007-09-07,68.5,71.0,68.5,70.51,1746
2007-09-10,70.0,70.0,69.0,70.0,101169
2007-09-11,69.3,70.0,67.52,68.14,80040
2007-09-12,69.5,70.5,68.23,68.84,85335
2007-09-13,68.61,70.0,68.1,68.83,4827
2007-09-14,69.4,71.5,68.0,68.37,3989
2007-09-17,70.4,74.0,67.51,67.95,1350
2007-09-18,69.29,69.3,67.5,67.68,1985
2007-09-19,68.0,70.0,67.7,69.37,70638
2007-09-20,69.8,70.0,68.6,69.11,609943
2007-09-21,69.4,70.8,69.0,69.56,7814
2007-09-24,69.11,69.3,66.9,67.54,234036
2007-09-25,68.0,68.0,62.9,65.98,40135
2007-09-26,66.9,66.9,65.1,65.5,52812
2007-09-27,72.66,72.66,65.23,65.41,2362
2007-09-28,66.5,66.65,65.5,66.02,29211
2007-10-01,65.53,67.85,65.2,65.47,11841
2007-10-03,66.0,66.0,64.2,65.42,2425
2007-10-04,64.04,65.79,63.5,64.59,2938
2007-10-05,64.53,65.3,63.15,63.92,2261
2007-10-08,63.8,65.7,61.5,65.08,4581
2007-10-09,75.0,75.0,62.5,67.22,8239
2007-10-10,68.2,68.4,65.13,65.61,9369
2007-10-11,67.0,67.5,64.5,64.85,8638
2007-10-12,67.3,68.5,63.9,64.5,24798
2007-10-15,64.6,65.6,63.16,63.54,4163
2007-10-16,64.4,65.0,62.5,63.28,111070
2007-10-17,59.0,62.5,59.0,60.78,5461
2007-10-18,62.93,62.93,60.5,60.83,2103
2007-10-19,60.1,61.5,60.0,60.25,1665
2007-10-22,60.0,61.4,58.8,59.1,2732
2007-10-23,58.5,62.0,58.26,61.67,4420
2007-10-24,62.05,63.0,59.1,60.02,3516
2007-10-25,62.4,62.4,60.53,61.15,2895
2007-10-26,60.06,63.0,60.06,61.94,3046
2007-10-29,64.8,64.8,61.5,62.27,19841
2007-10-30,63.8,65.28,63.0,64.04,171570
2007-10-31,64.2,64.88,63.0,63.98,20371
2007-11-01,64.95,68.0,64.61,67.51,44290
2007-11-02,65.0,66.9,62.87,65.21,3324
2007-11-05,71.5,71.5,65.6,68.42,20180
2007-11-06,70.2,71.0,67.0,67.4,6787
2007-11-07,69.0,69.0,65.5,65.96,5752
2007-11-08,67.4,67.8,65.2,65.6,3602
2007-11-09,69.9,69.9,64.1,65.67,1020
2007-11-12,65.2,65.2,61.5,62.71,4758
2007-11-13,64.36,64.4,61.0,62.11,3146
2007-11-14,62.8,64.0,61.49,62.61,21074
2007-11-15,62.01,63.79,60.5,61.21,23979
2007-11-16,61.2,63.0,60.5,60.95,65090
2007-11-19,62.2,63.0,61.1,62.44,2448
2007-11-20,62.8,67.0,61.7,62.86,4626
2007-11-21,62.71,63.89,62.0,63.01,3454
2007-11-22,62.5,62.5,58.1,60.78,4018
2007-11-23,64.0,64.0,60.5,60.99,1566
2007-11-26,61.8,63.5,60.6,61.46,4127
2007-11-27,61.9,62.5,60.81,62.02,875
2007-11-28,61.01,62.8,60.5,60.85,2321
2007-11-29,61.08,61.8,60.5,60.58,4057
2007-11-30,63.0,63.0,59.8,59.96,8103
2007-12-03,61.4,61.9,59.5,59.72,50583
2007-12-04,59.22,60.75,58.96,59.58,14686
2007-12-05,60.0,60.9,59.5,59.91,2477
2007-12-06,60.8,61.4,60.1,60.99,52351
2007-12-07,61.4,63.5,60.9,61.9,110146
2007-12-10,62.2,64.99,61.5,64.54,13041
2007-12-11,64.8,65.9,64.5,65.52,6184
2007-12-12,60.5,66.0,60.5,64.99,4620
2007-12-13,65.5,66.0,64.5,64.98,10449
2007-12-14,65.55,65.9,64.6,64.99,13087
2007-12-17,65.22,69.8,64.9,66.49,14362
2007-12-18,67.8,67.8,62.26,65.01,10962
2007-12-19,69.0,69.0,65.0,65.15,6133
2007-12-20,65.9,65.9,63.86,64.1,2907
2007-12-24,64.5,66.44,64.5,65.85,12046
2007-12-26,66.0,67.0,66.0,66.6,2660
2007-12-27,65.52,66.3,65.5,65.74,2802
2007-12-28,62.71,66.5,62.71,65.6,18010
2007-12-31,66.5,69.0,65.5,68.61,13146
2008-01-01,66.51,69.2,66.0,66.72,7316
2008-01-02,65.0,68.5,60.2,66.99,4316
2008-01-03,66.01,68.37,66.0,67.49,24347
2008-01-04,68.5,69.8,67.0,69.17,265667
2008-01-07,69.5,70.7,68.2,69.01,8182
2008-01-08,69.5,71.0,69.0,70.91,225454
2008-01-09,71.0,71.4,70.0,70.65,5747
2008-01-10,70.32,75.5,70.32,70.96,14496
2008-01-11,72.0,72.3,70.5,71.05,16337
2008-01-14,70.03,72.5,70.03,72.31,7077
2008-01-15,72.5,73.5,71.3,72.46,5138
2008-01-16,70.56,72.47,70.01,71.0,32612
2008-01-17,71.1,73.8,71.1,73.0,10161
2008-01-18,73.0,74.1,71.0,71.01,5420
2008-01-21,71.0,71.0,69.1,69.91,71165
2008-01-22,64.21,70.0,64.21,65.74,103738
2008-01-23,67.0,67.0,56.0,64.53,2301
2008-01-24,65.0,67.9,63.6,64.0,2007
2008-01-25,62.15,66.5,62.15,64.68,2044
2008-01-28,66.5,71.1,63.9,66.39,6961
2008-01-29,66.4,66.4,64.5,64.81,6602
2008-01-30,65.5,65.5,64.95,65.41,10375
2008-01-31,63.46,64.8,60.5,63.01,2802
2008-02-01,62.6,63.0,61.63,62.12,1821
2008-02-04,62.74,64.1,62.0,63.37,2427
2008-02-05,64.1,64.1,62.2,63.02,477
2008-02-06,62.8,63.6,60.01,63.5,70735
2008-02-07,63.2,63.2,62.11,62.23,2286
2008-02-08,62.2,63.0,62.0,62.0,1522
2008-02-11,61.8,62.0,59.3,60.01,859
2008-02-12,60.5,61.2,60.0,60.52,1729
2008-02-13,60.9,61.18,60.5,60.6,349
2008-02-14,61.8,62.0,60.0,60.3,14130
2008-02-15,60.1,62.4,59.0,59.87,2111
2008-02-18,60.03,61.0,60.0,60.03,1067
2008-02-19,60.2,61.15,60.0,60.22,1218
2008-02-20,60.01,63.69,60.0,61.51,2255
2008-02-21,61.0,61.0,60.0,60.25,459
2008-02-22,60.2,61.4,60.0,60.29,483
2008-02-25,61.0,63.6,61.0,63.44,4111
2008-02-26,63.2,66.48,63.0,65.62,8358
2008-02-27,67.5,67.5,63.2,64.88,5462
2008-02-28,64.5,65.0,63.7,64.13,769
2008-02-29,64.8,65.5,61.7,62.1,2320
2008-03-03,62.93,63.5,61.8,62.06,867
2008-03-04,62.4,62.4,59.4,59.6,662
2008-03-05,60.0,61.8,59.0,59.41,3367
2008-03-07,58.4,58.41,57.0,58.0,1329
2008-03-10,56.51,57.0,53.0,53.98,74543
2008-03-11,54.94,55.9,54.5,55.35,7889
2008-03-12,55.8,60.0,54.51,55.36,1319
2008-03-13,55.95,55.95,52.56,53.0,11475
2008-03-14,53.0,53.0,49.95,50.58,12761
2008-03-17,50.2,50.79,49.5,50.56,6229
2008-03-18,50.1,50.8,48.1,49.77,3645
2008-03-19,50.0,51.0,48.5,49.9,4796
2008-03-24,49.0,53.9,44.55,51.08,4841
2008-03-25,48.7,53.99,48.61,53.33,5567
2008-03-26,54.0,57.0,52.21,55.48,8193
2008-03-27,52.71,55.7,52.5,54.49,14767
2008-03-28,55.3,59.0,55.0,57.55,9180
2008-03-31,58.0,62.0,57.23,61.71,11149
2008-04-01,62.4,64.9,56.76,60.91,6775
2008-04-02,59.1,61.45,57.2,60.99,9700
2008-04-03,60.84,61.11,59.2,60.61,7869
2008-04-04,59.6,61.0,59.4,60.75,2990
2008-04-07,61.4,62.0,59.05,61.55,77328
2008-04-08,62.88,62.88,59.25,60.08,3373
2008-04-09,60.0,60.19,55.27,60.01,4611
2008-04-10,60.2,60.5,56.07,60.5,8982
2008-04-11,61.0,61.8,60.61,61.58,782
2008-04-15,61.5,62.5,60.5,62.21,25140
2008-04-16,62.2,63.2,61.21,61.77,6690
2008-04-17,61.6,61.6,60.0,61.35,10540
2008-04-21,61.97,62.04,60.6,61.08,4260
2008-04-22,61.4,61.8,60.7,61.52,28940
2008-04-23,61.4,62.51,61.0,62.46,32720
2008-04-24,62.4,63.2,61.6,62.57,794410
2008-04-25,62.6,64.9,62.1,64.06,31170
2008-04-28,63.8,64.9,63.21,63.92,3430
2008-04-29,61.26,63.28,61.26,62.55,8530
2008-04-30,61.92,63.9,61.8,63.57,68960
2008-05-02,62.8,62.97,60.5,61.4,13010
2008-05-05,61.9,63.0,61.6,62.87,17770
2008-05-06,62.03,62.5,61.13,61.82,8170
2008-05-07,62.4,68.8,60.5,61.06,12970
2008-05-08,61.99,61.99,59.13,59.49,20380
2008-05-09,58.9,61.4,58.1,58.97,20180
2008-05-12,58.4,60.99,56.2,58.78,42500
2008-05-13,58.6,59.0,56.03,57.62,10030
2008-05-14,57.6,59.0,57.5,57.74,26390
2008-05-15,59.8,59.8,57.2,58.28,9500
2008-05-16,58.2,60.0,57.5,59.08,96430
2008-05-20,58.8,59.9,58.8,59.9,3080
2008-05-21,59.9,60.2,58.22,59.13,40050
2008-05-22,59.1,59.53,58.01,58.51,12590
2008-05-23,58.3,59.0,56.7,58.53,51050
2008-05-26,57.9,57.9,56.0,56.67,4540
2008-05-27,56.8,58.89,55.03,57.88,58840
2008-05-28,58.2,58.2,57.2,57.88,820
2008-05-29,57.8,59.75,57.8,58.74,34980
2008-05-30,58.4,59.88,57.4,59.53,10590
2008-06-02,60.5,61.8,58.4,58.57,5580
2008-06-03,58.5,59.8,57.5,59.53,39570
2008-06-04,59.5,61.0,59.0,60.07,31500
2008-06-05,60.0,60.5,56.51,57.65,11730
2008-06-06,56.5,59.0,56.5,56.85,9150
2008-06-09,55.1,56.94,49.51,56.18,20930
2008-06-10,53.1,61.5,50.0,53.97,185570
2008-06-11,57.9,57.9,52.4,53.27,1198070
2008-06-12,52.6,55.86,52.5,55.0,417650
2008-06-13,55.1,55.1,54.3,54.83,8350
2008-06-16,55.5,60.5,55.03,56.41,124630
2008-06-17,61.85,61.85,55.2,57.8,796640
2008-06-18,58.01,59.75,56.01,57.04,56950
2008-06-19,57.0,57.7,56.5,57.19,11820
2008-06-20,56.41,58.0,55.4,57.39,27850
2008-06-23,52.53,59.99,52.53,55.65,15400
2008-06-24,52.53,56.67,52.53,54.99,6580
2008-06-25,53.9,58.5,53.5,57.19,47570
2008-06-26,57.2,59.0,56.0,58.16,23900
2008-06-27,55.71,59.0,55.71,57.92,16360
2008-06-30,58.0,58.0,53.5,56.18,81490
2008-07-01,55.3,56.49,53.3,54.47,26660
2008-07-02,54.47,54.5,52.3,53.17,1063900
2008-07-03,52.6,55.0,52.2,54.31,17960
2008-07-04,54.1,59.5,53.1,53.63,10020
2008-07-07,53.7,55.0,53.16,53.67,12470
2008-07-08,54.4,55.0,53.5,54.65,9140
2008-07-09,54.7,55.0,54.2,54.71,7740
2008-07-10,54.2,56.0,53.6,54.01,1827430
2008-07-11,55.2,55.7,54.63,55.51,1207930
2008-07-14,55.49,55.49,53.11,53.83,18260
2008-07-15,53.3,54.15,53.0,53.24,10430
2008-07-16,53.31,53.7,52.01,52.64,16160
2008-07-17,53.21,53.21,52.4,52.65,7090
2008-07-18,53.0,54.78,52.5,53.54,28670
2008-07-21,53.5,54.4,53.0,53.6,13030
2008-07-22,54.3,57.8,53.35,54.19,14170
2008-07-23,51.49,56.0,51.49,54.18,81270
2008-07-24,54.1,54.4,53.51,53.72,16070
2008-07-25,53.7,54.7,51.5,53.76,94430
2008-07-28,53.7,54.5,52.6,53.65,48320
2008-07-29,53.59,54.1,52.7,53.63,17510
2008-07-30,54.1,56.0,53.0,53.92,15210
2008-07-31,54.6,55.2,54.19,55.1,71900
2008-08-01,53.99,54.79,53.5,54.04,4130
2008-08-04,54.0,58.2,52.65,56.21,823630
2008-08-05,55.6,57.99,55.53,56.01,13490
2008-08-06,56.51,56.51,55.5,55.52,10410
2008-08-07,55.5,55.5,54.06,54.72,4750
2008-08-08,54.7,57.2,54.22,56.74,26890
2008-08-11,60.5,60.5,57.0,57.9,40670
2008-08-12,58.0,58.0,55.56,57.17,12710
2008-08-13,56.6,58.5,56.51,58.02,15580
2008-08-14,58.0,58.5,57.4,57.6,15680
2008-08-18,58.0,58.6,56.5,58.25,149690
2008-08-19,58.2,59.0,57.23,58.49,24440
2008-08-20,57.7,58.49,57.0,57.24,4880
2008-08-21,57.2,57.69,56.5,56.79,2330
2008-08-22,56.7,58.2,55.63,57.01,1018420
2008-08-25,57.2,57.8,56.5,56.75,2800
2008-08-26,57.0,57.0,56.0,56.16,2240
2008-08-27,56.6,58.0,55.56,57.56,18790
2008-08-28,56.9,59.38,56.65,58.67,43850
2008-08-29,58.6,60.0,57.26,58.84,38560
2008-09-01,62.0,62.0,57.13,57.4,5680
2008-09-02,57.5,58.0,56.5,56.86,6620
2008-09-04,57.3,57.3,56.0,56.15,10110
2008-09-05,56.4,56.93,55.8,56.21,6060
2008-09-08,56.7,56.9,55.01,55.96,14570
2008-09-09,55.9,56.97,55.9,56.09,1350
2008-09-10,56.0,57.2,55.0,56.81,16500
2008-09-11,56.81,60.0,55.53,58.24,25180
2008-09-12,57.9,57.9,56.0,56.42,37480
2008-09-15,56.5,57.0,53.01,56.36,24520
2008-09-16,56.58,58.9,54.84,58.23,18280
2008-09-17,57.2,57.99,54.7,56.49,36600
2008-09-18,55.89,59.0,54.31,57.56,30990
2008-09-19,57.02,58.0,56.1,57.67,23350
2008-09-22,57.05,58.29,56.0,57.6,23460
2008-09-23,57.0,57.0,56.52,56.75,3200
2008-09-24,56.7,56.7,55.0,55.5,13200
2008-09-25,55.99,57.51,54.75,57.18,18510
2008-09-26,56.0,57.5,55.22,56.74,25570
2008-09-29,56.2,58.0,53.5,56.49,39540
2008-09-30,54.2,56.75,54.2,56.5,56840
2008-10-01,56.0,56.0,55.0,55.47,6480
2008-10-03,55.11,55.17,53.7,53.8,11740
2008-10-06,54.0,54.2,51.06,52.76,26130
2008-10-07,53.0,54.2,49.5,51.78,35810
2008-10-08,46.1,53.6,46.0,52.0,44450
2008-10-10,46.81,53.09,45.71,51.23,66650
2008-10-13,51.0,54.5,48.21,51.06,63960
2008-10-14,53.0,54.4,51.5,51.94,6130
2008-10-15,50.9,51.8,49.7,51.26,9960
2008-10-16,49.0,51.8,48.22,50.12,33880
2008-10-17,49.0,50.97,49.0,50.08,46090
2008-10-20,48.5,51.35,48.0,48.52,5480
2008-10-21,50.9,50.9,47.9,48.26,7580
2008-10-22,49.8,49.8,47.0,47.15,9130
2008-10-23,46.01,48.0,43.4,46.62,19060
2008-10-24,45.01,46.37,37.55,41.78,23140
2008-10-27,42.0,42.0,34.0,36.17,39730
2008-10-28,38.75,39.9,35.22,36.99,4340
2008-10-29,36.51,37.4,34.5,35.66,6100
2008-10-31,41.99,42.08,37.44,38.58,90730
2008-11-03,41.9,41.9,39.23,39.63,60920
2008-11-04,40.7,41.5,39.0,40.76,15410
2008-11-05,41.1,41.9,39.51,40.36,11880
2008-11-06,39.01,41.0,38.6,40.29,5720
2008-11-07,39.1,40.0,38.72,39.78,4550
2008-11-10,39.7,40.7,39.7,40.04,6410
2008-11-11,41.3,46.34,40.21,43.04,881450
2008-11-12,42.8,45.4,42.15,43.43,268170
2008-11-14,46.49,46.49,40.5,41.22,63740
2008-11-17,40.5,42.2,37.2,38.87,79930
2008-11-18,36.8,38.6,36.8,37.88,1032390
2008-11-19,38.0,38.42,36.0,36.12,30600
2008-11-20,35.4,35.4,33.0,33.68,57050
2008-11-21,33.0,33.47,31.61,33.06,792360
2008-11-24,32.7,34.5,32.51,34.0,21090
2008-11-25,35.0,35.0,32.9,33.29,16680
2008-11-26,32.61,33.24,32.25,32.78,28870
2008-11-28,32.0,33.38,31.3,33.05,13430
2008-12-01,32.54,33.59,32.24,32.88,40010
2008-12-02,31.71,32.73,31.71,32.53,11940
2008-12-03,28.44,33.95,28.44,33.0,26630
2008-12-04,38.0,38.0,33.51,35.22,85010
2008-12-05,35.1,35.77,34.3,35.03,58140
2008-12-08,36.4,36.4,34.63,34.99,17880
2008-12-10,35.5,35.99,34.22,35.54,60960
2008-12-11,35.6,35.6,35.0,35.29,7860
2008-12-12,34.23,35.38,34.23,35.23,29110
2008-12-15,35.5,37.0,34.6,35.72,73930
2008-12-16,36.0,37.22,34.56,36.99,33340
2008-12-17,36.6,37.0,35.2,35.76,22690
2008-12-18,35.0,37.49,34.83,36.28,31280
2008-12-19,35.58,36.9,35.5,35.59,5560
2008-12-22,35.1,36.3,35.1,35.6,4150
2008-12-23,35.6,35.9,35.6,35.78,24430
2008-12-24,36.1,36.1,34.85,35.54,19760
2008-12-26,35.0,36.5,35.0,36.26,31690
2008-12-29,35.26,36.19,35.26,35.63,2330
2008-12-30,35.63,37.0,35.21,36.23,46730
2008-12-31,36.8,37.6,35.42,36.97,85970
2009-01-01,37.4,37.42,36.25,36.79,6140
2009-01-02,36.5,38.7,36.12,38.5,107060
2009-01-05,37.7,39.7,37.2,38.71,70620
2009-01-06,38.3,40.78,38.0,39.38,79890
2009-01-07,39.4,39.4,36.5,37.35,17640
2009-01-09,33.76,37.1,33.76,37.01,22360
2009-01-12,38.4,38.4,36.35,36.43,6250
2009-01-13,36.3,36.88,36.3,36.35,20850
2009-01-14,36.1,36.5,36.01,36.2,15250
2009-01-15,37.43,37.43,35.51,36.13,8610
2009-01-16,36.97,36.97,33.0,34.73,105800
2009-01-19,37.88,37.88,34.9,35.11,12520
2009-01-20,34.0,35.9,33.5,35.06,9850
2009-01-21,33.73,36.0,33.7,35.36,14290
2009-01-22,37.2,37.2,33.04,33.57,495510
2009-01-23,33.7,34.0,32.51,32.74,832610
2009-01-27,33.8,33.8,32.22,32.6,84570
2009-01-28,30.7,33.99,30.7,33.87,68170
2009-01-29,32.63,38.0,32.55,33.58,955630
2009-01-30,33.6,35.6,33.41,35.04,91780
2009-02-02,34.97,34.97,33.5,33.92,8200
2009-02-03,34.5,34.5,33.2,34.02,1024950
2009-02-04,34.3,34.3,34.0,34.1,1142080
2009-02-05,34.0,34.0,33.5,33.56,17740
2009-02-06,34.19,34.19,33.23,34.0,70640
2009-02-09,33.63,35.0,33.6,34.2,205270
2009-02-10,33.6,34.5,33.6,34.01,69040
2009-02-11,34.0,34.1,33.24,33.59,56580
2009-02-12,33.52,34.7,33.5,34.23,57710
2009-02-13,34.95,34.95,33.4,33.7,18880
2009-02-16,33.53,33.99,33.03,33.31,3990
2009-02-17,33.0,33.4,32.7,33.08,22790
2009-02-18,32.8,33.49,32.8,33.0,37460
2009-02-19,32.5,34.5,32.5,32.85,25100
2009-02-20,32.85,33.0,32.55,32.86,23630
2009-02-24,33.22,33.5,32.65,32.99,50990
2009-02-25,32.65,33.03,32.03,32.44,48850
2009-02-26,32.5,33.5,31.64,32.99,345810
2009-02-27,33.45,33.45,32.05,33.0,15880
2009-03-02,33.0,33.0,31.5,32.03,19940
2009-03-03,31.9,31.9,30.0,30.86,51600
2009-03-04,31.5,31.5,29.2,30.2,44820
2009-03-05,31.32,31.32,29.1,29.71,284250
2009-03-06,29.4,33.5,29.4,32.83,72210
2009-03-09,31.8,32.9,31.8,32.1,669900
2009-03-12,33.5,35.95,30.63,31.03,160770
2009-03-13,31.4,31.65,30.31,30.63,47660
2009-03-16,31.0,31.48,30.21,30.77,94980
2009-03-17,31.19,31.8,30.5,30.61,83220
2009-03-18,31.09,31.1,30.7,31.0,308620
2009-03-19,31.0,31.38,30.01,30.42,61730
2009-03-20,30.98,31.2,30.98,31.0,13750
2009-03-23,30.7,33.5,30.7,32.5,37730
2009-03-24,33.28,33.28,31.2,31.73,21270
2009-03-25,32.0,32.0,30.8,31.16,12280
2009-03-26,31.6,31.85,30.95,31.1,358630
2009-03-27,31.17,31.5,30.61,31.0,1003760
2009-03-30,31.0,31.8,30.86,31.1,20540
2009-03-31,30.8,33.5,30.8,33.04,30880
2009-04-01,32.5,33.09,32.0,32.04,8250
2009-04-02,33.37,33.6,32.22,33.15,13910
2009-04-06,33.5,36.5,33.11,35.67,50410
2009-04-08,34.47,36.5,33.22,36.0,33270
2009-04-09,36.1,37.8,36.1,37.57,35390
2009-04-13,38.8,39.37,37.01,37.85,21000
2009-04-15,35.1,41.7,35.1,40.17,31160
2009-04-16,40.51,41.3,40.51,40.54,21490
2009-04-17,46.84,46.84,39.01,39.86,10510
2009-04-20,40.51,40.87,39.03,40.25,36830
2009-04-21,40.26,40.26,39.0,39.13,6130
2009-04-22,40.8,41.2,37.5,39.22,17550
2009-04-23,39.88,40.35,39.04,39.71,1029820
2009-04-24,40.0,40.73,40.0,40.53,66080
2009-04-27,40.0,42.6,40.0,40.45,19510
2009-04-28,46.92,46.92,39.53,40.21,15290
2009-04-29,40.4,40.49,40.2,40.2,4220
2009-05-04,41.5,41.5,40.4,40.51,30910
2009-05-05,40.5,41.26,40.5,40.5,18420
2009-05-06,41.2,41.2,40.5,40.64,4130
2009-05-07,39.34,42.7,39.34,41.01,238820
2009-05-08,41.05,41.8,41.0,41.01,70100
2009-05-11,41.5,41.8,40.0,41.26,25320
2009-05-12,39.4,41.49,39.4,41.13,6830
2009-05-13,40.05,42.6,40.05,42.22,15910
2009-05-14,40.1,42.48,40.1,41.06,16160
2009-05-15,41.5,42.0,40.25,40.83,11340
2009-05-19,41.01,43.2,41.01,42.35,83390
2009-05-20,42.92,43.78,41.53,42.47,520850
2009-05-21,43.7,44.5,43.01,44.03,34810
2009-05-22,44.0,46.97,42.51,45.59,97690
2009-05-25,46.9,47.0,44.5,45.59,25730
2009-05-26,45.31,47.1,45.06,45.71,32180
2009-05-27,46.8,53.5,46.0,50.79,57830
2009-05-28,52.5,54.5,47.63,48.66,253280
2009-05-29,47.8,58.4,47.8,56.83,386820
2009-06-01,56.4,56.4,53.5,53.9,74820
2009-06-02,55.8,62.96,55.0,55.81,146900
2009-06-03,57.29,57.9,55.6,56.06,70880
2009-06-04,56.58,56.58,54.2,55.06,23730
2009-06-05,56.42,56.42,52.5,53.69,35490
2009-06-08,54.77,54.77,49.5,49.88,27300
2009-06-09,49.8,52.8,48.01,50.38,1024990
2009-06-10,50.5,53.5,50.5,51.65,1095860
2009-06-11,48.2,52.0,48.1,51.47,21430
2009-06-12,52.2,52.78,51.0,51.99,46560
2009-06-15,50.9,52.8,49.0,50.04,8630
2009-06-16,49.15,51.94,49.15,50.72,15900
2009-06-17,50.74,51.49,49.51,50.03,10030
2009-06-18,45.3,51.69,45.3,50.22,26190
2009-06-19,50.2,52.3,48.0,50.02,1027080
2009-06-22,50.1,50.99,49.1,49.4,7110
2009-06-23,49.0,49.88,47.2,49.12,12170
2009-06-24,49.0,50.9,49.0,50.26,7600
2009-06-25,50.1,51.5,50.1,51.09,12810
2009-06-26,50.6,51.89,50.4,50.58,22590
2009-06-29,51.4,52.94,50.0,52.15,24960
2009-06-30,52.0,53.4,50.6,52.28,274820
2009-07-01,52.6,52.6,50.0,50.44,64200
2009-07-02,50.45,51.77,50.45,51.0,12750
2009-07-03,50.53,52.8,50.5,51.23,42310
2009-07-06,51.4,52.2,50.9,51.6,41630
2009-07-07,51.21,52.5,50.51,52.39,18710
2009-07-08,50.55,51.5,50.4,51.03,25700
2009-07-09,51.99,52.67,51.23,51.32,16020
2009-07-10,51.3,51.79,51.3,51.3,7550
2009-07-13,51.02,51.5,48.3,49.55,200850
2009-07-14,49.0,50.9,45.83,50.5,38320
2009-07-15,50.6,51.9,50.5,51.51,43460
2009-07-16,51.3,52.0,50.53,50.6,8030
2009-07-17,50.24,51.49,50.24,50.78,4430
2009-07-20,52.07,53.89,50.67,53.62,400960
2009-07-21,53.8,54.0,52.51,53.62,34040
2009-07-22,53.99,54.28,53.0,53.6,49510
2009-07-23,49.58,59.99,49.58,53.6,59080
2009-07-24,52.51,54.65,52.5,53.42,18480
2009-07-27,53.96,55.9,52.6,55.26,29290
2009-07-28,54.6,56.9,54.6,56.52,32010
2009-07-29,56.87,57.49,55.0,56.97,55560
2009-07-30,55.8,61.39,55.8,59.89,307160
2009-07-31,60.0,62.7,59.72,61.3,433720
2009-08-03,61.9,61.96,59.8,61.01,26250
2009-08-04,61.8,61.9,59.1,59.79,25210
2009-08-05,61.8,61.9,59.0,61.08,15580
2009-08-06,61.2,61.2,60.06,60.78,9710
2009-08-07,59.15,60.5,58.1,60.28,37360
2009-08-10,60.5,61.5,59.46,60.51,70020
2009-08-11,60.0,60.68,59.1,59.36,46450
2009-08-12,59.7,71.0,58.8,61.21,116270
2009-08-13,63.0,64.0,61.0,61.33,127560
2009-08-14,60.71,61.51,60.22,60.53,15660
2009-08-17,60.1,61.0,59.7,60.11,17060
2009-08-18,59.7,62.29,59.7,61.51,23750
2009-08-19,61.5,61.5,59.11,59.78,61950
2009-08-20,60.51,61.1,59.7,59.94,3230
2009-08-21,60.9,61.97,60.3,61.69,42270
2009-08-24,60.04,66.0,59.9,64.14,272170
2009-08-25,64.1,69.0,63.72,66.16,982250
2009-08-26,67.0,68.9,66.01,67.65,76130
2009-08-27,68.89,68.89,65.61,68.55,60380
2009-08-28,71.7,72.99,67.63,68.5,518200
2009-08-31,68.0,69.4,67.51,69.03,499260
2009-09-01,68.0,69.49,68.0,68.93,46370
2009-09-02,69.4,69.6,68.76,69.04,36350
2009-09-03,69.0,69.98,68.22,69.08,26650
2009-09-04,68.17,70.5,68.17,70.0,65430
2009-09-07,70.5,74.15,70.5,73.43,1362810
2009-09-08,73.0,75.0,73.0,74.39,200760
2009-09-09,74.4,75.35,73.7,74.5,112230
2009-09-10,76.0,76.0,74.0,74.54,142450
2009-09-11,74.54,75.17,71.51,72.35,23950
2009-09-14,72.31,73.88,71.5,72.51,51260
2009-09-15,72.9,77.0,72.7,73.0,37490
2009-09-16,73.6,75.9,73.01,74.57,25100
2009-09-17,74.3,75.5,74.06,75.09,49340
2009-09-18,74.5,75.5,73.5,73.8,18590
2009-09-22,73.8,74.6,73.0,73.21,29360
2009-09-23,59.44,73.5,59.44,72.1,178270
2009-09-24,72.0,73.0,70.61,72.87,17740
2009-09-25,73.0,76.7,73.0,75.5,76930
2009-09-29,75.81,84.0,75.81,79.89,122600
2009-09-30,82.1,82.1,79.1,80.68,54650
2009-10-01,76.2,81.0,76.2,80.07,60370
2009-10-05,80.0,81.5,79.65,80.54,51510
2009-10-06,81.0,81.29,79.5,80.17,29410
2009-10-07,80.17,81.0,78.56,79.79,33700
2009-10-08,80.47,81.6,79.5,80.06,98210
2009-10-09,80.21,80.8,79.63,80.18,37760
2009-10-12,80.0,80.8,79.11,79.38,80480
2009-10-14,79.4,81.44,79.0,79.94,151690
2009-10-15,79.1,84.5,79.1,83.21,141830
2009-10-16,83.21,84.0,81.5,83.25,39370
2009-10-17,81.5,84.85,80.1,83.15,10730
2009-10-20,83.3,84.5,83.01,83.36,373320
2009-10-21,82.5,83.6,80.8,81.12,53800
2009-10-22,82.0,82.9,80.1,82.27,38850
2009-10-23,81.4,84.0,81.4,83.4,45670
2009-10-26,81.63,84.5,81.63,83.64,37260
2009-10-27,89.44,89.44,81.61,85.26,192650
2009-10-28,86.4,90.49,85.4,89.67,169610
2009-10-29,88.1,89.88,87.31,87.51,79910
2009-10-30,88.5,91.0,88.0,90.21,93460
2009-11-03,93.0,96.4,91.5,92.38,180150
2009-11-04,93.4,93.4,86.03,90.11,72030
2009-11-05,91.8,92.0,89.72,90.33,38460
2009-11-06,91.5,91.5,88.5,89.15,30710
2009-11-09,89.98,91.4,88.8,90.64,33630
2009-11-10,91.2,91.5,89.05,89.69,35720
2009-11-11,90.57,90.57,89.0,89.17,16020
2009-11-12,89.99,89.99,88.03,89.21,74990
2009-11-13,89.3,91.49,89.05,90.36,48450
2009-11-16,92.5,94.79,91.0,94.29,166260
2009-11-17,95.4,97.6,91.1,92.61,327430
2009-11-18,93.58,96.3,91.62,95.65,213250
2009-11-19,96.0,96.8,93.6,94.29,53830
2009-11-20,94.0,95.5,93.05,94.41,40310
2009-11-23,94.5,95.0,93.65,93.9,22060
2009-11-24,94.9,95.0,89.3,91.81,67690
2009-11-25,92.2,94.09,91.0,93.0,1328280
2009-11-26,92.1,94.49,92.1,92.64,27820
2009-11-27,92.64,93.9,91.0,93.35,62210
2009-11-30,94.93,95.93,92.01,94.08,858660
2009-12-01,93.58,96.0,92.2,95.41,197650
2009-12-02,95.0,108.0,93.0,101.25,900670
2009-12-03,102.0,103.47,99.8,100.14,158160
2009-12-04,101.5,103.45,98.5,99.21,331010
2009-12-07,100.9,102.0,96.5,97.82,500460
2009-12-08,97.2,101.5,96.5,97.71,275040
2009-12-09,96.9,99.36,96.2,97.36,200240
2009-12-10,98.9,98.9,96.3,97.98,1444240
2009-12-11,98.0,99.9,96.3,97.63,213730
2009-12-14,97.6,98.88,96.9,97.06,72450
2009-12-15,97.13,102.49,96.0,97.5,274250
2009-12-16,97.13,101.13,97.13,99.64,1105800
2009-12-17,99.7,102.2,99.7,101.81,94210
2009-12-18,100.8,104.49,100.6,102.5,124080
2009-12-21,102.5,104.5,101.11,103.24,73300
2009-12-22,103.6,104.97,102.0,103.65,906170
2009-12-23,104.2,104.86,103.8,104.37,28090
2009-12-24,104.0,104.49,101.8,102.29,203880
2009-12-29,102.5,106.5,102.1,105.32,868510
2009-12-30,106.0,106.7,104.0,105.52,37530
2009-12-31,104.01,106.0,103.12,104.04,27860
2010-01-04,104.04,106.45,104.04,105.99,37640
2010-01-05,107.0,107.0,104.21,105.08,30610
2010-01-06,106.0,106.9,105.0,105.39,115360
2010-01-07,105.7,107.9,103.8,104.6,1114280
2010-01-08,100.11,115.0,100.11,108.67,1443540
2010-01-11,107.0,112.98,107.0,112.19,1295610
2010-01-12,112.5,116.0,112.0,112.38,204250
2010-01-13,110.0,123.44,110.0,121.63,517590
2010-01-14,122.0,129.0,117.0,117.91,1545450
2010-01-15,118.9,121.89,118.0,118.7,681400
2010-01-18,118.7,121.5,117.12,118.0,81540
2010-01-19,117.1,120.96,117.1,118.96,894990
2010-01-20,128.8,128.8,118.11,118.89,229430
2010-01-21,119.0,123.3,117.7,118.61,656970
2010-01-22,118.4,121.0,115.5,120.0,974040
2010-01-25,119.99,120.0,116.01,117.59,65940
2010-01-27,118.88,118.88,109.95,113.1,166960
2010-01-28,113.0,115.0,107.5,110.91,71030
2010-01-29,110.9,114.89,108.01,113.68,57520
2010-02-01,116.25,118.9,113.01,117.01,38200
2010-02-02,118.9,119.8,113.31,116.11,42570
2010-02-03,116.2,117.78,115.3,116.57,24540
2010-02-04,118.39,119.7,116.1,117.24,544150
2010-02-05,111.38,117.5,111.38,117.18,102110
2010-02-06,117.5,118.21,115.1,115.8,7200
2010-02-08,116.0,118.99,116.0,117.47,242840
2010-02-09,116.5,118.29,115.61,115.85,126470
2010-02-10,117.0,117.0,114.01,114.64,11720
2010-02-11,115.1,116.9,113.4,114.64,125600
2010-02-15,114.64,115.5,113.0,113.18,74930
2010-02-16,113.5,113.5,111.81,112.54,31060
2010-02-17,113.7,117.0,112.6,114.87,89050
2010-02-18,115.9,115.9,112.5,112.78,19900
2010-02-19,113.8,114.0,111.51,112.5,30350
2010-02-22,112.5,114.3,111.0,111.57,18180
2010-02-23,110.03,113.78,110.03,112.47,17590
2010-02-24,113.2,113.9,110.1,110.56,19220
2010-02-25,112.4,112.4,108.13,109.91,61830
2010-02-26,110.0,110.0,107.8,109.53,232110
2010-03-02,110.0,117.75,109.06,109.37,99230
2010-03-03,110.9,113.5,109.01,109.75,324180
2010-03-04,111.45,119.4,110.5,116.75,221550
2010-03-05,118.3,118.3,116.0,116.6,66020
2010-03-08,117.0,121.0,117.0,119.57,647560
2010-03-09,119.5,121.4,118.0,119.58,219320
2010-03-10,120.71,120.79,116.1,118.28,65990
2010-03-11,116.1,120.01,116.1,119.87,131970
2010-03-12,111.48,122.5,111.48,122.24,290970
2010-03-15,124.5,124.8,122.0,124.07,76340
2010-03-16,124.1,125.0,122.4,122.72,308870
2010-03-17,124.0,124.49,123.1,123.79,115880
2010-03-18,124.0,128.39,124.0,127.61,198820
2010-03-19,128.1,131.49,127.11,128.13,156050
2010-03-22,129.5,151.0,126.1,131.57,735802
2010-03-23,137.45,141.0,134.0,134.98,658230
2010-03-25,135.5,148.95,133.0,136.1,1167768
2010-03-26,136.5,138.35,133.2,136.18,529510
2010-03-29,137.5,138.98,134.0,134.88,274998
2010-03-30,136.0,140.0,135.05,138.32,237324
2010-03-31,136.5,139.9,134.0,134.6,149962
2010-04-01,135.55,137.5,135.15,136.2,39880
2010-04-05,136.75,137.9,136.13,136.73,48524
2010-04-06,137.0,137.0,134.0,134.65,45044
2010-04-07,134.5,134.5,131.0,131.5,96052
2010-04-08,131.5,134.93,131.0,133.5,79656
2010-04-09,134.38,136.25,132.75,133.23,60150
2010-04-12,134.5,137.0,130.5,136.75,158442
2010-04-13,136.75,137.0,134.0,134.85,66920
2010-04-15,135.0,136.75,134.27,134.98,118708
2010-04-16,135.0,135.95,133.07,133.93,21596
2010-04-19,133.5,134.0,130.4,132.57,41106
2010-04-20,134.0,134.7,131.07,134.02,98790
2010-04-21,133.5,135.25,132.5,132.57,59170
2010-04-22,133.0,134.4,132.5,133.13,34320
2010-04-23,134.0,134.0,132.02,133.02,38318
2010-04-26,134.0,135.0,133.0,133.48,27698
2010-04-27,134.0,134.38,131.27,134.05,43260
2010-04-28,132.5,134.85,130.5,133.73,55332
2010-04-29,135.68,135.68,129.5,132.55,43324
2010-04-30,134.0,134.0,130.5,130.85,17396
2010-05-03,129.5,133.5,129.13,132.75,35008
2010-05-04,133.5,136.0,133.13,135.57,62898
2010-05-05,135.0,137.45,130.5,131.88,188246
2010-05-06,130.5,134.95,130.5,132.65,46594
2010-05-07,132.5,133.32,126.55,127.3,54746
2010-05-10,120.95,134.0,120.95,126.4,58632
2010-05-11,126.5,129.0,121.75,122.93,51128
2010-05-12,123.13,125.5,121.8,124.03,47402
2010-05-13,124.0,126.45,124.0,124.32,40284
2010-05-14,124.25,126.93,123.25,124.55,121078
2010-05-17,124.5,124.88,121.8,123.63,322012
2010-05-18,123.5,125.0,122.0,122.9,20466
2010-05-19,122.5,125.5,121.5,123.15,53568
2010-05-20,123.15,125.82,119.0,121.25,85784
2010-05-21,121.25,124.0,114.22,122.7,148360
2010-05-24,123.8,124.95,120.82,122.88,16042
2010-05-25,120.63,121.88,120.57,121.53,38558
2010-05-26,122.5,123.25,120.0,122.5,46396
2010-05-27,124.0,132.48,122.0,128.5,482860
2010-05-28,131.23,134.95,126.13,132.15,260776
2010-05-31,133.5,138.8,131.7,137.13,176860
2010-06-01,137.88,146.0,132.05,135.07,477048
2010-06-02,135.13,137.5,132.5,135.88,80608
2010-06-03,137.5,141.0,136.4,138.65,92558
2010-06-04,138.65,140.0,136.4,137.4,70818
2010-06-07,132.0,137.27,132.0,135.65,21918
2010-06-08,137.25,143.35,133.65,135.57,2750830
2010-06-09,137.0,139.95,135.0,139.1,622532
2010-06-10,139.5,143.5,137.5,141.98,348598
2010-06-11,144.0,144.0,141.5,142.1,937592
2010-06-14,142.82,144.0,140.5,141.52,481598
2010-06-15,142.5,148.5,142.13,144.23,255294
2010-06-16,144.5,147.5,144.5,145.93,268106
2010-06-17,146.0,146.5,141.5,143.5,501166
2010-06-18,145.5,147.0,144.02,146.07,229730
2010-06-21,148.5,149.5,145.1,147.68,99396
2010-06-22,148.38,148.5,144.5,146.05,309494
2010-06-23,145.5,148.75,143.0,148.15,175604
2010-06-24,148.5,148.5,145.0,145.52,73368
2010-06-25,145.75,147.5,145.07,145.48,36372
2010-06-28,146.52,147.98,145.57,146.2,20398
2010-06-29,145.8,148.35,145.5,146.52,45814
2010-06-30,145.1,147.0,145.0,145.95,45190
2010-07-01,145.07,147.35,142.2,143.02,311306
2010-07-02,143.4,148.5,141.07,146.3,46206
2010-07-05,147.5,147.5,144.0,144.57,51930
2010-07-06,145.0,147.75,144.75,147.35,29384
2010-07-07,148.0,148.45,145.05,145.88,457824
2010-07-08,147.5,151.98,146.38,148.3,60582
2010-07-09,149.0,149.0,147.5,148.25,1102870
2010-07-12,150.73,163.48,148.52,151.75,4752762
2010-07-13,153.7,154.4,148.5,148.98,263666
2010-07-14,151.98,151.98,146.1,147.05,164686
2010-07-15,147.75,148.45,144.52,146.75,912764
2010-07-16,146.5,150.95,145.05,149.45,164742
2010-07-19,148.48,154.5,147.57,153.18,340310
2010-07-20,153.48,154.0,148.65,149.98,153312
2010-07-21,150.0,152.45,149.5,150.7,325416
2010-07-22,150.75,151.5,149.0,150.15,45846
2010-07-23,151.05,152.15,146.15,147.0,159390
2010-07-26,148.88,149.5,140.75,142.02,172026
2010-07-27,143.2,143.2,138.0,139.95,409214
2010-07-28,141.7,142.5,137.7,138.45,168112
2010-07-29,139.05,142.5,133.0,135.63,1246424
2010-07-30,134.25,141.45,130.5,140.1,575052
2010-08-02,140.95,142.5,137.27,139.07,1038856
2010-08-03,139.5,141.15,139.0,139.98,116024
2010-08-04,139.98,141.63,138.5,140.05,386748
2010-08-05,138.05,142.0,138.0,139.2,87798
2010-08-06,139.8,142.45,138.0,141.52,85262
2010-08-09,143.2,143.2,139.1,140.1,70186
2010-08-10,140.5,142.9,139.15,140.82,156928
2010-08-11,140.0,141.23,139.05,140.0,173942
2010-08-12,139.73,141.5,136.0,140.05,103878
2010-08-13,140.5,141.85,140.0,140.77,47050
2010-08-16,143.25,143.25,134.0,136.75,502236
2010-08-17,136.25,139.95,134.77,138.07,171084
2010-08-18,138.07,139.35,135.75,137.43,108630
2010-08-19,135.6,149.0,135.6,141.2,175244
2010-08-20,141.25,146.6,140.0,143.85,127056
2010-08-23,144.15,146.4,141.0,141.95,90028
2010-08-24,141.95,146.5,139.0,143.35,417966
2010-08-25,143.0,146.0,140.5,142.02,459480
2010-08-26,143.0,145.5,142.38,144.02,224444
2010-08-27,142.1,147.0,142.1,144.55,203758
2010-08-30,146.0,148.95,141.5,143.88,104950
2010-08-31,141.6,144.93,137.82,142.57,151994
2010-09-01,143.95,145.02,141.5,144.6,56364
2010-09-02,141.1,145.0,141.1,141.82,170476
2010-09-03,141.25,144.5,141.0,142.98,66306
2010-09-06,143.55,146.5,143.5,144.23,98400
2010-09-07,144.0,145.85,142.13,143.45,148392
2010-09-08,144.4,144.85,143.0,143.82,29604
2010-09-09,145.0,155.4,142.5,149.63,619996
2010-09-13,151.32,153.65,147.2,150.35,834748
2010-09-14,151.45,152.0,148.02,150.7,195288
2010-09-15,152.0,153.98,149.75,151.07,220884
2010-09-16,149.5,152.35,144.0,147.4,210702
2010-09-17,148.95,148.95,145.77,146.82,128004
2010-09-20,148.35,150.5,142.4,148.35,398782
2010-09-21,150.95,152.13,147.5,149.0,457388
2010-09-22,147.5,149.48,145.32,146.05,70590
2010-09-23,148.75,151.5,148.13,151.0,421344
2010-09-24,150.5,156.0,147.5,153.75,275764
2010-09-27,154.0,160.0,151.0,156.95,349506
2010-09-28,156.5,158.05,152.05,155.23,444532
2010-09-29,156.95,160.0,154.0,158.5,277816
2010-09-30,156.5,158.7,153.02,155.0,539054
2010-10-01,158.9,158.9,154.13,155.13,91978
2010-10-04,157.0,158.0,151.75,153.5,113692
2010-10-05,153.45,158.5,150.0,155.55,364080
2010-10-06,158.0,159.75,153.63,158.18,151974
2010-10-07,158.75,158.98,153.05,156.63,146432
2010-10-08,158.0,158.0,150.5,152.8,342826
2010-10-11,153.0,153.45,149.57,150.88,357774
2010-10-12,151.0,153.5,146.6,150.65,110644
2010-10-13,152.0,152.5,145.63,147.63,547146
2010-10-14,149.75,149.75,146.77,148.43,161004
2010-10-15,147.5,149.45,145.63,146.48,134914
2010-10-18,146.73,146.73,144.0,145.27,59600
2010-10-19,146.0,153.5,144.25,150.32,315794
2010-10-20,149.75,152.48,148.5,149.27,63640
2010-10-21,150.0,151.2,148.63,149.15,51286
2010-10-22,151.9,154.45,148.18,149.3,610506
2010-10-25,151.7,154.35,150.13,152.05,640198
2010-10-26,154.2,155.5,153.27,154.25,227270
2010-10-27,154.7,159.5,154.5,158.82,239326
2010-10-28,160.0,164.95,160.0,161.88,848536
2010-10-29,163.9,165.0,158.82,162.88,627738
2010-11-01,165.45,165.95,159.0,161.07,330026
2010-11-02,160.5,172.43,160.5,167.95,589966
2010-11-03,163.0,170.0,163.0,168.48,123016
2010-11-04,174.27,174.27,168.0,169.15,157014
2010-11-05,169.5,172.45,167.5,169.2,21732
2010-11-08,167.52,171.9,167.18,170.25,104566
2010-11-09,170.0,170.8,166.77,167.6,304410
2010-11-10,164.0,171.95,163.65,168.07,141388
2010-11-11,169.65,170.45,165.57,166.4,81066
2010-11-12,168.95,169.45,161.0,163.3,120196
2010-11-15,165.0,168.5,161.75,167.4,197364
2010-11-16,165.02,167.48,163.5,164.75,174246
2010-11-18,165.1,170.9,157.4,164.4,222984
2010-11-19,164.5,172.0,161.0,166.73,356644
2010-11-22,168.5,168.5,164.0,166.0,50740
2010-11-23,167.5,167.5,160.5,163.48,296124
2010-11-24,164.13,165.55,157.55,159.2,89210
2010-11-25,160.05,164.0,152.93,159.38,223244
2010-11-26,154.0,163.93,148.5,158.13,231982
2010-11-29,158.75,161.85,154.0,159.6,93486
2010-11-30,158.0,160.48,156.63,158.88,37756
2010-12-01,160.0,161.0,157.5,158.9,65726
2010-12-02,164.0,168.5,160.0,167.7,163940
2010-12-03,168.5,168.95,165.0,165.4,31974
2010-12-06,157.77,172.35,157.77,171.0,140204
2010-12-07,167.1,174.0,165.5,172.23,67666
2010-12-08,173.25,174.5,167.5,169.23,130236
2010-12-09,168.5,169.0,159.0,161.57,368056
2010-12-10,157.55,169.75,157.55,166.77,66228
2010-12-13,166.5,172.35,165.0,169.43,92728
2010-12-14,169.0,171.0,167.5,168.27,96568
2010-12-15,168.98,168.98,162.75,163.9,53336
2010-12-16,166.48,166.48,160.5,163.8,17826
2010-12-20,164.0,167.5,163.0,165.05,40172
2010-12-21,163.5,167.45,163.5,165.43,420156
2010-12-22,165.5,167.0,161.73,163.43,29404
2010-12-23,162.5,164.6,161.4,164.32,55412
2010-12-24,162.5,165.63,162.5,165.05,61694
2010-12-27,165.98,170.48,164.2,165.45,92320
2010-12-28,165.45,166.5,162.55,165.1,83278
2010-12-29,166.45,167.0,164.57,166.38,120696
2010-12-30,167.5,171.5,164.5,169.27,161976
2010-12-31,169.98,176.0,166.55,172.75,277510
2011-01-03,172.0,175.8,167.55,169.88,647780
2011-01-04,171.2,171.2,167.75,168.93,41682
2011-01-05,170.0,170.0,164.55,166.43,111702
2011-01-06,169.23,169.23,164.0,164.98,38924
2011-01-07,166.5,166.98,159.5,160.9,230710
2011-01-10,160.02,165.0,158.7,159.93,116566
2011-01-11,163.23,163.23,155.02,157.6,363698
2011-01-12,156.25,170.02,156.25,167.07,63042
2011-01-13,167.0,169.25,162.77,166.95,153454
2011-01-14,167.5,169.35,162.55,166.5,77412
2011-01-17,166.5,166.5,160.25,162.77,59106
2011-01-18,162.45,163.85,159.27,161.32,25532
2011-01-19,162.0,162.5,160.5,160.63,21926
2011-01-20,159.05,163.35,159.05,162.85,28406
2011-01-21,163.5,163.5,160.0,162.05,61146
2011-01-24,162.4,164.0,159.65,160.43,41858
2011-01-25,162.5,162.5,154.07,156.8,548928
2011-01-27,159.85,159.85,153.6,155.65,73502
2011-01-28,156.5,157.48,143.0,148.65,518138
2011-01-31,147.0,152.5,141.25,151.98,195268
2011-02-01,152.23,152.48,149.5,149.63,32562
2011-02-02,150.52,151.48,143.57,147.48,177974
2011-02-03,147.25,149.95,146.05,147.52,50950
2011-02-04,147.52,148.5,139.0,143.23,726380
2011-02-07,142.0,142.5,136.8,140.05,508210
2011-02-08,140.0,144.1,137.55,143.13,101174
2011-02-09,139.5,142.4,137.75,139.15,31294
2011-02-10,139.95,148.32,135.32,139.18,61214
2011-02-11,144.9,148.25,136.63,143.35,92312
2011-02-14,143.75,149.25,143.75,148.02,223252
2011-02-15,146.5,150.5,144.55,148.38,177306
2011-02-16,146.5,154.5,146.5,151.7,40788
2011-02-17,152.5,152.5,149.75,152.23,40922
2011-02-18,153.0,155.5,152.25,153.8,91076
2011-02-21,153.0,154.23,145.15,150.65,165670
2011-02-22,148.5,151.0,146.27,149.02,240896
2011-02-23,148.73,148.73,141.13,143.35,244818
2011-02-24,143.95,147.0,142.25,143.4,99480
2011-02-25,142.5,144.45,136.1,137.13,213548
2011-02-28,139.95,139.95,135.5,137.48,309624
2011-03-01,138.7,138.7,135.8,137.45,371128
2011-03-03,133.5,137.5,133.5,136.45,53050
2011-03-04,138.05,139.4,135.75,136.35,27998
2011-03-07,135.4,135.5,130.5,131.4,107212
2011-03-08,132.5,134.0,129.48,130.57,50872
2011-03-09,131.95,138.2,131.5,136.73,177238
2011-03-10,138.5,143.45,136.7,140.3,329198
2011-03-11,139.0,143.5,137.77,141.38,138260
2011-03-14,140.48,142.25,137.0,138.45,81010
2011-03-15,138.15,145.5,133.5,141.88,124346
2011-03-16,142.5,145.0,139.9,143.4,162150
2011-03-17,140.0,143.5,138.07,140.88,257860
2011-03-18,140.9,147.4,139.57,144.95,139278
2011-03-21,144.5,149.0,142.55,147.4,242538
2011-03-22,147.98,151.7,145.52,149.77,189466
2011-03-23,149.95,152.5,148.5,150.48,82300
2011-03-24,151.25,151.25,146.55,148.63,79072
2011-03-25,151.45,151.45,143.27,145.2,109426
2011-03-28,144.98,144.98,141.6,142.77,510220
2011-03-29,142.0,151.0,142.0,148.65,240066
2011-03-30,149.9,149.95,144.18,147.05,315278
2011-03-31,145.88,154.5,143.5,150.3,672758
2011-04-01,149.23,150.5,148.02,150.15,1112780
2011-04-04,147.05,152.0,147.05,149.1,174032
2011-04-05,149.5,154.0,145.77,150.02,146308
2011-04-06,152.18,159.5,151.25,156.4,562934
2011-04-07,157.0,157.75,151.55,154.13,27192
2011-04-08,154.0,159.05,150.0,156.4,146654
2011-04-11,156.0,158.2,154.0,156.68,117898
2011-04-13,155.0,158.0,155.0,157.45,217762
2011-04-15,156.5,157.5,154.02,155.85,25592
2011-04-18,157.5,158.85,155.05,157.02,99856
2011-04-19,156.25,156.45,152.57,154.55,37986
2011-04-20,156.32,156.32,152.98,155.02,30280
2011-04-21,155.15,156.77,154.07,155.95,27952
2011-04-25,156.3,157.8,151.32,156.93,268452
2011-04-26,157.5,157.95,153.57,155.45,41760
2011-04-27,157.27,159.5,155.55,157.48,49540
2011-04-28,157.95,158.0,154.1,154.5,18742
2011-04-29,156.5,156.5,150.5,151.4,42900
2011-05-02,152.0,152.5,147.52,149.3,25652
2011-05-03,148.02,154.0,148.02,151.23,44056
2011-05-04,150.5,150.5,146.38,147.55,312190
2011-05-05,148.27,149.0,146.4,147.5,15242
2011-05-06,147.13,152.5,146.18,150.75,85710
2011-05-09,152.5,153.5,148.75,153.13,24512
2011-05-10,151.88,152.88,150.5,151.35,30198
2011-05-11,151.15,153.45,151.15,152.57,33336
2011-05-12,153.0,153.0,149.1,149.65,120132
2011-05-13,150.63,151.0,147.75,148.38,8822
2011-05-16,149.93,151.43,148.5,150.65,13640
2011-05-17,151.5,151.5,148.55,149.1,73422
2011-05-18,149.5,154.0,145.0,150.05,124444
2011-05-19,151.0,151.43,147.75,149.93,28692
2011-05-20,142.15,151.0,142.15,148.4,20728
2011-05-23,148.0,150.5,146.07,148.05,44158
2011-05-24,150.75,150.75,146.65,147.65,40184
2011-05-25,148.02,153.4,148.0,150.93,221022
2011-05-26,151.15,163.25,149.0,157.9,523038
2011-05-27,162.25,164.82,157.5,163.85,853722
2011-05-30,163.0,164.95,161.1,164.07,216272
2011-05-31,164.0,167.25,163.3,166.5,227292
2011-06-01,166.5,170.0,162.52,167.25,1216006
2011-06-02,167.02,168.93,160.52,167.3,198864
2011-06-03,167.3,171.15,163.75,170.18,104362
2011-06-06,171.5,171.5,168.5,169.65,232852
2011-06-07,169.0,173.0,162.0,171.57,67822
2011-06-08,170.75,172.43,168.15,169.45,35464
2011-06-09,169.75,175.48,168.0,172.65,303950
2011-06-10,174.5,175.45,172.1,173.43,110242
2011-06-13,172.98,174.48,169.85,173.9,108938
2011-06-14,172.0,175.35,172.0,173.98,133620
2011-06-15,174.0,174.63,171.5,173.77,210052
2011-06-16,171.25,175.43,171.25,173.0,564284
2011-06-17,174.0,174.0,167.68,169.9,122806
2011-06-20,170.0,171.38,165.65,168.6,37840
2011-06-21,168.8,169.45,166.55,168.38,31026
2011-06-22,169.48,169.48,164.25,164.88,172780
2011-06-23,164.88,164.88,160.0,162.27,58392
2011-06-24,161.68,165.7,161.48,164.23,239310
2011-06-27,164.5,167.88,162.5,167.2,99110
2011-06-28,168.0,172.0,165.27,170.15,80138
2011-06-29,170.5,174.4,168.5,172.77,104132
2011-06-30,172.77,173.5,169.32,172.15,139298
2011-07-01,174.4,174.4,169.35,170.13,104860
2011-07-04,169.3,172.45,169.0,172.02,31402
2011-07-05,174.0,174.0,167.6,168.8,46914
2011-07-06,168.5,172.73,167.5,172.3,471368
2011-07-07,172.5,174.0,170.68,173.1,347182
2011-07-08,169.65,174.0,169.65,171.98,28154
2011-07-11,173.0,173.0,167.1,171.75,31214
2011-07-12,171.77,172.98,169.98,170.85,31940
2011-07-13,172.5,172.5,168.5,170.05,31206
2011-07-14,171.45,172.0,169.5,171.0,59652
2011-07-15,175.98,175.98,168.5,169.45,28808
2011-07-18,169.5,169.82,165.65,167.32,57724
2011-07-19,164.55,167.95,164.18,167.05,254406
2011-07-20,164.65,169.38,164.65,166.95,22622
2011-07-21,169.48,169.5,165.5,168.95,75748
2011-07-22,166.15,171.5,166.15,169.65,116722
2011-07-25,168.75,171.5,168.05,170.1,29494
2011-07-26,171.0,174.2,168.5,171.82,339932
2011-07-27,173.0,173.0,169.0,170.95,287278
2011-07-28,169.02,172.45,161.82,165.25,1095314
2011-07-29,165.25,167.65,157.0,164.0,573500
2011-08-01,164.8,166.1,160.55,164.95,169302
2011-08-02,170.0,170.0,163.0,166.5,705852
2011-08-03,162.45,167.4,162.45,165.7,62714
2011-08-04,167.0,167.5,162.5,163.8,444376
2011-08-05,160.0,165.23,156.52,164.02,195032
2011-08-08,160.13,163.73,157.0,160.65,178230
2011-08-09,155.5,163.07,155.5,158.48,392510
2011-08-10,160.95,161.07,158.5,159.8,353306
2011-08-11,160.25,160.5,156.35,157.48,78330
2011-08-12,158.48,160.5,157.6,159.48,73782
2011-08-16,160.45,161.5,156.32,159.65,181604
2011-08-17,160.0,160.0,157.07,159.5,397078
2011-08-18,158.68,159.45,156.63,158.18,16064
2011-08-19,158.1,159.88,144.45,157.2,130570
2011-08-22,155.5,158.5,153.63,156.82,43666
2011-08-23,157.35,157.35,152.5,153.27,109010
2011-08-24,155.8,155.8,151.0,152.9,63500
2011-08-25,153.77,156.75,151.57,154.93,26308
2011-08-26,154.25,158.45,151.0,154.1,26930
2011-08-29,154.0,155.0,152.55,153.88,114882
2011-08-30,152.0,161.0,151.8,155.25,472148
2011-09-02,155.0,156.0,154.0,155.13,127258
2011-09-05,153.5,159.85,151.5,157.02,87614
2011-09-06,155.15,158.0,155.15,157.07,430342
2011-09-07,157.5,158.0,156.0,157.0,283842
2011-09-08,157.45,158.48,154.15,155.32,17868
2011-09-09,155.0,159.8,155.0,155.93,142012
2011-09-12,157.5,157.5,152.75,154.55,28826
2011-09-13,155.05,155.52,150.0,150.8,58250
2011-09-14,152.0,152.0,148.5,149.45,50474
2011-09-15,150.0,150.98,137.02,140.23,647832
2011-09-16,141.07,142.25,135.65,138.95,306780
2011-09-19,140.85,142.35,136.75,137.52,125888
2011-09-20,138.88,139.5,133.52,134.88,210824
2011-09-21,137.0,137.0,132.0,132.57,251210
2011-09-22,132.32,134.9,130.05,133.23,151412
2011-09-23,131.0,137.18,130.15,135.38,88410
2011-09-26,137.45,139.0,130.7,135.82,199540
2011-09-27,135.0,138.48,131.52,134.35,457276
2011-09-28,133.65,134.98,130.7,133.18,207136
2011-09-29,133.18,133.77,129.5,131.52,150018
2011-09-30,131.52,131.52,126.22,128.6,229852
2011-10-03,129.85,129.85,122.6,124.03,409298
2011-10-04,123.13,123.97,115.55,117.97,700500
2011-10-05,118.47,120.47,115.1,118.53,1130400
2011-10-07,120.0,126.45,120.0,125.28,168656
2011-10-10,126.5,126.5,121.65,124.05,236882
2011-10-11,124.53,125.45,117.55,119.53,264724
2011-10-12,112.5,124.95,112.5,123.72,633170
2011-10-13,125.0,125.25,120.0,121.05,231486
2011-10-14,121.25,121.25,117.05,118.1,252048
2011-10-17,119.45,121.43,117.6,118.63,705698
2011-10-18,117.65,119.25,116.55,117.25,99838
2011-10-19,119.93,124.85,117.63,123.9,215266
2011-10-20,123.7,124.9,121.5,123.0,847112
2011-10-21,125.5,125.5,119.5,120.13,436282
2011-10-24,120.75,121.35,118.0,119.05,358564
2011-10-25,125.5,125.5,118.0,119.28,278296
2011-10-26,128.5,128.5,119.6,122.1,14632
2011-10-28,127.45,127.45,119.5,120.43,330498
2011-10-31,120.55,129.85,118.38,127.15,1054744
2011-11-01,128.0,138.63,128.0,136.75,3905944
2011-11-02,138.32,140.25,133.13,134.35,973178
2011-11-03,134.85,134.85,128.5,129.18,412688
2011-11-04,129.5,135.0,129.5,134.35,136126
2011-11-08,134.75,136.38,131.57,134.38,265024
2011-11-09,134.0,135.0,131.07,132.02,95968
2011-11-11,133.32,133.32,128.25,130.63,198358
2011-11-14,131.6,134.25,128.0,128.95,49162
2011-11-15,127.63,127.85,125.0,125.32,260398
2011-11-16,123.25,126.0,123.0,125.0,335622
2011-11-17,124.95,128.0,123.4,126.32,32892
2011-11-18,126.5,128.85,121.28,122.43,147240
2011-11-21,122.43,124.25,121.5,122.63,82276
2011-11-22,126.5,135.0,120.63,122.7,267560
2011-11-23,123.0,123.0,116.55,119.57,450050
2011-11-24,118.0,121.75,117.5,121.2,164150
2011-11-25,120.5,124.5,120.5,124.15,168870
2011-11-28,125.15,127.0,124.18,125.45,649398
2011-11-29,125.45,131.43,124.05,127.82,299512
2011-11-30,129.07,130.45,127.65,128.9,136360
2011-12-01,131.0,133.95,126.1,127.38,33194
2011-12-02,126.25,133.5,126.0,132.5,383744
2011-12-05,130.75,132.5,130.0,131.25,47544
2011-12-07,131.25,134.9,130.0,130.18,48032
2011-12-08,130.13,132.0,129.63,131.63,49618
2011-12-09,130.0,131.57,129.52,130.52,27250
2011-12-12,131.57,134.0,130.27,131.3,187738
2011-12-13,129.1,131.95,129.0,130.75,121738
2011-12-14,130.0,135.25,129.07,134.75,222172
2011-12-15,134.0,138.85,132.0,134.02,1439434
2011-12-16,135.55,135.55,124.53,126.9,79790
2011-12-19,125.0,128.85,123.5,125.4,128234
2011-12-20,127.5,128.7,122.5,126.05,69596
2011-12-21,128.63,136.0,125.6,135.0,943196
2011-12-22,135.45,140.98,132.98,139.98,345922
2011-12-23,138.0,142.85,137.27,141.52,216938
2011-12-26,142.5,142.5,135.18,137.23,48530
2011-12-27,141.85,141.85,134.1,137.23,42144
2011-12-28,135.5,139.25,135.5,138.48,44396
2011-12-29,139.9,140.35,137.75,139.55,423316
2011-12-30,139.55,142.4,134.0,137.93,129122
2012-01-02,138.15,139.93,135.55,137.05,98460
2012-01-03,137.68,142.2,137.68,141.27,57868
2012-01-04,142.8,145.95,141.07,143.7,78898
2012-01-05,145.1,145.1,141.75,142.75,435152
2012-01-06,141.5,144.0,139.02,143.13,42208
2012-01-07,143.5,145.0,141.5,142.07,1772
2012-01-09,142.0,143.5,140.55,141.65,10640
2012-01-10,140.0,143.0,139.5,142.38,159672
2012-01-11,170.0,170.0,139.3,139.85,26630
2012-01-12,140.0,141.0,136.0,136.95,206262
2012-01-13,137.52,141.5,136.93,138.02,41944
2012-01-16,137.5,142.8,137.5,142.23,39760
2012-01-17,142.48,149.13,141.0,145.18,116200
2012-01-18,147.5,148.5,138.0,138.73,252010
2012-01-19,137.3,141.35,136.3,139.65,45018
2012-01-20,140.5,141.15,138.25,138.63,22974
2012-01-23,139.95,143.5,138.18,142.15,38110
2012-01-24,141.75,149.0,141.25,146.05,57058
2012-01-25,144.02,151.9,143.52,150.15,120150
2012-01-27,150.0,153.13,146.52,148.05,168126
2012-01-30,148.77,148.77,141.0,141.38,45118
2012-01-31,144.25,155.9,140.7,149.23,558846
2012-02-01,148.9,161.5,148.9,159.5,1899586
2012-02-02,159.95,164.95,156.73,162.18,1064150
2012-02-03,161.0,162.5,154.52,156.6,726472
2012-02-06,158.5,161.5,156.5,157.05,97096
2012-02-07,159.0,162.5,157.5,160.68,164728
2012-02-08,160.0,162.0,160.0,160.98,145094
2012-02-09,160.5,161.88,159.63,161.43,213344
2012-02-10,162.0,164.95,160.5,162.8,578376
2012-02-13,162.55,162.55,159.0,159.9,318246
2012-02-14,160.0,160.0,157.65,158.05,401816
2012-02-15,157.35,162.4,157.0,159.02,1269986
2012-02-16,158.5,158.5,155.0,155.82,306994
2012-02-17,156.98,161.43,154.5,159.88,1573224
2012-02-21,162.0,162.5,159.0,160.0,268552
2012-02-22,160.0,168.0,158.5,163.98,351316
2012-02-23,167.5,170.0,164.5,168.6,107502
2012-02-24,168.63,168.63,164.02,166.98,238314
2012-02-27,163.0,167.5,160.05,164.75,348446
2012-02-28,167.0,172.48,163.27,170.7,173156
2012-02-29,170.18,174.73,166.0,172.02,871564
2012-03-01,160.0,173.95,160.0,171.85,312644
2012-03-02,171.5,175.88,166.02,167.52,281692
2012-03-03,167.5,169.48,166.48,166.95,4230
2012-03-05,169.85,169.95,164.1,168.88,118010
2012-03-06,169.95,174.0,167.75,172.7,142668
2012-03-07,174.9,175.0,170.68,173.6,531522
2012-03-09,171.0,174.98,168.63,173.6,284730
2012-03-12,174.75,174.75,168.75,169.43,818514
2012-03-13,170.48,172.48,165.02,167.3,535702
2012-03-14,168.52,171.13,163.95,165.3,268172
2012-03-15,166.5,167.75,165.55,166.82,181694
2012-03-16,167.5,172.0,163.05,168.8,76934
2012-03-19,170.48,172.4,162.75,164.23,258480
2012-03-20,165.98,165.98,160.27,162.55,102912
2012-03-21,164.5,170.45,161.2,167.63,88856
2012-03-22,168.0,172.48,165.57,170.43,144066
2012-03-23,169.0,170.6,165.77,166.88,46142
2012-03-26,167.0,169.55,163.5,168.6,448476
2012-03-27,169.9,169.95,164.5,165.85,136126
2012-03-28,165.0,167.45,163.5,166.55,67754
2012-03-29,162.65,173.75,162.65,169.43,324032
2012-03-30,171.5,171.5,165.75,167.6,277594
2012-04-02,168.5,168.8,162.9,164.52,119954
2012-04-03,164.75,171.95,164.75,169.45,419402
2012-04-04,171.5,171.5,166.02,166.43,32992
2012-04-09,167.75,167.98,165.05,167.13,23010
2012-04-10,165.82,167.75,163.5,164.88,38548
2012-04-11,165.98,167.0,163.5,163.75,18834
2012-04-12,165.8,167.8,164.52,165.7,44116
2012-04-13,160.0,173.95,160.0,169.52,352044
2012-04-16,171.45,172.25,168.52,169.9,89248
2012-04-17,171.43,171.5,165.5,166.23,262620
2012-04-18,169.8,176.25,168.02,174.95,677676
2012-04-19,175.5,180.45,175.5,177.6,922620
2012-04-20,178.6,182.5,174.5,177.18,386662
2012-04-23,175.77,177.7,170.75,173.25,100578
2012-04-24,174.98,175.13,170.5,173.3,114926
2012-04-25,175.0,177.5,172.15,172.57,291496
2012-04-26,174.13,177.3,170.6,175.13,555010
2012-04-27,175.82,175.82,171.5,172.65,337216
2012-04-28,174.3,174.35,171.52,172.88,6886
2012-04-30,172.5,184.85,172.5,180.73,538506
2012-05-02,181.0,184.95,180.0,180.88,380276
2012-05-03,172.0,182.38,160.82,180.63,107300
2012-05-04,180.5,184.4,175.82,182.52,123312
2012-05-07,182.5,186.0,179.55,185.88,166694
2012-05-08,187.0,187.95,180.0,180.68,174810
2012-05-09,180.1,185.0,177.5,183.73,444098
2012-05-10,185.9,187.93,177.0,178.0,403970
2012-05-11,177.1,181.45,175.0,179.55,123886
2012-05-14,177.5,181.48,177.5,179.0,43564
2012-05-15,179.25,184.0,177.63,179.88,90306
2012-05-16,177.5,179.25,173.13,174.3,82648
2012-05-17,174.5,177.5,173.0,174.85,364374
2012-05-18,174.5,174.5,169.5,170.8,66162
2012-05-21,171.0,173.35,171.0,171.18,189278
2012-05-22,171.13,172.88,169.0,169.23,450934
2012-05-23,167.5,172.0,165.3,171.38,29564
2012-05-24,172.0,172.0,167.0,169.95,318276
2012-05-25,170.0,170.0,166.25,167.0,102014
2012-05-28,168.93,168.93,165.7,167.65,286346
2012-05-29,168.25,171.65,160.25,161.9,741352
2012-05-30,161.9,164.5,160.85,164.07,164052
2012-05-31,165.0,174.75,163.5,171.48,594492
2012-06-01,166.65,172.95,166.65,171.52,54376
2012-06-04,167.6,172.1,166.52,169.85,56900
2012-06-05,171.95,171.95,166.15,168.45,35360
2012-06-06,168.52,170.45,166.1,168.18,375136
2012-06-07,166.02,171.85,166.02,170.05,323696
2012-06-08,170.18,171.5,167.6,169.43,68458
2012-06-11,168.65,178.5,168.65,174.05,195246
2012-06-12,176.95,178.4,170.2,176.23,244960
2012-06-13,176.25,179.0,170.0,171.05,296652
2012-06-14,170.25,170.5,166.05,168.73,251882
2012-06-15,170.65,172.13,169.18,171.13,100756
2012-06-18,172.85,174.5,170.35,172.88,409728
2012-06-19,173.5,174.25,170.35,172.0,286082
2012-06-20,172.02,173.88,170.5,172.18,46486
2012-06-21,173.9,173.95,170.7,171.7,138398
2012-06-22,169.7,174.95,169.7,174.65,207120
2012-06-25,173.65,176.75,172.57,173.55,262448
2012-06-26,174.5,176.6,172.77,174.35,311708
2012-06-27,173.85,175.65,172.5,173.8,17730
2012-06-28,174.02,177.9,174.02,176.38,157238
2012-06-29,178.73,180.0,176.48,179.35,105862
2012-07-02,187.0,187.0,177.95,180.0,244812
2012-07-03,182.45,185.0,181.0,184.07,218194
2012-07-04,185.4,187.23,178.63,180.38,115732
2012-07-05,179.95,189.4,177.6,186.7,748896
2012-07-06,187.5,187.5,182.77,184.13,435308
2012-07-09,184.95,187.5,183.5,185.98,248310
2012-07-10,187.0,190.25,186.0,186.85,509190
2012-07-11,184.0,189.3,181.05,187.45,248996
2012-07-12,186.6,189.0,184.15,187.82,117984
2012-07-13,188.1,190.0,186.07,188.05,120034
2012-07-16,190.0,190.0,185.63,189.07,69878
2012-07-17,189.07,193.8,187.5,188.2,149756
2012-07-18,188.0,192.3,186.0,187.48,107058
2012-07-19,188.0,190.0,185.6,186.68,115898
2012-07-20,187.02,200.45,185.98,197.2,2381430
2012-07-23,196.27,199.93,195.55,198.48,731856
2012-07-24,198.6,202.0,194.0,198.07,410658
2012-07-25,198.0,200.63,196.02,200.13,230436
2012-07-26,200.98,200.98,193.05,195.7,143362
2012-07-27,197.05,200.0,193.13,195.68,97134
2012-07-30,195.5,200.9,195.5,199.32,110350
2012-07-31,200.0,201.5,192.9,200.38,452196
2012-08-01,201.15,205.0,201.15,204.8,599042
2012-08-02,205.0,205.0,203.0,204.3,429218
2012-08-03,204.25,208.63,203.98,206.1,491094
2012-08-06,206.95,212.45,204.55,205.82,152290
2012-08-07,206.3,209.05,204.77,208.13,195054
2012-08-08,208.1,210.85,199.75,200.98,235870
2012-08-09,200.02,202.95,199.0,199.85,82018
2012-08-10,199.38,204.0,199.38,203.25,172508
2012-08-13,200.0,205.0,199.5,201.75,37014
2012-08-14,206.0,206.0,200.6,205.05,69138
2012-08-16,203.52,205.23,197.52,200.9,267892
2012-08-17,201.5,205.0,199.98,201.68,104236
2012-08-21,212.0,212.0,198.5,199.98,94682
2012-08-22,202.15,203.93,196.5,199.68,137090
2012-08-23,201.88,203.75,195.5,195.82,161314
2012-08-24,195.82,212.18,193.8,204.18,784024
2012-08-27,203.5,210.5,203.5,209.48,405324
2012-08-28,209.52,211.0,203.13,206.2,722678
2012-08-29,204.23,209.73,204.2,208.05,118676
2012-08-30,208.1,217.5,205.55,216.4,1057728
2012-08-31,216.0,222.0,213.52,220.63,1476160
2012-09-03,222.0,226.0,218.15,223.32,773822
2012-09-04,224.5,225.55,216.0,220.48,337768
2012-09-05,221.35,221.35,215.0,215.95,171588
2012-09-06,217.0,222.5,215.75,219.93,343352
2012-09-07,222.9,224.32,216.85,219.6,613204
2012-09-08,221.0,221.82,219.55,220.6,15460
2012-09-10,219.95,226.52,218.5,222.02,291850
2012-09-11,222.75,229.9,221.68,228.05,317692
2012-09-12,229.88,231.0,222.05,222.8,303110
2012-09-13,224.52,233.38,222.13,223.98,451938
2012-09-14,227.5,230.0,220.27,221.9,380700
2012-09-17,227.45,227.48,207.8,209.52,602680
2012-09-18,209.0,214.95,209.0,211.0,311010
2012-09-20,208.0,214.82,208.0,210.15,271766
2012-09-21,210.5,214.6,210.0,213.23,453494
2012-09-24,217.23,217.23,211.5,214.4,193056
2012-09-25,213.75,219.98,213.18,217.88,1001280
2012-09-26,219.48,234.0,218.5,229.57,853256
2012-09-27,231.0,238.6,228.25,237.65,456374
2012-09-28,237.48,248.0,231.52,242.13,608642
2012-10-01,242.38,247.45,232.75,234.25,442654
2012-10-03,234.4,236.75,230.77,231.98,197604
2012-10-04,232.0,234.5,222.0,225.18,1069370
2012-10-05,227.48,228.35,214.18,221.63,283768
2012-10-08,221.55,234.5,221.0,228.6,721094
2012-10-09,230.98,235.27,228.7,232.75,678730
2012-10-10,232.0,235.32,229.6,230.18,133836
2012-10-11,232.2,232.7,221.5,224.73,1093358
2012-10-12,226.5,232.48,224.5,227.52,926664
2012-10-15,229.6,233.43,228.15,229.45,170366
2012-10-16,229.98,230.0,223.85,225.0,157870
2012-10-17,225.27,232.25,223.5,230.3,355882
2012-10-18,231.95,234.0,226.4,229.07,270530
2012-10-19,229.05,230.95,227.0,229.52,107258
2012-10-22,230.2,231.9,229.02,230.18,55050
2012-10-23,229.5,233.0,225.75,231.3,53028
2012-10-25,237.5,238.82,228.5,230.23,815632
2012-10-26,227.5,232.45,224.0,225.13,396870
2012-10-29,226.6,228.3,223.1,226.48,1054364
2012-10-30,227.63,228.98,224.0,225.57,72682
2012-10-31,227.0,230.25,226.5,229.55,250774
2012-11-01,228.02,235.75,228.02,234.73,276118
2012-11-02,235.73,238.0,232.02,233.13,252884
2012-11-05,233.0,235.0,229.6,230.43,165528
2012-11-06,231.05,233.85,228.55,230.88,76506
2012-11-07,231.0,234.0,229.35,229.95,546984
2012-11-08,229.02,232.25,200.45,215.5,3011164
2012-11-09,215.5,218.95,208.5,213.63,1508772
2012-11-12,219.0,219.98,213.27,214.98,450800
2012-11-13,215.48,222.25,215.02,217.9,116498
2012-11-15,213.75,218.6,212.5,215.0,332506
2012-11-16,214.7,216.5,212.5,213.48,289690
2012-11-19,214.4,215.0,207.52,209.0,240784
2012-11-20,210.5,211.65,206.5,208.02,487380
2012-11-21,209.95,211.5,206.0,210.1,582440
2012-11-22,209.5,224.5,208.07,221.4,1070294
2012-11-23,223.5,224.0,216.52,222.4,161862
2012-11-26,222.52,228.63,222.5,225.9,97842
2012-11-27,225.5,228.13,223.0,226.1,73136
2012-11-29,226.5,229.75,225.02,227.6,150804
2012-11-30,227.27,232.23,226.75,228.73,327338
2012-12-03,226.73,232.5,226.73,231.6,78078
2012-12-04,228.35,234.85,228.32,232.57,219654
2012-12-05,234.5,234.95,226.48,230.88,594066
2012-12-06,232.48,234.0,228.0,232.35,126390
2012-12-07,230.7,233.48,230.15,231.57,63622
2012-12-10,233.0,233.0,228.23,228.77,92586
2012-12-11,229.13,231.0,220.63,223.65,131994
2012-12-12,227.15,247.0,226.23,234.57,840968
2012-12-13,237.1,241.5,235.1,236.82,434512
2012-12-14,235.48,244.9,235.1,242.2,533922
2012-12-17,242.5,256.67,241.07,248.9,2285176
2012-12-18,245.05,251.2,240.63,242.6,307882
2012-12-19,243.77,248.5,243.25,246.27,417896
2012-12-20,246.35,248.0,241.75,243.02,874606
2012-12-21,243.95,248.0,241.1,244.88,529114
2012-12-24,246.5,259.9,242.55,257.73,843624
2012-12-26,259.0,268.42,259.0,262.52,844484
2012-12-27,264.48,266.5,256.25,259.9,256352
2012-12-28,260.7,265.98,259.45,260.55,285542
2012-12-31,261.95,263.33,255.68,259.3,264066
2013-01-01,261.08,267.35,260.95,262.33,122008
2013-01-02,263.67,264.73,256.0,257.7,107000
2013-01-03,257.0,259.23,253.25,253.9,129022
2013-01-04,254.0,255.3,250.7,253.45,189302
2013-01-07,259.5,259.5,254.0,254.88,189460
2013-01-08,259.5,259.5,252.5,255.93,387750
2013-01-09,256.92,258.88,255.55,256.55,234892
2013-01-10,256.75,258.8,250.3,251.68,71220
2013-01-11,250.32,254.65,243.0,244.13,115822
2013-01-14,244.5,252.25,242.3,248.52,94966
2013-01-15,249.98,252.5,245.55,250.55,295412
2013-01-16,259.88,259.88,245.0,246.98,89162
2013-01-17,247.05,257.35,245.0,255.55,230266
2013-01-18,257.48,258.5,254.0,257.4,295028
2013-01-21,258.5,264.95,257.45,262.45,310114
2013-01-22,263.0,264.3,259.75,262.52,431798
2013-01-23,263.83,263.83,255.48,256.65,200926
2013-01-24,256.48,256.5,249.5,250.57,38694
2013-01-25,248.5,252.55,248.5,249.75,43926
2013-01-28,250.0,250.93,244.5,245.88,173198
2013-01-29,246.5,247.95,242.5,243.3,149878
2013-01-30,243.3,248.3,235.05,240.63,493896
2013-01-31,242.48,247.1,240.52,246.15,183584
2013-02-01,247.35,249.5,243.52,246.43,93162
2013-02-04,248.05,249.75,242.88,247.43,101612
2013-02-05,245.5,248.5,244.07,247.18,163862
2013-02-06,247.0,247.5,238.27,242.75,218278
2013-02-07,244.95,246.0,239.0,241.3,1111816
2013-02-08,241.52,242.5,238.5,241.07,124526
2013-02-11,244.48,244.5,238.63,240.25,48042
2013-02-12,240.68,241.5,238.75,240.43,56000
2013-02-13,242.45,244.55,239.0,239.95,103432
2013-02-14,242.35,242.35,234.05,235.25,70242
2013-02-15,235.0,235.68,230.88,233.6,121212
2013-02-18,234.02,237.5,233.77,235.77,32326
2013-02-19,237.0,240.65,236.27,239.48,437018
2013-02-20,240.02,240.95,236.45,237.18,55802
2013-02-21,236.02,237.0,234.38,235.23,47408
2013-02-22,236.35,239.4,233.5,238.45,201188
2013-02-25,239.95,244.0,236.5,243.98,753178
2013-02-26,243.6,249.0,242.5,247.48,214914
2013-02-27,248.05,249.73,238.45,246.82,150622
2013-02-28,247.5,252.05,245.1,248.02,279080
2013-03-01,250.0,251.25,246.25,248.5,90686
2013-03-04,250.48,250.48,241.25,242.07,38280
2013-03-05,242.5,244.8,237.88,242.13,336108
2013-03-06,244.13,245.5,243.0,243.88,24268
2013-03-07,241.75,250.38,241.75,249.07,48174
2013-03-08,248.25,256.45,248.25,254.63,226886
2013-03-11,256.33,257.65,251.5,256.38,780776
2013-03-12,256.63,257.4,252.45,253.93,1274898
2013-03-13,250.5,256.35,249.5,251.1,73012
2013-03-14,252.0,254.88,247.5,251.98,134978
2013-03-15,252.48,262.5,251.1,260.0,243416
2013-03-18,260.55,262.17,254.1,259.35,141228
2013-03-19,257.9,283.75,257.9,267.23,718964
2013-03-20,269.0,269.7,257.6,261.08,239302
2013-03-21,260.13,267.0,260.0,260.77,298348
2013-03-22,262.5,265.0,255.9,257.48,362356
2013-03-25,260.0,261.25,254.13,256.02,100776
2013-03-26,260.0,260.0,220.2,255.57,79030
2013-03-28,257.25,272.5,246.7,264.7,478838
2013-04-01,265.48,270.42,262.0,263.48,128694
2013-04-02,261.0,267.0,260.75,264.83,102692
2013-04-03,266.5,266.9,262.5,264.48,77386
2013-04-04,261.5,264.77,254.5,258.13,88664
2013-04-05,258.5,259.5,255.1,257.45,307532
2013-04-08,259.0,259.0,250.05,252.13,105214
2013-04-09,252.5,257.45,250.52,253.48,424896
2013-04-10,251.15,253.95,246.5,251.48,124114
2013-04-11,251.0,256.5,250.05,250.95,77228
2013-04-12,250.0,255.2,248.0,252.95,92482
2013-04-15,255.0,258.63,250.5,257.52,133754
2013-04-16,255.3,258.83,253.0,254.13,159384
2013-04-17,251.5,257.5,251.25,253.6,69914
2013-04-18,253.95,257.45,253.15,254.68,58396
2013-04-22,253.13,261.45,253.0,255.18,118436
2013-04-23,255.5,257.95,255.5,256.33,133986
2013-04-25,254.0,258.9,254.0,256.5,375970
2013-04-26,256.5,259.0,256.0,258.63,126052
2013-04-29,259.5,263.95,256.5,258.3,402452
2013-04-30,257.5,259.9,253.0,254.15,119702
2013-05-02,254.25,269.5,252.5,267.2,708348
2013-05-03,267.5,274.5,259.0,272.83,484704
2013-05-06,275.0,280.0,270.02,273.02,303064
2013-05-07,274.05,286.92,273.13,284.77,911050
2013-05-08,287.5,287.5,279.55,283.15,165466
2013-05-09,283.0,285.48,278.2,280.27,119396
2013-05-10,280.65,285.75,279.33,282.27,142684
2013-05-11,282.27,284.7,281.1,281.67,4184
2013-05-13,281.0,284.25,275.02,276.05,112262
2013-05-14,276.5,278.7,270.0,271.5,110012
2013-05-15,270.5,291.45,270.5,281.45,301388
2013-05-16,282.5,293.0,282.5,289.1,397572
2013-05-17,286.77,296.95,286.77,292.45,333514
2013-05-20,292.5,303.5,291.1,299.92,427650
2013-05-21,303.3,306.5,288.75,295.83,447130
2013-05-22,293.05,299.52,289.25,292.27,80618
2013-05-23,291.02,294.25,282.5,288.33,238528
2013-05-24,286.55,291.0,283.8,286.4,118334
2013-05-27,285.02,298.45,283.5,285.8,52570
2013-05-28,285.73,288.48,280.0,281.27,148038
2013-05-29,282.5,299.85,282.5,296.25,623368
2013-05-30,298.42,317.4,295.75,299.13,1667190
2013-05-31,300.0,304.95,290.17,297.27,678918
2013-06-03,297.55,311.85,294.75,303.13,454804
2013-06-04,304.0,309.98,301.1,305.3,430634
2013-06-05,305.0,305.0,300.0,301.92,216404
2013-06-06,301.38,302.55,296.48,300.38,132186
2013-06-07,300.0,302.13,298.92,300.4,222580
2013-06-10,299.65,309.5,299.65,302.0,340144
2013-06-11,301.75,312.5,301.75,310.0,287748
2013-06-12,312.5,335.5,310.75,325.0,2586018
2013-06-13,323.73,328.4,311.6,320.73,405680
2013-06-14,321.3,327.5,320.75,325.08,311022
2013-06-17,327.45,344.8,323.0,334.88,1526654
2013-06-18,339.0,345.5,336.0,342.58,1126448
2013-06-19,342.6,350.5,340.65,347.88,972112
2013-06-20,345.0,349.0,337.5,346.33,335808
2013-06-21,344.0,350.73,337.5,339.9,1619504
2013-06-24,336.5,340.6,318.0,325.2,321606
2013-06-25,325.0,325.95,307.5,319.55,394970
2013-06-26,321.0,321.1,302.55,306.58,410620
2013-06-27,307.5,320.95,306.13,315.67,558112
2013-06-28,316.5,341.58,310.0,327.6,522858
2013-07-01,329.5,337.0,325.13,330.05,341174
2013-07-02,330.77,340.0,328.75,337.52,386692
2013-07-03,336.88,347.13,334.4,345.52,303858
2013-07-04,346.63,349.0,340.33,342.38,723300
2013-07-05,342.85,349.25,339.1,347.15,182180
2013-07-08,346.58,350.0,340.77,348.33,158894
2013-07-09,347.5,351.17,342.7,345.9,375364
2013-07-10,346.02,346.25,340.9,344.0,525972
2013-07-11,349.5,354.27,340.08,341.83,214758
2013-07-12,342.6,349.98,342.5,347.6,87942
2013-07-15,347.73,352.2,343.77,349.98,200302
2013-07-16,347.42,347.5,330.63,340.05,103036
2013-07-17,341.0,342.48,331.15,335.08,227968
2013-07-18,335.0,337.02,329.35,331.6,183306
2013-07-19,330.65,333.65,319.58,323.45,162758
2013-07-22,323.25,323.85,319.0,319.75,286126
2013-07-23,324.0,324.5,313.0,317.6,88976
2013-07-24,317.73,318.2,309.02,314.98,432234
2013-07-25,313.2,332.4,313.1,326.95,569044
2013-07-26,329.5,333.3,317.63,319.75,124342
2013-07-29,316.0,325.75,314.58,322.42,119108
2013-07-30,325.55,339.5,320.55,326.17,1020822
2013-07-31,329.0,337.0,320.6,333.45,512100
2013-08-01,332.6,340.0,330.0,332.77,209982
2013-08-02,330.5,338.0,327.5,336.95,372032
2013-08-05,338.0,339.5,328.05,329.77,182186
2013-08-06,327.0,335.0,323.0,328.2,545246
2013-08-07,328.6,331.42,322.5,326.05,170646
2013-08-08,323.6,328.9,318.55,321.83,273266
2013-08-12,324.35,328.42,317.6,322.8,70164
2013-08-13,325.5,330.0,323.0,328.2,230040
2013-08-14,328.2,336.85,324.0,334.1,151898
2013-08-16,332.5,337.85,324.25,330.42,325554
2013-08-19,328.35,330.0,321.52,322.85,747132
2013-08-20,317.95,334.85,307.63,310.3,220758
2013-08-21,313.8,316.9,310.05,312.5,75324
2013-08-22,312.35,319.0,304.67,317.02,100632
2013-08-23,319.67,320.98,307.5,312.6,176720
2013-08-26,311.1,317.5,307.77,312.2,119420
2013-08-27,314.42,317.45,307.5,313.23,1206090
2013-08-28,310.75,313.38,304.95,308.4,1221626
2013-08-29,305.63,314.5,305.63,310.45,846188
2013-08-30,308.67,311.0,308.0,309.98,187538
2013-09-02,312.5,324.38,310.1,323.15,229160
2013-09-03,323.52,328.7,320.5,324.77,372406
2013-09-04,324.0,353.5,322.5,349.6,2053150
2013-09-05,354.9,365.0,351.77,354.95,1290802
2013-09-06,355.38,362.0,344.67,347.17,186510
2013-09-10,346.17,350.63,337.55,339.95,274628
2013-09-11,342.17,349.0,337.5,344.95,278412
2013-09-12,344.9,351.0,340.5,348.88,185238
2013-09-13,351.05,354.25,345.3,350.75,141986
2013-09-16,352.58,361.5,349.5,354.35,361280
2013-09-17,350.08,357.35,345.13,346.67,229192
2013-09-18,345.8,353.6,345.8,351.23,302686
2013-09-19,353.1,355.5,341.75,347.23,346634
2013-09-20,345.05,349.5,337.02,345.23,192758
2013-09-23,338.5,345.95,338.5,342.05,187822
2013-09-24,342.4,352.0,342.3,349.27,506476
2013-09-25,349.0,352.48,340.52,347.52,316260
2013-09-26,347.5,353.0,344.0,347.95,92440
2013-09-27,348.35,351.35,345.02,348.85,277630
2013-09-30,345.05,359.5,345.05,357.7,461896
2013-10-01,359.5,367.5,355.63,361.0,948390
2013-10-03,361.05,366.5,352.6,354.4,680590
2013-10-04,352.0,357.3,345.08,348.9,251766
2013-10-07,347.55,355.7,345.63,351.83,67668
2013-10-08,352.5,357.3,351.65,352.58,871164
2013-10-09,353.0,362.35,352.05,355.55,364054
2013-10-10,355.98,371.0,355.63,364.85,715078
2013-10-11,368.25,372.17,362.0,363.8,187108
2013-10-14,367.0,367.35,357.5,359.17,299284
2013-10-15,359.6,361.5,349.0,349.88,97330
2013-10-17,350.3,353.0,340.13,345.27,181434
2013-10-18,345.67,347.5,340.13,342.6,155390
2013-10-21,341.17,344.75,330.5,339.05,293290
2013-10-22,340.38,341.45,334.35,335.95,118268
2013-10-23,333.0,339.9,331.05,331.85,116914
2013-10-24,332.5,344.35,331.02,338.9,940440
2013-10-25,341.77,348.4,337.55,344.9,721478
2013-10-28,347.5,349.4,342.98,344.45,120882
2013-10-29,344.45,345.45,338.5,342.2,228970
2013-10-30,342.05,349.38,340.0,341.13,180360
2013-10-31,342.0,343.45,339.0,341.67,78758
2013-11-01,339.25,343.98,338.77,339.58,72068
2013-11-03,342.0,344.85,341.6,342.48,25542
2013-11-05,344.5,344.5,337.58,338.8,62088
2013-11-06,339.0,343.48,339.0,342.33,79242
2013-11-07,342.5,353.5,340.05,348.65,238834
2013-11-08,345.52,352.5,345.52,348.85,82154
2013-11-11,351.4,353.0,345.27,350.8,73370
2013-11-12,350.5,356.2,348.5,348.88,90234
2013-11-13,347.5,353.38,339.0,339.92,102368
2013-11-14,342.9,346.0,339.05,340.0,69224
2013-11-18,343.33,348.5,340.55,343.0,56774
2013-11-19,344.95,348.0,340.75,341.8,75524
2013-11-20,341.0,347.5,339.0,339.67,132924
2013-11-21,342.13,343.85,339.0,339.6,56986
2013-11-22,342.2,344.75,340.0,340.88,45948
2013-11-25,343.23,345.0,339.05,342.38,149372
2013-11-26,344.0,344.0,337.52,339.38,77410
2013-11-27,341.73,342.5,332.75,334.77,60778
2013-11-28,337.17,339.5,331.95,333.38,64842
2013-11-29,333.63,338.4,328.55,329.6,173458
2013-12-02,331.98,337.7,331.0,332.1,91374
2013-12-03,332.5,337.48,330.0,330.55,95310
2013-12-04,330.55,332.5,325.25,326.4,145442
2013-12-05,329.65,333.0,325.0,325.55,128682
2013-12-06,326.67,327.0,323.25,324.9,89692
2013-12-09,326.1,328.35,323.1,326.77,59646
2013-12-10,326.55,331.0,324.05,325.17,50576
2013-12-11,325.0,328.33,322.0,322.92,112330
2013-12-12,324.95,329.5,321.13,328.38,84354
2013-12-13,329.02,338.75,325.75,336.67,260510
2013-12-16,338.75,342.45,338.0,341.4,179458
2013-12-17,342.5,344.0,336.0,337.5,57672
2013-12-18,339.4,346.0,335.0,340.7,392326
2013-12-19,343.0,351.0,337.5,348.9,191414
2013-12-20,351.0,357.2,347.4,352.83,210142
2013-12-23,355.05,359.5,349.83,357.95,130982
2013-12-24,359.45,361.73,359.33,360.73,116816
2013-12-26,361.05,365.5,358.33,364.55,106914
2013-12-27,362.5,364.95,357.5,358.8,84230
2013-12-30,360.0,361.8,350.05,352.42,90740
2013-12-31,354.83,368.5,353.48,362.17,244748
2014-01-01,363.0,365.0,359.15,360.9,84232
2014-01-02,360.05,368.0,360.0,364.4,113040
2014-01-03,365.0,367.6,348.05,350.3,317190
2014-01-06,351.55,362.0,351.5,360.67,113576
2014-01-07,362.5,364.33,355.0,362.15,146062
2014-01-08,359.9,376.33,359.8,372.48,119676
2014-01-09,376.0,384.9,376.0,381.1,234950
2014-01-10,380.5,385.0,371.0,380.45,193802
2014-01-13,380.5,383.48,376.5,381.7,212938
2014-01-14,379.0,382.95,377.3,378.83,80430
2014-01-15,378.5,391.5,375.02,378.9,152710
2014-01-16,378.4,384.95,376.63,381.55,193856
2014-01-17,380.02,384.5,373.88,378.33,33504
2014-01-20,384.98,391.0,384.5,387.7,80316
2014-01-21,386.5,389.95,381.6,382.33,30780
2014-01-22,382.98,383.0,378.0,379.27,26582
2014-01-23,382.7,384.25,377.5,378.88,61306
2014-01-24,379.83,383.15,376.0,382.45,76746
2014-01-27,380.35,388.5,375.0,383.88,183724
2014-01-28,388.85,401.5,383.77,398.23,548134
2014-01-29,404.5,416.95,400.5,406.92,538822
2014-01-30,404.35,415.95,396.15,413.4,254524
2014-01-31,415.0,417.5,405.08,414.52,148294
2014-02-03,414.52,418.4,411.52,413.4,69758
2014-02-04,411.0,415.0,405.08,410.95,137848
2014-02-05,410.3,412.73,405.0,408.38,67990
2014-02-06,411.0,421.7,392.63,399.7,256432
2014-02-07,402.5,410.0,402.5,407.25,122468
2014-02-10,409.5,410.0,399.5,401.2,83076
2014-02-11,404.17,405.45,398.5,402.55,43790
2014-02-12,405.5,410.95,401.5,401.83,74012
2014-02-13,402.5,404.9,400.5,402.45,54092
2014-02-14,402.5,413.0,402.5,412.15,147148
2014-02-17,414.67,417.73,410.6,412.83,113320
2014-02-18,415.0,417.5,411.52,415.23,129622
2014-02-19,417.45,420.0,414.0,419.2,66524
2014-02-20,420.0,425.5,416.5,422.92,85538
2014-02-21,424.0,445.0,424.0,443.17,279356
2014-02-24,446.0,451.0,440.0,442.55,263292
2014-02-25,444.23,446.38,437.0,439.6,77568
2014-02-26,441.5,446.67,440.58,442.98,131726
2014-02-28,446.17,453.42,440.02,443.4,216314
2014-03-03,444.0,450.98,441.6,447.75,117448
2014-03-04,447.75,451.5,443.0,446.85,127010
2014-03-05,449.85,449.85,438.02,438.75,92182
2014-03-06,442.13,443.75,426.4,428.38,159606
2014-03-07,429.0,438.0,406.5,413.85,297644
2014-03-10,414.5,423.52,408.6,410.45,197406
2014-03-11,411.0,425.0,404.02,419.6,271646
2014-03-12,423.38,424.17,408.55,409.5,115780
2014-03-13,415.63,428.5,415.5,417.8,646960
2014-03-14,416.5,420.0,408.05,409.08,169492
2014-03-18,411.9,412.9,406.05,407.8,89162
2014-03-19,410.48,417.17,406.95,411.0,238418
2014-03-20,411.0,415.52,410.52,414.02,76240
2014-03-21,417.85,437.45,417.85,429.17,560824
2014-03-22,430.0,432.88,427.5,430.05,23096
2014-03-24,432.33,433.5,417.5,420.52,96878
2014-03-25,420.55,424.95,417.05,418.85,60424
2014-03-26,420.0,424.0,407.52,410.27,162002
2014-03-27,414.0,416.0,407.5,414.1,96240
2014-03-28,417.33,420.45,410.0,417.48,167404
2014-03-31,415.65,426.83,412.5,422.42,245098
2014-04-01,420.9,420.9,410.4,413.42,60666
2014-04-02,417.48,423.25,415.08,422.1,266814
2014-04-03,426.5,426.5,415.0,417.1,199494
2014-04-04,417.45,421.0,415.0,415.98,101096
2014-04-07,417.5,420.5,414.0,414.98,111372
2014-04-09,417.48,419.0,409.0,409.77,158232
2014-04-10,411.0,415.0,408.5,409.27,116236
2014-04-11,411.67,415.0,405.0,406.83,125182
2014-04-15,407.5,410.0,402.55,404.35,73464
2014-04-16,402.15,407.0,390.63,393.02,253498
2014-04-17,392.02,404.5,392.02,395.95,118912
2014-04-21,398.67,401.35,395.6,397.4,261056
2014-04-22,396.75,403.5,396.7,399.2,169322
2014-04-23,399.52,412.23,399.5,409.9,249784
2014-04-25,412.0,412.0,402.55,408.48,93230
2014-04-28,405.63,411.75,402.5,409.52,90242
2014-04-29,407.1,414.0,407.1,412.63,129824
2014-04-30,410.0,420.35,410.0,418.0,183142
2014-05-02,420.1,424.5,412.5,418.45,159770
2014-05-05,420.1,422.05,414.13,419.63,205746
2014-05-06,422.48,422.5,416.33,420.42,124326
2014-05-07,420.42,422.45,417.5,419.67,218608
2014-05-08,415.75,421.85,415.75,417.58,189762
2014-05-09,415.15,421.75,413.13,415.4,116384
2014-05-12,415.5,416.98,406.0,411.02,245686
2014-05-13,413.0,418.8,404.13,405.95,190048
2014-05-14,407.15,412.48,403.48,407.4,87164
2014-05-15,409.48,411.33,396.65,400.92,138438
2014-05-16,408.5,408.5,390.0,393.45,303092
2014-05-19,393.0,393.0,365.02,367.42,705568
2014-05-20,367.5,387.85,365.02,380.27,328016
2014-05-21,381.0,399.0,381.0,390.58,135824
2014-05-22,388.55,405.0,388.55,402.1,89306
2014-05-23,403.0,407.5,383.05,386.1,141456
2014-05-26,396.85,397.52,360.25,384.92,254590
2014-05-27,385.38,398.0,383.63,391.45,103228
2014-05-28,391.9,405.9,387.55,392.63,284660
2014-05-29,396.5,407.35,385.0,387.48,482606
2014-05-30,390.0,397.48,385.02,394.3,198948
2014-06-02,394.75,399.85,392.63,394.48,261758
2014-06-03,398.5,404.48,397.5,399.9,289534
2014-06-04,402.2,404.0,397.25,398.85,124614
2014-06-05,403.0,410.0,403.0,404.8,183876
2014-06-06,406.0,409.5,402.5,407.42,205354
2014-06-09,407.0,409.85,402.7,403.73,59046
2014-06-10,404.55,419.95,400.52,417.98,250874
2014-06-11,415.5,422.35,410.15,414.02,86866
2014-06-12,412.65,420.0,410.55,416.8,136900
2014-06-13,416.8,422.7,412.5,413.92,82542
2014-06-16,410.55,429.5,410.55,426.92,349826
2014-06-17,429.2,431.35,418.48,422.58,126636
2014-06-18,422.58,426.48,414.5,418.0,114408
2014-06-19,420.5,422.0,411.0,412.88,59356
2014-06-20,413.0,419.0,410.15,412.55,91744
2014-06-23,413.0,419.88,413.0,418.3,87432
2014-06-24,420.05,421.63,412.5,413.83,77726
2014-06-25,413.5,419.95,411.5,412.83,47712
2014-06-26,416.45,420.0,413.5,418.58,66326
2014-06-27,416.0,434.5,415.5,432.25,353184
2014-06-30,433.0,449.65,429.52,438.92,345316
2014-07-01,439.0,443.85,431.13,433.38,126424
2014-07-02,434.0,442.45,434.0,439.4,235988
2014-07-03,440.0,443.25,429.0,435.1,202030
2014-07-04,436.0,441.92,436.0,440.45,125738
2014-07-07,441.25,447.5,439.27,441.8,154900
2014-07-08,442.25,445.88,433.5,440.52,255016
2014-07-09,441.02,442.5,430.5,432.02,375220
2014-07-10,432.5,436.5,424.0,429.8,45996
2014-07-11,430.3,439.95,421.73,424.52,83800
2014-07-14,425.0,432.5,420.0,422.27,128492
2014-07-15,423.02,429.0,418.0,423.5,80180
2014-07-16,426.88,429.0,423.5,427.88,85112
2014-07-17,428.5,433.0,425.63,429.85,359292
2014-07-18,433.3,433.3,422.1,425.95,89324
2014-07-21,423.75,432.5,423.75,429.23,86610
2014-07-22,426.5,431.9,422.5,424.77,91572
2014-07-23,428.5,429.73,415.0,418.92,140476
2014-07-24,421.45,421.45,356.0,363.4,7525802
2014-07-25,367.85,377.0,356.1,359.58,1637444
2014-07-28,364.95,369.85,347.5,350.85,878652
2014-07-30,352.0,363.98,339.0,357.63,1527074
2014-07-31,364.0,367.4,352.2,353.23,2108040
2014-08-01,354.0,369.98,353.5,362.4,1960562
2014-08-04,366.95,372.0,358.55,360.3,667972
2014-08-05,361.1,365.25,358.5,362.88,351660
2014-08-06,361.7,365.25,360.0,361.73,383760
2014-08-07,361.33,367.5,360.58,362.25,343282
2014-08-08,332.5,352.2,325.0,346.2,2934972
2014-08-11,347.5,353.95,347.5,349.85,831242
2014-08-12,351.0,367.0,351.0,359.13,652324
2014-08-13,361.0,361.63,353.0,357.6,321076
2014-08-14,356.0,360.0,355.0,357.3,199530
2014-08-18,359.85,367.48,358.5,364.23,435572
2014-08-19,364.5,367.0,363.5,364.9,268794
2014-08-20,367.5,374.4,365.0,369.27,569716
2014-08-21,370.33,384.4,370.33,373.27,914672
2014-08-22,375.0,376.4,370.05,370.88,252670
2014-08-25,373.0,373.48,365.0,365.85,207176
2014-08-26,363.5,372.5,363.5,364.75,173210
2014-08-27,365.02,379.95,365.02,377.73,903962
2014-08-28,377.5,379.95,371.0,373.1,161108
2014-09-01,375.0,379.5,373.15,377.02,183276
2014-09-02,376.63,383.9,376.63,381.45,330272
2014-09-03,381.5,385.5,377.33,384.35,360878
2014-09-04,383.0,384.95,379.6,380.48,403736
2014-09-05,377.75,403.5,377.75,394.65,928562
2014-09-08,397.35,403.9,391.0,401.42,393460
2014-09-09,400.0,409.5,397.5,400.85,284010
2014-09-10,399.52,408.7,397.5,398.27,328182
2014-09-11,400.02,413.25,400.02,411.58,452714
2014-09-12,413.5,414.52,407.1,409.85,415518
2014-09-15,409.65,409.65,398.0,400.4,253374
2014-09-16,401.0,408.0,385.0,387.4,302644
2014-09-17,389.05,395.5,385.0,389.67,199224
2014-09-18,387.02,403.85,382.5,389.63,509750
2014-09-19,391.1,394.5,387.5,390.63,163070
2014-09-22,382.5,397.45,381.0,394.08,208670
2014-09-23,390.5,397.5,385.0,386.27,230426
2014-09-24,385.1,388.0,372.5,374.98,259694
2014-09-25,373.5,377.3,366.5,371.65,279828
2014-09-26,368.05,377.5,364.38,376.88,154610
2014-09-29,376.88,395.9,376.88,389.52,303668
2014-09-30,390.95,397.23,388.0,395.98,160552
2014-10-01,394.5,398.25,387.55,391.85,345296
2014-10-07,387.95,387.95,372.5,375.25,259512
2014-10-08,376.0,379.0,368.0,369.27,112740
2014-10-09,370.5,375.0,370.0,372.4,348572
2014-10-10,370.5,375.92,368.0,373.45,74890
2014-10-13,375.0,375.0,362.63,367.38,471700
2014-10-14,364.5,368.5,355.67,357.2,304420
2014-10-16,359.98,361.48,339.05,341.9,367996
2014-10-17,343.0,351.2,341.73,343.17,248466
2014-10-20,348.5,351.0,338.58,341.15,213468
2014-10-21,341.5,347.5,340.0,342.42,164824
2014-10-22,343.5,357.5,342.92,350.52,298220
2014-10-23,355.0,366.98,355.0,364.48,186108
2014-10-27,367.45,388.5,363.0,366.23,675362
2014-10-28,363.02,374.13,363.0,372.13,418956
2014-10-29,373.2,374.48,362.5,366.17,220032
2014-10-30,366.0,371.25,363.0,365.55,185650
2014-10-31,366.05,371.0,364.02,365.65,356004
2014-11-03,365.1,377.67,364.5,373.5,224860
2014-11-05,362.5,362.5,315.0,334.55,5887338
2014-11-07,339.0,341.95,329.05,330.67,1644764
2014-11-10,333.0,337.73,315.0,318.65,2308050
2014-11-11,317.5,337.48,315.75,334.63,1536232
2014-11-12,334.05,335.8,327.5,329.55,746112
2014-11-13,330.75,337.2,330.75,334.83,460314
2014-11-14,332.65,342.98,332.65,342.1,585836
2014-11-17,342.13,344.95,336.0,337.95,176854
2014-11-18,337.6,342.25,335.17,335.9,228272
2014-11-19,338.0,340.52,334.48,337.05,225986
2014-11-20,335.52,339.4,334.05,335.67,129358
2014-11-21,334.5,338.0,331.5,333.38,208204
2014-11-24,332.63,336.45,326.75,328.95,194112
2014-11-25,327.52,332.0,325.5,330.33,221612
2014-11-26,330.0,339.48,328.02,336.5,237158
2014-11-27,337.0,340.7,334.98,339.3,186418
2014-11-28,340.0,344.85,340.0,342.13,265244
2014-12-01,345.0,347.85,341.38,343.2,279910
2014-12-02,346.5,351.5,343.0,347.52,314794
2014-12-03,347.5,364.5,346.0,360.75,729708
2014-12-04,363.75,369.0,355.15,361.88,335028
2014-12-05,360.5,367.5,360.5,363.55,181756
2014-12-08,362.5,366.73,361.5,363.17,335938
2014-12-09,360.7,369.92,352.55,355.67,324452
2014-12-10,357.3,359.92,354.4,356.13,220834
2014-12-11,357.5,365.0,355.02,363.13,257424
2014-12-12,363.0,374.5,363.0,369.2,375614
2014-12-15,367.45,370.88,360.15,363.77,199312
2014-12-16,360.0,366.88,352.5,363.08,355530
2014-12-17,358.5,364.42,347.98,357.27,346224
2014-12-18,359.0,364.5,350.75,353.13,298098
2014-12-19,358.5,359.0,352.5,354.95,213430
2014-12-22,354.0,359.95,354.0,354.98,120482
2014-12-23,362.0,363.0,354.55,358.95,715924
2014-12-24,361.7,365.0,357.5,359.5,273358
2014-12-26,359.5,372.5,352.55,367.8,430570
2014-12-29,368.0,372.0,362.9,370.13,162820
2014-12-30,370.38,372.5,365.0,366.67,69326
2014-12-31,365.0,370.5,355.45,365.67,400686
2015-01-01,367.27,370.7,359.77,360.33,198016
2015-01-02,365.4,365.48,361.5,363.3,119802
2015-01-05,362.0,369.5,362.0,366.48,184270
2015-01-06,365.9,374.35,360.7,364.35,281188
2015-01-07,363.17,367.45,360.08,363.95,101174
2015-01-08,365.1,368.2,362.75,364.7,102910
2015-01-09,364.5,379.25,363.85,369.3,763218
2015-01-12,372.35,374.5,363.3,366.65,225786
2015-01-13,368.0,374.45,365.0,371.45,276284
2015-01-14,372.5,372.5,363.95,366.38,96206
2015-01-15,367.5,370.0,360.0,362.6,238156
2015-01-16,362.0,366.4,350.55,356.7,366032
2015-01-19,358.0,360.52,345.83,347.73,497386
2015-01-20,349.0,352.95,347.2,347.8,261176
2015-01-21,350.5,355.0,348.5,349.98,145694
2015-01-22,349.63,353.5,348.25,349.48,288384
2015-01-23,326.0,341.0,318.0,319.4,4820028
2015-01-27,322.0,323.7,316.0,318.2,977600
2015-01-28,319.85,324.5,317.5,322.0,1134644
2015-01-29,322.0,322.5,317.5,318.7,481154
2015-01-30,320.0,321.55,317.5,319.15,302452
2015-02-02,320.0,322.33,318.0,318.58,289190
2015-02-03,320.98,320.98,308.5,309.7,373950
2015-02-04,314.9,316.0,307.73,313.75,289020
2015-02-05,315.0,317.4,313.9,315.1,203534
2015-02-06,316.5,316.5,299.5,307.48,403980
2015-02-09,297.5,322.0,296.05,319.58,1011612
2015-02-10,321.0,330.88,310.5,325.67,1533654
2015-02-11,327.5,332.5,322.35,327.6,403752
2015-02-12,329.02,336.0,327.0,335.08,451848
2015-02-13,337.0,342.02,333.05,340.42,349622
2015-02-16,340.0,349.0,340.0,346.33,359766
2015-02-18,346.5,358.02,346.5,350.5,435286
2015-02-19,352.0,353.5,340.55,344.08,180790
2015-02-20,345.5,348.77,335.5,338.98,359950
2015-02-23,339.0,345.8,331.08,333.1,247018
2015-02-24,332.52,337.35,327.52,333.9,181552
2015-02-25,335.0,338.5,330.55,336.45,243016
2015-02-26,336.45,339.3,327.52,333.13,140344
2015-02-27,333.13,338.5,330.05,331.83,132946
2015-02-28,333.0,334.83,326.08,328.42,168040
2015-03-02,329.5,337.4,329.0,332.7,222480
2015-03-03,335.5,343.63,334.55,338.55,403848
2015-03-04,341.0,357.5,337.85,340.25,1428966
2015-03-05,340.5,358.5,340.25,354.08,561036
2015-03-09,357.5,367.4,353.13,355.5,973780
2015-03-10,356.25,378.0,356.25,373.95,1080114
2015-03-11,378.02,396.95,372.0,373.7,2031368
2015-03-12,377.52,383.0,369.5,373.48,592286
2015-03-13,375.5,382.5,363.17,366.15,588456
2015-03-16,367.5,372.0,361.05,367.05,444760
2015-03-17,370.05,399.4,369.55,386.67,2756176
2015-03-18,386.0,395.0,376.48,388.48,1119500
2015-03-19,393.25,399.5,380.88,383.6,1256156
2015-03-20,383.0,390.95,373.0,377.55,629148
2015-03-23,376.0,379.27,368.13,373.52,449748
2015-03-24,375.0,387.88,372.5,384.8,622722
2015-03-25,347.05,356.2,329.13,331.8,8051570
2015-03-26,330.0,336.9,322.27,323.35,1841530
2015-03-27,328.0,328.0,313.0,322.33,1521244
2015-03-30,327.0,355.0,322.67,324.88,663886
2015-03-31,325.65,327.35,316.58,317.92,578088
2015-04-01,319.0,326.83,318.77,321.73,547096
2015-04-06,322.0,327.0,320.0,321.05,475268
2015-04-07,322.95,325.0,319.5,320.6,465152
2015-04-08,323.4,335.6,321.1,328.02,1157048
2015-04-09,331.1,334.5,324.5,329.65,687578
2015-04-10,331.7,334.0,328.5,330.2,430556
2015-04-13,331.4,340.0,328.7,335.48,843002
2015-04-15,335.05,342.98,335.05,337.8,628432
2015-04-16,339.0,339.9,331.5,333.38,508580
2015-04-17,335.0,335.9,327.88,330.8,316074
2015-04-20,330.8,330.8,316.3,320.23,354006
2015-04-21,321.85,327.5,320.23,323.38,341724
2015-04-22,325.0,333.77,323.75,331.08,522064
2015-04-23,333.2,334.0,327.6,331.58,162122
2015-04-24,333.2,340.0,330.0,331.02,746632
2015-04-27,331.05,332.48,320.0,323.45,347024
2015-04-28,322.0,323.1,316.05,320.02,413930
2015-04-29,321.45,325.0,316.0,321.13,90994
2015-04-30,321.0,322.7,317.55,321.05,99464
2015-05-04,322.2,323.45,320.05,320.85,91390
2015-05-05,320.55,326.2,320.48,322.15,122770
2015-05-06,322.0,322.0,311.75,315.2,157136
2015-05-07,315.0,317.5,310.27,313.08,274238
2015-05-08,314.5,321.0,313.13,315.25,108026
2015-05-11,316.0,323.25,316.0,321.5,202258
2015-05-12,322.9,330.0,319.6,326.55,213010
2015-05-13,326.6,337.0,323.13,327.2,237394
2015-05-14,326.95,337.48,323.0,332.9,189676
2015-05-15,334.5,337.0,329.5,333.17,149226
2015-05-18,334.4,337.5,332.5,334.88,266988
2015-05-19,335.2,336.45,329.02,330.48,276840
2015-05-20,331.1,337.5,329.67,335.3,142086
2015-05-21,335.0,337.25,329.75,333.1,117734
2015-05-22,332.1,335.02,325.13,325.85,152856
2015-05-25,336.0,337.92,328.0,329.35,437520
2015-05-26,333.5,333.5,327.55,329.0,497094
2015-05-27,330.0,330.0,326.5,327.38,322092
2015-05-28,329.9,329.9,318.25,321.02,439136
2015-05-29,323.5,333.5,320.0,327.35,380858
2015-06-01,304.9,346.0,304.9,343.7,1647354
2015-06-02,343.0,343.0,324.45,326.1,417274
2015-06-03,326.95,328.98,314.0,316.2,447192
2015-06-04,319.77,321.05,314.98,318.2,486840
2015-06-05,316.0,322.25,316.0,319.63,106692
2015-06-08,319.5,325.73,318.0,320.75,67112
2015-06-09,322.0,322.35,316.4,318.98,103034
2015-06-10,320.0,323.0,318.17,320.52,82334
2015-06-11,320.65,327.5,320.02,323.4,196334
2015-06-12,325.0,325.0,319.5,321.95,95262
2015-06-15,322.0,326.5,320.5,321.6,105614
2015-06-16,323.5,331.0,321.33,329.27,374690
2015-06-17,330.23,335.0,327.52,329.55,241922
2015-06-18,331.0,339.4,329.05,338.83,271830
2015-06-19,340.0,343.0,337.55,340.3,180750
2015-06-22,344.95,344.95,340.17,343.1,212994
2015-06-23,341.5,342.5,335.77,338.6,118158
2015-06-24,337.6,354.48,336.67,347.52,470242
2015-06-25,346.88,364.52,346.88,360.92,961160
2015-06-26,362.48,364.92,352.67,361.0,356630
2015-06-29,354.0,357.45,342.55,355.6,320416
2015-06-30,353.1,362.2,352.55,354.83,187754
2015-07-01,355.0,360.0,349.48,351.95,346550
2015-07-02,352.02,356.98,347.63,349.33,215868
2015-07-03,352.17,352.27,344.05,345.35,171840
2015-07-06,343.0,353.0,340.02,348.45,180482
2015-07-07,348.5,351.83,345.02,348.08,150438
2015-07-08,345.0,348.17,339.15,341.92,700226
2015-07-09,344.0,346.8,340.65,341.9,117404
2015-07-10,342.5,345.25,340.27,344.2,178462
2015-07-13,346.5,348.95,342.2,346.67,129702
2015-07-14,347.5,351.0,343.5,345.85,181990
2015-07-15,345.55,351.0,345.02,349.7,201468
2015-07-16,351.5,354.95,349.58,353.5,168622
2015-07-17,354.5,357.35,351.52,354.77,173586
2015-07-20,356.58,359.5,353.5,355.0,256502
2015-07-21,355.5,357.52,348.5,349.65,143540
2015-07-22,348.95,350.0,343.0,345.2,157958
2015-07-23,349.0,349.0,342.55,345.4,138054
2015-07-24,348.5,348.5,344.05,344.98,554090
2015-07-27,344.5,357.2,339.0,347.2,288640
2015-07-28,347.5,352.4,342.5,346.45,107976
2015-07-29,351.0,351.0,339.0,345.0,184422
2015-07-30,345.0,354.5,333.13,349.0,1080270
2015-07-31,345.02,346.75,335.05,338.13,567086
2015-08-03,338.13,369.48,338.0,360.8,1704102
2015-08-04,363.85,371.0,360.0,362.88,320608
2015-08-05,363.0,366.98,357.5,362.58,161296
2015-08-06,359.02,379.65,359.0,376.92,621714
2015-08-07,375.55,395.85,375.5,393.83,820410
2015-08-10,392.45,394.25,377.52,379.85,252306
2015-08-11,383.77,383.77,375.0,380.0,151980
2015-08-12,379.35,390.65,375.0,384.55,300896
2015-08-13,385.5,390.0,380.7,385.6,196792
2015-08-14,388.2,411.4,387.48,408.27,992746
2015-08-17,412.35,417.0,405.5,412.38,1308584
2015-08-18,414.0,424.38,403.3,408.27,358640
2015-08-19,408.5,443.5,406.02,422.58,1393764
2015-08-20,418.0,434.0,406.15,425.4,829554
2015-08-21,424.9,434.5,417.5,428.13,1119680
2015-08-24,413.17,418.0,387.48,399.23,566348
2015-08-25,402.5,404.92,375.0,395.35,883012
2015-08-26,390.1,394.42,382.5,384.63,175578
2015-08-27,387.6,403.0,384.52,387.52,648906
2015-08-28,390.5,399.67,388.0,391.23,269090
2015-08-31,392.45,398.75,390.0,395.83,208486
2015-09-01,395.0,407.83,386.5,393.2,462430
2015-09-02,393.75,404.0,391.55,400.45,231884
2015-09-03,407.75,407.75,394.0,396.85,157764
2015-09-04,397.5,397.5,378.67,380.73,311596
2015-09-07,379.5,382.2,371.2,375.3,797290
2015-09-08,381.25,381.25,357.77,368.9,444374
2015-09-09,375.95,377.0,369.33,370.75,259782
2015-09-10,369.5,374.33,361.2,370.15,156560
2015-09-11,372.75,381.0,370.58,374.2,234004
2015-09-14,379.25,379.25,371.48,375.02,152596
2015-09-15,378.95,378.95,372.63,374.9,116610
2015-09-16,376.98,377.0,367.5,370.58,120582
2015-09-18,371.5,375.0,367.5,368.48,330700
2015-09-21,364.0,383.5,363.6,380.02,314606
2015-09-22,384.0,391.52,371.5,373.6,210992
2015-09-23,372.52,382.5,367.17,378.38,242532
2015-09-24,380.0,387.5,375.63,385.45,112084
2015-09-28,386.05,393.35,381.5,384.05,270338
2015-09-29,379.0,379.0,370.0,374.0,168842
2015-09-30,372.5,381.85,370.0,370.9,221844
2015-10-01,371.5,376.0,367.98,368.95,202924
2015-10-05,370.05,373.0,363.55,365.33,209312
2015-10-06,366.0,370.95,364.0,364.77,181688
2015-10-07,368.0,368.0,355.55,356.55,206006
2015-10-08,357.25,366.48,350.0,360.48,402332
2015-10-09,364.0,365.7,358.5,362.05,192382
2015-10-12,358.7,363.5,357.25,362.1,137160
2015-10-13,363.0,370.35,358.27,368.13,289696
2015-10-14,371.0,373.25,367.5,370.95,138668
2015-10-15,374.13,381.5,367.65,374.95,407354
2015-10-16,373.0,387.5,372.15,385.8,641356
2015-10-19,387.15,388.5,379.15,381.77,356182
2015-10-20,382.88,383.45,375.5,376.2,94936
2015-10-21,377.5,380.45,375.17,378.25,77000
2015-10-23,379.0,380.0,369.75,372.58,1231558
2015-10-26,373.0,382.8,368.5,378.4,228002
2015-10-27,381.45,400.5,375.5,393.9,1020608
2015-10-28,393.1,398.95,387.52,389.8,560020
2015-10-29,385.6,393.52,385.52,390.88,399164
2015-10-30,389.0,396.0,375.55,389.58,2131050
2015-11-02,385.0,389.35,374.6,385.13,346500
2015-11-03,382.5,386.17,374.6,376.38,416278
2015-11-04,377.5,379.38,372.63,373.33,173798
2015-11-05,369.75,374.92,357.75,366.7,334314
2015-11-06,360.5,369.0,347.55,351.88,468836
2015-11-09,345.0,363.0,340.55,361.1,425764
2015-11-10,362.5,365.0,356.55,357.92,104496
2015-11-11,362.0,365.0,360.8,363.9,28410
2015-11-13,362.5,362.55,357.55,359.58,160174
2015-11-16,359.5,367.0,354.0,362.9,163598
2015-11-17,366.0,376.27,360.0,371.85,299942
2015-11-18,373.5,383.65,372.7,378.63,421756
2015-11-19,380.0,392.2,380.0,387.67,363068
2015-11-20,389.13,389.13,380.55,383.23,170566
2015-11-23,383.0,395.0,383.0,389.92,312588
2015-11-24,388.0,388.02,381.5,384.08,187248
2015-11-26,382.63,388.5,376.35,381.15,155328
2015-11-27,377.08,385.0,376.55,382.73,112972
2015-11-30,382.5,404.0,379.75,395.35,1350862
2015-12-01,392.0,396.9,385.8,392.85,241970
2015-12-02,388.08,399.48,385.0,385.75,154932
2015-12-03,383.65,387.52,378.0,383.9,183508
2015-12-04,380.4,403.7,379.08,386.4,737810
2015-12-07,391.4,391.4,376.6,378.75,380080
2015-12-08,378.5,381.0,372.05,375.4,257124
2015-12-09,376.92,380.45,365.5,379.2,455026
2015-12-10,384.0,384.0,368.4,379.42,1644104
2015-12-11,377.0,383.95,372.58,374.38,262902
2015-12-14,372.5,379.5,370.0,377.3,248278
2015-12-15,377.75,379.95,372.5,375.98,215092
2015-12-16,377.13,381.5,372.55,373.58,207298
2015-12-17,378.45,378.67,370.0,371.1,351702
2015-12-18,372.48,374.85,369.02,371.2,145164
2015-12-21,371.63,374.5,365.55,369.85,135714
2015-12-22,372.5,376.4,369.0,373.02,114840
2015-12-23,371.5,382.25,371.5,376.0,228398
2015-12-24,377.0,381.5,373.0,374.38,95658
2015-12-28,380.0,380.0,371.0,372.55,87272
2015-12-29,373.98,375.4,372.5,374.27,63474
2015-12-30,374.0,380.5,371.0,374.45,131262
2015-12-31,376.15,376.15,370.15,370.95,125732
2016-01-01,370.5,373.85,370.0,371.15,75462
2016-01-04,372.0,372.5,365.35,365.98,135950
2016-01-05,369.7,369.7,355.02,356.17,806156
2016-01-06,357.52,363.5,356.8,357.75,383018
2016-01-07,358.0,358.0,345.0,345.38,335894
2016-01-08,349.8,351.0,337.52,340.88,311858
2016-01-11,335.75,343.13,333.0,336.98,157916
2016-01-12,333.27,340.0,324.15,326.48,345066
2016-01-13,328.42,330.0,310.0,325.25,851612
2016-01-14,319.0,336.5,317.0,323.23,733936
2016-01-15,323.95,323.95,306.5,307.67,714174
2016-01-18,310.0,319.95,297.55,309.52,537778
2016-01-19,309.2,326.2,303.65,323.3,167564
2016-01-20,323.85,323.85,308.88,318.25,279496
2016-01-21,319.98,319.98,310.5,313.1,176430
2016-01-22,318.95,322.5,312.38,320.7,243582
2016-01-25,320.0,331.88,320.0,328.1,256196
2016-01-27,327.0,331.5,322.5,326.42,420420
2016-01-28,326.42,327.5,320.0,323.6,288330
2016-01-29,323.5,335.15,320.52,334.48,206872
2016-02-01,339.5,339.5,281.02,327.58,4819250
2016-02-02,325.0,329.35,314.5,327.15,676418
2016-02-03,324.0,326.48,316.05,319.85,182978
2016-02-04,324.35,324.35,311.88,315.25,703356
2016-02-05,311.17,316.5,306.02,310.27,163206
2016-02-08,310.05,330.0,304.0,323.75,1727556
2016-02-09,320.6,336.75,313.17,326.15,1638168
2016-02-10,307.0,330.0,298.0,312.45,3320906
2016-02-11,310.0,315.9,298.0,302.52,565896
2016-02-12,307.42,307.42,276.52,289.17,624274
2016-02-15,294.7,312.0,294.7,309.45,173492
2016-02-16,306.85,309.0,297.5,302.63,563926
2016-02-17,297.5,313.48,295.5,305.35,310678
2016-02-18,307.5,323.5,306.0,316.98,456028
2016-02-19,310.75,324.5,308.1,322.17,310822
2016-02-22,318.25,321.0,314.02,317.35,116832
2016-02-23,317.9,319.35,307.5,310.3,97294
2016-02-24,309.0,314.45,302.55,304.63,174712
2016-02-25,302.5,309.92,291.0,293.35,490804
2016-02-26,294.02,299.95,283.5,285.65,853678
2016-02-29,285.5,287.5,278.55,282.38,223116
2016-03-01,282.4,287.5,279.0,283.45,340158
2016-03-02,287.5,299.5,285.9,294.5,264490
2016-03-03,294.52,297.5,284.5,285.83,184412
2016-03-04,285.85,290.13,285.73,288.75,549226
2016-03-08,288.2,290.0,278.8,281.58,878664
2016-03-09,282.45,283.95,272.25,273.7,558224
2016-03-10,276.5,279.83,268.58,275.73,513416
2016-03-11,276.5,276.5,269.0,270.6,299972
2016-03-14,271.73,278.5,269.98,271.3,169972
2016-03-15,273.95,273.95,267.0,267.83,131046
2016-03-16,268.0,270.0,262.5,266.67,146062
2016-03-17,268.05,269.33,265.0,265.25,100098
2016-03-18,265.05,281.5,265.0,279.35,484388
2016-03-21,281.5,282.5,275.0,280.55,158618
2016-03-22,281.52,286.5,277.98,285.15,153212
2016-03-23,286.5,314.5,284.95,299.7,896018
2016-03-28,298.0,306.0,286.3,303.48,462682
2016-03-29,303.0,303.98,291.0,294.48,289902
2016-03-30,297.33,298.48,290.4,294.52,137856
2016-03-31,295.0,297.42,287.83,291.08,154150
2016-04-01,291.08,291.52,285.27,285.85,88708
2016-04-04,285.85,290.5,283.48,284.95,76142
2016-04-05,285.13,287.73,276.0,277.7,90884
2016-04-06,283.95,283.95,270.13,272.65,256338
2016-04-07,272.5,283.23,272.5,279.23,300278
2016-04-08,264.95,264.95,239.3,250.6,9727168
2016-04-11,250.0,254.0,243.1,244.6,1582190
2016-04-12,247.7,247.75,240.8,241.25,858546
2016-04-13,241.5,250.5,240.5,246.55,1479524
2016-04-18,247.0,247.55,242.7,244.5,1164592
2016-04-20,246.0,247.4,243.0,245.38,419036
2016-04-21,247.3,251.35,244.0,247.6,630844
2016-04-22,248.02,253.2,245.65,249.93,1059372
2016-04-25,249.98,253.0,248.0,248.85,321264
2016-04-26,247.0,249.5,246.55,247.7,218998
2016-04-27,249.0,251.82,247.5,248.0,246522
2016-04-28,250.0,251.5,245.02,246.18,258608
2016-04-29,247.9,250.0,246.2,248.88,249880
2016-05-02,251.5,251.5,246.05,247.13,211886
2016-05-03,248.85,249.55,245.0,247.77,264786
2016-05-04,247.75,249.45,242.0,242.98,266328
2016-05-05,242.98,246.95,241.05,242.73,154882
2016-05-06,243.0,243.75,237.0,237.77,141866
2016-05-09,238.5,241.0,236.05,237.65,170630
2016-05-10,239.0,239.0,235.0,235.5,226280
2016-05-11,235.0,237.5,233.25,234.38,111496
2016-05-12,234.5,237.0,233.65,234.15,94846
2016-05-13,235.8,237.0,233.3,234.0,106702
2016-05-16,234.0,235.65,221.05,226.05,964182
2016-05-17,227.5,229.0,224.1,225.0,1265086
2016-05-18,225.0,229.4,223.27,226.55,1378402
2016-05-19,226.55,229.0,223.02,223.57,170328
2016-05-20,223.0,226.45,222.95,224.82,141530
2016-05-23,226.25,226.75,220.48,223.23,310156
2016-05-24,221.0,224.0,220.05,220.52,199558
2016-05-25,224.75,224.75,220.6,221.52,154116
2016-05-26,220.0,222.5,219.0,220.98,209538
2016-05-27,221.5,224.0,216.5,218.48,515138
2016-05-30,218.5,230.0,211.05,213.98,2722674
2016-05-31,215.75,219.0,214.0,214.95,611966
2016-06-01,217.5,217.5,210.13,211.48,316136
2016-06-02,212.48,212.5,206.0,206.68,480626
2016-06-03,206.85,210.75,206.85,208.55,383594
2016-06-06,208.5,210.0,202.0,203.7,282564
2016-06-07,203.7,217.45,202.5,215.65,1682762
2016-06-08,217.5,219.25,212.02,212.77,1184218
2016-06-09,214.5,224.5,212.5,222.75,2247326
2016-06-10,222.8,234.5,222.0,231.9,1692974
2016-06-13,229.0,232.55,224.55,229.63,578264
2016-06-14,232.1,233.75,228.32,231.65,215458
2016-06-15,232.5,236.05,232.43,233.85,247586
2016-06-16,233.48,246.0,228.4,239.25,782330
2016-06-17,240.5,246.4,238.65,244.27,767382
2016-06-20,242.45,245.0,237.15,238.85,330100
2016-06-21,241.23,251.0,239.43,245.9,559162
2016-06-22,249.5,251.4,241.0,242.07,480414
2016-06-23,241.45,244.5,235.0,236.15,327224
2016-06-24,229.5,232.1,212.0,229.32,516342
2016-06-27,225.0,237.5,224.98,235.15,274178
2016-06-28,238.0,247.0,237.5,243.98,716838
2016-06-29,246.0,247.93,240.75,244.07,522532
2016-06-30,245.25,247.5,243.0,244.32,305314
2016-07-01,245.1,245.6,243.02,244.07,169024
2016-07-04,244.5,246.5,240.55,242.25,206404
2016-07-05,243.0,243.88,237.65,239.68,223282
2016-07-07,238.7,241.9,235.68,237.15,188850
2016-07-08,239.5,242.4,234.0,235.23,335968
2016-07-11,238.0,240.0,233.5,234.4,266476
2016-07-12,237.5,237.5,232.63,234.45,205426
2016-07-13,235.02,235.25,229.5,230.25,345916
2016-07-14,230.5,236.0,230.5,234.32,1508422
2016-07-15,234.8,236.32,232.5,233.02,214402
2016-07-18,233.02,238.82,229.5,232.73,1484964
2016-07-19,232.5,236.8,230.8,235.25,488498
2016-07-20,237.5,246.0,235.5,244.15,1271832
2016-07-21,246.85,247.0,240.0,241.65,965516
2016-07-22,243.88,247.5,243.45,244.77,643992
2016-07-25,245.0,249.73,242.5,247.43,1493872
2016-07-26,248.5,248.88,239.0,240.82,293312
2016-07-27,242.0,247.0,240.9,245.95,289730
2016-07-28,245.55,254.9,242.88,246.7,1020040
2016-07-29,246.2,259.4,245.73,257.88,5042954
2016-08-01,260.5,262.5,252.55,255.18,939598
2016-08-02,255.5,259.4,254.1,256.77,797236
2016-08-03,255.05,258.5,252.75,254.7,287530
2016-08-04,255.6,264.58,255.0,259.2,893460
2016-08-05,260.98,262.42,257.75,259.2,281268
2016-08-08,259.5,261.5,255.07,256.13,255530
2016-08-09,257.48,257.75,251.0,253.68,221362
2016-08-10,254.48,257.5,248.38,250.88,373130
2016-08-11,252.5,268.65,246.55,262.17,3821456
2016-08-12,264.98,267.38,262.5,265.8,909118
2016-08-16,265.1,266.98,255.88,258.77,411100
2016-08-17,259.38,263.2,257.55,260.2,342950
2016-08-18,260.88,262.0,258.3,258.7,169756
2016-08-19,258.83,261.4,255.02,256.58,155206
2016-08-22,258.5,259.92,254.32,255.85,133634
2016-08-23,255.85,258.83,254.55,255.73,153130
2016-08-24,257.25,273.92,256.52,272.0,1375524
2016-08-25,275.25,279.95,268.52,271.7,845538
2016-08-26,272.95,276.4,270.05,275.38,397556
2016-08-29,277.5,278.6,272.55,274.48,211538
2016-08-30,275.0,276.5,270.05,271.4,176016
2016-08-31,271.58,275.9,269.0,270.6,220212
2016-09-01,270.6,273.42,266.15,268.45,154204
2016-09-02,270.0,272.0,268.75,270.63,133212
2016-09-06,271.9,289.0,270.65,286.48,1270334
2016-09-07,286.5,288.0,280.1,283.25,450034
2016-09-08,282.7,291.52,280.83,289.35,385310
2016-09-09,292.17,297.67,291.0,293.8,700122
2016-09-12,289.88,292.3,284.0,286.55,189168
2016-09-14,286.25,295.5,285.0,288.08,494844
2016-09-15,291.0,291.85,287.5,288.23,109248
2016-09-16,289.48,297.35,289.48,295.0,450994
2016-09-19,297.5,300.48,292.55,295.67,422098
2016-09-20,295.5,298.45,295.0,295.73,206570
2016-09-21,295.75,299.0,294.0,295.0,566046
2016-09-22,299.75,308.9,295.42,307.15,548406
2016-09-23,309.45,309.48,297.5,298.15,710412
2016-09-26,298.2,299.95,288.6,296.38,392226
2016-09-27,297.5,302.5,297.0,299.6,488422
2016-09-28,300.98,304.85,300.98,304.35,265814
2016-09-29,304.38,304.95,293.5,302.23,497848
2016-09-30,300.5,302.23,294.0,299.75,593398
2016-10-03,299.77,304.77,299.77,304.45,346570
2016-10-04,301.5,312.42,301.5,310.17,220390
2016-10-05,310.17,314.45,306.0,308.7,207752
2016-10-06,308.73,312.5,303.0,305.33,132370
2016-10-07,305.33,307.92,301.75,303.42,75510
2016-10-10,303.42,313.0,302.75,310.75,157238
2016-10-13,311.0,319.0,302.1,308.25,664816
2016-10-14,309.5,313.7,306.9,309.98,155872
2016-10-17,310.27,315.4,303.35,306.25,152986
2016-10-18,307.0,312.5,305.5,309.9,99598
2016-10-19,306.05,314.63,306.05,313.13,77200
2016-10-20,307.55,313.08,306.02,307.02,220986
2016-10-21,307.52,316.98,304.0,313.5,143460
2016-10-24,313.48,319.5,309.25,316.58,174528
2016-10-25,317.0,322.0,315.05,316.33,95610
2016-10-26,315.0,319.0,307.52,310.15,152126
2016-10-27,313.35,313.58,306.52,309.05,81158
2016-10-28,309.05,310.02,303.0,304.83,174028
2016-10-30,311.0,311.5,307.23,310.4,43066
2016-11-01,310.4,310.5,302.5,306.9,161202
2016-11-02,306.0,306.0,295.13,297.85,172688
2016-11-03,297.88,299.25,289.5,291.63,145440
2016-11-04,288.58,290.98,278.55,284.7,297166
2016-11-07,291.7,296.52,287.5,289.17,204902
2016-11-08,290.0,297.5,284.13,285.25,178854
2016-11-09,275.0,295.83,228.5,292.92,222736
2016-11-10,298.5,304.0,292.0,297.08,243374
2016-11-11,295.0,309.0,274.5,281.0,1576840
2016-11-15,287.6,288.7,266.55,270.27,268524
2016-11-16,281.5,281.5,262.5,264.35,163492
2016-11-17,264.0,269.85,258.0,266.92,270686
2016-11-18,267.5,273.88,262.5,271.5,199390
2016-11-21,270.0,273.02,265.15,268.6,182106
2016-11-22,266.05,274.95,266.05,272.73,170390
2016-11-23,272.75,283.0,272.73,281.23,177670
2016-11-24,275.0,288.0,275.0,284.05,78430
2016-11-25,284.08,292.23,280.0,286.15,152476
2016-11-28,288.0,288.0,280.55,285.25,108286
2016-11-29,286.0,290.0,281.75,283.6,72746
2016-11-30,283.6,292.35,283.6,290.5,138926
2016-12-01,292.5,294.7,282.65,287.08,188274
2016-12-02,282.7,287.35,280.02,282.52,56204
2016-12-05,278.1,283.88,276.75,278.55,102248
2016-12-06,279.05,282.27,278.55,279.52,65024
2016-12-07,282.35,282.35,275.27,279.45,124574
2016-12-08,277.0,277.0,264.48,269.25,725914
2016-12-09,270.0,274.75,270.0,272.13,142608
2016-12-12,272.85,275.0,270.0,271.3,64504
2016-12-13,270.25,272.98,268.0,269.98,56910
2016-12-14,270.05,274.3,266.5,269.23,86726
2016-12-15,264.5,271.17,264.5,268.85,39242
2016-12-16,268.5,277.0,267.5,273.83,101438
2016-12-19,275.0,276.95,266.33,268.5,103064
2016-12-20,270.63,272.45,264.05,265.48,65636
2016-12-21,269.0,272.5,267.5,269.15,55586
2016-12-22,269.75,271.0,262.02,267.6,134344
2016-12-23,268.6,272.0,263.52,264.9,76270
2016-12-26,265.0,268.63,257.5,261.27,55192
2016-12-27,262.55,262.83,256.48,258.7,89588
2016-12-28,260.02,262.65,259.5,260.92,82928
2016-12-29,259.1,268.5,259.1,265.38,137886
2016-12-30,266.9,270.0,265.0,266.52,50444
2017-01-02,267.5,269.85,263.3,264.77,78420
2017-01-03,265.48,267.5,264.5,265.13,40052
2017-01-04,266.73,279.5,264.0,274.65,400626
2017-01-05,277.05,282.4,272.5,274.23,128064
2017-01-06,274.7,278.95,270.02,272.33,78170
2017-01-09,270.5,275.85,267.5,269.58,78160
2017-01-10,268.52,271.2,266.0,267.35,61110
2017-01-11,267.38,287.0,267.38,278.33,996708
2017-01-12,277.5,277.5,271.5,273.7,117692
2017-01-13,273.5,276.52,272.98,274.55,54090
2017-01-16,274.55,274.95,269.9,270.67,86720
2017-01-17,270.0,274.85,270.0,273.05,42004
2017-01-18,272.5,277.0,271.5,274.9,54418
2017-01-19,275.92,282.5,274.5,279.88,91596
2017-01-20,277.55,282.5,275.0,279.38,76146
2017-01-23,279.23,279.5,274.0,275.83,81570
2017-01-24,275.7,277.0,273.1,275.48,36288
2017-01-25,278.0,278.0,269.0,269.9,127350
2017-01-27,271.58,273.92,267.52,268.2,235160
2017-01-30,274.0,274.0,265.75,267.52,164344
2017-01-31,272.4,272.4,265.77,267.4,140752
2017-02-01,265.58,269.95,261.3,266.7,134906
2017-02-02,267.55,271.95,264.33,266.75,216838
2017-02-03,266.8,268.95,263.48,264.88,225646
2017-02-06,266.98,267.0,260.0,263.0,313988
2017-02-07,264.0,268.0,261.58,262.9,224102
2017-02-08,264.6,264.85,260.5,261.55,117760
2017-02-09,262.77,265.5,261.02,263.98,125604
2017-02-10,265.38,271.5,257.55,259.65,1794498
2017-02-13,261.95,263.98,259.5,261.6,783828
2017-02-14,262.25,263.5,260.0,261.15,86066
2017-02-15,262.0,262.33,259.0,260.2,140404
2017-02-16,258.1,262.45,257.02,261.63,83458
2017-02-17,262.0,266.0,260.75,264.65,361180
2017-02-20,264.5,277.5,263.5,274.8,848152
2017-02-21,277.0,279.45,275.5,276.85,546028
2017-02-22,278.9,281.45,268.23,270.45,1063078
2017-02-23,273.0,273.0,269.0,270.38,113210
2017-02-27,272.75,287.0,270.0,281.75,589452
2017-02-28,283.95,284.4,275.5,276.85,168528
2017-03-01,276.95,280.0,275.0,277.02,268818
2017-03-02,277.5,278.9,269.05,271.63,145632
2017-03-03,270.83,278.5,270.52,275.25,181922
2017-03-06,276.98,278.5,272.5,276.25,97264
2017-03-07,277.42,277.42,273.55,274.6,77622
2017-03-08,275.5,277.15,274.0,275.3,92280
2017-03-09,274.3,276.65,272.5,274.75,73362
2017-03-10,275.92,276.5,271.5,272.35,54686
2017-03-14,276.0,282.95,272.5,281.98,1176156
2017-03-15,284.0,284.4,275.27,276.13,140796
2017-03-16,279.5,280.98,274.0,274.92,130450
2017-03-17,275.0,276.33,272.4,273.95,223758
2017-03-20,275.88,276.88,272.0,272.42,125880
2017-03-21,272.5,277.52,271.5,276.17,252162
2017-03-22,273.0,279.0,272.5,277.5,94962
2017-03-23,278.75,289.75,273.27,286.15,549266
2017-03-24,287.0,295.0,283.33,293.8,421536
2017-03-27,293.45,294.7,284.9,289.67,209038
2017-03-28,289.67,294.0,288.27,293.0,290626
2017-03-29,295.0,301.7,288.0,300.65,472716
2017-03-30,302.48,315.0,300.65,304.35,523836
2017-03-31,305.5,315.92,302.27,311.92,641802
2017-04-03,309.15,324.75,309.15,315.9,547242
2017-04-05,317.8,328.8,316.0,323.23,581664
2017-04-06,322.85,322.85,316.5,319.1,245246
2017-04-07,318.9,324.35,311.08,318.65,691622
2017-04-10,319.85,327.5,313.88,318.45,678378
2017-04-11,314.25,318.48,307.67,317.17,306992
2017-04-12,315.0,317.38,304.02,307.73,229270
2017-04-13,309.0,311.9,298.5,301.15,329360
2017-04-17,301.5,309.0,300.5,306.02,336836
2017-04-18,306.0,310.0,303.73,305.27,192666
2017-04-19,306.25,309.0,302.5,304.33,286006
2017-04-20,303.45,308.5,295.58,297.2,95954
2017-04-21,298.5,302.5,296.0,298.95,365954
2017-04-24,298.5,301.9,290.0,296.9,690032
2017-04-25,300.0,304.0,292.77,299.88,385024
2017-04-26,300.0,308.5,296.75,304.2,446068
2017-04-27,304.15,306.02,297.77,301.77,136814
2017-04-28,303.75,303.75,297.0,299.02,137232
2017-05-02,303.75,304.0,290.5,294.88,244840
2017-05-03,295.05,300.0,278.7,282.05,502164
2017-05-04,285.17,286.0,271.5,274.0,300824
2017-05-05,274.85,275.98,266.45,268.42,129902
2017-05-08,269.0,274.42,268.95,270.52,60190
2017-05-09,273.45,275.5,270.98,273.15,97694
2017-05-10,275.0,282.0,271.48,274.8,219476
2017-05-11,276.48,282.0,275.17,280.1,250986
2017-05-12,280.5,280.5,274.02,276.13,90974
2017-05-15,276.5,281.25,275.0,278.63,122720
2017-05-16,280.0,286.0,274.52,276.45,144648
2017-05-17,276.5,278.0,269.5,270.98,71940
2017-05-18,273.0,273.0,261.27,262.55,189296
2017-05-19,264.0,267.0,263.08,264.98,107548
2017-05-22,266.48,266.95,258.5,259.88,62452
2017-05-23,259.0,259.02,251.0,254.98,121182
2017-05-24,255.5,260.0,241.98,244.35,124428
2017-05-25,242.5,248.85,242.5,244.6,160710
2017-05-26,246.5,254.85,243.63,250.95,293988
2017-05-29,252.25,252.25,244.5,245.15,174666
2017-05-30,244.02,252.35,242.5,243.52,184076
2017-05-31,247.0,248.73,244.3,245.35,448640
2017-06-01,246.0,259.4,246.0,255.68,1195654
2017-06-02,256.02,260.5,249.0,251.2,596268
2017-06-05,251.2,260.0,250.55,256.35,117992
2017-06-06,257.7,257.7,250.0,254.13,58012
2017-06-07,254.9,257.38,251.18,252.7,85006
2017-06-08,254.23,258.0,251.0,251.73,119610
2017-06-09,253.0,253.95,248.25,250.82,71694
2017-06-12,253.7,253.7,246.85,249.02,346842
2017-06-13,247.55,252.98,245.0,250.77,68848
2017-06-14,251.9,255.95,248.27,255.0,122912
2017-06-15,255.5,260.95,250.05,257.58,149564
2017-06-16,232.0,242.5,218.05,236.65,15197250
2017-06-19,230.0,238.3,230.0,236.35,1825588
2017-06-20,236.0,244.27,232.5,236.85,2527186
2017-06-21,237.0,237.9,234.15,235.07,431104
2017-06-22,237.5,239.45,232.5,234.1,506448
2017-06-23,232.55,243.5,232.55,236.77,1392798
2017-06-27,235.25,240.95,235.25,238.57,229892
2017-06-28,239.5,240.95,236.5,240.05,219840
2017-06-29,241.7,242.5,238.1,240.0,310632
2017-06-30,240.02,248.35,239.73,246.23,315800
2017-07-03,248.2,250.0,244.27,246.43,126610
2017-07-04,247.5,248.13,239.07,241.52,181814
2017-07-05,239.0,242.82,239.0,240.0,307638
2017-07-06,240.0,243.95,236.25,236.82,283086
2017-07-07,235.0,238.0,232.52,233.8,332396
2017-07-10,235.23,239.0,235.0,236.63,59836
2017-07-11,237.5,238.85,234.5,235.82,122106
2017-07-12,236.7,240.4,236.23,238.1,301638
2017-07-13,237.75,242.45,237.5,240.52,652756
2017-07-14,241.35,245.73,239.1,240.2,126452
2017-07-17,241.38,245.57,240.0,243.13,619476
2017-07-18,241.0,242.48,238.5,239.98,330298
2017-07-19,240.02,244.57,239.52,240.6,140766
2017-07-20,241.0,242.5,238.27,239.18,123596
2017-07-21,239.0,241.7,239.0,240.02,118084
2017-07-24,240.4,241.5,238.5,239.88,62996
2017-07-25,240.8,241.4,239.0,240.05,115224
2017-07-26,239.32,247.48,239.27,246.93,285460
2017-07-27,247.5,249.45,240.0,241.2,115522
2017-07-28,241.0,242.2,239.38,240.75,40168
2017-07-31,243.0,243.5,234.25,239.3,1372048
2017-08-01,241.0,242.5,239.0,240.7,75052
2017-08-02,240.9,240.9,237.0,239.3,1259856
2017-08-03,238.65,239.98,232.0,233.98,59054
2017-08-04,233.0,234.93,229.02,230.95,79524
2017-08-07,232.0,233.75,231.0,232.0,33260
2017-08-08,233.0,235.23,225.55,227.02,70838
2017-08-09,226.0,229.88,217.5,218.48,131862
2017-08-10,218.48,225.38,208.0,209.93,421380
2017-08-11,213.5,213.5,200.0,204.73,470408
2017-08-14,209.75,216.4,207.0,208.8,109226
2017-08-16,209.0,225.1,206.5,208.48,456912
2017-08-17,208.5,215.63,207.5,207.98,149878
2017-08-18,206.93,213.9,203.1,208.32,955090
2017-08-21,207.5,207.98,202.5,204.85,1195166
2017-08-22,204.5,207.2,202.43,204.4,634920
2017-08-23,205.5,209.1,205.0,206.1,59266
2017-08-24,204.5,210.5,204.5,207.4,289478
2017-08-28,208.5,212.0,207.02,208.68,153056
2017-08-29,208.0,210.0,205.8,207.63,78882
2017-08-30,207.5,210.5,207.27,208.13,550974
2017-08-31,209.8,209.93,206.65,208.7,1106448
2017-09-01,211.48,216.0,208.15,209.68,377034
2017-09-04,208.75,212.5,206.65,208.23,250494
2017-09-05,208.5,211.48,208.0,210.18,194184
2017-09-06,210.02,211.18,208.57,210.02,80308
2017-09-07,209.63,211.15,209.0,210.43,212194
2017-09-08,210.07,212.0,207.75,210.07,132438
2017-09-11,211.73,238.5,211.0,235.6,1685368
2017-09-12,235.6,248.82,228.88,247.32,1355910
2017-09-13,248.0,249.57,235.75,239.55,365494
2017-09-14,241.1,247.0,234.63,238.45,464130
2017-09-15,239.0,272.5,239.0,260.95,3330846
2017-09-18,255.5,259.45,248.0,252.82,588158
2017-09-19,253.25,264.42,242.0,244.18,638278
2017-09-20,246.02,249.5,242.9,246.57,294338
2017-09-21,246.57,293.0,246.57,286.6,4359538
2017-09-22,289.42,298.4,252.8,259.45,4387852
2017-09-25,262.15,265.0,245.02,247.93,1130340
2017-09-26,249.6,266.0,245.52,255.7,1447770
2017-09-27,255.0,262.5,246.8,248.3,627060
2017-09-28,245.0,254.48,237.5,250.23,814918
2017-09-29,253.48,254.95,241.52,243.82,419850
2017-10-03,247.5,249.93,244.0,246.55,268220
2017-10-04,249.5,279.25,244.07,269.83,4038252
2017-10-05,268.5,274.4,261.73,263.88,848832
2017-10-06,265.0,266.25,257.5,260.48,426544
2017-10-09,261.27,270.8,260.13,262.17,700224
2017-10-10,265.42,266.1,257.33,258.75,342956
2017-10-11,261.42,262.5,250.6,254.57,360046
2017-10-12,258.38,259.67,248.05,249.63,424054
2017-10-13,251.5,257.0,249.0,249.85,336150
2017-10-16,251.45,255.25,248.1,249.65,238214
2017-10-17,250.0,251.73,246.5,247.77,178954
2017-10-18,249.88,249.95,245.0,246.48,154940
2017-10-19,248.0,249.5,246.0,247.85,38882
2017-10-23,250.0,252.0,241.25,243.95,268226
2017-10-24,245.0,246.5,244.0,244.68,273888
2017-10-25,247.98,255.0,244.82,250.1,392698
2017-10-26,251.25,254.95,246.38,252.55,349590
2017-10-27,253.5,272.33,250.18,263.52,1401278
2017-10-30,264.0,272.5,264.0,266.63,428676
2017-10-31,268.0,268.48,262.52,266.65,217084
2017-11-01,268.5,269.5,262.0,263.3,162132
2017-11-02,264.0,275.0,260.08,263.83,603072
2017-11-03,263.95,266.75,260.25,263.58,250242
2017-11-06,263.0,269.73,260.0,263.2,331878
2017-11-07,263.5,277.35,263.5,274.58,1104454
2017-11-08,274.5,285.52,269.0,274.55,837364
2017-11-09,274.5,278.42,266.75,273.4,235844
2017-11-10,271.5,295.0,268.52,291.83,1147280
2017-11-13,294.0,297.45,268.75,272.02,1195332
2017-11-14,272.45,286.25,265.0,267.38,1640818
2017-11-15,267.1,274.27,261.1,262.85,419898
2017-11-16,264.58,270.0,262.58,263.85,191122
2017-11-17,265.3,269.35,262.0,264.25,164580
2017-11-20,266.02,273.98,264.0,271.05,410070
2017-11-21,273.92,276.0,268.5,271.25,333944
2017-11-22,273.75,273.75,266.65,268.65,111554
2017-11-23,268.65,273.15,265.5,269.75,175718
2017-11-24,269.75,272.75,262.9,265.83,192494
2017-11-27,265.52,269.0,265.0,266.48,77196
2017-11-28,267.75,273.5,265.48,271.65,385020
2017-11-29,271.65,273.0,267.05,268.05,172510
2017-11-30,268.05,276.35,265.08,270.52,382864
2017-12-01,270.52,276.0,264.0,265.27,193264
2017-12-04,265.27,267.13,257.0,257.8,165926
2017-12-05,258.25,269.05,253.2,265.25,271778
2017-12-06,266.98,268.95,261.0,266.25,123476
2017-12-07,267.98,272.35,264.48,268.88,151668
2017-12-08,271.38,275.9,269.38,271.63,237106
2017-12-11,273.5,273.9,265.25,266.77,110312
2017-12-12,268.95,288.27,266.27,275.35,1471722
2017-12-13,275.0,279.35,272.5,275.7,360416
2017-12-14,274.9,279.5,270.67,275.73,277262
2017-12-15,275.5,286.0,275.5,282.55,582964
2017-12-18,281.08,287.15,272.98,282.4,374190
2017-12-19,282.48,287.5,280.02,284.83,320246
2017-12-20,285.0,291.85,280.05,287.05,728380
2017-12-21,287.05,304.0,287.02,299.17,1124448
2017-12-22,300.52,304.33,297.67,300.1,1592504
2017-12-26,301.27,302.77,296.5,298.5,363718
2017-12-27,299.02,312.5,299.02,303.7,1607386
2017-12-28,306.0,309.0,300.0,303.52,383118
2017-12-29,304.5,311.38,297.45,299.15,444644
2018-01-01,299.0,304.5,296.27,299.9,565936
2018-01-02,300.0,300.0,292.5,293.77,245612
2018-01-03,292.17,298.98,288.48,292.35,842516
2018-01-04,292.35,293.5,285.75,290.08,321336
2018-01-05,290.0,296.0,289.0,291.77,238692
2018-01-08,290.5,300.65,290.5,293.17,245484
2018-01-09,293.25,296.5,288.1,289.75,146958
2018-01-10,290.0,294.5,287.25,289.8,112020
2018-01-11,288.58,292.48,285.0,286.17,118956
2018-01-12,287.48,288.8,278.55,280.48,116828
2018-01-15,282.45,287.5,281.15,284.45,117898
2018-01-16,285.75,292.5,283.5,287.08,287894
2018-01-17,289.95,297.5,289.02,292.0,489210
2018-01-18,292.67,294.0,287.5,292.38,178592
2018-01-19,290.0,292.63,287.55,289.9,231912
2018-01-22,291.5,296.63,285.13,294.17,385756
2018-01-23,293.98,299.5,286.77,290.75,828114
2018-01-24,291.5,294.25,287.63,289.85,151890
2018-01-25,291.6,292.58,281.17,285.3,122946
2018-01-29,283.5,288.5,276.02,281.85,191090
2018-01-30,283.05,284.73,278.17,281.35,140634
2018-01-31,282.4,294.5,280.0,287.25,344054
2018-02-01,287.5,289.52,278.88,281.17,257442
2018-02-02,284.75,285.48,270.0,280.95,322114
2018-02-05,272.52,280.0,269.25,278.7,93016
2018-02-06,259.02,285.0,259.02,277.55,244414
2018-02-07,282.98,304.9,279.0,286.55,2217746
2018-02-08,289.75,302.0,289.5,296.67,2161428
2018-02-09,289.5,313.75,288.55,310.02,3787534
2018-02-12,315.0,326.98,307.6,319.77,1340048
2018-02-14,323.25,324.98,316.5,319.77,2020960
2018-02-15,321.0,328.35,297.5,300.52,1076996
2018-02-16,303.23,316.0,302.83,313.25,622316
2018-02-19,316.0,318.4,310.88,314.35,406304
2018-02-20,315.05,318.85,311.1,314.7,349032
2018-02-21,315.65,322.5,313.65,320.02,852282
2018-02-22,321.0,338.45,319.02,330.73,1528798
2018-02-23,334.25,344.7,331.88,336.38,1518718
2018-02-26,336.0,342.0,328.63,338.17,869150
2018-02-27,338.5,339.27,332.58,336.45,543198
2018-02-28,336.5,337.42,332.77,336.42,316418
2018-03-01,336.25,347.95,336.25,343.1,909076
2018-03-05,341.25,345.85,337.5,342.63,458632
2018-03-06,341.5,343.83,325.7,331.88,328096
2018-03-07,329.0,344.0,326.7,336.33,736798
2018-03-08,338.5,339.98,329.27,333.65,212784
2018-03-09,334.05,343.0,333.35,339.9,767488
2018-03-12,343.2,343.5,338.85,341.9,250424
2018-03-13,337.5,345.02,335.05,338.42,599002
2018-03-14,335.65,337.98,330.92,333.88,368816
2018-03-15,333.92,341.5,330.0,335.55,204002
2018-03-16,339.35,339.35,330.98,333.77,315908
2018-03-19,335.98,336.25,316.25,328.95,606066
2018-03-20,329.0,335.0,319.5,330.6,200042
2018-03-21,330.77,334.63,330.77,332.42,140022
2018-03-22,334.7,335.0,330.08,332.85,137350
2018-03-23,326.33,333.0,326.33,331.33,139422
2018-03-26,332.5,333.8,325.65,329.77,106324
2018-03-27,331.5,336.0,327.02,331.67,175928
2018-03-28,333.0,333.0,323.83,327.83,164212
2018-04-02,328.05,336.0,328.05,332.52,124410
2018-04-03,330.33,342.5,330.33,338.38,266892
2018-04-04,342.5,346.48,333.3,335.98,515154
2018-04-05,338.0,339.75,331.75,334.77,165102
2018-04-06,336.0,340.4,333.3,336.6,189618
2018-04-09,336.73,340.5,330.5,335.98,176192
2018-04-10,342.35,344.9,337.98,340.9,465858
2018-04-11,342.5,351.83,333.05,346.73,483788
2018-04-12,348.9,359.5,346.42,355.45,1208964
2018-04-13,358.35,371.0,356.0,368.15,742778
2018-04-16,366.85,368.92,350.85,354.52,514610
2018-04-17,356.0,361.75,355.65,358.88,286462
2018-04-18,358.5,358.5,350.15,354.85,341274
2018-04-19,356.5,356.5,345.8,348.73,121508
2018-04-20,348.0,351.0,341.5,349.92,256562
2018-04-23,350.0,360.35,348.63,359.42,363112
2018-04-24,359.95,370.5,359.95,367.35,674242
2018-04-25,367.38,367.38,345.0,347.65,359442
2018-04-26,348.33,362.0,348.33,359.73,248432
2018-04-27,357.5,370.0,357.5,367.98,344684
2018-04-30,368.55,380.0,368.55,375.85,343902
2018-05-02,376.5,377.58,363.02,366.05,171344
2018-05-03,365.98,368.33,359.0,364.3,121542
2018-05-04,365.73,367.5,361.55,363.75,139032
2018-05-07,362.5,374.5,358.5,361.77,147974
2018-05-08,363.63,365.98,352.8,364.75,201830
2018-05-09,362.5,365.08,355.0,357.4,82230
2018-05-10,360.0,368.88,358.73,363.77,929494
2018-05-11,363.77,364.77,358.55,361.33,87974
2018-05-14,361.0,364.92,350.45,357.4,158778
2018-05-15,358.98,358.98,346.5,353.88,213766
2018-05-16,353.5,355.0,349.0,353.35,134748
2018-05-17,352.77,353.38,348.3,350.35,118534
2018-05-18,350.05,350.42,344.0,348.13,67668
2018-05-21,348.25,349.63,314.77,333.5,471178
2018-05-22,333.98,337.02,329.0,330.8,91960
2018-05-23,330.05,341.35,330.05,333.67,123696
2018-05-24,333.08,336.0,330.05,331.45,54678
2018-05-25,331.15,336.75,331.15,335.15,156792
2018-05-28,336.0,343.5,334.05,338.33,163880
2018-05-29,339.5,348.35,333.2,344.65,1563646
2018-05-30,344.0,347.5,335.65,336.8,350398
2018-05-31,337.5,341.52,334.8,335.2,180884
2018-06-01,335.2,339.9,335.0,337.15,121140
2018-06-04,334.13,339.5,331.52,333.67,179786
2018-06-05,331.98,332.0,321.17,324.88,94080
2018-06-06,322.5,327.23,315.5,319.65,185262
2018-06-07,319.65,342.48,319.2,334.73,228782
2018-06-08,335.08,351.0,334.9,344.25,545486
2018-06-11,344.98,349.1,342.92,344.52,162402
2018-06-12,342.55,358.55,335.0,339.5,1374460
2018-06-13,341.2,348.2,337.1,344.4,388054
2018-06-14,346.33,349.13,340.52,343.35,192398
2018-06-15,345.63,349.5,335.1,337.7,698352
2018-06-18,339.63,342.0,335.0,336.38,72368
2018-06-19,334.35,342.35,331.0,338.15,130712
2018-06-20,338.58,339.55,335.0,336.15,51076
2018-06-21,337.5,338.08,331.3,335.3,113820
2018-06-22,335.42,337.25,327.55,328.98,101256
2018-06-25,329.0,330.6,322.5,323.25,258034
2018-06-26,323.05,336.92,317.0,334.23,212320
2018-06-27,334.15,338.63,333.1,337.45,372984
2018-06-28,337.52,346.45,334.98,342.85,424170
2018-06-29,346.35,351.73,345.35,349.8,769534
2018-07-02,349.45,350.0,340.88,345.75,120316
2018-07-03,341.2,346.0,337.55,339.6,148916
2018-07-04,335.5,366.67,335.5,358.8,735972
2018-07-05,358.8,366.75,351.3,353.33,473642
2018-07-06,354.98,357.75,346.8,349.35,95218
2018-07-09,350.0,357.38,348.0,354.98,200844
2018-07-10,356.5,364.45,353.02,356.45,208994
2018-07-11,357.75,364.75,354.25,363.17,192160
2018-07-12,366.5,374.95,363.17,372.33,548570
2018-07-13,374.27,383.25,365.65,373.38,816478
2018-07-16,373.0,379.85,370.67,374.15,161980
2018-07-17,376.95,378.42,368.0,371.88,132952
2018-07-18,372.5,373.7,369.05,371.0,71430
2018-07-19,372.38,373.52,369.05,371.35,56180
2018-07-20,369.25,373.0,366.2,370.8,122328
2018-07-23,370.8,389.1,370.8,382.55,424154
2018-07-24,382.48,383.63,377.63,379.45,207132
2018-07-25,379.0,383.33,372.58,378.52,234468
2018-07-26,372.0,380.33,372.0,378.02,98804
2018-07-27,380.3,380.3,373.5,376.33,148482
2018-07-30,375.5,379.95,373.65,375.45,80224
2018-07-31,370.63,382.35,370.63,379.83,284876
2018-08-01,379.75,384.0,379.0,380.08,148798
2018-08-02,379.5,384.25,373.9,378.13,104594
2018-08-03,380.4,386.95,369.42,380.13,195238
2018-08-06,385.5,397.5,379.5,384.25,479922
2018-08-07,382.42,394.0,382.42,389.8,206110
2018-08-08,385.52,405.5,385.52,399.73,677464
2018-08-09,404.65,411.0,372.5,375.42,2804472
2018-08-10,375.1,379.2,367.58,370.13,496172
2018-08-13,367.5,370.67,359.23,369.15,278516
2018-08-14,366.0,374.5,363.0,369.65,224188
2018-08-16,368.55,375.23,364.15,367.13,275522
2018-08-17,367.6,372.35,361.33,366.63,212430
2018-08-20,365.55,370.0,363.0,363.83,120070
2018-08-21,365.0,379.4,360.8,376.5,459760
2018-08-23,380.0,388.42,372.52,375.1,250384
2018-08-24,371.5,389.85,371.48,382.63,409038
2018-08-27,380.0,382.5,375.13,375.95,127088
2018-08-28,376.5,386.83,375.5,378.98,226532
2018-08-29,377.5,391.5,377.5,383.45,424978
2018-08-30,379.95,384.77,376.58,381.38,286878
2018-08-31,382.0,388.38,380.05,385.8,516326
2018-09-03,380.1,387.55,380.1,384.13,193618
2018-09-04,382.55,398.75,382.55,392.33,475556
2018-09-05,392.0,399.4,390.0,394.75,178362
2018-09-06,397.0,404.5,388.17,396.4,562336
2018-09-07,392.75,404.5,392.75,395.8,384926
2018-09-10,397.17,398.75,383.5,385.67,145666
2018-09-11,385.5,391.58,380.0,382.77,122388
2018-09-12,380.45,388.5,380.45,384.67,220286
2018-09-14,387.0,396.73,385.95,388.95,116952
2018-09-17,389.5,390.75,380.0,380.77,190922
2018-09-18,380.83,388.85,380.0,383.63,206180
2018-09-19,385.48,385.48,371.17,375.13,370796
2018-09-21,375.0,378.45,352.5,356.58,282552
2018-09-24,356.08,373.5,350.13,359.42,350088
2018-09-25,357.25,360.02,340.02,352.48,265442
2018-09-26,350.5,351.5,340.23,349.13,1482388
2018-09-27,350.88,350.88,340.98,344.85,104664
2018-09-28,343.5,350.6,327.0,339.73,382356
2018-10-01,339.25,342.0,325.05,334.2,275664
2018-10-03,336.25,337.5,325.0,327.55,100082
2018-10-04,328.42,329.55,316.3,320.92,129694
2018-10-05,321.0,329.95,315.08,321.9,102570
2018-10-08,320.0,322.0,301.0,307.77,358078
2018-10-09,307.5,320.0,307.5,313.35,205852
2018-10-10,312.5,318.35,299.98,311.27,466922
2018-10-11,309.4,324.85,300.5,314.67,356488
2018-10-12,314.67,332.9,314.0,330.85,102678
2018-10-15,330.85,342.3,325.83,339.13,175962
2018-10-16,340.0,347.52,337.55,342.95,130184
2018-10-17,344.67,346.05,334.52,335.92,65540
2018-10-19,330.08,338.42,328.9,334.17,68056
2018-10-22,339.0,339.0,324.0,330.1,98070
2018-10-23,334.85,335.05,327.98,332.8,225598
2018-10-24,332.73,339.4,320.0,326.48,178044
2018-10-25,324.5,330.0,315.65,321.9,120250
2018-10-26,318.5,328.33,315.5,326.88,138892
2018-10-29,327.5,337.33,319.5,323.15,472758
2018-10-30,321.5,343.5,317.0,329.8,1223266
2018-10-31,330.25,344.5,329.63,340.92,275826
2018-11-01,339.83,353.95,337.75,348.33,883810
2018-11-02,352.45,357.25,346.48,352.33,507954
2018-11-05,352.5,352.5,338.5,349.27,182812
2018-11-06,351.0,351.0,340.52,342.83,48270
2018-11-07,347.0,347.02,342.5,343.52,13018
2018-11-09,344.95,357.5,340.6,352.1,131656
2018-11-12,352.5,357.5,347.5,355.52,79280
2018-11-13,354.25,367.52,352.0,361.48,209110
2018-11-14,361.48,379.5,352.23,372.95,1248390
2018-11-15,374.98,387.0,372.63,376.55,1557926
2018-11-16,377.38,381.0,370.67,379.45,1117714
2018-11-19,385.0,387.02,376.0,381.2,198936
2018-11-20,382.4,383.0,370.15,372.58,294708
2018-11-21,372.4,381.9,371.8,380.7,198902
2018-11-22,381.27,397.55,376.0,394.63,380866
2018-11-26,397.5,408.1,387.5,394.08,565066
2018-11-27,394.98,397.4,388.25,394.58,399952
2018-11-28,399.95,399.95,390.02,394.77,114358
2018-11-29,392.55,405.0,387.5,393.63,212454
2018-11-30,390.98,402.5,387.0,398.23,392034
2018-12-03,400.0,405.0,396.0,402.25,882378
2018-12-04,401.95,402.5,396.42,398.98,169618
2018-12-05,392.15,400.98,392.15,397.9,187120
2018-12-06,397.5,397.85,382.75,389.2,338676
2018-12-07,390.63,393.35,386.55,390.85,160220
2018-12-10,388.5,399.85,385.2,398.88,267276
2018-12-11,396.92,402.85,389.02,391.42,398004
2018-12-12,391.6,395.75,391.6,394.52,373068
2018-12-13,394.0,413.23,389.0,401.48,1055888
2018-12-14,402.5,402.5,390.5,395.35,140270
2018-12-17,395.5,401.5,391.52,399.92,217438
2018-12-18,401.0,401.48,387.0,389.27,299562
2018-12-19,389.0,405.52,389.0,403.15,186890
2018-12-20,395.5,403.85,389.85,391.73,169792
2018-12-21,392.5,404.77,392.5,402.55,159750
2018-12-24,398.25,409.8,394.05,400.92,237934
2018-12-26,394.3,399.0,391.5,395.15,78216
2018-12-27,395.0,395.0,390.05,391.9,78008
2018-12-28,394.85,400.0,388.5,390.6,116446
2018-12-31,391.02,403.0,390.0,401.05,158870
2019-01-01,400.02,409.5,396.58,408.17,127162
2019-01-02,401.3,409.5,399.13,399.92,120822
2019-01-03,402.5,407.98,391.05,393.83,122094
2019-01-04,394.0,396.27,387.85,393.5,388976
2019-01-07,399.5,399.5,388.0,392.05,740242
2019-01-08,393.0,397.0,386.25,387.5,403792
2019-01-09,392.45,393.67,387.5,388.52,89020
2019-01-10,389.75,397.0,387.5,391.05,178666
2019-01-11,391.0,396.5,389.02,390.25,214418
2019-01-14,390.5,394.88,387.65,392.58,76652
2019-01-15,392.52,394.95,388.0,391.7,62232
2019-01-16,393.0,394.75,390.05,394.4,76468
2019-01-17,399.0,399.0,387.8,393.98,349152
2019-01-18,392.8,393.27,381.95,385.5,91346
2019-01-21,386.0,392.5,385.5,389.88,91762
2019-01-22,388.05,388.7,380.55,386.42,203578
2019-01-23,387.5,392.5,385.45,390.88,57970
2019-01-24,389.17,395.0,387.58,392.17,175690
2019-01-25,393.35,393.8,388.7,389.98,185176
2019-01-28,385.02,395.55,385.02,389.95,211980
2019-01-29,387.52,391.1,387.52,389.8,112918
2019-01-30,388.0,392.4,386.15,390.88,95056
2019-01-31,390.33,391.9,380.52,384.73,519910
2019-02-01,383.05,389.6,375.77,380.3,110006
2019-02-04,379.75,382.2,367.5,370.45,152448
2019-02-05,371.58,373.75,358.5,361.5,245026
2019-02-06,372.0,379.48,364.98,375.15,1837808
2019-02-07,375.15,381.4,368.0,372.35,404786
2019-02-08,369.58,370.0,365.13,366.38,38064
2019-02-11,363.6,374.38,361.05,365.33,385336
2019-02-12,365.33,375.75,363.5,370.52,793762
2019-02-13,375.0,378.5,370.05,375.6,781586
2019-02-14,376.48,381.58,371.23,378.42,1260780
2019-02-15,378.5,389.92,375.0,387.67,149088
2019-02-18,394.0,414.42,388.02,404.13,781978
2019-02-19,403.92,407.73,393.2,402.42,323486
2019-02-20,404.85,407.5,396.5,399.52,308398
2019-02-21,397.5,405.0,396.27,400.1,681492
2019-02-22,400.1,403.0,394.5,396.42,322084
2019-02-25,396.8,409.9,396.5,398.05,490858
2019-02-26,397.5,405.0,392.0,400.17,91560
2019-02-27,402.52,406.0,392.0,401.7,329476
2019-02-28,402.0,407.3,399.83,404.9,323938
2019-03-01,404.55,431.45,404.55,425.77,1359694
2019-03-05,427.0,444.23,425.77,437.67,822980
2019-03-06,438.55,443.85,432.67,436.4,516150
2019-03-07,436.0,440.15,430.98,435.23,460808
2019-03-08,436.5,458.7,432.0,443.52,971828
2019-03-11,445.0,470.9,443.75,464.52,1686378
2019-03-12,467.42,470.88,459.3,464.1,454370
2019-03-13,465.0,465.5,454.58,458.77,285442
2019-03-14,459.5,460.4,447.5,449.73,217154
2019-03-15,453.85,457.4,437.77,442.77,367254
2019-03-18,446.35,449.0,439.38,442.95,187564
2019-03-19,446.75,464.73,446.75,459.6,502566
2019-03-20,458.85,474.5,456.02,469.2,547332
2019-03-22,468.35,468.67,462.5,464.05,158360
2019-03-25,462.85,462.85,455.02,458.42,205002
2019-03-26,460.5,466.0,457.52,462.48,568396
2019-03-27,462.48,467.5,458.5,462.83,275156
2019-03-28,462.5,483.75,456.6,479.77,214958
2019-03-29,482.5,523.0,480.0,490.92,1432348
2019-04-01,493.7,500.0,482.75,486.38,196668
2019-04-02,487.5,489.85,474.05,476.38,186674
2019-04-03,473.5,504.3,473.5,481.65,849300
2019-04-04,481.5,487.5,475.55,481.23,179634
2019-04-05,483.38,488.27,475.55,478.4,123468
2019-04-08,475.0,479.95,456.77,468.73,490368
2019-04-09,472.15,472.15,458.67,468.08,471948
2019-04-10,468.0,479.63,465.88,472.58,180862
2019-04-11,472.85,476.85,469.52,473.15,111054
2019-04-12,474.9,476.95,469.92,475.9,107818
2019-04-15,476.0,480.0,470.0,471.42,271324
2019-04-16,473.85,477.5,463.0,473.15,318862
2019-04-18,473.0,492.45,472.75,482.02,501050
2019-04-22,482.5,485.0,472.8,481.88,146148
2019-04-23,484.9,516.55,482.7,487.73,1356546
2019-04-24,492.0,494.08,480.0,482.65,232830
2019-04-25,488.5,493.8,487.85,489.5,285816
2019-04-26,489.35,492.7,480.55,484.1,332004
2019-04-30,480.2,480.23,472.0,476.25,510686
2019-05-02,477.5,492.0,477.25,486.5,228088
2019-05-03,489.52,491.2,483.73,488.5,120498
2019-05-06,484.55,484.95,475.02,477.25,114390
2019-05-07,481.5,488.5,473.25,477.67,181110
2019-05-08,473.85,480.0,470.3,475.02,169180
2019-05-09,478.5,490.8,471.5,484.17,135256
2019-05-10,488.05,492.48,480.0,486.58,99324
2019-05-13,488.95,488.95,457.77,464.75,255150
2019-05-14,460.1,469.08,448.5,463.02,451540
2019-05-15,460.5,480.0,456.35,458.75,248762
2019-05-16,460.0,463.95,451.83,455.02,123824
2019-05-17,458.7,474.5,455.25,459.67,146926
2019-05-20,465.0,473.0,459.38,466.15,179402
2019-05-21,469.92,470.2,457.5,459.67,160678
2019-05-22,462.48,466.0,455.77,462.23,601016
2019-05-23,467.5,468.42,452.5,457.25,435632
2019-05-24,460.0,470.7,459.02,466.83,233992
2019-05-27,470.6,472.13,460.05,463.25,152798
2019-05-28,464.0,475.0,453.5,465.8,240084
2019-05-29,469.95,476.48,460.5,464.3,911754
2019-05-30,467.95,474.98,463.7,466.9,175906
2019-05-31,467.75,475.48,465.17,469.08,759274
2019-06-03,472.45,474.92,460.42,462.5,183464
2019-06-04,464.95,469.48,464.95,466.8,192588
2019-06-06,465.25,469.58,460.52,462.3,292238
2019-06-07,462.0,473.45,462.0,469.27,191486
2019-06-10,472.2,472.98,458.5,464.05,263890
2019-06-11,463.83,470.0,459.17,462.35,379068
2019-06-12,462.3,463.4,458.5,459.45,111042
2019-06-13,459.5,481.27,459.5,467.2,482710
2019-06-14,468.9,472.0,465.5,468.85,165466
2019-06-17,469.5,469.5,447.75,454.83,123636
2019-06-18,456.5,458.5,449.25,452.65,179814
2019-06-19,455.0,457.5,450.48,451.25,74724
2019-06-20,451.0,459.5,446.23,457.48,130136
2019-06-21,458.02,476.0,455.0,470.4,371410
2019-06-24,470.4,478.5,466.55,472.35,297238
2019-06-25,472.35,472.35,464.0,465.42,69958
2019-06-26,466.5,468.73,460.63,463.92,113028
2019-06-27,467.45,472.0,458.0,462.4,242286
2019-06-28,461.25,464.95,457.5,458.88,230302
2019-07-01,461.05,470.42,461.05,464.5,131844
2019-07-02,468.25,490.5,465.77,482.88,274156
2019-07-03,485.8,485.9,478.5,479.63,188672
2019-07-04,482.5,483.5,470.5,474.5,231154
2019-07-05,474.5,477.42,472.0,474.65,171126
2019-07-08,474.0,475.27,459.98,472.4,348368
2019-07-09,470.25,480.0,465.5,475.67,273564
2019-07-10,478.98,478.98,473.0,475.75,60676
2019-07-11,476.27,479.98,468.23,477.17,82442
2019-07-12,474.35,482.0,474.25,480.38,78884
2019-07-15,482.5,482.5,474.0,478.48,71500
2019-07-16,482.25,482.25,475.0,479.23,43918
2019-07-17,478.5,479.77,460.75,469.83,188132
2019-07-18,472.5,474.95,465.05,468.1,57716
2019-07-19,469.0,471.5,458.0,464.45,111018
2019-07-22,457.5,467.0,450.02,458.13,617382
2019-07-23,452.58,471.0,452.58,468.4,1173190
2019-07-24,472.15,485.0,464.67,472.88,128190
2019-07-25,475.0,476.0,469.65,472.45,71214
2019-07-26,474.75,478.85,466.5,473.52,81230
2019-07-29,475.88,478.98,467.58,475.75,56158
2019-07-30,475.88,487.5,473.63,479.77,394734
2019-07-31,480.45,481.95,472.5,477.9,147554
2019-08-01,472.9,502.1,472.9,484.33,1500510
2019-08-02,480.9,490.0,478.0,484.1,244806
2019-08-05,486.95,489.98,455.7,477.25,715778
2019-08-06,470.48,477.2,469.4,474.67,321656
2019-08-07,476.98,476.98,462.6,465.3,91176
2019-08-08,467.4,472.5,463.38,470.73,234612
2019-08-09,469.0,483.83,469.0,481.63,258224
2019-08-13,485.0,485.55,465.0,467.08,699012
2019-08-14,471.0,474.5,464.5,469.27,96964
2019-08-16,468.5,474.0,465.05,469.23,636428
2019-08-19,471.9,477.5,468.5,476.45,461868
2019-08-20,475.95,485.0,472.7,483.98,332210
2019-08-21,481.63,485.0,466.25,469.48,211518
2019-08-22,470.0,482.48,470.0,479.52,275126
2019-08-23,480.67,481.5,473.6,478.88,395618
2019-08-26,481.95,488.5,475.5,486.67,416772
2019-08-27,489.95,499.5,488.75,492.52,475414
2019-08-28,495.7,496.5,461.3,466.25,646950
2019-08-29,468.83,474.4,452.5,469.4,749042
2019-08-30,473.98,485.0,472.5,479.52,433756
2019-09-03,483.98,494.95,478.0,480.55,228718
2019-09-04,480.55,485.2,476.92,478.95,365474
2019-09-05,482.35,482.35,475.5,479.1,160874
2019-09-06,478.5,481.98,465.5,467.58,379558
2019-09-09,470.38,476.7,465.5,467.52,148166
2019-09-11,468.05,479.95,459.5,464.23,376572
2019-09-12,464.95,474.7,464.95,472.27,199458
2019-09-13,470.5,479.42,470.5,471.52,158000
2019-09-16,471.52,480.7,467.55,473.27,156146
2019-09-17,471.0,475.95,462.5,465.08,380560
2019-09-18,467.0,476.45,462.83,474.0,172278
2019-09-19,474.0,479.5,467.6,473.95,195722
2019-09-20,473.77,492.5,470.1,478.05,214826
2019-09-23,479.5,501.0,473.52,476.3,495050
2019-09-24,475.0,487.0,471.27,477.05,234080
2019-09-25,481.95,481.95,462.5,465.3,166398
2019-09-26,469.45,471.5,445.65,452.52,690820
2019-09-27,458.65,463.4,453.5,461.65,170072
2019-09-30,458.0,460.92,445.5,451.5,474284
2019-10-01,457.5,457.5,442.15,447.42,547742
2019-10-03,449.95,455.0,440.0,452.48,335574
2019-10-04,452.65,453.95,445.15,447.5,202930
2019-10-07,450.52,450.52,430.63,437.58,547628
2019-10-09,436.0,437.58,425.85,432.08,344452
2019-10-10,432.08,434.95,422.33,428.25,1133580
2019-10-11,430.0,453.35,427.0,430.88,514226
2019-10-14,432.0,447.15,428.38,445.02,383816
2019-10-15,443.13,445.0,430.55,441.25,861890
2019-10-16,442.45,448.77,438.55,446.15,142318
2019-10-17,445.0,459.4,443.42,456.6,121902
2019-10-18,457.5,477.0,457.5,473.35,336380
2019-10-22,476.0,477.5,460.25,463.58,298786
2019-10-23,466.48,475.23,463.6,472.73,154456
2019-10-24,475.2,492.0,470.52,486.42,258870
2019-10-25,486.42,490.5,476.02,488.73,740098
2019-10-27,491.0,495.02,481.0,482.92,26920
2019-10-29,481.0,498.25,478.73,492.02,1179962
2019-10-30,494.0,498.0,482.52,487.33,177658
2019-10-31,487.0,496.98,482.35,490.38,110854
2019-11-01,491.0,528.5,491.0,511.8,1192254
2019-11-04,512.5,519.58,500.5,502.7,364798
2019-11-05,503.0,527.45,495.0,497.45,503462
2019-11-06,498.98,512.5,495.92,505.58,165534
2019-11-07,505.0,552.5,501.8,531.6,2078480
2019-11-08,532.92,547.5,527.5,534.97,1623736
2019-11-11,532.5,559.5,527.5,547.8,762762
2019-11-13,525.5,549.0,525.5,544.97,763216
2019-11-14,544.97,573.5,544.97,569.22,781188
2019-11-15,568.95,576.4,554.5,557.33,527162
2019-11-18,557.5,587.95,548.63,579.85,663328
2019-11-19,583.45,594.15,566.1,572.75,425636
2019-11-20,571.95,579.5,568.53,575.92,230366
2019-11-21,572.88,576.45,557.17,560.7,279198
2019-11-22,560.7,564.85,546.97,552.95,149740
2019-11-25,552.95,557.5,547.5,550.88,246130
2019-11-26,551.03,562.2,535.0,558.45,1400086
2019-11-27,559.38,568.17,550.0,557.97,141212
2019-11-28,563.85,567.47,551.0,564.3,175192
2019-11-29,563.7,579.0,557.5,571.3,214372
2019-12-02,567.5,577.2,555.53,565.63,232252
2019-12-03,560.75,572.5,558.0,570.03,141066
2019-12-04,573.58,573.58,562.53,566.72,103712
2019-12-05,561.0,569.38,547.95,552.63,154608
2019-12-06,548.5,558.1,532.67,545.55,254882
2019-12-09,549.35,554.0,545.25,546.63,58664
2019-12-10,542.97,553.0,529.05,532.1,335538
2019-12-11,533.58,575.5,533.58,571.03,561234
2019-12-12,571.5,580.0,558.65,561.83,1352832
2019-12-13,563.0,572.35,561.47,566.53,105786
2019-12-16,567.5,585.97,559.25,562.17,354858
2019-12-17,561.25,577.0,556.5,573.78,279330
2019-12-18,574.25,576.1,562.45,568.13,815234
2019-12-19,568.15,574.72,565.6,569.45,108714
2019-12-20,569.45,572.47,564.45,567.3,226830
2019-12-23,567.55,568.38,558.35,564.53,119374
2019-12-24,565.05,584.0,562.35,575.97,213030
2019-12-26,574.25,580.5,563.0,576.5,319136
2019-12-27,577.5,577.5,566.35,571.17,224474
2019-12-30,571.5,575.95,564.95,568.0,307714
2019-12-31,568.33,575.5,566.5,568.13,137706
2020-01-01,568.45,571.58,563.05,569.17,76212
2020-01-02,573.45,573.45,565.63,570.6,145304
2020-01-03,569.95,575.92,563.05,570.38,183174
2020-01-06,565.5,579.5,555.5,570.22,129826
2020-01-07,578.5,581.2,566.03,569.83,95964
2020-01-08,574.25,604.17,569.5,598.47,515096
2020-01-09,605.0,606.03,593.5,597.97,362596
2020-01-10,599.7,611.55,590.28,595.4,507096
2020-01-13,599.85,599.85,587.5,592.63,217036
2020-01-14,597.5,617.0,594.58,606.85,315534
2020-01-15,612.38,627.5,606.65,624.83,328378
2020-01-16,623.5,630.85,617.5,621.47,163016
2020-01-17,625.35,625.35,612.03,617.45,297408
2020-01-20,621.28,621.5,607.5,609.75,386294
2020-01-21,609.75,615.0,600.5,612.92,172340
2020-01-22,616.75,617.53,606.25,614.72,161808
2020-01-23,614.5,631.8,605.13,613.22,303372
2020-01-24,608.5,616.38,607.92,612.08,214152
2020-01-27,615.0,618.45,608.95,615.83,97922
2020-01-28,615.83,625.5,612.0,621.8,555688
2020-01-29,625.0,626.45,611.5,614.9,366754
2020-01-30,618.47,643.5,616.95,637.25,679540
2020-01-31,640.5,646.4,622.33,628.22,164078
2020-02-01,617.5,631.53,600.03,608.35,139004
2020-02-03,609.95,633.0,587.5,596.3,438850
2020-02-04,596.3,596.3,581.95,589.88,391004
2020-02-05,591.0,612.45,589.65,608.88,147410
2020-02-06,608.88,626.0,608.5,620.22,191378
2020-02-07,625.0,634.5,613.7,630.47,208696
2020-02-10,631.13,635.47,615.63,619.47,178712
2020-02-11,623.33,634.78,618.47,624.35,197808
2020-02-12,625.5,669.47,620.5,661.9,2227238
2020-02-13,665.38,720.5,650.8,709.28,1451126
2020-02-14,716.0,754.15,702.5,718.45,1559518
2020-02-17,719.5,719.5,671.0,679.95,593296
2020-02-18,686.5,694.95,652.55,657.7,414810
2020-02-19,660.05,714.47,660.05,701.45,769734
2020-02-20,706.0,742.0,697.45,727.35,713832
2020-02-24,726.5,747.38,680.08,732.8,870430
2020-02-25,735.28,739.5,697.5,713.8,356450
2020-02-26,718.25,718.25,682.5,689.35,300298
2020-02-27,692.5,693.03,665.65,673.92,506034
2020-02-28,655.0,684.4,640.53,680.67,805368
2020-03-02,683.0,735.55,683.0,717.08,846154
2020-03-03,727.0,764.5,712.47,753.05,1064878
2020-03-04,765.0,770.0,695.03,714.67,1102212
2020-03-05,715.0,732.0,686.63,723.2,682974
2020-03-06,690.0,745.0,687.5,722.05,468952
2020-03-09,717.5,738.5,698.08,731.72,475904
2020-03-11,727.75,759.95,701.42,706.35,845210
2020-03-12,677.0,690.0,629.45,654.4,894134
2020-03-13,633.5,676.1,620.0,660.97,722200
2020-03-16,659.0,660.0,627.28,651.35,627682
2020-03-17,664.0,677.45,630.0,672.0,1331616
2020-03-18,676.5,683.22,630.2,645.83,575114
2020-03-19,630.0,655.0,600.0,634.08,729880
2020-03-20,666.0,755.0,659.67,687.65,2718400
2020-03-23,811.0,811.0,640.25,683.85,3274944
2020-03-24,735.0,737.5,627.63,681.2,1299370
2020-03-25,676.0,682.92,640.58,654.65,811456
2020-03-26,657.5,684.5,616.72,644.9,1630862
2020-03-27,670.5,674.5,616.0,622.53,678042
2020-03-30,622.5,660.0,622.5,648.38,980906
2020-03-31,670.5,707.83,656.75,696.13,1770634
2020-04-01,690.0,728.08,683.5,698.88,1670994
2020-04-03,706.72,714.97,690.0,692.78,581724
2020-04-07,799.95,799.95,720.05,763.08,4759130
2020-04-08,804.75,912.5,790.0,808.2,5605050
2020-04-09,862.0,862.0,775.0,801.38,3724628
2020-04-13,811.55,812.0,772.5,776.13,1788660
2020-04-15,777.0,793.45,750.0,759.28,1763864
2020-04-16,751.63,779.95,751.63,757.88,1390196
2020-04-17,775.0,775.0,720.0,749.03,1843726
2020-04-20,755.0,772.0,745.5,752.08,818746
2020-04-21,740.0,805.5,731.33,799.7,2965892
2020-04-22,799.0,799.4,775.0,780.78,1087508
2020-04-23,783.7,790.28,755.9,766.88,1122968
2020-04-24,766.5,814.95,760.0,807.3,2244600
2020-04-27,779.5,840.0,765.53,834.95,2341456
2020-04-28,836.5,845.0,814.0,822.47,1147112
2020-04-29,812.0,820.0,792.5,796.3,1097504
2020-04-30,800.0,814.6,782.8,809.35,1718722
2020-05-04,790.0,819.92,782.22,807.28,1364580
2020-05-05,812.5,819.47,783.0,788.05,505388
2020-05-06,794.0,803.22,771.05,774.95,758112
2020-05-07,778.17,794.5,755.5,773.53,485096
2020-05-08,772.13,793.5,766.65,776.15,735394
2020-05-11,775.0,789.5,772.0,777.38,412836
2020-05-12,780.25,784.95,768.8,772.78,369334
2020-05-13,780.0,780.0,765.08,767.45,309784
2020-05-14,759.95,809.4,759.92,797.17,980284
2020-05-15,800.5,805.0,769.53,795.8,705826
2020-05-18,795.0,808.83,785.58,798.58,595838
2020-05-19,805.0,809.5,771.0,784.05,347634
2020-05-20,780.78,802.25,776.55,799.95,367572
2020-05-21,795.05,828.85,788.1,802.35,1097762
2020-05-22,801.0,806.0,787.53,797.08,396506
2020-05-26,797.58,819.5,788.42,809.47,632802
2020-05-27,809.47,810.0,771.5,774.05,1312176
2020-05-28,770.0,783.97,770.0,775.2,457596
2020-05-29,778.1,786.55,735.85,747.3,2815290
2020-06-01,748.0,766.17,733.0,763.47,1136198
2020-06-02,763.6,779.0,758.05,777.85,730448
2020-06-03,780.0,781.75,761.03,764.67,931336
2020-06-04,773.5,773.5,750.0,758.1,758554
2020-06-05,763.0,763.0,747.1,750.5,853964
2020-06-08,753.0,766.5,747.5,756.83,1097242
2020-06-09,757.5,774.4,757.35,771.67,671028
2020-06-10,775.13,801.47,772.5,798.45,1114098
2020-06-11,802.5,802.7,775.03,780.0,340558
2020-06-12,764.63,792.0,756.15,789.95,472204
2020-06-15,794.9,810.0,785.28,799.78,480828
2020-06-16,799.5,812.0,755.55,797.38,1907062
2020-06-17,777.0,789.5,770.0,781.72,918870
2020-06-18,775.0,802.5,769.75,799.67,718062
2020-06-19,800.5,812.5,792.5,807.8,664872
2020-06-22,815.5,824.5,810.5,819.25,368110
2020-06-23,823.97,837.5,820.08,836.08,495864
2020-06-24,835.0,835.0,812.58,825.78,845500
2020-06-25,813.5,843.0,813.5,833.45,484382
2020-06-26,835.1,854.22,835.1,850.17,562694
2020-06-29,854.25,854.5,822.5,841.1,538910
2020-06-30,841.0,859.47,825.0,837.2,572536
2020-07-01,837.0,841.25,807.5,824.53,524458
2020-07-02,824.53,837.5,814.5,828.8,382200
2020-07-03,830.5,844.5,825.0,831.35,260342
2020-07-06,830.0,855.0,827.5,839.08,451870
2020-07-07,835.0,844.45,817.55,821.88,434368
2020-07-08,820.0,827.55,815.1,818.13,508696
2020-07-09,822.5,825.0,811.0,823.5,354358
2020-07-10,822.0,834.5,813.0,832.17,360902
2020-07-13,830.05,838.8,817.53,821.53,236558
2020-07-14,823.5,831.97,820.05,828.75,332640
2020-07-15,830.0,833.25,815.97,824.38,266582
2020-07-16,835.0,898.5,818.58,889.28,1518906
2020-07-17,882.55,922.35,880.55,903.47,919016
2020-07-20,900.03,915.45,890.0,894.85,547130
2020-07-21,894.0,895.33,875.58,879.8,490456
2020-07-22,878.45,894.5,865.53,873.33,305588
2020-07-23,873.5,900.0,873.5,894.33,534652
2020-07-24,885.5,898.95,876.63,891.38,226924
2020-07-27,892.0,895.0,865.0,869.13,332994
2020-07-28,870.0,880.0,857.5,866.58,231608
2020-07-29,869.0,893.03,861.08,888.2,611738
2020-07-30,888.2,921.75,870.0,872.75,566712
2020-07-31,874.95,951.0,874.95,937.3,1406738
2020-08-03,949.5,1017.45,937.6,944.17,1364330
2020-08-04,946.0,999.0,927.53,993.08,855594
2020-08-05,1002.03,1002.03,976.55,980.33,529706
2020-08-06,981.0,989.0,971.17,985.15,163536
2020-08-07,990.0,997.5,975.0,978.35,290306
2020-08-10,991.1,1087.45,991.1,1049.75,4918058
2020-08-11,1069.47,1078.47,992.5,1002.97,2707346
2020-08-12,1004.0,1015.5,972.5,1002.97,1059706
2020-08-13,1010.0,1019.5,992.5,994.45,512658
2020-08-14,996.5,1014.65,995.08,1006.6,804532
2020-08-17,1012.5,1013.0,990.03,1000.83,418898
2020-08-18,1005.53,1035.0,997.5,1002.13,623930
2020-08-19,1010.0,1017.5,994.63,997.83,655900
2020-08-20,994.92,1022.5,992.92,1015.33,741130
2020-08-21,1015.03,1024.22,1000.03,1002.33,418452
2020-08-24,1000.53,1012.0,995.05,1005.47,470718
2020-08-25,1011.0,1047.5,1011.0,1021.15,1083022
2020-08-26,1026.5,1027.25,1000.5,1005.25,397980
2020-08-27,1011.0,1017.5,1003.88,1007.55,315786
2020-08-28,1008.28,1013.5,995.5,1000.22,378416
2020-08-31,1004.0,1018.72,930.5,943.8,751632
2020-09-01,943.78,1027.22,930.17,1007.45,1041648
2020-09-02,1011.9,1034.0,993.13,1027.82,731108
2020-09-03,1031.95,1031.95,1001.05,1005.83,251372
2020-09-04,998.95,1017.0,991.1,1011.38,234110
2020-09-07,1011.45,1042.0,997.5,1022.08,699988
2020-09-08,1020.0,1023.45,966.9,985.97,673868
2020-09-09,990.5,1032.5,983.55,1021.53,752336
2020-09-10,1025.0,1034.5,1008.65,1024.53,721576
2020-09-11,1026.5,1029.5,1003.0,1006.7,270392
2020-09-14,1025.0,1084.97,1025.0,1073.1,1055488
2020-09-15,1076.13,1093.0,1058.13,1078.75,701000
2020-09-16,1084.95,1117.5,1067.5,1102.75,344524
2020-09-17,1100.0,1118.05,1064.1,1075.6,644300
2020-09-18,1078.95,1099.5,1041.32,1083.57,1779486
2020-09-21,1085.0,1091.7,1020.85,1041.1,326658
2020-09-22,1048.9,1060.9,994.0,1056.95,436210
2020-09-23,1057.75,1074.25,1021.53,1067.85,456552
2020-09-24,1062.5,1062.5,1023.83,1035.1,399732
2020-09-25,1040.65,1064.5,1023.03,1033.63,562596
2020-09-28,1050.95,1055.0,1035.0,1039.13,230566
2020-09-29,1049.0,1087.47,1019.0,1055.43,589784
2020-09-30,1075.0,1100.0,1065.0,1083.22,480144
2020-10-01,1094.95,1133.97,1084.0,1126.85,609690
2020-10-05,1124.2,1125.0,1066.5,1075.57,540544
2020-10-06,1079.25,1085.9,1058.68,1069.4,381152
2020-10-07,1072.0,1094.0,1051.0,1061.82,454510
2020-10-08,1068.3,1072.35,1051.5,1066.5,360232
2020-10-09,1069.95,1074.3,1048.0,1052.93,329098
2020-10-12,1056.13,1069.0,1051.32,1058.78,250470
2020-10-13,1062.45,1069.5,1051.0,1062.3,218080
2020-10-14,1064.5,1067.03,1046.82,1054.1,273126
2020-10-15,1057.5,1057.5,1030.93,1039.78,393696
2020-10-16,1041.97,1066.82,1035.5,1055.63,278218
2020-10-19,1061.0,1064.5,1036.63,1047.72,180504
2020-10-20,1046.5,1051.78,1032.5,1037.25,437232
2020-10-21,1036.0,1039.68,1026.5,1037.88,212500
2020-10-22,1030.0,1086.05,1016.5,1077.82,666742
2020-10-23,1077.82,1099.0,1070.72,1087.7,437440
2020-10-26,1087.7,1093.75,1040.88,1061.85,457844
2020-10-27,1077.6,1220.72,1077.6,1181.05,4348626
2020-10-28,1181.0,1230.0,1156.0,1168.75,1305306
2020-10-29,1150.0,1184.97,1133.72,1174.65,719012
2020-10-30,1172.0,1188.5,1125.57,1156.55,819612
2020-11-02,1136.03,1219.5,1132.5,1151.15,986394
2020-11-03,1146.3,1184.5,1142.53,1157.82,626300
2020-11-04,1163.57,1198.0,1159.97,1182.47,709008
2020-11-05,1198.45,1225.0,1175.75,1184.05,849758
2020-11-06,1190.25,1208.7,1156.0,1168.4,671944
2020-11-09,1155.0,1184.0,1098.05,1131.22,2186516
2020-11-10,1137.5,1142.5,981.05,1030.68,3502134
2020-11-11,1060.0,1072.5,1003.5,1020.5,3405910
2020-11-12,1024.0,1048.5,1021.8,1045.88,1418030
2020-11-13,1049.95,1056.95,1027.5,1039.78,1032860
2020-11-14,1047.47,1050.0,1043.53,1047.5,65694
2020-11-17,1048.5,1062.0,1034.6,1051.18,1718450
2020-11-18,1055.0,1076.95,1036.0,1039.0,1230076
2020-11-19,1040.0,1058.97,1023.55,1030.07,1424150
2020-11-20,1037.45,1079.85,1034.03,1069.35,2026764
2020-11-23,1074.5,1140.0,1065.03,1098.82,2348084
2020-11-24,1105.0,1143.5,1067.5,1105.22,2468580
2020-11-25,1113.13,1114.1,1040.5,1062.07,1777904
2020-11-26,1063.0,1079.45,1041.5,1068.35,1048512
2020-11-27,1069.9,1140.0,1043.25,1083.38,17120990
2020-12-01,1110.25,1149.5,1105.1,1136.9,1885434
2020-12-02,1136.0,1138.0,1102.5,1132.88,1025116
2020-12-03,1133.25,1146.13,1115.0,1121.88,615732
2020-12-04,1129.5,1135.0,1116.0,1125.63,640168
2020-12-07,1124.03,1129.4,1102.55,1109.93,671606
2020-12-08,1107.5,1138.47,1106.0,1127.72,738550
2020-12-09,1132.5,1139.7,1121.25,1127.53,379270
2020-12-10,1127.0,1127.0,1103.6,1111.05,440200
2020-12-11,1116.85,1130.0,1102.5,1105.6,544012
2020-12-14,1114.95,1128.95,1105.5,1114.05,670468
2020-12-15,1110.53,1142.88,1104.05,1121.28,877866
2020-12-16,1131.75,1137.25,1107.5,1125.1,834574
2020-12-17,1129.9,1129.9,1051.53,1081.1,1058562
2020-12-18,1070.0,1123.3,1070.0,1117.13,1323408
2020-12-21,1116.1,1119.25,1088.4,1109.43,675802
2020-12-22,1107.5,1115.5,1082.72,1102.13,518184
2020-12-23,1100.0,1104.5,1072.53,1078.57,663562
2020-12-24,1080.05,1094.7,1077.5,1082.1,418026
2020-12-28,1082.0,1092.0,1075.0,1082.72,477822
2020-12-29,1089.5,1090.5,1077.5,1084.35,262362
2020-12-30,1083.75,1097.0,1073.55,1087.75,396722
2020-12-31,1087.75,1098.5,1082.53,1094.4,325750
2021-01-01,1098.0,1099.5,1086.05,1090.03,194438
2021-01-04,1094.9,1094.9,1077.03,1081.2,259280
2021-01-05,1084.95,1094.0,1075.75,1086.97,507226
2021-01-06,1081.57,1093.0,1066.88,1073.78,561984
2021-01-07,1080.0,1082.5,1055.03,1057.4,553408
2021-01-08,1064.1,1075.0,1055.3,1071.4,534204
2021-01-11,1077.5,1077.5,1045.1,1054.9,559914
2021-01-12,1060.0,1083.0,1051.3,1057.93,571844
2021-01-13,1062.5,1071.5,1045.0,1048.18,424158
2021-01-14,1045.1,1084.93,1045.1,1074.47,657884
2021-01-15,1074.47,1080.55,1046.0,1054.18,351302
2021-01-18,1054.0,1072.0,1030.22,1066.2,436542
2021-01-19,1062.5,1074.13,1053.75,1064.25,272456
2021-01-20,1064.0,1067.45,1045.2,1051.15,290960
2021-01-21,1062.93,1062.93,1018.0,1026.0,496688
2021-01-22,1027.5,1033.5,1006.4,1022.33,601820
2021-01-25,1018.5,1023.47,984.53,990.78,421748
2021-01-27,980.0,988.13,963.05,971.38,729246
2021-01-28,968.95,969.38,939.05,948.6,565600
2021-01-29,951.5,955.22,916.47,926.03,1418106
2021-02-01,932.5,955.0,910.17,938.3,618886
2021-02-02,940.03,960.35,940.03,944.17,1052974
2021-02-03,950.0,1027.0,947.63,1018.35,1138854
2021-02-04,1027.5,1027.75,980.55,1000.8,1215208
2021-02-05,1004.5,1014.55,952.8,966.05,618854
2021-02-08,967.0,999.5,966.05,971.33,467762
2021-02-09,982.45,997.5,970.58,987.95,650040
2021-02-10,994.0,994.0,980.45,986.42,200810
2021-02-11,981.92,989.0,967.5,973.28,304086
2021-02-12,973.28,976.78,945.63,948.97,333040
2021-02-15,947.5,969.22,945.0,948.17,525482
2021-02-16,945.0,954.4,938.97,950.63,473248
2021-02-17,949.63,950.92,934.25,945.0,364446
2021-02-18,949.9,956.9,930.55,933.88,342844
2021-02-19,930.0,931.9,920.0,924.78,384290
2021-02-22,919.95,928.85,905.0,908.95,404416
2021-02-23,913.0,916.0,892.7,900.45,549508
2021-02-24,904.97,941.97,901.83,932.95,325704
2021-02-25,933.0,942.25,924.45,933.4,594068
2021-02-26,925.6,931.88,910.03,924.78,743840
2021-03-01,920.28,962.5,911.13,951.55,473508
2021-03-02,962.5,964.5,925.75,953.53,690514
2021-03-03,935.5,986.38,935.5,980.88,590304
2021-03-04,971.0,974.95,958.05,967.35,734942
2021-03-05,956.55,963.9,954.15,961.72,462878
2021-03-08,964.9,973.25,958.03,966.42,194240
2021-03-09,969.92,982.5,957.25,970.38,415792
2021-03-10,974.45,974.45,960.0,969.38,306568
2021-03-12,970.05,982.47,963.0,976.33,362030
2021-03-15,973.6,976.33,953.58,959.9,462446
2021-03-16,959.9,964.92,955.4,959.63,323076
2021-03-17,959.45,963.78,942.05,945.28,283288
2021-03-18,945.5,957.47,912.72,932.3,594730
2021-03-19,929.5,930.97,900.15,919.58,882658
2021-03-22,927.53,947.5,908.08,916.2,475162
2021-03-23,921.0,922.5,908.55,918.85,572234
2021-03-24,915.0,924.5,909.08,920.2,277976
2021-03-25,920.1,939.45,919.9,927.45,575802
2021-03-26,925.0,932.72,920.5,929.95,269814
2021-03-30,949.5,972.5,933.0,945.0,555090
2021-03-31,949.5,960.03,940.78,951.88,328544
2021-04-01,954.9,957.5,935.55,941.0,238444
2021-04-05,941.0,946.5,916.67,937.78,206476
2021-04-06,939.9,978.0,938.08,969.63,669022
2021-04-07,973.5,1019.95,972.5,1013.5,995998
2021-04-08,1016.0,1057.5,1011.0,1030.1,840506
2021-04-09,1032.97,1055.45,1013.5,1043.0,676296
2021-04-12,1045.0,1107.5,1017.53,1076.47,1828608
2021-04-13,1092.43,1104.43,1062.5,1079.53,827948
2021-04-15,1077.5,1096.97,1042.5,1051.5,424982
2021-04-16,1061.0,1081.88,1060.9,1070.97,589392
2021-04-19,1070.0,1110.0,1050.0,1086.78,1041870
2021-04-20,1100.0,1101.03,1069.9,1077.85,463986
2021-04-22,1083.25,1099.5,1041.0,1050.2,341834
2021-04-23,1047.5,1066.47,1045.0,1050.68,282046
2021-04-26,1062.0,1062.0,1043.55,1052.15,208824
2021-04-27,1060.0,1072.0,1046.25,1057.2,222244
2021-04-28,1054.5,1057.0,1016.28,1022.75,343198
2021-04-29,1032.0,1043.5,1025.03,1037.55,253434
2021-04-30,1037.5,1063.78,1033.32,1052.65,301350
2021-05-03,1050.0,1074.0,1045.5,1053.97,378902
2021-05-04,1062.4,1064.7,1048.0,1051.75,160048
2021-05-05,1058.1,1066.0,1045.22,1054.93,155952
2021-05-06,1056.45,1064.68,1030.93,1047.93,216914
2021-05-07,1058.5,1060.0,1023.58,1028.15,198766
2021-05-10,1028.5,1058.97,1027.5,1043.15,424776
2021-05-11,1043.5,1087.5,1040.03,1080.95,965534
2021-05-12,1083.0,1089.47,1068.0,1076.13,248544
2021-05-14,1070.0,1085.45,1068.53,1074.43,288974
2021-05-17,1074.43,1104.95,1074.43,1090.0,603352
2021-05-18,1090.0,1099.0,1073.45,1081.65,243696
2021-05-19,1090.0,1109.5,1081.7,1089.4,315956
2021-05-20,1095.0,1129.35,1086.57,1104.25,1554112
2021-05-21,1119.5,1126.15,1104.0,1113.7,716958
2021-05-24,1121.5,1134.93,1116.5,1123.0,392598
2021-05-25,1128.0,1139.0,1085.03,1106.68,348304
2021-05-26,1110.0,1129.15,1106.0,1121.95,305254
2021-05-27,1121.95,1154.5,1076.1,1101.53,1684006
2021-05-28,1093.0,1143.0,998.05,1013.65,3323292
2021-05-31,1024.5,1044.5,1011.0,1035.3,1057388
2021-06-01,1036.97,1058.25,1025.5,1032.82,398908
2021-06-02,1039.9,1067.5,1033.5,1039.85,687900
2021-06-03,1049.4,1052.45,1033.5,1044.13,514852
2021-06-04,1049.5,1058.97,1026.0,1029.43,409052
2021-06-07,1030.0,1032.95,1016.08,1021.17,511944
2021-06-08,1019.9,1032.35,1015.42,1018.38,826344
2021-06-09,1024.97,1029.57,1016.0,1019.8,422520
2021-06-10,1022.45,1032.47,1017.0,1019.22,426506
2021-06-11,1021.0,1031.25,1016.28,1023.42,845082
2021-06-14,1025.47,1050.0,1025.47,1047.53,721108
2021-06-15,1053.0,1056.55,1030.0,1032.5,378452
2021-06-16,1039.47,1039.47,1020.38,1026.65,403418
2021-06-17,1023.0,1032.53,1009.38,1014.33,422298
2021-06-18,1019.0,1019.4,982.05,996.42,847500
2021-06-21,996.0,1028.95,989.5,1004.75,439918
2021-06-22,1009.9,1014.33,996.0,1001.85,389240
2021-06-23,1005.0,1009.33,987.95,1000.05,221020
2021-06-24,1004.1,1010.0,988.0,1005.35,445480
2021-06-25,1005.35,1014.9,998.9,1009.33,223340
2021-06-28,1014.0,1014.0,1002.03,1007.47,94448
2021-06-29,1007.47,1020.0,997.53,1011.08,264484
2021-06-30,1011.0,1017.97,1008.78,1013.2,142310
2021-07-01,1013.25,1017.5,1003.38,1010.15,319552
2021-07-02,1014.65,1016.97,1000.0,1007.63,222590
2021-07-05,1007.45,1022.42,1000.0,1019.8,280374
2021-07-06,1025.0,1054.25,1020.67,1049.7,735744
2021-07-07,1052.5,1064.47,1040.72,1062.25,410838
2021-07-08,1064.0,1070.0,1045.05,1054.32,416138
2021-07-09,1050.0,1062.5,1040.5,1044.78,199758
2021-07-12,1047.5,1059.95,1046.65,1058.0,180836
2021-07-13,1060.0,1060.35,1040.05,1045.1,103006
2021-07-14,1037.65,1074.5,1034.28,1063.65,349860
2021-07-15,1072.5,1073.93,1045.0,1047.5,258016
2021-07-16,1057.47,1057.5,1045.57,1048.82,110148
2021-07-19,1045.57,1066.53,1024.63,1057.95,420218
2021-07-20,1064.0,1065.03,1053.65,1059.97,188156
2021-07-22,1060.47,1091.5,1053.6,1088.13,487036
2021-07-23,1088.13,1105.53,1085.03,1101.82,302040
2021-07-26,1101.82,1119.5,1095.0,1112.95,325262
2021-07-27,1112.95,1122.5,1074.53,1117.15,470588
2021-07-28,1114.5,1117.13,1075.0,1088.28,170336
2021-07-29,1088.28,1094.28,1062.07,1071.15,127146
2021-07-30,1079.7,1081.8,1042.0,1052.2,197724
2021-08-02,1046.63,1061.05,1039.5,1050.78,408278
2021-08-03,1052.45,1059.9,1040.75,1047.8,134846
2021-08-04,1050.0,1055.88,1036.0,1044.03,93758
2021-08-05,1049.0,1122.07,1025.5,1067.3,1834780
2021-08-06,1053.4,1090.0,1042.53,1085.68,559488
2021-08-09,1099.5,1161.5,1081.0,1146.57,1363724
2021-08-10,1155.0,1210.0,1150.03,1199.22,1302146
2021-08-11,1200.0,1217.5,1177.5,1206.63,464462
2021-08-12,1199.97,1204.95,1189.7,1193.6,298844
2021-08-13,1197.5,1203.5,1182.5,1192.72,251906
2021-08-16,1194.72,1214.0,1176.25,1206.7,757508
2021-08-17,1206.5,1241.25,1201.88,1232.2,522822
2021-08-18,1234.0,1261.97,1200.57,1222.18,678592
2021-08-20,1217.4,1274.47,1204.85,1262.15,841530
2021-08-23,1263.5,1294.9,1260.0,1282.45,615576
2021-08-24,1282.5,1290.0,1228.05,1251.28,607234
2021-08-25,1255.0,1272.5,1233.88,1241.18,266306
2021-08-26,1241.5,1271.3,1241.5,1256.47,402918
2021-08-27,1267.47,1292.5,1220.13,1229.95,512728
2021-08-30,1230.1,1253.5,1226.13,1240.65,398176
2021-08-31,1245.0,1332.15,1215.5,1287.65,1794622
2021-09-01,1299.2,1321.22,1245.5,1266.5,548468
2021-09-02,1266.75,1268.9,1235.0,1244.85,352624
2021-09-03,1250.5,1278.3,1247.53,1268.18,379846
2021-09-06,1278.0,1278.0,1242.03,1249.72,315516
2021-09-07,1257.5,1258.7,1224.03,1249.53,305420
2021-09-08,1253.68,1275.0,1236.6,1268.05,297660
2021-09-09,1268.25,1271.95,1253.1,1261.57,238692
2021-09-13,1267.5,1311.4,1262.6,1298.07,913070
2021-09-14,1300.0,1339.9,1285.82,1318.75,457656
2021-09-15,1347.5,1383.1,1305.13,1313.93,1721172
2021-09-16,1314.0,1321.65,1275.32,1285.57,512412
2021-09-17,1287.25,1298.95,1236.03,1246.7,500214
2021-09-20,1240.03,1258.93,1200.18,1205.97,502740
2021-09-21,1205.5,1223.55,1158.63,1216.2,511356
2021-09-22,1225.0,1228.0,1205.55,1214.78,143782
2021-09-23,1219.5,1241.72,1198.9,1237.28,327552
2021-09-24,1243.0,1248.75,1196.28,1200.47,333752
2021-09-27,1204.95,1206.25,1182.0,1186.05,345428
2021-09-28,1189.95,1194.95,1170.85,1175.4,378038
2021-09-29,1171.0,1205.0,1161.65,1178.63,331198
2021-09-30,1189.13,1218.47,1176.72,1205.68,380712
2021-10-01,1209.05,1217.5,1195.0,1211.8,289824
2021-10-04,1220.0,1226.5,1193.0,1202.05,332762
2021-10-05,1200.0,1209.9,1172.5,1174.28,682024
2021-10-06,1175.2,1182.5,1128.6,1139.07,682586
2021-10-07,1138.43,1192.5,1130.0,1181.47,686624
2021-10-08,1182.5,1188.22,1161.53,1167.35,266016
2021-10-11,1169.0,1185.0,1147.03,1178.82,313434
2021-10-12,1178.75,1187.5,1157.5,1179.8,246686
2021-10-13,1179.0,1184.03,1167.68,1181.47,187572
2021-10-14,1181.95,1222.57,1181.95,1211.1,644914
2021-10-18,1215.0,1228.35,1195.0,1207.8,368236
2021-10-19,1207.57,1225.43,1159.5,1171.07,308140
2021-10-20,1167.5,1200.0,1140.8,1154.6,913830
2021-10-21,1181.5,1187.45,1082.25,1137.05,673222
2021-10-22,1143.2,1153.43,1115.63,1139.93,342218
2021-10-25,1139.93,1142.5,1102.0,1111.95,356840
2021-10-26,1117.0,1134.0,1085.5,1094.75,577558
2021-10-27,1102.0,1132.0,1082.0,1086.18,621870
2021-10-28,1095.72,1097.5,1041.0,1060.8,404124
2021-10-29,1058.5,1086.0,1055.53,1071.2,287068
2021-11-01,1087.1,1095.0,1057.53,1062.9,318750
2021-11-02,1065.5,1068.5,1047.15,1063.78,499520
2021-11-03,1062.5,1070.97,1055.0,1062.47,365624
2021-11-04,1068.0,1070.0,1059.95,1066.9,17228
2021-11-08,1072.5,1084.85,1033.68,1060.5,1113184
2021-11-09,1062.5,1098.47,1062.5,1091.13,520930
2021-11-10,1092.9,1117.0,1091.05,1105.35,720968
2021-11-11,1107.5,1115.6,1095.0,1105.0,264110
2021-11-12,1105.47,1114.97,1060.05,1109.47,926474
2021-11-15,1100.0,1128.5,1065.2,1100.03,959746
2021-11-16,1100.0,1100.0,1060.53,1076.68,1681022
2021-11-17,1066.5,1074.9,1043.68,1048.55,1264676
2021-11-18,1038.5,1049.5,1022.53,1038.57,1277288
2021-11-22,1047.82,1052.43,1010.85,1015.88,518382
2021-11-23,1017.63,1056.28,1002.47,1028.2,1842742
2021-11-24,1040.0,1050.93,1008.03,1030.43,1216842
2021-11-25,1037.88,1070.22,1005.97,1012.22,2324156
2021-11-26,1012.22,1042.5,997.9,1008.08,2295864
2021-11-29,1002.5,1069.97,982.5,1060.18,2269278
2021-11-30,1062.5,1078.5,1015.5,1050.1,20863688
2021-12-01,1064.4,1069.5,1020.97,1033.97,695038
2021-12-02,1025.0,1050.47,1025.0,1035.63,521258
2021-12-03,1027.5,1036.97,1014.67,1019.53,1526184
2021-12-06,1019.5,1024.5,1001.6,1007.9,1730328
2021-12-07,1009.0,1019.47,997.5,1005.75,1482804
2021-12-08,1005.0,1031.8,1000.0,1021.83,1702530
2021-12-09,1021.78,1021.78,1006.5,1016.05,1469204
2021-12-10,1009.05,1042.6,1009.05,1028.72,1394870
2021-12-13,1024.5,1028.57,1013.33,1017.85,1475510
2021-12-14,1015.0,1022.35,1007.0,1015.5,1004386
2021-12-15,1019.85,1021.0,1005.5,1010.6,454636
2021-12-16,1006.05,1013.95,985.1,987.42,945082
2021-12-17,987.0,1001.45,965.03,996.17,803258
2021-12-20,987.5,999.0,962.53,992.97,692280
2021-12-21,997.5,1018.38,991.28,996.53,598648
2021-12-22,998.5,1017.05,994.5,1010.2,396878
2021-12-23,1018.78,1032.5,1010.05,1016.08,439442
2021-12-24,1020.0,1024.57,1007.0,1011.53,214844
2021-12-27,1013.97,1024.4,991.0,1019.33,602364
2021-12-28,1019.33,1050.03,1019.0,1041.7,714830
2021-12-29,1047.0,1065.0,1030.0,1059.9,819208
2021-12-30,1061.0,1099.72,1050.97,1088.22,857168
2021-12-31,1090.0,1095.0,1076.25,1083.4,332122
2022-01-03,1085.0,1093.38,1075.68,1079.8,272364
2022-01-04,1080.0,1104.07,1080.0,1085.78,360918
2022-01-05,1092.5,1104.0,1060.63,1082.57,835834
2022-01-06,1075.22,1096.0,1070.0,1075.6,402504
2022-01-07,1076.0,1111.0,1068.7,1099.9,705754
2022-01-10,1123.95,1128.5,1028.4,1061.0,1504551
2022-01-11,1061.0,1076.95,1045.0,1057.3,312149
2022-01-12,1061.5,1067.95,1037.0,1045.3,339266
2022-01-13,1040.0,1067.0,1031.25,1059.95,407600
2022-01-14,1061.7,1066.7,1045.05,1062.35,237758
2022-01-17,1065.0,1078.8,1055.9,1063.1,249850
2022-01-18,1070.0,1072.4,1045.0,1048.85,314866
2022-01-19,1041.0,1082.6,1030.0,1075.15,878015
2022-01-20,1073.0,1082.0,1061.6,1067.6,214363
2022-01-21,1054.0,1077.0,1042.45,1054.7,361783
2022-01-24,1055.0,1059.85,1020.0,1043.0,554842
2022-01-25,1040.0,1049.45,1018.0,1043.2,526167
2022-01-27,1035.0,1045.7,998.05,1005.5,406915
2022-01-28,1000.0,1024.05,990.0,1012.8,222773
2022-01-31,1020.1,1039.0,1008.65,1034.65,391944
2022-02-01,1045.0,1045.0,1026.0,1037.55,86410
2022-02-02,1047.45,1059.0,1037.45,1054.65,92474
2022-02-03,1061.75,1067.65,1040.0,1045.7,125055
2022-02-04,1050.0,1051.75,1028.25,1036.65,52032
2022-02-07,1039.7,1054.0,1010.0,1020.3,174628
2022-02-08,1024.0,1024.0,996.55,1001.35,162046
2022-02-09,1007.0,1024.9,1002.55,1020.5,119278
2022-02-10,1029.0,1029.0,985.15,1004.0,118579
2022-02-11,989.0,1005.1,975.95,993.75,325629
2022-02-14,990.0,994.0,942.1,964.55,851025
2022-02-15,940.0,994.95,940.0,989.05,940898
2022-02-16,989.1,1002.05,971.2,981.65,371411
2022-02-17,1001.0,1001.0,955.15,965.05,1321278
2022-02-18,964.5,986.2,954.35,979.85,725178
2022-02-21,972.0,983.0,953.35,961.8,486916
2022-02-22,952.0,973.5,937.85,961.2,385429
2022-02-23,960.0,977.95,950.5,955.2,177240
2022-02-24,935.0,956.05,925.2,936.75,482719
2022-02-25,936.75,976.95,936.2,969.85,468020
2022-02-28,970.0,987.0,955.0,981.35,413836
2022-03-02,966.0,987.05,959.1,984.8,277879
2022-03-03,986.0,998.3,962.45,968.7,246294
2022-03-04,970.75,970.75,939.4,954.75,398094
2022-03-07,945.0,984.45,929.25,973.5,347123
2022-03-08,971.7,1021.0,964.0,1016.2,592426
2022-03-09,1020.2,1023.1,996.2,1005.65,357348
2022-03-10,1008.25,1022.95,992.3,1001.45,176806
2022-03-11,1006.7,1024.9,980.0,1018.85,388470
2022-03-14,1025.0,1042.0,995.85,1012.2,577886
2022-03-15,1017.5,1034.0,989.4,993.15,250833
2022-03-16,998.4,1005.0,969.05,1000.1,366323
2022-03-17,1002.5,1037.8,998.35,1033.7,1091505
2022-03-21,1035.0,1042.5,1000.0,1003.0,286959
2022-03-22,1003.1,1013.5,995.1,999.75,210510
2022-03-23,999.75,1011.2,985.3,991.25,267686
2022-03-24,991.25,1018.0,990.5,1008.4,214498
2022-03-25,1010.1,1035.5,990.0,992.85,285071
2022-03-28,1002.0,1025.95,992.0,999.45,332961
2022-03-29,1004.7,1062.9,1000.0,1059.2,1234599
2022-03-30,1064.85,1082.0,1045.0,1076.8,673633
2022-03-31,1080.0,1095.0,1014.25,1065.75,872732
2022-04-01,1065.0,1065.0,1021.0,1027.4,356187
2022-04-04,1027.4,1064.0,1027.0,1030.45,249514
2022-04-05,1035.85,1044.2,1026.5,1032.45,319051
2022-04-06,1033.9,1042.0,1002.0,1022.35,576365
2022-04-07,1024.0,1028.0,996.0,1001.5,511535
2022-04-08,1014.4,1034.4,1003.05,1027.65,447291
2022-04-11,1027.65,1048.5,1027.05,1037.3,507718
2022-04-12,1039.6,1050.8,1022.4,1041.35,406540
2022-04-13,1048.0,1052.2,1037.0,1043.15,305538
2022-04-18,1042.0,1047.45,1010.0,1023.05,256774
2022-04-19,1024.0,1026.1,1008.65,1016.4,192001
2022-04-20,1028.0,1053.5,1008.0,1026.15,382858
2022-04-21,1030.0,1035.0,1018.8,1030.4,488476
2022-04-22,1029.95,1034.45,1010.0,1027.45,409641
2022-04-25,1018.55,1027.85,997.2,999.3,267628
2022-04-26,1014.0,1016.4,992.1,1000.5,130072
2022-04-27,999.0,1008.95,981.0,1005.1,278671
2022-04-28,1009.0,1031.6,1007.0,1025.75,239380
2022-04-29,1025.0,1034.5,1006.65,1011.75,286940
2022-05-02,1007.0,1017.7,999.0,1010.4,98194
2022-05-04,1011.65,1037.45,992.7,1000.2,307446
2022-05-05,1005.5,1008.25,993.5,1002.15,181125
2022-05-06,995.0,1004.4,980.0,993.25,250491
2022-05-09,991.85,1008.0,975.0,987.0,187582
2022-05-10,987.0,1004.5,969.15,974.95,177671
2022-05-11,974.95,978.05,955.0,969.25,259418
2022-05-12,969.0,971.9,950.0,961.6,175466
2022-05-13,966.7,984.95,965.0,975.45,319208
2022-05-16,980.6,991.45,973.3,983.7,123049
2022-05-17,985.2,997.1,974.8,989.0,76760
2022-05-18,986.0,997.05,980.0,988.45,286465
2022-05-19,980.1,986.3,962.15,964.8,105203
2022-05-20,966.0,991.85,966.0,986.5,158460
2022-05-23,989.9,1006.6,975.0,978.05,242195
2022-05-24,967.1,977.6,918.0,955.5,1588320
2022-05-25,945.0,967.45,926.75,937.9,565141
2022-05-26,937.9,939.0,908.4,916.25,1271410
2022-05-27,920.0,923.55,898.7,901.15,733877
2022-05-30,903.0,909.0,884.3,900.35,673959
2022-05-31,904.9,924.1,892.2,902.6,472699
2022-06-01,902.7,907.4,875.5,889.25,612609
2022-06-02,881.0,887.0,872.0,879.8,290566
2022-06-03,888.0,888.0,856.8,861.15,247531
2022-06-06,850.0,874.2,850.0,863.75,231516
2022-06-07,859.0,870.0,850.7,864.0,134547
2022-06-08,872.0,875.5,855.25,868.9,133105
2022-06-09,865.8,872.95,862.25,868.85,130208
2022-06-10,862.0,868.45,853.05,858.8,161247
2022-06-13,849.15,867.9,831.05,864.45,339988
2022-06-14,864.45,870.25,856.6,865.65,237443
2022-06-15,870.0,883.0,867.05,877.5,165592
2022-06-16,883.8,884.35,861.45,867.7,196892
2022-06-17,860.0,871.3,845.0,866.2,253368
2022-06-20,868.0,880.8,852.45,876.35,212331
2022-06-21,880.0,898.7,865.2,889.9,413608
2022-06-22,885.15,893.2,882.85,888.95,185149
2022-06-23,897.0,903.7,883.7,897.1,503576
2022-06-24,901.8,905.0,886.75,889.7,146601
2022-06-27,894.0,918.0,892.8,912.35,206321
2022-06-28,911.8,918.0,897.05,902.05,315204
2022-06-29,900.8,906.6,881.1,896.9,404541
2022-06-30,894.0,907.8,887.35,897.5,434295
2022-07-01,890.25,914.25,890.25,912.9,154987
2022-07-04,912.9,925.0,907.0,918.5,134941
2022-07-05,924.8,929.75,919.15,928.1,182221
2022-07-06,929.0,948.95,923.7,944.05,378393
2022-07-07,949.0,959.95,945.0,956.3,151827
2022-07-08,961.05,991.0,960.0,976.95,236653
2022-07-11,979.9,988.7,971.0,985.85,166600
2022-07-12,987.0,989.95,965.0,969.6,218676
2022-07-13,970.0,980.85,970.0,974.85,396301
2022-07-14,975.0,1010.0,974.85,990.5,452427
2022-07-15,989.0,997.2,983.6,989.55,139901
2022-07-18,994.45,1002.0,989.0,998.05,272801
2022-07-19,998.05,1018.0,994.1,1010.9,342626
2022-07-20,1016.0,1024.5,1010.15,1014.8,325932
2022-07-21,1014.05,1020.0,1001.1,1006.45,137275
2022-07-22,1009.5,1009.5,981.25,987.25,250787
2022-07-25,981.25,987.2,962.05,966.15,332206
2022-07-26,966.0,988.0,948.5,984.4,389980
2022-07-27,988.65,991.2,973.05,985.9,474450
2022-07-28,993.15,998.7,970.6,995.3,237401
2022-07-29,994.5,1009.85,990.95,1000.25,194420
2022-08-01,1004.9,1016.5,992.65,997.7,163659
2022-08-02,992.5,1001.35,983.8,990.05,176681
2022-08-03,990.05,993.85,968.25,977.95,78714
2022-08-04,977.95,1028.0,972.05,1024.95,448120
2022-08-05,1031.0,1034.3,998.25,1012.45,594365
2022-08-08,1019.0,1019.0,1002.45,1012.75,89624
2022-08-10,1005.0,1012.0,971.0,991.5,431161
2022-08-11,992.9,1022.6,985.1,1016.3,382876
2022-08-12,988.4,990.0,918.4,928.05,3897119
2022-08-16,928.05,934.0,918.55,925.95,455476
2022-08-17,927.85,933.0,914.6,919.85,385900
2022-08-18,919.85,926.0,912.15,924.95,405069
2022-08-19,926.0,929.7,905.05,919.85,547895
2022-08-22,905.0,918.0,900.55,903.1,229225
2022-08-23,903.05,924.8,900.1,922.65,186859
2022-08-24,922.65,926.9,906.3,922.1,401021
2022-08-25,928.55,928.55,911.0,914.8,241600
2022-08-26,916.95,919.6,908.0,909.9,108071
2022-08-29,903.0,911.65,894.4,900.1,467127
2022-08-30,909.0,911.15,897.6,905.2,319017
2022-09-01,900.0,907.65,892.6,899.6,161221
2022-09-02,899.6,903.6,886.5,889.85,174167
2022-09-05,889.85,894.15,881.1,886.35,499504
2022-09-06,886.35,891.0,879.35,882.9,121036
2022-09-07,883.8,889.9,877.65,879.45,180638
2022-09-08,881.0,885.6,865.55,870.15,277356
2022-09-09,876.5,901.45,870.0,872.2,577688
2022-09-12,876.9,885.0,872.2,875.0,296143
2022-09-13,876.9,901.6,876.9,898.1,520164
2022-09-14,889.95,891.45,875.65,878.4,233166
2022-09-15,883.0,883.95,872.65,875.25,106978
2022-09-16,873.0,879.25,855.0,861.1,400708
2022-09-19,861.0,868.0,852.75,858.45,126262
2022-09-20,862.0,875.0,858.45,871.45,113859
2022-09-21,877.15,884.3,862.05,866.65,214863
2022-09-22,864.7,880.4,856.0,878.3,334833
2022-09-23,882.0,882.9,870.0,873.95,88030
2022-09-26,871.05,899.0,867.85,891.85,747578
2022-09-27,896.25,906.7,883.0,904.95,328806
2022-09-28,895.0,917.7,882.85,895.6,396813
2022-09-29,909.6,912.75,896.15,909.4,270063
2022-09-30,905.35,917.45,896.0,915.0,193371
2022-10-03,915.75,938.2,905.9,934.5,536643
2022-10-04,941.0,945.0,921.95,932.15,329783
2022-10-06,939.15,939.9,914.55,919.7,158172
2022-10-07,923.6,923.6,907.3,918.95,108057
2022-10-10,915.0,918.55,902.75,912.05,137507
2022-10-11,916.65,916.65,891.0,897.55,157693
2022-10-12,892.0,899.1,886.55,891.75,94434
2022-10-13,888.85,902.65,885.1,888.55,191386
2022-10-14,892.0,903.25,887.05,889.45,54675
2022-10-17,885.5,899.0,881.0,893.05,90495
2022-10-18,897.5,900.35,891.65,897.85,209411
2022-10-19,899.85,900.0,889.3,895.9,58692
2022-10-20,893.15,908.95,891.2,907.35,152726
2022-10-21,911.75,913.7,900.2,903.85,229217
2022-10-24,906.0,907.85,898.2,900.35,6043
2022-10-25,900.35,940.0,891.05,936.1,307939
2022-10-27,936.1,939.8,919.0,930.75,268949
2022-10-28,927.15,930.7,895.0,901.2,125324
2022-10-31,904.75,912.5,893.55,905.1,162978
2022-11-01,901.0,935.75,901.0,924.65,489045
2022-11-02,924.65,951.3,922.0,927.15,454885
2022-11-03,923.0,928.0,903.15,908.4,501897
2022-11-04,908.0,913.1,901.0,904.95,146801
2022-11-07,905.25,907.1,890.6,905.0,371764
2022-11-09,909.8,910.5,886.75,891.65,197160
2022-11-10,890.0,898.25,875.7,888.35,301637
2022-11-11,892.8,903.2,835.3,867.55,782521
2022-11-14,862.0,875.95,855.0,869.2,269058
2022-11-15,867.95,876.9,862.65,869.6,262459
2022-11-16,869.0,877.45,858.9,873.6,275430
2022-11-17,873.6,880.7,866.0,867.8,175616
2022-11-18,867.0,870.15,851.3,864.85,204335
2022-11-21,865.2,881.95,856.25,868.5,367633
2022-11-22,867.0,869.45,852.15,864.65,297427
2022-11-23,864.0,873.45,855.0,857.6,372691
2022-11-24,857.85,862.45,843.25,853.2,300720
2022-11-25,853.2,880.0,849.0,869.05,334310
2022-11-28,873.55,880.0,858.0,877.75,249828
2022-11-29,874.7,878.45,866.65,871.95,229351
2022-11-30,865.0,876.3,865.0,868.0,310446
2022-12-01,869.95,872.25,863.0,864.65,278503
2022-12-02,862.25,875.0,857.5,868.55,307444
2022-12-05,871.6,871.6,862.05,863.8,238502
2022-12-06,863.2,868.2,852.3,857.45,222011
2022-12-07,857.65,862.0,852.9,855.15,47232
2022-12-08,859.7,860.6,848.65,851.1,97417
2022-12-09,856.0,864.15,854.35,859.0,321659
2022-12-12,862.75,870.7,855.0,861.6,187749
2022-12-13,867.65,867.65,856.5,859.25,97899
2022-12-14,861.85,865.65,857.0,864.45,147208
2022-12-15,868.1,874.4,855.05,860.45,279484
2022-12-16,857.5,858.2,844.25,854.35,194219
2022-12-19,854.35,859.4,846.9,854.1,129641
2022-12-20,858.6,874.7,848.3,872.85,305740
2022-12-21,865.05,904.35,865.05,895.3,880489
2022-12-22,904.0,904.0,872.0,878.35,528360
2022-12-23,870.15,896.9,860.0,864.35,357473
2022-12-26,868.9,869.45,845.0,848.2,194444
2022-12-27,848.2,859.7,845.25,855.75,226639
2022-12-28,859.0,859.0,848.1,850.0,232581
2022-12-29,851.35,857.0,840.05,851.9,365882
2022-12-30,858.0,858.05,841.4,843.1,168630
2023-01-02,841.0,844.75,830.0,836.7,311461
2023-01-03,832.0,857.6,832.0,849.95,239476
2023-01-04,849.95,860.0,847.9,855.75,283506
2023-01-05,855.7,863.85,850.65,858.35,115624
2023-01-06,858.35,863.95,844.4,854.4,81757
2023-01-09,859.0,876.5,853.1,875.1,529133
2023-01-10,876.0,878.65,863.0,871.65,145096
2023-01-11,876.0,876.0,853.0,855.6,196091
2023-01-12,854.95,870.0,853.25,868.6,219602
2023-01-13,868.6,872.85,863.4,870.7,70613
2023-01-16,872.2,878.45,860.4,866.1,82383
2023-01-17,870.7,870.7,849.35,851.95,104272
2023-01-18,850.0,883.65,848.0,875.5,321116
2023-01-19,875.0,879.85,868.15,871.8,113626
2023-01-20,871.8,876.15,857.95,862.1,140417
2023-01-23,859.0,876.0,859.0,871.7,77510
2023-01-24,872.05,874.7,860.9,864.55,66558
2023-01-25,861.5,869.3,846.0,862.4,180221
2023-01-27,860.45,866.35,844.0,851.5,252075
2023-01-30,857.3,864.0,847.6,858.4,207670
2023-01-31,863.3,863.3,845.0,849.85,174004
2023-02-01,848.95,860.6,848.9,853.45,152975
2023-02-02,845.55,870.0,845.55,857.05,202467
2023-02-03,855.0,863.5,843.85,855.8,395022
2023-02-06,855.25,862.7,850.05,859.1,64958
2023-02-07,862.35,870.0,855.35,860.65,249651
2023-02-08,864.5,869.0,857.3,866.35,208480
2023-02-09,873.0,889.95,868.6,876.7,391064
2023-02-10,875.05,879.8,867.1,874.6,90108
2023-02-13,876.0,876.0,852.0,856.55,150637
2023-02-14,852.05,860.65,824.05,849.15,670037
2023-02-15,841.85,852.0,835.1,843.55,327261
2023-02-16,847.8,868.75,845.2,862.5,214016
2023-02-17,854.0,854.0,815.0,830.9,1640051
2023-02-20,825.95,844.0,819.0,832.05,325300
2023-02-21,832.0,834.0,812.75,813.6,518835
2023-02-22,813.25,826.55,808.0,820.05,361131
2023-02-23,820.05,825.0,808.8,819.9,559242
2023-02-24,819.9,822.3,800.0,805.45,616458
2023-02-27,806.0,815.0,802.45,811.35,233543
2023-02-28,806.1,818.1,805.0,807.95,140848
2023-03-01,810.35,811.2,801.05,807.7,236744
2023-03-02,808.0,810.9,803.05,805.1,181983
2023-03-03,808.5,808.55,798.0,801.0,369506
2023-03-06,801.95,803.6,797.0,800.4,225388
2023-03-08,800.4,802.85,790.05,799.35,265023
2023-03-09,795.3,801.8,793.35,800.1,194011
2023-03-10,800.05,803.6,791.3,798.65,365691
2023-03-13,798.65,800.0,780.0,794.25,547114
2023-03-14,798.4,798.4,778.05,781.65,363548
2023-03-15,782.95,785.8,768.05,771.5,186753
2023-03-16,775.3,800.0,767.5,781.3,288791
2023-03-17,781.95,787.45,776.1,782.9,159274
2023-03-20,792.0,792.0,772.3,781.25,69663
2023-03-21,785.15,787.45,774.75,779.9,152769
2023-03-22,779.9,785.65,777.25,782.85,73714
2023-03-23,781.25,791.45,779.4,784.4,230059
2023-03-24,781.1,788.5,778.7,781.45,63407
2023-03-27,781.45,796.95,778.8,790.05,319315
2023-03-28,789.3,794.0,781.25,791.55,511498
2023-03-29,792.0,794.85,781.75,786.45,365256
2023-03-31,783.0,817.0,783.0,810.35,407781
2023-04-03,810.35,817.25,802.25,810.35,249188
2023-04-05,805.85,823.0,805.55,810.25,115542
2023-04-06,810.0,839.7,808.75,830.4,593132
2023-04-10,830.3,843.7,825.8,833.3,203531
2023-04-11,833.3,845.95,826.8,829.0,661503
2023-04-12,830.0,838.15,825.05,826.9,349291
2023-04-13,829.55,832.05,815.0,819.9,162809
2023-04-17,819.5,820.95,806.6,814.7,129716
2023-04-18,815.0,831.2,809.85,829.65,212743
2023-04-19,835.0,837.05,822.15,829.85,949086
2023-04-20,831.75,839.95,821.3,830.75,1111532
2023-04-21,833.0,846.95,833.0,840.65,704817
2023-04-24,841.45,854.55,824.0,826.5,449803
2023-04-25,795.0,795.0,740.0,741.15,7916179
2023-04-26,740.0,740.0,686.8,701.4,7381480
2023-04-27,701.0,706.25,690.2,699.05,2037901
2023-04-28,701.0,713.35,697.0,710.15,1263145
2023-05-02,713.95,717.15,707.0,708.35,516680
2023-05-03,712.0,712.0,707.05,708.0,335910
2023-05-04,711.45,715.95,706.3,712.35,313325
2023-05-05,715.0,715.0,701.35,704.7,368131
2023-05-08,711.15,711.15,701.8,703.35,739530
2023-05-09,707.0,711.65,697.0,699.6,780807
2023-05-10,704.35,704.35,692.5,694.15,550035
2023-05-11,698.0,706.45,693.25,703.55,673887
2023-05-12,704.0,707.3,693.25,695.4,301101
2023-05-15,696.05,700.95,688.65,695.25,456133
2023-05-16,699.3,700.1,690.0,690.65,319952
2023-05-17,690.0,691.85,681.0,683.9,449524
2023-05-18,687.75,687.75,670.6,675.15,547219
2023-05-19,680.1,680.15,671.35,675.0,235886
2023-05-22,674.5,683.9,669.8,682.15,434439
2023-05-23,683.0,690.95,679.8,689.1,482981
2023-05-24,690.0,690.0,682.0,684.9,268531
2023-05-25,684.8,687.95,680.0,681.7,169398
2023-05-26,682.45,685.9,677.55,684.45,171176
2023-05-29,686.45,691.35,675.45,689.1,962650
2023-05-30,690.0,693.9,683.05,687.95,681693
2023-05-31,690.0,706.95,685.8,700.95,924542
2023-06-01,705.0,711.45,698.6,705.5,346424
2023-06-02,705.5,717.0,703.0,714.2,643392
2023-06-05,704.65,726.6,700.15,725.3,741353
2023-06-06,730.0,753.0,719.55,748.05,1511180
2023-06-07,748.0,760.95,743.0,746.05,693875
2023-06-08,745.85,751.5,731.2,735.8,440665
2023-06-09,735.0,738.6,726.05,727.95,924468
2023-06-12,730.0,742.45,720.0,730.55,1543263
2023-06-13,731.55,748.2,729.25,734.85,1310904
2023-06-14,736.0,740.5,712.4,716.85,1769514
2023-06-15,715.1,727.5,710.0,720.65,420937
2023-06-16,722.0,737.5,720.25,735.35,535841
2023-06-19,735.55,741.65,725.2,727.65,495776
2023-06-20,728.3,736.0,726.2,731.2,191483
2023-06-21,731.2,742.85,729.25,737.25,313244
2023-06-22,737.25,740.85,726.45,730.55,438986
2023-06-23,727.25,733.75,723.05,727.2,948572
2023-06-26,700.1,744.85,691.2,740.5,2894091
2023-06-27,736.05,741.0,729.0,735.95,725414
2023-06-28,736.05,748.0,734.1,746.0,669067
2023-06-30,746.0,754.2,741.0,742.85,244220
2023-07-03,741.0,748.65,737.5,746.7,418140
2023-07-04,750.0,755.7,744.0,746.05,270282
2023-07-05,747.0,753.9,743.05,750.1,215627
2023-07-06,750.0,761.7,747.5,760.05,434971
2023-07-07,759.95,765.9,754.85,759.3,428284
2023-07-10,763.05,763.05,748.95,755.05,154970
2023-07-11,754.15,770.3,752.6,765.25,448744
2023-07-12,765.3,772.0,758.4,764.9,167625
2023-07-13,764.95,772.0,760.25,769.25,417921
2023-07-14,768.0,778.4,767.0,774.95,338658
2023-07-17,778.8,787.9,775.05,786.7,513770
2023-07-18,786.75,795.45,780.45,793.4,418879
2023-07-19,798.25,806.25,786.3,794.9,479492
2023-07-20,796.0,800.0,782.3,785.25,315248
2023-07-21,783.0,797.85,780.1,794.65,293537
2023-07-24,791.9,798.65,786.3,792.5,147925
2023-07-25,792.5,807.95,789.8,798.9,293742
2023-07-26,800.9,803.3,792.6,795.3,110504
2023-07-27,797.0,835.0,796.95,826.75,1103966
2023-07-28,833.35,865.8,825.75,857.25,1094114
2023-07-31,857.6,893.25,857.6,873.5,1126798
2023-08-01,873.5,906.25,873.5,902.4,1051743
2023-08-02,900.0,904.45,880.35,888.2,1054599
2023-08-03,888.2,921.9,887.6,894.55,1862970
2023-08-04,903.0,911.75,888.25,908.3,584186
2023-08-07,908.8,943.0,902.95,930.1,1291271
2023-08-08,933.5,937.8,905.75,910.4,805529
2023-08-09,910.35,943.05,903.3,911.9,1086827
2023-08-10,918.95,936.55,885.3,900.85,1729523
2023-08-11,906.0,918.95,900.1,907.05,1458498
2023-08-14,903.05,912.7,847.3,884.45,2052925
2023-08-16,888.0,894.45,873.6,889.65,391865
2023-08-17,889.0,900.95,886.3,888.5,197980
2023-08-18,892.05,893.45,875.0,877.75,232148
2023-08-21,882.4,894.7,877.0,887.0,463250
2023-08-22,891.7,896.75,883.35,884.95,263267
2023-08-23,884.3,891.5,875.05,877.05,167935
2023-08-24,889.0,918.75,878.0,883.45,1350171
2023-08-25,887.0,902.0,878.95,883.95,941439
2023-08-28,894.25,897.85,881.55,893.65,305486
2023-08-29,898.4,901.65,886.0,888.4,721700
2023-08-30,889.0,905.0,888.7,890.55,435866
2023-08-31,893.05,893.05,869.8,873.45,561536
2023-09-01,875.0,879.0,863.05,866.8,288410
2023-09-04,869.9,884.15,856.8,876.95,345178
2023-09-05,879.1,900.4,877.35,892.6,357542
2023-09-06,893.4,909.4,890.05,897.45,348082
2023-09-07,900.0,905.0,894.4,897.5,199959
2023-09-08,897.5,906.4,889.3,902.85,300163
2023-09-11,902.0,904.85,894.1,899.7,109609
2023-09-12,900.0,913.55,886.05,896.7,348393
2023-09-13,898.95,908.5,886.1,888.25,320127
2023-09-14,895.25,903.2,890.15,901.4,164954
2023-09-15,904.0,939.0,901.65,930.75,1953868
2023-09-18,938.4,955.0,924.0,927.55,1040865
2023-09-20,924.05,925.95,905.0,913.25,538630
2023-09-21,913.0,919.15,896.0,900.05,273994
2023-09-22,900.05,903.7,878.0,894.25,474060
2023-09-25,895.0,901.15,887.8,892.2,135256
2023-09-26,893.0,909.0,885.65,905.1,365406
2023-09-27,909.9,931.0,897.5,922.7,694015
2023-09-28,922.7,929.2,913.5,923.9,745247
2023-09-29,928.85,948.0,920.5,935.65,914891
2023-10-03,935.65,946.45,926.1,935.45,438049
2023-10-04,935.45,936.8,917.0,921.5,286445
2023-10-05,922.0,934.95,919.85,926.95,225041
2023-10-06,931.55,938.45,927.05,933.9,325290
2023-10-09,930.95,956.35,925.25,936.1,659239
2023-10-10,940.0,958.15,932.1,951.7,600190
2023-10-11,955.7,963.0,937.2,941.75,328292
2023-10-12,941.75,956.0,939.15,945.55,354535
2023-10-13,944.65,962.55,942.0,959.15,416685
2023-10-16,960.0,970.0,954.4,963.8,517819
2023-10-17,968.35,979.75,965.05,973.15,415476
2023-10-18,973.15,981.3,955.4,964.45,452642
2023-10-19,958.75,965.0,941.1,946.9,542285
2023-10-20,946.9,949.85,933.1,935.9,163420
2023-10-23,980.0,1009.0,958.05,998.8,6124600
2023-10-25,998.0,999.9,980.8,993.6,806195
2023-10-26,998.0,998.0,960.0,979.75,681224
2023-10-27,979.95,996.0,979.95,983.0,239178
2023-10-30,978.05,992.0,978.0,979.75,184582
2023-10-31,984.6,999.7,981.95,983.75,392014
2023-11-01,991.95,991.95,972.05,978.75,175757
2023-11-02,983.9,986.4,973.5,975.3,121667
2023-11-03,980.15,984.95,966.4,969.8,178554
2023-11-06,979.0,986.0,971.0,984.65,249994
2023-11-07,989.7,1019.45,984.35,1006.5,701972
2023-11-08,1015.0,1062.5,1010.85,1053.95,931525
2023-11-09,1058.9,1058.9,1042.2,1046.4,309979
2023-11-10,1045.2,1058.0,1031.0,1050.75,1089417
2023-11-12,1050.75,1058.1,1027.35,1032.8,50933
2023-11-13,1033.0,1059.8,1025.55,1054.45,396417
2023-11-15,1055.25,1067.4,1042.0,1057.35,166090
2023-11-16,1059.0,1078.2,1051.0,1071.85,337724
2023-11-17,1068.0,1092.0,1068.0,1081.05,243023
2023-11-20,1081.05,1091.7,1059.1,1060.75,248129
2023-11-21,1070.0,1083.1,1045.55,1074.9,261943
2023-11-22,1080.0,1102.05,1075.35,1090.3,457384
2023-11-23,1089.65,1089.65,1061.05,1066.35,205070
2023-11-24,1066.35,1097.15,1063.05,1091.8,241174
2023-11-28,1106.7,1111.85,1092.05,1097.65,559276
2023-11-29,1105.0,1129.2,1098.0,1120.85,414405
2023-11-30,1124.95,1138.0,1116.3,1132.95,298026
2023-12-01,1133.0,1153.0,1123.95,1149.7,304454
2023-12-04,1155.0,1159.7,1134.1,1142.55,252860
2023-12-05,1147.9,1161.85,1136.3,1144.6,205227
2023-12-06,1147.0,1156.75,1120.35,1126.5,201245
2023-12-07,1126.5,1135.15,1109.95,1132.35,360818
2023-12-08,1136.0,1138.7,1108.2,1119.3,242631
2023-12-11,1119.9,1125.7,1104.8,1108.85,120663
2023-12-12,1114.9,1114.9,1087.35,1091.55,131343
2023-12-13,1083.1,1120.5,1083.1,1099.45,231051
2023-12-14,1111.0,1111.2,1096.45,1104.4,467652
2023-12-15,1109.65,1120.4,1092.45,1114.35,352260
2023-12-18,1119.0,1131.0,1105.35,1124.55,362010
2023-12-19,1131.0,1134.0,1105.0,1107.65,179963
2023-12-20,1110.5,1121.0,1055.25,1061.5,526670
2023-12-21,1055.0,1074.0,1041.0,1064.35,374400
2023-12-22,1069.0,1085.95,1058.45,1062.65,444857
2023-12-26,1065.0,1074.9,1055.15,1058.6,221122
2023-12-27,1060.1,1066.95,1053.75,1059.05,333776
2023-12-28,1064.0,1113.4,1056.55,1099.75,1535682
2023-12-29,1096.0,1116.1,1090.05,1113.15,314635
2024-01-01,1104.3,1125.85,1103.95,1119.35,254640
2024-01-02,1119.35,1142.9,1110.05,1113.35,443895
2024-01-03,1114.9,1122.8,1107.1,1110.25,164353
2024-01-04,1110.2,1120.0,1105.15,1109.85,106228
2024-01-05,1108.0,1119.0,1092.15,1113.4,190888
2024-01-08,1120.0,1126.2,1080.15,1088.1,192371
2024-01-09,1092.8,1107.2,1082.4,1103.05,116079
2024-01-10,1103.05,1123.0,1098.05,1116.25,265183
2024-01-11,1125.0,1148.8,1119.1,1144.35,683798
2024-01-12,1156.0,1156.0,1128.45,1135.35,236286
2024-01-15,1138.75,1147.55,1133.0,1139.55,272849
2024-01-16,1140.0,1140.95,1121.8,1134.55,219948
2024-01-17,1130.0,1136.25,1112.2,1123.5,219441
2024-01-18,1120.0,1123.5,1062.4,1081.4,408875
2024-01-19,1080.8,1105.0,1075.9,1099.95,314207
2024-01-20,1100.0,1107.5,1072.0,1077.7,119400
2024-01-23,1075.0,1093.25,1061.05,1082.0,525982
2024-01-24,1065.0,1109.0,1062.15,1098.45,326644
2024-01-25,1093.0,1120.85,1079.2,1115.45,931856
2024-01-29,1116.25,1135.05,1111.0,1132.6,689193
2024-01-30,1134.9,1141.0,1098.1,1103.7,154768
2024-01-31,1103.5,1129.2,1102.9,1120.25,253038
2024-02-01,1124.7,1124.7,1097.4,1114.45,158837
2024-02-02,1114.0,1120.3,1103.0,1108.75,87784
2024-02-05,1110.0,1146.5,1103.2,1134.35,463804
2024-02-06,1134.35,1203.95,1134.35,1199.15,2350648
2024-02-07,1204.0,1232.35,1192.85,1225.5,922586
2024-02-08,1230.0,1263.95,1210.0,1215.75,820166
2024-02-09,1219.8,1224.0,1190.0,1195.6,256840
2024-02-12,1198.9,1201.9,1151.35,1168.2,576271
2024-02-13,1182.35,1182.35,1146.85,1160.65,334482
2024-02-14,1144.0,1207.5,1134.05,1154.7,1103355
2024-02-15,1164.5,1192.0,1145.0,1152.35,777977
2024-02-16,1155.8,1247.55,1155.0,1241.45,2036820
2024-02-19,1248.05,1260.55,1225.4,1235.95,305423
2024-02-20,1241.45,1249.35,1208.2,1235.4,267316
2024-02-21,1240.0,1246.85,1213.3,1220.35,191023
2024-02-22,1225.0,1236.0,1213.35,1230.7,180032
2024-02-23,1235.0,1235.7,1214.4,1217.7,89570
2024-02-26,1217.7,1224.05,1206.05,1214.5,163516
2024-02-27,1215.0,1224.7,1190.6,1194.85,212369
2024-02-28,1195.0,1208.7,1174.35,1188.3,314291
2024-02-29,1184.0,1202.2,1168.55,1193.25,448113
2024-03-01,1199.5,1201.85,1186.1,1193.05,114577
2024-03-02,1198.95,1207.0,1177.15,1198.95,9111
2024-03-04,1202.05,1220.0,1198.3,1201.8,236014
2024-03-05,1200.0,1207.75,1182.15,1189.7,112283
2024-03-06,1189.7,1211.5,1168.45,1198.7,270547
2024-03-07,1171.15,1207.4,1171.15,1187.55,134051
2024-03-11,1194.9,1217.0,1184.0,1189.65,218941
2024-03-12,1185.0,1194.0,1157.05,1177.25,265483
2024-03-13,1168.1,1181.55,1122.25,1133.25,189961
2024-03-14,1147.95,1216.1,1145.1,1183.2,1341365
2024-03-15,1183.2,1194.9,1143.9,1165.6,231007
2024-03-18,1168.55,1180.85,1153.0,1165.05,254407
2024-03-19,1161.05,1165.05,1135.75,1144.15,191008
2024-03-20,1140.6,1167.95,1129.15,1160.95,241592
2024-03-21,1172.0,1178.8,1140.8,1174.15,309808
2024-03-22,1176.4,1209.15,1170.2,1196.05,748972
2024-03-26,1186.0,1219.0,1186.0,1200.9,484695
2024-03-27,1205.0,1220.95,1185.0,1205.3,383672
2024-03-28,1205.4,1245.0,1202.35,1237.4,668011
2024-04-01,1241.0,1257.45,1221.5,1241.05,349243
2024-04-02,1247.6,1247.6,1225.3,1233.55,198825
2024-04-03,1240.0,1240.0,1215.85,1224.35,1653542
2024-04-04,1230.8,1281.95,1224.0,1276.15,1879382
2024-04-05,1289.9,1321.6,1272.4,1314.55,2753390
2024-04-08,1319.9,1338.0,1285.0,1294.5,1531611
2024-04-09,1306.5,1336.9,1286.5,1322.15,1078562
2024-04-10,1330.0,1345.0,1316.3,1330.85,453328
2024-04-12,1320.0,1348.1,1320.0,1339.0,623680
2024-04-15,1322.0,1336.0,1306.65,1327.65,443344
2024-04-16,1326.7,1360.75,1316.05,1341.5,719341
2024-04-18,1354.55,1374.6,1335.0,1352.3,985533
2024-04-19,1330.6,1347.5,1324.1,1337.95,243803
2024-04-22,1337.95,1353.3,1324.1,1328.95,269676
2024-04-23,1335.9,1335.9,1310.55,1323.95,260533
2024-04-24,1322.15,1356.3,1319.25,1347.25,564608
2024-04-25,1348.95,1354.0,1322.0,1328.45,209171
2024-04-26,1330.0,1343.95,1330.0,1338.5,196893
2024-04-29,1345.4,1350.0,1324.55,1334.0,384574
2024-04-30,1335.3,1363.0,1331.65,1339.5,358148
2024-05-02,1340.0,1355.0,1332.6,1351.0,291150
2024-05-03,1358.0,1359.05,1324.05,1337.7,278430
2024-05-06,1332.25,1351.9,1324.6,1336.3,194153
2024-05-07,1336.3,1344.45,1273.75,1293.3,360488
2024-05-08,1250.0,1328.35,1250.0,1316.45,532186
2024-05-09,1316.45,1335.0,1280.0,1284.25,117602
2024-05-10,1284.25,1319.9,1283.95,1312.95,316687
2024-05-13,1301.0,1314.3,1291.45,1298.3,417644
2024-05-14,1300.05,1305.05,1280.0,1289.95,280228
2024-05-15,1295.0,1295.0,1266.5,1276.3,139522
2024-05-16,1284.65,1293.9,1269.8,1287.5,87052
2024-05-17,1293.95,1306.65,1276.85,1301.7,160999
2024-05-18,1308.65,1334.7,1299.55,1309.75,31324
2024-05-21,1309.75,1314.85,1283.65,1306.95,321671
2024-05-22,1310.0,1324.7,1293.8,1318.5,173094
2024-05-23,1327.9,1327.9,1301.0,1308.8,170445
2024-05-24,1310.75,1319.05,1285.2,1297.75,318132
2024-05-27,1302.05,1310.9,1291.3,1296.6,132016
2024-05-28,1296.6,1325.7,1286.45,1319.75,422797
2024-05-29,1327.0,1354.5,1276.1,1294.0,2025821
2024-05-30,1291.6,1291.6,1231.15,1249.4,644782
2024-05-31,1232.1,1239.9,1146.6,1152.15,2421958
2024-06-03,1174.4,1174.4,1124.0,1127.3,1217343
2024-06-04,1128.0,1148.15,1073.6,1139.85,1033914
2024-06-05,1145.7,1186.5,1137.5,1176.35,410432
2024-06-06,1178.7,1179.95,1150.0,1161.75,312305
2024-06-07,1170.4,1182.05,1153.5,1169.7,323013
2024-06-10,1169.7,1186.2,1169.7,1176.7,162598
2024-06-11,1180.0,1181.95,1164.1,1173.7,542486
2024-06-12,1179.55,1188.5,1173.0,1179.45,942555
2024-06-13,1185.55,1210.0,1185.0,1199.8,1053240
2024-06-14,1200.0,1213.7,1175.75,1181.35,285975
2024-06-18,1175.0,1187.9,1160.5,1162.85,524432
2024-06-19,1169.0,1171.4,1130.05,1133.4,373279
2024-06-20,1139.4,1139.4,1124.05,1125.45,558269
2024-06-21,1128.0,1143.8,1124.05,1136.4,799558
2024-06-24,1137.4,1142.0,1123.2,1125.4,278691
2024-06-25,1130.0,1137.5,1090.0,1101.75,772609
2024-06-26,1105.7,1119.0,1095.85,1107.3,513552
2024-06-27,1114.3,1114.3,1080.0,1088.15,1755171
2024-06-28,1052.0,1138.85,1052.0,1129.7,1057281
2024-07-01,1137.9,1147.9,1130.8,1135.25,437651
2024-07-02,1136.0,1146.0,1113.3,1131.6,956188
2024-07-03,1132.0,1172.8,1128.0,1153.45,950710
2024-07-04,1162.0,1181.15,1149.0,1177.8,734508
2024-07-05,1175.05,1198.8,1174.5,1192.75,1038443
2024-07-08,1192.75,1200.2,1181.65,1188.15,156248
2024-07-09,1190.55,1224.9,1180.55,1220.75,650186
2024-07-10,1228.25,1232.0,1200.1,1226.25,674743
2024-07-11,1230.05,1232.0,1214.4,1223.85,218538
2024-07-12,1229.9,1229.9,1197.1,1223.55,240195
2024-07-15,1230.0,1239.85,1223.55,1227.55,218636
2024-07-16,1234.75,1237.0,1206.05,1218.2,375405
2024-07-18,1224.5,1233.4,1213.15,1227.25,224631
2024-07-19,1228.1,1228.15,1190.0,1193.8,178305
2024-07-22,1182.9,1219.6,1181.0,1213.8,130975
2024-07-23,1213.8,1246.9,1191.55,1241.2,401104
2024-07-24,1243.0,1251.15,1227.0,1236.95,460105
2024-07-25,1222.05,1264.45,1218.65,1258.55,476137
2024-07-26,1270.0,1296.0,1260.0,1285.3,502512
2024-07-29,1292.15,1308.0,1285.3,1292.25,282161
2024-07-30,1299.05,1304.85,1286.9,1291.2,119839
2024-07-31,1297.85,1322.85,1292.1,1307.95,335687
2024-08-01,1307.95,1315.2,1291.45,1304.8,492218
2024-08-02,1288.6,1313.15,1280.05,1300.3,714731
2024-08-05,1289.75,1319.95,1276.05,1283.5,670628
2024-08-06,1288.3,1328.95,1287.35,1319.35,605194
2024-08-07,1321.6,1350.0,1320.0,1340.5,595353
2024-08-08,1344.3,1374.55,1338.7,1361.35,773760
2024-08-09,1372.75,1393.0,1360.15,1365.65,718448
2024-08-12,1365.65,1390.0,1353.2,1381.95,421300
2024-08-13,1390.05,1413.7,1357.6,1396.85,1419861
2024-08-14,1406.05,1410.0,1338.85,1349.05,1065886
2024-08-16,1369.8,1369.8,1314.1,1337.95,452124
2024-08-19,1338.05,1367.95,1338.05,1353.25,301798
2024-08-20,1361.8,1387.0,1339.25,1384.3,411449
2024-08-21,1390.0,1430.05,1381.1,1406.35,1340817
2024-08-22,1415.1,1415.1,1392.0,1402.95,220679
2024-08-23,1404.0,1407.75,1377.05,1386.75,198363
2024-08-26,1395.8,1409.05,1382.05,1392.8,158074
2024-08-27,1400.8,1406.55,1388.6,1393.0,247309
2024-08-28,1395.75,1410.0,1389.05,1397.05,514593
2024-08-29,1396.75,1403.45,1356.05,1367.55,522773
2024-08-30,1366.0,1397.9,1366.0,1384.65,309172
2024-09-02,1394.0,1401.9,1375.0,1380.3,159446
2024-09-03,1385.0,1408.55,1382.5,1399.4,463174
2024-09-04,1398.75,1417.15,1381.8,1412.4,517883
2024-09-05,1420.65,1460.0,1406.05,1444.15,1431782
2024-09-06,1453.8,1455.0,1416.1,1422.9,480697
2024-09-09,1422.9,1422.9,1388.8,1403.75,165970
2024-09-10,1410.55,1448.15,1410.55,1443.3,332545
2024-09-11,1454.95,1454.95,1423.0,1436.15,347495
2024-09-12,1446.3,1462.95,1437.6,1456.8,245021
2024-09-13,1464.05,1479.9,1443.75,1474.15,242695
2024-09-16,1475.2,1477.95,1455.2,1459.9,93526
2024-09-17,1466.0,1468.1,1452.7,1456.9,104559
2024-09-18,1456.0,1461.0,1425.05,1446.7,291649
2024-09-19,1449.95,1470.35,1428.45,1454.35,597198
2024-09-20,1445.0,1459.0,1427.7,1434.65,446166
2024-09-23,1435.0,1461.6,1431.95,1456.55,154450
2024-09-24,1471.1,1509.0,1446.0,1480.0,1459827
2024-09-25,1482.0,1519.85,1480.35,1498.45,540865
2024-09-26,1504.85,1507.35,1462.45,1479.05,267429
2024-09-27,1480.0,1488.4,1465.85,1478.1,304761
2024-09-30,1455.0,1505.0,1455.0,1498.1,321482
2024-10-01,1498.05,1504.8,1473.05,1491.4,128841
2024-10-03,1462.0,1490.95,1459.45,1470.85,213150
2024-10-04,1475.0,1512.0,1453.1,1491.4,360133
2024-10-07,1504.8,1504.8,1464.1,1486.45,283712
2024-10-08,1470.3,1544.0,1470.3,1537.75,571910
2024-10-09,1545.0,1618.0,1540.0,1612.2,753305
2024-10-10,1618.0,1625.95,1583.6,1590.05,720245
2024-10-11,1604.8,1659.1,1596.5,1655.05,1850010
2024-10-14,1660.15,1707.7,1660.15,1682.2,933357
2024-10-15,1697.7,1708.65,1676.4,1703.25,391243
2024-10-16,1692.0,1702.4,1638.55,1655.65,776695
2024-10-17,1646.55,1662.35,1628.85,1647.3,463806
2024-10-18,1630.05,1673.55,1630.05,1649.85,406426
2024-10-21,1646.0,1667.15,1604.6,1614.35,644123
2024-10-22,1615.0,1638.0,1585.85,1588.4,284357
2024-10-23,1565.1,1602.15,1562.15,1565.8,239154
2024-10-24,1558.35,1585.9,1543.75,1580.95,168167
2024-10-25,1588.5,1596.9,1561.1,1582.85,197761
2024-10-28,1585.7,1607.95,1569.75,1593.45,195920
2024-10-29,1598.1,1605.5,1544.9,1585.1,155038
2024-10-30,1584.0,1584.9,1557.25,1562.2,154019
2024-10-31,1562.0,1596.0,1556.05,1588.8,542097
2024-11-01,1600.0,1618.05,1598.0,1607.1,39326
2024-11-04,1610.2,1610.2,1572.0,1585.35,327462
2024-11-05,1585.35,1601.45,1567.1,1596.8,149251
2024-11-06,1599.8,1605.0,1573.75,1583.6,260678
2024-11-07,1585.65,1592.45,1552.3,1558.4,146213
2024-11-08,1564.3,1576.5,1548.85,1558.65,111886
2024-11-11,1558.0,1566.1,1515.6,1531.3,300848
2024-11-12,1539.95,1610.0,1539.95,1559.5,840592
2024-11-13,1559.5,1566.9,1492.3,1504.85,368252
2024-11-14,1494.95,1557.4,1489.25,1536.55,1239370
2024-11-18,1544.1,1595.0,1507.25,1566.7,376265
2024-11-19,1557.0,1606.7,1555.85,1574.5,337791
2024-11-21,1569.85,1587.5,1554.4,1573.55,151571
2024-11-22,1573.55,1597.85,1566.6,1591.35,295562
2024-11-25,1600.55,1621.8,1595.25,1607.15,643318
2024-11-26,1614.0,1617.35,1558.0,1566.15,313481
2024-11-27,1566.15,1573.9,1521.1,1528.55,253630
2024-11-28,1529.95,1533.9,1503.55,1513.0,531041
2024-11-29,1515.0,1545.25,1514.55,1542.55,188397
2024-12-02,1543.0,1559.75,1530.7,1533.0,328827
2024-12-03,1541.1,1542.0,1496.0,1502.75,346276
2024-12-04,1504.95,1508.0,1477.0,1488.6,696120
2024-12-05,1503.5,1503.5,1470.5,1493.35,256747
2024-12-06,1500.5,1542.15,1500.0,1538.2,574891
2024-12-09,1527.5,1535.5,1503.55,1523.75,190260
2024-12-10,1517.85,1554.75,1517.85,1534.35,311718
2024-12-11,1542.0,1558.0,1528.3,1552.2,347320
2024-12-12,1562.0,1571.85,1555.0,1560.5,571035
2024-12-13,1549.7,1565.95,1530.0,1534.05,111607
2024-12-16,1544.4,1570.15,1534.0,1566.1,125142
2024-12-17,1570.8,1581.4,1552.85,1558.15,485729
2024-12-18,1561.4,1595.25,1503.55,1513.2,3843702
2024-12-19,1485.95,1602.5,1478.5,1594.95,1726013
2024-12-20,1607.95,1616.4,1578.0,1582.5,683300
2024-12-23,1597.0,1603.75,1569.35,1585.8,246768
2024-12-24,1585.8,1625.05,1570.1,1581.7,409991
2024-12-26,1582.0,1600.0,1568.35,1594.4,343179
2024-12-27,1594.4,1640.0,1587.8,1632.65,473894
2024-12-30,1647.7,1681.75,1635.85,1662.95,974673
2024-12-31,1661.0,1699.15,1648.5,1695.2,686957
2025-01-01,1704.0,1718.0,1675.0,1692.95,814926
2025-01-02,1690.0,1746.6,1686.45,1744.05,1046987
2025-01-03,1744.05,1750.0,1715.8,1735.0,499010
2025-01-06,1725.85,1736.0,1703.1,1719.0,342710
2025-01-07,1713.1,1755.9,1712.05,1736.05,434214
2025-01-08,1732.05,1749.3,1676.0,1693.85,578696
2025-01-09,1678.5,1709.55,1657.0,1661.95,219126
2025-01-10,1654.0,1672.4,1621.5,1632.35,359313
2025-01-13,1618.4,1634.75,1572.8,1579.65,210145
2025-01-14,1597.85,1600.35,1574.55,1588.15,201246
2025-01-15,1588.2,1588.45,1544.95,1565.55,270570
2025-01-16,1573.75,1578.95,1541.3,1550.3,155260
2025-01-17,1542.5,1549.0,1528.0,1543.25,175258
2025-01-20,1531.0,1555.5,1501.0,1547.1,416211
2025-01-21,1554.8,1581.95,1537.75,1545.8,265316
2025-01-22,1546.9,1562.5,1521.05,1559.25,225920
2025-01-23,1562.9,1593.85,1553.0,1583.55,206974
2025-01-24,1585.0,1587.0,1510.0,1515.85,699633
2025-01-27,1502.1,1513.1,1430.1,1442.55,541410
2025-01-28,1442.7,1443.9,1374.3,1382.75,355223
2025-01-29,1385.5,1454.45,1376.45,1443.3,791584
2025-01-30,1454.0,1479.3,1435.7,1454.75,344361
2025-01-31,1455.5,1473.6,1428.95,1443.3,295083
2025-02-01,1451.95,1469.95,1409.95,1417.35,111487
2025-02-03,1404.0,1435.0,1391.05,1428.6,189537
2025-02-04,1425.0,1472.45,1425.0,1468.05,393939
2025-02-05,1468.05,1501.3,1452.45,1491.45,520151
2025-02-06,1499.1,1524.45,1460.0,1514.9,622678
2025-02-07,1514.9,1532.45,1484.25,1507.25,217861
2025-02-10,1500.0,1500.95,1436.35,1447.95,162035
2025-02-11,1447.0,1447.55,1407.45,1419.9,208407
2025-02-12,1428.8,1430.8,1389.45,1419.8,204290
2025-02-13,1417.4,1524.85,1412.15,1490.9,2202647
2025-02-14,1497.0,1517.9,1443.05,1463.9,1260734
2025-02-17,1443.2,1493.45,1436.55,1476.75,507336
2025-02-18,1476.75,1481.25,1451.6,1473.05,234360
2025-02-19,1473.05,1473.05,1430.2,1467.85,245262
2025-02-20,1461.1,1503.9,1454.45,1496.7,251702
2025-02-21,1498.2,1508.0,1417.1,1444.95,487901
2025-02-24,1444.95,1463.05,1424.55,1438.7,372729
2025-02-25,1438.7,1462.7,1389.0,1417.4,417539
2025-02-27,1417.9,1434.65,1346.9,1368.75,759594
2025-02-28,1363.25,1375.05,1337.0,1355.35,283716
2025-03-03,1350.0,1369.55,1317.55,1355.1,188261
2025-03-04,1350.95,1350.95,1322.55,1342.55,109593
2025-03-05,1342.55,1370.65,1335.55,1364.8,150870
2025-03-06,1370.0,1396.6,1345.1,1362.15,194079
2025-03-07,1362.15,1366.0,1323.35,1333.1,133695
2025-03-10,1325.0,1357.45,1311.0,1327.0,140769
2025-03-11,1300.1,1327.0,1283.15,1294.0,280154
2025-03-12,1294.0,1323.5,1278.0,1315.95,304976
2025-03-13,1326.0,1339.45,1293.3,1299.3,120840
2025-03-17,1303.35,1330.0,1296.55,1317.7,219037
2025-03-18,1324.2,1354.85,1311.45,1347.05,163052
2025-03-19,1347.05,1369.0,1341.95,1359.3,215189
2025-03-20,1367.05,1414.85,1357.15,1402.2,217469
2025-03-21,1414.0,1434.3,1390.55,1407.05,314521
2025-03-24,1420.55,1478.9,1411.0,1453.0,164425
2025-03-25,1464.0,1464.0,1397.2,1446.75,227617
2025-03-26,1460.0,1464.7,1415.0,1433.25,153103
2025-03-27,1404.25,1493.95,1399.3,1470.05,169854
2025-03-28,1461.25,1510.7,1420.5,1501.9,325369
2025-04-01,1493.65,1493.95,1383.5,1390.85,424983
2025-04-02,1405.95,1435.55,1386.9,1415.95,162222
2025-04-03,1430.95,1515.15,1430.95,1497.6,547719
2025-04-04,1481.0,1491.75,1358.5,1399.25,945827
2025-04-07,1168.2,1350.7,1168.2,1301.05,258829
2025-04-08,1326.0,1367.55,1306.05,1359.55,444011
2025-04-09,1343.55,1349.8,1270.0,1294.85,425780
2025-04-11,1327.95,1355.35,1307.4,1330.95,139931
2025-04-15,1346.0,1375.8,1317.0,1368.0,172458
2025-04-16,1376.6,1425.0,1352.3,1409.0,180252
2025-04-17,1409.0,1417.8,1380.6,1404.4,63964
2025-04-21,1408.7,1429.9,1377.6,1423.8,163712
2025-04-22,1429.0,1475.0,1400.0,1443.5,289294
2025-04-23,1446.0,1479.1,1430.0,1470.9,189070
2025-04-24,1470.0,1474.2,1436.5,1445.7,175211
2025-04-25,1447.0,1464.4,1401.1,1419.0,136108
2025-04-28,1400.2,1423.5,1393.0,1411.7,258262
2025-04-29,1405.0,1423.5,1379.0,1392.4,500749
2025-04-30,1401.5,1428.8,1385.1,1401.2,474031
2025-05-02,1391.2,1406.6,1365.2,1378.2,389359
2025-05-05,1387.0,1399.0,1369.6,1388.2,166707
2025-05-06,1395.5,1395.5,1371.2,1383.0,165278
2025-05-07,1370.0,1380.1,1346.4,1364.4,389521
2025-05-08,1361.0,1377.9,1338.1,1349.5,189791
2025-05-09,1333.0,1369.9,1325.0,1361.8,153304
2025-05-12,1386.8,1386.8,1335.3,1371.6,175258
2025-05-13,1371.8,1415.4,1367.0,1404.2,145767
2025-05-14,1404.2,1422.4,1399.0,1418.4,83765
2025-05-15,1415.3,1425.6,1393.1,1406.2,130599
2025-05-16,1414.5,1415.6,1386.0,1392.6,70932
2025-05-19,1402.0,1464.1,1393.6,1436.8,262223
2025-05-20,1442.8,1480.5,1428.6,1457.2,420205
2025-05-21,1466.6,1494.0,1444.1,1471.3,207145
2025-05-22,1477.4,1478.7,1435.4,1442.8,170022
2025-05-23,1450.9,1480.0,1429.8,1460.0,124632
2025-05-26,1469.8,1490.5,1443.1,1465.7,156729
2025-05-27,1478.0,1480.5,1452.1,1459.6,113639
2025-05-28,1459.8,1510.0,1445.6,1494.8,230209
2025-05-29,1503.0,1514.0,1458.4,1470.0,514745
2025-05-30,1483.1,1490.0,1409.0,1424.8,330987
2025-06-02,1428.0,1433.3,1369.0,1415.8,921489
2025-06-03,1416.0,1427.4,1384.2,1400.1,441727
2025-06-04,1401.0,1426.2,1385.0,1395.9,278309
2025-06-05,1394.0,1400.3,1370.0,1386.0,386732
2025-06-06,1388.0,1393.7,1361.0,1370.9,594779
2025-06-09,1381.0,1390.0,1365.1,1369.3,119187
2025-06-10,1374.7,1382.8,1355.1,1370.9,464243
2025-06-11,1379.5,1394.0,1367.2,1389.4,306157
2025-06-12,1393.8,1419.5,1378.0,1383.0,232111
2025-06-13,1368.9,1379.2,1353.2,1368.4,279721
2025-06-16,1364.1,1370.1,1348.4,1362.5,108052
2025-06-17,1365.0,1368.0,1344.4,1359.1,207646
2025-06-18,1366.5,1374.6,1348.1,1361.8,231621
2025-06-19,1353.0,1368.7,1321.0,1362.2,238552
2025-06-20,1364.5,1426.9,1329.0,1354.4,475316
2025-06-23,1354.0,1372.4,1333.1,1340.0,356112
2025-06-24,1340.0,1362.7,1327.7,1334.4,133867
2025-06-25,1338.2,1368.7,1328.5,1357.7,142718
2025-06-26,1368.0,1375.1,1337.2,1344.5,81886
2025-06-27,1351.9,1372.6,1324.0,1331.7,395278
2025-06-30,1344.5,1397.0,1331.7,1389.8,335012
2025-07-01,1380.0,1389.1,1355.1,1371.9,193130
2025-07-02,1380.0,1389.5,1363.0,1375.1,153083
2025-07-03,1378.2,1433.9,1377.7,1415.7,386564
2025-07-04,1415.7,1431.7,1403.5,1422.8,104201
2025-07-07,1422.9,1468.0,1418.4,1457.8,384948
2025-07-08,1462.0,1469.3,1446.0,1465.2,150291
2025-07-09,1465.0,1465.2,1442.0,1455.5,139629
2025-07-10,1455.0,1458.9,1425.8,1444.4,141349
2025-07-11,1447.3,1471.4,1431.5,1449.6,119065
2025-07-14,1449.6,1470.6,1418.4,1456.8,197274
2025-07-15,1467.7,1475.2,1454.6,1470.9,352116
2025-07-17,1473.0,1480.5,1451.8,1474.1,110093
2025-07-18,1474.1,1483.0,1452.2,1471.0,97684
2025-07-21,1471.0,1473.2,1447.8,1466.7,124091
2025-07-22,1470.0,1470.0,1440.6,1460.2,122866
2025-07-23,1460.2,1473.6,1448.5,1459.9,241445
2025-07-24,1460.0,1552.0,1459.9,1540.8,1267102
2025-07-25,1552.0,1595.0,1494.4,1509.0,780651
2025-07-28,1514.0,1526.0,1468.0,1482.8,171072
2025-07-29,1482.0,1499.9,1467.1,1488.5,90330
2025-07-30,1488.0,1560.5,1479.1,1529.5,501364
2025-07-31,1502.5,1519.4,1460.7,1473.9,302398
2025-08-01,1484.1,1489.4,1439.3,1450.2,151739
2025-08-04,1450.1,1463.5,1418.6,1443.2,126388
2025-08-05,1454.0,1456.5,1412.0,1427.0,115437
2025-08-06,1420.2,1427.8,1375.0,1387.3,132650
2025-08-07,1370.3,1396.6,1368.1,1391.5,114551
2025-08-08,1399.9,1407.0,1376.8,1386.8,55816
2025-08-11,1380.0,1396.5,1322.0,1336.7,488727
2025-08-12,1343.3,1395.6,1343.3,1376.7,376991
2025-08-13,1396.4,1397.4,1341.9,1364.6,113370
2025-08-14,1376.0,1403.0,1350.5,1365.9,95383
2025-08-18,1365.1,1410.0,1358.8,1383.8,119136
2025-08-19,1383.8,1395.5,1363.7,1383.5,121085
2025-08-20,1380.3,1397.3,1359.9,1370.4,81465
2025-08-21,1370.4,1381.0,1355.5,1359.1,63277
2025-08-22,1365.5,1432.7,1340.5,1418.4,437422
2025-08-25,1421.0,1428.2,1390.2,1399.9,121663
2025-08-26,1390.0,1462.6,1368.6,1434.5,276774
2025-08-28,1435.0,1438.2,1393.0,1418.5,205145
2025-08-29,1408.0,1414.8,1380.2,1384.4,156601
2025-09-01,1375.1,1384.4,1357.1,1370.1,160654
2025-09-02,1367.2,1378.8,1363.8,1367.6,35637
2025-09-03,1367.0,1374.3,1348.2,1352.0,103658
2025-09-04,1353.1,1361.3,1330.0,1339.2,325213
2025-09-05,1337.6,1353.3,1332.0,1335.0,105496
2025-09-08,1330.0,1342.5,1317.0,1320.4,98181
2025-09-09,1328.5,1340.0,1306.0,1320.1,83745
2025-09-10,1317.2,1343.0,1309.0,1313.0,127010
2025-09-11,1315.0,1325.5,1308.0,1312.2,117956
2025-09-12,1314.0,1334.5,1311.0,1314.8,237370
2025-09-15,1319.0,1321.9,1301.7,1310.3,108722
2025-09-16,1305.0,1320.0,1301.4,1311.5,105808
2025-09-17,1308.1,1324.5,1306.0,1311.2,123604
2025-09-18,1309.0,1347.9,1309.0,1340.8,163404
2025-09-19,1345.8,1506.9,1333.8,1441.0,995320
2025-09-22,1406.0,1421.7,1383.1,1399.3,222708
2025-09-23,1400.8,1404.9,1367.1,1395.2,202440
2025-09-24,1388.2,1388.2,1337.8,1348.4,118793
2025-09-25,1357.9,1363.5,1342.4,1350.5,105951
2025-09-26,1353.8,1379.9,1305.4,1371.2,339048
2025-09-29,1365.0,1366.7,1311.1,1317.0,116499
2025-09-30,1329.2,1358.6,1318.0,1339.0,131478
2025-10-01,1338.0,1338.5,1316.0,1327.3,253514
2025-10-03,1337.0,1339.0,1307.3,1313.1,124762
2025-10-06,1323.0,1326.0,1305.0,1323.2,86344
2025-10-07,1321.0,1404.0,1316.1,1359.8,720078
2025-10-08,1353.1,1361.0,1345.5,1352.1,49362
2025-10-09,1362.6,1368.2,1336.5,1339.5,92193
2025-10-10,1349.5,1361.6,1330.6,1334.5,93288
2025-10-13,1338.3,1338.3,1320.2,1323.5,59274
2025-10-14,1329.0,1330.9,1302.3,1306.1,202965
2025-10-15,1315.0,1317.7,1291.9,1297.3,96247
2025-10-16,1304.9,1314.9,1279.2,1288.4,146327
2025-10-17,1297.0,1297.0,1280.0,1286.3,50853
2025-10-20,1291.5,1291.5,1262.0,1271.0,104949
2025-10-21,1278.5,1285.0,1276.3,1281.3,11900
2025-10-23,1287.4,1292.0,1271.0,1276.8,122938
2025-10-24,1279.4,1290.0,1251.6,1268.7,123050
2025-10-27,1278.5,1302.3,1271.9,1298.0,84801
2025-10-28,1305.0,1308.0,1280.0,1285.9,63010
2025-10-29,1292.3,1300.1,1280.1,1289.9,84127
2025-10-30,1289.9,1295.1,1273.3,1288.9,59139
2025-10-31,1296.0,1296.0,1268.0,1271.2,106443
2025-11-03,1271.2,1320.0,1270.0,1309.7,126927
2025-11-04,1315.4,1323.0,1285.1,1294.8,118746
2025-11-06,1289.0,1319.0,1285.5,1304.8,226767
2025-11-07,1304.9,1334.0,1276.1,1318.3,281388
2025-11-10,1324.0,1365.7,1300.0,1344.8,260140
2025-11-11,1345.8,1352.4,1316.6,1322.0,48376
2025-11-12,1328.3,1359.0,1315.1,1340.9,155242
2025-11-13,1340.0,1364.9,1293.9,1302.0,562442
2025-11-14,1309.7,1548.0,1305.0,1479.6,4131703
2025-11-17,1460.0,1518.3,1432.6,1464.8,1187071
2025-11-18,1450.0,1471.0,1420.0,1422.9,322615
2025-11-19,1430.0,1458.7,1410.0,1447.4,326575
2025-11-20,1454.4,1468.4,1428.2,1438.2,165761
2025-11-21,1427.0,1455.5,1426.9,1444.0,174552
2025-11-24,1436.1,1467.4,1407.6,1428.2,275733
2025-11-25,1425.0,1441.3,1398.9,1406.2,154045
2025-11-26,1406.0,1415.2,1386.3,1408.9,104259
2025-11-27,1407.0,1417.0,1388.5,1396.0,100045
2025-11-28,1400.1,1459.0,1396.0,1453.1,454494
2025-12-01,1459.0,1471.5,1408.0,1420.6,235351
2025-12-02,1425.0,1436.0,1406.4,1429.3,122952
2025-12-03,1439.8,1454.7,1415.3,1443.8,148078
2025-12-04,1435.0,1470.1,1433.0,1454.6,825619
2025-12-05,1449.9,1463.5,1416.0,1459.1,237723
2025-12-08,1457.0,1460.0,1426.0,1447.7,152080
2025-12-09,1430.0,1469.9,1395.0,1451.0,196937
2025-12-10,1450.1,1484.8,1428.7,1466.0,213881
2025-12-11,1470.0,1481.0,1430.0,1471.9,219440
2025-12-12,1478.3,1487.9,1458.9,1465.9,98690
2025-12-15,1460.3,1464.7,1435.0,1440.2,81169
2025-12-16,1440.0,1453.9,1425.0,1431.1,109669
2025-12-17,1427.0,1438.0,1384.4,1395.3,145513
2025-12-18,1399.1,1430.0,1377.7,1405.7,95493
2025-12-19,1418.3,1435.0,1393.1,1424.8,169772
2025-12-22,1427.9,1449.8,1421.1,1427.9,80833
2025-12-23,1429.8,1446.8,1418.0,1435.2,79812
2025-12-24,1422.5,1434.5,1411.1,1414.7,49771
2025-12-26,1420.4,1446.0,1398.1,1439.8,99953
2025-12-29,1432.6,1449.2,1404.0,1434.6,146230
2025-12-30,1440.0,1453.2,1361.7,1386.2,595590
2025-12-31,1386.1,1452.6,1386.0,1418.9,337075
2026-01-01,1420.0,1436.6,1391.1,1398.2,104562
2026-01-02,1403.9,1415.0,1393.1,1404.0,70796
2026-01-05,1407.0,1418.0,1394.0,1413.0,118954
2026-01-06,1419.5,1475.0,1406.4,1469.6,647078
2026-01-07,1475.5,1521.5,1446.1,1514.2,425525
2026-01-08,1523.5,1550.0,1501.0,1544.0,407694
2026-01-09,1545.0,1582.6,1521.3,1575.0,726762
2026-01-12,1574.0,1574.0,1503.0,1527.8,568045
2026-01-13,1529.8,1565.0,1501.0,1507.8,147033
2026-01-14,1500.0,1525.6,1490.4,1517.0,299342
2026-01-16,1512.0,1517.6,1481.7,1509.9,107415
2026-01-19,1509.9,1517.0,1483.4,1487.2,128836
2026-01-20,1475.0,1501.0,1468.0,1479.7,136112
2026-01-21,1479.7,1487.6,1432.0,1480.9,178953
2026-01-22,1491.0,1501.0,1471.9,1485.6,88339
2026-01-23,1493.0,1497.5,1456.0,1462.8,47636
2026-01-27,1467.9,1483.2,1432.7,1454.9,62993
2026-01-28,1457.3,1475.9,1441.0,1447.1,73729
2026-01-29,1448.1,1509.8,1434.2,1479.7,100371
2026-01-30,1479.7,1501.0,1444.0,1470.8,238850
2026-02-01,1467.8,1467.8,1400.0,1404.0,65307
2026-02-02,1409.0,1464.5,1391.8,1439.9,499424
2026-02-03,1470.0,1470.0,1423.8,1435.3,207460
2026-02-04,1435.3,1451.0,1398.6,1406.4,117017
2026-02-05,1411.0,1453.0,1392.3,1442.2,193684
2026-02-06,1435.3,1435.3,1403.8,1416.7,110797
2026-02-09,1417.7,1455.0,1416.0,1452.0,111733
2026-02-10,1464.0,1467.0,1421.1,1426.2,112117
2026-02-11,1424.1,1475.8,1403.0,1432.7,255356
2026-02-12,1432.7,1488.2,1412.0,1472.9,200360
2026-02-13,1458.0,1503.9,1428.8,1485.4,408095
2026-02-16,1475.0,1530.0,1451.0,1495.1,193985
2026-02-17,1510.0,1510.0,1471.5,1491.6,287861
2026-02-18,1491.0,1501.8,1476.1,1490.6,75106
2026-02-19,1496.4,1501.4,1451.0,1463.9,86586
2026-02-20,1460.0,1465.0,1436.2,1449.8,93974
2026-02-23,1465.0,1501.0,1465.0,1473.7,229030
2026-02-24,1471.8,1544.0,1458.0,1515.3,150387
2026-02-25,1531.9,1533.1,1500.3,1524.5,102371
2026-02-26,1534.9,1547.4,1503.0,1522.8,727749
2026-02-27,1522.0,1540.0,1503.9,1528.9,191057
2026-03-02,1471.8,1525.0,1471.8,1513.0,115864
2026-03-04,1505.0,1505.0,1461.3,1475.4,87330
2026-03-05,1475.4,1507.0,1470.1,1500.9,61774
2026-03-06,1501.4,1520.5,1481.0,1494.2,45541
2026-03-09,1451.0,1514.9,1448.1,1502.6,90825
2026-03-10,1504.9,1511.6,1487.8,1491.2,57079
2026-03-11,1491.5,1549.8,1487.5,1533.9,191040
2026-03-12,1549.6,1566.8,1519.6,1560.8,278221
2026-03-13,1567.0,1576.7,1537.4,1561.3,590960
2026-03-16,1565.6,1574.5,1534.1,1557.0,181093
2026-03-17,1569.9,1624.0,1545.5,1565.3,496282
2026-03-18,1560.0,1562.1,1526.7,1543.6,253243
2026-03-19,1517.6,1586.0,1509.1,1544.4,263738
2026-03-20,1540.0,1575.8,1505.5,1544.9,196016
2026-03-23,1543.6,1550.0,1488.3,1529.9,178461
2026-03-24,1550.0,1550.9,1504.2,1530.8,123364
2026-03-25,1530.8,1593.4,1527.0,1570.0,657174
2026-03-27,1594.7,1619.5,1548.2,1586.0,327103
2026-03-30,1594.0,1613.9,1553.7,1601.2,450008
2026-04-01,1602.0,1620.0,1500.3,1508.2,527064
2026-04-02,1504.9,1509.0,1432.5,1488.3,196356
2026-04-06,1466.0,1485.7,1426.0,1456.0,234598
2026-04-07,1439.0,1475.6,1414.0,1442.2,83654
2026-04-08,1463.5,1466.0,1427.2,1445.0,375454
2026-04-09,1443.7,1464.9,1442.5,1449.9,82607
2026-04-10,1456.0,1466.0,1450.3,1456.2,79984
2026-04-13,1436.0,1468.0,1431.4,1451.0,96475
2026-04-15,1471.7,1473.7,1444.1,1470.9,191431
2026-04-16,1474.5,1490.0,1453.4,1461.4,187941
2026-04-17,1461.0,1475.0,1456.2,1468.3,114570
2026-04-20,1460.0,1488.9,1447.7,1468.6,168951
2026-04-21,1469.9,1491.0,1462.1,1476.5,199229
2026-04-22,1476.5,1514.0,1466.5,1494.8,310159
2026-04-23,1494.6,1541.1,1486.3,1526.1,248305
2026-04-24,1535.0,1573.2,1516.0,1555.9,230855
2026-04-27,1557.1,1585.9,1528.5,1541.3,240783
2026-04-28,1548.0,1573.9,1530.2,1537.0,99425
2026-04-29,1542.8,1552.1,1522.6,1542.1,128566
2026-04-30,1542.1,1590.0,1524.3,1530.9,348783
2026-05-04,1538.0,1574.1,1525.0,1530.0,127756
2026-05-05,1535.0,1559.0,1513.6,1541.8,183380
2026-05-06,1548.0,1581.0,1542.0,1564.4,241418
2026-05-07,1572.2,1590.4,1555.1,1560.1,97347
2026-05-08,1560.1,1610.5,1545.6,1552.6,247633
2026-05-11,1557.2,1569.0,1525.2,1535.0,533066
2026-05-12,1535.0,1544.8,1499.0,1509.1,507486
2026-05-13,1518.0,1538.9,1494.0,1506.3,251461
2026-05-14,1510.0,1593.8,1510.0,1583.9,543561
2026-05-15,1592.7,1654.7,1584.8,1605.0,1114457
2026-05-18,1585.0,1658.0,1585.0,1646.3,634585
2026-05-19,1651.0,1662.2,1634.0,1656.2,256508
2026-05-20,1647.9,1678.3,1635.3,1646.6,273088
2026-05-21,1650.0,1660.0,1619.0,1637.0,220532
2026-05-22,1648.5,1648.5,1596.5,1602.1,100242
2026-05-25,1609.9,1617.8,1565.2,1571.0,109349
2026-05-26,1566.2,1599.9,1565.6,1578.0,136241
2026-05-27,1577.0,1592.4,1567.0,1572.4,74100
2026-05-29,1576.9,1618.7,1482.9,1524.4,979166
