date,open,high,low,close,volume
2006-12-18,6.0,6.2,5.13,5.32,5173941
2006-12-19,5.3,5.79,5.02,5.39,6344360
2006-12-20,5.37,5.53,5.18,5.21,1266385
2006-12-21,5.23,5.26,5.0,5.03,540837
2006-12-22,5.08,5.09,4.83,4.89,363765
2006-12-26,4.8,4.96,4.59,4.65,516831
2006-12-27,4.71,4.93,4.6,4.73,727022
2006-12-28,4.8,4.82,4.58,4.6,214915
2006-12-29,4.65,4.8,4.53,4.73,382470
2007-01-02,4.75,5.24,4.68,5.03,949830
2007-01-03,5.05,5.15,4.89,5.04,456458
2007-01-04,5.04,5.14,4.95,4.97,270205
2007-01-05,4.86,5.05,4.83,4.87,145493
2007-01-08,4.92,4.95,4.71,4.76,190618
2007-01-09,4.83,4.85,4.68,4.72,85147
2007-01-10,4.75,4.85,4.67,4.7,105425
2007-01-11,4.68,4.92,4.68,4.76,192249
2007-01-12,4.8,5.06,4.76,4.98,361526
2007-01-15,4.99,5.74,4.95,5.55,1510151
2007-01-16,5.57,5.65,5.25,5.29,535961
2007-01-17,5.37,5.63,5.32,5.49,453200
2007-01-18,5.58,5.65,5.33,5.37,213827
2007-01-19,5.45,5.46,5.22,5.27,96629
2007-01-22,5.38,5.5,5.27,5.31,82417
2007-01-23,5.33,5.33,5.09,5.13,92840
2007-01-24,5.24,5.26,5.03,5.05,112494
2007-01-25,5.1,5.3,5.08,5.19,92967
2007-01-29,5.21,5.3,5.13,5.19,70479
2007-01-31,5.14,5.25,5.1,5.14,50292
2007-02-01,5.2,5.2,5.03,5.06,44197
2007-02-02,5.03,5.19,5.03,5.05,56072
2007-02-05,5.12,5.43,5.05,5.32,227446
2007-02-06,5.38,5.79,5.37,5.55,1302068
2007-02-07,5.6,5.69,5.33,5.36,342771
2007-02-08,5.4,5.46,5.18,5.24,113000
2007-02-09,5.24,5.25,5.01,5.04,107164
2007-02-12,4.93,4.98,4.6,4.65,127210
2007-02-13,4.65,4.8,4.61,4.69,89897
2007-02-14,4.7,4.7,4.47,4.61,101066
2007-02-15,4.76,4.94,4.68,4.84,117613
2007-02-19,4.9,5.13,4.89,4.96,103995
2007-02-20,5.1,5.25,4.82,4.84,95868
2007-02-21,4.86,5.0,4.7,4.73,39026
2007-02-22,4.8,4.84,4.67,4.7,30001
2007-02-23,4.61,4.78,4.45,4.47,81460
2007-02-26,4.39,4.59,4.3,4.5,39967
2007-02-27,4.57,4.65,4.46,4.54,44936
2007-02-28,4.3,4.46,4.15,4.28,85511
2007-03-01,4.32,4.39,4.08,4.24,61989
2007-03-02,4.38,4.58,4.31,4.37,90799
2007-03-05,4.12,4.3,3.84,3.9,113459
2007-03-06,3.98,4.06,3.89,3.99,49673
2007-03-07,3.98,4.13,3.9,3.95,46705
2007-03-08,3.96,4.19,3.92,4.17,50081
2007-03-09,4.2,4.2,4.02,4.05,43652
2007-03-12,4.09,4.15,4.01,4.11,39629
2007-03-13,4.12,4.17,4.01,4.09,29950
2007-03-14,3.9,4.08,3.9,4.02,30353
2007-03-15,4.1,4.18,4.06,4.11,47263
2007-03-16,4.1,4.38,4.09,4.3,33495
2007-03-19,4.39,5.16,4.35,5.13,556509
2007-03-20,5.3,5.44,4.84,4.89,375720
2007-03-21,4.95,4.97,4.53,4.61,123140
2007-03-22,4.69,5.15,4.55,4.88,304104
2007-03-23,4.88,4.99,4.74,4.76,38240
2007-03-26,4.8,4.85,4.56,4.61,31106
2007-03-28,4.7,5.49,4.35,4.39,59095
2007-03-29,4.4,4.72,4.4,4.53,50791
2007-03-30,4.52,4.65,4.52,4.58,28933
2007-04-02,4.24,4.55,4.24,4.43,15226
2007-04-03,4.4,4.68,4.36,4.44,49863
2007-04-04,4.52,4.59,4.47,4.54,22569
2007-04-05,4.53,4.74,4.49,4.61,42720
2007-04-09,4.6,4.69,4.56,4.6,23716
2007-04-10,4.61,4.7,4.56,4.66,20671
2007-04-11,4.61,4.94,4.61,4.82,64037
2007-04-12,4.79,4.83,4.7,4.75,23774
2007-04-13,4.72,4.9,4.72,4.76,27976
2007-04-16,4.84,4.97,4.75,4.8,54843
2007-04-17,4.91,5.2,4.86,4.9,41955
2007-04-18,5.0,5.27,5.0,5.1,137927
2007-04-19,5.1,5.45,4.94,5.19,276955
2007-04-20,5.35,5.5,5.27,5.33,189958
2007-04-23,5.3,5.45,5.17,5.22,107055
2007-04-24,5.02,5.25,5.02,5.13,39239
2007-04-25,5.13,5.31,5.13,5.21,56964
2007-04-26,5.29,5.31,5.13,5.26,67569
2007-04-27,5.45,5.49,5.15,5.24,237218
2007-04-30,5.24,5.28,5.11,5.17,36866
2007-05-03,5.29,5.44,5.18,5.21,88848
2007-05-04,5.29,5.29,4.95,4.98,77279
2007-05-07,5.02,5.04,4.78,4.81,66698
2007-05-08,4.88,4.91,4.68,4.73,81121
2007-05-09,4.7,4.75,4.66,4.7,18244
2007-05-10,4.85,4.85,4.64,4.69,19326
2007-05-11,4.53,4.75,4.5,4.65,22005
2007-05-14,4.7,4.94,4.66,4.85,59691
2007-05-15,4.87,5.16,4.77,4.99,112282
2007-05-16,5.09,5.39,4.97,5.16,521919
2007-05-17,5.23,5.28,4.92,4.97,86480
2007-05-18,4.93,5.25,4.89,5.17,170464
2007-05-21,5.2,5.38,4.97,5.03,74673
2007-05-22,4.92,5.06,4.9,4.93,53391
2007-05-23,4.88,4.95,4.77,4.78,46136
2007-05-24,4.87,4.87,4.74,4.81,16373
2007-05-25,4.73,4.96,4.73,4.88,38957
2007-05-28,4.86,4.95,4.73,4.75,44429
2007-05-29,4.87,4.88,4.73,4.74,51002
2007-05-30,4.76,4.84,4.68,4.71,63193
2007-05-31,4.79,4.79,4.6,4.64,34897
2007-06-01,4.67,4.8,4.63,4.66,68581
2007-06-04,4.9,4.99,4.68,4.79,84877
2007-06-05,4.8,5.11,4.76,4.92,134377
2007-06-06,4.99,5.05,4.74,4.78,59003
2007-06-07,4.73,4.8,4.71,4.74,17526
2007-06-08,4.66,4.73,4.64,4.69,13687
2007-06-11,4.71,4.79,4.65,4.67,15160
2007-06-12,4.76,4.76,4.51,4.54,32153
2007-06-13,4.6,4.6,3.65,4.53,29385
2007-06-14,4.58,4.65,4.52,4.53,36274
2007-06-15,4.57,4.59,4.51,4.53,47407
2007-06-18,4.95,4.95,4.42,4.46,31122
2007-06-19,4.46,4.47,4.41,4.43,21777
2007-06-20,4.44,4.55,4.33,4.36,26474
2007-06-21,4.41,4.48,4.37,4.41,25944
2007-06-22,4.4,4.45,4.4,4.42,15480
2007-06-25,4.36,4.43,4.36,4.38,13619
2007-06-26,4.37,4.69,4.37,4.49,92451
2007-06-27,4.44,4.7,4.44,4.53,38278
2007-06-28,4.57,4.6,4.46,4.49,14862
2007-06-29,4.5,4.56,4.43,4.43,28036
2007-07-02,4.41,4.59,4.41,4.46,42661
2007-07-03,4.46,4.49,4.41,4.44,32406
2007-07-04,4.44,4.44,4.36,4.38,10563
2007-07-05,4.4,4.4,4.28,4.3,19316
2007-07-06,4.33,4.34,4.28,4.29,14134
2007-07-09,4.31,4.39,4.27,4.29,36832
2007-07-10,4.3,4.35,4.21,4.22,27743
2007-07-11,4.18,4.45,4.18,4.33,90647
2007-07-12,4.38,4.55,4.35,4.46,63295
2007-07-13,4.54,4.54,4.3,4.31,36058
2007-07-16,4.34,4.4,4.27,4.29,65007
2007-07-17,4.33,4.39,4.27,4.28,23102
2007-07-18,4.26,4.3,4.18,4.21,24322
2007-07-19,4.39,4.39,4.18,4.21,40299
2007-07-20,4.25,4.32,4.11,4.14,96400
2007-07-23,4.29,4.39,4.2,4.22,36688
2007-07-24,4.3,4.39,4.28,4.32,56115
2007-07-25,4.3,4.38,4.23,4.34,41416
2007-07-26,4.2,4.67,4.2,4.44,131529
2007-07-27,4.21,4.41,4.21,4.29,47022
2007-07-30,4.16,4.4,4.16,4.26,24342
2007-07-31,4.32,4.33,4.23,4.3,15066
2007-08-01,4.3,4.3,4.2,4.2,17933
2007-08-02,4.32,4.32,4.15,4.17,17253
2007-08-03,4.27,4.27,4.11,4.12,25937
2007-08-06,3.94,4.15,3.94,4.1,13269
2007-08-07,4.25,4.25,4.16,4.18,15868
2007-08-08,4.2,4.2,4.15,4.17,14935
2007-08-09,4.17,4.2,4.06,4.07,23558
2007-08-10,4.06,4.06,3.93,3.96,37555
2007-08-13,3.97,4.08,3.95,4.03,13597
2007-08-14,4.06,4.09,4.02,4.07,10827
2007-08-16,3.99,4.0,3.91,3.92,22501
2007-08-17,4.05,4.08,3.75,3.87,18348
2007-08-20,4.0,4.0,3.91,3.95,10311
2007-08-21,3.91,3.95,3.81,3.84,16386
2007-08-22,3.74,3.87,3.6,3.68,19436
2007-08-23,3.78,3.84,3.67,3.71,12363
2007-08-24,3.71,3.77,3.64,3.73,8537
2007-08-27,3.8,4.05,3.76,3.93,55367
2007-08-28,3.95,3.95,3.85,3.88,8597
2007-08-29,3.72,4.04,3.72,4.0,21862
2007-08-30,4.0,4.09,3.95,4.04,11167
2007-08-31,4.0,4.14,3.95,4.05,18533
2007-09-03,4.24,4.24,4.01,4.05,18568
2007-09-04,4.05,4.44,4.01,4.32,162931
2007-09-05,4.4,4.55,4.31,4.46,134428
2007-09-06,4.4,4.47,4.3,4.42,39574
2007-09-07,4.3,4.49,4.3,4.31,18074
2007-09-10,4.31,4.35,4.2,4.3,12515
2007-09-11,4.3,4.35,4.23,4.24,11215
2007-09-12,4.28,4.32,4.21,4.22,7923
2007-09-13,4.18,4.4,4.18,4.32,25647
2007-09-14,4.35,4.39,4.18,4.21,14300
2007-09-17,4.3,4.3,4.18,4.24,11808
2007-09-18,4.25,4.39,4.18,4.3,42015
2007-09-19,4.31,4.35,4.22,4.27,12873
2007-09-20,4.25,4.84,4.22,4.71,308970
2007-09-21,4.8,4.8,4.5,4.52,88311
2007-09-24,4.53,4.55,4.37,4.41,34066
2007-09-25,4.45,4.45,4.29,4.36,25158
2007-09-26,4.3,4.75,4.25,4.46,87866
2007-09-27,4.45,4.79,4.45,4.57,110194
2007-09-28,4.6,4.6,4.42,4.44,17915
2007-10-01,4.42,4.58,4.39,4.43,26124
2007-10-03,4.46,4.49,4.16,4.19,81431
2007-10-04,4.3,4.32,4.17,4.24,21856
2007-10-05,4.3,4.32,4.1,4.17,31618
2007-10-08,4.3,4.3,3.95,4.01,22086
2007-10-09,3.87,4.17,3.87,4.11,23077
2007-10-10,4.0,4.2,3.98,4.0,22303
2007-10-11,4.03,4.03,3.96,3.99,4836
2007-10-12,4.0,4.02,3.91,3.93,18549
2007-10-15,4.0,4.06,3.93,3.96,18976
2007-10-16,3.87,4.55,3.87,4.15,71084
2007-10-17,3.66,4.1,3.65,3.99,18145
2007-10-18,3.95,4.1,3.93,3.96,40347
2007-10-19,3.96,3.97,3.8,3.86,10932
2007-10-22,3.74,3.93,3.74,3.84,6763
2007-10-23,3.91,3.99,3.89,3.94,9846
2007-10-24,4.3,4.3,4.05,4.09,30028
2007-10-25,4.06,4.85,4.06,4.31,419689
2007-10-26,4.33,4.44,4.28,4.34,71010
2007-10-29,4.55,4.55,4.15,4.24,62932
2007-10-30,4.4,4.49,4.25,4.27,49291
2007-10-31,4.09,4.51,4.09,4.43,98113
2007-11-01,4.5,4.85,4.5,4.74,269327
2007-11-02,4.21,5.33,4.21,5.21,316220
2007-11-05,4.33,5.79,4.33,5.49,258936
2007-11-06,5.3,5.94,5.05,5.17,183083
2007-11-07,5.2,5.5,5.2,5.46,142477
2007-11-08,5.1,5.43,5.1,5.31,46492
2007-11-09,5.31,5.51,5.21,5.47,36944
2007-11-12,5.1,5.95,5.1,5.77,130343
2007-11-13,5.9,6.32,5.8,6.12,348965
2007-11-14,6.3,6.5,5.65,6.15,194407
2007-11-15,6.21,6.3,5.86,5.94,66049
2007-11-16,6.0,6.29,5.35,5.85,103638
2007-11-19,6.1,6.36,6.0,6.28,242249
2007-11-20,6.1,6.91,6.1,6.87,287988
2007-11-21,7.06,7.55,6.23,6.53,239599
2007-11-22,6.02,6.77,6.02,6.31,107064
2007-11-23,6.59,6.8,6.35,6.56,101740
2007-11-26,6.89,7.22,6.8,7.22,267134
2007-11-27,7.5,7.55,7.1,7.22,219715
2007-11-28,7.1,7.34,6.85,6.9,125835
2007-11-29,7.0,7.17,6.55,6.63,96748
2007-11-30,6.74,6.99,6.61,6.71,105528
2007-12-03,6.85,7.2,6.71,6.82,79715
2007-12-04,6.7,7.24,6.7,7.15,121768
2007-12-05,7.25,7.86,7.2,7.86,213446
2007-12-06,8.1,8.5,7.7,7.93,177434
2007-12-07,8.1,8.18,7.62,7.91,87218
2007-12-10,7.98,8.45,7.8,8.31,108113
2007-12-11,8.64,8.7,8.1,8.22,146272
2007-12-12,8.2,8.55,8.2,8.47,67695
2007-12-13,8.57,8.6,8.06,8.24,83691
2007-12-14,8.01,8.3,8.0,8.1,74104
2007-12-17,8.58,8.58,7.31,7.65,77687
2007-12-18,7.4,7.8,7.2,7.65,49441
2007-12-19,8.0,8.4,7.54,7.74,36298
2007-12-20,8.0,8.0,7.6,7.72,24144
2007-12-24,7.93,8.29,7.86,7.95,89896
2007-12-26,8.1,8.31,8.07,8.23,118927
2007-12-27,8.35,9.05,8.28,9.05,298027
2007-12-28,9.36,9.96,9.29,9.96,139467
2007-12-31,10.4,10.45,9.55,9.82,471136
2008-01-01,9.9,10.2,9.51,9.62,150860
2008-01-02,9.89,10.0,9.26,9.4,121662
2008-01-03,9.4,9.63,8.95,9.06,96141
2008-01-04,9.4,9.51,9.05,9.51,110411
2008-01-07,9.9,9.99,9.2,9.88,138490
2008-01-08,9.93,10.1,9.39,9.39,79934
2008-01-09,9.0,9.0,8.92,8.92,9148
2008-01-10,8.55,8.8,8.48,8.48,51452
2008-01-11,8.12,8.66,8.06,8.24,56153
2008-01-14,8.4,8.59,8.01,8.11,39720
2008-01-15,8.19,8.46,7.9,8.02,29187
2008-01-16,7.81,7.94,7.62,7.77,28376
2008-01-17,7.99,8.16,7.9,8.15,18897
2008-01-18,8.16,8.2,7.75,7.76,26373
2008-01-21,7.43,7.5,7.37,7.37,11149
2008-01-22,7.01,7.01,7.01,7.01,1187
2008-01-23,6.84,7.0,6.66,6.8,30503
2008-01-24,7.1,7.14,6.46,6.68,79038
2008-01-25,6.79,7.02,6.51,7.02,29546
2008-01-28,6.67,6.85,6.67,6.69,10376
2008-01-29,6.65,7.0,6.63,6.67,10412
2008-01-30,6.75,6.91,6.51,6.6,17585
2008-01-31,6.68,6.7,6.27,6.51,30200
2008-02-01,6.79,6.83,6.5,6.83,32073
2008-02-04,7.18,7.18,7.01,7.18,22627
2008-02-05,7.49,7.54,7.25,7.54,25689
2008-02-06,7.16,7.92,7.16,7.92,78932
2008-02-07,8.3,8.32,7.7,7.81,43250
2008-02-08,7.55,8.21,7.42,8.21,41061
2008-02-11,8.4,8.5,7.8,7.8,14908
2008-02-12,7.41,7.79,7.41,7.41,15773
2008-02-13,7.26,7.36,7.04,7.04,8109
2008-02-14,7.1,7.28,6.7,6.86,29740
2008-02-15,6.75,7.2,6.55,7.1,26703
2008-02-18,7.19,7.45,7.11,7.45,26195
2008-02-19,7.8,7.8,7.08,7.09,20160
2008-02-20,6.91,7.1,6.87,7.0,13652
2008-02-21,7.27,7.27,6.8,6.97,8783
2008-02-22,6.95,6.95,6.73,6.79,11778
2008-02-25,6.8,6.8,6.52,6.61,10382
2008-02-26,6.79,6.9,6.4,6.6,7927
2008-02-27,6.8,6.92,6.65,6.77,27961
2008-02-28,6.64,6.87,6.49,6.57,20092
2008-02-29,6.7,6.85,6.51,6.55,17710
2008-03-03,6.52,6.54,6.23,6.24,8048
2008-03-04,5.95,6.05,5.93,5.93,16704
2008-03-05,6.05,6.1,5.65,5.7,5309
2008-03-07,5.42,5.55,5.42,5.42,105383
2008-03-10,5.15,5.42,5.15,5.15,65244
2008-03-11,5.0,5.41,5.0,5.41,28253
2008-03-12,5.68,5.68,5.51,5.68,81426
2008-03-13,5.8,5.96,5.8,5.96,64825
2008-03-14,5.93,6.26,5.81,6.26,66199
2008-03-17,5.95,6.1,5.95,5.95,9248
2008-03-18,5.85,5.85,5.65,5.65,65700
2008-03-19,5.8,5.8,5.37,5.37,24780
2008-03-24,5.11,5.2,5.11,5.11,2389
2008-03-25,4.86,5.3,4.85,5.12,54579
2008-03-26,5.05,5.28,5.03,5.19,30625
2008-03-27,5.22,5.24,4.93,5.04,25152
2008-03-28,5.25,5.29,5.1,5.29,7148
2008-03-31,5.5,5.56,5.41,5.42,11768
2008-04-01,5.63,5.63,5.3,5.4,7327
2008-04-02,5.65,5.67,5.46,5.67,2097
2008-04-03,5.8,5.84,5.47,5.49,6178
2008-04-04,5.5,5.54,5.35,5.43,9759
2008-04-07,5.18,5.7,5.18,5.6,8380
2008-04-08,5.52,5.8,5.4,5.69,6407
2008-04-09,5.7,5.97,5.7,5.97,20963
2008-04-10,6.01,6.27,6.0,6.27,14273
2008-04-11,6.4,6.59,6.3,6.58,12451
2008-04-15,6.74,6.74,6.25,6.27,262810
2008-04-16,6.29,6.44,6.18,6.33,91430
2008-04-17,6.2,6.44,6.2,6.35,123900
2008-04-21,6.58,6.67,6.49,6.67,177780
2008-04-22,6.79,6.99,6.5,6.62,115010
2008-04-23,6.89,6.89,6.4,6.47,113250
2008-04-24,6.74,6.74,6.41,6.48,27740
2008-04-25,6.5,6.5,6.3,6.37,71840
2008-04-28,6.45,6.6,6.32,6.36,61760
2008-04-29,6.4,6.4,6.05,6.16,92070
2008-04-30,6.0,6.05,5.86,5.86,105910
2008-05-02,6.0,6.0,5.57,5.57,184540
2008-05-05,5.6,5.6,5.3,5.34,243640
2008-05-06,5.6,5.6,5.36,5.42,68480
2008-05-07,5.5,5.6,5.38,5.43,259270
2008-05-08,5.58,5.7,5.37,5.7,340550
2008-05-09,5.9,5.99,5.42,5.53,337450
2008-05-12,5.5,5.6,5.35,5.52,88770
2008-05-13,5.7,5.78,5.4,5.68,144750
2008-05-14,5.8,5.8,5.5,5.57,58570
2008-05-15,5.77,5.78,5.43,5.5,65140
2008-05-16,5.7,5.7,5.42,5.5,108020
2008-05-20,5.5,5.7,5.41,5.59,72180
2008-05-21,5.74,5.84,5.4,5.68,144720
2008-05-22,5.9,5.97,5.55,5.76,245900
2008-05-23,5.9,5.9,5.63,5.74,99360
2008-05-26,5.62,5.9,5.62,5.76,195410
2008-05-27,5.89,5.89,5.52,5.69,107700
2008-05-28,5.88,5.88,5.41,5.43,203750
2008-05-29,5.5,5.6,5.4,5.41,96230
2008-05-30,5.5,5.6,5.42,5.53,124930
2008-06-02,5.42,5.55,5.28,5.29,114070
2008-06-03,5.4,5.4,5.05,5.3,69750
2008-06-04,5.45,5.45,5.03,5.09,82600
2008-06-05,5.1,5.3,4.85,5.19,129670
2008-06-06,5.29,5.42,5.09,5.13,127600
2008-06-09,4.9,4.99,4.88,4.95,103620
2008-06-10,4.9,5.0,4.82,4.97,40500
2008-06-11,4.83,5.06,4.82,4.95,62680
2008-06-12,4.9,4.93,4.8,4.9,74720
2008-06-13,5.1,5.1,4.78,4.8,120020
2008-06-16,4.9,4.9,4.84,4.87,82170
2008-06-17,4.86,5.1,4.84,4.99,168820
2008-06-18,5.19,5.24,5.15,5.22,244840
2008-06-19,5.15,5.46,5.1,5.39,844910
2008-06-20,5.45,5.54,5.13,5.13,295660
2008-06-23,4.9,4.9,4.87,4.87,204110
2008-06-24,4.67,4.89,4.63,4.68,156660
2008-06-25,4.6,4.92,4.49,4.92,92160
2008-06-26,4.93,5.14,4.9,5.0,103200
2008-06-27,4.84,4.95,4.76,4.77,28350
2008-06-30,4.68,4.78,4.53,4.54,47380
2008-07-01,4.32,4.69,4.32,4.32,71610
2008-07-02,4.5,4.54,4.11,4.5,139100
2008-07-03,4.28,4.43,4.28,4.29,38580
2008-07-04,4.16,4.48,4.16,4.38,71220
2008-07-07,4.2,4.78,4.2,4.7,85740
2008-07-08,4.5,4.98,4.42,4.83,97790
2008-07-09,4.8,4.95,4.66,4.89,58130
2008-07-10,4.76,4.9,4.68,4.86,55380
2008-07-11,4.65,4.72,4.53,4.59,33040
2008-07-14,4.5,4.7,4.46,4.56,14250
2008-07-15,4.53,4.63,4.4,4.45,50660
2008-07-16,4.5,4.6,4.4,4.55,93400
2008-07-17,4.43,4.54,4.35,4.5,52960
2008-07-18,4.6,4.82,4.5,4.73,90110
2008-07-21,4.8,4.87,4.5,4.77,28120
2008-07-22,4.66,4.95,4.66,4.76,9680
2008-07-23,4.9,5.2,4.8,5.1,144450
2008-07-24,5.05,5.28,4.96,5.14,84020
2008-07-25,5.01,5.37,5.01,5.21,138880
2008-07-28,5.29,5.74,5.29,5.68,533370
2008-07-29,5.8,6.23,5.8,5.89,427270
2008-07-30,6.2,6.48,6.03,6.47,553870
2008-07-31,6.6,6.6,6.16,6.16,267990
2008-08-01,5.9,6.24,5.88,6.03,193510
2008-08-04,6.13,6.33,6.0,6.3,129440
2008-08-05,6.3,6.52,6.2,6.35,147950
2008-08-06,6.45,6.45,6.03,6.07,130810
2008-08-07,6.2,6.2,5.88,6.0,69650
2008-08-08,5.97,6.24,5.91,6.13,80280
2008-08-11,6.28,6.44,6.11,6.43,231510
2008-08-12,6.5,6.52,6.34,6.42,93330
2008-08-13,6.3,6.67,6.22,6.41,481090
2008-08-14,6.32,6.34,5.95,6.03,66160
2008-08-18,6.29,6.29,5.87,5.88,18910
2008-08-19,6.0,6.0,5.8,5.91,18350
2008-08-20,5.81,6.18,5.81,6.0,69430
2008-08-21,5.95,5.95,5.7,5.79,46150
2008-08-22,5.78,5.78,5.51,5.53,39480
2008-08-25,5.45,5.59,5.41,5.41,5670
2008-08-26,5.22,5.63,5.22,5.59,47780
2008-08-27,5.51,5.69,5.43,5.53,31330
2008-08-28,5.32,5.56,5.32,5.42,42660
2008-08-29,5.5,5.63,5.45,5.47,15910
2008-09-01,5.42,5.66,5.42,5.6,47320
2008-09-02,5.5,5.88,5.5,5.77,57260
2008-09-04,6.04,6.05,5.77,5.83,107340
2008-09-05,5.74,5.86,5.64,5.65,21990
2008-09-08,5.56,5.72,5.56,5.65,41210
2008-09-09,5.55,5.69,5.53,5.68,10250
2008-09-10,5.53,5.67,5.5,5.61,49380
2008-09-11,5.55,5.63,5.55,5.62,20160
2008-09-12,5.47,5.6,5.47,5.52,39020
2008-09-15,5.48,5.65,5.0,5.22,191080
2008-09-16,5.24,5.27,4.92,5.16,63830
2008-09-17,5.25,5.28,5.03,5.12,23120
2008-09-18,5.13,5.13,4.7,5.03,22700
2008-09-19,5.0,5.3,4.92,5.29,71500
2008-09-22,5.13,5.65,5.13,5.41,75360
2008-09-23,5.42,5.64,5.41,5.55,48790
2008-09-24,5.55,5.55,5.34,5.35,9980
2008-09-25,5.3,5.53,5.22,5.32,41220
2008-09-26,5.33,5.33,5.02,5.05,19550
2008-09-29,4.9,4.9,4.55,4.55,253070
2008-09-30,4.5,4.8,4.25,4.7,55730
2008-10-01,4.8,4.8,4.26,4.7,16730
2008-10-03,4.5,5.17,4.5,5.12,530280
2008-10-06,5.01,5.25,4.62,4.63,86310
2008-10-07,4.51,4.65,4.44,4.61,40510
2008-10-08,4.4,4.7,4.15,4.62,225770
2008-10-10,4.21,4.51,4.16,4.38,194920
2008-10-13,4.3,4.61,4.3,4.53,42910
2008-10-14,4.6,4.6,4.32,4.39,130530
2008-10-15,4.22,4.28,4.15,4.15,82100
2008-10-16,3.93,4.2,3.8,4.13,37630
2008-10-17,4.0,4.19,3.95,4.11,31690
2008-10-20,3.9,3.98,3.86,3.91,36820
2008-10-21,4.29,4.29,3.86,4.01,32570
2008-10-22,4.03,4.2,3.92,4.17,116050
2008-10-23,3.82,4.0,3.75,3.95,195780
2008-10-24,3.7,3.99,3.62,3.7,391370
2008-10-27,3.61,3.99,3.33,3.67,198190
2008-10-28,3.9,3.9,3.64,3.73,13650
2008-10-29,3.66,3.85,3.52,3.58,60400
2008-10-31,3.75,3.9,3.7,3.83,33870
2008-11-03,3.7,4.17,3.7,4.03,78780
2008-11-04,3.9,4.29,3.9,4.16,454780
2008-11-05,4.35,4.38,4.1,4.12,37260
2008-11-06,3.9,4.03,3.8,3.88,30590
2008-11-07,3.5,4.14,3.5,4.0,42360
2008-11-10,4.13,4.13,3.7,3.96,36280
2008-11-11,3.95,4.2,3.9,3.95,86610
2008-11-12,3.98,4.1,3.95,4.05,18290
2008-11-14,4.12,4.15,3.65,3.73,25950
2008-11-17,3.8,3.8,3.6,3.67,14670
2008-11-18,3.7,3.75,3.65,3.67,10990
2008-11-19,3.67,3.73,3.5,3.6,43750
2008-11-20,3.48,3.67,3.46,3.49,14860
2008-11-21,3.4,3.7,3.3,3.47,64930
2008-11-24,3.4,3.9,3.31,3.43,18890
2008-11-25,3.4,3.54,3.31,3.54,5760
2008-11-26,3.4,3.51,3.35,3.51,1960
2008-11-28,3.45,4.0,3.3,3.75,178850
2008-12-01,3.7,3.7,3.33,3.38,63970
2008-12-02,3.02,3.55,3.02,3.28,52150
2008-12-03,3.15,3.58,3.15,3.31,20160
2008-12-04,3.49,3.49,3.32,3.42,4300
2008-12-05,3.42,3.45,3.24,3.32,24860
2008-12-08,3.48,3.48,3.23,3.23,21800
2008-12-10,3.38,3.38,3.19,3.22,39700
2008-12-11,3.35,3.35,3.18,3.21,39480
2008-12-12,3.28,3.3,3.2,3.22,52710
2008-12-15,3.2,3.36,3.15,3.32,62940
2008-12-16,3.45,3.55,3.4,3.53,93380
2008-12-17,3.5,3.75,3.21,3.4,250760
2008-12-18,3.35,3.48,3.35,3.45,26620
2008-12-19,3.45,3.54,3.4,3.47,54480
2008-12-22,3.5,3.5,3.27,3.3,117150
2008-12-23,3.3,3.3,3.15,3.19,62050
2008-12-24,3.01,3.28,3.01,3.24,18770
2008-12-26,3.3,3.39,3.15,3.16,34920
2008-12-29,3.18,3.28,3.08,3.14,37350
2008-12-30,3.13,3.25,3.13,3.16,38610
2008-12-31,3.15,3.23,3.14,3.16,97790
2009-01-01,3.2,3.35,3.18,3.3,128390
2009-01-02,3.33,3.67,3.2,3.47,744430
2009-01-05,3.55,3.73,3.5,3.67,238230
2009-01-06,3.58,3.58,3.35,3.38,152800
2009-01-07,3.45,3.78,3.27,3.32,869110
2009-01-09,3.2,3.25,3.11,3.17,134380
2009-01-12,3.2,3.3,3.14,3.19,86710
2009-01-13,3.23,3.7,3.13,3.38,876630
2009-01-14,3.54,3.54,3.35,3.37,78330
2009-01-15,3.11,3.35,3.11,3.21,72300
2009-01-16,3.2,3.35,3.17,3.23,58400
2009-01-19,3.52,3.52,3.22,3.24,19910
2009-01-20,3.26,3.4,3.2,3.25,818430
2009-01-21,3.6,3.6,3.13,3.22,468800
2009-01-22,3.29,3.29,3.03,3.06,163850
2009-01-23,3.0,3.0,2.9,2.91,141160
2009-01-27,2.9,2.95,2.83,2.9,316640
2009-01-28,2.83,3.0,2.83,2.92,285450
2009-01-29,2.9,3.07,2.9,3.0,534140
2009-01-30,2.95,3.05,2.9,2.92,72480
2009-02-02,2.87,3.05,2.87,2.96,34330
2009-02-03,3.0,3.04,2.81,2.86,518420
2009-02-04,3.08,3.08,2.7,2.75,449660
2009-02-05,2.71,2.85,2.7,2.72,42490
2009-02-06,2.85,2.86,2.76,2.78,396310
2009-02-09,2.88,2.89,2.73,2.81,271010
2009-02-10,2.98,3.1,2.69,2.75,1754970
2009-02-11,2.7,2.88,2.67,2.86,635770
2009-02-12,2.75,3.03,2.71,2.82,1260720
2009-02-13,2.8,2.89,2.75,2.77,148060
2009-02-16,2.8,2.82,2.71,2.73,87270
2009-02-17,2.71,2.84,2.65,2.81,256820
2009-02-18,2.65,2.88,2.65,2.84,422610
2009-02-19,2.85,2.9,2.8,2.88,140100
2009-02-20,2.81,2.94,2.79,2.88,193950
2009-02-24,2.85,2.93,2.85,2.91,133030
2009-02-25,2.9,2.99,2.88,2.9,473380
2009-02-26,2.86,2.92,2.8,2.9,56010
2009-02-27,2.85,2.92,2.85,2.9,342140
2009-03-02,2.86,2.95,2.85,2.88,162490
2009-03-03,2.8,2.94,2.8,2.85,96270
2009-03-04,2.8,2.9,2.8,2.85,261770
2009-03-05,2.82,2.9,2.82,2.85,345430
2009-03-06,2.85,2.85,2.8,2.85,10410
2009-03-09,2.78,2.8,2.72,2.72,189170
2009-03-12,2.69,2.79,2.69,2.74,67270
2009-03-13,2.55,2.85,2.55,2.75,24530
2009-03-16,2.67,2.8,2.67,2.75,121570
2009-03-17,2.74,2.84,2.7,2.71,232030
2009-03-18,2.95,2.95,2.75,2.8,211370
2009-03-19,2.82,2.92,2.71,2.83,306380
2009-03-20,2.81,2.88,2.81,2.85,232900
2009-03-23,2.85,2.88,2.78,2.84,182620
2009-03-24,2.76,2.88,2.76,2.84,300430
2009-03-25,2.81,2.88,2.8,2.87,73950
2009-03-26,2.85,2.9,2.85,2.88,129270
2009-03-27,2.95,3.16,2.82,3.05,464660
2009-03-30,2.98,3.0,2.85,2.87,706570
2009-03-31,2.95,2.99,2.81,2.89,196760
2009-04-01,2.88,2.96,2.85,2.91,46140
2009-04-02,2.95,3.3,2.93,3.03,506350
2009-04-06,2.96,3.13,2.96,3.11,323620
2009-04-08,2.96,3.25,2.96,3.19,155200
2009-04-09,3.28,3.28,3.0,3.04,343820
2009-04-13,3.15,3.17,3.08,3.15,277010
2009-04-15,3.16,3.45,3.16,3.32,802540
2009-04-16,3.4,3.43,2.94,3.04,408650
2009-04-17,2.95,3.19,2.91,3.07,748560
2009-04-20,3.09,3.14,3.06,3.1,389310
2009-04-21,3.13,3.32,3.04,3.09,4742890
2009-04-22,3.18,3.18,3.03,3.12,1055950
2009-04-23,3.08,3.39,3.07,3.25,2791630
2009-04-24,3.36,3.38,3.14,3.25,1544610
2009-04-27,3.37,3.37,3.11,3.15,267610
2009-04-28,3.13,3.16,3.05,3.07,219420
2009-04-29,3.06,3.13,3.06,3.11,106580
2009-05-04,3.2,3.33,3.11,3.15,306500
2009-05-05,3.15,3.2,3.11,3.15,210680
2009-05-06,3.12,3.25,3.12,3.18,578700
2009-05-07,3.3,3.35,3.23,3.28,484400
2009-05-08,3.23,3.33,3.2,3.23,326910
2009-05-11,3.23,3.27,3.2,3.23,288280
2009-05-12,3.13,3.25,3.13,3.23,42890
2009-05-13,3.22,3.27,3.2,3.24,153320
2009-05-14,3.17,3.28,3.16,3.25,82880
2009-05-15,3.25,3.28,3.17,3.2,74660
2009-05-19,3.35,3.5,3.21,3.33,509140
2009-05-20,3.2,3.9,3.2,3.8,552700
2009-05-21,3.96,4.15,3.76,3.83,813290
2009-05-22,3.92,3.96,3.7,3.75,335910
2009-05-25,3.9,4.35,3.9,4.1,640150
2009-05-26,4.1,4.2,3.75,3.83,402420
2009-05-27,4.0,4.0,3.87,3.92,192160
2009-05-28,3.98,4.03,3.75,3.82,192310
2009-05-29,3.95,4.1,3.86,3.88,691620
2009-06-01,3.97,4.67,3.92,4.67,2919060
2009-06-02,4.84,4.88,4.37,4.58,2721470
2009-06-03,4.7,4.8,4.56,4.63,853730
2009-06-04,4.66,4.71,4.3,4.62,434750
2009-06-05,4.7,4.91,4.52,4.62,1113330
2009-06-08,4.51,4.63,4.05,4.13,458960
2009-06-09,4.0,4.39,3.95,4.27,721410
2009-06-10,4.39,4.39,4.15,4.21,182590
2009-06-11,4.2,4.25,4.07,4.09,131880
2009-06-12,4.18,4.22,3.96,4.0,243100
2009-06-15,3.9,4.05,3.87,3.99,173980
2009-06-16,4.0,4.52,3.93,4.47,1163670
2009-06-17,4.5,4.72,4.28,4.33,908370
2009-06-18,4.38,4.4,3.92,4.0,445840
2009-06-19,4.19,4.2,4.0,4.14,212460
2009-06-22,4.15,4.15,4.01,4.03,140330
2009-06-23,3.95,4.03,3.9,3.95,145250
2009-06-24,4.0,4.3,3.97,4.16,275770
2009-06-25,4.22,4.3,4.13,4.17,158760
2009-06-26,4.13,4.2,4.05,4.12,110710
2009-06-29,4.07,4.22,4.07,4.14,140450
2009-06-30,4.15,4.19,4.0,4.02,99520
2009-07-01,3.95,4.26,3.95,4.01,613240
2009-07-02,4.03,4.09,4.0,4.05,124770
2009-07-03,4.0,4.06,3.92,3.95,187930
2009-07-06,4.06,4.1,3.62,3.71,199970
2009-07-07,3.78,3.8,3.65,3.71,81790
2009-07-08,3.67,3.69,3.55,3.6,77920
2009-07-09,3.6,3.85,3.55,3.68,216200
2009-07-10,3.66,3.7,3.53,3.53,176500
2009-07-13,3.52,3.55,3.42,3.5,73790
2009-07-14,3.46,3.64,3.46,3.61,81600
2009-07-15,3.65,3.75,3.62,3.73,115640
2009-07-16,3.83,3.83,3.65,3.67,114450
2009-07-17,3.7,3.8,3.68,3.73,32830
2009-07-20,3.75,3.88,3.73,3.82,143670
2009-07-21,3.7,3.93,3.7,3.87,181580
2009-07-22,3.9,3.99,3.83,3.85,109080
2009-07-23,3.9,4.15,3.83,4.05,776250
2009-07-24,3.97,4.13,3.96,4.01,96640
2009-07-27,4.0,4.15,3.92,4.12,274440
2009-07-28,4.15,4.35,4.11,4.2,335230
2009-07-29,4.4,4.4,4.16,4.2,546850
2009-07-30,4.3,4.39,4.2,4.28,224790
2009-07-31,4.48,4.9,4.48,4.6,1611420
2009-08-03,4.7,4.77,4.55,4.66,467900
2009-08-04,4.7,4.74,4.59,4.65,264520
2009-08-05,4.64,4.7,4.5,4.63,268300
2009-08-06,4.58,4.9,4.27,4.55,760740
2009-08-07,4.34,4.68,4.34,4.38,291110
2009-08-10,4.41,4.7,4.34,4.46,574190
2009-08-11,4.4,4.65,4.4,4.57,614030
2009-08-12,4.5,5.48,4.5,5.48,7485670
2009-08-13,5.83,6.44,5.72,6.2,13243890
2009-08-14,6.28,6.3,5.71,5.77,4279220
2009-08-17,5.53,5.57,5.2,5.27,1389510
2009-08-18,5.2,5.77,5.13,5.58,3468090
2009-08-19,5.63,6.68,5.51,5.66,1664090
2009-08-20,5.76,5.95,5.52,5.56,1135060
2009-08-21,5.63,5.63,5.3,5.41,610930
2009-08-24,5.31,5.67,5.2,5.6,725730
2009-08-25,5.5,5.95,5.5,5.83,974200
2009-08-26,5.75,6.35,5.75,6.05,4407040
2009-08-27,6.03,6.29,6.0,6.03,1935780
2009-08-28,6.0,6.24,6.0,6.07,1327400
2009-08-31,6.22,6.24,6.0,6.05,840470
2009-09-01,6.1,6.32,5.87,5.97,2557000
2009-09-02,5.8,6.05,5.78,5.83,617240
2009-09-03,5.83,6.22,5.82,6.03,2425210
2009-09-04,6.15,7.24,6.05,7.22,22579920
2009-09-07,7.5,7.57,6.73,6.97,15107710
2009-09-08,7.03,7.03,6.68,6.72,1764680
2009-09-09,6.66,6.78,6.51,6.61,1140510
2009-09-10,6.67,6.72,6.33,6.38,763220
2009-09-11,6.41,6.63,6.2,6.37,1566800
2009-09-14,6.35,6.59,6.2,6.37,1201640
2009-09-15,6.35,6.47,6.28,6.33,702920
2009-09-16,6.38,6.64,6.35,6.42,1331470
2009-09-17,6.47,6.5,6.15,6.2,655520
2009-09-18,6.28,6.5,6.2,6.38,1207890
2009-09-22,6.3,6.46,6.23,6.27,633790
2009-09-23,6.26,6.35,6.07,6.11,383970
2009-09-24,6.13,6.84,6.08,6.51,5497640
2009-09-25,6.44,7.47,6.44,7.32,13837700
2009-09-29,7.57,8.43,7.43,7.93,56889400
2009-09-30,7.94,7.94,7.52,7.63,5931680
2009-10-01,7.58,8.2,7.35,7.87,18547800
2009-10-05,7.8,7.85,7.21,7.34,2366670
2009-10-06,7.42,7.53,7.05,7.13,2230310
2009-10-07,7.13,7.38,7.0,7.03,1612080
2009-10-08,7.09,7.33,6.9,6.99,1726270
2009-10-09,7.1,7.17,6.8,6.84,1069640
2009-10-12,6.91,7.0,6.78,6.83,708610
2009-10-14,6.81,7.18,6.81,6.89,1126250
2009-10-15,7.0,7.19,6.8,7.06,1578620
2009-10-16,7.1,7.44,6.97,7.13,3569370
2009-10-17,7.2,7.2,7.01,7.1,287230
2009-10-20,7.13,7.14,6.85,6.9,557880
2009-10-21,6.94,7.15,6.6,6.67,1746970
2009-10-22,6.75,6.88,6.43,6.49,834590
2009-10-23,6.65,6.84,6.33,6.37,1690050
2009-10-26,6.46,6.65,6.33,6.42,1334130
2009-10-27,6.47,6.5,5.91,6.03,971950
2009-10-28,6.0,6.48,5.78,6.35,1799920
2009-10-29,6.37,6.37,6.1,6.14,1180760
2009-10-30,6.3,6.35,5.8,5.88,953160
2009-11-03,5.88,5.96,5.2,5.35,804500
2009-11-04,5.45,5.49,5.17,5.28,652910
2009-11-05,5.29,5.67,5.22,5.53,1450730
2009-11-06,5.64,5.8,5.57,5.72,1130020
2009-11-09,5.65,5.87,5.61,5.76,494440
2009-11-10,5.81,6.25,5.7,6.12,3099280
2009-11-11,6.1,6.32,5.91,6.17,1944190
2009-11-12,6.09,6.23,5.87,5.97,748340
2009-11-13,5.87,6.29,5.86,6.05,1614340
2009-11-16,6.11,6.37,6.11,6.22,1351810
2009-11-17,6.14,6.26,6.06,6.11,443790
2009-11-18,6.12,6.35,6.07,6.18,1116300
2009-11-19,6.2,6.3,6.01,6.06,540570
2009-11-20,6.0,6.35,6.0,6.13,1058990
2009-11-23,6.18,6.28,6.13,6.18,535230
2009-11-24,6.13,6.2,6.06,6.12,292010
2009-11-25,6.1,6.18,5.95,6.01,515950
2009-11-26,5.92,6.08,5.75,5.8,461870
2009-11-27,5.61,5.69,5.4,5.56,587090
2009-11-30,5.68,5.8,5.62,5.66,384310
2009-12-01,5.77,6.09,5.69,5.94,1097170
2009-12-02,6.0,6.1,5.73,5.8,341230
2009-12-03,5.85,6.75,5.81,6.57,12464550
2009-12-04,6.49,6.59,6.28,6.35,4152410
2009-12-07,6.44,6.48,6.2,6.26,938310
2009-12-08,6.22,6.5,6.22,6.37,2829730
2009-12-09,6.37,7.32,6.35,7.09,16281360
2009-12-10,6.99,7.48,6.99,7.26,17363680
2009-12-11,7.38,7.49,6.97,7.16,9649880
2009-12-14,7.1,7.18,6.87,6.92,2530800
2009-12-15,6.93,7.16,6.63,6.72,2849410
2009-12-16,6.7,7.02,6.64,6.8,3569300
2009-12-17,6.83,6.94,6.72,6.76,1111250
2009-12-18,6.85,6.85,6.53,6.57,874690
2009-12-21,6.5,7.37,6.5,7.13,12663390
2009-12-22,7.22,7.28,6.94,6.99,5051750
2009-12-23,6.99,7.08,6.91,6.94,1314080
2009-12-24,7.03,7.07,6.81,6.84,915180
2009-12-29,6.9,7.0,6.73,6.78,1118240
2009-12-30,6.6,7.13,6.58,6.9,1954300
2009-12-31,6.9,7.04,6.8,6.83,648920
2010-01-04,6.9,7.05,6.88,6.94,1781030
2010-01-05,7.01,7.09,6.85,6.9,887150
2010-01-06,6.94,7.07,6.79,6.81,1591180
2010-01-07,6.85,7.09,6.83,6.89,1693000
2010-01-08,6.95,7.04,6.85,6.92,2284410
2010-01-11,6.94,7.13,6.94,6.97,2728070
2010-01-12,7.02,7.18,6.91,6.97,3256330
2010-01-13,6.93,7.09,6.9,6.94,1561990
2010-01-14,6.99,7.05,6.9,6.93,618530
2010-01-15,6.99,6.99,6.82,6.84,586840
2010-01-18,6.85,6.89,6.68,6.74,970580
2010-01-19,6.75,6.85,6.58,6.63,531060
2010-01-20,6.68,6.72,6.5,6.52,703180
2010-01-21,6.55,6.55,6.19,6.27,430830
2010-01-22,6.2,6.2,5.85,6.1,690800
2010-01-25,6.0,6.1,5.91,5.99,320910
2010-01-27,6.0,6.0,5.45,5.56,480890
2010-01-28,5.65,5.9,5.47,5.53,240280
2010-01-29,5.4,5.7,5.32,5.57,453230
2010-02-01,5.6,6.68,5.6,6.68,7881310
2010-02-02,6.89,7.24,6.63,6.67,15066650
2010-02-03,6.89,6.95,6.52,6.69,3423610
2010-02-04,6.65,6.88,6.51,6.53,2478170
2010-02-05,6.43,6.44,5.97,6.05,1419260
2010-02-06,6.13,6.42,6.11,6.37,915890
2010-02-08,6.25,6.48,6.12,6.22,765950
2010-02-09,6.16,6.35,6.09,6.18,723250
2010-02-10,6.21,7.18,6.14,6.66,17872270
2010-02-11,6.9,7.09,6.66,6.76,9753490
2010-02-15,6.83,6.87,6.52,6.59,1090860
2010-02-16,6.59,6.59,6.4,6.44,932100
2010-02-17,6.5,6.74,6.43,6.52,1690080
2010-02-18,6.5,6.64,6.36,6.4,675210
2010-02-19,6.44,6.44,6.05,6.08,1275920
2010-02-22,6.11,6.22,5.73,5.8,538940
2010-02-23,5.8,5.82,5.6,5.66,784330
2010-02-24,5.61,6.36,5.53,6.05,7455000
2010-02-25,6.11,6.23,5.82,5.92,3006890
2010-02-26,5.96,6.17,5.81,5.88,2015760
2010-03-02,6.09,6.1,5.9,6.01,670410
2010-03-03,6.1,6.31,6.03,6.12,1549350
2010-03-04,6.15,6.29,6.05,6.2,1386120
2010-03-05,6.2,6.35,6.13,6.17,941100
2010-03-08,6.32,6.32,6.16,6.18,458070
2010-03-09,6.22,6.22,6.05,6.07,323340
2010-03-10,6.12,6.14,5.93,5.97,364400
2010-03-11,6.01,6.22,5.88,5.98,956910
2010-03-12,6.04,6.07,5.89,5.93,370870
2010-03-15,5.95,6.3,5.91,6.0,2947350
2010-03-16,6.06,6.17,6.01,6.07,879420
2010-03-17,6.1,6.14,5.95,5.99,388000
2010-03-18,6.12,6.32,6.07,6.12,1492380
2010-03-19,6.1,6.17,5.99,6.03,291030
2010-03-22,6.0,6.07,5.86,5.91,408630
2010-03-23,6.0,6.05,5.84,5.87,391540
2010-03-25,5.93,5.99,5.8,5.84,409660
2010-03-26,5.89,5.94,5.72,5.75,652770
2010-03-29,5.8,5.94,5.6,5.64,884990
2010-03-30,5.7,5.84,5.7,5.78,343250
2010-03-31,5.8,6.04,5.77,5.88,1960250
2010-04-01,5.82,5.95,5.82,5.88,308950
2010-04-05,5.95,6.15,5.91,5.99,536400
2010-04-06,6.05,6.22,5.97,6.09,1558070
2010-04-07,6.11,6.34,6.11,6.27,1424760
2010-04-08,6.23,6.45,6.11,6.2,2050540
2010-04-09,6.25,6.53,6.21,6.47,3942630
2010-04-12,6.62,6.69,6.41,6.47,1366740
2010-04-13,6.53,7.07,6.38,6.83,10788040
2010-04-15,6.89,7.22,6.73,6.81,4633400
2010-04-16,6.84,6.85,6.63,6.72,831210
2010-04-19,6.64,6.64,6.4,6.48,615920
2010-04-20,6.55,6.8,6.45,6.72,1014910
2010-04-21,7.05,7.17,6.82,6.89,1006320
2010-04-22,6.85,7.04,6.8,6.85,1201360
2010-04-23,6.9,6.97,6.71,6.89,1063670
2010-04-26,6.96,7.05,6.77,6.83,536400
2010-04-27,6.8,7.0,6.8,6.91,917270
2010-04-28,6.8,6.99,6.6,6.66,1185130
2010-04-29,6.73,7.0,6.73,6.85,1300240
2010-04-30,6.9,6.92,6.65,6.68,373720
2010-05-03,6.66,6.79,6.58,6.62,303860
2010-05-04,6.7,6.74,6.4,6.47,213450
2010-05-05,6.3,6.44,6.21,6.33,333460
2010-05-06,6.22,6.42,6.02,6.27,419460
2010-05-07,6.11,6.15,6.0,6.03,429040
2010-05-10,6.15,6.34,6.15,6.27,266500
2010-05-11,6.23,6.34,6.1,6.13,206140
2010-05-12,6.18,6.48,6.13,6.35,2602980
2010-05-13,6.41,6.49,6.21,6.44,909370
2010-05-14,6.47,6.47,6.2,6.27,252630
2010-05-17,6.47,6.59,6.01,6.24,237800
2010-05-18,6.22,6.34,6.2,6.22,125170
2010-05-19,6.2,6.43,6.08,6.13,821850
2010-05-20,6.13,6.27,6.03,6.1,287920
2010-05-21,6.1,6.1,5.79,5.84,471800
2010-05-24,6.05,6.35,5.87,5.93,286950
2010-05-25,5.89,6.24,5.67,5.73,845300
2010-05-26,5.89,5.93,5.7,5.78,470430
2010-05-27,5.76,5.89,5.65,5.72,1192900
2010-05-28,5.8,5.89,5.7,5.77,513570
2010-05-31,5.76,5.8,5.66,5.69,231630
2010-06-01,5.73,6.14,5.7,5.76,1451450
2010-06-02,5.8,5.92,5.79,5.83,207050
2010-06-03,5.87,5.99,5.83,5.84,220060
2010-06-04,5.81,5.85,5.8,5.8,171740
2010-06-07,5.69,6.15,5.63,5.71,212060
2010-06-08,5.72,5.78,5.55,5.6,186690
2010-06-09,5.62,5.82,5.6,5.62,726650
2010-06-10,5.7,5.85,5.62,5.67,343040
2010-06-11,5.8,5.81,5.64,5.66,130650
2010-06-14,5.71,5.78,5.63,5.75,107060
2010-06-15,5.72,5.8,5.71,5.73,175620
2010-06-16,5.75,6.0,5.65,5.8,779600
2010-06-17,5.83,6.08,5.8,5.85,937350
2010-06-18,5.89,6.13,5.85,5.97,1827700
2010-06-21,6.05,6.05,5.91,5.93,179120
2010-06-22,5.95,6.1,5.93,5.95,510070
2010-06-23,5.95,6.0,5.66,5.85,1130540
2010-06-24,5.93,5.94,5.82,5.85,164640
2010-06-25,5.87,5.99,5.84,5.88,245820
2010-06-28,5.95,6.11,5.95,6.05,564380
2010-06-29,6.08,6.08,5.87,5.97,223150
2010-06-30,5.94,6.09,5.88,6.05,520740
2010-07-01,6.01,6.07,5.91,5.94,152580
2010-07-02,6.01,6.07,5.88,5.88,130990
2010-07-05,5.97,6.04,5.85,5.93,550980
2010-07-06,5.91,6.2,5.91,6.03,1860730
2010-07-07,6.06,6.18,6.03,6.06,544800
2010-07-08,6.19,6.19,5.92,5.97,287320
2010-07-09,6.01,6.22,6.01,6.08,769610
2010-07-12,6.15,6.17,5.97,5.99,325980
2010-07-13,6.0,6.08,5.5,5.92,324380
2010-07-14,6.02,6.1,5.93,5.97,444850
2010-07-15,6.05,6.06,5.87,5.91,557350
2010-07-16,5.98,6.13,5.92,6.11,773740
2010-07-19,6.09,6.23,6.01,6.04,840890
2010-07-20,6.1,6.16,5.95,5.99,375250
2010-07-21,6.0,6.05,5.91,5.94,169740
2010-07-22,5.97,5.99,5.9,5.93,169160
2010-07-23,5.95,6.03,5.86,5.88,134890
2010-07-26,6.0,6.05,5.76,5.8,281510
2010-07-27,5.85,5.88,5.78,5.81,101950
2010-07-28,5.87,5.87,5.75,5.79,106170
2010-07-29,5.85,6.0,5.78,5.85,381260
2010-07-30,5.8,5.88,5.7,5.76,90860
2010-08-02,5.86,5.86,5.68,5.72,113890
2010-08-03,5.85,5.85,5.68,5.7,310010
2010-08-04,5.74,5.82,5.63,5.7,486900
2010-08-05,5.78,5.83,5.69,5.77,240470
2010-08-06,5.83,5.95,5.82,5.85,526670
2010-08-09,5.8,5.99,5.8,5.94,463660
2010-08-10,5.89,5.92,5.74,5.77,261340
2010-08-11,5.71,6.14,5.71,5.86,2824680
2010-08-12,5.87,5.93,5.77,5.8,214680
2010-08-13,5.9,6.05,5.83,5.86,574310
2010-08-16,5.85,5.88,5.71,5.75,264800
2010-08-17,5.86,6.0,5.72,5.81,769460
2010-08-18,5.7,6.18,5.7,5.95,2931730
2010-08-19,6.03,6.04,5.87,5.92,562250
2010-08-20,5.98,6.1,5.66,5.72,3389110
2010-08-23,5.8,5.94,5.78,5.8,338850
2010-08-24,5.95,6.0,5.8,5.82,616800
2010-08-25,5.82,5.82,5.63,5.68,385490
2010-08-26,5.75,5.75,5.53,5.59,436980
2010-08-27,5.61,5.67,5.44,5.5,224690
2010-08-30,5.63,5.63,5.38,5.41,240210
2010-08-31,5.4,5.44,5.25,5.28,289660
2010-09-01,5.34,5.52,5.33,5.44,417290
2010-09-02,5.5,5.57,5.46,5.53,130700
2010-09-03,5.55,6.0,5.47,5.93,3817960
2010-09-06,5.97,6.32,5.88,6.11,4015480
2010-09-07,6.19,6.59,6.14,6.47,4760560
2010-09-08,6.3,7.77,6.13,7.77,11396190
2010-09-09,8.55,8.55,7.84,7.94,18102720
2010-09-13,8.02,8.02,7.15,7.19,4770610
2010-09-14,6.91,7.38,6.8,6.87,4150580
2010-09-15,6.86,7.56,6.86,7.22,10031900
2010-09-16,7.48,7.5,6.99,7.08,3851030
2010-09-17,7.08,7.2,6.93,6.96,1548990
2010-09-20,7.09,7.09,6.82,6.83,2583460
2010-09-21,6.72,6.86,6.59,6.61,1135250
2010-09-22,6.79,6.94,6.45,6.84,4532910
2010-09-23,6.78,7.13,6.63,6.82,3870490
2010-09-24,6.95,6.97,6.66,6.69,1321500
2010-09-27,6.78,6.79,6.53,6.58,629880
2010-09-28,6.63,6.69,6.43,6.51,1677010
2010-09-29,6.59,6.83,6.42,6.49,2112530
2010-09-30,6.5,6.68,6.42,6.47,1786310
2010-10-01,6.46,6.66,6.46,6.53,1344240
2010-10-04,6.57,6.9,6.42,6.82,4008110
2010-10-05,6.84,6.94,6.7,6.74,2234480
2010-10-06,6.77,6.9,6.73,6.81,2298850
2010-10-07,6.84,6.94,6.56,6.65,1172100
2010-10-08,6.62,6.77,6.53,6.59,593700
2010-10-11,6.6,7.25,6.6,7.25,5759440
2010-10-12,7.47,7.73,7.11,7.24,11359900
2010-10-13,7.3,7.43,6.86,6.92,3162610
2010-10-14,6.98,7.12,6.88,6.91,2242120
2010-10-15,6.97,7.15,6.75,6.82,2168420
2010-10-18,6.72,6.85,6.7,6.74,650860
2010-10-19,6.85,6.97,6.66,6.7,3754880
2010-10-20,6.66,6.7,6.41,6.45,6103340
2010-10-21,6.5,6.83,6.49,6.63,5178680
2010-10-22,6.68,7.15,6.64,6.88,10890360
2010-10-25,6.94,7.07,6.88,6.93,3425330
2010-10-26,6.99,7.03,6.74,6.79,905060
2010-10-27,6.89,6.9,6.61,6.64,1656110
2010-10-28,6.65,6.74,6.51,6.56,955870
2010-10-29,6.55,6.73,6.36,6.41,1463050
2010-11-01,6.57,6.58,6.4,6.44,817440
2010-11-02,6.56,6.71,6.41,6.43,551280
2010-11-03,6.53,6.74,6.44,6.61,1879930
2010-11-04,6.65,6.72,6.58,6.63,557390
2010-11-05,6.7,6.71,6.61,6.66,400850
2010-11-08,6.74,6.93,6.63,6.76,1058530
2010-11-09,6.74,8.1,6.73,8.03,24345350
2010-11-10,7.99,8.55,7.62,8.05,19804830
2010-11-11,8.06,8.49,8.03,8.26,10104120
2010-11-12,8.25,8.8,7.91,7.99,11630230
2010-11-15,8.07,8.37,8.01,8.08,3864460
2010-11-16,8.03,8.17,7.22,7.28,3118330
2010-11-18,7.4,7.5,6.7,6.93,2167790
2010-11-19,6.86,7.26,6.61,6.81,2672790
2010-11-22,6.9,7.79,6.65,7.49,5608920
2010-11-23,7.35,7.66,6.9,7.1,6139550
2010-11-24,7.2,7.38,6.88,6.96,1860600
2010-11-25,7.04,7.14,6.68,6.81,936270
2010-11-26,6.76,6.89,5.65,6.23,2631950
2010-11-29,6.59,6.59,6.13,6.38,1093570
2010-11-30,6.4,6.57,6.22,6.35,1075080
2010-12-01,6.44,7.28,6.38,6.96,5960140
2010-12-02,7.07,7.32,7.03,7.1,3981110
2010-12-03,7.12,7.13,6.4,6.59,2475980
2010-12-06,6.63,6.89,6.37,6.42,1740240
2010-12-07,6.47,6.5,6.2,6.29,1082520
2010-12-08,6.28,6.38,5.81,5.95,2358050
2010-12-09,6.02,6.02,5.6,5.63,1515780
2010-12-10,5.61,5.92,5.51,5.78,829740
2010-12-13,5.84,6.16,5.8,6.03,1164200
2010-12-14,5.9,6.27,5.62,6.13,868950
2010-12-15,6.1,6.33,5.97,6.11,1685240
2010-12-16,6.14,6.29,6.05,6.2,1197250
2010-12-20,6.22,6.3,6.12,6.17,819960
2010-12-21,6.2,6.25,6.12,6.16,614380
2010-12-22,6.2,6.6,6.18,6.38,2608620
2010-12-23,6.44,6.48,6.21,6.25,998360
2010-12-24,6.28,6.34,6.2,6.28,514990
2010-12-27,6.3,6.48,6.2,6.26,917880
2010-12-28,6.25,6.35,6.15,6.17,712820
2010-12-29,6.22,6.38,6.19,6.22,882040
2010-12-30,6.28,6.39,6.22,6.25,821110
2010-12-31,6.27,6.38,6.27,6.3,694020
2011-01-03,6.37,6.48,6.34,6.39,1033370
2011-01-04,6.41,6.48,6.36,6.37,570400
2011-01-05,6.4,6.47,6.28,6.32,869180
2011-01-06,6.4,6.4,6.17,6.2,530480
2011-01-07,6.2,6.2,5.96,5.99,682570
2011-01-10,5.83,6.09,5.78,5.83,567610
2011-01-11,5.93,6.12,5.8,5.86,2986940
2011-01-12,5.95,6.03,5.75,5.9,1049070
2011-01-13,6.07,6.22,5.91,5.93,2034940
2011-01-14,6.03,6.14,5.85,5.95,1372630
2011-01-17,6.08,6.13,5.78,5.87,759040
2011-01-18,5.98,5.98,5.7,5.8,760900
2011-01-19,5.8,5.87,5.23,5.67,331220
2011-01-20,5.6,5.79,5.6,5.76,571970
2011-01-21,5.78,5.85,5.75,5.79,224620
2011-01-24,5.74,5.85,5.74,5.81,351540
2011-01-25,5.83,5.85,5.67,5.76,275410
2011-01-27,5.8,5.86,5.21,5.78,536340
2011-01-28,5.8,5.8,5.63,5.72,955820
2011-01-31,5.54,5.7,5.41,5.53,454460
2011-02-01,5.56,5.6,5.37,5.39,299040
2011-02-02,5.44,5.6,5.39,5.45,599820
2011-02-03,5.32,5.6,5.29,5.55,324540
2011-02-04,5.59,5.59,5.31,5.34,440400
2011-02-07,5.29,5.3,5.1,5.16,418150
2011-02-08,5.22,5.22,4.73,4.8,607520
2011-02-09,4.8,4.8,4.3,4.38,489040
2011-02-10,4.43,4.59,4.3,4.55,376540
2011-02-11,4.59,4.83,4.45,4.7,342280
2011-02-14,4.84,5.13,4.77,5.05,502860
2011-02-15,5.05,5.05,4.86,4.91,440890
2011-02-16,4.88,5.15,4.88,5.08,271260
2011-02-17,5.1,5.16,4.98,5.02,344250
2011-02-18,5.09,5.09,4.72,4.78,307560
2011-02-21,4.75,4.87,4.63,4.7,433380
2011-02-22,4.63,4.74,4.53,4.61,356270
2011-02-23,4.6,4.6,4.55,4.55,294150
2011-02-24,4.6,4.7,4.4,4.47,451680
2011-02-25,4.45,4.55,4.37,4.41,269510
2011-02-28,4.5,4.53,4.32,4.37,427120
2011-03-01,4.26,5.13,4.26,5.05,3304210
2011-03-03,5.05,5.52,5.01,5.42,7948080
2011-03-04,5.42,5.42,5.06,5.12,1917770
2011-03-07,4.97,5.03,4.79,4.85,617940
2011-03-08,4.83,5.03,4.83,4.91,372000
2011-03-09,4.92,4.98,4.85,4.87,534700
2011-03-10,4.81,4.95,4.71,4.81,314810
2011-03-11,4.7,4.86,4.6,4.68,278250
2011-03-14,4.76,4.76,4.63,4.69,242070
2011-03-15,4.5,5.12,4.46,4.87,4459820
2011-03-16,5.15,5.35,4.94,5.01,4215870
2011-03-17,4.72,5.05,4.72,4.93,461220
2011-03-18,4.95,4.95,4.81,4.84,309270
2011-03-21,5.0,5.0,4.75,4.77,508730
2011-03-22,4.8,5.03,4.75,4.83,787420
2011-03-23,4.89,5.07,4.86,4.95,686650
2011-03-24,5.07,5.18,5.0,5.11,2298250
2011-03-25,5.07,5.12,4.97,5.03,324280
2011-03-28,5.09,5.22,4.91,5.01,1734270
2011-03-29,4.9,5.07,4.83,4.89,344300
2011-03-30,4.91,5.1,4.85,4.91,238440
2011-03-31,4.91,5.09,4.83,4.87,279230
2011-04-01,4.91,5.0,4.88,4.94,554280
2011-04-04,5.1,5.47,4.94,5.3,4073600
2011-04-05,5.45,5.54,5.38,5.5,3518770
2011-04-06,5.5,5.52,5.36,5.39,843810
2011-04-07,5.36,5.68,5.33,5.43,1782140
2011-04-08,5.52,5.55,5.27,5.33,1334290
2011-04-11,5.45,5.45,5.2,5.26,728360
2011-04-13,5.2,5.35,5.14,5.3,1035730
2011-04-15,5.4,5.78,5.27,5.32,4175930
2011-04-18,5.38,5.49,5.15,5.21,1677920
2011-04-19,5.17,5.26,5.1,5.2,376740
2011-04-20,5.3,5.45,5.25,5.37,3153500
2011-04-21,5.4,5.44,5.23,5.26,834940
2011-04-25,5.29,5.31,5.24,5.28,594740
2011-04-26,5.22,5.28,5.16,5.2,516800
2011-04-27,5.2,5.32,5.11,5.17,455290
2011-04-28,5.2,5.22,5.08,5.1,170440
2011-04-29,5.1,5.4,5.0,5.2,3856190
2011-05-02,5.35,5.35,5.1,5.13,704520
2011-05-03,5.17,5.17,4.88,4.92,631240
2011-05-04,4.95,4.95,4.85,4.87,259630
2011-05-05,4.8,5.1,4.78,4.8,428290
2011-05-06,4.86,4.94,4.8,4.92,494140
2011-05-09,4.91,4.97,4.86,4.88,285460
2011-05-10,4.9,4.95,4.84,4.89,237580
2011-05-11,4.9,5.05,4.62,4.95,618920
2011-05-12,4.97,5.09,4.85,4.88,174240
2011-05-13,4.9,4.97,4.83,4.87,163040
2011-05-16,4.88,5.37,4.84,5.22,4399750
2011-05-17,5.5,6.04,5.37,5.46,27865750
2011-05-18,5.46,5.5,5.13,5.17,2475350
2011-05-19,5.18,5.32,5.11,5.18,1736430
2011-05-20,5.27,5.27,5.06,5.12,714160
2011-05-23,5.12,5.14,4.84,4.91,769540
2011-05-24,4.85,5.28,4.85,5.08,2127170
2011-05-25,5.1,5.17,4.95,4.99,870130
2011-05-26,5.1,5.17,5.0,5.02,977060
2011-05-27,5.05,5.25,5.03,5.07,1933840
2011-05-30,5.11,5.22,5.07,5.09,618100
2011-05-31,5.25,5.45,5.2,5.27,2728260
2011-06-01,5.32,5.37,5.19,5.26,992560
2011-06-02,5.19,5.62,5.01,5.49,6450680
2011-06-03,5.57,5.68,5.36,5.41,4379630
2011-06-06,5.3,5.38,5.2,5.28,513290
2011-06-07,5.33,5.38,5.24,5.26,372550
2011-06-08,5.3,5.42,5.2,5.25,752640
2011-06-09,5.24,5.39,5.22,5.24,576420
2011-06-10,5.28,5.34,5.14,5.17,389650
2011-06-13,5.13,5.19,5.05,5.13,353650
2011-06-14,5.05,5.21,5.04,5.16,281260
2011-06-15,5.11,5.2,5.06,5.08,265070
2011-06-16,5.06,5.38,5.02,5.09,3035670
2011-06-17,5.07,5.15,4.95,5.0,474990
2011-06-20,5.03,5.07,4.61,4.8,721710
2011-06-21,4.87,4.97,4.76,4.84,343380
2011-06-22,4.95,4.95,4.7,4.75,329860
2011-06-23,4.75,4.8,4.65,4.66,282420
2011-06-24,4.74,4.82,4.63,4.76,374690
2011-06-27,4.63,4.89,4.63,4.78,394970
2011-06-28,4.85,5.09,4.78,4.83,1560320
2011-06-29,4.88,4.97,4.8,4.9,1226390
2011-06-30,4.99,5.17,4.92,5.0,2986720
2011-07-01,5.05,5.12,4.97,5.08,1368110
2011-07-04,5.11,5.28,5.05,5.26,1613280
2011-07-05,5.28,5.28,5.18,5.2,750790
2011-07-06,5.16,5.3,5.15,5.18,585730
2011-07-07,5.22,5.27,5.13,5.17,336230
2011-07-08,5.24,5.37,5.2,5.23,1859510
2011-07-11,5.24,5.43,5.24,5.33,2668130
2011-07-12,5.4,5.4,5.15,5.18,1507970
2011-07-13,5.25,5.33,5.21,5.28,668740
2011-07-14,5.27,5.37,5.15,5.26,723540
2011-07-15,5.3,5.49,5.24,5.43,2358990
2011-07-18,5.4,5.47,5.32,5.34,316770
2011-07-19,5.43,5.43,5.26,5.28,916300
2011-07-20,5.35,5.36,5.26,5.28,280470
2011-07-21,5.23,5.36,5.2,5.22,351690
2011-07-22,5.3,5.33,5.2,5.22,176330
2011-07-25,5.25,5.42,5.19,5.34,572790
2011-07-26,5.3,5.34,5.2,5.21,294700
2011-07-27,5.28,5.28,4.99,5.03,660200
2011-07-28,5.0,5.07,4.96,5.0,310750
2011-07-29,5.0,5.22,4.96,5.0,1113190
2011-08-01,5.0,5.08,4.88,4.92,316600
2011-08-02,4.91,4.91,4.68,4.69,502870
2011-08-03,4.68,4.75,4.6,4.72,371040
2011-08-04,4.74,4.84,4.69,4.71,305560
2011-08-05,4.61,4.65,4.4,4.5,575550
2011-08-08,4.39,4.53,4.25,4.42,425990
2011-08-09,4.32,4.41,4.3,4.35,347020
2011-08-10,4.5,4.55,4.38,4.47,214660
2011-08-11,4.49,4.87,4.4,4.71,1791000
2011-08-12,4.74,4.8,4.53,4.54,460970
2011-08-16,4.64,4.7,4.4,4.43,203240
2011-08-17,4.42,4.56,4.29,4.48,561620
2011-08-18,4.51,4.58,4.26,4.33,227170
2011-08-19,4.26,4.3,4.2,4.26,170180
2011-08-22,4.24,4.4,4.24,4.34,159310
2011-08-23,4.31,4.47,4.31,4.39,96730
2011-08-24,4.4,4.55,4.32,4.37,299060
2011-08-25,4.37,4.4,4.31,4.33,55310
2011-08-26,4.3,4.39,4.16,4.22,356520
2011-08-29,4.24,4.45,4.24,4.36,403480
2011-08-30,4.43,4.45,4.33,4.38,194270
2011-09-02,4.42,4.45,4.36,4.4,246370
2011-09-05,4.39,4.55,4.34,4.45,168540
2011-09-06,4.48,4.49,4.35,4.41,161210
2011-09-07,4.45,4.58,4.41,4.48,249660
2011-09-08,4.53,4.74,4.5,4.64,959910
2011-09-09,4.84,5.05,4.76,4.88,3032750
2011-09-12,4.78,4.78,4.66,4.69,367120
2011-09-13,4.72,4.77,4.53,4.58,397610
2011-09-14,4.52,4.66,4.51,4.55,351410
2011-09-15,4.6,4.64,4.58,4.6,266530
2011-09-16,4.56,4.63,4.5,4.53,299430
2011-09-19,4.51,4.58,4.47,4.5,358590
2011-09-20,4.51,4.71,4.5,4.63,521330
2011-09-21,4.55,4.93,4.55,4.8,1698890
2011-09-22,4.72,4.74,4.52,4.54,307650
2011-09-23,4.52,4.63,4.44,4.55,474330
2011-09-26,4.55,4.62,4.36,4.45,253320
2011-09-27,4.55,4.6,4.45,4.5,192260
2011-09-28,4.45,4.58,4.42,4.43,255490
2011-09-29,4.35,4.47,4.32,4.44,124200
2011-09-30,4.38,4.52,4.36,4.4,162390
2011-10-03,4.35,4.39,4.05,4.17,413690
2011-10-04,4.1,4.26,4.08,4.11,286370
2011-10-05,4.1,4.2,3.92,4.08,467790
2011-10-07,4.18,4.25,4.12,4.18,270380
2011-10-10,4.14,4.34,4.14,4.31,489020
2011-10-11,4.4,4.42,4.28,4.33,667150
2011-10-12,4.36,4.43,4.3,4.38,124180
2011-10-13,4.53,4.64,4.43,4.45,770670
2011-10-14,4.25,4.53,4.25,4.5,320440
2011-10-17,4.57,4.57,4.41,4.45,115040
2011-10-18,4.4,4.54,4.33,4.47,211430
2011-10-19,4.45,4.5,4.43,4.44,184090
2011-10-20,4.47,4.47,4.41,4.43,86110
2011-10-21,4.43,4.47,4.38,4.4,89880
2011-10-24,4.4,4.44,4.33,4.4,37610
2011-10-25,4.5,4.53,4.4,4.43,199540
2011-10-26,4.41,4.47,4.38,4.43,36990
2011-10-28,4.51,4.52,4.43,4.47,109970
2011-10-31,4.5,5.09,4.5,4.89,1258090
2011-11-01,4.97,5.14,4.78,4.92,871680
2011-11-02,4.92,5.12,4.82,4.98,556460
2011-11-03,5.0,5.28,4.9,5.2,1688380
2011-11-04,5.3,5.37,5.03,5.09,1160030
2011-11-08,5.03,5.18,4.93,5.03,373000
2011-11-09,5.07,5.07,4.82,4.83,101560
2011-11-11,4.75,4.8,4.51,4.58,655070
2011-11-14,4.57,4.74,4.47,4.51,162580
2011-11-15,4.45,4.48,4.17,4.2,522690
2011-11-16,4.11,4.18,4.1,4.14,192620
2011-11-17,4.13,4.2,4.01,4.09,193130
2011-11-18,4.01,4.09,3.93,3.98,136170
2011-11-21,3.9,4.0,3.9,3.93,92190
2011-11-22,3.94,4.0,3.92,3.93,58710
2011-11-23,3.92,4.38,3.92,4.02,1463880
2011-11-24,3.95,4.1,3.95,4.05,239910
2011-11-25,4.03,4.37,4.03,4.05,557190
2011-11-28,4.11,4.22,4.11,4.17,205700
2011-11-29,4.13,4.27,4.13,4.17,115050
2011-11-30,4.11,4.25,4.04,4.14,171670
2011-12-01,4.2,4.53,4.18,4.45,906670
2011-12-02,4.39,4.55,4.37,4.51,413480
2011-12-05,4.68,4.68,4.41,4.44,170470
2011-12-07,4.42,4.75,4.41,4.58,337050
2011-12-08,4.68,4.72,4.49,4.51,474240
2011-12-09,4.45,4.53,4.22,4.32,173810
2011-12-12,4.45,4.45,4.2,4.2,72700
2011-12-13,4.68,4.68,4.13,4.16,80190
2011-12-14,4.17,4.25,4.05,4.08,52500
2011-12-15,4.08,4.32,4.01,4.25,234680
2011-12-16,4.26,4.26,4.08,4.14,39200
2011-12-19,4.05,4.2,3.9,3.98,157110
2011-12-20,3.94,4.09,3.85,3.92,132520
2011-12-21,4.1,4.1,3.94,4.0,32870
2011-12-22,3.96,4.0,3.87,3.91,139400
2011-12-23,3.92,4.21,3.92,4.1,420100
2011-12-26,4.14,4.22,4.06,4.18,88240
2011-12-27,4.22,4.35,4.15,4.29,610870
2011-12-28,4.49,4.66,4.03,4.07,1015000
2011-12-29,4.05,4.05,3.88,3.95,146210
2011-12-30,3.88,4.04,3.83,3.87,112100
2012-01-02,4.0,4.0,3.75,3.82,200240
2012-01-03,3.85,3.98,3.85,3.95,160530
2012-01-04,4.0,4.07,3.95,4.0,171780
2012-01-05,4.05,4.13,3.9,3.95,406810
2012-01-06,3.95,3.95,3.85,3.88,84840
2012-01-07,3.92,3.98,3.9,3.97,6490
2012-01-09,3.9,4.2,3.87,4.02,784370
2012-01-10,4.1,4.24,4.09,4.14,391480
2012-01-11,4.2,4.54,4.12,4.2,1348330
2012-01-12,4.18,4.39,4.15,4.26,686460
2012-01-13,4.3,4.44,4.25,4.29,274180
2012-01-16,4.22,4.3,4.2,4.22,76360
2012-01-17,4.15,4.35,4.15,4.28,207500
2012-01-18,4.3,4.3,4.11,4.13,116330
2012-01-19,4.17,4.32,4.13,4.17,374710
2012-01-20,4.14,4.49,4.14,4.27,1155440
2012-01-23,4.39,4.5,4.26,4.42,1230010
2012-01-24,4.43,4.45,4.32,4.35,218500
2012-01-25,4.33,4.38,4.23,4.31,202400
2012-01-27,4.32,4.37,4.25,4.26,344060
2012-01-30,4.28,4.33,4.17,4.21,157980
2012-01-31,4.18,4.28,4.18,4.24,186380
2012-02-01,4.3,4.8,4.3,4.57,4464310
2012-02-02,4.64,4.78,4.45,4.48,813960
2012-02-03,4.49,4.61,4.32,4.43,1043350
2012-02-06,4.46,4.63,4.37,4.42,941310
2012-02-07,4.55,4.72,4.53,4.58,1533550
2012-02-08,4.72,4.82,4.63,4.7,1998220
2012-02-09,4.72,4.75,4.51,4.6,363240
2012-02-10,4.6,4.72,4.5,4.52,301270
2012-02-13,4.55,4.58,4.43,4.5,119770
2012-02-14,4.48,4.59,4.43,4.47,247670
2012-02-15,4.51,4.53,4.43,4.49,225110
2012-02-16,4.42,4.59,4.38,4.46,370000
2012-02-17,4.58,4.66,4.46,4.47,458610
2012-02-21,4.55,4.55,4.45,4.47,150700
2012-02-22,4.43,4.52,4.25,4.3,266800
2012-02-23,4.26,4.31,4.16,4.2,189210
2012-02-24,4.24,4.24,4.08,4.1,179970
2012-02-27,4.15,4.15,3.85,3.95,260030
2012-02-28,4.01,4.17,3.98,4.05,142460
2012-02-29,4.18,4.63,4.1,4.57,4034810
2012-03-01,4.77,4.95,4.32,4.36,3064740
2012-03-02,4.41,4.5,4.3,4.32,772870
2012-03-03,4.34,4.35,4.28,4.3,86810
2012-03-05,4.3,4.35,4.2,4.22,217520
2012-03-06,4.16,4.27,4.12,4.17,182090
2012-03-07,4.27,4.59,4.12,4.15,510110
2012-03-09,4.29,4.3,4.07,4.12,380180
2012-03-12,4.16,4.2,4.05,4.08,243720
2012-03-13,4.14,4.2,4.08,4.12,280020
2012-03-14,4.15,4.22,4.13,4.14,288510
2012-03-15,4.13,4.16,4.05,4.08,148250
2012-03-16,4.14,4.16,4.02,4.05,301980
2012-03-19,4.1,4.1,3.94,3.98,208770
2012-03-20,4.05,4.1,3.91,3.93,264460
2012-03-21,4.05,4.05,3.95,3.99,268420
2012-03-22,4.02,4.02,3.9,3.92,238130
2012-03-23,3.92,3.96,3.89,3.9,144450
2012-03-26,3.92,3.93,3.85,3.87,378600
2012-03-27,3.87,3.89,3.74,3.77,256270
2012-03-28,3.7,3.98,3.64,3.72,290440
2012-03-29,3.65,3.78,3.61,3.72,204720
2012-03-30,3.75,3.89,3.73,3.81,320480
2012-04-02,3.83,3.86,3.78,3.82,214930
2012-04-03,3.81,4.02,3.81,3.95,309610
2012-04-04,4.0,4.0,3.9,3.93,79020
2012-04-09,3.97,4.18,3.97,4.05,703250
2012-04-10,4.17,4.25,4.12,4.15,1526540
2012-04-11,4.02,4.35,4.02,4.05,388550
2012-04-12,4.06,4.07,3.7,3.98,242790
2012-04-13,3.96,4.06,3.83,3.95,459440
2012-04-16,3.95,4.03,3.95,3.96,45310
2012-04-17,3.97,4.08,3.84,3.97,272140
2012-04-18,4.05,4.12,3.98,4.0,165240
2012-04-19,4.05,4.3,3.97,4.22,882440
2012-04-20,4.57,4.59,4.32,4.35,4033690
2012-04-23,4.4,4.4,4.12,4.13,412570
2012-04-24,4.35,4.37,4.2,4.22,1117570
2012-04-25,4.28,4.28,3.97,4.02,456040
2012-04-26,4.0,4.03,3.91,3.94,358090
2012-04-27,3.91,4.0,3.86,3.89,305370
2012-04-28,3.97,3.97,3.86,3.92,39390
2012-04-30,3.94,4.05,3.87,3.89,268620
2012-05-02,3.98,3.98,3.73,3.87,202190
2012-05-03,3.9,4.05,3.82,3.84,660080
2012-05-04,3.81,3.88,3.75,3.78,253980
2012-05-07,3.71,3.78,3.65,3.77,290650
2012-05-08,3.85,3.88,3.73,3.77,312790
2012-05-09,3.77,3.85,3.67,3.7,200530
2012-05-10,3.8,3.8,3.7,3.77,253690
2012-05-11,3.8,3.8,3.61,3.63,220600
2012-05-14,3.72,3.72,3.58,3.6,213960
2012-05-15,3.7,3.7,3.57,3.6,151050
2012-05-16,3.58,3.67,3.51,3.63,118490
2012-05-17,3.67,3.74,3.59,3.61,200970
2012-05-18,3.6,3.64,3.56,3.58,236190
2012-05-21,3.58,3.65,3.56,3.58,99240
2012-05-22,3.62,3.65,3.57,3.58,129320
2012-05-23,3.58,3.62,3.43,3.52,242920
2012-05-24,3.55,3.67,3.53,3.61,203930
2012-05-25,3.75,3.85,3.65,3.67,351170
2012-05-28,3.7,3.73,3.6,3.66,76420
2012-05-29,3.62,3.68,3.62,3.67,111200
2012-05-30,3.65,3.67,3.48,3.51,371500
2012-05-31,3.53,3.6,3.46,3.48,84660
2012-06-01,3.48,3.53,3.45,3.46,41330
2012-06-04,3.46,3.53,3.42,3.49,98960
2012-06-05,3.55,3.55,3.46,3.47,149450
2012-06-06,3.5,3.57,3.5,3.54,75070
2012-06-07,3.58,3.63,3.55,3.58,191840
2012-06-08,3.58,3.58,3.5,3.52,172440
2012-06-11,3.55,3.64,3.55,3.57,173330
2012-06-12,3.52,3.58,3.52,3.55,67610
2012-06-13,3.55,3.6,3.55,3.57,73500
2012-06-14,3.54,3.6,3.46,3.51,110120
2012-06-15,3.52,3.54,3.45,3.48,114800
2012-06-18,3.49,3.5,3.43,3.46,104780
2012-06-19,3.48,3.48,3.41,3.45,20090
2012-06-20,3.43,3.47,3.4,3.42,91090
2012-06-21,3.42,3.85,3.42,3.74,592020
2012-06-22,3.71,3.86,3.52,3.67,1033640
2012-06-25,3.73,3.79,3.64,3.66,232760
2012-06-26,3.65,3.79,3.63,3.72,176780
2012-06-27,3.66,3.72,3.65,3.67,38010
2012-06-28,3.67,3.86,3.65,3.83,457870
2012-06-29,3.8,4.02,3.78,3.92,1095950
2012-07-02,3.98,4.16,3.88,4.08,1029190
2012-07-03,4.2,4.2,3.91,4.0,909950
2012-07-04,4.0,4.06,3.98,4.0,237060
2012-07-05,4.11,4.53,4.1,4.38,4314710
2012-07-06,4.39,4.39,4.19,4.33,647450
2012-07-09,4.3,4.38,4.18,4.21,382420
2012-07-10,4.2,4.25,4.19,4.24,171800
2012-07-11,4.23,4.34,4.2,4.2,256720
2012-07-12,4.17,4.28,4.1,4.18,199370
2012-07-13,4.16,4.74,4.16,4.64,4775830
2012-07-16,4.74,4.78,4.54,4.57,2534780
2012-07-17,4.61,4.7,4.56,4.66,895170
2012-07-18,4.6,4.72,4.48,4.58,349910
2012-07-19,4.68,4.7,4.54,4.66,564820
2012-07-20,4.7,4.7,4.55,4.67,525770
2012-07-23,4.63,4.7,4.55,4.59,399570
2012-07-24,4.6,4.69,4.56,4.63,285820
2012-07-25,4.59,4.85,4.55,4.7,244260
2012-07-26,4.72,4.72,4.59,4.62,300190
2012-07-27,4.61,4.66,4.5,4.51,342090
2012-07-30,4.53,4.6,4.4,4.43,128630
2012-07-31,4.6,4.6,4.42,4.53,232800
2012-08-01,4.5,4.57,4.45,4.52,68050
2012-08-02,4.54,4.82,4.45,4.62,1155710
2012-08-03,4.68,4.74,4.58,4.65,389730
2012-08-06,4.65,4.76,4.6,4.62,389930
2012-08-07,4.63,4.75,4.62,4.7,402440
2012-08-08,4.65,4.72,4.61,4.62,65830
2012-08-09,4.61,4.61,4.47,4.53,137800
2012-08-10,4.6,4.73,4.58,4.7,688990
2012-08-13,4.7,4.7,4.6,4.62,68940
2012-08-14,4.68,4.92,4.6,4.71,1137840
2012-08-16,4.86,4.93,4.8,4.85,807790
2012-08-17,4.9,4.9,4.66,4.68,227870
2012-08-21,4.7,4.78,4.65,4.68,384210
2012-08-22,4.67,4.73,4.63,4.64,121270
2012-08-23,4.69,4.69,4.56,4.58,217430
2012-08-24,4.56,4.63,4.49,4.5,157670
2012-08-27,4.5,4.55,4.39,4.43,77690
2012-08-28,4.53,4.54,4.29,4.31,222950
2012-08-29,4.27,4.36,4.14,4.17,121300
2012-08-30,4.16,4.25,4.15,4.22,51550
2012-08-31,4.18,4.34,4.14,4.28,245720
2012-09-03,4.38,4.46,4.35,4.36,331920
2012-09-04,4.32,4.37,4.26,4.28,60170
2012-09-05,4.33,4.45,4.27,4.34,136270
2012-09-06,4.39,4.39,4.28,4.33,89490
2012-09-07,4.32,4.42,4.32,4.35,114570
2012-09-08,4.4,4.45,4.37,4.38,1640
2012-09-10,4.34,4.47,4.15,4.39,262480
2012-09-11,4.39,4.66,4.35,4.61,665880
2012-09-12,4.62,4.62,4.45,4.51,241790
2012-09-13,4.5,4.7,4.47,4.51,189980
2012-09-14,4.54,4.66,4.36,4.43,107570
2012-09-17,4.49,4.49,4.35,4.41,69620
2012-09-18,4.43,4.63,4.4,4.51,208170
2012-09-20,4.45,4.88,4.41,4.8,1489610
2012-09-21,4.8,5.13,4.4,5.05,2273120
2012-09-24,5.0,5.67,4.75,5.38,3106290
2012-09-25,5.42,5.42,5.05,5.18,320730
2012-09-26,5.11,5.2,4.93,5.01,511270
2012-09-27,4.97,5.15,4.92,5.02,202930
2012-09-28,5.0,5.24,5.0,5.2,337880
2012-10-01,5.24,5.45,5.22,5.34,430110
2012-10-03,5.42,5.5,5.32,5.39,226370
2012-10-04,5.62,6.38,5.43,6.13,5143340
2012-10-05,6.1,6.19,5.83,6.0,834240
2012-10-08,6.0,6.14,5.86,5.88,794340
2012-10-09,5.86,6.04,5.72,5.91,240270
2012-10-10,5.85,5.95,5.75,5.78,206930
2012-10-11,5.75,6.93,5.7,6.69,5600980
2012-10-12,6.77,6.9,6.27,6.49,2559190
2012-10-15,6.58,6.8,6.5,6.77,1982000
2012-10-16,6.91,7.0,6.63,6.9,2907170
2012-10-17,6.94,6.99,6.58,6.62,532320
2012-10-18,6.65,6.7,6.3,6.34,632540
2012-10-19,6.47,6.58,6.27,6.3,455850
2012-10-22,6.3,6.54,6.28,6.38,267680
2012-10-23,6.4,6.48,6.35,6.4,124520
2012-10-25,6.4,6.48,6.3,6.35,142870
2012-10-26,6.3,6.44,6.22,6.26,130180
2012-10-29,6.33,6.39,6.23,6.26,107590
2012-10-30,6.27,6.3,6.03,6.15,194890
2012-10-31,6.25,6.25,5.84,6.02,246810
2012-11-01,6.07,6.43,5.85,6.32,398290
2012-11-02,6.39,6.43,6.21,6.25,192510
2012-11-05,6.32,6.47,6.17,6.34,342660
2012-11-06,6.5,6.68,6.37,6.57,1753860
2012-11-07,6.57,6.78,6.41,6.44,823800
2012-11-08,6.4,6.49,6.1,6.2,321000
2012-11-09,6.16,6.33,6.05,6.09,106050
2012-11-12,6.11,6.12,5.88,5.97,150120
2012-11-13,5.95,6.05,5.95,5.98,40560
2012-11-15,6.0,6.28,5.78,6.14,335400
2012-11-16,6.3,6.3,5.95,6.01,138860
2012-11-19,6.09,6.09,5.84,5.91,108880
2012-11-20,5.99,6.1,5.86,5.88,256260
2012-11-21,5.87,6.0,5.83,5.88,94180
2012-11-22,5.97,6.08,5.97,6.0,298360
2012-11-23,6.0,6.05,5.73,5.78,237210
2012-11-26,5.87,5.88,5.74,5.76,184580
2012-11-27,5.86,5.93,5.75,5.8,362810
2012-11-29,5.8,5.89,5.75,5.76,156970
2012-11-30,5.77,5.91,5.72,5.8,255180
2012-12-03,5.87,6.48,5.85,6.1,458110
2012-12-04,6.11,6.25,6.08,6.13,181020
2012-12-05,6.18,6.21,6.05,6.11,88070
2012-12-06,6.16,6.36,6.0,6.31,329930
2012-12-07,6.47,6.67,6.36,6.41,713890
2012-12-10,6.43,6.62,6.35,6.54,315960
2012-12-11,6.64,6.74,6.38,6.43,441980
2012-12-12,6.42,6.54,6.24,6.28,153130
2012-12-13,6.37,6.41,6.16,6.2,138850
2012-12-14,6.17,6.26,6.1,6.12,72670
2012-12-17,6.35,6.38,6.08,6.14,77330
2012-12-18,6.2,6.27,6.13,6.2,154200
2012-12-19,6.39,6.39,6.16,6.18,76780
2012-12-20,6.25,6.25,6.05,6.2,214720
2012-12-21,6.23,6.23,5.97,6.01,73460
2012-12-24,5.97,6.16,5.97,6.09,75650
2012-12-26,6.18,6.25,5.93,5.97,307090
2012-12-27,6.09,6.09,5.89,5.92,46590
2012-12-28,5.82,6.05,5.82,5.88,56610
2012-12-31,6.0,6.05,5.86,5.98,276540
2013-01-01,6.09,6.17,5.98,6.11,116700
2013-01-02,6.15,6.52,6.12,6.32,688260
2013-01-03,6.32,6.45,6.2,6.22,75070
2013-01-04,6.3,6.3,6.17,6.2,47970
2013-01-07,6.28,6.29,6.13,6.2,70160
2013-01-08,6.11,6.15,6.02,6.05,195430
2013-01-09,6.14,6.14,6.01,6.04,40330
2013-01-10,6.15,6.15,6.03,6.04,53030
2013-01-11,6.1,6.1,5.78,5.93,201520
2013-01-14,5.95,5.99,5.74,5.79,113180
2013-01-15,5.79,5.93,5.79,5.82,236430
2013-01-16,5.94,5.94,5.61,5.67,119730
2013-01-17,5.7,5.85,5.62,5.66,951800
2013-01-18,5.67,5.78,5.6,5.67,87180
2013-01-21,5.69,5.78,5.53,5.59,116730
2013-01-22,5.65,5.73,5.46,5.52,189180
2013-01-23,5.54,5.64,5.37,5.42,167540
2013-01-24,5.55,5.55,5.38,5.44,339670
2013-01-25,5.45,5.46,5.36,5.42,62360
2013-01-28,5.47,5.59,5.36,5.47,107570
2013-01-29,5.45,5.47,5.37,5.4,81330
2013-01-30,5.5,5.65,5.42,5.59,543950
2013-01-31,5.6,5.65,5.46,5.54,90580
2013-02-01,5.6,5.62,5.45,5.52,102110
2013-02-04,5.51,5.55,5.48,5.53,89590
2013-02-05,5.5,5.5,5.38,5.41,50370
2013-02-06,5.49,5.5,5.34,5.43,64000
2013-02-07,5.5,6.02,5.47,5.85,5899630
2013-02-08,5.89,6.04,5.72,5.78,2304180
2013-02-11,5.78,5.8,5.55,5.65,210950
2013-02-12,5.55,5.7,5.55,5.61,118040
2013-02-13,5.63,5.65,5.43,5.47,110150
2013-02-14,5.41,5.53,5.26,5.38,160260
2013-02-15,5.35,5.52,5.35,5.47,131420
2013-02-18,5.5,5.6,5.32,5.42,76950
2013-02-19,5.55,5.55,5.4,5.42,48790
2013-02-20,5.57,5.57,5.4,5.41,230590
2013-02-21,5.38,5.48,5.28,5.37,204520
2013-02-22,5.22,5.64,5.22,5.5,209610
2013-02-25,5.5,5.66,5.43,5.49,197750
2013-02-26,5.47,5.47,5.35,5.37,74940
2013-02-27,5.38,5.39,5.22,5.37,81470
2013-02-28,5.34,5.4,5.2,5.24,86600
2013-03-01,5.3,5.3,5.18,5.25,83440
2013-03-04,5.16,5.28,4.84,5.22,125530
2013-03-05,5.2,5.43,5.15,5.2,35690
2013-03-06,5.2,5.28,5.16,5.22,48680
2013-03-07,5.25,5.3,5.15,5.2,37440
2013-03-08,5.22,5.49,5.18,5.34,90930
2013-03-11,5.43,5.56,5.3,5.41,156330
2013-03-12,5.41,5.51,5.32,5.35,53410
2013-03-13,5.39,5.39,5.24,5.32,36620
2013-03-14,5.33,5.39,5.15,5.18,152660
2013-03-15,5.25,5.25,5.1,5.18,156540
2013-03-18,5.21,5.4,5.1,5.17,320390
2013-03-19,5.17,5.25,5.09,5.15,52650
2013-03-20,5.08,5.09,4.86,4.87,115220
2013-03-21,4.89,4.95,4.77,4.83,86070
2013-03-22,4.78,4.8,4.61,4.78,405310
2013-03-25,4.73,4.86,4.53,4.6,81650
2013-03-26,4.69,4.69,4.41,4.53,93960
2013-03-28,4.69,4.77,4.56,4.7,91850
2013-04-01,4.77,4.95,4.76,4.85,70390
2013-04-02,4.89,4.98,4.85,4.92,123600
2013-04-03,4.93,5.52,4.72,4.82,834340
2013-04-04,4.77,4.86,4.53,4.75,202850
2013-04-05,4.7,4.8,4.66,4.71,39890
2013-04-08,4.77,4.81,4.66,4.67,80870
2013-04-09,4.7,4.82,4.63,4.69,109020
2013-04-10,4.63,4.81,4.47,4.78,228830
2013-04-11,4.75,4.95,4.72,4.9,443300
2013-04-12,4.92,5.08,4.74,4.95,340770
2013-04-15,4.86,5.12,4.86,5.08,216800
2013-04-16,5.02,5.16,4.97,5.14,357470
2013-04-17,5.13,5.79,5.1,5.49,966410
2013-04-18,5.6,5.8,5.45,5.57,304490
2013-04-22,5.53,5.6,5.35,5.37,62870
2013-04-23,5.3,5.39,5.25,5.28,60140
2013-04-25,5.25,5.45,5.11,5.27,125840
2013-04-26,5.34,5.5,5.3,5.46,159010
2013-04-29,5.45,5.55,5.36,5.49,108730
2013-04-30,5.6,5.66,5.55,5.65,148470
2013-05-02,5.63,5.7,5.45,5.62,176210
2013-05-03,5.55,5.79,5.5,5.7,323320
2013-05-06,5.65,6.0,5.61,5.86,213200
2013-05-07,5.8,5.95,5.76,5.9,41330
2013-05-08,5.81,5.95,5.7,5.8,70260
2013-05-09,5.75,6.04,5.75,5.95,419940
2013-05-10,6.0,6.0,5.84,5.88,66250
2013-05-11,5.84,5.89,5.84,5.84,11000
2013-05-13,5.83,5.9,5.79,5.8,63480
2013-05-14,5.89,6.07,5.78,5.89,75260
2013-05-15,6.15,6.18,5.91,6.0,222390
2013-05-16,6.0,6.38,5.92,6.05,306830
2013-05-17,6.03,6.09,5.95,5.96,68600
2013-05-20,5.92,6.05,5.86,5.95,43480
2013-05-21,6.1,6.25,5.95,6.1,308740
2013-05-22,6.1,6.14,6.0,6.03,114360
2013-05-23,5.93,6.13,5.8,5.89,202460
2013-05-24,5.82,6.06,5.82,6.02,65410
2013-05-27,6.14,6.16,6.03,6.11,90460
2013-05-28,6.07,6.14,6.02,6.03,79930
2013-05-29,6.03,6.03,5.86,5.89,85600
2013-05-30,5.85,5.96,5.71,5.84,93480
2013-05-31,5.79,5.93,5.79,5.82,17680
2013-06-03,5.78,6.25,5.7,6.14,299670
2013-06-04,6.08,6.45,6.02,6.34,392630
2013-06-05,6.27,6.45,6.2,6.26,343410
2013-06-06,6.3,6.49,6.06,6.31,473230
2013-06-07,6.22,6.34,6.22,6.24,194490
2013-06-10,6.3,6.43,6.2,6.35,97110
2013-06-11,6.29,6.63,6.17,6.52,570100
2013-06-12,6.39,6.6,6.05,6.13,469160
2013-06-13,6.17,6.23,5.8,6.11,311440
2013-06-14,6.19,6.27,5.81,5.93,192430
2013-06-17,5.94,6.17,5.94,6.04,49660
2013-06-18,6.1,6.59,5.95,6.47,481600
2013-06-19,6.59,7.76,6.59,7.61,7612060
2013-06-20,7.74,7.96,6.81,7.02,6358520
2013-06-21,7.0,7.43,6.92,6.97,2910180
2013-06-24,6.74,6.99,6.59,6.71,635390
2013-06-25,6.7,6.95,6.37,6.67,409820
2013-06-26,6.72,7.03,6.61,6.78,587700
2013-06-27,6.85,6.85,6.65,6.72,123010
2013-06-28,6.82,7.1,6.72,6.99,577530
2013-07-01,6.95,7.13,6.75,7.0,308640
2013-07-02,7.01,7.15,7.0,7.09,234590
2013-07-03,7.08,7.15,6.9,6.98,199740
2013-07-04,6.96,7.2,6.81,6.93,155160
2013-07-05,6.99,7.06,6.91,6.96,49860
2013-07-08,6.93,7.06,6.86,6.95,158490
2013-07-09,6.91,7.02,6.9,6.97,305960
2013-07-10,7.0,7.74,6.92,7.21,741430
2013-07-11,7.29,7.37,7.07,7.12,420870
2013-07-12,7.08,7.2,7.03,7.13,287050
2013-07-15,7.3,7.85,7.3,7.36,2997750
2013-07-16,7.38,7.43,7.14,7.32,512780
2013-07-17,7.4,7.4,6.9,6.93,543410
2013-07-18,6.93,7.18,6.78,7.08,215410
2013-07-19,7.05,7.13,6.84,6.9,183910
2013-07-22,6.91,7.08,6.86,7.01,128120
2013-07-23,7.04,7.09,6.86,7.07,301950
2013-07-24,7.01,7.01,6.82,6.84,50790
2013-07-25,7.04,7.59,6.92,7.31,1576530
2013-07-26,7.2,7.53,7.01,7.34,550440
2013-07-29,7.39,7.62,6.92,6.94,161970
2013-07-30,6.96,7.03,6.4,6.49,161050
2013-07-31,6.48,6.5,6.2,6.42,92840
2013-08-01,6.46,6.59,6.2,6.35,97490
2013-08-02,6.36,6.47,6.03,6.12,73790
2013-08-05,6.11,6.25,6.0,6.18,133600
2013-08-06,6.2,6.2,5.88,5.93,69730
2013-08-07,5.87,5.96,5.82,5.91,49080
2013-08-08,5.98,6.14,5.9,6.03,38120
2013-08-12,6.01,6.18,5.9,6.14,55200
2013-08-13,6.05,6.69,5.93,6.54,267530
2013-08-14,6.65,6.68,6.45,6.53,178870
2013-08-16,6.53,6.59,6.02,6.08,102730
2013-08-19,6.05,6.45,6.0,6.39,280660
2013-08-20,6.49,7.67,6.31,7.67,3142670
2013-08-21,7.77,8.07,7.0,7.07,1170530
2013-08-22,6.99,7.28,6.77,7.02,805630
2013-08-23,7.09,7.25,6.96,6.99,178930
2013-08-26,7.07,7.3,7.0,7.03,183200
2013-08-27,7.0,7.09,6.7,6.78,111200
2013-08-28,6.76,6.99,6.51,6.79,169580
2013-08-29,7.09,7.09,6.61,6.9,80070
2013-08-30,6.95,7.23,6.88,6.93,383610
2013-09-02,7.07,7.07,6.74,6.79,174870
2013-09-03,6.9,6.94,6.6,6.63,138630
2013-09-04,6.64,7.24,6.52,7.09,323490
2013-09-05,7.11,7.2,6.85,6.94,98380
2013-09-06,6.92,7.16,6.86,7.03,162950
2013-09-10,7.39,7.4,7.02,7.13,330160
2013-09-11,7.3,7.4,7.16,7.24,519790
2013-09-12,7.2,7.34,6.94,6.99,89840
2013-09-13,7.0,7.0,6.85,6.88,180980
2013-09-16,6.84,7.04,6.84,6.97,633130
2013-09-17,6.97,7.09,6.81,6.95,75860
2013-09-18,6.91,6.95,6.82,6.82,27490
2013-09-19,6.81,7.03,6.81,6.95,119390
2013-09-20,7.0,7.0,6.76,6.78,51780
2013-09-23,6.72,6.9,6.7,6.79,48560
2013-09-24,6.89,6.89,6.72,6.76,57340
2013-09-25,6.81,7.32,6.73,7.22,540490
2013-09-26,7.2,7.2,6.94,7.01,84400
2013-09-27,7.07,7.14,6.85,7.01,36800
2013-09-30,7.08,7.22,6.85,7.14,77000
2013-10-01,7.19,7.19,7.01,7.11,87420
2013-10-03,7.11,7.5,7.01,7.46,478250
2013-10-04,7.59,7.59,7.31,7.37,770800
2013-10-07,7.33,7.47,7.11,7.19,87900
2013-10-08,7.2,7.52,7.16,7.29,226970
2013-10-09,7.25,7.79,7.12,7.41,283750
2013-10-10,7.4,7.47,7.31,7.37,53410
2013-10-11,7.47,7.47,7.22,7.31,62550
2013-10-14,7.3,7.74,7.28,7.5,699770
2013-10-15,7.59,7.59,7.16,7.19,142830
2013-10-17,7.28,7.3,6.98,7.03,203320
2013-10-18,7.17,8.1,7.1,7.79,1551630
2013-10-21,7.79,8.17,7.66,8.06,844370
2013-10-22,8.09,8.61,7.82,8.49,2610270
2013-10-23,8.55,8.65,8.03,8.17,1447520
2013-10-24,8.25,8.39,8.12,8.16,131070
2013-10-25,8.29,8.38,8.07,8.12,86960
2013-10-28,8.1,8.19,7.81,7.85,151780
2013-10-29,7.94,7.94,7.72,7.77,146790
2013-10-30,7.77,7.94,7.71,7.86,103510
2013-10-31,7.93,7.93,7.76,7.81,58900
2013-11-01,7.8,7.94,7.67,7.81,127500
2013-11-03,7.99,7.99,7.74,7.84,20740
2013-11-05,7.99,8.2,7.72,7.93,373880
2013-11-06,8.11,8.8,8.07,8.12,1231980
2013-11-07,8.23,8.23,7.58,7.63,370540
2013-11-08,7.85,7.9,7.6,7.68,134000
2013-11-11,7.68,8.59,7.68,8.48,738920
2013-11-12,8.99,9.05,8.32,8.41,2518750
2013-11-13,8.4,8.4,8.1,8.14,195570
2013-11-14,8.3,8.65,8.15,8.55,580210
2013-11-18,8.8,8.8,8.08,8.12,302510
2013-11-19,8.18,8.18,7.87,7.97,255820
2013-11-20,8.01,8.32,8.0,8.17,177630
2013-11-21,8.15,8.34,7.95,8.1,171200
2013-11-22,8.27,8.27,7.9,8.01,101830
2013-11-25,8.08,8.19,7.92,7.96,179910
2013-11-26,7.99,8.17,7.82,7.84,144730
2013-11-27,7.99,7.99,7.6,7.69,127600
2013-11-28,7.72,8.09,7.61,7.7,218040
2013-11-29,7.98,8.0,7.74,7.8,136670
2013-12-02,7.8,8.3,7.8,7.99,414160
2013-12-03,8.09,8.1,7.9,7.93,73600
2013-12-04,7.93,8.1,7.72,7.88,169400
2013-12-05,8.07,8.07,7.67,7.72,123900
2013-12-06,7.82,8.0,7.81,7.85,145480
2013-12-09,8.0,8.0,7.65,7.69,164360
2013-12-10,7.72,7.79,7.58,7.63,98090
2013-12-11,7.58,8.6,7.56,8.38,4687400
2013-12-12,8.3,8.3,7.95,8.11,1178410
2013-12-13,8.09,8.3,7.92,7.99,577010
2013-12-16,7.95,8.08,7.82,7.97,109750
2013-12-17,8.08,8.24,7.85,7.89,573710
2013-12-18,7.91,8.14,7.85,7.96,193380
2013-12-19,7.96,8.1,7.81,7.84,98810
2013-12-20,7.84,8.21,7.83,8.02,437160
2013-12-23,8.04,8.19,7.96,8.02,213150
2013-12-24,8.1,8.12,7.9,7.92,94290
2013-12-26,7.9,8.39,7.82,8.16,384260
2013-12-27,8.24,8.24,8.0,8.03,53550
2013-12-30,8.1,8.23,7.97,8.03,144710
2013-12-31,8.1,8.24,8.02,8.14,149760
2014-01-01,8.23,9.22,8.22,8.97,4731330
2014-01-02,8.88,8.94,8.34,8.37,1550520
2014-01-03,8.35,8.59,8.26,8.48,504220
2014-01-06,8.6,9.15,8.5,8.79,1259980
2014-01-07,8.85,9.34,8.64,8.95,1683020
2014-01-08,8.9,9.32,8.84,8.96,636650
2014-01-09,9.05,9.09,8.66,8.75,155450
2014-01-10,8.7,8.89,8.55,8.61,282240
2014-01-13,8.79,8.97,8.62,8.71,139120
2014-01-14,8.78,8.79,8.46,8.51,129020
2014-01-15,8.6,9.17,8.56,8.91,2134730
2014-01-16,8.89,8.98,8.65,8.72,308310
2014-01-17,8.63,8.84,8.47,8.53,247360
2014-01-20,8.45,8.69,8.41,8.52,66360
2014-01-21,8.55,8.76,8.41,8.59,257690
2014-01-22,8.55,8.64,8.44,8.49,304710
2014-01-23,8.57,8.6,8.45,8.51,109970
2014-01-24,8.47,8.57,8.36,8.45,230590
2014-01-27,8.43,8.48,8.24,8.3,219670
2014-01-28,8.3,8.65,8.26,8.49,649730
2014-01-29,8.49,8.6,8.3,8.34,120770
2014-01-30,8.3,8.39,8.12,8.23,119790
2014-01-31,8.31,8.38,8.19,8.23,89860
2014-02-03,8.23,8.47,8.2,8.42,118940
2014-02-04,8.48,8.48,8.1,8.24,275280
2014-02-05,8.3,8.6,8.23,8.48,253270
2014-02-06,8.49,8.88,8.49,8.62,256690
2014-02-07,8.69,9.49,8.69,9.28,1608160
2014-02-10,9.38,9.38,8.86,9.13,1643150
2014-02-11,9.38,9.38,8.81,8.93,911230
2014-02-12,8.99,9.15,8.91,9.04,443170
2014-02-13,9.01,9.02,8.62,8.69,192260
2014-02-14,8.67,8.85,8.56,8.68,164240
2014-02-17,8.6,8.9,8.44,8.72,402150
2014-02-18,8.75,8.75,8.52,8.54,113100
2014-02-19,8.69,8.8,8.53,8.62,85170
2014-02-20,8.56,8.88,8.56,8.57,273260
2014-02-21,8.69,8.84,8.42,8.49,416890
2014-02-24,8.58,8.6,8.41,8.44,47340
2014-02-25,8.49,8.69,8.45,8.49,472870
2014-02-26,8.6,8.6,8.47,8.49,131870
2014-02-28,8.57,8.59,8.41,8.45,113580
2014-03-03,8.37,8.67,8.37,8.48,94680
2014-03-04,8.41,8.82,8.41,8.66,298210
2014-03-05,8.78,8.84,8.62,8.64,155710
2014-03-06,8.61,8.72,8.51,8.52,60680
2014-03-07,8.6,8.64,8.28,8.48,125800
2014-03-10,8.58,8.62,8.37,8.53,215180
2014-03-11,8.45,8.59,8.41,8.44,69330
2014-03-12,8.41,8.48,8.31,8.4,117200
2014-03-13,8.38,8.53,8.37,8.41,48420
2014-03-14,8.49,8.49,8.23,8.36,88070
2014-03-18,8.49,8.61,8.34,8.49,124560
2014-03-19,8.62,8.8,8.49,8.53,127330
2014-03-20,8.71,8.71,8.46,8.49,98310
2014-03-21,8.45,8.6,8.36,8.41,50490
2014-03-22,8.35,8.45,8.27,8.41,10210
2014-03-24,8.49,8.57,8.28,8.32,122700
2014-03-25,8.35,8.5,8.03,8.12,209830
2014-03-26,8.19,8.4,8.19,8.28,141620
2014-03-27,8.25,8.66,8.22,8.59,328190
2014-03-28,8.77,9.03,8.57,8.93,308870
2014-03-31,9.27,9.27,8.86,9.05,360250
2014-04-01,9.12,9.18,8.86,9.13,132260
2014-04-02,9.05,9.78,8.88,9.55,877900
2014-04-03,9.75,9.75,9.26,9.53,347530
2014-04-04,9.53,11.44,9.53,11.44,5825250
2014-04-07,11.74,11.8,10.5,10.8,1886720
2014-04-09,10.89,11.9,10.6,11.18,2785260
2014-04-10,11.2,11.2,10.82,10.89,481750
2014-04-11,10.8,11.8,10.65,11.22,2236260
2014-04-15,11.4,11.4,10.94,11.06,299650
2014-04-16,11.0,11.69,10.91,11.19,990750
2014-04-17,11.28,11.44,11.06,11.21,217360
2014-04-21,11.16,11.4,10.93,11.18,133890
2014-04-22,11.17,11.23,10.82,10.89,142530
2014-04-23,10.87,10.97,10.34,10.4,363880
2014-04-25,10.3,10.49,9.98,10.14,352450
2014-04-28,10.3,10.99,10.2,10.36,657740
2014-04-29,10.32,10.57,10.04,10.3,182300
2014-04-30,10.31,10.49,10.0,10.21,203030
2014-05-02,10.23,10.71,10.07,10.65,436090
2014-05-05,10.77,10.77,10.23,10.55,445070
2014-05-06,10.69,11.01,10.66,10.78,970560
2014-05-07,10.89,11.1,10.66,10.74,898670
2014-05-08,10.8,11.07,10.47,10.56,719390
2014-05-09,10.57,10.82,10.32,10.57,311740
2014-05-12,10.58,10.76,10.16,10.32,180890
2014-05-13,10.2,10.69,10.07,10.52,386350
2014-05-14,10.52,10.64,10.3,10.36,141520
2014-05-15,10.35,10.44,9.87,10.12,143870
2014-05-16,10.45,10.45,10.0,10.19,98580
2014-05-19,10.3,10.7,10.2,10.57,237380
2014-05-20,10.99,11.1,10.68,10.94,526240
2014-05-21,11.19,11.3,10.73,10.94,206830
2014-05-22,10.9,11.3,10.76,10.81,260400
2014-05-23,10.77,11.55,10.77,11.31,600980
2014-05-26,11.65,12.56,11.48,11.73,2539960
2014-05-27,11.84,12.48,11.7,11.93,436050
2014-05-28,12.1,12.25,11.8,11.93,207070
2014-05-29,12.18,12.18,11.69,11.8,125650
2014-05-30,12.0,12.1,11.68,11.74,335830
2014-06-02,11.98,12.5,11.53,12.09,452800
2014-06-03,12.08,12.33,11.91,12.24,279150
2014-06-04,12.18,12.35,11.95,12.06,486820
2014-06-05,12.1,12.39,11.8,11.98,203740
2014-06-06,12.18,12.97,12.0,12.79,1138530
2014-06-09,12.51,13.7,12.16,13.42,2299950
2014-06-10,14.23,14.4,12.7,13.35,3284780
2014-06-11,13.35,13.8,13.01,13.31,663240
2014-06-12,13.49,13.49,12.95,13.14,374400
2014-06-13,13.3,13.3,12.51,12.64,373440
2014-06-16,12.27,12.5,11.73,12.16,310140
2014-06-17,12.05,12.77,12.0,12.49,349020
2014-06-18,12.6,12.94,12.4,12.69,398190
2014-06-19,12.95,13.04,12.51,12.74,359160
2014-06-20,12.62,12.89,12.41,12.67,183940
2014-06-23,12.6,12.9,12.32,12.54,130040
2014-06-24,12.89,12.89,12.4,12.47,132790
2014-06-25,12.5,12.9,12.31,12.44,139360
2014-06-26,12.51,12.57,12.35,12.42,69230
2014-06-27,12.3,12.69,12.3,12.39,98050
2014-06-30,12.5,12.5,12.26,12.41,199580
2014-07-01,12.5,12.99,12.45,12.78,555870
2014-07-02,12.86,12.87,12.61,12.66,209860
2014-07-03,12.81,12.9,12.41,12.48,78650
2014-07-04,12.42,12.69,12.33,12.49,85120
2014-07-07,12.41,12.55,12.07,12.21,192460
2014-07-08,12.22,12.4,11.7,12.0,535410
2014-07-09,11.96,12.13,11.81,12.0,233670
2014-07-10,11.67,12.35,11.61,12.1,644360
2014-07-11,12.14,12.15,11.41,11.57,64680
2014-07-14,11.85,11.85,11.11,11.31,147860
2014-07-15,11.95,11.95,11.32,11.47,53820
2014-07-16,11.53,13.5,11.52,12.71,2497070
2014-07-17,12.8,12.8,12.4,12.63,346140
2014-07-18,12.55,12.67,12.17,12.56,321070
2014-07-21,12.9,12.9,12.42,12.51,75470
2014-07-22,12.5,12.68,12.16,12.27,226200
2014-07-23,12.24,12.52,12.03,12.27,274040
2014-07-24,12.22,12.39,12.03,12.17,82110
2014-07-25,12.2,12.28,11.22,11.28,914090
2014-07-28,11.39,11.6,11.28,11.35,121000
2014-07-30,11.53,11.53,11.11,11.3,157350
2014-07-31,11.21,11.45,11.0,11.02,406940
2014-08-01,10.96,11.69,10.9,11.41,353580
2014-08-04,11.69,11.8,11.5,11.71,114150
2014-08-05,11.7,11.78,11.3,11.45,86020
2014-08-06,11.55,12.77,11.49,12.26,6203760
2014-08-07,12.19,12.35,11.66,11.88,961990
2014-08-08,11.6,11.69,11.1,11.41,394860
2014-08-11,11.8,12.16,11.5,11.79,881430
2014-08-12,11.86,12.56,11.86,12.32,1060110
2014-08-13,12.32,12.32,11.71,11.97,298710
2014-08-14,12.21,12.3,11.95,12.06,117570
2014-08-18,12.16,12.79,12.13,12.35,231750
2014-08-19,12.55,12.6,12.28,12.31,175520
2014-08-20,12.34,12.4,12.11,12.16,125690
2014-08-21,12.16,12.76,12.13,12.21,411850
2014-08-22,12.4,12.4,12.02,12.06,231030
2014-08-25,12.1,12.31,11.95,12.07,185250
2014-08-26,12.0,12.07,11.78,11.84,120910
2014-08-27,11.91,12.1,11.81,12.02,120420
2014-08-28,12.07,12.14,11.72,11.74,146980
2014-09-01,11.75,11.93,11.74,11.85,110110
2014-09-02,11.86,12.16,11.72,11.96,530430
2014-09-03,12.16,13.05,12.16,12.89,2190360
2014-09-04,12.98,12.98,12.34,12.47,327870
2014-09-05,12.51,12.51,12.03,12.27,324390
2014-09-08,12.39,12.7,12.31,12.48,440690
2014-09-09,12.6,13.65,12.55,13.08,2326260
2014-09-10,13.05,13.52,12.72,13.17,913870
2014-09-11,13.38,13.83,13.3,13.54,744580
2014-09-12,13.99,14.13,13.6,13.78,859330
2014-09-15,13.8,14.1,13.51,13.71,349580
2014-09-16,13.71,13.94,12.81,12.89,392820
2014-09-17,13.24,13.24,12.53,12.74,205310
2014-09-18,12.62,13.1,12.62,12.78,443210
2014-09-19,12.85,13.25,12.73,12.81,227480
2014-09-22,12.85,13.04,12.61,12.98,295330
2014-09-23,13.03,13.29,12.77,12.91,147280
2014-09-24,12.81,13.04,12.23,12.55,111050
2014-09-25,12.42,12.78,11.7,11.82,176090
2014-09-26,11.81,12.1,11.71,11.84,100870
2014-09-29,12.05,12.05,11.81,11.85,51190
2014-09-30,11.75,12.17,11.75,11.85,60470
2014-10-01,11.9,11.98,11.23,11.31,225400
2014-10-07,11.5,11.6,10.95,11.04,164860
2014-10-08,11.19,11.25,10.98,11.13,146010
2014-10-09,11.38,11.55,11.32,11.46,87000
2014-10-10,11.4,11.75,11.11,11.39,132270
2014-10-13,11.3,11.52,11.01,11.44,147400
2014-10-14,11.47,11.5,11.05,11.1,132800
2014-10-16,11.28,11.89,10.84,10.96,167510
2014-10-17,11.12,11.2,10.9,11.11,103280
2014-10-20,11.2,11.31,11.13,11.16,40780
2014-10-21,11.07,11.34,11.0,11.23,36910
2014-10-22,11.3,11.3,11.1,11.22,48220
2014-10-23,11.48,11.5,11.18,11.36,17070
2014-10-27,11.41,11.48,11.11,11.19,72510
2014-10-28,11.32,11.38,10.93,11.15,44430
2014-10-29,11.21,11.41,11.21,11.37,101990
2014-10-30,11.39,11.5,10.97,11.39,172990
2014-10-31,11.49,11.7,11.23,11.57,152480
2014-11-03,11.6,12.78,11.53,12.4,742290
2014-11-05,12.35,12.68,11.9,12.14,335140
2014-11-07,12.11,12.23,11.84,11.98,124480
2014-11-10,12.06,12.46,11.7,12.23,462490
2014-11-11,12.15,12.23,11.84,11.92,116600
2014-11-12,12.01,12.19,11.7,11.87,106780
2014-11-13,11.83,12.47,11.76,12.02,251010
2014-11-14,12.2,12.2,11.57,11.64,166240
2014-11-17,11.89,11.9,11.4,11.64,130930
2014-11-18,11.94,12.04,11.61,11.68,223290
2014-11-19,11.8,11.8,11.38,11.52,104610
2014-11-20,11.51,12.1,11.26,11.36,321380
2014-11-21,11.21,11.74,11.15,11.21,191510
2014-11-24,11.39,11.43,10.92,10.98,135280
2014-11-25,11.2,11.2,10.8,10.88,117510
2014-11-26,10.82,11.0,10.61,10.91,61810
2014-11-27,10.82,11.09,10.72,10.81,100780
2014-11-28,10.9,11.08,10.8,10.93,110240
2014-12-01,10.9,10.93,10.61,10.71,154480
2014-12-02,10.72,12.2,10.3,11.75,2171140
2014-12-03,11.8,12.09,11.45,11.5,267890
2014-12-04,11.6,11.95,11.49,11.69,177980
2014-12-05,11.69,11.8,11.4,11.5,120730
2014-12-08,11.45,11.84,10.97,11.11,155300
2014-12-09,11.2,11.22,10.4,10.48,146230
2014-12-10,10.85,10.99,10.61,10.67,63850
2014-12-11,10.6,11.0,10.6,10.82,79880
2014-12-12,10.92,10.95,10.48,10.59,73270
2014-12-15,10.27,10.5,10.15,10.28,168190
2014-12-16,10.2,10.48,10.14,10.32,176520
2014-12-17,10.32,10.39,9.8,10.32,237870
2014-12-18,10.4,10.75,10.4,10.66,225760
2014-12-19,10.95,11.1,10.34,10.85,193920
2014-12-22,11.07,11.25,10.71,10.94,72540
2014-12-23,10.94,10.98,10.61,10.8,76800
2014-12-24,11.14,11.16,10.58,10.74,110280
2014-12-26,10.87,10.98,10.75,10.89,158860
2014-12-29,10.91,11.14,10.91,10.99,104780
2014-12-30,11.2,11.3,10.81,10.95,40400
2014-12-31,11.14,11.35,11.1,11.19,201620
2015-01-01,11.29,11.7,11.15,11.36,219310
2015-01-02,11.5,11.85,11.5,11.62,134010
2015-01-05,11.56,11.86,11.51,11.72,176240
2015-01-06,11.67,12.19,11.55,11.78,272380
2015-01-07,11.67,11.85,11.41,11.62,29200
2015-01-08,11.55,12.0,11.53,11.67,33970
2015-01-09,11.7,11.8,11.38,11.43,56870
2015-01-12,11.6,11.69,11.26,11.53,23450
2015-01-13,11.68,11.8,11.5,11.53,37460
2015-01-14,11.72,11.77,11.32,11.48,36500
2015-01-15,11.78,11.78,11.47,11.53,58200
2015-01-16,11.45,11.69,11.19,11.59,75440
2015-01-19,11.53,12.38,11.41,11.91,500350
2015-01-20,11.91,12.2,11.53,11.68,188510
2015-01-21,11.61,12.2,11.43,11.76,296180
2015-01-22,12.01,12.31,12.0,12.03,254220
2015-01-23,12.06,12.11,11.7,11.8,71440
2015-01-27,11.71,11.9,11.55,11.66,49160
2015-01-28,11.36,11.88,11.36,11.49,116010
2015-01-29,11.52,11.85,11.52,11.72,37670
2015-01-30,11.52,11.8,11.52,11.64,42350
2015-02-02,11.65,11.94,11.52,11.72,135490
2015-02-03,11.73,12.13,11.57,11.73,193650
2015-02-04,11.73,11.9,11.52,11.63,131590
2015-02-05,11.65,11.86,11.52,11.71,102810
2015-02-06,11.8,11.8,11.17,11.34,106620
2015-02-09,11.27,11.51,11.07,11.21,84430
2015-02-10,11.29,11.4,11.02,11.21,31760
2015-02-11,11.21,11.48,11.02,11.39,52570
2015-02-12,11.5,11.57,11.2,11.33,65190
2015-02-13,11.59,11.69,11.24,11.31,55000
2015-02-16,11.28,11.28,10.73,10.89,107200
2015-02-18,11.16,11.25,10.91,11.13,66480
2015-02-19,11.48,11.57,10.9,11.02,57470
2015-02-20,11.18,11.34,10.96,11.11,58290
2015-02-23,11.19,11.44,10.91,11.16,37570
2015-02-24,11.25,11.38,10.82,10.93,32460
2015-02-25,10.98,11.18,10.55,10.64,60960
2015-02-26,10.56,11.09,10.56,10.9,86660
2015-02-27,11.05,11.55,11.01,11.18,84940
2015-02-28,11.2,11.39,11.1,11.12,108380
2015-03-02,11.2,11.36,10.86,10.99,91670
2015-03-03,10.98,11.35,10.8,10.84,85710
2015-03-04,11.65,11.65,10.76,10.83,66800
2015-03-05,10.81,10.99,10.65,10.68,47960
2015-03-09,10.66,10.89,10.61,10.85,90170
2015-03-10,10.91,10.98,10.62,10.67,22110
2015-03-11,11.21,11.58,10.91,11.13,542180
2015-03-12,11.1,12.46,10.8,11.41,173860
2015-03-13,11.29,11.78,10.73,10.84,129770
2015-03-16,11.18,11.18,10.73,10.78,55180
2015-03-17,10.9,11.14,10.73,10.8,87690
2015-03-18,10.84,11.27,10.81,10.93,75260
2015-03-19,11.07,11.19,10.91,10.98,85260
2015-03-20,10.95,10.95,10.51,10.61,90200
2015-03-23,10.85,10.85,9.96,10.3,263240
2015-03-24,10.3,10.32,9.83,9.99,144680
2015-03-25,10.03,10.2,9.76,10.03,94630
2015-03-26,10.0,10.24,9.71,9.79,114320
2015-03-27,9.65,10.13,9.65,9.83,51360
2015-03-30,9.9,10.35,9.82,10.01,122740
2015-03-31,10.0,10.18,9.92,9.93,42840
2015-04-01,10.5,11.23,9.95,10.84,266890
2015-04-06,10.84,11.77,10.84,11.12,86550
2015-04-07,11.39,11.61,11.02,11.5,314880
2015-04-08,11.59,13.8,11.59,13.69,4075910
2015-04-09,13.7,13.79,12.54,12.66,1040290
2015-04-10,12.61,13.13,12.28,12.78,734690
2015-04-13,12.71,12.99,12.62,12.84,128860
2015-04-15,12.77,12.88,12.6,12.67,132680
2015-04-16,12.42,12.84,12.35,12.53,98630
2015-04-17,12.5,12.83,12.32,12.64,255520
2015-04-20,12.6,12.78,12.31,12.43,76890
2015-04-21,12.38,12.48,12.16,12.27,90080
2015-04-22,11.9,12.44,11.9,12.26,72700
2015-04-23,12.4,12.4,12.1,12.23,35710
2015-04-24,12.2,12.2,11.92,11.97,51660
2015-04-27,11.86,11.86,11.62,11.68,57150
2015-04-28,11.5,11.69,11.47,11.57,26560
2015-04-29,11.68,11.68,11.44,11.52,63160
2015-04-30,11.57,11.68,11.39,11.6,90780
2015-05-04,11.6,12.0,11.3,11.84,127190
2015-05-05,11.87,12.23,11.82,12.08,65290
2015-05-06,12.02,12.2,11.75,11.81,71990
2015-05-07,11.88,11.91,11.65,11.66,28850
2015-05-08,11.7,11.97,11.6,11.81,68350
2015-05-11,11.77,12.24,11.66,12.1,63840
2015-05-12,12.0,12.18,11.73,11.81,59680
2015-05-13,11.8,12.39,11.8,11.94,51350
2015-05-14,11.9,12.37,11.9,12.23,74790
2015-05-15,12.28,13.07,12.1,12.86,320100
2015-05-18,12.37,13.25,12.37,13.1,147960
2015-05-19,12.89,13.2,12.85,12.94,35060
2015-05-20,12.95,14.3,12.8,13.77,886480
2015-05-21,13.82,15.85,13.71,14.94,3131020
2015-05-22,14.99,15.7,14.51,14.72,812700
2015-05-25,14.72,15.7,14.29,15.01,321260
2015-05-26,15.11,15.41,14.63,14.81,156370
2015-05-27,14.92,15.87,14.36,15.28,794870
2015-05-28,15.37,15.37,14.51,14.73,348300
2015-05-29,14.74,14.74,14.21,14.29,189160
2015-06-01,14.42,14.5,13.61,13.82,222210
2015-06-02,14.21,14.21,13.23,13.39,205380
2015-06-03,13.34,13.4,12.5,12.74,183440
2015-06-04,12.8,12.8,12.25,12.55,90440
2015-06-05,12.5,15.0,12.5,14.57,1033540
2015-06-08,15.28,16.57,14.22,15.64,2359580
2015-06-09,15.59,16.6,15.1,15.91,1069040
2015-06-10,15.8,16.55,15.21,15.39,544090
2015-06-11,15.53,15.81,14.86,15.29,262750
2015-06-12,15.17,15.64,14.8,15.31,147260
2015-06-15,15.24,15.59,15.11,15.22,162240
2015-06-16,15.2,15.51,15.0,15.25,113750
2015-06-17,15.28,16.74,15.23,16.41,951080
2015-06-18,16.35,16.99,16.3,16.34,362180
2015-06-19,16.38,16.98,16.0,16.86,429990
2015-06-22,16.75,17.8,16.65,17.28,484200
2015-06-23,17.22,17.6,16.63,16.77,203550
2015-06-24,16.61,16.8,16.22,16.33,183670
2015-06-25,16.28,16.73,16.26,16.31,129930
2015-06-26,16.33,17.28,16.3,16.39,401020
2015-06-29,16.0,16.81,15.63,16.38,176670
2015-06-30,16.44,17.32,16.22,16.41,146750
2015-07-01,16.4,16.8,16.26,16.52,139540
2015-07-02,16.58,16.99,16.5,16.66,79000
2015-07-03,16.68,17.05,16.53,16.89,74320
2015-07-06,16.54,16.94,16.4,16.64,74010
2015-07-07,16.57,16.8,16.45,16.51,205580
2015-07-08,16.35,16.9,16.02,16.55,93020
2015-07-09,16.63,17.45,16.62,16.84,440060
2015-07-10,17.6,17.65,16.45,17.01,532480
2015-07-13,16.92,17.37,16.54,17.29,372480
2015-07-14,17.2,18.04,17.0,17.3,958160
2015-07-15,17.21,17.5,17.1,17.16,331050
2015-07-16,17.2,17.34,16.59,16.96,240730
2015-07-17,17.01,17.01,16.5,16.86,152140
2015-07-20,16.9,16.94,16.52,16.82,135320
2015-07-21,16.8,16.97,16.2,16.33,136550
2015-07-22,16.27,16.89,16.04,16.59,112020
2015-07-23,16.51,17.03,16.51,16.74,158080
2015-07-24,16.88,17.07,16.55,16.68,178390
2015-07-27,16.51,16.84,16.44,16.59,81460
2015-07-28,16.51,16.98,16.26,16.69,97230
2015-07-29,16.87,17.14,16.52,16.69,142650
2015-07-30,16.81,17.62,16.44,17.3,1054770
2015-07-31,19.9,20.4,19.11,19.64,2901740
2015-08-03,19.69,19.79,18.5,18.98,384840
2015-08-04,18.85,19.4,18.7,19.26,128880
2015-08-05,19.37,19.95,18.9,19.33,265050
2015-08-06,19.31,19.8,19.04,19.23,116370
2015-08-07,19.24,19.48,18.81,18.94,196830
2015-08-10,18.91,20.19,18.91,19.36,432730
2015-08-11,19.3,19.9,18.9,19.02,214190
2015-08-12,19.0,19.5,18.5,19.03,303480
2015-08-13,19.4,19.49,17.6,18.15,408110
2015-08-14,18.4,18.7,17.24,18.2,174100
2015-08-17,18.36,18.69,18.0,18.36,141280
2015-08-18,18.6,18.62,17.91,18.11,164390
2015-08-19,18.32,18.55,18.02,18.31,219050
2015-08-20,18.31,18.6,18.02,18.19,251530
2015-08-21,18.2,18.31,17.64,18.11,163740
2015-08-24,17.63,17.72,15.66,16.16,328490
2015-08-25,15.94,16.47,14.1,16.01,312020
2015-08-26,15.91,17.44,15.62,16.52,151330
2015-08-27,16.64,17.08,16.21,16.94,223760
2015-08-28,17.07,18.19,17.07,17.35,127610
2015-08-31,17.22,18.45,16.38,17.97,213510
2015-09-01,17.94,18.19,16.72,17.14,186680
2015-09-02,17.4,17.91,17.2,17.53,35330
2015-09-03,17.5,17.79,16.9,17.33,119840
2015-09-04,17.41,17.59,16.62,16.92,87880
2015-09-07,16.9,17.11,16.32,16.82,63220
2015-09-08,16.73,17.0,16.73,16.92,60920
2015-09-09,17.3,17.5,16.8,16.89,91310
2015-09-10,16.86,18.2,16.7,17.7,128530
2015-09-11,18.19,18.3,17.3,17.73,99160
2015-09-14,17.51,18.24,17.51,18.09,90300
2015-09-15,18.2,18.35,17.8,17.86,32760
2015-09-16,17.9,18.31,17.7,18.19,119760
2015-09-18,18.49,18.49,18.11,18.22,58780
2015-09-21,17.94,19.6,17.62,19.26,897440
2015-09-22,19.9,20.28,18.63,19.17,1271920
2015-09-23,18.99,19.66,18.89,19.26,162670
2015-09-24,19.14,19.5,18.7,18.91,130220
2015-09-28,19.01,19.2,18.82,19.0,173270
2015-09-29,18.82,19.2,18.36,19.02,106880
2015-09-30,19.11,19.34,18.52,18.85,81220
2015-10-01,19.01,19.09,18.57,18.65,84690
2015-10-05,18.72,18.89,18.61,18.69,111910
2015-10-06,18.73,18.83,18.14,18.44,132390
2015-10-07,18.51,18.8,18.44,18.61,70240
2015-10-08,18.65,18.75,18.14,18.29,127430
2015-10-09,18.5,19.4,18.22,18.91,327580
2015-10-12,19.0,20.0,18.8,18.94,142470
2015-10-13,19.1,19.59,18.66,18.95,76100
2015-10-14,19.1,19.14,18.66,18.7,108260
2015-10-15,18.8,19.5,18.5,18.81,270690
2015-10-16,18.99,19.09,18.64,18.8,286510
2015-10-19,19.0,19.25,18.8,19.01,163060
2015-10-20,19.19,21.0,18.95,20.79,768790
2015-10-21,21.4,24.17,21.0,23.22,2840100
2015-10-23,23.4,24.2,22.99,23.27,1518590
2015-10-26,23.41,23.8,22.29,23.34,658310
2015-10-27,23.0,23.63,23.0,23.16,212690
2015-10-28,23.2,23.5,22.75,22.94,191020
2015-10-29,23.0,23.9,22.7,23.48,148900
2015-10-30,23.63,24.49,23.3,23.34,342060
2015-11-02,23.31,23.5,22.65,23.15,206940
2015-11-03,23.63,27.66,22.91,26.1,7787000
2015-11-04,26.1,26.18,24.3,24.43,1701840
2015-11-05,24.4,25.59,23.66,24.86,1129020
2015-11-06,24.93,24.95,22.81,24.0,585950
2015-11-09,23.8,24.68,22.69,23.66,577850
2015-11-10,24.39,24.59,23.01,24.05,496400
2015-11-11,23.69,24.5,23.69,24.23,76770
2015-11-13,24.1,24.1,23.22,23.55,278450
2015-11-16,23.95,27.8,23.76,27.01,4623760
2015-11-17,27.59,28.07,26.74,27.0,1595800
2015-11-18,27.1,28.05,26.55,26.76,811460
2015-11-19,26.76,28.25,26.76,27.52,1855400
2015-11-20,27.75,28.17,27.13,27.32,459400
2015-11-23,27.49,28.18,27.49,27.85,412210
2015-11-24,27.98,31.4,27.61,29.54,3021910
2015-11-26,29.4,29.75,28.5,28.79,520510
2015-11-27,29.19,29.19,28.01,28.67,416400
2015-11-30,28.81,29.7,28.33,28.7,316850
2015-12-01,29.49,29.9,29.0,29.32,480990
2015-12-02,29.5,29.9,28.66,29.1,302080
2015-12-03,29.0,29.7,28.84,29.09,161730
2015-12-04,28.91,29.86,28.7,28.9,505930
2015-12-07,29.01,29.44,28.21,28.51,198730
2015-12-08,28.73,28.77,27.33,27.68,157230
2015-12-09,27.68,27.76,26.2,26.36,287750
2015-12-10,26.3,27.2,26.3,27.05,212690
2015-12-11,27.09,27.97,26.57,27.51,321190
2015-12-14,27.3,27.95,27.05,27.55,197440
2015-12-15,27.74,27.9,27.3,27.45,107870
2015-12-16,27.5,27.75,27.3,27.4,92990
2015-12-17,27.3,27.75,26.91,27.6,86730
2015-12-18,27.44,27.75,27.4,27.48,143870
2015-12-21,27.95,27.95,27.23,27.44,57340
2015-12-22,27.41,27.86,27.2,27.47,273130
2015-12-23,27.31,28.59,27.13,27.52,278100
2015-12-24,27.52,27.75,26.98,27.16,137860
2015-12-28,27.49,27.49,26.65,26.93,93850
2015-12-29,26.9,27.01,26.4,26.65,83150
2015-12-30,26.65,27.39,26.52,26.71,373430
2015-12-31,26.41,26.71,26.24,26.46,110380
2016-01-01,26.97,26.97,26.17,26.56,85050
2016-01-04,26.41,26.43,25.62,26.06,121390
2016-01-05,26.3,26.6,26.02,26.15,145720
2016-01-06,26.05,27.8,25.89,27.1,1048960
2016-01-07,26.89,26.89,25.81,26.04,150220
2016-01-08,26.0,26.39,25.94,26.26,128110
2016-01-11,26.22,26.35,25.9,25.96,100000
2016-01-12,26.01,26.27,25.81,25.86,56290
2016-01-13,25.91,26.05,24.5,25.16,161030
2016-01-14,25.69,25.69,24.5,24.79,51580
2016-01-15,25.78,25.78,23.24,23.65,114880
2016-01-18,23.1,24.8,21.52,22.48,203680
2016-01-19,22.1,23.31,21.68,22.81,66760
2016-01-20,22.7,22.7,21.81,22.02,125660
2016-01-21,21.91,22.9,21.7,22.08,67800
2016-01-22,22.2,22.9,21.91,22.74,113920
2016-01-25,23.39,23.99,22.98,23.38,137520
2016-01-27,24.0,25.12,23.6,24.65,170020
2016-01-28,25.0,25.44,24.35,24.88,64880
2016-01-29,24.92,25.1,24.5,24.66,83320
2016-02-01,25.0,25.29,24.49,24.94,37520
2016-02-02,25.44,25.5,24.58,24.61,41630
2016-02-03,24.4,24.41,22.61,23.37,89060
2016-02-04,23.4,24.3,23.4,23.66,21650
2016-02-05,23.66,24.19,23.59,23.97,7890
2016-02-08,24.01,24.19,22.09,22.58,122180
2016-02-09,22.55,22.55,21.16,21.4,43930
2016-02-10,22.5,22.5,20.26,20.3,135330
2016-02-11,20.11,20.49,18.88,19.21,151000
2016-02-12,19.0,19.95,18.16,18.56,127130
2016-02-15,19.49,19.94,19.1,19.64,84670
2016-02-16,19.9,20.68,19.3,19.48,94680
2016-02-17,19.65,19.65,18.6,18.77,35420
2016-02-18,18.99,20.32,18.99,19.95,76460
2016-02-19,19.8,20.81,19.37,20.64,87270
2016-02-22,20.51,20.8,19.7,19.91,22420
2016-02-23,20.4,20.89,19.71,19.83,20920
2016-02-24,19.71,20.32,19.66,19.84,22320
2016-02-25,20.11,20.35,19.48,20.06,39250
2016-02-26,20.27,20.27,19.14,19.47,359650
2016-02-29,19.45,19.49,18.01,18.3,134840
2016-03-01,18.59,18.94,18.38,18.54,62590
2016-03-02,19.0,19.4,18.75,19.02,76410
2016-03-03,19.11,20.63,19.11,20.27,170140
2016-03-04,20.32,20.47,19.61,20.29,88660
2016-03-08,20.49,20.49,19.54,19.76,24160
2016-03-09,19.71,22.44,19.71,21.69,504300
2016-03-10,22.49,23.44,22.3,22.66,186250
2016-03-11,22.7,23.74,22.3,22.54,143360
2016-03-14,22.85,24.46,22.7,23.23,231040
2016-03-15,23.25,23.92,22.5,22.69,80050
2016-03-16,22.51,23.39,22.09,22.34,31780
2016-03-17,22.6,22.8,22.31,22.38,12550
2016-03-18,23.76,25.94,23.31,23.6,5137300
2016-03-21,23.79,23.79,22.61,23.08,302630
2016-03-22,23.36,23.39,22.39,22.58,115090
2016-03-23,22.5,22.57,21.9,22.02,138030
2016-03-28,22.22,22.22,21.4,21.66,72880
2016-03-29,21.85,22.09,21.2,21.51,169700
2016-03-30,21.58,22.79,21.58,22.35,152730
2016-03-31,22.2,22.75,21.86,22.6,110420
2016-04-01,22.4,23.32,22.1,22.9,80090
2016-04-04,23.5,23.5,22.54,22.92,50410
2016-04-05,22.81,22.93,22.22,22.4,130360
2016-04-06,22.57,22.84,22.31,22.41,82770
2016-04-07,22.3,22.75,22.0,22.1,72100
2016-04-08,22.2,22.51,22.11,22.19,25100
2016-04-11,22.47,22.47,22.11,22.24,40750
2016-04-12,22.03,22.6,22.02,22.39,109430
2016-04-13,22.5,23.0,22.12,22.3,115960
2016-04-18,22.31,22.89,22.11,22.78,113030
2016-04-20,22.97,23.7,22.8,23.47,116970
2016-04-21,23.71,23.89,22.66,22.77,69990
2016-04-22,22.7,23.19,22.5,22.66,33900
2016-04-25,22.65,23.37,22.5,23.19,71780
2016-04-26,23.6,24.35,22.61,23.97,228790
2016-04-27,23.97,24.0,23.08,23.27,158010
2016-04-28,23.3,23.49,22.85,23.16,54830
2016-04-29,23.3,23.95,23.3,23.34,76980
2016-05-02,23.2,23.4,22.21,22.84,132250
2016-05-03,23.49,23.53,22.81,23.06,184500
2016-05-04,22.9,23.7,22.9,23.11,254780
2016-05-05,23.25,24.48,23.13,23.78,385130
2016-05-06,23.89,23.89,23.25,23.45,45040
2016-05-09,23.9,24.2,23.5,23.64,67220
2016-05-10,24.1,26.0,23.56,24.89,2155630
2016-05-11,24.59,25.59,24.38,25.09,563820
2016-05-12,25.3,25.5,25.11,25.31,184710
2016-05-13,25.3,25.5,24.76,24.9,510050
2016-05-16,25.01,25.41,25.0,25.16,180180
2016-05-17,25.2,25.49,24.63,25.04,155550
2016-05-18,25.1,26.5,24.88,25.6,1476600
2016-05-19,25.6,25.82,24.09,24.4,345320
2016-05-20,24.59,24.63,23.61,24.04,144430
2016-05-23,24.5,25.05,24.1,24.82,175460
2016-05-24,25.05,25.1,23.91,24.18,126600
2016-05-25,24.3,24.8,23.9,24.28,115890
2016-05-26,24.4,24.59,24.0,24.2,46380
2016-05-27,24.5,25.0,24.28,24.55,176450
2016-05-30,23.8,24.0,22.65,22.77,471190
2016-05-31,23.05,23.7,22.81,23.09,570730
2016-06-01,23.15,23.44,22.51,22.86,127540
2016-06-02,22.78,23.2,22.78,22.95,64140
2016-06-03,23.0,23.39,22.6,22.69,61410
2016-06-06,22.7,22.7,22.34,22.44,59300
2016-06-07,22.44,22.5,21.81,22.09,128310
2016-06-08,22.5,22.5,21.8,22.11,172990
2016-06-09,22.16,23.1,21.8,22.54,111670
2016-06-10,23.0,23.1,22.04,22.91,97280
2016-06-13,22.8,23.28,22.34,23.02,111370
2016-06-14,23.3,23.3,22.45,22.85,129430
2016-06-15,22.91,24.7,22.82,23.57,1383160
2016-06-16,23.7,23.7,22.51,22.97,180830
2016-06-17,23.03,23.89,22.8,23.08,180550
2016-06-20,23.02,23.6,23.02,23.24,169380
2016-06-21,23.4,23.69,23.23,23.39,85750
2016-06-22,23.69,24.44,23.5,24.2,444540
2016-06-23,24.5,24.59,23.93,24.38,204140
2016-06-24,23.85,24.36,22.7,24.13,436550
2016-06-27,24.6,25.3,24.3,24.43,692930
2016-06-28,24.74,24.76,23.79,24.1,326930
2016-06-29,24.2,24.47,23.56,23.9,153370
2016-06-30,25.0,25.69,24.72,24.88,1570650
2016-07-01,25.09,25.1,24.43,24.59,291000
2016-07-04,24.69,25.34,24.63,24.98,295090
2016-07-05,24.8,25.2,24.76,25.0,91690
2016-07-07,25.4,25.4,24.5,24.93,117060
2016-07-08,24.8,25.3,24.5,25.02,490740
2016-07-11,25.4,29.39,24.6,28.25,9928810
2016-07-12,29.88,29.88,28.21,28.85,3380150
2016-07-13,29.1,29.33,27.99,28.49,1097410
2016-07-14,28.61,29.65,28.3,29.02,1078910
2016-07-15,29.02,29.54,28.5,28.63,402940
2016-07-18,28.87,30.65,28.87,29.65,1770880
2016-07-19,29.74,30.2,29.5,29.8,391150
2016-07-20,29.5,31.97,29.04,30.47,2291960
2016-07-21,30.51,30.78,29.8,30.14,312370
2016-07-22,30.21,31.25,29.91,30.26,606050
2016-07-25,29.7,30.84,29.7,30.4,291280
2016-07-26,30.54,30.85,29.9,30.16,209770
2016-07-27,30.11,30.75,29.45,29.63,255830
2016-07-28,29.83,30.3,29.6,29.85,138630
2016-07-29,29.92,30.26,29.26,29.7,173320
2016-08-01,29.73,30.84,29.5,29.7,302910
2016-08-02,29.7,30.5,29.7,30.07,154780
2016-08-03,30.01,30.39,29.7,29.79,127440
2016-08-04,29.65,30.3,29.63,29.83,144180
2016-08-05,29.7,30.0,29.59,29.7,86220
2016-08-08,30.0,30.0,29.1,29.76,82310
2016-08-09,29.71,30.0,29.6,29.73,95710
2016-08-10,29.6,29.68,29.0,29.18,118560
2016-08-11,29.18,29.48,28.53,29.04,102060
2016-08-12,29.11,29.59,27.61,28.2,256670
2016-08-16,28.1,28.5,26.7,27.34,148760
2016-08-17,27.25,28.0,26.62,27.86,90130
2016-08-18,28.1,28.75,27.45,27.95,194050
2016-08-19,27.73,28.22,27.69,27.82,35020
2016-08-22,27.7,31.59,27.7,30.16,1287640
2016-08-23,30.1,30.73,29.01,29.4,411300
2016-08-24,29.11,30.47,29.11,29.64,182410
2016-08-25,29.5,29.8,28.8,29.04,61080
2016-08-26,29.8,29.8,28.78,28.87,109710
2016-08-29,28.98,29.5,28.8,29.32,103900
2016-08-30,29.93,29.93,29.09,29.15,136930
2016-08-31,29.54,29.6,29.02,29.16,139720
2016-09-01,29.3,29.32,28.41,28.58,61160
2016-09-02,28.41,28.99,28.21,28.4,79220
2016-09-06,28.4,28.8,27.78,28.23,118120
2016-09-07,28.49,28.79,28.2,28.38,40370
2016-09-08,28.64,28.69,28.2,28.52,87120
2016-09-09,28.41,28.52,28.15,28.29,46770
2016-09-12,28.15,28.15,27.5,27.7,77820
2016-09-14,27.65,28.11,27.6,28.01,50970
2016-09-15,28.29,28.5,28.03,28.36,164660
2016-09-16,28.29,29.3,28.25,29.02,216510
2016-09-19,28.63,29.58,28.16,28.45,54690
2016-09-20,28.88,28.88,27.9,28.0,91390
2016-09-21,28.13,28.5,27.61,27.87,38910
2016-09-22,28.01,28.4,27.8,27.86,87040
2016-09-23,28.04,28.3,27.61,27.64,76070
2016-09-26,28.0,28.29,27.2,27.44,90760
2016-09-27,27.51,27.75,27.3,27.44,67740
2016-09-28,27.5,27.5,26.9,27.06,168810
2016-09-29,27.1,27.49,22.55,25.77,151250
2016-09-30,25.8,27.5,25.51,26.55,315550
2016-10-03,26.55,27.4,26.55,27.08,69750
2016-10-04,27.13,27.5,26.47,26.65,102790
2016-10-05,26.67,27.4,26.67,27.02,68340
2016-10-06,27.02,27.11,26.5,26.61,52580
2016-10-07,26.84,26.89,26.28,26.67,22830
2016-10-10,26.51,27.0,26.08,26.94,52670
2016-10-13,26.7,26.86,26.09,26.4,50980
2016-10-14,26.47,26.47,26.15,26.32,20290
2016-10-17,26.23,26.83,26.1,26.55,46590
2016-10-18,26.7,27.34,26.49,26.79,132300
2016-10-19,26.72,27.49,26.59,27.35,58620
2016-10-20,27.6,27.6,26.66,26.95,78930
2016-10-21,27.0,27.49,26.7,27.11,46450
2016-10-24,27.45,27.45,26.67,26.97,61290
2016-10-25,27.13,27.4,26.8,27.04,49360
2016-10-26,27.0,27.7,27.0,27.45,102660
2016-10-27,27.51,27.67,26.54,26.75,46410
2016-10-28,26.76,27.2,26.75,27.09,188820
2016-10-30,27.5,27.9,27.0,27.09,7150
2016-11-01,27.0,27.4,26.08,26.41,76960
2016-11-02,26.4,26.48,25.54,25.95,83490
2016-11-03,25.8,26.25,25.51,26.04,100240
2016-11-04,26.3,26.3,25.69,26.06,71350
2016-11-07,27.08,27.08,25.3,25.95,170120
2016-11-08,26.2,26.49,25.6,26.29,23160
2016-11-09,21.51,25.73,21.51,25.58,56940
2016-11-10,26.13,26.5,25.3,25.67,165530
2016-11-11,25.65,26.29,25.41,26.18,41550
2016-11-15,26.45,26.45,24.0,24.32,89330
2016-11-16,25.98,26.04,24.86,25.69,88120
2016-11-17,25.5,26.44,25.5,26.09,89890
2016-11-18,26.0,26.5,25.55,26.09,39720
2016-11-21,25.8,25.9,24.31,24.48,97610
2016-11-22,24.8,24.8,24.04,24.77,48480
2016-11-23,25.15,25.15,24.6,24.95,25170
2016-11-24,25.37,27.94,25.19,25.62,1161050
2016-11-25,26.32,26.65,25.94,26.27,191880
2016-11-28,26.3,26.6,26.2,26.25,38850
2016-11-29,26.5,26.6,25.7,26.25,72030
2016-11-30,26.6,26.65,26.23,26.48,35840
2016-12-01,26.64,28.58,26.26,27.15,717760
2016-12-02,27.27,27.27,26.57,26.73,88540
2016-12-05,27.0,27.27,26.28,26.7,82640
2016-12-06,26.8,27.3,26.51,26.82,88450
2016-12-07,27.8,29.57,27.27,27.5,2437740
2016-12-08,27.69,28.0,27.02,27.43,178210
2016-12-09,27.5,27.78,27.21,27.34,53450
2016-12-12,27.2,28.39,26.9,27.61,257550
2016-12-13,27.6,27.8,27.4,27.55,28350
2016-12-14,27.65,29.93,27.61,28.22,1918060
2016-12-15,28.3,29.99,28.0,28.66,979630
2016-12-16,28.95,29.2,28.35,28.52,242490
2016-12-19,28.43,28.7,28.01,28.14,114860
2016-12-20,28.2,28.48,27.65,27.88,98130
2016-12-21,28.0,28.36,27.27,27.55,172950
2016-12-22,27.32,27.99,27.09,27.23,67630
2016-12-23,27.1,27.49,27.04,27.25,64980
2016-12-26,27.1,27.1,25.65,25.95,189820
2016-12-27,26.23,26.7,26.03,26.38,243230
2016-12-28,26.7,28.5,26.02,27.9,502580
2016-12-29,28.33,29.38,27.99,28.75,786450
2016-12-30,28.7,29.0,28.3,28.49,193040
2017-01-02,28.36,28.8,28.36,28.48,109710
2017-01-03,28.6,33.15,28.51,31.65,7315660
2017-01-04,31.73,32.48,31.48,31.85,1263870
2017-01-05,32.0,33.46,32.0,32.77,2350210
2017-01-06,33.5,34.85,33.4,33.84,6201410
2017-01-09,33.97,34.3,33.6,33.78,800310
2017-01-10,34.0,34.09,32.29,32.47,448230
2017-01-11,32.7,33.47,32.3,33.15,456500
2017-01-12,33.3,33.9,32.62,33.26,645580
2017-01-13,33.49,34.36,32.98,33.88,1174010
2017-01-16,33.5,34.3,33.31,33.72,430830
2017-01-17,33.77,34.3,33.13,33.26,247020
2017-01-18,33.6,36.16,33.54,35.78,2520980
2017-01-19,35.6,37.17,35.4,36.7,2192700
2017-01-20,36.5,38.05,36.2,37.87,3217140
2017-01-23,38.18,38.35,36.81,37.65,2417780
2017-01-24,37.78,38.4,37.6,37.8,452950
2017-01-25,38.12,41.45,37.84,40.37,4467470
2017-01-27,40.36,42.39,40.29,41.42,2649260
2017-01-30,42.5,46.13,42.5,45.14,7993810
2017-01-31,45.2,45.7,44.21,44.4,3687600
2017-02-01,44.59,44.59,41.3,43.75,2527780
2017-02-02,44.0,44.6,42.61,43.12,1126530
2017-02-03,43.2,44.35,43.2,44.09,1108370
2017-02-06,44.48,47.25,44.48,47.01,4390840
2017-02-07,47.3,51.3,45.4,50.7,2824168
2017-02-08,50.75,60.8,50.75,60.8,5491129
2017-02-09,60.4,62.35,56.0,58.5,2998108
2017-02-10,58.8,61.0,58.0,59.6,2867684
2017-02-13,60.0,60.4,55.8,57.75,817879
2017-02-14,58.05,58.2,55.15,55.65,573075
2017-02-15,55.8,56.75,51.5,52.2,1083427
2017-02-16,52.5,55.9,49.2,54.3,1593854
2017-02-17,54.5,58.8,54.5,56.1,1143902
2017-02-20,56.4,58.2,56.05,56.35,566163
2017-02-21,56.5,56.9,54.6,55.05,474575
2017-02-22,55.15,55.7,52.8,53.25,545961
2017-02-23,53.45,56.5,53.1,54.1,667390
2017-02-27,54.35,55.2,53.2,53.6,405463
2017-02-28,54.05,55.4,53.6,54.35,321150
2017-03-01,54.8,55.5,53.8,54.3,360606
2017-03-02,54.95,55.4,53.15,53.5,426100
2017-03-03,53.6,54.5,52.65,53.6,254728
2017-03-06,55.4,55.4,54.1,55.05,631186
2017-03-07,55.25,57.5,54.7,55.85,744432
2017-03-08,56.45,56.9,54.85,55.4,369133
2017-03-09,55.6,55.9,52.9,54.2,328095
2017-03-10,54.8,55.85,53.0,54.3,256982
2017-03-14,55.7,55.9,54.05,54.3,195359
2017-03-15,54.25,54.75,53.4,53.7,246543
2017-03-16,54.2,54.5,53.5,53.7,214039
2017-03-17,54.25,57.45,54.0,56.05,1366260
2017-03-20,56.8,58.9,56.5,58.3,1241551
2017-03-21,58.65,58.85,56.25,57.0,475744
2017-03-22,56.05,57.0,56.0,56.45,245639
2017-03-23,56.8,58.4,56.5,58.05,460355
2017-03-24,58.1,59.3,58.1,58.55,373533
2017-03-27,59.0,59.0,56.6,56.75,292508
2017-03-28,57.25,61.35,57.0,58.9,1536694
2017-03-29,59.05,59.7,58.35,58.85,351966
2017-03-30,59.55,62.45,58.8,61.7,1456170
2017-03-31,64.1,67.85,63.4,65.8,4322048
2017-04-03,66.35,68.6,64.5,65.7,1137667
2017-04-05,66.2,66.45,64.8,65.25,644995
2017-04-06,64.5,64.9,63.6,64.0,436338
2017-04-07,64.0,65.4,62.8,63.65,713796
2017-04-10,64.3,65.15,63.4,63.9,428806
2017-04-11,64.25,67.7,64.0,66.6,1592551
2017-04-12,66.95,67.5,64.2,66.3,821018
2017-04-13,66.3,66.55,64.8,65.1,373204
2017-04-17,66.9,67.1,65.3,65.6,587166
2017-04-18,66.0,67.0,64.75,65.25,559387
2017-04-19,67.0,67.15,64.8,66.05,896188
2017-04-20,67.55,68.2,66.5,66.95,856803
2017-04-21,67.5,67.8,66.35,66.5,608421
2017-04-24,66.75,67.75,65.5,66.05,728023
2017-04-25,65.9,67.0,65.4,65.95,849400
2017-04-26,66.2,66.5,64.2,64.8,409426
2017-04-27,64.9,65.9,64.55,64.9,384557
2017-04-28,65.15,65.9,64.3,65.35,403922
2017-05-02,65.0,65.75,64.25,64.55,282501
2017-05-03,65.75,67.2,65.65,66.05,721969
2017-05-04,66.65,66.65,65.15,65.3,257445
2017-05-05,66.3,66.3,63.5,64.0,305910
2017-05-08,64.0,65.5,64.0,64.3,201240
2017-05-09,65.6,66.5,65.5,66.0,448802
2017-05-10,66.25,66.35,65.3,65.55,210033
2017-05-11,65.7,66.45,65.0,65.25,317601
2017-05-12,65.5,66.5,64.8,65.2,522779
2017-05-15,65.2,65.75,64.75,65.0,386811
2017-05-16,65.0,65.9,65.0,65.45,261627
2017-05-17,65.5,76.3,64.0,75.55,4451564
2017-05-18,73.6,76.45,71.35,72.35,1554097
2017-05-19,73.0,75.3,70.6,71.85,1252406
2017-05-22,72.45,84.0,72.45,81.8,4937652
2017-05-23,82.0,84.7,76.1,78.35,2063638
2017-05-24,78.5,82.25,77.0,78.5,1688281
2017-05-25,78.65,81.2,77.3,77.95,911445
2017-05-26,76.3,80.7,70.0,75.2,1315299
2017-05-29,75.85,77.0,73.45,74.75,590683
2017-05-30,75.0,75.1,72.0,72.75,340063
2017-05-31,73.75,74.5,70.3,71.0,585331
2017-06-01,71.0,74.5,70.35,72.1,1861559
2017-06-02,72.5,74.0,71.5,71.75,1415638
2017-06-05,72.6,73.8,72.5,73.0,817533
2017-06-06,73.95,74.0,71.6,72.25,688758
2017-06-07,71.8,72.65,71.5,72.35,295702
2017-06-08,72.5,72.65,71.1,71.25,360391
2017-06-09,71.4,74.25,70.4,73.65,2968800
2017-06-12,73.35,73.35,69.0,70.7,1756080
2017-06-13,70.9,72.3,70.55,70.8,576435
2017-06-14,71.5,71.8,70.2,70.45,504333
2017-06-15,70.45,70.8,69.3,69.55,430832
2017-06-16,69.8,70.35,68.15,69.1,418648
2017-06-19,69.55,70.5,68.8,69.05,361712
2017-06-20,69.25,69.7,67.0,67.2,499493
2017-06-21,67.2,68.2,66.3,66.65,422524
2017-06-22,66.9,68.25,65.5,65.95,471606
2017-06-23,66.5,66.55,64.0,64.3,412117
2017-06-27,65.5,69.25,65.15,68.6,1333915
2017-06-28,68.25,68.6,66.1,67.0,343006
2017-06-29,68.0,69.2,66.65,67.7,613932
2017-06-30,68.0,68.25,66.6,67.05,214949
2017-07-03,68.5,70.1,68.0,68.4,433711
2017-07-04,68.35,68.85,66.4,67.1,276583
2017-07-05,67.2,68.25,66.35,66.75,441506
2017-07-06,67.2,68.35,66.25,66.85,508224
2017-07-07,66.85,67.8,66.5,66.8,317558
2017-07-10,67.4,67.9,66.65,66.85,68524
2017-07-11,66.9,68.15,66.6,66.8,287523
2017-07-12,67.0,70.8,66.8,69.8,1741793
2017-07-13,70.7,71.35,69.1,69.85,851909
2017-07-14,70.0,70.0,67.4,67.85,414492
2017-07-17,67.85,69.45,67.5,68.95,381374
2017-07-18,68.95,72.35,68.15,70.5,2937895
2017-07-19,71.2,72.4,71.0,71.35,1720359
2017-07-20,71.75,72.0,69.8,70.15,1116668
2017-07-21,70.4,70.4,69.0,69.3,433363
2017-07-24,69.95,69.95,68.55,68.9,397190
2017-07-25,69.5,69.55,68.6,68.75,255078
2017-07-26,69.8,70.0,68.05,68.65,291288
2017-07-27,68.9,69.9,68.05,68.2,349523
2017-07-28,68.0,69.35,67.4,68.05,335234
2017-07-31,68.3,71.75,68.3,69.95,499040
2017-08-01,70.4,70.8,69.5,69.8,181523
2017-08-02,70.8,71.6,68.8,69.25,228485
2017-08-03,69.5,70.9,68.9,69.25,436529
2017-08-04,69.6,70.5,68.5,68.9,300499
2017-08-07,69.15,69.85,69.05,69.35,122275
2017-08-08,69.85,69.95,67.1,67.35,197549
2017-08-09,67.0,67.5,61.2,63.85,402522
2017-08-10,63.5,64.4,60.6,61.35,392477
2017-08-11,60.0,61.0,55.45,57.95,691043
2017-08-14,61.4,61.4,59.0,60.4,273108
2017-08-16,61.35,62.95,61.2,62.55,429272
2017-08-17,63.05,64.5,63.0,63.35,386519
2017-08-18,64.0,65.0,62.15,63.6,513529
2017-08-21,64.0,65.0,62.55,62.9,229326
2017-08-22,63.3,63.65,62.0,62.65,235522
2017-08-23,63.0,63.3,62.45,62.65,120568
2017-08-24,64.2,65.0,63.2,64.15,344705
2017-08-28,64.75,65.5,64.15,64.85,174695
2017-08-29,64.5,64.5,61.8,63.35,155836
2017-08-30,64.7,64.95,64.0,64.35,291278
2017-08-31,64.05,65.45,63.8,64.0,253235
2017-09-01,64.0,66.65,64.0,65.85,627459
2017-09-04,66.8,69.95,66.5,67.6,1067636
2017-09-05,67.9,69.0,66.55,67.15,337249
2017-09-06,66.8,67.85,66.05,67.4,280626
2017-09-07,67.45,67.95,66.7,66.8,292258
2017-09-08,66.95,67.25,65.25,65.5,303433
2017-09-11,65.5,66.0,64.5,64.7,245538
2017-09-12,65.0,67.5,64.75,65.85,326935
2017-09-13,66.25,67.8,65.25,66.5,240730
2017-09-14,66.5,71.2,65.15,69.65,3188574
2017-09-15,69.6,70.0,66.6,67.3,2014751
2017-09-18,67.45,68.65,67.0,67.55,943163
2017-09-19,68.0,68.3,66.5,67.2,621226
2017-09-20,67.25,67.85,65.9,66.2,337129
2017-09-21,66.2,68.65,65.6,67.35,1083554
2017-09-22,66.9,68.2,65.0,65.25,559767
2017-09-25,64.95,65.35,60.0,62.15,625790
2017-09-26,61.5,64.0,61.5,62.6,349110
2017-09-27,63.3,64.35,61.4,61.85,370674
2017-09-28,61.85,63.5,61.7,62.05,247050
2017-09-29,62.35,65.3,61.7,63.35,610714
2017-10-03,63.8,64.2,62.7,62.95,390441
2017-10-04,64.0,64.7,63.15,63.8,764901
2017-10-05,64.6,65.3,63.0,63.3,788786
2017-10-06,63.75,64.9,63.4,63.85,372769
2017-10-09,63.3,67.8,63.3,66.7,1764335
2017-10-10,67.2,68.45,67.0,67.5,929100
2017-10-11,68.0,68.3,65.3,66.1,787464
2017-10-12,67.0,67.95,66.3,67.25,495466
2017-10-13,67.3,68.45,66.6,67.25,693907
2017-10-16,67.9,68.15,65.4,66.9,507650
2017-10-17,66.95,66.95,65.5,65.85,211103
2017-10-18,66.1,66.85,65.45,66.15,298346
2017-10-19,66.15,67.5,65.85,66.65,223113
2017-10-23,66.7,67.5,64.55,64.85,461278
2017-10-24,65.3,66.0,64.05,64.3,371842
2017-10-25,64.5,65.6,64.0,64.45,389781
2017-10-26,64.45,66.7,64.15,65.25,427609
2017-10-27,65.85,68.95,65.7,67.5,1064621
2017-10-30,68.25,68.9,66.75,66.95,651458
2017-10-31,67.0,69.0,66.25,68.3,1042467
2017-11-01,70.0,70.2,68.25,68.8,1845231
2017-11-02,69.45,76.75,67.5,72.2,4256956
2017-11-03,72.8,76.4,72.4,73.85,2257596
2017-11-06,73.35,75.9,71.0,74.35,1600371
2017-11-07,74.25,76.15,70.6,71.6,1161507
2017-11-08,72.05,75.45,71.65,72.25,1053994
2017-11-09,73.0,74.0,71.5,72.65,587476
2017-11-10,72.8,73.4,71.55,72.7,637824
2017-11-13,73.4,73.5,72.65,72.85,448307
2017-11-14,72.95,73.9,70.65,71.8,388185
2017-11-15,72.4,73.6,63.95,69.0,908908
2017-11-16,69.05,71.0,68.65,70.65,362293
2017-11-17,71.4,71.55,69.85,70.25,248946
2017-11-20,70.8,70.8,69.4,69.85,257077
2017-11-21,70.0,70.6,69.15,69.55,235790
2017-11-22,72.0,72.8,67.75,70.65,2250864
2017-11-23,68.9,70.6,68.05,69.5,488325
2017-11-24,70.4,70.4,69.1,69.3,322919
2017-11-27,69.4,72.0,69.25,70.25,863188
2017-11-28,70.65,71.2,69.6,70.0,282230
2017-11-29,70.5,70.9,69.35,70.05,326356
2017-11-30,70.2,72.4,69.0,70.25,1095331
2017-12-01,72.1,74.0,70.0,70.55,2859645
2017-12-04,71.1,73.5,71.1,72.45,1741641
2017-12-05,72.45,73.5,71.3,72.95,1080658
2017-12-06,72.6,74.8,72.25,72.85,1827963
2017-12-07,73.45,87.4,73.05,84.3,25072811
2017-12-08,85.0,86.6,80.25,80.7,6269060
2017-12-11,82.4,84.45,79.3,82.0,4775998
2017-12-12,82.5,85.4,81.4,81.9,4010170
2017-12-13,82.1,83.1,78.25,79.0,1932565
2017-12-14,79.6,80.8,75.9,77.75,1884479
2017-12-15,79.0,81.4,79.0,79.85,2159927
2017-12-18,79.55,83.4,74.65,81.05,2477336
2017-12-19,84.0,87.0,82.6,85.8,6886342
2017-12-20,86.5,89.0,84.5,86.35,4985364
2017-12-21,86.8,87.85,85.35,85.8,1908701
2017-12-22,86.0,86.75,85.1,85.55,1301059
2017-12-26,85.55,86.3,83.65,84.2,1073474
2017-12-27,85.9,92.65,85.7,90.25,9156682
2017-12-28,93.0,93.7,88.7,89.1,4164707
2017-12-29,92.9,94.5,90.2,91.1,6466272
2018-01-01,91.25,93.85,90.75,91.5,2250865
2018-01-02,92.1,92.7,88.75,90.65,2093403
2018-01-03,91.1,98.15,91.1,96.7,11423736
2018-01-04,97.0,99.8,95.5,97.2,4614708
2018-01-05,97.7,106.1,96.9,104.45,12641014
2018-01-08,105.45,110.0,105.45,109.05,6799426
2018-01-09,109.2,109.2,104.45,105.2,3237125
2018-01-10,105.9,106.2,102.05,103.75,2179834
2018-01-11,103.4,105.8,102.0,103.45,1816597
2018-01-12,104.35,105.4,100.8,102.8,1978931
2018-01-15,104.35,106.45,102.2,102.75,2348507
2018-01-16,102.95,103.7,97.0,97.2,2426151
2018-01-17,97.4,99.25,92.3,95.8,2119814
2018-01-18,96.2,97.4,90.3,90.95,2104331
2018-01-19,90.95,93.75,89.35,92.8,2107767
2018-01-22,93.0,94.9,92.6,93.05,869656
2018-01-23,93.15,93.8,90.75,91.25,1159285
2018-01-24,91.2,91.55,89.5,90.0,865341
2018-01-25,90.3,91.9,89.3,89.7,929647
2018-01-29,90.5,90.5,86.2,86.35,979120
2018-01-30,86.15,88.95,85.35,87.4,1267052
2018-01-31,87.05,94.15,86.6,90.5,4711356
2018-02-01,90.8,92.5,88.1,90.75,2460376
2018-02-02,88.5,90.7,85.2,88.75,2616864
2018-02-05,86.1,90.75,83.2,89.9,1352887
2018-02-06,84.6,88.0,83.0,86.4,1390174
2018-02-07,88.0,90.0,86.1,88.15,814994
2018-02-08,88.8,93.95,88.5,92.3,2187255
2018-02-09,90.3,91.85,88.5,90.4,1345191
2018-02-12,91.0,93.5,90.9,92.45,1039333
2018-02-14,95.0,99.7,94.4,97.75,3935182
2018-02-15,98.8,105.0,97.6,100.1,4628979
2018-02-16,101.15,103.0,98.05,99.95,1726580
2018-02-19,100.4,100.75,94.65,95.7,1603541
2018-02-20,95.8,97.2,93.75,94.2,956602
2018-02-21,94.8,95.4,92.25,93.1,721454
2018-02-22,92.6,92.6,90.5,91.55,570982
2018-02-23,92.35,95.0,92.3,94.65,806957
2018-02-26,97.4,97.9,94.75,95.2,1348628
2018-02-27,96.4,96.9,94.05,94.4,953844
2018-02-28,92.8,94.8,92.45,93.45,681396
2018-03-01,93.4,94.65,92.65,93.25,431275
2018-03-05,92.8,92.8,90.6,91.3,504530
2018-03-06,92.0,92.9,88.5,89.4,657140
2018-03-07,89.2,89.2,86.25,86.45,750303
2018-03-08,87.1,88.55,84.2,86.0,791217
2018-03-09,89.95,90.65,87.6,88.4,1625237
2018-03-12,89.85,89.85,87.0,87.6,552189
2018-03-13,87.0,88.05,85.0,86.45,779708
2018-03-14,85.95,86.8,85.0,85.85,595788
2018-03-15,85.9,89.9,85.5,87.95,1044011
2018-03-16,88.0,88.95,86.3,87.2,497471
2018-03-19,87.45,87.6,85.05,86.05,502481
2018-03-20,85.0,86.4,84.9,85.7,322933
2018-03-21,89.8,91.4,87.6,88.95,1864261
2018-03-22,89.0,89.6,87.1,87.55,573004
2018-03-23,84.9,85.5,80.2,83.25,1093617
2018-03-26,83.95,84.95,81.5,84.25,629856
2018-03-27,84.65,86.7,84.65,85.4,458408
2018-03-28,84.8,86.9,84.5,85.0,530275
2018-04-02,87.9,89.7,85.5,89.2,1085171
2018-04-03,88.0,91.4,87.95,90.2,777755
2018-04-04,90.75,92.9,88.15,88.4,894616
2018-04-05,93.9,96.7,93.05,95.55,2456074
2018-04-06,95.35,96.5,94.0,95.0,1054915
2018-04-09,95.15,98.5,95.05,97.7,1614077
2018-04-10,98.6,98.7,95.6,96.75,1290712
2018-04-11,97.2,97.25,95.0,95.2,649811
2018-04-12,95.0,95.4,93.0,94.2,722520
2018-04-13,94.3,95.35,92.4,93.35,756402
2018-04-16,92.55,94.8,92.0,94.0,553337
2018-04-17,94.0,95.25,93.3,93.9,765773
2018-04-18,94.05,94.6,92.5,92.7,503808
2018-04-19,92.7,95.55,92.35,94.75,1184079
2018-04-20,94.4,95.65,94.25,94.8,812991
2018-04-23,94.8,94.8,92.75,93.15,734826
2018-04-24,92.95,93.75,91.9,92.05,554433
2018-04-25,91.85,94.5,91.35,93.05,1071069
2018-04-26,93.45,94.25,92.0,92.3,457822
2018-04-27,92.7,93.95,91.65,91.9,574402
2018-04-30,92.4,92.7,90.6,91.25,506210
2018-05-02,92.45,93.2,89.1,89.35,773153
2018-05-03,88.9,90.85,88.05,88.5,657788
2018-05-04,88.0,89.7,88.0,88.9,486873
2018-05-07,89.35,92.8,87.55,91.5,1410762
2018-05-08,91.8,91.8,89.25,90.15,858118
2018-05-09,91.75,92.45,90.0,90.35,2494900
2018-05-10,90.75,90.8,87.7,88.15,704473
2018-05-11,88.15,88.45,87.0,87.4,397066
2018-05-14,87.2,88.2,85.7,86.4,478920
2018-05-15,86.35,88.2,85.8,86.45,397952
2018-05-16,85.55,86.5,83.6,84.4,686428
2018-05-17,84.55,85.95,84.5,84.65,420033
2018-05-18,84.0,87.5,83.95,85.5,669040
2018-05-21,85.5,86.8,83.05,83.45,461613
2018-05-22,83.9,85.4,82.4,84.1,791509
2018-05-23,84.1,84.5,82.9,83.05,546865
2018-05-24,84.1,85.0,83.3,83.8,1114731
2018-05-25,79.55,79.65,76.4,76.75,4477935
2018-05-28,77.05,77.8,75.5,76.1,781549
2018-05-29,76.55,78.2,76.55,76.95,1405652
2018-05-30,76.85,77.9,75.1,75.8,496404
2018-05-31,75.7,76.5,70.9,71.5,1209160
2018-06-01,71.45,72.8,66.6,67.4,1236085
2018-06-04,66.55,67.45,62.5,62.75,1277536
2018-06-05,62.8,69.4,61.4,67.85,2006040
2018-06-06,67.0,68.8,64.95,68.3,752841
2018-06-07,68.0,70.8,68.0,69.6,717266
2018-06-08,70.6,71.0,69.15,69.5,767008
2018-06-11,70.0,72.5,69.25,69.9,759257
2018-06-12,69.95,70.65,69.0,69.55,493060
2018-06-13,69.65,71.05,69.45,69.8,300844
2018-06-14,69.8,70.4,68.8,69.75,320193
2018-06-15,69.65,70.25,67.8,68.15,477007
2018-06-18,67.7,67.7,65.1,65.45,586941
2018-06-19,65.0,65.4,62.55,63.15,577100
2018-06-20,63.45,65.75,63.05,64.75,549932
2018-06-21,65.0,65.6,63.1,64.05,665595
2018-06-22,64.05,64.25,62.5,63.2,337792
2018-06-25,62.95,64.0,59.9,60.8,1074666
2018-06-26,60.8,61.0,58.5,59.1,669642
2018-06-27,58.95,59.3,55.7,56.8,747550
2018-06-28,56.3,57.9,54.85,57.15,547102
2018-06-29,57.6,60.85,57.55,60.15,488502
2018-07-02,60.9,60.9,57.6,58.4,407591
2018-07-03,58.1,58.35,56.65,57.0,383782
2018-07-04,56.9,62.65,56.65,61.25,2378510
2018-07-05,61.8,61.8,59.35,59.75,481700
2018-07-06,59.35,60.4,57.65,58.1,468061
2018-07-09,58.7,61.8,58.05,59.6,830627
2018-07-10,59.8,61.4,59.8,60.25,389673
2018-07-11,60.1,60.9,59.2,60.05,476540
2018-07-12,60.1,61.75,60.0,60.3,451366
2018-07-13,60.8,60.9,59.6,60.1,387706
2018-07-16,60.0,60.2,58.2,58.7,312241
2018-07-17,58.3,59.6,57.4,58.8,352757
2018-07-18,59.3,59.9,57.3,57.8,475621
2018-07-19,58.05,58.4,55.8,56.4,316561
2018-07-20,56.4,56.6,55.05,55.55,428380
2018-07-23,55.3,55.3,52.0,52.8,717065
2018-07-24,53.05,57.5,52.0,52.75,1382220
2018-07-25,53.65,55.2,53.4,54.15,750288
2018-07-26,54.15,56.15,53.85,55.35,633056
2018-07-27,55.7,60.5,55.3,60.05,1117498
2018-07-30,59.9,62.75,59.5,60.7,659710
2018-07-31,60.5,60.85,59.0,59.25,352988
2018-08-01,59.5,60.2,59.0,59.25,382240
2018-08-02,59.3,59.4,57.2,58.6,538302
2018-08-03,59.0,63.0,57.55,59.7,1688352
2018-08-06,60.6,63.45,60.0,62.85,999338
2018-08-07,63.5,68.0,63.2,65.95,2665339
2018-08-08,66.0,66.3,64.05,65.5,870291
2018-08-09,65.45,65.75,62.9,63.75,705980
2018-08-10,63.6,63.7,61.6,61.85,507237
2018-08-13,62.8,65.3,61.35,63.6,1340261
2018-08-14,64.5,65.0,59.35,59.95,1545254
2018-08-16,59.35,59.95,57.0,57.75,987462
2018-08-17,58.4,59.75,58.0,58.35,840242
2018-08-20,58.9,59.35,56.4,57.15,621378
2018-08-21,57.6,58.8,56.6,57.25,1606671
2018-08-23,57.25,57.8,56.1,56.3,610922
2018-08-24,56.2,56.7,55.15,56.1,678184
2018-08-27,56.35,56.7,55.3,55.45,498070
2018-08-28,56.0,56.7,55.15,55.95,758145
2018-08-29,56.2,56.7,55.5,55.7,519934
2018-08-30,55.75,56.5,55.5,55.6,455712
2018-08-31,56.15,56.7,55.0,55.35,953266
2018-09-03,56.5,57.0,55.55,55.8,1248047
2018-09-04,55.8,56.25,53.8,54.15,703519
2018-09-05,55.0,55.9,54.1,55.1,1593520
2018-09-06,55.5,55.5,53.6,54.2,734850
2018-09-07,54.0,54.45,53.25,53.55,635849
2018-09-10,53.4,53.4,49.5,50.0,2486819
2018-09-11,50.2,50.3,44.7,45.3,3358545
2018-09-12,45.65,45.85,42.25,44.95,2140166
2018-09-14,45.75,49.8,45.5,48.65,2038180
2018-09-17,48.3,49.8,46.8,48.45,1411522
2018-09-18,48.25,48.7,46.2,46.7,866653
2018-09-19,48.7,49.9,47.2,48.0,2716237
2018-09-21,48.2,48.8,43.0,45.9,1264273
2018-09-24,45.6,45.85,42.3,43.25,1128488
2018-09-25,42.8,43.85,41.15,41.95,1364390
2018-09-26,42.5,47.25,42.1,46.6,2132362
2018-09-27,47.0,48.55,46.0,46.95,974639
2018-09-28,47.4,48.05,44.4,45.5,997263
2018-10-01,45.85,45.9,39.05,44.65,785483
2018-10-03,45.0,46.25,43.8,44.55,632503
2018-10-04,43.8,45.0,43.05,44.5,497106
2018-10-05,44.5,44.7,43.05,43.6,481589
2018-10-08,43.6,44.0,41.6,42.3,531195
2018-10-09,43.0,44.2,42.5,43.0,683002
2018-10-10,43.75,46.1,43.2,44.6,787813
2018-10-11,43.35,43.7,42.0,43.45,604585
2018-10-12,44.0,44.5,43.4,43.8,496450
2018-10-15,44.25,45.9,43.15,45.25,759846
2018-10-16,45.7,47.7,45.3,46.75,952934
2018-10-17,47.75,47.75,42.55,42.95,1414775
2018-10-19,42.85,43.0,41.85,42.15,666935
2018-10-22,42.4,43.0,41.2,42.3,1918797
2018-10-23,42.1,42.1,40.5,41.2,515735
2018-10-24,40.6,41.85,40.5,40.65,515460
2018-10-25,40.1,40.2,38.5,38.65,724265
2018-10-26,38.7,38.8,36.1,36.25,1058656
2018-10-29,36.55,37.45,35.9,36.6,1471755
2018-10-30,36.2,36.95,35.85,35.95,1018553
2018-10-31,36.0,36.7,35.55,35.95,935715
2018-11-01,36.2,38.5,36.2,37.05,1868472
2018-11-02,37.45,38.85,37.3,38.3,1212669
2018-11-05,38.5,44.2,38.3,43.4,3783499
2018-11-06,43.95,45.4,43.55,43.85,1531198
2018-11-07,44.0,45.5,44.0,44.7,352908
2018-11-09,45.1,46.85,43.5,46.55,1121626
2018-11-12,46.85,47.2,44.7,45.05,1029256
2018-11-13,44.8,45.2,43.95,44.9,494730
2018-11-14,45.35,45.4,44.25,44.4,394777
2018-11-15,42.2,43.6,39.7,41.95,1376682
2018-11-16,42.35,42.65,41.0,42.15,573963
2018-11-19,42.55,42.75,41.9,42.3,381395
2018-11-20,42.05,42.2,40.1,41.7,338099
2018-11-21,41.7,41.75,40.15,41.25,387365
2018-11-22,41.25,43.5,40.9,42.3,1044658
2018-11-26,46.0,46.45,44.15,44.6,5974545
2018-11-27,44.0,44.4,42.15,42.8,1191743
2018-11-28,43.0,43.0,41.55,41.85,806204
2018-11-29,42.1,43.7,41.15,41.55,1493268
2018-11-30,41.5,42.3,41.2,41.55,402412
2018-12-03,41.7,43.5,41.35,42.6,667806
2018-12-04,42.5,42.9,41.75,42.35,347081
2018-12-05,43.25,44.9,41.9,44.25,1591886
2018-12-06,43.0,43.8,42.25,42.7,1809440
2018-12-07,43.0,43.8,41.5,41.65,567078
2018-12-10,40.4,40.9,40.1,40.2,265620
2018-12-11,39.8,41.4,39.1,40.8,501919
2018-12-12,41.2,42.9,40.95,42.45,517650
2018-12-13,42.7,43.3,42.05,42.55,435436
2018-12-14,42.3,42.8,41.9,42.3,260864
2018-12-17,42.5,43.65,42.3,42.8,328144
2018-12-18,42.75,43.25,42.0,42.9,352939
2018-12-19,43.3,43.35,42.6,42.75,536579
2018-12-20,42.5,44.45,42.4,43.7,1140811
2018-12-21,43.65,43.9,42.1,42.35,422752
2018-12-24,42.55,43.0,41.7,41.95,312210
2018-12-26,41.95,42.3,40.8,41.5,333385
2018-12-27,41.6,42.85,41.6,41.9,334930
2018-12-28,42.1,42.45,41.75,41.85,266457
2018-12-31,42.15,42.25,41.5,41.95,396560
2019-01-01,42.15,42.15,41.5,41.75,211992
2019-01-02,42.75,45.25,42.5,44.05,4005838
2019-01-03,43.65,44.0,42.4,42.65,971472
2019-01-04,42.15,43.4,41.65,42.25,731199
2019-01-07,42.55,42.85,41.7,42.0,518857
2019-01-08,42.05,42.25,41.5,41.7,326187
2019-01-09,41.95,42.1,40.7,40.85,519803
2019-01-10,40.85,41.5,40.25,41.0,777561
2019-01-11,42.55,43.75,41.4,41.6,4277600
2019-01-14,41.45,41.65,40.2,40.3,749565
2019-01-15,40.5,40.7,40.1,40.4,566285
2019-01-16,41.5,42.0,40.6,41.05,2094242
2019-01-17,41.05,41.9,40.2,40.65,1663467
2019-01-18,40.8,40.85,39.7,39.85,1201575
2019-01-21,39.85,39.85,38.7,38.8,819495
2019-01-22,38.75,38.8,37.05,38.4,905263
2019-01-23,38.25,39.3,38.0,38.5,483193
2019-01-24,38.8,38.8,38.1,38.2,457332
2019-01-25,38.4,38.5,37.5,37.7,458261
2019-01-28,37.05,37.7,35.85,36.2,775575
2019-01-29,36.0,36.5,35.5,36.15,366450
2019-01-30,36.5,38.2,36.05,37.85,721100
2019-01-31,38.6,39.2,38.05,38.65,613899
2019-02-01,38.95,39.2,37.35,37.7,513558
2019-02-04,37.15,37.35,36.2,36.5,437847
2019-02-05,36.5,37.15,35.4,35.75,412607
2019-02-06,35.75,36.95,34.6,34.9,733422
2019-02-07,35.0,36.35,34.5,35.0,710133
2019-02-08,34.85,35.0,34.35,34.6,444610
2019-02-11,34.5,34.65,33.6,33.7,462716
2019-02-12,33.75,34.0,33.2,33.6,545000
2019-02-13,33.8,33.95,33.15,33.4,368212
2019-02-14,33.3,34.0,32.9,33.75,469462
2019-02-15,33.5,33.8,33.0,33.35,321526
2019-02-18,33.35,33.5,32.5,32.7,238205
2019-02-19,32.5,34.0,32.3,32.65,329107
2019-02-20,32.4,34.35,32.4,33.7,543248
2019-02-21,33.75,34.2,33.65,33.75,281181
2019-02-22,33.75,34.1,32.9,33.0,954599
2019-02-25,33.25,33.35,32.8,33.0,660540
2019-02-26,32.7,32.7,31.5,32.2,643871
2019-02-27,32.4,33.85,32.2,32.55,892364
2019-02-28,32.75,32.95,32.3,32.5,364481
2019-03-01,32.5,33.25,32.3,32.95,1184072
2019-03-05,33.15,34.95,32.95,34.7,2605959
2019-03-06,35.4,37.3,34.9,36.85,6356835
2019-03-07,38.0,39.3,36.3,37.2,6998002
2019-03-08,37.0,37.3,36.15,36.8,1349267
2019-03-11,37.0,39.4,35.7,38.65,2799609
2019-03-12,38.8,40.4,38.4,40.1,3396120
2019-03-13,40.15,41.6,39.75,40.65,2444433
2019-03-14,40.7,41.2,39.1,39.7,1102111
2019-03-15,40.0,40.0,38.3,38.65,942025
2019-03-18,38.65,39.15,38.2,38.65,706150
2019-03-19,38.75,39.9,38.35,39.45,928033
2019-03-20,39.8,39.8,38.6,38.75,504707
2019-03-22,38.75,39.0,37.5,37.75,622471
2019-03-25,36.6,37.05,36.0,36.4,823377
2019-03-26,36.45,38.15,36.4,37.9,745193
2019-03-27,38.15,40.0,38.0,39.7,1714812
2019-03-28,40.0,40.4,38.2,39.6,879615
2019-03-29,39.95,40.0,39.0,39.2,420314
2019-04-01,39.7,40.4,39.1,39.45,366705
2019-04-02,39.8,39.8,37.35,37.8,793939
2019-04-03,38.0,39.2,37.0,37.6,1472487
2019-04-04,37.8,38.15,36.35,36.75,1392350
2019-04-05,37.0,37.9,36.8,37.45,567187
2019-04-08,37.55,37.9,37.05,37.35,364625
2019-04-09,37.3,37.35,36.4,36.95,423904
2019-04-10,36.95,37.45,36.6,36.8,446035
2019-04-11,36.8,37.35,36.7,37.15,368301
2019-04-12,37.3,38.3,36.8,37.3,981637
2019-04-15,37.6,38.4,37.4,37.75,1359047
2019-04-16,37.9,38.4,37.45,37.6,770364
2019-04-18,37.6,37.85,36.35,36.8,561909
2019-04-22,36.8,36.85,35.5,35.65,502173
2019-04-23,35.75,36.25,35.75,36.1,509264
2019-04-24,36.0,36.35,35.7,36.2,240591
2019-04-25,36.1,36.7,36.0,36.3,375634
2019-04-26,36.25,36.75,35.4,35.5,588838
2019-04-30,35.5,35.7,34.1,34.4,609615
2019-05-02,34.55,34.9,34.0,34.55,370569
2019-05-03,34.7,34.9,34.0,34.15,377071
2019-05-06,34.0,34.2,33.35,33.85,281686
2019-05-07,33.85,34.15,33.75,33.85,221200
2019-05-08,33.7,33.8,33.0,33.35,463833
2019-05-09,33.35,33.5,32.75,33.3,230814
2019-05-10,33.3,33.7,33.05,33.45,196694
2019-05-13,33.45,33.7,33.05,33.25,240188
2019-05-14,33.25,33.25,32.35,33.0,346804
2019-05-15,33.1,33.4,32.0,32.95,376736
2019-05-16,33.2,33.4,30.6,30.95,494544
2019-05-17,29.8,29.9,26.85,27.75,3262246
2019-05-20,28.3,29.5,28.2,28.7,1122155
2019-05-21,29.0,29.1,28.0,28.25,557490
2019-05-22,28.7,29.2,28.25,28.9,819447
2019-05-23,29.3,29.5,28.45,28.5,517756
2019-05-24,28.55,29.85,28.55,29.75,1130032
2019-05-27,30.0,31.65,29.3,31.45,2504933
2019-05-28,32.3,32.7,31.15,31.55,3007135
2019-05-29,31.2,31.6,30.5,30.65,549386
2019-05-30,30.5,30.65,30.0,30.25,339891
2019-05-31,30.25,30.5,29.25,29.55,369669
2019-06-03,29.35,29.5,28.6,28.85,456604
2019-06-04,28.8,29.4,28.5,29.15,342773
2019-06-06,29.2,29.3,28.3,28.9,410914
2019-06-07,28.9,29.5,28.5,28.85,382627
2019-06-10,29.25,30.2,29.0,29.6,695419
2019-06-11,29.8,30.0,29.25,29.55,411737
2019-06-12,29.6,29.65,27.9,28.2,648037
2019-06-13,28.05,28.25,26.8,26.95,890864
2019-06-14,27.1,27.1,25.7,25.9,1408128
2019-06-17,25.95,26.0,22.8,23.5,1547034
2019-06-18,23.5,24.4,23.25,24.05,857569
2019-06-19,24.4,24.6,21.6,22.05,1011266
2019-06-20,21.8,23.25,19.25,22.05,2343740
2019-06-21,22.4,22.45,21.8,21.95,548759
2019-06-24,22.2,22.8,21.9,22.15,1206877
2019-06-25,22.15,22.7,21.85,22.15,1070549
2019-06-26,22.15,23.0,21.95,22.8,394639
2019-06-27,23.0,26.0,22.9,25.25,2325292
2019-06-28,25.45,25.6,23.85,24.9,1019825
2019-07-01,25.2,25.7,24.15,24.35,418469
2019-07-02,24.3,24.6,23.7,24.15,209416
2019-07-03,24.3,24.4,23.85,24.15,321607
2019-07-04,24.15,24.85,23.9,24.2,341405
2019-07-05,24.5,24.5,22.55,23.35,344030
2019-07-08,23.0,23.05,21.15,21.6,520225
2019-07-09,21.6,22.05,20.45,20.6,674135
2019-07-10,21.05,21.05,20.4,20.75,471280
2019-07-11,21.0,21.1,19.7,20.1,625571
2019-07-12,19.8,20.7,19.8,20.5,321246
2019-07-15,20.55,20.9,19.65,20.1,365855
2019-07-16,19.9,20.1,19.5,19.9,221775
2019-07-17,20.05,22.5,20.05,21.35,972098
2019-07-18,21.0,21.35,20.15,20.25,287413
2019-07-19,20.4,20.9,19.8,19.9,350454
2019-07-22,19.6,20.0,19.3,19.75,307574
2019-07-23,19.85,20.1,19.45,19.9,238047
2019-07-24,19.9,20.4,19.55,19.65,315336
2019-07-25,19.9,20.05,19.5,19.65,252308
2019-07-26,19.7,20.1,19.3,19.95,481875
2019-07-29,20.65,21.6,20.35,20.9,1461908
2019-07-30,20.9,21.15,19.25,19.45,444610
2019-07-31,19.3,19.45,17.9,18.65,609317
2019-08-01,18.65,19.6,18.15,18.6,263488
2019-08-02,18.5,19.1,18.05,18.95,371374
2019-08-05,18.7,18.7,18.1,18.2,393875
2019-08-06,18.2,19.2,18.05,18.75,576979
2019-08-07,18.8,19.0,18.5,18.55,191413
2019-08-08,18.35,18.75,18.2,18.45,164870
2019-08-09,19.65,22.1,19.65,22.05,3811479
2019-08-13,22.9,23.45,21.5,22.7,2211478
2019-08-14,22.9,23.0,21.4,22.25,979347
2019-08-16,22.45,22.45,21.8,22.05,396250
2019-08-19,22.05,22.55,21.9,22.3,482116
2019-08-20,23.1,23.5,22.6,22.75,773849
2019-08-21,22.5,22.85,20.85,20.95,432141
2019-08-22,20.8,20.9,19.0,19.3,599075
2019-08-23,19.3,19.95,18.3,19.4,654598
2019-08-26,20.1,20.2,19.4,19.5,546437
2019-08-27,19.85,21.6,19.65,21.4,654855
2019-08-28,21.7,23.0,21.4,22.65,1275991
2019-08-29,22.6,23.5,22.2,22.95,639122
2019-08-30,23.2,23.3,22.1,22.9,366028
2019-09-03,22.7,22.8,22.3,22.4,238273
2019-09-04,22.4,22.65,21.5,22.25,309912
2019-09-05,22.5,23.1,22.05,22.55,306540
2019-09-06,22.55,23.0,22.0,22.6,268612
2019-09-09,22.85,24.35,22.0,24.1,728403
2019-09-11,24.1,27.5,24.05,26.8,1427578
2019-09-12,27.05,29.7,26.95,27.65,1349674
2019-09-13,28.75,29.25,25.5,27.8,1219410
2019-09-16,27.7,28.9,27.1,28.25,639292
2019-09-17,28.25,28.45,27.0,27.1,433611
2019-09-18,27.1,27.5,26.1,26.55,369410
2019-09-19,26.1,26.7,25.5,26.25,435360
2019-09-20,26.85,28.2,25.8,27.15,1117313
2019-09-23,27.45,28.2,27.15,27.65,553962
2019-09-24,27.6,28.3,27.35,28.1,436998
2019-09-25,28.05,29.0,27.55,27.85,530954
2019-09-26,27.8,29.2,27.8,28.05,482816
2019-09-27,28.15,28.6,27.25,27.65,512892
2019-09-30,27.6,27.65,26.1,26.35,447933
2019-10-01,26.1,27.4,23.9,24.3,818920
2019-10-03,24.15,24.15,23.05,23.8,473439
2019-10-04,24.0,24.85,23.55,23.9,2804845
2019-10-07,24.1,24.25,23.05,24.0,1853745
2019-10-09,23.95,24.05,23.4,23.85,338330
2019-10-10,23.9,23.9,23.5,23.6,146853
2019-10-11,23.9,24.3,23.0,23.4,255546
2019-10-14,23.7,25.45,23.35,24.35,1004082
2019-10-15,24.15,24.2,23.55,23.65,349435
2019-10-16,23.8,24.4,23.5,23.85,656878
2019-10-17,23.85,24.0,23.6,23.95,214971
2019-10-18,24.1,24.4,23.75,23.95,913597
2019-10-22,24.1,24.5,23.6,23.65,588084
2019-10-23,23.6,23.85,22.75,23.3,436212
2019-10-24,23.0,23.95,23.0,23.7,283176
2019-10-25,23.35,24.0,23.1,23.75,318553
2019-10-27,24.0,24.75,23.8,24.25,394901
2019-10-29,26.1,26.1,23.7,23.9,1987347
2019-10-30,24.0,24.2,23.65,23.75,346541
2019-10-31,23.85,26.5,23.85,25.9,2202716
2019-11-01,26.0,26.0,25.1,25.4,888558
2019-11-04,25.4,25.85,24.8,25.4,790438
2019-11-05,25.5,25.5,24.55,24.65,977227
2019-11-06,24.8,25.35,24.65,24.85,402737
2019-11-07,24.8,25.15,24.75,24.9,757795
2019-11-08,25.9,26.1,24.9,25.05,1708901
2019-11-11,24.95,25.35,24.6,24.9,512274
2019-11-13,24.65,24.9,24.5,24.6,485327
2019-11-14,24.3,24.7,23.65,24.1,448450
2019-11-15,24.05,24.35,23.65,24.05,415140
2019-11-18,24.15,24.3,23.55,23.75,295909
2019-11-19,23.85,24.0,21.4,21.75,897987
2019-11-20,21.3,21.95,21.0,21.35,810735
2019-11-21,21.35,22.7,21.25,22.5,753357
2019-11-22,22.55,23.15,22.5,22.9,399076
2019-11-25,22.95,23.0,22.1,22.3,254074
2019-11-26,22.35,22.5,21.35,22.1,624603
2019-11-27,22.0,22.75,21.75,22.35,406361
2019-11-28,22.45,22.9,22.1,22.75,353181
2019-11-29,22.8,23.9,22.6,23.2,716137
2019-12-02,23.1,23.85,22.9,23.65,549829
2019-12-03,23.6,23.8,23.1,23.3,331712
2019-12-04,23.25,23.25,22.1,23.0,334452
2019-12-05,23.1,23.45,22.85,22.9,244737
2019-12-06,23.05,24.2,22.8,23.65,1054110
2019-12-09,23.65,23.65,22.9,23.15,229889
2019-12-10,23.15,23.55,22.4,22.75,295001
2019-12-11,22.75,23.05,22.15,22.4,243855
2019-12-12,22.45,22.95,21.7,22.8,569224
2019-12-13,23.0,23.6,22.65,22.75,462698
2019-12-16,23.0,23.2,21.8,22.0,806551
2019-12-17,22.0,22.4,21.6,21.7,791379
2019-12-18,21.75,22.65,21.6,21.7,3526824
2019-12-19,21.75,22.15,21.35,21.4,761277
2019-12-20,21.5,21.7,20.5,20.75,1922978
2019-12-23,20.7,20.8,19.75,19.85,1987516
2019-12-24,19.8,21.0,19.75,20.8,848921
2019-12-26,21.1,21.35,20.5,21.0,723497
2019-12-27,21.05,22.55,21.0,22.3,1321891
2019-12-30,22.45,22.75,22.1,22.3,795028
2019-12-31,22.35,23.3,22.2,22.6,822943
2020-01-01,22.4,23.0,22.3,22.8,302584
2020-01-02,22.9,24.6,22.75,23.95,1697192
2020-01-03,23.85,24.65,23.45,23.9,1114972
2020-01-06,23.2,23.65,22.35,22.75,713008
2020-01-07,22.75,23.55,22.55,22.75,364480
2020-01-08,23.05,25.9,22.85,23.95,4845217
2020-01-09,24.4,24.8,23.45,23.65,1140819
2020-01-10,23.7,25.5,23.2,24.0,2152031
2020-01-13,24.25,24.5,23.85,24.4,577237
2020-01-14,24.6,25.25,24.15,24.35,907855
2020-01-15,24.25,24.75,24.2,24.4,558556
2020-01-16,24.75,25.0,24.4,24.7,1139410
2020-01-17,24.4,27.45,24.4,27.15,4174841
2020-01-20,27.45,27.55,26.1,26.65,1337006
2020-01-21,26.4,28.9,26.25,27.85,3019109
2020-01-22,28.5,29.95,28.5,28.85,3507633
2020-01-23,29.05,29.25,28.2,28.55,905375
2020-01-24,28.5,29.1,28.35,28.55,824104
2020-01-27,28.5,28.75,28.0,28.2,617743
2020-01-28,28.2,29.4,26.85,28.6,1154180
2020-01-29,29.0,29.15,28.1,28.25,722518
2020-01-30,28.4,28.45,26.75,26.85,628221
2020-01-31,27.35,27.6,26.3,26.7,642361
2020-02-01,26.65,27.25,25.75,26.2,758432
2020-02-03,25.8,26.0,25.0,25.2,521165
2020-02-04,25.2,26.2,25.2,25.55,1065058
2020-02-05,25.55,26.85,25.55,26.6,586587
2020-02-06,26.9,28.2,26.85,28.05,927117
2020-02-07,28.35,29.0,26.8,27.15,1135478
2020-02-10,27.25,27.5,25.85,25.95,838997
2020-02-11,26.0,27.4,25.9,27.2,1080308
2020-02-12,27.25,29.45,26.6,28.3,5533214
2020-02-13,28.05,30.95,27.15,29.15,4108160
2020-02-14,29.35,29.5,28.1,28.3,1235792
2020-02-17,28.4,28.5,27.75,28.1,685462
2020-02-18,27.6,27.9,27.1,27.25,609168
2020-02-19,28.25,28.5,27.35,27.8,723782
2020-02-20,27.65,27.85,27.15,27.3,529531
2020-02-24,27.05,27.2,26.25,26.45,476667
2020-02-25,26.75,26.9,26.25,26.5,440525
2020-02-26,26.45,26.75,25.05,26.4,669833
2020-02-27,26.35,26.35,25.3,25.55,706029
2020-02-28,25.3,25.4,23.8,23.9,800790
2020-03-02,28.3,28.3,24.25,24.6,645549
2020-03-03,25.0,26.5,24.35,25.1,610444
2020-03-04,25.4,25.45,22.8,23.2,778573
2020-03-05,23.4,23.75,22.95,23.5,620379
2020-03-06,21.0,23.5,21.0,22.75,908554
2020-03-09,22.0,22.4,20.35,20.65,1099976
2020-03-11,20.8,21.45,19.5,20.05,852761
2020-03-12,18.65,19.0,16.05,16.05,4041435
2020-03-13,15.0,18.0,13.0,16.7,4275832
2020-03-16,16.5,17.9,16.5,17.1,1147922
2020-03-17,17.4,18.45,17.15,17.95,876342
2020-03-18,18.0,18.45,16.7,17.2,793842
2020-03-19,16.65,17.5,15.0,16.4,1010527
2020-03-20,16.7,17.8,15.9,16.4,1044449
2020-03-23,14.7,15.7,14.4,14.75,1098481
2020-03-24,15.55,16.0,13.85,15.3,425933
2020-03-25,14.9,16.4,14.5,15.75,722281
2020-03-26,15.85,18.5,15.0,16.55,1634455
2020-03-27,17.25,17.9,16.5,16.65,823457
2020-03-30,16.3,18.9,15.85,18.25,3323627
2020-03-31,19.1,20.0,19.1,19.95,1166228
2020-04-01,22.25,23.5,21.35,22.0,3650023
2020-04-03,22.95,23.0,20.85,20.95,1325205
2020-04-07,20.55,22.9,19.85,22.05,2075304
2020-04-08,21.9,22.85,21.05,21.8,1064100
2020-04-09,23.3,23.95,22.8,23.1,1393487
2020-04-13,23.45,23.75,22.5,22.75,896244
2020-04-15,23.0,23.5,22.2,22.3,1066593
2020-04-16,22.0,24.5,22.0,23.85,2240581
2020-04-17,24.65,25.0,23.75,24.0,883636
2020-04-20,24.1,24.4,23.4,23.75,600647
2020-04-21,23.1,23.4,22.1,22.4,450489
2020-04-22,21.25,22.6,21.05,22.25,596602
2020-04-23,22.6,22.85,22.1,22.45,303310
2020-04-24,22.25,22.25,21.5,21.85,241450
2020-04-27,22.0,22.5,20.75,20.85,744724
2020-04-28,21.85,22.5,21.3,21.95,738966
2020-04-29,22.45,22.5,22.05,22.15,329428
2020-04-30,22.4,22.75,21.75,21.85,332244
2020-05-04,21.3,22.7,20.65,22.0,1105002
2020-05-05,22.5,22.5,21.1,21.2,280670
2020-05-06,21.15,21.45,20.6,21.1,339733
2020-05-07,21.0,21.2,20.55,20.7,289349
2020-05-08,21.0,21.15,19.85,20.1,534571
2020-05-11,20.55,21.25,20.25,20.45,823333
2020-05-12,20.4,20.7,20.05,20.4,291283
2020-05-13,21.2,21.4,20.55,21.1,649939
2020-05-14,21.0,21.45,20.7,21.05,394053
2020-05-15,21.35,21.9,20.7,21.3,542330
2020-05-18,21.05,22.0,20.55,21.15,955810
2020-05-19,21.35,21.4,20.5,20.55,323452
2020-05-20,20.6,20.9,20.2,20.4,304357
2020-05-21,20.4,21.2,20.2,20.75,374995
2020-05-22,20.65,21.45,20.45,21.05,489012
2020-05-26,21.8,22.45,21.6,22.05,1060478
2020-05-27,22.4,22.5,21.9,22.4,637091
2020-05-28,22.5,24.6,22.3,24.35,3248330
2020-05-29,25.95,26.75,25.5,26.25,5514338
2020-06-01,26.65,27.2,25.8,26.3,1990062
2020-06-02,26.3,26.8,25.9,26.05,714265
2020-06-03,26.1,28.65,25.9,28.0,4712256
2020-06-04,28.3,28.45,27.15,27.9,1403763
2020-06-05,28.75,31.15,27.95,30.05,3222897
2020-06-08,30.6,36.05,30.6,34.95,10403279
2020-06-09,35.95,37.0,34.25,34.7,3904403
2020-06-10,34.85,37.75,34.25,37.15,4771070
2020-06-11,37.75,37.75,34.1,34.65,3370790
2020-06-12,31.0,36.7,31.0,36.2,3842563
2020-06-15,36.5,36.5,35.2,35.75,1691997
2020-06-16,36.2,37.0,33.7,34.45,1861941
2020-06-17,35.05,40.8,35.05,40.1,7721814
2020-06-18,40.1,44.9,38.8,43.95,11674248
2020-06-19,44.65,45.8,42.35,42.9,6337965
2020-06-22,42.9,43.45,39.0,39.55,4383591
2020-06-23,39.95,42.75,39.45,41.65,3120404
2020-06-24,42.0,42.0,39.5,39.8,1985932
2020-06-25,39.75,41.4,38.3,40.35,2005351
2020-06-26,41.0,41.6,40.15,40.4,1775945
2020-06-29,40.6,43.45,39.2,42.75,4437078
2020-06-30,43.0,43.65,41.1,41.6,3006658
2020-07-01,41.8,42.65,40.55,41.95,3069830
2020-07-02,42.3,43.75,41.9,43.25,3805584
2020-07-03,43.4,44.6,43.0,43.7,3516394
2020-07-06,43.8,47.8,43.65,46.3,6890341
2020-07-07,47.1,47.7,45.6,46.55,2939021
2020-07-08,46.4,47.3,44.6,45.15,2628251
2020-07-09,45.05,46.7,44.8,46.0,2755061
2020-07-10,45.7,45.9,44.4,44.85,909036
2020-07-13,44.4,45.3,40.8,43.25,1066250
2020-07-14,43.0,43.05,40.3,42.05,1289195
2020-07-15,42.1,43.25,41.1,41.5,790183
2020-07-16,41.5,42.5,40.6,41.9,605228
2020-07-17,41.9,43.05,41.5,42.7,772631
2020-07-20,43.1,43.9,42.8,43.3,1043652
2020-07-21,42.8,43.55,42.5,42.75,684527
2020-07-22,42.9,46.3,42.3,45.85,2859816
2020-07-23,46.0,47.1,45.0,45.45,1635667
2020-07-24,45.0,45.8,44.5,44.85,890095
2020-07-27,45.45,46.0,43.5,44.25,1264163
2020-07-28,44.5,45.0,43.75,44.0,828291
2020-07-29,44.5,46.8,44.4,45.45,2969195
2020-07-30,46.0,53.85,45.6,52.6,13812468
2020-07-31,53.8,55.7,51.2,52.3,6077241
2020-08-03,51.85,53.85,51.0,51.6,3762691
2020-08-04,51.05,56.45,51.05,55.75,3747792
2020-08-05,56.4,56.9,53.8,54.2,2260482
2020-08-06,54.45,55.6,53.5,54.45,1487808
2020-08-07,54.8,58.2,54.25,57.1,2851486
2020-08-10,57.55,59.95,57.0,58.2,1816179
2020-08-11,59.15,63.3,59.0,61.4,7860460
2020-08-12,61.0,61.0,59.0,59.9,1707681
2020-08-13,60.4,61.25,59.05,59.9,1112611
2020-08-14,60.35,60.8,57.1,57.95,1620847
2020-08-17,58.5,58.5,55.25,55.95,1601095
2020-08-18,56.2,57.8,54.0,57.2,1715113
2020-08-19,57.75,57.85,56.5,56.8,744799
2020-08-20,55.3,57.3,55.3,56.7,744418
2020-08-21,57.2,60.8,56.8,59.6,2858177
2020-08-24,60.0,60.1,58.0,58.35,977196
2020-08-25,58.5,58.85,57.1,58.3,729803
2020-08-26,58.3,58.8,57.7,57.9,587536
2020-08-27,58.0,58.3,57.15,57.3,576456
2020-08-28,57.5,60.8,56.9,59.4,2598479
2020-08-31,61.5,62.15,52.65,56.05,3453739
2020-09-01,56.0,56.7,53.1,55.25,796559
2020-09-02,56.7,56.8,55.7,56.25,536696
2020-09-03,56.5,58.0,56.3,56.65,394565
2020-09-04,54.1,56.15,53.6,55.0,688670
2020-09-07,54.05,55.0,51.6,52.0,1206513
2020-09-08,52.0,54.35,50.25,50.85,1184186
2020-09-09,50.0,50.4,48.4,49.55,1193324
2020-09-10,49.9,51.95,49.9,50.85,998602
2020-09-11,52.1,52.4,49.65,51.35,1503921
2020-09-14,51.8,54.65,51.75,53.6,1502846
2020-09-15,54.0,54.5,53.25,53.65,688173
2020-09-16,53.55,55.2,53.3,54.6,859598
2020-09-17,54.15,54.95,52.55,53.4,676217
2020-09-18,53.85,54.7,52.5,54.1,792047
2020-09-21,54.5,54.95,51.35,52.1,851667
2020-09-22,51.25,51.7,48.05,50.25,1039489
2020-09-23,50.5,52.2,49.65,50.55,932335
2020-09-24,49.75,49.75,47.3,47.65,1774943
2020-09-25,47.3,50.85,47.3,50.5,1752710
2020-09-28,50.85,53.0,50.8,52.8,1045270
2020-09-29,53.2,54.0,51.6,52.95,1015092
2020-09-30,52.85,54.45,51.55,54.15,1211778
2020-10-01,55.0,55.85,53.55,54.55,2476057
2020-10-05,54.95,55.25,53.5,53.65,1122037
2020-10-06,54.05,54.5,52.3,53.2,836034
2020-10-07,53.3,53.4,49.5,50.4,2539408
2020-10-08,50.75,51.4,49.6,49.8,898390
2020-10-09,50.45,51.0,49.8,50.0,665919
2020-10-12,51.7,52.5,50.5,50.6,1417582
2020-10-13,50.6,50.85,49.85,50.0,538962
2020-10-14,50.0,50.6,48.65,49.65,470290
2020-10-15,50.3,50.8,49.05,49.3,483811
2020-10-16,49.1,50.2,48.8,49.45,464910
2020-10-19,49.2,50.15,49.05,49.35,418977
2020-10-20,49.4,49.95,49.05,49.15,292659
2020-10-21,49.25,52.3,49.2,51.15,1245093
2020-10-22,51.55,52.2,50.8,51.55,811039
2020-10-23,51.85,52.65,51.75,52.3,654881
2020-10-26,53.0,55.6,52.15,53.8,2614944
2020-10-27,53.5,56.7,53.5,56.05,2267410
2020-10-28,56.8,57.1,55.5,56.4,1535339
2020-10-29,55.95,56.35,54.25,54.9,803286
2020-10-30,55.7,56.8,52.0,53.15,3766427
2020-11-02,53.4,53.4,50.15,50.85,1459242
2020-11-03,51.15,51.5,48.5,49.0,1821778
2020-11-04,49.45,50.7,49.0,50.05,695817
2020-11-05,50.85,52.55,50.25,52.3,1982849
2020-11-06,52.5,52.9,51.5,51.7,934805
2020-11-09,52.05,52.6,51.0,51.15,620506
2020-11-10,51.0,51.0,50.1,50.2,742842
2020-11-11,50.1,50.65,49.25,49.9,546921
2020-11-12,50.45,50.45,49.55,49.8,536774
2020-11-13,49.9,51.25,49.9,50.55,1693955
2020-11-14,51.1,51.4,50.3,51.05,291852
2020-11-17,51.0,51.0,50.3,50.4,624360
2020-11-18,50.45,51.15,50.05,50.65,1134041
2020-11-19,50.6,51.4,50.1,50.25,1248101
2020-11-20,50.45,51.2,49.75,50.0,872297
2020-11-23,50.3,51.0,49.75,50.25,946510
2020-11-24,51.0,51.3,49.9,50.45,1531727
2020-11-25,50.85,50.95,50.0,50.1,823624
2020-11-26,50.1,53.75,49.9,52.55,9111336
2020-11-27,52.8,53.35,52.0,52.4,2217366
2020-12-01,52.0,54.3,52.0,53.8,2694267
2020-12-02,54.8,58.0,54.15,56.8,6804045
2020-12-03,57.0,59.4,56.85,58.45,3700005
2020-12-04,58.9,59.2,53.65,55.75,3499905
2020-12-07,56.0,57.5,55.5,56.0,1383355
2020-12-08,56.55,57.45,54.5,55.6,1367390
2020-12-09,55.95,57.5,55.2,57.15,1973820
2020-12-10,57.2,58.75,55.65,57.8,6258318
2020-12-11,57.9,59.0,57.0,57.25,2097135
2020-12-14,58.05,59.2,57.65,58.1,2485629
2020-12-15,57.9,59.1,56.4,58.8,2168269
2020-12-16,60.0,61.9,58.85,60.05,6159747
2020-12-17,62.4,62.65,60.0,60.45,5808267
2020-12-18,60.2,60.6,57.3,58.55,2622660
2020-12-21,58.2,58.35,50.55,53.05,2588408
2020-12-22,53.05,54.6,51.0,54.3,1967092
2020-12-23,55.3,57.0,55.3,55.85,1631668
2020-12-24,56.3,56.9,54.7,54.85,1520513
2020-12-28,55.2,58.45,55.2,58.1,4155438
2020-12-29,58.55,58.85,56.6,57.95,2303708
2020-12-30,58.0,60.0,56.7,58.05,4065172
2020-12-31,57.9,58.35,56.7,57.2,1020749
2021-01-01,57.55,58.15,57.0,57.45,790600
2021-01-04,58.0,58.25,56.85,57.35,983656
2021-01-05,57.2,59.35,56.35,58.35,2118401
2021-01-06,58.7,59.0,57.0,57.35,1610225
2021-01-07,57.7,58.5,57.1,57.65,1525989
2021-01-08,58.0,58.4,57.15,57.3,1016633
2021-01-11,56.55,58.0,56.55,57.0,816546
2021-01-12,57.1,57.5,56.55,56.75,829357
2021-01-13,57.0,58.0,56.0,56.25,1055057
2021-01-14,56.45,57.4,55.9,56.6,789940
2021-01-15,57.5,58.05,56.1,56.4,1282545
2021-01-18,56.2,56.65,55.1,55.2,1030783
2021-01-19,55.8,56.4,55.25,55.55,821565
2021-01-20,55.6,56.65,55.1,55.75,1685985
2021-01-21,56.3,57.5,56.25,56.55,1717084
2021-01-22,56.5,57.15,55.55,55.7,883064
2021-01-25,55.9,56.15,54.2,54.4,938932
2021-01-27,54.35,55.3,53.75,54.65,695547
2021-01-28,53.9,55.55,53.65,54.1,634410
2021-01-29,54.6,56.5,53.25,54.25,1773189
2021-02-01,54.1,54.65,53.0,53.4,1103513
2021-02-02,54.0,54.7,52.5,53.5,1001366
2021-02-03,53.0,53.9,52.85,53.15,770028
2021-02-04,53.2,53.5,52.0,52.35,1213506
2021-02-05,52.8,52.9,51.65,51.8,923087
2021-02-08,51.65,52.7,51.3,52.25,1355637
2021-02-09,52.0,52.45,51.5,51.85,601071
2021-02-10,52.5,52.65,51.55,52.05,778090
2021-02-11,52.1,52.8,51.85,52.1,615360
2021-02-12,52.3,52.3,51.55,51.75,533830
2021-02-15,52.1,52.4,51.0,51.2,631993
2021-02-16,51.2,51.55,50.8,51.0,575315
2021-02-17,50.8,51.1,48.75,50.0,1901749
2021-02-18,50.3,52.9,50.0,51.9,1747823
2021-02-19,51.95,54.25,51.55,52.95,2114995
2021-02-22,52.95,53.7,51.0,51.2,1008496
2021-02-23,51.45,52.8,51.2,51.8,808775
2021-02-24,52.05,52.4,51.05,51.8,346977
2021-02-25,51.85,52.35,51.35,51.8,830608
2021-02-26,51.3,54.65,50.5,52.7,1581483
2021-03-01,53.2,53.25,52.1,52.35,897956
2021-03-02,52.6,58.2,52.35,57.25,6464859
2021-03-03,57.7,60.6,56.15,58.75,8772133
2021-03-04,57.9,64.0,56.75,61.5,10030451
2021-03-05,61.5,63.7,57.25,59.15,5258644
2021-03-08,59.9,62.7,59.35,61.25,3569534
2021-03-09,61.7,65.9,61.5,64.15,12202082
2021-03-10,65.0,66.2,64.25,64.8,4220263
2021-03-12,65.0,65.85,60.8,61.8,3474308
2021-03-15,62.2,62.3,58.5,59.55,2328852
2021-03-16,59.8,61.9,58.3,60.7,2909969
2021-03-17,60.85,61.85,58.3,58.7,2264172
2021-03-18,59.5,60.8,54.4,56.6,2533886
2021-03-19,55.0,57.75,54.0,57.1,1859926
2021-03-22,57.25,58.5,56.25,57.75,1626860
2021-03-23,58.3,60.8,57.75,60.35,2630005
2021-03-24,60.1,61.4,58.05,58.65,1884926
2021-03-25,58.65,58.95,56.2,56.75,1347956
2021-03-26,58.0,58.0,55.55,56.05,1014078
2021-03-30,57.0,58.0,56.5,57.7,1091116
2021-03-31,58.0,60.4,57.85,58.5,2008047
2021-04-01,58.8,62.9,58.3,62.25,3722852
2021-04-05,62.4,62.5,59.3,60.1,2046756
2021-04-06,60.6,62.0,59.55,60.3,1487979
2021-04-07,60.5,62.4,60.3,61.8,2252998
2021-04-08,62.0,67.9,62.0,65.7,8743869
2021-04-09,66.0,70.25,65.5,68.25,7590134
2021-04-12,67.7,67.7,62.1,63.3,4719423
2021-04-13,63.5,68.0,63.5,67.2,4688262
2021-04-15,67.7,71.85,65.1,70.8,8294316
2021-04-16,71.05,74.5,71.0,71.7,6914627
2021-04-19,69.6,69.85,62.5,68.5,3434746
2021-04-20,69.05,72.4,69.05,69.95,4015051
2021-04-22,70.65,72.9,69.2,71.75,5275219
2021-04-23,71.7,73.9,70.6,71.2,4568031
2021-04-26,72.2,72.7,70.05,70.5,1633804
2021-04-27,70.8,74.0,70.65,72.7,3894628
2021-04-28,73.5,75.5,73.1,74.35,4627339
2021-04-29,74.9,75.9,73.3,73.7,2509001
2021-04-30,73.2,74.5,72.2,72.55,1306549
2021-05-03,72.75,82.2,72.0,79.75,11003607
2021-05-04,81.25,83.5,75.6,76.4,8353939
2021-05-05,77.3,79.75,75.9,79.25,3128882
2021-05-06,79.8,80.3,76.9,77.5,2121116
2021-05-07,78.0,78.3,76.15,76.5,2798846
2021-05-10,77.25,78.25,76.05,76.35,2781549
2021-05-11,75.35,82.45,75.1,81.35,5080174
2021-05-12,82.45,85.6,80.1,82.4,8267323
2021-05-14,83.4,85.8,81.4,83.2,5707359
2021-05-17,84.0,85.9,83.3,85.1,4402201
2021-05-18,87.4,88.4,85.35,86.05,4371635
2021-05-19,85.7,86.45,84.55,85.6,2413262
2021-05-20,85.2,88.2,84.1,86.3,2845980
2021-05-21,87.2,89.45,86.5,87.6,3180417
2021-05-24,88.3,90.5,87.25,88.85,3825816
2021-05-25,89.35,89.4,87.3,87.8,2734757
2021-05-26,88.5,89.1,77.75,79.05,11794601
2021-05-27,80.0,80.2,75.3,76.6,5517515
2021-05-28,76.6,77.4,72.65,74.15,4467288
2021-05-31,74.7,76.7,74.2,75.05,3383727
2021-06-01,75.45,76.6,74.0,74.7,3156179
2021-06-02,74.85,76.9,73.65,76.15,3135603
2021-06-03,76.9,77.7,76.0,77.2,2875553
2021-06-04,78.0,78.5,76.65,77.0,2552134
2021-06-07,77.45,77.7,76.4,77.2,1729959
2021-06-08,77.5,77.65,76.0,76.55,1157569
2021-06-09,77.1,79.95,74.0,75.45,4950880
2021-06-10,76.9,78.45,76.6,77.25,2519216
2021-06-11,77.75,78.45,77.3,77.55,1358120
2021-06-14,78.0,78.25,75.6,76.2,1297797
2021-06-15,76.65,77.8,75.65,76.5,1605006
2021-06-16,76.85,76.9,75.35,75.65,1166364
2021-06-17,75.0,78.7,74.6,75.5,3106434
2021-06-18,76.1,76.75,73.15,74.6,2013742
2021-06-21,72.9,75.15,72.55,74.1,1267299
2021-06-22,74.65,75.2,74.2,74.65,847346
2021-06-23,75.0,75.35,73.4,73.55,1302949
2021-06-24,73.6,75.5,73.0,73.95,2178172
2021-06-25,74.05,76.15,73.7,74.05,2036602
2021-06-28,74.5,75.5,74.25,75.0,1052100
2021-06-29,74.95,75.3,74.05,74.35,829293
2021-06-30,74.4,75.75,73.35,73.95,1601883
2021-07-01,74.5,75.25,73.85,74.0,1316266
2021-07-02,74.1,75.55,73.8,74.15,1582038
2021-07-05,74.75,81.5,74.5,80.6,10072195
2021-07-06,81.35,84.3,79.5,80.05,9937988
2021-07-07,80.1,82.25,78.6,80.15,2619926
2021-07-08,80.5,82.05,79.5,81.3,2859022
2021-07-09,81.4,81.5,79.0,79.65,1682247
2021-07-12,80.4,83.2,79.0,80.7,3411748
2021-07-13,81.3,83.4,80.7,80.9,2565850
2021-07-14,80.95,81.7,79.55,80.15,1235416
2021-07-15,80.4,81.55,79.2,79.45,1710827
2021-07-16,79.7,81.3,79.15,80.2,1307038
2021-07-19,79.4,80.7,78.75,79.35,1012077
2021-07-20,79.4,79.7,76.05,76.4,1282744
2021-07-22,77.4,78.65,77.0,77.95,945825
2021-07-23,78.45,80.0,77.0,79.5,1400337
2021-07-26,78.95,80.65,78.55,78.75,1057398
2021-07-27,79.0,83.4,79.0,81.65,4612206
2021-07-28,82.3,83.5,79.95,81.2,3299314
2021-07-29,81.8,81.8,80.05,80.3,1215453
2021-07-30,80.7,81.35,75.7,75.95,3952899
2021-08-02,76.65,77.1,74.0,74.3,1975121
2021-08-03,74.5,75.95,74.3,75.05,1290536
2021-08-04,75.7,76.4,74.35,74.5,1403560
2021-08-05,74.7,74.8,73.0,73.65,658011
2021-08-06,73.9,74.35,72.7,72.85,847141
2021-08-09,73.55,73.85,69.25,70.2,1422372
2021-08-10,70.8,71.2,67.0,67.75,1240517
2021-08-11,67.55,68.0,62.7,66.35,1846586
2021-08-12,65.5,68.5,65.5,68.0,1086701
2021-08-13,68.5,68.95,67.6,68.05,716387
2021-08-16,68.05,68.45,65.45,66.9,976853
2021-08-17,66.85,70.0,66.25,69.25,1367630
2021-08-18,69.7,70.75,68.15,68.5,686909
2021-08-20,68.3,68.45,64.75,65.8,671308
2021-08-23,66.2,66.95,62.0,62.4,1464721
2021-08-24,62.45,65.5,61.65,64.95,1229411
2021-08-25,65.5,68.95,65.5,68.4,1369876
2021-08-26,68.85,69.3,66.55,67.25,712122
2021-08-27,67.65,67.65,66.05,66.45,592202
2021-08-30,66.55,68.8,66.55,67.7,593630
2021-08-31,68.95,68.95,67.0,67.2,560462
2021-09-01,67.25,68.05,66.7,66.85,647410
2021-09-02,66.95,67.7,66.8,66.95,638762
2021-09-03,67.0,68.3,66.8,67.15,1047385
2021-09-06,67.5,67.65,66.75,67.0,459789
2021-09-07,67.0,67.25,66.35,66.65,432718
2021-09-08,66.85,67.55,66.05,66.25,893420
2021-09-09,66.0,66.9,65.7,65.95,622112
2021-09-13,65.5,65.9,63.9,64.3,1056470
2021-09-14,65.0,67.4,64.8,65.1,3059007
2021-09-15,65.5,70.9,64.85,69.15,9935147
2021-09-16,69.45,69.9,67.5,67.95,2594231
2021-09-17,68.4,68.5,64.8,67.75,2838802
2021-09-20,67.5,71.65,67.15,70.05,5263861
2021-09-21,70.6,71.3,68.1,69.15,1602654
2021-09-22,69.6,72.45,68.0,72.1,4815715
2021-09-23,72.95,75.0,71.35,73.05,5716660
2021-09-24,73.25,73.75,71.5,71.75,1629673
2021-09-27,72.15,72.6,70.6,70.8,1050110
2021-09-28,70.8,73.9,70.0,70.95,2236335
2021-09-29,70.25,72.45,70.1,71.85,1170186
2021-09-30,72.15,74.35,71.45,72.05,2823612
2021-10-01,71.95,73.35,71.5,71.85,1574151
2021-10-04,72.2,72.45,70.95,71.2,1143746
2021-10-05,70.8,72.15,70.75,71.1,1309979
2021-10-06,71.5,71.6,69.8,70.0,1170186
2021-10-07,70.55,71.7,70.15,70.4,916601
2021-10-08,70.5,71.0,69.45,69.65,1048969
2021-10-11,69.75,70.1,68.4,68.55,1430599
2021-10-12,68.55,69.4,68.1,68.35,921108
2021-10-13,68.95,73.7,68.55,73.1,4392520
2021-10-14,73.2,75.8,73.15,73.6,3493071
2021-10-18,74.1,74.45,72.35,72.5,1434088
2021-10-19,72.8,73.6,69.3,69.85,1554319
2021-10-20,69.85,71.0,68.6,69.25,1125065
2021-10-21,69.7,70.0,69.0,69.6,698785
2021-10-22,69.25,71.8,69.25,69.8,1079675
2021-10-25,70.35,70.6,67.2,68.15,1064633
2021-10-26,68.5,70.15,68.2,69.8,654565
2021-10-27,70.3,72.8,69.2,72.15,1610901
2021-10-28,72.45,72.85,70.5,71.55,1649178
2021-10-29,72.15,73.0,69.2,69.5,2430174
2021-11-01,69.0,70.2,67.3,68.25,988401
2021-11-02,68.9,68.95,67.6,67.85,1246239
2021-11-03,68.0,68.3,66.4,66.8,950781
2021-11-04,67.15,68.45,67.0,68.1,418255
2021-11-08,69.3,70.9,68.0,69.95,1156632
2021-11-09,69.9,75.25,69.45,72.2,4453873
2021-11-10,71.9,72.85,70.5,70.85,983454
2021-11-11,71.15,71.45,70.0,70.3,604396
2021-11-12,70.7,70.9,69.15,69.95,573784
2021-11-15,70.45,70.5,68.0,68.6,741548
2021-11-16,68.95,70.1,68.35,69.3,624903
2021-11-17,69.9,70.1,67.95,68.65,617738
2021-11-18,68.65,69.3,67.55,67.95,566636
2021-11-22,68.7,68.7,65.35,65.6,807699
2021-11-23,65.5,67.3,64.7,66.8,693155
2021-11-24,68.15,68.15,67.0,67.25,507156
2021-11-25,67.55,67.95,66.8,67.4,488801
2021-11-26,68.0,69.15,65.05,66.3,1372293
2021-11-29,65.1,65.85,63.0,63.9,824061
2021-11-30,65.0,65.5,61.5,63.35,634187
2021-12-01,64.0,64.4,63.05,64.05,497627
2021-12-02,64.35,65.0,63.55,64.7,400015
2021-12-03,64.85,66.7,64.6,66.1,590682
2021-12-06,66.7,66.9,64.95,65.05,363803
2021-12-07,65.15,66.2,65.15,66.0,380318
2021-12-08,67.1,67.9,66.8,67.1,721369
2021-12-09,66.6,67.4,66.35,67.0,528767
2021-12-10,66.75,68.5,66.6,67.95,746646
2021-12-13,68.9,74.2,68.15,73.35,4396950
2021-12-14,73.3,81.9,72.1,80.85,20416851
2021-12-15,81.65,85.25,78.6,80.1,16074324
2021-12-16,80.75,82.45,78.05,78.8,4530324
2021-12-17,78.9,79.1,74.4,74.9,2593766
2021-12-20,73.9,73.9,68.8,71.1,2652415
2021-12-21,71.8,74.45,71.8,72.6,1680782
2021-12-22,73.1,74.8,72.2,72.9,1041718
2021-12-23,73.5,75.75,73.05,74.9,1821066
2021-12-24,75.2,81.3,74.45,78.95,7489485
2021-12-27,78.7,78.7,76.3,76.75,1876849
2021-12-28,77.4,79.9,76.8,77.7,2247183
2021-12-29,78.25,78.6,75.6,75.85,1230579
2021-12-30,76.0,76.5,74.15,74.45,1061487
2021-12-31,74.4,76.3,74.2,74.95,1042695
2022-01-03,75.3,76.1,75.0,75.35,932345
2022-01-04,75.95,78.95,74.35,77.75,2633940
2022-01-05,78.1,82.8,77.55,80.65,10729961
2022-01-06,79.0,80.4,78.35,78.8,2147346
2022-01-07,78.4,79.25,77.1,77.4,1579347
2022-01-10,78.3,79.2,77.1,78.05,1684434
2022-01-11,78.45,79.75,77.15,78.25,2067525
2022-01-12,78.85,79.15,77.1,77.5,1193643
2022-01-13,78.25,78.4,76.15,77.25,1263013
2022-01-14,77.25,80.55,76.6,78.85,2439736
2022-01-17,79.5,80.75,79.0,79.25,2071458
2022-01-18,79.7,79.8,74.1,75.05,1850678
2022-01-19,75.7,76.95,74.6,76.6,1221027
2022-01-20,77.25,78.75,76.4,76.8,1520552
2022-01-21,76.75,77.15,73.9,74.35,1228194
2022-01-24,74.35,75.7,70.5,70.95,1413482
2022-01-25,71.0,74.0,69.35,73.05,1131603
2022-01-27,72.05,75.3,71.15,72.9,1249454
2022-01-28,73.45,75.25,72.0,72.15,1175219
2022-01-31,73.2,74.0,70.0,71.35,1652918
2022-02-01,71.65,72.3,70.4,71.05,1037377
2022-02-02,71.6,73.75,71.6,73.1,1129629
2022-02-03,73.5,73.5,71.9,72.4,624002
2022-02-04,72.85,73.2,71.2,72.4,775245
2022-02-07,72.4,72.9,70.9,71.5,823664
2022-02-08,71.9,72.0,68.9,69.95,1126622
2022-02-09,70.4,71.15,69.65,70.15,589439
2022-02-10,70.05,71.45,69.65,70.65,601886
2022-02-11,69.8,70.35,68.8,69.15,748675
2022-02-14,67.9,67.9,65.05,65.45,1139397
2022-02-15,66.85,66.95,63.75,66.65,1056574
2022-02-16,67.15,70.55,67.1,67.65,1096355
2022-02-17,68.7,68.7,66.05,66.35,568279
2022-02-18,67.45,67.45,65.9,66.15,639997
2022-02-21,66.1,66.95,64.0,64.55,803346
2022-02-22,62.9,63.6,61.7,62.65,779981
2022-02-23,63.0,64.6,63.0,63.6,552195
2022-02-24,60.3,61.85,58.35,60.25,1538510
2022-02-25,64.0,64.0,59.0,62.9,786579
2022-02-28,62.9,63.55,59.25,62.65,737415
2022-03-02,61.85,65.7,61.2,65.1,1026526
2022-03-03,66.55,67.1,65.25,65.75,757460
2022-03-04,68.05,68.95,66.15,66.75,2307895
2022-03-07,64.25,68.45,64.25,65.45,1206575
2022-03-08,65.95,68.5,65.95,68.1,1112580
2022-03-09,68.8,68.95,67.35,68.1,852554
2022-03-10,69.5,69.5,67.2,67.55,676099
2022-03-11,67.8,68.4,67.25,67.7,402536
2022-03-14,68.35,71.25,66.75,70.7,1716643
2022-03-15,71.25,73.2,69.3,70.55,1791201
2022-03-16,71.3,72.4,70.1,71.5,1235100
2022-03-17,72.1,75.85,72.1,74.45,2889352
2022-03-21,75.0,77.55,74.1,75.2,1946861
2022-03-22,75.0,75.75,73.9,75.1,1096067
2022-03-23,75.7,75.7,72.75,73.55,1301597
2022-03-24,73.4,75.9,72.85,73.85,1274668
2022-03-25,74.4,78.5,73.65,76.35,3862176
2022-03-28,76.9,76.95,74.15,74.8,840091
2022-03-29,75.2,78.1,74.3,76.7,2726416
2022-03-30,77.8,77.95,75.4,76.6,1407381
2022-03-31,77.15,79.75,75.8,78.1,2261348
2022-04-01,77.7,81.65,77.55,80.25,2705983
2022-04-04,80.85,81.95,78.1,79.65,2171603
2022-04-05,80.3,83.3,80.0,81.05,3999611
2022-04-06,80.7,82.35,79.5,79.8,1960833
2022-04-07,79.8,80.75,77.75,78.25,1268809
2022-04-08,79.0,80.5,78.05,78.3,1511321
2022-04-11,78.7,86.55,78.25,85.95,12038482
2022-04-12,86.7,93.75,86.2,90.55,27647512
2022-04-13,91.4,95.0,91.1,92.0,10238017
2022-04-18,91.7,92.7,88.0,89.3,4871106
2022-04-19,90.0,97.35,90.0,92.15,15434987
2022-04-20,92.95,94.3,90.55,91.35,4945957
2022-04-21,92.5,94.4,92.0,92.95,3545871
2022-04-22,92.9,99.35,91.4,97.15,12971658
2022-04-25,96.0,100.7,94.95,96.2,11456018
2022-04-26,97.8,98.9,95.0,95.8,4971773
2022-04-27,95.2,95.2,90.2,91.05,4626708
2022-04-28,91.7,93.9,89.7,90.7,3792456
2022-04-29,91.35,91.7,85.95,87.2,2709265
2022-05-02,85.5,89.3,84.4,87.65,3468099
2022-05-04,88.65,90.7,85.45,87.1,2620436
2022-05-05,88.0,89.2,83.0,83.6,2874212
2022-05-06,81.6,82.85,80.0,81.75,2291270
2022-05-09,80.95,81.8,79.5,80.2,1745585
2022-05-10,79.85,83.35,79.75,81.0,2226817
2022-05-11,81.8,82.75,72.9,76.05,3342407
2022-05-12,75.9,80.05,74.4,78.4,3248041
2022-05-13,79.9,80.95,77.0,77.8,2187539
2022-05-16,77.35,78.8,75.95,77.35,1666235
2022-05-17,77.95,84.6,77.65,83.85,2839319
2022-05-18,84.0,85.9,82.6,84.55,2567184
2022-05-19,81.2,86.55,81.1,84.85,3316942
2022-05-20,86.4,89.45,84.8,85.65,3553093
2022-05-23,86.3,86.55,83.0,83.55,1183738
2022-05-24,83.6,88.3,83.05,85.6,5078182
2022-05-25,85.7,86.5,81.9,82.45,1460008
2022-05-26,80.5,80.9,73.5,78.8,6250645
2022-05-27,79.45,87.4,79.2,85.45,2595622
2022-05-30,86.0,87.7,80.7,81.3,5077489
2022-05-31,80.95,82.5,80.05,80.6,1602796
2022-06-01,82.3,82.8,80.75,81.6,1285850
2022-06-02,81.85,82.15,80.7,81.55,759766
2022-06-03,82.4,82.45,80.55,80.75,865632
2022-06-06,80.75,81.65,77.8,78.3,955896
2022-06-07,78.6,80.8,77.75,79.6,1131441
2022-06-08,80.4,80.5,78.45,78.85,600172
2022-06-09,78.75,79.15,77.0,77.35,697104
2022-06-10,76.9,78.75,76.4,76.85,717568
2022-06-13,75.95,75.95,72.25,73.4,957051
2022-06-14,73.4,77.05,73.4,76.6,1526910
2022-06-15,76.1,77.75,75.0,75.95,678555
2022-06-16,77.0,77.35,72.0,73.25,1200217
2022-06-17,73.05,73.45,68.2,71.45,721818
2022-06-20,71.4,71.95,66.5,67.5,979683
2022-06-21,68.5,71.5,68.05,70.6,703213
2022-06-22,70.75,71.3,68.8,69.3,493197
2022-06-23,69.8,75.05,69.5,73.35,1397301
2022-06-24,73.9,74.45,72.9,73.75,584296
2022-06-27,74.95,76.3,74.1,75.45,777996
2022-06-28,75.45,78.4,74.3,77.7,1404251
2022-06-29,76.9,77.6,76.2,77.1,610742
2022-06-30,76.8,77.55,73.4,75.5,941963
2022-07-01,75.5,76.1,74.0,74.5,389162
2022-07-04,75.0,77.1,74.6,76.7,686640
2022-07-05,77.3,78.8,76.55,77.05,707572
2022-07-06,76.4,79.6,75.8,78.55,899813
2022-07-07,79.15,79.8,77.6,78.2,521657
2022-07-08,78.75,79.15,77.55,78.15,391736
2022-07-11,78.35,83.7,77.3,82.5,2090088
2022-07-12,83.1,86.6,81.6,85.65,2152033
2022-07-13,85.1,88.0,84.2,85.35,1906705
2022-07-14,85.35,87.45,83.8,86.75,1390252
2022-07-15,87.1,88.7,85.5,86.7,1061650
2022-07-18,86.25,91.0,86.25,90.4,2787646
2022-07-19,90.0,90.95,88.0,89.25,1673271
2022-07-20,90.1,95.15,89.3,93.2,5568730
2022-07-21,93.6,94.7,92.3,92.85,1693880
2022-07-22,93.0,93.4,90.35,92.05,1490871
2022-07-25,93.4,95.35,92.1,93.45,1895301
2022-07-26,93.8,94.15,90.75,91.4,950942
2022-07-27,90.65,92.9,90.3,92.6,959675
2022-07-28,93.3,94.9,87.1,88.05,1736455
2022-07-29,88.5,94.7,87.9,90.95,4487832
2022-08-01,92.05,92.5,88.75,89.55,1562140
2022-08-02,89.5,90.7,88.0,88.65,1299401
2022-08-03,89.0,89.65,85.7,86.85,1172752
2022-08-04,87.5,89.4,86.25,87.3,1181406
2022-08-05,87.5,89.8,87.5,88.4,895094
2022-08-08,88.9,89.7,85.95,86.65,1169798
2022-08-10,87.15,88.8,86.3,87.55,1105124
2022-08-11,88.0,93.2,85.0,92.55,3938824
2022-08-12,92.95,97.8,91.2,92.4,4990655
2022-08-16,92.8,94.2,90.6,91.4,2054613
2022-08-17,91.4,92.6,89.45,90.15,1192963
2022-08-18,89.8,96.0,89.05,94.1,3764513
2022-08-19,94.85,96.15,91.05,92.6,1932019
2022-08-22,92.3,94.0,89.9,91.5,1505650
2022-08-23,90.8,99.6,90.8,98.75,8712275
2022-08-24,99.4,103.65,98.3,100.25,9539995
2022-08-25,100.95,101.8,98.65,99.2,2786472
2022-08-26,99.9,101.85,91.8,93.1,8963033
2022-08-29,91.4,95.4,88.8,94.2,4420491
2022-08-30,95.6,97.3,94.5,95.15,2429213
2022-09-01,94.7,95.95,93.6,94.2,1934263
2022-09-02,94.8,95.3,93.4,93.75,1198220
2022-09-05,93.75,95.2,93.1,93.8,1009543
2022-09-06,94.5,94.5,91.9,92.9,1056379
2022-09-07,92.6,94.3,92.55,93.5,1262519
2022-09-08,94.35,94.85,93.15,93.65,1144867
2022-09-09,90.5,91.65,88.5,88.95,4230058
2022-09-12,89.0,91.8,89.0,91.55,1949831
2022-09-13,92.5,102.9,92.45,101.3,17605967
2022-09-14,98.8,114.5,98.7,109.35,29372517
2022-09-15,110.1,111.85,105.25,108.5,6959980
2022-09-16,109.0,110.7,100.35,103.1,5288288
2022-09-19,104.0,113.3,102.6,110.6,11553917
2022-09-20,112.0,114.9,108.5,109.95,5151361
2022-09-21,110.4,110.5,105.95,108.6,3298266
2022-09-22,108.4,116.25,108.4,115.25,8138052
2022-09-23,115.9,117.7,113.0,114.45,5368448
2022-09-26,113.35,113.35,106.4,108.65,4304276
2022-09-27,110.0,111.95,108.35,110.55,3009239
2022-09-28,109.9,115.75,108.6,113.8,4941463
2022-09-29,114.95,119.15,112.65,115.1,4763669
2022-09-30,115.7,117.0,113.55,116.1,2885855
2022-10-03,116.5,119.7,115.1,116.7,4115556
2022-10-04,118.4,125.0,118.05,120.1,8514887
2022-10-06,121.0,121.2,115.3,116.75,4504236
2022-10-07,117.0,118.25,115.7,117.25,2737464
2022-10-10,116.75,117.9,112.8,117.35,2635065
2022-10-11,118.1,124.55,118.1,122.4,9479172
2022-10-12,123.05,125.45,118.4,119.35,4902752
2022-10-13,119.35,121.75,117.5,119.95,2893981
2022-10-14,122.75,123.1,119.25,119.9,2184089
2022-10-17,119.6,121.75,117.15,120.95,2106358
2022-10-18,121.95,124.25,120.2,123.8,2784483
2022-10-19,125.0,125.25,122.1,123.6,1740282
2022-10-20,123.0,124.2,121.5,122.45,1244594
2022-10-21,123.05,124.4,120.1,120.75,1627212
2022-10-24,122.0,124.5,122.0,123.85,786372
2022-10-25,124.0,130.9,122.9,129.85,5035054
2022-10-27,130.5,135.85,126.2,135.15,9792695
2022-10-28,135.0,135.75,130.85,131.6,2960956
2022-10-31,133.0,133.5,125.0,126.55,3329693
2022-11-01,122.0,124.0,119.5,120.25,3879924
2022-11-02,120.9,122.3,116.25,117.35,3701247
2022-11-03,117.35,120.2,117.25,118.2,1590255
2022-11-04,118.9,121.4,115.3,120.0,2314969
2022-11-07,121.3,124.5,121.3,123.5,2443292
2022-11-09,124.4,127.1,123.1,126.0,2317974
2022-11-10,125.0,126.45,117.0,119.95,3352124
2022-11-11,123.45,123.45,118.1,119.75,2336968
2022-11-14,120.0,120.25,114.2,115.05,2156238
2022-11-15,115.8,117.3,115.0,115.45,1172514
2022-11-16,115.45,116.9,112.1,112.85,1300194
2022-11-17,112.8,115.4,112.25,114.0,1151141
2022-11-18,114.75,114.75,111.7,112.2,914440
2022-11-21,112.2,113.25,110.55,111.15,1032849
2022-11-22,111.25,112.95,110.5,111.75,957221
2022-11-23,112.6,115.5,111.75,112.9,1244017
2022-11-24,113.7,115.5,112.65,114.8,1091307
2022-11-25,115.0,116.6,114.1,115.05,883404
2022-11-28,115.4,115.4,112.6,112.9,667514
2022-11-29,113.5,114.0,111.1,111.4,787641
2022-11-30,116.4,117.95,112.2,114.55,5488513
2022-12-01,114.0,115.0,113.2,114.15,1414925
2022-12-02,114.7,116.0,113.65,115.75,890018
2022-12-05,116.0,116.65,113.85,114.05,701535
2022-12-06,114.05,114.4,111.8,112.1,747841
2022-12-07,112.0,117.6,112.0,116.9,2023531
2022-12-08,116.0,116.95,114.5,115.05,919658
2022-12-09,115.65,116.0,109.6,112.65,918506
2022-12-12,112.9,114.45,111.2,112.15,738137
2022-12-13,112.75,115.45,112.3,113.0,1236509
2022-12-14,113.85,116.5,113.55,115.95,1240065
2022-12-15,115.95,117.7,114.2,114.85,821580
2022-12-16,114.3,114.3,110.2,112.65,528746
2022-12-19,113.25,124.75,113.1,123.8,6197613
2022-12-20,124.5,127.45,122.0,125.0,5592935
2022-12-21,125.8,126.6,116.35,117.3,2003256
2022-12-22,118.0,119.35,112.3,113.8,1680006
2022-12-23,112.7,113.2,105.8,107.0,2036158
2022-12-26,102.25,114.55,102.25,112.85,2128475
2022-12-27,113.45,115.75,113.0,114.35,1161272
2022-12-28,114.45,117.3,112.95,115.05,844196
2022-12-29,114.85,116.9,113.1,115.2,689099
2022-12-30,115.8,117.9,115.05,115.55,674608
2023-01-02,115.9,117.05,115.4,115.95,506025
2023-01-03,116.1,121.7,116.1,119.45,1841971
2023-01-04,120.0,120.75,116.25,116.95,1025835
2023-01-05,116.5,117.3,114.8,116.6,711582
2023-01-06,116.7,118.3,113.65,114.75,628415
2023-01-09,115.35,117.85,115.1,117.1,714980
2023-01-10,119.0,121.8,116.3,116.85,1995140
2023-01-11,117.3,117.6,115.4,115.9,641414
2023-01-12,116.45,116.85,114.35,115.0,620942
2023-01-13,115.55,118.5,114.6,117.75,1054540
2023-01-16,118.45,120.65,116.35,117.25,883992
2023-01-17,117.05,117.95,115.6,116.35,364566
2023-01-18,116.15,117.05,115.3,115.75,473361
2023-01-19,115.7,118.05,115.3,116.1,556450
2023-01-20,116.1,116.5,114.6,115.15,310474
2023-01-23,116.9,116.9,114.0,114.5,424273
2023-01-24,114.6,115.3,113.15,113.85,390101
2023-01-25,113.4,114.2,111.5,112.7,400955
2023-01-27,113.6,114.0,109.5,111.25,604200
2023-01-30,111.3,113.75,109.2,111.45,788197
2023-01-31,114.0,116.0,112.25,115.3,1026639
2023-02-01,115.0,118.4,112.0,112.95,1253707
2023-02-02,113.45,117.65,113.3,114.3,990295
2023-02-03,114.85,116.9,112.5,115.35,914175
2023-02-06,115.35,117.25,112.35,113.95,834155
2023-02-07,114.8,114.8,111.0,111.3,695725
2023-02-08,111.8,112.7,106.5,108.35,893037
2023-02-09,108.8,110.05,107.0,107.45,762819
2023-02-10,107.95,109.4,107.2,108.8,430168
2023-02-13,109.0,109.0,104.5,104.8,900024
2023-02-14,104.8,105.75,103.6,104.75,442768
2023-02-15,105.0,108.0,104.8,105.35,835658
2023-02-16,105.8,106.95,104.75,105.75,384934
2023-02-17,105.65,106.4,104.1,105.55,415545
2023-02-20,105.1,105.95,103.8,104.1,507762
2023-02-21,104.5,104.6,103.0,103.2,380822
2023-02-22,103.2,103.2,98.55,99.9,1312365
2023-02-23,100.0,102.75,98.6,98.9,495247
2023-02-24,99.4,100.6,98.05,99.05,564824
2023-02-27,98.95,104.75,97.0,97.7,2877528
2023-02-28,97.9,99.9,95.0,96.55,929346
2023-03-01,97.35,99.5,97.35,99.05,517653
2023-03-02,99.65,102.45,98.35,101.45,651929
2023-03-03,102.0,103.45,100.9,102.65,704591
2023-03-06,103.45,103.45,100.15,100.45,701301
2023-03-08,100.0,102.35,99.0,101.8,797875
2023-03-09,102.3,105.9,102.05,103.75,1746980
2023-03-10,103.0,103.65,99.9,100.65,1055692
2023-03-13,101.0,101.0,99.05,99.4,419579
2023-03-14,99.5,99.85,96.15,97.8,546504
2023-03-15,98.1,98.7,97.15,97.6,649455
2023-03-16,97.5,97.7,93.8,94.65,606720
2023-03-17,96.05,96.8,94.0,94.8,574696
2023-03-20,94.7,99.45,91.9,97.3,839708
2023-03-21,99.45,99.5,94.5,96.7,1042153
2023-03-22,99.15,99.7,97.4,99.2,627894
2023-03-23,99.2,101.7,98.5,100.95,714826
2023-03-24,101.4,101.6,95.55,96.15,552513
2023-03-27,97.0,97.4,90.0,92.7,750148
2023-03-28,92.65,93.45,90.1,90.6,610743
2023-03-29,90.75,99.0,90.7,97.55,1348914
2023-03-31,97.65,100.05,96.0,96.5,842837
2023-04-03,97.2,100.0,96.7,98.2,455845
2023-04-05,98.2,100.9,98.0,99.65,489767
2023-04-06,100.1,100.15,97.0,98.9,349675
2023-04-10,99.35,99.35,97.05,97.95,518518
2023-04-11,97.7,99.75,97.5,98.9,392639
2023-04-12,99.2,100.8,97.55,97.9,711367
2023-04-13,97.9,98.55,96.95,97.55,393551
2023-04-17,97.4,98.85,96.95,97.7,371664
2023-04-18,98.25,99.15,97.6,98.55,289265
2023-04-19,100.0,107.35,99.55,106.2,5744085
2023-04-20,108.05,111.3,106.65,108.1,4732188
2023-04-21,108.2,109.0,104.75,105.75,1797630
2023-04-24,106.35,109.9,105.2,108.2,1749059
2023-04-25,108.5,108.9,105.7,107.05,993760
2023-04-26,107.0,108.85,106.1,108.3,957506
2023-04-27,107.85,112.4,107.25,110.1,2711255
2023-04-28,110.85,111.85,109.6,110.7,1247992
2023-05-02,111.3,111.7,107.45,108.15,976274
2023-05-03,107.9,110.4,107.5,108.9,943070
2023-05-04,109.4,110.9,109.0,109.95,935548
2023-05-05,110.3,110.75,108.05,108.35,628735
2023-05-08,109.05,110.15,107.8,108.65,553293
2023-05-09,108.95,110.75,106.1,106.7,844250
2023-05-10,107.3,108.5,106.05,106.8,577637
2023-05-11,107.45,109.75,106.95,108.9,677345
2023-05-12,108.9,113.95,108.3,113.5,3488694
2023-05-15,114.4,115.2,112.55,113.85,1539179
2023-05-16,113.7,114.65,112.0,112.35,844522
2023-05-17,113.25,113.45,110.0,111.75,722985
2023-05-18,112.45,118.0,111.85,115.9,3608990
2023-05-19,118.0,121.4,116.45,117.85,5105655
2023-05-22,117.5,117.5,115.75,116.45,724052
2023-05-23,116.85,116.85,113.5,113.85,1109766
2023-05-24,113.65,115.95,112.8,114.65,634907
2023-05-25,114.45,118.3,114.05,116.5,895362
2023-05-26,116.9,116.9,112.95,113.6,809002
2023-05-29,114.5,115.5,112.8,113.45,638009
2023-05-30,113.5,115.0,113.35,114.35,603407
2023-05-31,113.55,116.15,112.85,114.6,1546914
2023-06-01,114.5,119.9,114.35,119.45,2828831
2023-06-02,120.5,122.8,118.85,119.85,2524405
2023-06-05,120.4,123.0,115.4,116.4,2074116
2023-06-06,116.6,118.65,115.1,117.2,770748
2023-06-07,117.6,125.35,117.6,124.35,5177478
2023-06-08,124.8,126.9,122.2,122.6,1666215
2023-06-09,123.5,125.3,120.65,121.4,1019248
2023-06-12,121.95,121.95,119.45,119.9,590017
2023-06-13,120.6,125.6,119.75,125.1,3272894
2023-06-14,126.95,129.7,125.8,128.2,2670224
2023-06-15,128.0,138.0,127.1,133.95,7659268
2023-06-16,135.5,136.55,131.65,132.55,1740396
2023-06-19,132.55,136.95,129.6,135.6,2665488
2023-06-20,135.6,136.7,132.55,133.65,2449519
2023-06-21,134.45,137.95,132.2,133.05,1438562
2023-06-22,133.0,137.25,131.7,134.7,1935040
2023-06-23,134.7,134.7,129.0,129.65,968312
2023-06-26,129.6,130.75,126.25,129.65,971331
2023-06-27,129.9,132.5,128.35,129.15,1023999
2023-06-28,129.2,131.0,127.65,129.05,668051
2023-06-30,129.6,132.9,128.5,131.7,1280576
2023-07-03,132.3,133.5,129.35,131.1,1133746
2023-07-04,131.0,131.0,125.05,127.0,1037056
2023-07-05,126.85,129.8,126.25,129.3,800647
2023-07-06,129.8,132.0,129.2,130.15,1104137
2023-07-07,131.0,131.8,127.5,129.5,929842
2023-07-10,129.5,130.8,127.65,128.3,701037
2023-07-11,129.0,130.35,127.4,129.3,956329
2023-07-12,130.0,133.0,129.0,129.75,1672523
2023-07-13,129.5,132.0,124.05,131.25,3282227
2023-07-14,132.0,135.5,130.3,133.4,1795742
2023-07-17,135.5,143.55,135.5,142.75,7425242
2023-07-18,143.85,148.2,140.5,147.45,5292327
2023-07-19,148.3,155.25,145.3,154.2,4771033
2023-07-20,155.0,161.55,154.25,160.75,4760571
2023-07-21,159.0,167.5,157.3,164.15,5896776
2023-07-24,163.8,169.15,162.85,165.0,3124635
2023-07-25,166.2,168.8,163.3,164.3,2072116
2023-07-26,164.7,165.4,155.9,158.8,2420894
2023-07-27,159.5,162.45,157.15,160.1,1352404
2023-07-28,160.6,166.35,158.0,165.25,4264385
2023-07-31,165.25,183.6,165.25,180.65,6505573
2023-08-01,182.0,194.1,182.0,184.65,7123067
2023-08-02,185.7,185.7,176.05,180.2,3137101
2023-08-03,180.15,180.15,172.15,175.85,1029148
2023-08-04,174.55,180.4,171.8,173.7,1091461
2023-08-07,173.9,183.5,173.9,182.35,1166837
2023-08-08,183.8,184.35,177.0,178.9,748065
2023-08-09,179.0,181.2,177.0,180.2,434722
2023-08-10,180.45,180.8,174.5,175.2,520302
2023-08-11,175.65,176.3,172.2,173.9,405899
2023-08-14,172.75,176.7,170.0,175.8,479370
2023-08-16,175.8,178.3,172.4,176.75,518628
2023-08-17,177.65,180.65,170.35,172.75,1090579
2023-08-18,173.45,176.05,170.5,172.95,534434
2023-08-21,173.9,173.9,171.4,172.15,797683
2023-08-22,173.05,177.7,171.8,172.45,1392291
2023-08-23,173.45,177.25,172.8,173.45,754066
2023-08-24,175.35,180.5,173.1,176.35,1575773
2023-08-25,175.0,175.95,165.0,166.15,1192996
2023-08-28,160.0,173.2,157.85,170.5,3396639
2023-08-29,171.3,171.4,165.1,166.35,1064992
2023-08-30,168.0,168.05,163.65,164.3,1111462
2023-08-31,165.0,169.2,164.5,165.4,922663
2023-09-01,166.0,166.5,163.25,164.7,967194
2023-09-04,166.4,169.5,164.5,165.55,1299661
2023-09-05,166.5,171.0,164.6,169.15,1803151
2023-09-06,169.95,179.4,169.0,176.1,4682592
2023-09-07,177.35,181.05,176.2,177.35,3315516
2023-09-08,178.0,180.55,173.2,174.85,1677667
2023-09-11,175.8,176.45,171.9,173.9,983113
2023-09-12,174.95,174.95,146.6,161.9,2732334
2023-09-13,162.0,163.2,153.2,161.65,1381438
2023-09-14,162.0,167.75,162.0,166.65,967791
2023-09-15,166.65,167.45,162.7,166.8,1105129
2023-09-18,165.9,171.85,164.8,166.05,1047156
2023-09-20,165.0,170.35,163.5,165.0,868292
2023-09-21,165.2,166.5,160.7,162.55,507235
2023-09-22,162.55,162.55,156.6,158.2,1084709
2023-09-25,159.4,165.0,159.0,163.4,820221
2023-09-26,167.0,173.4,160.3,161.3,3715664
2023-09-27,162.6,165.0,161.05,163.1,1073885
2023-09-28,163.5,165.55,161.6,162.15,580394
2023-09-29,163.0,167.0,161.35,166.35,910171
2023-10-03,165.85,167.95,164.0,167.3,1283584
2023-10-04,166.9,172.95,166.5,168.65,1865379
2023-10-05,172.0,175.0,169.25,173.7,2317872
2023-10-06,174.35,177.45,172.4,173.4,2038071
2023-10-09,169.1,170.85,165.55,169.5,998308
2023-10-10,170.5,173.0,169.5,172.55,1021063
2023-10-11,172.8,178.75,172.65,176.85,1159430
2023-10-12,177.85,178.25,174.75,177.95,1019284
2023-10-13,177.35,182.3,176.75,178.7,1637921
2023-10-16,179.95,183.35,174.25,175.2,1290654
2023-10-17,178.4,178.9,173.3,175.15,1281421
2023-10-18,175.15,178.7,173.6,176.95,1054198
2023-10-19,176.05,176.2,172.5,174.1,691010
2023-10-20,174.0,175.25,170.15,172.1,435795
2023-10-23,172.4,173.45,158.0,160.2,736777
2023-10-25,163.5,165.75,155.6,158.7,885115
2023-10-26,156.4,165.0,150.35,159.7,1548135
2023-10-27,162.45,168.7,161.35,163.05,1032484
2023-10-30,163.5,177.0,159.45,162.2,6157996
2023-10-31,167.0,168.85,164.2,164.95,1312880
2023-11-01,166.0,172.45,164.55,169.05,2469497
2023-11-02,170.0,192.85,170.0,189.85,12846472
2023-11-03,192.95,194.4,186.15,187.95,3733593
2023-11-06,190.05,191.8,183.25,186.85,1218329
2023-11-07,187.8,202.0,184.7,199.65,5452984
2023-11-08,201.1,205.0,197.5,199.7,1949387
2023-11-09,199.7,201.5,193.15,195.05,2140628
2023-11-10,195.0,196.2,192.25,195.05,906904
2023-11-12,196.6,200.9,195.5,199.15,545235
2023-11-13,199.0,199.5,195.45,197.2,626576
2023-11-15,199.4,199.9,193.3,193.9,1342146
2023-11-16,196.05,205.0,196.05,199.6,2030787
2023-11-17,201.0,207.4,200.45,202.6,1911427
2023-11-20,202.6,215.8,202.6,214.5,3862266
2023-11-21,216.1,220.2,211.75,219.2,2537820
2023-11-22,219.0,219.7,204.9,207.5,2571910
2023-11-23,208.5,217.2,208.05,210.8,2099632
2023-11-24,211.9,216.4,211.3,212.05,948612
2023-11-28,213.0,217.35,206.75,210.0,949653
2023-11-29,211.0,216.3,209.4,212.15,1172119
2023-11-30,213.55,219.0,210.4,217.45,2644969
2023-12-01,218.4,219.2,212.55,216.0,1153453
2023-12-04,218.45,223.6,218.0,220.45,2124498
2023-12-05,224.0,234.6,221.9,228.2,3005660
2023-12-06,228.65,231.25,224.2,228.8,943404
2023-12-07,229.1,230.4,220.5,224.05,1550904
2023-12-08,225.6,226.95,211.6,214.3,1801164
2023-12-11,216.0,219.4,210.1,214.85,798207
2023-12-12,216.0,217.9,212.0,214.05,436000
2023-12-13,215.4,215.9,213.05,215.5,397845
2023-12-14,215.9,217.45,213.1,213.5,673807
2023-12-15,214.2,218.95,211.4,213.35,921657
2023-12-18,213.8,215.0,209.1,210.5,775072
2023-12-19,208.0,210.5,197.25,201.0,4496910
2023-12-20,203.35,207.1,195.3,196.25,1594311
2023-12-21,196.2,204.4,193.0,203.35,1284590
2023-12-22,206.0,208.8,198.65,200.65,1408500
2023-12-26,210.0,216.0,200.4,203.45,3503672
2023-12-27,205.0,206.1,200.5,201.35,836589
2023-12-28,203.0,203.9,198.9,200.1,750507
2023-12-29,199.85,204.75,198.75,203.2,661709
2024-01-01,204.0,204.9,201.55,203.25,627392
2024-01-02,204.05,204.6,200.2,202.55,637201
2024-01-03,202.9,202.9,200.8,201.35,420015
2024-01-04,201.35,204.3,201.35,201.9,612474
2024-01-05,202.45,205.25,200.95,202.05,716677
2024-01-08,202.4,204.0,200.5,201.3,608048
2024-01-09,202.6,204.4,198.55,199.3,740961
2024-01-10,201.0,206.6,199.8,202.95,1309114
2024-01-11,203.0,209.9,202.55,208.85,1659687
2024-01-12,210.85,211.5,207.0,208.45,1194219
2024-01-15,210.15,211.0,203.2,203.65,904882
2024-01-16,204.0,208.4,201.9,203.35,729567
2024-01-17,203.0,204.3,198.75,200.3,765823
2024-01-18,200.4,202.0,196.5,199.9,477985
2024-01-19,201.1,203.35,199.0,200.8,370834
2024-01-20,202.35,203.0,197.8,199.4,592754
2024-01-23,198.05,202.4,190.0,191.7,933303
2024-01-24,193.2,206.6,190.0,204.45,1560210
2024-01-25,210.0,210.6,195.0,196.1,3501285
2024-01-29,200.0,203.15,196.25,199.4,1287023
2024-01-30,201.0,201.2,195.0,196.6,911003
2024-01-31,198.45,201.2,195.55,197.0,947470
2024-02-01,198.0,201.0,197.35,199.2,853540
2024-02-02,199.45,200.95,194.85,195.6,861247
2024-02-05,198.35,198.35,176.9,183.65,1470930
2024-02-06,187.0,188.4,177.5,181.7,1762024
2024-02-07,184.45,197.65,183.9,195.9,2259613
2024-02-08,197.0,197.25,191.75,193.9,870372
2024-02-09,194.7,194.9,185.5,189.35,578946
2024-02-12,189.35,190.9,180.5,181.4,716522
2024-02-13,182.45,183.55,175.35,179.45,773306
2024-02-14,177.95,183.55,177.0,182.55,552109
2024-02-15,182.6,184.8,180.3,181.1,820179
2024-02-16,182.6,190.8,182.0,189.4,1339100
2024-02-19,191.0,195.6,189.95,193.7,881185
2024-02-20,194.65,196.9,191.65,193.45,552995
2024-02-21,194.9,194.9,186.0,186.85,772449
2024-02-22,188.0,188.7,183.0,186.15,559186
2024-02-23,186.3,188.05,184.25,185.15,483670
2024-02-26,185.2,186.4,180.25,180.85,763182
2024-02-27,181.0,184.4,179.35,181.35,731064
2024-02-28,181.5,183.35,175.95,177.25,667328
2024-02-29,177.5,182.0,176.3,179.65,479053
2024-03-01,179.65,182.8,175.2,175.85,829045
2024-03-02,177.75,181.0,177.3,178.75,110674
2024-03-04,180.0,180.65,177.0,177.45,377019
2024-03-05,178.45,181.85,175.3,179.15,783048
2024-03-06,178.5,179.0,172.3,175.25,585969
2024-03-07,176.25,177.3,174.5,175.35,307269
2024-03-11,177.3,177.9,169.55,170.3,375024
2024-03-12,171.4,178.95,169.4,176.6,1668269
2024-03-13,177.5,177.5,160.75,162.6,1614041
2024-03-14,161.9,174.9,160.15,172.3,1240792
2024-03-15,172.05,175.4,167.1,169.45,1018267
2024-03-18,169.9,173.85,169.15,170.35,552689
2024-03-19,169.9,169.9,160.0,162.75,4913029
2024-03-20,177.5,181.8,170.25,179.75,14550849
2024-03-21,181.5,191.65,178.0,189.95,5974441
2024-03-22,189.55,196.7,186.0,194.4,3876764
2024-03-26,195.9,195.9,187.45,189.15,1603160
2024-03-27,190.0,190.5,184.45,187.4,1343748
2024-03-28,188.5,192.3,182.55,187.65,1507557
2024-04-01,189.5,201.7,188.25,200.0,3102196
2024-04-02,201.55,203.1,198.6,200.6,1540243
2024-04-03,199.4,207.35,198.65,206.35,1646747
2024-04-04,207.35,208.65,205.95,208.1,1090629
2024-04-05,206.55,208.2,204.75,206.15,774066
2024-04-08,207.0,210.9,205.3,209.9,1087666
2024-04-09,211.55,214.75,207.6,213.5,1624812
2024-04-10,214.0,217.5,211.1,216.05,1169269
2024-04-12,215.5,215.5,205.3,206.95,1435086
2024-04-15,203.05,204.8,186.1,202.1,2245350
2024-04-16,200.85,205.7,199.55,203.05,771550
2024-04-18,203.35,206.1,202.55,204.1,718256
2024-04-19,200.0,204.1,197.55,203.0,1462204
2024-04-22,204.7,210.95,204.7,209.6,1176500
2024-04-23,210.45,221.1,209.25,215.2,2426456
2024-04-24,216.15,218.0,214.4,215.65,901862
2024-04-25,215.65,216.0,211.85,213.45,584277
2024-04-26,213.45,215.0,211.85,214.5,522389
2024-04-29,214.2,216.2,213.2,214.5,439358
2024-04-30,215.6,219.55,214.0,215.75,970662
2024-05-02,216.9,216.95,212.35,216.4,668429
2024-05-03,219.0,226.5,217.05,223.8,2087691
2024-05-06,225.85,226.45,213.5,222.2,983449
2024-05-07,222.55,223.0,210.6,214.05,718017
2024-05-08,213.9,221.6,211.7,219.5,902821
2024-05-09,218.3,220.0,213.4,215.3,788535
2024-05-10,216.9,216.9,208.6,214.5,497448
2024-05-13,215.2,216.0,207.3,212.35,513845
2024-05-14,212.0,223.8,212.0,222.3,1238913
2024-05-15,223.05,223.35,219.4,221.0,542868
2024-05-16,223.05,233.5,223.05,228.6,2143954
2024-05-17,229.2,233.9,224.2,226.9,2308982
2024-05-18,226.95,229.9,220.5,223.65,356599
2024-05-21,224.85,224.95,211.5,212.55,1698932
2024-05-22,212.55,215.8,206.2,212.95,1375049
2024-05-23,212.25,213.75,209.55,211.1,462557
2024-05-24,211.0,211.0,203.55,205.2,1000932
2024-05-27,208.2,208.5,202.8,206.65,670706
2024-05-28,206.55,209.4,205.0,207.55,439218
2024-05-29,209.65,210.3,206.5,208.55,637062
2024-05-30,207.85,208.05,198.9,201.55,1107383
2024-05-31,202.05,209.35,201.55,205.45,1365248
2024-06-03,214.7,216.45,208.15,209.75,1227323
2024-06-04,208.5,212.0,186.3,199.95,1675739
2024-06-05,202.0,214.5,197.85,212.85,1640962
2024-06-06,214.55,221.85,213.0,219.55,1183304
2024-06-07,220.05,247.9,220.0,244.65,6776254
2024-06-10,247.1,260.79,246.16,248.57,2992684
2024-06-11,248.55,251.85,243.01,247.24,1596249
2024-06-12,249.0,254.0,245.7,246.4,1032516
2024-06-13,246.75,259.0,241.95,256.9,1960493
2024-06-14,258.51,266.99,254.59,263.94,2372594
2024-06-18,264.95,267.95,254.51,259.75,1211743
2024-06-19,261.0,262.14,252.27,260.26,911327
2024-06-20,260.28,271.4,259.54,269.72,1144384
2024-06-21,269.0,271.45,265.32,269.4,1017084
2024-06-24,274.8,275.0,265.83,268.64,712255
2024-06-25,268.64,272.0,262.1,263.43,611566
2024-06-26,261.2,264.13,255.15,257.57,928434
2024-06-27,257.5,264.0,254.35,256.11,578017
2024-06-28,256.34,260.5,255.21,256.24,631044
2024-07-01,259.45,265.95,256.25,262.2,744169
2024-07-02,263.45,266.85,259.1,263.4,758166
2024-07-03,263.25,264.7,253.75,255.0,890687
2024-07-04,257.75,257.75,252.05,252.75,518920
2024-07-05,252.0,260.0,244.85,259.4,1895692
2024-07-08,261.2,265.4,257.0,258.6,909828
2024-07-09,296.0,296.0,270.5,274.1,10847807
2024-07-10,274.95,280.5,270.05,274.45,2843479
2024-07-11,272.45,282.55,270.3,280.5,1228836
2024-07-12,295.0,297.5,285.0,286.65,4624456
2024-07-15,287.85,295.0,283.95,292.5,1882594
2024-07-16,293.05,295.25,288.6,292.35,884259
2024-07-18,292.35,298.0,290.3,292.3,1917010
2024-07-19,291.05,293.4,281.45,285.15,1100887
2024-07-22,281.5,287.45,280.1,285.25,508850
2024-07-23,287.55,301.25,264.55,295.3,1545648
2024-07-24,292.1,296.5,290.0,290.85,492523
2024-07-25,290.0,295.5,283.9,290.05,1616975
2024-07-26,294.5,295.0,285.35,287.8,533830
2024-07-29,289.1,291.5,284.3,286.05,518170
2024-07-30,286.05,299.0,285.25,292.5,1514860
2024-07-31,294.45,295.0,289.0,292.9,581150
2024-08-01,293.7,312.5,289.0,306.95,3436418
2024-08-02,304.0,315.6,302.0,307.85,1941722
2024-08-05,302.1,305.0,290.35,295.35,1555091
2024-08-06,295.0,300.8,293.35,297.45,800711
2024-08-07,300.5,311.8,294.95,303.65,1449675
2024-08-08,304.0,317.4,303.75,307.4,1362259
2024-08-09,313.0,313.5,305.2,308.6,634600
2024-08-12,306.9,311.7,303.0,305.65,537489
2024-08-13,307.25,313.65,301.25,304.0,600708
2024-08-14,304.0,314.65,301.45,313.1,967807
2024-08-16,315.65,332.5,315.0,330.45,2260791
2024-08-19,330.7,342.0,325.8,339.1,1319862
2024-08-20,339.85,341.95,333.0,340.35,902281
2024-08-21,339.0,354.6,338.35,353.5,1254112
2024-08-22,354.05,359.6,344.0,345.8,971908
2024-08-23,347.9,364.0,345.8,362.75,2538273
2024-08-26,362.75,376.75,361.25,371.2,1565305
2024-08-27,371.2,375.95,370.05,375.1,903127
2024-08-28,373.55,379.9,370.3,371.8,530548
2024-08-29,371.6,376.4,366.1,369.85,681903
2024-08-30,370.0,379.95,368.0,379.4,1587107
2024-09-02,382.8,389.95,379.55,384.85,1152835
2024-09-03,385.05,410.0,384.1,404.7,2654474
2024-09-04,405.0,407.65,392.15,397.7,1488568
2024-09-05,398.0,418.7,396.95,416.4,1982378
2024-09-06,418.1,418.1,397.0,401.3,2645037
2024-09-09,402.0,402.0,384.05,388.8,1152714
2024-09-10,393.15,405.0,392.0,403.65,1410895
2024-09-11,412.85,415.0,401.2,410.45,1692214
2024-09-12,414.05,414.5,397.75,401.65,742540
2024-09-13,404.5,408.85,400.6,407.6,606205
2024-09-16,427.0,447.55,423.05,434.15,5188737
2024-09-17,434.9,447.95,432.0,439.95,2648585
2024-09-18,441.0,444.3,416.9,420.05,2347064
2024-09-19,420.05,431.95,410.55,426.55,1847623
2024-09-20,429.6,439.0,411.15,432.45,5169061
2024-09-23,430.0,436.5,429.95,432.35,661459
2024-09-24,431.0,440.0,431.0,433.25,581414
2024-09-25,434.6,442.4,417.9,419.65,1513570
2024-09-26,420.0,420.6,402.5,403.9,800222
2024-09-27,399.0,410.55,393.05,395.5,706480
2024-09-30,404.8,412.35,396.0,398.55,1228681
2024-10-01,401.85,405.35,397.2,399.1,438095
2024-10-03,395.15,402.5,390.35,394.1,553597
2024-10-04,394.1,400.6,382.1,392.45,592596
2024-10-07,400.6,400.6,372.0,382.35,1127063
2024-10-08,375.0,398.0,374.55,396.4,824176
2024-10-09,396.95,409.0,396.5,399.35,847812
2024-10-10,401.7,405.25,396.35,399.5,283767
2024-10-11,398.3,405.7,397.8,402.2,337189
2024-10-14,389.8,401.5,386.0,399.7,707528
2024-10-15,400.65,417.0,398.5,415.45,890701
2024-10-16,414.65,423.8,408.3,420.8,688178
2024-10-17,420.5,427.8,411.75,417.35,879587
2024-10-18,417.5,421.1,410.0,419.05,934061
2024-10-21,420.9,425.0,407.3,412.7,1333871
2024-10-22,408.95,412.7,401.65,410.45,895017
2024-10-23,415.25,415.25,390.35,406.25,959925
2024-10-24,410.15,414.95,343.3,352.2,4009945
2024-10-25,352.2,373.3,338.0,350.85,2608941
2024-10-28,350.85,374.95,344.95,370.55,1659922
2024-10-29,369.0,380.0,366.05,376.1,1894222
2024-10-30,375.95,384.9,373.2,378.95,806955
2024-10-31,378.95,394.15,378.05,390.2,510928
2024-11-01,397.55,405.0,394.8,398.65,158310
2024-11-04,398.65,400.0,387.8,399.6,576560
2024-11-05,400.0,400.95,376.75,381.25,1842513
2024-11-06,384.05,400.0,384.05,396.35,1207441
2024-11-07,400.25,406.85,386.2,390.1,1046367
2024-11-08,390.05,392.95,378.1,382.4,533056
2024-11-11,381.5,383.45,370.0,371.15,415733
2024-11-12,372.15,380.0,356.0,358.25,856664
2024-11-13,359.7,371.95,353.05,365.5,927633
2024-11-14,366.5,369.75,354.0,355.2,895400
2024-11-18,355.2,355.4,340.7,343.35,875979
2024-11-19,344.6,354.35,337.8,340.55,808162
2024-11-21,336.6,353.35,332.2,351.05,1121455
2024-11-22,351.45,352.45,346.1,348.5,327925
2024-11-25,349.95,356.5,348.1,354.65,613382
2024-11-26,367.95,375.0,355.8,362.35,1124287
2024-11-27,365.0,384.65,362.35,381.5,884470
2024-11-28,382.9,395.95,379.35,391.3,1008182
2024-11-29,393.0,399.75,384.5,397.1,694348
2024-12-02,397.1,407.25,391.1,401.8,833225
2024-12-03,401.8,415.0,397.8,413.5,655366
2024-12-04,416.4,426.0,410.3,420.45,1387314
2024-12-05,422.7,428.45,422.5,427.15,510307
2024-12-06,427.0,430.7,420.9,428.05,612751
2024-12-09,429.45,442.8,428.0,441.6,766165
2024-12-10,442.25,451.6,435.0,439.5,847136
2024-12-11,439.5,439.5,422.85,427.25,718282
2024-12-12,426.8,439.75,425.3,435.15,587346
2024-12-13,434.0,445.0,428.0,431.5,957784
2024-12-16,431.5,432.8,416.3,417.75,400446
2024-12-17,421.2,432.0,419.2,430.2,670810
2024-12-18,427.4,427.65,415.2,425.05,472356
2024-12-19,416.5,424.5,413.1,418.7,350980
2024-12-20,418.75,422.0,408.25,412.2,557623
2024-12-23,415.95,419.15,398.1,402.15,490862
2024-12-24,401.95,408.45,399.2,403.7,339376
2024-12-26,404.0,404.9,397.0,400.35,254276
2024-12-27,399.0,407.0,399.0,402.75,292500
2024-12-30,403.45,423.6,403.45,421.9,886084
2024-12-31,422.0,424.75,411.65,419.1,385764
2025-01-01,422.1,437.5,420.05,432.25,951725
2025-01-02,434.4,441.75,427.5,430.65,512094
2025-01-03,430.55,434.9,428.0,431.15,366248
2025-01-06,430.6,430.6,401.35,406.75,702781
2025-01-07,406.75,433.5,406.0,426.85,898168
2025-01-08,428.5,428.85,413.15,416.6,318575
2025-01-09,419.65,419.65,408.1,409.7,287255
2025-01-10,407.5,409.45,387.55,402.75,1162553
2025-01-13,403.0,414.15,383.05,386.05,748544
2025-01-14,393.0,396.0,380.35,388.6,329325
2025-01-15,388.05,403.5,388.05,400.55,424506
2025-01-16,405.9,407.0,400.0,400.95,205782
2025-01-17,400.0,401.4,394.35,395.75,141783
2025-01-20,396.0,400.0,389.0,398.65,265443
2025-01-21,396.5,402.9,385.5,387.35,334630
2025-01-22,388.35,392.95,378.85,390.7,350241
2025-01-23,390.2,402.95,386.0,400.55,234514
2025-01-24,402.2,406.85,395.45,399.35,550779
2025-01-27,396.5,397.4,362.1,370.3,1553935
2025-01-28,370.3,374.25,326.05,356.8,1308928
2025-01-29,360.35,373.95,356.7,371.7,457540
2025-01-30,373.0,376.85,354.9,368.85,433642
2025-01-31,368.9,392.5,365.55,390.1,562633
2025-02-01,385.15,393.95,378.75,385.3,314698
2025-02-03,385.3,393.0,366.5,371.25,513321
2025-02-04,376.3,386.2,373.15,384.8,487360
2025-02-05,385.35,397.0,382.0,394.25,372637
2025-02-06,394.0,402.65,386.25,401.0,353364
2025-02-07,400.05,404.95,390.7,400.4,328887
2025-02-10,400.0,411.4,386.6,396.75,656909
2025-02-11,395.15,397.5,378.15,381.75,405082
2025-02-12,381.7,397.6,371.8,391.15,584996
2025-02-13,392.0,406.25,391.0,393.5,573578
2025-02-14,394.65,399.2,382.05,386.65,584236
2025-02-17,383.3,387.95,367.05,376.6,567174
2025-02-18,376.6,385.0,359.05,362.05,442554
2025-02-19,362.0,387.0,358.5,385.5,477046
2025-02-20,381.0,389.85,378.55,381.9,416005
2025-02-21,383.95,389.8,372.2,376.25,384878
2025-02-24,374.0,375.45,360.05,367.9,342254
2025-02-25,368.65,371.7,355.05,357.2,386428
2025-02-27,356.75,358.95,348.1,353.5,345999
2025-02-28,348.55,350.85,329.55,339.55,1389102
2025-03-03,335.0,340.75,316.0,334.35,1100357
2025-03-04,327.9,334.5,318.0,319.5,922846
2025-03-05,322.55,339.4,321.35,337.25,910533
2025-03-06,338.0,357.8,338.0,349.85,782328
2025-03-07,350.3,356.5,349.0,350.05,374629
2025-03-10,352.85,362.75,345.55,349.1,704181
2025-03-11,337.05,349.2,337.05,344.4,330700
2025-03-12,344.85,348.0,340.55,341.75,240666
2025-03-13,344.0,344.05,330.0,334.55,350927
2025-03-17,335.0,347.8,334.55,341.6,437763
2025-03-18,344.9,358.75,343.2,357.4,463408
2025-03-19,361.0,374.95,358.35,371.85,600842
2025-03-20,374.45,381.95,373.0,375.85,528138
2025-03-21,378.9,385.0,372.15,381.3,332710
2025-03-24,384.7,393.85,384.25,389.75,423621
2025-03-25,389.75,393.8,369.85,371.9,484223
2025-03-26,373.0,381.0,364.0,364.75,350616
2025-03-27,366.55,388.0,358.15,376.75,1533872
2025-03-28,380.4,396.0,377.85,381.0,1072820
2025-04-01,382.75,388.6,361.15,362.4,1006477
2025-04-02,362.9,373.25,345.45,369.9,1226158
2025-04-03,361.0,368.1,358.85,366.65,584824
2025-04-04,365.0,368.2,349.8,352.75,641588
2025-04-07,293.8,341.0,288.25,336.85,688475
2025-04-08,342.8,352.8,340.1,341.0,309490
2025-04-09,333.0,333.0,308.0,321.35,3656454
2025-04-11,350.5,356.7,333.0,354.35,3522923
2025-04-15,356.7,363.4,354.25,360.5,834614
2025-04-16,360.5,364.35,350.2,351.35,490902
2025-04-17,350.2,361.0,350.0,357.25,723388
2025-04-21,360.0,362.9,347.05,357.4,1024151
2025-04-22,357.4,367.75,357.4,361.2,860246
2025-04-23,365.85,374.95,361.75,368.15,667323
2025-04-24,368.0,374.35,362.35,364.5,511541
2025-04-25,365.0,369.25,348.55,355.25,743832
2025-04-28,353.0,359.25,351.9,355.5,369583
2025-04-29,356.05,358.3,350.15,352.4,237528
2025-04-30,352.4,359.8,344.55,346.55,732011
2025-05-02,345.05,354.0,337.3,341.55,556387
2025-05-05,344.0,347.7,339.2,344.65,580717
2025-05-06,346.0,349.5,333.0,334.85,339639
2025-05-07,332.0,352.9,330.0,351.0,725652
2025-05-08,351.45,359.45,345.6,348.9,442988
2025-05-09,336.2,363.3,335.15,359.55,1662513
2025-05-12,366.0,370.7,361.6,366.55,536044
2025-05-13,363.3,372.0,361.2,370.2,421804
2025-05-14,374.15,375.5,365.8,368.75,397263
2025-05-15,370.0,371.35,362.0,363.25,479698
2025-05-16,375.0,383.8,366.1,370.85,1943285
2025-05-19,373.75,389.45,372.15,384.15,1038449
2025-05-20,387.2,387.6,375.4,377.3,672523
2025-05-21,377.0,403.0,375.3,398.15,2270883
2025-05-22,399.35,410.15,397.55,402.25,1306550
2025-05-23,402.8,424.0,398.4,413.15,2769305
2025-05-26,415.15,423.8,414.25,421.2,1397658
2025-05-27,420.9,420.95,410.4,412.4,439261
2025-05-28,413.0,425.0,407.7,422.4,1044226
2025-05-29,425.0,427.0,418.3,423.95,473703
2025-05-30,424.9,441.85,420.0,439.9,1878828
2025-06-02,439.9,459.7,438.05,445.9,1696003
2025-06-03,445.0,449.0,429.1,446.05,1254116
2025-06-04,446.7,448.95,440.5,443.1,432735
2025-06-05,447.0,464.95,445.3,456.55,1576693
2025-06-06,462.0,483.95,459.2,477.35,3116359
2025-06-09,482.6,484.0,469.0,471.4,722738
2025-06-10,474.0,474.5,460.2,468.8,704214
2025-06-11,469.5,479.05,462.65,465.75,721256
2025-06-12,466.6,471.35,460.5,463.95,387882
2025-06-13,451.0,463.8,445.2,458.8,518977
2025-06-16,454.0,461.0,444.5,451.0,698392
2025-06-17,451.0,457.85,440.3,441.95,563905
2025-06-18,441.9,447.75,435.65,437.95,329123
2025-06-19,438.0,442.2,420.15,424.7,583405
2025-06-20,423.15,443.9,423.15,432.85,2432600
2025-06-23,420.0,421.2,389.2,405.6,4894648
2025-06-24,415.0,448.8,402.25,441.7,11285102
2025-06-25,441.7,451.35,432.1,448.9,2446551
2025-06-26,448.8,455.0,439.05,441.4,1035184
2025-06-27,442.7,498.7,441.3,483.25,6801972
2025-06-30,483.3,491.4,477.75,486.45,2534433
2025-07-01,485.0,485.95,465.9,475.95,1649334
2025-07-02,476.95,500.0,475.3,494.75,2247461
2025-07-03,497.0,508.9,493.3,499.55,3423372
2025-07-04,500.7,502.35,482.0,487.35,1133837
2025-07-07,489.0,491.55,478.0,485.3,876617
2025-07-08,484.0,491.0,479.5,481.9,761374
2025-07-09,483.45,497.7,476.8,493.95,1253122
2025-07-10,498.0,506.1,490.85,496.05,883673
2025-07-11,490.0,498.75,482.45,484.5,699167
2025-07-14,487.85,491.9,478.5,481.75,544539
2025-07-15,481.75,499.9,480.4,491.2,1411907
2025-07-17,506.2,518.55,502.5,509.05,2468246
2025-07-18,510.95,513.0,500.9,503.6,966248
2025-07-21,504.0,504.95,492.8,502.45,659825
2025-07-22,504.9,510.85,495.65,497.35,504786
2025-07-23,498.3,501.2,485.1,487.7,658353
2025-07-24,490.0,494.65,480.6,490.7,1160192
2025-07-25,492.85,499.6,482.05,488.25,938921
2025-07-28,488.05,494.8,477.0,480.6,677536
2025-07-29,479.8,503.9,478.85,500.7,909515
2025-07-30,500.0,507.8,496.5,501.05,641544
2025-07-31,482.0,497.65,481.8,486.45,868110
2025-08-01,485.5,490.05,471.2,477.0,739168
2025-08-04,479.3,487.7,473.15,485.75,487320
2025-08-05,485.75,487.75,471.75,474.35,574914
2025-08-06,474.35,480.45,459.0,468.15,726693
2025-08-07,461.0,466.85,451.75,461.2,711306
2025-08-08,459.0,461.3,450.15,455.0,863243
2025-08-11,451.25,470.1,440.0,467.6,948318
2025-08-12,465.6,468.0,455.35,456.65,527269
2025-08-13,460.3,463.55,454.4,459.1,400998
2025-08-14,462.0,462.9,444.05,445.75,436975
2025-08-18,450.95,453.95,443.15,446.25,570837
2025-08-19,446.75,457.0,446.3,454.45,533514
2025-08-20,457.0,457.15,448.85,454.5,397071
2025-08-21,455.05,458.5,447.65,448.85,404484
2025-08-22,448.85,452.1,430.25,433.6,726704
2025-08-25,433.6,439.2,426.05,428.25,565840
2025-08-26,425.0,443.15,424.7,437.55,2014409
2025-08-28,437.6,438.5,422.0,426.1,884376
2025-08-29,426.2,430.2,420.0,421.35,573771
2025-09-01,422.0,435.25,421.35,432.0,502460
2025-09-02,435.0,441.05,431.3,436.7,312409
2025-09-03,437.9,451.0,436.75,449.4,913161
2025-09-04,455.0,460.0,437.2,440.75,800894
2025-09-05,440.5,444.8,438.0,443.1,399504
2025-09-08,443.55,449.0,438.95,444.95,470865
2025-09-09,446.8,447.9,438.1,440.1,280022
2025-09-10,442.95,455.0,441.6,453.4,939096
2025-09-11,453.45,468.0,453.1,463.2,1168941
2025-09-12,462.65,466.0,457.7,462.8,750449
2025-09-15,461.8,465.0,454.0,459.9,666815
2025-09-16,461.9,462.65,457.45,458.3,331922
2025-09-17,461.0,467.0,459.45,462.05,338773
2025-09-18,465.0,467.8,460.0,464.2,328800
2025-09-19,465.0,480.0,462.65,472.75,1555710
2025-09-22,472.6,473.3,452.3,456.65,902803
2025-09-23,459.0,459.0,421.6,429.9,2373426
2025-09-24,433.95,433.95,421.0,432.25,998864
2025-09-25,432.45,432.55,422.55,425.65,600010
2025-09-26,423.7,424.75,412.0,415.75,699444
2025-09-29,417.75,418.0,402.5,404.3,819502
2025-09-30,404.95,415.4,398.0,405.6,989046
2025-10-01,407.6,409.0,399.15,401.3,1197407
2025-10-03,404.0,408.05,401.3,403.85,574701
2025-10-06,404.0,405.2,393.1,394.15,636709
2025-10-07,397.2,403.65,393.6,397.15,933544
2025-10-08,399.0,399.0,385.15,394.25,822240
2025-10-09,395.0,396.7,385.2,386.85,487799
2025-10-10,387.0,403.9,384.0,402.05,1062896
2025-10-13,402.0,402.25,391.1,400.3,606115
2025-10-14,401.0,409.9,396.75,407.4,1068851
2025-10-15,409.05,418.75,407.0,412.8,1127024
2025-10-16,415.0,415.9,405.0,413.7,698454
2025-10-17,415.0,423.0,410.55,419.2,835361
2025-10-20,422.85,423.85,409.75,422.6,814251
2025-10-21,426.25,432.4,425.15,430.9,332650
2025-10-23,433.05,433.75,421.5,425.5,939327
2025-10-24,427.45,429.8,420.15,425.95,582749
2025-10-27,427.95,428.0,420.5,422.9,456808
2025-10-28,422.85,424.45,415.0,415.7,272575
2025-10-29,418.0,423.45,414.35,422.6,325372
2025-10-30,423.85,423.85,413.35,417.15,631313
2025-10-31,429.8,431.0,408.2,420.5,1656736
2025-11-03,420.0,420.45,409.0,415.1,1103629
2025-11-04,415.0,417.75,399.0,403.6,976510
2025-11-06,407.0,411.55,402.0,407.7,793888
2025-11-07,407.95,408.0,398.6,404.3,441924
2025-11-10,405.85,406.65,396.55,404.7,615428
2025-11-11,402.5,408.4,400.25,407.15,412651
2025-11-12,408.95,417.5,406.0,416.2,575264
2025-11-13,416.15,416.15,407.35,410.25,525520
2025-11-14,412.3,415.95,409.05,412.9,388042
2025-11-17,413.45,417.0,410.3,412.65,319275
2025-11-18,415.0,415.25,402.8,407.9,609018
2025-11-19,407.95,421.0,407.95,414.6,703088
2025-11-20,416.4,417.8,406.9,408.25,310767
2025-11-21,407.75,410.5,401.45,409.55,331203
2025-11-24,408.0,408.95,400.0,402.05,236651
2025-11-25,401.1,407.0,400.0,404.75,218169
2025-11-26,409.75,409.75,403.6,405.0,173793
2025-11-27,405.95,409.5,404.0,404.95,250647
2025-11-28,405.5,412.8,403.0,408.3,419546
2025-12-01,413.0,417.95,407.6,415.25,518534
2025-12-02,414.95,416.85,408.25,415.4,385052
2025-12-03,414.5,416.1,400.2,402.05,359991
2025-12-04,400.25,409.65,400.25,408.6,345637
2025-12-05,407.2,407.65,393.1,396.4,479787
2025-12-08,393.8,398.5,387.2,393.5,502278
2025-12-09,380.0,397.0,362.2,390.7,3907191
2025-12-10,392.0,392.0,378.9,387.6,782988
2025-12-11,387.0,387.65,381.1,382.25,274810
2025-12-12,382.95,384.85,379.6,382.0,618326
2025-12-15,380.5,385.25,378.25,383.8,465049
2025-12-16,382.0,402.7,381.05,401.35,886461
2025-12-17,401.0,404.6,393.05,396.45,409977
2025-12-18,394.0,399.1,390.2,395.7,243502
2025-12-19,395.7,402.4,393.25,401.35,356357
2025-12-22,397.0,406.9,396.95,404.3,334791
2025-12-23,406.55,409.5,402.0,405.25,381598
2025-12-24,404.9,406.4,399.0,404.1,394816
2025-12-26,404.0,405.9,399.0,400.95,259597
2025-12-29,402.0,404.8,390.15,392.15,291370
2025-12-30,394.85,394.85,377.55,382.25,1499128
2025-12-31,382.75,390.9,381.15,389.45,329481
2026-01-01,389.8,389.95,382.0,386.1,227277
2026-01-02,387.5,391.15,383.2,390.45,244236
2026-01-05,389.0,389.2,373.65,380.6,925919
2026-01-06,381.0,381.6,373.8,378.8,469354
2026-01-07,378.75,382.5,374.3,381.2,444632
2026-01-08,381.5,385.5,365.1,366.5,639772
2026-01-09,365.2,370.5,361.95,366.2,462745
2026-01-12,366.25,367.05,357.2,363.75,479565
2026-01-13,357.3,385.0,351.3,374.1,1147341
2026-01-14,374.1,374.85,364.7,370.9,457364
2026-01-16,369.95,370.0,362.15,364.5,180639
2026-01-19,362.25,362.7,354.3,355.35,188061
2026-01-20,355.0,355.4,333.15,337.25,715385
2026-01-21,336.0,345.75,334.1,337.9,579719
2026-01-22,340.95,351.3,340.85,349.8,301606
2026-01-23,349.95,351.2,339.5,345.9,382311
2026-01-27,346.0,358.1,337.55,356.25,406352
2026-01-28,358.0,360.3,347.15,357.9,428769
2026-01-29,360.95,364.85,349.65,360.85,545494
2026-01-30,358.05,375.95,355.95,372.8,427515
2026-02-01,371.8,374.15,357.15,361.0,211657
2026-02-02,360.0,366.5,350.0,360.4,268575
2026-02-03,424.1,424.1,392.85,411.9,3686183
2026-02-04,414.0,414.6,403.4,408.9,891094
2026-02-05,406.1,408.1,391.6,396.5,756432
2026-02-06,395.6,403.4,390.3,400.6,2737235
2026-02-09,405.0,424.0,402.6,422.55,1439103
2026-02-10,425.0,425.6,411.0,413.4,1085943
2026-02-11,413.4,426.8,411.0,421.95,2563957
2026-02-12,422.0,437.0,416.3,428.85,1339946
2026-02-13,427.0,441.95,423.0,434.8,1145234
2026-02-16,434.8,435.0,425.05,426.5,263516
2026-02-17,426.55,429.9,423.35,425.6,309923
2026-02-18,426.35,429.4,419.0,421.55,271363
2026-02-19,421.55,422.05,410.15,413.05,257072
2026-02-20,414.45,418.6,410.15,414.35,252827
2026-02-23,419.0,442.4,416.4,421.0,1778183
2026-02-24,419.5,419.5,407.45,408.7,360814
2026-02-25,410.75,412.15,403.65,408.5,395092
2026-02-26,414.0,417.0,403.15,407.85,502238
2026-02-27,403.2,406.65,398.4,402.3,406874
2026-03-02,369.0,395.0,360.0,380.2,1324217
2026-03-04,374.0,379.3,366.05,367.55,521042
2026-03-05,368.0,438.95,368.0,430.15,46424507
2026-03-06,443.0,471.95,387.15,393.5,56352435
2026-03-09,393.45,393.45,369.6,379.8,10104849
2026-03-10,389.0,393.45,373.8,378.0,2875073
2026-03-11,378.0,395.95,376.75,382.75,2431226
2026-03-12,380.75,392.0,374.25,390.0,1399157
2026-03-13,388.0,404.5,381.0,385.25,5018425
2026-03-16,385.55,388.95,375.0,383.6,944256
2026-03-17,387.0,392.05,383.0,389.6,703103
2026-03-18,392.0,400.5,390.35,394.7,629800
2026-03-19,390.6,393.55,380.5,383.2,443330
2026-03-20,388.35,388.35,376.4,378.45,399854
2026-03-23,375.9,375.9,362.0,364.0,515461
2026-03-24,376.0,385.45,366.6,379.05,781612
2026-03-25,384.8,390.7,379.95,384.05,469671
2026-03-27,383.0,383.05,370.45,372.2,456141
2026-03-30,368.0,371.9,359.1,363.3,633170
2026-04-01,371.0,387.7,371.0,384.0,804237
2026-04-02,378.0,387.0,370.25,386.05,503069
2026-04-06,386.0,389.7,376.15,383.85,471985
2026-04-07,384.05,387.5,380.4,384.7,221847
2026-04-08,404.0,415.5,396.2,408.6,1338936
2026-04-09,408.5,413.35,402.55,405.15,481155
2026-04-10,407.25,414.15,406.0,410.4,507240
2026-04-13,399.0,412.5,395.5,406.3,463690
2026-04-15,413.3,421.05,410.5,411.9,589089
2026-04-16,416.9,420.45,411.3,419.15,596415
2026-04-17,419.15,423.85,418.45,422.0,395171
2026-04-20,421.7,422.75,413.5,415.65,381844
2026-04-21,415.65,424.9,415.65,420.5,341840
2026-04-22,420.0,427.9,419.0,423.5,363449
2026-04-23,424.0,425.3,417.0,417.9,215199
2026-04-24,418.2,421.7,411.6,420.05,439103
2026-04-27,420.05,431.9,418.4,428.8,471476
2026-04-28,428.8,431.0,423.5,425.0,286359
2026-04-29,425.1,438.0,423.05,425.1,537071
2026-04-30,425.1,436.2,424.0,430.65,542946
2026-05-04,432.8,439.9,429.15,430.8,373273
2026-05-05,430.8,431.0,424.0,425.6,204864
2026-05-06,426.0,430.35,421.5,428.8,267327
2026-05-07,430.0,434.85,424.6,432.2,423885
2026-05-08,432.2,432.25,427.0,429.9,202846
2026-05-11,427.9,428.0,414.35,416.3,254017
2026-05-12,415.5,418.7,403.05,405.5,335853
2026-05-13,405.8,419.05,405.5,413.05,313419
2026-05-14,416.55,420.0,407.85,411.0,194599
2026-05-15,404.75,413.85,395.8,409.35,734531
2026-05-18,405.2,407.9,393.05,404.55,298483
2026-05-19,402.05,412.9,402.0,411.65,235048
2026-05-20,409.25,410.3,398.6,403.9,318317
2026-05-21,407.0,409.0,399.7,402.3,160188
2026-05-22,402.3,403.95,395.2,396.45,290984
2026-05-25,399.0,407.65,399.0,405.35,197627
2026-05-26,410.1,415.75,404.1,410.45,300355
2026-05-27,410.0,411.15,404.0,404.7,166028
2026-05-29,406.9,411.0,388.5,392.1,452284
2026-06-03,390.8,390.8,382.2,387.7,47346
