date,open,high,low,close,volume
2003-09-05,32.1,32.1,31.05,31.86,899856
2003-09-08,32.03,32.18,31.53,31.63,555777
2003-09-09,31.5,32.38,30.28,30.73,1077259
2003-09-10,30.65,31.0,29.63,30.06,1310309
2003-09-11,30.0,30.96,29.14,29.48,1538376
2003-09-12,29.73,29.94,28.5,28.61,1101977
2003-09-15,28.75,28.75,26.25,26.78,1571771
2003-09-16,26.88,27.73,24.58,27.59,1837425
2003-09-17,27.91,28.24,26.13,26.46,1013033
2003-09-18,26.01,26.73,25.51,25.84,949514
2003-09-19,26.25,26.49,24.43,26.03,1057101
2003-09-22,26.25,27.38,26.24,26.41,1076994
2003-09-23,26.25,27.38,26.08,27.13,771565
2003-09-24,27.5,28.73,27.49,28.49,1163278
2003-09-25,28.0,28.86,27.61,27.88,1276915
2003-09-26,28.23,29.7,27.75,29.39,1547572
2003-09-29,29.75,30.21,29.25,29.79,718953
2003-09-30,29.95,30.19,29.15,29.54,652645
2003-10-01,30.25,30.9,30.0,30.34,1159305
2003-10-03,30.95,31.75,30.53,31.59,1396034
2003-10-06,31.94,33.43,31.75,32.85,2294785
2003-10-07,33.25,34.95,33.14,33.46,3182306
2003-10-08,33.85,35.98,33.53,35.44,2895722
2003-10-09,36.45,38.13,36.08,37.74,4882163
2003-10-10,38.0,38.7,33.58,35.51,6560687
2003-10-13,36.25,38.11,35.75,36.15,1975466
2003-10-14,36.5,36.75,34.13,34.46,1576461
2003-10-15,34.49,35.34,32.75,33.46,3459128
2003-10-16,33.85,34.73,33.03,33.35,2116932
2003-10-17,33.5,33.73,30.86,32.66,1221997
2003-10-20,32.2,33.7,31.31,32.33,3026270
2003-10-21,32.61,33.25,32.06,32.74,2107999
2003-10-22,33.38,33.74,31.65,31.95,1676818
2003-10-23,32.05,32.88,31.8,32.11,1306036
2003-10-24,32.46,34.56,31.69,34.31,1890429
2003-10-25,34.94,34.95,33.96,34.18,356410
2003-10-27,34.13,34.63,33.65,33.89,1316700
2003-10-28,33.75,34.0,32.63,32.96,1226701
2003-10-29,33.36,33.36,32.64,32.93,445006
2003-10-30,33.03,34.05,32.4,33.0,1356660
2003-10-31,33.1,34.48,33.0,34.3,1307239
2003-11-03,34.68,36.75,34.5,36.41,2296689
2003-11-04,37.53,38.25,36.24,37.9,3550452
2003-11-05,38.4,39.5,37.39,38.16,3536064
2003-11-06,38.63,39.06,37.53,37.83,2080201
2003-11-07,38.13,38.2,36.54,36.8,1411736
2003-11-10,37.1,38.63,36.25,38.13,1430145
2003-11-11,38.25,39.45,38.14,38.63,2287054
2003-11-12,39.25,39.43,38.03,38.34,1272159
2003-11-13,38.63,38.8,36.35,36.71,1495281
2003-11-14,36.63,36.69,35.53,35.74,921539
2003-11-15,36.25,37.0,35.48,36.33,640148
2003-11-17,36.73,37.19,35.83,36.89,928418
2003-11-18,37.18,37.73,35.5,36.09,956703
2003-11-19,35.88,36.09,34.9,35.05,711642
2003-11-20,35.2,36.08,33.78,34.15,1203897
2003-11-21,34.24,35.0,33.44,34.78,885277
2003-11-24,35.05,35.73,34.84,35.16,833904
2003-11-25,35.65,35.85,34.94,35.7,961502
2003-11-27,36.0,36.45,35.41,35.65,1453076
2003-11-28,36.25,38.8,36.13,38.36,3903003
2003-12-01,39.15,41.19,39.01,41.0,4039371
2003-12-02,41.35,42.96,40.35,42.53,4262673
2003-12-03,42.48,43.59,42.15,42.4,2481573
2003-12-04,42.45,42.96,34.03,41.73,1775064
2003-12-05,42.1,43.25,40.79,41.05,1785760
2003-12-08,40.5,41.74,40.38,41.44,1317734
2003-12-09,41.95,43.13,41.5,42.83,1820459
2003-12-10,42.75,43.08,41.28,41.78,1283227
2003-12-11,42.13,42.73,41.19,42.03,1319275
2003-12-12,42.33,43.34,41.25,43.09,2653399
2003-12-15,43.5,44.59,43.13,44.25,1798551
2003-12-16,44.25,44.5,42.55,43.39,1708449
2003-12-17,44.45,44.45,42.74,43.09,1117647
2003-12-18,43.36,44.6,42.56,44.29,1820390
2003-12-19,44.5,45.13,43.65,44.04,1450792
2003-12-22,44.38,45.5,43.75,45.28,1384771
2003-12-23,45.73,46.93,45.25,45.64,2047218
2003-12-24,46.0,47.73,45.5,47.29,1875084
2003-12-26,47.25,49.25,47.25,48.86,1588427
2003-12-29,49.25,49.83,48.38,49.1,1472578
2003-12-30,49.48,49.55,47.25,47.81,1337859
2003-12-31,48.5,49.23,47.56,48.8,1982634
2004-01-01,49.0,50.3,48.8,49.8,1994683
2004-01-02,50.3,50.81,49.78,50.5,2042274
2004-01-05,50.83,51.48,48.63,49.33,2134645
2004-01-06,49.75,50.23,47.9,48.28,1525605
2004-01-07,48.23,48.23,46.3,47.55,1137490
2004-01-08,48.36,50.18,48.25,49.24,2116129
2004-01-09,51.0,51.0,46.88,47.33,1719832
2004-01-12,47.5,47.98,45.0,45.94,1116057
2004-01-13,45.38,46.24,44.41,45.29,1043770
2004-01-14,45.5,46.5,44.03,44.26,2542110
2004-01-15,45.25,46.11,44.13,44.69,1550225
2004-01-16,45.0,45.0,41.56,43.11,1417750
2004-01-19,42.63,43.86,41.04,43.35,1118642
2004-01-20,43.69,44.63,41.0,41.43,1373018
2004-01-21,41.5,41.63,37.75,38.68,1901868
2004-01-22,39.5,40.5,36.0,36.69,1853169
2004-01-23,36.98,41.1,36.63,40.43,1518414
2004-01-27,41.73,42.5,40.28,42.16,1277229
2004-01-28,42.0,42.38,39.5,39.76,1091618
2004-01-29,40.25,40.73,38.25,38.94,2014171
2004-01-30,39.5,39.5,37.0,37.25,1382077
2004-02-03,38.73,39.35,36.01,36.45,2102068
2004-02-04,36.98,40.25,36.79,39.98,2838658
2004-02-05,40.0,40.21,38.69,38.83,1877340
2004-02-06,39.36,41.76,39.0,41.45,2575912
2004-02-09,41.51,43.73,41.44,43.51,1777654
2004-02-10,43.76,43.95,42.25,43.46,1673603
2004-02-11,43.75,45.4,43.69,45.2,2171867
2004-02-12,45.5,46.0,44.38,45.28,2126191
2004-02-13,44.75,46.0,44.08,45.86,1452971
2004-02-16,45.86,46.1,41.73,45.34,1010224
2004-02-17,45.75,46.5,45.53,46.0,1421558
2004-02-18,46.25,46.38,45.06,45.26,625558
2004-02-19,45.48,45.68,42.3,42.75,1554711
2004-02-20,42.81,44.25,41.95,43.49,1434655
2004-02-23,43.98,44.99,42.33,42.75,1104430
2004-02-24,42.75,45.01,42.34,44.15,1339605
2004-02-25,44.25,44.36,43.25,43.91,1131972
2004-02-26,44.1,44.94,42.19,42.64,1451314
2004-02-27,43.25,44.78,42.83,44.43,1009926
2004-03-01,44.75,46.0,43.88,45.79,1262784
2004-03-03,45.88,46.43,45.19,45.7,1233269
2004-03-04,45.88,45.88,43.66,43.96,1466832
2004-03-05,44.14,45.43,43.88,45.21,1179225
2004-03-08,45.5,46.98,45.5,46.55,1740612
2004-03-09,46.74,47.13,44.64,45.44,1038480
2004-03-10,45.24,45.88,44.85,45.38,924269
2004-03-11,45.25,45.25,43.98,44.29,942796
2004-03-12,44.38,45.63,42.93,45.3,826242
2004-03-15,45.68,46.5,44.5,45.53,2081915
2004-03-16,44.6,46.54,44.19,46.1,1428598
2004-03-17,46.43,46.93,44.54,45.38,849173
2004-03-18,43.76,46.0,43.76,45.71,917032
2004-03-19,45.69,47.23,45.14,46.61,1011011
2004-03-22,47.5,47.5,44.3,44.98,718161
2004-03-23,44.75,45.08,42.5,44.74,1056664
2004-03-24,44.75,44.93,43.84,44.38,462334
2004-03-25,44.13,45.74,43.75,44.75,714082
2004-03-26,45.23,46.25,44.54,45.75,587415
2004-03-29,46.24,48.0,45.83,47.54,990223
2004-03-30,48.0,48.28,45.75,46.25,893565
2004-03-31,46.53,46.88,45.38,46.39,743887
2004-04-01,46.61,48.38,46.34,47.7,927441
2004-04-02,48.24,48.75,47.08,48.48,896810
2004-04-05,49.13,50.91,48.98,49.83,1700257
2004-04-06,50.13,50.35,48.28,48.7,714861
2004-04-07,48.73,49.68,48.63,49.24,657509
2004-04-08,49.38,49.91,48.63,48.94,647125
2004-04-12,48.5,49.49,48.45,48.78,394711
2004-04-13,49.25,49.63,47.38,49.4,437809
2004-04-15,49.74,49.74,47.88,48.4,375985
2004-04-16,48.86,49.46,48.28,48.7,392965
2004-04-17,48.88,49.08,48.01,48.51,114962
2004-04-19,49.05,50.43,48.63,49.03,847338
2004-04-20,49.35,49.58,48.63,49.01,522694
2004-04-21,48.98,50.99,48.65,50.73,1394795
2004-04-22,50.7,52.01,49.91,51.68,1200798
2004-04-23,52.1,52.23,50.28,50.59,887010
2004-04-27,50.48,50.48,46.25,47.28,1045700
2004-04-28,47.63,48.0,45.0,47.2,705222
2004-04-29,47.25,47.25,44.0,44.98,1637108
2004-04-30,45.25,45.99,41.59,42.4,1276898
2004-05-03,41.75,41.98,39.19,40.7,858043
2004-05-04,41.71,42.69,41.1,41.36,694766
2004-05-05,42.0,42.54,41.35,42.15,554926
2004-05-06,43.21,44.75,42.75,44.39,876254
2004-05-07,49.5,49.5,42.53,43.53,854283
2004-05-10,42.0,42.75,41.2,42.26,642454
2004-05-11,40.81,40.85,40.0,40.16,776778
2004-05-12,40.0,41.45,38.28,38.74,1030434
2004-05-13,38.25,38.98,31.51,37.0,1696272
2004-05-14,37.24,37.24,26.04,33.13,1550790
2004-05-17,31.75,31.75,23.75,27.23,1086153
2004-05-18,28.75,31.25,25.25,27.79,1860094
2004-05-19,29.5,31.73,29.5,30.61,2584849
2004-05-20,32.45,32.7,30.25,31.18,1992132
2004-05-21,30.75,33.0,29.75,32.69,1392002
2004-05-24,32.88,33.75,32.03,33.09,1033863
2004-05-25,33.5,34.03,32.63,33.44,1108199
2004-05-26,33.75,34.6,32.38,32.78,598594
2004-05-27,32.38,32.43,31.25,32.03,1147817
2004-05-28,31.88,32.5,30.93,31.54,1184160
2004-05-31,30.25,32.53,30.14,32.0,426815
2004-06-01,33.23,33.75,32.68,33.38,490068
2004-06-02,33.33,34.36,32.75,33.84,670700
2004-06-03,34.28,34.79,29.58,31.23,1370492
2004-06-04,30.0,31.63,29.91,31.3,797685
2004-06-07,30.5,32.48,30.5,31.93,528969
2004-06-08,32.05,33.49,31.15,32.98,492297
2004-06-09,33.5,33.63,32.5,32.63,401231
2004-06-10,32.5,34.5,32.28,32.7,538549
2004-06-11,32.76,32.88,31.09,31.34,353667
2004-06-14,31.0,31.34,30.5,30.63,277597
2004-06-15,32.0,32.0,30.63,31.3,337140
2004-06-16,31.6,31.63,30.75,30.88,224439
2004-06-17,31.25,31.9,31.1,31.53,554636
2004-06-18,31.75,32.0,30.03,31.35,518286
2004-06-21,31.63,33.45,31.5,32.03,851144
2004-06-22,32.0,32.75,31.95,32.59,506065
2004-06-23,32.75,32.75,31.13,31.33,709780
2004-06-24,31.63,33.43,31.41,32.79,797630
2004-06-25,33.23,34.0,32.38,33.75,622762
2004-06-28,33.75,35.44,33.75,34.91,1093860
2004-06-29,34.74,35.25,33.9,34.38,671355
2004-06-30,34.95,34.95,33.5,33.58,596122
2004-07-01,33.95,34.43,33.38,34.15,608010
2004-07-02,34.0,34.68,33.63,33.84,500316
2004-07-05,33.84,34.16,32.75,32.86,513022
2004-07-06,33.1,34.61,32.8,34.41,871639
2004-07-07,34.75,35.95,34.45,35.61,1509148
2004-07-08,36.0,37.1,32.03,32.99,1463522
2004-07-09,32.0,35.0,30.75,34.86,627719
2004-07-12,35.0,35.0,32.53,34.26,435588
2004-07-13,34.73,34.95,33.08,33.74,346839
2004-07-14,34.35,34.35,32.56,33.24,267542
2004-07-15,33.25,35.25,33.13,34.78,593171
2004-07-16,35.1,35.63,34.13,35.4,889192
2004-07-19,36.0,36.38,35.33,35.45,559923
2004-07-20,36.05,37.0,34.0,34.85,625813
2004-07-21,35.5,37.0,34.53,35.79,442729
2004-07-22,36.25,36.5,35.25,35.41,680117
2004-07-23,35.75,35.83,34.28,34.78,704893
2004-07-26,35.0,35.91,34.25,35.61,530787
2004-07-27,35.01,36.18,34.8,35.25,695697
2004-07-28,35.34,36.85,34.14,36.4,1844547
2004-07-29,36.63,37.85,35.81,37.43,1810841
2004-07-30,37.73,37.98,36.46,36.69,1893984
2004-08-02,36.75,36.8,35.2,35.36,1806909
2004-08-03,35.5,36.2,35.08,35.44,1584161
2004-08-04,35.49,36.18,35.48,35.65,804064
2004-08-05,35.68,36.5,35.63,36.31,609443
2004-08-06,36.44,36.5,35.55,35.99,568609
2004-08-09,36.0,36.95,35.44,36.73,916638
2004-08-10,37.0,37.4,36.51,37.19,1283317
2004-08-11,37.25,37.36,36.03,36.15,897606
2004-08-12,36.25,36.48,35.53,35.63,665752
2004-08-13,35.63,36.33,35.46,35.93,659838
2004-08-16,35.63,36.44,35.63,36.21,452927
2004-08-17,36.38,36.9,35.88,36.08,510684
2004-08-18,36.13,36.15,34.2,35.6,323003
2004-08-19,35.75,36.18,35.63,36.05,413869
2004-08-20,36.2,36.38,35.65,36.04,583698
2004-08-23,36.0,36.48,35.88,36.06,327054
2004-08-24,36.38,36.43,36.0,36.2,334680
2004-08-25,36.38,36.48,36.03,36.19,201285
2004-08-26,36.61,37.45,36.2,37.29,844092
2004-08-27,37.5,37.75,36.63,36.84,357202
2004-08-30,36.75,37.36,36.75,37.01,568655
2004-08-31,37.36,37.48,36.9,37.09,467813
2004-09-01,37.45,37.94,37.14,37.66,746713
2004-09-02,37.68,38.49,37.43,37.8,787977
2004-09-03,37.88,38.15,37.38,37.48,401112
2004-09-06,37.5,38.98,37.13,38.49,1385046
2004-09-07,39.0,39.94,38.88,39.15,2152007
2004-09-08,39.49,40.13,38.85,39.98,1474595
2004-09-09,40.25,40.38,39.01,39.43,644693
2004-09-10,39.59,39.98,39.25,39.86,323567
2004-09-13,40.13,40.73,39.79,40.04,696916
2004-09-14,40.25,40.25,39.28,39.5,573258
2004-09-15,39.63,39.96,38.78,39.2,613841
2004-09-16,39.0,40.44,39.0,40.35,1118701
2004-09-17,40.74,40.95,40.13,40.35,1575953
2004-09-20,40.63,41.58,40.33,40.9,1377298
2004-09-21,41.05,42.5,40.95,42.34,1956599
2004-09-22,41.8,41.83,41.0,41.44,1157624
2004-09-23,41.9,42.23,40.98,41.13,998450
2004-09-24,41.11,41.35,40.5,40.73,635291
2004-09-27,40.75,41.45,40.53,41.31,575760
2004-09-28,41.5,41.5,40.6,40.8,837434
2004-09-29,41.0,41.88,40.64,41.73,1043327
2004-09-30,42.13,43.48,41.78,43.24,2124481
2004-10-01,43.31,44.13,42.65,43.86,1131649
2004-10-04,44.36,45.73,44.26,44.36,1492442
2004-10-05,44.98,44.98,43.85,44.54,847339
2004-10-06,44.8,44.85,43.13,43.3,985501
2004-10-07,43.63,44.23,43.0,43.75,793733
2004-10-08,43.98,44.38,43.43,44.1,772621
2004-10-09,44.31,45.5,43.88,45.16,618465
2004-10-11,45.06,45.69,44.75,44.96,1037392
2004-10-12,45.38,45.6,43.89,45.15,1431571
2004-10-14,44.1,45.78,41.65,42.56,2399356
2004-10-15,42.95,43.85,42.5,43.35,1220078
2004-10-18,43.73,44.1,43.04,43.24,594789
2004-10-19,43.0,44.1,42.68,43.61,465359
2004-10-20,43.75,44.23,42.76,43.08,527170
2004-10-21,42.89,43.36,42.25,42.7,441439
2004-10-25,42.84,42.84,34.5,40.63,914727
2004-10-26,39.0,41.7,39.0,41.46,1140047
2004-10-27,42.25,42.85,41.5,42.46,647414
2004-10-28,43.45,43.99,42.29,42.53,1035654
2004-10-29,42.63,42.63,41.0,41.91,389347
2004-11-01,42.25,42.6,41.19,42.36,882172
2004-11-02,42.51,42.74,41.85,42.45,595629
2004-11-03,42.5,43.05,41.65,42.56,834895
2004-11-04,42.98,43.58,42.56,43.3,871651
2004-11-05,43.75,43.91,43.01,43.71,572498
2004-11-08,43.5,44.0,42.5,43.68,559783
2004-11-09,43.53,43.84,42.9,43.44,569061
2004-11-10,43.25,43.5,42.6,42.83,1229387
2004-11-11,43.13,43.13,42.64,42.83,575211
2004-11-12,43.25,43.25,42.8,42.94,62736
2004-11-16,42.8,43.43,42.01,43.34,410635
2004-11-17,43.38,43.5,42.9,43.19,361547
2004-11-18,43.25,43.53,42.5,43.36,719120
2004-11-19,43.7,44.03,43.26,43.56,928141
2004-11-22,43.48,43.98,42.5,43.58,390821
2004-11-23,43.7,44.2,42.75,43.86,614589
2004-11-24,44.25,45.98,43.66,45.71,846690
2004-11-25,45.5,46.63,44.15,45.66,964437
2004-11-29,46.0,46.11,45.4,45.63,309649
2004-11-30,45.88,46.1,44.9,45.13,577795
2004-12-01,45.38,45.66,44.25,45.21,384212
2004-12-02,45.73,46.5,45.01,45.95,521429
2004-12-03,46.03,46.45,45.14,45.33,451963
2004-12-06,47.0,47.0,44.76,44.94,350866
2004-12-07,44.95,45.85,44.76,45.01,395832
2004-12-08,44.58,45.48,44.58,44.98,570739
2004-12-09,45.1,45.41,44.25,45.06,351305
2004-12-10,45.13,45.43,44.6,44.99,379757
2004-12-13,44.75,45.24,44.5,45.09,222185
2004-12-14,45.38,45.74,45.2,45.39,223604
2004-12-15,45.5,45.94,45.38,45.6,258840
2004-12-16,45.0,46.43,45.0,45.76,872958
2004-12-17,46.01,46.53,45.63,45.81,416567
2004-12-20,46.0,46.1,45.08,45.25,592838
2004-12-21,45.39,45.75,44.5,44.8,940880
2004-12-22,45.25,45.63,44.63,44.94,585985
2004-12-23,45.25,46.85,45.25,46.3,1639362
2004-12-24,47.23,48.08,47.0,47.73,1343782
2004-12-27,47.75,49.01,47.75,48.43,853576
2004-12-28,49.48,49.48,48.06,48.96,700945
2004-12-29,49.5,50.45,48.88,49.89,1507028
2004-12-30,50.98,51.11,49.64,49.86,1456170
2004-12-31,50.23,50.86,50.03,50.38,1070046
2005-01-03,50.88,52.23,50.51,51.5,1603515
2005-01-04,52.0,52.0,50.53,50.7,958761
2005-01-05,48.75,49.93,42.0,45.69,1900411
2005-01-06,45.63,45.93,43.13,44.4,1437485
2005-01-07,43.75,45.46,43.75,45.06,554397
2005-01-10,45.43,45.8,44.25,44.65,1219770
2005-01-11,44.73,44.8,42.8,43.04,731183
2005-01-12,43.25,43.98,41.4,41.9,766968
2005-01-13,43.04,43.75,42.33,42.94,1033418
2005-01-14,43.75,43.75,41.59,41.81,1146734
2005-01-17,42.0,42.24,40.15,41.39,654839
2005-01-18,41.53,42.06,40.48,40.85,717671
2005-01-19,41.75,42.0,41.04,41.21,652382
2005-01-20,41.25,41.31,40.28,41.11,493447
2005-01-24,41.75,42.71,41.28,41.75,1083468
2005-01-25,41.5,43.33,41.38,43.18,592002
2005-01-27,43.5,44.38,42.89,43.09,1853136
2005-01-28,43.5,43.98,43.33,43.6,1524457
2005-01-31,44.25,44.75,44.0,44.41,1540621
2005-02-01,44.75,45.63,43.7,45.5,1792272
2005-02-02,45.5,46.3,45.0,45.19,1611749
2005-02-03,45.48,46.04,45.19,45.78,753570
2005-02-04,45.88,46.29,44.63,45.21,886397
2005-02-07,45.24,45.5,44.01,44.33,492411
2005-02-08,44.0,45.23,43.68,44.88,870227
2005-02-09,45.25,45.5,44.5,44.8,468131
2005-02-10,45.0,45.44,44.58,45.05,693612
2005-02-11,45.35,45.63,44.9,45.35,374187
2005-02-14,45.75,45.88,44.9,45.1,506148
2005-02-15,45.43,45.43,44.1,44.4,512266
2005-02-16,44.74,45.11,44.14,44.48,641940
2005-02-17,44.5,44.5,43.53,43.88,491174
2005-02-18,44.23,44.55,43.48,43.63,355522
2005-02-21,44.2,44.2,43.14,43.4,394309
2005-02-22,43.28,43.93,43.15,43.71,402434
2005-02-23,44.0,44.45,43.53,44.01,550423
2005-02-24,44.5,44.5,43.15,43.31,1234856
2005-02-25,43.63,44.19,43.38,43.66,706387
2005-02-28,43.85,44.49,42.3,44.29,535594
2005-03-01,43.5,44.49,42.79,42.98,390304
2005-03-02,43.0,43.75,42.75,43.1,484837
2005-03-03,43.13,43.66,43.0,43.38,547623
2005-03-04,43.74,43.83,43.3,43.54,349309
2005-03-07,43.88,44.21,43.44,43.88,726562
2005-03-08,44.0,48.0,44.0,47.7,4388991
2005-03-09,48.2,48.48,45.25,46.29,936380
2005-03-10,46.0,47.1,46.0,46.33,475630
2005-03-11,46.33,46.98,45.75,46.35,876986
2005-03-14,46.21,47.14,45.04,46.76,871937
2005-03-15,47.01,47.05,46.03,46.14,414309
2005-03-16,46.38,48.1,46.38,47.54,1856980
2005-03-17,47.53,48.5,45.28,46.03,560902
2005-03-18,45.69,46.73,45.04,45.95,693360
2005-03-21,46.0,46.48,45.0,45.13,255768
2005-03-22,44.5,44.75,43.28,43.55,739276
2005-03-23,43.75,44.0,41.81,42.85,588808
2005-03-24,43.25,43.25,42.0,42.41,309905
2005-03-28,43.98,43.98,42.75,43.06,235056
2005-03-29,43.06,43.36,41.81,42.21,230567
2005-03-30,42.23,42.53,41.43,41.79,359312
2005-03-31,42.5,44.73,42.13,43.68,777951
2005-04-01,44.7,45.35,43.0,44.98,1562471
2005-04-04,45.63,45.63,43.51,43.83,522311
2005-04-05,44.25,44.25,42.38,43.1,383036
2005-04-06,43.38,43.5,42.93,43.11,215070
2005-04-07,43.75,44.13,43.25,43.46,565907
2005-04-08,43.58,43.75,42.75,43.33,208166
2005-04-11,43.5,43.5,41.73,42.16,207945
2005-04-12,42.45,42.94,42.05,42.44,312829
2005-04-13,42.75,42.98,41.93,42.21,162294
2005-04-15,42.25,42.25,40.38,40.68,507123
2005-04-18,40.73,40.73,38.63,38.76,551256
2005-04-19,39.19,39.56,37.51,37.96,515092
2005-04-20,38.1,39.63,38.0,39.44,503608
2005-04-21,39.93,41.08,39.29,40.44,1433608
2005-04-22,40.75,41.25,39.88,40.11,585302
2005-04-25,40.13,40.49,39.03,39.16,589837
2005-04-26,39.25,39.75,39.0,39.31,529404
2005-04-27,39.13,39.35,38.15,38.44,242826
2005-04-28,38.33,38.48,37.64,37.95,924879
2005-04-29,38.26,38.26,36.56,36.68,666198
2005-05-02,37.21,37.21,35.29,35.99,921417
2005-05-03,36.13,36.5,35.76,36.28,534991
2005-05-04,36.35,36.5,35.95,36.23,520508
2005-05-05,36.5,36.86,36.33,36.51,566702
2005-05-06,36.5,37.99,36.04,37.54,1156058
2005-05-09,38.0,38.25,37.5,38.01,599650
2005-05-10,38.08,38.08,37.5,37.59,651037
2005-05-11,37.6,37.61,37.03,37.36,498024
2005-05-12,37.63,38.38,37.36,38.16,841142
2005-05-13,37.5,37.93,37.41,37.53,593608
2005-05-16,37.53,37.88,37.31,37.45,359711
2005-05-17,37.63,37.74,36.63,36.75,512810
2005-05-18,36.85,36.85,36.06,36.49,358345
2005-05-19,37.75,37.75,36.5,36.61,305787
2005-05-20,36.56,36.75,36.25,36.53,177909
2005-05-23,36.63,37.0,36.29,36.75,201747
2005-05-24,36.49,37.36,36.49,36.7,560900
2005-05-25,36.75,37.08,36.63,36.9,196941
2005-05-26,37.13,37.13,36.31,36.6,580963
2005-05-27,36.8,37.88,36.63,37.51,581246
2005-05-30,37.5,37.98,36.75,36.91,330810
2005-05-31,36.75,37.0,36.44,36.58,493212
2005-06-01,36.0,36.45,35.65,35.76,828768
2005-06-02,36.0,36.0,35.16,35.29,386652
2005-06-03,35.03,37.23,35.0,36.63,2558258
2005-06-04,37.0,37.13,36.3,36.46,258727
2005-06-06,36.83,36.88,36.4,36.5,335378
2005-06-07,36.56,36.68,36.13,36.53,213919
2005-06-08,36.75,37.4,36.63,37.13,433444
2005-06-09,37.49,37.49,37.0,37.28,341280
2005-06-10,37.43,37.94,37.13,37.43,477559
2005-06-13,37.25,37.48,36.29,36.48,393179
2005-06-14,36.63,36.68,36.03,36.46,311570
2005-06-15,37.0,37.0,36.14,36.2,540029
2005-06-16,36.5,36.74,35.75,35.85,167292
2005-06-17,35.94,36.25,35.59,36.09,142431
2005-06-20,36.19,36.63,35.53,36.11,316669
2005-06-21,36.25,36.56,36.0,36.39,303227
2005-06-22,36.01,36.65,35.88,35.96,220769
2005-06-23,36.3,36.3,35.88,36.0,195788
2005-06-24,35.88,36.53,35.86,36.03,423481
2005-06-27,36.03,36.13,34.94,35.2,839814
2005-06-28,35.2,35.5,35.0,35.15,337775
2005-06-29,35.06,35.51,35.03,35.24,404335
2005-06-30,35.48,35.75,34.65,34.94,742093
2005-07-01,35.43,35.71,35.13,35.29,388165
2005-07-04,35.38,35.94,35.0,35.56,507244
2005-07-05,35.75,35.8,35.15,35.26,524718
2005-07-06,35.25,36.35,35.25,36.16,748213
2005-07-07,36.31,36.75,35.55,35.74,1254623
2005-07-08,36.03,36.73,35.85,36.5,635331
2005-07-11,35.04,37.21,35.04,36.94,481480
2005-07-12,36.88,37.45,36.44,37.01,665998
2005-07-13,37.6,37.6,37.01,37.31,712373
2005-07-14,37.75,38.41,37.06,37.96,545526
2005-07-15,37.45,39.18,37.45,38.98,1172378
2005-07-18,39.75,41.0,38.5,38.9,861601
2005-07-19,39.3,39.3,38.11,38.8,504435
2005-07-20,38.75,39.58,38.53,39.16,608753
2005-07-21,39.13,39.83,38.95,39.19,755657
2005-07-22,39.15,39.7,38.31,39.48,1027235
2005-07-25,39.75,39.93,39.06,39.73,439029
2005-07-26,39.81,40.5,38.78,40.25,802029
2005-07-27,41.0,41.0,39.53,40.11,260820
2005-07-29,39.61,40.24,38.93,39.19,619444
2005-08-01,39.88,40.25,39.41,39.83,382896
2005-08-02,40.25,40.81,39.93,40.6,2251605
2005-08-03,40.95,41.21,40.0,40.63,1475064
2005-08-04,41.0,41.81,40.43,41.68,1072423
2005-08-05,41.75,42.19,41.5,41.98,1045261
2005-08-08,42.25,42.6,41.1,41.3,487441
2005-08-09,41.5,41.5,39.7,39.98,759514
2005-08-10,40.61,41.25,40.14,41.09,527304
2005-08-11,41.48,41.74,40.9,41.29,520265
2005-08-12,41.75,42.31,41.31,41.85,696372
2005-08-16,42.0,43.2,41.28,42.91,940085
2005-08-17,42.5,42.96,42.14,42.59,435265
2005-08-18,42.93,43.46,42.0,42.29,422522
2005-08-19,42.19,42.63,41.38,42.41,286571
2005-08-22,42.25,43.0,41.64,42.49,269644
2005-08-23,42.88,43.0,41.03,41.53,398540
2005-08-24,41.6,42.0,41.0,41.28,484034
2005-08-25,41.5,42.03,40.94,41.84,589773
2005-08-26,42.21,42.6,41.14,41.94,272387
2005-08-29,41.75,41.75,40.3,41.38,274117
2005-08-30,41.28,42.13,41.28,41.66,141590
2005-08-31,41.95,42.46,41.25,42.31,480124
2005-09-01,42.95,43.5,42.78,43.25,592242
2005-09-02,43.7,43.73,42.75,43.21,184459
2005-09-05,43.38,44.23,42.75,44.11,378763
2005-09-06,44.11,44.75,44.0,44.5,403962
2005-09-08,44.53,44.98,42.75,44.78,236851
2005-09-09,44.8,45.0,44.03,44.85,316543
2005-09-12,44.63,46.11,44.31,45.94,369861
2005-09-13,46.19,46.48,45.5,45.79,233553
2005-09-14,45.75,46.44,43.75,44.9,251145
2005-09-15,45.01,46.13,44.76,45.66,166946
2005-09-16,45.78,46.0,45.0,45.24,213771
2005-09-19,45.25,45.73,44.76,45.03,300335
2005-09-20,45.25,45.25,43.9,44.15,169859
2005-09-21,44.25,44.25,42.13,43.4,369171
2005-09-22,43.4,43.73,41.26,41.65,413267
2005-09-23,41.25,42.25,41.0,41.88,147234
2005-09-26,42.98,44.23,42.08,43.43,126949
2005-09-27,43.99,44.85,43.53,44.31,423823
2005-09-28,44.05,45.01,44.03,44.61,443845
2005-09-29,44.95,44.95,43.5,43.96,850550
2005-09-30,46.0,46.0,42.58,43.49,481522
2005-10-03,44.0,45.0,43.56,44.7,328684
2005-10-04,45.0,45.44,45.0,45.19,557177
2005-10-05,45.48,46.0,44.38,45.23,479553
2005-10-06,45.03,45.03,42.64,43.13,984645
2005-10-07,43.68,43.68,42.04,42.75,635554
2005-10-10,43.63,43.63,41.9,43.18,445940
2005-10-11,43.63,43.73,41.83,43.4,165334
2005-10-13,43.25,43.25,42.13,42.29,178941
2005-10-14,42.14,43.33,41.54,42.86,405210
2005-10-17,43.23,43.23,42.53,42.88,211167
2005-10-18,43.0,44.2,43.0,43.74,319541
2005-10-19,43.25,43.88,42.1,43.49,451866
2005-10-20,43.75,43.96,42.5,43.15,299993
2005-10-21,43.25,44.25,42.01,43.93,564977
2005-10-24,43.75,43.75,42.5,42.55,105473
2005-10-25,42.0,43.7,42.0,42.7,225808
2005-10-26,43.0,43.06,42.5,42.83,187473
2005-10-27,42.54,44.0,40.33,41.69,496031
2005-10-28,41.25,41.5,37.75,38.28,402027
2005-10-31,40.98,40.98,38.38,39.48,214181
2005-11-01,40.0,40.88,39.64,40.6,92702
2005-11-02,40.98,42.6,40.98,42.46,897662
2005-11-07,41.9,45.23,41.9,45.01,1365940
2005-11-08,45.25,45.78,44.31,45.56,722534
2005-11-09,45.56,46.43,44.8,45.93,1217189
2005-11-10,45.75,46.5,45.06,46.39,385508
2005-11-11,46.0,47.11,45.14,46.98,482310
2005-11-14,47.38,47.48,45.78,46.29,209218
2005-11-16,45.88,47.25,45.28,46.91,223496
2005-11-17,46.86,48.23,46.13,47.78,486143
2005-11-18,46.06,48.0,46.06,47.41,313868
2005-11-21,47.5,47.63,46.63,47.08,437563
2005-11-22,47.25,47.43,46.25,46.45,128345
2005-11-23,46.5,47.73,46.25,47.51,257244
2005-11-24,47.75,48.75,47.13,47.31,807183
2005-11-25,47.75,47.75,46.78,47.41,280089
2005-11-26,48.25,50.0,47.5,47.83,62026
2005-11-28,48.0,49.5,47.38,48.88,1105700
2005-11-29,49.5,50.25,47.75,47.98,897269
2005-11-30,48.89,51.13,48.0,49.73,1381183
2005-12-01,50.3,52.83,50.3,52.34,2845940
2005-12-02,53.51,54.25,51.5,51.84,1935509
2005-12-05,52.18,52.5,50.3,50.7,502801
2005-12-06,50.89,52.55,50.36,51.74,630801
2005-12-07,52.01,52.75,51.8,52.21,986653
2005-12-08,52.75,52.78,51.31,52.03,758914
2005-12-09,52.44,52.73,51.89,52.48,269296
2005-12-12,52.71,56.49,52.38,55.15,723780
2005-12-13,57.99,57.99,55.5,56.28,1738162
2005-12-14,56.26,56.73,54.53,55.65,295793
2005-12-15,55.88,56.2,54.38,55.38,380549
2005-12-16,56.25,57.35,55.28,55.94,1544568
2005-12-19,56.48,57.36,56.01,56.45,1319697
2005-12-20,56.8,57.49,56.28,56.66,1290611
2005-12-21,56.66,56.95,55.73,56.28,792422
2005-12-22,55.85,56.98,54.0,55.88,302794
2005-12-23,56.24,56.63,55.16,55.61,530786
2005-12-26,55.73,55.73,53.25,53.61,226487
2005-12-27,53.25,54.28,52.76,53.95,404035
2005-12-28,54.05,54.58,50.59,54.26,316298
2005-12-29,54.49,54.98,53.85,54.53,331166
2005-12-30,55.0,55.44,54.54,54.99,209480
2006-01-02,55.64,57.13,55.64,56.55,643366
2006-01-03,56.88,58.93,56.39,58.5,1482366
2006-01-04,59.0,59.49,58.4,59.11,631291
2006-01-05,60.0,60.25,57.5,59.73,794175
2006-01-06,60.0,60.0,57.53,59.14,341315
2006-01-09,59.6,60.25,59.13,59.94,400428
2006-01-10,59.94,60.48,59.04,59.68,244863
2006-01-12,59.13,61.23,58.45,60.48,417548
2006-01-13,62.5,62.5,58.25,58.45,917894
2006-01-16,58.98,59.95,58.39,58.79,330002
2006-01-17,59.25,59.5,58.5,58.59,276838
2006-01-18,57.25,58.74,57.0,57.75,382153
2006-01-19,58.78,60.14,58.19,59.81,354899
2006-01-20,60.25,60.5,59.23,59.46,246028
2006-01-23,59.5,60.99,58.75,59.54,364990
2006-01-24,59.95,60.48,59.83,60.08,383624
2006-01-25,60.0,60.5,57.83,60.14,260168
2006-01-27,62.25,64.0,60.5,63.55,739376
2006-01-30,64.5,64.99,62.13,64.14,262031
2006-01-31,64.48,69.23,63.3,69.05,1186857
2006-02-01,69.5,73.25,69.5,70.96,2516162
2006-02-02,71.25,76.98,70.4,76.05,2563443
2006-02-03,76.26,77.6,72.56,73.06,1470041
2006-02-06,72.5,75.1,72.5,73.21,677936
2006-02-07,73.36,75.1,72.63,73.38,451212
2006-02-08,73.75,76.35,71.5,74.75,1647919
2006-02-10,74.75,75.63,73.4,74.8,271654
2006-02-13,74.5,74.5,72.04,72.76,257006
2006-02-14,72.5,72.5,67.78,68.5,1051033
2006-02-15,69.5,72.23,69.5,71.43,1079991
2006-02-16,71.51,71.51,68.4,68.85,910793
2006-02-17,68.75,69.6,65.15,65.74,782906
2006-02-20,65.26,67.15,63.79,66.23,602133
2006-02-21,66.99,68.75,66.88,68.38,387738
2006-02-22,66.38,72.25,66.38,71.64,787700
2006-02-23,72.36,75.25,70.25,72.63,2318792
2006-02-24,72.5,72.98,70.5,71.61,801880
2006-02-27,71.68,73.13,70.78,71.35,682142
2006-02-28,72.48,72.48,69.2,69.83,301248
2006-03-01,69.25,72.5,68.03,72.04,799937
2006-03-02,72.38,72.38,70.0,71.38,354343
2006-03-03,71.25,71.96,69.5,69.83,173721
2006-03-06,71.75,74.48,70.25,73.78,530141
2006-03-07,73.26,73.45,71.25,72.73,482083
2006-03-08,72.25,72.25,68.75,69.61,819137
2006-03-09,66.15,72.88,66.15,71.3,685694
2006-03-10,72.25,72.99,69.5,70.69,402558
2006-03-13,70.25,71.11,68.25,68.8,499637
2006-03-14,69.25,70.0,67.0,67.8,867315
2006-03-16,69.75,69.75,66.0,66.64,856528
2006-03-17,66.63,68.73,66.14,66.63,752330
2006-03-20,67.98,68.98,67.68,68.04,495993
2006-03-21,68.7,68.88,67.5,67.7,405228
2006-03-22,67.7,68.18,66.0,66.16,284287
2006-03-23,67.25,67.95,65.78,67.54,351857
2006-03-24,68.0,69.5,67.79,68.81,388255
2006-03-27,70.0,70.0,68.75,69.33,332984
2006-03-28,70.23,70.94,69.8,70.61,488123
2006-03-29,70.0,72.15,69.55,71.53,502516
2006-03-30,72.5,73.75,70.83,73.26,1351489
2006-03-31,74.25,76.28,73.01,73.41,955766
2006-04-03,74.05,76.28,74.01,74.65,552820
2006-04-04,75.0,76.25,73.56,74.09,698425
2006-04-05,75.48,77.5,74.04,77.0,1343008
2006-04-07,77.5,80.24,74.75,77.85,1533453
2006-04-10,78.5,79.45,76.33,78.3,748291
2006-04-12,78.75,80.48,76.14,76.84,945251
2006-04-13,77.24,78.25,72.25,73.04,850864
2006-04-17,76.1,79.13,74.5,78.5,1056301
2006-04-18,79.35,80.14,77.0,77.69,630206
2006-04-19,78.5,82.13,78.5,81.25,1600345
2006-04-20,81.64,83.0,78.83,80.38,2555434
2006-04-21,80.5,80.5,76.39,78.78,1080525
2006-04-24,79.69,80.25,78.75,79.16,743989
2006-04-25,79.0,79.25,76.28,76.94,714187
2006-04-26,77.33,78.2,76.25,77.86,794537
2006-04-27,78.5,81.1,78.25,78.93,1037136
2006-04-28,75.5,79.48,72.59,77.19,1008851
2006-04-29,78.0,81.0,78.0,79.75,653440
2006-05-02,81.7,83.25,80.89,81.5,1132296
2006-05-03,82.13,82.5,79.25,80.23,439882
2006-05-04,80.25,80.5,78.25,78.51,476174
2006-05-05,78.75,80.78,78.04,78.55,679285
2006-05-08,79.5,80.48,79.03,79.36,319662
2006-05-09,79.0,79.74,77.75,78.68,641707
2006-05-10,79.55,81.38,79.1,80.96,748149
2006-05-11,82.51,84.45,80.31,81.06,1159567
2006-05-12,81.0,82.5,79.88,81.3,562815
2006-05-15,81.25,82.0,70.01,72.05,1360100
2006-05-16,71.0,73.75,67.5,72.8,1664013
2006-05-17,74.95,77.38,73.75,76.69,1312801
2006-05-18,75.5,76.0,67.0,67.81,1157391
2006-05-19,71.0,71.9,57.49,60.08,1419715
2006-05-22,62.99,62.99,52.06,56.84,1693094
2006-05-23,57.25,63.5,55.01,61.48,1328594
2006-05-24,63.18,65.5,57.75,59.46,1107404
2006-05-25,58.25,65.61,52.64,62.95,1446193
2006-05-26,62.4,67.25,61.25,64.55,911150
2006-05-29,65.71,65.71,62.5,63.29,412749
2006-05-30,63.99,63.99,59.0,59.71,474567
2006-05-31,57.88,58.5,54.94,55.68,1647570
2006-06-01,56.74,57.5,45.0,53.55,1140760
2006-06-02,52.5,57.75,50.28,57.01,1481112
2006-06-05,56.39,58.48,53.25,54.88,992629
2006-06-06,54.25,56.73,51.25,54.76,801025
2006-06-07,54.0,54.98,48.05,50.98,1210344
2006-06-08,50.98,51.25,48.44,50.88,1253258
2006-06-09,52.25,53.23,49.26,52.64,605195
2006-06-12,53.25,53.25,50.75,52.25,793612
2006-06-13,50.5,51.25,48.65,50.34,251199
2006-06-14,50.06,51.75,50.06,50.89,483971
2006-06-15,59.5,59.5,49.5,52.15,525273
2006-06-16,53.73,55.25,53.73,54.76,833474
2006-06-19,55.03,56.0,54.29,54.78,580565
2006-06-20,52.75,55.49,51.39,54.64,627023
2006-06-21,54.88,56.38,54.51,55.55,405420
2006-06-22,58.5,66.0,56.5,59.98,3844325
2006-06-23,59.0,60.71,57.25,59.18,1369535
2006-06-25,59.25,59.68,57.88,58.35,76689
2006-06-26,58.98,58.98,54.4,55.34,512028
2006-06-27,55.25,56.25,54.1,55.19,681772
2006-06-28,53.78,55.51,52.5,55.04,694936
2006-06-29,56.0,56.36,52.81,54.39,1824207
2006-06-30,57.5,57.5,55.75,56.69,436210
2006-07-03,57.25,60.9,56.53,57.2,346873
2006-07-04,57.5,57.75,55.25,55.56,406553
2006-07-05,54.0,55.25,54.0,55.15,272790
2006-07-06,54.75,56.91,53.08,55.26,748825
2006-07-07,55.5,56.0,52.75,53.23,395681
2006-07-10,54.98,54.98,51.9,54.69,308326
2006-07-11,55.13,55.13,53.81,54.73,406627
2006-07-12,52.75,54.75,50.56,54.64,595399
2006-07-13,54.0,55.63,53.75,54.54,353897
2006-07-14,54.46,55.49,53.15,54.99,448532
2006-07-17,54.25,55.25,52.88,53.28,545213
2006-07-18,55.35,55.35,51.75,52.58,681989
2006-07-19,53.75,53.75,51.88,53.0,360535
2006-07-20,53.75,54.88,53.04,54.19,203203
2006-07-21,54.25,54.25,52.75,53.35,289022
2006-07-24,53.01,53.23,50.55,51.58,376006
2006-07-25,53.25,53.5,52.0,52.46,342640
2006-07-26,52.25,53.63,52.0,53.26,736719
2006-07-27,53.91,54.98,51.2,51.93,3117639
2006-07-28,52.98,53.23,49.14,49.53,2561006
2006-07-31,51.25,51.43,50.03,50.45,1076641
2006-08-01,50.5,50.88,48.25,48.8,1362910
2006-08-02,48.8,49.0,48.19,48.6,1226543
2006-08-03,50.0,50.0,47.53,48.14,1076217
2006-08-04,48.1,49.43,47.76,48.38,1496497
2006-08-07,48.75,48.88,47.75,48.06,857854
2006-08-08,48.25,49.0,48.11,48.6,718151
2006-08-09,48.78,50.68,48.25,50.49,968001
2006-08-10,52.0,52.5,49.56,49.81,1226970
2006-08-11,50.13,50.45,48.75,48.94,1346792
2006-08-14,49.25,50.48,49.1,49.84,966373
2006-08-16,50.5,50.86,50.06,50.59,1022458
2006-08-17,51.25,51.5,49.43,50.23,1339242
2006-08-18,50.38,50.49,49.29,49.78,355543
2006-08-21,50.0,50.25,48.89,49.8,238940
2006-08-22,50.75,51.24,49.79,49.98,426065
2006-08-23,49.75,50.5,49.31,49.98,522821
2006-08-24,49.65,50.59,49.4,50.39,460712
2006-08-25,50.56,51.25,50.13,50.79,1049277
2006-08-28,53.13,53.13,50.78,51.25,685704
2006-08-29,52.25,52.98,51.55,52.19,1083519
2006-08-30,52.43,52.75,50.9,51.19,457224
2006-08-31,51.29,51.61,49.75,50.6,1403568
2006-09-01,50.75,51.23,50.26,50.64,210912
2006-09-04,50.75,51.2,50.5,51.06,213959
2006-09-05,51.25,51.88,50.78,51.58,425369
2006-09-06,51.51,53.14,51.51,52.75,835082
2006-09-07,52.49,53.63,51.25,52.5,531964
2006-09-08,52.75,53.73,52.26,53.2,618022
2006-09-11,53.38,53.69,49.75,50.1,729856
2006-09-12,50.0,51.23,48.51,50.01,461447
2006-09-13,50.0,51.19,50.0,50.4,346831
2006-09-14,51.0,51.0,50.25,50.55,167522
2006-09-15,50.5,50.93,49.73,50.69,447560
2006-09-18,50.99,50.99,50.0,50.13,193894
2006-09-19,50.74,50.74,49.25,49.78,170960
2006-09-20,49.25,50.98,48.75,50.65,574448
2006-09-21,51.0,51.73,50.58,51.54,547819
2006-09-22,51.49,51.65,49.93,51.34,499104
2006-09-25,51.25,52.35,50.25,52.25,428259
2006-09-26,52.38,52.73,51.29,52.6,611430
2006-09-27,52.98,53.13,51.75,52.49,844982
2006-09-28,51.64,56.25,50.74,54.73,2906908
2006-09-29,53.95,53.99,52.76,53.11,306074
2006-10-03,53.25,54.0,51.88,53.61,361041
2006-10-04,54.0,54.0,52.53,53.56,267246
2006-10-05,53.75,54.48,53.3,54.14,214497
2006-10-06,54.26,54.63,53.13,53.91,168054
2006-10-09,53.26,54.0,53.25,53.69,245623
2006-10-10,54.56,54.98,53.75,54.43,221683
2006-10-11,54.74,54.75,53.3,53.56,129042
2006-10-12,53.03,54.75,53.03,54.53,244393
2006-10-13,54.75,54.95,53.53,53.9,193971
2006-10-16,53.73,54.35,53.4,53.9,167208
2006-10-17,53.65,54.25,53.13,53.89,170481
2006-10-18,53.89,56.0,53.89,55.29,284275
2006-10-19,55.0,56.06,54.25,55.13,227795
2006-10-20,54.88,55.63,54.5,55.01,120832
2006-10-21,55.28,55.61,54.64,55.01,51180
2006-10-23,54.51,55.69,53.94,55.2,312064
2006-10-26,55.19,57.23,55.0,56.58,476025
2006-10-27,55.25,57.73,55.25,56.58,244910
2006-10-30,56.95,59.73,56.6,59.19,968160
2006-10-31,59.28,60.35,57.38,57.78,375345
2006-11-01,57.8,58.74,57.4,57.7,438327
2006-11-02,57.98,58.38,56.25,56.46,426760
2006-11-03,56.75,56.98,55.65,56.13,190926
2006-11-06,56.26,57.48,56.01,56.98,166751
2006-11-07,57.5,57.63,55.3,55.94,568066
2006-11-08,57.33,57.33,54.8,55.41,238439
2006-11-09,54.9,55.63,54.38,54.83,219390
2006-11-10,55.48,55.68,54.76,55.06,215739
2006-11-13,54.63,54.63,53.09,53.25,324426
2006-11-14,53.38,54.19,53.25,54.03,748282
2006-11-15,54.03,54.74,53.4,54.56,349839
2006-11-16,54.31,55.13,53.8,54.71,238773
2006-11-17,55.0,55.25,54.01,55.03,270262
2006-11-20,54.5,55.0,53.88,54.35,377112
2006-11-21,54.25,54.5,53.75,54.11,205927
2006-11-22,54.25,56.0,53.88,55.38,195650
2006-11-23,55.38,55.5,54.44,55.31,346690
2006-11-24,55.25,56.68,54.75,56.21,452583
2006-11-27,56.48,56.5,54.75,55.23,81599
2006-11-28,55.75,55.75,53.88,54.71,125031
2006-11-29,55.25,55.5,54.5,54.8,134512
2006-11-30,54.13,56.23,53.78,54.26,183231
2006-12-01,54.31,55.31,54.26,54.96,143872
2006-12-04,55.0,55.25,54.5,54.71,64617
2006-12-05,54.75,56.25,54.25,54.49,61810
2006-12-06,54.29,55.19,53.8,54.09,110986
2006-12-07,54.25,54.73,53.53,54.41,58618
2006-12-08,55.0,55.0,53.64,54.04,65182
2006-12-11,53.8,54.15,51.65,51.86,210343
2006-12-12,53.73,53.73,49.5,49.89,256802
2006-12-13,50.0,50.96,48.5,49.61,231958
2006-12-14,49.63,51.48,49.61,50.89,276847
2006-12-15,50.75,52.75,50.75,52.33,361474
2006-12-18,52.75,53.98,52.25,53.61,350868
2006-12-19,53.75,54.63,51.28,52.5,240678
2006-12-20,53.25,53.98,52.75,52.81,264503
2006-12-21,52.78,53.88,51.81,53.41,164232
2006-12-22,53.43,53.55,52.76,53.48,90456
2006-12-26,53.5,54.5,53.25,54.11,144893
2006-12-27,54.5,54.98,53.53,53.9,109457
2006-12-28,54.0,54.25,53.5,53.78,214154
2006-12-29,53.31,53.75,53.03,53.44,68135
2007-01-02,53.61,53.75,53.28,53.55,44145
2007-01-03,53.5,53.75,52.75,53.51,332213
2007-01-04,52.98,53.63,52.0,52.79,356398
2007-01-05,52.91,53.2,51.88,52.83,150397
2007-01-08,53.25,53.25,51.91,52.49,112735
2007-01-09,52.55,52.63,51.55,51.84,148464
2007-01-10,51.5,52.38,49.79,50.06,211520
2007-01-11,51.25,53.0,50.13,52.6,159486
2007-01-12,53.0,53.63,52.51,53.18,106814
2007-01-15,53.75,54.25,52.34,52.71,309188
2007-01-16,52.78,53.3,52.7,52.76,70530
2007-01-17,54.25,54.25,52.28,53.26,97425
2007-01-18,53.25,53.75,52.34,53.43,117664
2007-01-19,53.5,53.69,52.75,52.84,54953
2007-01-22,52.9,53.5,52.75,53.21,53001
2007-01-23,53.48,55.84,53.13,55.28,413465
2007-01-24,55.63,55.93,55.25,55.38,147786
2007-01-25,55.53,58.48,54.83,57.8,900138
2007-01-29,57.5,59.13,57.48,58.43,326905
2007-01-31,57.63,58.45,57.25,57.58,360872
2007-02-01,58.73,62.48,56.5,61.75,432734
2007-02-02,61.25,62.98,58.88,59.28,418217
2007-02-05,58.78,60.25,57.8,58.61,364810
2007-02-06,58.7,58.86,57.88,58.46,211982
2007-02-07,57.89,60.25,57.75,58.58,211144
2007-02-08,58.75,59.75,58.13,58.53,159441
2007-02-09,58.43,59.25,57.53,58.3,90256
2007-02-12,57.6,58.0,55.25,55.26,165104
2007-02-13,54.1,57.75,54.1,55.78,82813
2007-02-14,55.0,58.74,54.6,58.44,366226
2007-02-15,58.73,61.5,58.73,61.2,447211
2007-02-19,61.2,62.38,59.7,60.38,278247
2007-02-20,60.05,61.38,59.25,59.6,292060
2007-02-21,59.5,61.0,58.41,59.45,273062
2007-02-22,59.45,61.13,58.03,59.05,711724
2007-02-23,59.28,60.11,57.0,57.44,215133
2007-02-26,57.98,59.63,57.06,58.6,248317
2007-02-27,58.26,60.0,55.28,55.84,229115
2007-02-28,53.0,54.25,51.75,52.5,408652
2007-03-01,50.93,54.98,50.88,54.09,163553
2007-03-02,53.01,56.24,52.49,55.64,422311
2007-03-05,53.5,55.48,52.63,54.73,194400
2007-03-06,54.75,56.75,53.75,56.09,484756
2007-03-07,56.0,56.68,54.14,55.05,133310
2007-03-08,54.5,57.5,54.06,56.64,199255
2007-03-09,57.44,57.5,55.5,56.81,155486
2007-03-12,55.75,58.25,55.75,57.21,159184
2007-03-13,57.5,59.5,56.7,57.66,167136
2007-03-14,53.75,57.44,53.75,57.08,71990
2007-03-15,57.25,58.5,56.5,58.26,148144
2007-03-16,58.5,58.85,56.06,57.53,162392
2007-03-19,57.25,58.38,56.1,56.95,93529
2007-03-20,56.95,59.13,56.75,58.83,125426
2007-03-21,57.5,58.75,57.06,58.34,91785
2007-03-22,58.75,58.88,57.53,57.89,144858
2007-03-23,57.53,59.0,56.54,57.39,316564
2007-03-26,57.25,58.08,55.35,56.25,187971
2007-03-28,56.25,58.5,56.25,57.68,116188
2007-03-29,58.45,58.75,57.25,57.91,222361
2007-03-30,57.51,58.75,56.68,58.41,167909
2007-04-02,55.76,58.0,55.63,57.69,85846
2007-04-03,56.25,58.5,56.25,58.25,75889
2007-04-04,58.73,59.0,57.75,58.29,68382
2007-04-05,59.25,59.25,57.76,58.41,86529
2007-04-09,58.71,59.25,58.0,58.19,73661
2007-04-10,58.63,59.0,57.53,57.94,40435
2007-04-11,58.0,62.25,57.5,61.91,293486
2007-04-12,61.88,62.98,60.01,60.33,209061
2007-04-13,60.38,60.9,59.03,59.93,136994
2007-04-16,61.0,61.0,58.14,59.49,209423
2007-04-17,59.5,60.85,59.0,59.41,269743
2007-04-18,59.5,60.63,59.4,59.78,236646
2007-04-19,58.78,60.2,58.28,58.99,156420
2007-04-20,59.66,61.5,59.25,60.8,210012
2007-04-23,62.23,62.23,60.0,60.91,80450
2007-04-24,60.88,62.0,59.78,61.5,132551
2007-04-25,61.5,63.75,59.78,62.7,736728
2007-04-26,62.5,63.75,61.56,62.13,774889
2007-04-27,60.5,63.03,51.75,60.79,70860
2007-04-30,61.0,62.25,58.85,61.46,119285
2007-05-03,60.0,62.0,59.59,61.78,156351
2007-05-04,61.73,62.5,60.78,62.21,182010
2007-05-07,61.75,63.2,61.4,62.98,227314
2007-05-08,63.49,64.48,62.75,64.11,1356722
2007-05-09,64.5,64.94,63.76,64.31,1228035
2007-05-10,63.78,64.68,63.41,64.2,197812
2007-05-11,63.25,64.25,52.5,64.16,442524
2007-05-14,64.45,65.0,63.03,63.45,51354
2007-05-15,62.75,63.63,62.28,62.63,42574
2007-05-16,62.38,64.5,61.8,64.03,86989
2007-05-17,63.06,64.35,62.63,62.94,42420
2007-05-18,61.25,62.75,61.25,62.33,37303
2007-05-21,63.75,63.75,60.25,60.66,137925
2007-05-22,58.25,62.0,58.25,61.51,138508
2007-05-23,61.75,61.75,60.13,61.0,159627
2007-05-24,61.2,62.95,60.75,61.76,125471
2007-05-25,60.25,62.48,59.0,62.29,65702
2007-05-28,63.2,63.2,61.75,62.6,77625
2007-05-29,61.59,63.25,61.53,63.03,159469
2007-05-30,61.9,63.36,61.5,62.61,302657
2007-05-31,63.25,64.98,61.25,62.11,683368
2007-06-01,61.75,64.58,61.75,63.61,653555
2007-06-04,61.75,64.99,61.71,63.98,280785
2007-06-05,63.75,64.75,63.75,64.51,138337
2007-06-06,62.51,64.86,62.51,64.55,372630
2007-06-07,62.51,65.56,62.51,64.71,268631
2007-06-08,63.5,65.25,63.5,65.14,113974
2007-06-11,66.5,66.5,63.5,64.18,484249
2007-06-12,64.73,65.0,63.13,63.76,58529
2007-06-13,64.75,64.75,63.5,64.18,57241
2007-06-14,64.0,64.99,63.8,64.75,66952
2007-06-15,64.38,65.38,63.9,65.21,81974
2007-06-18,65.38,66.0,64.75,65.71,95425
2007-06-19,66.25,66.25,64.75,65.0,175833
2007-06-20,65.98,66.35,64.74,64.79,141934
2007-06-21,65.0,65.73,64.73,65.15,129251
2007-06-22,66.18,66.18,64.75,64.98,47266
2007-06-25,64.76,65.36,64.75,65.16,54709
2007-06-26,63.91,65.73,63.9,65.28,88609
2007-06-27,64.25,65.36,63.43,65.03,89376
2007-06-28,65.25,65.95,64.5,65.33,107877
2007-06-29,65.26,65.75,63.68,65.46,187950
2007-07-02,65.74,65.74,64.56,64.88,151816
2007-07-03,65.0,65.24,64.38,65.03,51732
2007-07-04,65.0,65.23,64.88,65.14,31519
2007-07-05,64.75,66.25,64.28,66.15,91941
2007-07-06,66.23,66.23,64.75,64.94,95727
2007-07-09,64.5,66.48,64.5,65.93,194421
2007-07-10,65.31,69.24,65.06,68.66,267286
2007-07-11,56.25,68.5,56.25,67.98,82966
2007-07-12,68.38,69.98,67.06,69.51,93344
2007-07-13,69.51,72.5,68.58,72.1,230901
2007-07-16,72.1,76.13,70.88,74.84,610428
2007-07-17,75.0,76.63,74.5,75.75,256160
2007-07-18,76.2,76.2,73.95,75.11,81357
2007-07-19,75.0,75.75,72.25,72.99,113092
2007-07-20,73.53,74.11,71.78,72.58,84234
2007-07-23,71.98,73.75,71.33,72.56,85461
2007-07-24,72.81,73.35,72.03,72.5,86371
2007-07-25,71.5,72.75,69.16,71.88,31405
2007-07-26,72.5,73.89,70.88,73.44,106552
2007-07-27,71.03,71.61,69.0,70.95,121367
2007-07-30,69.39,70.21,63.03,64.36,207957
2007-07-31,64.85,65.73,63.5,65.3,208996
2007-08-01,65.0,67.7,63.5,66.61,325673
2007-08-02,64.0,66.75,62.49,63.39,618426
2007-08-03,63.75,63.75,62.5,62.94,86587
2007-08-06,61.0,65.38,61.0,64.93,305762
2007-08-07,64.65,66.96,63.25,63.96,91769
2007-08-08,64.0,65.5,63.78,65.3,37130
2007-08-09,64.38,66.21,64.38,64.69,60510
2007-08-10,60.5,63.75,60.5,63.38,59811
2007-08-13,60.41,64.73,53.61,64.09,37800
2007-08-14,64.43,64.43,63.13,63.78,58941
2007-08-16,60.75,65.0,60.0,64.15,156121
2007-08-17,62.75,64.95,60.95,62.44,225653
2007-08-20,62.53,65.25,62.53,64.91,94871
2007-08-21,64.11,64.7,61.6,62.19,39729
2007-08-22,62.0,63.63,61.28,63.06,33287
2007-08-23,63.38,64.95,62.89,63.84,80046
2007-08-24,64.1,64.79,63.0,63.34,98887
2007-08-27,64.0,65.46,62.79,64.95,56715
2007-08-28,64.53,66.25,64.03,66.11,66121
2007-08-29,65.25,67.95,64.06,66.99,132797
2007-08-30,65.5,68.0,63.0,63.9,760890
2007-08-31,64.53,65.73,64.53,64.86,128863
2007-09-03,64.75,65.11,64.75,64.76,104441
2007-09-04,65.0,65.5,64.28,65.25,109303
2007-09-05,65.25,66.25,64.63,65.96,103344
2007-09-06,65.0,68.0,63.81,66.11,156949
2007-09-07,65.75,67.75,65.51,67.58,91779
2007-09-10,66.64,68.63,66.63,68.26,64509
2007-09-11,68.25,69.75,68.06,68.86,83671
2007-09-12,69.38,69.38,67.0,67.19,33539
2007-09-13,68.5,68.5,66.24,66.53,71646
2007-09-14,67.03,67.44,66.13,66.31,45674
2007-09-17,66.25,67.45,66.25,66.86,46557
2007-09-18,66.25,69.98,66.25,69.0,106350
2007-09-19,69.98,70.73,68.29,68.54,196465
2007-09-20,68.75,71.0,67.75,70.68,118565
2007-09-21,69.63,70.96,68.83,70.03,96634
2007-09-24,70.08,71.0,69.48,70.01,214997
2007-09-25,70.0,70.63,69.75,70.29,63460
2007-09-26,70.04,74.95,70.04,73.34,177179
2007-09-27,73.81,79.45,72.54,77.2,448859
2007-09-28,75.88,76.25,73.55,75.45,135552
2007-10-01,75.0,75.5,73.09,73.65,73770
2007-10-03,74.5,74.73,70.5,72.73,459028
2007-10-04,72.75,73.48,71.81,72.31,98623
2007-10-05,71.75,74.98,71.53,72.63,181529
2007-10-08,72.5,74.98,72.0,73.16,137770
2007-10-09,72.5,78.5,71.25,77.03,128070
2007-10-10,77.5,78.75,73.63,75.71,164361
2007-10-11,76.75,80.93,75.0,79.28,105246
2007-10-12,78.5,79.13,76.0,76.81,145742
2007-10-15,78.0,83.61,76.63,80.76,180981
2007-10-16,81.25,82.5,76.38,78.69,267783
2007-10-17,68.0,77.25,67.0,75.18,139978
2007-10-18,75.5,77.5,70.5,71.59,153586
2007-10-19,74.5,74.5,68.5,72.06,154770
2007-10-22,68.15,72.75,68.15,69.8,84109
2007-10-23,72.0,73.74,70.0,71.7,128953
2007-10-24,71.75,72.99,69.0,70.65,127761
2007-10-25,68.75,77.5,67.79,75.85,546601
2007-10-26,75.0,81.25,71.0,80.33,308384
2007-10-29,80.33,83.93,78.54,81.89,394970
2007-10-30,79.25,82.25,79.25,80.1,59019
2007-10-31,81.25,82.25,78.78,81.26,89097
2007-11-01,82.0,82.0,76.26,78.25,66425
2007-11-02,77.49,77.49,74.5,75.89,56725
2007-11-05,76.25,77.56,73.81,75.85,29704
2007-11-06,75.03,78.99,75.03,78.28,96003
2007-11-07,78.75,82.5,75.13,81.86,195327
2007-11-08,75.0,97.25,75.0,93.71,638910
2007-11-09,98.75,98.75,90.25,93.14,53352
2007-11-12,88.75,95.98,87.78,93.7,292102
2007-11-13,94.0,95.63,90.41,92.46,114083
2007-11-14,93.75,108.68,92.75,105.15,305601
2007-11-15,106.28,110.73,105.0,106.05,369428
2007-11-16,103.73,107.75,100.06,101.44,264074
2007-11-19,102.5,105.65,100.15,100.71,101554
2007-11-20,100.5,101.73,92.63,93.43,233268
2007-11-21,93.75,95.0,86.28,87.25,145392
2007-11-22,87.25,88.25,82.75,84.69,184622
2007-11-23,85.0,88.25,81.78,83.5,240485
2007-11-26,84.03,98.0,84.03,95.74,493687
2007-11-27,96.25,96.25,88.75,94.84,304200
2007-11-28,93.0,95.98,88.35,89.38,211488
2007-11-29,92.25,96.23,87.5,89.09,674632
2007-11-30,90.0,93.5,87.75,92.16,119760
2007-12-03,93.75,94.2,91.26,92.35,135628
2007-12-04,92.49,93.74,91.5,92.23,74467
2007-12-05,91.59,95.24,91.59,93.93,140865
2007-12-06,95.0,96.5,92.5,95.03,127592
2007-12-07,95.88,96.25,92.53,94.85,154718
2007-12-10,91.5,96.48,91.5,94.33,158159
2007-12-11,97.25,110.25,95.75,101.26,851234
2007-12-12,99.06,114.91,99.06,112.99,630505
2007-12-13,113.69,116.0,108.25,110.15,348860
2007-12-14,111.0,116.51,108.25,112.43,298494
2007-12-17,112.0,112.18,101.5,104.2,134861
2007-12-18,105.7,108.6,102.5,103.71,235601
2007-12-19,105.93,108.25,104.99,106.99,369577
2007-12-20,107.5,108.75,105.29,106.0,187146
2007-12-24,107.45,112.75,107.25,111.89,373021
2007-12-26,112.0,112.38,107.75,109.98,219218
2007-12-27,112.23,121.48,108.76,120.13,1029640
2007-12-28,117.03,128.18,114.5,125.38,357281
2007-12-31,126.95,127.25,119.5,121.24,249684
2008-01-01,121.25,129.98,119.53,127.28,319749
2008-01-02,127.51,133.75,121.76,131.7,699323
2008-01-03,128.75,136.25,127.5,131.36,386392
2008-01-04,132.0,134.25,127.75,128.95,248661
2008-01-07,128.0,134.0,126.5,129.51,284246
2008-01-08,131.0,131.2,121.43,125.38,164178
2008-01-09,126.74,128.68,123.0,124.74,163138
2008-01-10,126.75,126.75,118.53,119.59,117159
2008-01-11,122.36,122.36,113.81,115.3,142520
2008-01-14,126.0,126.25,111.26,112.24,166578
2008-01-15,114.96,114.96,107.0,109.41,138868
2008-01-16,109.25,109.25,104.0,104.88,157823
2008-01-17,106.11,115.0,105.5,112.79,335401
2008-01-18,111.25,114.2,105.0,109.11,153862
2008-01-21,109.25,113.5,101.0,104.46,202980
2008-01-22,100.0,122.5,85.0,107.14,213091
2008-01-23,112.5,115.0,97.5,103.81,254809
2008-01-24,105.25,109.74,93.78,97.23,154289
2008-01-25,101.23,111.25,98.25,109.71,161632
2008-01-28,105.25,108.7,99.5,102.9,157164
2008-01-29,105.0,109.1,98.16,104.86,251188
2008-01-30,103.75,103.75,97.75,101.03,204936
2008-01-31,101.24,112.25,99.25,109.61,470536
2008-02-01,108.74,108.74,102.51,104.78,187882
2008-02-04,107.2,109.0,101.28,105.5,113912
2008-02-05,100.25,106.5,100.25,103.29,165018
2008-02-06,98.5,103.25,92.76,97.26,202165
2008-02-07,97.0,100.0,92.81,93.89,253561
2008-02-08,95.0,97.48,91.25,94.99,136818
2008-02-11,91.31,92.99,86.28,88.15,104498
2008-02-12,90.75,92.25,82.03,84.5,150216
2008-02-13,87.5,88.0,80.26,81.95,219196
2008-02-14,87.0,88.74,84.75,87.63,92032
2008-02-15,87.5,92.63,85.5,90.75,142398
2008-02-18,91.25,98.98,90.75,97.59,298605
2008-02-19,100.25,103.0,99.04,101.01,292233
2008-02-20,101.01,102.5,93.5,94.69,171068
2008-02-21,96.28,101.75,96.0,100.58,362837
2008-02-22,98.75,104.7,96.78,104.09,532986
2008-02-25,105.53,109.63,103.03,108.19,357341
2008-02-26,109.0,118.0,109.0,116.14,527513
2008-02-27,117.5,120.75,110.33,111.78,570640
2008-02-28,110.33,124.24,108.0,120.68,1027685
2008-02-29,119.88,120.5,111.28,116.04,668045
2008-03-03,112.5,118.75,107.73,116.88,523525
2008-03-04,116.25,117.48,112.76,113.96,441949
2008-03-05,114.48,114.74,111.76,112.95,248282
2008-03-07,112.5,119.73,108.25,117.81,346717
2008-03-10,113.0,119.75,111.16,117.93,411936
2008-03-11,117.5,121.25,115.31,119.61,562126
2008-03-12,121.85,126.0,117.78,123.88,461686
2008-03-13,122.79,122.79,115.0,116.74,260700
2008-03-14,119.75,119.75,112.81,115.34,210605
2008-03-17,112.48,112.48,103.75,106.91,334521
2008-03-18,102.75,111.13,102.75,107.43,555399
2008-03-19,111.25,113.06,108.0,111.91,502468
2008-03-24,102.5,125.0,102.5,119.35,330683
2008-03-25,121.25,124.75,117.75,122.31,478352
2008-03-26,122.5,123.75,114.5,115.53,661724
2008-03-27,115.0,128.25,110.38,114.59,1909310
2008-03-28,116.25,117.43,112.23,115.81,480454
2008-03-31,115.0,116.0,111.51,112.95,208296
2008-04-01,113.76,117.25,110.25,114.13,335901
2008-04-02,116.48,117.5,110.51,112.29,196039
2008-04-03,112.5,114.75,110.5,112.13,277367
2008-04-04,112.49,114.11,105.5,107.49,310968
2008-04-07,113.75,115.0,106.5,112.7,396608
2008-04-08,112.76,112.76,107.38,108.34,712446
2008-04-09,108.18,109.5,106.33,108.21,222468
2008-04-10,108.0,109.6,105.76,106.5,219613
2008-04-11,108.75,108.75,104.3,105.4,266670
2008-04-15,105.4,107.72,101.0,104.96,1544016
2008-04-16,106.75,106.75,102.0,102.4,1012368
2008-04-17,103.75,107.25,103.26,106.21,1386452
2008-04-21,107.47,109.75,107.47,108.89,2544412
2008-04-22,109.0,115.0,109.0,113.59,1489736
2008-04-23,114.5,115.75,112.0,114.11,737368
2008-04-24,117.0,117.0,108.07,109.72,3694776
2008-04-25,110.5,112.97,110.25,111.82,685900
2008-04-28,108.5,112.5,108.5,109.95,324404
2008-04-29,109.88,115.6,109.88,114.7,1645832
2008-04-30,112.57,114.14,110.14,112.28,968512
2008-05-02,113.75,116.22,108.76,109.69,591808
2008-05-05,110.5,110.5,107.78,108.82,633608
2008-05-06,108.78,112.0,108.75,111.44,800380
2008-05-07,111.38,111.5,108.93,111.03,344708
2008-05-08,112.13,112.13,108.0,110.71,380600
2008-05-09,109.65,111.2,108.82,110.43,368744
2008-05-12,108.78,113.61,108.75,112.84,649300
2008-05-13,113.25,122.0,113.25,120.25,2407272
2008-05-14,120.25,126.25,118.5,124.65,2680332
2008-05-15,124.78,131.25,124.78,129.76,4087244
2008-05-16,129.63,132.5,125.28,131.37,2393564
2008-05-20,131.25,132.25,125.0,128.52,1609584
2008-05-21,129.75,136.25,123.78,135.21,1822816
2008-05-22,133.75,134.48,131.0,133.26,1366976
2008-05-23,132.5,136.2,132.25,133.62,1863040
2008-05-26,132.23,135.5,130.07,134.88,1642376
2008-05-27,137.0,137.0,133.0,135.07,1548608
2008-05-28,135.0,139.93,133.01,138.01,3134744
2008-05-29,139.0,141.62,133.02,134.29,2919460
2008-05-30,134.25,138.0,132.54,134.69,1424216
2008-06-02,134.0,136.75,124.29,125.85,1755360
2008-06-03,127.25,127.25,119.32,122.26,842264
2008-06-04,122.5,122.5,116.28,119.45,820248
2008-06-05,120.97,128.0,117.75,125.05,1251640
2008-06-06,128.75,128.75,121.55,123.01,1003316
2008-06-09,112.75,131.25,112.75,128.99,1969464
2008-06-10,129.05,129.25,121.5,123.93,1152212
2008-06-11,123.25,127.51,121.25,122.65,748456
2008-06-12,121.5,121.5,117.5,119.46,432484
2008-06-13,118.25,129.99,115.79,122.74,1441568
2008-06-16,123.75,124.71,120.86,121.57,882592
2008-06-17,120.5,122.0,118.26,119.07,858136
2008-06-18,119.5,119.63,116.07,116.78,734728
2008-06-19,113.25,118.5,113.25,114.79,1057836
2008-06-20,115.5,116.45,105.75,107.54,885692
2008-06-23,105.25,106.25,100.25,101.85,1492568
2008-06-24,100.75,104.47,89.15,92.59,984904
2008-06-25,90.0,93.74,87.45,90.57,2720708
2008-06-26,92.0,94.25,89.3,92.72,3123000
2008-06-27,89.0,91.21,82.5,83.6,2054104
2008-06-30,81.25,91.18,81.25,87.8,3047036
2008-07-01,88.75,90.75,85.75,87.46,1911624
2008-07-02,86.25,89.15,85.57,87.45,1322468
2008-07-03,86.5,90.63,83.35,86.34,1491956
2008-07-04,86.75,87.97,83.8,85.07,946276
2008-07-07,85.0,90.25,85.0,87.05,1185528
2008-07-08,76.28,86.63,76.28,83.55,1138744
2008-07-09,85.95,86.25,81.51,82.91,2148216
2008-07-10,82.25,90.95,81.25,90.11,3874360
2008-07-11,90.78,96.22,90.5,95.18,5580488
2008-07-14,95.0,99.75,94.75,97.53,2632240
2008-07-15,87.53,97.36,87.53,94.03,2244492
2008-07-16,94.13,94.13,87.5,88.25,2049816
2008-07-17,90.25,93.18,83.13,84.34,4401244
2008-07-18,85.0,90.43,83.05,89.43,1751808
2008-07-21,90.0,99.5,89.75,96.63,2354860
2008-07-22,97.78,101.25,93.79,95.4,3073020
2008-07-23,99.25,102.5,96.5,98.94,3222568
2008-07-24,100.88,106.47,97.28,105.61,3232216
2008-07-25,105.0,111.93,102.75,110.51,3445856
2008-07-28,110.5,112.45,105.8,107.19,1598964
2008-07-29,105.25,112.5,103.97,111.0,2022904
2008-07-30,109.25,111.96,106.26,109.53,3572764
2008-07-31,109.04,111.41,103.88,106.16,4852248
2008-08-01,104.96,109.15,103.25,106.32,2369736
2008-08-04,106.5,110.88,105.53,106.97,1438156
2008-08-05,109.5,109.5,102.5,107.18,2366072
2008-08-06,109.46,110.75,100.0,101.57,2666840
2008-08-07,101.25,103.75,97.75,100.16,4097236
2008-08-08,101.24,102.72,98.5,100.6,2277720
2008-08-11,101.5,103.38,99.75,101.69,1520100
2008-08-12,103.25,103.25,98.5,99.55,1108572
2008-08-13,98.75,101.74,97.55,100.9,1922348
2008-08-14,100.0,102.25,97.5,98.11,1134544
2008-08-18,91.5,99.72,91.5,98.07,898540
2008-08-19,97.5,101.22,96.75,100.1,751144
2008-08-20,101.74,101.75,100.14,100.9,825868
2008-08-21,100.53,101.5,95.03,95.54,628532
2008-08-22,95.2,98.35,95.2,97.38,1081564
2008-08-25,97.5,98.89,97.5,98.1,459296
2008-08-26,96.55,99.43,96.54,99.05,649156
2008-08-27,98.75,99.25,97.55,98.01,627256
2008-08-28,97.5,98.63,90.25,92.34,2688992
2008-08-29,94.5,98.63,93.75,96.75,1129484
2008-09-01,96.25,96.25,93.5,94.64,749804
2008-09-02,95.0,101.46,94.03,99.85,825616
2008-09-04,99.15,99.15,95.88,96.34,1117360
2008-09-05,95.25,95.25,93.01,94.32,708684
2008-09-08,97.5,99.5,95.32,97.99,1551048
2008-09-09,98.0,98.0,95.57,96.45,1151876
2008-09-10,94.57,98.8,94.57,98.45,1162612
2008-09-11,96.0,98.25,95.3,97.19,591304
2008-09-12,97.47,102.5,97.44,101.46,1956832
2008-09-15,97.43,101.1,95.75,100.4,1415280
2008-09-16,97.93,105.5,96.93,104.49,1262900
2008-09-17,105.0,106.0,95.63,97.03,2163200
2008-09-18,93.75,94.72,88.82,92.75,3053412
2008-09-19,95.5,98.85,94.25,96.9,3399388
2008-09-22,97.0,98.88,96.07,96.82,1085504
2008-09-23,92.79,100.41,92.79,99.55,1505056
2008-09-24,99.88,106.95,99.53,105.14,3761380
2008-09-25,102.28,106.0,95.75,98.93,6082328
2008-09-26,95.0,98.7,93.84,95.04,1853536
2008-09-29,95.0,96.5,88.38,91.5,1451532
2008-09-30,90.0,95.25,88.75,92.71,1218252
2008-10-01,95.0,95.0,90.07,92.46,863932
2008-10-03,91.22,92.0,86.57,87.36,890112
2008-10-06,88.0,88.0,79.25,82.32,1621668
2008-10-07,83.85,92.47,83.3,90.38,2942712
2008-10-08,86.6,96.25,82.75,94.57,2599356
2008-10-10,87.75,96.0,78.07,92.28,2681768
2008-10-13,91.75,95.43,90.0,91.0,1414576
2008-10-14,95.0,95.0,83.75,86.25,2406252
2008-10-15,83.76,86.5,81.0,83.26,1959868
2008-10-16,80.05,81.36,68.8,70.89,2147368
2008-10-17,72.25,74.68,65.0,65.97,1955236
2008-10-20,66.32,70.75,62.53,65.75,2536988
2008-10-21,66.28,68.71,63.03,66.39,2389900
2008-10-22,66.25,66.25,59.63,60.25,1948020
2008-10-23,59.5,59.5,49.76,51.34,4261496
2008-10-24,49.66,51.63,38.14,40.01,5626240
2008-10-27,38.5,42.0,26.32,34.83,6424492
2008-10-28,36.25,39.7,36.25,37.88,452112
2008-10-29,41.25,41.25,34.01,36.83,5781388
2008-10-31,38.49,43.06,38.0,39.83,3182912
2008-11-03,41.25,42.5,36.25,36.92,3881708
2008-11-04,36.91,40.0,36.25,39.25,3381516
2008-11-05,39.5,43.0,36.88,37.85,3306960
2008-11-06,33.38,39.5,33.38,37.44,2683368
2008-11-07,37.0,42.22,35.55,41.28,3086724
2008-11-10,42.53,46.74,42.53,46.2,3125760
2008-11-11,45.5,48.0,43.78,44.76,4667168
2008-11-12,45.5,46.72,42.53,43.86,3025348
2008-11-14,44.13,45.85,42.75,44.03,2439392
2008-11-17,43.44,47.47,40.4,46.06,3143140
2008-11-18,45.0,45.0,39.33,40.03,3667592
2008-11-19,40.89,42.0,37.39,38.1,3606008
2008-11-20,37.5,40.47,35.17,39.33,4115508
2008-11-21,38.0,44.75,38.0,43.22,3887596
2008-11-24,43.5,46.17,39.44,45.38,3142716
2008-11-25,46.25,47.35,43.3,44.28,2507436
2008-11-26,42.75,47.47,42.49,47.03,2825048
2008-11-28,46.25,47.45,42.64,43.39,3374108
2008-12-01,43.75,44.89,41.34,42.41,2809324
2008-12-02,42.0,43.4,39.75,42.44,1987156
2008-12-03,42.88,43.75,41.13,42.08,2213880
2008-12-04,42.47,44.35,41.5,43.84,1477168
2008-12-05,42.58,45.78,42.58,43.42,1898628
2008-12-08,45.5,46.6,44.14,45.86,1911796
2008-12-10,46.25,50.75,46.22,49.13,4827820
2008-12-11,46.66,49.97,46.66,49.0,1871372
2008-12-12,47.25,47.5,44.53,45.05,3427908
2008-12-15,45.53,47.94,45.41,46.17,2457100
2008-12-16,46.0,47.0,45.28,46.78,1801016
2008-12-17,47.25,47.75,45.0,45.28,1528624
2008-12-18,45.5,51.13,45.38,50.2,5369980
2008-12-19,49.75,51.72,44.33,46.47,4198584
2008-12-22,46.5,48.0,46.47,46.64,2308000
2008-12-23,46.25,48.0,45.75,46.61,2337340
2008-12-24,46.78,48.35,43.76,44.56,5656504
2008-12-26,44.25,45.74,43.28,45.01,2520960
2008-12-29,45.38,46.25,43.78,45.74,1172736
2008-12-30,45.64,47.03,44.5,46.64,1672760
2008-12-31,46.75,48.5,46.53,47.36,1933452
2009-01-01,48.75,49.92,47.56,49.53,1212372
2009-01-02,50.0,51.5,48.5,51.06,2034732
2009-01-05,51.45,53.35,50.5,51.85,1567316
2009-01-06,52.22,53.7,50.38,51.56,1895304
2009-01-07,52.0,54.24,47.56,48.56,3008976
2009-01-09,48.45,48.45,44.81,46.01,2423400
2009-01-12,46.25,47.22,44.14,45.17,2587112
2009-01-13,46.01,47.0,42.81,46.01,1566828
2009-01-14,46.01,46.95,44.28,46.38,1494936
2009-01-15,44.14,45.94,43.05,45.2,1447272
2009-01-16,45.35,46.0,45.03,45.78,609536
2009-01-19,46.22,47.25,45.78,46.5,531936
2009-01-20,46.25,46.25,44.31,45.53,575544
2009-01-21,44.5,49.0,44.0,46.34,1588088
2009-01-22,46.5,51.1,45.28,49.66,3264296
2009-01-23,48.49,48.49,45.53,46.41,1375908
2009-01-27,47.25,48.38,45.6,47.91,994740
2009-01-28,48.25,50.5,45.53,49.26,3776852
2009-01-29,50.97,50.97,48.0,49.13,1562320
2009-01-30,46.75,50.63,46.75,49.76,1028600
2009-02-02,48.75,49.0,46.53,47.28,1160220
2009-02-03,48.75,48.75,46.69,47.6,795556
2009-02-04,48.0,49.13,46.88,47.26,896956
2009-02-05,48.06,48.17,47.19,47.78,517884
2009-02-06,48.45,48.88,46.75,47.17,887708
2009-02-09,48.0,48.72,46.8,48.31,728256
2009-02-10,48.75,49.11,47.64,48.26,675228
2009-02-11,46.55,48.97,46.55,48.72,366692
2009-02-12,48.6,49.56,47.75,49.25,801176
2009-02-13,50.0,52.6,49.63,52.08,1539292
2009-02-16,52.08,52.5,48.0,48.83,917160
2009-02-17,48.72,48.74,47.0,48.19,741252
2009-02-18,47.75,49.75,47.26,49.14,618480
2009-02-19,49.5,51.38,48.28,50.78,1393448
2009-02-20,49.5,50.0,48.0,49.38,1283764
2009-02-24,48.5,50.5,47.75,49.65,874416
2009-02-25,50.5,52.4,49.28,51.72,1926268
2009-02-26,51.75,52.5,49.65,50.66,1221252
2009-02-27,50.2,52.83,49.53,52.06,1462628
2009-03-02,51.3,51.3,47.8,49.47,659836
2009-03-03,50.0,51.0,48.75,49.63,732992
2009-03-04,50.5,50.94,49.51,50.6,877740
2009-03-05,51.25,51.25,49.58,50.59,600224
2009-03-06,51.22,51.22,49.51,50.65,980080
2009-03-09,50.47,51.47,49.53,51.05,546808
2009-03-12,51.75,52.25,50.5,51.19,611912
2009-03-13,51.88,56.63,51.44,54.92,1364088
2009-03-16,56.0,57.95,53.76,57.53,1610068
2009-03-17,59.0,59.45,56.9,57.66,2598884
2009-03-18,58.75,59.7,57.5,58.28,1389252
2009-03-19,58.95,58.95,55.64,56.94,995236
2009-03-20,57.42,58.45,56.28,57.56,1285188
2009-03-23,58.5,59.47,57.26,59.03,1036808
2009-03-24,60.0,60.55,57.0,57.89,2419712
2009-03-25,57.75,59.5,56.55,57.92,1897396
2009-03-26,59.2,59.5,57.0,58.49,2453800
2009-03-27,58.4,61.1,57.89,60.0,1340952
2009-03-30,58.75,60.0,55.5,56.66,1440964
2009-03-31,56.36,58.25,52.34,53.66,2122088
2009-04-01,54.74,54.88,52.03,54.16,1954136
2009-04-02,55.0,58.72,55.0,57.7,2924888
2009-04-06,58.75,61.0,55.13,57.84,1151296
2009-04-08,57.24,65.22,55.53,62.88,1826400
2009-04-09,63.03,65.0,62.03,63.28,1414464
2009-04-13,62.78,63.5,60.76,61.58,2043436
2009-04-15,61.0,63.86,60.25,62.78,2098624
2009-04-16,64.8,64.8,59.08,60.0,1585556
2009-04-17,60.25,63.19,57.55,58.24,1332668
2009-04-20,58.75,60.15,55.56,56.33,1609052
2009-04-21,55.5,58.69,55.0,57.24,1748140
2009-04-22,57.5,58.3,54.5,55.11,1195696
2009-04-23,56.25,57.05,54.5,55.24,1351320
2009-04-24,56.2,56.58,54.39,55.35,1081176
2009-04-27,55.08,56.24,53.3,53.89,1707056
2009-04-28,54.0,54.25,51.75,52.75,1906884
2009-04-29,52.75,53.74,51.89,52.7,3407344
2009-05-04,53.7,57.63,53.7,56.88,2409548
2009-05-05,56.75,59.38,56.31,58.15,2025420
2009-05-06,58.25,60.5,57.25,58.44,2011908
2009-05-07,58.5,61.85,57.76,61.22,2319484
2009-05-08,61.25,62.35,60.0,61.16,2302792
2009-05-11,65.0,65.0,60.26,61.76,2441992
2009-05-12,62.0,64.97,61.0,63.53,3232832
2009-05-13,63.75,68.75,61.88,65.82,2566240
2009-05-14,63.75,68.0,63.25,65.88,1915400
2009-05-15,67.47,71.5,64.55,70.24,2118476
2009-05-18,80.5,83.0,76.25,77.69,4040
2009-05-19,82.5,100.0,82.5,90.82,4437124
2009-05-20,91.25,95.0,89.01,91.7,2411916
2009-05-21,91.75,93.46,88.75,91.03,1905520
2009-05-22,90.75,91.97,85.75,89.34,1370580
2009-05-25,91.88,92.47,85.07,86.85,1326468
2009-05-26,86.25,88.2,82.89,84.41,1306344
2009-05-27,84.88,90.0,84.75,89.43,1457940
2009-05-28,88.75,91.19,85.13,88.16,3085480
2009-05-29,89.5,90.24,87.63,88.53,928684
2009-06-01,89.51,91.75,86.03,88.46,1539860
2009-06-02,88.75,92.5,85.5,87.44,938428
2009-06-03,88.75,90.72,86.4,88.9,1750192
2009-06-04,87.5,87.5,84.6,85.91,1835568
2009-06-05,87.5,88.63,85.82,87.05,1153984
2009-06-08,86.75,87.0,80.8,81.8,1006632
2009-06-09,81.25,86.13,78.75,83.63,3647724
2009-06-10,83.78,88.93,83.78,86.2,4122976
2009-06-11,87.97,91.38,86.01,89.84,3483108
2009-06-12,91.0,92.41,89.25,90.69,4361384
2009-06-15,91.25,92.0,89.0,90.79,2556668
2009-06-16,89.72,93.35,88.25,91.44,2212964
2009-06-17,89.75,92.11,89.0,89.91,1638996
2009-06-18,89.91,92.25,87.5,88.53,1996436
2009-06-19,89.07,91.0,83.78,86.55,2560896
2009-06-22,86.25,88.2,81.15,83.76,2431844
2009-06-23,82.5,82.5,77.15,78.44,2929680
2009-06-24,80.0,80.85,76.55,77.03,3002756
2009-06-25,78.0,79.34,75.03,76.26,4761676
2009-06-26,76.93,78.46,76.25,77.0,2552480
2009-06-29,77.0,79.75,76.13,78.21,2588548
2009-06-30,79.54,80.5,74.0,76.51,2691736
2009-07-01,76.95,76.95,73.66,75.0,1239080
2009-07-02,75.78,77.94,75.0,75.15,2235516
2009-07-03,75.15,75.65,73.66,74.71,1569812
2009-07-06,75.0,76.0,70.25,71.26,1704080
2009-07-07,72.47,73.63,70.25,72.76,965116
2009-07-08,72.76,73.63,70.04,70.29,1234760
2009-07-09,71.13,71.75,69.0,70.29,735068
2009-07-10,70.53,71.25,65.8,68.2,507988
2009-07-13,67.47,67.47,61.28,63.67,1644428
2009-07-14,64.75,67.2,63.88,66.03,1110456
2009-07-15,67.1,72.0,67.1,69.54,1150472
2009-07-16,71.1,73.1,67.94,70.39,1301504
2009-07-17,70.85,73.47,70.85,72.72,1045204
2009-07-20,74.25,76.2,72.0,73.34,555020
2009-07-21,73.75,74.96,72.79,73.59,615308
2009-07-22,73.95,75.47,71.53,72.09,1043340
2009-07-23,72.63,74.5,72.63,73.89,664232
2009-07-24,74.85,76.25,74.51,75.22,785284
2009-07-27,75.5,76.86,74.76,75.7,665296
2009-07-28,72.82,76.63,72.82,75.5,568152
2009-07-29,75.75,77.0,72.03,74.78,1092224
2009-07-30,68.0,74.63,68.0,72.94,1132584
2009-07-31,74.25,78.0,73.5,77.15,4019692
2009-08-03,77.25,82.0,77.25,81.09,2280648
2009-08-04,81.5,86.63,81.09,83.41,4924184
2009-08-05,83.66,84.5,80.03,81.4,1594124
2009-08-06,80.03,83.5,79.1,79.76,2349296
2009-08-07,78.6,79.7,77.13,79.01,827704
2009-08-10,77.55,82.2,76.26,77.32,1173676
2009-08-11,76.0,78.75,75.14,77.53,1308396
2009-08-12,76.25,78.45,75.5,76.93,948400
2009-08-13,78.72,81.22,78.5,79.99,973260
2009-08-14,79.99,82.18,78.78,79.3,810112
2009-08-17,78.05,78.71,75.75,76.24,876960
2009-08-18,76.53,79.82,76.25,79.3,842608
2009-08-19,79.5,82.03,78.75,81.38,1836296
2009-08-20,82.1,83.43,81.28,82.65,1304064
2009-08-21,81.71,84.32,81.0,82.82,1041136
2009-08-24,83.85,85.13,83.0,84.46,921176
2009-08-25,84.25,84.75,83.24,84.03,957680
2009-08-26,84.22,85.0,83.75,84.68,611276
2009-08-27,84.68,88.0,83.79,87.24,2074416
2009-08-28,87.13,87.72,85.04,87.19,855368
2009-08-31,88.75,88.75,85.25,86.34,804700
2009-09-01,86.63,87.88,85.51,86.34,820884
2009-09-02,83.75,86.25,82.0,82.66,773252
2009-09-03,84.22,84.22,82.0,82.22,375300
2009-09-04,82.38,84.7,81.75,83.55,364540
2009-09-07,84.9,84.9,82.38,82.97,601212
2009-09-08,84.45,86.89,83.25,86.13,1540840
2009-09-09,87.45,90.0,85.63,87.13,2687548
2009-09-10,85.03,89.5,83.1,84.15,956092
2009-09-11,84.64,86.38,84.09,85.68,816936
2009-09-14,84.75,85.13,80.4,83.59,457880
2009-09-15,84.25,86.45,83.75,84.8,707076
2009-09-16,89.0,89.0,85.5,87.03,1065480
2009-09-17,88.0,90.71,86.38,88.28,1360404
2009-09-18,88.35,91.25,87.75,89.61,2138532
2009-09-22,89.94,92.34,89.57,91.19,1243936
2009-09-23,93.7,93.7,87.54,88.9,614876
2009-09-24,87.5,89.8,85.03,85.75,1769568
2009-09-25,85.5,86.97,83.89,86.46,924628
2009-09-29,87.5,88.45,86.0,86.9,893700
2009-09-30,88.47,88.47,86.85,87.01,517592
2009-10-01,84.25,87.0,84.25,86.05,505616
2009-10-05,86.0,87.22,83.8,84.22,861780
2009-10-06,84.51,86.2,82.78,85.8,637484
2009-10-07,86.25,87.47,84.13,85.07,522124
2009-10-08,86.07,87.85,85.95,87.26,863428
2009-10-09,88.0,88.28,85.25,86.26,438924
2009-10-12,86.22,88.0,85.01,87.0,786736
2009-10-14,88.0,89.8,87.47,89.01,806692
2009-10-15,89.03,90.2,86.04,88.11,637256
2009-10-16,88.1,89.11,85.78,88.18,1054144
2009-10-17,88.0,89.94,87.0,88.96,179092
2009-10-20,89.94,90.13,88.54,89.59,764420
2009-10-21,89.75,90.93,89.19,90.13,1792020
2009-10-22,90.5,92.61,88.53,89.2,1861792
2009-10-23,90.25,91.5,89.29,91.0,462252
2009-10-26,87.43,91.25,87.43,89.61,350576
2009-10-27,89.88,90.25,88.75,89.11,351180
2009-10-28,88.07,92.0,88.07,90.94,610084
2009-10-29,90.45,90.82,86.59,87.69,848072
2009-10-30,89.7,90.61,86.65,89.51,3143744
2009-11-03,87.03,92.25,86.32,90.99,1120288
2009-11-04,90.25,93.24,90.25,91.75,495532
2009-11-05,90.75,93.7,90.75,92.57,508464
2009-11-06,93.75,95.5,93.54,94.11,538532
2009-11-09,94.21,96.0,93.75,94.18,440420
2009-11-10,95.72,96.61,93.68,94.72,545188
2009-11-11,96.22,97.13,95.03,95.93,599840
2009-11-12,95.89,99.5,95.89,97.49,1123596
2009-11-13,97.25,97.82,96.25,96.89,903008
2009-11-16,100.0,100.0,97.13,97.75,836780
2009-11-17,98.47,98.5,96.4,97.15,506072
2009-11-18,97.15,98.5,97.15,97.47,278244
2009-11-19,97.47,98.97,95.5,96.16,798792
2009-11-20,95.5,98.45,95.5,97.85,257472
2009-11-23,98.7,99.5,97.47,97.82,408508
2009-11-24,97.94,98.63,96.54,97.82,174432
2009-11-25,98.86,100.9,97.0,97.76,533240
2009-11-26,97.51,99.5,91.54,93.25,907032
2009-11-27,92.0,93.44,89.03,91.43,304404
2009-11-30,92.51,94.74,92.51,94.36,316924
2009-12-01,95.43,96.5,95.0,96.11,172776
2009-12-02,97.25,97.88,96.26,96.79,278624
2009-12-03,98.0,99.5,96.25,97.82,285744
2009-12-04,97.0,101.89,97.0,99.6,1334980
2009-12-07,99.75,100.6,96.51,97.07,215000
2009-12-08,98.22,98.22,96.0,97.79,146108
2009-12-09,97.25,97.47,95.22,95.8,292192
2009-12-10,95.5,96.5,92.75,95.15,281852
2009-12-11,96.47,97.13,95.0,95.82,264056
2009-12-14,95.25,96.97,89.68,95.46,224676
2009-12-15,97.25,97.25,94.26,94.7,342708
2009-12-16,94.0,98.13,93.26,96.51,295396
2009-12-17,97.0,99.0,95.97,97.65,290944
2009-12-18,97.5,98.47,95.04,95.45,299032
2009-12-21,95.0,96.45,92.0,92.32,205700
2009-12-22,94.1,94.72,93.0,93.78,291960
2009-12-23,94.5,98.5,94.5,98.03,912960
2009-12-24,99.13,100.24,97.25,98.04,684032
2009-12-29,98.75,98.75,96.38,97.59,410432
2009-12-30,98.57,98.7,96.94,97.53,211796
2009-12-31,98.75,105.25,97.03,104.47,5728416
2010-01-04,105.0,110.57,104.25,109.69,4470808
2010-01-05,110.28,131.7,99.99,126.34,34846764
2010-01-06,126.75,129.23,118.25,118.9,19138488
2010-01-07,120.0,120.75,117.0,118.75,9075572
2010-01-08,119.25,122.18,116.76,117.85,5530224
2010-01-11,117.5,120.47,117.5,118.78,2901900
2010-01-12,119.25,119.25,116.38,117.82,2614352
2010-01-13,116.38,117.75,114.53,116.09,2415320
2010-01-14,116.91,117.9,112.93,113.65,1915312
2010-01-15,113.75,116.6,113.7,115.3,2224236
2010-01-18,113.0,118.97,113.0,116.66,2347484
2010-01-19,116.25,119.75,105.45,114.96,3133596
2010-01-20,115.22,116.57,113.03,113.82,1782560
2010-01-21,112.75,114.44,108.63,109.35,1711636
2010-01-22,108.47,108.47,102.25,105.26,3004080
2010-01-25,103.76,109.91,102.55,104.26,2693904
2010-01-27,100.41,105.74,100.41,101.72,2282740
2010-01-28,100.0,101.25,94.0,95.69,2941352
2010-01-29,94.97,97.0,92.15,95.07,2188176
2010-02-01,94.5,98.71,92.63,98.07,1734164
2010-02-02,98.75,101.41,94.78,95.66,1725764
2010-02-03,98.0,102.25,96.18,98.54,981504
2010-02-04,98.0,98.5,93.82,94.53,732880
2010-02-05,93.25,93.25,89.03,90.53,1263560
2010-02-06,91.22,92.32,90.75,91.9,249780
2010-02-08,93.36,93.36,90.05,90.99,838388
2010-02-09,93.0,93.0,90.07,90.71,1020704
2010-02-10,91.6,92.94,90.38,90.84,811564
2010-02-11,89.25,92.74,89.25,91.65,541372
2010-02-15,91.5,93.19,90.65,91.3,342844
2010-02-16,91.57,96.0,90.5,95.16,1431440
2010-02-17,94.86,96.97,93.9,94.64,992048
2010-02-18,93.57,95.26,92.88,93.86,534732
2010-02-19,93.25,93.25,91.0,91.74,445724
2010-02-22,93.07,95.0,92.0,92.36,896524
2010-02-23,92.5,94.0,91.5,92.16,822612
2010-02-24,91.5,94.85,91.29,93.82,1299672
2010-02-25,94.68,95.5,91.5,92.45,1204580
2010-02-26,91.5,96.75,91.5,96.26,1116748
2010-03-02,97.75,98.47,96.59,97.95,712012
2010-03-03,98.75,101.38,98.35,100.5,1340516
2010-03-04,100.09,102.13,98.51,100.46,944684
2010-03-05,101.25,101.93,99.63,100.1,546920
2010-03-08,100.88,101.97,99.7,100.09,362820
2010-03-09,98.99,100.0,97.5,97.86,451464
2010-03-10,97.86,99.57,97.07,98.63,296896
2010-03-11,99.18,99.22,97.65,98.63,461924
2010-03-12,98.72,100.5,97.47,99.6,840044
2010-03-15,99.43,103.63,97.47,98.09,3302028
2010-03-16,98.59,99.45,97.55,98.44,1889808
2010-03-17,99.63,100.5,98.88,99.71,1359512
2010-03-18,100.32,101.43,99.5,100.63,1007264
2010-03-19,100.99,101.72,99.79,100.86,880968
2010-03-22,100.0,100.72,98.32,100.05,495800
2010-03-23,100.63,101.2,97.59,98.19,609404
2010-03-25,98.6,99.14,97.5,97.91,338688
2010-03-26,98.2,98.5,92.93,97.75,832972
2010-03-29,98.75,101.25,97.51,100.13,635240
2010-03-30,101.0,105.5,100.38,103.72,1707924
2010-03-31,104.5,106.59,101.03,101.86,1565380
2010-04-01,102.25,103.25,100.93,101.21,648436
2010-04-05,101.69,103.13,101.4,101.74,1733276
2010-04-06,102.44,102.85,100.84,101.32,727912
2010-04-07,101.5,103.13,101.25,101.51,737112
2010-04-08,101.25,102.15,99.0,99.96,489164
2010-04-09,100.0,102.9,99.65,102.19,1023052
2010-04-12,102.0,103.0,100.78,101.25,364952
2010-04-13,102.11,104.41,101.05,103.91,1475392
2010-04-15,101.5,105.25,101.5,102.41,871836
2010-04-16,102.41,102.44,100.63,101.46,513984
2010-04-19,101.9,104.43,98.32,99.44,2298044
2010-04-20,99.97,102.75,98.78,102.47,1191564
2010-04-21,102.74,104.5,101.38,103.51,822028
2010-04-22,103.75,104.1,102.04,102.96,566412
2010-04-23,103.45,103.75,101.63,102.16,206624
2010-04-26,102.5,105.25,102.38,103.89,844244
2010-04-27,103.75,104.75,103.13,103.75,429744
2010-04-28,101.05,103.49,100.03,102.66,690384
2010-04-29,103.21,104.5,101.25,101.89,734200
2010-04-30,102.0,103.24,101.26,102.04,413244
2010-05-03,102.04,104.43,101.28,103.57,570716
2010-05-04,103.13,103.47,100.88,101.88,562288
2010-05-05,100.0,102.5,98.82,101.93,348732
2010-05-06,100.5,101.0,99.0,100.45,449684
2010-05-07,98.75,103.8,97.78,100.15,304628
2010-05-10,101.32,103.0,100.25,101.54,306144
2010-05-11,102.0,102.97,101.0,102.5,246768
2010-05-12,102.25,103.5,101.78,102.82,192816
2010-05-13,103.47,103.47,102.29,102.49,181676
2010-05-14,102.97,103.61,101.0,102.01,264828
2010-05-17,102.01,104.49,100.01,102.54,538880
2010-05-18,102.78,103.3,102.32,102.78,147332
2010-05-19,102.03,102.03,99.04,99.75,797500
2010-05-20,101.29,102.25,99.29,99.59,1766324
2010-05-21,99.5,102.0,96.84,101.16,222612
2010-05-24,101.69,103.24,100.15,102.15,284260
2010-05-25,100.93,101.25,98.13,98.53,150332
2010-05-26,99.24,102.18,99.24,101.49,254564
2010-05-27,101.97,101.97,100.32,101.07,132892
2010-05-28,102.5,102.88,100.7,102.5,181888
2010-05-31,102.5,104.5,100.75,103.93,175584
2010-06-01,103.75,106.15,103.75,105.01,881748
2010-06-02,105.01,108.2,104.3,106.86,1019032
2010-06-03,108.0,108.72,105.0,105.86,269804
2010-06-04,105.01,105.74,105.0,105.14,114788
2010-06-07,104.24,108.0,102.5,106.99,391680
2010-06-08,107.0,107.0,104.78,105.07,504676
2010-06-09,105.47,106.0,104.79,105.22,221904
2010-06-10,105.5,106.11,104.97,105.47,166372
2010-06-11,105.75,106.36,105.0,105.5,145668
2010-06-14,105.88,106.49,104.97,105.53,131716
2010-06-15,105.0,106.2,105.0,105.11,121316
2010-06-16,105.53,109.99,105.26,108.96,757580
2010-06-17,109.25,111.5,108.26,108.93,439708
2010-06-18,109.4,109.4,105.75,106.41,135256
2010-06-21,107.99,109.44,107.01,108.29,272896
2010-06-22,107.5,111.63,106.55,110.64,698188
2010-06-23,110.0,110.71,108.78,109.28,198204
2010-06-24,108.5,110.22,107.82,108.66,209144
2010-06-25,107.57,108.0,106.24,106.5,109216
2010-06-28,106.22,111.0,106.22,110.05,221240
2010-06-29,108.55,110.95,106.5,107.32,243964
2010-06-30,106.15,108.68,105.03,106.43,385260
2010-07-01,105.68,108.63,105.68,107.53,212352
2010-07-02,107.01,108.74,106.29,107.32,264536
2010-07-05,107.32,108.45,106.13,106.65,69972
2010-07-06,107.13,108.0,106.22,106.29,270228
2010-07-07,106.3,106.97,106.24,106.47,182424
2010-07-08,107.44,107.5,106.24,106.3,119664
2010-07-09,106.4,107.72,106.13,106.25,315352
2010-07-12,106.35,107.49,105.82,106.24,80720
2010-07-13,107.16,109.0,106.26,108.49,324584
2010-07-14,108.75,110.0,107.03,107.64,259900
2010-07-15,107.72,107.97,106.29,107.51,167336
2010-07-16,107.13,109.15,107.13,108.79,162320
2010-07-19,107.3,108.47,106.82,107.45,191896
2010-07-20,108.47,109.46,107.5,108.09,279876
2010-07-21,107.76,109.7,107.76,109.01,254544
2010-07-22,109.38,110.97,108.38,109.65,666372
2010-07-23,110.72,110.72,108.3,108.86,141444
2010-07-26,108.5,109.22,108.16,108.78,160956
2010-07-27,108.0,109.75,108.0,109.44,201272
2010-07-28,109.75,109.75,107.53,107.95,88884
2010-07-29,107.5,108.5,102.82,104.25,2253164
2010-07-30,103.55,106.47,103.55,105.53,141660
2010-08-02,105.69,106.88,105.32,105.95,772996
2010-08-03,106.99,107.88,105.76,106.14,312924
2010-08-04,106.99,107.0,105.76,106.34,87524
2010-08-05,106.34,106.89,104.38,104.71,189496
2010-08-06,106.05,106.7,105.01,105.45,388936
2010-08-09,105.0,106.9,104.66,106.45,180012
2010-08-10,106.75,107.5,105.76,106.16,211480
2010-08-11,106.25,106.45,105.4,105.63,109920
2010-08-12,104.99,109.25,104.32,107.5,1719248
2010-08-13,108.47,110.63,108.26,109.76,1652396
2010-08-16,111.22,111.8,105.5,106.18,1283212
2010-08-17,106.0,107.22,104.18,104.6,539020
2010-08-18,105.13,105.72,101.65,102.22,848360
2010-08-19,102.28,103.68,99.25,99.71,915820
2010-08-20,99.5,100.97,99.25,100.07,407520
2010-08-23,100.0,102.14,100.0,100.61,502308
2010-08-24,101.15,101.96,100.25,100.46,297692
2010-08-25,100.0,108.59,98.34,105.19,8092780
2010-08-26,105.5,107.0,101.6,102.47,1815908
2010-08-27,101.75,102.5,100.07,100.51,534104
2010-08-30,102.25,102.25,100.01,100.49,249340
2010-08-31,100.0,100.49,98.5,99.45,442188
2010-09-01,102.47,102.47,99.45,100.84,530524
2010-09-02,101.94,101.94,100.04,100.64,327676
2010-09-03,99.5,101.5,99.5,100.51,206832
2010-09-06,101.78,102.97,101.07,102.16,416620
2010-09-07,100.1,102.84,100.1,101.71,221016
2010-09-08,101.75,102.5,100.5,101.39,191884
2010-09-09,101.5,102.13,100.5,100.9,216464
2010-09-13,102.97,102.97,101.03,101.6,253128
2010-09-14,101.89,102.63,101.13,101.55,192988
2010-09-15,101.25,103.5,100.94,102.72,537788
2010-09-16,103.13,104.11,101.5,101.66,443980
2010-09-17,101.75,104.0,101.5,103.24,433112
2010-09-20,103.75,103.97,102.18,102.97,505388
2010-09-21,103.63,103.63,101.01,101.86,615044
2010-09-22,101.28,102.63,101.07,101.5,260088
2010-09-23,102.0,102.36,100.5,100.96,217028
2010-09-24,101.03,101.5,100.53,100.82,379972
2010-09-27,101.5,102.85,101.0,102.3,379892
2010-09-28,102.35,103.03,101.25,101.61,296104
2010-09-29,102.25,102.72,100.75,101.25,276724
2010-09-30,100.51,101.66,99.5,99.74,591280
2010-10-01,101.61,102.4,100.32,101.72,362220
2010-10-04,102.75,103.75,101.5,101.82,340204
2010-10-05,101.82,103.2,101.75,102.54,293676
2010-10-06,102.54,107.22,102.54,105.72,1678024
2010-10-07,106.25,106.54,102.75,103.71,647944
2010-10-08,103.75,104.25,102.01,102.72,317188
2010-10-11,103.25,104.38,102.57,103.01,238292
2010-10-12,102.75,103.22,101.75,102.44,199592
2010-10-13,102.63,103.11,102.03,102.69,191916
2010-10-14,103.68,103.68,101.75,101.97,224508
2010-10-15,101.75,102.57,100.63,101.13,147036
2010-10-18,101.25,101.25,99.57,100.0,296020
2010-10-19,100.97,102.0,100.01,100.57,320308
2010-10-20,100.03,100.63,99.5,99.65,173732
2010-10-21,100.0,100.88,99.7,99.99,363608
2010-10-22,100.89,100.97,99.55,99.82,178588
2010-10-25,100.5,100.94,99.63,99.82,309340
2010-10-26,100.0,101.19,98.89,99.14,303160
2010-10-27,99.99,100.07,98.39,98.89,195556
2010-10-28,99.25,104.69,98.43,103.16,1971996
2010-10-29,103.51,103.6,100.01,100.32,234252
2010-11-01,102.75,103.75,100.75,101.39,182460
2010-11-02,98.76,102.45,97.51,101.11,118520
2010-11-03,101.5,102.0,100.79,101.21,224912
2010-11-04,102.5,103.7,100.75,102.46,362716
2010-11-05,103.75,104.25,101.4,102.51,56876
2010-11-08,102.5,103.45,101.75,102.05,169796
2010-11-09,103.5,103.72,101.54,101.93,71936
2010-11-10,101.51,102.47,101.5,101.74,128696
2010-11-11,102.38,103.44,101.28,101.68,163912
2010-11-12,101.2,102.0,98.43,99.03,127912
2010-11-15,99.25,100.0,98.0,98.65,115356
2010-11-16,98.4,99.49,95.16,96.71,409744
2010-11-18,97.0,97.25,94.25,95.91,152820
2010-11-19,96.25,96.25,94.5,94.9,124524
2010-11-22,95.0,96.25,93.8,95.07,228288
2010-11-23,94.63,95.5,91.5,93.36,227452
2010-11-24,93.25,95.0,92.25,92.65,255016
2010-11-25,93.13,94.13,87.79,89.32,546488
2010-11-26,89.38,90.68,82.76,86.25,270228
2010-11-29,88.72,89.18,85.05,88.07,292640
2010-11-30,88.75,88.75,86.53,88.18,82328
2010-12-01,87.76,92.35,87.76,91.76,235048
2010-12-02,94.95,94.95,91.88,93.32,226836
2010-12-03,93.57,95.6,92.78,93.29,174648
2010-12-06,93.25,95.24,93.0,93.55,175248
2010-12-07,92.55,94.18,92.51,93.39,143856
2010-12-08,93.72,93.72,90.54,91.21,236296
2010-12-09,91.25,91.99,87.75,88.93,359276
2010-12-10,88.0,90.75,86.04,89.82,160072
2010-12-13,89.96,93.47,88.32,92.72,171404
2010-12-14,92.0,94.22,92.0,93.41,105136
2010-12-15,93.0,93.74,91.75,92.21,95124
2010-12-16,91.75,93.75,91.25,93.45,103276
2010-12-20,91.51,95.7,91.51,94.49,232024
2010-12-21,94.0,96.34,94.0,95.66,106460
2010-12-22,95.75,96.22,93.54,94.41,191036
2010-12-23,95.0,95.13,93.57,93.84,94596
2010-12-24,93.78,96.15,93.76,95.5,516956
2010-12-27,95.75,96.22,94.03,95.14,60924
2010-12-28,94.55,96.47,94.55,95.24,90620
2010-12-29,95.01,95.84,94.76,95.44,59260
2010-12-30,95.0,96.25,95.0,95.46,131472
2010-12-31,95.15,99.15,95.15,98.29,373620
2011-01-03,99.0,99.53,97.75,98.0,144544
2011-01-04,98.25,100.82,96.75,99.95,541400
2011-01-05,100.85,100.85,97.16,98.94,87400
2011-01-06,99.97,100.95,98.28,98.49,89216
2011-01-07,97.5,99.41,93.7,94.24,306824
2011-01-10,94.26,95.57,90.5,91.96,295548
2011-01-11,92.95,94.0,90.07,93.35,283252
2011-01-12,93.3,95.75,92.29,95.07,208428
2011-01-13,95.75,99.75,94.88,97.0,451808
2011-01-14,97.25,97.75,94.03,95.35,147292
2011-01-17,95.5,96.22,94.76,95.38,99524
2011-01-18,95.45,95.97,94.3,95.16,262848
2011-01-19,95.0,96.18,94.39,95.15,140096
2011-01-20,95.11,95.88,94.97,95.09,96944
2011-01-21,95.47,95.74,94.94,95.03,54760
2011-01-24,95.01,95.4,95.0,95.03,38596
2011-01-25,96.25,96.25,95.04,95.55,35136
2011-01-27,95.0,98.75,95.0,97.66,439924
2011-01-28,97.5,98.72,93.82,97.3,345132
2011-01-31,97.14,99.72,90.63,98.26,155392
2011-02-01,101.28,104.5,99.64,100.7,1131992
2011-02-02,103.0,104.25,100.29,101.64,417972
2011-02-03,101.89,106.03,101.88,105.43,768420
2011-02-04,105.5,106.2,104.32,105.14,498524
2011-02-07,105.0,106.45,104.88,105.05,232328
2011-02-08,105.05,105.95,103.51,104.53,149876
2011-02-09,104.5,104.5,99.79,100.2,370992
2011-02-10,100.03,101.95,100.01,100.47,213936
2011-02-11,102.0,102.0,96.25,98.05,545680
2011-02-14,99.5,101.22,98.32,99.43,330288
2011-02-15,100.5,102.47,99.25,101.29,245880
2011-02-16,100.34,102.86,100.34,101.85,326000
2011-02-17,101.75,103.0,101.28,102.41,89480
2011-02-18,101.25,103.38,101.25,101.93,145468
2011-02-21,102.46,103.24,100.03,101.43,310576
2011-02-22,101.43,103.5,100.75,102.74,114572
2011-02-23,102.47,103.5,101.85,103.07,107404
2011-02-24,103.07,112.45,102.3,106.35,1646240
2011-02-25,108.75,111.13,106.5,110.04,1104816
2011-02-28,107.5,107.5,100.26,106.11,2167624
2011-03-01,103.28,107.5,103.28,107.05,298368
2011-03-03,106.25,113.7,105.0,110.68,2102488
2011-03-04,111.49,112.99,110.05,110.63,434764
2011-03-07,112.0,113.25,107.75,112.45,568048
2011-03-08,112.38,114.47,112.38,113.1,906740
2011-03-09,113.66,117.1,113.5,115.07,1262624
2011-03-10,115.13,117.72,114.41,116.21,1011336
2011-03-11,116.0,119.1,114.0,116.49,1525376
2011-03-14,116.35,120.47,114.19,119.03,1286272
2011-03-15,111.15,115.0,107.0,108.2,909524
2011-03-16,110.0,112.0,107.25,107.9,555912
2011-03-17,107.9,108.85,103.5,103.95,423904
2011-03-18,104.05,111.0,102.1,108.45,1405135
2011-03-21,109.55,109.95,104.6,105.05,361135
2011-03-22,105.25,106.6,103.55,104.05,444830
2011-03-23,104.0,105.0,102.75,102.95,450310
2011-03-24,104.0,104.45,100.8,101.3,539872
2011-03-25,101.55,102.9,100.5,101.0,494740
2011-03-28,101.0,102.0,98.5,98.75,699201
2011-03-29,98.2,100.95,98.2,98.85,633544
2011-03-30,100.4,100.7,97.85,98.25,474106
2011-03-31,99.95,101.0,95.05,95.6,1711268
2011-04-01,96.6,96.6,95.65,96.15,726458
2011-04-04,97.45,99.3,97.0,98.3,602892
2011-04-05,99.5,100.9,98.25,99.0,1110239
2011-04-06,99.5,100.0,97.5,97.85,613802
2011-04-07,98.1,100.0,97.9,98.1,727185
2011-04-08,98.4,99.3,97.2,97.55,355414
2011-04-11,97.0,97.5,96.1,96.7,156346
2011-04-13,96.7,98.85,95.55,98.15,412845
2011-04-15,98.0,98.4,97.0,97.3,249188
2011-04-18,98.2,98.6,94.6,95.65,368165
2011-04-19,95.5,96.25,93.7,95.15,429604
2011-04-20,96.2,96.45,94.95,95.95,399485
2011-04-21,96.5,97.0,94.6,94.95,344635
2011-04-25,94.95,96.1,94.5,95.05,355298
2011-04-26,95.5,96.0,94.3,94.85,304650
2011-04-27,95.0,95.4,94.3,94.75,235136
2011-04-28,95.25,95.35,91.8,92.45,680379
2011-04-29,92.55,93.2,92.0,92.75,266273
2011-05-02,92.7,93.7,91.8,93.25,320611
2011-05-03,94.25,94.35,91.2,92.0,314934
2011-05-04,92.0,92.0,89.0,89.65,193787
2011-05-05,89.15,92.0,88.35,88.8,165444
2011-05-06,89.7,89.7,87.3,89.1,248849
2011-05-09,88.8,90.35,88.1,89.45,224032
2011-05-10,89.05,90.2,87.6,88.25,168012
2011-05-11,88.5,89.9,87.65,89.35,170050
2011-05-12,89.35,89.5,87.2,87.7,158807
2011-05-13,87.7,88.85,87.0,88.4,123656
2011-05-16,88.0,92.95,87.45,90.7,561370
2011-05-17,91.0,92.35,89.2,90.15,251083
2011-05-18,90.15,90.9,88.5,89.15,120552
2011-05-19,89.15,90.35,87.7,88.0,144558
2011-05-20,88.5,88.7,87.05,88.0,75408
2011-05-23,87.0,87.85,85.5,85.95,95115
2011-05-24,85.95,86.55,85.0,85.35,77993
2011-05-25,85.95,86.4,83.3,84.3,105459
2011-05-26,84.5,84.75,83.15,83.6,138187
2011-05-27,83.95,86.35,83.65,85.6,183716
2011-05-30,86.4,91.9,86.4,91.4,819476
2011-05-31,91.95,92.3,90.1,91.35,281207
2011-06-01,92.1,92.9,91.55,92.1,226676
2011-06-02,92.1,93.45,85.1,91.2,317486
2011-06-03,91.8,92.4,90.0,90.3,127774
2011-06-06,90.1,91.0,88.85,90.5,155853
2011-06-07,91.5,91.5,90.1,90.5,82258
2011-06-08,90.2,91.45,89.8,90.2,86932
2011-06-09,90.8,90.85,89.8,90.0,142821
2011-06-10,91.1,91.1,88.95,89.1,49576
2011-06-13,88.75,89.6,87.9,88.25,88660
2011-06-14,88.25,89.5,88.1,89.05,123435
2011-06-15,88.7,89.4,88.15,88.75,91812
2011-06-16,85.5,89.3,85.1,88.75,94201
2011-06-17,86.2,89.6,86.1,87.2,155224
2011-06-20,87.0,87.7,84.0,84.2,255666
2011-06-21,85.0,85.6,82.85,83.2,237491
2011-06-22,83.9,84.05,82.65,82.8,120527
2011-06-23,83.0,83.0,81.0,81.5,124369
2011-06-24,81.5,82.8,81.15,81.95,276091
2011-06-27,82.25,83.5,81.35,81.6,318417
2011-06-28,82.0,82.85,81.4,81.95,257590
2011-06-29,82.9,84.85,82.0,83.75,365574
2011-06-30,84.7,85.0,82.2,82.75,255697
2011-07-01,82.5,84.4,82.5,83.85,75369
2011-07-04,84.5,85.0,83.7,84.0,150091
2011-07-05,84.45,84.95,83.65,84.1,76957
2011-07-06,84.5,85.9,84.0,84.55,329529
2011-07-07,85.1,85.9,84.6,85.55,269600
2011-07-08,86.4,86.4,83.65,84.05,198242
2011-07-11,84.05,84.2,82.5,82.7,90716
2011-07-12,82.65,82.95,80.1,81.3,138429
2011-07-13,80.2,82.25,80.2,81.65,133831
2011-07-14,80.55,82.2,80.55,81.9,138201
2011-07-15,81.55,84.9,80.65,81.15,291539
2011-07-18,81.7,82.4,80.9,81.35,70464
2011-07-19,81.5,82.8,80.75,81.55,184860
2011-07-20,82.0,82.1,79.8,80.15,234324
2011-07-21,80.0,81.15,79.2,80.6,580796
2011-07-22,81.5,81.5,80.3,80.95,156610
2011-07-25,80.2,82.65,79.85,80.35,1288897
2011-07-26,80.65,80.7,78.5,78.9,270983
2011-07-27,78.5,79.0,78.0,78.15,223946
2011-07-28,78.0,78.0,75.0,75.55,567232
2011-07-29,75.05,75.9,74.7,75.3,180952
2011-08-01,75.9,76.0,71.05,71.3,212562
2011-08-02,71.3,71.85,70.75,71.1,171810
2011-08-03,70.95,74.2,70.0,73.95,254059
2011-08-04,74.5,76.0,70.65,71.05,374034
2011-08-05,69.9,69.9,67.1,68.35,254069
2011-08-08,68.1,68.1,64.5,66.75,234195
2011-08-09,66.0,66.0,62.55,63.8,287904
2011-08-10,64.15,66.75,64.15,66.3,190453
2011-08-11,66.3,66.8,65.3,66.0,1201486
2011-08-12,67.0,67.0,64.05,64.6,172998
2011-08-16,66.0,66.0,61.5,62.1,193752
2011-08-17,62.0,63.0,61.0,61.4,165135
2011-08-18,62.05,62.5,60.25,60.75,227423
2011-08-19,58.0,60.95,58.0,59.6,151783
2011-08-22,59.8,65.9,59.6,65.0,505644
2011-08-23,65.4,66.7,64.25,66.3,525033
2011-08-24,66.0,67.0,64.9,66.0,439451
2011-08-25,67.9,67.9,61.5,63.4,959961
2011-08-26,62.15,64.1,60.0,60.7,179214
2011-08-29,61.7,64.5,59.7,62.7,221850
2011-08-30,63.8,64.9,63.0,63.8,693091
2011-09-02,64.0,65.8,64.0,65.35,372160
2011-09-05,65.2,66.5,64.55,66.1,253740
2011-09-06,66.15,66.9,65.3,66.15,342881
2011-09-07,66.25,68.4,65.2,66.05,375892
2011-09-08,66.5,67.75,66.0,67.25,326201
2011-09-09,69.9,69.9,65.2,65.6,357121
2011-09-12,64.0,65.25,58.0,64.4,465848
2011-09-13,64.4,66.0,63.55,64.3,303797
2011-09-14,64.0,65.0,63.25,64.55,115689
2011-09-15,64.55,66.15,64.55,65.6,264475
2011-09-16,66.25,68.8,64.35,65.65,1120366
2011-09-19,68.8,68.8,64.6,65.3,223024
2011-09-20,65.75,66.05,64.5,65.05,226537
2011-09-21,65.5,65.5,63.75,64.4,124860
2011-09-22,65.75,69.1,62.2,64.5,484283
2011-09-23,63.4,64.45,62.0,63.0,233483
2011-09-26,62.4,63.45,61.4,61.95,181269
2011-09-27,62.25,64.3,62.0,63.15,220103
2011-09-28,63.0,63.5,62.0,62.15,119313
2011-09-29,61.9,62.5,61.0,61.45,268284
2011-09-30,61.05,62.25,58.7,61.8,231899
2011-10-03,61.2,62.1,60.2,60.9,138542
2011-10-04,60.7,62.5,60.7,60.95,168235
2011-10-05,62.0,63.75,60.95,61.2,180962
2011-10-07,61.5,62.5,61.5,61.85,136538
2011-10-10,61.95,62.2,61.45,62.0,79086
2011-10-11,62.0,63.0,61.6,61.8,212635
2011-10-12,62.0,63.05,62.0,62.65,249086
2011-10-13,62.95,63.2,62.5,62.8,151083
2011-10-14,62.8,63.0,62.5,62.55,57490
2011-10-17,62.65,63.0,61.75,62.3,40148
2011-10-18,61.9,61.9,60.0,60.2,97784
2011-10-19,63.7,63.7,59.4,60.85,127676
2011-10-20,61.0,61.1,60.1,60.4,36680
2011-10-21,60.9,61.05,59.65,60.85,56571
2011-10-24,61.0,61.85,60.0,60.2,61903
2011-10-25,60.35,63.0,60.2,61.45,156461
2011-10-26,62.9,63.8,62.1,63.05,38169
2011-10-28,63.5,67.0,63.5,64.65,302838
2011-10-31,65.0,65.8,63.55,64.0,117035
2011-11-01,63.7,64.5,63.0,63.9,137667
2011-11-02,62.1,63.7,62.1,63.05,72662
2011-11-03,63.1,63.35,62.25,62.65,81833
2011-11-04,62.95,64.3,62.55,63.45,147023
2011-11-08,63.6,63.9,63.0,63.3,52562
2011-11-09,63.2,63.7,60.85,61.3,108466
2011-11-11,60.5,61.5,58.85,59.75,166831
2011-11-14,59.9,59.9,57.25,58.45,215657
2011-11-15,59.9,59.9,56.8,57.1,85177
2011-11-16,57.2,57.2,54.55,55.55,135491
2011-11-17,55.5,55.85,53.3,53.6,103797
2011-11-18,53.65,55.05,52.5,54.05,134360
2011-11-21,54.05,56.95,52.6,53.1,129744
2011-11-22,53.1,54.5,52.8,53.7,250874
2011-11-23,54.0,54.0,50.95,51.35,235425
2011-11-24,51.35,52.3,48.45,50.5,492565
2011-11-25,52.0,52.15,50.1,51.65,104281
2011-11-28,52.25,54.0,52.25,53.3,112154
2011-11-29,52.0,54.0,44.55,52.85,156374
2011-11-30,52.5,54.0,51.05,52.8,139281
2011-12-01,54.2,55.1,53.25,53.4,177131
2011-12-02,54.0,55.1,53.1,54.75,256154
2011-12-05,54.5,54.5,53.6,53.95,80246
2011-12-07,54.5,55.0,54.0,54.25,111272
2011-12-08,54.4,54.4,49.9,51.45,246538
2011-12-09,49.9,51.4,48.5,51.05,190466
2011-12-12,51.9,52.4,50.4,50.75,232317
2011-12-13,50.35,52.05,49.8,51.25,410190
2011-12-14,51.5,51.95,50.5,50.7,52278
2011-12-15,50.1,51.25,49.7,50.9,72687
2011-12-16,51.0,51.6,49.5,49.9,79729
2011-12-19,49.85,50.5,48.25,50.1,71866
2011-12-20,50.0,50.95,49.25,50.2,96061
2011-12-21,50.7,51.1,49.1,50.95,103496
2011-12-22,49.7,51.5,49.7,50.95,115962
2011-12-23,51.2,51.6,50.0,50.4,96329
2011-12-26,50.0,51.1,50.0,51.0,70782
2011-12-27,50.5,51.0,49.3,49.55,45384
2011-12-28,50.3,50.3,48.0,48.3,128302
2011-12-29,48.7,51.4,48.1,50.0,277982
2011-12-30,50.75,51.2,50.25,50.9,232499
2012-01-02,50.4,54.95,50.4,53.3,196279
2012-01-03,54.0,54.9,53.1,53.7,1299890
2012-01-04,53.5,55.05,53.5,54.2,1012690
2012-01-05,55.35,55.35,53.2,54.0,461669
2012-01-06,54.4,54.9,52.6,54.2,108448
2012-01-07,54.1,56.3,54.1,55.65,123423
2012-01-09,55.0,57.0,54.7,56.25,288871
2012-01-10,57.0,57.5,56.4,56.65,186805
2012-01-11,57.4,58.25,56.2,56.6,329456
2012-01-12,56.5,57.9,56.0,56.85,226511
2012-01-13,57.5,63.5,57.5,57.95,877292
2012-01-16,58.0,58.0,56.35,56.8,210183
2012-01-17,56.8,59.7,56.8,58.0,393718
2012-01-18,57.0,58.9,55.2,55.8,209371
2012-01-19,56.7,56.95,55.9,56.15,250070
2012-01-20,56.35,57.25,54.7,55.15,309296
2012-01-23,55.15,55.9,53.8,54.25,232553
2012-01-24,54.45,55.55,54.2,54.85,261382
2012-01-25,55.0,57.35,55.0,56.85,618971
2012-01-27,57.25,61.2,57.25,59.45,2476016
2012-01-30,59.25,59.8,55.5,56.2,760727
2012-01-31,56.9,57.65,55.1,57.2,747066
2012-02-01,57.5,60.6,57.25,59.65,961480
2012-02-02,60.4,62.8,60.15,61.85,1952072
2012-02-03,62.0,64.85,60.25,63.75,2041225
2012-02-06,64.7,65.6,60.6,61.85,3284797
2012-02-07,61.5,62.85,59.85,60.9,2183278
2012-02-08,60.3,62.65,60.1,62.4,1313763
2012-02-09,60.5,63.3,57.45,63.0,1076062
2012-02-10,62.9,64.5,62.55,63.3,1196446
2012-02-13,63.3,64.65,63.1,63.45,652445
2012-02-14,63.15,64.0,63.1,63.75,651792
2012-02-15,64.25,65.95,63.5,65.65,1475396
2012-02-16,66.0,67.9,65.95,67.05,1308144
2012-02-17,67.3,68.45,66.05,66.65,1220780
2012-02-21,66.85,68.15,66.55,67.1,334237
2012-02-22,67.1,67.8,60.6,61.5,591389
2012-02-23,61.85,64.9,60.2,61.55,951062
2012-02-24,61.65,63.95,61.25,61.6,262553
2012-02-27,61.6,62.0,58.8,59.6,232963
2012-02-28,60.0,62.4,59.0,61.7,234618
2012-02-29,62.55,63.95,58.6,60.75,288442
2012-03-01,61.4,62.7,60.35,61.5,316726
2012-03-02,62.95,63.5,60.5,60.9,437848
2012-03-03,61.25,61.8,60.4,61.0,35393
2012-03-05,61.0,61.1,59.75,60.4,129706
2012-03-06,58.5,61.8,57.85,58.7,285951
2012-03-07,58.0,58.6,57.0,57.9,366756
2012-03-09,61.0,61.9,58.05,61.15,370205
2012-03-12,61.9,62.25,60.2,61.0,278122
2012-03-13,61.5,61.9,60.55,60.8,427224
2012-03-14,61.75,61.9,60.7,60.9,133700
2012-03-15,61.0,61.5,57.8,58.7,427844
2012-03-16,58.7,59.6,56.2,56.7,1995858
2012-03-19,57.0,57.55,55.5,55.95,477606
2012-03-20,56.0,57.85,55.6,56.9,417272
2012-03-21,56.9,58.2,56.7,57.9,196196
2012-03-22,57.7,58.3,54.2,55.0,496468
2012-03-23,55.0,56.05,54.05,55.0,371077
2012-03-26,55.5,55.8,53.05,53.55,246359
2012-03-27,54.1,56.0,53.8,55.65,557627
2012-03-28,55.2,57.5,53.85,54.25,369641
2012-03-29,53.0,54.6,52.25,52.9,670976
2012-03-30,54.0,54.9,53.35,54.45,370817
2012-04-02,55.3,57.95,54.65,55.3,182540
2012-04-03,55.7,62.35,55.4,61.45,2491794
2012-04-04,61.0,62.95,60.15,61.05,1671961
2012-04-09,59.9,60.95,58.45,59.05,632195
2012-04-10,59.1,59.7,58.1,59.05,335955
2012-04-11,59.0,60.55,57.75,59.0,655693
2012-04-12,61.0,62.4,59.5,60.1,490031
2012-04-13,60.25,60.8,57.2,57.95,399139
2012-04-16,57.95,59.25,57.0,58.4,338171
2012-04-17,59.4,59.65,58.4,58.9,272679
2012-04-18,59.4,60.8,58.95,59.35,472098
2012-04-19,60.0,60.2,59.05,59.35,170519
2012-04-20,59.35,60.05,55.8,56.45,364436
2012-04-23,57.25,57.25,55.4,55.65,389737
2012-04-24,55.8,60.65,55.6,60.1,1102965
2012-04-25,60.25,60.25,57.75,59.35,608828
2012-04-26,57.9,60.0,57.2,57.9,549998
2012-04-27,58.2,59.7,57.9,58.45,149985
2012-04-28,58.6,59.2,58.15,58.7,12371
2012-04-30,58.65,59.9,58.65,59.4,204961
2012-05-02,59.5,63.9,58.6,60.45,712282
2012-05-03,56.1,61.45,56.1,60.25,218970
2012-05-04,60.2,60.45,57.3,58.85,210506
2012-05-07,56.8,60.25,56.5,59.65,125113
2012-05-08,59.7,60.1,58.05,58.35,104567
2012-05-09,58.35,59.65,57.15,58.1,106304
2012-05-10,58.2,59.4,57.75,58.3,76124
2012-05-11,58.5,58.5,57.4,57.9,88455
2012-05-14,57.7,58.65,56.5,57.1,180069
2012-05-15,57.3,58.25,56.35,58.05,64835
2012-05-16,58.3,58.3,56.35,56.9,78919
2012-05-17,57.75,58.7,56.65,57.6,47352
2012-05-18,57.55,60.75,56.7,60.15,290372
2012-05-21,60.8,61.25,59.8,60.7,261614
2012-05-22,62.65,62.9,56.0,59.55,266497
2012-05-23,58.9,60.0,58.15,58.4,86628
2012-05-24,59.45,59.45,57.25,57.55,134197
2012-05-25,57.4,58.1,56.75,56.9,145341
2012-05-28,57.9,58.15,56.9,57.7,80620
2012-05-29,58.45,58.65,57.85,58.05,59758
2012-05-30,58.45,58.6,50.55,55.55,104423
2012-05-31,56.6,58.0,56.6,57.65,76719
2012-06-01,59.0,59.0,56.9,57.6,61482
2012-06-04,58.9,58.9,57.2,58.0,159834
2012-06-05,59.5,59.5,58.15,58.35,51216
2012-06-06,59.2,59.95,58.7,59.75,88394
2012-06-07,60.0,61.95,59.1,59.7,63428
2012-06-08,58.6,60.4,58.6,59.65,50352
2012-06-11,60.05,61.0,59.05,59.4,83552
2012-06-12,59.75,59.9,59.2,59.75,37555
2012-06-13,59.8,59.9,58.2,58.8,59355
2012-06-14,58.0,58.9,57.9,58.3,59919
2012-06-15,58.5,59.2,58.0,58.3,30003
2012-06-18,60.0,61.3,58.5,60.0,373974
2012-06-19,59.95,60.7,59.55,59.85,91156
2012-06-20,60.8,60.8,59.25,60.1,49842
2012-06-21,60.1,60.5,59.65,59.8,32643
2012-06-22,58.7,60.0,58.3,58.75,124873
2012-06-25,59.0,60.0,58.3,58.65,32781
2012-06-26,58.65,59.45,58.1,58.75,25681
2012-06-27,58.7,62.5,58.7,61.05,293562
2012-06-28,61.85,61.85,59.7,60.15,41726
2012-06-29,61.2,61.4,59.15,59.35,129389
2012-07-02,60.05,60.85,59.5,60.4,51059
2012-07-03,60.45,61.2,59.9,60.7,76055
2012-07-04,60.7,63.6,60.7,61.55,240987
2012-07-05,61.4,63.0,61.2,61.8,123065
2012-07-06,61.9,62.0,61.2,61.75,51897
2012-07-09,61.4,62.75,60.5,61.8,91193
2012-07-10,61.2,62.15,60.7,61.05,388040
2012-07-11,62.35,64.75,58.7,59.4,949152
2012-07-12,58.5,59.65,58.0,58.5,168460
2012-07-13,59.1,59.1,57.1,57.6,143108
2012-07-16,59.0,59.6,56.6,56.95,475816
2012-07-17,56.8,57.45,55.6,56.6,207546
2012-07-18,56.5,56.5,55.8,56.0,349757
2012-07-19,56.7,56.7,56.15,56.3,76555
2012-07-20,56.85,56.85,55.5,55.85,107447
2012-07-23,55.0,55.55,54.15,54.9,219332
2012-07-24,54.8,55.5,54.15,54.3,128147
2012-07-25,54.2,54.6,52.55,53.4,129170
2012-07-26,53.8,53.9,52.0,52.15,99843
2012-07-27,52.9,53.9,51.25,51.7,145766
2012-07-30,52.75,52.75,51.7,52.4,91416
2012-07-31,52.8,54.0,52.1,53.55,137955
2012-08-01,53.55,54.9,53.0,54.25,131320
2012-08-02,54.55,54.55,49.0,53.9,104988
2012-08-03,53.7,53.7,52.65,53.15,56967
2012-08-06,53.9,54.6,53.55,53.75,61739
2012-08-07,54.25,54.25,53.45,53.6,30218
2012-08-08,53.85,56.2,53.7,54.45,241588
2012-08-09,54.4,55.3,53.5,53.75,66293
2012-08-10,53.75,54.0,53.05,53.3,54221
2012-08-13,53.25,54.35,52.1,53.7,163773
2012-08-14,53.8,54.5,52.5,54.05,262687
2012-08-16,53.0,54.4,53.0,53.55,52484
2012-08-17,53.95,54.4,53.0,53.1,62553
2012-08-21,53.45,53.55,52.05,52.4,104367
2012-08-22,52.5,53.5,52.2,52.3,83093
2012-08-23,52.8,53.25,52.2,52.35,47268
2012-08-24,52.25,54.35,52.0,52.05,156378
2012-08-27,52.05,52.6,51.3,51.5,41651
2012-08-28,51.9,51.9,50.6,51.0,34471
2012-08-29,51.05,51.6,50.05,50.15,55181
2012-08-30,49.2,50.6,49.05,49.4,90045
2012-08-31,50.0,50.4,49.1,49.8,39876
2012-09-03,50.5,50.75,49.65,49.95,24961
2012-09-04,50.5,50.75,49.15,50.15,26376
2012-09-05,50.45,50.6,49.75,49.9,35915
2012-09-06,50.45,50.45,49.3,49.8,38134
2012-09-07,51.5,53.25,50.2,51.25,250511
2012-09-08,52.1,53.25,52.1,52.4,64009
2012-09-10,52.5,52.7,51.85,52.25,132144
2012-09-11,51.75,52.0,50.2,51.7,62549
2012-09-12,51.7,52.75,51.7,52.3,50524
2012-09-13,53.3,55.15,52.6,53.0,411018
2012-09-14,54.35,55.65,53.5,53.85,451817
2012-09-17,55.0,56.5,54.8,54.9,280277
2012-09-18,54.9,55.15,54.0,54.1,145528
2012-09-20,54.0,54.0,52.05,53.65,113196
2012-09-21,54.0,55.15,52.05,52.25,814557
2012-09-24,52.0,53.2,52.0,52.3,325489
2012-09-25,51.7,52.75,51.7,51.85,168801
2012-09-26,51.5,51.95,51.2,51.35,211484
2012-09-27,51.5,51.95,50.5,50.65,312534
2012-09-28,50.65,51.65,50.6,50.85,364197
2012-10-01,51.8,52.4,50.05,50.55,277780
2012-10-03,51.0,51.5,50.05,50.85,212364
2012-10-04,50.25,51.7,50.25,51.25,332785
2012-10-05,51.25,51.5,50.65,51.05,191541
2012-10-08,50.8,52.25,50.35,51.1,322303
2012-10-09,51.0,52.2,50.9,51.05,192156
2012-10-10,50.75,51.15,49.6,50.0,356343
2012-10-11,49.9,50.15,49.1,49.7,242116
2012-10-12,49.65,51.25,49.6,49.9,327858
2012-10-15,49.7,50.2,49.15,49.3,305298
2012-10-16,49.15,50.0,49.15,49.35,137236
2012-10-17,49.6,50.3,49.25,49.6,194380
2012-10-18,49.65,50.15,49.3,49.9,174412
2012-10-19,49.6,50.3,49.3,49.5,193285
2012-10-22,49.5,50.1,49.2,49.5,115922
2012-10-23,52.0,52.0,49.5,49.6,176852
2012-10-25,50.0,50.2,49.25,49.5,183086
2012-10-26,49.25,49.25,45.25,47.65,560189
2012-10-29,49.1,49.3,47.5,47.65,115091
2012-10-30,47.65,48.2,46.6,46.85,161245
2012-10-31,46.85,47.1,46.1,46.85,114128
2012-11-01,47.0,47.05,46.55,46.85,126952
2012-11-02,47.1,47.3,46.75,46.85,244559
2012-11-05,46.7,46.95,46.5,46.6,78828
2012-11-06,47.05,48.1,46.15,46.4,239650
2012-11-07,46.0,46.8,45.55,45.9,381533
2012-11-08,45.9,46.1,45.5,45.95,223203
2012-11-09,46.0,46.3,45.5,45.6,174499
2012-11-12,45.6,45.75,44.55,44.7,220664
2012-11-13,44.75,45.85,44.5,45.55,68778
2012-11-15,45.55,45.55,45.0,45.15,104117
2012-11-16,45.25,45.55,44.8,44.9,99076
2012-11-19,44.9,45.35,44.3,44.65,142353
2012-11-20,45.4,45.4,44.45,44.55,104727
2012-11-21,44.9,44.9,44.05,44.4,82341
2012-11-22,44.5,46.35,44.3,45.75,378637
2012-11-23,46.0,46.4,45.05,45.15,110285
2012-11-26,45.25,45.25,44.3,44.4,128221
2012-11-27,44.9,44.9,44.1,44.35,150452
2012-11-29,44.25,45.0,44.1,44.8,123777
2012-11-30,45.35,48.1,44.5,46.45,282139
2012-12-03,47.5,49.9,47.1,48.5,753571
2012-12-04,50.0,50.0,48.4,48.65,207634
2012-12-05,48.7,49.15,48.0,48.5,123423
2012-12-06,48.95,49.0,47.7,48.25,137417
2012-12-07,48.4,49.3,48.1,48.4,116899
2012-12-10,48.4,49.25,47.75,48.15,160004
2012-12-11,48.0,48.6,47.5,47.65,71856
2012-12-12,47.35,47.95,46.8,47.1,63448
2012-12-13,47.1,47.6,46.5,46.8,44215
2012-12-14,46.5,46.95,46.2,46.85,64366
2012-12-17,47.5,48.25,47.2,47.8,166123
2012-12-18,48.2,49.2,48.0,48.55,197599
2012-12-19,49.0,49.6,48.6,48.85,202454
2012-12-20,48.85,49.5,48.2,48.8,136331
2012-12-21,47.55,51.0,47.05,49.8,296411
2012-12-24,50.0,51.8,49.5,50.4,397660
2012-12-26,50.4,50.9,49.5,49.6,112746
2012-12-27,49.1,50.95,48.6,50.35,259696
2012-12-28,50.95,51.65,49.15,49.45,114939
2012-12-31,49.75,50.0,48.8,49.0,85570
2013-01-01,49.0,50.25,48.95,49.3,148459
2013-01-02,49.4,51.6,49.4,51.0,457361
2013-01-03,51.0,52.0,50.3,50.6,257145
2013-01-04,50.55,50.95,50.0,50.25,136963
2013-01-07,50.15,51.2,49.75,50.1,153596
2013-01-08,50.4,50.95,49.9,50.55,138851
2013-01-09,50.1,51.4,49.25,49.7,234078
2013-01-10,50.4,50.4,49.15,49.25,132984
2013-01-11,49.9,49.9,48.7,49.2,165734
2013-01-14,50.4,50.4,48.6,49.55,72625
2013-01-15,49.8,50.95,49.25,49.55,155896
2013-01-16,49.0,49.95,48.5,48.8,87567
2013-01-17,48.8,49.1,48.25,48.6,62984
2013-01-18,49.45,51.5,48.65,49.05,83843
2013-01-21,49.0,49.65,48.7,48.9,53341
2013-01-22,49.0,49.2,48.5,48.6,60285
2013-01-23,49.0,49.0,47.9,48.05,52243
2013-01-24,48.7,48.7,46.8,46.95,65412
2013-01-25,46.95,47.3,46.5,47.1,50192
2013-01-28,47.0,48.2,46.8,47.2,29168
2013-01-29,47.5,47.5,46.5,46.8,41678
2013-01-30,47.4,51.25,47.4,50.5,2128173
2013-01-31,51.0,51.2,49.05,49.25,403870
2013-02-01,49.05,49.45,48.0,48.4,173972
2013-02-04,50.2,50.2,48.35,48.5,175986
2013-02-05,48.35,48.4,47.75,47.85,86774
2013-02-06,48.4,48.4,47.2,47.75,92549
2013-02-07,47.95,47.95,46.25,46.65,130989
2013-02-08,46.45,47.9,46.0,46.75,122525
2013-02-11,46.25,47.75,46.2,46.85,109314
2013-02-12,47.0,47.45,46.7,46.85,51909
2013-02-13,47.45,47.45,46.1,46.3,55256
2013-02-14,46.3,46.5,45.6,45.95,72152
2013-02-15,45.55,46.3,45.0,45.6,88095
2013-02-18,46.0,46.9,45.8,46.55,135406
2013-02-19,46.55,46.8,46.05,46.35,40257
2013-02-20,46.8,46.8,46.15,46.3,37799
2013-02-21,46.5,46.5,45.55,45.7,51565
2013-02-22,45.7,46.4,45.35,45.9,47406
2013-02-25,45.1,47.0,45.0,45.6,42420
2013-02-26,45.8,45.8,44.1,45.0,92607
2013-02-27,44.9,45.65,44.15,45.0,69040
2013-02-28,45.2,45.5,44.0,44.1,67763
2013-03-01,44.2,44.95,43.75,44.0,70049
2013-03-04,44.25,44.25,42.1,42.95,106112
2013-03-05,42.55,43.65,42.55,43.35,75170
2013-03-06,43.85,44.75,43.5,43.75,117140
2013-03-07,44.15,44.15,42.8,43.15,62732
2013-03-08,44.05,45.4,43.45,45.05,206537
2013-03-11,45.2,46.0,44.95,45.4,148013
2013-03-12,45.85,46.0,45.1,45.2,111087
2013-03-13,47.7,47.7,42.2,46.1,603038
2013-03-14,46.1,46.1,43.7,44.1,1225310
2013-03-15,41.5,41.5,40.3,40.35,11094085
2013-03-18,40.35,40.35,38.25,38.5,2078670
2013-03-19,38.75,39.1,37.55,37.75,916720
2013-03-20,37.75,38.7,37.0,37.05,815653
2013-03-21,37.4,37.7,36.15,36.3,476642
2013-03-22,36.0,36.7,35.3,36.35,710783
2013-03-25,38.2,38.2,35.0,35.25,496825
2013-03-26,35.25,35.4,34.05,34.15,503964
2013-03-28,34.15,34.45,33.0,33.15,887276
2013-04-01,32.5,34.65,32.5,33.95,576322
2013-04-02,34.0,34.9,34.0,34.6,477931
2013-04-03,35.0,35.6,34.3,34.75,571182
2013-04-04,34.6,34.9,33.95,34.05,353166
2013-04-05,34.0,34.65,33.55,33.65,317055
2013-04-08,34.5,34.5,33.8,33.85,165619
2013-04-09,34.15,34.7,33.15,33.3,334190
2013-04-10,33.7,33.85,32.9,33.35,461931
2013-04-11,33.85,33.85,33.2,33.5,171221
2013-04-12,33.0,33.95,32.85,33.6,224404
2013-04-15,33.65,33.95,33.4,33.75,191127
2013-04-16,34.0,34.1,33.4,33.65,253521
2013-04-17,33.7,34.3,33.5,34.05,659108
2013-04-18,34.05,34.4,33.8,34.2,288931
2013-04-22,34.25,34.8,34.0,34.7,404491
2013-04-23,34.95,35.15,34.3,34.95,218411
2013-04-25,35.3,35.4,34.95,35.25,219191
2013-04-26,35.0,36.25,35.0,35.65,305717
2013-04-29,35.35,35.85,35.35,35.45,101202
2013-04-30,35.55,35.7,34.7,34.8,127110
2013-05-02,34.8,35.0,34.15,34.5,317527
2013-05-03,34.5,34.95,34.3,34.8,203869
2013-05-06,34.7,35.1,34.45,34.85,203139
2013-05-07,35.0,35.45,34.75,34.8,224389
2013-05-08,34.8,35.0,34.65,34.7,78624
2013-05-09,34.55,37.55,34.55,36.85,1250458
2013-05-10,36.2,37.7,36.2,36.65,950758
2013-05-11,36.75,37.0,36.65,36.85,56276
2013-05-13,36.8,37.15,35.55,35.75,171546
2013-05-14,35.15,36.5,35.15,35.95,176315
2013-05-15,36.0,36.35,35.8,35.85,150497
2013-05-16,36.15,36.2,35.55,35.75,150609
2013-05-17,35.8,36.4,35.6,35.8,186960
2013-05-20,36.0,36.3,35.0,35.1,310219
2013-05-21,35.1,35.35,34.55,34.7,155466
2013-05-22,34.8,34.8,34.15,34.5,127270
2013-05-23,34.15,35.2,33.35,33.6,168323
2013-05-24,33.55,34.1,33.15,33.8,132468
2013-05-27,33.7,34.9,33.7,34.65,195259
2013-05-28,35.15,36.0,34.8,35.0,443339
2013-05-29,35.0,35.3,34.65,35.0,116047
2013-05-30,35.0,35.0,34.2,34.55,106711
2013-05-31,34.6,34.6,33.65,33.8,146741
2013-06-03,34.4,34.8,33.25,33.5,264152
2013-06-04,34.0,34.15,33.6,33.7,93326
2013-06-05,33.35,33.9,32.9,33.1,323937
2013-06-06,33.1,33.4,32.35,32.5,388289
2013-06-07,32.25,32.85,32.25,32.45,190878
2013-06-10,32.5,32.9,31.95,32.05,180548
2013-06-11,32.0,32.3,30.05,30.65,336422
2013-06-12,30.1,30.9,29.7,29.7,573615
2013-06-13,29.4,29.8,29.1,29.4,264341
2013-06-14,29.25,30.6,29.25,29.75,300518
2013-06-17,29.75,30.35,29.05,29.25,222377
2013-06-18,29.25,29.7,29.05,29.4,267626
2013-06-19,29.4,29.8,29.3,29.55,209165
2013-06-20,29.35,30.5,29.0,30.1,421969
2013-06-21,29.4,30.0,29.3,29.55,215065
2013-06-24,29.25,29.65,28.65,29.05,435864
2013-06-25,29.1,29.4,28.75,28.9,207150
2013-06-26,28.85,28.85,28.35,28.5,153366
2013-06-27,28.35,29.25,28.35,28.55,187991
2013-06-28,28.7,29.0,28.6,28.8,198787
2013-07-01,28.8,30.95,28.8,30.7,440123
2013-07-02,30.75,30.8,29.8,30.15,176743
2013-07-03,30.4,30.4,29.25,29.4,169654
2013-07-04,29.35,30.0,29.05,29.3,244479
2013-07-05,29.35,30.8,29.35,29.65,290300
2013-07-08,29.7,30.35,29.15,29.55,277087
2013-07-09,30.0,30.25,29.55,29.75,286037
2013-07-10,29.75,30.0,29.65,29.8,204161
2013-07-11,30.0,30.3,29.8,29.9,188694
2013-07-12,29.75,30.0,29.1,29.6,309923
2013-07-15,29.3,30.95,29.3,30.7,334339
2013-07-16,30.2,32.0,29.0,30.25,690186
2013-07-17,30.25,30.55,28.9,29.2,310133
2013-07-18,29.75,30.1,29.3,30.0,325316
2013-07-19,29.7,30.85,29.15,29.7,635970
2013-07-22,30.0,30.0,29.2,29.3,183873
2013-07-23,29.3,30.4,29.3,30.3,449746
2013-07-24,30.3,30.5,29.05,30.25,347732
2013-07-25,30.0,30.25,29.0,29.25,234633
2013-07-26,29.25,30.2,28.8,29.15,363754
2013-07-29,29.05,29.5,28.0,28.2,335837
2013-07-30,28.1,28.75,28.0,28.25,504799
2013-07-31,28.25,28.4,26.5,27.05,693509
2013-08-01,27.9,27.95,25.8,26.05,497002
2013-08-02,26.15,26.95,24.75,25.0,427898
2013-08-05,25.6,27.0,24.25,24.7,339860
2013-08-06,24.8,25.75,24.2,24.9,295695
2013-08-07,24.9,26.2,24.9,25.8,567752
2013-08-08,26.0,26.75,25.25,26.1,455977
2013-08-12,26.0,27.9,26.0,27.5,838596
2013-08-13,27.55,28.25,27.1,27.25,264978
2013-08-14,27.5,28.3,27.15,27.5,320438
2013-08-16,27.4,27.45,26.0,26.1,238249
2013-08-19,26.2,26.8,25.6,26.65,265155
2013-08-20,26.75,29.7,26.3,28.25,698076
2013-08-21,28.45,28.95,26.8,27.15,217247
2013-08-22,27.0,29.4,26.75,28.95,393860
2013-08-23,29.5,29.5,28.5,28.75,192110
2013-08-26,29.0,30.85,28.7,30.25,593320
2013-08-27,30.5,31.4,29.55,29.85,570220
2013-08-28,29.2,30.35,28.05,29.65,309492
2013-08-29,29.7,34.6,29.7,33.4,2036590
2013-08-30,33.45,34.0,32.35,33.75,746630
2013-09-02,33.25,35.4,33.0,35.1,578247
2013-09-03,35.1,35.65,32.7,33.05,401492
2013-09-04,33.4,34.35,32.25,33.55,503339
2013-09-05,34.1,34.6,33.5,33.8,240853
2013-09-06,33.15,34.8,32.75,33.35,277756
2013-09-10,33.15,33.9,32.85,33.1,268556
2013-09-11,33.0,34.4,33.0,33.8,366643
2013-09-12,33.8,34.5,32.55,32.8,297846
2013-09-13,33.15,33.55,32.55,33.05,436355
2013-09-16,33.45,33.85,32.7,32.9,1105323
2013-09-17,32.95,33.75,32.85,32.95,259395
2013-09-18,33.3,33.3,32.05,32.6,178597
2013-09-19,33.15,33.4,32.65,32.9,413323
2013-09-20,32.8,32.8,31.7,32.25,325953
2013-09-23,32.45,32.5,31.85,32.05,138706
2013-09-24,32.15,32.6,31.95,32.5,152378
2013-09-25,32.35,32.55,31.75,32.15,131686
2013-09-26,31.95,32.6,31.75,32.35,132376
2013-09-27,32.5,32.5,31.9,32.1,124865
2013-09-30,32.4,32.9,31.6,32.55,254270
2013-10-01,32.3,33.4,31.95,33.0,200951
2013-10-03,32.55,33.8,32.55,33.45,184067
2013-10-04,33.35,34.2,33.2,33.45,249073
2013-10-07,33.55,35.1,33.05,34.35,514646
2013-10-08,34.4,35.0,33.55,33.95,362618
2013-10-09,33.7,34.7,33.45,33.6,197727
2013-10-10,33.45,34.0,33.2,33.4,179525
2013-10-11,33.55,33.75,33.1,33.2,182390
2013-10-14,33.1,33.5,32.55,32.7,134050
2013-10-15,32.75,33.4,32.05,32.65,375315
2013-10-17,32.65,33.7,32.65,33.55,235285
2013-10-18,33.35,34.75,33.1,34.4,548128
2013-10-21,34.3,35.1,34.0,34.95,344678
2013-10-22,35.0,35.3,34.15,34.35,444966
2013-10-23,34.4,36.65,34.25,35.95,1058917
2013-10-24,35.9,36.3,35.35,35.9,340758
2013-10-25,35.85,36.2,35.1,35.2,115844
2013-10-28,35.2,35.55,34.5,34.7,84723
2013-10-29,34.65,36.15,34.05,35.95,325173
2013-10-30,35.8,36.8,35.45,36.45,303609
2013-10-31,36.0,36.95,29.25,36.5,509025
2013-11-01,36.55,37.0,35.3,35.6,313013
2013-11-03,35.8,36.15,35.35,36.0,121879
2013-11-05,35.45,36.6,35.45,36.1,163675
2013-11-06,35.8,37.85,35.8,36.95,670077
2013-11-07,37.0,39.7,36.55,38.65,1973273
2013-11-08,38.8,39.7,38.2,38.8,792196
2013-11-11,38.95,39.5,37.75,38.05,483395
2013-11-12,39.0,39.9,38.2,39.4,1184651
2013-11-13,39.5,40.6,39.15,40.2,967486
2013-11-14,40.45,40.8,39.3,40.25,634277
2013-11-18,40.5,40.7,39.65,39.8,319256
2013-11-19,40.0,40.05,39.05,39.65,368764
2013-11-20,39.6,39.75,38.3,38.6,171375
2013-11-21,38.7,39.1,37.05,37.3,304831
2013-11-22,37.75,37.8,36.25,36.4,325317
2013-11-25,36.75,38.0,36.45,37.75,405365
2013-11-26,37.3,38.35,37.05,37.3,153050
2013-11-27,37.05,37.6,36.55,36.7,115240
2013-11-28,37.2,37.75,37.05,37.15,149763
2013-11-29,37.55,37.8,37.15,37.4,185184
2013-12-02,37.1,38.9,37.1,38.45,267787
2013-12-03,38.6,38.75,37.6,37.75,109567
2013-12-04,37.6,37.95,35.4,36.35,222434
2013-12-05,36.75,37.3,36.75,36.95,194398
2013-12-06,36.6,37.55,36.6,37.2,92204
2013-12-09,38.0,38.0,36.7,37.1,212692
2013-12-10,37.25,38.9,36.75,38.4,525818
2013-12-11,38.0,38.6,37.65,38.1,223925
2013-12-12,38.1,38.9,37.95,38.75,191244
2013-12-13,38.5,38.95,37.35,37.65,180654
2013-12-16,37.25,37.95,37.25,37.55,76433
2013-12-17,37.85,38.85,37.55,38.1,267357
2013-12-18,38.1,38.45,37.7,37.9,67123
2013-12-19,38.25,38.3,37.5,37.75,71054
2013-12-20,37.95,38.0,37.1,37.45,114540
2013-12-23,37.1,39.2,37.1,38.3,292460
2013-12-24,38.4,38.9,37.7,38.05,664110
2013-12-26,38.15,38.35,37.65,37.8,222944
2013-12-27,38.15,38.25,37.65,37.9,1161701
2013-12-30,38.2,38.3,37.7,37.85,137105
2013-12-31,37.95,38.15,37.8,37.9,146461
2014-01-01,38.1,38.2,37.75,37.9,131939
2014-01-02,37.95,38.5,37.0,37.15,367746
2014-01-03,37.15,37.5,36.8,37.0,187889
2014-01-06,37.05,37.4,36.8,37.25,419393
2014-01-07,37.5,37.75,37.0,37.1,668820
2014-01-08,37.25,37.7,36.9,37.05,227602
2014-01-09,37.0,37.45,36.75,36.9,130499
2014-01-10,36.85,38.5,36.65,38.0,1169428
2014-01-13,38.3,38.75,36.8,37.0,250081
2014-01-14,37.0,37.3,36.55,36.65,89745
2014-01-15,36.95,37.75,36.75,36.95,356735
2014-01-16,37.0,37.2,36.6,37.0,157062
2014-01-17,36.85,37.0,36.5,36.55,77477
2014-01-20,36.45,36.85,36.0,36.35,86798
2014-01-21,36.4,37.35,36.25,36.4,121995
2014-01-22,36.45,37.25,36.4,36.95,204208
2014-01-23,36.8,36.9,36.55,36.6,81527
2014-01-24,36.6,37.25,36.15,36.2,136581
2014-01-27,36.05,36.2,35.05,35.2,107201
2014-01-28,35.05,39.95,35.0,37.05,161975
2014-01-29,37.0,37.6,36.45,36.55,197964
2014-01-30,36.0,36.0,34.7,35.05,227090
2014-01-31,35.15,35.45,33.35,33.55,341839
2014-02-03,33.4,34.0,33.1,33.25,93691
2014-02-04,33.0,33.75,32.55,32.95,410610
2014-02-05,32.9,33.3,32.5,32.85,127250
2014-02-06,32.8,33.3,32.8,33.0,79480
2014-02-07,33.05,33.6,32.65,32.75,184861
2014-02-10,32.9,33.3,32.8,32.9,149185
2014-02-11,33.0,33.15,32.75,32.8,59719
2014-02-12,33.0,33.05,32.8,32.8,52812
2014-02-13,33.0,33.0,32.5,32.6,43143
2014-02-14,32.6,33.0,32.5,32.55,63221
2014-02-17,33.1,33.1,32.25,32.4,51783
2014-02-18,32.25,32.85,32.2,32.3,134443
2014-02-19,32.1,32.75,32.1,32.45,177851
2014-02-20,32.3,32.75,31.55,31.8,331908
2014-02-21,31.85,32.3,31.85,32.0,115860
2014-02-24,32.0,32.95,31.85,32.25,494223
2014-02-25,32.2,32.5,31.9,32.0,245238
2014-02-26,32.55,32.55,32.05,32.3,477611
2014-02-28,32.5,32.85,32.3,32.8,190151
2014-03-03,33.0,33.0,32.6,32.85,143698
2014-03-04,32.7,34.3,32.45,33.8,598316
2014-03-05,33.1,33.3,32.55,32.85,226267
2014-03-06,32.9,34.25,32.65,34.0,260807
2014-03-07,33.7,34.0,33.35,33.65,226037
2014-03-10,33.6,35.75,33.6,35.1,480781
2014-03-11,35.3,35.5,34.3,34.55,147971
2014-03-12,34.5,34.8,34.1,34.25,63599
2014-03-13,34.25,36.05,34.25,35.05,401438
2014-03-14,34.7,35.2,33.9,34.85,259374
2014-03-18,34.5,35.6,34.5,34.7,81070
2014-03-19,35.0,35.95,34.5,34.9,378678
2014-03-20,34.9,35.25,34.2,35.05,421524
2014-03-21,36.5,36.6,35.4,35.9,516630
2014-03-22,35.7,35.95,35.4,35.8,12908
2014-03-24,35.95,36.6,35.2,35.75,440469
2014-03-25,36.05,36.5,35.4,35.95,361778
2014-03-26,35.75,37.4,35.75,36.9,435057
2014-03-27,36.6,38.6,36.6,38.45,1750659
2014-03-28,38.5,39.0,37.75,38.6,768633
2014-03-31,39.05,40.1,38.15,39.75,1151323
2014-04-01,39.95,40.2,38.35,40.0,1140186
2014-04-02,40.2,40.2,39.55,39.9,709969
2014-04-03,39.9,40.45,38.55,38.75,529505
2014-04-04,39.35,40.1,39.0,39.2,606716
2014-04-07,39.2,39.9,38.85,39.05,261566
2014-04-09,39.1,40.1,39.1,39.85,474696
2014-04-10,39.85,40.3,39.6,39.75,714735
2014-04-11,39.65,41.75,39.2,40.65,5151075
2014-04-15,40.65,41.25,37.65,39.1,1284450
2014-04-16,38.7,40.3,38.7,39.55,574738
2014-04-17,39.35,40.0,38.9,39.55,861218
2014-04-21,40.0,40.8,39.7,40.2,1731807
2014-04-22,40.35,40.75,39.9,40.0,2190022
2014-04-23,40.0,40.8,40.0,40.25,1187578
2014-04-25,40.65,40.65,40.1,40.25,1525807
2014-04-28,40.5,40.55,39.1,39.65,350981
2014-04-29,39.65,39.85,39.1,39.2,154170
2014-04-30,39.25,40.35,37.6,38.2,3760411
2014-05-02,38.65,39.5,38.5,38.9,195599
2014-05-05,38.7,40.05,38.2,39.3,5627777
2014-05-06,39.2,40.15,38.65,39.9,3130250
2014-05-07,40.0,40.6,38.65,39.0,792334
2014-05-08,39.1,39.15,38.15,38.8,303681
2014-05-09,39.35,40.25,38.05,38.95,3071488
2014-05-12,38.6,39.45,38.5,38.65,555573
2014-05-13,39.0,42.5,38.6,41.2,11624317
2014-05-14,41.8,44.0,41.5,42.45,8305329
2014-05-15,42.95,45.7,42.55,45.2,18779525
2014-05-16,47.0,48.0,44.55,45.3,5928624
2014-05-19,45.9,49.5,45.4,48.9,5575821
2014-05-20,49.7,52.3,49.5,50.7,6606858
2014-05-21,51.05,51.75,48.65,50.45,3099352
2014-05-22,50.8,55.2,50.15,53.65,10076676
2014-05-23,54.15,58.95,53.2,58.4,27481600
2014-05-26,59.2,60.25,50.6,53.25,9030148
2014-05-27,53.6,53.8,49.15,51.9,5467713
2014-05-28,52.1,53.4,50.75,51.25,3906711
2014-05-29,52.45,52.65,49.8,51.05,4469290
2014-05-30,51.05,51.5,48.6,49.15,3222574
2014-06-02,48.75,53.85,48.75,53.35,9983030
2014-06-03,53.9,53.9,52.15,53.15,5032324
2014-06-04,53.6,56.7,53.5,56.3,10110110
2014-06-05,56.75,58.4,54.6,56.65,6873922
2014-06-06,57.1,57.4,55.1,55.7,3092438
2014-06-09,56.2,57.5,55.5,56.2,3561810
2014-06-10,56.7,56.75,54.1,55.9,3480413
2014-06-11,55.4,59.0,54.5,56.45,7063524
2014-06-12,56.25,57.8,55.3,56.8,3756652
2014-06-13,56.95,57.4,52.35,54.6,4571121
2014-06-16,54.1,55.7,53.1,54.55,2102462
2014-06-17,54.25,56.3,54.25,55.1,3157191
2014-06-18,55.0,59.4,54.7,57.6,9886211
2014-06-19,58.1,58.75,55.8,56.1,4553241
2014-06-20,56.35,57.15,55.3,55.9,2391455
2014-06-23,56.0,56.45,54.25,54.9,1593687
2014-06-24,55.0,59.25,55.0,58.25,9059158
2014-06-25,58.5,62.7,57.8,62.15,18351306
2014-06-26,62.45,63.4,60.65,61.25,8714639
2014-06-27,61.5,61.9,58.35,58.8,5671777
2014-06-30,59.1,60.35,57.55,59.0,4466338
2014-07-01,59.3,61.8,59.3,61.0,5762700
2014-07-02,61.5,61.8,60.15,60.4,4127364
2014-07-03,60.6,61.3,58.85,59.25,3075771
2014-07-04,59.5,61.05,58.7,59.45,2702835
2014-07-07,59.25,60.75,58.5,58.75,2655422
2014-07-08,58.9,59.0,53.2,54.2,2916067
2014-07-09,54.05,55.4,51.7,54.85,4302317
2014-07-10,54.8,58.65,52.9,56.65,4101576
2014-07-11,56.4,57.25,50.55,51.8,3630276
2014-07-14,51.05,53.25,50.75,52.7,1851424
2014-07-15,53.1,54.7,52.9,54.4,1549456
2014-07-16,54.85,55.8,53.7,55.55,1884246
2014-07-17,55.1,56.75,54.9,56.45,1931027
2014-07-18,55.9,56.45,54.65,56.0,1822556
2014-07-21,56.25,57.5,56.1,57.1,1960473
2014-07-22,57.2,61.15,57.2,60.7,6511646
2014-07-23,61.15,61.9,58.8,59.65,3479361
2014-07-24,59.6,61.45,58.9,61.05,3032289
2014-07-25,61.0,62.8,60.1,62.0,5862256
2014-07-28,62.0,62.0,59.7,60.95,2284565
2014-07-30,60.4,61.0,57.55,58.9,1805495
2014-07-31,58.8,60.1,57.25,57.95,1562068
2014-08-01,57.1,59.1,56.65,56.9,1431553
2014-08-04,56.95,58.95,56.8,58.55,1452601
2014-08-05,58.55,59.95,58.3,59.8,2109809
2014-08-06,59.4,59.7,58.3,58.5,899138
2014-08-07,59.0,59.8,58.3,59.3,1109270
2014-08-08,58.7,58.7,56.0,56.3,959895
2014-08-11,56.5,57.6,56.15,56.9,875130
2014-08-12,57.2,57.5,55.55,56.2,575578
2014-08-13,56.6,57.15,54.0,54.65,888446
2014-08-14,57.0,57.9,55.6,56.6,4368878
2014-08-18,56.75,58.7,56.3,58.1,2692310
2014-08-19,58.65,60.25,57.7,58.55,2612084
2014-08-20,58.7,59.2,56.55,56.95,1536423
2014-08-21,57.4,58.5,56.8,57.95,1183619
2014-08-22,57.8,58.5,57.05,57.6,996361
2014-08-25,57.15,57.65,52.8,53.95,1500060
2014-08-26,53.2,54.85,52.3,53.1,2125834
2014-08-27,53.95,55.5,52.4,52.7,1658350
2014-08-28,53.1,57.2,52.8,56.5,3563659
2014-09-01,57.85,58.2,56.7,57.95,1810024
2014-09-02,57.55,59.6,57.55,58.95,1743523
2014-09-03,58.8,59.4,56.65,57.2,1268403
2014-09-04,56.7,59.2,56.7,58.35,1829130
2014-09-05,58.15,64.2,57.6,63.4,7929051
2014-09-08,63.75,65.6,62.3,65.15,5221296
2014-09-09,64.9,65.35,62.4,63.2,2700897
2014-09-10,62.9,65.3,62.45,64.85,2365748
2014-09-11,65.35,67.7,64.95,66.3,3848802
2014-09-12,66.35,66.7,65.05,65.35,1297130
2014-09-15,65.35,65.95,64.0,65.4,1278386
2014-09-16,65.25,66.65,59.55,60.75,2580508
2014-09-17,61.1,66.35,61.0,64.95,4309783
2014-09-18,64.9,67.0,63.85,66.35,2799090
2014-09-19,66.6,69.1,66.15,68.15,5145749
2014-09-22,68.0,68.0,64.75,65.3,1653843
2014-09-23,64.6,65.65,60.05,60.5,3751528
2014-09-24,60.8,61.6,58.5,60.3,2237715
2014-09-25,60.3,61.2,56.4,57.2,3794978
2014-09-26,57.0,59.45,55.2,58.8,1380798
2014-09-29,59.0,61.25,58.1,59.05,1923615
2014-09-30,59.1,59.55,57.35,57.65,1933029
2014-10-01,57.4,58.7,56.5,56.6,1103315
2014-10-07,56.3,57.25,53.8,54.05,1966979
2014-10-08,53.65,58.0,53.65,57.45,1724770
2014-10-09,57.25,60.0,57.25,59.75,1805858
2014-10-10,58.7,60.7,57.55,59.0,1735893
2014-10-13,58.4,61.6,57.65,60.35,952500
2014-10-14,60.6,61.4,59.4,60.85,1172700
2014-10-16,60.15,60.85,56.2,58.3,2012700
2014-10-17,58.8,60.35,58.3,59.75,2191350
2014-10-20,60.55,60.95,58.85,59.15,460579
2014-10-21,59.5,60.1,58.5,58.95,620816
2014-10-22,59.55,59.9,58.5,59.6,593383
2014-10-23,60.0,60.15,59.5,59.8,170535
2014-10-27,59.35,60.4,58.7,58.95,431013
2014-10-28,58.65,59.7,58.65,58.8,256422
2014-10-29,59.0,59.45,58.15,58.85,1219946
2014-10-30,59.25,59.3,58.15,58.4,620528
2014-10-31,58.65,59.2,57.05,57.3,1389085
2014-11-03,57.6,61.75,57.2,60.3,3454073
2014-11-05,60.5,60.7,58.15,58.45,848438
2014-11-07,58.9,61.35,58.55,60.0,1544922
2014-11-10,60.45,61.0,58.75,59.0,1052852
2014-11-11,59.45,59.75,58.15,58.75,570378
2014-11-12,59.2,60.65,58.5,58.6,1394542
2014-11-13,63.0,64.3,59.9,60.35,5266444
2014-11-14,60.5,61.2,59.05,59.8,1400653
2014-11-17,60.1,60.85,59.5,59.9,900426
2014-11-18,60.25,61.95,60.2,61.0,1691860
2014-11-19,61.1,62.85,60.45,60.85,2401185
2014-11-20,60.6,60.9,59.05,60.0,1053226
2014-11-21,59.9,61.2,59.5,60.3,1127847
2014-11-24,60.75,61.95,60.35,61.6,1846687
2014-11-25,61.7,62.4,60.1,61.95,1515939
2014-11-26,61.55,62.5,60.55,60.7,1227248
2014-11-27,61.0,61.5,60.2,60.6,1563997
2014-11-28,60.05,61.7,60.05,60.6,747297
2014-12-01,60.4,60.75,57.7,58.1,1000637
2014-12-02,58.1,58.6,57.2,57.85,1454346
2014-12-03,57.85,59.35,57.85,58.7,2009355
2014-12-04,59.0,59.2,57.25,57.8,1235642
2014-12-05,57.8,58.35,57.0,57.3,1132711
2014-12-08,57.15,57.75,56.6,56.9,1299464
2014-12-09,56.9,57.4,54.6,55.15,1680265
2014-12-10,55.0,55.7,54.0,54.2,922422
2014-12-11,54.1,54.1,52.2,52.4,1254948
2014-12-12,52.55,53.6,50.55,51.2,2868807
2014-12-15,51.25,51.6,50.1,51.25,1452411
2014-12-16,51.0,51.5,49.3,49.9,1654751
2014-12-17,49.95,50.9,48.1,49.8,1271780
2014-12-18,50.35,51.6,50.3,51.3,1398243
2014-12-19,51.6,52.9,51.2,52.6,1760906
2014-12-22,53.2,53.95,52.55,53.85,623082
2014-12-23,53.7,54.25,51.7,52.4,1673704
2014-12-24,52.3,53.5,51.9,53.05,1242731
2014-12-26,53.0,53.6,52.3,53.35,340802
2014-12-29,53.0,54.9,53.0,54.5,2160869
2014-12-30,54.7,54.7,52.95,53.5,1375990
2014-12-31,53.5,53.95,53.25,53.65,1415734
2015-01-01,53.9,56.0,53.3,55.7,667153
2015-01-02,55.9,56.45,54.9,55.1,814013
2015-01-05,55.1,55.25,53.25,53.45,565631
2015-01-06,52.75,53.25,51.35,51.5,1689789
2015-01-07,52.0,52.1,50.75,50.95,563245
2015-01-08,51.6,52.4,50.75,51.15,826421
2015-01-09,51.6,51.9,50.4,50.55,782500
2015-01-12,50.95,50.95,49.5,49.65,748346
2015-01-13,50.1,50.1,48.6,48.8,1196894
2015-01-14,48.95,49.0,47.3,47.6,1807857
2015-01-15,48.1,48.3,47.0,47.25,2006326
2015-01-16,47.05,47.95,46.75,46.9,1345862
2015-01-19,46.7,47.65,46.7,47.1,830972
2015-01-20,47.2,47.95,47.15,47.55,1578800
2015-01-21,47.75,48.95,47.7,47.9,2399043
2015-01-22,47.7,48.5,47.6,47.75,436667
2015-01-23,48.25,49.2,47.9,48.6,1487221
2015-01-27,48.9,48.9,47.5,47.7,440557
2015-01-28,47.65,47.65,46.0,46.2,592282
2015-01-29,46.0,46.85,44.55,44.8,1399919
2015-01-30,45.0,45.8,44.95,45.3,1403420
2015-02-02,45.3,46.3,45.25,45.9,2017781
2015-02-03,46.4,47.45,46.2,46.75,1222067
2015-02-04,46.85,49.3,46.65,48.4,3328585
2015-02-05,48.9,49.8,48.2,48.55,1211113
2015-02-06,49.9,49.9,49.0,49.25,1336890
2015-02-09,49.1,49.35,48.4,48.6,557546
2015-02-10,48.7,50.3,48.7,49.55,1472798
2015-02-11,51.8,52.9,49.3,49.5,3440830
2015-02-12,49.9,50.4,49.5,49.8,836621
2015-02-13,49.85,50.1,48.1,48.65,1917221
2015-02-16,49.0,49.05,47.6,47.75,811790
2015-02-18,48.0,48.85,47.7,48.25,592274
2015-02-19,48.8,48.8,47.7,47.95,1046697
2015-02-20,48.2,48.4,47.65,47.85,593278
2015-02-23,48.6,48.6,47.5,47.7,793294
2015-02-24,48.0,48.1,47.25,47.9,592008
2015-02-25,47.9,48.0,47.7,47.9,860734
2015-02-26,48.05,48.05,47.9,47.95,994357
2015-02-27,48.15,48.4,47.3,47.95,716037
2015-02-28,48.2,48.95,46.9,47.2,530485
2015-03-02,47.6,47.65,46.7,46.75,544527
2015-03-03,46.9,48.5,46.7,48.35,915901
2015-03-04,49.0,49.85,48.6,49.5,1389998
2015-03-05,49.15,50.9,49.15,49.95,1160620
2015-03-09,49.7,49.8,48.35,48.65,630788
2015-03-10,48.95,49.5,48.4,48.95,421570
2015-03-11,49.0,49.5,47.55,47.75,399505
2015-03-12,48.3,48.4,47.4,47.5,1262059
2015-03-13,48.0,48.35,47.0,47.15,469593
2015-03-16,47.45,47.8,46.35,46.5,522339
2015-03-17,46.9,47.75,46.6,47.55,548298
2015-03-18,46.2,46.9,46.05,46.15,659605
2015-03-19,46.3,46.6,44.85,45.15,518833
2015-03-20,45.0,45.1,44.25,44.45,472367
2015-03-23,44.55,45.1,44.5,44.6,399811
2015-03-24,44.85,45.0,44.55,44.7,435996
2015-03-25,44.5,44.75,43.25,43.4,344397
2015-03-26,43.0,43.5,42.6,42.8,353794
2015-03-27,42.75,43.0,42.1,42.45,611021
2015-03-30,43.0,45.0,42.9,44.6,665059
2015-03-31,45.35,47.0,45.25,46.65,1022957
2015-04-01,46.75,47.5,46.15,47.15,657422
2015-04-06,47.5,48.45,47.4,47.75,329380
2015-04-07,48.0,48.6,46.85,47.4,1480340
2015-04-08,47.6,47.75,47.1,47.3,904620
2015-04-09,47.6,47.8,46.95,47.1,576335
2015-04-10,47.15,47.75,47.1,47.25,541530
2015-04-13,47.5,48.2,47.25,47.45,1305566
2015-04-15,47.9,49.1,47.6,48.0,1168869
2015-04-16,48.2,48.4,47.05,47.15,304410
2015-04-17,47.45,48.75,47.1,47.85,1935722
2015-04-20,48.05,48.15,45.9,46.35,864861
2015-04-21,46.6,48.0,46.35,47.05,1036917
2015-04-22,47.15,47.95,46.8,47.15,722941
2015-04-23,47.75,48.0,46.8,46.9,817873
2015-04-24,47.15,47.3,46.2,46.35,317136
2015-04-27,47.5,47.8,46.0,46.2,777774
2015-04-28,46.15,46.55,45.4,45.65,810237
2015-04-29,45.7,47.9,45.7,47.35,802325
2015-04-30,47.6,47.85,46.95,47.5,815697
2015-05-04,47.75,48.25,47.1,47.7,1036743
2015-05-05,47.7,48.0,47.15,47.4,2143861
2015-05-06,47.65,49.25,47.25,48.2,2290992
2015-05-07,48.45,48.95,47.25,48.5,1871399
2015-05-08,48.75,49.75,48.25,48.6,1777440
2015-05-11,48.7,50.7,48.7,50.3,1250635
2015-05-12,50.65,50.9,49.15,50.25,1025068
2015-05-13,50.6,50.75,49.25,49.5,2274627
2015-05-14,49.5,50.25,49.15,49.45,541552
2015-05-15,49.55,49.95,49.3,49.75,1070405
2015-05-18,50.1,50.4,49.65,49.9,645571
2015-05-19,50.25,50.25,49.35,49.45,717526
2015-05-20,49.7,49.7,49.35,49.45,861909
2015-05-21,49.5,49.7,47.8,48.45,1207970
2015-05-22,48.5,49.0,48.4,48.8,1166225
2015-05-25,48.85,49.4,48.3,48.55,1130148
2015-05-26,48.7,48.8,48.1,48.2,272622
2015-05-27,48.75,48.85,48.0,48.5,269398
2015-05-28,48.45,48.55,47.55,48.1,179443
2015-05-29,48.25,48.65,48.2,48.45,305907
2015-06-01,49.45,49.45,48.0,48.3,723325
2015-06-02,48.55,49.75,48.0,48.15,915763
2015-06-03,48.3,48.6,44.1,45.7,850359
2015-06-04,45.9,45.9,43.2,43.6,829701
2015-06-05,43.7,43.95,43.2,43.45,475770
2015-06-08,43.5,43.7,41.3,41.6,648390
2015-06-09,41.55,41.65,40.25,40.45,678573
2015-06-10,40.5,41.3,40.15,40.25,894981
2015-06-11,41.2,44.4,40.9,41.65,3055107
2015-06-12,41.0,42.5,40.75,40.9,1148585
2015-06-15,41.15,41.6,40.6,41.2,481735
2015-06-16,41.5,41.8,41.0,41.35,654582
2015-06-17,41.6,43.0,41.1,42.3,1280593
2015-06-18,42.4,42.8,41.7,41.95,449159
2015-06-19,42.1,43.25,42.05,42.95,879061
2015-06-22,42.95,43.35,42.65,42.9,1500161
2015-06-23,42.7,43.35,41.9,42.4,1657431
2015-06-24,42.7,44.55,41.1,41.8,3348307
2015-06-25,41.8,41.8,40.85,41.1,1186325
2015-06-26,41.15,41.15,40.6,40.8,566897
2015-06-29,40.7,40.7,39.7,39.85,774451
2015-06-30,40.2,40.4,39.75,40.0,928696
2015-07-01,40.1,41.5,39.85,40.0,2790795
2015-07-02,40.25,40.7,39.6,39.7,1176543
2015-07-03,39.85,40.6,39.55,39.75,846526
2015-07-06,39.3,40.3,38.9,40.0,1155039
2015-07-07,40.0,40.2,39.4,39.55,887995
2015-07-08,39.0,39.5,38.4,38.85,1481172
2015-07-09,38.9,40.45,38.5,40.0,1554719
2015-07-10,40.15,40.4,39.0,39.1,612723
2015-07-13,39.25,39.3,38.55,38.65,874275
2015-07-14,38.65,38.9,38.3,38.35,679529
2015-07-15,38.65,39.4,38.5,39.2,617488
2015-07-16,39.4,39.5,38.7,38.95,457192
2015-07-17,38.9,39.75,38.6,39.1,568387
2015-07-20,39.0,39.3,38.65,38.75,371113
2015-07-21,38.85,39.25,38.1,38.25,747024
2015-07-22,38.05,38.8,37.55,38.05,2768955
2015-07-23,38.0,38.4,37.6,37.7,838162
2015-07-24,37.8,38.05,37.1,37.2,854686
2015-07-27,37.25,37.3,36.35,36.45,456327
2015-07-28,36.7,36.75,35.55,35.65,751242
2015-07-29,35.75,36.4,35.7,36.1,413750
2015-07-30,36.25,36.3,35.3,35.5,617327
2015-07-31,35.65,36.05,35.25,35.45,844089
2015-08-03,35.5,36.1,34.9,35.0,1244037
2015-08-04,35.2,37.8,35.2,37.15,1167797
2015-08-05,37.7,40.2,37.65,38.7,2733975
2015-08-06,39.0,39.8,38.7,39.25,756873
2015-08-07,39.0,40.0,38.4,38.5,759589
2015-08-10,38.7,39.4,38.05,38.15,1072067
2015-08-11,38.35,39.25,37.75,38.1,1979360
2015-08-12,38.0,38.65,36.15,36.5,837684
2015-08-13,35.9,35.95,32.8,32.95,3410995
2015-08-14,33.05,33.6,31.35,31.6,3974176
2015-08-17,31.7,32.75,31.15,32.45,1467603
2015-08-18,32.75,33.6,32.25,32.55,1199018
2015-08-19,32.7,32.8,31.85,32.1,923339
2015-08-20,32.0,32.15,30.8,31.25,1119974
2015-08-21,30.75,30.85,30.1,30.4,2158808
2015-08-24,30.0,30.6,29.15,29.55,1383729
2015-08-25,30.0,30.0,28.0,29.3,896902
2015-08-26,29.4,30.2,29.0,29.7,842548
2015-08-27,30.4,30.8,28.8,29.05,1510710
2015-08-28,29.65,31.65,29.65,30.8,1971290
2015-08-31,30.8,32.9,30.5,32.3,3028759
2015-09-01,31.95,33.45,31.5,32.25,2103675
2015-09-02,32.5,33.2,32.15,32.35,1798403
2015-09-03,32.7,33.55,32.25,33.25,1680543
2015-09-04,33.15,33.2,31.3,32.65,2133985
2015-09-07,32.9,34.1,32.45,33.55,1907941
2015-09-08,33.8,34.3,33.3,33.8,1381364
2015-09-09,34.5,35.2,34.2,34.55,3591318
2015-09-10,33.85,35.15,32.9,35.0,2491558
2015-09-11,35.25,35.55,34.8,35.3,1768780
2015-09-14,35.45,37.15,35.3,37.0,3701892
2015-09-15,37.2,38.35,35.65,37.45,2670332
2015-09-16,38.0,38.0,36.1,36.3,1931881
2015-09-18,36.75,37.5,35.25,36.65,3521174
2015-09-21,35.85,36.95,35.85,36.65,1648006
2015-09-22,36.45,37.1,36.15,36.45,2529120
2015-09-23,36.25,36.7,35.7,36.45,1070151
2015-09-24,36.55,36.85,36.0,36.65,1027396
2015-09-28,36.9,37.4,36.2,36.55,1044588
2015-09-29,36.0,36.5,34.8,34.9,2064746
2015-09-30,35.4,35.75,35.0,35.15,1823084
2015-10-01,35.5,35.6,34.8,35.0,478865
2015-10-05,35.15,35.55,34.55,35.0,1103928
2015-10-06,35.15,36.15,35.0,35.7,1276715
2015-10-07,35.55,36.85,35.15,36.1,2537673
2015-10-08,36.25,37.3,35.1,36.45,2173358
2015-10-09,37.75,39.45,37.35,38.7,7067837
2015-10-12,38.2,40.25,37.7,39.85,4917623
2015-10-13,40.35,41.1,38.85,40.85,3854291
2015-10-14,40.7,41.4,40.15,40.45,2595914
2015-10-15,40.5,40.65,39.75,40.1,1153671
2015-10-16,41.1,41.2,39.6,40.2,2090244
2015-10-19,40.3,40.45,39.85,40.1,1127704
2015-10-20,40.1,40.25,39.5,40.0,1029494
2015-10-21,40.25,40.9,39.8,40.7,861323
2015-10-23,41.2,41.5,40.55,40.9,1070662
2015-10-26,40.75,40.95,39.8,40.0,941163
2015-10-27,39.95,40.0,39.2,39.95,551341
2015-10-28,39.6,40.45,39.25,39.85,898479
2015-10-29,40.0,40.0,38.8,38.9,562602
2015-10-30,38.6,39.15,38.2,38.5,721835
2015-11-02,38.5,38.55,37.7,38.05,1209563
2015-11-03,38.2,38.5,37.9,38.2,312771
2015-11-04,38.45,38.8,38.0,38.5,331963
2015-11-05,38.55,38.55,38.0,38.25,405038
2015-11-06,38.05,38.25,37.6,37.95,523585
2015-11-09,36.55,39.1,36.1,37.45,500759
2015-11-10,36.7,37.4,35.75,36.1,474132
2015-11-11,36.7,37.4,36.3,37.2,102959
2015-11-13,37.15,37.35,35.5,35.7,566068
2015-11-16,36.0,37.15,35.6,36.9,518222
2015-11-17,37.1,37.5,36.0,36.15,1083003
2015-11-18,36.3,36.7,36.15,36.35,308894
2015-11-19,36.65,37.9,36.4,37.45,715750
2015-11-20,37.6,38.45,36.9,38.05,659622
2015-11-23,38.3,38.5,37.1,37.75,491696
2015-11-24,37.5,38.05,37.3,37.5,230265
2015-11-26,38.8,40.5,38.65,39.5,1937406
2015-11-27,39.45,40.1,38.6,39.65,778141
2015-11-30,39.85,40.7,39.55,40.5,758597
2015-12-01,40.8,40.8,40.1,40.5,382472
2015-12-02,40.55,41.2,40.35,40.5,453031
2015-12-03,40.45,40.95,39.05,39.2,707328
2015-12-04,39.0,41.35,38.5,40.9,1054899
2015-12-07,41.2,41.45,40.05,40.25,516762
2015-12-08,40.0,40.85,39.15,39.35,271382
2015-12-09,39.35,39.5,37.8,37.95,360430
2015-12-10,37.95,38.95,37.95,38.75,235512
2015-12-11,38.9,39.5,38.05,38.35,326019
2015-12-14,38.0,40.8,38.0,38.55,944900
2015-12-15,38.95,39.5,38.25,39.3,309621
2015-12-16,39.35,40.15,39.15,39.8,446359
2015-12-17,39.8,41.8,39.7,41.45,843919
2015-12-18,41.5,42.5,40.75,41.9,795453
2015-12-21,42.6,44.7,42.0,44.4,1938306
2015-12-22,44.0,44.4,41.1,41.3,1561493
2015-12-23,41.85,42.1,39.7,40.1,1544918
2015-12-24,41.25,41.75,40.75,41.0,882641
2015-12-28,41.4,41.5,40.25,40.35,414958
2015-12-29,40.3,40.9,39.85,40.0,523431
2015-12-30,40.35,40.9,40.0,40.5,549850
2015-12-31,40.25,40.6,39.85,39.95,316574
2016-01-01,39.95,40.45,39.95,40.25,205223
2016-01-04,40.35,40.35,38.65,38.75,906514
2016-01-05,39.35,39.6,38.5,38.8,1234058
2016-01-06,38.95,39.55,38.3,38.6,900319
2016-01-07,38.0,38.3,36.85,37.2,1278495
2016-01-08,37.5,37.9,37.2,37.35,544094
2016-01-11,37.1,41.3,36.75,39.05,2808437
2016-01-12,39.0,39.0,37.65,37.9,792097
2016-01-13,38.25,38.35,35.75,37.0,735664
2016-01-14,36.45,37.25,35.7,36.75,394820
2016-01-15,37.5,38.05,34.9,35.65,788494
2016-01-18,35.15,37.45,33.95,34.25,903449
2016-01-19,34.85,36.75,34.45,34.75,1162261
2016-01-20,34.4,35.2,33.5,34.45,820923
2016-01-21,34.95,35.55,33.95,34.2,540384
2016-01-22,34.6,34.95,34.0,34.3,1800853
2016-01-25,35.0,35.3,34.6,34.75,766532
2016-01-27,34.9,35.65,34.2,34.65,632238
2016-01-28,34.85,35.5,34.25,34.5,603000
2016-01-29,34.6,35.1,34.35,34.5,653108
2016-02-01,34.85,35.1,34.5,34.6,400245
2016-02-02,34.8,34.9,34.1,34.25,504558
2016-02-03,34.1,34.5,33.2,33.35,598527
2016-02-04,33.95,34.2,33.05,33.15,683277
2016-02-05,33.3,34.45,33.3,34.1,2033471
2016-02-08,34.4,34.85,33.9,34.0,474202
2016-02-09,33.9,34.25,33.5,34.05,328066
2016-02-10,33.9,34.1,33.3,33.8,441869
2016-02-11,33.95,34.8,31.85,32.45,493515
2016-02-12,31.95,32.7,29.3,31.05,1462913
2016-02-15,31.7,32.9,31.4,32.15,1503372
2016-02-16,32.75,32.9,31.3,31.7,1707556
2016-02-17,32.45,32.8,31.7,32.55,865178
2016-02-18,32.65,33.65,32.6,32.8,774708
2016-02-19,32.95,33.6,32.7,33.45,399185
2016-02-22,34.2,34.2,33.8,34.1,1935413
2016-02-23,34.55,34.55,33.7,33.8,405058
2016-02-24,33.95,33.95,32.85,33.4,324230
2016-02-25,33.4,33.55,32.5,32.75,284713
2016-02-26,33.3,33.6,32.75,33.3,301654
2016-02-29,33.5,34.7,32.75,32.9,582182
2016-03-01,32.9,33.85,32.75,32.85,513362
2016-03-02,33.5,34.25,32.9,33.6,2351712
2016-03-03,33.7,37.2,32.95,36.65,3729024
2016-03-04,36.85,37.95,36.45,37.6,2136329
2016-03-08,38.45,39.45,38.3,38.9,1637528
2016-03-09,38.85,39.4,37.65,38.95,1068422
2016-03-10,39.1,39.85,38.6,38.95,954949
2016-03-11,38.8,39.2,38.0,38.55,660584
2016-03-14,38.75,40.9,38.75,39.0,1568071
2016-03-15,39.3,41.5,38.95,40.75,1154555
2016-03-16,41.0,41.7,39.3,39.65,1784995
2016-03-17,39.95,40.2,38.85,39.9,1756325
2016-03-18,40.0,40.5,39.1,39.95,707673
2016-03-21,40.2,40.7,39.3,39.75,815962
2016-03-22,39.8,39.8,39.1,39.55,756250
2016-03-23,38.4,39.5,38.1,38.55,1346310
2016-03-28,39.1,39.3,37.0,37.25,726431
2016-03-29,37.3,38.9,36.85,37.4,1591542
2016-03-30,37.8,38.6,37.6,38.3,569268
2016-03-31,38.4,40.0,37.9,39.5,1408781
2016-04-01,39.45,39.9,38.65,39.0,3162597
2016-04-04,39.35,39.6,38.6,39.4,846634
2016-04-05,39.25,39.3,37.9,38.05,411268
2016-04-06,38.25,39.0,38.0,38.3,334491
2016-04-07,38.45,39.1,38.25,38.7,326115
2016-04-08,38.7,39.0,38.45,38.8,268220
2016-04-11,39.2,39.9,38.6,39.6,379016
2016-04-12,39.85,40.0,38.9,39.15,573057
2016-04-13,39.5,42.2,39.35,41.35,1883763
2016-04-18,42.7,45.6,42.7,45.15,4354808
2016-04-20,43.9,44.65,42.5,44.2,2555299
2016-04-21,44.65,45.0,43.4,43.75,1340457
2016-04-22,43.8,45.35,43.6,44.1,2447618
2016-04-25,44.1,44.35,43.3,43.85,541669
2016-04-26,43.95,46.55,43.6,45.75,2565589
2016-04-27,45.8,47.95,45.3,47.55,1481424
2016-04-28,47.5,47.8,45.7,46.05,1002968
2016-04-29,46.15,46.6,45.2,46.15,838696
2016-05-02,46.0,46.7,45.25,46.35,666437
2016-05-03,47.0,48.2,46.55,46.75,1324019
2016-05-04,46.55,46.65,43.05,43.55,1159280
2016-05-05,42.95,43.55,41.25,42.95,1513812
2016-05-06,42.5,45.4,41.8,43.45,1576847
2016-05-09,43.5,43.6,41.25,42.3,1028878
2016-05-10,42.3,43.4,42.3,42.9,378163
2016-05-11,42.2,43.5,41.8,42.45,415858
2016-05-12,42.7,43.5,42.7,43.1,402462
2016-05-13,42.9,43.45,42.5,42.7,254819
2016-05-16,42.8,43.25,41.4,41.65,631554
2016-05-17,42.0,42.45,41.75,42.1,295991
2016-05-18,42.1,42.3,41.05,41.5,449742
2016-05-19,42.15,42.2,41.0,41.1,363459
2016-05-20,41.1,41.7,40.25,40.55,206246
2016-05-23,42.55,43.6,41.2,41.55,1915966
2016-05-24,42.25,42.85,41.0,42.3,1188821
2016-05-25,42.6,43.55,41.9,43.1,941118
2016-05-26,42.4,42.65,41.25,41.8,974614
2016-05-27,42.0,42.3,41.6,41.85,427351
2016-05-30,42.2,42.75,41.6,41.85,750478
2016-05-31,42.1,43.15,41.75,42.9,980465
2016-06-01,43.0,43.5,41.85,41.95,793133
2016-06-02,42.2,42.4,41.75,42.0,842003
2016-06-03,42.25,42.6,41.8,42.25,427426
2016-06-06,42.6,42.6,41.5,41.65,1038982
2016-06-07,41.85,42.1,41.55,41.85,1277513
2016-06-08,42.15,42.35,41.5,41.6,951408
2016-06-09,41.75,42.95,41.7,41.8,1572143
2016-06-10,41.9,42.35,41.5,41.55,1600706
2016-06-13,41.3,41.7,41.2,41.55,301114
2016-06-14,41.55,41.95,41.45,41.75,239280
2016-06-15,41.9,42.0,41.55,41.9,434328
2016-06-16,42.0,42.0,41.5,41.8,402952
2016-06-17,42.05,42.2,41.0,41.05,1967311
2016-06-20,40.95,41.75,40.8,41.5,344217
2016-06-21,41.6,41.95,41.4,41.9,570909
2016-06-22,41.85,42.0,41.0,41.1,1220782
2016-06-23,41.3,41.7,41.2,41.3,442318
2016-06-24,41.0,41.75,40.55,41.65,824435
2016-06-27,41.65,42.0,41.2,41.75,354943
2016-06-28,41.7,42.0,41.15,41.65,1291161
2016-06-29,41.65,42.85,41.35,42.6,1304033
2016-06-30,43.0,43.15,42.45,43.0,1274381
2016-07-01,42.9,43.4,42.3,42.45,1044664
2016-07-04,42.95,43.4,42.5,42.8,759690
2016-07-05,42.95,44.4,42.7,43.85,1776897
2016-07-07,44.4,44.6,43.9,44.25,1365949
2016-07-08,44.4,44.4,43.2,43.8,551858
2016-07-11,44.3,44.6,44.0,44.25,583217
2016-07-12,44.5,50.8,44.5,50.15,8923541
2016-07-13,50.5,51.35,47.65,48.1,3859712
2016-07-14,50.8,50.95,49.1,49.75,2404753
2016-07-15,50.3,50.3,48.0,48.2,1288596
2016-07-18,48.05,48.2,46.2,46.7,944523
2016-07-19,47.5,49.5,47.05,49.1,1772885
2016-07-20,48.95,49.35,47.7,47.85,692886
2016-07-21,48.0,49.1,47.25,47.55,812953
2016-07-22,47.5,49.15,47.5,48.95,893713
2016-07-25,48.95,49.3,48.1,48.35,420209
2016-07-26,48.3,48.65,46.65,46.95,623407
2016-07-27,47.35,48.25,47.05,47.95,674742
2016-07-28,48.15,48.4,47.1,47.4,399464
2016-07-29,47.1,47.9,46.2,46.6,677864
2016-08-01,47.2,49.15,46.65,48.75,983946
2016-08-02,48.9,48.9,47.05,47.3,718980
2016-08-03,47.3,47.8,46.55,47.25,465226
2016-08-04,47.4,48.95,47.05,48.7,762711
2016-08-05,48.9,50.1,48.1,49.3,1108566
2016-08-08,49.95,50.6,49.15,49.4,1075444
2016-08-09,49.6,49.65,48.8,49.15,480957
2016-08-10,49.6,49.6,47.4,47.6,582981
2016-08-11,47.7,48.15,46.95,47.25,473599
2016-08-12,47.45,48.15,47.3,47.55,415398
2016-08-16,47.9,48.1,47.15,47.65,423878
2016-08-17,47.65,48.05,47.4,47.55,541042
2016-08-18,47.95,48.0,47.4,47.55,393964
2016-08-19,48.0,48.9,47.3,47.65,1448423
2016-08-22,47.9,48.5,47.4,47.95,497830
2016-08-23,47.95,48.35,47.2,47.55,445583
2016-08-24,47.75,48.35,47.45,47.6,366490
2016-08-25,47.85,48.2,47.0,47.15,570623
2016-08-26,47.4,47.45,46.6,46.75,363150
2016-08-29,46.9,46.9,46.3,46.6,292591
2016-08-30,46.9,49.2,46.8,48.65,881424
2016-08-31,49.0,49.55,46.7,47.1,692335
2016-09-01,47.05,47.5,46.1,46.55,426611
2016-09-02,46.7,47.5,46.3,46.9,339198
2016-09-06,47.25,48.35,47.1,47.95,470752
2016-09-07,48.3,49.5,47.55,49.15,993950
2016-09-08,49.3,51.3,48.8,50.65,1603308
2016-09-09,50.9,50.9,48.8,49.4,799098
2016-09-12,48.0,48.9,46.75,47.1,610208
2016-09-14,45.8,46.9,45.6,46.2,1013004
2016-09-15,46.1,47.0,45.9,46.05,832878
2016-09-16,46.3,47.4,43.75,44.5,2992423
2016-09-19,44.95,45.9,44.85,45.7,559780
2016-09-20,46.0,46.35,45.5,45.9,342229
2016-09-21,46.15,46.75,45.9,46.4,318897
2016-09-22,46.7,46.95,45.4,45.7,712690
2016-09-23,46.25,46.4,45.55,46.0,476818
2016-09-26,46.0,46.4,45.6,45.95,331759
2016-09-27,45.5,46.1,45.4,45.7,987091
2016-09-28,45.9,46.85,45.65,46.45,530475
2016-09-29,46.65,46.9,42.65,45.5,1378285
2016-09-30,46.0,46.75,44.55,45.75,1176126
2016-10-03,46.0,46.9,45.55,46.3,759508
2016-10-04,46.55,49.0,46.5,47.25,1936847
2016-10-05,47.8,48.8,47.25,48.1,1127602
2016-10-06,48.2,49.5,47.4,47.95,1438185
2016-10-07,47.75,49.5,47.6,49.1,1109440
2016-10-10,52.0,52.7,51.05,52.4,4091913
2016-10-13,52.7,53.4,50.0,50.65,2373864
2016-10-14,50.65,52.0,50.65,51.7,993639
2016-10-17,51.2,52.45,50.25,50.8,978883
2016-10-18,50.8,52.4,50.1,51.15,1118853
2016-10-19,52.25,52.8,51.15,51.45,1339297
2016-10-20,52.25,52.4,51.1,51.35,1268715
2016-10-21,51.55,52.0,50.7,50.95,777764
2016-10-24,51.25,51.5,50.25,50.4,556883
2016-10-25,50.6,50.75,49.3,49.95,568634
2016-10-26,50.3,51.65,49.65,50.4,894230
2016-10-27,50.2,50.75,49.55,49.8,553666
2016-10-28,50.2,53.7,49.8,53.3,2759286
2016-10-30,54.0,54.9,53.75,54.65,1260924
2016-11-01,54.5,56.3,54.15,55.1,3296102
2016-11-02,54.25,55.8,53.35,54.45,2820703
2016-11-03,54.7,56.65,52.6,53.15,3450306
2016-11-04,53.0,53.75,50.7,51.45,1328228
2016-11-07,51.9,53.0,51.5,51.85,1166309
2016-11-08,52.0,52.35,51.4,51.9,718809
2016-11-09,47.1,51.8,45.0,51.35,2625645
2016-11-10,52.5,54.0,52.5,52.75,1698214
2016-11-11,52.2,52.7,50.4,50.8,872609
2016-11-15,51.1,52.0,48.45,49.1,852118
2016-11-16,50.3,50.3,48.25,48.4,396174
2016-11-17,48.8,50.35,48.25,49.6,905067
2016-11-18,49.75,50.45,49.45,50.15,994322
2016-11-21,50.65,51.2,48.35,49.0,865062
2016-11-22,49.55,52.65,49.0,52.0,1044508
2016-11-23,52.5,52.5,50.8,51.9,716207
2016-11-24,51.75,53.5,51.1,52.95,1351041
2016-11-25,54.75,58.0,54.65,57.0,5526339
2016-11-28,56.9,58.45,55.85,57.45,1959707
2016-11-29,58.1,58.9,57.0,57.6,1793416
2016-11-30,57.4,57.5,56.0,57.1,1098915
2016-12-01,57.3,57.65,55.3,55.6,1274551
2016-12-02,55.0,55.8,53.65,54.25,1008865
2016-12-05,54.75,57.3,54.0,56.2,1373901
2016-12-06,56.3,62.4,56.3,61.75,7457695
2016-12-07,62.6,69.8,62.35,69.25,21003895
2016-12-08,70.35,73.15,66.6,67.15,9095983
2016-12-09,67.55,68.05,64.3,64.85,2823307
2016-12-12,65.3,70.5,64.5,67.45,5396697
2016-12-13,67.45,68.9,64.6,65.2,2365453
2016-12-14,65.7,69.0,65.5,66.15,3791913
2016-12-15,61.95,63.9,60.1,61.0,5637459
2016-12-16,61.4,62.85,60.25,61.65,2478727
2016-12-19,62.25,63.4,58.6,58.95,3390020
2016-12-20,58.95,60.6,57.8,59.3,2074418
2016-12-21,59.45,60.4,59.1,59.45,1433107
2016-12-22,59.4,59.5,56.7,57.05,1595151
2016-12-23,56.7,58.65,55.5,57.8,2255328
2016-12-26,57.5,57.5,54.4,54.65,843276
2016-12-27,55.2,59.5,54.75,58.6,2394038
2016-12-28,58.95,61.0,58.85,60.0,2644224
2016-12-29,60.45,63.8,59.8,63.15,2311190
2016-12-30,64.0,65.95,62.45,65.3,3207562
2017-01-02,64.8,67.35,63.55,66.85,2248525
2017-01-03,67.0,68.35,65.8,66.75,2005644
2017-01-04,66.9,68.2,65.1,65.55,1638108
2017-01-05,65.95,68.0,64.75,67.0,1767269
2017-01-06,67.0,67.6,64.5,65.05,1536866
2017-01-09,65.75,67.1,64.8,65.35,1144786
2017-01-10,65.5,68.45,65.2,68.0,3038209
2017-01-11,68.7,72.85,68.2,72.5,6334421
2017-01-12,73.0,74.65,72.15,72.55,3112533
2017-01-13,73.1,73.25,70.75,71.65,1258607
2017-01-16,72.4,72.75,69.0,69.85,1600318
2017-01-17,70.35,70.6,68.4,68.85,930931
2017-01-18,69.2,73.65,68.55,72.6,3232867
2017-01-19,72.95,73.45,70.8,71.15,2216909
2017-01-20,70.9,72.4,69.9,70.9,1358560
2017-01-23,71.3,74.8,70.35,74.3,2881127
2017-01-24,75.1,76.1,74.8,75.35,3016212
2017-01-25,75.5,78.5,75.05,78.15,3274957
2017-01-27,78.45,79.45,77.5,78.75,2420767
2017-01-30,78.9,78.9,77.0,77.45,1441664
2017-01-31,77.5,78.75,74.05,75.05,2241129
2017-02-01,75.1,77.95,73.75,77.15,1142757
2017-02-02,77.5,77.7,73.0,73.65,1288690
2017-02-03,74.0,74.35,70.8,72.05,1261193
2017-02-06,71.45,73.15,71.1,71.4,1019672
2017-02-07,71.55,74.4,71.2,73.2,1040706
2017-02-08,74.45,74.45,71.1,71.5,821662
2017-02-09,71.5,72.45,67.65,68.05,2165560
2017-02-10,68.8,69.4,64.55,64.95,2701579
2017-02-13,66.0,67.7,66.0,66.4,1844149
2017-02-14,67.8,68.35,64.65,67.5,3493810
2017-02-15,67.8,68.5,64.7,64.95,1931044
2017-02-16,65.05,65.5,63.5,64.95,1098003
2017-02-17,65.65,66.95,63.95,64.5,3088719
2017-02-20,64.95,65.85,64.0,64.95,1538579
2017-02-21,65.8,67.85,65.5,66.5,4451576
2017-02-22,66.45,66.85,64.5,64.7,2499044
2017-02-23,64.8,66.35,64.15,65.8,1114900
2017-02-27,66.9,68.15,66.9,67.9,3749305
2017-02-28,68.4,69.35,68.05,68.95,2068928
2017-03-01,69.0,71.95,69.0,71.55,3389935
2017-03-02,72.1,77.35,72.1,75.3,8685802
2017-03-03,75.95,78.85,74.4,78.1,5067540
2017-03-06,78.6,79.9,77.3,79.35,3652345
2017-03-07,79.65,79.95,77.4,78.0,3128351
2017-03-08,78.0,78.05,67.0,73.85,2608994
2017-03-09,70.9,71.7,70.2,70.6,1637236
2017-03-10,72.4,72.4,69.5,70.0,1035156
2017-03-14,72.0,73.9,70.25,73.1,2274511
2017-03-15,74.75,75.25,72.9,74.65,2712003
2017-03-16,75.1,76.0,74.8,75.15,1588993
2017-03-17,75.4,75.5,72.0,74.0,1216343
2017-03-20,75.35,75.5,72.55,74.7,1181424
2017-03-21,74.05,74.75,72.9,73.25,784361
2017-03-22,72.4,74.5,72.15,73.95,1492082
2017-03-23,74.35,74.8,73.0,73.8,633627
2017-03-24,74.0,75.5,73.4,74.9,1214489
2017-03-27,75.35,75.95,74.0,74.35,590923
2017-03-28,74.95,75.15,73.9,74.2,359893
2017-03-29,74.8,74.8,71.25,72.75,1012978
2017-03-30,72.5,75.3,71.7,74.35,1038775
2017-03-31,74.05,78.0,74.05,76.5,2440660
2017-04-03,76.5,77.4,74.5,74.9,746195
2017-04-05,75.2,77.4,75.2,75.95,1260781
2017-04-06,75.95,75.95,73.9,74.2,931676
2017-04-07,74.1,76.6,73.2,73.7,2467295
2017-04-10,74.4,75.0,73.7,73.85,1039225
2017-04-11,74.35,75.5,73.85,74.75,1474489
2017-04-12,75.2,75.4,72.85,73.3,1084602
2017-04-13,73.75,73.75,71.8,72.5,902312
2017-04-17,72.5,73.0,71.05,71.55,1179731
2017-04-18,72.0,75.35,72.0,73.45,2383984
2017-04-19,68.6,69.35,67.5,67.75,8899183
2017-04-20,66.75,69.7,66.7,67.85,15453190
2017-04-21,67.4,67.8,66.65,66.9,15211167
2017-04-24,67.3,67.45,67.1,67.25,3649562
2017-04-25,67.45,67.55,67.05,67.15,3435431
2017-04-26,67.35,67.55,67.1,67.45,5370319
2017-04-27,67.5,67.5,67.05,67.1,1131342
2017-04-28,67.35,69.05,67.1,68.8,8618104
2017-05-02,69.2,69.3,67.4,68.3,2644127
2017-05-03,68.9,68.9,67.85,68.55,2169039
2017-05-04,68.6,68.7,67.55,67.75,3741762
2017-05-05,68.0,68.0,64.7,65.4,4394141
2017-05-08,65.5,66.1,65.5,65.75,669727
2017-05-09,66.1,67.85,65.9,67.7,1720622
2017-05-10,68.05,68.3,67.05,67.7,1344120
2017-05-11,67.8,68.2,66.5,67.15,1502570
2017-05-12,67.4,67.4,66.1,66.45,982189
2017-05-15,66.45,66.9,66.3,66.4,737483
2017-05-16,66.5,68.95,66.5,68.55,3770298
2017-05-17,68.9,68.9,67.5,67.7,1319624
2017-05-18,67.35,68.2,66.2,66.45,970067
2017-05-19,67.7,68.15,66.75,67.6,1891369
2017-05-22,68.0,68.1,66.95,67.3,948326
2017-05-23,67.65,67.65,65.45,66.35,1295309
2017-05-24,66.95,67.15,64.6,65.45,1872486
2017-05-25,65.9,66.9,65.1,66.65,1243235
2017-05-26,67.15,68.9,67.0,68.4,6136046
2017-05-29,68.55,71.4,68.1,68.5,6001979
2017-05-30,68.25,68.25,65.6,66.45,2273363
2017-05-31,66.6,68.25,66.0,67.55,6188994
2017-06-01,67.15,67.9,66.3,66.4,914805
2017-06-02,66.95,67.1,65.4,65.65,2180861
2017-06-05,65.55,66.15,65.2,65.4,1055835
2017-06-06,65.6,65.8,64.55,64.75,847610
2017-06-07,64.9,65.55,64.6,65.35,849388
2017-06-08,65.5,66.75,65.1,66.5,2506755
2017-06-09,66.65,66.65,65.3,66.25,1440875
2017-06-12,66.6,66.65,64.7,64.9,858635
2017-06-13,65.35,65.5,64.75,65.0,1113696
2017-06-14,65.05,65.5,64.75,64.95,1142099
2017-06-15,65.0,65.75,64.5,65.3,811500
2017-06-16,65.1,66.0,65.05,65.25,948823
2017-06-19,65.25,65.5,64.05,64.2,1216210
2017-06-20,64.5,64.7,62.75,63.05,1347872
2017-06-21,63.0,63.95,62.1,63.1,1717006
2017-06-22,63.0,64.4,62.65,62.8,1178904
2017-06-23,62.85,63.0,61.5,61.6,883902
2017-06-27,61.45,62.75,61.35,62.55,929297
2017-06-28,62.55,65.5,61.9,64.7,3203420
2017-06-29,65.0,65.55,64.1,65.1,1259894
2017-06-30,65.0,66.5,64.5,64.75,2493439
2017-07-03,64.2,65.65,64.2,64.75,1254048
2017-07-04,64.4,67.8,64.4,67.3,5303307
2017-07-05,67.75,67.9,67.1,67.4,1854919
2017-07-06,66.3,69.6,66.3,69.0,4257930
2017-07-07,68.8,68.85,67.3,67.55,1653304
2017-07-10,67.8,68.5,65.0,67.95,456465
2017-07-11,68.45,68.45,66.65,66.9,1432887
2017-07-12,67.45,68.4,66.85,67.9,1091317
2017-07-13,67.9,74.2,67.75,72.65,11093019
2017-07-14,74.5,74.7,69.35,70.0,7493446
2017-07-17,70.6,71.95,69.35,69.9,4182481
2017-07-18,69.4,70.55,68.2,68.75,2038752
2017-07-19,69.05,72.0,68.95,71.2,5557378
2017-07-20,71.45,71.45,69.3,70.0,2676107
2017-07-21,70.0,71.25,69.85,70.7,5953944
2017-07-24,71.0,71.45,69.5,69.8,2071350
2017-07-25,69.8,71.15,69.5,70.7,3407225
2017-07-26,71.0,73.0,70.5,70.85,4182186
2017-07-27,71.3,71.55,69.65,70.35,3309067
2017-07-28,69.6,70.35,69.05,69.6,1055124
2017-07-31,69.55,72.75,69.55,69.85,4382136
2017-08-01,70.3,71.15,69.6,69.8,1815218
2017-08-02,70.0,70.6,68.85,69.6,1529597
2017-08-03,69.9,70.2,66.15,66.5,2772907
2017-08-04,66.8,69.5,66.0,69.1,1887307
2017-08-07,69.7,69.85,66.05,69.25,956234
2017-08-08,70.5,73.3,69.5,69.9,7837580
2017-08-09,69.95,72.5,69.3,70.4,8224080
2017-08-10,69.0,69.0,63.4,65.0,5533246
2017-08-11,63.55,65.3,62.15,62.5,2282134
2017-08-14,63.15,66.5,63.15,66.15,2823938
2017-08-16,66.55,70.75,65.85,69.15,3932625
2017-08-17,69.8,71.7,69.5,70.35,4856854
2017-08-18,69.75,70.1,68.4,69.95,2342933
2017-08-21,70.6,71.45,68.75,69.5,2691206
2017-08-22,69.5,70.6,68.55,69.65,3025547
2017-08-23,70.05,70.7,69.05,69.8,1263421
2017-08-24,69.8,70.85,69.2,69.7,1523176
2017-08-28,69.65,70.5,69.35,69.55,1610821
2017-08-29,69.5,69.75,67.7,67.95,1676347
2017-08-30,68.25,69.95,68.25,69.45,1802468
2017-08-31,69.8,72.9,69.5,72.25,5531093
2017-09-01,73.45,75.2,72.3,74.85,5232621
2017-09-04,74.5,75.85,71.05,73.75,2967139
2017-09-05,74.25,74.95,73.0,73.9,1326691
2017-09-06,72.9,74.6,72.75,74.05,1908778
2017-09-07,74.15,84.15,74.15,83.0,20876428
2017-09-08,83.95,84.0,79.2,81.1,16303943
2017-09-11,82.0,84.45,80.1,82.9,7938437
2017-09-12,83.0,83.9,81.3,81.7,3234644
2017-09-13,81.8,85.4,81.4,82.15,8197179
2017-09-14,82.4,83.15,80.65,80.9,2520070
2017-09-15,80.0,81.65,79.0,80.1,4665577
2017-09-18,80.25,84.2,80.25,82.25,4806944
2017-09-19,82.8,83.3,80.25,80.45,4595304
2017-09-20,80.9,84.5,80.3,82.5,11200122
2017-09-21,82.7,83.8,79.85,82.1,8728458
2017-09-22,81.65,81.65,75.25,76.1,7751315
2017-09-25,75.55,75.7,71.2,74.55,7159222
2017-09-26,74.4,77.3,74.25,76.75,4248182
2017-09-27,77.55,78.15,74.0,74.75,2904719
2017-09-28,74.75,78.1,73.85,76.3,5349967
2017-09-29,77.35,80.3,77.1,78.15,8875074
2017-10-03,80.0,81.75,78.85,79.75,7130205
2017-10-04,80.35,80.7,78.15,78.75,4578200
2017-10-05,78.8,80.45,78.6,79.45,7408847
2017-10-06,79.5,82.7,79.5,81.85,10988293
2017-10-09,81.95,82.8,79.8,80.1,4909632
2017-10-10,80.45,81.5,79.1,80.8,5548083
2017-10-11,81.45,83.4,80.25,81.85,13136257
2017-10-12,82.4,86.6,81.55,86.25,21714477
2017-10-13,87.1,87.7,84.8,85.0,9384834
2017-10-16,85.7,87.05,85.35,86.1,6548232
2017-10-17,86.5,89.55,85.35,88.85,11907900
2017-10-18,88.8,89.0,86.0,87.1,5593218
2017-10-19,87.5,87.5,84.55,85.45,1586512
2017-10-23,85.8,87.2,84.65,84.95,4979083
2017-10-24,84.75,87.4,83.7,85.25,7694905
2017-10-25,85.8,89.9,84.8,89.45,10988996
2017-10-26,89.7,92.5,89.35,91.7,11894253
2017-10-27,92.5,94.0,91.0,92.1,7846620
2017-10-30,92.1,94.0,91.15,91.65,4512662
2017-10-31,92.15,96.7,91.55,95.7,14872962
2017-11-01,96.85,97.6,93.85,94.35,7587705
2017-11-02,94.35,96.0,92.5,93.05,4316409
2017-11-03,93.5,96.8,93.05,94.25,6568057
2017-11-06,94.35,96.5,93.6,94.55,5626513
2017-11-07,95.0,96.7,89.45,91.1,6632105
2017-11-08,91.4,92.65,85.5,87.05,5803309
2017-11-09,87.8,89.95,86.9,88.95,5114904
2017-11-10,88.8,88.8,86.1,86.95,4460865
2017-11-13,89.6,90.15,87.0,87.25,4219880
2017-11-14,88.4,88.65,84.35,85.1,3397943
2017-11-15,85.35,85.35,79.25,80.15,6804827
2017-11-16,80.55,81.65,79.7,81.15,4368890
2017-11-17,82.9,84.6,81.0,81.7,10511353
2017-11-20,81.8,85.75,80.0,85.35,7655174
2017-11-21,86.4,86.4,82.2,82.9,8501866
2017-11-22,83.6,83.6,81.6,81.9,4254709
2017-11-23,82.1,83.35,81.6,82.55,3751860
2017-11-24,82.55,83.2,81.4,81.95,3899953
2017-11-27,81.5,81.9,80.8,81.35,3225889
2017-11-28,81.1,82.8,77.65,82.05,26055784
2017-11-29,82.7,83.3,79.85,80.5,11972022
2017-11-30,80.0,82.7,79.1,81.85,16723575
2017-12-01,81.95,83.65,80.55,81.1,10602730
2017-12-04,81.3,81.8,79.5,79.85,3908632
2017-12-05,79.8,80.15,77.25,78.15,7418610
2017-12-06,77.7,77.7,76.0,76.2,4175127
2017-12-07,76.2,77.5,76.1,77.2,2935982
2017-12-08,77.5,79.2,77.5,78.45,4128245
2017-12-11,78.85,78.95,76.9,77.45,3075614
2017-12-12,77.5,78.95,76.95,77.1,3129366
2017-12-13,77.25,77.65,75.0,75.35,3564248
2017-12-14,75.9,77.05,75.05,76.65,4365126
2017-12-15,78.5,78.5,77.45,77.7,3282246
2017-12-18,77.55,79.2,71.5,77.35,6842082
2017-12-19,77.8,79.0,77.8,78.5,4473377
2017-12-20,78.8,83.15,78.6,81.5,13146453
2017-12-21,81.95,83.65,81.85,82.45,7317956
2017-12-22,83.0,83.55,81.05,82.15,5874633
2017-12-26,82.95,83.6,82.25,82.5,5731172
2017-12-27,82.9,84.4,81.0,81.35,8688244
2017-12-28,82.55,87.4,82.2,86.35,25502074
2017-12-29,87.25,87.75,85.65,86.0,8866404
2018-01-01,85.65,87.8,85.25,85.7,6930461
2018-01-02,85.7,86.8,84.25,85.5,5401032
2018-01-03,85.9,87.3,85.6,86.3,5485226
2018-01-04,86.5,88.6,86.15,88.05,9502424
2018-01-05,89.8,89.8,86.85,87.35,7996016
2018-01-08,87.6,88.75,85.85,86.05,6648086
2018-01-09,87.1,87.35,84.25,84.8,7235701
2018-01-10,84.8,85.9,83.35,84.1,5647579
2018-01-11,84.15,85.6,83.8,84.4,3714335
2018-01-12,84.65,85.7,83.0,84.05,3130789
2018-01-15,85.0,87.1,84.6,86.35,8588338
2018-01-16,87.1,87.15,79.0,79.45,13017598
2018-01-17,79.5,80.6,75.1,80.2,10540442
2018-01-18,80.6,80.95,74.55,75.3,14371641
2018-01-19,75.9,77.3,74.65,77.0,8551619
2018-01-22,77.45,78.25,76.25,77.15,6132877
2018-01-23,77.5,80.7,77.2,78.5,11820108
2018-01-24,78.45,78.8,75.65,75.95,8674296
2018-01-25,76.05,77.95,76.05,76.9,10088910
2018-01-29,77.7,78.15,74.5,74.95,5367064
2018-01-30,75.2,76.5,74.65,75.5,4541249
2018-01-31,76.0,77.75,74.1,75.3,14390601
2018-02-01,75.8,75.9,72.9,74.6,5831028
2018-02-02,73.85,74.6,68.8,70.0,12103519
2018-02-05,67.0,73.5,66.5,72.9,10119646
2018-02-06,68.5,71.9,67.55,70.4,5570663
2018-02-07,71.6,72.25,70.25,70.75,5251303
2018-02-08,71.5,72.65,70.3,71.65,3659509
2018-02-09,69.35,74.4,69.35,73.5,6088336
2018-02-12,77.5,78.9,74.85,75.25,16755424
2018-02-14,76.1,76.7,74.0,74.45,6330849
2018-02-15,75.0,77.2,74.7,75.2,8951649
2018-02-16,71.1,71.9,69.2,70.0,8466598
2018-02-19,70.4,70.5,68.0,68.25,3497663
2018-02-20,68.3,69.4,67.0,67.3,3988890
2018-02-21,67.85,68.2,65.75,66.45,5537317
2018-02-22,66.1,66.95,64.6,65.0,9625840
2018-02-23,65.5,68.2,65.25,67.95,6444275
2018-02-26,68.65,69.6,66.75,67.75,9674722
2018-02-27,68.5,69.4,68.05,68.25,5017423
2018-02-28,67.4,69.0,66.0,68.55,4243786
2018-03-01,68.05,68.85,66.6,67.3,4301132
2018-03-05,66.65,66.65,63.35,63.85,7274085
2018-03-06,64.6,65.8,61.55,62.2,14053132
2018-03-07,62.0,63.15,60.7,62.9,15938253
2018-03-08,63.4,64.25,61.4,63.95,9015644
2018-03-09,64.1,64.4,62.15,62.5,5000848
2018-03-12,63.05,64.1,62.0,63.85,3684146
2018-03-13,63.25,64.6,63.1,63.9,2993835
2018-03-14,64.0,64.5,63.35,64.1,2254123
2018-03-15,64.0,66.2,63.7,65.8,5658195
2018-03-16,65.7,67.8,63.75,66.25,20882814
2018-03-19,66.95,67.95,64.85,67.5,11711093
2018-03-20,66.9,67.4,65.25,65.95,5205247
2018-03-21,66.3,66.75,64.55,64.85,3306034
2018-03-22,64.7,70.25,64.65,69.2,16839608
2018-03-23,66.7,67.2,65.1,66.45,8566688
2018-03-26,66.3,68.0,65.2,67.45,6218092
2018-03-27,67.95,68.7,66.65,67.7,7002698
2018-03-28,66.85,68.4,65.7,66.45,11251084
2018-04-02,66.6,67.65,66.2,67.3,2109332
2018-04-03,66.5,69.0,66.5,68.15,4183788
2018-04-04,69.0,71.5,68.7,70.1,14411509
2018-04-05,71.3,72.9,71.3,72.05,6345973
2018-04-06,72.1,72.5,70.3,70.6,3922156
2018-04-09,71.55,72.9,69.65,70.35,6758758
2018-04-10,73.2,73.25,71.6,72.35,11428163
2018-04-11,74.0,75.85,73.0,75.0,13683102
2018-04-12,76.1,78.3,75.25,76.35,26811425
2018-04-13,77.0,77.95,75.4,76.9,11831504
2018-04-16,77.0,77.7,75.85,76.95,10861570
2018-04-17,77.05,79.15,76.95,78.1,16043303
2018-04-18,79.0,80.7,78.6,80.15,15672881
2018-04-19,83.9,90.2,83.1,87.25,64934268
2018-04-20,85.0,86.65,81.9,86.05,38494083
2018-04-23,86.4,87.05,84.55,84.85,11417218
2018-04-24,79.0,79.3,75.7,78.6,31922474
2018-04-25,77.0,78.65,76.2,77.15,10332808
2018-04-26,78.15,80.0,77.55,79.45,18093367
2018-04-27,80.65,82.3,80.05,81.7,12078641
2018-04-30,81.45,82.6,80.25,80.55,7213625
2018-05-02,81.0,81.5,78.9,79.5,8147916
2018-05-03,80.8,81.5,79.6,80.45,7662231
2018-05-04,80.3,80.6,78.1,78.35,7820904
2018-05-07,79.5,80.8,78.85,79.95,8615544
2018-05-08,80.3,80.65,78.05,78.95,9397684
2018-05-09,79.1,80.65,78.65,79.15,5596389
2018-05-10,79.7,79.8,76.65,76.95,6850507
2018-05-11,77.0,78.4,75.95,78.1,7006857
2018-05-14,78.15,78.25,75.0,75.3,3815747
2018-05-15,76.1,77.25,73.2,73.45,5650040
2018-05-16,73.0,75.75,72.55,75.35,6153446
2018-05-17,75.65,76.15,74.5,75.15,4002125
2018-05-18,74.55,74.8,70.1,70.85,4796310
2018-05-21,71.25,73.7,70.65,73.3,8185982
2018-05-22,73.25,74.15,72.0,73.45,4977867
2018-05-23,73.35,73.4,70.1,70.6,10001982
2018-05-24,71.35,71.55,70.2,70.85,2983243
2018-05-25,71.4,73.3,70.9,73.05,3512627
2018-05-28,73.2,74.4,72.1,72.85,6537507
2018-05-29,71.95,73.6,70.8,71.0,6438957
2018-05-30,71.0,72.95,70.0,70.55,9490372
2018-05-31,71.2,73.2,70.0,70.45,16906601
2018-06-01,70.45,71.45,69.45,70.05,4461501
2018-06-04,70.4,70.75,68.3,68.8,6179173
2018-06-05,69.1,69.1,67.35,68.8,4560347
2018-06-06,69.0,72.4,68.25,71.7,10158925
2018-06-07,72.0,74.0,71.8,73.6,4612936
2018-06-08,73.0,73.9,72.45,73.45,4685482
2018-06-11,72.8,73.45,71.15,71.4,2665767
2018-06-12,71.45,73.8,71.4,73.2,7480214
2018-06-13,73.05,73.4,70.5,70.85,4679557
2018-06-14,71.2,73.75,71.0,71.95,6979515
2018-06-15,72.3,72.3,68.75,69.15,8471596
2018-06-18,69.15,69.5,67.75,68.85,6291090
2018-06-19,68.6,70.35,68.2,69.55,9965103
2018-06-20,69.95,70.25,66.75,67.3,10621822
2018-06-21,67.3,67.75,64.9,65.6,8862601
2018-06-22,65.65,66.25,63.3,64.55,10720084
2018-06-25,64.65,65.95,62.3,62.85,8904355
2018-06-26,62.6,63.0,60.05,60.4,9956264
2018-06-27,60.95,61.3,57.6,59.75,16403533
2018-06-28,59.3,63.75,58.0,62.05,22907956
2018-06-29,62.35,64.85,62.3,64.7,9858263
2018-07-02,64.85,64.85,60.8,62.05,23585445
2018-07-03,61.8,64.1,60.85,63.55,13961589
2018-07-04,63.45,63.5,61.65,62.1,8391237
2018-07-05,62.0,62.0,59.3,59.75,10869941
2018-07-06,60.15,62.45,59.65,60.75,13993019
2018-07-09,61.2,62.85,61.2,61.8,5997138
2018-07-10,62.25,63.6,61.85,63.15,6993227
2018-07-11,62.5,63.1,60.75,61.0,10305014
2018-07-12,61.15,62.25,59.55,60.55,7678812
2018-07-13,61.2,61.4,58.55,59.0,18792354
2018-07-16,59.0,59.0,56.55,57.15,7183771
2018-07-17,57.9,60.5,57.35,60.15,6608055
2018-07-18,60.2,60.5,57.3,58.6,6423616
2018-07-19,59.0,60.6,57.4,59.55,8655864
2018-07-20,59.75,59.9,58.1,58.85,5286758
2018-07-23,59.1,59.3,57.5,58.55,6783905
2018-07-24,58.8,61.65,58.8,61.05,9445251
2018-07-25,61.45,63.45,61.0,63.1,10362435
2018-07-26,63.5,63.6,61.6,62.15,25544516
2018-07-27,62.6,63.2,61.5,62.5,5532879
2018-07-30,62.8,63.0,60.25,61.3,12899069
2018-07-31,61.65,62.0,60.75,61.55,9880228
2018-08-01,62.0,62.5,61.5,62.05,6992028
2018-08-02,62.1,65.15,61.15,64.35,9679188
2018-08-03,65.0,66.15,64.0,65.7,7376174
2018-08-06,65.55,67.4,65.0,66.5,7953876
2018-08-07,66.8,67.15,64.9,66.05,6916833
2018-08-08,66.35,67.95,65.4,67.4,8973630
2018-08-09,72.9,73.3,70.7,72.25,29049072
2018-08-10,73.0,73.35,69.65,69.95,11134516
2018-08-13,69.5,72.9,68.1,70.9,12687215
2018-08-14,71.4,72.35,69.85,70.25,9916654
2018-08-16,70.0,71.05,67.75,68.1,16169534
2018-08-17,68.7,70.8,68.55,68.8,17697359
2018-08-20,69.3,72.1,67.8,71.55,16469743
2018-08-21,72.5,73.45,71.65,72.5,12852580
2018-08-23,72.0,72.0,69.55,70.35,6242256
2018-08-24,69.95,72.6,68.8,72.2,10992103
2018-08-27,73.0,75.5,72.7,74.4,20098213
2018-08-28,74.7,75.65,72.7,74.95,11226881
2018-08-29,76.0,77.8,75.9,76.7,13917981
2018-08-30,77.8,78.45,75.3,76.2,19629858
2018-08-31,76.35,77.15,74.55,74.85,9865262
2018-09-03,75.4,76.6,74.6,75.2,6493225
2018-09-04,75.25,75.45,72.4,73.05,7694982
2018-09-05,73.45,76.65,72.45,76.35,13156131
2018-09-06,77.45,77.45,69.65,71.35,35583057
2018-09-07,71.65,73.1,70.25,71.8,20400842
2018-09-10,71.65,72.35,70.4,71.45,7743160
2018-09-11,71.8,72.45,69.05,69.85,7231104
2018-09-12,70.1,70.3,68.05,69.7,7117095
2018-09-14,70.7,71.0,69.85,70.15,6807891
2018-09-17,69.8,70.7,68.9,69.95,4676102
2018-09-18,69.8,70.55,67.6,68.05,7179269
2018-09-19,68.75,70.15,68.2,68.7,6308606
2018-09-21,69.7,69.8,62.0,65.75,15115087
2018-09-24,66.0,67.0,64.1,65.1,7548004
2018-09-25,66.0,67.3,64.9,65.85,9848904
2018-09-26,66.3,68.0,66.2,66.75,11119128
2018-09-27,67.0,67.4,64.3,64.8,10400684
2018-09-28,65.05,65.45,60.2,60.6,15032973
2018-10-01,60.75,62.45,57.7,62.1,9611813
2018-10-03,62.5,70.45,62.1,69.0,29131722
2018-10-04,69.0,71.5,68.4,69.1,17705686
2018-10-05,68.5,69.45,63.85,65.1,11243726
2018-10-08,64.0,64.0,59.65,61.1,18026470
2018-10-09,61.8,62.6,60.5,61.2,6790703
2018-10-10,65.0,67.5,64.0,66.7,17977811
2018-10-11,64.05,67.75,63.85,66.95,9553845
2018-10-12,68.25,68.45,66.4,66.95,9079999
2018-10-15,67.15,67.25,64.4,66.7,13345840
2018-10-16,67.4,67.7,66.55,67.1,5641622
2018-10-17,67.7,68.0,65.5,65.9,8983022
2018-10-19,66.0,67.45,64.8,67.05,10876844
2018-10-22,67.75,68.2,66.15,67.2,6960352
2018-10-23,67.0,68.0,66.3,67.3,6341075
2018-10-24,67.7,68.15,66.85,67.3,10640894
2018-10-25,66.0,67.7,65.65,66.3,12530936
2018-10-26,66.1,67.85,64.8,67.5,10322899
2018-10-29,67.1,69.5,66.7,68.85,8239456
2018-10-30,72.0,72.15,68.7,69.15,16540247
2018-10-31,69.0,69.0,66.1,68.2,6454672
2018-11-01,67.75,70.05,67.6,69.5,5964358
2018-11-02,69.75,71.0,68.75,69.3,8563555
2018-11-05,69.3,72.0,68.55,70.9,9621081
2018-11-06,71.0,71.5,69.9,70.1,4459374
2018-11-07,71.0,71.0,70.15,70.65,1214891
2018-11-09,70.35,70.95,69.65,70.3,3948523
2018-11-12,70.4,70.75,68.6,69.6,5231930
2018-11-13,70.0,70.1,65.9,67.45,12044294
2018-11-14,68.0,68.5,66.4,66.65,7913325
2018-11-15,66.75,67.3,66.05,66.55,3541829
2018-11-16,66.95,66.95,65.6,66.1,3479331
2018-11-19,66.5,68.8,65.75,67.9,7754978
2018-11-20,67.65,68.05,65.2,66.35,8896940
2018-11-21,66.95,68.05,65.4,66.9,7910046
2018-11-22,66.7,66.95,65.4,65.7,3674787
2018-11-26,66.05,66.2,64.45,65.8,4769128
2018-11-27,65.5,65.7,64.3,64.8,4897348
2018-11-28,65.0,65.7,64.5,64.7,3859460
2018-11-29,65.15,67.5,64.9,66.75,7587333
2018-11-30,66.7,67.85,66.25,67.45,3874603
2018-12-03,68.1,68.8,66.85,67.7,7751907
2018-12-04,67.95,68.5,67.2,68.1,4278551
2018-12-05,67.4,67.7,64.85,65.0,5372509
2018-12-06,64.25,65.25,63.0,63.1,6515154
2018-12-07,63.9,63.9,62.3,63.3,4697092
2018-12-10,62.45,62.55,60.0,61.7,6772377
2018-12-11,61.0,62.95,60.65,62.1,4346771
2018-12-12,61.9,64.7,61.9,64.5,2786591
2018-12-13,65.0,65.15,63.75,64.5,3526152
2018-12-14,64.2,64.8,63.5,64.15,1610261
2018-12-17,64.45,65.25,64.4,64.75,1839202
2018-12-18,64.35,65.15,64.15,64.75,2886685
2018-12-19,65.0,65.35,63.95,64.15,4718496
2018-12-20,63.65,63.65,59.9,61.7,16834329
2018-12-21,61.85,63.25,61.75,62.2,5878464
2018-12-24,62.55,62.6,61.5,61.55,4285997
2018-12-26,61.55,63.2,61.1,62.9,6203571
2018-12-27,63.6,64.25,62.2,62.7,18237550
2018-12-28,62.9,64.4,62.85,63.9,3539678
2018-12-31,64.0,66.0,64.0,65.8,5419202
2019-01-01,65.9,65.95,64.55,65.55,2170269
2019-01-02,65.0,65.3,63.6,63.95,3437321
2019-01-03,63.65,63.75,62.55,62.8,2626386
2019-01-04,62.55,64.0,62.55,63.85,3768550
2019-01-07,64.5,64.9,63.6,63.95,2983061
2019-01-08,63.65,63.85,62.55,62.8,2629795
2019-01-09,62.9,63.3,62.5,62.9,3080135
2019-01-10,62.65,63.05,62.35,62.75,3118288
2019-01-11,62.85,63.45,62.55,63.2,1962907
2019-01-14,63.3,63.3,61.0,61.45,2935255
2019-01-15,61.4,62.45,61.25,62.15,2797007
2019-01-16,62.7,62.95,61.4,61.65,3099309
2019-01-17,61.8,62.15,61.35,61.8,1640045
2019-01-18,61.8,62.0,61.25,61.45,1471753
2019-01-21,61.55,61.75,60.55,61.05,2155168
2019-01-22,60.8,61.0,59.8,60.7,2918880
2019-01-23,60.55,62.95,60.55,61.7,4655030
2019-01-24,61.6,62.45,60.8,61.85,2839521
2019-01-25,62.45,62.6,60.3,60.55,4271326
2019-01-28,61.25,61.3,59.75,59.9,6065127
2019-01-29,59.9,60.55,59.5,60.0,4437503
2019-01-30,60.1,60.45,59.75,60.0,3498115
2019-01-31,60.35,60.5,58.85,59.6,19300402
2019-02-01,59.45,60.0,58.5,59.15,4668687
2019-02-04,59.0,59.3,58.15,58.9,3271951
2019-02-05,59.25,59.4,57.3,57.9,4645973
2019-02-06,58.25,59.0,57.1,58.8,3150497
2019-02-07,58.4,59.6,58.15,58.6,5054762
2019-02-08,58.5,59.75,58.5,59.25,5750414
2019-02-11,57.15,58.2,53.35,54.1,20964801
2019-02-12,53.8,54.35,51.95,52.15,10210176
2019-02-13,52.45,53.65,48.8,49.25,13914576
2019-02-14,49.25,49.8,46.2,48.15,43447383
2019-02-15,49.15,51.05,47.4,48.75,22511049
2019-02-18,48.6,49.5,47.8,49.1,22038463
2019-02-19,48.9,51.5,48.8,51.15,25985569
2019-02-20,51.3,51.3,48.9,49.85,11877660
2019-02-21,49.7,50.05,47.55,48.0,22884317
2019-02-22,48.4,49.15,48.0,48.7,20569951
2019-02-25,49.0,49.2,47.6,48.35,47819940
2019-02-26,47.8,49.1,46.85,48.5,23704333
2019-02-27,49.25,51.15,48.75,49.55,31649946
2019-02-28,49.8,51.0,48.9,50.55,67856094
2019-03-01,52.3,53.9,51.2,53.65,33258174
2019-03-05,55.0,56.4,54.1,56.1,32016038
2019-03-06,57.3,58.4,57.0,57.7,20838990
2019-03-07,58.05,58.3,56.3,57.1,17212769
2019-03-08,57.55,58.1,55.85,56.8,25281020
2019-03-11,52.2,55.15,52.05,54.45,31504094
2019-03-12,54.75,55.5,54.0,54.5,16827549
2019-03-13,54.6,54.65,51.95,52.5,17936675
2019-03-14,52.3,53.55,52.2,52.6,7869505
2019-03-15,53.0,55.3,52.7,54.7,37469203
2019-03-18,54.7,55.15,53.75,54.25,8722849
2019-03-19,54.25,55.1,54.25,54.8,10035086
2019-03-20,55.0,56.4,54.85,55.9,24745154
2019-03-22,56.2,56.4,53.65,53.9,8629999
2019-03-25,53.3,54.0,52.5,53.8,5081803
2019-03-26,54.45,54.45,53.3,53.55,7543116
2019-03-27,53.75,54.3,52.9,53.2,7677606
2019-03-28,53.2,53.7,52.9,53.05,14904362
2019-03-29,53.25,55.95,53.25,55.45,17387769
2019-04-01,56.05,57.9,56.0,56.65,16817707
2019-04-02,57.0,57.2,54.85,55.3,11264690
2019-04-03,55.9,56.9,55.0,55.3,9322806
2019-04-04,55.9,56.45,55.15,55.45,9103177
2019-04-05,55.6,56.65,55.55,56.55,7615104
2019-04-08,56.75,56.95,55.4,55.75,6784110
2019-04-09,55.8,56.9,55.3,56.45,7980973
2019-04-10,56.75,57.55,56.05,56.25,11077960
2019-04-11,56.4,56.5,54.8,55.2,9016617
2019-04-12,55.3,55.8,55.2,55.5,5861085
2019-04-15,56.0,56.8,55.65,56.3,10026674
2019-04-16,56.45,56.7,55.6,55.75,7322014
2019-04-18,55.9,55.9,54.05,54.3,8349913
2019-04-22,54.5,54.5,53.35,53.65,8249375
2019-04-23,53.45,53.8,53.0,53.2,7072642
2019-04-24,53.35,53.4,52.55,52.75,8516103
2019-04-25,52.8,53.6,52.6,52.7,5906911
2019-04-26,52.85,53.4,52.45,52.75,4693704
2019-04-30,52.8,52.9,51.1,51.8,8200722
2019-05-02,51.9,52.35,51.25,51.75,4973827
2019-05-03,51.75,52.5,51.35,52.15,5182504
2019-05-06,51.25,51.75,50.6,50.95,4702032
2019-05-07,51.5,51.7,50.15,50.35,4161052
2019-05-08,50.55,50.55,49.5,49.65,5131084
2019-05-09,49.65,50.2,49.15,49.75,4105278
2019-05-10,49.9,50.55,49.5,49.6,6177303
2019-05-13,49.7,49.7,48.2,48.4,4888933
2019-05-14,48.5,49.1,48.0,48.75,5012207
2019-05-15,49.0,49.6,47.8,48.0,5617100
2019-05-16,48.0,49.05,47.75,48.85,4726362
2019-05-17,48.6,49.3,48.3,48.85,5932682
2019-05-20,50.25,51.9,49.6,51.5,6116749
2019-05-21,51.7,51.75,48.85,49.2,9369914
2019-05-22,49.3,50.2,49.1,49.95,4153440
2019-05-23,50.5,50.95,48.5,48.75,12109878
2019-05-24,49.0,49.8,48.5,49.65,5594921
2019-05-27,49.95,51.45,49.65,51.25,6699475
2019-05-28,51.45,51.75,50.15,50.6,9851998
2019-05-29,50.6,50.6,49.7,49.9,6435198
2019-05-30,50.0,50.55,49.5,50.35,7947029
2019-05-31,50.9,51.1,49.55,50.55,12688490
2019-06-03,50.6,50.65,49.1,50.2,8089890
2019-06-04,50.0,51.05,49.8,50.3,5229754
2019-06-06,50.3,50.3,48.7,49.05,7670109
2019-06-07,49.05,49.6,48.65,49.15,6347856
2019-06-10,49.25,49.6,48.35,49.2,5768022
2019-06-11,49.3,50.2,48.9,49.8,7570994
2019-06-12,49.8,50.6,49.4,49.5,6090407
2019-06-13,49.15,50.0,49.0,49.25,5921670
2019-06-14,49.1,49.75,49.0,49.1,3974485
2019-06-17,49.0,49.45,48.15,48.4,4879735
2019-06-18,48.4,48.9,47.5,47.85,5119620
2019-06-19,48.1,48.75,46.95,47.6,7429943
2019-06-20,47.8,48.8,47.3,48.55,6642210
2019-06-21,48.5,49.45,48.25,49.15,5448262
2019-06-24,49.45,49.6,48.6,48.9,5625673
2019-06-25,49.0,49.3,48.4,49.05,5932624
2019-06-26,49.1,50.2,48.9,50.05,10012015
2019-06-27,50.0,50.65,49.8,50.3,10315072
2019-06-28,50.55,50.6,49.2,49.4,9500594
2019-07-01,49.9,50.0,48.9,49.75,5812011
2019-07-02,49.65,50.15,49.5,50.0,4408335
2019-07-03,49.8,51.15,49.75,50.6,6450655
2019-07-04,50.75,51.5,50.4,50.55,6389058
2019-07-05,50.7,50.8,48.25,48.8,9033367
2019-07-08,48.6,48.7,47.25,47.75,8182348
2019-07-09,47.95,48.2,47.25,47.8,7370073
2019-07-10,48.0,48.05,46.65,46.85,10840469
2019-07-11,47.15,47.3,46.55,46.8,6971220
2019-07-12,46.8,47.95,46.75,47.4,4830376
2019-07-15,47.65,47.8,46.6,46.9,6530359
2019-07-16,46.95,47.3,46.7,47.0,5685690
2019-07-17,47.2,47.95,47.15,47.5,4900538
2019-07-18,47.2,47.45,46.35,46.45,5467934
2019-07-19,46.65,46.75,45.6,45.75,6251491
2019-07-22,45.7,46.2,45.3,45.8,7298585
2019-07-23,46.0,46.55,45.8,46.05,5810560
2019-07-24,46.4,46.4,45.0,45.5,8278625
2019-07-25,45.5,46.0,44.65,45.0,8789647
2019-07-26,45.15,46.1,44.85,45.85,4595237
2019-07-29,45.85,46.45,45.2,45.5,6691058
2019-07-30,45.45,45.65,43.9,44.05,6722750
2019-07-31,44.0,45.8,43.35,45.55,7259996
2019-08-01,45.0,45.3,44.4,44.85,6275154
2019-08-02,44.1,44.8,43.75,43.95,5611087
2019-08-05,43.65,43.65,42.5,43.05,6395085
2019-08-06,42.55,44.5,42.55,44.2,6257591
2019-08-07,44.2,44.35,43.0,43.05,4990967
2019-08-08,43.15,43.95,42.65,43.8,3923987
2019-08-09,44.4,44.75,43.55,43.75,3830333
2019-08-13,43.7,43.7,42.5,42.9,7079837
2019-08-14,41.25,42.45,39.3,41.85,19716937
2019-08-16,41.05,41.5,40.65,41.25,4468238
2019-08-19,41.3,41.65,40.9,41.1,3150863
2019-08-20,41.2,41.4,40.3,40.6,2935167
2019-08-21,40.7,40.7,39.0,39.2,5075256
2019-08-22,39.0,39.3,37.7,38.0,8247526
2019-08-23,38.0,39.9,36.9,39.75,8875520
2019-08-26,41.0,41.0,38.8,40.2,6494053
2019-08-27,40.4,40.9,40.1,40.8,5092468
2019-08-28,40.8,41.0,39.4,39.85,4029756
2019-08-29,39.8,40.35,38.95,40.15,4405129
2019-08-30,40.35,41.95,38.9,41.65,13878926
2019-09-03,41.0,41.25,40.0,40.1,5343159
2019-09-04,40.15,40.75,39.5,40.5,4168056
2019-09-05,40.95,42.6,40.85,42.1,9915856
2019-09-06,42.4,43.75,41.7,43.25,5658814
2019-09-09,43.1,44.05,42.9,43.6,6319945
2019-09-11,42.85,44.65,42.5,44.35,6733955
2019-09-12,44.6,45.55,43.6,43.8,7526883
2019-09-13,43.95,45.0,42.9,44.75,5622451
2019-09-16,44.45,45.65,44.05,45.45,6942069
2019-09-17,45.4,46.15,44.8,45.05,8250074
2019-09-18,45.05,45.5,44.35,44.55,4634295
2019-09-19,46.0,46.4,44.15,44.65,16846333
2019-09-20,44.5,47.35,43.45,46.85,19550165
2019-09-23,47.0,49.25,46.55,48.25,11141000
2019-09-24,48.25,48.5,46.4,46.65,7989221
2019-09-25,46.3,46.35,43.5,43.9,12599450
2019-09-26,44.0,46.75,43.85,46.3,13206796
2019-09-27,46.3,47.0,45.45,46.45,11311448
2019-09-30,46.45,46.9,45.0,46.45,6006586
2019-10-01,46.5,46.6,44.4,45.75,9185846
2019-10-03,45.45,45.45,43.55,44.5,7824046
2019-10-04,44.7,45.25,42.85,43.25,12504396
2019-10-07,43.5,45.35,42.7,44.55,32316833
2019-10-09,43.7,46.0,43.6,44.9,31504681
2019-10-10,44.45,45.4,41.4,42.15,34659802
2019-10-11,42.0,42.9,40.55,41.05,12006904
2019-10-14,41.3,42.1,40.25,40.4,13743950
2019-10-15,40.65,41.7,40.45,41.45,7066422
2019-10-16,41.7,41.95,41.25,41.7,8042576
2019-10-17,40.1,40.55,39.6,40.4,19687056
2019-10-18,40.7,44.6,40.7,43.8,25177942
2019-10-22,44.0,45.5,43.0,43.8,15954242
2019-10-23,44.0,44.45,43.1,43.65,5173791
2019-10-24,43.9,44.05,42.5,43.2,7105412
2019-10-25,43.25,43.65,42.3,42.55,6159961
2019-10-27,42.8,43.2,42.65,43.15,779020
2019-10-29,43.15,44.3,43.05,43.65,5797670
2019-10-30,43.65,44.5,43.65,43.9,6825035
2019-10-31,44.0,45.65,43.8,45.4,21663906
2019-11-01,45.4,46.4,44.45,46.0,9563069
2019-11-04,46.4,47.75,46.15,46.8,11202833
2019-11-05,47.05,48.0,46.55,46.65,8195194
2019-11-06,46.75,47.1,46.05,46.65,4588579
2019-11-07,46.5,47.45,45.95,47.15,6163262
2019-11-08,46.9,47.55,46.3,46.5,5417065
2019-11-11,46.75,46.75,45.6,46.0,3386892
2019-11-13,46.0,46.1,43.2,43.55,9869505
2019-11-14,41.9,42.65,41.1,42.15,16975548
2019-11-15,42.1,42.55,41.65,42.15,5004515
2019-11-18,42.0,42.85,42.0,42.35,5799045
2019-11-19,42.5,42.55,41.85,42.05,3706351
2019-11-20,42.25,42.9,42.0,42.05,7012700
2019-11-21,42.2,42.25,41.1,41.25,5152377
2019-11-22,41.25,41.95,40.7,41.75,4606087
2019-11-25,41.9,43.45,41.8,43.25,7339748
2019-11-26,43.45,44.65,42.95,43.8,10076985
2019-11-27,43.95,44.1,43.5,43.7,4563621
2019-11-28,43.85,45.5,43.4,45.35,15496130
2019-11-29,45.0,45.2,43.9,44.4,5621343
2019-12-02,44.8,45.0,43.1,43.45,4678271
2019-12-03,43.45,43.65,42.45,43.25,4910909
2019-12-04,43.0,43.8,42.5,43.55,4043922
2019-12-05,43.4,44.2,43.15,43.75,3723742
2019-12-06,43.7,43.95,42.95,43.25,2813566
2019-12-09,43.2,44.1,42.7,43.55,3513097
2019-12-10,43.35,43.55,42.6,43.05,2919334
2019-12-11,43.0,43.35,41.55,42.45,5588251
2019-12-12,42.7,43.65,42.4,43.2,4284822
2019-12-13,43.6,44.7,43.25,43.5,10883884
2019-12-16,43.75,43.75,42.25,42.35,5540274
2019-12-17,42.5,43.5,42.1,42.5,19295436
2019-12-18,42.9,43.05,42.2,42.4,9954686
2019-12-19,42.55,42.6,41.7,41.95,8179078
2019-12-20,42.3,42.9,41.9,42.0,10959331
2019-12-23,42.15,42.45,40.9,41.15,21028996
2019-12-24,41.55,43.15,41.5,42.8,15813864
2019-12-26,42.95,43.95,42.5,43.25,13465243
2019-12-27,43.45,43.75,43.0,43.55,5442682
2019-12-30,43.65,44.2,43.0,44.05,6675492
2019-12-31,43.95,44.45,43.5,43.65,5559417
2020-01-01,43.7,44.05,42.85,43.2,8132650
2020-01-02,43.3,46.25,43.1,45.95,20691143
2020-01-03,45.95,46.65,45.15,45.65,11015257
2020-01-06,45.0,45.6,43.5,43.7,10941075
2020-01-07,44.05,45.05,43.45,44.05,8924256
2020-01-08,43.5,44.8,43.35,44.55,8955822
2020-01-09,45.25,46.0,45.0,45.5,8191985
2020-01-10,45.6,46.35,45.2,45.5,9724585
2020-01-13,45.75,46.15,45.5,45.8,4738374
2020-01-14,45.8,47.4,45.8,47.1,12724238
2020-01-15,47.3,48.45,46.7,48.25,13185368
2020-01-16,48.3,48.75,46.95,47.45,13351415
2020-01-17,47.45,47.75,46.2,46.45,9703097
2020-01-20,46.75,46.85,45.95,46.15,5577326
2020-01-21,45.95,46.5,45.05,45.35,7764564
2020-01-22,45.75,45.75,44.9,45.4,7562511
2020-01-23,45.4,46.3,45.2,46.05,6912307
2020-01-24,46.15,47.0,45.7,46.5,7184760
2020-01-27,46.05,46.6,45.5,45.6,8558908
2020-01-28,45.7,45.9,44.65,44.9,5294884
2020-01-29,45.1,45.8,44.6,44.8,12372730
2020-01-30,44.9,44.95,43.5,43.9,9177011
2020-01-31,44.25,44.3,42.3,42.55,18252296
2020-02-01,42.5,43.7,41.5,42.0,9281980
2020-02-03,42.0,42.25,41.1,41.7,7189798
2020-02-04,42.0,42.7,41.6,42.5,6025975
2020-02-05,42.9,43.7,42.2,43.4,8617929
2020-02-06,44.5,45.2,43.9,44.45,13318419
2020-02-07,44.5,45.25,43.8,45.1,6735689
2020-02-10,44.95,45.1,43.1,43.25,10922663
2020-02-11,42.3,43.35,40.85,40.95,25752130
2020-02-12,41.35,41.6,39.15,40.25,17918613
2020-02-13,40.4,41.6,40.35,41.4,8686475
2020-02-14,41.4,41.65,40.5,40.8,5062366
2020-02-17,41.0,41.3,39.85,40.2,7279178
2020-02-18,38.95,39.2,38.1,39.0,8795325
2020-02-19,39.15,39.95,38.7,39.2,5503843
2020-02-20,39.35,39.6,38.25,38.8,10386184
2020-02-24,38.6,38.6,36.75,36.95,9327552
2020-02-25,37.2,37.45,36.5,36.65,5391014
2020-02-26,36.1,36.6,35.9,36.0,6195927
2020-02-27,36.0,36.15,34.4,34.7,8752825
2020-02-28,33.6,34.05,32.75,33.5,11589520
2020-03-02,34.2,34.6,32.3,32.65,8832483
2020-03-03,32.8,35.05,32.4,34.45,10392093
2020-03-04,34.4,35.25,33.3,34.95,11036836
2020-03-05,35.25,35.65,34.05,34.35,6379219
2020-03-06,33.3,33.4,32.4,33.0,7910467
2020-03-09,32.3,32.7,30.45,30.9,10041286
2020-03-11,31.05,31.6,30.05,30.25,10108705
2020-03-12,29.0,29.5,25.9,27.0,17921856
2020-03-13,24.4,30.9,24.4,30.6,15739957
2020-03-16,29.75,30.95,28.05,29.9,10929596
2020-03-17,30.1,31.75,29.15,30.25,13264734
2020-03-18,30.5,30.9,28.45,29.85,10912083
2020-03-19,28.7,31.85,28.2,30.5,14241017
2020-03-20,30.25,32.6,29.8,32.25,13529249
2020-03-23,30.7,30.7,27.5,28.05,6960229
2020-03-24,28.6,29.65,27.7,28.7,6384595
2020-03-25,28.5,29.55,28.25,28.85,5841487
2020-03-26,29.0,30.6,28.35,29.1,11077880
2020-03-27,29.25,30.5,27.4,27.95,11545942
2020-03-30,27.4,28.4,26.6,27.95,5434704
2020-03-31,28.5,29.45,28.25,29.1,5944007
2020-04-01,28.95,29.15,28.05,28.35,4545449
2020-04-03,28.8,28.8,27.5,28.15,6598198
2020-04-07,28.8,29.7,28.5,29.35,10201535
2020-04-08,29.05,31.4,28.55,29.6,11410350
2020-04-09,30.3,30.5,29.7,30.4,8573980
2020-04-13,30.4,31.15,29.55,30.3,9333279
2020-04-15,30.55,31.4,29.85,30.25,10938462
2020-04-16,30.2,31.35,29.6,31.05,5999344
2020-04-17,31.7,32.5,31.15,31.95,7136537
2020-04-20,33.0,34.5,32.5,34.1,18439911
2020-04-21,33.5,34.2,32.15,33.8,12590869
2020-04-22,32.65,34.05,32.1,33.6,8855497
2020-04-23,34.25,35.35,33.5,33.7,13126734
2020-04-24,33.75,34.9,30.55,31.5,63796191
2020-04-27,31.7,32.2,30.8,30.95,14163279
2020-04-28,31.15,31.45,30.25,30.5,7015726
2020-04-29,30.5,31.35,30.35,30.9,9896188
2020-04-30,31.5,32.2,31.2,31.8,14646461
2020-05-04,30.8,30.8,29.9,30.2,8643450
2020-05-05,30.5,30.65,29.05,29.15,9434617
2020-05-06,29.45,29.5,28.7,29.1,5678211
2020-05-07,28.9,29.45,28.6,28.85,4735781
2020-05-08,29.2,29.35,28.05,28.35,7310382
2020-05-11,28.5,28.9,27.85,27.95,6795110
2020-05-12,27.8,28.0,26.9,27.1,14291470
2020-05-13,28.6,29.3,27.55,28.25,19160376
2020-05-14,28.1,29.2,27.7,28.55,11296461
2020-05-15,28.65,29.3,28.2,28.95,9195058
2020-05-18,29.2,29.45,27.3,27.5,10993087
2020-05-19,28.05,28.5,27.65,27.95,7205944
2020-05-20,27.95,28.3,27.6,27.9,4959705
2020-05-21,27.9,28.35,27.75,28.0,7176852
2020-05-22,27.85,28.0,26.75,26.9,10716384
2020-05-26,27.25,27.8,27.25,27.65,6132089
2020-05-27,28.05,29.3,27.8,29.05,8999848
2020-05-28,29.1,29.75,29.0,29.35,9758479
2020-05-29,28.0,30.5,28.0,29.4,15131882
2020-06-01,29.55,30.9,29.55,29.95,12807112
2020-06-02,29.85,31.85,29.85,30.95,25286815
2020-06-03,31.5,31.6,30.85,31.0,13105856
2020-06-04,30.65,31.1,30.05,30.45,9227383
2020-06-05,30.6,33.15,30.6,32.8,30862503
2020-06-08,33.5,34.2,32.45,32.95,20974184
2020-06-09,33.25,33.45,32.25,32.5,17122177
2020-06-10,32.7,32.9,32.05,32.4,8496323
2020-06-11,32.4,32.8,31.05,31.2,10487118
2020-06-12,30.0,31.6,29.6,31.4,11639289
2020-06-15,30.95,31.35,30.0,30.1,12642766
2020-06-16,30.9,31.3,29.55,29.95,15168594
2020-06-17,29.8,30.45,29.3,29.45,12167468
2020-06-18,29.45,30.6,29.45,30.4,12075747
2020-06-19,30.7,31.35,30.35,30.65,46341420
2020-06-22,31.15,32.65,30.8,32.35,27573103
2020-06-23,32.85,34.0,32.45,33.65,32840732
2020-06-24,34.2,34.35,32.1,32.25,28173572
2020-06-25,31.5,34.75,31.5,34.1,38088647
2020-06-26,34.2,34.9,33.1,33.5,17135552
2020-06-29,33.6,33.65,31.35,31.9,21438668
2020-06-30,32.45,32.7,31.5,31.85,11485132
2020-07-01,31.85,32.1,31.25,31.6,7175025
2020-07-02,31.8,33.25,31.6,32.7,13047805
2020-07-03,33.2,33.35,32.25,32.45,9428500
2020-07-06,32.5,33.55,32.35,33.35,12193764
2020-07-07,33.5,33.75,32.6,33.5,16305327
2020-07-08,33.75,36.85,33.5,35.75,72653821
2020-07-09,36.2,37.5,36.0,36.65,35900645
2020-07-10,36.6,37.0,35.75,36.4,20313080
2020-07-13,36.95,37.15,35.3,35.7,16016795
2020-07-14,35.7,35.7,33.8,34.0,13995246
2020-07-15,34.4,35.0,33.45,33.65,11276413
2020-07-16,33.75,33.95,32.7,33.75,13490894
2020-07-17,34.0,35.2,34.0,34.45,20348863
2020-07-20,34.7,34.7,33.5,33.75,8308088
2020-07-21,33.8,34.45,33.4,33.8,12052597
2020-07-22,33.8,34.6,33.6,33.85,9987224
2020-07-23,33.85,34.35,33.75,33.95,7205135
2020-07-24,33.8,33.85,32.8,33.25,10436678
2020-07-27,33.3,33.55,32.4,33.25,10220466
2020-07-28,33.45,33.85,33.2,33.65,9655705
2020-07-29,33.75,34.1,33.1,33.25,14600230
2020-07-30,33.35,33.55,32.05,32.5,22293916
2020-07-31,32.5,32.9,32.1,32.75,8882568
2020-08-03,32.75,33.25,32.5,32.7,19295486
2020-08-04,32.75,33.2,32.7,32.95,5774338
2020-08-05,33.1,35.1,33.1,34.6,29457275
2020-08-06,34.9,35.2,34.45,34.85,16039462
2020-08-07,34.75,35.3,34.45,34.9,11144307
2020-08-10,35.0,35.2,34.65,34.8,8027547
2020-08-11,35.1,36.35,35.0,35.5,18575322
2020-08-12,35.35,35.35,34.55,34.85,7217566
2020-08-13,35.0,35.7,34.9,35.25,9247090
2020-08-14,35.35,36.2,34.7,35.15,22686295
2020-08-17,35.25,35.9,34.95,35.7,9968912
2020-08-18,35.8,36.8,35.6,36.2,19333676
2020-08-19,36.65,39.2,36.5,38.7,39504651
2020-08-20,38.55,40.05,38.0,39.2,18959566
2020-08-21,39.7,40.0,37.75,38.05,12297197
2020-08-24,38.35,38.5,37.55,37.7,7991626
2020-08-25,37.8,38.05,36.15,36.95,11192525
2020-08-26,37.0,37.75,36.75,37.5,12664584
2020-08-27,37.85,38.7,36.9,37.1,16538700
2020-08-28,37.35,38.1,37.25,37.55,8219037
2020-08-31,37.85,38.15,35.7,35.85,13897735
2020-09-01,35.75,37.45,35.7,37.2,9742160
2020-09-02,37.2,37.6,36.5,37.35,6901647
2020-09-03,37.5,38.05,37.05,37.45,6924211
2020-09-04,36.7,37.3,36.15,36.3,8623053
2020-09-07,36.45,36.9,35.1,36.2,11734157
2020-09-08,36.15,36.35,34.4,34.7,11569059
2020-09-09,34.1,34.3,32.8,33.8,20755879
2020-09-10,34.35,34.85,33.7,34.4,9045399
2020-09-11,34.6,34.95,34.2,34.8,5202748
2020-09-14,35.3,36.45,34.8,35.2,17398896
2020-09-15,35.3,35.4,34.15,34.3,11657906
2020-09-16,34.15,34.7,33.7,34.5,9957488
2020-09-17,34.5,34.6,33.65,34.45,12988094
2020-09-18,34.35,35.45,34.05,34.9,19142020
2020-09-21,35.1,35.2,32.85,33.05,14532540
2020-09-22,33.1,33.3,31.55,31.95,17525995
2020-09-23,32.15,32.45,31.4,31.8,19720269
2020-09-24,31.3,31.7,29.95,30.05,12663408
2020-09-25,30.5,31.95,30.15,31.8,12175008
2020-09-28,32.5,33.0,32.05,32.7,11997616
2020-09-29,32.9,33.15,31.95,32.9,13846330
2020-09-30,33.15,33.3,32.0,32.25,14429096
2020-10-01,32.55,33.3,31.95,32.15,12498033
2020-10-05,32.5,32.85,32.15,32.25,6469679
2020-10-06,32.6,32.6,31.65,31.8,6207236
2020-10-07,32.0,32.0,31.1,31.4,12304667
2020-10-08,31.55,31.75,30.5,30.9,42027871
2020-10-09,31.25,32.0,31.05,31.35,23011642
2020-10-12,31.45,31.95,30.5,30.55,11201437
2020-10-13,30.6,30.75,30.15,30.3,6886931
2020-10-14,30.1,30.3,29.1,29.8,21802474
2020-10-15,29.95,30.25,29.5,29.7,8221247
2020-10-16,29.9,30.85,29.55,30.6,8872911
2020-10-19,31.05,31.5,30.4,31.4,11741287
2020-10-20,31.1,31.25,30.7,31.05,5429411
2020-10-21,31.3,31.6,30.15,30.45,9371467
2020-10-22,30.5,30.6,29.9,30.25,9450082
2020-10-23,30.45,30.9,30.3,30.75,5448277
2020-10-26,30.95,31.45,30.55,30.75,8089834
2020-10-27,30.75,30.8,30.15,30.3,6916361
2020-10-28,30.3,30.75,30.0,30.25,8643541
2020-10-29,30.0,30.2,29.65,30.05,9858568
2020-10-30,30.1,31.2,29.85,30.35,12684758
2020-11-02,30.6,30.75,29.95,30.1,7349120
2020-11-03,30.35,30.55,30.1,30.4,5903782
2020-11-04,30.45,30.65,30.1,30.35,4567261
2020-11-05,30.6,32.9,30.55,32.5,20261339
2020-11-06,32.55,32.8,32.1,32.65,5712555
2020-11-09,32.95,33.35,32.25,33.2,7039795
2020-11-10,33.3,34.05,32.95,33.8,8666342
2020-11-11,34.0,34.5,33.2,34.25,9446493
2020-11-12,34.9,35.2,33.7,34.05,16140924
2020-11-13,34.0,35.0,33.45,34.8,10354646
2020-11-14,35.45,35.75,35.05,35.2,3708952
2020-11-17,35.45,36.85,35.35,36.7,24348128
2020-11-18,36.75,37.35,35.6,35.85,16385504
2020-11-19,35.35,38.3,35.15,36.6,23397649
2020-11-20,36.8,37.4,35.8,36.55,8971242
2020-11-23,36.6,37.1,36.2,36.5,7302667
2020-11-24,36.8,36.85,36.3,36.4,5819412
2020-11-25,36.55,36.75,35.4,35.75,11176514
2020-11-26,35.95,38.15,35.5,37.7,26513634
2020-11-27,38.2,40.2,37.65,39.2,60014452
2020-12-01,39.25,40.0,38.65,39.75,20280722
2020-12-02,40.0,43.2,40.0,41.5,57977356
2020-12-03,42.2,42.6,41.4,42.05,26911330
2020-12-04,42.2,43.65,41.35,42.25,32824268
2020-12-07,42.3,44.4,42.3,43.1,29069140
2020-12-08,43.75,44.0,41.4,42.4,22303921
2020-12-09,42.7,43.2,41.9,42.1,15139743
2020-12-10,41.9,42.2,40.5,41.8,15908864
2020-12-11,42.1,43.85,42.0,42.7,37535018
2020-12-14,42.95,43.5,42.4,43.1,12423554
2020-12-15,43.0,43.2,42.2,42.9,10387391
2020-12-16,43.2,44.6,43.05,44.35,29114062
2020-12-17,44.35,45.0,43.05,43.35,22150396
2020-12-18,43.35,43.95,42.1,43.7,20512034
2020-12-21,43.35,43.7,38.6,39.2,31932875
2020-12-22,39.5,40.2,37.35,39.8,24556242
2020-12-23,40.0,41.35,39.4,41.05,15274144
2020-12-24,41.4,42.6,40.65,40.9,17138511
2020-12-28,41.25,42.8,41.1,42.55,18682388
2020-12-29,42.95,42.95,41.5,42.1,12906627
2020-12-30,42.15,42.45,41.0,41.55,19762936
2020-12-31,41.7,43.9,41.35,43.1,29481968
2021-01-01,43.1,44.8,42.9,44.35,21794881
2021-01-04,45.0,47.45,45.0,47.05,41266200
2021-01-05,46.85,47.5,46.0,46.25,22310382
2021-01-06,46.3,47.55,45.7,47.1,28977403
2021-01-07,48.0,48.85,47.75,48.1,29401275
2021-01-08,48.75,50.0,47.6,47.85,40719826
2021-01-11,48.15,48.65,46.0,46.75,27911722
2021-01-12,46.8,48.4,46.15,47.7,25528228
2021-01-13,48.1,48.35,46.05,46.75,21435485
2021-01-14,46.75,47.05,45.55,46.0,15585634
2021-01-15,46.0,46.9,44.6,45.35,22868532
2021-01-18,45.25,45.45,43.1,43.45,19600552
2021-01-19,43.9,45.25,43.55,44.95,13157314
2021-01-20,45.0,46.4,44.95,45.55,13215552
2021-01-21,45.8,48.95,45.05,47.8,44344583
2021-01-22,48.5,49.2,46.3,46.6,37341859
2021-01-25,47.0,47.4,45.5,46.15,14379560
2021-01-27,45.95,48.2,45.3,47.9,49102495
2021-01-28,48.0,48.55,46.05,47.0,60429203
2021-01-29,47.65,48.7,46.9,47.9,37615316
2021-02-01,48.1,49.45,47.3,49.3,30957716
2021-02-02,49.75,51.1,49.3,50.45,34285287
2021-02-03,50.6,51.45,50.05,50.9,29879256
2021-02-04,50.8,52.25,50.55,51.65,29313727
2021-02-05,50.95,52.15,49.6,50.2,49505156
2021-02-08,50.75,51.4,50.2,50.55,13721690
2021-02-09,50.35,50.75,48.9,49.15,27287467
2021-02-10,48.75,50.1,48.65,49.15,19154211
2021-02-11,48.9,51.1,48.85,50.7,13967283
2021-02-12,50.85,50.95,48.35,48.9,22591168
2021-02-15,49.5,49.7,48.35,48.6,17927525
2021-02-16,48.4,50.4,48.4,50.15,22531335
2021-02-17,50.0,51.15,49.65,50.5,18338990
2021-02-18,51.3,52.5,51.05,52.05,25119073
2021-02-19,51.95,53.3,51.0,51.75,26205044
2021-02-22,51.75,54.0,51.6,52.6,33657236
2021-02-23,52.95,55.65,52.95,55.25,41600364
2021-02-24,55.5,56.25,54.05,54.9,14037303
2021-02-25,55.75,57.7,55.5,57.25,54867256
2021-02-26,55.6,61.25,55.55,60.0,84430088
2021-03-01,60.9,61.15,58.65,59.8,41605571
2021-03-02,60.05,60.75,58.6,59.15,20623334
2021-03-03,60.0,64.0,60.0,62.1,49281712
2021-03-04,60.8,61.6,59.75,61.2,21215806
2021-03-05,60.2,60.95,56.9,57.75,32506194
2021-03-08,58.4,60.95,58.2,60.0,26836220
2021-03-09,60.5,60.95,56.8,57.85,20143329
2021-03-10,58.9,59.65,57.3,58.7,25716787
2021-03-12,59.55,60.2,57.8,58.6,16433808
2021-03-15,59.1,60.1,57.6,59.8,22479888
2021-03-16,60.2,60.3,58.7,59.2,11358780
2021-03-17,59.25,59.5,56.0,56.25,14100937
2021-03-18,57.1,57.95,55.45,56.8,22215826
2021-03-19,56.4,56.8,53.4,55.8,53064530
2021-03-22,54.45,55.4,54.05,54.45,11491902
2021-03-23,54.5,56.0,54.0,54.95,27785690
2021-03-24,54.4,54.45,53.05,53.3,14058803
2021-03-25,53.0,53.5,50.7,52.0,29049449
2021-03-26,52.85,54.25,52.25,53.75,19616627
2021-03-30,54.5,55.25,53.9,54.2,12385176
2021-03-31,54.3,55.35,53.55,54.05,10936810
2021-04-01,54.8,59.2,54.5,58.75,41165892
2021-04-05,59.0,59.45,55.7,57.8,29172972
2021-04-06,58.4,60.0,57.6,59.25,33656817
2021-04-07,59.65,60.75,58.65,59.15,25158686
2021-04-08,59.35,61.75,59.35,60.35,38385798
2021-04-09,60.85,61.45,58.9,59.4,23631001
2021-04-12,57.85,57.85,52.75,53.7,27358620
2021-04-13,54.15,56.1,53.6,55.9,18092644
2021-04-15,56.5,58.45,56.0,58.05,29263919
2021-04-16,58.5,60.5,58.1,58.95,36637198
2021-04-19,56.5,58.2,56.0,57.3,21241428
2021-04-20,58.3,58.8,56.0,56.6,17092853
2021-04-22,56.7,57.7,55.0,56.65,15214122
2021-04-23,56.5,58.25,56.0,56.75,18244497
2021-04-26,57.65,58.65,57.05,57.9,19648259
2021-04-27,57.8,61.7,57.8,60.9,57943087
2021-04-28,61.9,61.9,59.85,61.05,26439244
2021-04-29,61.55,65.1,61.3,64.75,82049507
2021-04-30,64.05,66.5,63.6,64.65,63336705
2021-05-03,64.4,68.5,64.15,67.65,59516858
2021-05-04,68.9,70.0,66.05,66.5,60967539
2021-05-05,67.6,68.3,66.35,66.7,23724457
2021-05-06,67.0,69.75,67.0,68.55,36206831
2021-05-07,70.2,78.45,69.75,76.0,142651924
2021-05-10,79.9,82.1,77.0,81.5,99413238
2021-05-11,78.5,81.8,77.6,79.5,57567824
2021-05-12,80.25,82.0,72.9,74.9,63568562
2021-05-14,76.4,76.8,69.0,71.35,88077275
2021-05-17,71.5,76.3,70.15,76.0,61294393
2021-05-18,77.7,78.9,75.3,76.2,55177687
2021-05-19,76.0,76.0,73.45,73.8,28425770
2021-05-20,72.2,73.8,70.35,71.65,39125275
2021-05-21,72.0,72.5,70.55,70.8,20765563
2021-05-24,71.0,73.8,69.25,73.2,37218202
2021-05-25,74.35,75.7,71.8,72.6,45086980
2021-05-26,72.4,73.35,70.2,71.8,37446685
2021-05-27,71.9,74.45,71.15,73.8,35664200
2021-05-28,75.1,76.2,71.7,72.1,36957613
2021-05-31,72.0,74.3,71.2,73.8,36854635
2021-06-01,74.4,74.4,72.15,72.35,21669530
2021-06-02,71.7,73.2,71.65,72.85,20263586
2021-06-03,74.0,74.45,72.7,73.05,24061054
2021-06-04,73.0,73.15,71.5,72.75,20694407
2021-06-07,73.45,75.75,73.0,74.2,27737714
2021-06-08,74.25,74.5,72.0,72.7,24115943
2021-06-09,72.95,73.35,69.75,70.45,21651486
2021-06-10,71.05,71.85,70.7,71.2,11063501
2021-06-11,72.0,72.85,70.1,72.15,22888037
2021-06-14,72.5,72.6,69.95,71.8,17719220
2021-06-15,72.2,72.45,71.3,71.85,11165235
2021-06-16,72.0,72.15,69.5,69.95,20417398
2021-06-17,69.4,70.9,67.0,68.65,22796050
2021-06-18,68.75,69.3,65.05,67.65,46281471
2021-06-21,66.0,69.1,65.5,68.8,19366291
2021-06-22,69.6,71.0,68.95,69.2,23781889
2021-06-23,69.65,70.9,68.75,69.0,23138982
2021-06-24,69.35,69.85,68.1,68.45,10010661
2021-06-25,69.0,74.2,69.0,73.45,49539925
2021-06-28,75.15,84.3,74.0,80.05,196156470
2021-06-29,81.5,82.55,76.5,77.15,100454076
2021-06-30,78.0,79.5,77.75,78.35,38789162
2021-07-01,79.0,79.1,77.65,77.95,20122352
2021-07-02,78.05,80.45,77.6,79.0,34814972
2021-07-05,79.85,82.0,78.6,81.45,41927029
2021-07-06,81.9,82.5,79.7,80.05,31178977
2021-07-07,80.0,86.8,79.5,84.95,69554817
2021-07-08,84.9,85.5,81.65,83.2,37286904
2021-07-09,83.2,85.5,82.8,85.35,33571949
2021-07-12,86.15,86.75,83.6,84.35,20318781
2021-07-13,85.25,85.75,84.6,85.3,16865818
2021-07-14,84.9,86.2,84.1,84.6,16895714
2021-07-15,84.6,85.0,82.55,83.95,16939947
2021-07-16,84.1,88.7,83.9,88.3,50313498
2021-07-19,87.4,91.0,87.0,88.95,99178570
2021-07-20,87.6,88.95,84.1,85.2,35149375
2021-07-22,86.15,87.35,84.5,85.0,18125205
2021-07-23,85.6,85.6,81.9,82.45,18396728
2021-07-26,83.0,84.2,82.35,83.55,22997571
2021-07-27,84.0,88.0,83.8,87.15,51998565
2021-07-28,88.0,88.25,82.65,85.5,53580041
2021-07-29,86.5,93.45,85.6,92.95,109597023
2021-07-30,92.95,96.0,91.9,93.5,71825643
2021-08-02,94.5,96.0,94.0,95.0,32883709
2021-08-03,95.0,95.6,93.5,94.45,27024198
2021-08-04,95.2,96.6,92.55,93.35,30531451
2021-08-05,93.85,97.0,91.3,96.6,42288286
2021-08-06,96.85,97.45,93.05,94.2,49194954
2021-08-09,90.0,90.0,81.65,82.75,85514826
2021-08-10,83.0,84.7,77.55,78.3,43373805
2021-08-11,79.8,82.8,78.45,82.35,53432083
2021-08-12,82.65,84.8,82.15,84.55,25485206
2021-08-13,84.3,85.25,81.9,83.75,39375720
2021-08-16,83.45,84.6,82.6,83.2,13860184
2021-08-17,83.2,83.55,80.2,80.7,14928972
2021-08-18,80.3,80.85,78.0,78.65,17623070
2021-08-20,76.3,78.0,72.9,73.3,33877528
2021-08-23,74.5,75.9,71.25,74.75,27684657
2021-08-24,76.25,81.0,76.0,80.4,60620131
2021-08-25,80.6,82.95,79.05,81.2,36671286
2021-08-26,82.05,82.45,78.1,78.8,34231088
2021-08-27,80.05,85.4,80.05,85.0,88592398
2021-08-30,85.45,89.0,85.0,87.95,61988978
2021-08-31,87.85,91.0,86.85,90.75,59439489
2021-09-01,91.0,91.55,87.9,88.5,36369489
2021-09-02,88.5,90.7,88.05,89.55,27653609
2021-09-03,90.0,95.3,89.2,93.9,59127121
2021-09-06,95.0,102.3,94.05,99.2,130063148
2021-09-07,99.95,99.95,95.8,96.3,36603918
2021-09-08,96.0,99.2,94.95,96.4,34369715
2021-09-09,96.9,98.8,94.8,97.95,28533795
2021-09-13,99.55,102.45,99.5,100.75,39468251
2021-09-14,100.95,101.2,97.9,98.15,19119757
2021-09-15,97.55,98.9,95.65,96.0,21232270
2021-09-16,96.6,97.65,95.35,96.4,15173926
2021-09-17,97.35,98.05,92.3,94.15,28300897
2021-09-20,91.0,92.7,85.2,85.75,30651371
2021-09-21,86.1,89.0,85.5,88.6,33668308
2021-09-22,88.95,91.6,88.55,90.75,42911705
2021-09-23,92.0,93.25,90.5,91.05,24837792
2021-09-24,91.0,91.65,87.1,88.5,29569027
2021-09-27,89.5,92.2,87.1,90.05,34162368
2021-09-28,90.1,91.0,87.8,89.0,24414545
2021-09-29,88.1,95.6,88.1,94.4,44321078
2021-09-30,94.85,96.15,93.05,93.4,27978738
2021-10-01,93.0,96.0,90.05,95.5,33146148
2021-10-04,96.25,106.0,95.3,105.05,97406843
2021-10-05,104.0,105.85,102.05,102.4,53938440
2021-10-06,103.0,103.35,96.1,96.65,31268386
2021-10-07,97.7,101.0,96.15,96.55,19035681
2021-10-08,97.5,99.35,95.85,96.2,16346743
2021-10-11,96.9,98.25,96.0,96.35,15392018
2021-10-12,98.0,103.0,97.0,101.45,38450940
2021-10-13,105.0,106.7,103.0,105.25,51088573
2021-10-14,107.25,108.75,105.55,107.6,44802816
2021-10-18,112.05,127.95,112.05,121.7,182556138
2021-10-19,123.55,123.75,112.5,114.05,50511384
2021-10-20,113.8,113.8,106.75,109.45,47258759
2021-10-21,110.4,113.25,103.45,108.65,42042694
2021-10-22,106.9,107.65,102.0,103.45,38996678
2021-10-25,104.45,106.7,99.8,103.8,40399956
2021-10-26,104.1,107.75,102.25,106.8,32466305
2021-10-27,107.45,107.45,101.0,101.9,33353337
2021-10-28,98.7,100.75,95.1,98.55,53921049
2021-10-29,98.0,100.65,96.15,96.9,36744756
2021-11-01,98.0,102.8,98.0,101.3,36047025
2021-11-02,101.8,102.65,99.35,99.75,21070488
2021-11-03,100.65,101.5,99.5,99.9,18685467
2021-11-04,100.75,101.6,99.5,100.1,4494981
2021-11-08,100.8,101.45,97.45,100.3,29786128
2021-11-09,101.0,103.8,100.1,102.0,35770531
2021-11-10,101.5,102.0,99.0,99.25,32348526
2021-11-11,99.05,100.75,98.35,99.3,22068618
2021-11-12,100.15,102.5,99.3,101.45,41846094
2021-11-15,103.5,104.4,99.2,99.75,36796898
2021-11-16,100.0,101.65,99.1,99.8,18287716
2021-11-17,99.55,100.15,98.1,98.75,15777284
2021-11-18,98.95,99.65,93.2,94.75,19825027
2021-11-22,95.1,96.9,93.1,96.1,29362641
2021-11-23,95.5,100.2,95.05,99.05,33765962
2021-11-24,97.9,98.1,95.1,95.7,22071642
2021-11-25,95.95,97.4,93.85,96.9,23266775
2021-11-26,95.7,95.7,87.4,88.1,58612326
2021-11-29,88.5,91.5,86.3,88.35,37838264
2021-11-30,88.5,91.15,88.0,88.35,28899483
2021-12-01,88.8,90.25,87.05,89.95,24802278
2021-12-02,89.95,91.7,88.8,91.3,21569057
2021-12-03,91.6,92.9,90.7,91.7,20282669
2021-12-06,91.65,92.7,89.65,90.2,15890786
2021-12-07,92.75,97.25,92.45,96.6,65949099
2021-12-08,97.9,98.8,95.8,98.3,31955015
2021-12-09,98.75,100.2,97.2,99.8,26323601
2021-12-10,99.5,101.25,97.65,98.95,26631910
2021-12-13,99.85,102.7,99.5,99.8,32718505
2021-12-14,99.9,102.75,99.1,101.9,25884738
2021-12-15,102.0,103.0,100.0,100.3,20810430
2021-12-16,101.1,101.8,99.3,100.8,18773061
2021-12-17,100.8,100.95,97.15,98.7,22729090
2021-12-20,96.95,96.95,91.8,93.4,25368680
2021-12-21,94.85,100.35,94.7,98.45,34863302
2021-12-22,99.0,103.85,98.9,103.2,36341980
2021-12-23,104.0,105.95,103.3,103.8,27931088
2021-12-24,104.0,104.4,99.85,100.8,22078242
2021-12-27,101.1,101.35,98.85,100.9,16180239
2021-12-28,101.8,101.85,99.7,100.05,13262933
2021-12-29,100.0,100.4,97.8,98.65,14207710
2021-12-30,99.05,99.55,97.15,97.6,13830285
2021-12-31,98.1,101.6,98.0,101.0,20515952
2022-01-03,101.65,103.6,100.4,103.15,16026094
2022-01-04,103.7,103.85,100.6,102.1,15941813
2022-01-05,102.4,103.8,101.2,103.45,18928897
2022-01-06,102.0,106.4,102.0,104.9,31853197
2022-01-07,106.55,111.45,105.25,110.7,47566917
2022-01-10,111.0,113.45,109.7,112.65,30154428
2022-01-11,111.55,113.5,108.0,108.45,27455575
2022-01-12,109.6,112.0,109.1,111.3,18671986
2022-01-13,112.1,114.8,111.85,113.7,24520098
2022-01-14,113.2,115.25,112.55,113.55,18050750
2022-01-17,113.9,113.9,108.55,110.25,30540288
2022-01-18,111.1,111.9,106.55,107.1,20869250
2022-01-19,107.0,110.55,106.85,109.2,21877233
2022-01-20,109.75,111.65,109.1,110.65,20232399
2022-01-21,110.75,112.1,106.8,108.25,25869682
2022-01-24,107.7,107.7,100.4,101.2,24601605
2022-01-25,100.4,108.25,99.1,107.25,23190672
2022-01-27,104.9,107.2,103.1,106.25,22428747
2022-01-28,107.3,112.2,107.15,108.8,23770677
2022-01-31,109.45,110.4,108.0,108.85,13071171
2022-02-01,109.6,114.05,108.95,113.45,24751311
2022-02-02,114.65,116.4,112.9,116.05,26715512
2022-02-03,115.8,118.6,115.25,116.8,19078393
2022-02-04,117.35,121.5,117.0,117.85,27147310
2022-02-07,118.5,120.9,117.9,119.0,20083666
2022-02-08,120.0,121.45,114.3,119.2,39305478
2022-02-09,121.3,126.25,121.3,124.7,39566419
2022-02-10,125.95,128.25,125.3,125.9,28640085
2022-02-11,124.0,126.9,121.4,122.5,25387059
2022-02-14,120.0,123.45,118.8,119.3,24080150
2022-02-15,121.5,123.0,115.2,122.35,28875446
2022-02-16,123.2,123.7,119.8,120.8,17759314
2022-02-17,120.0,120.7,116.3,117.4,16060493
2022-02-18,116.5,118.3,114.8,115.15,12570792
2022-02-21,114.5,115.5,110.95,111.65,17871734
2022-02-22,109.7,116.7,108.85,115.5,34467444
2022-02-23,116.6,117.7,114.55,116.1,31552718
2022-02-24,111.75,118.3,110.5,112.05,51106078
2022-02-25,114.9,121.6,114.6,117.3,38625074
2022-02-28,117.3,122.45,115.95,121.3,40870737
2022-03-02,122.0,128.4,122.0,125.95,44096512
2022-03-03,130.0,130.9,125.6,129.0,37451342
2022-03-04,130.0,132.7,122.25,122.8,52843905
2022-03-07,125.25,128.05,122.1,127.1,39261391
2022-03-08,126.5,126.9,120.5,122.15,37399419
2022-03-09,122.5,123.45,120.3,122.35,22882167
2022-03-10,119.75,122.9,117.65,122.2,33936972
2022-03-11,122.55,125.4,121.35,121.9,21491624
2022-03-14,122.0,122.9,116.7,117.75,18735258
2022-03-15,116.7,116.7,112.75,113.65,27015131
2022-03-16,114.25,118.45,114.25,117.0,24717094
2022-03-17,118.2,118.9,112.5,116.75,72085362
2022-03-21,119.0,123.8,119.0,122.8,42609037
2022-03-22,124.0,126.0,121.7,122.2,23499881
2022-03-23,122.0,124.35,120.15,123.15,34623994
2022-03-24,123.4,127.45,123.4,124.1,40640878
2022-03-25,124.25,124.8,121.15,121.7,17604708
2022-03-28,121.4,124.0,120.5,122.7,17429576
2022-03-29,122.95,123.4,120.6,121.15,13249185
2022-03-30,120.0,120.0,116.4,116.8,15857126
2022-03-31,118.4,122.35,118.1,121.8,22945839
2022-04-01,122.2,123.25,120.85,122.05,13829876
2022-04-04,122.7,126.4,122.5,125.95,18233438
2022-04-05,126.65,126.65,125.1,125.6,10933407
2022-04-06,124.7,132.4,124.45,130.0,31204842
2022-04-07,130.0,130.9,124.0,124.45,18731349
2022-04-08,125.5,127.3,124.75,126.85,10714327
2022-04-11,126.95,128.3,124.0,124.25,12849380
2022-04-12,124.0,124.15,117.75,119.9,28469425
2022-04-13,120.5,122.05,119.55,120.05,11210665
2022-04-18,119.8,122.0,117.35,119.7,14490629
2022-04-19,120.4,123.25,117.25,119.6,14880212
2022-04-20,120.25,121.1,118.3,119.25,18452028
2022-04-21,119.45,120.25,117.3,119.3,16227721
2022-04-22,117.3,118.5,114.9,115.15,23547072
2022-04-25,111.9,112.4,108.5,109.35,20180148
2022-04-26,110.25,111.6,109.15,110.1,13120220
2022-04-27,108.4,110.3,106.15,108.45,18633625
2022-04-28,109.45,110.2,107.0,107.95,12252792
2022-04-29,109.0,109.4,104.3,105.05,15914628
2022-05-02,103.25,106.75,103.25,106.45,14264215
2022-05-04,105.5,106.35,100.4,101.0,20622693
2022-05-05,102.95,104.1,100.6,101.1,11893961
2022-05-06,98.0,99.8,97.3,98.6,15293852
2022-05-09,97.4,97.6,94.6,95.75,15243665
2022-05-10,95.0,95.45,89.0,89.35,22310438
2022-05-11,90.0,92.6,87.6,90.6,19100752
2022-05-12,90.0,90.9,86.75,88.85,21955290
2022-05-13,90.9,91.45,88.5,89.25,20367885
2022-05-16,91.2,91.65,89.05,90.9,10037669
2022-05-17,92.0,98.7,91.65,97.95,30736909
2022-05-18,98.3,98.8,95.4,97.7,22148741
2022-05-19,95.0,95.7,92.0,94.25,20104990
2022-05-20,97.05,99.45,96.35,98.95,13565456
2022-05-23,96.4,97.95,93.5,95.9,19581833
2022-05-24,95.9,97.5,94.65,95.5,11649229
2022-05-25,95.8,96.4,93.0,93.75,10595703
2022-05-26,94.5,96.0,90.15,93.05,22578723
2022-05-27,94.6,94.8,91.6,92.95,13029657
2022-05-30,94.15,95.7,92.65,95.15,12156792
2022-05-31,95.0,97.4,94.5,96.2,13147525
2022-06-01,94.3,95.35,91.65,92.35,19545842
2022-06-02,92.35,93.25,90.4,92.45,16847399
2022-06-03,93.35,94.1,91.9,92.25,8056796
2022-06-06,90.95,92.7,90.3,92.4,10019200
2022-06-07,91.95,93.05,91.1,92.55,14212551
2022-06-08,92.9,94.1,91.95,93.8,10879404
2022-06-09,93.5,94.45,91.5,92.3,9315287
2022-06-10,90.8,91.5,88.25,90.6,17905822
2022-06-13,88.0,88.45,85.1,85.8,18907206
2022-06-14,83.55,86.0,82.95,83.1,17810587
2022-06-15,83.75,84.35,81.6,82.1,13131903
2022-06-16,83.5,83.7,77.6,78.2,14581669
2022-06-17,77.7,79.25,75.4,75.7,15436230
2022-06-20,75.45,75.7,68.6,70.55,24736353
2022-06-21,71.95,74.6,70.75,73.4,20301236
2022-06-22,72.5,72.5,68.5,68.85,23211784
2022-06-23,69.0,70.3,67.0,67.95,26619459
2022-06-24,68.65,69.7,67.6,69.3,17983417
2022-06-27,70.9,71.65,69.95,70.2,15341687
2022-06-28,70.25,72.65,69.55,72.45,19577338
2022-06-29,71.5,71.9,70.05,71.2,12502473
2022-06-30,71.35,71.7,68.55,68.8,15333346
2022-07-01,68.0,68.9,67.0,68.8,16360489
2022-07-04,68.8,70.45,67.1,69.95,17851626
2022-07-05,70.1,72.05,69.15,69.55,18619264
2022-07-06,68.7,70.8,66.95,70.5,22429824
2022-07-07,71.5,74.8,69.65,74.2,27239352
2022-07-08,75.0,75.25,72.55,74.35,28275262
2022-07-11,73.65,75.05,72.85,73.65,23020215
2022-07-12,72.8,73.85,71.35,72.45,20840984
2022-07-13,72.45,73.3,72.1,72.7,11618515
2022-07-14,72.75,73.2,70.15,70.6,16489133
2022-07-15,70.0,70.85,69.05,70.25,17265535
2022-07-18,71.2,73.85,70.85,73.6,15160800
2022-07-19,73.0,74.3,72.6,73.6,14500481
2022-07-20,74.5,76.4,73.95,75.1,20827493
2022-07-21,75.05,75.9,74.7,75.45,11264107
2022-07-22,75.95,76.1,74.4,74.85,11128040
2022-07-25,75.15,75.45,74.25,75.2,10413496
2022-07-26,75.4,76.1,73.6,74.1,14291662
2022-07-27,74.1,76.05,73.55,75.9,9052097
2022-07-28,76.55,76.65,74.8,75.35,15743615
2022-07-29,76.0,78.6,75.6,77.8,24079718
2022-08-01,78.2,79.35,77.45,79.1,12545177
2022-08-02,78.5,78.5,76.4,77.6,17060392
2022-08-03,77.55,78.7,76.1,77.45,10743005
2022-08-04,77.8,79.55,77.1,77.95,14672063
2022-08-05,78.0,78.85,77.4,77.65,10066322
2022-08-08,77.5,79.2,77.45,78.8,9848006
2022-08-10,78.8,80.95,76.95,79.7,23191150
2022-08-11,80.2,80.3,78.95,79.2,11537786
2022-08-12,79.35,80.95,79.2,79.8,12629443
2022-08-16,79.8,80.1,77.85,79.2,11865866
2022-08-17,79.25,83.45,79.15,82.3,28975055
2022-08-18,82.5,82.8,80.7,81.25,14538447
2022-08-19,81.8,81.8,78.65,79.15,13636193
2022-08-22,79.0,79.0,76.8,77.0,12092950
2022-08-23,76.2,79.6,75.95,79.2,13581136
2022-08-24,79.4,80.5,78.95,79.95,9316991
2022-08-25,80.2,80.9,79.3,79.6,7118905
2022-08-26,80.2,82.55,79.85,81.7,15118718
2022-08-29,79.0,80.9,78.75,80.2,10138292
2022-08-30,80.9,81.35,80.3,80.5,8423342
2022-09-01,79.45,80.5,77.25,77.7,21407129
2022-09-02,78.0,78.05,76.7,77.1,11440392
2022-09-05,77.65,79.5,77.1,79.4,12085923
2022-09-06,79.9,80.5,78.9,80.35,13155323
2022-09-07,79.85,80.3,79.1,80.15,10218095
2022-09-08,81.15,81.9,79.35,79.6,10338905
2022-09-09,80.9,81.7,79.7,79.95,13114973
2022-09-12,81.0,81.4,80.5,81.25,10923381
2022-09-13,81.85,82.35,81.3,81.4,11674146
2022-09-14,80.25,83.8,79.7,82.65,19396977
2022-09-15,81.8,81.8,79.05,79.25,22339284
2022-09-16,79.25,79.25,76.35,77.05,18887924
2022-09-19,77.45,77.6,74.1,74.4,15147915
2022-09-20,75.0,76.65,74.95,75.6,15967908
2022-09-21,75.2,76.3,74.0,74.15,10148766
2022-09-22,73.1,75.2,73.1,74.95,11709304
2022-09-23,75.0,75.45,72.65,73.05,8819359
2022-09-26,72.0,72.3,68.6,68.9,17292415
2022-09-27,69.0,69.9,67.6,68.95,12741787
2022-09-28,68.5,68.95,66.95,67.1,9616310
2022-09-29,68.15,68.85,67.25,67.75,10459007
2022-09-30,68.5,71.85,68.2,71.3,16670832
2022-10-03,70.95,70.95,68.4,68.65,15908507
2022-10-04,71.0,71.2,69.7,70.85,17040008
2022-10-06,72.0,73.3,71.75,72.75,12882262
2022-10-07,73.0,73.0,71.75,72.35,7104964
2022-10-10,71.2,72.45,70.45,72.25,6928269
2022-10-11,72.3,73.05,69.9,70.1,10578567
2022-10-12,70.5,70.75,69.2,70.5,8444884
2022-10-13,72.2,72.9,70.9,72.3,22993510
2022-10-14,73.2,73.6,69.6,70.0,15341395
2022-10-17,69.95,69.95,68.45,68.7,14277417
2022-10-18,69.2,69.6,68.5,68.65,8941289
2022-10-19,68.7,69.9,68.45,68.85,7423142
2022-10-20,68.45,70.5,68.05,70.3,9456456
2022-10-21,70.25,70.65,69.35,69.75,8386352
2022-10-24,70.4,70.4,70.0,70.15,1320735
2022-10-25,70.2,70.3,69.45,69.6,10241432
2022-10-27,71.1,72.15,71.0,71.3,18476668
2022-10-28,71.7,71.7,69.15,69.8,11551172
2022-10-31,70.0,70.55,68.9,70.2,8029799
2022-11-01,70.1,71.55,70.0,71.0,10523704
2022-11-02,71.4,72.55,71.15,71.7,9931581
2022-11-03,71.0,71.45,70.55,71.0,12721120
2022-11-04,71.4,73.75,71.3,73.35,17688509
2022-11-07,74.35,76.2,72.75,75.9,23420487
2022-11-09,76.4,76.45,73.8,74.1,21304507
2022-11-10,73.0,73.85,72.05,72.45,12863405
2022-11-11,73.9,75.5,73.3,74.55,12989668
2022-11-14,75.3,78.15,75.15,77.95,26350018
2022-11-15,78.3,78.85,77.25,78.35,14496196
2022-11-16,78.1,78.45,75.85,76.4,8750992
2022-11-17,76.0,76.2,74.4,75.35,6785783
2022-11-18,75.5,76.2,73.0,73.5,9898388
2022-11-21,74.0,74.3,73.2,73.8,7806849
2022-11-22,74.2,74.2,73.2,73.85,4410210
2022-11-23,74.45,75.0,73.8,74.4,6575412
2022-11-24,74.9,75.1,73.9,74.9,6504948
2022-11-25,74.6,75.7,74.45,75.4,6744711
2022-11-28,74.95,75.25,74.2,74.5,8033647
2022-11-29,74.9,77.1,74.7,75.4,12911601
2022-11-30,75.4,77.2,75.4,77.0,14072369
2022-12-01,78.3,78.9,77.8,78.0,17910379
2022-12-02,77.8,78.7,77.65,78.0,7625013
2022-12-05,79.2,81.15,78.8,80.2,27249138
2022-12-06,79.8,79.8,77.75,78.4,13256787
2022-12-07,78.9,79.0,77.8,78.55,9649174
2022-12-08,78.7,79.2,77.5,78.55,11025693
2022-12-09,79.2,79.45,76.5,76.9,11968333
2022-12-12,76.4,78.0,75.35,77.65,8657751
2022-12-13,77.65,78.2,77.0,77.3,7233729
2022-12-14,77.55,79.6,77.55,79.1,11478637
2022-12-15,79.0,79.65,77.3,77.7,8780986
2022-12-16,77.0,78.25,76.3,77.35,10372718
2022-12-19,77.1,78.4,76.75,78.1,7108283
2022-12-20,77.5,78.3,76.2,78.15,9405089
2022-12-21,78.65,80.1,77.1,77.6,16628699
2022-12-22,78.0,78.4,74.7,75.65,8068682
2022-12-23,74.65,75.1,71.5,71.85,12489907
2022-12-26,71.7,74.4,69.8,74.05,11259187
2022-12-27,75.0,79.4,74.85,78.85,24136229
2022-12-28,78.65,79.5,77.8,78.75,9672352
2022-12-29,77.75,79.45,77.4,79.05,14513946
2022-12-30,80.15,82.5,79.9,80.4,24700907
2023-01-02,81.05,84.3,80.85,83.7,26151479
2023-01-03,83.95,84.5,82.75,83.1,13010713
2023-01-04,82.95,82.95,80.05,80.9,16399087
2023-01-05,81.3,82.45,80.1,81.7,18655160
2023-01-06,81.95,82.45,80.9,81.3,8428579
2023-01-09,82.6,83.95,82.5,83.25,14635336
2023-01-10,84.9,85.45,82.55,83.3,21067097
2023-01-11,83.85,85.5,83.65,84.7,23404023
2023-01-12,84.6,84.75,81.2,82.5,26126468
2023-01-13,83.1,84.0,82.85,83.2,10341626
2023-01-16,84.1,84.6,82.85,83.65,14008284
2023-01-17,84.05,84.75,82.6,84.5,16709494
2023-01-18,84.45,85.8,84.1,85.25,19612529
2023-01-19,84.4,86.55,84.1,85.45,15849863
2023-01-20,85.45,86.1,83.75,83.95,12331004
2023-01-23,84.55,84.7,83.4,84.5,7441506
2023-01-24,84.6,85.0,83.2,84.0,7110397
2023-01-25,83.25,83.6,82.2,82.65,10768801
2023-01-27,83.3,83.9,81.05,82.3,16693903
2023-01-30,82.75,83.3,81.45,82.8,12599662
2023-01-31,83.25,83.85,81.95,83.35,9654179
2023-02-01,84.4,84.65,79.7,81.7,10560529
2023-02-02,80.45,82.7,80.4,81.3,7173710
2023-02-03,81.75,81.85,77.5,78.45,11496275
2023-02-06,78.5,78.8,77.35,77.55,5945783
2023-02-07,77.55,77.6,75.65,76.7,10704992
2023-02-08,76.7,78.7,76.7,78.35,5995127
2023-02-09,78.0,79.15,77.5,78.2,8329778
2023-02-10,78.4,78.8,76.55,76.7,8570383
2023-02-13,76.5,79.4,76.1,78.9,18245506
2023-02-14,78.9,79.35,76.45,78.65,12287723
2023-02-15,78.6,79.95,78.3,79.1,11245876
2023-02-16,79.5,80.9,78.9,80.6,10036000
2023-02-17,80.1,81.25,79.7,80.45,8039120
2023-02-20,80.5,81.65,80.3,81.35,6001314
2023-02-21,81.8,82.8,81.2,82.05,8865307
2023-02-22,81.7,81.75,80.35,81.2,5778099
2023-02-23,81.6,82.5,80.75,82.05,10637534
2023-02-24,82.05,82.3,78.1,78.3,15008993
2023-02-27,78.55,78.55,76.2,77.85,8706919
2023-02-28,78.05,79.0,76.85,78.25,9951311
2023-03-01,78.15,83.0,78.15,82.65,14651557
2023-03-02,82.3,83.3,81.95,82.15,5514213
2023-03-03,82.4,82.8,81.6,82.5,6474156
2023-03-06,82.95,84.65,81.5,84.2,14092792
2023-03-08,83.15,83.4,81.9,82.45,7117864
2023-03-09,82.75,83.8,82.4,82.5,9911679
2023-03-10,82.2,82.4,80.65,81.95,11716910
2023-03-13,82.4,83.65,81.5,82.15,13263771
2023-03-14,82.45,82.7,80.65,82.25,14644648
2023-03-15,83.0,84.4,82.55,83.7,15374186
2023-03-16,82.25,82.35,80.3,82.0,15127247
2023-03-17,82.5,85.8,82.3,83.1,66211335
2023-03-20,83.85,83.85,78.6,79.65,24868564
2023-03-21,78.7,79.75,77.7,78.9,14164118
2023-03-22,79.0,79.15,77.6,77.9,7114893
2023-03-23,77.5,78.5,77.15,77.35,8890844
2023-03-24,77.6,78.55,76.35,77.15,11644077
2023-03-27,77.0,77.85,76.45,76.7,6292541
2023-03-28,76.95,78.0,76.0,76.25,6688608
2023-03-29,76.45,77.75,75.7,77.15,12744445
2023-03-31,77.55,79.3,77.25,78.4,11283088
2023-04-03,78.8,79.8,78.35,79.5,6535979
2023-04-05,79.1,79.4,77.95,78.8,4238488
2023-04-06,78.8,79.5,78.0,79.25,6254614
2023-04-10,79.85,80.35,79.25,80.1,3994751
2023-04-11,80.25,81.0,79.85,80.85,6789738
2023-04-12,81.0,81.4,80.5,80.65,3902633
2023-04-13,80.95,81.3,79.3,79.6,7659808
2023-04-17,79.55,81.65,79.25,81.4,5847694
2023-04-18,81.2,82.9,81.15,82.7,5503665
2023-04-19,82.55,85.0,82.5,83.9,11582762
2023-04-20,84.0,84.1,83.0,83.05,4745056
2023-04-21,83.25,83.25,81.4,82.15,4538665
2023-04-24,81.8,82.8,81.65,82.55,2696845
2023-04-25,82.55,82.9,81.6,81.85,3426102
2023-04-26,81.7,82.65,81.15,82.4,3941418
2023-04-27,82.05,82.75,81.65,82.15,3677502
2023-04-28,82.15,83.5,82.15,82.9,7993712
2023-05-02,83.2,84.15,83.0,83.1,9406438
2023-05-03,82.9,83.0,81.85,82.15,5665890
2023-05-04,82.55,83.45,82.3,82.9,5372573
2023-05-05,82.7,82.7,79.75,79.95,10707494
2023-05-08,80.6,82.2,79.2,82.05,8304922
2023-05-09,82.0,83.15,81.8,82.65,6633014
2023-05-10,82.75,83.15,82.25,82.9,5364824
2023-05-11,82.6,83.2,82.05,82.95,8089006
2023-05-12,82.4,82.4,81.05,81.85,7590851
2023-05-15,81.85,82.65,80.5,81.95,8364455
2023-05-16,82.2,82.95,80.85,81.25,7694637
2023-05-17,81.35,81.7,80.7,81.35,7364780
2023-05-18,81.8,82.15,80.55,80.85,4113102
2023-05-19,81.1,81.25,79.75,80.95,6208890
2023-05-22,80.95,81.9,80.15,81.65,3747641
2023-05-23,81.8,82.05,81.2,81.5,2655657
2023-05-24,81.45,81.45,80.55,80.65,3863837
2023-05-25,80.5,81.0,79.4,80.55,7964087
2023-05-26,80.6,85.95,80.6,84.6,30338647
2023-05-29,85.0,87.0,84.35,86.05,14212140
2023-05-30,86.55,86.65,84.0,84.2,8689842
2023-05-31,83.55,84.2,82.75,83.8,7278592
2023-06-01,83.95,84.3,82.6,82.75,4392057
2023-06-02,83.4,84.1,82.5,83.9,10245661
2023-06-05,84.45,84.65,83.6,83.85,4803136
2023-06-06,83.85,84.2,82.9,83.5,3676378
2023-06-07,83.9,84.65,83.4,84.35,5451487
2023-06-08,84.35,85.45,84.15,84.5,9413522
2023-06-09,84.45,85.2,83.65,84.3,6997178
2023-06-12,84.55,86.4,84.3,85.05,9706928
2023-06-13,85.65,85.65,84.45,85.05,7695088
2023-06-14,85.7,86.45,85.2,85.55,6421221
2023-06-15,85.65,85.95,84.6,84.8,8246347
2023-06-16,85.3,86.0,84.6,84.9,6599003
2023-06-19,85.2,85.5,84.4,84.6,4262238
2023-06-20,84.6,85.85,84.35,85.2,4747248
2023-06-21,85.3,85.65,83.7,84.05,6870008
2023-06-22,83.8,84.5,82.55,83.85,7562426
2023-06-23,83.5,83.5,81.15,81.4,6197957
2023-06-26,81.5,82.75,80.65,82.5,7554623
2023-06-27,82.9,83.2,81.9,82.25,3613648
2023-06-28,82.8,82.95,81.75,81.95,3655464
2023-06-30,82.8,82.8,81.8,82.05,5492953
2023-07-03,82.3,83.8,82.3,83.3,5017117
2023-07-04,83.7,84.2,82.85,83.6,4465335
2023-07-05,83.6,84.5,83.25,83.85,11339525
2023-07-06,84.45,84.8,83.15,84.45,6022674
2023-07-07,84.1,84.45,82.7,82.9,8348790
2023-07-10,83.0,84.5,82.65,83.35,8246076
2023-07-11,83.7,84.1,83.05,83.5,4147985
2023-07-12,83.7,85.0,83.5,84.65,8323576
2023-07-13,85.5,85.95,84.1,84.55,13131493
2023-07-14,85.2,89.6,85.15,89.3,29185342
2023-07-17,90.7,94.0,89.15,93.2,36834284
2023-07-18,93.7,93.9,91.75,92.95,12697402
2023-07-19,93.25,93.3,91.85,92.05,6450500
2023-07-20,92.05,92.4,91.15,92.25,5225209
2023-07-21,91.3,93.45,91.2,92.05,7926790
2023-07-24,92.05,92.45,91.65,92.15,4837630
2023-07-25,92.5,95.0,91.9,94.85,17044913
2023-07-26,95.9,96.35,94.65,94.9,10203850
2023-07-27,95.5,96.3,94.4,94.75,6039829
2023-07-28,94.6,95.6,94.4,95.35,4589568
2023-07-31,95.8,97.0,94.8,95.25,12565555
2023-08-01,96.0,97.6,94.95,95.6,13822528
2023-08-02,96.0,96.05,91.45,92.2,10371159
2023-08-03,92.1,94.65,90.9,94.25,8378690
2023-08-04,94.7,96.1,94.45,95.05,7599421
2023-08-07,95.55,95.85,94.65,94.9,3868398
2023-08-08,95.3,95.35,94.15,94.8,3793003
2023-08-09,94.85,97.0,94.45,96.85,7492578
2023-08-10,96.9,97.0,94.55,95.0,9670075
2023-08-11,95.0,95.4,94.0,94.3,5085284
2023-08-14,92.25,92.4,90.1,90.65,11862766
2023-08-16,90.5,90.65,88.2,89.15,9039920
2023-08-17,89.2,90.35,87.55,87.8,8375037
2023-08-18,88.1,88.5,86.2,86.8,5472352
2023-08-21,87.6,88.45,86.9,87.95,5338585
2023-08-22,88.4,89.65,87.65,88.8,7480145
2023-08-23,89.4,91.0,88.95,90.0,7507551
2023-08-24,91.15,91.2,89.5,89.75,3941647
2023-08-25,89.55,89.75,87.8,88.25,6037482
2023-08-28,88.25,90.8,88.25,90.45,7322832
2023-08-29,91.0,93.1,90.45,92.75,9665487
2023-08-30,93.6,95.5,93.0,94.2,10347871
2023-08-31,94.35,95.25,93.35,94.15,7757801
2023-09-01,94.75,98.65,94.7,98.35,18982813
2023-09-04,99.4,106.35,99.05,104.35,37266123
2023-09-05,104.35,104.5,101.05,102.45,10437911
2023-09-06,102.4,103.55,99.5,101.1,8427457
2023-09-07,100.6,101.0,99.2,100.1,6932137
2023-09-08,100.0,102.4,99.95,100.5,6890011
2023-09-11,100.8,103.0,100.0,101.6,8788628
2023-09-12,102.5,102.7,95.1,95.4,15490749
2023-09-13,95.4,97.85,94.0,97.2,9324003
2023-09-14,97.8,99.9,97.45,99.3,10429246
2023-09-15,100.75,102.65,96.3,97.35,16664082
2023-09-18,97.75,98.85,95.45,95.95,9911919
2023-09-20,94.25,96.2,93.45,95.05,9046834
2023-09-21,95.3,96.5,93.6,94.05,6843145
2023-09-22,94.3,94.5,92.5,93.5,5262470
2023-09-25,93.5,94.1,92.65,93.25,5162219
2023-09-26,93.5,94.85,92.8,93.15,4818399
2023-09-27,92.8,93.35,91.85,93.0,4134796
2023-09-28,93.5,94.3,92.8,93.15,8809867
2023-09-29,93.9,97.65,93.8,97.2,12807411
2023-10-03,97.2,97.35,95.8,96.55,9097100
2023-10-04,96.45,96.55,93.55,94.5,6709632
2023-10-05,94.85,95.5,94.15,94.4,3856960
2023-10-06,95.25,95.45,94.45,94.95,5802195
2023-10-09,94.35,94.9,92.5,93.6,5455408
2023-10-10,94.1,97.3,94.0,97.0,7106610
2023-10-11,97.55,97.8,95.6,95.8,10688385
2023-10-12,96.45,100.9,96.35,99.75,32901759
2023-10-13,98.8,100.5,98.25,99.0,11189414
2023-10-16,99.25,101.5,98.4,100.4,9487296
2023-10-17,100.95,101.65,99.45,99.6,6165187
2023-10-18,100.25,102.25,98.1,98.5,13579682
2023-10-19,97.9,98.35,95.8,97.95,7937694
2023-10-20,97.0,98.2,94.4,94.65,7689327
2023-10-23,94.95,95.0,89.2,89.7,12825736
2023-10-25,90.5,92.55,89.85,91.65,8121107
2023-10-26,91.0,91.0,88.6,90.1,6405032
2023-10-27,91.1,91.9,90.65,91.2,4813748
2023-10-30,92.05,92.4,90.9,92.05,4576393
2023-10-31,92.95,94.05,91.95,92.25,3785896
2023-11-01,92.3,92.95,91.25,91.75,3354448
2023-11-02,92.15,93.65,92.05,93.4,3847604
2023-11-03,94.25,94.4,92.85,93.05,3598184
2023-11-06,93.85,95.3,93.1,94.95,9475512
2023-11-07,95.0,95.25,93.4,93.7,5261052
2023-11-08,94.3,94.65,93.35,94.0,5370537
2023-11-09,94.05,94.35,89.25,90.4,11900597
2023-11-10,90.4,92.05,90.0,91.3,5415351
2023-11-12,92.25,92.95,92.0,92.65,1299074
2023-11-13,92.85,92.85,90.8,92.1,6250696
2023-11-15,93.5,95.25,93.25,93.85,12275928
2023-11-16,93.55,94.2,92.8,93.55,6370701
2023-11-17,93.15,93.95,92.5,92.75,6630371
2023-11-20,93.0,94.35,92.4,92.6,12966464
2023-11-21,93.3,94.65,93.2,93.7,8195390
2023-11-22,93.3,93.35,90.7,91.4,7740924
2023-11-23,91.4,91.5,90.1,90.95,8839234
2023-11-24,91.05,92.3,90.9,91.05,6747951
2023-11-28,91.65,92.4,91.1,92.0,6389749
2023-11-29,92.5,92.9,91.55,92.05,9340433
2023-11-30,92.0,92.7,91.25,92.0,10206560
2023-12-01,92.95,94.15,92.35,93.75,11700120
2023-12-04,95.1,97.75,94.55,96.95,25325753
2023-12-05,97.0,98.25,95.6,96.25,13183869
2023-12-06,96.5,100.7,95.75,99.25,25632937
2023-12-07,99.5,100.15,97.55,99.05,10912530
2023-12-08,99.1,100.1,95.3,97.45,24783460
2023-12-11,97.9,98.7,97.2,98.0,8751714
2023-12-12,98.45,99.25,96.5,96.95,9850152
2023-12-13,97.2,99.25,96.4,98.95,9617428
2023-12-14,100.5,105.15,99.5,104.25,62388957
2023-12-15,107.0,113.7,106.7,110.7,109966812
2023-12-18,110.85,120.15,108.7,115.5,76529017
2023-12-19,116.0,116.5,111.5,112.65,22097019
2023-12-20,113.5,114.5,102.8,104.3,31181286
2023-12-21,104.3,111.9,102.3,110.4,37356676
2023-12-22,112.45,117.8,112.45,115.1,71397320
2023-12-26,116.5,117.55,114.7,115.35,19681322
2023-12-27,116.05,118.8,115.7,117.85,37717475
2023-12-28,119.55,129.6,119.05,128.6,107273076
2023-12-29,130.5,135.7,126.1,131.95,92188515
2024-01-01,132.7,138.85,132.15,136.15,43783940
2024-01-02,136.6,139.85,131.8,139.05,51857420
2024-01-03,138.5,138.5,129.3,129.85,59450714
2024-01-04,131.0,132.9,129.65,130.5,22117963
2024-01-05,131.45,132.8,127.2,128.1,21198368
2024-01-08,128.95,129.5,123.05,123.75,18668735
2024-01-09,125.0,129.7,123.05,128.45,27422652
2024-01-10,130.7,133.25,127.0,130.7,44056844
2024-01-11,131.1,131.7,128.8,130.4,13675789
2024-01-12,131.9,133.45,130.8,131.45,17384204
2024-01-15,132.6,135.7,129.3,135.3,31549703
2024-01-16,139.35,144.0,136.1,138.9,95230075
2024-01-17,136.75,137.75,133.0,133.6,35627473
2024-01-18,133.0,133.45,125.4,131.25,28294930
2024-01-19,132.8,136.65,132.2,133.65,22244546
2024-01-20,134.6,139.7,133.15,135.35,24783250
2024-01-23,136.5,137.7,121.85,126.75,26838107
2024-01-24,128.0,137.8,127.2,135.6,37870264
2024-01-25,136.5,142.4,133.7,141.1,74915630
2024-01-29,144.9,148.4,141.5,145.35,53160333
2024-01-30,146.8,149.25,144.5,145.6,33529564
2024-01-31,146.9,150.0,146.25,148.85,31011594
2024-02-01,150.5,151.35,146.0,147.05,29473167
2024-02-02,148.5,157.0,146.65,153.0,54463864
2024-02-05,153.9,161.1,152.35,155.75,59800188
2024-02-06,156.7,163.8,154.15,162.75,46564944
2024-02-07,165.0,165.55,158.35,161.15,27684612
2024-02-08,162.55,164.4,157.6,160.9,20015275
2024-02-09,160.85,161.5,147.05,157.5,40678846
2024-02-12,158.0,160.85,141.75,143.2,48639405
2024-02-13,142.15,144.5,137.35,141.95,31538855
2024-02-14,146.0,159.9,144.3,155.9,99788791
2024-02-15,159.0,160.35,153.3,157.25,40649183
2024-02-16,158.75,169.3,158.1,162.75,83551233
2024-02-19,164.0,165.2,159.6,160.6,24682133
2024-02-20,162.0,164.0,159.35,160.25,15672506
2024-02-21,161.5,165.2,155.85,157.3,27206179
2024-02-22,158.7,162.25,152.75,161.6,23247393
2024-02-23,162.3,162.9,158.4,159.0,16443079
2024-02-26,159.65,162.2,154.8,156.9,24275011
2024-02-27,156.75,158.7,154.4,155.4,15315735
2024-02-28,156.0,158.45,151.45,152.25,18501552
2024-02-29,152.6,157.0,151.35,155.95,19254314
2024-03-01,157.5,161.8,157.5,160.8,24049226
2024-03-02,160.8,166.5,160.5,165.8,9839419
2024-03-04,166.5,170.45,162.25,166.75,36939883
2024-03-05,166.95,168.8,165.05,166.15,17623544
2024-03-06,166.0,166.0,157.8,163.0,23336023
2024-03-07,163.5,165.9,162.55,163.2,17224908
2024-03-11,163.5,164.1,157.1,158.35,11017989
2024-03-12,157.9,159.0,151.05,151.65,17361368
2024-03-13,152.0,153.0,130.25,136.15,40456369
2024-03-14,137.0,143.5,135.5,141.45,24429717
2024-03-15,141.3,143.7,131.45,136.4,41641387
2024-03-18,137.5,141.2,135.3,139.1,22776146
2024-03-19,139.55,142.35,136.1,137.1,18002661
2024-03-20,138.5,142.15,135.05,137.8,30393722
2024-03-21,140.4,147.25,140.4,145.75,36768461
2024-03-22,146.45,150.75,144.25,148.75,21509647
2024-03-26,148.5,152.6,148.25,151.9,12862977
2024-03-27,152.35,154.45,151.2,151.6,9665216
2024-03-28,152.8,154.65,151.6,152.55,9698314
2024-04-01,153.9,162.2,153.6,161.5,27130487
2024-04-02,162.3,166.7,158.5,166.2,25348685
2024-04-03,166.8,176.25,166.3,174.75,75955052
2024-04-04,178.25,180.2,174.3,175.35,33950224
2024-04-05,174.95,180.4,171.15,177.5,26489939
2024-04-08,178.7,179.9,174.65,178.0,17035259
2024-04-09,178.6,185.25,176.1,183.45,34968600
2024-04-10,184.9,188.8,182.0,182.7,30361167
2024-04-12,181.25,183.45,177.5,178.2,20228100
2024-04-15,182.0,185.2,175.05,181.65,53692381
2024-04-16,179.6,185.7,178.4,182.95,24435652
2024-04-18,184.8,187.65,180.0,181.35,16716381
2024-04-19,180.0,185.5,174.75,184.8,27228605
2024-04-22,187.8,191.4,184.7,185.45,37346966
2024-04-23,187.3,187.7,182.5,183.35,17127399
2024-04-24,183.4,190.0,182.4,188.0,22418521
2024-04-25,188.0,189.9,185.7,188.25,20344598
2024-04-26,190.6,192.2,187.1,188.9,15985573
2024-04-29,190.55,193.1,188.0,188.5,13217202
2024-04-30,189.6,190.25,184.6,185.25,11371087
2024-05-02,184.8,189.1,184.1,186.65,11946114
2024-05-03,187.25,188.4,182.3,185.1,14912479
2024-05-06,186.65,186.9,178.05,183.05,14338036
2024-05-07,183.25,183.55,174.25,176.6,14505252
2024-05-08,175.2,181.15,174.0,179.2,10694946
2024-05-09,180.0,180.5,170.1,170.75,11743450
2024-05-10,172.0,174.7,169.3,173.95,11866260
2024-05-13,173.2,178.0,168.75,176.95,12288370
2024-05-14,178.4,190.8,177.4,189.85,31279139
2024-05-15,190.5,193.7,188.15,189.5,16833166
2024-05-16,190.95,192.3,187.0,189.95,10458422
2024-05-17,190.4,196.0,189.7,194.85,20880587
2024-05-18,196.3,201.45,195.6,199.9,7482946
2024-05-21,200.0,204.2,197.0,199.05,27872760
2024-05-22,202.0,202.05,193.2,197.5,22491746
2024-05-23,195.05,195.6,190.15,191.15,16546968
2024-05-24,191.65,196.0,191.15,193.15,15225962
2024-05-27,194.5,196.2,190.35,194.35,17590858
2024-05-28,200.55,206.3,189.5,191.4,76307148
2024-05-29,192.0,200.2,190.55,194.75,35895866
2024-05-30,194.5,195.7,188.7,189.5,22499127
2024-05-31,190.85,193.7,187.0,191.65,22219016
2024-06-03,201.2,201.6,194.8,196.2,24424876
2024-06-04,195.0,195.0,147.15,158.55,68754834
2024-06-05,164.4,179.4,153.6,176.15,37758288
2024-06-06,177.7,185.0,176.4,180.6,31403131
2024-06-07,180.6,185.8,177.9,185.3,14932581
2024-06-10,185.0,185.05,182.19,183.41,14575331
2024-06-11,183.3,187.11,181.55,183.17,16050502
2024-06-12,183.5,187.67,183.36,185.02,11476435
2024-06-13,185.7,187.55,184.01,186.56,9905480
2024-06-14,189.16,195.2,188.65,191.91,31594777
2024-06-18,192.38,192.75,187.47,188.13,11487387
2024-06-19,189.12,189.19,183.63,184.88,10210946
2024-06-20,185.0,192.79,183.22,191.29,15825419
2024-06-21,192.34,196.75,191.0,193.98,19726412
2024-06-24,192.4,192.4,184.95,189.98,17724341
2024-06-25,190.84,192.25,186.0,188.47,10947092
2024-06-26,187.97,188.74,185.56,186.9,11007493
2024-06-27,184.9,187.75,180.76,185.1,17320455
2024-06-28,185.95,189.0,184.68,187.11,11324296
2024-07-01,188.2,192.3,187.41,191.32,12393036
2024-07-02,192.3,195.5,189.22,192.73,13857919
2024-07-03,193.5,194.35,191.7,193.74,6941714
2024-07-04,195.8,198.0,193.85,194.58,11398241
2024-07-05,195.0,199.6,193.69,199.02,15659265
2024-07-08,199.8,207.5,198.63,206.31,25666049
2024-07-09,209.0,209.0,201.72,203.93,17938039
2024-07-10,204.0,204.0,192.2,199.47,18248253
2024-07-11,201.25,201.87,198.2,198.9,7758710
2024-07-12,199.1,201.62,195.51,197.56,8317603
2024-07-15,198.0,201.2,194.76,198.67,11190366
2024-07-16,198.67,203.17,198.16,199.84,11981776
2024-07-18,199.05,199.05,191.5,192.25,21079938
2024-07-19,191.2,191.4,183.79,186.33,20219477
2024-07-22,184.4,193.5,182.4,190.74,9896235
2024-07-23,190.75,191.65,174.7,185.17,23709020
2024-07-24,184.55,188.65,183.81,186.57,7595378
2024-07-25,183.05,185.11,181.35,184.12,9655910
2024-07-26,184.15,191.29,184.15,189.5,12687240
2024-07-29,190.95,193.6,189.21,191.68,8776782
2024-07-30,191.4,192.4,189.08,191.4,6661812
2024-07-31,191.75,194.98,190.2,194.22,9376103
2024-08-01,196.3,200.4,190.64,192.77,20004888
2024-08-02,188.75,189.43,184.3,185.21,17401939
2024-08-05,179.0,179.38,171.32,172.94,19995798
2024-08-06,176.95,178.6,172.05,172.62,8916532
2024-08-07,177.5,180.4,174.9,179.34,8325532
2024-08-08,179.0,179.3,172.2,172.67,11198334
2024-08-09,175.9,178.5,173.05,177.25,16202798
2024-08-12,176.39,177.68,169.42,174.21,29881421
2024-08-13,175.5,175.9,169.07,169.88,9122615
2024-08-14,170.9,172.86,163.16,165.09,24290990
2024-08-16,169.0,171.19,164.34,165.13,23614094
2024-08-19,166.9,172.5,164.85,171.37,25264792
2024-08-20,174.59,174.7,168.24,172.06,30949105
2024-08-21,171.21,173.0,169.8,170.78,13131875
2024-08-22,171.7,172.5,170.0,171.35,8536586
2024-08-23,171.5,173.94,169.85,173.16,11953758
2024-08-26,176.55,182.45,175.32,181.98,31594107
2024-08-27,182.71,187.0,181.5,185.53,23051497
2024-08-28,185.61,186.74,182.8,184.56,10861210
2024-08-29,183.0,183.34,179.56,182.73,11547977
2024-08-30,183.4,184.94,182.0,182.6,14390618
2024-09-02,182.95,183.0,177.8,178.6,7938575
2024-09-03,178.65,180.39,177.9,178.67,4062489
2024-09-04,175.0,176.7,173.57,174.72,9456552
2024-09-05,175.73,178.2,175.73,176.29,5452882
2024-09-06,175.98,176.93,172.63,174.0,6610011
2024-09-09,172.5,172.67,168.02,171.15,8527287
2024-09-10,172.15,177.25,171.75,175.61,8620938
2024-09-11,175.59,176.19,170.7,171.44,5863573
2024-09-12,174.0,179.85,172.34,179.43,14251643
2024-09-13,180.58,185.4,180.2,182.35,14243419
2024-09-16,183.7,190.0,183.05,189.38,16079575
2024-09-17,189.8,191.49,186.15,186.77,10233517
2024-09-18,186.45,186.5,182.35,185.16,7871629
2024-09-19,187.0,187.45,176.26,182.2,15834259
2024-09-20,183.29,185.03,181.5,184.03,14292236
2024-09-23,183.2,183.54,179.83,180.24,13316875
2024-09-24,184.25,192.5,183.5,191.48,53129599
2024-09-25,195.5,199.6,193.16,195.2,40045015
2024-09-26,194.7,204.0,192.16,203.02,34188733
2024-09-27,205.5,212.4,205.25,207.04,43392390
2024-09-30,207.6,214.69,206.53,210.29,29872855
2024-10-01,214.5,227.39,212.8,224.23,70653372
2024-10-03,221.25,225.8,216.93,222.55,36035257
2024-10-04,221.0,222.5,213.81,220.35,19105863
2024-10-07,221.0,222.85,212.01,214.89,21019783
2024-10-08,211.0,215.85,200.0,212.79,23816065
2024-10-09,208.12,216.31,204.2,214.28,27903259
2024-10-10,215.2,220.13,211.5,212.72,11583219
2024-10-11,215.6,223.89,215.25,222.92,30278995
2024-10-14,225.0,232.45,224.51,226.56,33271618
2024-10-15,227.0,227.4,216.36,219.02,13483112
2024-10-16,218.0,221.24,215.8,217.31,15501988
2024-10-17,223.01,229.69,223.01,225.17,49129394
2024-10-18,224.0,232.8,218.7,232.12,29937444
2024-10-21,234.75,235.37,227.75,230.0,23460136
2024-10-22,231.0,231.0,219.63,220.47,23708999
2024-10-23,220.0,229.15,219.59,224.01,13793244
2024-10-24,225.9,227.7,220.93,226.35,12503444
2024-10-25,224.9,225.05,208.65,218.87,27911705
2024-10-28,218.95,227.35,218.21,223.79,13777811
2024-10-29,223.8,229.23,219.88,228.25,13085816
2024-10-30,227.9,231.0,225.84,227.12,10991335
2024-10-31,226.1,228.4,221.39,227.32,12980177
2024-11-01,229.8,231.03,228.5,229.15,2170889
2024-11-04,228.91,231.59,223.05,230.82,13971893
2024-11-05,230.8,236.9,228.78,235.03,21528802
2024-11-06,236.76,246.29,228.65,244.98,34528763
2024-11-07,245.0,245.75,236.8,238.63,15094850
2024-11-08,242.5,247.99,236.86,238.89,26518054
2024-11-11,238.0,238.0,230.0,232.67,11644321
2024-11-12,233.8,237.37,225.0,225.91,17481388
2024-11-13,224.0,226.99,218.6,219.69,11787326
2024-11-14,230.0,230.67,219.05,219.87,35439142
2024-11-18,226.0,247.9,225.0,239.93,107332099
2024-11-19,240.0,245.68,237.32,240.31,35673049
2024-11-21,240.31,253.58,239.55,248.21,68309779
2024-11-22,249.44,259.5,249.34,256.85,35571530
2024-11-25,260.0,262.99,246.61,251.37,36040257
2024-11-26,252.88,257.19,248.01,249.95,26141211
2024-11-27,249.5,249.5,244.2,246.29,17378281
2024-11-28,246.4,251.88,245.95,249.02,16472407
2024-11-29,245.7,246.14,239.76,242.14,19516119
2024-12-02,242.14,246.0,240.15,243.3,10923018
2024-12-03,244.29,248.24,241.41,246.87,12224280
2024-12-04,248.0,250.24,244.11,245.16,14161469
2024-12-05,246.0,251.43,245.0,248.79,12946611
2024-12-06,249.22,252.7,245.69,248.26,11701356
2024-12-09,249.0,252.2,244.88,250.56,13361475
2024-12-10,252.6,255.65,247.99,250.21,13570985
2024-12-11,251.0,254.89,248.18,249.53,12568698
2024-12-12,251.5,251.75,228.46,230.78,58300941
2024-12-13,230.9,232.58,223.56,226.46,24015558
2024-12-16,226.48,227.6,219.2,219.91,17213904
2024-12-17,220.2,227.4,219.96,226.63,22882865
2024-12-18,227.18,229.16,224.1,226.88,12289315
2024-12-19,221.8,223.78,220.0,220.87,8285197
2024-12-20,220.98,223.44,214.11,215.36,15299768
2024-12-23,217.5,221.25,215.61,217.49,8500241
2024-12-24,218.47,218.51,212.4,213.38,10764705
2024-12-26,216.69,219.49,213.41,217.07,16027664
2024-12-27,218.15,218.9,212.93,213.59,6206326
2024-12-30,213.59,213.89,206.86,209.66,11393505
2024-12-31,208.8,212.91,208.2,211.7,5957068
2025-01-01,211.15,214.79,210.11,214.13,4428464
2025-01-02,214.9,216.9,212.24,216.55,5695163
2025-01-03,216.55,218.18,207.0,208.0,12910051
2025-01-06,208.0,208.02,198.8,200.08,9554946
2025-01-07,201.49,207.55,201.0,205.87,11620363
2025-01-08,204.98,205.44,202.0,204.38,7879952
2025-01-09,203.05,203.55,198.7,199.27,7773910
2025-01-10,200.2,204.84,196.37,202.26,14984187
2025-01-13,198.25,200.87,191.01,191.6,9577626
2025-01-14,192.59,200.15,192.26,199.51,10643287
2025-01-15,200.9,200.9,193.05,195.21,10199198
2025-01-16,198.0,201.9,197.3,198.63,8461905
2025-01-17,197.01,206.47,197.01,205.54,11588593
2025-01-20,206.45,212.0,205.16,210.55,9973231
2025-01-21,211.0,215.71,205.43,205.93,9047054
2025-01-22,206.0,206.5,198.01,203.44,7724370
2025-01-23,204.0,208.19,202.4,205.8,6869655
2025-01-24,205.6,208.6,202.36,203.2,5354363
2025-01-27,200.5,202.0,196.0,197.46,6584319
2025-01-28,198.49,199.0,187.21,189.53,9823936
2025-01-29,190.0,194.77,188.25,193.79,5201019
2025-01-30,195.1,196.43,191.25,193.13,6080681
2025-01-31,194.0,202.98,192.49,202.24,8008609
2025-02-01,202.7,202.7,192.06,197.89,5136586
2025-02-03,194.0,194.45,184.76,189.53,11481173
2025-02-04,191.9,197.49,191.41,195.88,5633664
2025-02-05,196.9,203.88,196.56,199.64,8336455
2025-02-06,200.74,201.59,195.6,196.88,5466135
2025-02-07,197.0,202.2,197.0,200.49,8089719
2025-02-10,200.49,200.49,190.41,191.05,6607056
2025-02-11,195.44,198.28,180.3,183.31,45690365
2025-02-12,183.95,191.96,183.32,189.68,18947908
2025-02-13,190.18,193.99,187.34,191.46,8592839
2025-02-14,189.81,191.98,178.8,181.63,13495376
2025-02-17,180.78,182.69,176.42,180.74,6379906
2025-02-18,180.94,182.0,175.8,179.57,6157248
2025-02-19,177.57,187.45,177.57,187.08,8262336
2025-02-20,185.68,193.69,185.6,193.09,7331890
2025-02-21,192.6,202.5,192.06,201.01,19264166
2025-02-24,197.2,198.01,188.84,189.53,12108561
2025-02-25,189.53,190.5,179.9,180.79,16670278
2025-02-27,180.75,181.0,175.24,179.36,11428257
2025-02-28,176.81,180.0,174.5,177.6,12648002
2025-03-03,178.24,182.33,174.5,179.39,6931683
2025-03-04,176.7,182.6,173.51,179.08,8330263
2025-03-05,179.1,190.2,179.1,189.29,14783488
2025-03-06,192.0,194.32,191.35,192.79,10144423
2025-03-07,192.76,196.96,191.8,195.17,9153908
2025-03-10,195.17,196.78,187.1,188.12,8164191
2025-03-11,185.0,190.49,184.46,189.71,8390471
2025-03-12,191.0,193.13,186.43,191.54,6553616
2025-03-13,191.97,192.66,187.0,187.87,4512355
2025-03-17,188.4,190.09,184.63,185.03,5392994
2025-03-18,186.8,190.1,186.01,188.55,7525227
2025-03-19,190.9,190.9,184.7,186.38,14819098
2025-03-20,187.8,192.39,186.0,190.57,12848318
2025-03-21,190.25,190.25,182.12,185.52,41905591
2025-03-24,187.2,189.08,185.89,187.04,8411689
2025-03-25,188.0,188.4,180.1,180.66,11172959
2025-03-26,180.56,182.97,178.48,179.24,8929202
2025-03-27,178.0,179.98,177.0,178.81,14808861
2025-03-28,178.93,181.0,174.87,175.53,10741639
2025-04-01,175.0,178.68,173.9,175.29,7769057
2025-04-02,175.11,175.87,171.01,174.21,9512988
2025-04-03,172.88,175.69,170.54,172.66,9566833
2025-04-04,171.2,171.48,156.5,157.7,27021181
2025-04-07,143.0,148.15,137.75,144.69,30698630
2025-04-08,150.7,150.86,143.21,146.62,22134409
2025-04-09,143.6,145.7,140.5,143.45,17915551
2025-04-11,149.5,150.0,142.69,143.22,22797171
2025-04-15,144.71,152.1,144.71,151.42,19804567
2025-04-16,152.0,154.14,150.0,151.22,16360489
2025-04-17,151.19,154.4,150.54,152.89,12073311
2025-04-21,155.25,162.2,153.73,161.41,23619779
2025-04-22,162.1,164.4,158.28,158.79,22612618
2025-04-23,160.3,162.75,157.45,162.07,17138481
2025-04-24,161.5,163.85,161.0,162.03,9833637
2025-04-25,162.75,163.6,155.51,156.5,13322564
2025-04-28,157.0,160.58,156.13,159.87,9445296
2025-04-29,160.5,161.75,157.08,157.6,7643805
2025-04-30,157.6,159.25,155.45,156.47,8700135
2025-05-02,157.01,162.4,156.7,159.77,13569697
2025-05-05,160.51,161.8,158.1,160.86,6409697
2025-05-06,160.75,160.75,153.92,154.88,9640762
2025-05-07,152.0,158.8,151.9,158.28,7899927
2025-05-08,158.22,159.63,152.51,154.12,10389024
2025-05-09,151.0,157.25,149.0,156.84,8586966
2025-05-12,162.39,169.68,161.36,168.95,19284700
2025-05-13,169.49,170.31,164.6,165.04,13320767
2025-05-14,166.1,173.5,166.02,173.16,17498804
2025-05-15,174.0,180.8,172.19,178.56,23967709
2025-05-16,178.0,179.6,176.1,177.19,9070368
2025-05-19,177.0,183.45,176.62,181.93,11882367
2025-05-20,184.0,184.28,178.3,179.07,13184301
2025-05-21,180.05,182.49,179.0,181.75,9110054
2025-05-22,190.0,192.0,183.68,184.95,49919852
2025-05-23,186.5,186.5,180.17,183.84,19378626
2025-05-26,185.0,185.68,182.29,183.54,8819261
2025-05-27,183.54,184.47,181.55,181.95,6297540
2025-05-28,182.4,183.95,181.29,183.27,5922359
2025-05-29,184.7,185.18,183.0,183.62,7353405
2025-05-30,183.75,184.21,179.82,180.35,8215482
2025-06-02,179.0,182.0,176.34,180.77,8220448
2025-06-03,181.0,184.48,180.94,182.1,7310306
2025-06-04,182.2,183.65,179.8,182.72,6002685
2025-06-05,182.75,183.56,181.06,182.4,7199681
2025-06-06,183.0,190.9,182.5,188.47,24260037
2025-06-09,190.1,191.11,187.0,187.24,7254032
2025-06-10,188.24,194.37,188.0,191.7,19242637
2025-06-11,191.0,192.15,188.9,190.01,10895752
2025-06-12,191.07,192.0,186.51,187.06,8923416
2025-06-13,183.0,189.23,182.52,185.68,7931029
2025-06-16,186.0,188.55,183.02,188.03,6545767
2025-06-17,188.03,188.5,184.85,185.17,4789895
2025-06-18,185.9,187.15,184.67,186.19,6552729
2025-06-19,186.7,186.7,181.21,181.93,5490223
2025-06-20,181.0,184.75,180.97,183.99,6979033
2025-06-23,181.31,189.2,181.31,188.28,7395941
2025-06-24,190.7,192.3,188.83,189.75,6765958
2025-06-25,191.0,191.31,187.35,187.94,4129040
2025-06-26,188.9,194.5,188.03,193.59,12011362
2025-06-27,196.03,197.6,190.34,190.83,22615248
2025-06-30,191.72,193.26,188.6,192.7,10763584
2025-07-01,193.4,193.4,188.15,190.27,9136392
2025-07-02,191.0,195.49,190.57,192.41,14629895
2025-07-03,193.0,195.9,191.8,192.25,9292298
2025-07-04,192.01,193.8,190.65,192.09,3763422
2025-07-07,192.0,192.0,187.71,188.56,5490348
2025-07-08,188.99,190.94,188.05,189.91,5588646
2025-07-09,189.78,190.49,185.24,186.23,5991822
2025-07-10,187.0,189.24,186.02,188.95,4781422
2025-07-11,188.35,192.85,188.35,189.5,7248336
2025-07-14,189.0,191.83,187.76,189.47,4019698
2025-07-15,189.51,191.22,188.46,190.48,2994883
2025-07-17,189.0,191.3,188.3,189.12,7154072
2025-07-18,189.59,190.36,186.77,188.02,4605960
2025-07-21,191.05,196.0,190.43,194.99,23279564
2025-07-22,195.7,198.0,195.5,196.69,9127585
2025-07-23,197.5,199.16,196.07,198.09,6623953
2025-07-24,198.09,200.0,196.54,198.9,7273622
2025-07-25,198.39,199.44,193.16,193.66,5650561
2025-07-28,193.6,193.64,186.78,187.7,7060093
2025-07-29,187.5,189.9,186.01,189.68,5829470
2025-07-30,190.2,190.96,186.78,187.13,3849575
2025-07-31,185.0,187.75,184.0,185.06,6158562
2025-08-01,183.55,185.1,180.32,180.7,5035327
2025-08-04,180.7,187.49,179.93,187.14,6759365
2025-08-05,187.0,188.1,185.72,187.26,3430191
2025-08-06,188.28,189.25,186.72,188.63,6251751
2025-08-07,188.21,190.89,184.68,189.76,4935945
2025-08-08,190.2,191.74,185.67,187.41,9906271
2025-08-11,188.4,189.65,185.73,187.07,4836690
2025-08-12,187.07,189.69,186.1,186.52,5519491
2025-08-13,187.5,191.75,187.5,189.94,7481122
2025-08-14,189.94,190.01,186.25,187.58,6941185
2025-08-18,188.61,190.22,186.97,188.33,4433002
2025-08-19,188.7,191.5,188.11,191.31,5709282
2025-08-20,191.22,192.63,189.75,192.22,4471522
2025-08-21,192.22,193.57,190.74,191.47,2828430
2025-08-22,191.1,192.17,188.5,188.87,2388053
2025-08-25,189.9,193.0,189.9,190.41,4149070
2025-08-26,189.5,190.35,185.1,186.02,3791406
2025-08-28,185.8,187.84,184.1,184.79,5377292
2025-08-29,185.99,188.47,183.86,186.18,5025373
2025-09-01,187.8,192.4,186.75,191.79,4526262
2025-09-02,192.0,201.95,190.87,200.53,25022851
2025-09-03,201.51,208.3,201.51,207.12,16998064
2025-09-04,209.0,209.3,204.5,206.67,8186271
2025-09-05,207.0,213.0,205.2,212.14,9198908
2025-09-08,213.0,216.95,209.6,210.56,8837936
2025-09-09,210.61,211.7,206.19,206.62,5412600
2025-09-10,207.25,211.37,207.02,209.13,6450913
2025-09-11,210.25,218.39,209.8,214.4,14202110
2025-09-12,215.2,219.14,214.4,218.3,8843556
2025-09-15,219.14,221.23,216.07,216.79,7843919
2025-09-16,217.0,218.4,213.74,216.48,7290406
2025-09-17,216.51,217.92,211.66,213.26,8013579
2025-09-18,213.5,214.3,211.02,213.8,5633670
2025-09-19,211.0,212.74,210.24,211.6,6125353
2025-09-22,211.79,214.5,209.46,210.94,5282484
2025-09-23,210.9,211.88,207.3,208.84,6350517
2025-09-24,208.01,210.07,205.6,206.09,5280952
2025-09-25,206.4,210.38,204.81,205.61,6275647
2025-09-26,205.6,206.22,198.68,200.58,6436834
2025-09-29,201.0,206.0,200.83,203.91,5885119
2025-09-30,204.2,215.4,204.2,213.87,22791494
2025-10-01,214.8,215.99,210.2,214.5,8477437
2025-10-03,214.5,224.6,214.5,221.16,25070995
2025-10-06,222.05,223.5,216.74,217.15,7789646
2025-10-07,217.9,220.0,216.0,217.07,6033212
2025-10-08,218.15,226.25,218.05,223.62,32888505
2025-10-09,225.4,232.2,224.73,229.55,21222011
2025-10-10,230.0,230.8,223.4,224.3,9669882
2025-10-13,223.0,226.23,221.37,225.38,8749565
2025-10-14,227.1,229.2,222.77,223.91,8629781
2025-10-15,223.8,228.0,223.8,226.55,12613195
2025-10-16,227.0,227.75,223.92,226.84,6327250
2025-10-17,227.09,230.49,223.8,225.35,8595074
2025-10-20,225.42,227.42,222.71,226.03,5197040
2025-10-21,227.0,227.92,226.5,227.35,1587416
2025-10-23,228.5,231.14,227.35,228.28,9421550
2025-10-24,234.0,240.2,232.07,236.1,30712917
2025-10-27,237.8,238.88,236.51,237.87,5646448
2025-10-28,237.87,241.11,235.65,236.76,10124445
2025-10-29,238.0,241.0,237.36,238.1,10095469
2025-10-30,237.6,239.32,234.33,238.08,7514342
2025-10-31,235.9,236.95,233.31,234.14,9030396
2025-11-03,237.0,240.1,236.28,238.66,9491472
2025-11-04,238.0,238.14,231.75,233.27,6566393
2025-11-06,233.27,233.3,228.03,230.59,6052538
2025-11-07,228.0,238.1,228.0,234.73,12249764
2025-11-10,241.15,259.64,241.15,257.36,72663239
2025-11-11,258.0,266.4,256.26,265.66,36187656
2025-11-12,265.5,269.25,264.2,266.95,17311954
2025-11-13,267.0,271.89,266.11,268.67,13490312
2025-11-14,263.2,267.68,260.18,262.57,10276305
2025-11-17,262.5,264.3,259.06,260.76,7951795
2025-11-18,259.0,259.0,254.96,257.3,10067138
2025-11-19,257.0,260.1,254.7,256.6,8673115
2025-11-20,258.5,262.15,256.46,257.62,10392121
2025-11-21,255.98,256.57,249.78,250.68,6895899
2025-11-24,250.66,254.15,249.4,251.06,9372498
2025-11-25,252.0,255.75,251.4,253.97,7543168
2025-11-26,255.5,259.43,255.11,258.18,8640403
2025-11-27,259.6,265.51,259.6,261.33,9372072
2025-11-28,262.65,264.65,259.57,259.98,7387530
2025-12-01,264.1,267.5,262.5,263.8,12442220
2025-12-02,266.0,268.25,264.15,265.15,10847037
2025-12-03,265.8,268.0,261.85,266.5,10320888
2025-12-04,268.0,270.25,267.25,269.25,10377125
2025-12-05,269.25,274.5,266.65,273.15,10796032
2025-12-08,273.9,276.2,266.6,268.35,7786865
2025-12-09,266.55,267.0,259.3,265.65,6100471
2025-12-10,265.0,268.1,261.4,263.0,6798335
2025-12-11,265.0,268.25,262.75,264.3,7507279
2025-12-12,266.75,279.75,266.35,278.15,21981929
2025-12-15,277.7,280.0,276.2,278.7,8117336
2025-12-16,277.3,277.95,273.7,276.85,7580301
2025-12-17,278.0,281.5,277.15,279.45,8846891
2025-12-18,279.45,282.65,275.15,279.25,8501384
2025-12-19,279.5,281.45,276.7,278.5,5757096
2025-12-22,281.0,292.75,280.5,290.3,18744818
2025-12-23,291.05,294.6,289.5,290.15,10822237
2025-12-24,292.0,298.6,290.35,295.3,12921219
2025-12-26,298.0,309.2,296.5,306.85,12990101
2025-12-29,310.0,314.0,299.55,300.9,18589007
2025-12-30,298.0,318.85,298.0,316.6,24881884
2025-12-31,318.05,319.85,313.45,314.3,11874119
2026-01-01,315.5,317.25,312.1,314.6,6888014
2026-01-02,316.2,331.4,315.7,330.3,21272570
2026-01-05,332.0,334.8,327.75,331.35,12752834
2026-01-06,333.4,351.7,333.0,348.05,41594638
2026-01-07,350.8,357.6,347.1,352.9,31033533
2026-01-08,348.0,348.0,331.75,333.5,27665985
2026-01-09,330.85,349.4,328.85,349.1,28558217
2026-01-12,352.0,356.4,344.3,350.05,23846101
2026-01-13,353.0,359.8,351.15,356.95,17676595
2026-01-14,359.0,374.3,356.3,373.55,27306024
2026-01-16,366.25,369.8,360.4,361.6,17073322
2026-01-19,363.0,369.25,360.1,368.5,12357321
2026-01-20,367.5,370.8,357.2,358.75,13225711
2026-01-21,354.05,363.0,353.15,361.5,12016882
2026-01-22,363.0,368.0,356.8,364.6,12526200
2026-01-23,366.85,382.65,365.4,370.65,22954119
2026-01-27,375.55,385.9,373.8,384.6,15593346
2026-01-28,388.3,407.9,383.95,406.15,22117381
2026-01-29,411.9,431.5,411.55,428.85,39396481
2026-01-30,413.9,413.9,380.15,385.45,40709006
2026-02-01,353.0,364.45,329.4,354.2,38640299
2026-02-02,347.1,371.8,342.0,369.7,31185668
2026-02-03,389.9,391.95,361.05,370.85,27221983
2026-02-04,371.95,378.5,370.75,374.9,9413750
2026-02-05,360.0,365.6,352.25,363.85,12183411
2026-02-06,356.0,357.5,349.55,354.65,12608116
2026-02-09,358.25,368.9,358.25,365.5,8058149
2026-02-10,369.0,370.35,363.55,364.35,910379
2026-02-11,368.1,370.95,367.0,367.35,711430
2026-02-11,368.1,371.7,365.8,368.4,8955871
2026-02-12,367.5,374.45,366.5,369.7,7845057
2026-02-13,360.0,361.25,348.35,349.3,10586115
2026-02-16,346.0,349.1,341.5,348.4,9841101
2026-02-17,344.5,345.5,335.2,340.85,7660056
2026-02-18,340.5,344.9,339.1,344.05,4668713
2026-02-19,348.0,351.45,338.8,340.1,6492452
2026-02-20,338.0,342.5,337.75,341.2,5837972
2026-02-23,345.0,346.8,336.2,338.95,4888956
2026-02-24,339.4,345.0,334.35,343.0,6380571
2026-02-25,347.0,361.0,346.6,359.8,14931791
2026-02-26,363.6,363.95,357.75,361.3,6425639
2026-02-27,357.25,362.15,353.2,354.6,9832443
2026-03-02,341.85,363.8,341.0,362.85,8626089
2026-03-04,365.0,377.3,357.9,373.5,26380460
2026-03-05,377.0,404.3,376.5,395.95,45535889
2026-03-06,392.0,402.0,386.75,396.15,15765117
2026-03-09,396.0,402.45,384.0,388.1,18671228
2026-03-10,390.0,393.65,380.65,388.75,13040542
2026-03-11,392.0,403.35,390.65,397.75,16596283
2026-03-12,403.5,410.2,385.95,409.15,20128518
2026-03-13,408.65,411.7,381.25,387.35,28466667
2026-03-16,384.25,390.3,369.6,372.25,17935359
2026-03-18,392.0,395.35,384.45,387.0,10556575
2026-03-19,377.0,389.65,374.25,377.0,10470359
2026-03-20,369.05,382.65,360.55,368.5,34262576
2026-03-23,357.5,361.2,347.0,349.75,14168007
2026-03-24,358.55,359.75,350.65,354.65,9633884
2026-03-25,359.7,369.85,358.45,367.3,8500335
2026-03-27,364.5,375.0,362.0,371.0,15922058
2026-04-24,436.05,439.95,428.2,437.3,11739567
2026-04-27,442.95,445.15,439.4,441.0,5256456
2026-04-28,438.0,444.2,436.05,441.5,8617924
2026-04-29,440.0,441.75,430.0,433.3,7885901
2026-04-30,431.0,432.45,394.25,399.3,17624227
2026-05-04,399.0,412.0,388.6,407.8,14684723
2026-05-05,409.8,418.6,406.2,413.6,7788814
2026-05-06,418.0,420.95,405.0,406.55,8363596
2026-05-07,409.8,412.05,402.65,403.5,6473906
2026-05-08,403.2,403.9,396.15,401.95,5777370
2026-05-11,401.75,402.5,391.7,393.05,6172326
2026-05-12,395.0,403.2,392.3,394.05,6771421
2026-05-13,398.0,411.25,397.0,408.25,11456661
2026-05-14,414.6,420.7,410.7,416.45,8909084
2026-05-15,416.45,416.5,401.0,403.6,8511752
2026-05-18,400.0,403.95,395.1,400.45,6239458
2026-05-19,402.0,403.5,391.45,398.95,7293845
2026-05-20,399.3,403.4,393.2,402.4,7425703
2026-05-21,407.0,410.95,404.35,406.4,5309235
2026-05-22,407.0,409.75,403.25,409.25,4550854
2026-05-25,412.0,413.3,400.25,403.0,6636144
2026-05-26,406.25,417.9,405.1,416.2,7524355
2026-05-27,421.2,437.75,420.25,433.05,15519448
2026-05-29,438.2,441.5,416.8,424.45,107733950
2026-06-03,437.2,441.95,436.6,437.7,1800008
