date,open,high,low,close,volume
2012-04-12,4.49,4.49,4.26,4.31,940724
2012-04-13,4.3,4.31,4.11,4.22,132886
2012-04-16,4.22,4.22,4.1,4.12,66672
2012-04-17,4.13,4.13,4.0,4.05,80956
2012-04-18,3.93,4.25,3.93,4.25,70645
2012-04-19,4.32,4.46,4.25,4.46,139538
2012-04-20,4.6,4.6,4.31,4.36,45858
2012-04-23,4.4,4.4,4.2,4.28,15605
2012-04-24,4.31,4.42,4.23,4.41,38854
2012-04-25,4.3,4.49,4.3,4.46,70776
2012-04-26,4.53,4.57,4.31,4.36,53815
2012-04-27,4.4,4.4,4.23,4.25,31995
2012-04-28,4.25,4.29,4.21,4.22,3280
2012-04-30,4.19,4.31,4.19,4.27,10566
2012-05-02,4.35,4.35,4.16,4.21,14853
2012-05-03,4.28,4.28,4.11,4.12,8361
2012-05-04,4.09,4.11,3.96,4.0,17666
2012-05-07,4.0,4.03,3.89,4.0,22876
2012-05-08,4.0,4.13,3.96,4.1,31186
2012-05-09,4.07,4.13,3.97,4.0,6479
2012-05-10,4.08,4.08,3.9,3.93,7525
2012-05-11,3.91,3.99,3.81,3.85,15726
2012-05-14,3.87,3.9,3.78,3.8,6343
2012-05-15,3.78,3.84,3.74,3.8,11652
2012-05-16,3.86,3.86,3.64,3.67,15667
2012-05-17,3.81,3.82,3.24,3.57,28510
2012-05-18,3.58,3.61,3.47,3.57,12397
2012-05-21,3.6,3.63,3.56,3.6,113135
2012-05-22,3.6,3.68,3.58,3.6,10737
2012-05-23,3.58,3.62,3.58,3.6,2357
2012-05-24,3.64,3.68,3.51,3.66,8139
2012-05-25,3.64,3.65,3.59,3.59,10717
2012-05-28,3.64,3.64,3.6,3.62,27210
2012-05-29,3.66,3.74,3.64,3.71,10704
2012-05-30,3.77,4.03,3.77,3.91,39509
2012-05-31,3.91,3.93,3.84,3.92,9900
2012-06-01,3.83,3.93,3.83,3.86,13028
2012-06-04,3.8,3.93,3.78,3.85,7164
2012-06-05,3.78,3.89,3.74,3.77,11955
2012-06-06,3.74,3.86,3.73,3.81,29544
2012-06-07,3.82,3.88,3.76,3.83,41678
2012-06-08,3.78,3.85,3.69,3.77,28309
2012-06-11,3.74,3.86,3.74,3.82,166074
2012-06-12,3.82,3.86,3.73,3.78,52394
2012-06-13,3.82,3.87,3.8,3.86,167417
2012-06-14,3.81,3.84,3.73,3.77,52123
2012-06-15,3.78,3.84,3.76,3.79,9186
2012-06-18,3.82,3.91,3.76,3.78,6514
2012-06-19,3.84,3.84,3.7,3.77,6495
2012-06-20,3.77,3.89,3.77,3.84,25787
2012-06-21,3.91,4.0,3.87,3.96,32159
2012-06-22,3.94,4.16,3.91,4.09,40031
2012-06-25,4.1,4.33,4.1,4.15,41390
2012-06-26,4.16,4.22,4.11,4.16,11559
2012-06-27,4.2,4.22,4.09,4.13,17011
2012-06-28,4.12,4.21,4.12,4.18,22780
2012-06-29,4.18,4.26,4.15,4.18,19051
2012-07-02,4.22,4.22,4.14,4.15,10104
2012-07-03,4.17,4.24,4.1,4.21,30419
2012-07-04,4.22,4.29,4.16,4.26,19962
2012-07-05,4.22,4.58,4.22,4.44,194186
2012-07-06,4.48,4.49,4.32,4.44,45243
2012-07-09,4.42,4.56,4.42,4.51,386380
2012-07-10,4.56,4.62,4.45,4.47,37720
2012-07-11,4.57,4.8,4.47,4.51,883296
2012-07-12,4.51,4.62,4.49,4.51,92965
2012-07-13,4.52,4.56,4.49,4.52,50386
2012-07-16,4.53,4.71,4.53,4.62,139748
2012-07-17,4.67,4.71,4.44,4.48,64047
2012-07-18,4.55,4.55,4.38,4.43,45074
2012-07-19,4.49,4.61,4.38,4.52,58823
2012-07-20,4.47,4.55,4.45,4.47,11839
2012-07-23,4.44,4.48,4.36,4.44,14523
2012-07-24,4.4,4.46,4.37,4.4,12898
2012-07-25,4.49,4.6,4.22,4.34,22865
2012-07-26,4.37,4.37,4.15,4.22,12793
2012-07-27,4.31,4.32,4.13,4.15,15604
2012-07-30,4.22,4.34,4.22,4.28,32489
2012-07-31,4.2,4.31,4.14,4.25,4736
2012-08-01,4.23,4.31,4.22,4.26,23119
2012-08-02,4.22,4.28,4.22,4.26,2311
2012-08-03,4.24,4.31,4.16,4.27,32332
2012-08-06,4.27,4.31,4.24,4.27,15287
2012-08-07,4.3,4.36,4.3,4.32,10652
2012-08-08,4.37,4.45,4.32,4.35,29994
2012-08-09,4.27,4.38,4.24,4.32,8256
2012-08-10,4.29,4.44,4.28,4.41,13088
2012-08-13,4.3,4.44,4.23,4.27,57144
2012-08-14,4.18,4.27,4.18,4.21,9701
2012-08-16,4.24,4.3,4.16,4.18,8684
2012-08-17,4.24,4.27,4.17,4.21,3641
2012-08-21,4.24,4.26,4.16,4.24,8309
2012-08-22,4.26,4.29,4.22,4.27,10425
2012-08-23,4.3,4.3,4.23,4.28,6567
2012-08-24,4.29,4.3,4.22,4.25,14525
2012-08-27,4.23,4.31,4.13,4.24,8172
2012-08-28,4.23,4.28,4.19,4.24,10142
2012-08-29,4.23,4.24,4.16,4.22,121391
2012-08-30,4.23,4.23,4.0,4.11,12196
2012-08-31,4.13,4.13,4.04,4.05,4838
2012-09-03,4.09,4.14,4.09,4.11,41330
2012-09-04,4.08,4.16,4.06,4.13,7965
2012-09-05,4.17,4.17,4.08,4.13,21730
2012-09-06,4.08,4.14,4.08,4.11,64915
2012-09-07,4.15,4.3,4.12,4.18,50865
2012-09-08,4.18,4.27,4.18,4.18,2522
2012-09-10,4.14,4.21,4.11,4.17,5591
2012-09-11,4.14,4.2,4.11,4.19,1983
2012-09-12,4.14,4.47,4.14,4.41,22546
2012-09-13,4.44,4.59,4.32,4.35,51024
2012-09-14,4.36,4.44,4.25,4.29,22098
2012-09-17,4.36,4.49,4.28,4.45,21412
2012-09-18,4.45,4.51,4.36,4.48,21406
2012-09-20,4.44,4.49,4.4,4.46,17955
2012-09-21,4.45,4.51,4.44,4.44,49007
2012-09-24,4.49,4.58,4.44,4.54,41144
2012-09-25,4.53,4.55,4.44,4.53,21100
2012-09-26,4.49,4.87,4.47,4.62,107124
2012-09-27,4.67,4.67,4.58,4.63,19206
2012-09-28,4.71,4.74,4.4,4.61,56422
2012-10-01,4.66,4.89,4.57,4.83,286723
2012-10-03,4.93,5.44,4.93,5.22,1281076
2012-10-04,5.31,5.73,5.25,5.59,1068597
2012-10-05,5.63,5.68,5.23,5.43,396401
2012-10-08,5.5,5.64,5.34,5.38,148884
2012-10-09,5.44,5.69,5.42,5.59,297903
2012-10-10,5.56,6.02,5.53,5.8,1075776
2012-10-11,5.82,6.2,5.82,6.14,718163
2012-10-12,6.14,6.4,6.01,6.21,615643
2012-10-15,6.24,6.38,6.14,6.35,460891
2012-10-16,6.36,6.78,6.2,6.25,910456
2012-10-17,6.27,6.31,5.97,6.02,300659
2012-10-18,6.06,6.43,5.89,6.38,344440
2012-10-19,6.38,6.51,5.96,6.0,325717
2012-10-22,6.03,6.24,5.96,6.12,200884
2012-10-23,6.12,6.24,5.99,6.04,142253
2012-10-25,6.04,6.12,5.71,5.85,238921
2012-10-26,5.88,5.98,5.73,5.83,167508
2012-10-29,5.85,5.95,5.71,5.86,115528
2012-10-30,5.91,5.91,5.61,5.64,108201
2012-10-31,5.63,6.04,5.63,5.99,269801
2012-11-01,6.0,6.07,5.89,5.99,114432
2012-11-02,6.04,6.5,6.02,6.32,651339
2012-11-05,6.39,6.54,6.34,6.48,239939
2012-11-06,6.49,6.74,6.45,6.65,476083
2012-11-07,6.67,6.98,6.44,6.58,1450278
2012-11-08,6.51,6.66,6.41,6.5,260986
2012-11-09,6.52,6.57,6.28,6.35,160963
2012-11-12,6.38,6.79,6.38,6.74,474700
2012-11-13,6.76,7.03,6.76,6.91,431563
2012-11-15,6.89,7.07,6.67,6.84,402658
2012-11-16,6.88,7.26,6.78,6.85,622264
2012-11-19,6.88,6.97,6.68,6.76,195375
2012-11-20,6.8,6.9,6.46,6.57,228535
2012-11-21,6.61,6.81,6.52,6.64,220533
2012-11-22,6.66,6.75,6.53,6.62,127947
2012-11-23,6.65,6.78,6.56,6.64,214915
2012-11-26,6.62,6.87,6.54,6.75,257926
2012-11-27,6.79,6.97,6.75,6.81,206872
2012-11-29,6.84,6.95,6.81,6.88,216234
2012-11-30,6.92,6.95,6.72,6.75,169487
2012-12-03,6.83,6.94,6.8,6.84,194263
2012-12-04,6.86,6.89,6.68,6.74,84652
2012-12-05,6.76,6.91,6.68,6.71,195617
2012-12-06,6.75,6.79,6.64,6.67,111126
2012-12-07,6.7,7.51,6.7,7.23,1766008
2012-12-10,7.48,7.67,7.2,7.53,607855
2012-12-11,7.6,7.68,7.22,7.34,311276
2012-12-12,7.37,7.73,7.22,7.61,692632
2012-12-13,7.65,7.78,7.35,7.44,515984
2012-12-14,7.47,7.6,7.34,7.44,178876
2012-12-17,7.46,7.63,7.4,7.43,187910
2012-12-18,7.36,7.59,7.36,7.47,210156
2012-12-19,7.45,7.57,6.65,7.41,145684
2012-12-20,7.41,7.43,7.23,7.3,114854
2012-12-21,7.28,7.47,7.0,7.09,223382
2012-12-24,7.13,7.3,7.08,7.22,91683
2012-12-26,7.24,7.28,7.14,7.16,83481
2012-12-27,7.19,7.49,7.16,7.28,345831
2012-12-28,7.31,7.44,7.25,7.33,97318
2012-12-31,7.35,7.48,7.31,7.44,91174
2013-01-01,7.44,7.9,7.4,7.71,453479
2013-01-02,7.73,8.09,7.69,8.03,551145
2013-01-03,8.03,8.12,7.86,8.0,314312
2013-01-04,8.0,8.37,7.91,8.25,409716
2013-01-07,8.04,8.42,7.96,8.26,181657
2013-01-08,8.26,8.63,8.1,8.56,352182
2013-01-09,8.51,8.64,8.24,8.28,203822
2013-01-10,8.34,8.57,8.14,8.42,240332
2013-01-11,8.35,8.48,8.02,8.11,142915
2013-01-14,8.13,8.26,7.87,8.13,129954
2013-01-15,8.13,8.24,8.01,8.04,186832
2013-01-16,8.04,8.13,7.66,7.72,113231
2013-01-17,7.74,7.96,7.74,7.87,160649
2013-01-18,7.9,8.08,7.82,7.86,119077
2013-01-21,7.94,8.11,7.84,7.87,110458
2013-01-22,7.88,7.91,7.6,7.71,88280
2013-01-23,7.76,7.88,7.38,7.62,80560
2013-01-24,7.6,7.62,7.16,7.25,94776
2013-01-25,7.28,7.73,7.22,7.58,134208
2013-01-28,7.6,7.64,7.43,7.54,58452
2013-01-29,7.55,7.57,7.22,7.25,155313
2013-01-30,7.26,7.45,7.26,7.32,78764
2013-01-31,7.6,7.6,7.26,7.31,30960
2013-02-01,7.32,7.41,7.16,7.19,38420
2013-02-04,7.2,7.26,6.89,6.96,65569
2013-02-05,6.88,7.09,6.74,6.92,81112
2013-02-06,6.95,7.2,6.91,7.04,81406
2013-02-07,7.04,7.22,6.87,6.96,102748
2013-02-08,7.02,7.05,6.35,6.52,137005
2013-02-11,6.49,6.67,6.36,6.47,59119
2013-02-12,6.52,6.62,6.12,6.2,123774
2013-02-13,6.25,6.52,6.14,6.31,201485
2013-02-14,6.3,6.4,6.13,6.24,112974
2013-02-15,6.25,6.26,6.01,6.05,70410
2013-02-18,6.06,6.36,6.0,6.19,71814
2013-02-19,6.21,6.62,6.15,6.54,150489
2013-02-20,6.57,6.77,6.51,6.55,91023
2013-02-21,6.48,6.51,6.27,6.35,50424
2013-02-22,6.35,6.44,6.29,6.33,24563
2013-02-25,6.37,6.49,6.1,6.31,50633
2013-02-26,6.27,6.27,5.92,6.0,70477
2013-02-27,6.07,6.29,5.87,6.16,52408
2013-02-28,6.21,6.28,5.66,5.78,101324
2013-03-01,5.81,6.02,5.78,5.96,150902
2013-03-04,5.91,6.0,5.79,5.94,70156
2013-03-05,5.92,6.09,5.92,5.97,66353
2013-03-06,6.0,6.27,5.97,6.24,208872
2013-03-07,6.16,6.4,6.13,6.35,76612
2013-03-08,6.35,6.43,6.23,6.34,52205
2013-03-11,6.35,6.35,6.2,6.26,46741
2013-03-12,6.29,6.42,6.2,6.27,83544
2013-03-13,6.27,6.28,6.12,6.13,59869
2013-03-14,6.11,6.22,6.02,6.16,61754
2013-03-15,6.16,6.27,6.13,6.15,46530
2013-03-18,6.11,6.11,5.85,5.91,31935
2013-03-19,5.92,6.06,5.52,5.62,70429
2013-03-20,5.62,5.69,5.32,5.42,161665
2013-03-21,5.45,5.45,5.02,5.12,91863
2013-03-22,5.11,5.2,4.52,5.07,169496
2013-03-25,5.11,5.41,5.1,5.31,174083
2013-03-26,5.26,5.51,5.2,5.46,121312
2013-03-28,5.42,5.49,5.33,5.41,73822
2013-04-01,5.45,5.68,5.44,5.56,108578
2013-04-02,5.59,6.22,5.57,6.16,93494
2013-04-03,6.09,6.5,5.9,5.96,127185
2013-04-04,5.94,6.02,5.76,5.82,29549
2013-04-05,5.77,6.07,5.7,5.76,28039
2013-04-08,5.73,5.85,5.72,5.79,14448
2013-04-09,5.84,5.95,5.47,5.56,41075
2013-04-10,5.56,5.82,5.56,5.74,34757
2013-04-11,5.79,5.9,5.78,5.81,18180
2013-04-12,5.82,5.82,5.72,5.78,28042
2013-04-15,5.51,5.9,5.51,5.84,181343
2013-04-16,5.85,6.22,5.75,6.15,205068
2013-04-17,6.11,6.27,6.04,6.19,45096
2013-04-18,6.17,6.2,6.0,6.11,10233
2013-04-22,6.05,6.27,6.05,6.21,34482
2013-04-23,6.19,6.33,6.06,6.13,30994
2013-04-25,6.17,6.22,6.06,6.15,42487
2013-04-26,6.15,6.38,5.99,6.05,30388
2013-04-29,6.08,6.38,5.7,6.34,133966
2013-04-30,6.46,6.51,6.24,6.33,479765
2013-05-02,6.3,6.32,6.2,6.23,35367
2013-05-03,6.2,6.44,6.2,6.37,59784
2013-05-06,6.36,6.44,6.27,6.34,36932
2013-05-07,6.34,6.41,6.25,6.37,30444
2013-05-08,6.4,6.66,6.25,6.61,103589
2013-05-09,6.49,6.61,6.34,6.41,25276
2013-05-10,6.43,6.49,6.28,6.36,19939
2013-05-11,6.36,6.38,6.23,6.3,8205
2013-05-13,6.27,6.46,6.22,6.29,40348
2013-05-14,6.31,6.35,6.08,6.17,36115
2013-05-15,6.21,6.38,6.21,6.32,28910
2013-05-16,6.34,6.48,6.27,6.29,29501
2013-05-17,6.33,6.38,6.25,6.29,12860
2013-05-20,6.3,6.58,6.22,6.38,83126
2013-05-21,6.39,6.49,6.18,6.19,32809
2013-05-22,6.25,6.3,6.03,6.06,24920
2013-05-23,6.0,6.06,5.78,5.84,25674
2013-05-24,5.89,5.99,5.6,5.64,48017
2013-05-27,5.7,6.11,5.48,6.02,47289
2013-05-28,6.16,6.3,5.92,6.05,106291
2013-05-29,6.01,6.06,5.96,6.03,14356
2013-05-30,6.04,6.04,5.93,5.99,7303
2013-05-31,5.99,6.12,5.91,5.99,55136
2013-06-03,6.0,6.04,5.83,6.0,16093
2013-06-04,6.02,6.18,5.92,5.94,12845
2013-06-05,5.96,6.04,5.92,5.99,6756
2013-06-06,5.99,6.08,5.93,6.01,6340
2013-06-07,6.08,6.62,5.98,6.36,129944
2013-06-10,6.31,6.95,6.31,6.57,280679
2013-06-11,6.49,6.66,6.27,6.49,53445
2013-06-12,6.53,6.64,6.27,6.36,69463
2013-06-13,6.35,6.46,6.09,6.13,53825
2013-06-14,6.27,6.35,6.06,6.12,38509
2013-06-17,6.11,6.25,6.03,6.2,25266
2013-06-18,6.22,6.3,6.14,6.16,29382
2013-06-19,6.14,6.3,6.1,6.13,30329
2013-06-20,6.07,6.07,5.89,5.94,23680
2013-06-21,5.89,6.11,5.89,6.06,79690
2013-06-24,6.02,6.04,5.89,6.01,214734
2013-06-25,5.96,6.06,5.91,6.04,48884
2013-06-26,6.08,6.08,5.82,5.9,14604
2013-06-27,5.87,6.0,5.87,5.96,15429
2013-06-28,6.02,6.07,5.99,6.03,14709
2013-07-01,5.97,6.34,5.97,6.04,144205
2013-07-02,6.08,6.16,5.97,5.98,88414
2013-07-03,5.96,6.04,5.87,5.95,23585
2013-07-04,5.98,6.07,5.84,5.92,86472
2013-07-05,5.96,6.07,5.92,5.94,15815
2013-07-08,5.87,6.08,5.82,6.0,365542
2013-07-09,6.06,6.15,5.98,6.04,25397
2013-07-10,6.0,6.07,5.85,5.9,17773
2013-07-11,5.88,6.04,5.87,5.91,29873
2013-07-12,5.94,5.97,5.89,5.9,13564
2013-07-15,5.8,6.08,5.8,6.04,17842
2013-07-16,5.96,5.98,5.88,5.93,12200
2013-07-17,5.97,5.99,5.89,5.9,8125
2013-07-18,5.94,6.09,5.89,5.92,22112
2013-07-19,5.87,6.0,5.87,5.89,8796
2013-07-22,5.84,5.9,5.84,5.88,7020
2013-07-23,5.9,6.0,5.87,5.96,16779
2013-07-24,5.91,5.93,5.63,5.82,17803
2013-07-25,5.84,5.84,5.71,5.78,11845
2013-07-26,5.73,5.84,5.67,5.77,37082
2013-07-29,5.73,5.73,5.4,5.43,27206
2013-07-30,5.41,5.45,4.84,4.92,97840
2013-07-31,4.89,5.07,4.67,4.95,30203
2013-08-01,5.07,5.07,4.52,4.72,28669
2013-08-02,4.75,4.8,4.26,4.49,45559
2013-08-05,4.49,4.98,4.47,4.94,70211
2013-08-06,4.94,5.16,4.44,4.91,75417
2013-08-07,4.93,5.07,4.74,4.83,63359
2013-08-08,4.86,5.13,4.85,5.0,11002
2013-08-12,4.98,5.32,4.98,5.12,29305
2013-08-13,5.19,5.64,5.13,5.57,34757
2013-08-14,5.58,5.58,5.17,5.29,28361
2013-08-16,5.24,5.24,4.82,4.87,19291
2013-08-19,4.71,4.98,4.46,4.92,29797
2013-08-20,4.8,5.11,4.68,5.09,19539
2013-08-21,5.02,5.38,4.94,5.02,48440
2013-08-22,4.98,5.19,4.89,5.12,25206
2013-08-23,5.14,5.29,5.02,5.25,22954
2013-08-26,5.32,5.43,5.2,5.27,19008
2013-08-27,5.24,5.26,4.95,5.0,17312
2013-08-28,5.0,5.08,4.76,4.95,49910
2013-08-29,5.04,5.25,4.99,5.12,19504
2013-08-30,5.14,5.23,4.99,5.07,39580
2013-09-02,5.1,5.18,5.06,5.13,14134
2013-09-03,5.04,5.09,4.91,4.94,16087
2013-09-04,4.96,5.06,4.87,4.99,14188
2013-09-05,5.02,5.22,5.02,5.1,27387
2013-09-06,5.11,5.29,5.05,5.22,29807
2013-09-10,5.24,5.36,5.16,5.3,31115
2013-09-11,5.2,5.5,5.18,5.43,33858
2013-09-12,5.38,5.75,5.35,5.39,20852
2013-09-13,5.4,5.61,5.34,5.55,26418
2013-09-16,5.57,5.62,5.33,5.4,9458
2013-09-17,5.41,5.5,5.19,5.25,18354
2013-09-18,5.31,5.37,5.22,5.32,6311
2013-09-19,5.41,5.6,5.34,5.4,43613
2013-09-20,5.45,5.5,5.2,5.23,17792
2013-09-23,5.24,5.29,5.06,5.08,18996
2013-09-24,4.98,5.12,4.95,5.03,27733
2013-09-25,4.98,5.16,4.98,5.14,8542
2013-09-26,5.14,5.24,5.02,5.1,10743
2013-09-27,5.07,5.15,4.98,4.99,40546
2013-09-30,4.99,5.07,4.98,5.02,12693
2013-10-01,4.94,5.02,4.89,4.9,32950
2013-10-03,4.87,5.01,4.82,4.9,76024
2013-10-04,4.93,5.0,4.83,4.85,39079
2013-10-07,4.84,5.01,4.73,4.87,41932
2013-10-08,4.92,5.06,4.89,4.94,56693
2013-10-09,4.97,4.98,4.91,4.93,22458
2013-10-10,4.96,5.0,4.92,4.95,45899
2013-10-11,5.02,5.02,4.94,4.97,68316
2013-10-14,4.97,5.05,4.96,4.99,72289
2013-10-15,5.04,5.07,4.85,4.88,16208
2013-10-17,4.89,4.95,4.83,4.85,27727
2013-10-18,4.9,4.99,4.87,4.89,100313
2013-10-21,4.94,5.33,4.9,5.1,250250
2013-10-22,5.27,6.05,5.22,5.6,488703
2013-10-23,5.65,5.81,5.46,5.52,80400
2013-10-24,5.53,5.76,5.51,5.63,92919
2013-10-25,5.63,5.71,5.52,5.56,29048
2013-10-28,5.62,5.66,5.5,5.53,24650
2013-10-29,5.49,5.53,5.36,5.46,50958
2013-10-30,5.47,5.84,5.4,5.64,123930
2013-10-31,5.64,5.94,5.62,5.86,99632
2013-11-01,5.82,5.96,5.7,5.79,57660
2013-11-03,5.78,5.97,5.78,5.94,56014
2013-11-05,5.96,6.16,5.83,6.0,93628
2013-11-06,6.04,6.09,5.89,5.97,55927
2013-11-07,6.09,6.11,5.71,5.75,64310
2013-11-08,5.8,5.91,5.58,5.63,44507
2013-11-11,5.64,5.71,5.56,5.57,13605
2013-11-12,5.57,5.71,5.47,5.52,14265
2013-11-13,5.51,5.67,5.5,5.54,15250
2013-11-14,5.59,5.73,5.52,5.55,17397
2013-11-18,5.68,5.68,5.53,5.6,10338
2013-11-19,5.63,5.87,5.54,5.84,57050
2013-11-20,5.78,6.26,5.76,5.99,175846
2013-11-21,5.99,5.99,5.7,5.74,36370
2013-11-22,5.82,5.91,5.63,5.68,30300
2013-11-25,5.73,5.82,5.66,5.74,29342
2013-11-26,5.76,6.08,5.74,5.95,71143
2013-11-27,6.0,6.04,5.76,5.81,11435
2013-11-28,5.88,6.12,5.84,5.99,38450
2013-11-29,6.03,6.04,5.89,6.01,28437
2013-12-02,6.0,6.27,6.0,6.17,115677
2013-12-03,6.18,6.38,6.14,6.33,84977
2013-12-04,6.22,6.44,6.22,6.28,54760
2013-12-05,6.4,6.71,6.4,6.56,167622
2013-12-06,6.5,6.7,6.47,6.6,46651
2013-12-09,6.67,6.88,6.4,6.54,32324
2013-12-10,6.44,6.56,6.33,6.35,27472
2013-12-11,6.36,6.54,6.32,6.35,17790
2013-12-12,6.23,6.42,6.23,6.33,14157
2013-12-13,6.31,6.38,6.13,6.18,21475
2013-12-16,6.2,6.34,6.04,6.1,18334
2013-12-17,6.09,6.22,5.96,6.0,20913
2013-12-18,6.07,6.16,5.98,6.06,20618
2013-12-19,6.0,6.23,6.0,6.15,42816
2013-12-20,6.11,6.53,6.03,6.42,45787
2013-12-23,6.44,7.08,6.4,6.91,297684
2013-12-24,6.92,7.05,6.4,6.72,132653
2013-12-26,6.71,6.88,6.68,6.76,38753
2013-12-27,6.79,7.02,6.69,6.9,51285
2013-12-30,6.8,6.88,6.71,6.74,34545
2013-12-31,6.72,6.88,6.71,6.74,16297
2014-01-01,6.78,7.0,6.7,6.92,58529
2014-01-02,6.93,7.76,6.9,7.05,542648
2014-01-03,6.89,7.4,6.89,7.09,191804
2014-01-06,7.17,7.33,7.15,7.22,154620
2014-01-07,7.23,7.37,7.08,7.13,74575
2014-01-08,7.2,7.2,6.93,6.98,73634
2014-01-09,6.99,7.01,6.58,6.68,67335
2014-01-10,6.76,6.82,6.47,6.51,69241
2014-01-13,6.56,6.78,6.42,6.7,95039
2014-01-14,6.64,7.04,6.56,6.96,110849
2014-01-15,6.94,6.94,6.62,6.65,86407
2014-01-16,6.58,6.83,6.58,6.8,105278
2014-01-17,6.76,6.86,6.4,6.43,93050
2014-01-20,6.46,6.56,6.4,6.53,18419
2014-01-21,6.55,6.64,6.37,6.41,59215
2014-01-22,6.38,6.47,6.28,6.36,34615
2014-01-23,6.31,6.61,6.27,6.44,88006
2014-01-24,6.4,6.42,6.24,6.25,20065
2014-01-27,6.11,6.31,6.09,6.18,69622
2014-01-28,6.22,6.48,6.11,6.45,40337
2014-01-29,6.57,6.71,6.51,6.68,89062
2014-01-30,6.62,6.77,6.48,6.72,541294
2014-01-31,6.71,6.75,6.5,6.53,17183
2014-02-03,6.56,6.72,6.44,6.49,12977
2014-02-04,6.53,6.53,6.33,6.49,11658
2014-02-05,6.47,6.68,6.42,6.45,21297
2014-02-06,6.47,6.58,6.33,6.39,13802
2014-02-07,6.44,6.53,6.4,6.51,18713
2014-02-10,6.53,6.6,6.42,6.5,9892
2014-02-11,6.53,6.55,6.26,6.3,26933
2014-02-12,6.4,6.42,6.2,6.26,41085
2014-02-13,6.16,6.28,6.02,6.08,39775
2014-02-14,6.15,6.2,6.06,6.12,24598
2014-02-17,6.06,6.17,6.02,6.06,14296
2014-02-18,6.06,6.25,6.05,6.22,23140
2014-02-19,6.24,6.42,6.23,6.34,65972
2014-02-20,6.29,6.29,6.15,6.19,26450
2014-02-21,6.22,6.26,6.14,6.18,21207
2014-02-24,6.18,6.3,6.18,6.22,26539
2014-02-25,6.26,6.27,6.11,6.14,29357
2014-02-26,6.14,6.44,6.08,6.34,56256
2014-02-28,6.36,6.36,6.07,6.12,41535
2014-03-03,6.02,6.24,6.02,6.06,18673
2014-03-04,6.05,6.19,5.97,6.04,43252
2014-03-05,6.12,6.2,5.98,6.02,140696
2014-03-06,6.07,6.44,6.02,6.34,191364
2014-03-07,6.38,6.4,6.24,6.34,134956
2014-03-10,6.36,6.36,6.22,6.26,45074
2014-03-11,6.27,6.78,6.27,6.64,344150
2014-03-12,6.66,7.02,6.54,6.68,369952
2014-03-13,6.73,7.06,6.56,6.66,826347
2014-03-14,6.47,6.78,6.47,6.72,91619
2014-03-18,6.84,7.14,6.8,7.04,262407
2014-03-19,7.07,7.32,6.99,7.07,200654
2014-03-20,7.02,7.29,7.02,7.14,135681
2014-03-21,7.18,7.29,6.96,7.0,74528
2014-03-22,7.02,7.2,6.98,7.09,18409
2014-03-24,7.11,7.19,6.94,6.97,83159
2014-03-25,6.98,7.14,6.86,6.91,69254
2014-03-26,6.9,7.13,6.9,6.96,74250
2014-03-27,6.96,7.18,6.96,7.1,87033
2014-03-28,7.11,7.15,6.94,7.01,65648
2014-03-31,7.06,7.09,6.96,7.0,37589
2014-04-01,7.0,7.16,6.96,7.04,60075
2014-04-02,7.0,7.61,7.0,7.55,329176
2014-04-03,7.51,7.97,7.27,7.54,414198
2014-04-04,7.6,7.91,7.52,7.85,189502
2014-04-07,7.88,8.2,7.88,8.16,245812
2014-04-09,8.28,8.38,8.15,8.24,225677
2014-04-10,8.29,8.31,8.13,8.21,101181
2014-04-11,8.13,8.48,8.0,8.11,186494
2014-04-15,8.16,8.18,7.87,7.96,61080
2014-04-16,7.96,8.05,7.64,7.78,73767
2014-04-17,7.78,8.0,7.73,7.85,60006
2014-04-21,7.87,8.09,7.79,7.88,52109
2014-04-22,7.88,8.16,7.87,7.98,81784
2014-04-23,8.02,8.09,7.78,7.82,47548
2014-04-25,7.82,7.87,7.48,7.53,70599
2014-04-28,7.58,9.04,7.58,9.04,1761070
2014-04-29,9.33,10.26,9.32,9.7,2240171
2014-04-30,9.71,10.11,8.96,9.35,1093094
2014-05-02,9.47,9.84,9.26,9.35,288143
2014-05-05,9.38,9.64,9.14,9.21,170463
2014-05-06,9.28,10.09,9.21,9.99,730389
2014-05-07,10.13,10.38,9.69,9.77,433573
2014-05-08,9.84,10.3,9.74,10.21,334418
2014-05-09,10.23,10.41,10.01,10.24,270541
2014-05-12,10.24,11.54,10.12,10.95,1082673
2014-05-13,11.01,11.56,10.89,11.2,550754
2014-05-14,11.22,11.42,10.96,11.12,177807
2014-05-15,11.19,11.34,10.56,10.7,210621
2014-05-16,11.11,11.81,11.02,11.58,496140
2014-05-19,11.91,13.47,11.91,13.2,771546
2014-05-20,13.48,13.64,12.76,12.83,288259
2014-05-21,12.84,13.33,12.44,12.76,247713
2014-05-22,12.93,13.16,12.76,12.88,153970
2014-05-23,13.07,13.99,12.22,13.61,466987
2014-05-26,14.06,14.4,12.32,12.84,497201
2014-05-27,13.19,14.12,12.9,14.05,787959
2014-05-28,14.27,14.27,13.38,13.63,367561
2014-05-29,13.64,14.11,13.57,13.69,223588
2014-05-30,13.83,14.08,13.21,13.38,152463
2014-06-02,13.56,13.6,12.93,13.28,204397
2014-06-03,13.47,13.82,13.4,13.48,165020
2014-06-04,13.51,14.44,13.51,14.14,506462
2014-06-05,14.22,14.56,13.88,14.13,617105
2014-06-06,14.13,14.38,13.81,13.87,299533
2014-06-09,14.08,14.22,13.62,13.72,222198
2014-06-10,13.74,14.28,13.46,13.95,339045
2014-06-11,13.96,14.22,13.33,13.49,204885
2014-06-12,13.42,13.77,13.13,13.29,163702
2014-06-13,13.42,13.71,12.83,13.31,230492
2014-06-16,13.31,13.51,13.06,13.26,100493
2014-06-17,13.13,14.17,13.13,13.98,524236
2014-06-18,14.08,14.5,13.69,13.83,563077
2014-06-19,13.95,14.22,13.6,13.7,166932
2014-06-20,13.57,13.82,13.47,13.51,75781
2014-06-23,13.64,13.76,13.33,13.52,78863
2014-06-24,13.44,14.76,13.44,14.12,1257197
2014-06-25,14.22,14.5,14.06,14.24,413907
2014-06-26,14.13,14.35,13.95,14.04,159416
2014-06-27,14.09,14.2,13.89,14.0,107403
2014-06-30,14.01,15.4,14.01,15.39,1131393
2014-07-01,15.63,16.84,15.48,16.49,1517970
2014-07-02,16.66,17.47,16.04,17.06,948298
2014-07-03,17.19,17.84,16.72,17.47,829855
2014-07-04,17.51,17.99,17.28,17.52,504596
2014-07-07,17.55,20.88,17.55,20.57,2847603
2014-07-08,20.71,21.64,18.12,18.9,1915480
2014-07-09,18.76,19.47,16.51,17.59,2129529
2014-07-10,17.78,19.73,17.64,18.54,1623196
2014-07-11,18.75,19.33,17.41,17.58,1021872
2014-07-14,17.76,18.44,17.33,17.96,588933
2014-07-15,18.14,18.98,18.14,18.82,672108
2014-07-16,19.07,19.66,19.0,19.47,750885
2014-07-17,19.63,20.62,19.11,20.28,998156
2014-07-18,20.2,20.66,19.9,20.24,548121
2014-07-21,20.44,21.15,20.44,20.55,689179
2014-07-22,20.76,20.98,19.89,20.27,500587
2014-07-23,20.4,20.48,18.85,19.32,470752
2014-07-24,19.32,21.02,18.93,20.84,1228210
2014-07-25,20.93,20.98,19.76,20.22,470270
2014-07-28,19.69,21.23,19.69,20.66,789012
2014-07-30,20.65,21.2,20.36,20.92,559199
2014-07-31,20.89,21.45,20.54,20.66,632660
2014-08-01,20.28,20.89,20.18,20.27,353160
2014-08-04,20.22,20.62,19.91,20.14,237957
2014-08-05,20.22,20.84,20.14,20.58,355676
2014-08-06,20.4,21.55,20.4,20.9,898987
2014-08-07,20.84,21.28,20.29,20.43,368404
2014-08-08,20.27,20.49,19.83,20.19,299190
2014-08-11,20.52,20.64,20.23,20.3,167183
2014-08-12,20.44,20.66,19.35,19.76,978948
2014-08-13,19.77,19.85,17.6,18.4,946695
2014-08-14,18.4,20.18,18.4,19.86,752237
2014-08-18,19.94,20.39,19.64,20.24,369870
2014-08-19,20.49,20.76,20.24,20.45,303805
2014-08-20,20.51,20.81,20.18,20.38,272112
2014-08-21,20.27,20.69,19.91,20.01,273465
2014-08-22,20.13,20.22,19.56,19.74,193397
2014-08-25,19.81,19.84,18.89,19.01,199438
2014-08-26,19.1,19.45,18.49,18.9,408439
2014-08-27,18.96,19.5,18.89,19.15,258084
2014-08-28,19.21,19.64,18.46,18.77,341868
2014-09-01,18.77,19.44,18.77,19.34,188706
2014-09-02,19.42,19.8,19.2,19.39,250327
2014-09-03,19.51,20.88,19.34,20.73,1445228
2014-09-04,20.92,21.25,20.6,20.78,817405
2014-09-05,20.83,22.13,20.1,21.69,1351955
2014-09-08,21.96,23.16,21.8,22.83,1872379
2014-09-09,22.92,23.0,22.0,22.48,423758
2014-09-10,22.44,23.95,22.1,23.03,1148627
2014-09-11,23.22,24.09,23.11,23.93,774131
2014-09-12,24.1,24.27,23.6,23.81,498498
2014-09-15,23.8,24.36,23.1,23.94,463153
2014-09-16,24.19,24.67,22.5,22.9,615910
2014-09-17,23.41,27.48,23.03,26.96,4018809
2014-09-18,27.4,31.22,27.09,30.64,6919091
2014-09-19,30.62,31.51,29.26,29.66,2800554
2014-09-22,29.33,32.18,28.94,31.38,3215241
2014-09-23,31.78,34.15,31.78,32.81,4591642
2014-09-24,33.2,33.98,30.98,32.32,2561365
2014-09-25,32.62,32.74,30.08,30.53,1132670
2014-09-26,30.4,31.91,28.49,31.43,2093458
2014-09-29,31.56,32.28,31.0,31.55,1069740
2014-09-30,31.51,32.09,30.27,30.6,889279
2014-10-01,30.75,31.04,29.47,29.67,718175
2014-10-07,29.77,29.9,28.08,28.29,539398
2014-10-08,28.45,29.62,28.37,29.05,1044524
2014-10-09,29.33,30.73,29.18,30.49,1465971
2014-10-10,30.2,30.2,29.15,29.38,756084
2014-10-13,29.07,30.31,28.54,30.01,910124
2014-10-14,30.22,33.01,29.56,32.71,2804312
2014-10-16,32.31,32.76,30.34,30.63,957281
2014-10-17,30.84,33.1,30.45,32.56,2187022
2014-10-20,33.11,34.43,33.11,33.37,1101861
2014-10-21,33.57,33.96,32.53,33.04,821019
2014-10-22,33.38,33.77,33.11,33.53,613609
2014-10-23,33.71,33.78,33.14,33.24,165811
2014-10-27,33.42,33.96,32.63,32.99,799195
2014-10-28,32.81,33.66,32.81,33.05,546320
2014-10-29,33.16,33.64,32.94,33.12,376382
2014-10-30,33.28,34.93,33.11,34.41,1797092
2014-10-31,34.73,37.71,34.53,37.48,2694344
2014-11-03,37.76,39.64,36.67,38.93,1909656
2014-11-05,39.23,40.37,38.76,39.31,1259432
2014-11-07,39.53,39.56,37.16,37.52,698754
2014-11-10,37.64,37.99,36.57,36.84,482053
2014-11-11,36.98,37.95,36.9,37.46,558030
2014-11-12,37.71,37.73,36.62,36.98,392406
2014-11-13,37.02,37.72,35.93,36.38,637700
2014-11-14,35.58,36.36,34.22,34.42,1406557
2014-11-17,34.08,35.33,34.04,34.72,446519
2014-11-18,34.89,36.11,34.87,35.32,585256
2014-11-19,35.29,35.96,34.49,34.72,443761
2014-11-20,34.67,34.91,33.92,34.22,346747
2014-11-21,34.22,35.24,34.17,34.35,448568
2014-11-24,34.52,34.62,33.34,33.63,315024
2014-11-25,33.56,34.08,31.32,32.66,887665
2014-11-26,32.44,35.16,32.44,34.96,1233768
2014-11-27,35.23,36.21,35.19,35.41,1054319
2014-11-28,35.68,36.04,34.67,35.1,498673
2014-12-01,35.11,35.26,33.98,34.29,346567
2014-12-02,34.35,36.17,33.6,35.56,994654
2014-12-03,35.86,37.33,35.56,37.01,1187467
2014-12-04,37.6,39.95,37.59,39.09,2411864
2014-12-05,39.41,41.01,38.82,39.07,1832492
2014-12-08,39.1,39.22,37.6,38.11,553058
2014-12-09,38.05,39.45,37.26,37.88,708035
2014-12-10,38.07,39.24,38.06,38.9,752658
2014-12-11,38.98,39.11,38.22,38.37,436177
2014-12-12,38.58,38.76,36.01,36.31,480869
2014-12-15,36.0,37.55,35.22,35.52,770103
2014-12-16,35.16,36.22,33.84,34.21,667710
2014-12-17,34.31,35.02,32.67,34.18,731531
2014-12-18,34.89,35.76,34.89,35.42,444179
2014-12-19,35.82,36.97,35.43,35.58,695160
2014-12-22,35.39,35.91,34.99,35.37,272239
2014-12-23,35.42,35.62,34.45,34.9,272247
2014-12-24,34.71,35.51,34.27,34.49,333083
2014-12-26,34.64,35.17,34.4,34.55,260680
2014-12-29,34.84,35.19,34.46,34.66,277068
2014-12-30,35.02,36.71,34.94,36.0,1342392
2014-12-31,36.18,36.95,35.95,36.35,633064
2015-01-01,36.45,36.93,35.92,36.52,419328
2015-01-02,36.67,37.44,36.51,36.77,639234
2015-01-05,37.11,37.41,36.49,36.78,371994
2015-01-06,36.36,36.36,34.77,34.98,390123
2015-01-07,35.11,35.62,34.58,35.06,342063
2015-01-08,35.67,36.51,35.47,35.79,694312
2015-01-09,37.11,37.67,36.55,36.85,731393
2015-01-12,36.95,36.95,36.23,36.58,269900
2015-01-13,36.8,37.47,36.22,36.56,450423
2015-01-14,36.66,36.68,35.85,36.18,239635
2015-01-15,36.67,36.79,36.22,36.43,283651
2015-01-16,36.44,37.4,36.0,36.8,468780
2015-01-19,36.81,37.02,36.22,36.5,234021
2015-01-20,36.6,37.33,36.36,36.65,498821
2015-01-21,36.88,37.2,36.53,36.74,253269
2015-01-22,36.85,37.47,36.72,36.97,456952
2015-01-23,37.33,37.33,36.28,36.46,216347
2015-01-27,36.68,36.68,36.0,36.12,162471
2015-01-28,36.09,38.84,35.78,38.48,1441065
2015-01-29,38.56,39.07,37.6,38.62,1043118
2015-01-30,38.82,39.37,38.3,39.13,756668
2015-02-02,38.77,40.4,38.53,39.66,777344
2015-02-03,39.73,39.93,38.79,39.03,376100
2015-02-04,39.15,39.16,37.84,38.08,234785
2015-02-05,38.0,38.64,37.08,37.28,184313
2015-02-06,37.16,37.36,35.6,35.87,270657
2015-02-09,35.56,35.56,30.36,31.52,677900
2015-02-10,31.34,33.88,31.08,32.29,1098011
2015-02-11,33.04,33.87,32.73,32.95,647820
2015-02-12,33.22,33.29,32.25,32.74,389516
2015-02-13,32.89,33.55,32.32,32.58,480562
2015-02-16,32.53,33.24,32.04,32.26,442050
2015-02-18,32.52,34.21,32.4,33.48,884742
2015-02-19,33.77,36.79,33.69,36.15,2233252
2015-02-20,36.27,36.6,35.33,35.71,735598
2015-02-23,35.87,37.68,35.66,37.11,1368414
2015-02-24,37.18,38.33,37.11,37.3,878362
2015-02-25,37.54,37.96,37.11,37.53,475945
2015-02-26,37.56,38.71,37.2,37.68,765310
2015-02-27,37.96,38.31,37.45,37.93,315229
2015-02-28,38.84,40.34,37.39,38.56,1371641
2015-03-02,38.74,41.71,37.84,41.46,1830971
2015-03-03,41.78,42.84,41.26,42.03,1766543
2015-03-04,42.54,48.33,42.14,45.18,4460782
2015-03-05,45.42,47.92,45.05,47.15,1483354
2015-03-09,46.89,47.31,44.8,45.41,716751
2015-03-10,45.82,47.0,42.99,44.9,925140
2015-03-11,45.28,45.53,43.69,44.03,492857
2015-03-12,44.18,45.24,44.09,44.56,423650
2015-03-13,44.76,46.58,44.04,44.88,959518
2015-03-16,44.98,45.22,44.0,44.72,358172
2015-03-17,45.04,45.94,44.54,45.45,422386
2015-03-18,45.64,45.68,44.54,44.8,227544
2015-03-19,45.19,46.79,43.43,44.38,714099
2015-03-20,44.44,44.71,42.13,42.71,412275
2015-03-23,42.97,43.67,42.0,42.61,260473
2015-03-24,42.71,43.18,41.57,42.3,306670
2015-03-25,42.38,42.72,40.49,40.75,364119
2015-03-26,40.13,41.68,37.78,40.96,627021
2015-03-27,41.11,42.16,39.6,40.57,439162
2015-03-30,40.93,42.84,40.93,42.56,464423
2015-03-31,42.89,43.56,42.01,42.53,448253
2015-04-01,42.27,43.8,41.87,43.41,478484
2015-04-06,43.72,44.0,42.74,43.69,431188
2015-04-07,43.88,44.53,43.16,43.77,495200
2015-04-08,43.82,45.28,43.39,44.39,664990
2015-04-09,44.58,44.78,43.56,43.8,244179
2015-04-10,43.78,44.62,43.52,43.94,240275
2015-04-13,43.84,44.84,41.15,42.94,968920
2015-04-15,42.67,43.11,40.67,40.89,694150
2015-04-16,40.89,41.46,39.22,40.24,551669
2015-04-17,40.34,40.46,39.39,39.76,235322
2015-04-20,39.86,39.96,38.58,38.71,208447
2015-04-21,38.88,40.04,38.0,38.27,401887
2015-04-22,38.44,38.88,37.17,38.16,271120
2015-04-23,38.44,38.88,37.65,37.76,170181
2015-04-24,37.94,37.94,34.45,34.85,419009
2015-04-27,35.15,35.15,32.04,32.27,458782
2015-04-28,32.33,34.4,31.11,33.95,616389
2015-04-29,33.91,35.82,33.52,35.44,582717
2015-04-30,34.89,35.2,34.23,34.83,341056
2015-05-04,34.95,36.0,34.89,35.48,260391
2015-05-05,35.51,35.6,34.7,35.11,242891
2015-05-06,34.96,34.96,33.24,33.44,266831
2015-05-07,33.42,33.42,31.78,32.02,315749
2015-05-08,32.62,34.52,32.51,33.64,805825
2015-05-11,33.9,35.2,33.87,34.48,393617
2015-05-12,34.56,34.56,33.22,33.43,216812
2015-05-13,33.78,34.53,33.6,34.12,274040
2015-05-14,33.95,34.74,33.56,34.19,252520
2015-05-15,34.71,35.06,34.27,34.36,213372
2015-05-18,34.58,35.55,34.4,35.02,296778
2015-05-19,35.42,36.88,35.34,36.06,913359
2015-05-20,36.37,37.11,36.31,36.43,450947
2015-05-21,36.63,36.72,35.64,36.04,228572
2015-05-22,36.31,36.78,33.92,35.87,1348026
2015-05-25,35.94,36.6,35.61,35.96,474953
2015-05-26,35.95,36.22,35.16,35.26,241949
2015-05-27,34.67,35.01,34.0,34.11,256591
2015-05-28,34.27,35.28,34.15,34.67,344419
2015-05-29,34.8,34.88,34.13,34.28,221165
2015-06-01,34.27,35.24,34.09,34.44,382326
2015-06-02,34.65,34.65,33.42,33.65,192671
2015-06-03,33.62,33.64,31.56,31.87,377832
2015-06-04,32.13,32.71,31.86,32.14,231204
2015-06-05,32.04,33.42,31.87,32.03,441368
2015-06-08,32.08,32.51,31.6,31.73,188816
2015-06-09,31.68,31.91,31.36,31.48,205622
2015-06-10,31.7,33.32,31.57,32.88,628420
2015-06-11,33.47,33.98,32.81,32.99,520696
2015-06-12,33.02,33.69,32.66,33.48,255898
2015-06-15,33.82,34.13,33.38,33.62,215123
2015-06-16,34.02,34.4,33.69,34.25,358078
2015-06-17,34.4,35.07,33.83,34.25,323848
2015-06-18,34.46,35.07,34.18,34.58,258732
2015-06-19,34.75,35.28,34.4,34.62,239755
2015-06-22,34.82,35.2,34.62,34.77,258043
2015-06-23,34.88,35.88,34.56,35.51,729181
2015-06-24,35.62,36.44,35.22,35.78,579309
2015-06-25,36.1,39.78,36.1,39.21,4366286
2015-06-26,39.62,41.53,39.56,41.21,2886064
2015-06-29,39.2,40.66,38.96,39.98,1175896
2015-06-30,40.33,41.19,40.0,40.22,631288
2015-07-01,40.16,44.2,40.05,43.93,2997567
2015-07-02,44.24,45.55,43.11,43.56,2057030
2015-07-03,43.86,44.7,42.86,43.15,715314
2015-07-06,42.91,44.2,42.07,43.65,946268
2015-07-07,43.91,44.78,43.65,43.97,775076
2015-07-08,43.72,44.44,42.67,42.97,681672
2015-07-09,43.11,43.87,42.77,43.1,454400
2015-07-10,43.58,43.64,42.52,42.95,303449
2015-07-13,43.33,43.96,42.31,43.6,487623
2015-07-14,43.95,44.38,43.47,43.68,504144
2015-07-15,43.86,43.9,43.16,43.32,256731
2015-07-16,43.34,44.89,42.93,44.33,1068779
2015-07-17,44.71,45.29,44.16,44.9,872621
2015-07-20,45.33,45.87,44.71,45.57,577871
2015-07-21,45.77,46.73,44.13,44.59,859679
2015-07-22,44.53,45.01,44.05,44.62,329371
2015-07-23,44.67,47.77,44.67,47.03,1325806
2015-07-24,47.76,48.44,46.22,46.66,897190
2015-07-27,46.18,46.22,44.89,45.15,331666
2015-07-28,45.6,45.87,44.4,44.86,281859
2015-07-29,45.01,45.33,44.69,44.97,186428
2015-07-30,45.36,45.87,44.54,44.93,291255
2015-07-31,45.15,46.09,44.72,45.7,451481
2015-08-03,45.87,47.87,45.51,47.17,724325
2015-08-04,47.21,47.51,46.34,47.01,374454
2015-08-05,47.15,53.28,46.8,52.88,2666161
2015-08-06,53.24,53.97,50.32,50.64,1185819
2015-08-07,50.75,51.6,49.86,50.37,535563
2015-08-10,50.58,52.8,50.24,50.7,713956
2015-08-11,51.07,51.91,48.81,49.02,436783
2015-08-12,48.75,48.84,46.81,47.32,351090
2015-08-13,47.73,48.58,43.79,44.33,804853
2015-08-14,46.22,46.58,44.84,45.68,659346
2015-08-17,45.86,46.91,44.89,45.45,404585
2015-08-18,45.77,46.89,45.47,46.11,329336
2015-08-19,46.21,46.53,45.29,45.76,240727
2015-08-20,45.63,46.58,45.16,45.83,380417
2015-08-21,45.2,45.2,43.69,44.44,333999
2015-08-24,40.47,42.83,39.55,40.12,524122
2015-08-25,40.98,41.78,36.06,40.84,708532
2015-08-26,40.88,42.34,39.62,41.7,385329
2015-08-27,42.88,46.17,42.71,43.4,997982
2015-08-28,44.29,45.28,43.56,43.76,464517
2015-08-31,43.76,44.25,42.92,43.44,228714
2015-09-01,43.11,44.2,41.85,42.52,295155
2015-09-02,42.85,43.99,42.52,43.09,407998
2015-09-03,43.58,45.08,43.41,44.08,623875
2015-09-04,44.14,44.79,42.54,43.02,439332
2015-09-07,43.11,43.85,41.69,41.94,284229
2015-09-08,42.58,42.89,40.29,42.03,492093
2015-09-09,42.96,43.2,42.36,42.63,258567
2015-09-10,41.87,42.36,41.11,41.81,299154
2015-09-11,42.27,42.84,41.52,41.76,280854
2015-09-14,41.97,42.38,41.63,41.87,176038
2015-09-15,42.07,42.29,40.94,41.05,180516
2015-09-16,41.45,42.09,40.38,40.67,340654
2015-09-18,41.91,42.18,41.11,41.31,374440
2015-09-21,41.37,42.0,41.16,41.79,221727
2015-09-22,42.0,42.49,40.68,41.06,293478
2015-09-23,40.44,41.56,40.36,41.32,179368
2015-09-24,41.29,42.27,41.16,41.64,196559
2015-09-28,41.78,42.33,41.6,41.95,205761
2015-09-29,41.42,43.67,41.02,42.56,655509
2015-09-30,42.93,43.24,42.36,42.64,191046
2015-10-01,42.98,43.28,42.33,42.52,228651
2015-10-05,42.93,44.17,42.75,43.28,416327
2015-10-06,43.64,44.13,43.29,43.69,272740
2015-10-07,43.69,43.95,43.28,43.42,175061
2015-10-08,43.36,44.0,43.16,43.58,144749
2015-10-09,43.73,45.69,43.61,45.03,824052
2015-10-12,45.38,45.96,44.44,44.86,299710
2015-10-13,44.99,45.36,44.61,45.01,173661
2015-10-14,45.1,45.78,44.76,45.09,182433
2015-10-15,45.33,45.71,44.89,45.03,127732
2015-10-16,45.28,45.94,44.89,45.2,211371
2015-10-19,45.64,45.83,45.17,45.36,142499
2015-10-20,45.39,45.55,44.13,44.46,179231
2015-10-21,44.46,44.82,43.49,43.74,170417
2015-10-23,44.12,44.26,43.11,43.2,136175
2015-10-26,43.33,43.42,42.31,42.55,147268
2015-10-27,42.53,42.71,41.65,41.86,160022
2015-10-28,42.2,42.94,42.03,42.51,225563
2015-10-29,42.44,42.44,41.58,41.7,106812
2015-10-30,41.78,42.18,41.02,41.43,99096
2015-11-02,41.56,42.42,41.03,42.14,175520
2015-11-03,42.44,42.44,41.84,41.96,84617
2015-11-04,42.34,42.93,41.78,41.99,173377
2015-11-05,41.84,41.99,41.2,41.34,94359
2015-11-06,41.34,41.74,40.76,40.98,85225
2015-11-09,40.07,40.33,39.33,39.75,210276
2015-11-10,39.94,40.66,39.56,39.78,221877
2015-11-11,40.09,40.8,40.09,40.39,39822
2015-11-13,40.0,40.0,39.56,39.66,58739
2015-11-16,39.64,40.93,39.29,40.39,138092
2015-11-17,40.66,40.8,40.14,40.29,82484
2015-11-18,40.22,41.68,40.14,40.36,275207
2015-11-19,40.73,41.64,40.29,41.32,232640
2015-11-20,41.38,42.4,40.94,41.56,261604
2015-11-23,41.91,42.36,41.33,41.78,119754
2015-11-24,41.6,45.1,41.51,44.19,1089111
2015-11-26,44.64,45.46,44.23,44.5,648369
2015-11-27,44.72,44.75,43.83,44.3,217164
2015-11-30,44.31,44.93,44.22,44.77,402507
2015-12-01,44.89,45.19,44.09,44.42,146519
2015-12-02,44.6,44.91,44.0,44.36,162967
2015-12-03,44.61,44.61,43.6,43.74,114920
2015-12-04,43.55,44.06,42.8,43.03,91115
2015-12-07,43.38,44.31,43.11,43.26,119302
2015-12-08,43.11,43.53,41.87,42.09,114996
2015-12-09,42.22,42.76,40.72,40.93,142335
2015-12-10,41.33,42.31,40.53,42.02,307979
2015-12-11,42.35,42.71,41.82,42.13,185095
2015-12-14,41.91,42.74,41.51,42.58,144718
2015-12-15,43.16,44.35,43.16,44.16,377324
2015-12-16,44.39,44.96,43.47,43.63,321994
2015-12-17,44.02,44.49,43.66,44.4,155559
2015-12-18,44.18,44.82,43.96,44.18,127438
2015-12-21,44.22,44.62,43.8,44.0,95254
2015-12-22,45.56,46.06,44.54,44.72,435326
2015-12-23,44.94,45.15,44.24,44.38,142009
2015-12-24,44.53,44.65,43.8,44.08,86074
2015-12-28,44.44,44.8,44.11,44.3,104774
2015-12-29,44.89,45.28,43.88,44.1,259289
2015-12-30,44.17,44.47,43.61,43.78,145368
2015-12-31,43.89,44.29,43.87,43.98,111070
2016-01-01,44.22,45.24,43.64,44.63,197418
2016-01-04,44.53,44.84,43.78,43.96,149439
2016-01-05,44.3,44.41,43.61,43.81,131221
2016-01-06,44.08,45.19,43.69,44.86,327024
2016-01-07,45.06,45.72,43.81,44.07,473035
2016-01-08,44.46,44.84,44.13,44.32,139197
2016-01-11,44.2,44.53,43.42,44.01,119233
2016-01-12,44.13,45.01,43.96,44.46,211026
2016-01-13,44.84,44.84,41.58,43.4,235422
2016-01-14,42.44,44.55,41.58,43.3,217397
2016-01-15,43.55,43.73,41.52,41.91,96379
2016-01-18,41.73,41.73,40.09,40.3,123151
2016-01-19,40.64,41.24,40.11,40.7,92990
2016-01-20,40.0,40.12,38.49,39.08,105249
2016-01-21,39.42,40.16,39.2,39.61,103967
2016-01-22,40.18,41.11,40.0,40.71,119165
2016-01-25,41.11,41.69,40.84,41.45,77387
2016-01-27,42.58,43.82,42.33,42.8,272218
2016-01-28,42.8,43.94,42.01,43.44,156241
2016-01-29,43.64,43.64,42.67,42.8,110555
2016-02-01,43.14,43.31,42.38,42.72,107419
2016-02-02,42.71,43.68,42.01,42.28,190135
2016-02-03,41.88,41.96,40.76,40.9,125168
2016-02-04,41.38,42.18,40.96,42.01,138835
2016-02-05,42.39,42.39,41.34,41.96,135066
2016-02-08,42.08,43.02,41.58,42.29,99654
2016-02-09,41.56,42.16,41.29,41.43,74021
2016-02-10,41.43,42.07,37.88,39.55,497574
2016-02-11,39.38,39.9,36.89,37.27,257427
2016-02-12,37.43,37.92,36.1,37.24,173020
2016-02-15,37.87,38.84,37.82,38.52,95268
2016-02-16,38.8,39.06,37.78,37.97,93195
2016-02-17,38.02,38.41,36.89,38.08,95298
2016-02-18,38.61,38.76,37.38,38.11,98531
2016-02-19,38.1,38.45,37.6,38.26,58474
2016-02-22,38.51,40.31,38.31,39.91,311382
2016-02-23,40.16,40.29,38.93,39.11,162224
2016-02-24,38.67,39.78,38.58,38.75,159145
2016-02-25,38.88,39.06,38.23,38.42,76711
2016-02-26,38.84,39.04,38.32,38.66,81251
2016-02-29,38.71,39.91,38.22,38.4,275733
2016-03-01,38.65,39.9,38.65,39.54,160265
2016-03-02,39.95,40.66,39.95,40.48,168043
2016-03-03,41.24,42.18,40.98,41.11,253173
2016-03-04,41.2,41.33,40.23,40.48,185632
2016-03-08,40.53,41.27,39.78,40.63,213362
2016-03-09,40.67,41.84,40.13,41.4,315669
2016-03-10,41.55,41.69,40.7,41.09,132897
2016-03-11,41.52,41.91,41.18,41.49,233009
2016-03-14,41.87,41.91,41.06,41.25,157425
2016-03-15,41.46,41.46,40.69,40.8,69549
2016-03-16,41.0,42.98,40.62,42.58,538072
2016-03-17,42.97,43.1,41.86,42.02,212743
2016-03-18,42.0,42.78,41.57,42.32,173867
2016-03-21,42.04,42.76,41.82,42.28,158556
2016-03-22,42.44,42.44,41.6,41.95,168306
2016-03-23,41.95,42.4,41.6,41.79,126218
2016-03-28,41.91,42.39,41.33,41.57,98464
2016-03-29,41.76,43.08,41.57,42.33,330263
2016-03-30,42.43,42.88,42.0,42.33,131849
2016-03-31,42.05,42.5,41.45,41.91,135060
2016-04-01,42.09,42.56,42.0,42.13,78175
2016-04-04,42.35,42.76,41.91,42.43,111033
2016-04-05,42.13,42.95,41.78,41.93,141353
2016-04-06,42.17,42.36,41.82,42.2,61765
2016-04-07,42.26,42.26,41.78,41.89,47109
2016-04-08,42.12,42.84,42.09,42.33,197302
2016-04-11,42.3,44.05,42.0,43.31,460442
2016-04-12,43.62,44.42,43.47,43.81,229939
2016-04-13,44.19,45.11,43.69,43.91,250480
2016-04-18,43.99,45.11,43.24,44.95,279431
2016-04-20,45.07,45.24,44.15,44.4,147390
2016-04-21,44.8,45.07,44.2,44.54,111619
2016-04-22,44.48,45.04,44.05,44.6,92416
2016-04-25,44.71,45.68,44.23,44.57,243944
2016-04-26,44.44,45.42,44.44,45.15,154774
2016-04-27,45.41,45.49,44.71,44.83,87648
2016-04-28,44.76,44.98,44.21,44.3,83298
2016-04-29,44.4,44.89,43.97,44.41,86446
2016-05-02,44.31,44.61,43.57,43.84,112193
2016-05-03,44.17,45.64,44.01,44.81,327680
2016-05-04,44.81,44.93,43.68,43.97,178433
2016-05-05,43.96,44.26,43.4,43.5,111660
2016-05-06,43.29,43.46,41.89,42.18,207083
2016-05-09,42.31,42.77,42.31,42.59,142104
2016-05-10,42.95,43.47,42.71,43.3,220909
2016-05-11,42.66,43.73,42.41,43.33,134025
2016-05-12,43.46,43.96,43.2,43.48,94905
2016-05-13,43.42,43.95,42.82,43.67,119865
2016-05-16,44.02,44.58,42.98,43.47,389990
2016-05-17,43.86,44.29,43.36,43.58,195616
2016-05-18,43.6,44.16,43.56,43.72,109079
2016-05-19,43.84,43.87,43.29,43.45,66194
2016-05-20,43.51,43.64,42.84,43.0,60059
2016-05-23,43.27,43.42,42.36,42.58,61481
2016-05-24,42.61,42.64,41.34,41.74,68185
2016-05-25,42.13,42.44,41.94,42.18,58937
2016-05-26,42.35,42.53,41.78,41.92,100501
2016-05-27,42.04,43.07,41.96,42.31,141825
2016-05-30,42.49,42.76,42.0,42.2,80054
2016-05-31,42.35,42.47,41.78,42.13,76632
2016-06-01,42.31,43.83,42.13,43.12,335849
2016-06-02,43.41,44.44,43.28,43.84,732524
2016-06-03,44.1,44.1,43.33,43.6,310130
2016-06-06,43.37,43.37,41.56,42.53,558834
2016-06-07,43.04,43.04,42.36,42.8,293052
2016-06-08,42.48,43.33,41.6,41.99,540340
2016-06-09,42.22,42.4,41.56,41.99,332184
2016-06-10,42.14,42.44,41.64,41.82,236270
2016-06-13,41.66,42.0,41.0,41.61,249478
2016-06-14,41.64,41.94,40.67,40.98,410844
2016-06-15,41.33,41.36,40.67,40.86,515116
2016-06-16,40.67,41.62,40.22,41.22,494220
2016-06-17,41.53,41.54,40.67,41.13,366150
2016-06-20,40.83,41.99,40.64,41.36,399405
2016-06-21,41.37,41.54,40.72,41.19,330117
2016-06-22,42.0,42.64,41.11,41.49,1036635
2016-06-23,41.6,41.87,41.11,41.59,214260
2016-06-24,39.33,41.54,39.11,41.3,445938
2016-06-27,40.98,42.0,40.92,41.67,274295
2016-06-28,41.78,42.99,41.78,42.78,606691
2016-06-29,43.01,43.21,41.88,42.5,635511
2016-06-30,42.76,42.91,42.0,42.36,239766
2016-07-01,42.44,43.49,42.43,42.83,518859
2016-07-04,42.89,43.74,42.71,42.98,649909
2016-07-05,43.33,43.93,43.01,43.29,596186
2016-07-07,44.09,49.49,44.08,47.9,6327422
2016-07-08,48.0,49.76,47.11,48.87,3777501
2016-07-11,49.56,51.66,48.89,51.02,3390107
2016-07-12,51.1,58.56,51.1,57.31,10530629
2016-07-13,57.56,59.29,50.17,51.06,10405393
2016-07-14,51.13,54.11,51.13,53.58,6173963
2016-07-15,54.84,55.76,53.89,54.53,2859926
2016-07-18,54.74,55.22,53.5,53.86,1125295
2016-07-19,54.16,55.07,53.02,54.78,1686719
2016-07-20,55.02,55.06,53.36,53.72,820786
2016-07-21,54.0,56.31,53.6,55.36,2469266
2016-07-22,55.11,56.27,54.49,55.77,1051657
2016-07-25,55.73,56.31,54.78,55.46,785289
2016-07-26,55.11,56.13,54.47,54.63,753187
2016-07-27,54.8,55.77,54.67,54.87,574793
2016-07-28,54.89,55.29,54.19,54.39,610551
2016-07-29,54.67,55.4,54.22,54.93,535302
2016-08-01,55.31,55.31,53.8,54.27,387433
2016-08-02,54.24,55.5,54.11,54.44,585064
2016-08-03,54.36,54.67,52.71,53.04,426251
2016-08-04,54.8,55.11,53.36,53.7,715112
2016-08-05,54.11,54.79,53.88,54.37,453236
2016-08-08,54.53,54.78,53.8,53.99,301258
2016-08-09,54.0,54.76,53.44,53.6,348871
2016-08-10,53.76,53.88,52.02,52.69,419267
2016-08-11,52.87,53.78,51.39,51.77,693352
2016-08-12,51.9,52.44,51.12,51.26,403307
2016-08-16,51.47,52.76,51.27,51.63,380731
2016-08-17,51.93,52.08,51.13,51.34,256161
2016-08-18,51.56,54.67,51.56,53.77,1327699
2016-08-19,53.56,54.84,53.0,53.8,826237
2016-08-22,54.19,55.19,53.67,53.97,822793
2016-08-23,53.99,54.26,52.89,53.48,408340
2016-08-24,53.92,54.33,53.02,53.39,629182
2016-08-25,53.53,54.11,52.39,53.37,378722
2016-08-26,53.53,53.88,53.11,53.33,267727
2016-08-29,53.33,53.37,52.37,52.61,326303
2016-08-30,52.27,53.44,52.27,53.26,337239
2016-08-31,53.36,54.6,52.79,53.61,900805
2016-09-01,53.66,54.36,53.36,53.72,385376
2016-09-02,54.0,55.55,53.59,54.36,1880018
2016-09-06,55.07,55.42,54.78,55.01,603332
2016-09-07,56.11,56.43,55.5,55.99,1313597
2016-09-08,56.0,57.22,56.0,56.85,1132538
2016-09-09,57.33,57.95,55.69,56.05,1098589
2016-09-12,54.89,56.11,54.18,54.44,563533
2016-09-14,54.88,55.9,54.87,55.26,626189
2016-09-15,56.58,56.77,55.6,56.37,1252542
2016-09-16,56.46,56.76,55.1,55.33,478655
2016-09-19,55.56,56.22,53.89,56.0,710531
2016-09-20,56.96,57.28,55.91,56.25,692657
2016-09-21,57.56,57.77,56.16,56.42,1006481
2016-09-22,56.89,57.09,55.9,56.16,443119
2016-09-23,56.33,56.6,55.63,56.39,352811
2016-09-26,56.43,56.82,55.78,56.17,355321
2016-09-27,56.28,56.53,55.45,56.23,330935
2016-09-28,56.33,57.61,56.05,57.37,649015
2016-09-29,57.36,58.31,54.67,55.71,941690
2016-09-30,55.33,56.56,54.91,55.95,269836
2016-10-03,56.67,57.78,56.0,57.58,546330
2016-10-04,57.98,63.1,57.45,61.77,3571434
2016-10-05,62.42,66.53,62.05,62.41,4594271
2016-10-06,62.58,63.07,60.33,60.6,1731555
2016-10-07,60.62,60.67,58.45,58.69,833342
2016-10-10,58.77,59.16,57.82,58.19,380444
2016-10-13,57.96,59.53,56.27,57.23,1792815
2016-10-14,57.75,58.33,56.83,57.03,508582
2016-10-17,56.56,57.45,55.38,55.6,604206
2016-10-18,56.09,56.67,55.79,56.15,533298
2016-10-19,56.32,56.87,56.11,56.29,390872
2016-10-20,55.28,56.42,54.47,55.77,4287419
2016-10-21,53.97,54.89,53.39,53.6,5435533
2016-10-24,52.67,53.28,52.5,52.62,5931659
2016-10-25,52.67,54.09,52.67,53.74,3209813
2016-10-26,53.78,54.2,52.72,52.86,1480935
2016-10-27,52.91,53.56,52.63,53.16,886653
2016-10-28,53.33,53.71,53.11,53.31,662177
2016-10-30,53.59,53.76,53.34,53.64,390093
2016-11-01,54.4,54.44,53.33,53.49,893534
2016-11-02,53.31,53.53,52.72,53.23,685241
2016-11-03,53.31,53.31,52.0,52.27,750571
2016-11-04,52.32,52.52,50.44,50.74,703171
2016-11-07,51.26,53.49,51.26,52.09,1195036
2016-11-08,52.78,52.78,51.79,52.11,436574
2016-11-09,46.22,51.09,44.23,49.2,2014351
2016-11-10,50.83,52.22,50.46,51.63,1224256
2016-11-11,50.84,51.68,50.27,50.43,719391
2016-11-15,50.67,50.87,49.01,49.44,620262
2016-11-16,49.87,50.53,48.4,48.9,759851
2016-11-17,48.64,49.44,47.78,48.16,471666
2016-11-18,48.67,49.47,48.38,48.86,592914
2016-11-21,48.94,49.31,46.24,46.68,1255721
2016-11-22,47.38,47.66,46.11,47.07,1429017
2016-11-23,47.71,51.1,47.33,50.81,1808175
2016-11-24,50.56,51.67,49.78,50.09,1611145
2016-11-25,50.52,51.06,50.11,50.3,598552
2016-11-28,50.44,51.39,50.24,50.44,720410
2016-11-29,50.89,50.89,50.03,50.43,726356
2016-11-30,50.66,51.01,50.34,50.69,635299
2016-12-01,50.91,51.59,50.33,50.5,739531
2016-12-02,50.19,50.43,48.79,49.39,516122
2016-12-05,49.64,50.67,48.94,50.33,675822
2016-12-06,50.56,52.88,50.07,51.99,1986859
2016-12-07,52.18,52.44,51.02,51.66,1186050
2016-12-08,51.87,52.56,51.79,52.24,584084
2016-12-09,52.44,52.47,51.58,51.87,383161
2016-12-12,51.86,52.48,50.84,51.06,502628
2016-12-13,51.0,51.28,50.47,50.56,364805
2016-12-14,50.6,50.87,50.0,50.13,274982
2016-12-15,49.46,50.28,49.33,49.62,445179
2016-12-16,49.38,50.67,49.38,49.93,926633
2016-12-19,50.36,50.56,49.57,49.74,585577
2016-12-20,50.18,51.26,49.88,50.82,886817
2016-12-21,51.11,51.11,50.22,50.37,288804
2016-12-22,50.22,50.32,49.33,49.54,316330
2016-12-23,49.22,50.2,49.22,49.61,276456
2016-12-26,49.56,50.98,47.69,48.84,2064318
2016-12-27,48.82,50.56,48.46,50.0,1295236
2016-12-28,50.67,52.2,50.24,50.92,1542423
2016-12-29,51.22,52.67,51.11,52.44,1676689
2016-12-30,52.94,54.29,52.7,53.1,2164527
2017-01-02,53.57,56.61,53.57,56.32,3600116
2017-01-03,57.29,57.72,56.0,56.55,2062643
2017-01-04,56.99,57.31,54.47,54.91,3304927
2017-01-05,55.22,56.0,53.42,55.47,1857906
2017-01-06,55.55,56.51,55.48,55.77,805934
2017-01-09,55.96,58.0,55.37,57.28,1719517
2017-01-10,57.6,60.0,57.06,59.59,3136095
2017-01-11,60.12,61.11,59.36,60.75,2289582
2017-01-12,61.09,61.09,59.66,60.48,1416317
2017-01-13,60.66,61.6,60.23,61.05,983398
2017-01-16,61.25,62.66,60.91,61.19,1567403
2017-01-17,61.38,63.56,61.38,62.07,3056823
2017-01-18,62.51,62.86,61.11,61.25,1399465
2017-01-19,61.45,61.68,59.93,60.25,1173100
2017-01-20,60.22,60.32,57.07,57.38,2266396
2017-01-23,57.47,58.4,57.33,58.18,823807
2017-01-24,58.73,60.0,58.67,59.32,1125174
2017-01-25,59.55,59.68,58.9,59.36,590561
2017-01-27,59.62,60.16,59.36,59.8,1023791
2017-01-30,59.8,59.8,59.11,59.3,477531
2017-01-31,59.33,60.83,59.11,60.17,1266555
2017-02-01,60.6,61.33,60.23,61.06,1744756
2017-02-02,61.33,61.5,61.0,61.16,722757
2017-02-03,61.4,61.78,60.35,61.27,906840
2017-02-06,61.58,62.45,61.3,61.9,1002138
2017-02-07,62.21,62.67,61.41,61.83,801940
2017-02-08,62.09,62.85,61.35,62.59,771175
2017-02-09,62.78,62.89,61.87,62.43,755210
2017-02-10,62.45,62.89,62.27,62.51,719180
2017-02-13,62.85,63.51,62.33,62.72,2572806
2017-02-14,63.11,63.98,62.53,63.75,1545942
2017-02-15,63.36,64.35,63.22,63.6,1709938
2017-02-16,63.76,66.0,63.67,64.28,3224885
2017-02-17,64.57,64.57,51.9,58.37,6164520
2017-02-20,58.63,60.58,58.37,59.02,2121644
2017-02-21,59.32,59.47,58.33,58.68,1132115
2017-02-22,58.93,58.98,57.73,58.23,1446240
2017-02-23,58.3,58.3,57.07,57.22,993400
2017-02-27,57.3,57.47,55.67,56.02,1241033
2017-02-28,56.13,57.32,55.2,56.28,1181025
2017-03-01,56.58,56.6,54.67,55.03,1325534
2017-03-02,55.07,56.73,55.0,55.3,1628164
2017-03-03,55.3,56.33,54.87,56.07,1110256
2017-03-06,56.35,56.35,55.63,55.77,865993
2017-03-07,56.97,56.97,55.5,55.67,1198862
2017-03-08,55.53,55.77,54.83,54.98,1014733
2017-03-09,54.93,56.52,53.52,56.23,1032619
2017-03-10,56.23,57.42,55.67,56.97,1678709
2017-03-14,58.37,59.8,57.83,59.48,3352244
2017-03-15,59.7,60.47,58.78,60.02,2331703
2017-03-16,60.67,60.67,59.83,60.03,1738889
2017-03-17,60.63,60.63,58.5,59.7,5082909
2017-03-20,59.87,59.88,58.45,58.67,895837
2017-03-21,58.77,59.47,58.05,58.93,891130
2017-03-22,58.33,59.12,57.85,58.15,839249
2017-03-23,58.22,58.82,58.22,58.32,521448
2017-03-24,58.57,59.33,58.2,58.37,881810
2017-03-27,58.33,58.65,57.67,58.23,675845
2017-03-28,58.22,58.53,57.37,57.48,711178
2017-03-29,57.73,57.95,56.7,57.18,1264706
2017-03-30,57.33,58.45,57.22,57.63,2210642
2017-03-31,57.83,57.98,57.0,57.35,1008720
2017-04-03,57.5,58.0,57.38,57.77,749322
2017-04-05,58.0,58.13,57.1,57.3,1073773
2017-04-06,57.33,58.0,57.0,57.68,992128
2017-04-07,57.62,59.73,57.28,59.03,2578671
2017-04-10,59.67,60.47,59.52,60.08,1532801
2017-04-11,60.32,60.63,59.7,60.47,1051455
2017-04-12,60.67,61.42,58.37,59.38,1196852
2017-04-13,59.83,60.55,58.88,59.55,675747
2017-04-17,59.35,60.67,58.62,60.35,891356
2017-04-18,60.97,61.53,60.03,60.37,1535604
2017-04-19,61.23,61.5,60.33,60.67,920476
2017-04-20,62.08,64.0,62.03,63.83,3219367
2017-04-21,64.57,65.67,63.67,64.0,1886634
2017-04-24,64.0,65.2,63.22,65.05,1696761
2017-04-25,65.33,65.57,64.0,64.2,743887
2017-04-26,64.67,65.33,63.58,64.8,2150594
2017-04-27,65.13,67.23,65.13,66.6,3006264
2017-04-28,67.33,68.67,66.33,66.58,4941810
2017-05-02,67.0,67.2,64.73,65.4,1262982
2017-05-03,65.18,67.95,65.12,66.78,2794035
2017-05-04,67.1,67.45,66.0,66.37,794801
2017-05-05,66.45,67.32,65.5,65.72,1252620
2017-05-08,66.1,66.75,66.0,66.47,932365
2017-05-09,66.5,66.93,65.82,66.02,687730
2017-05-10,66.35,67.1,65.83,66.03,1120587
2017-05-11,66.32,66.58,65.0,65.37,621807
2017-05-12,65.33,65.57,64.2,64.75,469217
2017-05-15,64.83,66.22,64.83,65.87,514453
2017-05-16,66.0,66.65,65.4,66.08,623932
2017-05-17,66.2,67.65,65.67,66.78,1919273
2017-05-18,65.67,66.42,64.5,64.73,786742
2017-05-19,65.33,65.92,64.17,64.52,585718
2017-05-22,65.07,65.33,62.7,63.07,967519
2017-05-23,62.4,62.75,59.4,60.32,1203078
2017-05-24,60.6,61.67,59.57,60.22,1119511
2017-05-25,60.67,62.9,60.58,62.32,1159454
2017-05-26,63.0,65.4,62.82,64.9,1964565
2017-05-29,66.0,66.5,64.5,64.97,2262374
2017-05-30,64.4,65.57,63.22,65.37,1361403
2017-05-31,65.3,65.8,64.23,64.98,467123
2017-06-01,64.33,64.97,63.5,64.48,475100
2017-06-02,65.08,66.17,64.77,65.22,1119595
2017-06-05,65.0,67.93,65.0,67.05,2218936
2017-06-06,68.83,69.52,67.08,67.42,3198706
2017-06-07,67.5,67.82,66.62,66.97,717153
2017-06-08,67.67,67.67,66.02,66.13,638129
2017-06-09,66.03,66.93,65.37,66.18,636230
2017-06-12,65.5,66.9,65.37,66.2,564101
2017-06-13,66.25,66.8,66.07,66.28,585091
2017-06-14,66.25,66.5,65.55,66.25,667114
2017-06-15,65.73,66.2,65.67,65.9,617424
2017-06-16,65.92,68.17,65.5,66.9,4530391
2017-06-19,67.67,68.9,66.57,68.48,1976729
2017-06-20,70.15,70.2,68.72,68.98,4350943
2017-06-21,69.3,70.5,69.02,69.93,2326849
2017-06-22,70.2,71.17,68.18,68.97,2319434
2017-06-23,69.33,70.33,67.17,69.63,3012490
2017-06-27,69.98,70.0,67.17,67.38,1851789
2017-06-28,67.13,68.27,66.83,67.83,1050558
2017-06-29,68.12,69.0,67.92,68.1,1027744
2017-06-30,67.83,68.0,66.83,67.5,1162960
2017-07-03,68.07,69.82,67.77,69.18,1696928
2017-07-04,69.0,69.73,68.03,68.37,770236
2017-07-05,68.33,69.25,67.92,68.7,764566
2017-07-06,69.0,69.33,68.5,68.72,524863
2017-07-07,68.52,69.0,68.0,68.25,680247
2017-07-10,69.33,69.33,68.0,68.42,132849
2017-07-11,68.8,70.78,68.68,69.65,2569270
2017-07-12,70.0,70.98,69.42,70.48,1528024
2017-07-13,70.95,71.27,70.35,70.82,964693
2017-07-14,70.82,70.93,69.73,70.1,883952
2017-07-17,71.17,71.17,70.05,70.43,584573
2017-07-18,70.1,70.8,69.72,69.87,598472
2017-07-19,70.0,70.6,69.72,70.27,429950
2017-07-20,70.57,72.3,69.68,71.95,2293026
2017-07-21,72.63,72.87,71.3,71.87,1494062
2017-07-24,72.08,72.48,71.17,71.7,798795
2017-07-25,71.7,71.83,69.13,69.72,1461916
2017-07-26,69.68,70.72,69.33,70.23,691952
2017-07-27,70.17,71.38,68.82,69.5,1397846
2017-07-28,69.27,70.88,68.93,70.48,1244816
2017-07-31,70.4,70.7,69.6,69.83,794584
2017-08-01,69.92,71.13,69.92,70.63,897546
2017-08-02,70.65,71.97,70.08,71.67,1664391
2017-08-03,71.83,73.2,71.4,72.37,2290389
2017-08-04,72.27,72.43,71.3,72.23,982845
2017-08-07,71.85,72.58,70.67,71.23,709220
2017-08-08,71.23,71.5,70.33,70.83,856301
2017-08-09,70.38,70.48,69.0,69.28,656442
2017-08-10,68.67,69.15,64.03,65.02,1507129
2017-08-11,64.37,67.9,62.7,66.55,2713355
2017-08-14,67.6,70.4,67.55,68.85,1745171
2017-08-16,69.9,70.83,68.87,69.47,1768842
2017-08-17,69.55,70.17,68.78,69.1,627525
2017-08-18,68.4,70.07,68.27,69.43,1068197
2017-08-21,69.7,70.55,68.35,68.58,863445
2017-08-22,68.8,69.3,67.52,67.82,585414
2017-08-23,68.2,68.58,67.52,68.37,519924
2017-08-24,68.83,69.38,68.18,68.6,680036
2017-08-28,69.0,69.28,68.75,68.97,309667
2017-08-29,69.0,69.0,67.8,68.13,508216
2017-08-30,68.6,69.33,68.38,68.8,414665
2017-08-31,68.83,69.15,68.02,68.18,556757
2017-09-01,68.47,69.98,68.4,69.55,917879
2017-09-04,69.9,70.57,68.68,68.93,811616
2017-09-05,69.47,70.25,69.22,69.67,533590
2017-09-06,69.15,70.15,68.85,69.47,757882
2017-09-07,70.8,71.28,69.7,70.1,1056696
2017-09-08,70.65,70.67,69.47,69.6,483082
2017-09-11,70.0,70.3,69.35,69.48,418020
2017-09-12,70.0,72.55,69.7,71.17,2447267
2017-09-13,71.37,71.83,69.68,70.05,640829
2017-09-14,70.63,72.28,69.77,71.05,1760435
2017-09-15,70.82,71.47,70.35,70.78,578200
2017-09-18,71.13,71.83,71.02,71.18,540729
2017-09-19,71.48,73.0,70.85,71.67,1522108
2017-09-20,71.68,73.67,71.3,73.38,2888535
2017-09-21,74.47,76.17,74.05,74.68,5384830
2017-09-22,74.43,74.47,71.9,72.13,1439343
2017-09-25,72.13,72.32,69.33,70.45,1080676
2017-09-26,70.65,71.63,69.63,70.8,782444
2017-09-27,71.53,71.53,68.73,69.17,777110
2017-09-28,69.33,70.98,69.17,70.2,1541706
2017-09-29,70.15,71.8,70.02,70.87,608778
2017-10-03,72.0,72.27,70.87,71.12,755150
2017-10-04,71.63,72.22,70.85,71.12,614138
2017-10-05,71.3,72.0,71.25,71.65,613085
2017-10-06,71.8,72.23,71.68,72.03,378059
2017-10-09,72.03,73.78,71.83,72.72,902886
2017-10-10,73.57,73.9,73.07,73.35,825674
2017-10-11,73.82,75.47,73.33,73.75,1454027
2017-10-12,74.42,81.12,74.42,80.65,8291838
2017-10-13,81.33,83.03,80.65,81.12,4834666
2017-10-16,81.67,82.13,79.05,79.85,1656968
2017-10-17,79.87,84.23,79.87,83.42,4491473
2017-10-18,83.9,84.75,83.42,83.77,1829408
2017-10-19,84.18,85.43,83.67,84.53,1016903
2017-10-23,85.3,86.0,84.35,84.7,1104353
2017-10-24,85.15,88.45,84.25,86.7,3298906
2017-10-25,87.93,90.67,80.5,82.15,6158220
2017-10-26,86.33,86.67,84.33,85.43,4364982
2017-10-27,85.93,87.77,84.52,85.15,2459654
2017-10-30,85.6,89.33,85.6,88.58,1740517
2017-10-31,89.27,89.95,86.33,86.7,2197177
2017-11-01,87.33,88.9,86.73,87.62,1416280
2017-11-02,88.33,89.4,87.3,87.52,1465190
2017-11-03,87.5,88.45,87.35,87.6,721335
2017-11-06,86.83,89.03,86.83,87.98,1067526
2017-11-07,89.67,97.05,89.67,95.2,14382618
2017-11-08,96.15,97.1,91.38,92.7,3625224
2017-11-09,93.27,94.45,90.98,92.28,2507423
2017-11-10,91.67,94.07,91.0,91.53,1420089
2017-11-13,91.33,92.42,89.33,89.62,1456987
2017-11-14,89.97,93.5,89.42,90.08,3424274
2017-11-15,90.65,92.62,84.15,88.33,3952424
2017-11-16,89.03,89.72,87.0,88.68,2413176
2017-11-17,90.07,91.6,89.25,89.7,1356522
2017-11-20,89.82,91.33,88.13,88.37,1743054
2017-11-21,89.5,91.85,89.38,90.3,2691855
2017-11-22,90.83,91.4,88.92,89.37,1682820
2017-11-23,89.93,89.93,88.37,88.68,1213120
2017-11-24,89.0,89.5,87.6,88.32,1253251
2017-11-27,87.93,89.15,87.67,87.97,1645095
2017-11-28,88.03,89.07,87.3,87.52,2385191
2017-11-29,87.93,90.53,87.45,88.12,3520598
2017-11-30,88.0,88.88,87.2,87.62,2774836
2017-12-01,88.23,89.28,86.27,86.83,1386822
2017-12-04,87.18,87.65,84.7,85.32,1576739
2017-12-05,85.12,87.12,84.18,85.55,1833391
2017-12-06,85.33,86.55,84.33,84.65,938581
2017-12-07,84.92,86.3,84.5,84.85,1865440
2017-12-08,85.48,88.67,85.2,86.48,3732909
2017-12-11,86.82,88.23,84.35,84.73,3604071
2017-12-12,84.5,85.32,83.43,83.72,1723180
2017-12-13,83.93,84.25,81.68,82.02,1220783
2017-12-14,82.37,82.73,80.38,81.82,1266783
2017-12-15,82.92,83.87,82.68,83.48,1078692
2017-12-18,83.32,84.65,78.33,83.15,1503994
2017-12-19,83.33,84.63,83.33,84.07,1211249
2017-12-20,84.33,86.1,84.17,84.43,2525571
2017-12-21,84.58,84.93,83.73,84.07,1254413
2017-12-22,84.5,85.5,84.27,84.67,1101621
2017-12-26,83.85,85.72,81.52,83.88,2472451
2017-12-27,84.5,84.83,82.83,83.18,1466974
2017-12-28,83.67,84.0,82.1,82.47,2118256
2017-12-29,83.1,83.8,81.85,82.3,2266699
2018-01-01,82.43,83.15,81.73,82.33,860862
2018-01-02,82.43,82.72,80.83,81.18,1242949
2018-01-03,81.23,82.07,80.9,81.15,966273
2018-01-04,82.15,83.5,81.8,83.05,1974441
2018-01-05,83.63,84.22,83.33,83.53,1404334
2018-01-08,85.28,85.73,84.33,84.5,2763272
2018-01-09,84.62,84.75,83.37,83.62,1279082
2018-01-10,83.57,84.25,82.8,83.33,1045615
2018-01-11,83.2,84.12,82.43,82.85,1240193
2018-01-12,83.18,84.32,82.42,83.22,1501402
2018-01-15,83.53,83.68,82.72,82.92,708460
2018-01-16,82.9,83.15,80.87,81.17,1165525
2018-01-17,80.67,81.97,77.33,81.58,1487915
2018-01-18,82.0,82.0,78.65,79.25,1215178
2018-01-19,79.0,80.53,78.0,80.1,785593
2018-01-22,79.77,81.25,79.07,80.77,1027308
2018-01-23,81.27,81.3,80.03,80.6,820427
2018-01-24,80.0,80.8,79.07,79.32,1100368
2018-01-25,79.0,80.15,78.0,78.32,2100303
2018-01-29,78.57,78.8,76.67,76.83,1429791
2018-01-30,76.67,76.97,74.07,74.93,2888321
2018-01-31,74.17,76.53,74.03,75.32,3128355
2018-02-01,76.17,78.57,75.33,76.28,4282715
2018-02-02,76.15,76.22,72.27,72.98,2021516
2018-02-05,71.87,71.92,66.92,68.63,4765758
2018-02-06,65.98,67.95,62.2,66.95,5240845
2018-02-07,69.83,69.83,67.6,67.98,1846909
2018-02-08,68.63,70.17,68.0,69.45,1569659
2018-02-09,68.0,71.17,67.08,70.27,1715319
2018-02-12,71.6,72.5,70.5,72.02,1429273
2018-02-14,73.33,73.67,69.43,69.83,2120204
2018-02-15,69.83,71.13,68.87,69.37,1513762
2018-02-16,69.83,69.83,67.43,67.97,1354638
2018-02-19,68.0,68.32,64.8,66.33,1782250
2018-02-20,66.33,66.5,64.9,65.6,1413489
2018-02-21,66.32,66.32,65.5,65.88,978644
2018-02-22,65.33,65.93,63.9,64.25,2579884
2018-02-23,64.8,67.67,64.67,67.27,3251098
2018-02-26,67.98,67.98,66.52,67.17,1553675
2018-02-27,67.67,67.67,65.83,66.25,1347129
2018-02-28,66.18,66.18,65.0,65.47,1395480
2018-03-01,65.32,66.2,65.07,65.32,1238991
2018-03-05,65.33,65.35,63.33,63.92,1605714
2018-03-06,64.67,64.83,62.67,63.05,1135160
2018-03-07,62.82,63.65,61.52,62.5,1705741
2018-03-08,63.35,63.42,61.33,61.97,1625061
2018-03-09,62.48,62.48,60.47,60.73,2237551
2018-03-12,61.3,61.78,60.45,61.55,1496530
2018-03-13,62.18,65.97,61.85,65.38,3664583
2018-03-14,65.8,68.62,65.77,67.07,5392671
2018-03-15,67.03,67.03,65.72,66.05,1762914
2018-03-16,65.98,67.87,65.37,66.78,4131444
2018-03-19,68.23,68.52,65.95,66.5,2683176
2018-03-20,65.95,66.42,64.53,64.75,1956720
2018-03-21,65.17,66.38,64.93,65.38,2486704
2018-03-22,65.58,66.27,64.67,65.57,1828536
2018-03-23,64.63,64.88,62.23,63.77,3468699
2018-03-26,63.67,64.33,62.8,63.5,2757150
2018-03-27,64.13,65.0,64.08,64.8,1522864
2018-03-28,64.0,64.55,63.33,63.47,2229188
2018-04-02,65.03,67.0,64.25,66.33,1805026
2018-04-03,69.47,71.33,68.67,70.07,9029294
2018-04-04,70.33,70.53,67.37,67.67,2765561
2018-04-05,68.98,69.4,68.75,69.15,1416125
2018-04-06,68.95,69.92,68.42,69.17,1228986
2018-04-09,69.47,70.27,69.17,70.07,1778239
2018-04-10,71.13,71.27,70.02,70.83,2135859
2018-04-11,70.67,70.93,69.57,70.53,892753
2018-04-12,70.32,70.58,69.67,70.05,747702
2018-04-13,70.67,70.98,69.87,70.15,1554287
2018-04-16,69.88,70.57,69.12,70.45,792267
2018-04-17,70.43,72.1,70.33,71.38,2251686
2018-04-18,71.75,71.98,70.03,70.33,1464420
2018-04-19,70.33,70.92,70.17,70.53,674493
2018-04-20,70.17,70.52,68.93,69.62,1104942
2018-04-23,69.37,69.47,68.47,68.7,1143752
2018-04-24,68.92,69.73,68.68,68.93,930071
2018-04-25,69.0,72.8,68.6,70.93,5930273
2018-04-26,71.2,71.87,69.03,69.77,2448428
2018-04-27,69.8,70.57,69.03,69.9,1582963
2018-04-30,70.13,70.83,69.17,69.93,1992083
2018-05-02,70.23,72.33,69.53,70.43,4101941
2018-05-03,70.4,70.47,68.53,69.17,1545453
2018-05-04,69.13,69.97,68.67,69.23,1245213
2018-05-07,69.2,70.13,68.53,69.07,1556676
2018-05-08,68.83,70.1,68.83,69.67,1821327
2018-05-09,67.7,69.6,67.7,68.97,935353
2018-05-10,68.97,69.4,67.27,67.6,1143851
2018-05-11,67.6,68.1,65.67,66.47,2207213
2018-05-14,66.47,66.47,64.47,65.53,1767975
2018-05-15,65.53,68.13,64.73,65.4,3113636
2018-05-16,64.67,66.13,64.5,65.27,1407532
2018-05-17,65.33,66.13,65.1,65.3,1399607
2018-05-18,65.33,65.77,63.33,63.63,1682210
2018-05-21,63.63,63.63,61.53,62.03,2845603
2018-05-22,61.7,62.8,60.67,61.83,2046928
2018-05-23,61.83,63.33,61.13,61.3,1934184
2018-05-24,61.6,63.67,61.6,62.97,1430985
2018-05-25,63.6,65.73,63.33,65.2,5836209
2018-05-28,65.13,65.67,62.67,63.77,5414463
2018-05-29,63.77,64.33,62.57,63.27,1655605
2018-05-30,63.13,63.77,62.67,62.83,1247080
2018-05-31,63.33,63.33,60.7,61.4,8016263
2018-06-01,61.87,62.2,58.8,59.87,4129638
2018-06-04,60.27,60.27,56.93,57.6,5249786
2018-06-05,57.57,57.67,55.7,56.87,4083573
2018-06-06,56.63,58.23,56.33,57.83,2389793
2018-06-07,58.33,59.63,57.13,57.9,6045014
2018-06-08,57.73,58.77,57.33,58.17,2443931
2018-06-11,58.63,59.23,58.1,58.47,1901510
2018-06-12,58.33,60.2,58.07,59.93,3477486
2018-06-13,60.47,60.53,58.17,58.33,3474943
2018-06-14,57.87,57.87,56.37,56.87,4889181
2018-06-15,56.8,57.57,56.43,56.6,3247510
2018-06-18,57.67,58.13,57.1,57.5,3940671
2018-06-19,57.57,57.57,56.0,56.33,3483012
2018-06-20,56.37,56.63,55.17,55.6,2924624
2018-06-21,56.0,56.0,54.97,55.2,2036897
2018-06-22,55.2,55.4,54.37,55.27,2477922
2018-06-25,55.33,55.43,54.07,54.53,2117641
2018-06-26,54.33,54.67,52.43,53.27,4557126
2018-06-27,53.67,53.67,47.97,48.9,11376776
2018-06-28,48.53,49.4,46.67,48.23,7125440
2018-06-29,48.77,50.2,48.7,49.97,5134921
2018-07-02,50.67,50.73,48.17,48.67,5116181
2018-07-03,48.0,48.97,47.17,47.53,5191117
2018-07-04,47.37,47.9,44.87,45.13,9237695
2018-07-05,45.2,46.3,45.03,45.9,8296683
2018-07-06,45.47,46.63,44.9,45.23,8252277
2018-07-09,45.73,47.5,45.67,46.4,9652943
2018-07-10,46.73,47.47,46.5,46.77,3840160
2018-07-11,46.7,47.43,45.47,45.73,6588032
2018-07-12,46.07,46.73,44.6,45.03,4021581
2018-07-13,45.13,45.3,43.5,43.63,3902348
2018-07-16,43.6,43.6,40.8,41.0,5268202
2018-07-17,41.13,42.4,40.63,41.97,8818592
2018-07-18,42.57,42.57,40.4,41.2,4051702
2018-07-19,41.33,43.67,40.8,42.1,10587947
2018-07-20,42.17,42.6,41.6,42.3,4371493
2018-07-23,42.2,43.57,41.7,43.3,4604165
2018-07-24,43.33,46.0,43.27,45.37,6398974
2018-07-25,45.63,46.27,44.47,44.83,3662423
2018-07-26,44.77,45.67,44.37,44.9,4507842
2018-07-27,44.67,47.4,44.37,46.8,6957766
2018-07-30,47.33,48.27,47.07,47.53,6070868
2018-07-31,47.7,47.7,46.17,47.03,3689767
2018-08-01,47.33,47.83,46.73,47.2,3506501
2018-08-02,47.2,50.13,46.63,49.87,9320278
2018-08-03,50.63,52.2,50.33,51.1,13444082
2018-08-06,51.67,53.07,51.4,52.2,7614744
2018-08-07,52.63,52.67,50.73,51.2,4742724
2018-08-08,51.13,51.27,49.47,49.77,6342127
2018-08-09,50.0,51.8,49.87,51.57,4033939
2018-08-10,51.6,51.77,49.97,50.43,3497045
2018-08-13,49.47,49.67,47.37,47.63,8422508
2018-08-14,47.33,48.4,47.3,48.23,3482127
2018-08-16,47.93,50.53,47.67,50.2,7257071
2018-08-17,50.73,51.0,48.67,49.53,9347500
2018-08-20,49.3,49.6,48.9,49.17,2672791
2018-08-21,49.2,49.97,49.1,49.5,2379440
2018-08-23,49.3,49.33,47.23,47.63,5438212
2018-08-24,47.77,49.43,47.33,48.4,5470482
2018-08-27,48.67,49.2,47.9,48.83,3206024
2018-08-28,49.0,49.13,47.77,48.3,2923796
2018-08-29,48.4,49.27,48.23,48.4,2295732
2018-08-30,48.33,48.83,47.87,48.17,3168426
2018-08-31,48.0,48.43,47.5,48.03,2694224
2018-09-03,48.07,49.6,47.93,48.6,3743712
2018-09-04,48.67,48.8,45.87,46.13,6367736
2018-09-05,46.0,46.0,44.17,45.3,5140947
2018-09-06,45.27,45.9,44.6,45.2,2681661
2018-09-07,45.2,48.17,44.5,47.37,9965059
2018-09-10,47.33,47.4,45.8,45.97,2654195
2018-09-11,46.13,46.5,44.47,44.83,3020968
2018-09-12,45.13,45.13,43.47,44.57,3306416
2018-09-14,45.3,46.93,45.2,45.53,5148975
2018-09-17,45.4,45.97,44.67,45.63,2190748
2018-09-18,45.93,45.93,44.33,44.67,2714095
2018-09-19,44.93,45.27,42.93,43.2,5174193
2018-09-21,44.0,44.17,40.13,43.27,5765959
2018-09-24,43.3,43.3,41.17,41.8,3496332
2018-09-25,41.63,44.23,40.93,42.57,8191220
2018-09-26,42.67,43.2,42.27,42.73,2216198
2018-09-27,43.03,43.33,41.0,41.1,4401988
2018-09-28,41.4,41.67,38.4,39.0,5750998
2018-10-01,39.0,39.33,36.9,39.13,5192241
2018-10-03,39.47,40.07,38.13,38.4,5650894
2018-10-04,38.27,38.97,37.1,37.83,6058909
2018-10-05,38.0,38.13,35.27,35.67,9022150
2018-10-08,35.67,36.77,35.0,36.2,5648712
2018-10-09,37.23,37.23,34.73,35.13,9214550
2018-10-10,35.67,37.33,35.47,36.63,11513898
2018-10-11,35.5,35.83,34.33,35.0,7464519
2018-10-12,35.4,36.67,35.37,35.6,6773089
2018-10-15,35.83,36.53,35.63,36.17,6222971
2018-10-16,36.47,37.8,36.2,37.6,8671263
2018-10-17,38.93,39.53,37.03,37.53,10579394
2018-10-19,37.4,38.17,34.8,35.33,12781096
2018-10-22,35.63,36.27,34.93,35.53,5441068
2018-10-23,35.13,35.77,34.73,35.23,4123603
2018-10-24,35.67,35.9,34.87,35.5,3522692
2018-10-25,35.0,37.8,34.8,36.57,19977642
2018-10-26,36.23,36.23,33.87,34.5,10032158
2018-10-29,34.77,35.47,34.17,35.17,4028937
2018-10-30,35.33,36.33,35.13,35.6,4861063
2018-10-31,36.0,37.03,35.43,36.83,4747136
2018-11-01,37.43,39.47,37.4,38.97,9858161
2018-11-02,40.0,40.77,39.07,39.23,9426264
2018-11-05,39.33,42.3,39.03,41.7,11970224
2018-11-06,42.07,42.47,40.97,41.47,5081903
2018-11-07,42.07,43.0,42.0,42.73,2697400
2018-11-09,42.87,43.93,42.53,43.77,7316457
2018-11-12,44.0,45.9,43.87,44.27,10876964
2018-11-13,44.27,44.67,42.43,43.7,7168584
2018-11-14,44.13,44.6,43.17,43.7,4971895
2018-11-15,43.07,43.4,40.03,40.33,13795089
2018-11-16,40.6,40.63,38.57,39.67,13149404
2018-11-19,40.0,40.67,39.53,39.77,4524929
2018-11-20,39.33,40.23,39.17,39.53,3866293
2018-11-21,39.6,39.93,38.93,39.13,3521046
2018-11-22,39.0,39.27,38.33,38.43,3468792
2018-11-26,38.67,38.93,37.33,37.7,3615928
2018-11-27,37.7,38.37,37.37,37.87,3431811
2018-11-28,37.77,37.97,36.87,37.1,5444380
2018-11-29,37.23,37.27,36.13,36.6,7606784
2018-11-30,36.87,37.1,35.0,35.27,11434173
2018-12-03,35.83,36.2,35.33,35.8,6220059
2018-12-04,35.8,38.03,35.73,37.17,11840592
2018-12-05,36.83,37.87,35.97,36.53,6594480
2018-12-06,36.63,36.83,35.2,35.37,5690985
2018-12-07,35.43,35.7,34.37,34.53,7135742
2018-12-10,33.93,34.0,32.33,32.5,13664103
2018-12-11,32.0,33.57,31.77,33.27,9595805
2018-12-12,34.0,35.27,33.4,34.7,11861914
2018-12-13,35.13,35.9,35.03,35.77,8551737
2018-12-14,35.83,36.03,34.73,35.13,6572041
2018-12-17,35.47,35.77,35.1,35.33,4569452
2018-12-18,35.27,35.87,35.0,35.6,4996702
2018-12-19,35.87,39.63,35.77,39.17,34964182
2018-12-20,38.67,39.33,38.2,38.87,11478441
2018-12-21,39.13,39.17,37.13,37.27,8337395
2018-12-24,37.3,37.57,35.97,36.1,8813229
2018-12-26,35.7,36.8,34.9,36.4,13141359
2018-12-27,36.97,37.27,35.77,35.93,21527626
2018-12-28,36.67,38.63,36.23,37.8,23026823
2018-12-31,38.03,39.3,38.03,38.5,10837209
2019-01-01,38.73,38.73,37.87,38.33,4673000
2019-01-02,38.2,39.27,37.87,38.67,8692267
2019-01-03,38.67,39.43,38.53,38.8,11043147
2019-01-04,39.47,39.93,38.73,39.27,17192774
2019-01-07,39.5,41.13,39.47,40.7,15013715
2019-01-08,41.73,42.13,41.17,41.63,25911949
2019-01-09,41.8,41.83,40.5,41.07,9228819
2019-01-10,40.97,41.43,40.6,40.83,5474309
2019-01-11,41.0,41.47,40.47,40.67,6936758
2019-01-14,40.67,40.8,39.53,39.8,5328251
2019-01-15,39.93,40.37,39.27,39.87,6239369
2019-01-16,40.2,40.73,39.63,39.77,6378176
2019-01-17,40.13,40.13,38.8,39.3,5038644
2019-01-18,39.53,39.53,38.53,38.63,5472823
2019-01-21,38.6,39.03,37.8,37.9,4245245
2019-01-22,37.63,38.8,37.53,38.43,5539222
2019-01-23,38.33,38.73,37.87,38.0,3291718
2019-01-24,38.0,38.33,37.17,37.43,4945606
2019-01-25,37.6,38.57,37.2,37.67,6110147
2019-01-28,37.9,38.13,37.0,37.27,4519089
2019-01-29,37.0,39.0,37.0,38.8,6188753
2019-01-30,39.03,40.13,38.5,40.03,8464543
2019-01-31,40.2,40.27,38.93,39.13,8887982
2019-02-01,39.33,40.0,37.8,38.57,5957647
2019-02-04,38.4,38.4,37.0,37.47,4551452
2019-02-05,37.33,37.53,35.17,35.6,7107581
2019-02-06,35.67,36.2,34.9,35.8,6277964
2019-02-07,35.87,36.93,35.53,36.43,5333806
2019-02-08,36.23,37.0,35.93,36.4,3329387
2019-02-11,36.6,36.73,35.2,35.57,4533423
2019-02-12,35.4,36.23,35.23,35.93,3557221
2019-02-13,36.13,36.57,34.03,34.33,7620968
2019-02-14,33.3,33.67,31.47,32.63,28465834
2019-02-15,32.97,34.1,32.47,33.37,15161940
2019-02-18,33.4,33.83,33.07,33.53,6282692
2019-02-19,33.77,34.2,33.47,33.77,4730158
2019-02-20,34.27,34.4,33.5,34.23,5985253
2019-02-21,34.33,34.6,33.83,34.4,4754407
2019-02-22,34.43,35.63,34.07,35.4,6864238
2019-02-25,35.7,35.87,35.27,35.53,11009074
2019-02-26,34.67,35.33,34.1,35.1,7759779
2019-02-27,35.23,36.23,35.03,35.27,8314492
2019-02-28,35.37,35.53,34.87,35.23,14521371
2019-03-01,35.47,36.93,35.37,36.7,7270430
2019-03-05,36.9,38.6,36.77,38.33,8884905
2019-03-06,38.67,41.27,38.53,39.8,15409526
2019-03-07,39.87,40.0,38.6,39.3,7068460
2019-03-08,39.0,39.13,37.63,38.03,9198745
2019-03-11,38.27,39.57,38.13,39.2,7152306
2019-03-12,39.93,41.93,39.67,40.7,22093531
2019-03-13,40.93,41.07,39.33,40.03,9942278
2019-03-14,40.0,43.43,39.67,43.1,27052542
2019-03-15,43.4,44.5,42.47,43.83,38080990
2019-03-18,44.57,45.47,44.0,44.7,19349102
2019-03-19,45.17,45.53,44.1,45.07,14150180
2019-03-20,45.17,45.17,42.73,43.33,17014161
2019-03-22,43.33,44.3,42.8,43.03,11018472
2019-03-25,42.33,43.8,42.03,42.5,11861421
2019-03-26,42.8,43.63,42.7,42.93,8425679
2019-03-27,43.33,43.47,42.27,42.43,6917567
2019-03-28,43.63,43.63,42.73,43.3,16915341
2019-03-29,43.73,44.4,43.63,44.2,14264183
2019-04-01,44.67,45.27,44.1,44.37,13297151
2019-04-02,44.67,44.93,42.2,42.43,15931572
2019-04-03,42.73,42.77,41.37,41.5,11616601
2019-04-04,41.57,41.77,40.33,40.6,9404326
2019-04-05,40.83,41.63,40.73,41.3,7059369
2019-04-08,41.6,43.17,41.33,41.67,17048106
2019-04-09,41.53,41.6,40.13,40.93,11260203
2019-04-10,40.93,41.3,40.4,40.5,7583468
2019-04-11,41.0,41.47,40.83,41.23,10906917
2019-04-12,41.37,41.63,41.0,41.3,6709785
2019-04-15,41.4,42.0,41.17,41.8,6551785
2019-04-16,41.87,41.93,41.4,41.67,5432056
2019-04-18,41.63,41.73,40.57,41.07,6703182
2019-04-22,41.07,41.07,39.73,39.9,6130476
2019-04-23,40.0,40.13,39.2,39.37,5969723
2019-04-24,39.77,39.97,39.3,39.7,6158431
2019-04-25,39.7,40.33,38.93,39.1,10490423
2019-04-26,39.5,39.63,39.1,39.4,3901375
2019-04-30,39.5,39.5,38.07,38.63,5402270
2019-05-02,38.77,39.6,38.37,39.33,7732719
2019-05-03,39.53,39.7,38.43,38.73,6700365
2019-05-06,38.13,38.87,37.8,38.63,4506275
2019-05-07,38.8,38.9,37.4,37.5,4356469
2019-05-08,37.33,37.67,35.9,36.0,7291287
2019-05-09,35.93,36.93,35.4,36.73,4892497
2019-05-10,36.93,37.4,36.67,37.13,3616071
2019-05-13,36.9,36.9,34.87,35.1,4043048
2019-05-14,35.0,36.47,34.5,35.9,5477391
2019-05-15,36.0,36.33,34.43,34.53,5843507
2019-05-16,34.67,35.47,34.1,35.1,4976742
2019-05-17,34.93,35.47,34.6,35.3,4652984
2019-05-20,37.07,38.33,36.77,38.13,8044193
2019-05-21,38.6,38.63,37.2,37.53,5334904
2019-05-22,37.33,38.37,36.87,38.13,4909705
2019-05-23,39.6,40.6,37.87,38.4,14331117
2019-05-24,38.63,41.0,38.3,40.77,10928734
2019-05-27,41.0,42.73,40.93,42.3,13425051
2019-05-28,42.57,43.6,42.23,43.0,10782815
2019-05-29,42.8,42.8,41.43,41.77,7479139
2019-05-30,41.77,42.8,41.77,42.47,11775728
2019-05-31,42.47,42.63,40.57,41.27,9235460
2019-06-03,41.13,42.07,40.13,41.73,6241157
2019-06-04,41.7,42.93,41.43,42.1,7194976
2019-06-06,42.13,42.17,40.13,40.53,6138835
2019-06-07,40.53,40.87,39.67,40.63,5868234
2019-06-10,41.07,41.3,38.87,39.1,8157583
2019-06-11,39.13,39.97,38.43,39.77,4956521
2019-06-12,39.53,40.53,39.03,39.37,4888999
2019-06-13,38.8,39.83,38.17,39.3,5509094
2019-06-14,39.33,39.47,38.53,38.73,3296836
2019-06-17,38.47,38.77,37.6,37.77,5623954
2019-06-18,37.73,38.23,37.17,37.67,4157959
2019-06-19,37.8,38.57,36.67,37.67,8039680
2019-06-20,37.67,39.2,37.2,38.93,7768271
2019-06-21,38.83,39.6,38.37,39.07,7122742
2019-06-24,38.4,41.63,38.4,41.3,14487442
2019-06-25,41.17,41.43,40.33,40.77,8395243
2019-06-26,40.77,41.93,40.53,41.53,9384759
2019-06-27,41.47,42.0,40.4,40.53,15791922
2019-06-28,40.93,40.93,39.5,39.73,5272244
2019-07-01,39.87,40.9,39.57,40.27,8165150
2019-07-02,40.57,40.77,39.87,40.17,5433274
2019-07-03,40.07,40.47,39.9,40.23,3554271
2019-07-04,40.33,41.57,40.3,40.87,8365088
2019-07-05,41.23,41.37,38.03,38.4,11468022
2019-07-08,37.97,37.97,35.7,36.03,13104598
2019-07-09,35.9,37.93,35.67,37.63,14514708
2019-07-10,37.4,37.77,36.23,36.57,5194788
2019-07-11,36.73,37.13,35.73,36.9,6774543
2019-07-12,37.0,37.47,36.67,37.23,12142046
2019-07-15,37.0,37.43,35.83,36.0,6831941
2019-07-16,36.3,36.8,35.87,36.4,7407457
2019-07-17,36.27,36.8,35.77,36.1,5905081
2019-07-18,36.03,36.17,34.57,34.73,8225962
2019-07-19,35.0,35.13,33.77,34.13,11331923
2019-07-22,34.0,34.2,32.83,33.83,10347267
2019-07-23,34.07,34.9,33.43,33.63,12709584
2019-07-24,33.83,33.87,32.73,32.83,8217518
2019-07-25,32.83,33.17,31.77,32.0,14785356
2019-07-26,32.0,33.07,31.8,32.57,9415618
2019-07-29,32.6,32.67,31.4,31.57,8661853
2019-07-30,31.53,32.2,27.17,27.77,25745605
2019-07-31,27.73,28.77,26.93,28.5,14181441
2019-08-01,27.93,29.8,27.9,29.27,13031126
2019-08-02,28.7,29.17,27.67,28.57,12775785
2019-08-05,28.3,28.3,25.23,25.47,30836991
2019-08-06,25.33,26.83,25.1,25.97,28810152
2019-08-07,26.13,27.0,25.2,25.33,15791550
2019-08-08,25.53,26.6,25.43,26.5,14989187
2019-08-09,24.87,25.63,22.7,23.1,53973205
2019-08-13,23.37,24.0,22.77,22.93,19032352
2019-08-14,23.07,23.7,22.6,23.4,13743443
2019-08-16,23.4,23.4,22.33,22.6,11025600
2019-08-19,22.73,23.07,21.87,22.1,13554533
2019-08-20,22.4,22.4,20.93,21.47,16488328
2019-08-21,21.23,21.63,20.07,20.27,17636538
2019-08-22,20.27,20.4,19.37,19.5,16533130
2019-08-23,19.5,21.8,19.0,21.3,26997974
2019-08-26,22.93,22.93,21.1,22.07,19856335
2019-08-27,22.1,24.93,22.1,24.57,39300045
2019-08-28,24.53,24.63,23.67,23.97,20291829
2019-08-29,23.47,24.77,23.2,24.43,28384443
2019-08-30,24.43,24.6,22.8,23.57,22547420
2019-09-03,23.0,23.3,22.3,22.47,10602604
2019-09-04,22.47,23.0,21.87,22.27,14139392
2019-09-05,22.43,24.4,22.43,23.2,25535097
2019-09-06,23.33,24.17,22.93,23.83,12479236
2019-09-09,24.1,25.27,23.93,25.0,19302103
2019-09-11,25.33,25.7,24.87,25.27,16854106
2019-09-12,25.17,26.07,24.93,25.33,20531149
2019-09-13,25.47,25.5,24.33,25.03,18295179
2019-09-16,25.2,25.53,24.8,25.1,13818643
2019-09-17,25.4,25.53,23.8,23.97,17132876
2019-09-18,24.1,24.43,23.4,23.8,14909107
2019-09-19,23.9,23.9,22.47,22.67,16616548
2019-09-20,22.43,25.23,22.37,25.0,32948503
2019-09-23,26.0,27.33,25.4,26.2,32017558
2019-09-24,25.97,26.67,25.7,26.23,15505055
2019-09-25,26.03,26.03,24.4,24.7,11956447
2019-09-26,24.67,25.67,24.23,25.37,18351581
2019-09-27,25.27,25.33,24.07,24.33,14208719
2019-09-30,24.43,24.47,23.0,23.27,19507194
2019-10-01,23.8,24.53,22.57,23.13,22928580
2019-10-03,22.8,23.57,22.6,22.9,12388007
2019-10-04,23.07,23.33,21.93,22.07,20834934
2019-10-07,22.2,22.27,20.87,21.67,19135072
2019-10-09,21.77,22.77,21.47,22.53,16210929
2019-10-10,22.4,23.03,22.0,22.43,14774126
2019-10-11,22.63,22.83,21.6,21.77,17002087
2019-10-14,21.77,22.2,21.57,21.7,13767973
2019-10-15,21.83,22.0,21.33,21.8,12559199
2019-10-16,22.33,22.8,22.07,22.3,21680886
2019-10-17,22.3,22.97,22.0,22.87,15768082
2019-10-18,22.67,25.53,22.67,24.6,35086843
2019-10-22,24.6,24.97,23.47,23.8,18823442
2019-10-23,23.8,24.6,23.3,23.97,15281117
2019-10-24,24.03,24.17,22.8,22.97,14635783
2019-10-25,23.0,23.27,21.87,22.27,12181131
2019-10-27,22.47,22.83,22.43,22.67,2018922
2019-10-29,22.67,24.17,22.53,23.8,14217458
2019-10-30,24.03,25.3,23.87,25.2,21599121
2019-10-31,25.4,25.97,24.77,25.0,16363351
2019-11-01,25.13,25.53,24.77,25.0,10741263
2019-11-04,25.13,26.47,25.07,25.7,20822057
2019-11-05,25.77,25.8,24.43,24.8,12134315
2019-11-06,24.87,25.97,24.83,25.6,16057915
2019-11-07,28.13,30.53,27.57,27.7,71090313
2019-11-08,27.7,27.93,27.03,27.17,20478412
2019-11-11,27.2,27.57,26.57,27.27,12879667
2019-11-13,27.3,27.5,26.03,26.1,12592904
2019-11-14,26.0,26.07,24.67,24.87,16131172
2019-11-15,24.77,25.53,24.23,24.93,16319699
2019-11-18,25.6,26.0,25.2,25.37,16762741
2019-11-19,25.4,25.5,24.53,24.63,15908782
2019-11-20,25.1,25.1,24.6,24.87,16423602
2019-11-21,25.3,25.47,24.47,24.87,18253857
2019-11-22,24.67,24.8,24.13,24.53,12750985
2019-11-25,24.57,25.1,24.23,25.0,11260302
2019-11-26,25.0,25.2,24.13,24.27,14090096
2019-11-27,24.27,24.5,23.67,23.83,12665222
2019-11-28,23.87,24.43,23.77,24.3,16043882
2019-11-29,24.37,26.27,24.23,25.83,32470004
2019-12-02,25.93,25.93,24.73,24.9,11521916
2019-12-03,24.6,25.37,23.83,23.93,15761219
2019-12-04,23.93,24.4,23.53,24.3,12381997
2019-12-05,24.37,24.8,23.83,23.9,11726288
2019-12-06,24.03,24.1,22.63,22.9,15050763
2019-12-09,23.4,23.67,22.67,23.0,16092316
2019-12-10,23.13,23.13,21.53,21.73,15425438
2019-12-11,21.67,22.4,21.47,22.23,13529744
2019-12-12,22.27,23.1,21.93,22.93,14110793
2019-12-13,23.07,23.6,22.87,23.5,11030110
2019-12-16,23.63,23.67,23.03,23.2,10128554
2019-12-17,23.2,23.93,23.13,23.5,10299860
2019-12-18,23.97,24.2,23.4,23.53,17026784
2019-12-19,23.57,24.0,23.43,23.6,12225035
2019-12-20,23.6,24.13,23.43,23.8,12357895
2019-12-23,23.83,24.07,23.0,23.17,19720113
2019-12-24,23.3,23.3,22.8,23.07,13750372
2019-12-26,23.13,23.23,22.33,22.47,18787844
2019-12-27,22.53,22.77,22.43,22.7,8313647
2019-12-30,22.77,23.2,22.73,23.07,8222617
2019-12-31,23.03,23.43,22.87,23.23,8832013
2020-01-01,23.3,23.43,22.9,23.13,8284763
2020-01-02,23.1,25.43,22.93,24.93,27183282
2020-01-03,24.87,25.33,24.43,24.6,21050255
2020-01-06,24.33,24.33,22.83,22.9,22076303
2020-01-07,23.27,23.73,22.6,23.1,19209237
2020-01-08,23.07,23.2,22.67,22.93,16557107
2020-01-09,23.6,24.43,23.27,24.17,23416513
2020-01-10,24.6,25.0,24.07,24.4,20512977
2020-01-13,24.47,24.87,24.37,24.77,13594802
2020-01-14,24.87,25.03,24.57,24.9,12029430
2020-01-15,24.77,26.47,24.6,26.07,32278364
2020-01-16,26.07,26.3,25.37,25.47,15673943
2020-01-17,25.47,26.03,25.0,25.07,18070173
2020-01-20,25.27,25.47,24.5,25.07,15336259
2020-01-21,25.17,25.57,24.4,24.73,18335740
2020-01-22,24.8,24.93,23.63,23.83,16396116
2020-01-23,23.77,24.67,23.77,24.27,21187805
2020-01-24,24.27,25.4,24.07,24.97,19202858
2020-01-27,24.8,25.17,24.4,24.7,14788427
2020-01-28,24.83,24.97,24.27,24.4,18819685
2020-01-29,24.53,24.73,24.13,24.27,21810415
2020-01-30,24.4,24.5,22.67,22.9,26050070
2020-01-31,23.1,23.23,22.27,22.47,13159247
2020-02-01,22.43,23.13,21.57,21.87,11659276
2020-02-03,21.33,21.97,21.1,21.8,9990421
2020-02-04,22.0,22.3,21.67,21.83,7467626
2020-02-05,22.0,22.17,21.83,22.03,6504276
2020-02-06,22.17,22.3,21.9,21.97,5742663
2020-02-07,22.03,22.07,21.4,21.53,7866820
2020-02-10,21.63,21.67,20.7,20.83,8930454
2020-02-11,20.83,21.07,20.23,20.37,10168060
2020-02-12,20.43,21.93,20.23,21.47,15849528
2020-02-13,21.07,21.57,20.47,21.23,18262422
2020-02-14,21.13,21.73,21.0,21.33,10972985
2020-02-17,21.27,21.3,20.27,20.4,9119855
2020-02-18,20.4,20.4,19.0,19.3,15335519
2020-02-19,19.53,19.97,19.37,19.67,10976092
2020-02-20,19.67,19.67,19.0,19.1,11100258
2020-02-24,18.97,18.97,18.17,18.27,11108047
2020-02-25,18.37,20.47,18.13,19.57,17494537
2020-02-26,19.53,19.8,18.43,18.83,15089082
2020-02-27,18.73,18.73,18.13,18.3,7675684
2020-02-28,17.73,17.83,17.23,17.6,11189451
2020-03-02,18.2,18.6,17.0,17.53,8739729
2020-03-03,17.6,18.27,17.4,17.93,7344278
2020-03-04,18.33,18.47,17.03,17.3,14505345
2020-03-05,17.5,17.63,17.03,17.27,8614726
2020-03-06,16.2,17.07,15.73,16.27,13285306
2020-03-09,15.87,16.0,13.77,14.17,19371062
2020-03-11,14.17,14.6,13.33,13.43,16947163
2020-03-12,11.67,13.2,11.67,12.27,25164053
2020-03-13,11.33,12.83,10.0,12.53,20305455
2020-03-16,11.97,12.27,11.43,11.57,10410262
2020-03-17,11.63,12.23,11.13,11.37,9415169
2020-03-18,11.57,13.33,9.37,11.37,26533744
2020-03-19,10.0,10.9,9.73,10.33,10461117
2020-03-20,10.4,11.37,10.23,11.37,11728602
2020-03-23,10.33,11.17,10.23,10.23,5778662
2020-03-24,10.4,11.0,10.07,10.7,4442884
2020-03-25,10.67,10.67,10.3,10.47,3505025
2020-03-26,10.33,10.93,10.33,10.4,6146968
2020-03-27,10.67,11.2,10.53,11.07,6349914
2020-03-30,10.77,10.97,10.53,10.87,2947497
2020-03-31,11.0,11.13,10.73,10.87,4819271
2020-04-01,10.83,11.27,10.73,10.8,2482447
2020-04-03,11.0,11.0,10.6,10.73,2558062
2020-04-07,11.23,11.23,10.93,11.1,4438705
2020-04-08,11.1,11.93,10.93,11.33,5475391
2020-04-09,11.43,12.47,11.43,12.2,6254939
2020-04-13,12.2,13.13,11.67,12.83,7816459
2020-04-15,13.4,14.33,13.2,13.7,9376377
2020-04-16,13.7,15.53,13.57,15.23,9733199
2020-04-17,16.4,16.63,15.77,16.43,9469677
2020-04-20,16.63,16.73,15.73,15.8,5107812
2020-04-21,15.13,15.13,14.23,14.37,5540051
2020-04-22,14.33,14.97,14.03,14.53,5401204
2020-04-23,15.13,15.2,13.8,13.97,10004481
2020-04-24,13.67,13.73,12.6,12.83,14406877
2020-04-27,12.93,13.33,12.83,13.07,4529432
2020-04-28,13.17,13.27,12.8,12.87,2844536
2020-04-29,13.0,13.47,12.87,13.17,4128189
2020-04-30,13.4,13.77,13.13,13.2,7241026
2020-05-04,12.73,13.13,12.57,12.8,4288059
2020-05-05,13.07,13.07,12.53,12.57,2244939
2020-05-06,12.67,12.77,12.43,12.47,2731244
2020-05-07,12.5,12.5,12.27,12.37,1449359
2020-05-08,12.73,12.73,12.13,12.17,3101865
2020-05-11,12.3,12.47,11.87,12.0,3383952
2020-05-12,11.93,11.93,11.57,11.8,3421959
2020-05-13,12.33,12.37,11.8,11.87,21556882
2020-05-14,11.8,12.43,11.63,12.43,25585197
2020-05-15,12.67,12.9,12.23,12.43,26591161
2020-05-18,12.67,12.67,11.83,11.83,8428019
2020-05-19,12.03,12.07,11.27,11.3,11872705
2020-05-20,11.37,11.6,11.3,11.53,4433653
2020-05-21,11.53,11.67,11.4,11.43,2719413
2020-05-22,11.43,11.47,11.2,11.3,3557752
2020-05-26,11.33,11.5,11.3,11.37,2658754
2020-05-27,11.37,11.5,11.27,11.43,3354852
2020-05-28,11.5,11.67,11.4,11.47,4409269
2020-05-29,11.4,12.03,11.4,11.53,14425875
2020-06-01,11.67,12.1,11.63,12.1,10393284
2020-06-02,12.17,12.7,12.13,12.53,13453257
2020-06-03,12.83,13.03,12.63,12.73,9865449
2020-06-04,12.63,12.9,12.4,12.7,6930161
2020-06-05,13.13,15.03,13.1,14.87,35330680
2020-06-08,15.87,16.6,14.93,15.3,29064759
2020-06-09,15.7,15.73,14.6,14.7,15286118
2020-06-10,14.67,17.17,14.27,16.33,54721282
2020-06-11,16.63,16.67,15.4,15.5,17151101
2020-06-12,14.17,15.8,14.03,15.67,16073720
2020-06-15,15.73,16.33,15.57,15.73,10420524
2020-06-16,16.33,16.47,15.03,15.43,13622367
2020-06-17,15.33,15.7,15.07,15.37,8260710
2020-06-18,15.43,16.4,15.23,16.13,21000107
2020-06-19,16.27,16.47,16.0,16.13,12057218
2020-06-22,16.17,16.3,15.7,15.97,10728570
2020-06-23,16.1,16.4,15.97,16.13,9015741
2020-06-24,16.3,17.27,16.1,16.17,22508792
2020-06-25,16.07,16.27,15.7,15.8,10417919
2020-06-26,16.0,16.17,15.77,15.87,7777486
2020-06-29,15.87,15.97,15.43,15.6,6053367
2020-06-30,15.67,16.13,15.43,15.5,7595608
2020-07-01,15.67,15.77,15.33,15.6,4881509
2020-07-02,15.83,16.77,15.63,16.5,17837338
2020-07-03,16.67,16.8,16.2,16.27,8749772
2020-07-06,16.33,16.97,16.33,16.83,20995851
2020-07-07,16.8,18.67,16.1,18.27,75154401
2020-07-08,18.6,18.9,18.03,18.2,31040280
2020-07-09,18.4,18.53,17.8,17.93,14121220
2020-07-10,17.8,17.8,17.03,17.27,12161218
2020-07-13,17.4,17.57,16.7,16.77,9441069
2020-07-14,16.43,16.6,16.0,16.13,9174812
2020-07-15,16.3,16.5,15.6,15.73,8488664
2020-07-16,15.73,15.87,15.4,15.77,6802909
2020-07-17,15.87,17.2,15.67,16.77,21324613
2020-07-20,16.9,17.6,16.57,17.23,19187783
2020-07-21,17.4,17.47,17.0,17.17,8590427
2020-07-22,17.23,17.23,16.53,16.73,10748925
2020-07-23,16.73,16.93,16.53,16.6,7304553
2020-07-24,16.53,16.93,16.3,16.43,7729192
2020-07-27,16.33,16.4,15.97,16.03,5389734
2020-07-28,16.6,16.6,16.03,16.07,10507494
2020-07-29,16.2,16.27,15.97,16.03,5824389
2020-07-30,16.13,16.13,15.6,15.7,5755727
2020-07-31,15.67,15.73,15.33,15.4,5234821
2020-08-03,15.4,15.4,15.0,15.13,4767688
2020-08-04,15.03,15.5,15.03,15.37,3996098
2020-08-05,15.4,15.93,15.37,15.4,5596947
2020-08-06,15.43,15.57,15.33,15.37,3952771
2020-08-07,15.4,15.7,15.37,15.5,4321365
2020-08-10,15.63,15.83,15.37,15.43,4997621
2020-08-11,15.6,15.63,15.47,15.57,3818953
2020-08-12,15.67,16.57,15.4,16.4,18447755
2020-08-13,16.5,17.6,16.43,17.37,27161989
2020-08-14,17.8,18.5,17.37,17.87,44372966
2020-08-17,18.67,18.83,18.07,18.33,21325012
2020-08-18,18.47,18.53,18.0,18.3,15239659
2020-08-19,18.33,19.13,18.17,18.93,32246970
2020-08-20,18.47,19.93,18.3,19.7,37000812
2020-08-21,19.97,20.27,19.4,19.6,19970752
2020-08-24,19.83,19.83,19.0,19.13,10675930
2020-08-25,19.17,19.5,18.73,18.87,9591143
2020-08-26,19.03,19.23,18.77,18.93,8117077
2020-08-27,19.13,19.17,18.87,18.93,7677556
2020-08-28,19.0,19.17,18.8,18.83,6941255
2020-08-31,18.93,19.0,17.63,17.83,12116423
2020-09-01,17.83,18.2,17.1,17.8,7067105
2020-09-02,17.77,18.03,17.53,17.9,3760611
2020-09-03,17.9,19.27,17.87,18.8,11115808
2020-09-04,18.67,18.77,18.07,18.2,7496787
2020-09-07,18.2,18.37,17.47,17.73,5591035
2020-09-08,17.73,17.97,17.33,17.4,4328565
2020-09-09,16.93,17.4,16.8,17.3,4851107
2020-09-10,17.33,17.7,17.33,17.5,3564042
2020-09-11,17.63,17.73,17.1,17.37,4119993
2020-09-14,17.67,18.5,17.63,18.17,11349606
2020-09-15,18.0,18.07,17.37,17.7,6697285
2020-09-16,17.63,17.8,17.47,17.67,3858648
2020-09-17,17.53,17.67,17.2,17.3,4232804
2020-09-18,17.23,17.57,17.1,17.17,4275773
2020-09-21,17.17,17.5,16.2,16.5,5116295
2020-09-22,16.37,16.5,15.2,15.87,8258122
2020-09-23,16.27,16.27,15.33,15.9,4134633
2020-09-24,15.8,15.8,14.8,15.23,4577600
2020-09-25,15.33,16.47,15.33,16.33,6317968
2020-09-28,16.37,16.57,16.1,16.2,4682374
2020-09-29,16.27,16.47,15.7,15.8,3924537
2020-09-30,15.8,15.97,15.6,15.73,2187484
2020-10-01,15.87,16.17,15.77,15.83,2531633
2020-10-05,15.83,16.1,15.73,15.87,2942058
2020-10-06,16.0,16.03,15.8,15.87,3726224
2020-10-07,15.87,16.07,15.67,15.77,1952079
2020-10-08,15.8,15.87,15.43,15.57,2430377
2020-10-09,15.53,15.8,15.5,15.6,2897837
2020-10-12,15.73,15.73,15.43,15.5,1863958
2020-10-13,15.43,15.57,15.07,15.23,2584222
2020-10-14,15.27,15.33,14.93,15.0,5234160
2020-10-15,15.07,15.57,14.83,14.97,4754282
2020-10-16,15.0,15.23,14.83,14.93,2465555
2020-10-19,15.0,15.23,14.93,15.07,2442513
2020-10-20,15.13,15.5,14.97,15.43,3339872
2020-10-21,15.53,15.67,15.2,15.37,2822519
2020-10-22,15.2,15.47,15.2,15.27,2070220
2020-10-23,15.2,15.97,15.13,15.73,6914756
2020-10-26,15.83,15.83,15.33,15.37,3214709
2020-10-27,15.43,15.47,15.17,15.27,3062239
2020-10-28,15.2,15.53,15.1,15.3,3608073
2020-10-29,15.4,15.67,15.27,15.37,5030324
2020-10-30,15.37,15.47,15.1,15.2,2885598
2020-11-02,15.27,15.33,14.93,15.0,2375728
2020-11-03,15.13,15.2,14.9,14.97,2071859
2020-11-04,14.9,15.13,14.9,14.97,1866504
2020-11-05,15.07,15.7,15.0,15.33,4807616
2020-11-06,15.47,15.6,15.2,15.27,3280967
2020-11-09,15.4,15.53,15.27,15.37,2928714
2020-11-10,15.4,16.27,15.33,16.03,10183172
2020-11-11,16.33,16.5,15.2,15.83,8406586
2020-11-12,16.17,16.63,16.0,16.33,9506181
2020-11-13,16.43,16.47,16.13,16.2,4311239
2020-11-14,16.33,16.4,16.23,16.27,1091670
2020-11-17,16.67,16.77,16.43,16.57,6534504
2020-11-18,16.63,16.63,16.27,16.33,4671109
2020-11-19,16.3,16.83,16.07,16.17,9016220
2020-11-20,16.3,17.6,16.0,17.17,27376144
2020-11-23,17.47,17.83,17.2,17.43,15312926
2020-11-24,17.6,17.8,17.23,17.4,12433704
2020-11-25,17.53,17.53,16.77,16.87,11783018
2020-11-26,16.87,17.17,16.73,17.03,5229496
2020-11-27,17.0,17.57,16.87,17.33,13585540
2020-12-01,17.47,18.9,17.27,18.7,42709718
2020-12-02,19.07,19.33,18.8,19.2,24599763
2020-12-03,19.33,19.6,19.0,19.2,16201401
2020-12-04,19.43,19.53,18.4,18.87,15565540
2020-12-07,18.87,19.43,18.87,19.23,12805871
2020-12-08,19.6,19.73,18.93,19.43,15746734
2020-12-09,19.57,19.73,19.07,19.17,10452664
2020-12-10,19.17,19.17,18.57,18.77,8715907
2020-12-11,18.77,20.13,18.77,19.77,30810203
2020-12-14,20.87,21.17,20.4,20.83,39690320
2020-12-15,20.93,20.93,20.2,20.77,18681994
2020-12-16,20.93,21.6,20.83,21.1,23594342
2020-12-17,21.13,21.4,20.7,20.8,14053198
2020-12-18,20.67,20.67,19.83,20.27,14918319
2020-12-21,20.2,20.53,17.9,18.43,20456565
2020-12-22,18.33,18.9,17.07,18.67,17577993
2020-12-23,18.87,20.07,18.73,19.97,15268757
2020-12-24,19.83,20.3,19.67,19.83,9682506
2020-12-28,20.0,20.23,19.67,19.9,8211656
2020-12-29,20.0,20.2,19.57,19.73,6749408
2020-12-30,19.8,19.93,19.3,19.6,5744945
2020-12-31,19.53,19.8,19.3,19.43,6522569
2021-01-01,19.47,20.47,19.37,20.17,19692140
2021-01-04,20.37,20.73,20.0,20.57,14656754
2021-01-05,20.67,21.97,20.53,21.77,47728692
2021-01-06,21.97,22.47,21.0,21.6,30614196
2021-01-07,21.93,22.0,21.43,21.53,12355226
2021-01-08,21.67,21.93,21.27,21.47,10486342
2021-01-11,21.63,21.77,20.67,21.4,17653913
2021-01-12,22.33,22.53,22.07,22.23,34564063
2021-01-13,22.47,22.8,22.27,22.43,23100258
2021-01-14,22.63,22.63,22.03,22.33,11129139
2021-01-15,22.2,22.4,21.77,22.03,12272234
2021-01-18,22.03,22.13,21.33,21.43,11043894
2021-01-19,21.43,21.83,21.43,21.67,7557681
2021-01-20,21.7,21.9,21.57,21.63,5684711
2021-01-21,21.8,21.93,21.6,21.67,10230558
2021-01-22,21.63,21.73,20.7,20.97,9413102
2021-01-25,21.1,21.4,20.33,20.5,8159688
2021-01-27,20.37,20.43,19.93,20.17,6861398
2021-01-28,19.77,20.33,19.73,20.13,6163251
2021-01-29,20.47,21.13,20.43,20.8,9613267
2021-02-01,21.27,21.43,20.67,21.2,13291693
2021-02-02,21.5,22.53,21.3,21.57,15009871
2021-02-03,21.7,22.2,21.07,21.47,10843874
2021-02-04,21.47,22.2,21.27,21.77,11169491
2021-02-05,21.97,22.0,21.27,21.37,8955457
2021-02-08,21.67,22.1,21.47,21.73,14811215
2021-02-09,21.77,22.5,21.4,21.87,24261352
2021-02-10,21.97,22.07,21.37,21.7,10000027
2021-02-11,22.33,22.93,22.13,22.4,30043482
2021-02-12,22.5,22.53,21.67,21.77,10025619
2021-02-15,21.87,21.9,21.4,21.47,5198765
2021-02-16,21.53,21.8,21.2,21.6,6738976
2021-02-17,21.67,21.73,21.43,21.5,5885692
2021-02-18,21.6,25.13,21.5,24.43,102367068
2021-02-19,24.67,26.3,24.07,25.1,68556628
2021-02-22,25.2,25.77,23.73,24.2,25726811
2021-02-23,24.37,24.97,23.7,24.43,13779487
2021-02-24,24.67,26.6,24.4,26.1,26945515
2021-02-25,26.73,28.6,26.73,28.23,51038642
2021-02-26,27.33,29.3,27.0,28.57,43294110
2021-03-01,29.1,34.27,29.07,32.67,108310507
2021-03-02,33.33,36.03,33.2,34.87,66648341
2021-03-03,35.6,35.93,32.93,33.6,27689865
2021-03-04,33.17,35.23,32.4,34.63,31278946
2021-03-05,34.53,35.33,33.2,33.9,18438141
2021-03-08,34.27,34.77,33.7,34.03,12496703
2021-03-09,34.37,34.53,31.6,32.93,14769010
2021-03-10,33.33,33.6,32.2,32.87,13067132
2021-03-12,33.27,33.87,32.4,32.93,11951483
2021-03-15,33.0,33.07,31.3,31.97,10900792
2021-03-16,32.23,32.23,30.77,31.17,10169698
2021-03-17,31.37,32.67,30.5,30.77,16030489
2021-03-18,30.87,31.47,28.37,29.03,14432250
2021-03-19,28.5,30.57,26.8,30.03,26117714
2021-03-22,31.13,31.67,30.53,31.0,14234045
2021-03-23,31.2,32.27,30.9,31.93,17860628
2021-03-24,32.0,32.9,30.7,31.2,18496064
2021-03-25,31.33,31.5,29.8,30.63,11118644
2021-03-26,31.1,31.3,30.47,30.63,6423576
2021-03-30,31.27,32.53,30.67,31.93,9832813
2021-03-31,31.9,32.27,30.87,31.2,7470521
2021-04-01,31.5,32.23,31.27,31.97,7769317
2021-04-05,31.83,31.87,30.07,30.3,9653022
2021-04-06,30.4,30.9,29.87,30.1,6942660
2021-04-07,30.03,30.27,29.77,29.87,6462257
2021-04-08,30.2,32.17,30.13,31.2,25778770
2021-04-09,31.33,31.6,30.8,31.1,6431727
2021-04-12,29.8,30.0,26.53,27.53,20724770
2021-04-13,27.93,28.9,27.67,28.67,10789818
2021-04-15,28.53,28.6,27.57,27.97,7714444
2021-04-16,28.2,28.33,27.67,27.83,5449947
2021-04-19,26.4,26.7,25.47,26.1,14488550
2021-04-20,26.57,27.3,26.2,26.5,7385533
2021-04-22,26.47,26.9,25.87,26.67,6674581
2021-04-23,26.23,27.23,26.23,26.5,7217660
2021-04-26,26.67,27.17,26.53,26.63,6724037
2021-04-27,26.67,27.93,26.47,27.77,9581185
2021-04-28,27.93,28.17,27.73,27.83,5948044
2021-04-29,27.8,28.2,27.2,27.43,6111217
2021-04-30,26.67,27.67,26.67,27.07,5497141
2021-05-03,26.83,28.07,26.6,27.7,8276019
2021-05-04,27.97,30.13,27.97,28.57,22789683
2021-05-05,29.07,29.67,28.4,29.43,11178582
2021-05-06,30.0,30.3,29.53,29.83,9110031
2021-05-07,30.07,30.27,29.2,29.33,7234636
2021-05-10,29.73,32.27,29.4,31.83,28913737
2021-05-11,31.63,34.0,31.0,33.43,37115202
2021-05-12,33.93,34.53,32.67,33.4,32339353
2021-05-14,33.73,34.0,31.73,32.7,18060264
2021-05-17,33.0,33.13,32.2,32.67,8760589
2021-05-18,33.03,33.73,32.77,32.93,14047594
2021-05-19,32.77,33.87,32.53,33.4,14120615
2021-05-20,33.73,33.9,32.67,32.93,10540309
2021-05-21,32.97,33.47,32.67,32.8,8456946
2021-05-24,33.1,33.1,32.5,32.63,9148157
2021-05-25,32.8,32.97,32.07,32.2,8991999
2021-05-26,32.2,33.17,32.13,32.53,10772297
2021-05-27,32.63,33.3,32.23,32.8,12214949
2021-05-28,33.17,33.47,32.5,32.6,11252912
2021-05-31,32.6,32.7,30.63,31.73,11713313
2021-06-01,32.0,32.27,31.17,31.4,7222997
2021-06-02,31.2,32.23,31.1,31.93,8125335
2021-06-03,32.17,32.7,31.87,32.0,7317189
2021-06-04,32.13,32.77,31.7,32.23,10001661
2021-06-07,32.53,33.63,32.13,33.2,19363394
2021-06-08,33.37,33.67,32.73,32.93,10713311
2021-06-09,33.17,33.23,31.6,31.77,13072125
2021-06-10,32.03,32.97,31.83,32.53,9911051
2021-06-11,32.8,37.23,32.57,36.47,150258062
2021-06-14,37.2,39.2,34.7,38.23,107174043
2021-06-15,38.53,39.43,38.17,38.43,39778859
2021-06-16,38.4,38.57,37.03,37.4,23893220
2021-06-17,37.13,38.2,36.53,36.93,22127658
2021-06-18,37.5,37.73,34.67,36.2,24388803
2021-06-21,35.37,38.0,35.07,37.47,21454073
2021-06-22,37.67,39.87,37.47,38.57,48306717
2021-06-23,38.93,39.2,37.93,38.03,17733894
2021-06-24,37.23,37.8,36.67,36.8,16763010
2021-06-25,37.07,37.13,36.33,36.67,9886240
2021-06-28,36.93,37.2,36.1,36.27,10101575
2021-06-29,36.53,37.23,34.8,35.2,19657799
2021-06-30,34.73,36.73,34.73,35.97,20361195
2021-07-01,36.33,36.43,35.03,35.37,12912181
2021-07-02,35.57,36.33,35.33,36.03,13184362
2021-07-05,36.33,36.67,36.17,36.3,9572274
2021-07-06,36.4,36.47,35.63,35.77,8334407
2021-07-07,35.77,35.9,35.37,35.47,7019751
2021-07-08,35.43,36.1,35.07,35.5,6788072
2021-07-09,35.47,35.47,34.73,35.1,6588076
2021-07-12,35.83,36.93,35.8,36.37,24103986
2021-07-13,36.8,37.0,36.07,36.3,8832425
2021-07-14,36.43,36.73,35.67,35.97,6327821
2021-07-15,36.1,36.13,35.43,35.5,5727900
2021-07-16,35.7,35.7,35.17,35.27,6549401
2021-07-19,35.0,35.4,34.6,34.93,5669511
2021-07-20,35.0,35.2,33.7,34.1,8154645
2021-07-22,34.47,34.9,34.0,34.13,5459444
2021-07-23,34.3,34.4,33.47,33.53,5766517
2021-07-26,33.47,33.7,33.1,33.23,4634988
2021-07-27,33.33,33.73,32.73,32.8,5206485
2021-07-28,32.83,32.93,32.03,32.33,6593265
2021-07-29,32.47,34.8,32.23,34.43,15567161
2021-07-30,34.43,35.17,34.17,34.3,9385832
2021-08-02,34.4,34.5,33.67,33.77,4331633
2021-08-03,33.77,33.9,33.0,33.13,4332387
2021-08-04,33.3,33.63,32.33,32.5,5639580
2021-08-05,32.63,32.63,31.47,31.97,6105447
2021-08-06,32.07,33.17,32.0,32.47,4890331
2021-08-09,32.6,32.63,31.83,31.9,3676018
2021-08-10,32.1,32.53,30.77,31.0,6651425
2021-08-11,31.07,31.07,29.0,30.07,10286771
2021-08-12,30.13,31.53,30.1,31.27,5190251
2021-08-13,31.4,31.53,30.83,30.9,3737986
2021-08-16,31.0,31.0,29.67,29.87,5065010
2021-08-17,29.87,30.3,29.6,29.83,4380139
2021-08-18,30.0,30.07,29.0,29.07,4545474
2021-08-20,28.67,29.43,28.4,28.57,5557546
2021-08-23,29.0,29.0,27.07,27.27,7221366
2021-08-24,27.43,29.93,27.03,29.43,14498918
2021-08-25,30.0,30.6,29.63,30.07,7867503
2021-08-26,30.0,30.0,29.2,29.4,3571098
2021-08-27,29.4,29.93,29.03,29.43,5001124
2021-08-30,29.67,30.33,29.33,29.63,4579372
2021-08-31,29.8,29.83,29.4,29.57,3076506
2021-09-01,29.6,31.13,29.4,30.47,4643733
2021-09-02,30.67,30.67,29.77,29.93,3943498
2021-09-03,29.8,30.4,29.8,29.93,3158904
2021-09-06,30.0,30.23,29.57,29.63,2891455
2021-09-07,29.67,29.77,29.27,29.37,2114087
2021-09-08,29.37,29.6,29.17,29.23,2351703
2021-09-09,29.2,29.8,29.07,29.23,3439027
2021-09-13,29.23,29.23,28.7,28.8,3227766
2021-09-14,28.93,30.33,28.87,30.17,9944919
2021-09-15,30.27,30.77,29.87,30.0,5521418
2021-09-16,30.17,30.47,29.7,29.83,4713637
2021-09-17,30.0,30.13,28.97,29.37,6130339
2021-09-20,29.07,29.57,28.53,28.77,4077949
2021-09-21,28.8,29.5,28.13,28.73,6197206
2021-09-22,28.63,29.9,28.57,29.33,5854472
2021-09-23,29.53,31.73,29.47,31.33,26372358
2021-09-24,31.73,31.93,30.67,30.9,11554097
2021-09-27,32.0,32.5,31.37,31.67,12990704
2021-09-28,31.93,31.93,30.77,31.27,7216887
2021-09-29,31.53,34.0,31.47,32.1,28398671
2021-09-30,32.3,32.93,31.73,32.47,9022107
2021-10-01,32.67,32.87,32.07,32.13,8137047
2021-10-04,32.3,32.3,31.77,31.83,5180998
2021-10-05,31.83,32.4,31.67,31.93,5202385
2021-10-06,32.07,32.23,31.03,31.27,4514153
2021-10-07,31.53,31.67,31.27,31.43,3791873
2021-10-08,31.5,31.77,31.0,31.3,3840199
2021-10-11,31.33,32.6,31.2,32.4,9829708
2021-10-12,32.53,32.8,32.03,32.27,6453630
2021-10-13,32.53,33.2,32.2,32.67,14345438
2021-10-14,32.93,32.93,32.1,32.3,6246771
2021-10-18,32.8,33.67,32.57,32.9,13057801
2021-10-19,33.1,33.17,31.33,31.53,7091979
2021-10-20,31.53,31.57,30.5,30.77,8874486
2021-10-21,31.1,32.0,30.8,31.6,4911901
2021-10-22,31.67,32.17,30.87,31.13,3980858
2021-10-25,31.17,31.4,30.13,30.4,4001121
2021-10-26,30.53,31.6,30.47,31.37,4178203
2021-10-27,31.47,31.53,31.0,31.13,2840870
2021-10-28,30.77,31.07,30.0,30.3,3064282
2021-10-29,30.0,30.27,29.2,29.77,3457947
2021-11-01,30.0,30.33,29.73,30.07,2405185
2021-11-02,30.13,31.1,30.03,30.73,3339085
2021-11-03,30.9,31.53,30.53,30.83,4001604
2021-11-04,31.0,31.1,30.8,30.97,858150
2021-11-08,31.07,31.6,30.57,31.07,3669750
2021-11-09,31.13,31.8,31.0,31.63,4909262
2021-11-10,31.37,32.87,31.3,31.93,10529357
2021-11-11,32.0,32.03,31.13,31.27,3075536
2021-11-12,31.47,32.17,30.57,31.53,11878317
2021-11-15,31.67,31.8,30.8,31.03,3280796
2021-11-16,30.87,31.07,30.43,30.53,2500659
2021-11-17,30.53,30.73,29.97,30.07,2709160
2021-11-18,30.17,30.33,29.0,29.17,4156367
2021-11-22,29.27,29.27,28.1,28.23,4240737
2021-11-23,27.73,29.0,27.73,28.8,2971853
2021-11-24,29.13,29.43,28.67,28.77,2354224
2021-11-25,29.3,29.3,28.6,28.83,2258994
2021-11-26,28.47,28.77,27.77,27.93,3696032
2021-11-29,27.53,27.83,26.1,26.6,5534816
2021-11-30,26.73,27.6,26.53,26.87,3215085
2021-12-01,28.37,28.53,27.73,28.07,7142426
2021-12-02,27.87,28.43,27.73,28.23,3429604
2021-12-03,28.23,28.9,28.2,28.33,3560681
2021-12-06,28.33,29.13,28.23,28.57,4732327
2021-12-07,28.8,29.0,28.67,28.73,2091500
2021-12-08,29.07,29.17,28.87,28.97,2265191
2021-12-09,29.17,30.13,28.93,29.73,5498605
2021-12-10,29.73,31.6,29.57,31.13,14041637
2021-12-13,31.53,31.6,30.53,30.77,4799192
2021-12-14,30.5,30.63,30.2,30.37,3171146
2021-12-15,30.37,31.07,29.97,30.1,3334704
2021-12-16,30.33,30.47,29.2,29.37,2794740
2021-12-17,29.33,29.37,28.2,28.47,4334147
2021-12-20,28.13,28.2,27.0,27.33,4149152
2021-12-21,27.8,28.13,27.47,27.63,3069350
2021-12-22,27.83,28.2,27.67,27.87,2739597
2021-12-23,28.13,28.87,27.87,28.4,3507693
2021-12-24,28.6,28.63,27.9,28.0,2333088
2021-12-27,27.83,28.3,27.5,27.97,2123655
2021-12-28,28.27,29.47,28.13,29.0,4441796
2021-12-29,29.23,30.13,29.03,29.83,8621801
2021-12-30,29.87,31.13,29.23,30.7,11127319
2021-12-31,30.87,31.37,30.53,30.67,10192603
2022-01-03,31.0,31.53,30.77,31.13,11415632
2022-01-04,31.17,31.3,30.47,30.63,5677537
2022-01-05,30.57,31.33,30.1,31.07,7249170
2022-01-06,30.97,33.63,30.43,33.47,49691541
2022-01-07,33.67,34.27,33.13,33.5,25930587
2022-01-10,33.73,34.4,33.47,33.87,14974598
2022-01-11,34.0,34.93,33.87,34.43,28352481
2022-01-12,35.0,35.0,34.0,34.5,11296541
2022-01-13,34.47,34.67,34.0,34.47,9180126
2022-01-14,34.17,35.73,34.0,35.57,20230766
2022-01-17,35.67,35.8,35.0,35.07,9410609
2022-01-18,35.27,35.27,32.93,33.2,11104131
2022-01-19,32.83,33.8,32.63,33.63,9334746
2022-01-20,33.73,33.87,32.97,33.3,5640596
2022-01-21,33.17,33.23,31.5,31.93,7214993
2022-01-24,32.07,32.07,29.8,30.07,9264175
2022-01-25,29.8,31.0,29.43,30.8,5990514
2022-01-27,30.27,31.0,30.07,30.5,6707532
2022-01-28,31.03,31.7,30.87,31.0,5546333
2022-01-31,31.5,31.67,30.87,31.1,5993960
2022-02-01,31.43,32.17,30.73,31.27,8476914
2022-02-02,31.5,31.93,31.37,31.57,4805394
2022-02-03,31.77,31.8,31.07,31.2,4013257
2022-02-04,31.4,31.4,30.53,30.7,4641879
2022-02-07,30.57,30.77,30.2,30.3,2554501
2022-02-08,30.3,30.47,29.57,29.97,3320982
2022-02-09,30.0,30.57,29.97,30.47,2608170
2022-02-10,30.6,30.73,30.13,30.63,2671972
2022-02-11,30.13,30.53,29.73,29.87,3026842
2022-02-14,29.47,29.67,27.9,28.2,5884591
2022-02-15,28.1,28.97,27.43,28.83,7470888
2022-02-16,29.0,29.17,28.17,28.53,5100360
2022-02-17,28.5,28.73,27.83,28.0,3706711
2022-02-18,27.73,28.2,27.37,27.53,7303632
2022-02-21,27.33,27.57,26.6,26.7,6257678
2022-02-22,26.07,26.33,25.47,25.93,8179141
2022-02-23,26.07,26.63,26.03,26.2,5144357
2022-02-24,25.4,25.47,22.77,22.97,13486612
2022-02-25,23.77,26.3,23.7,25.97,21184210
2022-02-28,25.53,26.1,25.07,25.9,8574279
2022-03-02,25.47,26.4,25.33,26.03,5895923
2022-03-03,26.53,26.77,25.4,25.63,6253724
2022-03-04,25.47,25.57,24.47,25.07,6438880
2022-03-07,24.67,24.73,23.73,24.23,7020710
2022-03-08,24.57,24.93,24.27,24.8,4659648
2022-03-09,25.03,26.27,24.77,25.97,7597159
2022-03-10,26.67,27.0,26.03,26.1,7330806
2022-03-11,26.13,26.43,25.9,26.37,3840769
2022-03-14,26.5,26.53,25.77,25.93,3401223
2022-03-15,25.87,26.37,24.93,25.13,5213124
2022-03-16,25.53,25.87,25.33,25.73,4383519
2022-03-17,26.27,26.27,25.57,25.9,8244665
2022-03-21,26.67,26.67,25.7,25.93,8829371
2022-03-22,25.9,26.03,25.23,25.83,5630551
2022-03-23,25.83,26.27,25.7,25.97,11377460
2022-03-24,25.8,26.07,25.37,25.53,4077700
2022-03-25,25.67,25.9,25.43,25.5,4505419
2022-03-28,25.5,25.57,24.47,24.6,6962297
2022-03-29,24.87,24.97,24.27,24.33,6520799
2022-03-30,24.47,24.87,24.33,24.47,5599358
2022-03-31,24.67,24.67,24.17,24.2,6741462
2022-04-01,24.27,25.53,24.27,25.43,6615607
2022-04-04,25.7,26.27,25.57,26.13,7024326
2022-04-05,26.13,26.93,25.87,26.63,8002937
2022-04-06,26.63,27.57,26.43,27.33,10232627
2022-04-07,27.47,27.67,26.93,27.13,6185520
2022-04-08,27.17,27.33,26.8,26.93,3664452
2022-04-11,26.93,28.07,26.77,27.7,8575676
2022-04-12,27.67,27.67,26.67,26.97,6262009
2022-04-13,27.17,27.27,26.87,26.97,2838870
2022-04-18,26.7,26.8,26.13,26.4,4720559
2022-04-19,26.67,26.9,25.4,26.0,5041704
2022-04-20,26.1,26.27,25.87,26.1,3229959
2022-04-21,26.47,26.63,26.2,26.5,3048067
2022-04-22,26.4,26.9,26.2,26.3,3205989
2022-04-25,26.17,26.17,25.37,25.47,3551993
2022-04-26,25.73,25.93,25.6,25.87,2768085
2022-04-27,25.57,25.93,25.37,25.53,2269200
2022-04-28,25.8,25.83,25.2,25.57,2984168
2022-04-29,25.73,26.0,25.2,25.27,2802339
2022-05-02,25.07,25.2,24.6,24.83,2603042
2022-05-04,24.97,25.07,23.63,24.2,3667692
2022-05-05,24.53,24.77,24.0,24.03,2753341
2022-05-06,23.47,23.6,23.23,23.43,4001632
2022-05-09,23.33,23.37,22.43,23.03,4377751
2022-05-10,23.17,23.43,22.53,22.63,3403996
2022-05-11,22.8,22.8,21.5,21.93,5340230
2022-05-12,21.67,21.87,21.07,21.33,3989517
2022-05-13,21.93,22.4,21.67,21.73,3671851
2022-05-16,21.97,22.27,21.67,22.1,2460383
2022-05-17,22.17,22.9,22.0,22.83,2929011
2022-05-18,23.17,23.17,22.63,22.8,2515126
2022-05-19,22.03,22.3,21.8,22.03,2989960
2022-05-20,22.63,22.83,22.2,22.7,2021486
2022-05-23,23.0,23.0,22.43,22.5,2206000
2022-05-24,22.53,22.63,22.07,22.2,3198579
2022-05-25,22.2,22.47,21.53,21.63,2175568
2022-05-26,21.73,22.03,20.5,21.4,5881828
2022-05-27,21.67,22.27,21.63,22.2,3040751
2022-05-30,22.6,22.73,22.4,22.57,2486098
2022-05-31,22.23,22.53,21.9,22.37,6050546
2022-06-01,22.37,23.0,22.3,22.67,3760653
2022-06-02,22.8,22.83,22.53,22.73,2197528
2022-06-03,22.87,22.97,22.0,22.13,3302101
2022-06-06,22.2,22.2,21.6,21.77,2316247
2022-06-07,21.77,22.07,21.53,21.7,2403517
2022-06-08,21.9,21.9,21.37,21.67,2316083
2022-06-09,21.77,21.8,21.23,21.37,3131622
2022-06-10,21.23,21.33,20.9,21.07,2496051
2022-06-13,20.73,20.8,20.0,20.13,3999662
2022-06-14,20.13,20.47,19.9,20.1,2670745
2022-06-15,20.27,20.37,19.93,20.0,1656025
2022-06-16,20.5,20.67,18.77,18.9,7034702
2022-06-17,18.4,19.5,17.7,19.27,9258656
2022-06-20,19.23,19.33,18.07,18.3,6341600
2022-06-21,18.6,19.2,18.3,19.1,3983817
2022-06-22,18.93,19.2,18.57,18.67,3266865
2022-06-23,18.87,19.07,18.57,18.87,2827799
2022-06-24,19.07,19.13,18.6,19.0,2668466
2022-06-27,19.47,19.5,19.17,19.37,2715147
2022-06-28,19.33,19.6,19.13,19.53,2066275
2022-06-29,19.33,19.43,19.0,19.2,5252467
2022-06-30,19.1,19.3,18.8,18.93,2452241
2022-07-01,19.0,19.2,18.73,19.17,1801802
2022-07-04,19.13,19.43,19.07,19.37,2243292
2022-07-05,19.57,19.63,19.13,19.2,2204912
2022-07-06,19.17,19.53,18.7,19.4,2804970
2022-07-07,19.67,21.9,19.47,21.23,29615176
2022-07-08,21.17,21.17,20.37,20.57,8624668
2022-07-11,20.2,20.73,20.2,20.53,4243030
2022-07-12,20.53,21.13,20.4,20.9,3350973
2022-07-13,21.03,21.23,20.6,20.77,2537096
2022-07-14,20.87,21.0,20.03,20.17,2002421
2022-07-15,20.33,20.33,19.9,20.2,1702237
2022-07-18,20.5,21.73,20.37,21.57,9680390
2022-07-19,21.63,21.63,20.53,21.07,9110341
2022-07-20,21.53,21.63,21.17,21.57,5508664
2022-07-21,21.63,22.93,21.43,22.47,15388426
2022-07-22,22.63,22.63,21.6,21.8,6281804
2022-07-25,21.87,21.9,21.33,21.67,3811502
2022-07-26,21.63,23.23,21.57,22.7,13298448
2022-07-27,22.6,23.07,22.23,22.37,6769893
2022-07-28,22.5,22.73,21.63,21.67,8396322
2022-07-29,21.97,22.27,21.77,21.97,3965183
2022-08-01,22.1,22.43,21.93,22.1,3922930
2022-08-02,22.2,22.33,21.87,22.07,4475992
2022-08-03,22.1,22.3,21.87,21.93,2070442
2022-08-04,22.1,22.5,21.47,21.9,3570967
2022-08-05,22.0,23.97,21.87,23.03,10503441
2022-08-08,23.3,23.5,22.97,23.13,4672700
2022-08-10,23.27,23.6,22.73,23.03,4699907
2022-08-11,22.83,22.83,22.17,22.23,4092953
2022-08-12,22.23,22.33,22.0,22.2,2461314
2022-08-16,22.17,22.33,22.07,22.13,2086723
2022-08-17,22.13,22.53,22.1,22.27,3617432
2022-08-18,22.27,22.97,22.27,22.6,3965386
2022-08-19,22.6,22.9,22.2,22.27,2933171
2022-08-22,22.2,22.23,21.77,21.83,1457169
2022-08-23,21.67,22.1,21.67,21.87,1857134
2022-08-24,21.83,22.2,21.83,22.03,1356590
2022-08-25,22.13,22.67,22.1,22.4,2813534
2022-08-26,22.57,22.97,22.47,22.53,2475385
2022-08-29,21.7,22.33,21.47,22.17,1873003
2022-08-30,22.37,23.17,22.37,23.03,5734763
2022-09-01,22.6,23.43,22.57,22.8,4314514
2022-09-02,22.87,23.27,22.73,22.83,3528872
2022-09-05,22.93,23.47,22.83,23.07,3446216
2022-09-06,23.27,23.33,22.73,22.93,2421413
2022-09-07,22.83,24.33,22.63,24.03,13284733
2022-09-08,24.3,24.5,24.07,24.33,6504579
2022-09-09,24.53,24.63,24.03,24.17,4300466
2022-09-12,24.2,24.4,23.9,24.07,2674976
2022-09-13,24.07,24.23,23.67,23.77,2161538
2022-09-14,23.33,23.67,23.13,23.3,2536794
2022-09-15,23.5,23.63,23.03,23.13,2418096
2022-09-16,23.33,23.5,22.67,22.8,3159956
2022-09-19,22.53,22.8,22.03,22.27,2159063
2022-09-20,22.53,22.83,22.5,22.6,2089513
2022-09-21,22.83,23.17,22.27,22.4,3587464
2022-09-22,22.33,22.93,22.27,22.67,1975779
2022-09-23,22.8,22.8,22.03,22.13,1832901
2022-09-26,22.13,22.2,20.87,20.97,2636997
2022-09-27,21.03,21.4,20.97,21.03,1802703
2022-09-28,21.0,21.07,20.67,20.73,1475666
2022-09-29,21.0,21.2,20.33,20.67,2469232
2022-09-30,20.53,20.93,19.87,20.5,5276917
2022-10-03,20.57,20.87,20.43,20.6,1784873
2022-10-04,20.83,21.23,20.8,21.07,2498277
2022-10-06,21.27,21.6,21.2,21.4,2161893
2022-10-07,21.33,21.47,21.2,21.33,1538550
2022-10-10,21.17,21.27,20.93,21.07,1405477
2022-10-11,21.07,21.2,20.47,20.6,1861167
2022-10-12,20.63,20.73,20.23,20.4,1674259
2022-10-13,20.43,20.57,20.2,20.23,1052563
2022-10-14,20.6,20.67,20.07,20.17,1145558
2022-10-17,20.3,20.4,20.1,20.27,2912519
2022-10-18,20.4,20.87,20.33,20.77,2529898
2022-10-19,20.9,22.13,20.67,21.77,11483041
2022-10-20,21.53,21.87,21.4,21.5,2131380
2022-10-21,21.43,22.17,21.43,21.53,3299248
2022-10-24,21.67,21.9,21.67,21.77,779978
2022-10-25,21.87,22.2,21.67,21.8,2298955
2022-10-27,21.93,22.4,21.73,21.9,3185665
2022-10-28,22.0,22.4,21.7,21.77,2407853
2022-10-31,21.93,21.97,21.6,21.63,1323894
2022-11-01,21.73,22.5,21.67,22.27,4863032
2022-11-02,22.33,22.33,21.83,21.9,2211407
2022-11-03,21.77,22.3,21.6,21.97,2208604
2022-11-04,22.07,22.93,22.0,22.6,6821044
2022-11-07,22.8,23.0,22.63,22.73,3803739
2022-11-09,22.83,23.47,22.67,22.9,5762955
2022-11-10,22.87,23.2,22.13,22.5,2666635
2022-11-11,22.7,23.47,22.37,23.2,5829545
2022-11-14,23.2,23.4,22.8,22.9,3021067
2022-11-15,23.4,23.8,23.17,23.33,8845145
2022-11-16,23.4,24.97,23.2,24.2,29188224
2022-11-17,24.13,25.93,24.13,25.33,39805614
2022-11-18,25.5,25.8,24.73,25.3,13524007
2022-11-21,25.23,25.27,24.73,24.83,5694648
2022-11-22,24.97,25.53,24.73,25.13,6607912
2022-11-23,25.6,28.0,25.5,27.77,69265688
2022-11-24,28.0,28.37,26.93,27.13,16807779
2022-11-25,27.3,28.1,26.83,27.43,14685851
2022-11-28,27.5,28.23,27.23,27.4,10750686
2022-11-29,27.9,28.9,27.27,27.5,31089013
2022-11-30,27.6,29.17,27.37,28.37,38634612
2022-12-01,28.63,28.9,28.03,28.13,9471544
2022-12-02,28.17,28.8,27.97,28.43,8904478
2022-12-05,28.63,28.93,28.07,28.2,9423488
2022-12-06,28.27,28.53,28.03,28.23,4988921
2022-12-07,28.3,28.4,27.37,27.47,5441942
2022-12-08,27.33,27.7,27.17,27.37,4472136
2022-12-09,27.57,28.2,26.4,26.8,7612384
2022-12-12,26.8,27.13,26.37,26.77,5216435
2022-12-13,26.8,28.17,26.77,27.57,13128757
2022-12-14,27.83,29.17,27.73,28.43,17561697
2022-12-15,28.47,28.67,27.33,27.5,8227198
2022-12-16,27.47,27.8,26.77,27.17,6834848
2022-12-19,27.3,27.77,27.0,27.53,5762749
2022-12-20,27.9,28.53,27.57,27.73,13441984
2022-12-21,27.93,28.13,25.8,25.97,9828937
2022-12-22,26.27,26.4,24.67,24.77,8923887
2022-12-23,24.33,24.57,22.53,22.73,10813288
2022-12-26,22.93,24.6,22.63,24.4,8358030
2022-12-27,24.77,25.27,24.27,24.9,6890023
2022-12-28,24.9,25.4,24.57,25.23,4674261
2022-12-29,25.2,25.5,24.9,25.17,4052679
2022-12-30,25.43,26.33,25.33,25.87,7166669
2023-01-02,26.0,27.27,25.8,27.03,10222790
2023-01-03,27.0,27.57,26.8,27.4,6960495
2023-01-04,27.17,27.53,26.47,26.67,6313057
2023-01-05,26.8,26.9,26.1,26.53,4256922
2023-01-06,26.57,26.57,25.63,25.73,4571409
2023-01-09,25.93,26.27,25.6,26.07,3734275
2023-01-10,26.07,26.1,25.6,25.8,2077883
2023-01-11,25.9,26.17,25.8,26.07,2659420
2023-01-12,26.1,26.27,25.73,25.8,5506032
2023-01-13,25.87,26.5,25.77,26.3,6681997
2023-01-16,26.23,26.5,26.2,26.33,3119063
2023-01-17,26.13,26.23,25.23,25.83,6024823
2023-01-18,25.83,26.23,25.63,25.8,6443564
2023-01-19,25.67,26.0,25.4,25.57,3539976
2023-01-20,25.57,25.9,25.23,25.33,4214034
2023-01-23,25.53,25.53,24.87,24.97,3170851
2023-01-24,25.17,25.97,25.07,25.37,9035235
2023-01-25,25.37,25.37,24.6,24.73,4416531
2023-01-27,24.73,24.97,23.47,23.8,5425287
2023-01-30,23.67,24.4,23.43,23.9,4363086
2023-01-31,24.0,24.67,23.87,24.4,5201033
2023-02-01,24.67,25.2,23.47,23.9,6149236
2023-02-02,23.9,24.33,22.57,23.0,5833967
2023-02-03,23.2,23.5,22.43,23.27,7122070
2023-02-06,23.4,23.6,23.1,23.27,3473435
2023-02-07,23.33,23.53,22.87,22.93,3972146
2023-02-08,23.07,23.53,22.97,23.4,2855538
2023-02-09,23.53,23.6,23.13,23.27,2966635
2023-02-10,23.23,23.73,23.13,23.27,2883769
2023-02-13,23.4,23.43,23.03,23.2,2121060
2023-02-14,23.3,23.3,22.87,23.13,2106793
2023-02-15,23.13,23.57,22.83,22.97,3656907
2023-02-16,23.03,23.27,22.87,23.0,1584446
2023-02-17,22.93,23.13,22.53,22.67,2528385
2023-02-20,22.8,22.9,22.1,22.27,2624832
2023-02-21,22.37,22.47,22.13,22.2,2013315
2023-02-22,22.07,22.2,21.67,21.73,2260941
2023-02-23,21.73,22.27,21.53,22.2,2725109
2023-02-24,22.33,22.5,21.83,22.0,2229051
2023-02-27,22.53,22.6,21.87,22.17,5765039
2023-02-28,22.17,22.33,22.07,22.2,2059273
2023-03-01,22.23,22.67,22.13,22.57,2419202
2023-03-02,22.67,24.6,22.63,24.13,16717952
2023-03-03,24.33,24.37,23.67,23.73,4052063
2023-03-06,23.83,23.97,23.73,23.87,2350407
2023-03-08,24.47,24.53,24.07,24.17,7596008
2023-03-09,24.2,25.27,24.13,24.7,9879173
2023-03-10,24.97,25.7,24.77,25.1,14457447
2023-03-13,25.17,25.47,24.1,24.3,6032119
2023-03-14,24.3,24.4,23.53,23.7,4293566
2023-03-15,24.73,24.8,23.8,23.9,7995420
2023-03-16,23.67,23.8,23.17,23.37,3515620
2023-03-17,23.6,23.9,23.33,23.47,3671290
2023-03-20,23.33,23.43,22.7,22.8,4511052
2023-03-21,22.93,23.07,22.53,22.6,3156673
2023-03-22,22.67,22.93,22.5,22.7,4353887
2023-03-23,22.87,23.13,22.5,22.57,5270652
2023-03-24,22.7,22.83,21.7,21.87,5172027
2023-03-27,22.03,22.17,21.13,21.33,5338589
2023-03-28,21.33,21.4,20.63,20.73,6723842
2023-03-29,20.93,24.53,20.93,23.5,29188565
2023-03-31,23.47,24.1,23.07,23.63,10007186
2023-04-03,23.63,24.07,23.53,23.77,4021505
2023-04-05,24.67,25.17,24.3,24.63,18383529
2023-04-06,24.53,25.33,24.17,25.13,8246881
2023-04-10,25.13,25.27,24.77,24.87,3297799
2023-04-11,24.87,25.87,24.47,25.3,13993447
2023-04-12,25.1,25.6,25.0,25.33,5107542
2023-04-13,25.2,25.73,25.13,25.43,3508374
2023-04-17,25.37,26.57,25.13,25.83,13420578
2023-04-18,25.87,25.93,25.27,25.5,3402512
2023-04-19,25.5,25.97,25.23,25.4,5552451
2023-04-20,25.87,26.27,25.7,26.0,9423011
2023-04-21,26.0,26.0,25.27,25.4,4016148
2023-04-24,25.4,25.6,25.2,25.33,5686770
2023-04-25,25.4,26.23,25.3,25.83,6375151
2023-04-26,25.8,26.53,25.7,25.9,6249261
2023-04-27,25.9,26.13,25.77,25.83,2769030
2023-04-28,25.87,26.8,25.87,26.2,6929749
2023-05-02,26.33,27.07,26.33,26.7,10429591
2023-05-03,26.57,27.63,26.43,27.03,13117763
2023-05-04,27.1,27.93,26.87,27.63,13587644
2023-05-05,27.8,28.1,27.07,27.23,9209254
2023-05-08,27.43,28.67,27.3,27.77,23946301
2023-05-09,27.87,28.13,26.83,26.93,7013476
2023-05-10,27.03,27.43,26.1,27.27,8978662
2023-05-11,27.4,27.93,27.1,27.63,8046238
2023-05-12,27.8,28.0,27.4,27.53,6299164
2023-05-15,27.53,27.6,26.83,27.4,4744497
2023-05-16,27.4,28.43,27.37,27.8,14755290
2023-05-17,27.9,28.5,27.5,27.6,8238941
2023-05-18,27.83,28.07,27.1,27.3,5409559
2023-05-19,27.47,27.47,26.7,27.07,4723314
2023-05-22,27.13,27.17,26.67,26.8,2692558
2023-05-23,26.9,27.13,26.73,26.83,3014625
2023-05-24,26.7,28.97,26.6,28.87,39383497
2023-05-25,29.0,29.27,28.2,28.47,11969825
2023-05-26,28.53,28.67,27.87,27.93,5785701
2023-05-29,28.17,28.43,27.6,28.1,6999593
2023-05-30,28.93,29.47,28.23,28.4,25472042
2023-05-31,28.43,28.5,27.93,28.23,5709894
2023-06-01,28.23,29.0,28.23,28.8,11220977
2023-06-02,29.0,29.8,28.73,29.17,22055877
2023-06-05,29.33,29.53,28.37,28.5,7868700
2023-06-06,28.63,28.7,27.93,28.27,7246088
2023-06-07,28.27,28.83,28.23,28.37,7563325
2023-06-08,28.47,28.67,27.53,27.73,8068612
2023-06-09,27.87,28.3,27.6,27.7,4927094
2023-06-12,27.7,28.3,27.57,27.9,7120012
2023-06-13,28.07,28.3,27.73,27.87,5247745
2023-06-14,27.97,28.13,27.57,27.7,3540107
2023-06-15,27.7,28.1,27.27,27.37,5748213
2023-06-16,27.57,27.77,27.33,27.47,3376677
2023-06-19,27.57,27.8,27.2,27.43,4628445
2023-06-20,27.43,27.67,27.1,27.4,4779713
2023-06-21,27.5,27.97,27.1,27.23,8352277
2023-06-22,27.23,27.4,26.83,26.97,3884793
2023-06-23,26.97,27.03,26.37,26.47,4101649
2023-06-26,26.47,26.53,26.03,26.47,4067332
2023-06-27,26.6,26.77,26.3,26.4,2941606
2023-06-28,26.53,26.63,25.47,25.63,11523191
2023-06-30,25.73,26.53,25.67,26.4,9682503
2023-07-03,26.67,26.77,26.1,26.2,10366760
2023-07-04,26.23,27.13,25.93,26.8,10962039
2023-07-05,26.9,27.27,26.8,27.03,5758540
2023-07-06,27.1,27.57,26.8,26.9,7247073
2023-07-07,26.9,27.2,26.4,26.77,5046316
2023-07-10,26.73,28.13,26.67,27.4,15367789
2023-07-11,27.5,27.8,27.37,27.63,6216103
2023-07-12,27.8,28.13,27.0,27.13,12500998
2023-07-13,27.27,27.53,26.8,27.13,7830073
2023-07-14,27.23,27.73,27.17,27.43,8809881
2023-07-17,27.5,27.77,27.27,27.7,6586495
2023-07-18,27.77,27.9,27.57,27.77,5823369
2023-07-19,27.73,28.23,27.57,27.7,9490226
2023-07-20,27.73,27.9,27.43,27.53,5030753
2023-07-21,27.63,28.0,27.5,27.6,5459645
2023-07-24,27.63,28.3,27.6,27.9,9919780
2023-07-25,28.07,29.17,27.93,28.5,20345457
2023-07-26,28.37,29.0,27.93,28.5,15005703
2023-07-27,28.67,29.17,28.3,28.57,11029459
2023-07-28,28.67,29.23,28.63,28.83,13983959
2023-07-31,28.97,31.0,28.83,30.77,45079315
2023-08-01,30.97,30.97,29.87,30.3,14825907
2023-08-02,30.0,31.17,28.9,29.5,18264041
2023-08-03,29.4,30.2,28.9,29.23,10954839
2023-08-04,29.43,32.07,29.43,31.63,51114467
2023-08-07,31.9,32.6,31.0,32.07,27279612
2023-08-08,32.2,33.1,31.5,32.17,22310399
2023-08-09,32.3,32.9,31.77,32.53,14584659
2023-08-10,32.47,32.67,31.6,31.77,9843377
2023-08-11,32.93,34.13,32.27,32.5,45919912
2023-08-14,32.63,32.63,31.07,31.6,13904965
2023-08-16,31.6,33.2,31.23,32.3,15405101
2023-08-17,32.33,32.63,31.53,31.73,8863773
2023-08-18,31.73,32.27,31.37,31.57,7840554
2023-08-21,31.57,32.33,31.37,31.63,6945084
2023-08-22,31.77,34.27,31.73,34.03,57205466
2023-08-23,34.47,34.73,33.5,33.77,31136427
2023-08-24,34.0,34.33,33.47,33.8,11621447
2023-08-25,33.57,33.83,32.3,32.73,10634849
2023-08-28,32.97,34.27,32.67,33.9,14621877
2023-08-29,34.33,34.67,33.77,34.07,15525076
2023-08-30,34.2,35.0,34.0,34.23,19971592
2023-08-31,34.4,34.93,34.07,34.3,9424239
2023-09-01,34.3,35.53,34.23,35.17,23432794
2023-09-04,35.43,38.47,35.23,37.33,53964092
2023-09-05,37.57,40.77,36.7,39.77,83785938
2023-09-06,41.1,42.4,39.33,39.87,84480065
2023-09-07,39.87,40.53,39.0,39.3,25102489
2023-09-08,39.33,40.27,38.83,39.73,20373507
2023-09-11,40.0,40.93,39.8,40.17,22384789
2023-09-12,40.4,40.43,36.27,36.47,29524321
2023-09-13,36.63,38.0,35.7,37.53,19877603
2023-09-14,39.33,42.33,38.47,40.43,118084732
2023-09-15,40.83,41.33,39.77,40.23,25486777
2023-09-18,40.33,40.4,38.97,39.13,14946463
2023-09-20,39.63,40.8,39.33,39.5,27278248
2023-09-21,39.5,40.07,37.8,38.13,17808539
2023-09-22,38.6,39.67,37.93,38.87,30798281
2023-09-25,38.87,39.03,38.27,38.43,10178558
2023-09-26,38.43,38.87,38.1,38.3,14276216
2023-09-27,38.23,39.5,37.8,39.13,18883428
2023-09-28,40.63,40.97,38.67,38.77,27012238
2023-09-29,39.03,39.5,38.53,39.0,10611075
2023-10-03,39.0,39.57,38.6,38.87,10490780
2023-10-04,38.9,39.5,37.9,38.43,12550315
2023-10-05,38.6,39.0,38.33,38.5,9595015
2023-10-06,38.67,41.23,38.4,40.7,42155584
2023-10-09,39.8,39.9,38.37,38.53,20170634
2023-10-10,38.93,42.07,38.73,41.23,59244840
2023-10-11,41.57,43.1,41.47,41.77,55587276
2023-10-12,41.93,43.57,41.47,42.5,48261594
2023-10-13,42.4,43.33,41.83,42.0,21878988
2023-10-16,42.63,44.13,42.5,42.67,33174077
2023-10-17,43.17,43.63,42.13,43.13,25450460
2023-10-18,43.33,44.97,42.73,43.07,52791721
2023-10-19,44.4,48.27,43.77,47.17,175138159
2023-10-20,48.17,49.57,45.33,45.67,158772161
2023-10-23,45.87,46.33,41.13,41.6,77959784
2023-10-25,42.03,43.53,40.8,42.37,68858472
2023-10-26,42.0,43.0,40.5,42.53,51346194
2023-10-27,43.0,43.73,42.33,42.83,32446451
2023-10-30,43.0,45.63,42.1,44.73,55216321
2023-10-31,44.97,45.1,43.5,43.73,26461903
2023-11-01,44.0,45.1,43.73,43.97,23932165
2023-11-02,44.6,45.57,43.97,44.9,19362467
2023-11-03,45.6,45.6,44.53,44.67,17675248
2023-11-06,45.1,45.4,44.67,44.97,12056333
2023-11-07,45.03,45.9,44.4,45.37,19756138
2023-11-08,45.57,45.93,45.07,45.5,13266819
2023-11-09,45.6,45.67,44.27,44.67,11765703
2023-11-10,44.03,44.3,43.1,43.83,17890122
2023-11-12,44.27,44.97,44.13,44.77,4636451
2023-11-13,44.6,46.9,44.2,45.43,30300465
2023-11-15,46.0,46.27,45.27,45.43,9503528
2023-11-16,45.6,45.6,44.7,44.83,9883744
2023-11-17,44.8,45.3,44.27,44.7,10359123
2023-11-20,44.97,45.9,44.67,44.9,9809973
2023-11-21,45.1,45.6,44.4,44.87,14237220
2023-11-22,45.03,45.07,43.87,43.97,8529552
2023-11-23,44.07,44.37,43.27,43.4,6948472
2023-11-24,43.4,43.7,42.7,42.83,8554234
2023-11-28,43.0,45.6,42.53,45.33,32899699
2023-11-29,45.67,47.03,45.63,46.67,42265882
2023-11-30,46.87,51.0,46.73,50.73,108216222
2023-12-01,51.33,52.0,49.53,49.77,43296875
2023-12-04,51.33,53.0,50.93,52.4,49453119
2023-12-05,52.33,52.43,50.6,51.4,22701429
2023-12-06,51.73,52.53,51.47,52.03,16169829
2023-12-07,52.3,54.3,51.1,54.07,42103048
2023-12-08,54.33,55.07,51.6,52.53,26904594
2023-12-11,52.8,55.2,52.57,53.3,27422511
2023-12-12,53.63,54.77,53.1,53.6,26764745
2023-12-13,53.73,53.97,53.03,53.47,11135352
2023-12-14,55.8,56.5,54.8,55.0,50685738
2023-12-15,55.5,57.27,54.37,54.73,34913238
2023-12-18,54.8,55.8,53.87,55.2,17895635
2023-12-19,55.33,55.77,54.67,54.93,9765887
2023-12-20,55.23,55.3,48.67,50.23,25217566
2023-12-21,49.3,52.4,48.33,52.13,26177171
2023-12-22,52.43,52.57,51.2,52.27,10217786
2023-12-26,52.33,52.77,52.0,52.2,6184108
2023-12-27,52.6,54.27,52.47,53.3,25753924
2023-12-28,53.6,56.43,53.03,55.23,66789947
2023-12-29,55.53,55.53,54.1,54.37,17553965
2024-01-01,54.63,55.4,54.4,54.57,10161058
2024-01-02,54.77,54.8,52.67,53.73,13866797
2024-01-03,53.73,59.03,53.17,58.67,125974979
2024-01-04,59.07,59.9,57.93,58.4,49933311
2024-01-05,58.63,59.63,57.17,57.73,21657363
2024-01-08,58.03,58.57,56.33,56.7,15437731
2024-01-09,57.07,61.67,56.6,60.9,95883121
2024-01-10,60.9,62.43,59.93,61.67,62876795
2024-01-11,62.03,62.4,61.2,61.57,18778293
2024-01-12,61.87,62.9,60.7,60.93,44639440
2024-01-15,61.27,61.5,60.07,61.17,28513900
2024-01-16,61.43,61.97,58.93,60.0,30327902
2024-01-17,59.3,61.13,58.0,58.63,26156102
2024-01-18,58.63,59.73,56.4,58.13,23686936
2024-01-19,58.63,63.93,58.6,63.03,108553148
2024-01-20,63.53,69.23,63.33,67.83,102050869
2024-01-23,69.33,73.0,64.67,65.73,124517276
2024-01-24,66.3,70.6,64.33,70.17,89103485
2024-01-25,70.8,79.6,69.67,76.47,230345265
2024-01-29,78.0,85.63,77.8,84.67,127680948
2024-01-30,87.57,90.87,82.43,84.7,99835445
2024-01-31,85.07,87.07,83.03,86.3,60425165
2024-02-01,87.33,96.67,86.53,94.43,169438889
2024-02-02,100.0,113.3,100.0,112.43,238781006
2024-02-05,116.3,117.9,107.53,110.73,109368172
2024-02-06,111.8,111.8,100.77,104.97,49106787
2024-02-07,106.9,109.9,102.43,105.37,33877779
2024-02-08,106.0,106.27,102.2,102.6,21484102
2024-02-09,103.1,103.1,93.1,98.63,35453544
2024-02-12,97.83,97.83,88.77,88.77,27263338
2024-02-13,82.9,88.53,80.5,82.93,57656532
2024-02-14,84.6,87.07,84.0,87.07,7730529
2024-02-15,91.4,91.4,91.4,91.4,1328284
2024-02-16,91.67,95.97,89.07,89.73,38293465
2024-02-19,91.0,94.2,89.9,94.2,8339135
2024-02-20,95.33,98.27,94.67,95.07,27898133
2024-02-21,96.2,97.1,92.0,92.8,13997273
2024-02-22,96.63,97.43,95.0,97.33,29451261
2024-02-23,98.2,98.53,94.8,95.6,12613747
2024-02-26,96.2,96.27,92.4,93.13,9594452
2024-02-27,93.27,94.03,92.0,92.23,6323453
2024-02-28,92.23,92.9,87.63,88.13,10876005
2024-02-29,88.0,90.67,85.77,90.17,15211481
2024-03-01,91.87,92.97,88.13,88.63,10171608
2024-03-02,89.3,90.33,89.2,89.67,1259583
2024-03-04,89.97,90.17,88.0,88.23,6326188
2024-03-05,89.57,90.97,88.2,88.4,7557668
2024-03-06,88.63,88.63,84.0,84.87,13188068
2024-03-07,85.13,86.67,84.67,84.87,5281688
2024-03-11,84.97,85.27,80.63,80.7,15257283
2024-03-12,80.67,81.0,77.07,77.6,13692673
2024-03-13,77.17,80.5,73.73,73.73,10390968
2024-03-14,70.67,77.4,70.07,77.4,22071711
2024-03-15,76.63,78.93,73.53,74.57,17995457
2024-03-18,74.33,76.6,72.67,74.33,12712523
2024-03-19,74.6,75.4,72.43,72.9,7529443
2024-03-20,73.4,74.93,70.93,72.9,8757325
2024-03-21,74.63,76.53,74.33,76.53,9950958
2024-03-22,76.13,78.2,75.13,76.7,11557186
2024-03-26,77.47,78.5,75.9,76.53,8946627
2024-03-27,77.27,79.3,75.03,75.6,12220446
2024-03-28,76.33,79.37,76.27,79.27,13066053
2024-04-01,80.6,83.2,80.27,83.2,6814803
2024-04-02,84.53,87.33,83.47,85.47,17234031
2024-04-03,85.33,86.17,84.23,85.1,9605138
2024-04-04,85.97,86.53,82.43,84.4,10232135
2024-04-05,84.77,92.63,83.5,92.23,37979226
2024-04-08,93.13,93.8,89.67,90.07,15359063
2024-04-09,90.57,94.37,89.27,91.6,21139386
2024-04-10,91.93,92.03,90.0,90.93,7759811
2024-04-12,90.0,91.4,88.73,89.07,7087068
2024-04-15,83.33,86.93,81.67,83.97,19579372
2024-04-16,83.23,85.67,82.47,83.77,7608708
2024-04-18,84.53,85.87,82.83,83.13,8664005
2024-04-19,81.33,84.6,79.27,82.73,18495795
2024-04-22,83.8,84.53,83.0,83.47,6167572
2024-04-23,83.97,91.13,83.67,89.5,32113418
2024-04-24,90.3,90.67,88.0,88.5,19275508
2024-04-25,88.6,89.67,87.83,88.23,8700202
2024-04-26,88.67,92.33,87.37,90.87,33673121
2024-04-29,92.0,96.47,91.77,94.77,48639852
2024-04-30,95.6,95.6,92.77,93.17,14085191
2024-05-02,93.43,94.53,91.43,92.5,12704712
2024-05-03,93.07,94.47,90.67,92.47,10796822
2024-05-06,93.13,93.2,88.37,89.07,10774469
2024-05-07,89.07,90.0,84.37,85.73,11518632
2024-05-08,85.63,91.5,84.47,90.6,17814789
2024-05-09,92.0,92.83,86.27,87.03,14143792
2024-05-10,87.27,88.9,84.6,88.27,10254403
2024-05-13,88.6,88.6,85.07,86.67,7836628
2024-05-14,87.4,91.9,87.1,91.3,11864698
2024-05-15,91.67,91.9,89.9,90.07,6882942
2024-05-16,90.77,92.93,90.23,90.83,9560875
2024-05-17,91.5,95.6,90.9,94.87,29974345
2024-05-18,95.6,96.93,95.33,95.87,8000616
2024-05-21,97.0,100.87,95.43,99.17,39757069
2024-05-22,100.0,101.9,96.4,98.73,22575875
2024-05-23,98.97,101.83,97.73,99.13,22596346
2024-05-24,99.33,99.9,96.17,97.17,12406252
2024-05-27,97.67,99.2,95.7,96.7,10961703
2024-05-28,97.17,97.27,91.4,92.53,12726965
2024-05-29,96.0,97.2,93.8,94.83,29937220
2024-05-30,95.07,95.43,90.87,91.57,13028024
2024-05-31,92.37,95.33,90.0,94.93,19157682
2024-06-03,103.33,104.0,98.0,100.43,35729216
2024-06-04,100.43,100.43,90.4,90.4,31478865
2024-06-05,90.33,90.37,81.37,86.7,42785633
2024-06-06,91.17,94.0,90.33,92.7,23252206
2024-06-07,93.67,96.67,91.73,96.07,19174923
2024-06-10,96.9,97.0,94.33,95.31,16170876
2024-06-11,98.94,106.33,98.83,104.39,117032681
2024-06-12,105.33,107.33,103.37,105.11,49898285
2024-06-13,105.99,106.27,103.07,103.46,25250943
2024-06-14,104.0,108.47,101.67,106.31,55164601
2024-06-18,107.0,109.43,104.87,105.46,28441329
2024-06-19,106.53,108.47,102.44,107.39,38285742
2024-06-20,107.83,111.33,106.37,108.91,53128510
2024-06-21,109.4,115.33,109.33,110.71,50056129
2024-06-24,110.0,111.47,107.5,108.67,23145022
2024-06-25,109.23,110.27,105.84,106.52,14983730
2024-06-26,106.53,108.33,105.0,105.41,14990053
2024-06-27,105.67,108.67,103.33,105.46,21015269
2024-06-28,106.0,106.43,103.73,104.64,10913422
2024-07-01,104.65,106.99,103.87,104.4,12194658
2024-07-02,104.87,108.8,104.21,108.19,27848431
2024-07-03,109.0,113.61,107.53,112.69,55498887
2024-07-04,114.35,126.6,113.81,124.45,144638219
2024-07-05,125.05,129.33,122.61,125.74,78246785
2024-07-08,126.34,131.33,123.47,127.49,48705167
2024-07-09,128.1,132.2,124.4,126.45,36888205
2024-07-10,126.8,127.8,119.47,125.01,26146457
2024-07-11,125.33,130.33,124.07,129.27,48754660
2024-07-12,129.53,131.33,125.93,126.53,31109262
2024-07-15,127.0,127.73,124.2,125.39,17700898
2024-07-16,125.6,129.27,123.33,123.71,27560054
2024-07-18,123.71,124.33,117.6,119.05,21073564
2024-07-19,117.53,120.96,114.0,114.57,25311030
2024-07-22,113.33,124.5,112.5,123.33,43842337
2024-07-23,123.97,124.53,100.1,118.17,61414616
2024-07-24,117.93,122.6,116.92,120.76,22386963
2024-07-25,118.79,121.33,116.0,116.9,19705543
2024-07-26,117.53,119.92,115.55,116.35,23865024
2024-07-29,117.0,125.87,115.89,125.07,51650690
2024-07-30,125.07,126.89,122.73,123.05,25677876
2024-07-31,123.5,124.27,120.21,120.81,14864774
2024-08-01,121.8,123.53,118.87,119.66,16016365
2024-08-02,117.67,122.33,116.21,121.2,20080298
2024-08-05,115.87,117.49,111.11,111.91,27524673
2024-08-06,113.33,116.57,108.67,109.19,17579490
2024-08-07,112.5,115.0,110.15,114.2,14557432
2024-08-08,114.22,115.6,112.11,112.71,11822598
2024-08-09,113.65,125.6,113.03,123.19,97194604
2024-08-12,122.64,125.77,120.73,121.19,39869066
2024-08-13,121.89,122.3,114.76,115.54,23304269
2024-08-14,117.0,119.27,115.5,115.75,27722726
2024-08-16,117.67,123.49,115.61,121.86,23843576
2024-08-19,122.43,128.9,121.81,123.11,56133000
2024-08-20,123.79,126.46,121.33,122.61,25661184
2024-08-21,122.47,123.05,120.27,121.18,13083706
2024-08-22,121.67,123.79,120.29,121.26,16536859
2024-08-23,121.47,122.63,118.4,118.79,11585065
2024-08-26,120.07,120.53,117.05,117.33,9936064
2024-08-27,117.79,119.53,117.44,118.43,8497937
2024-08-28,124.73,139.83,124.13,130.47,297366291
2024-08-29,131.33,137.12,128.83,129.88,116371846
2024-08-30,130.97,132.27,123.47,124.25,63629115
2024-09-02,126.33,128.0,124.0,125.06,44957465
2024-09-03,125.59,125.63,123.91,124.45,12537444
2024-09-04,122.03,125.73,122.03,123.18,15863146
2024-09-05,123.83,123.87,121.21,121.6,8590640
2024-09-06,121.33,121.57,118.2,119.14,13004123
2024-09-09,118.5,118.67,115.0,115.78,15625681
2024-09-10,116.3,121.32,116.27,120.25,16425712
2024-09-11,120.46,120.47,116.43,117.14,9828677
2024-09-12,118.01,122.43,118.01,120.23,23144816
2024-09-13,120.7,122.27,119.05,119.51,11313075
2024-09-16,119.67,120.22,117.34,117.57,7991259
2024-09-17,117.2,119.93,115.77,118.78,10349538
2024-09-18,118.4,119.63,116.53,116.79,6983320
2024-09-19,117.6,118.27,112.81,114.49,10608968
2024-09-20,114.93,117.66,113.81,116.05,10018391
2024-09-23,116.7,119.0,115.74,117.85,9344572
2024-09-24,118.35,118.35,115.73,116.15,5197441
2024-09-25,116.15,116.33,114.67,114.87,4810702
2024-09-26,114.7,115.2,112.0,112.73,8307778
2024-09-27,113.3,119.6,112.98,118.27,13743613
2024-09-30,118.67,120.22,116.34,119.53,11741004
2024-10-01,120.0,121.13,118.47,120.13,7853551
2024-10-03,116.73,118.53,101.5,113.71,13944079
2024-10-04,114.46,116.28,108.75,112.67,13290831
2024-10-07,118.1,119.8,111.0,115.83,22149030
2024-10-08,115.15,116.0,110.38,115.29,7673783
2024-10-09,115.65,117.4,115.38,116.16,5609715
2024-10-10,116.4,118.0,114.03,116.98,9336602
2024-10-11,117.4,117.75,113.75,114.06,6953397
2024-10-14,114.07,114.59,112.0,113.22,4309825
2024-10-15,111.51,113.28,110.68,112.66,4192713
2024-10-16,112.0,113.65,111.53,112.76,4194334
2024-10-17,112.76,113.23,109.5,110.3,3361952
2024-10-18,108.75,109.55,106.6,107.97,4531607
2024-10-21,107.88,108.39,102.0,102.58,6793852
2024-10-22,101.16,101.5,96.1,96.65,15613437
2024-10-23,96.65,99.59,92.94,94.56,13709569
2024-10-24,94.55,95.5,91.7,92.27,10529971
2024-10-25,91.99,92.54,87.46,87.91,12734279
2024-10-28,87.56,94.4,85.21,93.31,17785638
2024-10-29,94.7,95.35,91.18,93.97,10837160
2024-10-30,93.55,98.86,93.05,97.14,14376765
2024-10-31,96.8,98.0,95.53,97.19,7115804
2024-11-01,97.9,100.9,97.55,99.97,4001836
2024-11-04,100.8,101.7,96.45,97.81,8543836
2024-11-05,96.52,97.7,95.27,96.86,8850092
2024-11-06,97.55,101.89,97.55,101.44,9457810
2024-11-07,101.8,101.8,99.3,99.61,6924509
2024-11-08,99.0,99.39,96.51,97.02,3825063
2024-11-11,96.0,96.45,93.91,94.55,5097204
2024-11-12,94.7,96.4,92.12,93.46,5050522
2024-11-13,92.12,93.27,88.32,89.51,9326900
2024-11-14,90.59,92.8,89.52,90.0,7851055
2024-11-18,90.28,92.01,89.02,89.99,6470782
2024-11-19,90.19,92.2,89.25,89.82,6571685
2024-11-21,89.5,90.0,86.77,88.24,6755138
2024-11-22,88.25,89.68,87.25,89.13,4919766
2024-11-25,93.0,96.3,92.76,94.76,13448148
2024-11-26,95.0,95.3,93.87,94.55,4314123
2024-11-27,94.5,96.85,93.6,95.68,7343971
2024-11-28,97.4,100.5,97.4,98.76,16617968
2024-11-29,99.0,100.38,96.5,99.22,8521514
2024-12-02,97.76,98.65,96.91,98.24,5289295
2024-12-03,98.3,100.14,97.93,99.29,6176380
2024-12-04,99.5,101.68,99.25,100.05,7546520
2024-12-05,100.0,103.4,99.04,102.83,17659498
2024-12-06,103.35,104.95,102.27,103.62,9437700
2024-12-09,104.44,105.2,102.36,103.33,6547055
2024-12-10,103.0,104.65,101.65,102.66,7198737
2024-12-11,102.6,103.56,101.76,102.05,4650576
2024-12-12,102.0,103.77,98.91,100.65,10863440
2024-12-13,100.73,101.6,97.61,99.29,6941105
2024-12-16,99.75,102.0,99.5,101.07,7040415
2024-12-17,100.96,102.68,100.2,100.64,6681204
2024-12-18,100.0,100.49,98.2,98.73,5136529
2024-12-19,96.0,97.94,95.61,97.1,3981544
2024-12-20,97.1,97.9,93.3,94.43,5889049
2024-12-23,95.0,95.45,92.3,92.64,4662477
2024-12-24,92.64,93.99,92.18,93.2,3318049
2024-12-26,93.2,93.9,91.67,92.07,3163694
2024-12-27,92.5,93.98,92.12,93.39,4776354
2024-12-30,93.53,93.78,87.72,88.18,10407172
2024-12-31,88.8,93.5,88.62,92.95,16003131
2025-01-01,92.6,94.48,92.17,92.95,4220243
2025-01-02,92.95,94.53,92.25,93.35,5560559
2025-01-03,93.4,94.57,92.31,92.52,6325530
2025-01-06,93.22,93.22,87.55,87.85,7616604
2025-01-07,88.19,90.5,88.1,89.28,5570304
2025-01-08,90.0,92.37,88.62,89.83,13903442
2025-01-09,89.76,89.77,87.51,87.75,5630997
2025-01-10,87.64,87.98,84.04,84.49,8007873
2025-01-13,81.12,84.15,78.39,78.93,13526434
2025-01-14,80.0,84.94,79.7,84.11,10324827
2025-01-15,85.7,87.39,83.6,86.25,10993490
2025-01-16,87.98,89.09,87.31,87.83,6001575
2025-01-17,87.55,96.99,86.9,95.31,58881883
2025-01-20,97.0,99.18,95.61,98.76,30958341
2025-01-21,98.7,98.84,94.62,95.1,17470432
2025-01-22,94.3,94.6,90.35,92.38,11402076
2025-01-23,91.5,94.39,91.1,92.04,9160862
2025-01-24,91.89,93.58,90.74,91.32,10328379
2025-01-27,89.95,89.95,86.5,89.08,10177006
2025-01-28,89.09,90.1,84.92,87.01,11728831
2025-01-29,87.29,92.65,87.29,91.68,10117561
2025-01-30,92.75,93.68,91.59,93.16,7405863
2025-01-31,93.3,100.7,92.7,99.83,26392481
2025-02-01,100.0,104.15,94.0,95.33,33787212
2025-02-03,93.77,93.9,90.3,90.76,12814367
2025-02-04,91.25,93.9,91.25,93.06,9370532
2025-02-05,93.0,95.55,92.98,95.1,8167629
2025-02-06,96.0,97.0,93.52,94.38,7507068
2025-02-07,93.55,94.2,91.85,92.48,6300526
2025-02-10,92.48,93.35,89.72,90.21,6021056
2025-02-11,90.2,90.75,85.0,85.36,10604130
2025-02-12,86.9,87.0,82.93,85.87,22328417
2025-02-13,86.0,89.53,85.19,85.75,16913561
2025-02-14,86.16,87.0,81.1,82.11,13407240
2025-02-17,81.7,83.6,79.4,82.02,12459888
2025-02-18,82.0,82.6,77.21,77.79,14312121
2025-02-19,77.3,81.66,76.8,80.71,13030642
2025-02-20,80.31,83.25,79.25,82.71,10619188
2025-02-21,82.1,84.3,80.5,81.08,12310003
2025-02-24,80.1,81.17,78.83,79.95,7435359
2025-02-25,80.15,81.15,78.3,78.71,8145061
2025-02-27,78.8,79.33,75.4,75.75,8341332
2025-02-28,75.0,75.36,72.5,72.86,13837258
2025-03-03,73.07,74.49,70.8,73.68,13653700
2025-03-04,72.79,75.36,72.05,74.57,10040201
2025-03-05,74.75,79.27,74.71,78.99,15145124
2025-03-06,79.95,80.83,79.24,80.08,11056127
2025-03-07,80.19,82.31,79.46,80.76,8938596
2025-03-10,81.2,82.07,77.55,78.65,8875128
2025-03-11,77.3,79.57,76.57,78.87,7267789
2025-03-12,79.59,80.25,77.5,79.11,5345006
2025-03-13,79.74,79.74,77.75,77.89,4802499
2025-03-17,78.35,79.29,77.35,77.92,6690304
2025-03-18,78.7,79.9,78.65,79.73,8714777
2025-03-19,80.0,83.89,79.92,83.33,16189908
2025-03-20,83.99,84.28,81.8,82.98,11003307
2025-03-21,82.5,84.2,82.02,83.73,15715918
2025-03-24,84.39,86.3,84.17,85.36,12183787
2025-03-25,85.79,85.95,82.02,83.16,12488125
2025-03-26,83.5,84.5,80.86,81.07,10713993
2025-03-27,82.35,84.69,82.01,82.71,34327535
2025-03-28,83.1,84.8,81.0,81.89,13560542
2025-04-01,80.87,82.46,80.51,81.61,5645573
2025-04-02,81.61,83.2,79.9,82.89,7593537
2025-04-03,81.4,84.78,81.4,84.41,9282920
2025-04-04,84.34,85.68,81.7,82.73,12938267
2025-04-07,75.91,80.1,75.0,79.46,11518239
2025-04-08,84.5,84.5,79.72,83.07,17372693
2025-04-09,82.64,87.45,81.41,87.01,30465976
2025-04-11,89.0,90.2,86.09,89.1,27133267
2025-04-15,89.8,90.56,89.3,89.77,10715153
2025-04-16,90.01,96.5,89.77,95.8,56298845
2025-04-17,96.2,99.9,96.0,98.4,48187798
2025-04-21,98.7,100.54,96.7,99.98,18052626
2025-04-22,100.1,102.5,99.11,100.2,16900830
2025-04-23,100.75,101.62,97.65,100.81,14614747
2025-04-24,100.75,101.03,99.25,99.87,9680306
2025-04-25,99.87,100.1,94.85,95.49,15332890
2025-04-28,94.2,99.27,94.2,98.64,14383334
2025-04-29,99.2,100.2,97.0,97.31,8996893
2025-04-30,97.4,98.23,94.51,95.19,8309482
2025-05-02,95.19,96.92,93.5,93.96,8459373
2025-05-05,94.39,96.98,93.45,96.29,9383107
2025-05-06,96.29,96.59,91.5,92.58,15177974
2025-05-07,91.0,96.1,90.8,95.9,16423887
2025-05-08,95.75,96.68,93.14,93.93,11654657
2025-05-09,90.07,92.8,90.07,92.22,9487742
2025-05-12,95.99,100.24,95.12,99.81,17809802
2025-05-13,99.3,102.1,98.32,101.69,20939670
2025-05-14,102.08,107.75,101.8,106.75,32568683
2025-05-15,107.0,108.65,106.2,106.72,18249645
2025-05-16,107.16,113.2,106.55,111.08,27415877
2025-05-19,112.4,116.44,112.2,115.93,33481411
2025-05-20,116.0,116.37,110.51,110.89,15125669
2025-05-21,111.0,113.9,109.96,113.21,14477552
2025-05-22,113.6,115.31,111.25,113.11,14055956
2025-05-23,113.67,113.95,110.95,112.49,8509263
2025-05-26,112.5,114.83,112.5,114.27,10037221
2025-05-27,114.5,116.18,113.7,114.97,11450424
2025-05-28,114.97,117.76,114.85,115.6,13531812
2025-05-29,116.17,117.5,115.6,116.2,10371746
2025-05-30,117.8,126.7,113.94,123.36,79171451
2025-06-02,123.25,127.49,123.0,124.8,28136388
2025-06-03,125.27,125.8,122.5,123.42,12848733
2025-06-04,123.0,125.98,122.11,124.88,15358451
2025-06-05,125.04,129.29,125.04,127.04,19764652
2025-06-06,127.04,129.6,125.85,127.72,14906234
2025-06-09,128.25,130.7,126.51,128.7,17502001
2025-06-10,129.42,129.42,124.36,124.78,20024820
2025-06-11,125.44,126.2,123.4,124.31,12368749
2025-06-12,124.24,124.85,120.4,120.69,10246798
2025-06-13,118.0,121.68,117.31,120.64,12785259
2025-06-16,120.2,122.56,117.29,122.25,12036641
2025-06-17,122.8,122.9,119.57,120.14,7651088
2025-06-18,120.05,120.94,118.55,118.92,6661197
2025-06-19,118.7,119.3,113.33,114.29,10591499
2025-06-20,113.8,117.97,113.66,117.08,15400158
2025-06-23,115.09,121.3,115.0,119.91,19949193
2025-06-24,120.65,123.88,120.55,121.05,16336347
2025-06-25,121.94,125.36,121.72,124.9,18990187
2025-06-26,125.3,125.55,122.62,123.91,9009025
2025-06-27,124.52,125.49,122.5,123.2,9140549
2025-06-30,122.98,124.85,122.3,122.72,5652591
2025-07-01,122.99,123.96,121.33,123.21,6571667
2025-07-02,124.0,124.3,118.28,120.08,23353762
2025-07-03,120.7,121.2,117.3,117.51,10153081
2025-07-04,117.9,119.13,117.3,117.87,5558954
2025-07-07,117.3,117.59,115.74,115.93,4613507
2025-07-08,115.94,117.23,115.1,115.74,4656720
2025-07-09,115.93,116.64,114.2,114.54,7401878
2025-07-10,115.0,115.99,113.65,113.97,6869685
2025-07-11,113.97,114.18,112.1,112.9,6109041
2025-07-14,112.9,113.9,112.15,113.03,4329150
2025-07-15,113.6,116.7,113.18,114.9,13208032
2025-07-17,115.5,116.75,114.25,114.46,10120462
2025-07-18,114.49,115.4,112.75,113.05,4868726
2025-07-21,113.05,116.08,112.1,115.31,7233416
2025-07-22,115.88,116.46,113.9,114.58,8153849
2025-07-23,114.58,115.39,113.85,114.39,7322559
2025-07-24,114.5,115.37,113.01,113.68,4380156
2025-07-25,113.0,113.6,109.0,109.25,9253584
2025-07-28,108.7,111.63,108.26,108.51,6097251
2025-07-29,108.0,110.05,107.15,109.57,5523420
2025-07-30,109.59,110.53,108.45,108.82,3123498
2025-07-31,106.95,109.55,106.61,108.18,5280798
2025-08-01,108.2,109.1,107.0,107.26,4630269
2025-08-04,107.7,111.18,107.0,110.83,5666170
2025-08-05,111.16,111.95,109.75,110.5,4455556
2025-08-06,110.3,110.9,108.5,110.1,4194497
2025-08-07,109.4,110.61,107.1,109.64,9320080
2025-08-08,110.01,110.17,105.0,105.81,8350031
2025-08-11,105.69,109.95,104.61,109.12,12682149
2025-08-12,109.0,109.32,106.53,106.82,5294133
2025-08-13,107.5,108.05,105.64,105.78,3763179
2025-08-14,105.75,106.29,103.0,103.46,5824140
2025-08-18,104.99,106.84,103.13,105.63,6793352
2025-08-19,105.99,106.8,105.28,106.58,3562682
2025-08-20,106.31,107.84,104.82,105.39,5607655
2025-08-21,105.39,107.0,104.1,104.33,5541717
2025-08-22,104.33,105.2,103.5,103.59,3493110
2025-08-25,103.82,105.02,103.03,104.12,7510662
2025-08-26,104.43,104.5,100.55,100.89,9796615
2025-08-28,100.49,101.41,98.42,98.9,7033332
2025-08-29,98.7,99.99,98.0,98.26,5435093
2025-09-01,98.3,100.65,98.3,100.23,5253217
2025-09-02,100.7,103.0,99.7,101.58,6417533
2025-09-03,101.6,103.46,101.4,103.29,5290122
2025-09-04,103.84,104.39,101.5,101.78,5786255
2025-09-05,102.01,102.8,100.76,102.28,3703438
2025-09-08,102.28,103.69,101.62,102.54,5060651
2025-09-09,102.5,103.9,102.15,102.65,4834886
2025-09-10,103.1,106.68,103.1,105.52,11886534
2025-09-11,106.5,109.41,106.0,107.81,17793563
2025-09-12,110.0,110.47,106.03,106.49,27038991
2025-09-15,107.0,109.2,106.6,107.66,10029041
2025-09-16,108.08,109.9,107.38,109.59,10406802
2025-09-17,110.04,110.4,109.44,110.01,6681544
2025-09-18,110.15,111.4,109.34,109.8,7221087
2025-09-19,109.4,111.06,109.32,110.81,6059125
2025-09-22,111.2,117.2,110.81,114.95,34894081
2025-09-23,115.5,115.5,112.31,112.84,8040918
2025-09-24,112.5,113.25,109.85,110.06,8107115
2025-09-25,109.65,112.2,108.94,109.19,7243487
2025-09-26,108.6,109.41,104.7,105.18,6901213
2025-09-29,105.18,108.45,104.96,107.33,7865279
2025-09-30,107.65,108.17,105.84,107.08,4264532
2025-10-01,106.4,110.1,106.4,109.48,10099140
2025-10-03,109.81,113.6,109.21,113.12,11412595
2025-10-06,113.42,113.86,110.64,111.34,6130488
2025-10-07,111.4,113.15,111.02,112.62,6890369
2025-10-08,112.62,112.98,110.5,111.05,5610463
2025-10-09,110.65,114.2,110.63,113.65,9446254
2025-10-10,113.75,115.25,112.41,112.66,8711474
2025-10-13,111.97,114.0,110.63,113.29,7718254
2025-10-14,113.3,113.76,109.25,109.84,9419103
2025-10-15,109.84,112.29,109.1,111.87,6608121
2025-10-16,112.0,114.63,111.68,112.36,9669421
2025-10-17,111.8,112.95,110.21,111.41,6775760
2025-10-20,111.94,113.91,111.11,113.48,7412702
2025-10-21,113.6,114.01,112.26,112.72,1697859
2025-10-23,112.94,113.64,111.0,111.48,5069231
2025-10-24,111.51,113.22,111.4,111.69,5908652
2025-10-27,112.0,112.5,111.01,111.5,4105791
2025-10-28,111.97,111.97,109.81,110.31,5374777
2025-10-29,110.65,116.15,110.36,115.22,19778162
2025-10-30,116.14,118.9,115.11,118.37,24956240
2025-10-31,118.3,119.81,117.05,117.41,11263219
2025-11-03,116.8,118.59,116.58,117.64,6203118
2025-11-04,117.8,117.8,113.74,113.95,6381468
2025-11-06,113.94,115.05,111.1,111.44,5870038
2025-11-07,110.59,114.07,110.3,113.39,7763252
2025-11-10,113.6,114.43,112.22,113.19,5382984
2025-11-11,113.5,113.95,110.81,113.59,6082457
2025-11-12,113.99,115.1,111.8,112.06,6197092
2025-11-13,112.06,113.5,108.3,108.98,16615090
2025-11-14,110.0,116.6,108.31,114.14,37966431
2025-11-17,114.7,117.5,113.7,116.82,15262875
2025-11-18,116.95,117.4,114.8,114.96,9444590
2025-11-19,114.57,114.84,112.55,113.04,6455676
2025-11-20,116.0,117.55,113.8,115.99,40833678
2025-11-21,115.5,115.5,112.3,112.61,10280182
2025-11-24,113.0,118.9,112.66,116.47,55013786
2025-11-25,116.47,118.05,114.67,117.59,12545517
2025-11-26,117.2,119.29,117.2,118.51,11921723
2025-11-27,118.64,119.64,117.0,117.42,8681290
2025-11-28,117.64,118.6,116.5,116.69,5885849
2025-12-01,116.55,118.5,116.16,118.01,6989299
2025-12-02,117.5,117.78,114.57,115.26,5926749
2025-12-03,115.26,115.78,112.51,113.21,6645723
2025-12-04,113.18,114.21,111.85,112.52,6596946
2025-12-05,112.5,112.59,110.71,112.06,5759775
2025-12-08,112.4,113.08,107.06,107.98,10852779
2025-12-09,107.9,108.9,105.65,108.1,9028489
2025-12-10,108.2,109.2,106.15,106.69,6240874
2025-12-11,106.69,108.77,106.34,108.31,5813442
2025-12-12,110.0,110.29,108.32,109.57,10141811
2025-12-15,109.19,116.24,108.5,115.39,32608285
2025-12-16,114.81,115.22,111.1,111.68,9867666
2025-12-17,113.25,113.25,109.16,109.56,12496037
2025-12-18,109.4,109.52,107.0,108.26,10152766
2025-12-19,108.73,114.0,108.45,113.7,17749011
2025-12-22,114.0,117.4,113.14,116.36,13396669
2025-12-23,116.99,117.2,115.62,116.27,6440370
2025-12-24,116.0,117.37,115.5,116.16,5565300
2025-12-26,116.51,122.5,116.16,122.06,45284006
2025-12-29,125.85,125.85,121.7,122.09,34437380
2025-12-30,121.89,122.5,120.72,121.92,10134696
2025-12-31,122.2,123.13,121.42,121.77,5985402
2026-01-01,122.3,123.79,121.21,122.1,8976396
2026-01-02,122.5,123.43,121.51,122.67,8357400
2026-01-05,122.7,124.27,118.52,119.65,12425772
2026-01-06,120.4,120.4,117.75,118.6,8948823
2026-01-07,118.5,118.95,115.2,116.25,9285856
2026-01-08,116.0,116.51,111.5,112.09,10325660
2026-01-09,111.75,112.76,108.76,109.47,13485726
2026-01-12,109.0,109.0,103.93,107.55,18049823
2026-01-13,108.06,108.59,104.19,105.28,14858126
2026-01-14,104.7,106.7,104.58,105.18,10212283
2026-01-16,105.5,106.85,103.0,103.72,12175671
2026-01-19,103.35,104.5,101.72,102.08,10491940
2026-01-20,102.09,102.27,97.45,97.9,16215584
2026-01-21,97.78,98.92,95.51,96.69,17697753
2026-01-22,98.85,100.18,97.31,98.68,11730823
2026-01-23,99.0,99.29,94.62,95.08,13406785
2026-01-27,95.15,97.54,93.78,96.84,10240316
2026-01-28,97.88,99.8,96.91,99.53,11030733
2026-01-29,99.7,101.5,97.82,99.3,14773564
2026-01-30,98.31,100.0,97.6,98.86,8922253
2026-02-01,99.4,101.38,92.89,95.39,14147335
2026-02-02,95.78,97.49,93.5,96.96,8021250
2026-02-03,101.0,102.99,99.0,100.43,10662047
2026-02-04,101.0,104.79,99.85,104.35,15808161
2026-02-05,103.99,103.99,99.75,100.95,10977125
2026-02-06,100.5,100.5,96.85,98.3,13407633
2026-02-09,99.06,102.35,99.06,101.81,10173332
2026-02-10,102.3,102.82,101.7,102.5,743412
2026-02-11,101.49,101.75,100.79,101.02,658235
2026-02-11,101.49,102.13,99.85,101.68,6813203
2026-02-12,101.06,101.49,99.5,100.5,7260515
2026-02-13,100.0,100.12,97.7,98.08,9520535
2026-02-16,98.01,100.65,96.2,99.81,13225540
2026-02-17,99.4,99.98,97.39,98.51,12170149
2026-02-18,98.75,100.17,97.62,98.04,9729228
2026-02-19,98.04,98.67,94.78,95.48,10789982
2026-02-20,95.0,96.38,94.6,94.91,6625030
2026-02-23,95.1,96.49,94.14,95.34,7088081
2026-02-24,95.3,95.34,93.21,94.54,7043891
2026-02-25,94.9,95.93,93.74,94.63,10414932
2026-02-26,94.5,95.5,93.15,94.06,7125794
2026-02-27,94.8,95.39,92.21,92.67,14082018
2026-03-02,86.05,90.82,86.05,89.36,13260337
2026-03-04,87.0,87.26,85.0,85.63,13414288
2026-03-05,86.38,87.3,84.91,86.85,10690095
2026-03-06,86.4,88.39,85.41,85.64,8972368
2026-03-09,83.7,85.0,81.4,84.44,11986742
2026-03-10,86.0,87.5,85.31,87.04,7716371
2026-03-11,87.0,88.39,85.89,86.16,7826947
2026-03-12,85.35,87.98,84.41,86.58,9325823
2026-03-13,85.94,86.31,83.0,83.2,8554912
2026-03-16,83.2,83.75,80.25,82.88,13948339
2026-03-18,83.53,88.68,83.44,88.3,19136270
2026-03-19,86.35,86.76,82.52,83.14,21115461
2026-03-20,84.2,86.3,83.6,83.91,13414557
2026-03-23,82.9,82.96,78.87,79.09,12197511
2026-03-24,82.0,82.67,80.0,81.85,12914765
2026-03-25,83.0,85.35,82.58,84.52,12579198
2026-03-27,83.5,83.69,80.3,80.53,12115051
2026-04-24,93.6,94.18,91.26,93.6,9104317
2026-04-27,94.62,96.5,94.13,95.41,13917958
2026-04-28,95.5,95.88,94.0,94.63,7329263
2026-04-29,94.98,95.72,93.0,93.2,7628032
2026-04-30,93.0,93.0,90.8,91.65,9010740
2026-05-04,92.95,93.71,91.75,92.52,6598368
2026-05-05,92.8,93.2,91.4,92.92,5822486
2026-05-06,94.0,96.6,93.62,94.94,13278543
2026-05-07,95.44,97.35,94.16,96.85,15140136
2026-05-08,97.4,101.95,96.7,100.64,45653530
2026-05-11,100.39,100.47,95.5,95.7,20845127
2026-05-12,95.7,96.36,92.39,92.66,12417621
2026-05-13,92.94,95.5,92.83,94.88,12838455
2026-05-14,96.7,97.0,93.63,95.49,14444893
2026-05-15,95.5,95.74,93.5,93.82,7648496
2026-05-18,92.7,92.7,89.83,91.66,9136004
2026-05-19,91.83,94.16,91.72,93.08,6091227
2026-05-20,92.0,93.27,91.61,93.01,5639016
2026-05-21,94.0,94.62,92.8,93.07,5505477
2026-05-22,93.24,95.65,92.9,94.82,11193155
2026-05-25,95.68,99.5,95.4,96.79,34422254
2026-05-26,97.99,99.78,94.3,95.55,31029229
2026-05-27,95.55,99.86,95.55,99.1,27016586
2026-05-29,99.65,102.67,99.43,100.26,29675566
2026-06-03,104.15,104.19,101.73,102.34,3969681
