date,open,high,low,close,volume
2009-09-30,146.13,154.23,145.33,152.16,19748012
2009-10-01,146.93,156.49,146.93,155.51,3074254
2009-10-05,153.6,155.45,151.55,152.07,919832
2009-10-06,153.31,154.29,150.95,152.65,627957
2009-10-07,153.84,154.76,152.0,152.21,698216
2009-10-08,152.67,157.31,152.27,156.03,788173
2009-10-09,156.8,161.33,155.33,159.42,1047417
2009-10-12,157.87,161.33,156.8,159.43,464697
2009-10-14,159.73,163.7,158.0,158.73,581221
2009-10-15,159.73,160.65,157.34,157.94,301790
2009-10-16,158.49,160.4,157.6,158.8,313011
2009-10-17,165.33,165.33,157.33,158.64,35143
2009-10-20,159.47,160.47,156.27,157.05,156941
2009-10-21,157.87,159.2,154.27,155.48,309098
2009-10-22,155.33,157.92,154.4,155.33,338413
2009-10-23,156.65,157.26,154.83,155.29,216929
2009-10-26,153.51,156.67,152.67,154.19,209553
2009-10-27,153.34,153.34,148.56,152.05,407594
2009-10-28,152.13,152.13,148.13,150.69,243141
2009-10-29,150.03,151.72,148.68,150.97,65246
2009-10-30,152.67,152.67,148.0,149.41,117100
2009-11-03,146.93,150.33,146.93,149.33,179969
2009-11-04,149.99,154.53,149.33,153.45,284546
2009-11-05,150.27,153.87,150.27,153.19,49813
2009-11-06,154.0,155.81,152.83,154.2,295089
2009-11-09,153.34,155.6,153.34,155.34,93970
2009-11-10,154.27,155.99,152.27,153.03,286131
2009-11-11,152.93,158.8,152.72,157.51,325326
2009-11-12,158.67,159.07,156.0,157.68,143567
2009-11-13,156.67,163.16,155.73,159.26,440047
2009-11-16,160.0,160.67,157.77,160.07,114113
2009-11-17,160.0,161.2,159.33,160.61,104357
2009-11-18,160.27,162.79,159.87,161.46,153001
2009-11-19,161.33,162.68,160.15,162.26,83081
2009-11-20,161.88,162.27,160.27,161.75,218820
2009-11-23,161.33,162.32,160.8,161.32,42584
2009-11-24,163.99,163.99,158.67,160.08,36517
2009-11-25,159.76,168.46,158.67,166.22,725321
2009-11-26,165.6,166.13,164.8,165.65,134899
2009-11-27,165.32,167.2,161.6,165.77,171900
2009-11-30,166.07,171.84,166.0,169.59,175633
2009-12-01,170.67,179.18,170.0,176.42,344503
2009-12-02,177.8,183.2,166.7,179.78,284901
2009-12-03,180.23,181.2,170.8,172.3,310227
2009-12-04,173.34,174.66,166.9,167.38,173346
2009-12-07,168.14,170.74,166.8,170.14,76784
2009-12-08,170.0,171.34,168.27,169.1,44266
2009-12-09,168.55,171.34,166.17,166.55,64014
2009-12-10,166.0,167.34,162.97,165.01,128698
2009-12-11,166.39,167.2,164.13,165.55,36703
2009-12-14,166.64,167.47,161.47,165.34,33757
2009-12-15,166.0,166.64,160.0,165.35,236248
2009-12-16,165.33,167.34,164.03,164.74,19460
2009-12-17,165.87,165.87,164.67,165.14,66167
2009-12-18,164.8,169.2,164.04,166.92,45635
2009-12-21,166.97,167.87,162.97,164.41,33216
2009-12-22,165.33,165.33,162.67,164.05,31655
2009-12-23,164.05,167.34,164.0,165.62,32708
2009-12-24,166.53,167.72,166.01,166.96,20814
2009-12-29,167.2,169.59,166.04,168.52,157968
2009-12-30,168.54,169.32,164.0,165.5,24049
2009-12-31,168.4,168.67,165.2,165.59,24639
2010-01-04,167.99,167.99,164.67,165.37,41769
2010-01-05,167.94,168.67,164.94,166.74,129799
2010-01-06,167.35,169.07,165.67,166.51,63129
2010-01-07,166.15,167.34,164.17,165.52,36209
2010-01-08,166.52,169.07,164.0,168.4,64337
2010-01-11,168.94,169.96,166.67,167.97,54451
2010-01-12,168.0,168.67,164.66,165.34,36010
2010-01-13,163.51,167.87,163.51,166.09,31814
2010-01-14,166.68,169.34,166.4,167.88,96901
2010-01-15,167.34,169.06,165.33,165.4,36573
2010-01-18,166.67,166.67,163.6,164.48,37890
2010-01-19,165.29,165.67,163.47,163.78,19680
2010-01-20,164.67,166.32,162.27,162.68,29826
2010-01-21,163.68,164.93,158.8,159.75,43326
2010-01-22,158.67,159.73,154.67,158.97,110104
2010-01-25,158.68,158.87,155.62,157.92,72505
2010-01-27,157.92,158.67,155.49,156.07,54098
2010-01-28,156.67,162.08,154.95,155.92,140230
2010-01-29,156.28,156.28,148.93,149.63,116076
2010-02-01,150.0,153.87,150.0,152.76,178368
2010-02-02,153.33,155.33,153.33,154.72,86896
2010-02-03,155.47,159.6,155.47,158.86,148002
2010-02-04,159.2,165.15,156.75,158.13,164218
2010-02-05,156.0,156.0,153.6,154.91,53140
2010-02-06,155.33,156.67,154.67,156.03,7721
2010-02-08,153.64,156.27,153.33,154.0,36319
2010-02-09,153.91,158.8,153.33,158.27,46606
2010-02-10,157.37,158.0,154.85,155.57,27007
2010-02-11,156.67,156.67,154.67,155.24,12727
2010-02-15,155.33,155.88,152.17,152.99,72336
2010-02-16,152.67,154.27,152.57,153.26,39360
2010-02-17,154.27,155.99,151.85,152.65,155228
2010-02-18,153.33,154.13,152.69,153.07,26585
2010-02-19,150.93,153.82,150.93,153.01,78275
2010-02-22,153.47,155.33,152.83,152.97,16439
2010-02-23,150.87,153.87,150.87,151.56,24412
2010-02-24,151.74,155.33,151.07,152.88,18255
2010-02-25,153.6,154.53,152.42,153.65,13464
2010-02-26,154.0,155.33,152.93,154.39,51024
2010-03-02,154.68,154.68,151.33,151.79,60927
2010-03-03,152.0,157.07,151.73,153.25,287125
2010-03-04,153.33,155.17,151.33,152.02,415723
2010-03-05,154.21,154.21,150.6,151.93,137559
2010-03-08,153.71,153.84,150.67,151.11,378523
2010-03-09,151.07,152.0,149.33,149.58,269582
2010-03-10,152.0,153.07,149.47,150.06,49961
2010-03-11,150.27,151.33,149.49,150.8,27167
2010-03-12,150.4,151.73,150.01,150.26,78785
2010-03-15,150.27,152.73,149.07,151.57,148546
2010-03-16,150.68,153.6,150.27,152.09,308703
2010-03-17,152.13,153.18,148.67,148.87,69041
2010-03-18,148.93,151.11,148.69,149.04,43590
2010-03-19,148.01,149.99,147.47,148.25,150440
2010-03-22,148.0,148.0,146.81,147.53,142867
2010-03-23,149.2,149.87,146.7,147.78,67778
2010-03-25,148.27,149.46,148.04,149.11,186416
2010-03-26,149.35,151.37,148.28,150.48,53058
2010-03-29,149.07,152.73,149.07,152.38,64636
2010-03-30,153.11,154.4,152.0,154.1,43625
2010-03-31,153.63,155.33,148.67,153.97,72053
2010-04-01,150.8,155.2,150.8,153.33,84145
2010-04-05,151.33,154.3,150.84,154.01,141240
2010-04-06,154.0,155.74,153.33,153.66,52446
2010-04-07,155.06,155.33,152.67,153.22,62676
2010-04-08,152.84,154.13,152.27,153.21,101108
2010-04-09,153.33,153.6,152.0,152.93,85349
2010-04-12,150.93,153.1,149.2,150.2,144683
2010-04-13,150.13,152.53,149.75,152.28,33784
2010-04-15,152.73,153.57,151.47,152.79,203767
2010-04-16,149.35,153.6,149.35,152.11,87683
2010-04-19,152.0,152.0,148.67,149.09,27088
2010-04-20,149.0,150.93,148.17,149.03,72241
2010-04-21,149.33,153.2,149.33,151.84,43893
2010-04-22,152.67,153.2,149.67,150.07,24835
2010-04-23,153.07,153.07,148.13,149.81,114339
2010-04-26,149.33,152.0,139.68,149.37,21465
2010-04-27,151.04,151.74,149.37,150.94,16272
2010-04-28,150.0,151.57,148.67,149.55,12350
2010-04-29,149.33,150.53,149.33,149.61,6109
2010-04-30,150.93,150.93,148.4,148.96,38842
2010-05-03,148.13,150.36,147.49,149.24,12864
2010-05-04,150.52,151.2,148.91,150.02,65846
2010-05-05,147.47,149.99,147.47,149.59,17513
2010-05-06,149.33,154.67,149.07,152.26,757863
2010-05-07,151.33,154.0,149.6,150.49,43714
2010-05-10,150.27,152.0,150.11,150.65,20215
2010-05-11,151.32,152.0,149.33,151.48,21793
2010-05-12,150.67,155.86,150.0,155.22,209248
2010-05-13,155.33,156.4,153.34,155.71,22974
2010-05-14,159.33,159.33,153.35,156.81,67081
2010-05-17,154.52,157.6,153.03,156.51,59510
2010-05-18,156.0,156.93,155.22,156.18,14441
2010-05-19,155.97,156.13,151.58,155.03,17622
2010-05-20,162.77,169.34,162.77,167.97,550559
2010-05-21,163.33,170.0,160.0,167.14,503039
2010-05-24,166.02,173.2,162.53,163.65,23667
2010-05-25,160.15,165.47,160.15,164.75,147944
2010-05-26,166.27,167.02,162.95,165.07,59942
2010-05-27,168.67,170.4,166.38,168.8,105235
2010-05-28,169.06,169.34,166.14,167.86,24935
2010-05-31,168.0,169.6,166.67,168.59,95124
2010-06-01,169.34,169.34,168.0,168.78,40692
2010-06-02,168.0,170.79,168.0,170.22,251129
2010-06-03,171.93,176.54,167.07,175.24,100694
2010-06-04,176.67,180.0,170.21,173.15,137020
2010-06-07,171.34,175.34,165.35,169.48,217615
2010-06-08,167.46,171.2,165.53,169.54,31340
2010-06-09,168.67,176.67,167.34,173.82,279889
2010-06-10,173.2,175.33,171.38,172.84,44648
2010-06-11,172.08,174.4,169.34,170.73,134019
2010-06-14,169.76,180.0,167.34,179.2,277317
2010-06-15,179.2,179.2,171.2,171.78,62335
2010-06-16,172.02,174.0,168.0,168.98,68366
2010-06-17,168.03,172.0,167.21,168.84,46335
2010-06-18,168.04,170.62,167.48,168.92,27207
2010-06-21,170.0,172.0,168.27,168.73,47171
2010-06-22,168.27,174.4,168.27,170.58,60860
2010-06-23,170.58,175.07,170.58,173.14,51734
2010-06-24,173.34,175.0,171.47,173.98,74610
2010-06-25,174.67,185.74,172.54,181.29,511865
2010-06-28,182.67,208.0,178.68,184.12,2215874
2010-06-29,185.2,192.44,182.14,190.78,1105877
2010-06-30,187.4,196.98,186.88,192.32,1036529
2010-07-01,191.2,196.67,190.68,192.46,649888
2010-07-02,193.18,196.94,188.14,190.62,214442
2010-07-05,192.54,192.54,187.34,188.12,101812
2010-07-06,188.14,190.8,187.34,189.86,144896
2010-07-07,190.27,190.63,185.5,186.12,123398
2010-07-08,188.0,192.27,186.27,187.55,181848
2010-07-09,189.07,190.36,184.27,184.99,167416
2010-07-12,186.52,187.2,180.67,181.68,143284
2010-07-13,181.86,186.67,177.62,183.18,121469
2010-07-14,183.48,186.67,179.35,180.89,264044
2010-07-15,182.67,182.77,175.4,179.44,170251
2010-07-16,178.67,181.74,178.15,179.97,210144
2010-07-19,179.2,180.51,177.34,177.85,149528
2010-07-20,179.6,179.6,176.94,178.06,123409
2010-07-21,179.04,179.87,176.67,177.94,96010
2010-07-22,178.64,178.67,176.82,178.44,51728
2010-07-23,178.67,181.6,177.87,180.3,183931
2010-07-26,178.68,181.31,178.06,178.58,36023
2010-07-27,177.74,181.36,177.34,179.46,116617
2010-07-28,178.67,182.67,178.0,182.25,70901
2010-07-29,181.34,184.63,180.28,183.82,64067
2010-07-30,181.37,189.03,181.37,187.96,77178
2010-08-02,187.96,190.0,183.36,184.64,51044
2010-08-03,185.34,186.67,183.34,184.64,26067
2010-08-04,183.35,187.34,183.35,186.08,88695
2010-08-05,186.54,189.07,184.04,185.36,41492
2010-08-06,184.67,189.34,182.67,186.51,90092
2010-08-09,186.69,188.5,183.87,184.73,31710
2010-08-10,184.67,184.94,181.49,182.3,31825
2010-08-11,183.44,185.74,182.16,183.16,45181
2010-08-12,183.34,187.6,180.42,186.69,67542
2010-08-13,185.35,187.87,184.15,185.34,36587
2010-08-16,186.54,186.54,183.34,185.4,24651
2010-08-17,186.4,193.99,184.84,192.86,318651
2010-08-18,194.51,196.27,189.48,190.99,201032
2010-08-19,191.47,193.73,189.2,191.96,72771
2010-08-20,190.14,193.47,189.35,192.16,29834
2010-08-23,192.67,197.34,190.02,196.75,218668
2010-08-24,197.34,197.87,188.16,190.24,124843
2010-08-25,189.47,192.27,185.34,190.17,56653
2010-08-26,190.7,194.67,190.7,192.75,46829
2010-08-27,190.95,196.69,190.95,195.9,136331
2010-08-30,194.67,198.28,193.35,194.14,39222
2010-08-31,193.32,196.0,192.68,193.96,27935
2010-09-01,192.67,197.87,192.3,196.16,56076
2010-09-02,194.96,196.67,191.47,192.66,17020
2010-09-03,193.87,196.27,192.68,193.62,20691
2010-09-06,195.31,197.07,193.35,196.12,32846
2010-09-07,198.4,203.34,194.82,198.75,102103
2010-09-08,197.34,208.94,197.34,206.24,137040
2010-09-09,206.4,206.4,202.67,204.8,34529
2010-09-13,207.74,212.39,205.68,210.87,110701
2010-09-14,212.0,215.87,208.3,211.3,151174
2010-09-15,213.87,217.34,211.34,216.0,137487
2010-09-16,207.37,216.54,206.67,211.01,114289
2010-09-17,212.27,212.54,207.47,209.11,80389
2010-09-20,213.25,213.25,205.16,206.34,88742
2010-09-21,207.34,210.54,200.4,202.24,191320
2010-09-22,202.43,206.37,198.31,201.27,151618
2010-09-23,202.0,202.94,198.08,200.6,101555
2010-09-24,201.34,203.85,197.65,201.38,123764
2010-09-27,203.2,205.34,202.2,203.48,91992
2010-09-28,204.26,206.94,200.4,205.92,54708
2010-09-29,206.5,206.5,202.91,204.02,58287
2010-09-30,204.0,205.34,198.8,200.3,45914
2010-10-01,202.0,204.94,201.94,203.96,47223
2010-10-04,204.0,205.46,198.02,199.78,163412
2010-10-05,198.67,202.14,198.0,199.02,127713
2010-10-06,200.0,202.53,196.67,197.39,379755
2010-10-07,196.02,199.84,195.41,198.71,68677
2010-10-08,198.71,201.33,196.67,198.12,31420
2010-10-11,199.84,200.0,196.8,197.35,34187
2010-10-12,199.87,199.96,194.04,195.42,31503
2010-10-13,197.34,198.66,196.0,196.44,361551
2010-10-14,196.44,197.87,179.16,192.62,72283
2010-10-15,193.34,194.0,190.2,191.28,27068
2010-10-18,193.02,193.02,186.15,189.59,41937
2010-10-19,189.36,196.94,189.36,195.2,87189
2010-10-20,196.0,196.66,192.67,193.62,18608
2010-10-21,195.2,195.2,192.36,193.34,13132
2010-10-22,194.02,195.19,193.48,194.64,12856
2010-10-25,185.49,195.98,185.49,195.44,23086
2010-10-26,194.14,194.94,191.34,191.58,51095
2010-10-27,191.2,192.62,186.8,187.2,47219
2010-10-28,187.07,189.96,178.22,188.51,85903
2010-10-29,186.42,196.0,186.02,193.34,61026
2010-11-01,193.4,196.94,189.34,191.0,36953
2010-11-02,193.34,196.0,190.0,194.16,41657
2010-11-03,195.66,195.72,192.67,193.4,28065
2010-11-04,194.66,195.47,192.0,193.63,55981
2010-11-05,194.67,195.32,193.68,194.65,6162
2010-11-08,194.67,195.14,191.74,193.7,15247
2010-11-09,196.39,196.39,191.8,193.5,19156
2010-11-10,193.6,195.3,192.0,192.51,40323
2010-11-11,194.67,195.14,188.71,189.42,22382
2010-11-12,193.99,195.07,184.67,185.71,154410
2010-11-15,187.34,190.38,187.34,189.05,105299
2010-11-16,188.54,190.65,185.34,187.3,99045
2010-11-18,187.38,189.34,184.94,186.37,93502
2010-11-19,189.07,189.07,185.34,186.81,634902
2010-11-22,190.0,193.34,185.63,186.23,15311
2010-11-23,178.0,186.52,178.0,183.84,19770
2010-11-24,178.7,187.96,178.7,186.66,91347
2010-11-25,180.74,187.8,180.74,185.25,30143
2010-11-26,182.02,186.67,178.67,184.14,44240
2010-11-29,184.01,186.0,181.49,184.12,29869
2010-11-30,183.34,185.06,182.28,183.63,15816
2010-12-01,185.8,189.43,183.62,187.72,36465
2010-12-02,193.34,196.54,188.67,189.39,42334
2010-12-03,190.9,191.94,188.34,189.18,68431
2010-12-06,190.8,193.34,188.48,189.13,25452
2010-12-07,193.04,193.04,187.54,190.2,52677
2010-12-08,190.4,191.96,188.0,188.9,198485
2010-12-09,185.47,191.34,184.67,185.85,25588
2010-12-10,178.0,185.74,178.0,184.66,255557
2010-12-13,187.34,187.34,183.62,184.85,24744
2010-12-14,186.0,188.74,184.3,184.79,39000
2010-12-15,188.0,190.44,183.5,184.6,58738
2010-12-16,186.54,189.07,182.95,185.1,45850
2010-12-20,183.87,184.67,180.67,181.92,177293
2010-12-21,181.34,186.25,180.68,184.56,216229
2010-12-22,185.34,187.2,182.82,184.66,30150
2010-12-23,186.67,189.2,184.17,185.88,47784
2010-12-24,184.54,187.2,182.96,186.66,32611
2010-12-27,186.67,187.07,185.07,185.81,10538
2010-12-28,185.87,189.21,185.87,186.58,50319
2010-12-29,189.2,189.2,186.06,186.66,39766
2010-12-30,186.68,187.72,185.47,186.48,18439
2010-12-31,185.08,189.6,185.08,188.16,76705
2011-01-03,187.73,189.07,185.37,188.42,37047
2011-01-04,188.91,190.52,188.0,189.24,40213
2011-01-05,186.8,189.15,185.62,186.08,27285
2011-01-06,186.0,187.64,182.0,182.4,140075
2011-01-07,182.54,184.92,175.34,177.91,34842
2011-01-10,179.87,197.76,174.8,175.78,47180
2011-01-11,175.34,179.34,174.29,177.77,43029
2011-01-12,179.03,179.46,173.74,174.62,50648
2011-01-13,175.07,176.15,174.28,175.74,17215
2011-01-14,176.27,176.8,173.49,174.95,16189
2011-01-17,169.74,176.74,169.74,174.63,12369
2011-01-18,173.47,176.78,173.47,174.36,26267
2011-01-19,175.2,176.0,174.14,174.66,231219
2011-01-20,172.0,175.94,170.31,171.32,70395
2011-01-21,171.32,172.34,166.4,166.98,27438
2011-01-24,140.0,169.34,140.0,168.89,10771
2011-01-25,168.67,202.66,168.03,169.85,63367
2011-01-27,166.94,171.06,166.94,168.3,15149
2011-01-28,168.27,169.32,165.07,167.28,160056
2011-01-31,164.15,174.07,164.15,171.76,129524
2011-02-01,167.34,175.98,167.34,170.49,25989
2011-02-02,171.39,172.54,167.55,171.76,45848
2011-02-03,171.86,173.34,169.34,172.22,41301
2011-02-04,169.64,175.34,169.64,174.03,41786
2011-02-07,174.67,179.34,172.16,177.29,38964
2011-02-08,176.67,178.94,172.81,173.5,186090
2011-02-09,177.2,177.2,166.97,173.46,27272
2011-02-10,170.0,174.63,170.0,172.07,149893
2011-02-11,172.67,173.27,168.0,169.01,66013
2011-02-14,171.03,173.26,169.83,171.74,55013
2011-02-15,173.3,173.37,171.34,171.58,55579
2011-02-16,172.11,172.67,169.87,171.71,8794
2011-02-17,172.78,174.0,170.15,171.3,9634
2011-02-18,173.3,173.3,170.0,171.03,79650
2011-02-21,172.27,172.27,169.34,170.0,99620
2011-02-22,171.18,171.18,162.69,164.54,129627
2011-02-23,164.4,166.38,161.89,165.35,35773
2011-02-24,165.33,165.33,162.67,163.37,145695
2011-02-25,162.0,164.65,160.67,162.59,45120
2011-02-28,163.33,167.2,162.27,164.88,50859
2011-03-01,162.27,166.48,162.27,165.02,65737
2011-03-03,161.73,167.65,161.73,165.77,72717
2011-03-04,165.87,167.07,164.69,165.61,34686
2011-03-07,165.61,167.6,163.47,165.45,20232
2011-03-08,164.67,167.2,164.67,165.95,39947
2011-03-09,162.83,167.18,162.83,164.01,50350
2011-03-10,165.33,171.18,163.35,167.24,35368
2011-03-11,166.67,170.67,166.0,170.03,96880
2011-03-14,171.18,172.83,168.0,171.28,33310
2011-03-15,169.47,169.47,167.07,167.63,82052
2011-03-16,169.44,172.8,167.09,170.52,19207
2011-03-17,170.67,172.65,167.84,170.16,18445
2011-03-18,167.09,170.38,166.67,167.68,29488
2011-03-21,167.16,171.67,165.34,165.93,14722
2011-03-22,156.88,173.9,156.88,169.08,38426
2011-03-23,169.35,173.34,169.35,172.32,26558
2011-03-24,171.6,173.2,170.68,171.7,32892
2011-03-25,170.4,174.8,170.4,173.77,52702
2011-03-28,173.74,176.66,172.27,175.48,16194
2011-03-29,175.26,177.32,171.61,172.18,21389
2011-03-30,172.67,174.14,170.94,173.22,73406
2011-03-31,169.47,178.67,169.47,174.97,45514
2011-04-01,176.66,176.66,172.14,175.21,162366
2011-04-04,174.8,179.08,174.8,178.69,75890
2011-04-05,181.18,181.18,174.95,176.34,64879
2011-04-06,179.52,181.34,176.0,179.44,94398
2011-04-07,181.07,181.31,178.16,179.28,38745
2011-04-08,181.34,181.34,172.67,173.54,54096
2011-04-11,176.67,176.67,171.36,171.87,12155
2011-04-13,172.0,175.98,172.0,175.38,20955
2011-04-15,174.67,175.33,170.89,174.7,16227
2011-04-18,172.93,176.34,170.88,171.72,87731
2011-04-19,172.47,173.47,170.04,171.85,60780
2011-04-20,172.4,177.01,171.74,174.85,39562
2011-04-21,174.45,179.74,172.0,178.72,99361
2011-04-25,179.35,182.11,177.68,179.55,67116
2011-04-26,180.94,180.94,178.71,179.84,45951
2011-04-27,178.67,185.34,174.85,184.89,71296
2011-04-28,184.54,188.0,183.07,186.26,212591
2011-04-29,186.67,189.87,184.15,186.27,158503
2011-05-02,181.5,184.4,178.14,180.02,28468
2011-05-03,176.77,183.6,176.77,179.71,49363
2011-05-04,182.95,184.8,178.68,182.95,93349
2011-05-05,177.46,185.85,177.46,181.14,77572
2011-05-06,181.2,184.67,181.2,184.07,22019
2011-05-09,184.67,184.67,180.0,180.98,9782
2011-05-10,175.55,187.34,175.55,184.65,124617
2011-05-11,184.14,186.67,182.85,186.0,192445
2011-05-12,185.2,186.67,181.5,183.48,22970
2011-05-13,185.29,185.34,183.94,184.31,33375
2011-05-16,186.67,186.67,181.34,181.56,10674
2011-05-17,182.66,182.66,171.34,172.08,66074
2011-05-18,172.14,177.2,170.0,175.94,102623
2011-05-19,176.14,179.99,174.67,177.44,27895
2011-05-20,176.94,178.54,170.15,173.76,118639
2011-05-23,172.67,173.67,170.04,171.05,40854
2011-05-24,171.15,173.74,166.84,168.19,95834
2011-05-25,168.67,169.27,165.91,166.62,72641
2011-05-26,167.36,169.2,165.54,166.23,68121
2011-05-27,167.46,169.33,166.27,168.72,76996
2011-05-30,169.34,171.17,168.0,169.0,22046
2011-05-31,168.67,172.66,166.98,171.31,53703
2011-06-01,174.31,179.83,171.74,175.32,76485
2011-06-02,172.08,176.0,172.08,173.56,29463
2011-06-03,173.47,175.34,172.08,173.15,19232
2011-06-06,173.34,175.14,171.34,171.88,6255
2011-06-07,173.34,174.4,170.68,172.6,113561
2011-06-08,172.54,173.83,169.6,170.1,57000
2011-06-09,170.94,171.44,167.4,168.64,71048
2011-06-10,168.9,170.91,168.08,169.05,84916
2011-06-13,169.07,172.0,167.34,170.49,22276
2011-06-14,168.84,172.96,168.0,169.34,74514
2011-06-15,169.83,171.34,167.68,170.44,91277
2011-06-16,170.67,171.99,167.54,170.41,69196
2011-06-17,168.21,171.6,167.74,168.51,78402
2011-06-20,169.34,171.87,166.4,167.09,38679
2011-06-21,168.0,169.34,165.51,166.11,28774
2011-06-22,169.11,169.11,166.67,168.0,51741
2011-06-23,168.0,171.18,166.67,168.92,23974
2011-06-24,169.87,172.8,169.77,171.56,36755
2011-06-27,177.87,182.24,177.87,180.7,322175
2011-06-28,181.34,181.86,177.48,178.82,54787
2011-06-29,178.68,180.0,177.74,177.93,28282
2011-06-30,179.34,179.34,171.99,173.04,58040
2011-07-01,174.97,176.99,173.66,174.72,17178
2011-07-04,171.74,178.94,171.74,178.16,50896
2011-07-05,172.14,178.4,172.14,174.03,49466
2011-07-06,172.0,175.67,171.34,172.23,19746
2011-07-07,172.74,173.54,171.34,171.93,31422
2011-07-08,173.2,173.2,169.08,169.5,57672
2011-07-11,169.2,171.32,169.08,169.46,61088
2011-07-12,169.34,172.67,168.66,170.94,21937
2011-07-13,171.9,173.34,171.1,172.83,25199
2011-07-14,172.94,176.67,172.94,175.7,71450
2011-07-15,174.84,176.0,173.6,174.65,23253
2011-07-18,173.07,174.4,170.67,170.92,24304
2011-07-19,172.92,172.92,170.02,170.38,27497
2011-07-20,170.8,173.07,168.74,170.43,22412
2011-07-21,171.18,182.02,168.67,169.24,67966
2011-07-22,170.0,171.2,169.07,169.85,87957
2011-07-25,170.66,173.47,169.34,172.98,26743
2011-07-26,172.67,174.63,168.01,168.59,38589
2011-07-27,169.07,171.62,166.94,167.89,194367
2011-07-28,167.89,173.96,167.34,173.36,125941
2011-07-29,173.34,176.67,172.67,175.48,77017
2011-08-01,175.62,177.19,172.0,172.45,45324
2011-08-02,169.47,173.32,169.47,171.31,20070
2011-08-03,174.4,174.4,168.8,173.4,20429
2011-08-04,174.54,176.0,172.95,174.11,36402
2011-08-05,173.6,177.31,167.35,176.18,58200
2011-08-08,173.34,180.68,168.82,179.63,88553
2011-08-09,181.31,181.34,174.7,180.37,92443
2011-08-10,180.67,182.93,177.74,178.72,32504
2011-08-11,178.67,181.87,177.47,179.6,82069
2011-08-12,181.2,182.0,178.67,180.0,120335
2011-08-16,179.34,182.54,175.35,176.6,34396
2011-08-17,176.0,177.98,174.87,175.94,74795
2011-08-18,176.07,176.2,174.69,175.68,87662
2011-08-19,176.67,176.67,172.71,174.77,57771
2011-08-22,173.6,178.4,173.4,176.72,16129
2011-08-23,175.62,177.71,175.62,177.12,30007
2011-08-24,175.34,178.0,174.8,175.91,22667
2011-08-25,173.75,176.27,173.64,174.67,34436
2011-08-26,174.8,176.41,173.5,174.21,22880
2011-08-29,174.67,176.0,172.74,173.29,52813
2011-08-30,176.67,176.67,172.53,173.6,61103
2011-09-02,174.54,176.24,171.88,173.26,51398
2011-09-05,173.34,173.34,170.94,171.58,18527
2011-09-06,172.98,173.17,169.62,171.95,70587
2011-09-07,171.95,173.73,171.95,172.94,35592
2011-09-08,174.67,177.32,173.07,175.89,99647
2011-09-09,176.67,176.94,174.68,175.94,46376
2011-09-12,173.47,175.74,172.68,174.15,14424
2011-09-13,175.47,175.7,173.75,174.31,14892
2011-09-14,173.58,176.67,173.58,175.32,89468
2011-09-15,175.6,175.6,171.34,174.49,32560
2011-09-16,177.31,185.34,174.95,183.1,295587
2011-09-19,181.18,181.18,176.0,178.58,58530
2011-09-20,177.34,177.34,174.04,176.67,92806
2011-09-21,174.14,179.46,174.02,176.63,25439
2011-09-22,175.34,178.0,175.01,175.73,25611
2011-09-23,174.67,175.98,170.68,174.58,21118
2011-09-26,174.94,176.67,172.27,173.38,17886
2011-09-27,173.38,176.64,173.38,175.48,35203
2011-09-28,173.52,179.06,173.52,178.58,160439
2011-09-29,177.67,180.0,175.64,179.32,171292
2011-09-30,178.14,180.0,176.68,179.92,193139
2011-10-03,178.67,180.01,176.16,178.46,32417
2011-10-04,176.67,179.72,175.6,176.01,220331
2011-10-05,175.87,178.8,173.62,173.71,11819
2011-10-07,176.0,179.86,174.97,176.98,56652
2011-10-10,176.94,177.36,174.0,176.72,157845
2011-10-11,179.2,179.86,172.68,173.34,52273
2011-10-12,173.51,175.73,172.97,174.82,90093
2011-10-13,175.32,176.66,173.63,175.5,125587
2011-10-14,173.6,175.51,172.16,173.17,35709
2011-10-17,173.34,175.38,171.34,171.81,25255
2011-10-18,173.19,174.4,168.81,170.0,66981
2011-10-19,170.54,172.4,168.68,170.36,24502
2011-10-20,169.47,172.0,167.62,169.75,76175
2011-10-21,168.8,171.2,168.8,170.06,11225
2011-10-24,170.06,173.06,170.06,172.08,121680
2011-10-25,172.0,173.92,169.72,172.77,14071
2011-10-26,173.2,173.34,172.14,172.92,2211
2011-10-28,173.57,178.14,173.34,174.0,27799
2011-10-31,174.0,174.94,172.0,173.18,49147
2011-11-01,171.74,174.0,167.76,169.33,45987
2011-11-02,168.4,173.32,168.0,172.13,44019
2011-11-03,172.14,174.14,170.16,173.11,17726
2011-11-04,173.34,175.04,173.34,174.2,26482
2011-11-08,176.67,177.07,173.74,173.98,32288
2011-11-09,175.07,175.07,169.56,170.12,47195
2011-11-11,170.3,175.2,169.88,172.09,36221
2011-11-14,174.67,175.06,170.8,171.95,73066
2011-11-15,172.0,173.2,169.6,170.46,35077
2011-11-16,171.74,171.74,168.0,168.82,48286
2011-11-17,167.34,170.27,164.08,165.12,64264
2011-11-18,164.67,164.67,160.0,162.84,95710
2011-11-21,161.38,163.33,159.73,160.4,69304
2011-11-22,158.0,161.6,157.35,159.36,36781
2011-11-23,159.2,159.2,153.47,154.43,85648
2011-11-24,157.86,158.65,147.58,156.24,50074
2011-11-25,155.47,158.0,151.98,155.77,64308
2011-11-28,156.67,160.8,152.26,154.72,141231
2011-11-29,156.9,157.33,152.13,152.85,77537
2011-11-30,153.33,153.33,150.15,151.36,60261
2011-12-01,154.31,154.63,149.47,151.4,232092
2011-12-02,150.94,153.94,148.67,152.37,95633
2011-12-05,150.67,154.13,149.33,153.57,143317
2011-12-07,154.92,159.47,153.34,158.44,58569
2011-12-08,158.29,158.93,155.35,157.16,49839
2011-12-09,155.36,159.45,154.93,158.69,46464
2011-12-12,158.8,159.07,151.47,152.76,108075
2011-12-13,150.29,153.99,150.01,152.19,56698
2011-12-14,151.87,153.45,150.67,152.94,121199
2011-12-15,152.93,158.4,151.12,156.87,133588
2011-12-16,156.15,158.35,155.6,156.54,51730
2011-12-19,156.55,158.0,149.33,153.77,42884
2011-12-20,154.67,155.33,152.2,153.93,61574
2011-12-21,154.95,156.13,153.47,154.58,40998
2011-12-22,154.81,156.0,153.6,155.53,57627
2011-12-23,155.87,157.33,154.27,155.94,24679
2011-12-26,156.13,157.92,155.33,155.78,60849
2011-12-27,155.6,156.12,153.93,154.43,78677
2011-12-28,154.26,158.32,153.93,154.45,37914
2011-12-29,154.45,157.2,154.45,156.33,24245
2011-12-30,156.66,160.0,154.97,158.49,86441
2012-01-02,158.67,159.87,154.03,156.79,59207
2012-01-03,154.67,154.67,151.33,151.78,158299
2012-01-04,151.52,153.07,150.01,150.65,160880
2012-01-05,151.35,152.0,149.51,150.03,96528
2012-01-06,149.73,150.4,148.53,148.86,95663
2012-01-07,149.33,150.0,148.67,149.33,1921
2012-01-09,149.47,149.47,147.6,148.01,66327
2012-01-10,148.07,149.33,147.35,147.99,184172
2012-01-11,148.13,148.4,146.93,147.13,49537
2012-01-12,146.95,150.73,146.8,149.89,227359
2012-01-13,150.21,155.47,150.21,154.56,209176
2012-01-16,154.68,156.02,153.07,155.64,49291
2012-01-17,156.0,156.0,150.15,152.86,67932
2012-01-18,151.6,155.33,151.6,153.56,61952
2012-01-19,153.33,155.31,150.27,153.41,68634
2012-01-20,154.47,154.47,153.07,153.83,64724
2012-01-23,152.83,157.07,151.33,155.95,18784
2012-01-24,156.53,157.97,154.67,157.18,39666
2012-01-25,157.34,159.33,157.33,158.71,57971
2012-01-27,159.47,161.29,158.67,160.07,57756
2012-01-30,160.0,163.2,159.61,160.25,94263
2012-01-31,160.01,163.4,158.05,161.53,60321
2012-02-01,162.06,163.2,158.84,159.47,73478
2012-02-02,157.35,164.93,156.17,162.37,134156
2012-02-03,167.34,173.34,165.67,167.93,305832
2012-02-06,170.67,174.39,168.67,171.92,202814
2012-02-07,172.54,173.24,170.02,170.54,85007
2012-02-08,171.34,172.67,170.67,172.26,54997
2012-02-09,172.26,174.46,171.48,172.52,42282
2012-02-10,173.87,179.83,169.8,176.18,281388
2012-02-13,179.86,181.47,173.87,174.8,381679
2012-02-14,174.81,176.65,172.15,173.14,163018
2012-02-15,173.51,174.6,172.27,173.34,186970
2012-02-16,172.68,176.59,172.67,175.38,82401
2012-02-17,176.12,177.06,174.67,175.7,76818
2012-02-21,179.34,179.34,173.47,175.52,110939
2012-02-22,175.86,177.07,173.6,174.1,82069
2012-02-23,174.67,175.32,169.35,170.98,83422
2012-02-24,173.06,173.86,169.58,170.31,55235
2012-02-27,169.34,170.47,165.2,165.71,52044
2012-02-28,166.01,169.07,165.2,168.43,49404
2012-02-29,168.72,173.34,165.34,171.06,138779
2012-03-01,170.68,174.54,168.01,168.9,115141
2012-03-02,167.35,170.13,167.35,169.18,45160
2012-03-03,169.29,170.0,168.28,169.0,3393
2012-03-05,169.59,169.86,167.47,169.35,92943
2012-03-06,169.36,171.94,168.0,168.14,46809
2012-03-07,170.67,173.34,167.09,170.25,53140
2012-03-09,170.67,171.14,169.36,170.34,28448
2012-03-12,171.34,172.27,168.0,169.52,30638
2012-03-13,168.42,170.73,168.42,169.27,26978
2012-03-14,169.47,170.94,169.01,169.32,73941
2012-03-15,171.73,171.73,168.15,169.16,52598
2012-03-16,168.43,169.85,158.67,161.61,259677
2012-03-19,161.08,163.2,158.82,161.87,83889
2012-03-20,162.0,166.66,161.86,166.09,51801
2012-03-21,166.0,169.2,165.49,167.22,57626
2012-03-22,168.67,169.32,165.01,165.43,134700
2012-03-23,166.67,168.31,164.69,165.33,148609
2012-03-26,167.47,168.67,166.0,167.51,171145
2012-03-27,168.0,169.6,167.34,168.97,96211
2012-03-28,169.0,169.35,161.47,164.96,162902
2012-03-29,161.35,162.32,155.0,158.77,615208
2012-03-30,159.98,175.67,156.75,169.9,768424
2012-04-02,167.67,169.8,163.33,164.35,193315
2012-04-03,165.0,166.67,164.0,165.83,86294
2012-04-04,164.37,166.67,164.03,164.77,73242
2012-04-09,165.0,165.0,159.17,160.5,78589
2012-04-10,161.67,161.67,157.0,157.35,75751
2012-04-11,157.68,157.7,153.67,154.6,117773
2012-04-12,154.33,158.28,153.67,154.33,170053
2012-04-13,154.98,158.72,153.52,154.03,106691
2012-04-16,154.98,155.67,152.67,153.05,92312
2012-04-17,153.5,156.0,150.83,155.0,62698
2012-04-18,155.33,158.8,155.33,156.0,88594
2012-04-19,154.37,157.33,154.28,155.32,150172
2012-04-20,155.67,155.67,153.83,154.83,166567
2012-04-23,155.33,156.57,153.67,154.78,155497
2012-04-24,155.02,156.0,152.92,154.38,102652
2012-04-25,154.95,155.63,150.03,150.92,95825
2012-04-26,151.77,155.83,150.33,154.6,224694
2012-04-27,154.67,155.28,151.7,152.02,63716
2012-04-28,152.0,152.27,150.67,151.38,5639
2012-04-30,148.33,153.18,148.33,152.18,89058
2012-05-02,155.32,155.32,150.03,151.4,59654
2012-05-03,152.28,152.28,150.37,151.62,40889
2012-05-04,151.62,152.17,149.42,150.03,66287
2012-05-07,148.2,150.58,147.2,148.75,94108
2012-05-08,149.33,152.42,148.4,151.43,51702
2012-05-09,151.32,151.97,149.03,151.22,75710
2012-05-10,149.7,154.95,149.65,153.57,100399
2012-05-11,154.67,156.12,150.08,151.1,78648
2012-05-14,154.67,154.67,150.42,150.63,60591
2012-05-15,150.33,151.67,146.7,147.3,886992
2012-05-16,147.3,148.05,143.48,146.07,92937
2012-05-17,146.07,148.42,145.22,147.55,125963
2012-05-18,148.02,148.02,143.75,145.57,125188
2012-05-21,147.15,147.3,145.17,145.83,246677
2012-05-22,147.17,148.57,146.0,147.5,143782
2012-05-23,147.5,150.5,146.35,149.35,71601
2012-05-24,154.67,159.67,150.03,151.15,163727
2012-05-25,151.23,151.97,150.0,150.22,41534
2012-05-28,152.33,152.7,147.4,149.88,224224
2012-05-29,149.33,153.0,149.33,152.05,156764
2012-05-30,152.33,152.33,147.53,148.35,93151
2012-05-31,148.35,148.35,143.67,145.17,167863
2012-06-01,145.52,147.98,144.42,146.78,83369
2012-06-04,146.58,151.08,144.7,150.43,107531
2012-06-05,151.08,151.97,148.4,151.0,252748
2012-06-06,152.63,152.98,150.22,151.9,81142
2012-06-07,153.58,153.58,150.72,151.8,60051
2012-06-08,151.98,152.77,151.33,152.02,150499
2012-06-11,152.28,154.0,151.67,152.25,47613
2012-06-12,152.33,154.47,146.52,152.48,132294
2012-06-13,152.52,156.3,150.4,153.97,132722
2012-06-14,153.93,155.32,150.52,154.62,53132
2012-06-15,154.78,156.38,153.4,155.4,53666
2012-06-18,156.02,156.67,153.33,153.47,51676
2012-06-19,152.1,156.23,152.1,155.23,103449
2012-06-20,155.27,159.0,155.23,157.57,84703
2012-06-21,156.67,159.92,156.67,159.52,64886
2012-06-22,154.35,165.88,154.35,163.6,210534
2012-06-25,163.7,167.2,162.4,163.28,153036
2012-06-26,162.02,166.34,162.02,165.0,65300
2012-06-27,165.35,166.67,161.05,165.9,129593
2012-06-28,164.03,167.07,162.78,166.29,80537
2012-06-29,166.67,168.3,163.83,166.47,163055
2012-07-02,164.77,168.2,164.77,166.72,202910
2012-07-03,165.5,168.67,165.22,168.17,124933
2012-07-04,166.67,170.15,165.78,167.02,126637
2012-07-05,166.02,167.52,164.33,166.57,274538
2012-07-06,165.35,165.35,162.37,162.72,276616
2012-07-09,163.98,163.98,157.05,157.97,160775
2012-07-10,158.37,159.67,157.97,158.63,139031
2012-07-11,157.78,159.67,156.83,157.92,72574
2012-07-12,157.67,160.9,157.33,160.03,48768
2012-07-13,160.0,162.17,160.0,161.78,58216
2012-07-16,162.98,162.98,159.33,160.62,40078
2012-07-17,160.68,162.0,158.53,160.73,160708
2012-07-18,160.77,161.33,158.75,161.0,24384
2012-07-19,163.67,164.67,160.65,164.28,71889
2012-07-20,163.5,166.05,162.03,165.43,130604
2012-07-23,165.32,167.34,162.72,166.77,212338
2012-07-24,166.0,168.67,164.72,168.22,188117
2012-07-25,166.54,168.27,164.4,166.7,69740
2012-07-26,166.39,166.67,164.72,165.23,309018
2012-07-27,165.22,165.33,162.0,162.87,76802
2012-07-30,165.57,166.34,162.88,165.4,438147
2012-07-31,165.08,166.0,163.35,165.43,68324
2012-08-01,165.08,167.34,164.13,165.22,46162
2012-08-02,164.13,166.27,163.02,164.57,32020
2012-08-03,163.82,164.8,161.1,161.8,42915
2012-08-06,164.67,164.67,161.0,161.48,63691
2012-08-07,161.93,162.2,159.45,160.15,89594
2012-08-08,159.98,162.75,158.33,160.32,215923
2012-08-09,160.68,162.33,160.0,160.73,56015
2012-08-10,158.37,160.67,157.27,158.88,502676
2012-08-13,159.93,161.0,158.33,160.18,32412
2012-08-14,160.68,163.0,160.67,161.93,67449
2012-08-16,162.33,162.33,159.08,159.32,57031
2012-08-17,159.6,161.28,158.83,159.78,26279
2012-08-21,162.67,162.67,156.33,159.0,68669
2012-08-22,159.02,160.3,159.02,159.92,28522
2012-08-23,159.75,160.92,159.12,160.2,23783
2012-08-24,160.65,160.65,158.33,159.67,65363
2012-08-27,159.77,161.07,159.4,160.82,71494
2012-08-28,161.67,162.75,160.07,161.87,252637
2012-08-29,162.93,164.58,162.67,164.02,193202
2012-08-30,163.63,164.0,162.0,162.92,72489
2012-08-31,161.68,166.25,158.02,164.33,133704
2012-09-03,164.33,164.9,161.33,162.08,17497
2012-09-04,162.2,163.67,161.68,163.07,25266
2012-09-05,162.0,163.32,158.83,160.6,43810
2012-09-06,160.27,165.32,159.33,164.13,92184
2012-09-07,165.02,166.0,160.52,161.53,96364
2012-09-08,161.42,165.27,160.98,164.98,32891
2012-09-10,165.0,165.67,164.05,164.55,62940
2012-09-11,163.98,164.98,162.4,163.02,42093
2012-09-12,162.45,164.67,160.5,160.77,51516
2012-09-13,163.12,163.28,159.33,160.43,235663
2012-09-14,168.0,168.0,161.28,162.45,300943
2012-09-17,164.6,166.67,158.38,159.05,178298
2012-09-18,160.35,160.37,157.75,158.77,292453
2012-09-20,158.3,159.95,157.1,158.88,112291
2012-09-21,162.63,163.37,157.68,159.37,381037
2012-09-24,160.0,160.0,158.0,158.38,115579
2012-09-25,159.0,159.97,156.65,158.68,174930
2012-09-26,159.0,159.33,157.52,158.65,354175
2012-09-27,158.42,160.67,157.5,159.88,169645
2012-09-28,159.88,165.0,158.67,163.97,582778
2012-10-01,164.67,164.67,159.35,159.88,132782
2012-10-03,160.95,161.23,158.37,159.37,156903
2012-10-04,160.0,163.95,159.33,163.02,167273
2012-10-05,160.87,164.33,160.5,163.37,78746
2012-10-08,163.32,164.0,160.55,161.0,33963
2012-10-09,161.38,164.33,160.33,163.57,69038
2012-10-10,161.72,162.37,160.6,161.6,111535
2012-10-11,161.33,164.67,160.33,164.17,195694
2012-10-12,163.33,164.33,162.68,163.47,56756
2012-10-15,163.02,163.67,160.83,162.77,140341
2012-10-16,162.78,163.67,161.33,161.65,39779
2012-10-17,161.67,161.67,159.83,160.17,65658
2012-10-18,160.58,161.18,159.03,159.32,95046
2012-10-19,158.83,164.33,158.83,162.93,125544
2012-10-22,162.87,163.63,161.17,163.03,26027
2012-10-23,161.67,164.27,161.67,163.97,183376
2012-10-25,164.32,164.32,162.77,163.63,57138
2012-10-26,163.35,166.0,161.67,163.08,97686
2012-10-29,162.03,163.67,161.38,163.1,88594
2012-10-30,161.8,163.3,160.5,160.72,20322
2012-10-31,161.6,162.67,160.33,161.08,39433
2012-11-01,160.52,162.0,158.67,158.98,65014
2012-11-02,160.07,161.33,158.83,159.37,168364
2012-11-05,159.67,160.67,158.0,158.37,50671
2012-11-06,159.0,160.33,157.57,158.27,212448
2012-11-07,156.0,158.17,155.42,155.98,109824
2012-11-08,154.03,158.47,154.03,157.9,43460
2012-11-09,158.32,158.33,156.0,156.62,54040
2012-11-12,158.0,158.15,153.75,157.0,30992
2012-11-13,157.33,158.33,156.7,157.25,6225
2012-11-15,157.33,158.33,152.43,155.25,103531
2012-11-16,155.38,157.33,154.8,155.18,28850
2012-11-19,154.65,156.33,152.0,152.45,42783
2012-11-20,155.0,155.0,152.07,154.13,18481
2012-11-21,153.38,154.35,152.67,153.68,30482
2012-11-22,154.03,155.72,150.0,151.52,129822
2012-11-23,152.0,154.27,151.33,153.05,61791
2012-11-26,160.0,161.67,150.87,151.28,35945
2012-11-27,153.23,154.37,150.33,152.9,121021
2012-11-29,153.45,153.45,150.05,150.35,97454
2012-11-30,151.67,152.1,150.33,151.62,211076
2012-12-03,152.33,153.3,151.35,152.82,84261
2012-12-04,152.05,153.17,151.07,151.62,44516
2012-12-05,150.37,152.38,149.42,149.82,66365
2012-12-06,150.72,151.17,149.72,150.37,333267
2012-12-07,150.7,151.45,149.67,149.98,212587
2012-12-10,151.67,151.67,149.0,149.8,74326
2012-12-11,149.88,151.0,148.22,148.38,86767
2012-12-12,148.35,149.27,146.0,146.75,84179
2012-12-13,147.32,147.92,144.47,146.0,149345
2012-12-14,145.05,154.97,144.2,149.77,281116
2012-12-17,150.0,151.32,148.67,149.0,107089
2012-12-18,149.08,150.8,148.33,150.0,70525
2012-12-19,150.42,153.32,150.37,152.38,172223
2012-12-20,152.62,152.98,150.67,151.73,102087
2012-12-21,150.3,153.23,150.02,151.98,133300
2012-12-24,150.42,152.33,150.42,150.93,34165
2012-12-26,150.95,152.17,149.37,150.67,132064
2012-12-27,150.63,153.63,150.63,153.03,118405
2012-12-28,154.95,157.33,152.98,155.35,343048
2012-12-31,154.37,156.67,154.03,155.27,135251
2013-01-01,155.87,156.28,154.07,155.68,81934
2013-01-02,156.43,157.62,156.0,156.92,105513
2013-01-03,156.67,157.57,155.5,157.45,149000
2013-01-04,157.22,163.33,157.22,160.63,259308
2013-01-07,160.33,163.42,158.43,161.5,218559
2013-01-08,162.97,163.25,158.0,158.63,69758
2013-01-09,160.0,161.0,157.85,158.6,57426
2013-01-10,159.33,166.13,159.25,165.15,1062937
2013-01-11,166.12,166.67,160.0,161.05,440560
2013-01-14,162.47,165.0,161.17,163.58,113313
2013-01-15,163.73,165.0,163.33,164.3,100056
2013-01-16,164.67,166.34,162.32,164.77,255051
2013-01-17,164.87,174.97,164.0,171.7,698050
2013-01-18,172.34,206.04,172.14,186.64,2564121
2013-01-21,176.34,191.94,176.34,186.5,763066
2013-01-22,188.15,189.67,184.14,186.82,490700
2013-01-23,186.49,186.49,177.34,178.29,259366
2013-01-24,183.29,185.0,175.12,176.27,535439
2013-01-25,175.57,179.9,172.0,177.75,192679
2013-01-28,177.89,182.6,176.19,179.24,195263
2013-01-29,179.24,181.0,176.0,179.64,176922
2013-01-30,180.02,181.27,173.7,175.45,273975
2013-01-31,175.0,184.67,170.17,180.0,912786
2013-02-01,173.74,179.34,173.35,175.17,3340737
2013-02-04,177.34,181.0,176.69,178.25,2589359
2013-02-05,178.0,178.45,176.0,176.64,1302564
2013-02-06,177.74,178.27,174.19,176.45,1304077
2013-02-07,177.29,179.34,174.67,175.64,752897
2013-02-08,178.34,179.67,175.69,178.3,1167977
2013-02-11,179.3,179.97,178.27,178.79,370942
2013-02-12,179.84,179.84,175.6,177.85,696744
2013-02-13,179.65,183.32,178.35,180.7,1274940
2013-02-14,180.72,182.94,180.34,181.5,356971
2013-02-15,182.67,183.25,180.85,182.85,654002
2013-02-18,184.3,185.34,181.37,182.05,670554
2013-02-19,182.02,184.67,181.67,183.49,457651
2013-02-20,183.47,185.0,181.42,182.22,214642
2013-02-21,183.0,183.0,179.4,181.45,519153
2013-02-22,180.54,181.67,179.67,180.95,399480
2013-02-25,179.67,181.0,175.79,176.9,213572
2013-02-26,176.84,176.84,173.62,174.92,542546
2013-02-27,176.99,181.67,173.69,177.39,794898
2013-02-28,178.55,179.64,173.34,176.0,623824
2013-03-01,178.24,178.25,173.34,176.47,549852
2013-03-04,174.0,178.99,174.0,177.27,170610
2013-03-05,176.69,183.0,175.45,181.45,373652
2013-03-06,182.34,184.0,181.37,182.35,307186
2013-03-07,185.0,185.0,175.54,178.34,240589
2013-03-08,180.29,184.67,179.64,183.69,292436
2013-03-11,184.87,186.34,180.34,182.95,259397
2013-03-12,184.57,184.97,179.79,184.24,311857
2013-03-13,184.77,184.79,180.52,181.15,112513
2013-03-14,182.77,183.34,179.7,183.0,133581
2013-03-15,183.72,183.89,180.37,181.54,103016
2013-03-18,180.24,183.34,177.55,181.32,281015
2013-03-19,181.54,182.4,169.7,171.7,576255
2013-03-20,173.34,173.34,163.43,167.2,798416
2013-03-21,166.35,168.62,163.35,167.5,286438
2013-03-22,168.34,168.34,160.03,162.5,123239
2013-03-25,165.33,173.0,164.0,169.75,867616
2013-03-26,168.89,170.0,167.39,169.09,471521
2013-03-28,168.95,173.3,168.95,170.25,845984
2013-04-01,170.67,173.84,169.34,169.95,104579
2013-04-02,169.95,171.67,168.39,169.04,180682
2013-04-03,172.14,172.35,169.54,171.17,177365
2013-04-04,169.35,175.0,169.34,173.09,252340
2013-04-05,173.34,179.4,173.34,177.32,870889
2013-04-08,179.79,181.6,176.85,178.49,589409
2013-04-09,178.27,179.0,176.02,176.62,171119
2013-04-10,180.0,180.0,171.77,176.37,398743
2013-04-11,175.0,177.2,174.34,175.8,98695
2013-04-12,175.84,177.24,174.34,175.74,133683
2013-04-15,176.0,181.34,175.55,178.97,501323
2013-04-16,178.67,186.64,177.75,184.94,642726
2013-04-17,185.64,190.0,183.67,186.75,643871
2013-04-18,185.67,189.27,184.0,186.74,420702
2013-04-22,186.67,191.64,182.17,186.04,617636
2013-04-23,185.94,189.32,182.72,185.1,280804
2013-04-25,185.0,187.97,181.02,184.0,460517
2013-04-26,186.34,187.34,182.67,184.19,685119
2013-04-29,183.34,186.24,179.34,183.14,529354
2013-04-30,182.34,185.04,177.75,183.3,559358
2013-05-02,184.34,189.95,182.82,185.92,606964
2013-05-03,185.34,188.27,185.29,186.0,158225
2013-05-06,183.49,186.57,182.87,184.32,189958
2013-05-07,185.27,185.27,181.1,183.32,325160
2013-05-08,183.32,184.92,182.0,183.04,170353
2013-05-09,182.34,184.0,181.0,182.99,344386
2013-05-10,183.0,186.67,181.35,186.24,414105
2013-05-11,184.52,187.47,184.52,186.7,10274
2013-05-13,185.05,187.34,183.52,184.22,342049
2013-05-14,182.79,189.49,182.79,187.27,215147
2013-05-15,187.0,200.0,185.67,195.04,829828
2013-05-16,200.87,201.6,196.07,199.57,1181312
2013-05-17,198.47,199.97,195.52,196.49,223838
2013-05-20,195.67,199.65,195.67,197.7,306318
2013-05-21,199.34,200.0,196.94,197.52,302999
2013-05-22,199.0,199.0,192.92,195.34,456266
2013-05-23,196.47,197.32,193.67,194.85,365735
2013-05-24,196.65,196.99,192.0,192.9,207717
2013-05-27,196.65,196.99,193.4,196.12,849140
2013-05-28,197.99,203.8,195.87,200.65,1091051
2013-05-29,202.67,206.67,200.75,201.69,1426698
2013-05-30,201.67,203.99,197.69,200.0,1017202
2013-05-31,198.1,209.97,192.35,198.2,6615099
2013-06-03,194.67,196.47,186.67,190.12,664226
2013-06-04,190.0,196.27,190.0,194.45,437706
2013-06-05,196.32,196.32,192.04,193.22,230915
2013-06-06,191.34,194.77,190.35,190.84,139796
2013-06-07,190.69,192.32,188.35,191.1,268981
2013-06-10,191.1,193.04,188.34,188.99,1027287
2013-06-11,189.22,190.67,184.72,185.57,236174
2013-06-12,184.67,185.67,181.09,185.64,340340
2013-06-13,185.0,185.0,176.67,177.37,350755
2013-06-14,178.04,193.3,177.05,190.4,990677
2013-06-17,190.87,191.67,183.67,190.5,261474
2013-06-18,191.97,194.67,186.69,191.95,354717
2013-06-19,191.25,194.27,189.54,192.17,532492
2013-06-20,191.67,194.47,188.77,191.14,285152
2013-06-21,191.0,192.84,188.37,189.75,218346
2013-06-24,189.02,191.0,183.37,184.62,141719
2013-06-25,186.0,188.2,180.07,181.84,453689
2013-06-26,183.34,188.2,182.09,187.15,771445
2013-06-27,191.0,196.27,188.1,190.72,504096
2013-06-28,205.34,207.0,184.05,191.52,2132226
2013-07-01,192.25,196.45,191.75,193.77,450860
2013-07-02,193.99,195.0,188.34,188.82,226327
2013-07-03,187.37,193.64,184.0,185.74,293327
2013-07-04,187.64,190.59,186.67,189.3,689266
2013-07-05,189.42,191.59,186.75,189.64,124076
2013-07-08,189.29,189.29,184.04,185.27,151911
2013-07-09,188.25,188.25,177.45,179.1,340174
2013-07-10,177.7,181.67,177.5,178.09,408068
2013-07-11,179.37,181.5,173.37,175.57,1064801
2013-07-12,177.0,180.67,175.67,178.69,774829
2013-07-15,180.34,183.67,179.19,182.7,223106
2013-07-16,180.0,184.67,179.39,183.59,424926
2013-07-17,183.35,188.3,183.35,184.77,911950
2013-07-18,184.65,188.64,184.64,185.84,313261
2013-07-19,185.0,186.62,181.0,183.85,384445
2013-07-22,182.0,184.97,175.22,176.89,201645
2013-07-23,178.0,179.15,175.52,177.35,264859
2013-07-24,177.34,178.97,175.9,178.09,100356
2013-07-25,178.09,180.55,177.62,178.99,640972
2013-07-26,178.84,181.49,176.67,177.77,254748
2013-07-29,177.95,179.27,176.34,177.65,359054
2013-07-30,176.67,178.34,167.34,168.99,215364
2013-07-31,167.39,175.14,157.25,172.4,551222
2013-08-01,172.34,176.67,163.88,166.1,308957
2013-08-02,165.0,166.0,158.5,161.8,308561
2013-08-05,163.3,166.0,156.15,157.43,225396
2013-08-06,156.03,157.43,143.67,145.58,758577
2013-08-07,147.33,153.3,146.55,150.17,340754
2013-08-08,149.35,153.23,147.33,151.42,183099
2013-08-12,153.33,162.33,150.03,159.72,192457
2013-08-13,159.73,166.34,156.07,158.37,603994
2013-08-14,158.3,166.44,157.68,164.25,272239
2013-08-16,163.0,166.27,153.67,155.1,189837
2013-08-19,157.0,157.0,149.37,149.78,184019
2013-08-20,151.5,151.5,144.03,144.6,350278
2013-08-21,145.75,151.65,144.0,145.55,235072
2013-08-22,145.0,148.3,143.7,146.4,266209
2013-08-23,147.03,151.25,146.0,150.5,635561
2013-08-26,151.65,152.33,149.4,151.38,67861
2013-08-27,150.17,150.17,145.37,147.75,91697
2013-08-28,147.33,147.33,138.37,139.17,256403
2013-08-29,141.48,142.82,138.67,138.82,280568
2013-08-30,139.17,148.3,139.03,144.88,561799
2013-09-02,145.32,147.22,142.4,143.82,174437
2013-09-03,146.63,146.63,142.33,143.02,199749
2013-09-04,145.0,145.0,142.05,143.15,790295
2013-09-05,143.33,146.65,143.33,144.2,586678
2013-09-06,145.67,150.0,144.43,148.38,543652
2013-09-10,150.0,155.0,148.7,153.55,663553
2013-09-11,154.0,161.67,153.67,155.57,371647
2013-09-12,152.68,155.33,148.7,149.37,211533
2013-09-13,150.83,161.33,149.38,156.75,826546
2013-09-16,161.23,161.33,152.93,155.67,335598
2013-09-17,155.67,159.73,153.45,158.52,241830
2013-09-18,157.07,160.62,157.07,159.9,182343
2013-09-19,161.67,166.34,158.67,164.58,457626
2013-09-20,164.33,164.33,153.0,155.5,295333
2013-09-23,155.58,162.33,154.67,160.13,273803
2013-09-24,160.63,160.63,154.7,155.27,314456
2013-09-25,155.97,157.77,155.37,156.78,738597
2013-09-26,157.0,157.9,149.1,150.65,537088
2013-09-27,152.23,154.0,150.03,151.43,345246
2013-09-30,149.9,152.6,145.0,145.8,394564
2013-10-01,145.72,149.78,144.0,149.3,308033
2013-10-03,149.33,153.67,148.05,152.97,197974
2013-10-04,152.32,154.67,151.85,153.7,227214
2013-10-07,154.97,157.15,150.0,154.8,240571
2013-10-08,155.67,157.22,153.67,154.08,208627
2013-10-09,154.0,155.27,152.25,155.03,101852
2013-10-10,155.03,156.17,153.07,154.08,339738
2013-10-11,155.0,156.23,152.33,154.42,213591
2013-10-14,154.88,155.97,153.67,154.65,125129
2013-10-15,154.67,157.27,152.18,153.52,407231
2013-10-17,153.5,155.0,150.83,151.47,220366
2013-10-18,152.33,155.32,152.33,154.85,185891
2013-10-21,155.0,157.3,152.9,156.28,114130
2013-10-22,156.28,157.73,153.72,155.55,198435
2013-10-23,154.35,156.5,150.47,152.55,469852
2013-10-24,152.67,154.32,150.67,151.13,246085
2013-10-25,152.67,153.35,150.0,151.55,272926
2013-10-28,151.67,153.23,148.37,151.37,173547
2013-10-29,152.33,156.43,150.5,153.32,258106
2013-10-30,153.4,155.93,151.32,154.42,301971
2013-10-31,154.33,160.33,152.0,157.95,472301
2013-11-01,156.7,160.33,154.83,158.35,318091
2013-11-03,159.67,160.73,158.42,159.23,34250
2013-11-05,158.35,158.97,155.03,156.45,190319
2013-11-06,156.45,158.23,154.22,154.78,254462
2013-11-07,155.33,157.33,153.68,155.07,362401
2013-11-08,155.0,155.0,152.5,153.3,186334
2013-11-11,152.37,154.0,151.33,151.92,143521
2013-11-12,152.33,157.48,152.03,153.98,293163
2013-11-13,154.18,154.98,152.12,152.93,263821
2013-11-14,153.43,155.33,152.97,154.13,309416
2013-11-18,154.33,155.0,152.0,154.02,203533
2013-11-19,153.67,154.93,153.33,154.05,210079
2013-11-20,152.67,153.85,151.2,151.6,174654
2013-11-21,150.75,152.58,149.7,150.33,218881
2013-11-22,150.67,151.65,149.4,150.0,1354405
2013-11-25,150.73,153.03,150.68,152.62,318964
2013-11-26,152.67,155.0,152.05,154.32,303389
2013-11-27,153.73,158.5,153.73,157.73,448652
2013-11-28,159.87,159.97,158.33,159.8,271777
2013-11-29,160.0,162.5,160.0,161.05,525217
2013-12-02,160.0,161.0,154.37,154.92,334541
2013-12-03,156.25,158.13,155.0,156.55,315698
2013-12-04,157.67,159.67,156.7,157.48,405225
2013-12-05,157.77,158.33,153.67,153.97,313943
2013-12-06,153.97,156.0,153.42,154.02,207715
2013-12-09,155.42,161.17,155.42,160.32,476841
2013-12-10,157.33,159.95,157.33,157.97,115535
2013-12-11,156.37,158.17,154.07,154.42,398041
2013-12-12,154.0,156.88,152.83,153.35,622936
2013-12-13,154.0,154.97,151.67,151.98,531491
2013-12-16,152.33,152.82,150.07,151.02,528962
2013-12-17,151.53,153.83,150.9,152.7,320591
2013-12-18,152.33,155.42,151.7,153.9,368689
2013-12-19,154.67,156.43,151.83,152.78,209286
2013-12-20,155.33,158.13,153.67,156.83,528725
2013-12-23,156.67,159.97,156.67,159.28,233770
2013-12-24,159.0,159.32,156.73,158.07,304979
2013-12-26,157.67,160.33,157.67,158.92,152829
2013-12-27,159.65,162.33,158.8,161.92,262130
2013-12-30,162.03,163.83,157.83,161.47,208496
2013-12-31,161.35,164.0,158.37,162.78,359499
2014-01-01,161.45,163.67,160.12,161.05,155793
2014-01-02,161.02,162.92,153.03,154.25,218029
2014-01-03,155.0,158.33,154.37,157.12,166301
2014-01-06,157.32,161.63,155.33,158.82,173483
2014-01-07,159.32,159.57,154.13,154.93,186718
2014-01-08,156.13,156.48,154.0,154.68,196100
2014-01-09,155.0,156.67,153.7,155.48,266374
2014-01-10,155.0,156.33,154.17,155.08,225442
2014-01-13,156.33,161.25,156.33,160.75,378782
2014-01-14,160.27,162.6,158.13,161.03,126319
2014-01-15,162.27,162.27,158.45,159.98,388767
2014-01-16,159.98,160.53,158.0,158.68,837488
2014-01-17,157.68,159.0,155.0,157.58,317217
2014-01-20,155.42,160.13,155.42,158.27,528658
2014-01-21,158.67,161.0,158.42,159.18,123864
2014-01-22,159.18,161.27,159.18,159.72,393329
2014-01-23,159.88,161.33,158.67,160.3,161326
2014-01-24,160.83,160.83,156.68,157.05,166678
2014-01-27,156.67,157.0,150.33,152.2,235840
2014-01-28,151.83,154.8,150.02,150.58,391457
2014-01-29,152.0,155.82,151.03,155.13,511426
2014-01-30,153.67,154.55,151.8,153.63,214713
2014-01-31,153.67,159.27,153.67,158.07,273751
2014-02-03,154.33,154.67,151.75,153.3,284147
2014-02-04,151.67,152.97,148.38,149.25,216495
2014-02-05,148.67,151.17,146.33,146.77,259709
2014-02-06,146.0,149.8,146.0,148.6,472260
2014-02-07,148.6,150.67,148.0,149.9,117211
2014-02-10,149.57,151.43,148.77,150.8,131091
2014-02-11,149.72,152.87,149.72,152.13,217634
2014-02-12,152.98,154.3,150.67,153.42,1264267
2014-02-13,154.28,154.62,149.67,152.07,259328
2014-02-14,154.17,154.4,151.45,152.35,518102
2014-02-17,153.15,153.3,148.72,149.37,114881
2014-02-18,149.35,151.33,148.37,149.08,128581
2014-02-19,150.0,152.57,149.33,151.8,74917
2014-02-20,151.65,151.65,147.03,147.95,109475
2014-02-21,149.3,149.55,147.65,148.93,95791
2014-02-24,147.67,149.83,147.67,148.77,81197
2014-02-25,148.37,150.58,148.37,149.07,86858
2014-02-26,148.73,150.32,146.67,146.87,179055
2014-02-28,146.67,153.33,146.67,151.85,565074
2014-03-03,151.17,153.35,150.03,150.43,90347
2014-03-04,151.0,153.0,148.33,152.05,127667
2014-03-05,152.33,157.83,152.07,157.33,460003
2014-03-06,156.07,160.33,154.92,158.8,235632
2014-03-07,158.02,164.0,158.02,162.25,424570
2014-03-10,162.17,164.6,158.8,163.15,436480
2014-03-11,160.75,163.67,157.35,158.48,311447
2014-03-12,157.7,158.32,155.2,155.92,198938
2014-03-13,156.6,162.67,156.6,160.07,663339
2014-03-14,160.02,161.6,157.53,160.05,213977
2014-03-18,160.03,164.67,158.25,162.77,331269
2014-03-19,163.5,165.0,161.67,162.33,283256
2014-03-20,160.52,163.27,158.73,160.1,196668
2014-03-21,160.0,161.5,158.33,159.23,497708
2014-03-22,160.87,161.98,159.7,160.18,27352
2014-03-24,161.98,161.98,159.68,160.73,352275
2014-03-25,158.67,159.67,156.12,157.2,504616
2014-03-26,154.42,161.0,154.42,160.75,348189
2014-03-27,161.0,161.63,155.45,158.95,340542
2014-03-28,158.77,161.83,158.77,159.85,215477
2014-03-31,159.98,162.83,159.83,161.35,311373
2014-04-01,161.47,165.0,158.67,164.07,346922
2014-04-02,164.92,166.67,163.27,163.67,244759
2014-04-03,164.0,164.9,161.38,163.48,337217
2014-04-04,163.33,163.52,157.0,161.05,2121130
2014-04-07,161.05,163.3,158.67,161.22,298273
2014-04-09,161.68,164.67,161.05,163.13,440116
2014-04-10,161.78,164.78,159.67,161.38,785855
2014-04-11,160.42,162.8,160.03,161.18,558524
2014-04-15,160.77,161.67,159.17,160.62,504214
2014-04-16,159.7,160.93,158.0,158.35,262592
2014-04-17,159.0,160.0,157.33,159.23,437373
2014-04-21,160.63,161.82,159.7,160.65,508322
2014-04-22,161.33,165.98,160.17,164.48,633058
2014-04-23,165.63,167.89,163.53,164.48,740598
2014-04-25,164.0,168.0,163.72,164.92,298260
2014-04-28,164.92,167.07,163.72,164.37,311503
2014-04-29,165.0,166.22,161.67,162.5,113558
2014-04-30,161.83,163.78,157.0,159.08,543226
2014-05-02,158.38,161.8,158.38,160.83,269769
2014-05-05,159.67,162.82,158.4,160.82,227296
2014-05-06,160.43,162.43,160.43,161.7,127801
2014-05-07,161.73,163.42,161.08,162.4,268837
2014-05-08,163.98,164.3,161.85,162.63,143793
2014-05-09,163.3,165.05,161.7,164.72,436317
2014-05-12,165.03,171.34,165.02,170.3,750441
2014-05-13,171.5,181.34,171.5,179.07,816877
2014-05-14,177.34,184.79,177.34,183.62,300457
2014-05-15,183.34,186.67,180.5,182.9,346694
2014-05-16,185.0,191.69,180.77,189.02,797235
2014-05-19,190.0,204.67,190.0,201.39,1046672
2014-05-20,203.89,204.9,196.69,199.82,368696
2014-05-21,199.34,205.72,195.0,202.25,397388
2014-05-22,205.34,211.27,205.0,206.3,628958
2014-05-23,209.67,209.67,201.72,205.09,279992
2014-05-26,202.17,208.67,200.0,202.6,584090
2014-05-27,202.5,202.6,190.44,193.0,245746
2014-05-28,188.3,190.34,186.24,189.34,415741
2014-05-29,189.27,189.89,184.1,185.34,345073
2014-05-30,185.44,191.5,185.04,190.02,657921
2014-06-02,191.64,193.0,187.17,191.4,376021
2014-06-03,191.4,194.57,189.34,190.85,294544
2014-06-04,190.02,193.34,186.74,187.37,255445
2014-06-05,186.74,193.34,186.07,191.15,741271
2014-06-06,193.0,203.47,193.0,198.65,1667411
2014-06-09,203.4,207.04,201.67,203.02,863693
2014-06-10,203.67,205.0,197.7,198.2,403464
2014-06-11,198.34,204.32,197.0,198.52,619116
2014-06-12,198.0,204.22,197.75,203.27,968954
2014-06-13,201.75,204.0,193.12,196.3,525901
2014-06-16,195.04,201.55,189.04,199.12,553214
2014-06-17,199.12,205.0,196.05,201.1,751762
2014-06-18,203.34,206.6,197.04,198.45,882772
2014-06-19,199.0,199.34,185.37,187.12,1171557
2014-06-20,190.87,192.0,188.34,189.3,592481
2014-06-23,189.42,197.34,187.25,195.39,500551
2014-06-24,197.34,200.62,195.34,199.2,678428
2014-06-25,200.0,201.0,195.04,195.97,398770
2014-06-26,189.54,191.67,186.0,190.45,714302
2014-06-27,190.02,194.17,190.02,191.47,268145
2014-06-30,191.87,196.57,191.87,195.89,407855
2014-07-01,197.5,198.17,195.0,197.1,414430
2014-07-02,197.67,198.95,194.0,196.27,368134
2014-07-03,198.17,198.25,195.84,196.87,326205
2014-07-04,196.34,197.77,192.85,194.45,260352
2014-07-07,196.32,196.32,191.92,193.8,386151
2014-07-08,195.0,196.0,189.37,190.4,275812
2014-07-09,191.17,194.34,190.17,191.22,301488
2014-07-10,190.07,197.0,190.07,194.05,758174
2014-07-11,194.0,195.6,190.04,190.59,610452
2014-07-14,191.57,191.69,186.69,190.74,153277
2014-07-15,191.02,194.97,191.02,193.65,256944
2014-07-16,196.17,196.5,192.05,193.19,222160
2014-07-17,193.27,194.92,191.05,192.97,198773
2014-07-18,192.65,193.65,190.34,191.32,239847
2014-07-21,191.69,193.17,190.67,192.22,220270
2014-07-22,193.14,194.59,190.67,193.77,171937
2014-07-23,194.1,194.84,191.44,193.3,166905
2014-07-24,194.99,194.99,192.15,193.35,345803
2014-07-25,193.67,194.84,191.4,194.17,268673
2014-07-28,192.34,194.39,191.52,191.8,354557
2014-07-30,193.19,193.94,188.04,188.89,858022
2014-07-31,188.9,190.32,187.34,188.34,833083
2014-08-01,186.67,189.39,186.67,188.39,238823
2014-08-04,188.34,191.67,187.34,189.82,385814
2014-08-05,189.67,191.64,188.65,190.8,99439
2014-08-06,190.0,194.97,189.37,192.8,122323
2014-08-07,191.75,194.34,191.75,192.67,130807
2014-08-08,191.67,191.67,186.67,188.44,165826
2014-08-11,189.34,190.0,186.7,189.0,105206
2014-08-12,189.67,192.49,188.37,190.02,872516
2014-08-13,191.97,193.67,184.05,190.65,566266
2014-08-14,192.9,194.24,189.67,193.24,266444
2014-08-18,194.92,200.27,193.34,198.45,610661
2014-08-19,200.0,205.55,198.22,201.49,1093598
2014-08-20,201.27,201.67,198.44,200.87,180131
2014-08-21,200.87,203.14,199.0,202.37,235847
2014-08-22,202.67,203.34,198.37,199.37,201516
2014-08-25,201.6,202.34,195.79,198.29,215934
2014-08-26,197.94,201.34,194.5,196.59,163965
2014-08-27,200.0,202.97,199.97,202.0,1757870
2014-08-28,203.67,205.74,202.02,205.14,776488
2014-09-01,205.65,208.17,205.0,206.77,628883
2014-09-02,206.79,209.84,206.62,206.99,877109
2014-09-03,207.0,215.54,206.87,207.74,610723
2014-09-04,208.34,212.94,207.89,210.32,396264
2014-09-05,210.34,215.4,210.0,214.8,382301
2014-09-08,216.67,222.34,216.67,220.4,875582
2014-09-09,223.32,223.32,215.77,219.9,507711
2014-09-10,220.34,220.34,212.19,213.1,181649
2014-09-11,213.97,215.64,208.89,212.72,404177
2014-09-12,214.65,214.65,210.67,212.49,259714
2014-09-15,213.04,217.1,210.3,215.57,608589
2014-09-16,215.57,217.27,208.0,210.05,692300
2014-09-17,211.0,212.0,208.34,210.62,346852
2014-09-18,214.95,214.95,208.69,209.32,261667
2014-09-19,209.1,213.3,201.67,203.45,757231
2014-09-22,203.67,206.5,199.55,205.39,356590
2014-09-23,206.27,207.3,200.34,201.39,175856
2014-09-24,201.97,206.0,200.67,203.19,174403
2014-09-25,202.37,203.34,199.65,202.39,173357
2014-09-26,200.12,204.67,198.75,203.34,144097
2014-09-29,205.24,205.24,200.84,201.37,192976
2014-09-30,200.69,204.22,200.37,202.87,327453
2014-10-01,201.04,202.97,196.8,197.39,250356
2014-10-07,198.0,200.95,197.04,197.64,459157
2014-10-08,196.67,199.99,196.67,198.47,706413
2014-10-09,200.67,206.15,199.05,204.32,312129
2014-10-10,204.0,204.32,199.42,200.05,110935
2014-10-13,200.05,200.34,196.7,198.27,179220
2014-10-14,199.02,200.99,193.67,194.45,240550
2014-10-16,194.45,195.9,187.02,189.3,565655
2014-10-17,190.0,192.77,186.89,191.67,286367
2014-10-20,201.09,202.0,193.62,194.65,681840
2014-10-21,196.57,197.27,190.34,195.74,484822
2014-10-22,197.67,197.67,193.67,195.25,401134
2014-10-23,196.47,199.34,196.47,198.05,64425
2014-10-27,198.34,200.14,197.34,199.5,207976
2014-10-28,198.39,201.17,198.39,199.74,483314
2014-10-29,200.34,204.84,200.17,203.47,230230
2014-10-30,204.34,206.99,202.47,205.35,457534
2014-10-31,206.0,213.34,205.47,211.92,520684
2014-11-03,210.67,213.3,207.87,211.07,304447
2014-11-05,210.47,212.64,206.04,207.24,944270
2014-11-07,206.67,206.75,200.0,201.2,286432
2014-11-10,202.34,203.67,200.67,202.64,347403
2014-11-11,202.9,206.0,202.1,203.44,282168
2014-11-12,203.34,206.22,196.75,199.17,682008
2014-11-13,198.04,199.0,191.32,194.25,1049663
2014-11-14,194.34,199.24,193.34,197.54,492911
2014-11-17,197.34,198.67,195.0,197.69,236610
2014-11-18,198.65,199.57,195.0,196.1,171372
2014-11-19,196.0,198.67,192.52,193.52,309160
2014-11-20,193.94,195.0,190.4,193.22,293972
2014-11-21,193.22,197.8,191.75,196.62,262723
2014-11-24,196.69,199.17,195.34,198.89,172249
2014-11-25,198.34,202.24,196.72,200.05,450463
2014-11-26,200.0,207.65,199.02,205.6,336560
2014-11-27,205.6,209.24,201.0,202.9,345831
2014-11-28,203.34,204.54,195.67,197.37,442595
2014-12-01,197.0,198.95,189.64,190.32,721863
2014-12-02,192.0,195.64,190.34,192.72,706697
2014-12-03,193.34,197.47,193.02,195.12,402268
2014-12-04,195.74,198.12,195.0,196.34,147055
2014-12-05,197.32,197.34,191.72,192.25,167358
2014-12-08,191.79,194.75,191.47,192.57,178334
2014-12-09,191.67,192.72,190.0,191.02,378110
2014-12-10,190.45,191.74,189.0,190.65,336734
2014-12-11,189.82,190.64,188.17,188.65,264650
2014-12-12,188.72,189.94,181.24,182.35,284906
2014-12-15,181.64,181.64,175.14,178.37,166171
2014-12-16,176.67,182.32,175.0,180.07,301658
2014-12-17,179.99,183.19,177.67,181.82,453321
2014-12-18,183.34,189.3,182.5,187.27,260776
2014-12-19,188.34,189.5,184.04,188.15,383851
2014-12-22,187.55,192.6,186.22,188.74,148061
2014-12-23,189.25,191.42,188.04,189.9,108542
2014-12-24,189.99,192.34,188.17,190.22,363052
2014-12-26,190.22,190.67,187.12,189.97,144347
2014-12-29,188.67,190.0,188.15,189.07,202858
2014-12-30,189.67,191.0,188.34,189.09,147968
2014-12-31,188.34,193.0,188.34,192.14,212525
2015-01-01,190.75,193.0,190.67,192.19,65015
2015-01-02,193.34,195.34,192.25,192.99,111679
2015-01-05,191.67,193.3,186.87,187.95,253908
2015-01-06,186.62,187.0,177.52,178.4,487150
2015-01-07,178.67,180.67,176.67,177.6,665107
2015-01-08,178.34,184.64,178.34,183.44,160393
2015-01-09,184.0,197.34,181.0,188.4,1064804
2015-01-12,189.34,189.34,183.34,183.62,352516
2015-01-13,181.87,182.7,178.0,178.4,1053659
2015-01-14,180.29,180.67,175.67,176.6,837462
2015-01-15,179.0,179.94,176.67,177.39,354068
2015-01-16,176.84,180.34,174.1,175.67,490977
2015-01-19,175.34,179.64,175.34,177.25,303792
2015-01-20,179.34,180.0,177.5,179.05,240329
2015-01-21,178.42,179.79,177.34,178.57,162187
2015-01-22,178.42,182.07,178.42,181.39,183269
2015-01-23,182.67,185.0,181.74,184.4,227282
2015-01-27,184.4,186.14,180.0,181.22,364936
2015-01-28,182.0,187.7,181.7,187.37,358908
2015-01-29,187.0,187.95,182.84,183.79,164608
2015-01-30,184.67,185.64,176.89,178.17,254028
2015-02-02,178.74,180.3,176.75,177.75,201704
2015-02-03,179.94,180.34,175.42,177.12,923694
2015-02-04,180.34,183.49,178.8,182.92,485793
2015-02-05,182.95,183.0,179.42,180.02,877473
2015-02-06,178.84,184.3,178.84,182.34,358329
2015-02-09,181.67,184.59,176.67,181.0,608323
2015-02-10,180.0,182.15,175.67,176.95,326785
2015-02-11,177.34,178.8,176.37,176.99,116276
2015-02-12,178.22,178.67,176.0,177.22,189407
2015-02-13,173.67,175.3,165.03,166.74,895268
2015-02-16,168.34,171.3,165.0,166.34,379163
2015-02-18,167.27,168.84,164.8,167.04,261958
2015-02-19,167.77,168.67,164.72,165.77,161816
2015-02-20,166.34,167.64,164.33,164.8,220134
2015-02-23,166.67,166.67,161.73,162.43,194121
2015-02-24,163.0,163.5,156.13,156.75,543589
2015-02-25,157.5,161.33,157.35,159.67,455523
2015-02-26,160.3,160.65,156.37,157.93,240440
2015-02-27,158.63,171.17,157.97,167.6,471347
2015-02-28,168.6,170.4,165.0,165.88,137219
2015-03-02,166.7,169.22,163.33,166.2,244582
2015-03-03,168.0,168.34,162.35,163.18,404341
2015-03-04,163.85,165.5,162.38,162.75,435501
2015-03-05,164.33,165.22,161.7,164.22,69111
2015-03-09,164.67,164.97,161.68,164.15,241626
2015-03-10,163.33,165.63,162.6,164.63,162061
2015-03-11,165.0,166.62,160.75,161.62,536457
2015-03-12,162.03,163.53,161.07,162.05,206787
2015-03-13,162.67,163.27,160.67,162.28,300321
2015-03-16,162.28,162.72,158.4,159.13,552454
2015-03-17,159.93,161.72,159.4,160.05,702861
2015-03-18,160.67,161.0,159.0,159.42,232516
2015-03-19,160.0,169.34,159.27,161.28,509587
2015-03-20,161.33,162.37,157.82,160.33,262370
2015-03-23,161.0,162.98,160.25,161.42,143185
2015-03-24,159.57,159.57,156.33,157.15,150301
2015-03-25,158.9,160.32,155.62,157.1,198052
2015-03-26,156.67,157.63,155.67,156.1,157395
2015-03-27,156.65,157.5,150.03,152.43,400296
2015-03-30,153.33,155.0,151.67,152.28,184355
2015-03-31,153.27,154.27,150.82,151.65,277225
2015-04-01,151.33,153.33,150.52,152.6,96691
2015-04-06,153.13,154.15,150.75,153.28,199073
2015-04-07,153.67,154.67,151.67,152.55,152287
2015-04-08,153.03,153.33,150.22,150.67,408007
2015-04-09,151.63,153.0,151.03,152.22,285145
2015-04-10,152.22,156.47,152.0,155.88,1002054
2015-04-13,156.67,161.33,155.0,160.62,410568
2015-04-15,161.3,171.49,161.0,167.14,539657
2015-04-16,166.64,171.97,164.23,170.34,423624
2015-04-17,171.67,176.0,170.67,173.64,1214951
2015-04-20,172.97,172.97,160.62,166.82,352445
2015-04-21,166.0,166.0,160.85,162.43,242116
2015-04-22,163.33,165.0,154.03,155.4,1167029
2015-04-23,156.63,158.5,156.0,157.72,164678
2015-04-24,158.63,158.63,155.33,156.38,210156
2015-04-27,156.68,158.0,153.33,155.4,244259
2015-04-28,155.4,157.0,153.83,155.9,157168
2015-04-29,156.0,156.0,153.0,154.55,312106
2015-04-30,155.33,155.33,152.0,152.6,280031
2015-05-04,153.5,163.33,153.5,162.57,286561
2015-05-05,162.33,163.28,160.33,161.47,236684
2015-05-06,163.42,164.32,153.88,156.28,509861
2015-05-07,156.67,158.12,153.85,154.93,119159
2015-05-08,156.3,158.67,156.0,157.6,157202
2015-05-11,157.9,163.4,157.33,162.18,139217
2015-05-12,163.3,163.3,158.45,160.45,185444
2015-05-13,162.0,162.0,156.02,158.7,895343
2015-05-14,159.67,163.2,158.72,162.82,172985
2015-05-15,163.37,166.64,163.08,165.53,249410
2015-05-18,166.32,167.94,164.63,166.77,192266
2015-05-19,166.67,166.67,162.05,165.53,159010
2015-05-20,166.67,167.67,161.7,162.83,153103
2015-05-21,163.98,165.0,158.33,159.5,223452
2015-05-22,163.33,164.67,159.37,159.6,362571
2015-05-25,159.6,161.33,159.33,160.02,98168
2015-05-26,160.3,160.5,158.65,158.93,180124
2015-05-27,158.32,159.0,157.02,157.97,124289
2015-05-28,158.23,159.65,157.92,158.68,181244
2015-05-29,159.47,159.5,153.55,154.98,707739
2015-06-01,156.67,162.52,155.67,161.02,376554
2015-06-02,161.93,162.42,157.7,158.8,306557
2015-06-03,158.02,158.77,155.6,157.83,255352
2015-06-04,158.33,159.32,154.4,156.87,131740
2015-06-05,158.0,159.32,155.37,157.1,296180
2015-06-08,157.3,159.0,155.37,155.68,303190
2015-06-09,156.02,157.98,154.33,155.15,165492
2015-06-10,155.33,157.67,154.67,157.0,194474
2015-06-11,157.33,158.33,155.1,155.93,200750
2015-06-12,155.67,158.17,155.67,156.7,276087
2015-06-15,155.33,156.65,155.33,155.72,468191
2015-06-16,155.67,158.47,155.33,155.65,150079
2015-06-17,156.17,156.93,154.17,154.57,144695
2015-06-18,153.75,157.33,153.75,155.33,409429
2015-06-19,155.5,157.57,155.33,157.07,232438
2015-06-22,157.53,158.1,155.33,156.9,155355
2015-06-23,156.95,159.27,156.37,157.82,332777
2015-06-24,158.07,159.17,156.67,157.12,213496
2015-06-25,157.65,157.65,155.07,156.52,272819
2015-06-26,156.5,156.5,154.32,154.62,174587
2015-06-29,152.73,153.97,148.7,149.52,408917
2015-06-30,149.33,150.57,148.37,148.93,352514
2015-07-01,149.52,150.97,149.0,149.75,283306
2015-07-02,150.63,153.3,149.77,151.38,204872
2015-07-03,152.33,152.62,150.7,150.92,110056
2015-07-06,150.0,150.63,148.03,149.97,245950
2015-07-07,150.0,150.33,148.35,148.6,620447
2015-07-08,148.6,148.6,142.35,143.17,553721
2015-07-09,143.42,144.0,140.17,140.6,534307
2015-07-10,141.73,147.0,139.82,146.3,575885
2015-07-13,146.67,147.97,145.28,146.68,198733
2015-07-14,145.83,146.93,145.55,146.12,209465
2015-07-15,146.93,148.67,146.67,147.75,185009
2015-07-16,148.0,149.0,146.33,148.35,154823
2015-07-17,148.82,148.82,147.18,147.65,149278
2015-07-20,147.65,147.97,146.33,146.53,194981
2015-07-21,146.65,147.05,144.5,146.45,145736
2015-07-22,145.17,146.8,144.4,145.43,156808
2015-07-23,145.67,147.92,144.2,147.33,206540
2015-07-24,147.63,149.83,147.15,148.68,223373
2015-07-27,148.67,148.67,144.92,145.98,316144
2015-07-28,145.0,145.4,141.33,143.18,257520
2015-07-29,144.0,144.63,140.0,140.6,769034
2015-07-30,142.65,143.5,140.03,140.85,795670
2015-07-31,141.67,145.0,141.07,144.12,330239
2015-08-03,143.33,148.13,142.18,147.3,232545
2015-08-04,146.68,148.25,145.55,146.77,218617
2015-08-05,146.83,151.33,146.35,149.8,287698
2015-08-06,150.3,153.57,149.1,152.13,339324
2015-08-07,151.05,155.4,150.53,152.12,306722
2015-08-10,152.0,155.0,151.38,152.25,174154
2015-08-11,152.33,153.23,149.3,150.62,214330
2015-08-12,150.95,154.0,148.0,150.13,452637
2015-08-13,149.8,151.27,148.67,150.05,324334
2015-08-14,150.67,152.0,149.67,151.5,112009
2015-08-17,152.58,154.5,150.33,153.55,168879
2015-08-18,155.0,155.0,153.0,153.72,150665
2015-08-19,153.67,154.33,153.02,153.73,112074
2015-08-20,154.0,157.62,151.67,153.2,308115
2015-08-21,150.52,154.43,148.37,151.95,539625
2015-08-24,147.0,150.92,141.67,142.95,1714030
2015-08-25,145.0,150.0,141.47,147.68,370201
2015-08-26,144.98,151.7,143.07,149.8,508158
2015-08-27,152.63,153.67,150.0,151.6,1043535
2015-08-28,154.97,157.67,154.17,156.03,617616
2015-08-31,156.33,158.3,147.82,149.82,357267
2015-09-01,150.58,153.17,148.95,150.8,271843
2015-09-02,150.03,154.6,148.08,151.75,360611
2015-09-03,151.95,155.67,151.68,152.65,527617
2015-09-04,153.0,153.33,144.4,145.25,743384
2015-09-07,147.32,149.63,143.43,144.23,360168
2015-09-08,144.38,147.27,142.33,144.97,185834
2015-09-09,146.63,148.35,145.03,145.65,257064
2015-09-10,145.65,148.97,144.5,148.02,690699
2015-09-11,149.3,150.0,147.68,148.13,441867
2015-09-14,149.3,149.65,146.2,148.92,133550
2015-09-15,149.0,150.22,148.53,149.33,384723
2015-09-16,146.17,148.0,144.37,147.28,176690
2015-09-18,146.33,148.33,144.4,145.0,303471
2015-09-21,144.37,146.62,143.43,144.85,177595
2015-09-22,146.83,146.83,143.5,144.63,220202
2015-09-23,144.0,144.0,142.0,142.57,247041
2015-09-24,143.33,145.0,141.67,144.1,191346
2015-09-28,144.0,144.0,140.33,140.63,234172
2015-09-29,140.63,143.13,139.37,142.4,459191
2015-09-30,143.32,143.32,137.35,141.12,469268
2015-10-01,141.83,144.0,141.17,143.75,122811
2015-10-05,144.1,147.9,143.27,146.88,264527
2015-10-06,146.9,149.57,146.0,148.28,217546
2015-10-07,149.57,153.13,148.77,151.82,339507
2015-10-08,153.33,154.67,151.08,154.47,169938
2015-10-09,155.4,155.67,150.83,151.63,190816
2015-10-12,151.52,153.33,146.72,149.1,211792
2015-10-13,148.73,151.0,148.0,149.77,182912
2015-10-14,149.65,150.23,147.33,147.97,139768
2015-10-15,147.6,149.3,147.02,147.32,176383
2015-10-16,147.67,148.67,147.08,147.65,189505
2015-10-19,148.5,149.67,147.08,147.65,114261
2015-10-20,147.33,148.35,145.02,146.28,218382
2015-10-21,146.0,146.18,143.83,145.12,163006
2015-10-23,145.0,147.15,144.3,144.92,210418
2015-10-26,144.1,144.65,138.68,139.05,500638
2015-10-27,139.68,139.68,135.55,136.05,587325
2015-10-28,136.33,136.33,132.72,133.63,619640
2015-10-29,135.0,137.0,133.2,134.38,702231
2015-10-30,134.33,135.83,134.33,135.3,583776
2015-11-02,134.83,135.5,132.35,133.98,401235
2015-11-03,134.98,135.95,133.78,134.68,136097
2015-11-04,135.33,135.93,134.5,134.82,110542
2015-11-05,134.42,136.32,133.68,134.93,418467
2015-11-06,134.5,134.9,132.7,134.02,195592
2015-11-09,132.18,134.73,131.35,132.97,481172
2015-11-10,133.27,134.0,129.52,130.32,698552
2015-11-11,130.33,134.22,130.33,131.05,79877
2015-11-13,129.5,129.5,120.35,123.05,2175944
2015-11-16,123.05,123.05,113.7,119.38,3460582
2015-11-17,120.97,121.57,119.67,121.07,2196818
2015-11-18,121.07,121.97,120.05,121.45,459624
2015-11-19,122.67,122.88,119.83,121.02,935743
2015-11-20,120.35,121.55,119.33,120.97,853113
2015-11-23,121.0,123.6,121.0,123.28,626428
2015-11-24,123.9,124.8,121.17,123.65,1030530
2015-11-26,124.47,127.67,122.2,126.8,1210569
2015-11-27,127.17,127.17,124.55,126.2,886004
2015-11-30,126.53,127.12,123.5,125.83,12463170
2015-12-01,126.63,129.67,126.22,129.43,762395
2015-12-02,129.43,129.75,125.8,128.58,341024
2015-12-03,127.33,130.87,126.9,128.83,1935452
2015-12-04,126.73,132.22,126.73,131.5,1453051
2015-12-07,130.55,133.3,127.35,129.03,2040080
2015-12-08,127.37,128.67,123.48,124.73,539586
2015-12-09,124.73,125.63,122.35,124.4,620788
2015-12-10,125.0,125.33,120.33,122.28,702084
2015-12-11,123.0,125.4,121.73,124.6,767871
2015-12-14,122.73,124.53,121.92,122.55,374902
2015-12-15,123.3,123.83,120.0,121.0,1192287
2015-12-16,122.33,126.28,121.67,125.4,520681
2015-12-17,125.4,127.45,124.8,125.55,323769
2015-12-18,125.17,126.83,124.3,125.05,402784
2015-12-21,124.22,126.12,123.8,125.35,571491
2015-12-22,125.05,126.6,124.17,124.67,493084
2015-12-23,124.7,125.97,124.12,125.48,240269
2015-12-24,125.67,130.0,125.67,129.18,540461
2015-12-28,129.43,135.55,128.55,133.23,1054798
2015-12-29,134.33,134.33,127.73,130.33,898130
2015-12-30,130.68,132.47,129.35,130.97,628588
2015-12-31,131.0,131.3,121.47,127.67,5173938
2016-01-01,130.03,131.32,128.33,129.68,281313
2016-01-04,129.33,134.3,129.33,132.98,684016
2016-01-05,133.33,135.2,132.33,134.1,360081
2016-01-06,134.0,137.47,132.53,133.25,494283
2016-01-07,132.63,132.63,128.77,129.47,651689
2016-01-08,129.67,132.0,129.33,131.28,800631
2016-01-11,128.33,129.52,125.0,125.42,588323
2016-01-12,124.97,126.03,122.93,124.8,733848
2016-01-13,125.03,126.17,119.75,120.93,1460156
2016-01-14,118.33,121.3,118.33,119.35,820045
2016-01-15,119.97,121.0,117.7,118.38,462359
2016-01-18,117.97,118.12,114.33,115.67,381081
2016-01-19,114.93,114.93,110.6,114.38,560360
2016-01-20,111.87,114.0,111.33,113.28,354524
2016-01-21,113.28,114.0,110.42,111.23,2110913
2016-01-22,112.33,115.48,110.85,114.67,314490
2016-01-25,116.65,116.65,113.77,115.35,590308
2016-01-27,113.93,115.92,113.48,115.68,256305
2016-01-28,116.33,116.75,114.02,116.08,690825
2016-01-29,117.0,118.3,114.27,117.18,951671
2016-02-01,117.52,119.93,115.92,118.68,152440
2016-02-02,117.67,117.88,114.4,115.8,318488
2016-02-03,113.7,116.48,111.47,113.3,235073
2016-02-04,114.67,117.1,112.73,113.85,259857
2016-02-05,114.92,114.92,112.37,113.83,1038915
2016-02-08,114.33,114.63,111.17,111.95,251814
2016-02-09,110.0,113.83,109.82,113.03,239638
2016-02-10,111.33,112.33,110.1,110.55,154791
2016-02-11,110.0,111.33,106.0,108.92,230582
2016-02-12,109.17,109.17,104.03,105.25,527385
2016-02-15,108.33,108.5,105.67,107.67,328174
2016-02-16,108.33,109.97,105.47,106.17,174858
2016-02-17,106.07,106.77,103.35,105.22,382653
2016-02-18,106.07,109.17,105.83,107.82,598394
2016-02-19,107.53,108.05,105.22,107.2,405442
2016-02-22,106.68,107.98,106.42,106.8,263605
2016-02-23,108.15,108.65,106.0,106.48,286459
2016-02-24,105.33,107.33,105.08,106.13,233584
2016-02-25,107.25,107.58,105.48,105.93,290413
2016-02-26,106.63,107.33,106.02,106.3,160739
2016-02-29,106.33,107.5,101.85,103.08,319176
2016-03-01,103.0,103.08,100.12,100.48,599292
2016-03-02,100.98,102.83,100.97,102.2,340973
2016-03-03,102.57,104.87,100.78,102.92,467308
2016-03-04,103.6,104.6,102.57,103.0,339104
2016-03-08,104.0,105.82,103.33,103.77,365379
2016-03-09,103.0,104.33,102.4,103.25,268666
2016-03-10,104.33,104.83,102.87,103.2,845251
2016-03-11,104.0,104.3,103.27,103.63,281592
2016-03-14,103.97,104.8,103.0,103.32,195841
2016-03-15,103.12,103.62,102.33,102.72,231140
2016-03-16,102.82,103.33,100.35,101.12,732565
2016-03-17,102.33,103.17,101.75,102.08,693901
2016-03-18,102.63,104.87,102.57,104.45,571120
2016-03-21,104.5,106.67,104.05,105.88,536998
2016-03-22,105.68,107.3,105.17,105.8,548477
2016-03-23,105.68,106.27,104.77,105.7,243026
2016-03-28,105.97,106.0,104.13,105.02,262427
2016-03-29,104.97,105.02,102.82,104.18,148655
2016-03-30,104.22,105.5,103.53,105.03,323100
2016-03-31,105.03,105.03,103.67,104.33,302850
2016-04-01,104.8,105.77,104.18,105.43,140332
2016-04-04,106.98,106.98,104.67,104.92,279546
2016-04-05,104.17,105.3,104.0,104.57,813937
2016-04-06,104.5,107.85,103.67,106.23,591854
2016-04-07,107.0,107.83,105.37,106.02,237769
2016-04-08,105.67,106.3,105.4,105.72,45098
2016-04-11,106.33,107.03,105.33,105.83,137632
2016-04-12,106.25,106.82,105.37,106.02,386388
2016-04-13,107.0,107.62,106.3,106.55,1076761
2016-04-18,105.9,105.9,104.07,104.48,409822
2016-04-20,105.0,105.27,104.33,104.63,291096
2016-04-21,105.98,106.33,105.18,105.68,268211
2016-04-22,105.9,106.22,105.33,105.67,437963
2016-04-25,106.37,106.4,104.67,105.33,411215
2016-04-26,105.33,106.67,105.02,106.3,170762
2016-04-27,106.3,110.75,106.03,109.3,863183
2016-04-28,109.52,111.15,109.52,110.27,720980
2016-04-29,110.0,112.33,109.77,110.68,313165
2016-05-02,110.83,112.5,110.0,111.77,416744
2016-05-03,111.67,113.4,111.37,112.53,687549
2016-05-04,111.7,111.78,108.83,109.47,399314
2016-05-05,109.33,109.5,106.53,106.8,299531
2016-05-06,106.97,110.33,106.67,109.53,504833
2016-05-09,109.7,111.18,109.47,110.65,529598
2016-05-10,110.67,110.87,107.92,108.78,660960
2016-05-11,108.33,109.73,107.33,109.02,313905
2016-05-12,110.67,110.67,108.0,108.32,842824
2016-05-13,108.47,110.18,107.43,109.53,696399
2016-05-16,109.83,110.17,108.45,109.88,85113
2016-05-17,110.42,114.75,110.42,113.73,743165
2016-05-18,113.97,115.58,113.67,115.0,544263
2016-05-19,115.15,115.15,112.38,113.67,188820
2016-05-20,113.87,114.72,112.52,113.05,100255
2016-05-23,113.05,114.25,112.43,113.18,195697
2016-05-24,113.93,115.43,112.77,113.87,256118
2016-05-25,114.1,115.2,113.6,114.22,316534
2016-05-26,115.0,117.08,114.73,115.9,666805
2016-05-27,116.08,118.13,115.33,116.23,423299
2016-05-30,117.3,118.32,114.37,116.55,294561
2016-05-31,116.67,118.88,115.72,116.67,476732
2016-06-01,116.67,118.23,115.52,117.45,299926
2016-06-02,116.0,118.27,115.82,117.55,215063
2016-06-03,117.38,118.48,116.7,117.05,162392
2016-06-06,117.05,117.93,116.0,116.37,139347
2016-06-07,116.72,117.7,116.08,117.33,120685
2016-06-08,117.5,118.67,116.73,117.1,224496
2016-06-09,117.38,121.0,117.38,119.55,326675
2016-06-10,119.93,120.67,118.8,119.32,174866
2016-06-13,117.87,119.32,116.35,116.67,215107
2016-06-14,116.33,117.58,116.33,116.67,254813
2016-06-15,117.0,117.18,116.2,116.53,132548
2016-06-16,116.67,117.88,115.43,117.2,310092
2016-06-17,117.2,118.0,115.33,116.62,380731
2016-06-20,116.67,118.25,116.38,117.43,120486
2016-06-21,117.2,119.67,117.2,118.95,228625
2016-06-22,118.05,120.25,118.05,119.3,235651
2016-06-23,119.3,120.25,118.35,119.75,185836
2016-06-24,117.42,118.98,115.33,116.08,558352
2016-06-27,116.33,118.83,115.57,116.15,282293
2016-06-28,116.93,118.22,114.68,115.35,430807
2016-06-29,116.57,117.97,116.0,117.2,565725
2016-06-30,117.57,118.28,115.83,117.4,411860
2016-07-01,117.5,123.62,116.88,121.18,334995
2016-07-04,123.33,126.63,122.6,124.2,547587
2016-07-05,124.17,126.17,123.37,124.77,372620
2016-07-07,124.35,125.65,122.5,122.78,244017
2016-07-08,122.67,122.67,119.4,120.22,218232
2016-07-11,121.0,125.0,120.35,121.45,187331
2016-07-12,121.62,123.18,121.2,121.82,233788
2016-07-13,123.93,126.67,123.33,123.83,798394
2016-07-14,122.85,123.65,121.7,122.83,273167
2016-07-15,123.33,125.97,122.28,124.82,439965
2016-07-18,123.07,123.08,119.8,120.9,590716
2016-07-19,120.67,123.67,119.83,123.25,367680
2016-07-20,123.0,124.93,123.0,124.2,242352
2016-07-21,124.83,126.3,124.33,124.93,1176318
2016-07-22,125.45,126.25,123.92,124.98,1136299
2016-07-25,125.13,125.67,124.5,124.98,586577
2016-07-26,125.0,125.15,123.33,124.15,396052
2016-07-27,124.67,125.18,123.72,124.32,472154
2016-07-28,124.28,124.97,122.67,123.43,257916
2016-07-29,123.4,123.9,121.78,122.85,157511
2016-08-01,123.0,124.65,122.05,123.25,214497
2016-08-02,122.55,124.67,121.5,123.55,370427
2016-08-03,124.32,124.53,122.0,122.22,129888
2016-08-04,122.5,124.0,121.9,122.72,87991
2016-08-05,123.42,125.25,122.78,124.98,287533
2016-08-08,125.37,125.53,121.73,124.63,197784
2016-08-09,126.47,126.47,123.37,123.8,560787
2016-08-10,124.33,124.57,120.75,121.33,296774
2016-08-11,121.32,122.4,120.0,121.95,147908
2016-08-12,122.6,123.7,122.22,122.97,179492
2016-08-16,123.32,124.0,122.38,122.93,226089
2016-08-17,123.67,123.87,122.8,123.32,525991
2016-08-18,123.33,125.0,123.03,124.83,264275
2016-08-19,125.02,125.77,124.5,124.98,513240
2016-08-22,125.0,125.85,123.92,124.62,225901
2016-08-23,124.48,124.48,123.42,123.92,160466
2016-08-24,124.0,129.33,124.0,128.77,1139148
2016-08-25,129.3,129.63,126.83,127.92,943847
2016-08-26,128.48,129.6,126.85,128.23,555292
2016-08-29,128.32,128.82,127.12,128.08,205691
2016-08-30,128.4,129.17,128.02,128.58,363762
2016-08-31,128.33,130.6,127.1,128.17,427869
2016-09-01,127.22,129.75,127.22,128.12,511478
2016-09-02,127.9,129.63,127.63,128.6,358927
2016-09-06,130.6,130.67,128.7,129.18,443949
2016-09-07,130.83,134.0,129.33,131.97,2244754
2016-09-08,132.33,133.0,131.25,132.23,649027
2016-09-09,132.33,134.47,130.67,133.53,906274
2016-09-12,132.33,132.63,129.88,131.98,635341
2016-09-14,131.03,132.68,130.02,132.25,333565
2016-09-15,130.33,131.27,128.83,130.65,427267
2016-09-16,130.67,135.2,130.67,134.4,1196823
2016-09-19,134.65,134.67,132.33,133.87,314812
2016-09-20,133.87,135.33,132.93,134.97,578073
2016-09-21,134.95,135.92,134.17,134.88,283976
2016-09-22,135.43,136.25,135.02,135.6,202660
2016-09-23,135.63,135.63,134.05,134.58,606150
2016-09-26,134.67,135.0,130.72,134.57,758941
2016-09-27,135.0,137.0,134.78,135.77,312537
2016-09-28,135.77,136.08,133.53,134.13,587996
2016-09-29,135.33,136.33,130.6,132.83,518301
2016-09-30,132.35,135.3,131.42,133.37,585874
2016-10-03,134.37,139.25,134.12,138.28,642836
2016-10-04,138.47,140.32,137.83,138.33,581452
2016-10-05,138.35,139.27,136.25,136.87,321575
2016-10-06,138.0,140.4,135.75,137.37,832709
2016-10-07,137.33,139.77,137.33,138.45,349696
2016-10-10,139.67,139.95,137.1,137.53,392003
2016-10-13,137.33,140.0,137.17,138.25,579270
2016-10-14,138.97,140.5,138.18,139.3,443069
2016-10-17,139.48,140.42,137.67,138.1,279259
2016-10-18,138.28,139.98,134.87,136.57,326567
2016-10-19,136.75,138.67,135.83,137.95,199882
2016-10-20,138.13,139.52,137.55,138.08,241486
2016-10-21,138.22,138.73,136.93,138.13,142832
2016-10-24,137.6,140.27,137.33,139.08,505554
2016-10-25,139.0,139.92,137.77,138.3,136358
2016-10-26,138.03,138.75,136.73,137.32,135783
2016-10-27,136.68,139.15,136.68,137.47,588857
2016-10-28,137.3,139.37,135.88,138.67,382885
2016-10-30,139.6,139.83,138.0,139.1,33017
2016-11-01,139.0,139.82,137.68,139.33,227543
2016-11-02,138.33,139.17,136.0,136.72,411580
2016-11-03,136.4,137.33,135.2,136.1,555458
2016-11-04,136.67,136.85,132.67,134.2,432817
2016-11-07,134.33,137.0,134.33,135.85,128535
2016-11-08,135.97,137.17,135.33,136.53,143445
2016-11-09,133.3,134.88,126.35,134.47,472332
2016-11-10,136.32,137.5,135.63,136.98,124358
2016-11-11,136.5,137.05,134.0,135.83,531378
2016-11-15,135.03,135.83,132.37,134.97,310065
2016-11-16,137.33,138.33,135.07,136.72,489482
2016-11-17,136.17,137.33,134.47,136.58,135149
2016-11-18,136.77,140.28,135.7,139.52,414508
2016-11-21,139.93,142.25,138.2,139.08,644100
2016-11-22,140.0,143.0,139.67,141.95,1028011
2016-11-23,143.37,143.82,140.85,142.4,521489
2016-11-24,146.85,148.67,145.73,146.45,1439953
2016-11-25,146.83,148.32,145.22,145.62,450660
2016-11-28,145.5,148.25,141.62,142.75,1501735
2016-11-29,141.58,142.63,137.72,138.33,881162
2016-11-30,139.33,140.43,137.05,139.78,694280
2016-12-01,142.17,145.15,141.05,142.72,1103414
2016-12-02,142.72,144.27,141.75,142.18,320305
2016-12-05,142.5,146.8,142.33,145.57,676052
2016-12-06,146.08,146.67,144.95,145.63,362536
2016-12-07,145.67,146.13,144.27,145.58,318824
2016-12-08,145.33,147.6,145.13,146.95,585757
2016-12-09,148.33,148.73,147.33,147.55,310531
2016-12-12,149.83,151.03,147.23,147.83,424494
2016-12-13,148.33,149.33,147.4,148.03,447133
2016-12-14,147.97,150.68,146.92,148.95,637101
2016-12-15,147.37,150.08,145.43,146.55,372204
2016-12-16,146.67,148.0,145.33,146.68,334129
2016-12-19,146.7,148.98,146.7,147.12,356093
2016-12-20,147.35,148.08,145.4,145.75,294988
2016-12-21,146.67,147.8,145.73,146.6,433025
2016-12-22,146.33,148.0,145.42,146.25,196509
2016-12-23,146.43,147.32,145.47,145.68,223487
2016-12-26,145.9,146.63,143.0,143.45,244883
2016-12-27,142.92,146.33,142.15,145.37,472854
2016-12-28,145.55,146.67,144.78,145.68,364058
2016-12-29,145.87,149.22,145.87,148.05,1084476
2016-12-30,147.92,151.17,147.45,150.7,218310
2017-01-02,150.9,153.93,150.88,151.75,411356
2017-01-03,151.95,154.25,151.6,152.82,578051
2017-01-04,154.02,155.0,151.53,152.17,761158
2017-01-05,152.32,157.17,152.32,155.72,589496
2017-01-06,157.3,160.25,156.0,158.37,1124895
2017-01-09,160.0,161.15,158.33,159.42,953582
2017-01-10,160.0,161.67,159.78,160.8,866684
2017-01-11,161.33,165.0,156.43,161.67,2229277
2017-01-12,153.85,158.22,151.11,154.18,1516083
2017-01-13,155.56,155.96,153.33,153.6,505364
2017-01-16,153.65,153.93,151.13,152.51,358668
2017-01-17,152.71,153.78,151.56,151.89,258901
2017-01-18,151.56,152.22,149.02,149.47,522306
2017-01-19,150.09,150.09,146.96,148.2,699626
2017-01-20,148.85,148.85,145.56,145.85,457768
2017-01-23,146.25,151.09,146.0,149.6,483284
2017-01-24,151.09,151.78,149.16,149.93,1134745
2017-01-25,150.13,152.65,149.78,150.09,1051831
2017-01-27,150.38,153.25,150.02,150.56,712864
2017-01-30,150.67,151.56,148.89,149.47,393599
2017-01-31,149.82,151.62,144.89,146.51,4205557
2017-02-01,147.56,147.73,145.22,147.18,795589
2017-02-02,147.67,152.36,147.67,151.25,898294
2017-02-03,152.85,153.78,151.71,153.22,748063
2017-02-06,154.67,155.87,153.85,154.53,799142
2017-02-07,155.47,156.22,147.62,148.98,924440
2017-02-08,148.6,150.71,148.18,149.73,380999
2017-02-09,150.22,153.73,148.89,153.0,1007262
2017-02-10,154.31,154.65,152.67,153.58,503167
2017-02-13,148.45,149.56,147.87,148.76,564562
2017-02-14,149.11,150.13,147.13,149.76,484102
2017-02-15,149.42,151.93,148.89,149.49,1118120
2017-02-16,149.51,150.65,148.16,148.73,484466
2017-02-17,149.85,149.85,147.29,148.18,453891
2017-02-20,148.67,148.85,142.31,145.4,1090649
2017-02-21,144.89,148.78,142.49,145.8,1367377
2017-02-22,147.05,147.53,144.89,145.11,338021
2017-02-23,145.2,146.8,144.45,145.29,661686
2017-02-27,145.05,146.53,144.47,145.87,936922
2017-02-28,146.6,146.62,144.22,145.38,541507
2017-03-01,146.93,148.45,145.78,148.07,841656
2017-03-02,149.2,149.78,145.96,147.09,900310
2017-03-03,147.11,149.29,146.67,148.29,292966
2017-03-06,148.6,150.67,148.58,150.38,794436
2017-03-07,151.11,151.42,148.02,148.91,629115
2017-03-08,148.91,149.53,144.93,145.36,612040
2017-03-09,145.36,145.38,142.89,144.05,546655
2017-03-10,144.45,149.91,144.13,148.62,999382
2017-03-14,149.87,151.33,147.73,148.98,705334
2017-03-15,148.49,149.25,147.16,147.82,463763
2017-03-16,149.69,150.4,148.18,150.0,583699
2017-03-17,150.22,150.22,147.67,148.47,559262
2017-03-20,149.33,150.18,147.89,148.47,279959
2017-03-21,147.82,148.78,146.25,147.78,1013795
2017-03-22,146.69,147.56,145.78,146.07,747262
2017-03-23,146.62,149.65,146.05,148.13,441721
2017-03-24,147.42,149.07,146.96,147.91,278552
2017-03-27,147.42,148.98,147.09,148.09,420216
2017-03-28,147.65,148.2,146.45,147.07,656379
2017-03-29,147.47,147.76,146.71,147.11,514176
2017-03-30,147.53,147.71,145.11,146.09,1491953
2017-03-31,146.65,148.82,145.93,148.36,601495
2017-04-03,148.18,148.18,146.45,146.8,354156
2017-04-05,147.02,148.45,146.8,147.73,416966
2017-04-06,147.65,149.29,146.89,148.29,496253
2017-04-07,148.45,150.42,148.11,148.89,618446
2017-04-10,148.58,151.02,148.58,150.2,397926
2017-04-11,151.33,151.33,149.33,149.87,808039
2017-04-12,150.11,150.47,148.05,148.27,218786
2017-04-13,148.49,149.73,147.76,148.8,313332
2017-04-17,148.78,149.22,147.65,147.8,88101
2017-04-18,148.65,149.56,147.62,147.96,208525
2017-04-19,147.16,148.27,146.71,147.42,197596
2017-04-20,147.87,147.87,143.78,144.2,578867
2017-04-21,144.36,144.89,143.38,144.22,303064
2017-04-24,143.56,144.56,143.22,143.85,227950
2017-04-25,144.0,145.76,144.0,145.58,211923
2017-04-26,145.87,145.87,144.05,144.69,247246
2017-04-27,145.76,145.76,143.07,143.58,429427
2017-04-28,143.91,145.93,143.18,145.4,294025
2017-05-02,145.78,147.42,145.07,146.76,324204
2017-05-03,147.78,148.31,145.78,146.69,417785
2017-05-04,147.11,148.18,146.49,147.16,285253
2017-05-05,147.11,147.11,142.8,143.2,314946
2017-05-08,143.38,144.42,143.22,144.07,144621
2017-05-09,144.45,145.11,143.4,144.71,192761
2017-05-10,144.02,145.33,143.85,144.31,291039
2017-05-11,144.4,145.29,140.51,140.96,590050
2017-05-12,140.45,142.27,137.89,141.69,499852
2017-05-15,142.22,143.56,141.07,142.38,219366
2017-05-16,143.6,145.78,142.51,143.56,169816
2017-05-17,143.47,143.98,142.22,142.42,176338
2017-05-18,141.91,143.2,140.89,141.05,139628
2017-05-19,142.22,142.22,140.0,140.6,155907
2017-05-22,141.56,142.31,139.29,139.71,284362
2017-05-23,140.67,141.11,137.78,138.09,298450
2017-05-24,138.29,139.33,134.4,135.36,316929
2017-05-25,135.78,136.89,134.82,136.49,619094
2017-05-26,136.8,138.58,135.6,137.91,275139
2017-05-29,138.6,139.05,135.31,136.31,232610
2017-05-30,135.56,140.89,132.11,140.0,455390
2017-05-31,140.0,140.0,135.8,136.36,514974
2017-06-01,136.85,137.11,133.62,134.67,259824
2017-06-02,135.51,135.51,133.02,133.51,226263
2017-06-05,134.22,135.56,132.89,134.13,356142
2017-06-06,134.8,134.8,131.13,131.78,356548
2017-06-07,134.53,134.53,131.56,133.09,684422
2017-06-08,132.78,132.78,129.45,129.93,648762
2017-06-09,129.78,130.31,127.25,128.51,422239
2017-06-12,128.85,129.13,127.69,128.4,249330
2017-06-13,128.2,131.49,128.2,130.98,769952
2017-06-14,130.27,131.45,129.29,130.76,484948
2017-06-15,131.4,133.49,130.25,133.07,331977
2017-06-16,133.78,134.13,130.45,130.85,449621
2017-06-19,131.25,131.42,129.42,129.67,164984
2017-06-20,130.16,131.58,129.49,131.16,220458
2017-06-21,130.67,131.09,126.8,127.4,539291
2017-06-22,127.45,127.56,124.56,125.11,502575
2017-06-23,125.76,125.76,122.22,122.31,481307
2017-06-27,122.89,123.49,116.98,119.45,723448
2017-06-28,120.0,120.89,116.93,117.67,607201
2017-06-29,118.45,119.0,117.49,117.89,434674
2017-06-30,118.62,118.67,114.27,115.38,1306513
2017-07-03,115.56,116.18,114.49,115.78,504738
2017-07-04,116.45,118.33,116.0,117.25,384981
2017-07-05,117.27,119.02,117.27,118.56,314190
2017-07-06,119.22,119.67,117.33,117.93,346568
2017-07-07,117.33,118.0,116.56,117.16,238175
2017-07-10,117.78,119.4,117.33,118.05,41359
2017-07-11,118.2,118.62,116.89,117.22,259360
2017-07-12,117.38,120.87,117.0,118.31,788183
2017-07-13,118.93,119.25,117.6,118.2,619997
2017-07-14,118.53,120.38,117.0,119.73,584633
2017-07-17,120.85,122.65,119.11,121.96,739149
2017-07-18,123.47,123.89,120.93,123.4,694388
2017-07-19,123.91,126.38,121.78,126.02,942833
2017-07-20,126.67,131.29,124.2,126.78,1070204
2017-07-21,127.25,127.25,124.91,125.51,633666
2017-07-24,125.33,126.45,123.62,125.05,446228
2017-07-25,125.05,125.49,123.65,124.51,439598
2017-07-26,124.51,125.67,124.05,125.36,371531
2017-07-27,125.33,125.96,123.58,124.0,403348
2017-07-28,123.58,125.53,123.58,125.22,306964
2017-07-31,125.22,131.42,124.89,127.78,761903
2017-08-01,129.31,134.18,126.65,127.18,464923
2017-08-02,127.11,127.62,124.93,125.36,247226
2017-08-03,125.45,127.96,124.67,126.78,354716
2017-08-04,127.42,127.42,125.02,126.33,384852
2017-08-07,126.93,128.45,126.45,127.67,200014
2017-08-08,127.56,128.09,124.91,125.49,392815
2017-08-09,124.62,125.8,124.02,125.36,279146
2017-08-10,125.38,126.18,123.16,125.31,532772
2017-08-11,123.6,128.67,121.51,123.98,711232
2017-08-14,124.89,125.4,122.53,124.47,354515
2017-08-16,124.45,128.0,123.45,127.31,358896
2017-08-17,127.96,127.96,125.42,125.67,407760
2017-08-18,125.33,128.67,124.8,127.31,293104
2017-08-21,127.53,129.73,120.51,121.2,843293
2017-08-22,120.22,123.47,120.22,122.71,517343
2017-08-23,122.36,124.4,121.78,123.91,251186
2017-08-24,124.4,126.51,122.98,125.96,366213
2017-08-28,126.18,128.36,126.18,128.05,241503
2017-08-29,127.16,129.67,126.36,128.53,462720
2017-08-30,128.47,132.62,128.47,129.8,736505
2017-08-31,130.62,131.56,125.2,126.73,843695
2017-09-01,127.98,131.71,127.25,131.2,868812
2017-09-04,132.36,137.78,130.76,137.09,2448701
2017-09-05,137.33,139.07,135.76,137.25,889653
2017-09-06,136.45,138.82,136.4,137.45,433946
2017-09-07,138.62,138.67,135.11,135.87,350869
2017-09-08,136.67,142.71,135.78,140.16,1860967
2017-09-11,138.76,148.0,138.76,147.2,2588624
2017-09-12,148.45,148.85,144.09,147.31,906727
2017-09-13,146.89,148.45,140.93,143.78,669133
2017-09-14,142.62,144.33,137.33,141.38,1240072
2017-09-15,143.13,145.6,140.87,143.58,1183845
2017-09-18,144.45,146.13,141.8,144.53,429985
2017-09-19,144.47,147.11,143.27,146.65,565742
2017-09-20,146.67,147.18,143.98,145.82,487563
2017-09-21,145.78,146.76,143.13,145.91,769453
2017-09-22,145.73,147.85,142.89,146.09,1428072
2017-09-25,144.58,148.33,142.76,147.78,995497
2017-09-26,148.45,155.56,147.82,155.27,1911979
2017-09-27,155.42,158.27,153.38,155.8,1493047
2017-09-28,155.51,157.76,149.25,154.8,2079490
2017-09-29,153.76,157.76,151.16,157.18,861320
2017-10-03,156.89,158.62,155.05,157.67,689435
2017-10-04,158.22,159.56,154.33,155.76,673068
2017-10-05,155.96,156.38,152.58,155.45,793034
2017-10-06,155.07,157.62,154.71,155.58,752146
2017-10-09,154.89,155.56,152.47,153.51,707735
2017-10-10,153.69,157.36,152.89,156.67,553620
2017-10-11,158.13,159.0,153.0,153.78,826809
2017-10-12,153.82,155.33,152.05,154.31,532584
2017-10-13,154.62,157.13,154.62,155.42,453958
2017-10-16,157.07,157.07,153.78,154.65,336630
2017-10-17,154.76,155.4,152.69,153.42,292969
2017-10-18,153.38,154.67,152.4,152.62,144567
2017-10-19,152.62,153.33,151.11,151.38,60310
2017-10-23,152.45,152.98,148.33,151.02,452379
2017-10-24,150.98,153.91,149.76,153.31,526708
2017-10-25,154.22,154.65,150.27,150.93,464394
2017-10-26,150.33,157.67,150.22,156.33,765478
2017-10-27,157.07,157.09,154.45,156.42,701598
2017-10-30,156.69,167.56,156.67,166.71,1695755
2017-10-31,167.56,168.58,162.93,164.02,650403
2017-11-01,166.62,166.98,163.07,164.58,435542
2017-11-02,164.11,164.73,158.45,160.16,432690
2017-11-03,160.45,163.11,159.22,161.11,431564
2017-11-06,161.33,165.78,160.6,164.82,620556
2017-11-07,167.11,170.11,165.0,166.42,1213571
2017-11-08,165.6,166.25,161.16,161.65,308946
2017-11-09,162.62,163.78,159.33,161.69,418462
2017-11-10,161.69,165.27,159.78,160.93,744790
2017-11-13,162.22,162.25,157.47,158.27,484687
2017-11-14,158.27,158.78,155.56,156.09,267129
2017-11-15,156.67,158.78,154.47,156.67,347572
2017-11-16,156.67,158.42,155.56,155.91,267596
2017-11-17,157.31,158.22,156.0,157.13,117070
2017-11-20,154.27,159.49,154.27,156.8,286909
2017-11-21,156.89,158.2,156.45,157.58,229903
2017-11-22,158.05,162.42,157.71,160.96,596557
2017-11-23,162.22,163.85,160.98,161.62,506978
2017-11-24,162.22,164.45,160.45,163.91,468766
2017-11-27,165.2,166.65,163.56,164.87,709089
2017-11-28,163.58,166.67,162.45,165.87,562216
2017-11-29,166.67,166.67,162.85,164.0,369012
2017-11-30,162.78,165.05,159.65,160.87,477339
2017-12-01,160.71,162.78,159.67,160.18,325060
2017-12-04,160.25,162.0,159.87,160.42,288323
2017-12-05,160.45,161.02,156.58,157.51,294685
2017-12-06,157.33,158.76,153.67,154.62,418400
2017-12-07,155.93,157.2,153.45,155.36,315437
2017-12-08,156.85,161.09,156.36,160.36,372370
2017-12-11,160.89,161.25,158.47,159.16,329950
2017-12-12,160.45,163.13,156.47,157.73,668659
2017-12-13,157.6,159.11,156.51,158.38,305361
2017-12-14,160.0,160.45,156.18,157.22,387340
2017-12-15,159.11,159.51,157.02,157.93,236575
2017-12-18,157.42,158.53,153.38,156.4,299231
2017-12-19,156.47,158.85,156.29,157.02,354506
2017-12-20,157.89,159.02,156.62,157.16,219198
2017-12-21,157.87,160.0,157.56,159.29,367122
2017-12-22,160.0,160.89,158.53,159.51,321858
2017-12-26,160.0,161.76,158.16,158.85,262164
2017-12-27,160.45,160.91,159.2,160.4,321010
2017-12-28,160.67,167.76,159.56,167.09,1685558
2017-12-29,166.89,167.85,164.22,165.11,493493
2018-01-01,166.22,167.71,165.33,165.76,471037
2018-01-02,166.6,167.22,162.36,166.34,548386
2018-01-03,167.11,169.56,165.8,167.51,753373
2018-01-04,169.38,171.09,168.14,169.58,662892
2018-01-05,169.78,171.11,167.91,169.11,577285
2018-01-08,168.29,171.11,168.02,168.78,659707
2018-01-09,169.25,169.78,166.98,167.89,314957
2018-01-10,167.8,172.87,167.8,170.6,1062235
2018-01-11,170.98,171.96,169.05,170.29,394647
2018-01-12,170.85,172.67,169.34,170.91,673313
2018-01-15,171.05,171.56,167.58,168.18,357167
2018-01-16,168.85,169.78,166.6,168.27,425674
2018-01-17,167.2,171.11,166.71,168.98,452539
2018-01-18,171.11,171.11,166.62,167.11,290815
2018-01-19,166.67,168.45,165.13,166.51,377289
2018-01-22,167.76,170.74,162.91,165.25,686019
2018-01-23,165.78,167.8,164.73,166.74,503670
2018-01-24,166.67,170.78,166.67,168.47,687599
2018-01-25,168.89,172.36,168.49,169.65,1047503
2018-01-29,169.65,169.67,162.25,162.87,796360
2018-01-30,162.49,164.0,159.4,159.76,690191
2018-01-31,159.76,162.2,158.87,159.53,399404
2018-02-01,159.96,162.67,158.11,159.07,659151
2018-02-02,157.87,158.67,151.25,153.62,410036
2018-02-05,151.11,154.16,147.8,149.6,261006
2018-02-06,147.07,156.42,145.22,155.22,1502914
2018-02-07,156.0,163.0,156.0,158.25,2134864
2018-02-08,160.85,161.33,157.51,160.93,587556
2018-02-09,160.0,160.51,156.89,157.8,573610
2018-02-12,161.33,162.45,159.6,160.33,1037814
2018-02-14,160.45,161.93,159.16,159.67,650316
2018-02-15,160.4,162.22,159.29,160.89,710275
2018-02-16,161.76,162.0,160.09,160.58,562678
2018-02-19,161.78,161.96,158.62,160.02,480482
2018-02-20,160.09,162.0,159.02,160.98,565166
2018-02-21,154.22,155.11,151.69,152.51,1065339
2018-02-22,152.36,155.82,147.96,151.22,1145219
2018-02-23,151.78,154.4,150.18,153.11,425682
2018-02-26,154.96,156.45,154.16,155.09,401920
2018-02-27,156.0,157.42,154.09,155.18,394689
2018-02-28,154.22,155.71,153.56,155.49,409813
2018-03-01,155.31,156.36,153.36,155.45,339238
2018-03-05,154.22,156.45,154.22,155.69,327603
2018-03-06,155.71,157.31,152.91,154.02,427453
2018-03-07,152.96,155.07,148.91,149.58,293830
2018-03-08,149.42,151.0,144.47,145.13,431889
2018-03-09,145.29,147.56,141.47,142.6,601955
2018-03-12,145.29,145.6,143.56,145.2,300758
2018-03-13,145.11,146.98,143.73,145.42,416802
2018-03-14,145.33,152.45,145.31,151.49,917464
2018-03-15,153.33,153.33,149.47,150.09,649869
2018-03-16,148.96,151.47,148.27,149.89,595571
2018-03-19,149.96,153.38,149.02,149.78,892681
2018-03-20,150.27,150.27,144.22,145.38,689486
2018-03-21,146.67,148.78,146.67,147.67,377984
2018-03-22,148.45,153.13,148.45,151.71,1513899
2018-03-23,150.82,156.45,147.67,155.53,5043261
2018-03-26,156.89,156.89,149.78,152.2,1812181
2018-03-27,143.33,147.97,142.0,144.53,2742078
2018-03-28,143.4,145.93,142.73,144.23,2219838
2018-04-02,147.0,154.0,144.2,151.37,1524529
2018-04-03,150.0,150.0,146.83,147.37,789750
2018-04-04,149.27,149.27,143.4,143.87,1002537
2018-04-05,144.33,145.67,144.07,145.0,983714
2018-04-06,144.37,146.63,144.0,145.07,821043
2018-04-09,145.33,145.33,142.33,144.1,802179
2018-04-10,144.93,145.5,144.43,144.8,693885
2018-04-11,146.03,151.33,145.93,146.67,3053178
2018-04-12,147.77,148.6,143.73,145.23,819229
2018-04-13,145.33,147.1,145.0,146.33,1771507
2018-04-16,144.47,145.97,142.0,145.27,459260
2018-04-17,144.93,145.87,144.1,145.3,415033
2018-04-18,145.8,146.0,144.57,145.4,391209
2018-04-19,146.53,150.83,146.53,150.1,2167454
2018-04-20,150.63,154.3,149.93,153.63,1260962
2018-04-23,153.5,155.63,151.5,154.4,897579
2018-04-24,156.3,160.6,154.73,158.03,1824432
2018-04-25,157.67,157.67,155.13,155.83,775443
2018-04-26,157.5,158.93,155.0,156.77,1805405
2018-04-27,157.67,157.67,150.97,154.2,783876
2018-04-30,152.83,155.4,152.07,154.97,440462
2018-05-02,155.73,155.73,147.33,147.83,763123
2018-05-03,149.33,154.07,148.1,153.2,1338796
2018-05-04,152.67,152.77,146.57,147.37,1147645
2018-05-07,149.2,152.93,149.07,152.33,677276
2018-05-08,153.73,156.6,149.7,151.17,1025980
2018-05-09,152.2,156.0,152.07,153.43,1468718
2018-05-10,154.37,156.63,153.6,154.23,666037
2018-05-11,155.03,157.97,154.17,156.9,856036
2018-05-14,157.67,158.53,156.2,157.83,723831
2018-05-15,157.67,161.23,156.9,157.6,679742
2018-05-16,158.33,159.83,156.7,158.2,410610
2018-05-17,159.83,162.6,157.53,162.0,797836
2018-05-18,163.97,165.0,160.9,162.27,886510
2018-05-21,161.93,163.83,158.47,159.33,505842
2018-05-22,159.67,162.8,157.0,159.4,869136
2018-05-23,159.33,159.33,153.03,153.93,709115
2018-05-24,155.33,155.33,135.97,143.77,4183244
2018-05-25,142.27,146.0,140.87,145.03,1569178
2018-05-28,145.47,150.1,144.67,146.77,1410982
2018-05-29,149.67,155.0,148.37,150.4,3778393
2018-05-30,150.53,151.53,142.97,144.5,1882875
2018-05-31,145.23,147.27,142.07,143.9,1314254
2018-06-01,145.33,146.53,142.67,143.53,889875
2018-06-04,144.67,146.7,142.57,145.67,1235044
2018-06-05,145.47,146.67,142.7,143.17,852272
2018-06-06,143.4,145.73,143.27,144.7,634276
2018-06-07,145.43,149.0,144.4,148.33,1277200
2018-06-08,147.97,149.27,145.7,147.03,454683
2018-06-11,147.0,148.33,145.67,146.2,347036
2018-06-12,146.47,151.13,146.2,149.8,1290408
2018-06-13,149.8,152.33,148.2,149.1,796412
2018-06-14,149.83,149.83,146.57,148.3,744404
2018-06-15,148.53,149.13,146.63,148.27,526496
2018-06-18,147.67,149.23,143.6,144.77,948935
2018-06-19,144.67,146.67,141.5,143.0,1054794
2018-06-20,142.9,144.43,139.13,140.83,938380
2018-06-21,141.33,143.0,139.2,139.73,1037100
2018-06-22,140.0,140.9,138.57,140.13,1148248
2018-06-25,142.0,142.0,136.03,138.93,996008
2018-06-26,139.83,143.7,138.5,141.33,1148525
2018-06-27,142.0,142.47,137.33,139.1,694386
2018-06-28,138.67,142.17,132.8,134.17,1557308
2018-06-29,136.0,140.8,134.43,139.9,710864
2018-07-02,140.17,141.3,137.4,138.3,909875
2018-07-03,138.37,140.17,137.43,139.0,459786
2018-07-04,139.9,139.93,136.3,138.83,415428
2018-07-05,138.67,138.67,136.1,137.1,422678
2018-07-06,137.1,138.93,136.43,137.03,245804
2018-07-09,137.7,139.63,136.6,137.0,1016645
2018-07-10,137.7,139.77,137.2,137.97,727931
2018-07-11,138.33,141.33,138.33,140.07,1126815
2018-07-12,142.13,143.07,138.9,140.03,820143
2018-07-13,140.03,141.1,135.7,136.67,378088
2018-07-16,137.03,138.53,135.5,136.97,482721
2018-07-17,137.33,138.87,136.53,137.87,321935
2018-07-18,138.03,140.67,137.8,139.63,623196
2018-07-19,142.07,142.6,138.67,139.8,1052092
2018-07-20,139.8,141.6,136.8,138.03,1581395
2018-07-23,139.07,139.07,136.67,137.0,334835
2018-07-24,138.27,138.67,136.67,137.77,320426
2018-07-25,139.27,139.9,136.4,136.83,756209
2018-07-26,137.3,139.5,136.77,139.0,380749
2018-07-27,138.93,142.63,138.03,141.13,561666
2018-07-30,140.67,142.13,139.33,141.1,369679
2018-07-31,142.0,142.17,138.73,139.37,622467
2018-08-01,140.4,143.6,139.67,142.3,673460
2018-08-02,143.53,144.83,140.4,141.37,886762
2018-08-03,142.4,143.3,139.5,140.4,945863
2018-08-06,141.33,143.33,140.47,142.57,716130
2018-08-07,143.33,144.43,142.53,143.27,659664
2018-08-08,143.33,146.0,141.53,144.2,877728
2018-08-09,144.67,144.67,142.67,143.23,306809
2018-08-10,143.33,143.73,141.0,142.4,328401
2018-08-13,143.0,144.1,140.73,141.6,557478
2018-08-14,142.93,142.93,137.13,138.4,1296215
2018-08-16,138.0,138.0,135.67,136.7,609197
2018-08-17,136.67,138.03,135.67,135.97,409900
2018-08-20,137.6,138.53,136.33,137.3,800212
2018-08-21,138.67,139.67,136.87,137.63,402947
2018-08-23,138.67,139.3,136.87,138.3,608495
2018-08-24,138.0,139.6,136.3,138.5,749991
2018-08-27,138.03,141.53,138.03,140.73,592904
2018-08-28,141.87,141.87,138.13,138.87,503164
2018-08-29,139.73,140.7,138.4,139.67,471450
2018-08-30,139.93,143.0,138.4,142.57,912537
2018-08-31,141.87,144.5,141.87,142.4,760196
2018-09-03,143.33,143.67,140.8,141.23,420976
2018-09-04,141.8,141.97,139.37,139.83,497072
2018-09-05,139.87,140.13,134.53,136.47,1014986
2018-09-06,137.07,139.27,136.47,138.93,497558
2018-09-07,139.3,139.3,136.97,137.9,279987
2018-09-10,138.5,138.5,135.9,136.3,443966
2018-09-11,136.13,136.67,134.8,135.17,341007
2018-09-12,136.63,136.63,133.0,135.13,875048
2018-09-14,136.0,137.33,135.7,137.1,347168
2018-09-17,137.1,138.27,135.47,137.43,442209
2018-09-18,137.33,139.27,135.73,138.27,845711
2018-09-19,137.07,139.53,137.0,138.63,597506
2018-09-21,138.67,147.47,138.67,145.77,2841780
2018-09-24,147.37,151.33,144.67,146.07,2310087
2018-09-25,147.13,148.23,142.73,146.57,802598
2018-09-26,150.0,150.0,143.7,145.6,870725
2018-09-27,144.67,147.87,141.77,143.43,1497760
2018-09-28,144.5,149.97,140.4,146.37,1139867
2018-10-01,149.2,149.2,142.23,147.4,679573
2018-10-03,146.33,149.33,145.9,146.97,810599
2018-10-04,146.67,146.77,133.03,139.33,798418
2018-10-05,132.03,132.27,120.67,124.6,2938441
2018-10-08,124.4,130.27,123.83,129.33,1758365
2018-10-09,129.73,131.53,123.33,129.7,2387142
2018-10-10,128.67,135.07,126.7,132.57,1467653
2018-10-11,130.4,138.5,128.47,131.9,2474616
2018-10-12,132.87,135.6,131.47,135.07,990446
2018-10-15,136.67,137.5,131.77,136.67,912217
2018-10-16,138.0,140.67,134.67,139.9,967717
2018-10-17,139.7,141.33,133.67,134.57,852091
2018-10-19,134.0,137.63,131.03,135.23,810677
2018-10-22,136.33,136.33,132.17,132.7,384151
2018-10-23,133.0,133.0,126.97,128.83,725517
2018-10-24,130.5,130.67,126.27,129.2,1278472
2018-10-25,128.67,136.67,126.17,134.2,1743752
2018-10-26,134.4,134.67,129.3,133.43,841148
2018-10-29,132.1,135.43,131.07,134.03,407998
2018-10-30,132.67,132.77,130.7,131.07,473190
2018-10-31,130.77,132.4,129.33,131.73,426894
2018-11-01,132.0,133.5,130.97,132.23,498765
2018-11-02,134.67,137.23,133.27,133.9,638163
2018-11-05,134.93,135.87,131.2,131.9,359970
2018-11-06,132.5,132.6,130.87,132.2,352966
2018-11-07,133.27,133.27,132.0,132.4,68124
2018-11-09,131.67,134.6,131.67,132.83,328102
2018-11-12,133.83,133.83,130.5,132.7,611012
2018-11-13,136.0,137.17,132.73,134.23,2012218
2018-11-14,134.73,136.67,134.53,135.33,826413
2018-11-15,135.83,137.0,134.73,135.57,432094
2018-11-16,134.2,134.7,129.33,132.8,928967
2018-11-19,135.73,136.27,133.0,133.8,1631316
2018-11-20,133.33,136.33,133.0,135.2,1647832
2018-11-21,135.67,136.9,134.5,135.1,751053
2018-11-22,134.7,138.17,134.7,136.77,923099
2018-11-26,137.33,138.0,132.73,133.2,1882375
2018-11-27,133.63,135.6,132.53,133.2,1258367
2018-11-28,133.33,134.3,131.5,132.0,1175314
2018-11-29,132.47,136.43,130.67,134.6,3265246
2018-11-30,126.67,130.53,123.57,124.17,6828327
2018-12-03,124.17,126.6,121.33,125.93,2810112
2018-12-04,125.93,126.2,123.1,124.47,1570440
2018-12-05,124.23,126.27,121.83,122.2,1443482
2018-12-06,121.93,121.93,120.0,120.27,1130910
2018-12-07,120.77,121.53,118.33,118.57,1506509
2018-12-10,117.33,117.73,114.5,115.57,5112050
2018-12-11,114.63,116.47,114.0,116.0,1820072
2018-12-12,115.97,117.17,115.2,116.47,1496253
2018-12-13,117.0,117.93,116.13,116.73,1725162
2018-12-14,116.73,118.0,116.2,117.5,1680823
2018-12-17,117.93,118.87,117.13,118.53,1661444
2018-12-18,119.67,119.93,118.03,119.2,1840136
2018-12-19,118.83,120.53,118.8,119.17,1149180
2018-12-20,119.27,121.57,118.83,119.37,3167499
2018-12-21,120.23,120.6,117.7,118.07,2174647
2018-12-24,118.67,119.0,115.77,116.23,1640609
2018-12-26,116.67,117.07,115.33,115.73,2011515
2018-12-27,115.73,117.0,112.37,113.83,5171771
2018-12-28,114.97,118.97,114.2,118.53,1337640
2018-12-31,118.73,119.33,116.23,116.53,761462
2019-01-01,116.67,117.6,116.1,117.17,381570
2019-01-02,117.2,117.47,114.0,114.93,722532
2019-01-03,115.2,117.13,114.33,114.67,698190
2019-01-04,114.7,116.63,114.7,116.37,431122
2019-01-07,116.93,117.27,115.0,116.4,1275303
2019-01-08,117.83,118.43,116.0,117.63,1095398
2019-01-09,117.97,118.13,116.53,117.2,722635
2019-01-10,117.33,117.53,115.6,115.83,510036
2019-01-11,116.4,117.07,115.83,116.37,558581
2019-01-14,115.87,116.27,114.87,115.5,316687
2019-01-15,117.0,117.33,115.2,116.73,1130612
2019-01-16,117.23,117.23,115.47,115.7,622333
2019-01-17,115.7,116.83,114.57,115.17,862255
2019-01-18,115.3,115.73,114.7,114.93,552777
2019-01-21,115.07,115.87,114.33,114.63,725021
2019-01-22,114.63,115.17,113.37,113.67,408538
2019-01-23,113.67,114.4,112.73,113.37,816310
2019-01-24,113.43,114.2,112.7,113.33,693618
2019-01-25,113.6,116.0,113.53,114.57,1337495
2019-01-28,114.7,115.27,113.4,114.47,632113
2019-01-29,114.07,115.83,113.1,113.53,1108962
2019-01-30,113.97,114.53,110.07,111.07,1789394
2019-01-31,111.63,113.23,111.07,111.77,4246822
2019-02-01,112.0,114.7,111.77,114.37,1423978
2019-02-04,114.37,116.97,113.5,114.07,947598
2019-02-05,114.0,114.77,112.53,113.0,452390
2019-02-06,113.53,114.43,112.57,114.23,1216381
2019-02-07,114.2,115.7,113.47,113.8,826798
2019-02-08,114.47,115.53,113.57,113.87,546110
2019-02-11,113.87,114.47,112.33,113.57,815309
2019-02-12,113.63,114.67,112.7,113.2,644466
2019-02-13,116.0,118.3,113.53,115.4,5730912
2019-02-14,115.4,115.77,112.73,113.4,2655089
2019-02-15,114.2,116.6,113.8,114.73,2429943
2019-02-18,116.13,117.27,114.73,115.83,1574957
2019-02-19,116.53,119.07,116.2,118.07,1778080
2019-02-20,119.47,120.67,117.7,120.17,4759250
2019-02-21,114.67,116.17,112.8,114.93,2906955
2019-02-22,115.33,118.33,115.1,118.13,1883694
2019-02-25,117.7,118.67,113.1,116.13,3915230
2019-02-26,114.93,117.4,114.2,116.0,2211640
2019-02-27,116.03,117.33,114.87,115.07,1036323
2019-02-28,114.67,119.0,114.67,116.4,2610839
2019-03-01,116.73,119.53,116.37,118.93,1478380
2019-03-05,119.77,121.17,118.83,120.9,1322120
2019-03-06,121.3,122.4,120.87,121.83,1116902
2019-03-07,121.33,121.97,117.83,118.1,1370257
2019-03-08,117.4,118.0,114.4,115.8,3342461
2019-03-11,115.73,119.0,115.67,118.5,1643671
2019-03-12,119.97,120.87,119.0,120.47,1642593
2019-03-13,120.07,120.57,115.83,116.97,2138007
2019-03-14,117.1,119.4,116.87,119.1,1136508
2019-03-15,119.63,119.63,118.2,119.0,852790
2019-03-18,119.87,120.47,118.7,119.4,798632
2019-03-19,119.9,124.8,118.9,121.9,2476327
2019-03-20,122.63,122.63,115.63,116.7,4091757
2019-03-22,117.07,118.1,114.33,114.7,2696611
2019-03-25,114.73,118.27,114.67,117.43,1493477
2019-03-26,118.17,119.93,117.67,118.23,1556577
2019-03-27,118.67,121.67,118.33,120.93,1532365
2019-03-28,121.33,124.33,120.43,123.17,5704956
2019-03-29,122.67,125.2,121.2,123.63,3578849
2019-04-01,123.6,124.17,121.13,122.0,2711720
2019-04-02,122.93,122.93,121.2,122.33,1207202
2019-04-03,122.93,123.47,120.33,120.63,1142917
2019-04-04,121.87,121.9,118.4,119.13,983634
2019-04-05,119.0,120.17,118.8,119.7,687194
2019-04-08,120.63,120.63,118.67,119.13,852398
2019-04-09,119.4,119.5,118.17,118.93,921467
2019-04-10,118.6,120.03,118.47,119.23,981058
2019-04-11,120.17,120.17,117.33,117.93,1089076
2019-04-12,118.13,119.13,117.93,118.6,624288
2019-04-15,119.17,119.6,118.6,119.23,597993
2019-04-16,119.33,120.1,119.0,119.63,1005497
2019-04-18,120.0,120.33,118.67,119.3,1069374
2019-04-22,119.23,119.8,116.7,117.2,698547
2019-04-23,117.9,120.17,117.13,118.77,1291121
2019-04-24,119.63,120.1,118.63,119.77,1436547
2019-04-25,119.33,120.77,116.03,118.3,4180872
2019-04-26,119.2,120.27,118.4,119.9,1190218
2019-04-30,119.97,121.73,118.67,120.57,2107747
2019-05-02,121.73,123.2,120.93,121.37,2176440
2019-05-03,121.47,123.47,121.2,122.23,1437009
2019-05-06,121.47,122.33,120.47,120.9,1182466
2019-05-07,121.8,122.27,120.07,120.53,613508
2019-05-08,121.0,121.3,118.97,119.3,829291
2019-05-09,119.03,119.47,116.77,117.9,750942
2019-05-10,117.93,118.87,116.3,117.07,695292
2019-05-13,117.07,117.33,116.33,116.67,1280314
2019-05-14,116.73,117.53,114.67,116.83,1470526
2019-05-15,116.37,117.4,116.37,116.67,1525383
2019-05-16,117.23,117.7,116.53,117.13,1155074
2019-05-17,117.1,118.5,115.83,117.73,1320373
2019-05-20,118.73,122.47,118.73,121.6,2641920
2019-05-21,123.47,123.5,120.37,121.27,974117
2019-05-22,121.37,122.87,120.87,121.57,1274799
2019-05-23,121.9,124.73,121.03,122.67,2287568
2019-05-24,123.67,126.47,120.73,122.87,983833
2019-05-27,123.03,124.63,122.67,123.47,1350243
2019-05-28,121.03,125.93,120.57,122.57,10270915
2019-05-29,121.93,121.93,119.4,120.0,1377666
2019-05-30,119.43,120.93,119.43,120.0,2946253
2019-05-31,120.27,121.87,118.03,120.0,1514504
2019-06-03,119.77,121.93,118.9,121.53,1380859
2019-06-04,121.13,123.97,120.8,121.43,1452706
2019-06-06,121.83,121.97,119.2,119.83,1004429
2019-06-07,119.8,120.97,119.77,120.0,765186
2019-06-10,119.73,121.63,119.33,120.23,1339945
2019-06-11,119.67,122.27,119.67,121.8,829420
2019-06-12,122.27,122.53,120.0,120.87,637901
2019-06-13,120.0,120.3,117.03,117.97,1477974
2019-06-14,117.77,118.87,116.8,117.8,478041
2019-06-17,117.4,117.67,115.93,116.3,470869
2019-06-18,116.6,116.6,114.23,115.37,442498
2019-06-19,116.23,116.4,114.37,115.23,748311
2019-06-20,115.33,120.67,114.97,118.57,935408
2019-06-21,119.17,120.83,118.23,119.9,1244756
2019-06-24,120.57,120.87,117.13,117.63,643790
2019-06-25,117.33,118.23,116.83,117.9,386668
2019-06-26,118.0,119.27,117.67,118.6,318820
2019-06-27,118.77,120.5,118.43,119.53,2624700
2019-06-28,120.67,121.2,118.4,118.67,1089631
2019-07-01,118.7,119.93,115.4,116.47,782909
2019-07-02,116.63,118.0,116.0,117.57,588537
2019-07-03,118.33,119.27,117.67,118.83,565741
2019-07-04,119.0,119.47,118.1,118.47,239935
2019-07-05,118.67,118.7,115.0,115.67,1346441
2019-07-08,115.27,115.93,110.23,111.27,2051436
2019-07-09,111.87,119.4,110.93,118.23,5842543
2019-07-10,118.67,119.43,116.13,116.63,1532971
2019-07-11,117.2,117.83,115.6,116.17,404071
2019-07-12,115.8,117.5,113.6,116.13,4616523
2019-07-15,114.77,115.97,113.8,115.0,1011982
2019-07-16,115.47,115.67,114.17,114.9,395677
2019-07-17,115.77,115.77,113.07,113.67,941601
2019-07-18,114.17,114.83,108.5,108.83,3011905
2019-07-19,109.67,109.8,104.43,105.2,5805446
2019-07-22,105.93,107.3,103.5,106.67,890985
2019-07-23,107.27,107.27,104.7,104.93,733197
2019-07-24,105.03,105.63,102.9,103.4,1081690
2019-07-25,103.67,104.9,103.1,103.93,3900524
2019-07-26,104.0,105.1,103.87,104.23,976330
2019-07-29,104.63,105.23,102.13,102.97,2586417
2019-07-30,103.8,104.4,102.13,102.7,1549690
2019-07-31,102.67,106.9,101.0,106.33,1666731
2019-08-01,105.13,106.97,105.03,106.2,1146139
2019-08-02,105.33,105.73,101.73,103.43,1308842
2019-08-05,102.53,102.77,99.23,100.7,1027851
2019-08-06,100.2,103.63,100.1,102.9,1026380
2019-08-07,102.9,103.33,100.57,100.9,1581626
2019-08-08,100.03,101.27,99.67,100.47,765641
2019-08-09,100.8,102.4,99.8,100.13,838718
2019-08-13,101.6,103.4,98.0,98.8,2003933
2019-08-14,99.6,101.33,99.07,100.8,845190
2019-08-16,98.77,102.9,98.77,101.8,849005
2019-08-19,101.4,102.53,100.67,101.03,452069
2019-08-20,101.3,101.93,98.43,98.83,935851
2019-08-21,98.67,99.2,95.33,95.7,1660956
2019-08-22,95.73,96.43,94.47,94.9,691681
2019-08-23,94.37,97.77,93.1,96.33,872714
2019-08-26,96.97,98.2,94.13,97.67,1551828
2019-08-27,98.0,100.6,96.87,99.33,2133193
2019-08-28,99.4,99.73,95.5,96.0,1479674
2019-08-29,96.0,100.3,95.13,97.8,4881967
2019-08-30,98.0,99.17,95.07,98.63,1161067
2019-09-03,97.93,98.13,94.97,95.33,350313
2019-09-04,95.27,98.6,94.8,98.23,823054
2019-09-05,98.53,102.8,98.23,99.7,1476951
2019-09-06,99.97,101.97,98.83,101.43,790525
2019-09-09,101.43,103.33,100.33,102.77,994397
2019-09-11,102.7,103.6,99.0,99.8,1407812
2019-09-12,100.33,101.23,99.37,100.5,947471
2019-09-13,100.63,102.23,99.2,101.93,1259548
2019-09-16,103.13,104.73,100.77,102.23,2687935
2019-09-17,102.27,103.4,101.0,101.43,1615689
2019-09-18,101.23,102.1,98.17,100.17,1364016
2019-09-19,100.6,100.87,95.77,96.5,2892308
2019-09-20,96.53,102.8,94.53,102.27,2112621
2019-09-23,102.7,104.93,98.43,101.4,4700809
2019-09-24,101.9,102.33,98.2,98.7,1300878
2019-09-25,98.63,98.87,96.83,97.23,594640
2019-09-26,97.33,99.93,97.03,99.0,1012755
2019-09-27,99.6,99.87,97.67,97.9,1008626
2019-09-30,98.13,98.4,96.33,96.83,1319076
2019-10-01,96.33,97.8,94.67,95.33,912501
2019-10-03,95.33,96.97,94.1,96.4,1006347
2019-10-04,97.2,98.9,95.33,95.97,1090530
2019-10-07,96.43,96.53,95.33,95.73,875204
2019-10-09,96.0,98.53,95.67,97.63,785126
2019-10-10,97.3,98.97,95.7,98.27,1126215
2019-10-11,98.33,99.8,97.7,99.33,993114
2019-10-14,99.37,102.97,99.23,102.17,1353556
2019-10-15,102.33,106.17,101.47,105.6,2137984
2019-10-16,105.6,108.5,105.6,107.73,1778530
2019-10-17,107.53,109.23,106.23,109.03,624926
2019-10-18,108.9,116.63,108.4,115.2,3827924
2019-10-22,114.67,114.97,109.33,109.87,1264895
2019-10-23,109.67,112.1,108.4,110.5,653023
2019-10-24,110.13,112.6,108.93,112.13,777234
2019-10-25,112.3,112.6,108.8,109.17,644794
2019-10-27,109.33,110.9,108.73,109.5,79528
2019-10-29,109.93,110.67,107.57,108.63,755651
2019-10-30,108.97,114.0,108.9,112.8,2297991
2019-10-31,113.3,115.33,112.63,114.43,1148455
2019-11-01,115.0,115.77,111.73,112.33,540876
2019-11-04,112.87,115.3,112.03,114.27,760506
2019-11-05,114.67,114.8,111.37,113.0,307740
2019-11-06,113.0,114.6,111.77,113.23,469291
2019-11-07,113.27,113.27,110.87,111.33,338753
2019-11-08,111.07,112.0,109.77,110.37,334833
2019-11-11,110.0,110.0,107.87,109.6,648617
2019-11-13,109.17,109.57,106.83,107.13,482386
2019-11-14,106.67,108.17,105.03,106.53,655488
2019-11-15,106.97,107.87,104.63,106.87,677036
2019-11-18,106.93,107.57,105.83,106.27,295985
2019-11-19,105.83,108.0,105.23,107.5,460423
2019-11-20,108.03,113.03,104.7,105.63,2895076
2019-11-21,106.63,106.63,102.8,103.4,940039
2019-11-22,103.2,103.93,100.03,102.6,959672
2019-11-25,102.6,103.47,102.07,102.93,693058
2019-11-26,103.0,105.73,102.67,103.43,1304786
2019-11-27,103.67,104.47,102.53,103.8,501356
2019-11-28,104.0,104.3,102.4,104.03,529199
2019-11-29,103.97,104.0,102.03,102.7,507348
2019-12-02,102.7,103.6,100.8,102.83,646020
2019-12-03,102.8,103.07,100.93,101.5,435303
2019-12-04,101.5,103.33,100.73,103.1,332481
2019-12-05,102.4,106.67,102.4,106.17,1312024
2019-12-06,105.1,106.53,102.7,104.13,1045335
2019-12-09,104.13,106.63,103.6,105.4,450307
2019-12-10,105.43,105.8,102.07,102.5,333050
2019-12-11,103.0,103.87,101.23,102.57,566601
2019-12-12,102.07,104.57,102.07,103.67,346035
2019-12-13,103.9,104.83,102.17,103.0,495370
2019-12-16,103.27,103.27,101.37,101.57,522173
2019-12-17,102.27,102.53,99.77,101.17,670958
2019-12-18,101.23,101.7,100.37,101.07,391623
2019-12-19,101.03,102.3,100.5,101.47,414865
2019-12-20,102.0,102.47,100.37,100.83,1010118
2019-12-23,100.57,101.2,100.0,100.13,500250
2019-12-24,100.27,101.0,99.77,100.07,444045
2019-12-26,100.43,100.53,98.93,99.33,1120996
2019-12-27,99.83,101.2,99.47,100.63,947203
2019-12-30,101.13,101.87,100.43,101.3,327623
2019-12-31,101.23,102.33,101.07,102.03,474379
2020-01-01,102.2,102.3,101.17,101.47,244943
2020-01-02,101.67,102.5,100.77,102.03,272684
2020-01-03,103.43,105.47,102.8,103.97,1808825
2020-01-06,104.5,105.33,101.73,102.57,1412076
2020-01-07,102.8,103.67,102.4,102.97,436119
2020-01-08,102.33,103.87,101.73,103.27,711629
2020-01-09,103.73,105.2,102.5,104.27,820144
2020-01-10,104.6,106.53,103.83,105.27,574483
2020-01-13,105.27,105.93,104.73,105.43,320138
2020-01-14,105.6,106.13,104.6,105.2,420240
2020-01-15,105.23,105.93,104.73,105.53,462887
2020-01-16,105.57,105.9,103.1,103.47,592243
2020-01-17,103.33,106.23,103.07,104.53,828535
2020-01-20,103.5,103.5,99.07,99.7,3229728
2020-01-21,99.63,99.7,96.73,97.27,1489991
2020-01-22,97.27,97.6,91.4,91.77,5657202
2020-01-23,92.17,95.93,91.33,92.3,7090917
2020-01-24,93.33,95.6,93.0,94.77,2349806
2020-01-27,94.8,95.73,93.67,94.2,1601078
2020-01-28,94.57,94.57,91.83,92.03,2017082
2020-01-29,92.47,93.67,90.7,93.2,1871693
2020-01-30,93.33,93.5,91.33,92.07,2882185
2020-01-31,92.63,92.63,85.27,86.37,9597439
2020-02-01,86.33,86.33,81.8,82.77,3940300
2020-02-03,82.67,83.27,78.87,82.03,3244010
2020-02-04,83.1,86.67,82.53,86.0,1639521
2020-02-05,86.53,87.27,85.5,86.17,1593892
2020-02-06,86.67,90.5,86.67,90.07,3207637
2020-02-07,90.0,92.67,88.3,92.33,2522278
2020-02-10,91.33,92.13,88.07,89.3,4340574
2020-02-11,89.33,90.4,86.17,89.5,5989823
2020-02-12,89.93,91.5,89.4,90.7,2349075
2020-02-13,90.7,90.97,88.93,89.4,2074310
2020-02-14,89.6,89.97,86.67,86.83,3375258
2020-02-17,87.37,87.87,84.7,86.6,3755544
2020-02-18,86.67,88.9,84.57,87.83,4994789
2020-02-19,89.23,92.67,86.7,92.3,7499920
2020-02-20,85.43,85.43,83.07,83.43,8127086
2020-02-24,82.03,82.97,80.0,80.3,3202556
2020-02-25,80.3,81.17,78.3,78.47,2060409
2020-02-26,77.7,78.47,75.4,75.63,2291818
2020-02-27,75.33,75.47,72.33,74.9,3363540
2020-02-28,72.7,73.07,70.33,72.0,3458621
2020-03-02,73.93,74.13,67.33,67.8,2429016
2020-03-03,68.4,72.03,67.8,71.27,3670670
2020-03-04,70.67,74.3,69.53,73.63,5513162
2020-03-05,74.4,76.7,69.63,70.43,3377344
2020-03-06,68.23,69.8,67.33,68.0,1786440
2020-03-09,65.97,66.3,59.47,60.83,6367353
2020-03-11,60.83,61.83,56.1,56.6,7145839
2020-03-12,52.0,53.3,49.03,49.8,6831020
2020-03-13,46.67,56.97,42.33,54.13,6323407
2020-03-16,53.17,53.17,46.4,46.9,4716063
2020-03-17,46.67,49.27,45.53,47.7,5248185
2020-03-18,47.87,66.77,45.23,55.5,9608702
2020-03-19,49.97,54.67,45.33,51.0,8407277
2020-03-20,51.9,56.93,50.03,54.37,12845436
2020-03-23,48.93,51.17,47.57,48.9,2075504
2020-03-24,49.37,51.97,48.43,49.5,2507194
2020-03-25,49.33,51.6,48.87,50.97,1952848
2020-03-26,51.03,54.27,49.13,51.03,3530051
2020-03-27,51.6,53.0,50.0,51.73,2552602
2020-03-30,50.63,53.43,49.17,52.97,2249052
2020-03-31,53.2,57.3,52.63,55.1,2748988
2020-04-01,54.23,55.1,51.73,52.83,2153715
2020-04-03,54.83,57.07,53.5,56.17,2705007
2020-04-07,58.67,60.6,56.67,59.6,2897519
2020-04-08,59.47,62.93,56.9,59.47,2775505
2020-04-09,61.33,61.6,60.0,60.73,4573719
2020-04-13,61.33,61.33,57.73,59.53,4933377
2020-04-15,59.33,60.63,57.6,59.13,3474252
2020-04-16,58.53,60.57,58.33,60.1,3011290
2020-04-17,61.07,62.87,60.4,61.83,1388644
2020-04-20,62.3,62.3,59.73,60.37,1508682
2020-04-21,57.4,58.57,56.07,57.33,2087100
2020-04-22,54.73,57.93,49.5,57.33,6899409
2020-04-23,58.03,61.67,57.23,57.37,4881311
2020-04-24,57.33,59.07,55.67,55.9,2347087
2020-04-27,56.73,57.97,56.23,57.47,1348800
2020-04-28,57.2,59.33,56.1,58.9,2685550
2020-04-29,58.77,61.47,58.4,61.17,1679158
2020-04-30,62.9,67.0,61.33,65.87,3874232
2020-05-04,63.83,64.0,61.53,62.67,981849
2020-05-05,64.6,66.3,61.7,62.07,1784721
2020-05-06,63.87,64.0,61.37,61.7,1029240
2020-05-07,61.33,61.67,60.07,60.6,504437
2020-05-08,61.13,61.47,58.73,59.03,648634
2020-05-11,59.93,60.0,58.2,58.53,531832
2020-05-12,59.07,59.07,56.67,56.7,986569
2020-05-13,58.67,58.93,56.7,56.97,1430494
2020-05-14,56.93,57.27,55.67,56.0,844179
2020-05-15,56.47,58.0,56.47,57.27,2438359
2020-05-18,57.77,57.77,46.0,52.5,1845181
2020-05-19,54.27,56.53,54.23,55.47,2104517
2020-05-20,55.33,56.93,55.0,55.73,902858
2020-05-21,56.33,57.2,55.67,56.13,770670
2020-05-22,56.1,57.43,55.53,56.27,1460870
2020-05-26,57.2,57.27,55.1,55.4,1197452
2020-05-27,55.93,55.93,54.2,55.17,1222329
2020-05-28,55.13,56.57,54.7,55.73,762468
2020-05-29,56.17,57.5,55.27,56.5,2032044
2020-06-01,57.33,59.33,57.0,58.13,1391029
2020-06-02,58.53,58.93,57.87,58.17,1087762
2020-06-03,59.87,60.83,59.37,59.8,1930195
2020-06-04,59.67,59.93,59.1,59.63,751902
2020-06-05,60.0,61.13,60.0,60.83,944833
2020-06-08,64.53,64.97,62.8,63.3,2084467
2020-06-09,63.63,64.17,62.2,63.53,889069
2020-06-10,63.33,64.6,62.03,62.67,1823003
2020-06-11,62.4,65.83,62.03,62.63,3094635
2020-06-12,59.87,61.27,59.8,60.77,1526885
2020-06-15,60.33,65.2,60.3,64.83,4723418
2020-06-16,65.63,68.6,65.47,67.5,5988482
2020-06-17,67.67,68.0,64.13,64.6,2457385
2020-06-18,65.13,67.13,64.73,66.67,1516063
2020-06-19,67.3,71.6,66.37,70.17,8865446
2020-06-22,70.0,71.1,68.17,68.43,1847962
2020-06-23,68.43,69.57,67.47,67.8,1914945
2020-06-24,68.07,69.0,65.73,67.03,1557017
2020-06-25,66.47,67.0,55.47,60.6,6599056
2020-06-26,63.97,63.97,62.13,62.97,3068785
2020-06-29,64.27,65.2,62.33,63.77,2706602
2020-06-30,64.67,64.67,62.07,62.43,1685158
2020-07-01,62.47,63.33,61.8,63.2,1090661
2020-07-02,63.63,64.67,63.27,63.47,1179723
2020-07-03,63.6,65.1,63.3,64.87,1420286
2020-07-06,65.93,66.33,65.17,66.13,806495
2020-07-07,66.43,66.67,65.43,66.0,660564
2020-07-08,66.3,67.67,65.57,67.0,1258585
2020-07-09,67.13,68.0,66.73,67.7,898825
2020-07-10,67.33,67.33,65.67,66.53,486176
2020-07-13,66.53,67.07,64.73,65.07,829739
2020-07-14,65.37,65.5,63.33,63.43,689456
2020-07-15,64.8,65.27,63.47,63.8,949382
2020-07-16,64.67,64.67,62.07,62.17,1115899
2020-07-17,63.2,64.83,62.13,63.3,1494802
2020-07-20,63.9,64.83,63.4,63.9,972916
2020-07-21,64.6,65.3,63.67,63.8,1557090
2020-07-22,64.3,64.77,63.2,63.5,727647
2020-07-23,63.37,65.07,63.37,64.4,1068125
2020-07-24,64.0,66.93,64.0,66.43,1521864
2020-07-27,66.43,66.6,65.0,65.47,924132
2020-07-28,65.5,66.27,64.5,64.67,487811
2020-07-29,64.73,65.33,64.53,64.77,515932
2020-07-30,65.07,66.33,64.33,64.53,460297
2020-07-31,64.67,65.17,63.4,64.43,485812
2020-08-03,64.43,64.43,63.0,63.17,643361
2020-08-04,64.47,64.47,62.6,62.8,689430
2020-08-05,62.87,63.4,62.57,62.7,451372
2020-08-06,63.2,64.13,62.8,63.4,1054971
2020-08-07,63.47,63.97,63.1,63.23,416065
2020-08-10,63.43,64.67,63.43,63.6,505205
2020-08-11,63.67,64.23,63.47,63.67,436476
2020-08-12,63.67,63.93,63.03,63.2,536512
2020-08-13,63.5,64.13,63.07,63.33,647454
2020-08-14,63.37,63.73,62.53,62.73,585206
2020-08-17,63.33,63.93,62.83,63.83,504071
2020-08-18,64.47,65.67,64.0,64.17,2239267
2020-08-19,64.17,64.8,64.03,64.43,953178
2020-08-20,64.53,66.77,64.33,66.53,3338969
2020-08-21,67.47,68.6,66.13,66.5,3079826
2020-08-24,66.0,66.0,64.67,64.87,2187838
2020-08-25,65.3,65.83,64.73,64.93,1840557
2020-08-26,65.6,65.6,64.93,65.07,646515
2020-08-27,65.4,65.47,64.97,65.23,437744
2020-08-28,65.37,65.73,64.47,64.57,962955
2020-08-31,64.67,66.33,62.67,63.17,1897229
2020-09-01,63.53,64.0,61.83,62.7,1045766
2020-09-02,63.1,64.8,62.67,64.5,640159
2020-09-03,64.5,65.0,64.0,64.73,353405
2020-09-04,64.2,64.33,62.83,63.03,499488
2020-09-07,63.33,63.73,62.4,63.4,427659
2020-09-08,63.4,63.67,62.57,63.1,279709
2020-09-09,62.5,62.53,61.07,62.27,385013
2020-09-10,62.47,62.93,62.07,62.63,297868
2020-09-11,62.63,63.87,62.53,62.97,453865
2020-09-14,63.47,64.0,62.77,63.57,447461
2020-09-15,64.0,64.13,63.47,63.9,544512
2020-09-16,63.9,64.13,62.5,62.6,416137
2020-09-17,63.27,63.63,62.73,63.33,575580
2020-09-18,63.9,65.3,63.7,64.43,2421930
2020-09-21,63.97,64.07,60.7,61.33,456992
2020-09-22,61.0,61.87,58.07,58.77,562798
2020-09-23,59.3,60.67,58.37,58.7,397258
2020-09-24,58.33,58.33,55.67,56.43,644001
2020-09-25,56.73,58.67,56.67,58.3,479175
2020-09-28,58.6,60.4,58.0,59.23,466705
2020-09-29,59.93,60.53,58.53,59.0,534827
2020-09-30,59.0,60.13,58.33,59.53,280125
2020-10-01,58.43,59.4,58.0,59.13,451396
2020-10-05,59.0,59.33,57.4,57.67,1353860
2020-10-06,57.97,58.27,57.4,57.5,372301
2020-10-07,57.63,63.33,57.17,61.3,5779132
2020-10-08,60.97,60.97,58.93,59.17,750476
2020-10-09,59.87,60.57,59.2,59.6,589691
2020-10-12,60.2,60.6,58.1,58.47,336602
2020-10-13,58.67,58.93,57.73,57.93,260968
2020-10-14,57.87,58.0,56.1,56.23,1233062
2020-10-15,56.5,57.0,56.0,56.63,665786
2020-10-16,57.03,58.8,57.03,57.67,1199633
2020-10-19,57.97,59.73,57.87,59.43,927889
2020-10-20,58.73,59.73,58.73,59.0,463451
2020-10-21,59.0,59.6,58.33,58.57,526318
2020-10-22,58.47,61.8,58.43,61.1,4749732
2020-10-23,61.4,61.63,60.0,60.63,524365
2020-10-26,61.27,61.27,59.7,59.8,258315
2020-10-27,59.5,59.93,58.6,58.77,493065
2020-10-28,59.87,59.87,58.33,58.43,275976
2020-10-29,58.07,58.67,56.8,57.03,505965
2020-10-30,57.07,58.2,57.07,57.3,463637
2020-11-02,57.33,57.7,55.73,55.93,1015354
2020-11-03,56.3,56.63,55.67,56.03,474573
2020-11-04,56.57,56.57,56.07,56.3,186212
2020-11-05,56.67,57.3,56.53,57.1,492164
2020-11-06,57.37,57.93,57.33,57.57,358722
2020-11-09,58.3,58.67,57.33,57.93,606290
2020-11-10,58.7,59.57,58.67,59.17,1214733
2020-11-11,59.37,60.8,59.33,60.33,871045
2020-11-12,60.97,61.67,60.77,61.27,663809
2020-11-13,61.3,62.23,60.07,61.27,1431332
2020-11-14,61.73,61.93,61.53,61.77,160389
2020-11-17,62.6,62.77,61.8,62.03,637275
2020-11-18,62.03,62.43,61.4,62.17,556689
2020-11-19,62.0,62.33,61.0,61.33,738518
2020-11-20,61.33,61.63,60.67,60.83,356003
2020-11-23,61.2,63.57,60.7,62.37,1355708
2020-11-24,62.5,63.27,62.33,62.87,726825
2020-11-25,64.33,65.37,64.0,64.87,3040065
2020-11-26,65.27,65.3,64.4,64.67,671983
2020-11-27,65.0,65.5,63.47,64.1,1001954
2020-12-01,64.67,67.93,63.17,66.63,3162500
2020-12-02,66.67,68.67,66.37,68.0,2197697
2020-12-03,68.6,69.97,68.2,69.53,1402828
2020-12-04,69.93,71.57,69.57,71.4,3085185
2020-12-07,71.53,73.27,71.5,72.4,1590422
2020-12-08,72.87,73.0,70.13,71.27,1254356
2020-12-09,71.97,72.0,69.73,69.97,1148368
2020-12-10,70.67,70.67,69.4,69.9,970561
2020-12-11,71.33,77.13,70.73,73.1,8526885
2020-12-14,73.67,79.0,73.67,77.9,4215835
2020-12-15,76.73,77.67,75.37,76.5,2047206
2020-12-16,76.67,78.67,76.13,77.1,1423003
2020-12-17,78.33,79.4,74.7,76.1,2605115
2020-12-18,76.07,76.27,72.03,72.77,2440530
2020-12-21,72.0,72.0,66.67,67.83,1802501
2020-12-22,66.77,69.97,65.37,68.27,1718733
2020-12-23,68.53,70.53,68.53,69.97,956608
2020-12-24,70.87,74.13,70.73,72.6,2305243
2020-12-28,73.33,74.33,73.07,74.1,1054307
2020-12-29,74.63,74.93,72.63,73.43,924116
2020-12-30,74.03,74.33,73.0,73.7,623880
2020-12-31,73.93,74.67,70.97,71.6,2779689
2021-01-01,72.67,72.93,71.87,72.47,884646
2021-01-04,73.3,75.13,73.23,74.9,2130421
2021-01-05,75.97,76.63,74.13,74.63,2435884
2021-01-06,76.6,77.27,74.87,75.33,3071778
2021-01-07,76.33,76.67,75.03,75.2,1302828
2021-01-08,75.93,76.0,75.2,75.7,1319269
2021-01-11,76.27,76.93,75.4,76.53,1413178
2021-01-12,76.33,77.33,75.73,76.73,1262442
2021-01-13,77.67,79.6,76.9,77.97,2942908
2021-01-14,78.33,78.8,77.1,78.1,817413
2021-01-15,78.23,78.9,76.87,78.33,1624922
2021-01-18,78.43,78.57,73.67,76.53,1794475
2021-01-19,77.27,78.0,76.67,77.57,1103139
2021-01-20,77.8,78.0,76.9,77.47,523778
2021-01-21,77.13,77.57,74.73,75.83,814879
2021-01-22,75.83,77.6,73.37,74.33,2714326
2021-01-25,74.67,75.0,72.37,73.67,833331
2021-01-27,72.97,75.2,72.9,74.57,994278
2021-01-28,74.43,74.43,72.83,73.7,631708
2021-01-29,74.47,75.13,73.87,74.23,556631
2021-02-01,74.6,75.07,73.73,74.73,801166
2021-02-02,75.13,76.0,74.73,75.3,725312
2021-02-03,76.67,77.27,75.33,76.0,1483467
2021-02-04,76.6,78.97,76.33,78.77,2013843
2021-02-05,79.93,81.37,77.4,78.03,2193844
2021-02-08,79.97,80.0,78.33,78.7,1205908
2021-02-09,79.97,80.9,79.03,79.97,1831871
2021-02-10,80.27,80.6,79.67,79.93,920887
2021-02-11,80.27,80.67,79.73,79.97,1259391
2021-02-12,78.27,78.27,76.83,77.1,1591661
2021-02-15,77.93,78.0,77.1,77.37,778895
2021-02-16,78.43,79.27,77.8,78.83,1489380
2021-02-17,78.7,80.2,78.7,79.7,2960083
2021-02-18,80.33,83.13,80.1,81.2,5643093
2021-02-19,83.13,84.6,80.4,82.23,4162848
2021-02-22,83.27,83.7,81.57,82.87,2323984
2021-02-23,83.17,85.7,82.5,83.73,6217126
2021-02-24,83.73,85.33,81.97,83.07,1165118
2021-02-25,84.67,86.37,84.0,85.2,3900737
2021-02-26,84.0,85.27,83.07,84.2,1641092
2021-03-01,84.87,85.43,83.73,84.83,1435981
2021-03-02,85.2,86.47,84.47,85.03,2210306
2021-03-03,85.63,86.0,84.2,85.27,1398850
2021-03-04,84.93,85.87,84.67,84.87,799011
2021-03-05,86.03,87.83,84.03,84.87,3884928
2021-03-08,87.2,89.13,86.67,87.33,4345839
2021-03-09,87.8,88.6,86.07,86.37,2181931
2021-03-10,86.57,88.6,86.27,88.03,1361424
2021-03-12,89.2,89.2,87.07,87.93,1267052
2021-03-15,89.2,89.2,86.77,87.57,834320
2021-03-16,87.8,88.33,87.37,88.1,793066
2021-03-17,87.97,88.8,85.8,86.2,1050078
2021-03-18,86.6,87.2,81.67,84.97,1091102
2021-03-19,82.0,82.63,77.27,79.77,12205335
2021-03-22,80.33,80.6,78.77,79.23,1108722
2021-03-23,79.2,79.67,78.43,78.73,643628
2021-03-24,76.87,78.97,76.8,77.63,1048570
2021-03-25,78.63,79.3,77.37,78.13,1460950
2021-03-26,77.97,79.67,77.4,78.77,1059562
2021-03-30,79.3,86.0,79.13,82.67,2883594
2021-03-31,83.2,84.47,81.0,81.87,1427442
2021-04-01,81.87,83.2,81.67,82.67,579175
2021-04-05,81.67,82.67,80.43,81.57,798931
2021-04-06,81.7,82.63,81.5,81.8,589040
2021-04-07,81.77,83.53,81.77,82.63,778237
2021-04-08,82.97,83.3,80.73,81.47,424219
2021-04-09,81.33,81.63,80.0,80.13,434844
2021-04-12,79.2,79.27,74.67,75.1,760450
2021-04-13,75.13,79.27,75.13,77.1,1113753
2021-04-15,78.0,80.6,76.93,79.67,1225535
2021-04-16,79.07,80.27,78.83,79.2,1023065
2021-04-19,78.0,78.57,76.73,77.87,840249
2021-04-20,78.2,79.0,77.0,77.93,574505
2021-04-22,77.0,77.87,76.37,77.5,432606
2021-04-23,77.23,77.97,76.73,77.3,384589
2021-04-26,77.67,78.1,76.9,77.37,402760
2021-04-27,77.43,78.37,77.1,77.33,1434504
2021-04-28,77.73,79.87,77.47,79.2,757288
2021-04-29,79.47,79.97,79.0,79.67,500015
2021-04-30,79.5,82.47,78.7,81.4,1246044
2021-05-03,81.0,81.97,79.83,80.13,696456
2021-05-04,80.67,81.6,80.23,80.7,483208
2021-05-05,81.67,83.17,80.93,81.4,668012
2021-05-06,81.53,82.23,80.43,81.17,574102
2021-05-07,81.8,82.27,81.2,81.7,533486
2021-05-10,82.6,88.47,82.5,84.47,4391521
2021-05-11,84.33,87.47,83.73,86.3,2137850
2021-05-12,86.3,87.87,86.0,86.73,1753771
2021-05-14,86.67,89.6,86.33,86.9,1932934
2021-05-17,87.43,89.13,87.4,87.8,1145744
2021-05-18,88.8,90.33,87.77,89.47,1697907
2021-05-19,90.0,90.93,88.83,89.7,944211
2021-05-20,89.73,90.0,87.5,88.7,741207
2021-05-21,88.73,89.2,87.6,87.77,1022258
2021-05-24,87.97,88.0,86.67,86.73,642094
2021-05-25,87.4,90.13,87.17,89.4,2313240
2021-05-26,89.97,90.3,88.77,89.4,673596
2021-05-27,89.67,91.43,87.13,88.83,1565104
2021-05-28,88.63,90.0,87.77,88.63,969434
2021-05-31,88.87,89.13,87.67,88.33,490750
2021-06-01,88.67,92.8,88.67,90.73,2597617
2021-06-02,91.67,92.9,91.17,91.93,1403046
2021-06-03,92.3,93.87,91.77,93.13,1537997
2021-06-04,93.63,94.93,92.7,94.23,1579219
2021-06-07,94.67,96.27,94.63,95.4,989448
2021-06-08,95.27,95.27,93.43,94.4,547286
2021-06-09,95.07,96.4,93.6,94.13,1191579
2021-06-10,94.3,95.23,92.93,93.73,780689
2021-06-11,95.17,97.23,94.17,94.83,1667671
2021-06-14,95.43,95.97,94.17,95.53,806560
2021-06-15,97.0,100.57,96.33,99.33,3786471
2021-06-16,101.67,102.0,97.7,98.3,2927734
2021-06-17,97.37,99.0,96.4,97.4,890029
2021-06-18,96.9,99.77,96.0,99.0,2405196
2021-06-21,98.67,100.67,97.77,99.77,1870941
2021-06-22,99.77,101.57,97.73,100.9,3659441
2021-06-23,103.07,103.33,100.67,101.73,2337979
2021-06-24,101.7,104.97,101.4,104.23,2409300
2021-06-25,104.6,107.0,104.0,104.5,3146733
2021-06-28,105.63,109.33,104.73,108.03,2338205
2021-06-29,108.33,109.27,100.67,102.9,4705925
2021-06-30,104.7,107.5,104.07,104.8,2789318
2021-07-01,104.93,109.33,104.87,108.47,1137020
2021-07-02,109.03,113.33,108.83,112.8,3304623
2021-07-05,113.33,116.33,112.77,114.83,1320978
2021-07-06,115.87,118.27,115.5,116.07,1856845
2021-07-07,115.97,116.0,114.33,115.23,726285
2021-07-08,114.47,117.33,112.77,115.13,1444388
2021-07-09,115.33,117.53,115.03,115.67,1115630
2021-07-12,115.6,116.27,112.07,112.73,553413
2021-07-13,112.93,114.0,111.57,112.7,812376
2021-07-14,113.4,114.3,110.2,110.57,1150851
2021-07-15,110.6,111.17,106.83,107.57,849816
2021-07-16,107.57,107.97,103.33,104.43,1464033
2021-07-19,103.33,105.87,102.37,103.9,1476527
2021-07-20,102.73,104.0,102.07,103.63,782452
2021-07-22,105.27,108.4,104.47,107.6,2192470
2021-07-23,107.67,109.07,107.13,107.4,799097
2021-07-26,107.93,108.43,107.03,107.47,301708
2021-07-27,108.4,108.63,106.7,107.37,333138
2021-07-28,106.8,109.2,105.7,108.47,451735
2021-07-29,109.27,109.6,107.57,109.0,516820
2021-07-30,108.9,112.33,108.03,111.23,634052
2021-08-02,112.6,112.63,109.73,110.33,353249
2021-08-03,109.73,111.23,108.87,110.67,758628
2021-08-04,111.27,111.27,109.83,110.4,418003
2021-08-05,110.03,110.03,107.77,108.57,228132
2021-08-06,109.27,112.07,108.57,111.57,852728
2021-08-09,111.33,111.87,104.87,110.33,451097
2021-08-10,110.37,110.67,106.0,107.17,302533
2021-08-11,107.93,109.97,106.53,109.0,635621
2021-08-12,109.33,114.0,108.47,109.67,3331089
2021-08-13,109.73,112.1,109.33,110.9,557567
2021-08-16,110.67,111.47,108.3,108.7,433731
2021-08-17,108.6,111.83,107.27,111.27,1160400
2021-08-18,112.0,113.4,107.53,109.03,857655
2021-08-20,108.0,112.67,107.73,110.9,612149
2021-08-23,111.47,114.67,110.97,112.1,1501011
2021-08-24,113.33,114.4,112.73,114.07,1035768
2021-08-25,114.67,118.0,114.3,117.37,1822116
2021-08-26,117.73,121.47,117.0,119.77,4703587
2021-08-27,119.03,121.67,116.7,117.7,1026028
2021-08-30,118.0,119.4,115.67,116.03,887909
2021-08-31,115.93,124.67,115.47,121.33,2025284
2021-09-01,121.2,121.2,118.73,119.67,754019
2021-09-02,118.97,120.27,118.9,119.5,284080
2021-09-03,120.53,122.0,119.33,119.93,864650
2021-09-06,117.57,119.67,116.73,117.47,722566
2021-09-07,118.0,120.67,117.7,120.3,671726
2021-09-08,120.67,127.33,120.67,126.43,3236901
2021-09-09,126.0,132.57,124.8,129.93,3657307
2021-09-13,131.2,131.73,126.67,128.9,1146862
2021-09-14,129.6,133.8,129.57,132.27,1317149
2021-09-15,133.3,139.3,133.0,137.23,3174569
2021-09-16,139.0,142.2,139.0,141.0,1958389
2021-09-17,141.33,143.33,131.67,133.2,2810995
2021-09-20,133.13,135.9,128.87,130.1,1052258
2021-09-21,132.6,140.57,132.2,139.27,3430744
2021-09-22,140.0,146.53,139.47,144.67,2820662
2021-09-23,147.33,148.47,141.9,142.57,1711197
2021-09-24,144.2,146.3,143.1,144.67,1672423
2021-09-27,146.4,147.3,144.73,146.2,983630
2021-09-28,147.03,156.6,145.53,155.5,5413923
2021-09-29,154.93,176.67,152.67,169.63,10418003
2021-09-30,171.3,177.8,169.63,173.47,7095683
2021-10-01,174.0,178.53,165.3,166.7,4935553
2021-10-04,166.63,166.67,160.03,161.07,1611701
2021-10-05,162.93,167.97,161.37,161.97,4519649
2021-10-06,164.2,170.63,162.73,165.7,4800440
2021-10-07,167.27,167.9,160.93,161.63,1309185
2021-10-08,164.57,165.97,159.4,159.83,1575282
2021-10-11,161.07,162.4,158.7,159.6,975925
2021-10-12,159.6,160.37,156.3,156.63,1000681
2021-10-13,156.73,157.0,152.67,153.13,1075013
2021-10-14,153.33,162.0,153.3,156.8,2072136
2021-10-18,160.67,161.03,156.43,157.03,1521018
2021-10-19,157.33,159.3,154.93,155.67,701969
2021-10-20,155.27,155.7,150.07,152.23,741784
2021-10-21,154.67,156.03,140.7,144.67,12381349
2021-10-22,147.33,148.0,138.47,139.63,1422076
2021-10-25,140.37,152.3,140.37,150.13,3508937
2021-10-26,150.63,151.4,144.13,147.0,2279317
2021-10-27,145.87,149.77,144.77,148.1,1340242
2021-10-28,144.7,149.17,143.33,145.5,1162716
2021-10-29,145.33,151.33,144.67,150.03,2424541
2021-11-01,146.0,151.9,146.0,150.23,970108
2021-11-02,150.6,151.93,146.67,147.3,1394460
2021-11-03,147.3,147.67,144.07,144.8,1260488
2021-11-04,145.9,147.63,145.9,146.83,84133
2021-11-08,147.33,149.27,145.37,148.17,530880
2021-11-09,148.97,152.67,146.23,147.83,1101940
2021-11-10,148.13,150.8,146.67,147.97,726050
2021-11-11,146.27,149.97,144.07,144.43,1213208
2021-11-12,148.73,149.27,147.3,147.93,2027151
2021-11-15,147.93,150.67,146.83,147.87,555941
2021-11-16,148.67,149.33,146.8,148.63,444852
2021-11-17,147.07,149.47,145.47,146.67,578796
2021-11-18,146.2,146.5,141.5,142.0,920702
2021-11-22,142.27,143.3,129.4,130.3,2008015
2021-11-23,130.6,133.33,127.93,131.53,906746
2021-11-24,133.33,136.73,132.73,135.3,992252
2021-11-25,136.47,139.07,134.8,135.63,692419
2021-11-26,135.17,137.27,131.33,132.37,1388100
2021-11-29,128.13,136.63,126.67,135.5,1411926
2021-11-30,135.5,142.73,135.43,141.1,1891970
2021-12-01,142.0,147.03,141.37,142.9,1404024
2021-12-02,142.67,146.6,141.17,145.83,1046171
2021-12-03,145.33,146.67,142.8,143.97,613785
2021-12-06,144.13,144.9,142.4,143.17,539540
2021-12-07,144.9,144.97,141.67,142.2,320326
2021-12-08,144.13,145.1,140.43,141.93,488122
2021-12-09,142.93,143.93,139.33,139.67,913271
2021-12-10,139.33,139.6,136.23,136.7,554554
2021-12-13,137.93,139.2,135.0,135.97,411368
2021-12-14,134.27,135.27,132.67,133.3,644894
2021-12-15,132.93,135.87,132.7,133.5,905086
2021-12-16,134.2,134.9,130.0,130.7,958993
2021-12-17,130.53,131.23,124.17,126.67,1181137
2021-12-20,126.67,126.67,113.07,114.93,1682616
2021-12-21,115.8,124.93,114.93,122.13,1573431
2021-12-22,123.47,123.47,120.23,120.9,649556
2021-12-23,122.6,122.63,118.5,120.07,649968
2021-12-24,120.67,121.37,117.43,117.9,460572
2021-12-27,117.33,117.67,115.4,116.83,402709
2021-12-28,119.97,126.13,119.0,124.67,1722328
2021-12-29,124.67,127.6,122.13,123.33,1300470
2021-12-30,124.53,140.87,124.47,134.4,6815932
2021-12-31,133.07,134.87,129.37,132.6,1944926
2022-01-03,132.6,135.07,130.97,132.53,968979
2022-01-04,132.67,135.0,129.97,131.3,1169971
2022-01-05,132.6,132.63,129.37,129.97,848201
2022-01-06,128.93,132.67,127.6,131.9,1323946
2022-01-07,133.13,143.97,132.73,142.7,8184529
2022-01-10,142.7,147.33,142.0,143.33,2385921
2022-01-11,144.07,145.07,141.13,142.0,1185100
2022-01-12,144.67,148.33,143.73,147.07,2641749
2022-01-13,148.0,149.97,147.33,147.93,1474006
2022-01-14,147.07,148.23,145.3,145.87,752371
2022-01-17,148.0,153.23,148.0,149.77,1901213
2022-01-18,150.9,153.17,147.37,149.37,1128240
2022-01-19,151.0,153.9,149.37,149.93,1808821
2022-01-20,149.93,151.57,148.43,149.13,693008
2022-01-21,148.47,151.27,145.6,147.43,2316765
2022-01-24,148.0,151.0,143.77,144.87,1212933
2022-01-25,143.93,150.67,141.9,149.87,763453
2022-01-27,150.33,157.27,149.0,153.23,4040568
2022-01-28,154.13,158.33,153.27,153.7,905552
2022-01-31,155.33,160.47,154.33,159.77,1804164
2022-02-01,160.57,160.57,155.0,155.83,932659
2022-02-02,156.0,158.33,154.07,155.67,521077
2022-02-03,155.67,161.07,153.33,154.13,1304172
2022-02-04,156.0,160.63,149.33,150.0,1444856
2022-02-07,150.0,156.67,149.97,154.13,1285820
2022-02-08,153.43,156.5,147.7,153.37,969686
2022-02-09,154.0,156.67,152.3,154.77,800673
2022-02-10,154.77,155.7,153.07,153.47,370009
2022-02-11,152.0,155.6,151.33,152.8,1760936
2022-02-14,153.53,157.13,150.0,150.5,1860877
2022-02-15,154.0,154.0,149.43,149.8,1514286
2022-02-16,150.0,155.27,150.0,154.03,2293542
2022-02-17,153.4,157.33,153.4,154.6,1391522
2022-02-18,154.6,155.77,152.43,153.3,281226
2022-02-21,153.87,154.23,150.0,150.23,670369
2022-02-22,147.83,150.17,144.1,147.0,1242203
2022-02-23,148.6,150.3,145.13,147.0,576788
2022-02-24,147.0,150.93,143.6,145.83,3605130
2022-02-25,148.67,151.73,145.0,147.97,2294511
2022-02-28,150.33,150.47,147.33,148.63,1049532
2022-03-02,154.93,164.33,152.17,163.0,6800849
2022-03-03,168.17,175.27,162.33,163.53,7819565
2022-03-04,167.33,171.8,161.13,163.1,3855431
2022-03-07,167.33,171.6,163.53,166.13,6788037
2022-03-08,168.8,169.37,161.43,163.93,2396862
2022-03-09,167.03,168.17,161.7,162.27,1863229
2022-03-10,160.57,160.67,155.97,156.83,3384835
2022-03-11,157.3,158.83,156.17,157.2,1293487
2022-03-14,156.67,159.9,153.53,154.07,1210294
2022-03-15,150.67,153.83,148.8,152.03,1307044
2022-03-16,152.0,157.93,151.37,156.2,2125819
2022-03-17,159.33,159.6,144.73,146.6,4690578
2022-03-21,148.67,157.2,148.2,155.47,3645954
2022-03-22,158.67,162.3,152.67,153.57,3100689
2022-03-23,156.67,156.67,152.27,153.07,1300988
2022-03-24,156.67,159.23,155.03,156.97,3198005
2022-03-25,156.67,157.8,154.67,156.43,1150658
2022-03-28,157.07,159.33,155.0,155.73,992536
2022-03-29,155.67,156.67,152.13,154.57,1064260
2022-03-30,154.4,154.5,149.37,151.8,1547859
2022-03-31,152.6,159.83,152.17,158.93,1904718
2022-04-01,159.0,161.03,156.83,159.23,3693530
2022-04-04,159.23,162.93,157.5,158.1,1077414
2022-04-05,160.07,160.57,158.0,158.6,703644
2022-04-06,158.93,161.27,157.6,158.17,1118406
2022-04-07,158.33,162.43,158.03,158.63,1340746
2022-04-08,160.2,160.2,156.2,156.63,799035
2022-04-11,156.67,159.0,156.3,157.0,883385
2022-04-12,157.3,158.67,152.67,153.57,1390237
2022-04-13,156.6,159.57,154.33,155.3,1603753
2022-04-18,158.67,160.0,156.27,157.23,1195135
2022-04-19,158.67,167.33,157.7,160.23,5189690
2022-04-20,162.67,165.9,159.87,161.13,2754423
2022-04-21,163.33,163.87,159.03,160.0,1664082
2022-04-22,158.93,164.93,158.07,159.27,2204856
2022-04-25,156.67,159.27,153.37,155.3,1532811
2022-04-26,156.53,161.0,155.73,156.7,2041695
2022-04-27,157.33,160.0,153.4,154.0,1447535
2022-04-28,154.6,157.93,152.0,152.97,1505189
2022-04-29,154.93,156.5,151.4,152.3,1239173
2022-05-02,152.3,153.0,146.07,146.47,1414628
2022-05-04,147.33,150.33,147.33,147.87,1214667
2022-05-05,150.6,154.0,149.53,151.23,1625095
2022-05-06,150.97,155.9,148.43,153.27,2665033
2022-05-09,152.27,159.03,150.07,157.6,1688180
2022-05-10,155.8,156.03,142.57,143.5,2081217
2022-05-11,143.13,149.47,140.5,147.0,1904619
2022-05-12,147.0,150.63,144.07,148.73,1418183
2022-05-13,151.0,151.0,145.9,146.97,1004800
2022-05-16,147.0,149.87,146.73,148.47,614323
2022-05-17,150.67,165.33,148.83,161.03,4887592
2022-05-18,161.83,163.73,156.33,159.13,2229839
2022-05-19,155.13,161.8,152.7,160.8,1292297
2022-05-20,160.67,161.0,157.8,159.6,851246
2022-05-23,160.63,160.67,154.0,154.83,965628
2022-05-24,154.83,157.97,151.33,152.33,385463
2022-05-25,152.3,154.97,151.03,152.53,620405
2022-05-26,153.27,153.8,149.5,151.83,417949
2022-05-27,154.2,154.33,143.7,145.33,1096426
2022-05-30,150.67,153.07,146.23,149.9,2008230
2022-05-31,151.67,160.4,151.13,158.97,3140328
2022-06-01,160.27,167.33,159.5,163.23,3518942
2022-06-02,162.67,168.33,160.07,166.9,3293146
2022-06-03,168.67,171.53,165.13,167.3,2489112
2022-06-06,170.1,189.67,169.07,185.93,14799240
2022-06-07,186.0,200.8,182.9,190.87,30348752
2022-06-08,186.67,191.27,184.87,186.7,8803406
2022-06-09,188.17,204.0,188.03,198.2,28835734
2022-06-10,198.2,204.0,194.73,200.13,10593755
2022-06-13,198.33,198.33,187.67,189.77,4168178
2022-06-14,189.77,192.33,176.0,178.77,4037790
2022-06-15,181.23,184.5,175.37,180.7,4453663
2022-06-16,183.33,184.67,170.37,176.6,5650951
2022-06-17,174.4,176.63,167.47,169.77,4213900
2022-06-20,164.0,165.93,145.67,151.33,7833270
2022-06-21,154.67,156.6,149.43,153.53,4783059
2022-06-22,149.8,159.27,146.83,149.97,8276441
2022-06-23,148.0,161.8,147.33,158.03,5161001
2022-06-24,158.03,162.17,155.67,160.33,4054538
2022-06-27,160.43,162.33,153.33,155.67,3038318
2022-06-28,157.8,168.6,157.8,166.43,7691863
2022-06-29,165.33,175.63,162.77,174.4,10212551
2022-06-30,173.33,175.33,164.87,167.67,4587894
2022-07-01,163.67,166.3,140.03,142.57,16490601
2022-07-04,141.43,142.63,130.5,134.43,13354129
2022-07-05,134.0,135.57,126.27,127.07,10113786
2022-07-06,124.0,124.3,114.7,116.13,14573467
2022-07-07,116.0,119.87,114.8,117.7,7084426
2022-07-08,120.3,125.87,119.23,122.8,7001172
2022-07-11,123.33,125.2,121.13,124.4,2293117
2022-07-12,123.33,126.53,120.83,122.3,2535524
2022-07-13,119.1,124.67,118.7,123.63,3319501
2022-07-14,124.6,127.73,118.0,118.67,5069058
2022-07-15,120.93,122.33,116.67,121.5,3054225
2022-07-18,121.53,123.6,121.5,123.03,1278920
2022-07-19,124.67,126.23,123.37,124.4,2160520
2022-07-20,131.67,135.33,130.67,131.63,7582750
2022-07-21,131.7,134.87,130.73,133.83,2177270
2022-07-22,134.93,134.93,129.67,130.37,1671047
2022-07-25,130.0,130.0,123.9,124.33,2442386
2022-07-26,126.33,126.67,122.33,122.97,1808231
2022-07-27,122.77,125.33,121.37,124.6,1382562
2022-07-28,124.93,125.67,122.87,124.4,1480381
2022-07-29,124.67,127.33,124.03,126.67,2314762
2022-08-01,126.6,129.67,125.53,129.23,1870569
2022-08-02,126.57,128.3,126.0,126.97,1411201
2022-08-03,126.67,127.87,125.73,126.23,767789
2022-08-04,125.67,127.1,124.0,125.3,747977
2022-08-05,125.3,136.67,124.33,131.87,5498033
2022-08-08,129.33,134.0,127.2,131.97,3164450
2022-08-10,131.73,132.67,123.77,124.6,3719019
2022-08-11,126.4,127.4,124.2,125.3,3096820
2022-08-12,126.47,129.73,126.0,126.9,4029464
2022-08-16,127.33,128.7,126.67,127.13,1649393
2022-08-17,126.73,127.67,126.07,126.93,1536178
2022-08-18,126.53,129.4,126.4,127.77,2521236
2022-08-19,129.4,129.47,125.33,126.2,2869719
2022-08-22,125.33,125.6,122.7,123.17,1795597
2022-08-23,122.97,124.97,122.8,123.3,1448996
2022-08-24,124.67,128.27,124.33,127.27,2992726
2022-08-25,128.67,129.3,126.87,127.43,1259866
2022-08-26,127.33,128.53,127.03,127.5,847845
2022-08-29,124.03,127.0,124.03,125.63,1351510
2022-08-30,127.73,129.13,127.57,128.53,1440495
2022-09-01,126.67,128.6,125.77,128.3,1023881
2022-09-02,128.03,129.0,126.8,127.17,1566457
2022-09-05,127.93,129.67,127.4,128.97,1111889
2022-09-06,130.23,131.53,128.83,129.1,1558539
2022-09-07,128.27,130.63,127.5,130.37,1135759
2022-09-08,129.83,130.5,128.8,129.3,1049315
2022-09-09,129.33,130.1,129.07,129.23,696997
2022-09-12,129.47,131.63,129.47,130.8,1302268
2022-09-13,131.03,131.6,129.2,129.87,1163774
2022-09-14,128.67,130.27,128.33,128.6,1186110
2022-09-15,127.3,127.93,125.2,125.5,1589260
2022-09-16,125.5,127.27,123.33,124.67,1830606
2022-09-19,125.37,126.47,123.0,123.47,970306
2022-09-20,123.67,125.73,122.93,123.43,777824
2022-09-21,122.53,124.4,122.53,123.53,1004461
2022-09-22,122.27,123.8,121.5,121.77,915365
2022-09-23,121.33,124.1,120.73,123.27,1583223
2022-09-26,121.27,122.47,117.7,119.33,1177287
2022-09-27,118.73,120.6,115.5,116.77,1679419
2022-09-28,115.6,116.97,111.9,113.07,1850562
2022-09-29,115.3,117.67,113.53,117.13,2469924
2022-09-30,115.43,117.43,112.23,116.3,3333201
2022-10-03,121.2,121.53,118.73,120.13,2852245
2022-10-04,120.97,123.17,120.73,122.6,917526
2022-10-06,124.67,126.2,123.0,124.67,1311149
2022-10-07,123.67,126.4,123.67,125.37,1510021
2022-10-10,125.37,127.1,124.37,126.33,1004106
2022-10-11,125.67,126.1,123.07,124.83,1703045
2022-10-12,124.0,126.83,124.0,125.4,1453974
2022-10-13,124.2,126.67,124.2,126.03,1092385
2022-10-14,126.67,127.33,123.33,124.23,1327613
2022-10-17,122.47,125.0,121.2,123.0,1431016
2022-10-18,123.0,126.57,123.0,126.23,1405188
2022-10-19,125.37,127.0,124.93,126.0,1096673
2022-10-20,124.4,130.67,124.1,130.1,5350210
2022-10-21,128.83,129.97,128.07,128.87,835039
2022-10-24,129.0,130.07,128.67,129.03,108953
2022-10-25,128.03,128.6,124.37,124.9,1129298
2022-10-27,125.13,126.57,124.53,124.83,599288
2022-10-28,124.67,130.0,124.67,129.73,2205325
2022-10-31,129.47,130.43,127.7,128.67,1034557
2022-11-01,128.03,129.47,127.83,128.37,586903
2022-11-02,131.8,131.8,128.4,129.8,1266069
2022-11-03,128.83,130.5,128.83,130.07,597085
2022-11-04,129.23,130.93,129.0,129.17,729862
2022-11-07,130.0,130.67,129.6,130.4,435850
2022-11-09,130.4,131.07,129.73,130.7,945297
2022-11-10,130.0,132.4,130.0,130.53,1452436
2022-11-11,132.63,133.63,130.83,131.73,1111046
2022-11-14,131.77,133.97,131.33,133.73,1245927
2022-11-15,132.53,135.37,132.53,135.0,989665
2022-11-16,134.97,137.23,134.77,136.57,1186995
2022-11-17,135.93,136.6,134.37,134.93,995422
2022-11-18,134.8,136.6,134.8,136.2,887443
2022-11-21,134.63,134.63,131.17,133.03,968273
2022-11-22,131.57,132.6,129.8,130.47,718394
2022-11-23,129.47,132.13,129.47,130.5,532733
2022-11-24,129.47,131.9,129.47,131.43,887661
2022-11-25,131.43,134.0,131.43,133.27,641782
2022-11-28,132.0,136.33,132.0,135.17,1031397
2022-11-29,134.8,136.33,134.67,135.97,872184
2022-11-30,136.0,141.33,135.83,136.43,2225716
2022-12-01,138.07,139.27,136.97,138.17,754186
2022-12-02,140.7,142.63,138.17,138.6,1732400
2022-12-05,139.33,141.67,138.47,141.33,921322
2022-12-06,140.6,142.13,139.47,140.53,1073558
2022-12-07,139.33,140.53,138.43,139.7,876537
2022-12-08,139.03,142.0,138.67,139.3,519070
2022-12-09,139.33,139.87,135.63,136.43,1080545
2022-12-12,136.43,136.67,133.8,135.83,916136
2022-12-13,136.67,139.67,136.4,138.63,944760
2022-12-14,138.63,143.93,138.43,142.6,2028039
2022-12-15,143.87,145.73,141.7,142.0,1144074
2022-12-16,143.33,145.33,142.33,143.03,1784837
2022-12-19,143.13,143.4,140.3,141.17,588605
2022-12-20,141.27,141.9,138.8,140.07,560623
2022-12-21,140.0,140.7,136.03,136.6,553176
2022-12-22,136.67,138.1,131.63,135.37,1157888
2022-12-23,132.77,134.47,131.0,132.53,1002790
2022-12-26,132.53,135.17,131.9,134.7,434441
2022-12-27,135.4,140.6,135.4,139.93,836895
2022-12-28,140.0,140.97,138.97,139.77,322768
2022-12-29,138.53,140.23,137.47,138.23,428217
2022-12-30,138.37,139.8,138.37,138.8,348400
2023-01-02,139.5,144.0,139.37,143.2,1473482
2023-01-03,142.5,143.03,140.4,140.87,682928
2023-01-04,139.33,140.8,137.87,138.6,707475
2023-01-05,137.87,140.97,137.0,140.27,752732
2023-01-06,140.3,141.0,138.7,139.2,437045
2023-01-09,139.83,142.5,139.53,141.17,993345
2023-01-10,140.67,143.13,140.67,142.63,1087614
2023-01-11,142.63,149.93,142.63,148.57,2945773
2023-01-12,150.0,152.63,148.93,150.07,2309329
2023-01-13,150.83,151.63,147.77,148.9,1342089
2023-01-16,149.83,151.1,149.4,150.13,641752
2023-01-17,150.53,152.0,148.67,150.6,964110
2023-01-18,150.67,157.33,150.67,155.43,2149168
2023-01-19,154.17,157.2,153.07,156.4,752751
2023-01-20,156.33,158.33,154.53,157.03,768126
2023-01-23,157.83,161.33,156.77,160.1,1042330
2023-01-24,160.93,161.53,158.83,159.5,495787
2023-01-25,159.83,159.83,155.8,157.2,482688
2023-01-27,157.27,161.8,150.67,159.4,953122
2023-01-30,158.67,159.33,154.83,158.3,591549
2023-01-31,156.67,158.23,154.67,155.3,753939
2023-02-01,156.6,156.87,146.73,149.87,1593746
2023-02-02,149.87,151.93,146.9,150.23,1161178
2023-02-03,150.0,150.8,142.67,144.2,1622719
2023-02-06,143.07,145.0,140.13,143.53,1178140
2023-02-07,144.27,150.67,143.9,150.0,1595242
2023-02-08,150.77,155.57,150.73,154.5,1391969
2023-02-09,154.47,156.23,151.37,152.73,1165964
2023-02-10,152.47,152.47,148.67,149.03,876530
2023-02-13,156.67,162.0,155.43,160.67,10054388
2023-02-14,163.33,175.2,163.33,171.87,12116861
2023-02-15,169.33,169.43,164.07,165.27,3842795
2023-02-16,168.33,175.13,166.83,173.6,7666005
2023-02-17,173.83,176.53,172.0,173.87,3293959
2023-02-20,175.33,175.87,169.93,172.77,1955276
2023-02-21,172.03,172.07,169.23,169.87,1400141
2023-02-22,163.93,167.77,161.7,165.8,2874767
2023-02-23,164.67,165.8,162.67,163.87,1957275
2023-02-24,165.2,165.2,161.37,162.1,900959
2023-02-27,161.93,164.0,158.97,163.57,1510429
2023-02-28,164.3,167.17,161.53,164.7,1891450
2023-03-01,164.67,173.33,164.3,172.3,2831230
2023-03-02,172.53,173.0,168.63,171.7,1479720
2023-03-03,171.67,172.6,170.1,170.97,761320
2023-03-06,171.57,176.67,171.07,175.07,2291369
2023-03-08,175.0,181.03,173.57,177.83,4467604
2023-03-09,177.03,181.0,175.43,178.53,2349746
2023-03-10,177.43,177.6,172.03,173.57,1724574
2023-03-13,174.47,174.47,168.83,170.73,1085009
2023-03-14,170.0,171.63,164.67,166.43,1292482
2023-03-15,166.77,173.93,160.0,172.87,2816392
2023-03-16,171.7,171.9,164.67,166.33,1940559
2023-03-17,167.8,174.0,165.7,170.27,1580080
2023-03-20,170.6,170.6,166.0,167.1,737517
2023-03-21,169.1,169.9,163.8,167.43,1644605
2023-03-22,167.63,168.6,165.97,167.13,631046
2023-03-23,167.03,172.0,165.73,171.23,1195521
2023-03-24,170.83,171.73,164.9,167.2,1204094
2023-03-27,164.73,168.0,163.33,166.6,937271
2023-03-28,167.6,173.13,165.5,171.63,1459751
2023-03-29,170.1,180.0,166.73,175.3,3821644
2023-03-31,173.87,175.3,166.4,167.77,2122307
2023-04-03,171.57,178.53,171.5,172.97,5119202
2023-04-05,176.67,177.17,174.07,174.57,1400276
2023-04-06,174.07,174.27,169.37,169.8,1531431
2023-04-10,170.97,173.03,167.7,171.97,1179776
2023-04-11,172.67,173.83,169.7,170.13,1103965
2023-04-12,171.33,175.27,170.07,174.37,1602975
2023-04-13,175.27,178.0,172.57,173.67,1557078
2023-04-17,174.7,179.13,173.5,175.23,2047248
2023-04-18,175.83,180.0,173.6,176.53,2752430
2023-04-19,174.53,178.53,172.07,172.8,2410365
2023-04-20,173.83,173.83,168.37,168.97,1658470
2023-04-21,169.53,171.77,166.93,171.1,1143923
2023-04-24,170.67,171.47,169.0,169.53,763758
2023-04-25,170.13,172.63,167.6,169.07,1761119
2023-04-26,169.07,173.33,169.03,172.93,1285849
2023-04-27,172.6,172.6,170.37,171.23,1254220
2023-04-28,172.0,173.07,169.63,169.9,1113714
2023-05-02,171.27,172.73,169.83,172.0,1352133
2023-05-03,170.67,173.97,170.23,171.37,1378199
2023-05-04,170.67,173.93,170.4,172.1,1570141
2023-05-05,172.93,173.03,168.37,168.7,970736
2023-05-08,169.4,173.77,169.4,172.2,1516621
2023-05-09,172.2,173.07,168.97,169.37,1366438
2023-05-10,169.47,173.67,169.4,172.87,1432415
2023-05-11,171.93,173.27,170.03,172.57,1636015
2023-05-12,172.2,172.93,170.2,170.7,915524
2023-05-15,170.13,173.67,170.0,172.87,1158382
2023-05-16,174.5,177.4,173.37,174.03,2574171
2023-05-17,175.2,178.57,174.53,177.1,2569993
2023-05-18,178.67,182.67,177.4,178.67,2982903
2023-05-19,179.63,182.7,177.7,179.27,1510079
2023-05-22,177.47,178.93,175.4,176.23,939994
2023-05-23,177.3,180.33,174.73,179.63,844770
2023-05-24,181.23,182.17,178.67,179.77,1109305
2023-05-25,176.0,179.8,171.47,173.73,3251945
2023-05-26,173.93,174.53,169.27,173.67,1881736
2023-05-29,174.03,175.2,170.87,171.17,1002603
2023-05-30,171.13,173.73,170.73,171.1,984039
2023-05-31,171.1,172.0,169.0,171.5,1376739
2023-06-01,170.97,172.13,169.33,169.5,1022080
2023-06-02,170.97,170.97,166.3,166.67,1563456
2023-06-05,169.0,170.4,168.0,169.3,1673476
2023-06-06,170.27,170.33,169.07,169.43,326967
2023-06-07,169.37,170.0,168.37,169.33,955430
2023-06-08,169.63,170.23,168.07,168.57,911435
2023-06-09,169.9,171.07,167.73,170.63,971147
2023-06-12,170.67,171.67,168.03,170.4,1094419
2023-06-13,170.4,171.6,168.83,170.13,1313146
2023-06-14,171.33,171.43,168.33,168.73,1058875
2023-06-15,168.87,169.5,167.83,168.97,1577723
2023-06-16,170.0,171.03,168.5,169.53,2381455
2023-06-19,169.67,170.27,168.33,169.3,1657845
2023-06-20,169.3,169.47,167.5,168.13,1170196
2023-06-21,168.43,168.97,166.03,167.3,1611845
2023-06-22,167.33,167.9,164.0,164.97,1503638
2023-06-23,164.67,164.67,161.77,162.5,1057462
2023-06-26,162.67,163.83,160.53,161.1,857663
2023-06-27,161.33,163.73,160.73,163.03,1414990
2023-06-28,163.03,163.67,160.73,161.87,6675427
2023-06-30,162.27,164.13,160.87,163.3,4233375
2023-07-03,164.0,165.0,162.4,163.23,1227666
2023-07-04,164.47,166.17,163.07,164.3,1513169
2023-07-05,164.83,167.33,164.2,166.23,1089199
2023-07-06,166.67,168.43,166.17,166.67,1060911
2023-07-07,167.33,169.27,167.0,168.8,1146678
2023-07-10,169.33,171.3,168.9,169.9,881042
2023-07-11,170.77,170.77,168.67,169.5,607400
2023-07-12,170.67,170.97,169.43,170.3,821495
2023-07-13,171.27,171.63,169.17,170.47,694951
2023-07-14,172.0,172.0,170.27,170.7,579514
2023-07-17,170.0,171.03,169.33,170.23,610220
2023-07-18,170.37,172.33,169.27,169.87,956323
2023-07-19,170.0,171.8,169.13,170.93,958745
2023-07-20,170.87,171.67,169.33,171.23,974290
2023-07-21,171.33,172.33,170.37,172.03,473851
2023-07-24,172.6,174.23,172.03,172.57,771929
2023-07-25,174.3,176.33,173.4,174.97,1441409
2023-07-26,176.0,180.67,175.7,180.03,1505430
2023-07-27,180.33,184.6,180.3,182.27,1753998
2023-07-28,182.3,182.63,179.43,181.03,473183
2023-07-31,183.33,184.33,181.4,183.8,1206780
2023-08-01,184.9,185.2,182.47,182.93,565094
2023-08-02,182.67,184.47,176.63,180.4,917638
2023-08-03,180.67,182.47,178.47,179.5,750649
2023-08-04,181.87,184.07,180.57,182.47,573061
2023-08-07,184.67,184.73,180.73,181.83,557490
2023-08-08,182.13,183.33,180.3,182.43,549212
2023-08-09,180.0,186.27,174.37,184.37,2278017
2023-08-10,186.63,186.63,183.4,185.3,1183662
2023-08-11,185.33,186.43,185.0,185.53,605106
2023-08-14,186.67,186.67,183.4,186.23,506091
2023-08-16,185.33,191.33,182.5,190.57,1481877
2023-08-17,191.33,194.37,189.4,192.37,1202295
2023-08-18,192.37,193.73,189.5,192.23,494955
2023-08-21,193.0,195.33,192.17,194.0,932626
2023-08-22,195.0,195.53,193.33,194.2,511618
2023-08-23,196.3,197.97,192.9,193.97,1015999
2023-08-24,195.73,196.3,191.73,192.93,746401
2023-08-25,189.33,191.6,187.7,188.47,451187
2023-08-28,186.67,187.97,183.67,183.9,727177
2023-08-29,184.87,187.6,184.0,184.93,1332736
2023-08-30,186.63,187.03,183.4,183.93,992810
2023-08-31,184.2,185.13,181.53,182.07,863704
2023-09-01,182.07,189.7,181.47,182.03,1980858
2023-09-04,183.87,188.67,183.4,185.3,1484339
2023-09-05,188.67,192.27,186.2,187.07,3178039
2023-09-06,189.9,191.03,187.2,188.37,1090705
2023-09-07,189.33,190.8,185.77,187.87,793859
2023-09-08,187.9,189.6,187.2,187.57,1163730
2023-09-11,189.33,193.2,187.0,187.57,2246059
2023-09-12,189.13,191.2,180.33,181.63,2010936
2023-09-13,183.37,185.73,181.2,182.53,2003887
2023-09-14,183.7,189.73,183.67,185.37,2948293
2023-09-15,190.0,196.43,188.4,189.6,5968878
2023-09-18,190.33,193.63,188.67,190.57,2020049
2023-09-20,189.87,191.87,186.33,187.27,1436959
2023-09-21,187.1,187.57,183.47,184.03,853379
2023-09-22,184.3,187.13,182.27,185.17,1016658
2023-09-25,186.67,187.97,184.03,185.4,720287
2023-09-26,185.4,186.6,184.0,184.1,498359
2023-09-27,184.67,192.17,184.4,191.67,2816372
2023-09-28,192.53,203.63,192.5,194.83,9574588
2023-09-29,197.33,200.0,193.33,199.23,2246924
2023-10-03,196.67,196.67,192.93,196.03,1969590
2023-10-04,196.3,197.07,193.37,196.0,1396855
2023-10-05,194.23,197.33,193.67,196.63,1496561
2023-10-06,197.33,198.07,193.87,197.17,1278674
2023-10-09,199.2,212.27,198.4,207.5,17113849
2023-10-10,212.0,215.13,209.33,212.97,5433111
2023-10-11,214.0,214.67,206.27,207.9,3055665
2023-10-12,209.5,214.53,207.37,208.57,2947605
2023-10-13,208.93,212.77,208.17,210.13,2423172
2023-10-16,213.2,216.53,212.33,213.23,3087554
2023-10-17,215.3,223.13,212.23,221.07,5025342
2023-10-18,223.33,226.27,216.23,218.9,5111092
2023-10-19,218.67,219.47,214.47,216.07,2493625
2023-10-20,217.57,221.07,213.73,215.03,2061047
2023-10-23,215.03,215.33,202.67,204.93,1759499
2023-10-25,205.87,209.87,200.0,200.97,1654323
2023-10-26,200.67,202.97,196.37,200.43,1044784
2023-10-27,201.9,204.0,200.03,201.27,1326059
2023-10-30,203.33,205.67,202.0,202.53,899406
2023-10-31,204.6,204.67,197.77,199.23,830839
2023-11-01,199.33,205.0,199.23,201.13,1245410
2023-11-02,203.63,205.0,198.3,200.2,957056
2023-11-03,202.63,205.53,200.67,202.27,1743608
2023-11-06,203.33,210.47,202.23,207.53,3352889
2023-11-07,207.23,211.73,206.2,207.77,1439631
2023-11-08,208.27,211.67,206.0,207.07,2048031
2023-11-09,204.3,205.9,198.2,201.53,4930044
2023-11-10,201.47,204.67,200.53,203.83,920565
2023-11-12,205.3,207.6,204.67,205.63,188873
2023-11-13,205.33,210.3,204.2,209.5,1139287
2023-11-15,213.2,216.0,208.0,209.1,2277927
2023-11-16,209.1,215.97,208.77,215.2,1911539
2023-11-17,213.33,216.77,209.4,210.17,1207967
2023-11-20,211.93,218.87,209.0,209.33,1055443
2023-11-21,211.3,211.4,204.77,205.0,1268953
2023-11-22,204.17,205.5,201.7,202.43,1108956
2023-11-23,201.97,202.87,198.23,199.5,1808907
2023-11-24,199.5,201.4,196.83,199.27,1478380
2023-11-28,200.6,202.57,195.47,199.3,1903035
2023-11-29,199.33,207.97,198.5,207.07,2264127
2023-11-30,208.0,208.93,199.27,203.47,9608619
2023-12-01,205.33,209.67,203.67,206.6,2192240
2023-12-04,210.33,223.67,205.73,218.8,13259679
2023-12-05,221.47,223.2,215.07,216.23,5051635
2023-12-06,217.4,220.5,212.03,213.27,3761698
2023-12-07,214.67,216.0,209.8,211.03,2830993
2023-12-08,212.47,216.53,210.6,213.27,2227079
2023-12-11,214.67,215.87,211.03,212.5,1138192
2023-12-12,213.17,214.0,207.93,208.47,1638530
2023-12-13,208.0,210.63,205.8,206.77,1622702
2023-12-14,209.5,218.63,208.23,216.27,6369135
2023-12-15,216.7,220.33,213.17,215.57,2806232
2023-12-18,215.3,218.67,213.13,214.67,1532115
2023-12-19,219.33,231.4,217.33,227.6,8531644
2023-12-20,233.33,270.93,229.83,240.4,41442087
2023-12-21,242.0,259.73,242.0,250.9,25032559
2023-12-22,255.67,255.93,243.4,248.83,7136807
2023-12-26,251.27,262.6,246.43,254.47,8480672
2023-12-27,257.4,260.67,252.0,254.87,4990380
2023-12-28,256.33,259.37,249.53,255.13,5349594
2023-12-29,255.33,255.4,246.67,248.1,4486432
2024-01-01,249.0,255.07,247.57,252.5,2440997
2024-01-02,250.67,259.33,249.5,255.53,4465413
2024-01-03,255.73,261.23,251.53,257.13,3137954
2024-01-04,259.6,259.6,254.33,255.17,1885391
2024-01-05,256.6,257.7,251.17,253.6,2139325
2024-01-08,253.3,254.63,248.53,249.43,1910498
2024-01-09,252.0,254.3,249.0,249.43,1807092
2024-01-10,250.67,250.67,242.2,243.2,2908270
2024-01-11,244.67,250.43,241.6,249.17,4918421
2024-01-12,248.13,251.1,246.17,250.0,4960906
2024-01-15,252.0,265.47,251.6,264.33,8591383
2024-01-16,267.3,268.53,257.07,259.57,5018015
2024-01-17,256.67,256.67,252.67,254.23,2445706
2024-01-18,252.27,271.2,251.0,263.63,9113048
2024-01-19,267.17,279.87,265.37,274.87,9490296
2024-01-20,277.6,287.2,275.6,280.13,4634121
2024-01-23,281.37,281.47,261.33,264.17,4390390
2024-01-24,265.6,271.0,262.33,267.8,2060957
2024-01-25,270.67,271.37,266.73,268.73,1031063
2024-01-29,272.0,280.67,269.53,275.73,3946643
2024-01-30,278.8,295.57,277.63,286.07,9623887
2024-01-31,289.23,289.23,279.03,284.33,3512753
2024-02-01,285.27,292.67,282.03,290.9,3073478
2024-02-02,291.33,299.87,288.77,297.93,6149976
2024-02-05,297.63,309.47,293.37,306.33,6311035
2024-02-06,308.0,344.27,297.33,320.67,16937801
2024-02-07,323.2,331.13,315.33,325.07,6636411
2024-02-08,326.4,346.67,322.5,342.1,9475104
2024-02-09,345.37,349.6,334.7,344.1,6252556
2024-02-12,346.54,346.54,304.33,312.6,5794083
2024-02-13,312.67,317.57,295.7,313.23,5803115
2024-02-14,313.33,336.57,305.73,332.5,11250697
2024-02-15,337.9,383.6,335.34,375.44,28015245
2024-02-16,378.57,411.34,370.67,382.44,19635917
2024-02-19,384.0,406.67,382.8,396.14,9982622
2024-02-20,397.9,420.0,382.67,403.14,12997336
2024-02-21,405.94,416.0,385.47,390.14,8671615
2024-02-22,394.67,406.47,381.9,399.0,9476678
2024-02-23,402.67,402.87,391.34,394.4,4018573
2024-02-26,391.57,395.97,375.54,380.0,4179841
2024-02-27,382.64,389.2,375.07,382.87,6084332
2024-02-28,386.47,390.67,374.14,378.1,4303625
2024-02-29,380.67,380.8,362.67,364.37,5120713
2024-03-01,369.57,395.94,368.6,392.77,10763632
2024-03-02,396.74,399.14,390.9,395.17,439127
2024-03-04,396.0,426.14,395.94,416.6,16520224
2024-03-05,419.27,425.8,412.0,421.0,6399505
2024-03-06,422.67,431.34,412.0,422.57,6500747
2024-03-07,424.0,429.04,418.24,420.07,4085947
2024-03-11,421.94,428.67,407.0,410.24,4968431
2024-03-12,414.34,418.17,402.0,408.47,4743079
2024-03-13,412.44,412.9,375.44,382.54,5636750
2024-03-14,382.54,393.67,374.67,382.1,4069176
2024-03-15,386.34,392.47,342.0,370.44,17276038
2024-03-18,365.67,369.37,356.2,363.47,2799865
2024-03-19,363.34,372.77,355.57,363.8,5496693
2024-03-20,370.0,380.0,363.2,376.8,3563564
2024-03-21,379.3,397.74,379.0,393.97,3967419
2024-03-22,394.77,397.3,385.84,387.84,3230740
2024-03-26,389.6,410.47,385.84,407.64,5545893
2024-03-27,407.97,419.87,394.7,399.2,5887727
2024-03-28,402.64,407.34,394.8,400.17,3445960
2024-04-01,404.2,405.67,388.34,394.0,4273811
2024-04-02,396.67,423.34,393.44,420.07,7008541
2024-04-03,420.07,446.34,416.74,423.77,13422782
2024-04-04,426.0,427.74,408.9,414.5,5682592
2024-04-05,416.57,432.4,414.8,418.94,5179614
2024-04-08,423.0,429.34,412.34,416.4,4056356
2024-04-09,418.74,424.1,412.4,419.84,2240881
2024-04-10,421.2,432.0,417.67,421.27,7746905
2024-04-12,421.34,425.17,405.2,407.37,6863145
2024-04-15,407.37,424.3,397.0,414.57,9268535
2024-04-16,409.94,423.27,407.4,415.3,4721865
2024-04-18,415.34,419.94,400.04,402.1,4726778
2024-04-19,402.67,411.27,397.37,399.9,4146618
2024-04-22,404.0,411.0,396.67,397.87,2486599
2024-04-23,400.67,401.7,392.44,393.84,2281506
2024-04-24,396.0,409.2,392.67,405.57,3184163
2024-04-25,402.67,413.67,401.37,408.34,3486606
2024-04-26,412.84,424.6,410.8,418.9,6320547
2024-04-29,422.94,423.04,411.67,414.04,2961861
2024-04-30,416.14,425.87,412.04,413.44,4079150
2024-05-02,416.14,421.34,403.34,420.3,4702531
2024-05-03,422.47,428.67,413.9,420.44,4278873
2024-05-06,424.6,434.67,411.24,422.3,4193671
2024-05-07,422.67,432.67,418.87,424.44,6261770
2024-05-08,425.27,432.0,417.17,427.1,3401678
2024-05-09,428.3,428.64,404.67,411.57,4783787
2024-05-10,414.34,415.27,398.44,412.74,3098531
2024-05-13,411.34,412.3,392.7,402.87,2924783
2024-05-14,406.67,418.0,404.57,413.07,2608682
2024-05-15,415.0,425.2,411.64,422.07,4199091
2024-05-16,426.0,442.0,420.94,425.24,8103824
2024-05-17,428.67,428.67,422.67,426.24,2643862
2024-05-18,426.67,436.67,426.34,431.0,399828
2024-05-21,437.34,447.4,427.04,442.67,7546149
2024-05-22,449.27,449.3,433.67,437.64,4553454
2024-05-23,438.64,441.2,431.47,435.7,2671781
2024-05-24,435.2,446.67,433.47,441.27,2697092
2024-05-27,442.87,450.0,437.34,445.54,3089462
2024-05-28,448.7,449.07,430.07,435.17,2407745
2024-05-29,435.14,437.34,422.7,424.74,2109426
2024-05-30,426.87,429.2,417.1,419.4,1931989
2024-05-31,420.07,425.87,412.07,423.8,1919665
2024-06-03,459.9,459.9,431.77,446.24,4926457
2024-06-04,445.97,445.97,363.34,396.34,6718932
2024-06-05,404.0,410.07,370.3,387.0,7760259
2024-06-06,394.0,410.54,390.87,406.94,4411000
2024-06-07,410.54,412.8,404.14,410.1,1686641
2024-06-10,413.17,417.14,403.34,404.84,2030594
2024-06-11,406.0,439.04,405.7,432.37,5641445
2024-06-12,435.9,449.2,430.0,441.5,3708444
2024-06-13,442.57,457.54,435.67,451.9,6651960
2024-06-14,446.67,472.67,446.67,466.3,6951310
2024-06-18,468.6,468.77,456.0,460.64,3885350
2024-06-19,461.9,468.0,448.1,464.27,5634029
2024-06-20,464.27,468.0,454.94,456.7,2674698
2024-06-21,460.2,469.67,456.74,466.54,5387509
2024-06-24,469.97,474.64,462.04,466.04,3352259
2024-06-25,468.2,474.17,461.07,466.17,3039490
2024-06-26,466.34,471.67,462.47,467.27,2042020
2024-06-27,471.87,474.67,464.67,470.17,3236342
2024-06-28,474.67,495.74,473.34,482.04,6366365
2024-07-01,488.97,489.34,470.04,475.9,3516710
2024-07-02,481.0,512.0,480.15,485.35,12658263
2024-07-03,491.4,499.0,479.35,495.3,3237838
2024-07-04,499.0,506.0,489.35,492.35,2722700
2024-07-05,494.9,495.0,487.2,489.5,2132461
2024-07-08,492.9,517.95,490.05,500.05,5373870
2024-07-09,507.95,515.5,504.85,509.15,2355473
2024-07-10,512.8,515.0,494.05,512.85,2515806
2024-07-11,514.7,583.45,513.5,551.0,10303383
2024-07-12,572.0,653.0,562.0,614.45,28989089
2024-07-15,598.0,644.5,592.1,638.7,15786984
2024-07-16,640.0,640.0,615.0,618.5,11050736
2024-07-18,622.0,624.7,580.0,584.9,12569307
2024-07-19,580.0,580.0,556.65,571.1,9200372
2024-07-22,562.0,565.2,546.05,555.25,8938610
2024-07-23,563.1,575.8,512.0,548.35,14343791
2024-07-24,549.8,560.8,541.4,543.5,5933103
2024-07-25,542.0,594.5,538.4,566.9,21807623
2024-07-26,575.0,576.9,557.45,560.65,6875211
2024-07-29,565.7,592.9,556.7,580.4,9295179
2024-07-30,582.35,605.5,575.45,583.05,9656804
2024-07-31,588.75,588.75,576.0,577.55,5839253
2024-08-01,583.4,615.0,582.0,599.05,18687167
2024-08-02,595.95,614.9,590.0,606.0,10032774
2024-08-05,590.9,597.8,568.3,575.65,6908025
2024-08-06,574.0,591.5,570.1,571.3,5409173
2024-08-07,590.0,624.9,585.6,617.8,23272182
2024-08-08,617.8,618.5,597.25,612.85,7145183
2024-08-09,619.0,655.9,611.2,643.95,19857286
2024-08-12,642.5,682.0,630.55,667.25,13026500
2024-08-13,678.7,692.0,674.0,687.35,14550940
2024-08-14,692.0,714.3,645.2,658.9,19816227
2024-08-16,664.95,686.55,660.6,677.7,7469028
2024-08-19,690.0,702.3,685.1,689.55,6055414
2024-08-20,694.8,695.25,670.05,672.7,4232327
2024-08-21,675.5,683.0,670.05,671.3,3726311
2024-08-22,677.75,684.7,672.75,681.15,3506656
2024-08-23,680.8,686.9,675.3,681.75,3227594
2024-08-26,687.0,714.0,686.45,702.35,9749464
2024-08-27,710.0,729.8,708.0,718.55,6716477
2024-08-28,722.0,729.9,703.5,726.4,5658011
2024-08-29,727.9,745.0,707.45,733.9,6785969
2024-08-30,735.0,767.9,721.0,741.0,79429798
2024-09-02,725.35,734.7,717.25,726.25,5735191
2024-09-03,720.0,734.0,711.05,729.85,5884801
2024-09-04,723.9,727.3,677.6,682.25,7645313
2024-09-05,688.95,695.35,651.75,654.9,8018321
2024-09-06,659.85,665.95,625.5,626.95,7382176
2024-09-09,626.1,640.0,606.55,634.05,8052402
2024-09-10,641.9,645.0,606.0,608.9,5509452
2024-09-11,607.8,608.0,570.0,581.7,12283035
2024-09-12,584.0,587.9,565.3,578.95,9441722
2024-09-13,578.0,588.0,574.0,585.6,5434486
2024-09-16,585.0,609.95,577.7,607.6,6438482
2024-09-17,612.05,627.9,597.55,615.45,9251355
2024-09-18,626.0,627.0,590.85,595.0,7376182
2024-09-19,595.0,602.5,553.85,571.45,9094949
2024-09-20,580.0,582.5,560.0,562.8,9500390
2024-09-23,565.0,586.5,557.15,582.05,5005764
2024-09-24,587.0,594.9,581.0,592.6,3796775
2024-09-25,594.95,605.0,577.0,578.7,4262021
2024-09-26,579.75,579.75,554.8,564.2,5512784
2024-09-27,564.0,595.0,558.0,586.75,5855512
2024-09-30,586.95,590.0,573.3,580.65,3318663
2024-10-01,572.5,583.9,567.9,568.75,1959496
2024-10-03,574.4,577.0,534.9,538.8,7687449
2024-10-04,544.15,578.0,543.9,572.75,11396936
2024-10-07,570.0,575.0,542.3,547.35,4426253
2024-10-08,549.45,567.75,540.9,565.6,3810847
2024-10-09,563.0,577.0,558.05,574.35,3379666
2024-10-10,580.0,594.0,570.2,572.5,3260024
2024-10-11,575.0,589.0,571.1,584.55,1855197
2024-10-14,588.0,590.95,573.2,586.3,1986479
2024-10-15,584.75,584.75,552.1,559.45,4514251
2024-10-16,559.4,560.6,518.0,527.2,12606593
2024-10-17,528.7,533.5,519.35,525.1,4053280
2024-10-18,525.1,546.95,522.75,533.4,4624545
2024-10-21,533.4,533.4,521.35,529.9,2331311
2024-10-22,530.0,534.65,512.5,516.6,2206145
2024-10-23,516.6,523.55,493.05,504.95,3453696
2024-10-24,507.0,518.55,503.5,510.25,2688448
2024-10-25,513.8,516.0,481.95,485.35,3417307
2024-10-28,479.6,491.95,468.2,476.05,3722104
2024-10-29,478.0,488.8,472.65,479.45,2136430
2024-10-30,482.7,487.95,468.6,471.2,1866841
2024-10-31,474.0,477.9,462.55,471.75,2491383
2024-11-01,471.7,478.25,469.0,473.0,418453
2024-11-04,473.65,476.6,459.05,472.3,2993901
2024-11-05,470.0,498.5,467.15,495.6,3876641
2024-11-06,503.0,531.2,495.3,525.1,5991131
2024-11-07,528.55,535.85,513.15,524.55,3523566
2024-11-08,524.55,524.55,501.8,508.55,2521219
2024-11-11,505.0,510.85,492.9,506.5,1196906
2024-11-12,506.5,511.85,492.7,496.65,1152726
2024-11-13,494.4,501.4,475.0,480.85,2249137
2024-11-14,476.0,482.6,464.35,475.45,2114574
2024-11-18,475.45,481.85,464.0,472.45,999530
2024-11-19,477.3,491.45,477.0,485.45,1270704
2024-11-21,480.0,488.25,475.1,486.05,1209903
2024-11-22,487.5,509.55,487.5,507.15,1956028
2024-11-25,518.45,529.0,510.05,518.75,4179863
2024-11-26,519.5,524.5,502.0,504.3,1448543
2024-11-27,507.0,507.5,490.0,505.0,1705641
2024-11-28,500.55,511.45,493.1,504.75,2538775
2024-11-29,495.1,503.75,488.3,490.6,3714719
2024-12-02,485.2,493.25,478.0,479.35,3993058
2024-12-03,484.8,492.55,482.0,490.3,2086164
2024-12-04,493.0,502.95,487.05,489.1,2969020
2024-12-05,492.0,492.0,470.05,473.75,4375627
2024-12-06,476.6,477.8,473.3,474.9,1982279
2024-12-09,475.1,476.6,466.05,467.85,2305005
2024-12-10,469.1,472.95,463.35,469.3,1733645
2024-12-11,470.0,475.0,468.6,469.55,1181212
2024-12-12,471.95,472.0,465.75,466.2,1011901
2024-12-13,468.0,471.4,451.1,454.35,2862359
2024-12-16,455.0,462.65,454.5,461.2,1766363
2024-12-17,459.4,461.15,444.0,444.8,1768145
2024-12-18,446.8,451.0,440.2,445.4,2568119
2024-12-19,436.0,447.35,434.2,438.95,3369177
2024-12-20,439.0,441.8,417.0,421.8,3345519
2024-12-23,422.05,426.9,414.0,420.65,2754816
2024-12-24,423.0,428.7,418.55,425.6,1408323
2024-12-26,426.35,429.0,422.1,427.05,1140246
2024-12-27,428.0,429.55,421.8,425.15,994577
2024-12-30,425.8,433.95,415.2,421.3,6466718
2024-12-31,420.75,437.15,417.9,430.75,3137020
2025-01-01,434.0,438.45,428.3,437.1,1408767
2025-01-02,435.65,467.0,435.55,463.3,8809869
2025-01-03,468.0,491.25,466.0,481.1,12072883
2025-01-06,484.05,485.55,455.55,457.7,2853849
2025-01-07,460.0,478.65,460.0,474.35,5339442
2025-01-08,475.3,494.55,473.65,491.7,7307026
2025-01-09,490.0,490.0,454.0,467.0,9333706
2025-01-10,470.0,471.65,454.5,455.85,3609946
2025-01-13,465.0,478.65,448.85,452.4,9815743
2025-01-14,452.4,467.95,452.4,465.15,2788151
2025-01-15,466.0,474.0,461.0,464.05,1858906
2025-01-16,479.0,484.4,466.1,470.8,2574384
2025-01-17,470.0,477.95,469.5,474.8,1688995
2025-01-20,474.8,487.35,470.15,483.8,2542513
2025-01-21,483.85,489.9,472.35,474.25,2543729
2025-01-22,474.25,475.05,448.3,454.35,4206722
2025-01-23,452.05,470.0,442.25,451.3,3508784
2025-01-24,449.75,453.7,423.05,424.5,4061399
2025-01-27,424.5,424.5,405.45,406.65,2668031
2025-01-28,409.0,411.7,390.5,397.05,2714364
2025-01-29,398.0,408.8,392.1,407.55,2555776
2025-01-30,408.0,421.0,402.15,417.75,3432662
2025-01-31,417.75,425.05,411.1,420.45,2624269
2025-02-01,421.0,426.95,406.5,410.7,1123769
2025-02-03,410.55,414.0,389.35,394.8,2667713
2025-02-04,401.4,406.95,396.8,405.45,1597972
2025-02-05,407.0,432.9,406.95,431.6,4779988
2025-02-06,436.5,436.5,421.35,425.0,2345991
2025-02-07,425.0,427.75,411.7,424.8,2037690
2025-02-10,414.8,415.55,397.5,405.25,5734994
2025-02-11,405.05,414.35,395.1,412.2,4121580
2025-02-12,412.5,421.1,404.0,417.55,4836753
2025-02-13,417.55,418.0,405.7,412.9,3027874
2025-02-14,415.0,417.55,390.1,396.35,3299511
2025-02-17,384.95,401.75,375.0,400.55,2989496
2025-02-18,404.65,404.65,386.1,398.55,3238537
2025-02-19,395.0,406.25,391.65,396.35,2327087
2025-02-20,398.0,409.5,391.6,405.65,2790526
2025-02-21,405.1,412.35,390.6,392.4,2221369
2025-02-24,392.4,393.45,377.1,378.8,2394354
2025-02-25,379.05,386.0,368.3,372.4,2575940
2025-02-27,373.9,376.4,362.15,365.9,2591172
2025-02-28,364.95,367.45,340.95,342.7,5947063
2025-03-03,345.1,350.65,339.05,341.65,3001287
2025-03-04,335.5,353.1,328.15,351.2,3464023
2025-03-05,353.15,376.5,352.0,368.2,4917698
2025-03-06,371.3,376.15,365.3,372.2,3232955
2025-03-07,372.0,372.0,364.8,369.75,3422495
2025-03-10,371.0,377.75,359.25,362.85,2691390
2025-03-11,360.0,371.65,353.75,369.15,1942431
2025-03-12,371.0,374.5,361.75,366.8,1926697
2025-03-13,370.0,382.0,368.1,375.5,4620549
2025-03-17,377.0,384.7,376.05,378.15,1959640
2025-03-18,380.3,387.5,375.75,385.8,2231034
2025-03-19,386.0,388.0,380.65,385.85,2152373
2025-03-20,388.85,393.9,383.55,391.3,2113205
2025-03-21,393.0,400.5,389.6,393.6,3858351
2025-03-24,398.0,404.4,396.45,398.1,1611951
2025-03-25,402.85,402.85,383.7,390.3,2899258
2025-03-26,390.3,396.9,379.15,380.9,3544394
2025-03-27,382.0,391.8,381.0,386.05,6258419
2025-03-28,388.4,396.6,382.1,386.75,3059820
2025-04-01,386.75,394.85,384.5,385.45,1893089
2025-04-02,386.2,393.6,374.0,392.1,2198587
2025-04-03,387.7,392.45,382.0,386.05,1896611
2025-04-04,382.0,384.9,354.6,357.75,5358396
2025-04-07,327.85,345.8,325.0,343.25,4117814
2025-04-08,349.0,354.8,342.15,353.45,2609456
2025-04-09,349.0,351.75,336.4,349.65,3883921
2025-04-11,355.0,361.1,351.0,358.9,2046609
2025-04-15,367.0,368.0,361.3,365.95,1484895
2025-04-16,370.0,379.5,366.25,378.3,3321597
2025-04-17,380.0,386.7,377.2,384.4,2432713
2025-04-21,386.1,398.5,381.35,395.85,2997217
2025-04-22,395.85,406.8,391.7,404.0,2872315
2025-04-23,405.0,412.8,399.2,406.85,2391063
2025-04-24,404.0,406.6,397.2,402.6,2916837
2025-04-25,400.9,404.55,389.1,399.35,2820294
2025-04-28,397.75,406.75,393.5,405.15,1727973
2025-04-29,405.6,412.85,401.5,404.45,3607844
2025-04-30,404.45,414.0,397.8,410.75,3621149
2025-05-02,408.0,416.5,403.15,404.9,1959784
2025-05-05,400.0,405.75,388.7,404.6,3367921
2025-05-06,405.95,408.45,395.5,398.25,2022615
2025-05-07,390.0,408.65,389.0,406.85,2358373
2025-05-08,406.2,415.0,393.8,398.85,1905734
2025-05-09,390.0,404.0,389.0,403.3,1994556
2025-05-12,409.5,422.2,409.05,416.45,3053060
2025-05-13,416.5,418.2,406.55,407.45,1331889
2025-05-14,412.0,425.5,410.6,418.85,3578800
2025-05-15,418.9,424.0,413.0,422.5,2371184
2025-05-16,422.5,428.85,420.75,423.9,2335245
2025-05-19,426.05,429.95,421.5,422.95,1823984
2025-05-20,425.45,434.0,421.0,423.3,2609402
2025-05-21,427.0,428.65,421.05,426.5,1356827
2025-05-22,422.5,422.5,404.1,418.35,7564155
2025-05-23,418.0,430.45,416.4,425.95,2120628
2025-05-26,428.05,432.5,426.5,427.7,1189416
2025-05-27,427.75,432.6,425.55,431.3,1061214
2025-05-28,434.85,435.75,428.55,430.15,2023901
2025-05-29,434.0,448.25,430.15,444.25,3572959
2025-05-30,447.0,447.0,424.3,426.8,5966660
2025-06-02,428.0,428.9,419.2,423.6,1873611
2025-06-03,427.9,429.35,416.85,418.15,1876719
2025-06-04,417.5,425.4,414.3,425.0,1609449
2025-06-05,425.5,429.7,418.8,422.5,2710704
2025-06-06,422.45,426.7,420.15,424.45,1215059
2025-06-09,425.95,435.0,424.5,434.2,2340904
2025-06-10,436.5,441.2,433.75,437.4,1507371
2025-06-11,444.75,468.0,442.55,465.3,18723840
2025-06-12,475.0,489.0,465.6,468.35,16610618
2025-06-13,480.0,486.0,473.25,477.75,18996179
2025-06-16,484.95,491.5,478.5,480.85,10245316
2025-06-17,482.9,484.45,472.7,478.2,5655322
2025-06-18,482.0,485.95,465.3,469.65,4484962
2025-06-19,470.8,474.55,463.25,469.85,3497665
2025-06-20,472.0,472.0,461.15,464.9,3531943
2025-06-23,472.0,476.95,459.4,472.2,7201352
2025-06-24,464.0,465.75,444.5,445.85,8745292
2025-06-25,448.0,449.75,438.6,441.1,4344968
2025-06-26,442.0,444.6,437.6,442.3,3454307
2025-06-27,442.55,444.0,431.0,433.4,12425484
2025-06-30,435.5,440.8,432.4,434.25,2193263
2025-07-01,438.0,438.0,430.3,434.45,2532988
2025-07-02,435.1,437.0,431.6,435.9,3201274
2025-07-03,438.3,454.25,436.6,452.95,8737201
2025-07-04,454.0,454.35,444.05,445.75,3561602
2025-07-07,445.75,447.05,440.0,440.6,1818384
2025-07-08,441.1,446.6,441.05,443.1,1474367
2025-07-09,443.5,447.5,441.55,445.4,1342459
2025-07-10,449.0,449.8,435.5,437.5,2395496
2025-07-11,438.0,438.6,427.0,432.3,2515975
2025-07-14,433.0,446.65,430.9,445.85,2603352
2025-07-15,443.0,447.6,440.35,445.85,1691288
2025-07-17,447.0,450.25,445.0,446.45,1044393
2025-07-18,446.65,452.3,445.45,447.9,2054293
2025-07-21,447.0,455.0,443.75,453.25,1734046
2025-07-22,452.0,455.0,448.1,451.35,1544230
2025-07-23,451.4,456.0,448.0,453.4,1722788
2025-07-24,453.65,455.0,445.7,446.95,2260983
2025-07-25,443.35,449.75,433.05,434.75,1205069
2025-07-28,436.8,441.0,425.0,426.3,1176775
2025-07-29,428.85,442.3,428.5,440.7,1537551
2025-07-30,446.0,449.5,442.5,444.8,1901183
2025-07-31,442.15,445.65,437.6,440.0,1599592
2025-08-01,437.5,440.0,430.0,434.05,1975660
2025-08-04,437.0,437.4,428.0,428.85,1397797
2025-08-05,428.5,435.95,419.7,433.0,2288242
2025-08-06,431.0,435.25,428.25,432.0,2156704
2025-08-07,427.6,435.35,426.0,432.15,1344648
2025-08-08,430.0,436.2,429.85,432.4,1583670
2025-08-11,432.0,433.3,418.5,423.45,1932699
2025-08-12,424.0,428.35,423.05,425.1,1240551
2025-08-13,426.05,427.65,401.0,407.0,6879674
2025-08-14,408.3,409.6,396.5,400.75,3923902
2025-08-18,406.0,406.8,396.7,401.45,2682648
2025-08-19,403.0,408.95,401.45,408.1,853141
2025-08-20,408.95,409.45,403.65,408.0,2079625
2025-08-21,408.0,413.9,407.25,410.8,1609390
2025-08-22,410.8,413.75,407.35,409.4,1309378
2025-08-25,409.4,410.8,405.3,409.35,1014761
2025-08-26,409.0,409.0,396.7,398.9,2416702
2025-08-28,399.0,400.9,389.4,390.5,2049222
2025-08-29,390.5,392.15,384.6,390.3,3349257
2025-09-01,390.3,401.0,388.8,400.05,1422828
2025-09-02,401.25,407.4,397.1,402.05,1131425
2025-09-03,400.15,410.0,400.15,402.75,858612
2025-09-04,403.0,403.75,392.75,393.6,1235200
2025-09-05,393.6,397.4,391.15,396.4,1501955
2025-09-08,399.75,399.75,390.95,391.95,685485
2025-09-09,393.9,397.65,391.45,392.55,687532
2025-09-10,399.0,399.0,390.0,390.7,1193875
2025-09-11,393.0,399.3,392.45,394.65,2476339
2025-09-12,394.65,400.0,393.35,398.4,1350083
2025-09-15,398.55,400.5,393.0,394.95,1772987
2025-09-16,396.25,401.0,393.0,398.85,1818441
2025-09-17,399.85,404.2,398.55,403.55,2140559
2025-09-18,405.45,405.5,397.15,399.15,1308680
2025-09-19,401.9,405.0,399.4,404.05,2301934
2025-09-22,405.0,412.0,401.55,409.25,1916721
2025-09-23,409.6,411.0,403.55,404.55,1604703
2025-09-24,406.0,407.45,404.0,406.6,1008571
2025-09-25,409.05,423.0,407.6,414.8,6236842
2025-09-26,414.0,417.65,407.3,410.25,1503166
2025-09-29,418.0,423.0,415.0,417.25,4207568
2025-09-30,416.0,419.0,410.6,413.8,2205908
2025-10-01,416.0,418.8,408.75,411.3,1932766
2025-10-03,409.0,417.0,406.55,414.7,2588580
2025-10-06,414.5,421.25,413.0,419.2,2355560
2025-10-07,422.45,428.45,418.65,422.45,3473185
2025-10-08,422.45,423.55,415.0,416.8,1218310
2025-10-09,415.1,419.5,412.8,417.9,1405743
2025-10-10,415.5,420.4,415.5,418.2,1348389
2025-10-13,415.0,418.05,407.15,416.45,2991227
2025-10-14,420.0,420.9,413.05,414.1,2387212
2025-10-15,414.1,424.75,412.1,423.05,2294459
2025-10-16,423.0,423.05,414.55,417.25,1667593
2025-10-17,415.85,416.3,406.0,408.9,3456903
2025-10-20,409.0,410.15,405.65,406.95,2589621
2025-10-21,407.7,409.15,405.0,406.6,210086
2025-10-23,410.05,419.5,409.0,417.4,4650187
2025-10-24,420.95,422.35,417.2,419.5,2648404
2025-10-27,420.0,424.8,419.15,422.35,1684230
2025-10-28,425.0,425.0,410.75,412.75,3047030
2025-10-29,413.2,421.95,413.0,420.5,1634139
2025-10-30,420.4,436.2,420.3,434.75,6027483
2025-10-31,435.0,437.3,430.7,433.35,1781066
2025-11-03,433.35,442.0,430.35,437.0,1558767
2025-11-04,438.0,438.95,429.5,431.5,1262735
2025-11-06,431.5,435.9,429.55,433.05,1300076
2025-11-07,432.85,438.3,428.1,433.7,1285300
2025-11-10,433.7,438.95,430.9,431.8,1186554
2025-11-11,432.0,437.6,430.3,435.95,852274
2025-11-12,437.05,449.5,436.05,441.15,2447507
2025-11-13,442.7,442.7,432.75,434.45,1340682
2025-11-14,435.95,439.6,431.05,436.85,1413722
2025-11-17,436.95,443.6,433.0,436.25,1947670
2025-11-18,437.55,438.0,430.7,433.35,1415722
2025-11-19,431.7,437.75,431.5,436.85,760053
2025-11-20,438.0,438.9,434.5,436.2,1092339
2025-11-21,431.9,432.9,423.5,425.05,3508596
2025-11-24,425.7,426.25,415.25,420.6,7911440
2025-11-25,419.0,422.6,414.55,421.05,1194721
2025-11-26,419.1,424.95,417.9,423.15,844279
2025-11-27,423.05,424.55,414.5,417.2,1069299
2025-11-28,419.85,419.9,411.15,413.2,1004484
2025-12-01,413.2,417.5,412.0,414.2,1126148
2025-12-02,412.05,417.7,412.05,416.65,664332
2025-12-03,420.0,420.0,407.05,410.7,1765944
2025-12-04,411.65,411.75,407.05,408.15,2221247
2025-12-05,408.2,412.9,406.35,411.95,760930
2025-12-08,413.0,415.0,401.4,403.95,1200785
2025-12-09,401.1,406.15,398.0,401.9,3705448
2025-12-10,404.75,404.75,395.6,399.85,3276833
2025-12-11,400.0,407.8,397.65,404.85,799175
2025-12-12,404.05,405.2,401.3,404.35,1803667
2025-12-15,403.5,404.3,398.35,403.55,564288
2025-12-16,401.45,402.95,400.05,401.7,597083
2025-12-17,400.2,404.2,396.3,398.15,863119
2025-12-18,399.75,403.0,396.75,399.85,2446502
2025-12-19,403.4,408.1,400.45,405.05,1551480
2025-12-22,408.05,408.1,403.85,406.0,704060
2025-12-23,405.0,415.45,405.0,410.25,1528489
2025-12-24,410.4,413.5,408.0,408.9,706490
2025-12-26,409.0,410.35,402.1,402.75,1696823
2025-12-29,403.0,408.1,401.1,406.3,893809
2025-12-30,408.2,413.0,404.8,411.45,1277438
2025-12-31,412.1,429.4,410.8,424.35,2728793
2026-01-01,424.25,429.5,418.7,427.55,1780489
2026-01-02,427.55,431.5,426.3,428.85,1077168
2026-01-05,432.45,432.45,415.1,420.2,2357561
2026-01-06,419.9,426.4,417.0,425.2,1322523
2026-01-07,423.7,423.7,413.35,418.95,1565281
2026-01-08,415.4,417.95,406.35,409.95,4225325
2026-01-09,412.0,425.3,412.0,419.5,3108168
2026-01-12,421.0,426.85,414.7,425.6,1405653
2026-01-13,429.75,449.9,425.6,449.5,12602724
2026-01-14,449.8,467.5,449.5,458.0,12398467
2026-01-16,452.95,452.95,441.7,448.65,3638109
2026-01-19,444.95,446.95,433.8,435.0,1577992
2026-01-20,436.1,440.5,426.75,427.15,1941073
2026-01-21,426.5,435.85,425.85,433.55,2347581
2026-01-22,437.0,444.3,435.6,436.45,2200941
2026-01-23,437.0,440.5,427.1,435.7,1888918
2026-01-27,435.0,450.35,433.35,448.55,3042958
2026-01-28,455.0,496.5,454.5,490.5,29364980
2026-01-29,492.95,520.0,492.95,514.75,20563028
2026-01-30,511.55,518.0,500.35,510.05,12028407
2026-02-01,509.0,522.5,491.6,501.8,4389293
2026-02-02,490.0,491.35,475.25,483.3,5177584
2026-02-03,495.0,496.8,476.6,488.9,3270360
2026-02-04,490.25,524.0,490.25,507.1,15816122
2026-02-05,509.8,516.3,497.0,498.5,4088756
2026-02-06,495.6,503.65,491.0,497.25,4693599
2026-02-09,500.05,501.0,487.25,489.0,3796195
2026-02-10,493.95,493.95,487.05,487.5,175529
2026-02-11,483.9,488.75,476.5,479.9,491343
2026-02-11,483.9,488.75,473.0,478.9,8786931
2026-02-12,480.8,489.1,471.0,474.85,7698264
2026-02-13,471.0,471.0,452.3,455.25,5341810
2026-02-16,453.6,464.8,452.15,463.8,3149289
2026-02-17,463.8,465.6,458.3,464.7,1834585
2026-02-18,458.0,458.0,446.0,453.45,4052059
2026-02-19,465.25,485.8,460.9,476.7,19628154
2026-02-20,480.35,486.15,471.95,475.55,8314392
2026-02-23,474.95,475.25,466.6,473.75,2669691
2026-02-24,476.0,478.8,467.6,472.2,2965156
2026-02-25,472.2,475.25,463.25,470.25,2027246
2026-02-26,470.25,477.55,469.75,473.45,1966686
2026-02-27,473.2,490.75,470.7,483.9,7740031
2026-03-02,503.0,505.0,476.05,488.05,18779292
2026-03-04,495.05,506.25,484.15,492.1,20190436
2026-03-05,495.0,502.4,474.4,479.1,8668042
2026-03-06,483.65,489.05,474.7,484.5,8128934
2026-03-09,503.0,503.0,464.0,474.05,13477812
2026-03-10,470.95,475.45,460.75,470.55,5079454
2026-03-11,470.55,484.4,465.95,482.7,6545246
2026-03-12,483.55,489.75,475.5,479.3,5799980
2026-03-13,481.0,483.35,467.35,470.55,4296456
2026-03-16,471.0,473.7,454.4,460.1,4235090
2026-03-18,474.6,476.55,465.8,468.8,2631012
2026-03-19,471.95,483.0,465.4,477.05,7842725
2026-03-20,476.0,485.9,472.0,475.5,4106460
2026-03-23,475.75,480.6,462.85,464.65,3239580
2026-03-24,461.85,485.6,461.15,477.95,3724100
2026-03-25,476.75,477.0,467.15,471.4,4996363
2026-03-27,473.7,490.0,462.05,478.0,9323712
2026-04-24,477.0,485.9,470.0,473.5,5531579
2026-04-27,475.0,478.45,470.55,476.2,2981521
2026-04-28,479.8,501.0,478.3,497.2,10897762
2026-04-29,500.0,504.3,491.3,492.85,4351303
2026-04-30,502.05,504.0,485.4,490.8,4736274
2026-05-04,487.0,490.8,472.6,475.1,6718867
2026-05-05,479.95,482.4,463.7,476.5,4775898
2026-05-06,473.4,476.45,448.15,450.25,9679898
2026-05-07,454.0,457.15,450.5,452.85,6169301
2026-05-08,455.05,456.8,451.7,454.2,2276506
2026-05-11,457.0,460.75,454.0,456.0,2727627
2026-05-12,472.0,499.4,471.65,490.95,31731906
2026-05-13,493.45,511.45,491.0,507.1,10297489
2026-05-14,525.4,531.0,514.6,517.55,15476909
2026-05-15,524.0,525.0,513.7,518.3,3826324
2026-05-18,519.8,520.55,504.45,506.05,3375155
2026-05-19,504.0,507.95,500.8,501.7,1657578
2026-05-20,502.6,511.95,498.75,504.4,2349833
2026-05-21,502.0,507.0,499.3,503.5,2749706
2026-05-22,503.0,507.0,498.4,499.75,1951342
2026-05-25,492.5,493.9,481.0,482.55,3887162
2026-05-26,484.9,496.45,483.2,492.1,3000663
2026-05-27,491.3,491.3,484.5,488.0,1177761
2026-05-29,487.55,487.65,472.3,476.15,9869236
