date,open,high,low,close,volume
2003-09-05,14.25,14.3,14.18,14.18,1696
2003-09-08,14.05,14.75,14.05,14.56,6873
2003-09-09,14.55,16.2,14.55,15.71,21312
2003-09-10,15.7,15.8,15.15,15.27,5792
2003-09-11,15.0,15.2,14.85,14.94,3490
2003-09-12,15.0,15.55,14.9,15.13,15259
2003-09-15,14.93,15.05,14.58,14.65,2323
2003-09-16,14.55,14.8,14.55,14.66,928
2003-09-17,15.0,15.0,14.6,14.95,1189
2003-09-18,15.1,15.1,14.55,14.76,11741
2003-09-19,14.75,15.15,14.5,15.01,9003
2003-09-22,15.2,15.25,14.89,14.92,5415
2003-09-23,16.1,16.1,14.55,15.24,2524
2003-09-24,15.0,15.19,14.91,14.95,4575
2003-09-25,15.0,15.0,14.8,14.98,658
2003-09-26,14.9,15.05,14.85,14.89,2330
2003-09-29,14.75,15.25,14.75,15.04,2778
2003-09-30,15.0,15.15,14.8,14.89,2381
2003-10-01,14.57,14.99,14.57,14.71,1840
2003-10-03,14.75,14.75,14.4,14.5,2663
2003-10-06,15.0,15.1,14.7,15.04,4954
2003-10-07,14.85,15.15,14.76,15.07,3787
2003-10-08,15.0,15.25,15.0,15.11,5768
2003-10-09,15.3,15.55,15.13,15.49,4908
2003-10-10,15.45,15.75,15.45,15.68,2867
2003-10-13,15.65,15.94,15.45,15.73,6795
2003-10-14,16.1,16.15,15.76,15.97,7757
2003-10-15,16.25,16.28,15.6,15.73,3110
2003-10-16,16.0,16.05,15.75,15.88,4250
2003-10-17,15.75,15.8,15.25,15.33,4352
2003-10-20,15.35,15.5,15.2,15.37,17375
2003-10-21,15.07,15.12,14.57,14.64,3456
2003-10-22,14.52,14.9,14.25,14.29,3377
2003-10-23,14.21,14.34,13.83,13.93,3972
2003-10-24,13.8,13.9,13.4,13.82,7566
2003-10-25,13.9,14.4,13.9,14.18,595
2003-10-27,14.22,14.22,14.0,14.05,1536
2003-10-28,14.05,15.65,14.05,14.26,2117
2003-10-29,13.73,14.55,13.73,14.48,1769
2003-10-30,14.49,14.87,14.49,14.81,1081
2003-10-31,14.83,15.02,14.83,15.01,2196
2003-11-03,14.56,14.8,14.4,14.77,5197
2003-11-04,14.3,14.75,14.3,14.67,2658
2003-11-05,14.51,14.81,14.51,14.72,5336
2003-11-06,14.75,14.95,14.75,14.9,1402
2003-11-07,14.7,15.1,14.7,14.93,3972
2003-11-10,14.75,15.1,14.75,14.93,145
2003-11-11,15.15,15.18,14.97,15.03,2607
2003-11-12,15.1,15.69,15.1,15.32,4408
2003-11-13,15.3,15.5,15.05,15.16,3806
2003-11-14,15.15,15.24,14.96,14.98,2610
2003-11-15,15.0,15.1,14.78,14.97,593
2003-11-17,14.76,15.05,14.76,15.05,1633
2003-11-18,15.0,15.0,14.96,14.97,1663
2003-11-19,14.95,15.25,14.95,15.1,8374
2003-11-20,15.0,15.2,14.96,15.01,3443
2003-11-21,14.95,15.09,14.63,14.97,1603
2003-11-24,14.97,15.05,14.8,15.01,1204
2003-11-25,15.05,15.19,14.97,15.01,1776
2003-11-27,15.0,15.39,14.95,15.05,2615
2003-11-28,15.05,15.17,15.0,15.05,3807
2003-12-01,15.25,15.5,15.01,15.38,7653
2003-12-02,15.26,15.4,15.15,15.2,3385
2003-12-03,15.67,15.68,15.25,15.42,6959
2003-12-04,15.5,15.51,15.31,15.42,2269
2003-12-05,15.5,16.95,15.35,15.88,18803
2003-12-08,16.75,16.94,16.06,16.8,12297
2003-12-09,17.35,17.35,16.71,16.74,7654
2003-12-10,16.84,17.2,15.93,16.02,15956
2003-12-11,16.55,16.63,16.4,16.54,12266
2003-12-12,16.6,16.82,16.11,16.22,4240
2003-12-15,16.45,16.62,16.11,16.51,9032
2003-12-16,16.03,17.2,16.03,17.03,13663
2003-12-17,17.5,18.1,17.0,17.28,14409
2003-12-18,17.11,17.75,17.11,17.44,16485
2003-12-19,17.6,18.25,17.6,17.89,12721
2003-12-22,18.25,18.55,17.78,17.87,10612
2003-12-23,18.55,18.55,17.81,18.08,7419
2003-12-24,18.37,18.75,18.15,18.57,7933
2003-12-26,18.88,20.25,18.41,19.89,30407
2003-12-29,20.0,20.25,19.5,19.59,8358
2003-12-30,19.51,19.75,18.75,18.98,8114
2003-12-31,19.0,19.23,18.5,18.74,5039
2004-01-01,18.89,19.25,18.7,19.05,5780
2004-01-02,17.75,19.57,17.75,19.0,9090
2004-01-05,18.95,19.1,18.35,18.46,6698
2004-01-06,18.25,18.5,17.75,17.82,4753
2004-01-07,17.55,18.25,17.55,18.04,5802
2004-01-08,18.25,19.15,18.25,18.99,6214
2004-01-09,19.01,19.24,18.86,18.99,7071
2004-01-12,19.0,19.0,18.4,18.53,2472
2004-01-13,18.75,18.75,18.0,18.15,5855
2004-01-14,18.5,18.55,18.21,18.51,4242
2004-01-15,18.0,18.55,18.0,18.45,3798
2004-01-16,18.35,18.5,18.0,18.0,4450
2004-01-19,17.7,18.14,17.5,18.04,2866
2004-01-20,18.25,18.3,18.0,18.1,5377
2004-01-21,17.47,17.75,16.76,16.93,3762
2004-01-22,17.07,17.75,16.35,17.0,7375
2004-01-23,16.68,17.05,16.35,16.95,7357
2004-01-27,18.8,18.8,15.86,16.06,7707
2004-01-28,16.08,16.99,16.03,16.15,4642
2004-01-29,15.63,16.0,15.31,15.64,5626
2004-01-30,15.55,15.55,15.2,15.34,4388
2004-02-03,15.25,15.25,14.31,14.63,3966
2004-02-04,14.5,15.0,14.5,14.95,3491
2004-02-05,15.0,15.15,14.78,15.01,5348
2004-02-06,15.0,15.0,14.83,14.86,1155
2004-02-09,15.1,15.15,15.0,15.13,850
2004-02-10,15.05,15.75,15.05,15.25,1773
2004-02-11,15.65,15.85,15.14,15.78,6018
2004-02-12,15.9,16.25,15.75,16.06,2406
2004-02-13,16.09,16.55,15.86,16.5,2859
2004-02-16,15.65,19.0,15.64,17.18,5668
2004-02-17,17.35,17.35,16.7,17.01,2937
2004-02-18,16.95,17.15,16.93,17.02,1902
2004-02-19,16.7,17.0,16.68,16.93,3696
2004-02-20,16.2,17.03,16.2,16.99,3650
2004-02-23,16.62,17.0,16.62,16.99,3152
2004-02-24,16.8,16.95,16.5,16.87,6639
2004-02-25,16.94,16.94,16.5,16.6,987
2004-02-26,16.7,16.9,16.66,16.66,2124
2004-02-27,16.25,17.0,16.25,16.99,5280
2004-03-01,17.0,17.0,16.8,16.99,2750
2004-03-03,16.95,17.0,16.7,16.75,1415
2004-03-04,16.5,16.75,16.44,16.73,2001
2004-03-05,16.7,16.85,16.59,16.65,3408
2004-03-08,16.48,16.89,16.44,16.62,11757
2004-03-09,16.61,16.75,16.31,16.4,41518
2004-03-10,16.44,16.74,15.94,15.98,4280
2004-03-11,15.61,16.0,15.51,15.75,1009
2004-03-12,15.5,16.0,15.5,15.94,681
2004-03-15,15.83,15.91,15.8,15.88,145
2004-03-16,15.4,15.9,15.16,15.29,792
2004-03-17,15.45,15.65,15.27,15.37,2212
2004-03-18,15.44,15.44,14.94,14.97,3369
2004-03-19,15.2,15.25,14.94,15.25,751
2004-03-22,15.0,15.0,14.8,14.83,2093
2004-03-23,15.15,15.15,14.59,14.93,2738
2004-03-24,15.1,15.1,14.7,14.74,3160
2004-03-25,14.83,14.83,14.3,14.44,3794
2004-03-26,14.99,14.99,14.44,14.49,2246
2004-03-29,14.75,15.5,14.75,14.9,2946
2004-03-30,15.0,15.01,14.35,14.55,2326
2004-03-31,15.49,15.49,14.46,14.83,453
2004-04-01,14.97,15.3,14.97,15.3,905
2004-04-02,14.75,15.5,14.75,15.43,1760
2004-04-05,15.43,15.65,15.31,15.6,2614
2004-04-06,15.5,15.75,15.15,15.15,935
2004-04-07,15.65,15.65,14.91,15.06,3221
2004-04-08,15.17,15.17,15.16,15.17,50
2004-04-12,15.26,15.45,15.0,15.16,7920
2004-04-13,15.49,15.49,15.01,15.22,12799
2004-04-15,15.5,15.75,15.12,15.43,2507
2004-04-16,15.45,15.75,15.4,15.68,2277
2004-04-17,15.75,15.75,15.44,15.63,167
2004-04-19,15.76,15.95,15.7,15.81,1886
2004-04-20,15.8,15.83,15.26,15.56,5223
2004-04-21,15.35,15.7,15.25,15.43,2615
2004-04-22,15.7,15.7,15.15,15.5,3325
2004-04-23,15.75,15.85,15.25,15.34,3033
2004-04-27,15.46,15.6,15.01,15.07,1540
2004-04-28,15.44,15.59,15.25,15.38,1032
2004-04-29,15.25,15.35,15.0,15.33,2148
2004-04-30,15.3,15.3,14.93,14.96,943
2004-05-03,14.85,15.0,14.75,14.9,3210
2004-05-04,15.04,15.04,14.81,15.0,1127
2004-05-05,15.25,15.25,14.93,15.01,8480
2004-05-06,15.15,15.15,14.85,14.93,2620
2004-05-07,15.04,16.5,14.9,15.61,15259
2004-05-10,14.98,15.75,14.9,15.46,3053
2004-05-11,15.0,15.15,14.83,14.87,996
2004-05-12,15.2,15.2,14.8,14.95,1119
2004-05-13,14.75,15.0,14.35,14.91,1423
2004-05-14,14.91,14.91,13.8,14.17,3825
2004-05-17,12.9,14.49,12.6,13.35,1461
2004-05-18,13.5,13.99,13.03,13.92,1778
2004-05-19,14.15,14.4,14.15,14.38,820
2004-05-20,14.5,14.55,14.15,14.16,1850
2004-05-21,14.15,14.48,14.01,14.48,2627
2004-05-24,15.93,15.93,13.1,14.17,5504
2004-05-25,14.4,14.4,14.23,14.32,1054
2004-05-26,14.5,14.5,14.02,14.15,2487
2004-05-27,14.2,14.2,14.01,14.13,699
2004-05-28,14.01,14.05,13.25,13.47,2077
2004-05-31,13.35,13.77,13.25,13.32,2159
2004-06-01,13.55,13.9,13.1,13.2,2610
2004-06-02,13.25,13.25,13.01,13.08,2901
2004-06-03,13.35,13.35,12.9,12.96,3556
2004-06-04,13.0,13.18,13.0,13.14,1172
2004-06-07,13.3,13.3,12.96,13.06,1151
2004-06-08,13.4,13.4,12.82,13.0,1121
2004-06-09,13.25,13.25,13.01,13.09,1398
2004-06-10,13.24,13.24,13.05,13.19,720
2004-06-11,13.16,13.24,13.0,13.12,1447
2004-06-14,12.77,13.4,12.77,13.19,3338
2004-06-15,13.2,13.2,12.95,12.98,9245
2004-06-16,12.9,13.05,12.9,13.0,1541
2004-06-17,12.91,13.25,12.91,13.08,2160
2004-06-18,13.15,13.15,13.08,13.09,6412
2004-06-21,13.02,13.15,12.95,13.08,2260
2004-06-22,13.2,13.4,13.11,13.15,807
2004-06-23,13.15,13.25,13.13,13.23,740
2004-06-24,13.0,13.45,12.76,13.25,1943
2004-06-25,14.5,14.5,13.13,13.33,865
2004-06-28,13.25,13.7,13.25,13.59,853
2004-06-29,13.63,14.0,13.6,13.95,1688
2004-06-30,13.7,14.0,13.7,13.85,529
2004-07-01,13.99,14.0,13.9,14.0,9191
2004-07-02,13.43,14.15,13.43,14.0,2664
2004-07-05,13.76,14.0,13.75,13.76,1206
2004-07-06,13.78,14.0,13.78,13.83,167
2004-07-07,14.0,14.0,13.95,13.95,1884
2004-07-08,13.99,14.0,13.41,13.47,4438
2004-07-09,13.5,13.75,13.41,13.55,1609
2004-07-12,14.0,14.0,13.35,13.47,17969
2004-07-13,13.85,13.85,13.38,13.49,3735
2004-07-14,13.53,13.67,13.45,13.48,9146
2004-07-15,13.5,13.68,13.45,13.53,16397
2004-07-16,13.34,13.75,13.0,13.73,24838
2004-07-19,13.65,13.75,13.48,13.54,9239
2004-07-20,13.74,13.74,13.4,13.43,5126
2004-07-21,13.5,13.55,13.35,13.4,4551
2004-07-22,13.4,13.6,13.4,13.48,20929
2004-07-23,13.5,13.75,13.49,13.66,4689
2004-07-26,13.75,14.06,13.68,13.87,8132
2004-07-27,13.56,14.14,13.56,13.91,8759
2004-07-28,13.99,14.14,13.8,13.89,5354
2004-07-29,13.9,13.92,13.71,13.74,1679
2004-07-30,13.89,14.1,13.65,13.69,5319
2004-08-02,14.05,14.05,13.81,13.84,2559
2004-08-03,14.0,14.0,13.68,13.74,3313
2004-08-04,13.85,13.85,13.64,13.65,3627
2004-08-05,13.8,13.9,13.71,13.83,1823
2004-08-06,13.89,13.9,13.63,13.67,6243
2004-08-09,13.52,13.75,13.5,13.62,3109
2004-08-10,13.77,13.77,13.5,13.68,5483
2004-08-11,13.75,13.75,13.6,13.65,3811
2004-08-12,13.7,13.7,13.45,13.5,2223
2004-08-13,13.62,13.67,13.5,13.56,2129
2004-08-16,13.6,13.66,13.45,13.5,2207
2004-08-17,13.53,13.68,13.46,13.48,1544
2004-08-18,13.5,13.64,13.45,13.61,2376
2004-08-19,13.65,13.75,13.55,13.59,4393
2004-08-20,13.7,13.73,13.53,13.56,880
2004-08-23,13.5,13.59,13.3,13.5,1118
2004-08-24,13.7,14.4,13.51,14.01,22258
2004-08-25,14.7,14.83,14.23,14.71,20274
2004-08-26,14.71,15.25,14.71,14.92,15604
2004-08-27,14.88,14.95,14.6,14.67,6896
2004-08-30,14.75,15.4,14.75,15.17,23088
2004-08-31,15.15,15.16,14.9,14.96,3849
2004-09-01,15.0,15.2,14.95,15.02,39920
2004-09-02,15.0,15.15,14.95,15.0,5355
2004-09-03,15.0,15.1,14.9,15.06,1739
2004-09-06,15.0,16.24,15.0,15.76,24403
2004-09-07,15.66,15.99,15.57,15.66,7766
2004-09-08,15.75,16.24,15.69,16.02,27400
2004-09-09,16.15,16.24,15.7,15.82,5363
2004-09-10,15.85,16.0,15.75,15.77,8103
2004-09-13,16.25,16.25,15.83,15.91,2821
2004-09-14,15.83,16.0,15.75,15.91,4799
2004-09-15,16.0,16.05,15.88,16.03,6247
2004-09-16,16.0,16.09,15.9,16.04,3910
2004-09-17,15.99,16.4,15.99,16.09,3679
2004-09-20,16.1,16.15,15.95,16.04,3050
2004-09-21,16.01,16.13,16.0,16.03,2527
2004-09-22,16.0,16.08,15.88,16.07,2262
2004-09-23,16.15,16.15,15.88,15.88,2008
2004-09-24,16.15,16.15,15.88,15.98,1154
2004-09-27,15.96,16.0,15.66,15.7,1319
2004-09-28,15.75,16.0,15.7,15.84,3826
2004-09-29,15.84,15.84,15.6,15.71,2981
2004-09-30,15.8,16.05,15.8,15.97,1929
2004-10-01,15.55,15.99,15.55,15.89,3305
2004-10-04,16.0,16.35,15.7,15.82,5053
2004-10-05,16.15,16.15,15.81,15.85,4593
2004-10-06,15.95,16.05,15.62,15.69,6885
2004-10-07,15.69,15.85,15.66,15.73,6913
2004-10-08,15.85,15.9,15.65,15.78,1718
2004-10-09,15.7,16.25,15.57,16.17,6298
2004-10-11,16.25,16.4,15.66,15.71,4198
2004-10-12,15.73,15.8,15.5,15.56,3845
2004-10-14,15.9,15.9,15.5,15.75,2003
2004-10-15,15.0,15.9,15.0,15.59,1195
2004-10-18,15.56,15.58,15.26,15.35,2588
2004-10-19,15.5,15.6,15.22,15.26,3674
2004-10-20,15.45,15.46,15.05,15.09,2565
2004-10-21,16.5,16.5,15.3,15.5,1776
2004-10-25,15.55,15.55,15.0,15.04,2890
2004-10-26,14.73,15.45,14.71,15.09,1893
2004-10-27,15.1,15.35,14.85,14.91,2450
2004-10-28,15.2,15.2,14.75,14.78,4042
2004-10-29,15.0,15.0,14.53,14.61,2713
2004-11-01,15.45,15.45,14.61,15.01,2848
2004-11-02,15.23,15.23,14.96,15.02,1587
2004-11-03,15.1,15.1,14.95,14.98,1612
2004-11-04,15.05,15.25,14.92,14.95,2355
2004-11-05,14.95,15.3,14.8,15.16,1497
2004-11-08,15.13,15.24,15.01,15.19,9581
2004-11-09,15.3,16.1,15.3,15.78,8477
2004-11-10,15.75,16.9,15.75,16.58,30815
2004-11-11,17.2,17.5,16.55,16.71,16561
2004-11-12,17.0,17.2,16.7,16.88,6624
2004-11-16,17.1,17.28,16.1,16.68,12473
2004-11-17,16.3,16.9,16.3,16.83,22409
2004-11-18,16.75,17.1,16.7,16.74,9933
2004-11-19,16.7,16.75,16.41,16.42,8936
2004-11-22,16.2,16.42,15.83,16.39,7448
2004-11-23,16.4,17.75,16.4,17.21,28266
2004-11-24,17.25,17.53,17.0,17.04,4666
2004-11-25,16.77,17.3,16.7,16.95,8683
2004-11-29,17.11,17.21,16.61,16.96,7582
2004-11-30,17.28,17.3,16.75,16.78,5563
2004-12-01,16.75,17.25,16.56,16.78,5251
2004-12-02,17.0,17.0,16.65,16.69,7762
2004-12-03,16.71,17.16,16.7,17.01,35501
2004-12-06,17.25,17.35,16.71,17.23,10325
2004-12-07,17.25,17.25,17.05,17.12,2499
2004-12-08,17.15,17.2,17.0,17.1,6910
2004-12-09,16.5,17.5,16.5,17.26,6921
2004-12-10,17.47,17.5,17.26,17.45,7141
2004-12-13,17.75,18.0,17.45,17.76,7139
2004-12-14,16.75,18.4,16.75,17.76,6758
2004-12-15,17.75,18.0,17.55,17.6,5254
2004-12-16,17.53,17.69,17.3,17.6,8035
2004-12-17,17.7,17.92,17.7,17.77,6287
2004-12-20,19.0,19.15,18.05,18.57,7347
2004-12-21,18.7,18.97,18.6,18.73,6187
2004-12-22,19.0,19.13,18.25,18.38,6311
2004-12-23,17.96,18.74,17.95,18.35,2198
2004-12-24,18.74,18.74,18.5,18.66,9845
2004-12-27,18.97,19.0,18.75,18.84,12829
2004-12-28,18.8,19.0,18.8,18.91,2857
2004-12-29,19.5,19.5,18.8,19.03,11787
2004-12-30,19.0,19.35,18.76,18.83,3928
2004-12-31,18.2,19.0,18.2,18.82,5377
2005-01-03,19.3,20.5,19.18,20.14,21835
2005-01-04,20.0,20.1,19.5,19.82,4743
2005-01-05,19.61,19.75,18.5,18.96,6185
2005-01-06,18.95,19.15,18.5,18.92,4928
2005-01-07,18.3,19.49,18.3,19.28,7804
2005-01-10,19.25,19.9,19.25,19.84,7349
2005-01-11,19.7,20.1,19.5,19.95,13396
2005-01-12,17.9,20.09,17.9,19.75,10601
2005-01-13,19.85,19.85,19.25,19.42,3114
2005-01-14,19.4,19.6,19.08,19.18,1420
2005-01-17,19.07,19.08,18.75,18.82,1709
2005-01-18,19.0,19.05,18.8,18.89,1620
2005-01-19,19.0,19.0,18.56,18.65,1444
2005-01-20,18.58,18.65,18.25,18.31,3121
2005-01-24,18.45,18.9,18.25,18.62,2790
2005-01-25,18.78,19.1,18.77,19.05,2308
2005-01-27,19.05,20.0,18.5,19.85,15101
2005-01-28,19.85,20.25,19.85,20.14,11791
2005-01-31,20.49,20.7,20.0,20.52,14200
2005-02-01,20.25,20.5,19.98,20.41,3206
2005-02-02,19.91,20.65,19.7,19.81,3899
2005-02-03,19.66,20.15,19.66,20.09,2900
2005-02-04,19.75,20.3,19.75,20.07,8357
2005-02-07,19.8,20.33,19.8,20.25,3525
2005-02-08,20.25,20.25,19.5,20.13,10105
2005-02-09,20.25,20.6,20.25,20.4,4155
2005-02-10,20.4,21.1,20.31,20.95,10719
2005-02-11,20.9,21.75,20.9,21.57,8381
2005-02-14,21.6,21.8,21.25,21.55,3291
2005-02-15,21.23,21.45,20.75,21.34,2184
2005-02-16,21.01,21.58,21.01,21.35,7618
2005-02-17,21.24,21.57,21.0,21.03,3467
2005-02-18,21.5,21.5,20.4,20.71,3080
2005-02-21,20.78,21.0,20.35,20.52,3148
2005-02-22,20.79,21.5,20.41,20.6,2330
2005-02-23,20.5,21.0,20.5,20.75,1807
2005-02-24,20.99,21.25,20.36,20.64,2435
2005-02-25,20.6,21.0,20.6,20.69,2632
2005-02-28,20.15,21.3,20.15,21.18,4940
2005-03-01,21.5,21.55,21.1,21.4,6505
2005-03-02,21.25,22.4,21.25,22.2,5841
2005-03-03,22.25,23.0,22.25,22.82,7580
2005-03-04,22.65,23.05,22.6,22.62,4045
2005-03-07,22.25,22.6,22.25,22.51,4865
2005-03-08,22.18,22.6,22.13,22.57,4033
2005-03-09,22.6,22.6,22.14,22.31,1288
2005-03-10,22.01,22.5,22.0,22.44,2160
2005-03-11,22.43,22.5,20.51,21.34,5185
2005-03-14,21.54,22.49,21.54,21.99,10174
2005-03-15,24.0,24.0,22.0,22.22,7509
2005-03-16,22.0,22.95,22.0,22.59,3194
2005-03-17,22.7,22.8,22.0,22.02,3639
2005-03-18,22.1,22.1,21.5,21.73,3763
2005-03-21,23.88,23.88,21.95,22.22,3450
2005-03-22,22.75,22.75,21.81,22.08,3875
2005-03-23,22.0,22.2,21.1,21.31,2852
2005-03-24,21.75,21.78,21.03,21.15,2910
2005-03-28,21.0,21.5,20.4,20.69,2568
2005-03-29,20.7,21.19,20.0,20.5,2620
2005-03-30,20.51,20.8,20.48,20.56,1798
2005-03-31,20.8,21.03,20.6,20.74,3598
2005-04-01,21.05,21.5,20.85,21.45,6052
2005-04-04,21.5,21.5,20.86,21.03,6294
2005-04-05,20.95,21.25,20.95,21.05,975
2005-04-06,18.55,22.0,18.55,21.25,66514
2005-04-07,21.69,21.9,21.06,21.14,6013
2005-04-08,21.55,21.7,20.8,21.04,1243
2005-04-11,21.0,21.0,20.28,20.68,6294
2005-04-12,20.26,21.64,20.26,21.0,3850
2005-04-13,20.95,21.75,20.5,20.79,3926
2005-04-15,21.05,21.05,20.45,20.75,1944
2005-04-18,20.75,20.75,20.3,20.54,2495
2005-04-19,20.35,21.4,20.3,20.78,1714
2005-04-20,20.75,20.8,20.2,20.51,3683
2005-04-21,21.25,21.25,20.36,21.05,23089
2005-04-22,21.5,21.5,20.81,20.99,1490
2005-04-25,20.78,21.0,20.25,20.89,1774
2005-04-26,21.15,21.15,20.6,20.95,2633
2005-04-27,21.2,21.2,20.71,20.81,3620
2005-04-28,21.25,21.7,20.75,20.87,3213
2005-04-29,20.85,20.85,20.4,20.5,1106
2005-05-02,20.45,20.9,20.45,20.76,1784
2005-05-03,21.2,21.2,20.77,20.78,1301
2005-05-04,20.76,21.15,19.28,20.9,10408
2005-05-05,20.6,21.9,20.6,21.31,6221
2005-05-06,22.1,22.15,21.4,21.57,3193
2005-05-09,21.4,22.15,21.4,21.95,3152
2005-05-10,21.8,22.03,21.75,21.9,2258
2005-05-11,22.15,22.75,22.1,22.57,6357
2005-05-12,22.9,23.25,22.7,23.11,7218
2005-05-13,23.25,23.65,23.0,23.48,6987
2005-05-16,23.3,24.5,23.3,24.01,10135
2005-05-17,24.73,24.73,23.06,23.58,21909
2005-05-18,23.5,23.5,22.6,22.97,9659
2005-05-19,23.25,23.35,23.0,23.01,5209
2005-05-20,23.15,23.5,22.9,23.04,2343
2005-05-23,22.7,23.5,21.51,23.06,3214
2005-05-24,24.99,24.99,22.25,23.02,2244
2005-05-25,23.15,23.45,23.0,23.24,2901
2005-05-26,23.45,23.85,23.26,23.8,6646
2005-05-27,23.75,23.99,23.55,23.69,3511
2005-05-30,23.5,24.0,23.0,23.86,7996
2005-05-31,24.0,24.0,23.46,23.55,1580
2005-06-01,23.5,23.85,23.5,23.77,3270
2005-06-02,22.64,23.95,22.64,23.61,415
2005-06-03,23.65,23.81,23.65,23.75,1010
2005-06-04,22.81,23.95,22.81,23.62,959
2005-06-06,23.8,24.0,23.62,23.75,1797
2005-06-07,23.75,24.03,23.75,23.75,2868
2005-06-08,24.0,24.1,23.75,23.78,2213
2005-06-09,23.75,24.75,23.75,24.59,6374
2005-06-10,24.9,25.25,24.61,25.09,9659
2005-06-13,25.0,25.18,24.8,25.0,3808
2005-06-14,25.0,25.55,24.57,25.45,4426
2005-06-15,25.41,26.25,24.58,25.86,8829
2005-06-16,25.5,25.55,25.0,25.13,2263
2005-06-17,24.56,25.0,24.3,24.58,2661
2005-06-20,24.75,24.9,23.8,24.59,2778
2005-06-21,22.64,25.0,22.64,24.34,4158
2005-06-22,24.6,24.6,24.0,24.5,4193
2005-06-23,24.1,25.0,24.1,24.71,1913
2005-06-24,24.5,27.13,24.5,25.66,29632
2005-06-27,26.0,26.73,25.83,26.24,16431
2005-06-28,26.6,26.75,25.05,25.49,4407
2005-06-29,25.75,25.75,25.35,25.5,2837
2005-06-30,25.5,25.9,25.25,25.53,6258
2005-07-01,25.8,26.19,25.66,25.81,3231
2005-07-04,26.98,28.0,26.25,26.44,29366
2005-07-05,27.45,28.44,26.44,26.69,10616
2005-07-06,28.5,28.5,26.55,27.07,3518
2005-07-07,27.2,27.45,26.5,26.62,5257
2005-07-08,26.25,27.0,26.25,26.88,2375
2005-07-11,27.25,27.25,26.45,26.6,3809
2005-07-12,27.39,27.39,26.45,26.64,2492
2005-07-13,26.75,26.75,26.31,26.54,2272
2005-07-14,27.25,27.25,26.35,26.5,12852
2005-07-15,26.98,26.98,26.3,26.47,7456
2005-07-18,26.5,26.69,26.4,26.49,3841
2005-07-19,26.5,26.7,26.21,26.36,14805
2005-07-20,26.4,26.5,26.15,26.5,6837
2005-07-21,26.5,26.55,26.4,26.5,22619
2005-07-22,26.2,26.69,26.2,26.47,2159
2005-07-25,26.8,27.75,26.8,27.08,5712
2005-07-26,27.2,27.2,26.75,26.98,1482
2005-07-27,26.26,26.89,26.25,26.75,1020
2005-07-29,26.06,27.0,26.06,26.8,3389
2005-08-01,26.55,26.95,26.28,26.51,1398
2005-08-02,26.5,27.75,26.5,27.29,3311
2005-08-03,26.8,27.7,26.8,27.46,3586
2005-08-04,27.0,27.65,27.0,27.49,1689
2005-08-05,27.7,28.25,27.5,28.02,6340
2005-08-08,28.0,28.5,28.0,28.1,3152
2005-08-09,27.9,28.25,27.51,27.88,7597
2005-08-10,28.0,28.2,27.86,27.92,815
2005-08-11,28.25,28.5,27.3,28.25,3287
2005-08-12,28.5,28.75,27.55,28.47,1776
2005-08-16,29.0,29.0,26.7,28.56,1688
2005-08-17,28.75,29.74,28.6,29.13,8549
2005-08-18,29.95,30.0,28.7,28.78,6232
2005-08-19,29.85,29.85,28.75,28.92,2376
2005-08-22,30.75,30.75,28.9,29.12,7408
2005-08-23,30.6,31.9,28.75,28.8,3662
2005-08-24,28.8,29.2,28.26,28.96,3166
2005-08-25,28.9,29.13,28.61,28.89,1313
2005-08-26,27.25,30.75,27.25,29.81,5656
2005-08-29,29.75,30.3,29.05,30.19,5282
2005-08-30,30.95,31.5,30.5,31.4,13061
2005-08-31,32.5,34.05,31.38,33.92,16118
2005-09-01,34.0,34.98,33.95,34.81,16390
2005-09-02,36.9,36.9,34.05,34.57,16452
2005-09-05,34.5,35.45,34.4,34.72,7757
2005-09-06,35.49,35.5,34.25,34.62,7361
2005-09-08,34.95,35.05,34.5,34.55,7980
2005-09-09,34.98,34.98,34.05,34.13,7421
2005-09-12,34.25,34.5,34.06,34.22,4396
2005-09-13,34.25,34.5,33.9,34.06,4722
2005-09-14,32.0,34.5,32.0,33.24,11680
2005-09-15,32.0,34.5,32.0,34.25,6985
2005-09-16,34.75,35.44,34.0,34.95,16210
2005-09-19,35.35,37.45,35.3,37.06,39667
2005-09-20,37.95,39.85,36.78,39.58,636536
2005-09-21,40.0,42.43,39.5,41.93,890067
2005-09-22,42.5,50.0,42.48,45.48,2106110
2005-09-23,45.5,49.0,45.5,46.55,928916
2005-09-26,47.5,47.75,45.0,45.8,524447
2005-09-27,46.48,47.4,43.75,44.5,511834
2005-09-28,44.63,44.98,42.53,42.75,217208
2005-09-29,42.45,44.5,42.45,42.95,237481
2005-09-30,43.9,43.9,41.0,41.78,168943
2005-10-03,42.35,42.45,40.2,40.38,177814
2005-10-04,40.9,41.25,39.08,39.38,339969
2005-10-05,39.9,40.55,39.05,39.28,307915
2005-10-06,39.28,39.98,38.5,38.9,155626
2005-10-07,39.0,39.7,38.5,38.95,120702
2005-10-10,39.25,39.5,37.95,38.13,69154
2005-10-11,38.5,38.5,37.0,37.58,75500
2005-10-13,37.0,37.5,36.2,36.53,91924
2005-10-14,36.75,36.75,35.55,35.78,93692
2005-10-17,36.7,36.7,35.25,35.45,70347
2005-10-18,36.0,38.35,35.5,36.78,236275
2005-10-19,37.0,37.98,35.18,36.25,220823
2005-10-20,37.18,37.5,35.45,35.83,121161
2005-10-21,36.0,36.98,35.5,36.55,81487
2005-10-24,36.85,37.4,36.15,36.28,49709
2005-10-25,36.08,36.5,36.0,36.18,29880
2005-10-26,36.4,36.4,35.05,35.28,48580
2005-10-27,35.5,35.78,35.05,35.15,40255
2005-10-28,35.0,35.7,34.55,35.08,95633
2005-10-31,35.08,36.5,35.0,36.43,93573
2005-11-01,36.75,37.5,36.58,36.98,34310
2005-11-02,36.9,37.85,36.65,37.58,145610
2005-11-07,37.95,40.2,36.55,38.9,193397
2005-11-08,39.0,40.2,38.3,38.65,250399
2005-11-09,39.0,39.25,36.13,36.4,169391
2005-11-10,36.9,37.7,36.4,36.88,185230
2005-11-11,36.53,37.5,36.53,37.3,98315
2005-11-14,37.75,37.8,37.03,37.58,96936
2005-11-16,37.5,38.5,37.25,37.9,87546
2005-11-17,38.0,38.75,37.5,37.63,89806
2005-11-18,37.75,37.75,37.25,37.48,56102
2005-11-21,37.5,37.65,36.88,37.05,88078
2005-11-22,37.0,37.35,36.28,36.58,47370
2005-11-23,36.75,37.25,36.6,37.05,39544
2005-11-24,36.25,37.6,36.25,37.35,68456
2005-11-25,37.5,37.75,37.25,37.5,37756
2005-11-26,37.5,38.5,37.45,38.35,50151
2005-11-28,38.75,39.5,38.25,38.43,142234
2005-11-29,38.45,38.5,37.3,38.03,38249
2005-11-30,38.23,38.4,37.45,37.58,54433
2005-12-01,37.93,37.93,37.08,37.35,28805
2005-12-02,37.15,37.78,37.15,37.38,36349
2005-12-05,37.5,38.25,37.0,37.35,36041
2005-12-06,37.08,38.0,37.0,37.53,76880
2005-12-07,37.75,37.85,37.25,37.43,18369
2005-12-08,38.5,38.5,37.5,37.8,34869
2005-12-09,38.0,39.85,38.0,38.8,205526
2005-12-12,39.5,41.45,39.13,40.08,345693
2005-12-13,40.35,42.45,39.58,42.13,527897
2005-12-14,42.5,43.2,41.15,42.08,248190
2005-12-15,41.15,42.48,40.58,40.88,83679
2005-12-16,41.23,41.33,40.5,41.1,56754
2005-12-19,41.05,42.0,41.05,41.55,115409
2005-12-20,41.88,41.88,41.25,41.63,80945
2005-12-21,41.63,42.1,40.55,40.68,44058
2005-12-22,41.1,42.6,40.83,41.05,178102
2005-12-23,41.5,42.25,41.25,41.93,161459
2005-12-26,43.0,43.0,41.25,41.58,77256
2005-12-27,40.55,41.85,40.55,41.05,32074
2005-12-28,41.25,42.25,41.25,41.65,55919
2005-12-29,42.0,42.5,41.55,41.7,20987
2005-12-30,41.75,42.0,40.5,40.73,64498
2006-01-02,41.48,43.0,41.13,42.68,115173
2006-01-03,42.88,44.35,42.5,43.83,197512
2006-01-04,44.0,45.5,43.25,43.48,121239
2006-01-05,43.5,44.5,43.15,43.5,115680
2006-01-06,43.75,44.23,43.08,43.38,61969
2006-01-09,44.25,46.0,44.0,44.95,221770
2006-01-10,44.98,45.35,44.05,44.48,92848
2006-01-12,44.45,45.0,44.13,44.58,80316
2006-01-13,45.0,46.48,44.45,45.48,196521
2006-01-16,45.5,46.13,44.5,44.63,83103
2006-01-17,44.95,45.23,44.0,44.1,64921
2006-01-18,44.1,44.88,43.13,44.23,53395
2006-01-19,45.0,45.5,44.5,44.9,53788
2006-01-20,47.5,47.5,44.0,45.1,46814
2006-01-23,44.0,45.25,42.5,44.88,79657
2006-01-24,44.88,45.75,44.88,45.55,85917
2006-01-25,45.55,46.0,45.08,45.1,46973
2006-01-27,45.0,45.25,44.5,44.6,45741
2006-01-30,44.5,44.83,42.78,43.53,64244
2006-01-31,43.63,43.85,43.05,43.15,23954
2006-02-01,43.5,43.5,41.6,41.98,46934
2006-02-02,44.95,45.0,42.1,42.48,40793
2006-02-03,43.0,43.25,42.05,43.0,45256
2006-02-06,43.0,43.95,42.5,42.93,186043
2006-02-07,43.0,43.25,41.88,42.3,44705
2006-02-08,42.5,43.25,42.0,42.9,52822
2006-02-10,43.18,47.0,42.75,45.48,168169
2006-02-13,45.9,47.0,44.95,46.45,154642
2006-02-14,46.53,48.1,46.4,47.8,210634
2006-02-15,47.8,48.5,47.35,47.8,139183
2006-02-16,48.43,48.45,47.38,47.75,79935
2006-02-17,47.75,47.93,46.6,47.15,71299
2006-02-20,47.0,47.75,46.55,47.33,131333
2006-02-21,47.05,47.2,45.5,46.58,59592
2006-02-22,46.58,47.0,46.25,46.53,36667
2006-02-23,46.53,47.23,46.28,46.75,64455
2006-02-24,46.88,47.1,46.25,46.5,56470
2006-02-27,46.58,46.9,46.5,46.55,30097
2006-02-28,46.75,46.93,46.4,46.53,29601
2006-03-01,45.78,47.9,45.78,47.18,82115
2006-03-02,47.75,48.7,47.05,47.48,88476
2006-03-03,48.0,48.95,47.15,47.98,179916
2006-03-06,48.23,50.95,48.23,49.35,221038
2006-03-07,49.05,49.55,48.03,49.3,56540
2006-03-08,49.7,50.0,48.83,49.3,88255
2006-03-09,49.0,49.73,48.5,49.25,52289
2006-03-10,49.5,50.0,49.0,49.5,73785
2006-03-13,49.5,50.9,49.5,49.88,43526
2006-03-14,49.55,50.18,49.25,49.63,21339
2006-03-16,49.95,51.9,49.28,51.1,88364
2006-03-17,52.75,52.75,50.25,50.68,39146
2006-03-20,52.0,52.4,50.6,51.1,60299
2006-03-21,51.05,52.2,50.05,50.18,42668
2006-03-22,50.05,50.78,49.8,50.08,33465
2006-03-23,50.75,51.9,50.0,50.2,35692
2006-03-24,50.95,51.13,50.25,50.8,20330
2006-03-27,51.05,51.48,50.05,51.03,56963
2006-03-28,51.25,51.5,50.35,51.18,61411
2006-03-29,51.95,53.73,50.9,51.8,125429
2006-03-30,52.5,53.0,51.05,51.68,33621
2006-03-31,51.5,52.55,50.75,51.85,160925
2006-04-03,52.9,53.25,51.5,52.05,124227
2006-04-04,52.7,52.75,51.25,52.0,97461
2006-04-05,52.45,53.3,50.53,51.85,102818
2006-04-07,52.98,53.25,51.48,51.78,245499
2006-04-10,52.0,52.75,51.05,52.0,111761
2006-04-12,51.5,53.3,51.5,52.55,372528
2006-04-13,52.98,61.45,52.5,56.88,443998
2006-04-17,58.5,60.5,57.65,58.68,461631
2006-04-18,59.0,59.75,57.75,58.08,122168
2006-04-19,58.65,59.25,58.25,58.8,108925
2006-04-20,59.0,60.5,58.75,59.05,55679
2006-04-21,59.48,60.0,58.0,58.48,42275
2006-04-24,58.75,60.0,57.75,59.25,99339
2006-04-25,58.5,59.75,55.5,57.18,47119
2006-04-26,57.4,58.95,57.0,58.13,76581
2006-04-27,58.48,59.88,57.0,57.43,45012
2006-04-28,52.83,57.63,50.0,57.35,50316
2006-04-29,57.25,58.95,57.25,57.85,16973
2006-05-02,58.35,59.1,56.85,57.25,45294
2006-05-03,57.83,58.38,56.75,57.25,33099
2006-05-04,57.25,58.0,57.0,57.6,45770
2006-05-05,57.6,58.15,56.9,57.6,43246
2006-05-08,58.45,60.85,56.4,56.88,298425
2006-05-09,57.23,58.0,56.5,56.73,28005
2006-05-10,57.13,58.0,56.8,57.43,53932
2006-05-11,57.6,57.6,56.5,56.78,32899
2006-05-12,56.6,57.5,56.48,57.08,34411
2006-05-15,57.0,58.0,55.0,55.53,61171
2006-05-16,55.15,56.95,54.5,55.38,66322
2006-05-17,54.0,60.75,54.0,58.3,131752
2006-05-18,58.13,58.13,54.95,55.05,54202
2006-05-19,56.0,56.83,52.5,53.0,61320
2006-05-22,51.0,55.98,42.45,52.85,78083
2006-05-23,53.45,54.43,50.05,53.23,68510
2006-05-24,52.0,53.95,50.0,51.23,55033
2006-05-25,51.0,51.0,48.78,49.9,39615
2006-05-26,50.95,51.63,50.03,50.78,40942
2006-05-29,51.3,53.25,51.25,52.58,44306
2006-05-30,52.78,53.0,51.5,51.78,21097
2006-05-31,50.25,50.98,49.5,50.6,24134
2006-06-01,51.0,52.0,46.5,47.68,27944
2006-06-02,48.0,48.95,45.75,48.18,71314
2006-06-05,49.0,50.5,47.83,48.23,27202
2006-06-06,47.5,47.5,45.6,46.5,37117
2006-06-07,45.88,46.3,40.0,43.73,48792
2006-06-08,42.5,42.75,39.0,42.1,181936
2006-06-09,40.58,45.0,40.13,44.43,41459
2006-06-12,44.98,44.98,42.5,43.85,36755
2006-06-13,42.5,42.5,40.03,40.33,36897
2006-06-14,41.0,42.48,37.0,38.08,42025
2006-06-15,40.0,41.18,37.45,40.55,45570
2006-06-16,43.38,44.5,41.5,43.65,82823
2006-06-19,44.45,44.45,40.35,43.18,13939
2006-06-20,42.5,43.98,42.0,43.08,17284
2006-06-21,43.75,44.98,42.75,44.53,31033
2006-06-22,45.0,49.0,45.0,46.28,56639
2006-06-23,43.75,48.25,43.55,47.48,28424
2006-06-25,48.45,48.45,47.25,47.6,5744
2006-06-26,47.5,47.5,44.53,45.2,50187
2006-06-27,44.75,45.98,42.55,44.3,12362
2006-06-28,42.5,44.0,41.55,43.38,11240
2006-06-29,43.13,44.98,43.13,43.8,19260
2006-06-30,44.88,45.25,44.05,44.7,16514
2006-07-03,45.15,45.15,44.08,44.6,8268
2006-07-04,44.83,45.1,44.0,44.33,8447
2006-07-05,44.03,45.0,43.63,44.78,6413
2006-07-06,44.5,44.8,43.55,43.9,10443
2006-07-07,44.4,45.0,43.2,43.48,19376
2006-07-10,44.08,44.48,42.75,43.08,8792
2006-07-11,43.75,43.75,42.5,43.13,11238
2006-07-12,43.2,43.48,42.1,42.83,12736
2006-07-13,43.38,43.45,42.75,43.18,8832
2006-07-14,42.5,43.63,42.5,43.33,7759
2006-07-17,43.3,44.75,43.28,44.08,17865
2006-07-18,44.08,46.1,44.0,44.38,21431
2006-07-19,44.98,45.3,43.78,44.25,1198574
2006-07-20,45.0,45.9,44.38,44.95,28094
2006-07-21,45.13,45.13,43.0,43.65,12671
2006-07-24,42.53,44.15,41.7,43.65,17741
2006-07-25,44.0,44.7,43.05,43.85,103126
2006-07-26,44.5,45.7,44.0,45.28,31325
2006-07-27,45.75,46.25,44.75,46.03,33311
2006-07-28,46.25,46.35,43.8,45.98,12609
2006-07-31,46.0,46.75,46.0,46.5,9859
2006-08-01,46.5,46.5,45.25,45.88,4989
2006-08-02,45.23,46.75,45.23,45.75,10084
2006-08-03,46.23,46.68,45.5,45.83,11037
2006-08-04,46.38,47.5,45.63,47.25,40148
2006-08-07,47.95,48.25,45.83,47.4,19510
2006-08-08,48.7,48.7,47.0,47.45,16460
2006-08-09,47.25,48.35,47.05,47.73,11921
2006-08-10,48.13,48.35,47.15,47.48,14504
2006-08-11,47.9,48.05,47.33,47.58,11534
2006-08-14,48.0,52.0,48.0,50.63,83018
2006-08-16,51.48,54.4,51.05,51.53,84125
2006-08-17,50.63,52.38,49.58,50.35,20265
2006-08-18,48.55,50.48,47.75,49.98,16054
2006-08-21,50.33,51.9,50.0,50.38,33849
2006-08-22,51.45,51.75,50.1,50.4,21793
2006-08-23,50.1,50.8,49.75,50.1,16149
2006-08-24,49.53,51.0,49.53,50.83,27407
2006-08-25,50.75,51.4,50.0,50.1,15171
2006-08-28,50.48,51.0,49.75,50.18,22788
2006-08-29,50.73,51.0,50.0,50.1,9253
2006-08-30,50.48,50.75,49.05,49.23,17680
2006-08-31,49.85,50.95,48.78,48.93,16399
2006-09-01,48.6,49.25,48.25,48.53,13336
2006-09-04,49.23,51.0,49.23,49.9,122584
2006-09-05,50.5,51.25,49.25,49.48,62340
2006-09-06,49.68,49.95,48.0,48.75,24838
2006-09-07,48.95,49.25,47.6,47.98,36171
2006-09-08,48.0,49.18,48.0,48.83,15609
2006-09-11,49.3,49.9,48.0,48.18,27796
2006-09-12,48.0,48.5,46.6,48.23,11487
2006-09-13,48.73,49.35,47.25,48.05,40811
2006-09-14,48.63,48.8,48.0,48.4,19342
2006-09-15,47.15,48.8,47.15,48.0,36047
2006-09-18,48.63,50.5,47.9,48.75,121540
2006-09-19,49.25,49.3,48.0,48.03,31072
2006-09-20,48.08,48.5,47.8,48.1,29322
2006-09-21,48.5,49.8,48.25,48.8,49556
2006-09-22,48.3,49.05,47.95,48.23,14464
2006-09-25,48.55,49.25,47.78,49.0,33646
2006-09-26,49.28,49.9,49.0,49.5,51189
2006-09-27,49.83,51.0,49.75,50.05,67923
2006-09-28,50.3,50.5,49.78,50.03,35015
2006-09-29,50.0,51.98,50.0,50.85,71277
2006-10-03,50.98,51.95,50.38,51.78,33578
2006-10-04,52.4,52.5,51.53,51.78,40954
2006-10-05,51.78,57.4,51.75,55.93,231374
2006-10-06,56.95,56.95,54.53,56.03,142599
2006-10-09,54.0,55.93,52.8,54.95,34933
2006-10-10,55.85,55.85,52.43,52.83,55503
2006-10-11,55.45,55.45,52.65,53.15,36580
2006-10-12,53.38,54.23,52.5,53.03,19713
2006-10-13,53.48,53.75,52.63,53.0,22750
2006-10-16,53.25,54.48,52.5,52.85,23415
2006-10-17,53.05,53.7,51.78,52.15,32888
2006-10-18,52.0,53.25,51.5,51.6,24074
2006-10-19,51.68,53.48,51.68,52.98,22733
2006-10-20,53.4,55.55,53.4,55.2,127673
2006-10-21,55.5,56.95,53.1,54.68,22100
2006-10-23,55.0,55.48,53.15,54.28,48102
2006-10-26,54.15,55.0,53.5,53.88,12473
2006-10-27,53.73,54.0,53.28,53.53,13908
2006-10-30,53.5,53.5,52.05,52.25,16120
2006-10-31,53.5,55.0,52.0,52.78,28900
2006-11-01,53.33,53.33,51.3,51.6,89899
2006-11-02,51.65,52.83,51.5,52.5,23340
2006-11-03,52.05,52.85,51.28,51.48,20376
2006-11-06,52.0,52.5,51.25,51.88,14031
2006-11-07,52.0,53.0,51.55,52.25,411655
2006-11-08,52.63,53.1,52.25,52.33,28127
2006-11-09,52.5,54.33,52.25,53.48,22757
2006-11-10,53.5,53.98,52.5,53.2,19784
2006-11-13,54.38,54.38,53.13,53.55,44503
2006-11-14,53.95,54.9,53.1,53.75,48705
2006-11-15,53.28,53.75,53.25,53.5,49979
2006-11-16,53.75,53.75,52.3,52.53,18687
2006-11-17,52.5,53.23,51.3,51.48,23803
2006-11-20,51.28,52.48,50.2,52.13,13464
2006-11-21,52.45,53.68,52.0,53.03,33530
2006-11-22,52.28,53.15,51.0,52.53,12872
2006-11-23,51.6,52.9,51.5,51.65,13708
2006-11-24,52.35,61.2,52.1,58.08,462267
2006-11-27,58.63,69.7,58.5,69.43,1288810
2006-11-28,69.4,70.35,65.03,66.8,1085890
2006-11-29,67.45,72.0,66.5,66.85,707555
2006-11-30,68.93,68.93,63.43,64.4,228189
2006-12-01,64.88,67.0,63.13,64.15,201159
2006-12-04,65.2,67.25,61.75,62.35,527476
2006-12-05,63.5,63.63,61.33,61.65,76067
2006-12-06,62.25,62.7,59.0,59.5,94676
2006-12-07,60.15,62.2,59.18,60.35,134988
2006-12-08,59.15,61.25,58.95,59.35,59951
2006-12-11,59.0,59.0,56.05,57.18,69056
2006-12-12,56.0,58.13,54.0,56.05,92958
2006-12-13,56.53,61.0,54.5,58.9,57715
2006-12-14,61.45,62.4,58.15,60.55,156495
2006-12-15,61.5,62.25,60.73,60.9,45408
2006-12-18,60.55,62.0,57.6,61.65,36481
2006-12-19,60.75,61.0,59.5,60.08,23060
2006-12-20,62.45,62.45,59.58,61.03,43259
2006-12-21,60.85,62.23,60.28,61.8,25897
2006-12-22,62.0,63.0,61.0,61.48,27045
2006-12-26,60.6,62.73,60.3,61.48,25143
2006-12-27,61.0,62.45,60.35,61.28,49879
2006-12-28,62.43,62.43,60.5,60.88,21294
2006-12-29,61.0,62.0,60.55,61.28,37743
2007-01-02,31.08,31.08,30.54,30.68,6555
2007-01-03,30.64,30.96,30.63,30.78,15108
2007-01-04,29.5,31.0,29.0,30.8,17259
2007-01-05,31.13,31.19,30.6,30.74,13971
2007-01-08,30.75,31.0,30.55,30.78,11192
2007-01-09,30.53,31.96,30.5,30.73,60609
2007-01-10,31.0,31.19,30.5,30.74,9907
2007-01-11,30.25,31.23,30.09,30.85,40127
2007-01-12,31.0,32.63,30.63,32.11,76413
2007-01-15,32.5,33.23,31.56,31.79,26065
2007-01-16,32.88,32.88,31.25,31.48,15215
2007-01-17,31.28,31.56,30.5,30.66,39703
2007-01-18,31.95,31.98,30.63,30.83,34637
2007-01-19,30.64,31.13,30.64,30.74,10747
2007-01-22,30.75,31.25,30.28,30.69,29137
2007-01-23,30.5,31.25,30.33,30.56,11678
2007-01-24,30.26,30.7,30.15,30.26,20445
2007-01-25,30.64,31.0,27.66,30.24,64459
2007-01-29,30.75,31.23,29.75,29.96,17367
2007-01-31,30.25,30.73,28.55,29.88,28563
2007-02-01,30.15,30.5,29.35,29.64,16261
2007-02-02,29.98,30.15,29.31,29.6,23536
2007-02-05,30.0,30.0,29.13,29.24,18819
2007-02-06,29.48,30.61,28.53,29.09,830279
2007-02-07,29.25,29.98,29.09,29.18,60956
2007-02-08,29.44,32.0,29.0,31.33,240512
2007-02-09,31.88,32.71,29.9,30.2,119304
2007-02-12,29.14,29.74,28.75,29.1,31166
2007-02-13,30.0,30.0,27.8,29.25,46120
2007-02-14,27.5,29.25,27.5,28.86,41583
2007-02-15,29.75,29.75,28.88,29.5,35936
2007-02-19,29.74,29.95,29.38,29.45,26056
2007-02-20,29.5,29.63,29.31,29.5,23119
2007-02-21,29.29,30.0,29.03,29.58,25506
2007-02-22,29.44,29.75,29.13,29.45,28345
2007-02-23,29.15,29.5,28.88,29.21,26902
2007-02-26,28.26,29.25,28.25,28.66,24316
2007-02-27,28.75,29.0,28.13,28.33,37066
2007-02-28,27.5,28.38,27.5,27.93,17040
2007-03-01,27.51,28.5,27.25,27.51,30009
2007-03-02,27.98,28.25,27.5,27.59,12868
2007-03-05,26.61,27.98,25.5,27.5,51903
2007-03-06,27.55,27.88,27.5,27.56,27268
2007-03-07,28.0,28.0,27.5,27.5,23627
2007-03-08,27.53,30.13,27.5,29.34,25320
2007-03-09,30.5,30.5,28.03,29.53,24575
2007-03-12,28.78,29.23,28.31,28.5,7514
2007-03-13,28.75,28.75,28.28,28.43,8321
2007-03-14,27.06,28.33,27.06,27.8,9658
2007-03-15,28.24,28.44,27.5,27.61,6484
2007-03-16,27.98,28.25,27.5,27.5,14501
2007-03-19,27.63,28.11,27.5,27.59,8254
2007-03-20,27.91,28.38,27.76,28.31,6947
2007-03-21,28.5,29.65,28.38,28.65,32895
2007-03-22,28.25,29.45,27.94,28.21,9138
2007-03-23,28.25,28.35,27.78,28.26,28256
2007-03-26,28.29,28.38,28.13,28.3,6531
2007-03-28,27.8,29.25,27.8,28.75,1772758
2007-03-29,29.13,29.13,28.25,28.26,4592
2007-03-30,28.33,28.5,28.25,28.28,15807
2007-04-02,28.04,28.13,27.5,27.86,7691
2007-04-03,27.79,28.13,27.51,27.75,6611
2007-04-04,28.25,28.25,27.75,27.79,3709
2007-04-05,28.13,28.45,27.75,28.25,4344
2007-04-09,28.25,30.0,28.13,29.21,42371
2007-04-10,29.25,29.25,28.78,28.89,7624
2007-04-11,28.5,29.25,28.5,28.79,4897
2007-04-12,28.23,28.75,28.0,28.49,4240
2007-04-13,28.63,28.75,28.25,28.31,11133
2007-04-16,28.96,28.96,28.45,28.55,7445
2007-04-17,28.85,29.01,28.25,28.51,25258
2007-04-18,28.63,28.9,28.45,28.75,8571
2007-04-19,28.53,30.38,28.38,29.61,36276
2007-04-20,29.98,30.64,29.38,29.55,56745
2007-04-23,30.44,30.75,29.75,29.86,37272
2007-04-24,29.5,30.13,29.46,29.54,9759
2007-04-25,28.0,29.75,28.0,28.99,14005
2007-04-26,29.25,29.73,28.8,29.09,12716
2007-04-27,29.08,29.34,28.29,28.75,58398
2007-04-30,28.25,29.13,28.13,28.66,8372
2007-05-03,28.88,29.08,28.74,28.76,10898
2007-05-04,28.75,28.99,28.75,28.81,8429
2007-05-07,28.75,29.95,28.75,29.0,22309
2007-05-08,29.73,29.73,28.75,28.8,13632
2007-05-09,28.8,28.88,28.54,28.79,138220
2007-05-10,28.98,29.25,23.98,28.89,10122
2007-05-11,28.16,29.11,28.16,28.75,12100
2007-05-14,30.0,31.0,28.81,29.34,17949
2007-05-15,29.31,29.46,29.0,29.2,12860
2007-05-16,29.6,29.6,29.0,29.04,11464
2007-05-17,29.0,29.46,29.0,29.26,31231
2007-05-18,29.0,29.25,28.78,29.13,6545
2007-05-21,29.5,31.63,29.39,30.68,175299
2007-05-22,31.2,32.0,30.56,31.69,156831
2007-05-23,32.0,32.48,31.13,31.49,104335
2007-05-24,31.11,31.35,30.5,31.28,28957
2007-05-25,30.8,31.36,30.53,30.75,22874
2007-05-28,31.0,31.35,30.78,30.88,35939
2007-05-29,31.25,31.68,30.25,31.4,32749
2007-05-30,30.4,31.5,30.4,30.94,16465
2007-05-31,31.41,31.41,30.75,30.81,9614
2007-06-01,30.83,31.48,30.3,31.35,25252
2007-06-04,31.75,31.75,30.54,31.29,14550
2007-06-05,31.19,31.19,30.5,30.55,6360
2007-06-06,30.63,31.05,30.25,30.28,11140
2007-06-07,31.38,31.38,30.25,30.5,9418
2007-06-08,30.15,30.5,30.15,30.28,8240
2007-06-11,30.5,30.86,30.13,30.6,13571
2007-06-12,30.39,30.74,30.39,30.56,53616
2007-06-13,30.0,30.95,30.0,30.63,8073
2007-06-14,30.5,31.0,30.21,30.53,26731
2007-06-15,30.75,30.88,30.25,30.63,19125
2007-06-18,31.25,31.25,30.31,30.39,7451
2007-06-19,30.5,31.13,30.38,30.94,30538
2007-06-20,31.25,31.25,30.5,30.73,10076
2007-06-21,30.64,30.95,30.25,30.76,13019
2007-06-22,30.38,31.06,30.25,30.53,8888
2007-06-25,30.63,31.75,30.53,31.26,49224
2007-06-26,31.11,31.45,31.03,31.14,16381
2007-06-27,30.89,31.06,30.75,30.88,6143
2007-06-28,31.23,31.23,30.8,30.89,7100
2007-06-29,30.75,31.36,30.38,30.56,36171
2007-07-02,31.0,31.38,30.5,31.24,17503
2007-07-03,31.81,31.81,30.9,31.19,16589
2007-07-04,30.88,31.25,30.5,31.06,13234
2007-07-05,31.26,34.75,31.26,32.04,49920
2007-07-06,32.25,32.78,31.38,31.64,29089
2007-07-09,31.54,32.15,31.38,32.0,23928
2007-07-10,32.43,33.75,32.04,32.3,59628
2007-07-11,32.25,33.0,32.0,32.4,14110
2007-07-12,32.73,33.5,32.16,33.24,43196
2007-07-13,33.73,34.75,33.15,34.53,88364
2007-07-16,35.0,39.2,35.0,37.48,313056
2007-07-17,37.75,39.89,36.5,36.79,408505
2007-07-18,37.18,39.25,36.75,38.63,372007
2007-07-19,39.35,39.36,37.08,37.33,166109
2007-07-20,38.75,38.75,35.89,36.14,83517
2007-07-23,36.31,37.03,35.79,35.95,63173
2007-07-24,36.48,37.13,34.38,34.61,96324
2007-07-25,35.0,37.75,34.8,36.5,162424
2007-07-26,37.08,37.25,36.25,37.06,79857
2007-07-27,36.25,37.25,34.26,35.55,55995
2007-07-30,35.0,35.88,33.8,35.0,38079
2007-07-31,35.68,35.68,34.28,34.88,27410
2007-08-01,34.99,34.99,33.5,33.55,34737
2007-08-02,33.75,34.98,33.06,34.63,57352
2007-08-03,35.0,35.5,33.8,34.55,19844
2007-08-06,34.25,35.0,32.88,34.49,33937
2007-08-07,35.25,35.25,34.04,34.24,15880
2007-08-08,35.23,35.23,33.5,34.06,31799
2007-08-09,34.03,35.3,33.75,33.84,19889
2007-08-10,33.63,33.75,32.8,33.64,16090
2007-08-13,34.0,35.21,33.81,35.01,42462
2007-08-14,35.04,35.88,32.06,35.5,45144
2007-08-16,33.75,34.5,33.53,33.98,24433
2007-08-17,33.99,34.98,32.63,34.08,46669
2007-08-20,34.13,35.25,34.0,34.1,13623
2007-08-21,34.0,34.05,32.8,32.93,19412
2007-08-22,33.63,33.63,32.35,33.03,11938
2007-08-23,34.13,34.98,33.13,33.73,34334
2007-08-24,33.88,35.5,33.41,35.29,57081
2007-08-27,36.0,37.68,35.48,37.46,86154
2007-08-28,37.0,38.86,36.63,38.48,129924
2007-08-29,38.0,38.0,36.5,37.69,88081
2007-08-30,37.69,38.25,37.38,37.81,46936
2007-08-31,37.75,38.25,36.55,37.28,58816
2007-09-03,36.75,37.5,36.75,36.8,14332
2007-09-04,36.88,37.43,36.3,36.59,13925
2007-09-05,37.45,37.45,35.53,35.81,25484
2007-09-06,37.0,37.0,35.25,35.86,23797
2007-09-07,36.48,36.49,35.4,35.55,20947
2007-09-10,35.5,35.95,35.0,35.33,14077
2007-09-11,36.0,36.75,35.75,36.09,19218
2007-09-12,36.25,37.9,36.13,37.59,117127
2007-09-13,37.75,37.93,36.76,37.36,25237
2007-09-14,37.75,37.75,36.13,36.31,22767
2007-09-17,36.0,37.21,35.41,35.6,17780
2007-09-18,35.75,36.75,35.39,35.81,21398
2007-09-19,37.25,37.25,36.13,36.74,36478
2007-09-20,37.0,37.38,36.7,36.79,20009
2007-09-21,36.63,38.95,36.63,38.05,89519
2007-09-24,39.63,40.0,38.04,38.64,72745
2007-09-25,38.13,38.74,37.88,38.53,29618
2007-09-26,39.24,39.24,37.78,38.18,25713
2007-09-27,38.0,38.75,37.56,38.66,37978
2007-09-28,38.88,41.38,38.75,40.16,218347
2007-10-01,40.63,41.38,40.03,40.26,30129
2007-10-03,42.25,42.25,39.25,39.49,54722
2007-10-04,39.03,40.0,38.51,39.08,13191
2007-10-05,39.44,40.25,37.8,38.43,34150
2007-10-08,38.05,38.75,37.06,37.46,21804
2007-10-09,37.25,38.45,36.25,37.85,30126
2007-10-10,39.13,39.5,38.0,38.05,27631
2007-10-11,38.48,38.48,37.51,38.08,15109
2007-10-12,39.19,39.19,37.75,37.99,18347
2007-10-15,38.75,40.69,38.13,40.23,56041
2007-10-16,41.0,41.0,39.53,40.78,51588
2007-10-17,35.5,40.0,35.5,39.23,14671
2007-10-18,39.5,43.25,39.5,40.5,94364
2007-10-19,40.5,41.5,38.5,39.29,26880
2007-10-22,39.25,40.5,38.18,39.78,13537
2007-10-23,41.13,41.25,40.03,41.08,31735
2007-10-24,41.98,49.13,41.25,45.18,295433
2007-10-25,45.73,48.5,45.54,46.93,75159
2007-10-26,46.5,48.25,45.75,47.61,96070
2007-10-29,47.75,51.13,47.75,50.51,132708
2007-10-30,50.51,52.5,49.0,49.76,57200
2007-10-31,50.73,53.2,48.5,51.71,88877
2007-11-01,52.5,53.46,49.0,49.55,56220
2007-11-02,47.83,49.99,47.55,49.1,30832
2007-11-05,49.0,56.0,48.13,50.5,159694
2007-11-06,51.24,54.25,49.0,49.4,93055
2007-11-07,50.26,51.98,48.78,49.18,23158
2007-11-08,47.55,49.99,47.55,49.21,13664
2007-11-09,50.0,51.75,50.0,50.58,6439
2007-11-12,50.25,50.48,48.05,49.04,17671
2007-11-13,49.0,49.83,47.51,48.46,49338
2007-11-14,49.71,50.5,48.63,49.19,18820
2007-11-15,51.49,51.49,48.35,49.63,22626
2007-11-16,49.0,50.65,49.0,49.59,17839
2007-11-19,49.75,51.63,49.75,50.15,22800
2007-11-20,50.5,50.75,49.15,49.45,765579
2007-11-21,50.5,51.25,47.5,47.86,23188
2007-11-22,46.5,49.5,45.3,48.45,20164
2007-11-23,49.25,49.5,47.76,48.54,10447
2007-11-26,49.25,49.99,48.75,49.0,7217
2007-11-27,48.75,49.68,48.63,49.1,5943
2007-11-28,49.69,50.5,49.19,49.76,40432
2007-11-29,49.75,50.0,49.0,49.56,16699
2007-11-30,49.75,50.0,48.75,49.25,9897
2007-12-03,50.0,50.0,48.8,49.28,12399
2007-12-04,49.38,49.95,48.0,48.66,9216
2007-12-05,48.88,49.75,48.75,49.35,8993
2007-12-06,49.95,51.75,48.63,48.83,35390
2007-12-07,50.25,50.25,47.63,47.99,23560
2007-12-10,48.25,49.96,47.75,48.04,21774
2007-12-11,48.25,48.75,47.55,47.7,17519
2007-12-12,47.5,50.25,47.5,48.6,109993
2007-12-13,48.75,50.75,48.0,48.61,92138
2007-12-14,47.95,48.75,47.75,47.89,32634
2007-12-17,47.75,56.25,47.0,47.39,47430
2007-12-18,47.5,47.75,46.25,46.93,23403
2007-12-19,47.5,48.25,46.5,46.83,14246
2007-12-20,47.25,47.6,46.38,46.63,17546
2007-12-24,48.75,51.25,46.81,48.74,86160
2007-12-26,51.23,51.23,47.25,48.31,193123
2007-12-27,48.75,50.95,48.25,49.26,94034
2007-12-28,49.23,50.24,48.38,48.59,78697
2007-12-31,49.0,49.48,48.3,48.65,85221
2008-01-01,48.65,49.0,47.8,48.2,32660
2008-01-02,48.71,49.5,48.13,48.35,29486
2008-01-03,48.63,48.75,47.9,48.61,44385
2008-01-04,49.75,50.0,45.5,47.23,68463
2008-01-07,47.38,47.75,46.89,47.16,31008
2008-01-08,47.75,47.75,46.0,46.41,45233
2008-01-09,46.98,47.5,45.78,47.1,32970
2008-01-10,46.71,47.5,45.63,46.99,47980
2008-01-11,46.14,46.85,45.8,46.21,23092
2008-01-14,46.25,47.49,46.0,46.85,18318
2008-01-15,47.08,47.5,46.0,46.48,22691
2008-01-16,45.0,46.98,44.38,44.9,20384
2008-01-17,44.25,45.5,43.75,44.21,34736
2008-01-18,44.7,44.75,42.0,42.5,25443
2008-01-21,43.75,44.5,39.53,40.75,24929
2008-01-22,36.53,39.98,33.0,37.28,43024
2008-01-23,35.0,44.7,35.0,44.7,43644
2008-01-24,45.75,50.5,43.63,45.19,164629
2008-01-25,45.25,45.53,43.75,44.78,10922
2008-01-28,44.5,45.94,43.29,45.66,7628
2008-01-29,45.5,46.45,44.55,45.39,17456
2008-01-30,44.5,45.39,42.75,43.14,13503
2008-01-31,44.45,44.75,42.5,44.49,17280
2008-02-01,44.5,44.81,43.06,43.78,9556
2008-02-04,45.35,46.25,44.5,45.55,15993
2008-02-05,45.75,45.75,44.5,44.76,5005
2008-02-06,42.65,44.75,42.65,44.0,6032
2008-02-07,44.49,44.5,42.75,43.51,19903
2008-02-08,43.75,52.0,42.25,42.51,15093
2008-02-11,42.5,43.58,41.0,41.3,4342
2008-02-12,41.25,43.13,39.0,39.5,16228
2008-02-13,41.75,41.75,38.75,39.33,6441
2008-02-14,40.5,42.23,39.5,40.0,9186
2008-02-15,40.0,47.0,38.08,42.79,1111058
2008-02-18,44.0,44.0,40.56,41.36,26559
2008-02-19,41.38,42.38,41.01,41.29,30124
2008-02-20,40.55,41.5,39.75,40.25,20365
2008-02-21,40.49,41.0,39.78,40.14,14888
2008-02-22,40.54,40.63,39.0,39.58,9427
2008-02-25,40.03,40.48,39.0,39.04,14520
2008-02-26,40.21,40.75,39.51,40.21,15183
2008-02-27,40.69,41.25,39.75,40.09,5498
2008-02-28,40.0,40.48,39.5,39.63,6145
2008-02-29,40.31,40.59,39.04,40.01,19629
2008-03-03,38.78,40.03,38.76,39.61,12419
2008-03-04,40.01,40.01,36.75,37.21,21956
2008-03-05,36.75,38.46,36.25,36.26,357384
2008-03-07,38.19,38.19,35.0,35.68,86584
2008-03-10,35.0,35.95,32.75,35.16,32835
2008-03-11,37.5,37.98,35.25,37.48,31531
2008-03-12,38.31,39.5,36.25,37.33,16217
2008-03-13,35.5,36.99,35.5,36.1,56871
2008-03-14,35.95,36.9,35.03,36.63,62178
2008-03-17,34.25,36.25,33.0,33.76,44953
2008-03-18,33.5,34.75,32.25,32.91,15579
2008-03-19,34.95,34.95,32.25,32.54,12513
2008-03-24,33.36,34.25,31.39,31.63,38802
2008-03-25,32.34,35.63,32.28,34.55,228682
2008-03-26,33.13,35.75,33.0,33.46,34816
2008-03-27,33.75,34.1,33.25,33.63,10906
2008-03-28,33.75,34.1,32.5,33.64,102832
2008-03-31,34.36,35.0,32.89,33.38,25509
2008-04-01,34.61,34.61,32.5,32.88,48999
2008-04-02,34.5,34.5,32.78,33.11,9047
2008-04-03,33.13,34.48,32.5,34.33,36796
2008-04-04,34.5,34.5,33.0,33.33,5621
2008-04-07,33.75,34.5,33.5,34.15,8240
2008-04-08,33.75,34.31,33.2,34.11,5654
2008-04-09,33.54,35.49,32.55,34.91,41161
2008-04-10,35.5,35.76,34.83,35.1,10524
2008-04-11,35.99,35.99,35.03,35.59,9459
2008-04-15,35.5,36.25,35.0,36.05,4887
2008-04-16,35.88,37.5,35.83,37.11,10751
2008-04-17,37.5,37.95,37.0,37.41,10746
2008-04-21,38.5,38.63,37.75,38.55,9770
2008-04-22,38.5,39.0,37.61,37.93,12731
2008-04-23,38.24,38.56,37.13,37.56,6929
2008-04-24,39.0,39.0,37.75,37.75,5078
2008-04-25,37.75,38.41,37.5,37.56,4969
2008-04-28,38.5,38.5,37.25,37.78,14515
2008-04-29,38.75,39.0,37.63,38.08,14746
2008-04-30,38.75,38.75,37.06,37.59,7904
2008-05-02,38.63,38.63,36.78,37.16,88408
2008-05-05,38.0,38.13,36.78,36.94,11787
2008-05-06,37.5,37.93,36.65,36.99,10194
2008-05-07,36.78,37.38,36.63,36.79,10280
2008-05-08,37.45,37.45,35.65,35.84,9268
2008-05-09,35.76,36.43,35.25,35.33,8703
2008-05-12,35.18,36.18,33.75,34.6,16326
2008-05-13,34.25,35.81,34.25,35.34,12067
2008-05-14,35.5,37.25,35.38,36.73,18843
2008-05-15,36.98,37.05,36.0,36.08,9407
2008-05-16,36.31,36.7,36.25,36.43,3270
2008-05-20,38.25,42.0,36.56,36.69,86991
2008-05-21,36.25,37.75,36.25,37.64,15089
2008-05-22,36.88,37.7,36.75,36.84,4884
2008-05-23,37.45,37.45,36.3,36.78,61375
2008-05-26,36.5,37.5,36.5,36.5,8531
2008-05-27,37.0,37.5,36.29,36.51,6493
2008-05-28,37.25,37.35,36.25,36.28,15871
2008-05-29,36.9,37.2,36.16,36.75,14877
2008-05-30,37.0,37.38,36.0,36.41,8825
2008-06-02,36.98,36.98,36.5,36.5,11226
2008-06-03,35.5,36.38,35.03,35.83,8217
2008-06-04,36.75,36.75,35.46,35.75,5060
2008-06-05,36.45,36.45,35.75,35.75,8876
2008-06-06,35.88,35.88,34.88,35.13,2931
2008-06-09,33.75,35.5,30.83,35.11,12065
2008-06-10,35.25,36.0,35.25,35.75,10916
2008-06-11,36.63,36.63,36.0,36.01,6491
2008-06-12,34.78,36.5,34.78,35.58,4591
2008-06-13,36.0,36.63,35.75,36.28,27189
2008-06-16,35.81,36.5,35.75,36.28,6447
2008-06-17,35.5,36.66,35.5,36.58,9358
2008-06-18,36.28,37.13,36.25,36.75,5245
2008-06-19,36.81,36.81,35.75,35.8,5170
2008-06-20,35.84,36.25,35.25,36.01,12551
2008-06-23,35.38,35.7,34.0,34.39,11556
2008-06-24,35.0,35.38,34.5,34.54,8756
2008-06-25,37.0,37.0,33.75,34.56,6498
2008-06-26,35.88,35.88,33.75,33.96,5432
2008-06-27,33.98,33.98,33.5,33.73,7665
2008-06-30,36.0,36.0,31.88,32.46,9998
2008-07-01,32.05,32.75,32.01,32.53,14974
2008-07-02,32.25,33.75,32.25,33.11,12787
2008-07-03,33.0,33.6,33.0,33.05,4317
2008-07-04,32.0,34.74,31.81,33.09,4726
2008-07-07,33.13,33.74,33.0,33.01,7270
2008-07-08,33.01,34.23,33.0,33.85,3822
2008-07-09,34.86,35.0,33.75,33.8,4234
2008-07-10,33.25,34.25,32.25,34.13,7283
2008-07-11,33.79,34.5,33.75,33.75,8795
2008-07-14,33.8,35.5,33.75,33.83,10431
2008-07-15,34.7,34.7,33.25,33.9,6189
2008-07-16,32.76,34.5,32.75,33.11,9693
2008-07-17,33.0,34.74,33.0,33.03,8981
2008-07-18,33.75,33.75,32.63,32.98,4196
2008-07-21,33.5,35.06,33.0,34.86,22174
2008-07-22,35.25,36.18,34.75,35.56,11818
2008-07-23,36.88,37.19,35.0,35.76,16601
2008-07-24,36.79,36.88,33.48,33.96,72732
2008-07-25,33.5,34.5,33.5,34.25,8622
2008-07-28,34.25,35.0,33.63,33.89,7980
2008-07-29,33.9,35.0,33.75,34.28,113799
2008-07-30,34.98,34.99,34.13,34.75,4039
2008-07-31,37.25,37.25,34.5,34.51,4879
2008-08-01,34.5,35.68,34.04,35.38,30570
2008-08-04,36.0,36.25,35.0,35.44,6360
2008-08-05,36.25,36.75,35.28,36.13,12125
2008-08-06,36.98,37.21,36.25,36.39,10562
2008-08-07,36.39,37.73,36.05,36.58,14245
2008-08-08,36.25,37.13,36.25,36.73,7124
2008-08-11,37.25,37.5,35.58,36.03,9728
2008-08-12,36.75,36.98,35.83,36.08,6312
2008-08-13,36.24,36.24,35.25,35.49,5675
2008-08-14,35.0,36.0,35.0,35.69,5680
2008-08-18,36.0,36.23,35.0,35.34,3432
2008-08-19,35.25,35.94,35.25,35.73,7249
2008-08-20,35.25,35.86,35.25,35.55,5935
2008-08-21,35.5,35.51,34.76,34.99,5733
2008-08-22,34.68,35.48,34.58,35.06,3650
2008-08-25,35.13,35.63,35.0,35.23,4908
2008-08-26,35.38,35.38,34.64,34.89,29020
2008-08-27,34.59,35.15,34.59,34.6,1390
2008-08-28,35.2,35.2,34.4,34.51,4103
2008-08-29,34.99,35.0,34.63,34.74,5811
2008-09-01,35.13,35.75,34.54,34.66,4328
2008-09-02,35.38,35.38,34.5,34.78,7899
2008-09-04,34.75,35.13,34.55,34.88,3297
2008-09-05,34.88,35.09,34.63,34.9,2952
2008-09-08,36.2,36.2,34.6,35.01,64404
2008-09-09,35.48,35.48,34.68,34.88,5133
2008-09-10,35.0,35.0,34.74,34.78,2594
2008-09-11,34.38,34.98,34.06,34.21,6097
2008-09-12,34.84,34.84,34.0,34.31,5152
2008-09-15,33.75,35.5,32.74,34.13,12458
2008-09-16,33.75,34.24,33.5,33.83,12320
2008-09-17,33.69,34.48,33.63,34.3,8123
2008-09-18,33.75,34.25,32.51,33.94,14565
2008-09-19,34.5,35.75,34.38,35.14,19487
2008-09-22,35.29,35.29,34.25,34.4,3674
2008-09-23,34.5,34.61,33.28,33.68,4452
2008-09-24,33.75,34.5,33.75,34.09,2899
2008-09-25,34.95,34.95,33.75,34.1,12217
2008-09-26,34.1,34.25,33.5,33.85,7271
2008-09-29,33.51,33.94,31.33,32.0,13843
2008-09-30,30.5,33.48,30.25,32.54,14897
2008-10-01,32.5,33.23,32.5,32.75,7841
2008-10-03,32.5,33.2,31.25,32.13,10717
2008-10-06,31.75,32.0,29.0,29.2,11802
2008-10-07,30.23,30.74,28.5,29.88,31788
2008-10-08,29.25,29.88,28.24,28.78,34494
2008-10-10,28.75,28.75,25.04,26.24,31814
2008-10-13,27.5,28.68,26.75,27.69,15377
2008-10-14,28.63,29.5,27.75,27.93,8762
2008-10-15,27.75,28.45,25.26,26.11,11930
2008-10-16,25.0,27.23,25.0,26.58,17802
2008-10-17,26.3,27.25,26.01,26.5,35239
2008-10-20,26.23,26.75,25.88,26.24,55012
2008-10-21,25.96,26.73,25.38,25.63,11922
2008-10-22,26.25,26.25,25.5,25.88,6355
2008-10-23,25.0,25.5,23.61,24.44,32757
2008-10-24,23.94,24.03,19.55,19.83,47180
2008-10-27,20.0,23.0,18.88,22.16,31018
2008-10-28,23.78,24.53,22.16,23.24,6586
2008-10-29,23.5,23.5,22.0,22.19,9178
2008-10-31,22.75,23.44,22.75,23.25,508976
2008-11-03,24.69,24.75,23.54,24.51,15448
2008-11-04,24.5,26.3,23.75,25.78,15027
2008-11-05,25.75,27.25,24.25,24.78,13508
2008-11-06,23.6,28.7,23.05,23.74,7304
2008-11-07,23.35,23.75,22.25,22.99,25183
2008-11-10,23.75,24.19,22.53,23.25,10612
2008-11-11,23.25,24.48,22.78,23.73,474198
2008-11-12,23.75,23.9,23.0,23.53,6068
2008-11-14,23.5,24.5,23.01,23.51,10934
2008-11-17,23.75,23.75,22.28,22.99,8506
2008-11-18,22.75,23.23,22.5,22.68,39731
2008-11-19,22.76,23.19,22.13,22.41,5037
2008-11-20,22.19,23.0,20.79,22.28,7539
2008-11-21,22.51,22.86,22.0,22.7,20868
2008-11-24,23.0,23.36,22.5,22.61,3575
2008-11-25,22.7,24.0,22.56,22.66,7875
2008-11-26,22.75,22.75,22.5,22.53,6973
2008-11-28,22.0,22.88,21.59,22.68,4233
2008-12-01,24.0,24.0,22.63,22.71,8926
2008-12-02,21.89,22.73,21.89,22.16,5235
2008-12-03,22.75,22.75,21.89,22.25,2984
2008-12-04,22.09,22.74,22.09,22.4,1620
2008-12-05,22.25,23.13,22.08,22.3,8864
2008-12-08,23.0,23.0,22.0,22.26,3099
2008-12-10,22.23,22.49,21.75,22.01,5074
2008-12-11,22.01,23.13,20.1,23.08,11081
2008-12-12,22.99,23.1,22.65,22.99,8397
2008-12-15,23.06,23.41,22.45,23.19,7573
2008-12-16,23.25,24.24,22.75,23.95,8473
2008-12-17,24.0,25.45,24.0,24.78,19386
2008-12-18,24.99,25.25,24.0,25.11,9486
2008-12-19,25.0,25.5,24.5,25.13,8106
2008-12-22,27.0,29.5,25.63,27.98,89854
2008-12-23,28.15,28.15,26.11,27.0,39655
2008-12-24,26.25,27.5,26.24,26.55,15441
2008-12-26,26.25,27.49,26.2,26.25,8991
2008-12-29,26.25,27.74,25.5,27.43,14151
2008-12-30,27.75,27.75,26.83,27.03,16501
2008-12-31,27.46,27.5,26.38,27.03,23068
2009-01-01,26.41,27.43,26.38,27.28,9855
2009-01-02,27.75,27.95,27.04,27.54,9205
2009-01-05,27.75,28.2,27.5,27.65,9056
2009-01-06,27.58,27.58,26.38,27.2,4674
2009-01-07,27.44,27.48,26.4,27.14,11635
2009-01-09,25.4,27.49,25.4,27.13,8173
2009-01-12,26.31,27.25,25.5,25.73,3544
2009-01-13,26.0,27.0,24.58,24.88,6387
2009-01-14,25.74,25.74,25.0,25.15,1754
2009-01-15,24.75,25.73,24.75,25.51,10443
2009-01-16,27.21,27.21,25.83,26.04,13237
2009-01-19,25.56,26.13,25.01,25.34,9966
2009-01-20,25.25,25.61,25.03,25.4,12594
2009-01-21,25.96,25.96,25.36,25.49,8738
2009-01-22,25.5,25.89,25.25,25.44,22414
2009-01-23,25.0,25.0,22.95,23.66,21756
2009-01-27,23.03,23.75,22.5,23.54,10305
2009-01-28,24.43,24.43,23.76,24.0,4263
2009-01-29,24.0,24.45,24.0,24.15,10631
2009-01-30,23.75,24.25,23.75,24.09,3623
2009-02-02,23.89,24.25,23.75,24.1,3727
2009-02-03,24.0,24.25,24.0,24.16,2843
2009-02-04,24.25,24.74,24.25,24.43,4249
2009-02-05,23.86,24.33,23.8,24.09,4443
2009-02-06,23.81,24.25,23.75,23.86,1818
2009-02-09,23.88,24.5,23.38,24.3,7259
2009-02-10,24.4,24.6,24.0,24.09,4487
2009-02-11,23.88,24.5,23.75,24.26,7112
2009-02-12,25.75,25.75,24.0,24.2,1342
2009-02-13,24.15,24.5,23.95,24.19,1302
2009-02-16,24.18,24.49,23.85,24.06,3589
2009-02-17,23.65,24.5,23.25,23.54,4292
2009-02-18,23.28,23.95,23.28,23.59,2182
2009-02-19,23.55,23.71,22.75,22.89,3277
2009-02-20,22.8,23.1,22.55,22.7,2112
2009-02-24,23.0,23.0,22.09,22.45,3181
2009-02-25,22.38,22.51,22.25,22.33,4082
2009-02-26,22.25,22.5,21.75,22.5,20380
2009-02-27,22.95,22.95,18.93,21.63,9036
2009-03-02,21.5,21.75,20.29,20.58,10261
2009-03-03,20.06,20.96,18.93,20.64,2431
2009-03-04,20.65,20.98,20.5,20.66,1508
2009-03-05,20.51,20.86,20.38,20.49,2717
2009-03-06,20.49,20.75,20.0,20.55,5818
2009-03-09,20.68,20.98,20.5,20.54,4153
2009-03-12,20.63,20.96,20.28,20.68,900
2009-03-13,20.75,21.31,20.66,21.23,5523
2009-03-16,21.25,21.63,20.84,21.16,2945
2009-03-17,21.0,21.7,21.0,21.06,152365
2009-03-18,20.75,21.7,20.75,21.01,6546
2009-03-19,21.0,21.48,20.78,20.91,5304
2009-03-20,21.33,21.33,20.98,21.08,3157
2009-03-23,20.53,21.73,20.53,21.54,8478
2009-03-24,21.5,22.5,21.25,21.34,10669
2009-03-25,22.18,22.18,20.75,20.81,6904
2009-03-26,21.7,21.7,20.4,20.63,16963
2009-03-27,20.75,21.24,20.63,21.04,12995
2009-03-30,21.25,21.48,20.78,21.04,7738
2009-03-31,21.25,21.5,21.03,21.18,3266
2009-04-01,21.01,22.0,20.93,21.58,10275
2009-04-02,22.24,24.0,21.75,22.45,1314806
2009-04-06,23.0,23.35,22.6,22.84,24571
2009-04-08,22.6,23.35,22.14,23.04,10936
2009-04-09,23.73,23.73,22.49,22.65,23117
2009-04-13,22.88,24.25,22.63,23.76,21691
2009-04-15,24.0,24.48,23.51,24.13,26348
2009-04-16,24.7,25.25,23.3,23.51,28897
2009-04-17,23.53,24.25,23.28,23.43,14097
2009-04-20,23.75,23.99,22.35,22.51,16606
2009-04-21,22.05,23.0,21.75,22.59,8044
2009-04-22,23.43,23.43,22.28,22.59,13246
2009-04-23,23.73,23.73,21.6,22.68,5751
2009-04-24,22.68,23.06,22.6,22.8,12909
2009-04-27,22.88,23.23,22.51,22.61,3837
2009-04-28,22.63,24.25,22.25,22.64,52901
2009-04-29,23.45,23.45,22.25,22.4,19227
2009-05-04,22.75,23.13,22.38,22.55,16351
2009-05-05,22.78,23.36,22.56,23.11,16307
2009-05-06,23.25,23.63,22.84,23.04,14971
2009-05-07,23.03,23.9,23.03,23.45,18459
2009-05-08,23.74,24.0,22.75,22.9,18625
2009-05-11,23.03,23.24,22.54,22.75,5832
2009-05-12,22.75,23.15,22.5,22.98,10513
2009-05-13,23.0,23.13,22.75,22.98,5881
2009-05-14,23.5,23.5,22.38,23.31,12130
2009-05-15,23.36,23.74,23.36,23.53,13256
2009-05-19,26.25,26.25,24.0,24.61,36201
2009-05-20,25.01,27.0,25.01,25.63,60903
2009-05-21,26.21,30.13,26.21,28.24,192807
2009-05-22,28.53,31.13,28.53,30.61,191308
2009-05-25,31.25,32.23,29.29,29.81,53558
2009-05-26,30.44,31.88,28.75,30.19,79828
2009-05-27,31.75,33.15,31.25,32.01,261923
2009-05-28,32.0,32.13,30.53,30.78,55779
2009-05-29,31.5,31.5,30.69,31.01,36790
2009-06-01,31.38,33.25,31.31,33.04,1370995
2009-06-02,34.7,35.0,32.75,32.94,108006
2009-06-03,33.5,33.96,32.01,32.56,46978
2009-06-04,32.49,35.25,31.6,33.54,155773
2009-06-05,33.28,34.5,32.0,32.4,63378
2009-06-08,32.75,33.2,30.25,30.76,37175
2009-06-09,29.53,30.5,28.78,29.51,128410
2009-06-10,30.13,31.25,29.53,29.74,39307
2009-06-11,29.75,30.75,29.5,29.96,44357
2009-06-12,30.03,30.68,29.01,29.34,23901
2009-06-15,29.1,29.5,28.28,28.63,16293
2009-06-16,28.29,29.0,27.83,28.83,15574
2009-06-17,28.5,29.75,28.5,29.0,29069
2009-06-18,29.13,29.46,27.54,28.35,34888
2009-06-19,28.78,29.74,27.76,28.05,20385
2009-06-22,28.75,28.86,27.5,28.23,23843
2009-06-23,28.23,29.0,27.31,28.55,21422
2009-06-24,28.95,29.63,28.55,29.45,18286
2009-06-25,29.3,30.49,28.75,29.13,19330
2009-06-26,30.0,30.0,28.78,29.01,77342
2009-06-29,29.75,29.75,29.13,29.36,9375
2009-06-30,30.0,30.0,28.75,28.81,14867
2009-07-01,28.81,29.18,27.5,28.51,8404
2009-07-02,28.5,29.15,28.05,28.51,8794
2009-07-03,28.15,29.0,28.13,28.53,6354
2009-07-06,28.74,28.88,27.53,27.76,14934
2009-07-07,28.25,28.46,27.4,27.68,10592
2009-07-08,27.25,27.75,25.33,27.43,269135
2009-07-09,27.0,28.75,26.89,28.35,51238
2009-07-10,28.75,28.75,26.75,27.24,6856
2009-07-13,26.25,27.25,25.61,26.33,11370
2009-07-14,27.25,28.73,26.53,27.76,13583
2009-07-15,28.09,28.44,27.28,28.01,8649
2009-07-16,28.75,28.75,27.35,27.63,15306
2009-07-17,28.58,28.58,27.73,27.88,13340
2009-07-20,28.08,29.25,28.08,28.78,54029
2009-07-21,29.11,29.11,28.31,28.38,9660
2009-07-22,28.5,28.9,28.0,28.19,20687
2009-07-23,28.5,29.0,28.31,28.66,18085
2009-07-24,29.0,29.98,28.75,29.8,32214
2009-07-27,30.0,31.88,30.0,31.64,104609
2009-07-28,32.5,34.98,32.5,34.55,165323
2009-07-29,34.5,34.88,33.06,34.21,52139
2009-07-30,34.75,39.71,34.06,34.3,73834
2009-07-31,34.86,36.61,34.86,35.69,119259
2009-08-03,35.86,36.98,35.78,36.14,43989
2009-08-04,36.48,37.25,35.55,35.74,53358
2009-08-05,35.0,36.68,34.78,34.93,31332
2009-08-06,34.78,35.46,33.91,34.18,31670
2009-08-07,33.5,34.45,32.75,32.91,43121
2009-08-10,34.5,36.7,34.06,34.46,160763
2009-08-11,34.75,35.75,34.04,34.35,55626
2009-08-12,34.23,34.5,33.75,33.99,22399
2009-08-13,34.88,35.38,34.0,35.03,42849
2009-08-14,35.38,35.38,34.06,34.36,31748
2009-08-17,33.75,34.73,33.58,34.03,15077
2009-08-18,34.25,34.38,33.0,33.79,20071
2009-08-19,33.83,34.18,33.25,33.4,15658
2009-08-20,33.56,34.23,33.3,33.53,11885
2009-08-21,33.7,35.85,33.25,34.99,41457
2009-08-24,35.71,35.89,34.85,35.05,34363
2009-08-25,34.98,35.36,34.55,35.01,22171
2009-08-26,35.25,38.0,34.0,36.04,114860
2009-08-27,35.5,38.05,35.5,36.91,127648
2009-08-28,36.75,37.48,35.5,36.23,19567
2009-08-31,36.23,39.35,35.59,38.18,306704
2009-09-01,38.26,39.36,35.99,36.29,102483
2009-09-02,35.75,38.0,35.75,36.55,79109
2009-09-03,36.55,37.48,36.25,36.38,28204
2009-09-04,36.75,36.91,35.88,36.14,23580
2009-09-07,36.75,37.71,36.34,36.66,37469
2009-09-08,37.0,37.44,35.88,36.18,30363
2009-09-09,36.25,38.69,35.55,37.09,164087
2009-09-10,38.0,38.84,37.5,37.74,143390
2009-09-11,37.74,38.38,37.0,37.49,29125
2009-09-14,37.95,37.95,36.78,36.96,15648
2009-09-15,37.1,37.85,36.78,37.03,18827
2009-09-16,37.54,37.85,36.5,37.21,48077
2009-09-17,36.78,38.75,36.78,37.78,126423
2009-09-18,37.53,38.25,37.05,37.64,26959
2009-09-22,37.9,38.08,37.15,37.35,17705
2009-09-23,37.96,37.96,36.65,36.91,28416
2009-09-24,36.3,37.25,36.13,36.88,15337
2009-09-25,36.75,37.5,36.75,36.9,12908
2009-09-29,37.73,37.73,36.39,36.61,17790
2009-09-30,36.5,36.98,36.38,36.5,19286
2009-10-01,36.5,39.95,36.05,38.6,501872
2009-10-05,38.25,39.56,37.5,38.0,148685
2009-10-06,38.0,38.58,37.01,37.41,35292
2009-10-07,37.75,38.25,36.75,37.01,30504
2009-10-08,37.5,38.88,37.38,37.6,63033
2009-10-09,38.33,38.33,37.25,37.5,37473
2009-10-12,37.75,37.98,37.44,37.79,21209
2009-10-14,37.79,38.45,37.56,38.01,45811
2009-10-15,38.03,39.43,38.0,38.78,79535
2009-10-16,38.81,39.25,38.63,38.88,39140
2009-10-17,38.11,39.75,38.11,39.1,20140
2009-10-20,39.35,39.5,38.75,39.08,35704
2009-10-21,39.25,40.93,39.25,39.65,164392
2009-10-22,40.5,41.75,40.05,40.51,298308
2009-10-23,41.6,42.43,41.24,41.65,181032
2009-10-26,42.0,43.75,42.0,42.89,188549
2009-10-27,42.78,42.96,41.0,41.39,83607
2009-10-28,41.68,42.33,40.25,41.78,59248
2009-10-29,41.3,42.13,40.28,41.68,50289
2009-10-30,42.0,43.0,41.0,41.16,23785
2009-11-03,41.5,41.5,38.91,39.44,24615
2009-11-04,39.44,40.5,39.23,40.33,17077
2009-11-05,40.79,41.25,40.54,40.81,16076
2009-11-06,41.53,41.9,41.06,41.3,25622
2009-11-09,41.5,41.75,40.5,41.63,19454
2009-11-10,41.68,42.45,41.0,41.43,29001
2009-11-11,41.98,42.13,40.5,41.79,26972
2009-11-12,42.31,45.0,41.31,43.83,237031
2009-11-13,43.5,45.43,43.5,44.59,170824
2009-11-16,44.98,45.29,43.98,44.18,45103
2009-11-17,44.38,46.2,42.8,45.05,83638
2009-11-18,43.79,45.43,43.79,45.01,23117
2009-11-19,45.0,45.39,44.26,44.5,24414
2009-11-20,43.89,46.1,43.89,45.64,60745
2009-11-23,45.7,48.99,45.5,48.38,210260
2009-11-24,48.04,52.35,48.04,51.45,1013771
2009-11-25,52.0,52.35,50.13,50.34,107463
2009-11-26,50.7,50.7,48.25,49.08,48024
2009-11-27,47.53,49.63,46.51,49.25,54002
2009-11-30,48.75,50.65,48.05,48.6,47484
2009-12-01,49.68,49.68,48.15,48.73,25903
2009-12-02,49.25,49.86,49.0,49.33,31111
2009-12-03,47.75,49.75,47.75,49.31,16582
2009-12-04,49.25,50.38,48.35,48.59,102057
2009-12-07,49.25,50.0,48.31,48.56,29501
2009-12-08,49.0,49.98,48.5,48.56,17167
2009-12-09,49.23,49.23,47.85,48.26,15902
2009-12-10,48.5,49.5,47.66,48.26,148699
2009-12-11,49.25,49.75,47.63,47.93,49782
2009-12-14,48.74,48.74,47.5,47.53,19238
2009-12-15,47.66,48.25,46.31,46.61,84414
2009-12-16,46.75,47.5,45.75,46.85,24146
2009-12-17,47.13,47.5,46.35,46.93,17328
2009-12-18,46.86,47.78,46.5,47.48,80408
2009-12-21,47.0,47.63,46.76,47.23,48560
2009-12-22,46.75,47.73,46.75,46.99,18363
2009-12-23,47.25,47.99,47.0,47.11,30410
2009-12-24,47.49,48.06,47.03,47.2,44123
2009-12-29,47.49,48.18,47.05,47.43,31130
2009-12-30,47.5,47.75,47.28,47.5,49302
2009-12-31,47.5,49.5,47.5,48.8,150907
2010-01-04,49.19,49.75,48.31,48.44,70757
2010-01-05,49.45,49.5,48.4,48.83,62983
2010-01-06,48.5,57.18,48.0,55.09,1128949
2010-01-07,56.18,57.1,52.15,52.59,1051353
2010-01-08,53.08,53.25,51.75,51.98,196699
2010-01-11,52.63,53.5,51.63,52.11,146758
2010-01-12,52.6,53.0,50.75,51.1,184111
2010-01-13,50.14,51.75,50.14,50.84,119312
2010-01-14,51.48,52.5,51.25,51.74,105146
2010-01-15,52.0,52.75,51.76,52.04,69816
2010-01-18,53.0,53.25,51.75,52.45,141211
2010-01-19,52.08,52.98,50.93,51.21,223536
2010-01-20,51.75,53.48,51.75,51.86,195061
2010-01-21,52.0,52.63,51.25,51.49,132541
2010-01-22,51.06,51.98,49.56,51.54,112636
2010-01-25,51.75,52.98,51.26,51.84,104961
2010-01-27,51.5,51.94,50.0,50.13,146256
2010-01-28,50.05,52.0,48.85,50.29,223479
2010-01-29,51.23,51.25,47.88,48.83,345748
2010-02-01,49.18,49.75,48.18,48.46,153080
2010-02-02,48.75,49.35,47.15,47.31,140826
2010-02-03,47.85,48.99,47.25,47.45,249581
2010-02-04,47.78,48.25,47.0,48.04,98011
2010-02-05,47.03,47.75,46.55,47.54,66214
2010-02-06,47.75,49.25,47.28,48.31,11558
2010-02-08,48.34,48.69,47.06,47.41,61076
2010-02-09,48.25,48.88,46.75,46.88,62446
2010-02-10,47.44,47.5,46.95,47.05,40075
2010-02-11,47.5,47.98,46.78,47.06,66589
2010-02-15,47.48,48.5,47.35,47.76,58274
2010-02-16,48.13,48.38,47.63,48.15,49693
2010-02-17,48.7,49.48,48.25,48.76,64041
2010-02-18,49.0,50.98,48.53,49.03,113996
2010-02-19,49.49,52.2,49.04,51.28,1048648
2010-02-22,52.28,52.7,49.4,50.04,233715
2010-02-23,49.95,51.0,49.28,49.65,72324
2010-02-24,49.5,50.1,48.8,49.01,40411
2010-02-25,49.25,49.95,48.75,49.06,28668
2010-02-26,48.85,50.0,48.78,49.29,30986
2010-03-02,49.75,51.25,49.75,51.1,73783
2010-03-03,51.26,51.71,50.81,51.08,74358
2010-03-04,51.75,51.75,50.73,50.99,68765
2010-03-05,52.1,55.16,52.0,54.11,541095
2010-03-08,55.0,56.25,54.41,54.86,317321
2010-03-09,55.11,56.5,54.65,56.06,305578
2010-03-10,56.64,57.48,56.0,57.19,241293
2010-03-11,57.53,59.88,57.33,59.06,596267
2010-03-12,59.44,61.25,58.76,60.24,519280
2010-03-15,60.0,60.0,53.15,57.05,531207
2010-03-16,57.55,58.2,56.53,57.0,148939
2010-03-17,57.7,57.75,57.0,57.5,703036
2010-03-18,57.98,58.0,56.53,57.65,462796
2010-03-19,57.93,59.0,57.0,57.53,149406
2010-03-22,57.48,60.0,53.6,57.93,1352120
2010-03-23,58.08,59.5,56.5,56.93,147025
2010-03-25,57.25,58.38,55.5,57.1,235165
2010-03-26,56.75,57.68,55.05,57.0,253549
2010-03-29,57.05,57.45,55.75,56.28,167279
2010-03-30,56.5,57.43,56.08,57.15,113644
2010-03-31,57.48,58.95,56.38,57.6,127139
2010-04-01,57.9,58.13,56.75,57.75,165771
2010-04-05,58.5,59.0,57.5,58.75,145809
2010-04-06,58.98,58.98,57.5,57.68,197375
2010-04-07,57.68,58.5,56.15,56.63,145345
2010-04-08,57.3,57.53,55.5,55.9,639328
2010-04-09,56.93,57.15,54.75,55.5,224542
2010-04-12,55.65,56.0,53.8,54.35,199767
2010-04-13,55.23,55.25,54.25,54.68,312758
2010-04-15,55.4,57.45,54.5,57.13,317181
2010-04-16,57.0,57.0,56.0,56.05,96218
2010-04-19,56.0,57.25,54.68,56.45,113567
2010-04-20,56.98,57.45,56.35,57.0,86719
2010-04-21,57.3,58.28,56.5,58.08,129749
2010-04-22,58.45,58.75,57.48,58.5,79321
2010-04-23,58.5,59.18,57.75,59.03,71583
2010-04-26,59.13,59.75,58.53,59.18,98461
2010-04-27,58.98,60.25,58.15,59.73,119026
2010-04-28,59.5,59.73,57.75,58.88,139147
2010-04-29,59.5,59.5,58.6,59.13,33790
2010-04-30,59.48,59.75,58.5,59.0,49426
2010-05-03,59.38,59.7,58.08,59.1,44802
2010-05-04,59.5,60.0,57.55,58.23,58574
2010-05-05,56.5,58.45,55.5,58.18,64236
2010-05-06,58.25,58.5,57.5,57.98,23643
2010-05-07,57.53,57.85,56.58,57.7,56720
2010-05-10,57.58,59.4,57.5,58.5,72485
2010-05-11,57.55,58.98,57.35,58.13,63818
2010-05-12,58.48,58.73,56.9,58.05,48807
2010-05-13,58.5,58.98,57.9,58.53,45885
2010-05-14,58.25,58.88,57.95,58.53,38560
2010-05-17,58.85,58.85,57.15,58.3,40894
2010-05-18,52.85,58.95,52.85,58.55,26182
2010-05-19,58.5,64.7,58.25,59.78,488286
2010-05-20,59.25,59.5,57.4,58.0,169580
2010-05-21,57.53,57.53,56.25,56.95,68232
2010-05-24,57.48,58.13,57.05,57.48,52832
2010-05-25,57.48,57.95,54.15,55.1,107271
2010-05-26,55.98,56.75,55.98,56.28,571113
2010-05-27,57.03,57.5,56.13,56.38,47420
2010-05-28,56.95,57.43,56.03,56.33,32165
2010-05-31,56.25,56.75,55.58,55.88,33526
2010-06-01,55.88,56.48,53.8,54.9,48007
2010-06-02,55.0,56.63,55.0,56.23,131702
2010-06-03,56.95,56.95,55.68,55.98,137390
2010-06-04,55.68,56.95,55.68,56.4,43961
2010-06-07,56.3,56.3,54.88,55.93,62402
2010-06-08,55.43,56.78,55.43,55.88,37641
2010-06-09,55.55,56.0,54.85,55.3,377173
2010-06-10,55.5,56.95,55.13,56.73,40260
2010-06-11,57.73,57.83,55.83,56.48,49764
2010-06-14,56.28,56.98,55.68,56.35,55800
2010-06-15,56.63,58.25,56.15,57.7,74679
2010-06-16,58.38,58.38,56.53,56.9,60214
2010-06-17,57.2,59.0,56.55,56.93,283310
2010-06-18,57.28,57.7,56.38,56.8,42857
2010-06-21,57.0,57.35,55.75,56.45,59589
2010-06-22,56.25,59.43,56.1,56.3,41908
2010-06-23,56.5,58.55,56.5,58.13,88257
2010-06-24,57.78,61.95,57.78,59.6,286502
2010-06-25,59.55,63.2,59.13,61.58,482239
2010-06-28,62.5,64.65,62.25,64.1,362514
2010-06-29,64.45,66.65,63.3,64.93,423211
2010-06-30,64.2,65.93,63.13,65.38,158672
2010-07-01,65.48,66.55,64.73,65.15,166241
2010-07-02,65.25,65.85,63.75,64.03,110902
2010-07-05,64.55,65.0,62.75,63.08,119318
2010-07-06,63.48,63.9,62.5,62.5,89746
2010-07-07,63.25,63.55,62.5,62.9,47156
2010-07-08,64.25,64.85,62.28,63.23,83155
2010-07-09,62.25,64.9,62.25,64.58,53757
2010-07-12,64.8,65.5,63.25,63.98,66191
2010-07-13,63.53,64.73,63.53,64.08,42375
2010-07-14,64.5,65.75,63.8,64.08,75169
2010-07-15,64.0,64.43,62.78,63.33,50800
2010-07-16,63.98,64.9,63.5,64.73,48228
2010-07-19,64.6,66.15,62.75,63.45,444297
2010-07-20,63.45,65.33,63.45,64.33,125735
2010-07-21,66.0,66.0,63.15,64.0,97374
2010-07-22,64.5,68.8,64.5,67.28,1061542
2010-07-23,67.85,68.7,67.4,67.68,300946
2010-07-26,68.0,69.4,66.25,66.95,109650
2010-07-27,66.55,67.5,66.05,67.08,49434
2010-07-28,67.48,67.85,66.5,67.58,53566
2010-07-29,67.0,68.25,66.18,67.95,48984
2010-07-30,68.25,68.95,67.7,68.0,54186
2010-08-02,68.33,68.9,67.1,67.48,37459
2010-08-03,67.0,70.0,67.0,69.25,1435926
2010-08-04,69.88,71.88,69.5,71.43,347591
2010-08-05,71.75,73.95,71.55,72.63,290465
2010-08-06,72.98,75.6,72.53,74.28,482776
2010-08-09,75.0,75.73,72.15,72.65,334361
2010-08-10,73.35,74.5,71.55,72.08,223668
2010-08-11,72.25,72.73,70.53,71.68,45486
2010-08-12,70.43,72.25,70.2,70.88,75153
2010-08-13,71.0,71.65,69.35,69.63,152274
2010-08-16,70.15,70.15,67.75,68.58,212286
2010-08-17,69.58,70.9,67.83,69.6,128391
2010-08-18,69.05,70.38,68.7,69.95,124594
2010-08-19,70.7,70.7,69.0,69.48,150046
2010-08-20,69.0,70.5,68.25,70.15,105024
2010-08-23,70.4,73.3,70.4,71.15,295323
2010-08-24,71.73,71.75,69.7,69.95,94191
2010-08-25,69.75,70.03,68.5,69.13,81089
2010-08-26,69.7,70.0,68.93,69.6,60885
2010-08-27,69.9,70.25,68.0,69.08,68473
2010-08-30,67.1,71.25,67.1,70.6,132483
2010-08-31,71.33,72.83,69.75,72.25,173534
2010-09-01,72.78,74.0,72.5,73.45,197511
2010-09-02,73.78,73.78,72.08,72.6,158482
2010-09-03,72.85,74.15,72.35,72.58,48124
2010-09-06,73.05,74.25,72.15,72.55,70767
2010-09-07,72.63,73.5,71.53,72.6,88240
2010-09-08,72.25,73.4,71.75,72.68,41367
2010-09-09,72.7,74.2,72.05,72.55,56168
2010-09-13,72.75,73.85,72.48,72.78,39083
2010-09-14,72.03,73.5,72.03,73.05,56866
2010-09-15,72.53,74.95,72.53,73.03,79045
2010-09-16,73.7,73.73,71.78,72.23,45511
2010-09-17,72.73,73.0,72.03,72.38,54741
2010-09-20,72.98,73.75,72.08,73.43,258018
2010-09-21,73.73,73.98,72.25,72.48,112849
2010-09-22,72.75,73.25,71.65,72.25,52451
2010-09-23,72.25,73.13,70.75,72.18,74531
2010-09-24,72.9,79.0,72.13,77.28,536148
2010-09-27,78.5,79.88,77.25,78.2,221277
2010-09-28,78.75,78.75,76.5,77.88,97243
2010-09-29,78.4,79.68,77.15,77.5,100293
2010-09-30,77.5,78.63,76.0,76.93,88652
2010-10-01,77.5,79.0,77.0,77.15,52264
2010-10-04,78.0,79.0,76.93,77.98,84823
2010-10-05,78.0,78.78,77.3,77.68,29842
2010-10-06,78.0,78.73,74.5,76.03,115503
2010-10-07,76.8,77.75,76.05,76.6,81447
2010-10-08,76.0,77.75,76.0,76.75,92424
2010-10-11,77.5,78.0,75.0,75.45,41503
2010-10-12,76.25,76.3,74.0,74.55,34984
2010-10-13,75.05,76.23,73.03,73.63,218678
2010-10-14,74.9,75.5,73.63,74.78,1836571
2010-10-15,75.0,75.0,72.45,73.0,127149
2010-10-18,74.0,76.2,72.88,73.38,131402
2010-10-19,74.1,75.98,73.78,75.05,209414
2010-10-20,76.0,76.0,74.75,75.03,77558
2010-10-21,75.0,75.0,72.88,73.33,378342
2010-10-22,74.5,75.5,72.5,72.8,101872
2010-10-25,73.13,73.7,72.38,73.1,94390
2010-10-26,73.6,73.63,71.13,71.4,67493
2010-10-27,73.95,73.95,62.85,70.9,59579
2010-10-28,77.15,77.15,70.13,71.1,40707
2010-10-29,70.5,73.25,70.5,72.78,73798
2010-11-01,72.83,73.5,71.5,72.48,278509
2010-11-02,72.28,74.25,71.68,73.9,63222
2010-11-03,74.05,74.95,73.8,74.05,55629
2010-11-04,73.5,74.93,73.5,74.65,65638
2010-11-05,75.5,75.5,74.0,74.48,6998
2010-11-08,74.0,74.65,72.55,74.33,17124
2010-11-09,74.5,74.75,73.1,74.45,39659
2010-11-10,73.5,74.9,73.5,73.78,19011
2010-11-11,73.75,74.68,73.05,73.35,18382
2010-11-12,73.98,74.65,70.33,74.15,266854
2010-11-15,74.0,74.5,73.0,74.43,58173
2010-11-16,74.05,74.5,71.55,72.53,26137
2010-11-18,72.98,73.0,70.33,71.95,49611
2010-11-19,71.7,72.43,70.0,70.5,18674
2010-11-22,70.83,71.68,69.58,70.0,37440
2010-11-23,69.98,70.5,69.0,69.8,256366
2010-11-24,70.3,71.35,69.53,70.03,16791
2010-11-25,70.95,71.0,69.5,70.0,16875
2010-11-26,70.88,72.0,68.68,71.43,93249
2010-11-29,71.98,72.0,69.75,71.1,35110
2010-11-30,71.45,77.2,70.5,75.05,139994
2010-12-01,75.0,75.63,73.75,75.03,61543
2010-12-02,74.9,75.95,74.53,75.4,28331
2010-12-03,75.0,76.83,75.0,76.23,48344
2010-12-06,76.6,78.25,76.0,77.35,141878
2010-12-07,78.0,79.5,76.35,77.68,121783
2010-12-08,76.53,78.38,76.0,76.83,91778
2010-12-09,77.25,77.25,70.65,72.1,54166
2010-12-10,72.0,75.5,70.5,74.23,50518
2010-12-13,74.03,75.98,73.23,75.53,24759
2010-12-14,76.25,76.45,74.58,75.18,23316
2010-12-15,75.9,75.9,72.5,74.68,16987
2010-12-16,75.0,75.0,72.8,73.33,26918
2010-12-20,73.6,75.5,72.8,73.73,179810
2010-12-21,73.5,74.48,72.85,73.7,30230
2010-12-22,74.93,75.2,73.08,73.18,32302
2010-12-23,74.2,74.2,72.5,72.65,17870
2010-12-24,72.03,72.95,70.0,72.28,33281
2010-12-27,72.5,73.0,71.0,71.23,31173
2010-12-28,72.0,72.45,70.8,71.4,17198
2010-12-29,71.93,72.45,71.43,71.7,7436
2010-12-30,72.25,72.85,71.5,71.8,16339
2010-12-31,72.4,78.0,71.53,76.08,148756
2011-01-03,77.38,77.38,75.58,76.15,34098
2011-01-04,76.75,76.98,73.75,74.68,168182
2011-01-05,75.93,76.0,73.1,74.08,15225
2011-01-06,74.95,74.95,73.6,74.58,13925
2011-01-07,74.85,74.85,73.0,73.33,22329
2011-01-10,73.98,74.98,72.25,72.45,55921
2011-01-11,74.0,74.0,70.0,70.6,61788
2011-01-12,70.53,72.68,70.5,72.45,17086
2011-01-13,72.0,73.45,71.03,71.9,15756
2011-01-14,71.53,72.0,70.0,70.4,16265
2011-01-17,70.43,72.25,70.0,71.68,27161
2011-01-18,72.0,72.68,71.13,71.55,16630
2011-01-19,72.25,72.9,71.75,72.13,21776
2011-01-20,71.55,72.35,71.43,71.63,21902
2011-01-21,72.38,72.38,71.05,71.75,5979
2011-01-24,71.03,73.0,70.0,70.53,17230
2011-01-25,71.63,71.98,70.55,71.63,13219
2011-01-27,71.63,72.5,70.13,70.58,9520
2011-01-28,70.58,71.0,68.18,68.98,24987
2011-01-31,68.5,69.45,67.0,67.6,36429
2011-02-01,68.28,69.85,67.0,67.5,16206
2011-02-02,68.53,69.63,67.28,67.63,12446
2011-02-03,67.13,69.5,64.0,64.88,56820
2011-02-04,66.48,66.85,62.75,63.13,43359
2011-02-07,64.95,64.98,62.55,62.98,16210
2011-02-08,63.38,64.4,62.5,63.05,29424
2011-02-09,64.0,67.0,62.5,63.15,1249526
2011-02-10,64.0,64.0,61.4,63.58,25961
2011-02-11,63.0,66.0,62.13,65.45,40241
2011-02-14,68.38,69.48,65.55,68.35,27329
2011-02-15,69.0,71.4,67.2,70.93,24933
2011-02-16,71.45,76.4,68.3,74.2,369733
2011-02-17,74.18,74.35,71.6,72.95,49117
2011-02-18,73.88,73.9,70.75,71.48,25590
2011-02-21,72.0,73.65,70.5,72.45,18277
2011-02-22,72.0,73.8,70.5,71.03,38470
2011-02-23,71.85,72.0,69.1,70.0,11161
2011-02-24,69.65,70.7,68.05,68.73,94014
2011-02-25,69.9,70.4,68.08,68.85,16379
2011-02-28,69.53,70.9,67.65,68.7,24090
2011-03-01,68.28,69.88,68.25,69.08,19295
2011-03-03,69.4,70.0,68.5,69.33,9357
2011-03-04,69.98,70.83,68.78,69.15,14114
2011-03-07,68.75,68.95,67.75,68.05,18518
2011-03-08,69.08,69.08,68.15,68.53,8196
2011-03-09,68.25,68.98,68.0,68.7,31494
2011-03-10,68.5,70.68,66.63,69.78,49553
2011-03-11,69.78,69.78,67.0,68.15,249127
2011-03-14,67.5,68.75,67.23,67.45,17080
2011-03-15,67.0,67.5,66.03,66.95,19200
2011-03-16,68.5,68.5,67.5,68.28,13553
2011-03-17,68.88,68.9,68.0,68.65,9392
2011-03-18,69.75,69.75,68.15,68.53,16803
2011-03-21,68.5,69.25,68.38,68.53,34853
2011-03-22,68.55,69.75,68.28,69.38,22541
2011-03-23,68.58,71.0,68.5,69.73,33042
2011-03-24,70.05,71.0,68.95,70.1,136997
2011-03-25,70.0,70.85,68.55,69.38,35637
2011-03-28,69.98,70.23,69.05,69.98,48742
2011-03-29,69.35,71.0,69.35,70.25,60499
2011-03-30,70.0,77.38,69.55,73.18,106118
2011-03-31,77.5,78.68,71.6,74.83,164047
2011-04-01,77.8,77.8,72.78,74.33,29922
2011-04-04,74.38,74.85,73.13,73.5,43422
2011-04-05,74.45,74.45,72.8,73.13,16448
2011-04-06,73.5,74.35,72.8,73.0,23793
2011-04-07,74.25,74.75,73.18,73.5,71091
2011-04-08,74.25,74.25,72.53,73.1,135682
2011-04-11,73.5,74.0,72.53,73.05,28322
2011-04-13,73.0,73.45,72.55,73.15,28752
2011-04-15,73.35,76.0,73.1,74.9,62468
2011-04-18,77.5,78.2,75.25,75.8,196568
2011-04-19,75.0,75.5,74.2,74.85,25039
2011-04-20,75.45,77.0,74.55,75.38,599630
2011-04-21,75.9,78.5,75.6,77.78,274231
2011-04-25,78.0,81.5,77.7,80.33,437620
2011-04-26,80.9,82.25,80.63,81.55,265243
2011-04-27,82.25,82.4,80.05,80.8,392292
2011-04-28,81.0,81.0,78.63,78.88,33673
2011-04-29,79.4,79.5,77.5,78.73,30724
2011-05-02,79.5,79.5,75.63,77.1,63578
2011-05-03,78.2,79.45,76.9,77.13,72122
2011-05-04,77.0,78.0,76.6,77.35,20464
2011-05-05,77.03,77.7,76.55,76.8,23016
2011-05-06,76.8,77.2,75.8,76.15,60001
2011-05-09,75.6,77.68,75.6,75.75,72773
2011-05-10,76.0,76.93,75.55,75.65,26542
2011-05-11,75.55,76.03,75.0,75.53,12612
2011-05-12,75.1,77.48,74.75,76.73,135264
2011-05-13,77.1,78.25,76.1,77.7,45833
2011-05-16,77.03,79.5,77.03,78.25,34159
2011-05-17,78.78,79.95,75.9,78.88,47695
2011-05-18,79.75,80.9,77.05,77.8,94724
2011-05-19,77.8,78.3,76.13,76.5,56764
2011-05-20,76.08,76.5,73.65,76.18,99974
2011-05-23,76.0,77.25,75.05,75.53,34318
2011-05-24,76.95,77.48,75.53,76.78,177286
2011-05-25,76.7,77.5,74.5,75.2,543106
2011-05-26,75.7,76.0,74.25,75.13,326885
2011-05-27,75.88,75.95,73.28,74.35,62227
2011-05-30,74.5,76.25,73.78,75.55,99746
2011-05-31,76.0,76.1,73.9,75.35,726907
2011-06-01,75.85,77.68,74.43,77.23,88881
2011-06-02,77.48,80.2,76.25,79.7,341430
2011-06-03,80.43,80.75,77.65,78.25,167807
2011-06-06,78.05,82.7,78.05,81.85,201674
2011-06-07,82.5,87.4,81.03,82.2,769383
2011-06-08,81.63,82.85,81.13,81.58,102964
2011-06-09,81.5,82.13,80.28,80.58,72570
2011-06-10,81.9,81.9,79.0,79.58,60106
2011-06-13,78.55,79.75,77.6,78.58,54531
2011-06-14,78.5,81.2,78.38,80.25,123098
2011-06-15,80.5,81.5,79.0,80.38,63195
2011-06-16,81.93,81.93,78.8,79.53,80835
2011-06-17,80.0,80.98,76.13,78.58,52318
2011-06-20,76.5,82.45,76.5,78.5,142100
2011-06-21,78.8,80.88,78.58,79.68,128993
2011-06-22,82.0,82.0,78.0,78.48,139569
2011-06-23,78.25,81.5,78.25,79.35,151952
2011-06-24,80.0,81.35,79.4,80.95,66861
2011-06-27,80.0,83.15,80.0,81.68,175102
2011-06-28,82.0,82.53,81.5,81.83,105893
2011-06-29,82.25,83.0,81.2,82.68,148483
2011-06-30,83.48,84.25,82.33,82.7,206159
2011-07-01,84.4,86.2,83.0,84.88,219930
2011-07-04,85.28,85.9,83.6,83.95,62813
2011-07-05,83.98,86.0,83.38,85.38,182323
2011-07-06,85.63,85.98,84.68,85.23,98404
2011-07-07,85.5,86.13,84.45,85.73,139015
2011-07-08,86.0,86.03,84.6,85.33,100598
2011-07-11,85.0,86.13,84.55,85.13,243086
2011-07-12,85.2,85.25,83.0,83.83,80559
2011-07-13,83.95,87.0,83.53,85.7,214839
2011-07-14,85.85,88.18,84.08,85.08,323296
2011-07-15,86.0,86.68,84.5,85.0,650385
2011-07-18,85.5,88.95,85.0,88.05,618799
2011-07-19,88.63,91.7,88.2,89.93,892404
2011-07-20,90.5,91.1,89.03,90.28,313108
2011-07-21,90.0,90.48,86.75,87.4,65788
2011-07-22,88.1,89.0,87.23,87.98,52061
2011-07-25,88.0,89.45,86.63,88.8,45568
2011-07-26,89.85,90.98,79.63,86.08,1018002
2011-07-27,86.0,88.75,85.98,87.58,124447
2011-07-28,87.58,90.5,85.5,88.0,158530
2011-07-29,89.0,89.0,85.4,85.88,85926
2011-08-01,86.18,87.5,84.95,85.18,50454
2011-08-02,85.0,87.0,83.05,86.25,82960
2011-08-03,85.1,87.4,84.75,85.1,61755
2011-08-04,85.53,87.35,85.53,86.38,42546
2011-08-05,82.55,86.5,82.55,85.98,107797
2011-08-08,83.13,86.13,83.08,85.0,1116341
2011-08-09,83.4,84.05,82.5,83.0,333087
2011-08-10,85.45,86.0,83.75,84.75,110149
2011-08-11,84.5,85.48,83.7,84.4,749629
2011-08-12,85.4,85.4,83.2,84.48,90019
2011-08-16,84.15,85.7,83.53,84.93,49222
2011-08-17,84.28,85.2,83.58,84.08,64568
2011-08-18,83.05,84.75,80.75,81.35,60257
2011-08-19,81.0,81.75,78.5,80.4,123999
2011-08-22,79.6,81.5,79.0,81.0,68914
2011-08-23,81.95,81.95,79.5,80.08,55202
2011-08-24,80.75,82.2,78.63,79.43,86933
2011-08-25,79.43,80.4,79.38,79.63,17797
2011-08-26,80.98,80.98,77.55,78.13,50487
2011-08-29,79.4,80.28,78.05,79.45,406661
2011-08-30,79.95,81.98,79.63,81.7,362010
2011-09-02,82.7,84.5,81.78,83.23,144555
2011-09-05,82.5,84.4,82.33,83.95,81139
2011-09-06,83.98,87.2,83.08,86.3,144937
2011-09-07,86.0,86.0,84.75,85.55,304772
2011-09-08,85.95,86.03,83.2,83.5,44013
2011-09-09,83.5,84.2,82.75,83.18,19750
2011-09-12,83.08,83.08,81.05,82.33,47530
2011-09-13,82.95,82.95,81.08,81.35,40000
2011-09-14,82.1,82.9,81.13,82.5,71780
2011-09-15,82.95,83.5,82.5,83.03,38518
2011-09-16,83.03,83.5,82.0,82.78,40735
2011-09-19,82.5,83.5,81.55,82.7,57430
2011-09-20,82.78,82.95,81.03,82.48,23920
2011-09-21,82.05,83.95,81.63,83.25,133190
2011-09-22,82.5,83.95,80.0,83.45,74391
2011-09-23,83.0,83.95,82.0,82.95,27593
2011-09-26,82.13,83.48,81.5,82.68,216813
2011-09-27,82.68,84.45,81.9,82.83,146717
2011-09-28,83.35,84.45,81.88,82.85,66182
2011-09-29,82.55,85.55,82.25,84.43,37792
2011-09-30,83.5,84.48,81.5,82.03,72719
2011-10-03,82.48,82.48,81.1,81.4,30792
2011-10-04,77.5,82.48,77.5,80.33,44403
2011-10-05,79.05,82.5,79.05,81.88,21394
2011-10-07,82.68,83.33,82.0,82.68,20991
2011-10-10,82.68,83.15,81.75,82.35,9214
2011-10-11,82.5,82.98,80.85,81.3,28247
2011-10-12,81.3,81.8,80.65,80.98,500984
2011-10-13,81.58,82.25,80.58,80.73,23264
2011-10-14,80.0,81.98,78.18,80.83,17935
2011-10-17,80.55,82.0,80.5,80.78,18502
2011-10-18,80.15,81.0,79.5,79.8,121805
2011-10-19,80.25,81.13,79.25,80.33,31561
2011-10-20,79.5,80.28,79.18,79.3,27029
2011-10-21,77.55,79.95,77.55,78.75,23944
2011-10-24,80.0,81.0,78.08,78.5,14685
2011-10-25,78.1,79.5,77.2,77.58,19924
2011-10-26,78.9,80.43,78.03,79.93,14941
2011-10-28,81.0,81.98,79.73,80.18,77068
2011-10-31,81.0,81.25,80.03,81.05,38554
2011-11-01,80.7,81.2,80.13,80.63,65605
2011-11-02,79.75,80.95,78.83,79.75,116520
2011-11-03,80.4,81.15,79.95,81.0,209521
2011-11-04,72.5,84.35,72.5,83.9,223213
2011-11-08,83.45,85.38,82.75,84.35,108968
2011-11-09,82.6,84.75,81.15,83.88,96360
2011-11-11,83.45,83.45,81.0,81.25,190062
2011-11-14,81.28,82.5,81.0,81.53,23409
2011-11-15,81.03,82.5,81.03,82.03,46725
2011-11-16,81.95,82.5,79.5,80.95,150109
2011-11-17,80.6,82.45,80.6,81.45,39022
2011-11-18,80.6,81.88,80.0,81.55,25585
2011-11-21,81.5,81.55,79.68,80.83,39510
2011-11-22,80.83,80.98,79.5,80.28,19494
2011-11-23,79.6,80.48,79.03,79.28,29568
2011-11-24,81.15,83.5,76.0,77.38,99978
2011-11-25,77.48,78.98,76.53,77.45,15156
2011-11-28,78.0,78.98,76.8,77.18,30694
2011-11-29,77.05,77.73,76.5,76.75,39213
2011-11-30,76.5,77.4,75.0,77.0,476141
2011-12-01,77.6,79.0,77.05,77.63,273020
2011-12-02,78.0,78.63,76.63,78.43,24693
2011-12-05,78.0,78.78,77.1,77.43,208761
2011-12-07,77.03,77.75,75.1,75.38,45394
2011-12-08,75.95,76.4,74.63,74.93,29243
2011-12-09,74.5,74.98,73.5,74.43,11153
2011-12-12,76.2,76.2,70.33,70.78,45236
2011-12-13,70.78,71.45,69.5,70.03,34743
2011-12-14,70.0,72.75,69.6,72.33,58646
2011-12-15,72.5,74.85,70.1,70.5,274782
2011-12-16,71.95,71.95,69.7,70.43,35677
2011-12-19,70.5,71.0,68.75,69.2,22220
2011-12-20,69.5,69.75,67.6,68.15,20378
2011-12-21,69.0,70.0,68.78,69.65,36949
2011-12-22,69.5,70.45,69.0,69.78,29772
2011-12-23,69.6,71.45,68.65,70.43,33210
2011-12-26,70.25,70.85,69.33,69.5,24687
2011-12-27,70.48,70.48,69.08,69.45,6382
2011-12-28,70.28,70.4,69.5,70.0,28995
2011-12-29,70.25,70.8,69.5,70.05,11244
2011-12-30,69.8,73.25,69.8,72.13,38879
2012-01-02,71.5,71.93,69.75,70.5,36003
2012-01-03,71.5,71.5,70.13,71.13,37207
2012-01-04,71.25,72.1,70.5,71.0,179857
2012-01-05,70.5,71.95,70.5,71.3,7188
2012-01-06,71.0,72.15,70.75,71.55,13289
2012-01-07,71.95,71.95,70.55,71.3,3191
2012-01-09,70.75,72.13,70.1,71.78,9496
2012-01-10,71.53,73.5,71.5,72.23,219083
2012-01-11,73.5,74.0,72.5,72.75,357380
2012-01-12,73.38,74.0,72.53,72.9,7461
2012-01-13,74.75,74.75,71.33,73.38,14046
2012-01-16,73.95,73.95,72.23,72.93,201071
2012-01-17,73.5,74.0,72.68,73.4,27218
2012-01-18,74.4,74.4,72.8,72.98,10930
2012-01-19,72.6,73.6,72.6,73.18,83788
2012-01-20,73.03,74.15,72.08,72.48,55566
2012-01-23,72.5,73.0,71.5,72.58,30965
2012-01-24,72.0,73.9,69.58,70.2,134027
2012-01-25,70.0,71.03,69.75,70.03,249122
2012-01-27,70.0,71.0,67.8,68.43,84835
2012-01-30,68.43,69.53,67.98,68.35,91615
2012-01-31,69.0,69.0,67.25,67.45,137602
2012-02-01,67.95,67.95,66.9,67.1,89771
2012-02-02,67.7,68.2,66.83,67.48,480941
2012-02-03,67.5,69.7,67.5,68.28,238206
2012-02-06,69.25,73.5,68.28,72.63,829715
2012-02-07,73.95,73.95,70.95,71.68,401009
2012-02-08,72.0,73.73,71.0,73.15,852135
2012-02-09,73.95,73.95,72.1,73.23,113020
2012-02-10,73.75,73.75,71.5,71.75,64600
2012-02-13,71.75,72.68,69.5,71.95,178223
2012-02-14,71.5,72.75,70.5,72.2,29641
2012-02-15,71.5,77.35,71.25,74.58,419592
2012-02-16,74.75,76.5,74.28,75.83,83417
2012-02-17,76.88,76.88,73.5,73.9,68432
2012-02-21,74.5,75.88,73.5,74.43,78438
2012-02-22,75.0,76.0,74.0,75.03,722728
2012-02-23,74.5,75.75,74.0,75.1,47721
2012-02-24,75.73,76.73,73.55,75.03,37010
2012-02-27,75.5,76.0,74.53,75.15,79174
2012-02-28,74.98,76.25,74.3,75.58,144994
2012-02-29,75.5,76.58,74.53,76.0,67481
2012-03-01,75.05,76.7,75.05,75.63,27450
2012-03-02,75.85,76.78,75.15,76.55,43282
2012-03-03,77.48,77.48,75.75,76.08,2927
2012-03-05,75.53,77.45,74.8,76.45,189937
2012-03-06,75.5,78.95,75.33,77.15,99876
2012-03-07,77.13,77.5,76.05,77.05,32246
2012-03-09,76.5,79.58,76.0,78.4,91846
2012-03-12,78.5,79.5,78.0,79.15,26274
2012-03-13,79.2,79.75,78.5,79.3,76217
2012-03-14,79.98,79.98,78.38,79.35,26059
2012-03-15,78.5,79.8,78.5,79.55,47107
2012-03-16,79.55,79.98,79.28,79.53,21293
2012-03-19,78.75,79.6,78.5,78.58,46870
2012-03-20,78.0,78.5,77.5,77.8,8894
2012-03-21,79.35,79.35,76.8,77.98,31805
2012-03-22,77.55,79.38,77.55,78.48,49160
2012-03-23,79.73,79.75,77.5,78.88,21458
2012-03-26,78.5,80.5,77.55,79.95,111880
2012-03-27,81.4,82.38,79.5,81.73,74240
2012-03-28,80.5,82.73,80.5,82.5,61379
2012-03-29,82.45,87.2,81.25,85.58,130054
2012-03-30,87.0,89.85,84.0,88.45,418036
2012-04-02,90.0,90.0,85.68,86.28,52247
2012-04-03,86.0,87.2,82.83,83.48,315790
2012-04-04,83.28,84.3,81.93,82.5,197968
2012-04-09,82.5,85.5,82.35,84.68,35776
2012-04-10,84.95,85.48,82.75,84.85,56524
2012-04-11,84.0,86.25,83.23,85.93,1153833
2012-04-12,86.5,87.55,86.25,86.65,34634
2012-04-13,87.3,87.5,85.05,85.6,31511
2012-04-16,85.5,86.88,82.5,85.88,40440
2012-04-17,86.5,87.45,84.75,85.18,40420
2012-04-18,86.0,88.75,85.0,88.25,104992
2012-04-19,89.45,89.45,85.55,87.4,701466
2012-04-20,87.35,88.7,86.05,86.4,68687
2012-04-23,87.73,89.0,86.25,86.73,65835
2012-04-24,87.8,87.8,85.78,86.28,39270
2012-04-25,87.45,87.5,86.13,86.28,28597
2012-04-26,86.23,87.35,86.0,86.55,40590
2012-04-27,86.25,87.4,86.0,86.25,30030
2012-04-28,86.2,87.0,86.05,86.38,563
2012-04-30,86.38,93.0,85.7,91.0,162889
2012-05-02,90.0,93.73,89.28,90.05,177187
2012-05-03,89.03,90.85,86.6,87.03,44915
2012-05-04,87.03,87.4,85.85,86.88,40348
2012-05-07,86.0,88.4,84.63,87.9,179621
2012-05-08,88.0,88.08,86.5,86.7,48991
2012-05-09,86.0,89.93,85.88,88.55,86386
2012-05-10,89.0,91.0,86.1,86.45,84263
2012-05-11,89.0,90.5,86.13,88.63,214528
2012-05-14,89.0,90.38,87.8,89.85,207682
2012-05-15,87.75,90.0,87.75,89.83,119101
2012-05-16,88.03,89.8,87.5,87.75,1409148
2012-05-17,87.4,89.0,86.55,87.1,605566
2012-05-18,86.53,88.0,85.8,87.18,74815
2012-05-21,87.75,89.1,84.2,85.15,80197
2012-05-22,85.5,86.93,84.58,84.95,226683
2012-05-23,84.58,85.45,82.75,85.0,80409
2012-05-24,85.1,86.68,83.28,84.05,29603
2012-05-25,84.65,86.03,84.28,85.05,62236
2012-05-28,84.75,85.98,82.2,82.58,52403
2012-05-29,82.25,82.9,81.35,82.15,47847
2012-05-30,83.73,83.73,81.0,81.28,14282
2012-05-31,81.78,85.88,79.3,83.1,205462
2012-06-01,83.78,85.05,82.6,83.63,32663
2012-06-04,83.25,84.75,81.63,83.5,73074
2012-06-05,83.98,84.25,81.88,82.55,223056
2012-06-06,85.0,85.0,82.55,84.5,351616
2012-06-07,84.5,89.0,84.5,87.1,548637
2012-06-08,87.0,90.0,86.5,87.2,723915
2012-06-11,87.0,87.9,84.0,84.5,47894
2012-06-12,85.13,86.38,83.8,84.2,35289
2012-06-13,84.28,85.73,81.78,82.6,76529
2012-06-14,82.28,83.45,80.85,81.18,44941
2012-06-15,81.18,82.5,80.63,81.15,216441
2012-06-18,82.0,82.6,80.53,81.53,18750
2012-06-19,81.18,81.75,79.55,79.98,63131
2012-06-20,79.0,81.5,79.0,80.43,89692
2012-06-21,80.5,81.9,80.13,81.63,145021
2012-06-22,81.0,81.9,80.78,81.58,39918
2012-06-25,82.25,82.45,80.6,81.05,28026
2012-06-26,81.35,83.45,80.9,82.58,390627
2012-06-27,82.35,83.9,82.35,83.1,40915
2012-06-28,83.38,83.7,82.25,82.5,91151
2012-06-29,83.45,83.65,82.38,82.93,20823
2012-07-02,86.0,86.0,83.0,83.3,18360
2012-07-03,84.0,84.0,82.13,82.78,19939
2012-07-04,83.45,84.23,82.78,83.38,321310
2012-07-05,83.85,88.25,83.35,85.55,521259
2012-07-06,85.58,86.48,84.3,84.75,118165
2012-07-09,85.48,85.5,83.13,83.53,19256
2012-07-10,84.45,84.5,81.0,81.8,209172
2012-07-11,83.28,83.28,80.13,80.33,261320
2012-07-12,80.38,81.95,80.2,81.15,34905
2012-07-13,81.03,82.28,80.75,81.25,36072
2012-07-16,81.25,81.95,80.0,80.88,24762
2012-07-17,81.73,81.73,80.63,81.3,26451
2012-07-18,81.2,82.0,79.88,80.63,34982
2012-07-19,81.5,82.15,76.78,81.08,611846
2012-07-20,80.8,81.4,80.08,80.33,29733
2012-07-23,79.1,80.5,79.0,79.48,31308
2012-07-24,80.5,83.5,78.2,81.68,920895
2012-07-25,82.75,86.45,82.13,82.48,278940
2012-07-26,83.35,83.35,81.05,82.13,67729
2012-07-27,82.53,84.05,82.13,83.25,67293
2012-07-30,84.5,85.0,83.4,84.53,72397
2012-07-31,84.33,85.0,83.23,83.6,47424
2012-08-01,83.75,85.0,83.15,84.25,29266
2012-08-02,84.55,85.85,83.88,85.4,47687
2012-08-03,84.08,86.5,84.08,85.98,50478
2012-08-06,86.55,91.5,85.75,89.7,419127
2012-08-07,89.1,90.48,88.65,90.0,247108
2012-08-08,90.03,93.98,89.0,90.3,228121
2012-08-09,90.53,91.9,89.1,89.43,173153
2012-08-10,88.05,89.4,87.88,88.08,58453
2012-08-13,88.4,91.75,88.4,90.38,208891
2012-08-14,89.53,90.5,88.28,88.8,29577
2012-08-16,89.38,90.8,88.1,90.03,106047
2012-08-17,89.98,92.25,88.0,89.55,75898
2012-08-21,90.0,91.35,89.43,90.0,124930
2012-08-22,90.0,94.0,88.98,92.68,276350
2012-08-23,94.0,96.2,93.25,95.45,652351
2012-08-24,95.33,96.75,93.8,94.85,125741
2012-08-27,94.8,96.88,90.0,95.33,209310
2012-08-28,94.55,95.83,92.4,93.1,46570
2012-08-29,94.3,94.3,92.5,92.88,52294
2012-08-30,94.43,94.43,92.0,93.03,97442
2012-08-31,92.25,97.33,92.25,94.95,345500
2012-09-03,95.2,101.2,94.5,99.75,583820
2012-09-04,100.0,102.73,98.1,99.43,318920
2012-09-05,99.48,100.4,97.05,97.53,220409
2012-09-06,100.0,100.0,97.45,98.6,189140
2012-09-07,99.75,102.0,99.03,99.38,802851
2012-09-08,98.5,101.03,98.5,100.45,22470
2012-09-10,101.95,104.9,98.78,104.38,693000
2012-09-11,103.5,105.2,100.85,101.4,328384
2012-09-12,102.43,103.75,101.55,103.35,627016
2012-09-13,103.85,106.0,103.5,104.13,1197358
2012-09-14,106.45,106.45,100.5,102.9,145540
2012-09-17,104.83,104.83,101.28,103.1,842644
2012-09-18,104.0,104.0,99.5,101.65,159623
2012-09-20,100.65,102.5,99.85,100.88,227364
2012-09-21,100.63,102.7,100.6,102.03,121662
2012-09-24,104.93,104.93,100.75,101.28,559793
2012-09-25,101.93,102.95,101.25,101.83,46159
2012-09-26,103.5,103.5,99.75,102.4,292034
2012-09-27,102.98,104.13,100.58,101.0,197737
2012-09-28,102.0,106.0,101.25,103.08,798763
2012-10-01,103.53,111.95,103.45,105.7,309167
2012-10-03,106.5,109.58,104.75,105.33,197726
2012-10-04,106.68,107.33,103.75,104.0,473581
2012-10-05,105.43,105.73,102.6,103.85,56141
2012-10-08,104.8,104.98,100.95,101.75,723210
2012-10-09,101.75,103.0,99.28,99.7,217709
2012-10-10,100.3,103.1,98.25,98.5,183284
2012-10-11,99.73,100.95,97.53,100.08,195335
2012-10-12,100.63,101.95,100.15,100.5,148529
2012-10-15,100.5,102.1,100.0,100.45,77854
2012-10-16,101.38,101.4,98.5,98.95,77660
2012-10-17,100.48,100.73,97.68,99.73,147355
2012-10-18,99.93,103.35,99.13,101.68,345021
2012-10-19,102.3,102.3,100.05,100.1,75680
2012-10-22,99.9,101.38,99.05,99.45,46306
2012-10-23,100.0,100.7,97.83,98.25,181282
2012-10-25,98.28,99.25,97.5,97.58,857062
2012-10-26,98.3,98.9,96.5,96.95,51931
2012-10-29,97.25,99.93,97.0,98.58,103946
2012-10-30,99.45,99.88,96.0,96.75,95414
2012-10-31,96.95,98.0,94.5,96.15,139561
2012-11-01,96.6,97.5,95.68,96.68,147452
2012-11-02,97.5,97.8,95.13,95.68,87742
2012-11-05,95.53,96.53,94.3,94.73,158556
2012-11-06,95.3,96.25,95.0,95.33,120391
2012-11-07,95.48,101.0,95.05,100.4,906815
2012-11-08,99.43,103.73,98.03,103.23,425159
2012-11-09,102.5,104.75,102.28,103.5,184322
2012-11-12,104.4,105.65,103.5,104.25,112436
2012-11-13,104.85,105.85,103.85,104.45,24870
2012-11-15,104.0,105.08,101.0,102.08,430586
2012-11-16,102.53,103.95,100.55,101.05,64977
2012-11-19,101.18,101.85,99.28,99.78,166677
2012-11-20,101.4,102.03,100.48,101.48,44933
2012-11-21,102.48,102.73,100.48,102.53,33048
2012-11-22,102.5,103.33,100.8,102.8,24432
2012-11-23,102.78,103.0,101.0,101.9,40425
2012-11-26,101.08,103.0,99.53,101.58,61524
2012-11-27,102.98,105.0,102.35,103.7,165537
2012-11-29,104.28,107.45,103.53,106.0,186389
2012-11-30,106.0,108.85,104.05,107.28,135253
2012-12-03,108.03,112.35,107.13,107.65,417867
2012-12-04,108.23,109.2,105.05,105.48,110861
2012-12-05,106.83,106.9,104.03,105.48,121352
2012-12-06,106.03,107.0,104.28,105.18,67673
2012-12-07,106.18,107.25,105.33,105.85,151122
2012-12-10,105.98,109.93,105.18,105.9,126480
2012-12-11,105.93,107.35,105.0,106.4,79781
2012-12-12,105.58,108.63,105.55,106.88,499849
2012-12-13,107.25,107.4,105.25,106.3,197148
2012-12-14,106.73,108.28,106.0,106.25,317274
2012-12-17,106.53,109.0,106.05,107.38,193781
2012-12-18,107.93,108.35,105.13,105.38,92810
2012-12-19,105.53,106.5,104.5,105.25,197288
2012-12-20,105.03,106.75,104.8,105.13,84540
2012-12-21,105.98,105.98,102.53,103.9,54406
2012-12-24,103.08,106.98,103.0,106.2,87536
2012-12-26,106.98,107.95,106.28,107.3,83239
2012-12-27,109.4,109.4,106.93,108.08,79897
2012-12-28,107.03,109.0,107.0,107.45,335436
2012-12-31,108.48,110.75,106.03,109.05,174710
2013-01-01,109.05,114.5,108.55,113.33,305693
2013-01-02,114.88,117.5,113.5,115.45,252282
2013-01-03,116.38,116.4,113.38,113.98,65924
2013-01-04,114.95,117.68,114.1,115.88,120367
2013-01-07,116.0,117.35,113.75,114.15,55613
2013-01-08,114.98,116.5,114.13,114.5,100161
2013-01-09,114.08,119.85,112.5,113.55,460539
2013-01-10,114.85,116.75,114.15,114.63,101045
2013-01-11,115.0,115.65,111.38,111.88,78783
2013-01-14,111.88,112.75,108.33,108.68,225417
2013-01-15,109.23,109.85,107.55,108.75,146056
2013-01-16,109.38,111.23,108.38,108.85,458228
2013-01-17,109.13,110.98,108.98,109.6,173196
2013-01-18,109.95,110.45,108.55,109.13,39663
2013-01-21,109.48,110.0,109.15,109.58,58022
2013-01-22,109.63,110.03,107.68,108.58,44576
2013-01-23,108.85,109.5,106.95,107.28,43285
2013-01-24,107.83,108.0,106.0,106.4,72577
2013-01-25,106.45,107.93,106.03,106.53,63340
2013-01-28,106.08,106.95,105.55,106.63,92232
2013-01-29,106.85,109.25,106.65,108.03,83156
2013-01-30,109.05,117.35,109.05,114.3,1614605
2013-01-31,114.63,116.93,112.55,116.23,844807
2013-02-01,116.8,131.4,116.0,123.28,2777013
2013-02-04,123.43,125.75,120.1,121.15,703435
2013-02-05,120.7,123.45,119.08,120.35,193352
2013-02-06,122.38,122.38,116.33,117.53,248217
2013-02-07,117.53,119.0,116.8,118.08,122994
2013-02-08,117.88,119.35,116.35,118.25,75345
2013-02-11,118.43,120.8,117.5,119.0,165710
2013-02-12,119.0,123.15,118.2,122.08,168703
2013-02-13,121.63,127.45,121.5,125.7,618742
2013-02-14,126.0,129.4,125.98,127.48,395041
2013-02-15,122.5,129.95,122.5,128.58,609644
2013-02-18,130.48,130.48,125.5,126.93,512599
2013-02-19,127.0,128.5,125.33,127.43,70967
2013-02-20,128.15,132.48,127.4,130.45,336302
2013-02-21,129.85,131.73,126.0,126.75,87270
2013-02-22,128.0,128.5,126.0,126.55,121669
2013-02-25,129.75,129.75,122.55,124.75,60507
2013-02-26,126.0,126.0,120.58,122.08,91988
2013-02-27,124.75,125.25,121.75,124.0,54925
2013-02-28,124.63,125.63,119.58,120.6,62317
2013-03-01,120.53,125.5,119.03,124.95,129620
2013-03-04,124.35,124.9,121.08,122.08,57090
2013-03-05,122.3,125.5,122.03,124.93,126730
2013-03-06,124.93,129.0,124.53,127.5,138316
2013-03-07,128.13,130.23,127.53,129.4,122833
2013-03-08,129.5,130.0,125.55,127.85,58678
2013-03-11,127.6,129.85,126.73,127.2,52298
2013-03-12,126.95,129.5,125.2,125.95,159564
2013-03-13,125.0,128.0,125.0,126.03,44594
2013-03-14,126.73,126.9,124.53,125.58,45875
2013-03-15,126.35,127.45,124.1,124.83,59598
2013-03-18,126.95,131.9,123.25,130.55,803997
2013-03-19,132.23,136.95,130.0,132.23,853796
2013-03-20,132.5,134.98,131.75,132.58,198108
2013-03-21,133.03,134.5,130.63,131.68,131110
2013-03-22,130.85,134.0,129.0,132.25,211274
2013-03-25,134.95,134.95,127.63,128.98,77234
2013-03-26,131.0,132.0,126.3,128.3,275514
2013-03-28,128.33,133.0,125.3,131.9,91185
2013-04-01,132.48,134.2,130.3,131.85,83783
2013-04-02,130.5,137.7,130.5,135.38,304282
2013-04-03,135.43,138.45,133.08,134.88,98114
2013-04-04,132.53,134.48,129.25,131.33,70772
2013-04-05,131.0,132.4,128.58,129.78,63878
2013-04-08,130.0,131.8,129.0,129.33,37306
2013-04-09,130.18,130.8,126.3,126.8,50067
2013-04-10,127.35,129.15,125.05,125.83,83396
2013-04-11,126.0,127.45,124.68,125.28,125935
2013-04-12,125.28,125.7,123.5,124.9,68083
2013-04-15,124.5,129.7,124.5,126.03,247106
2013-04-16,126.0,128.65,126.0,126.45,70645
2013-04-17,127.5,128.0,125.0,125.28,117604
2013-04-18,125.28,126.78,123.63,125.3,103736
2013-04-22,125.38,127.5,125.15,125.78,69752
2013-04-23,126.0,127.45,124.6,125.53,111430
2013-04-25,124.65,126.5,124.65,125.78,283598
2013-04-26,125.75,125.9,124.63,125.05,74859
2013-04-29,125.85,125.85,124.7,125.03,59286
2013-04-30,125.05,128.63,124.13,124.6,166949
2013-05-02,125.2,126.15,124.03,125.05,292174
2013-05-03,125.68,125.68,123.5,124.03,83263
2013-05-06,124.5,126.85,123.5,125.93,147648
2013-05-07,126.5,130.38,126.43,129.78,202150
2013-05-08,130.4,134.15,130.4,133.6,357941
2013-05-09,134.38,139.8,134.38,137.68,676211
2013-05-10,138.15,143.0,138.13,142.0,344393
2013-05-11,142.5,144.33,142.5,143.33,25085
2013-05-13,144.0,145.5,140.25,143.18,173047
2013-05-14,144.0,148.43,139.3,143.43,792081
2013-05-15,144.0,148.0,143.65,146.28,472664
2013-05-16,146.0,146.55,142.88,143.28,84354
2013-05-17,143.88,145.5,140.5,141.45,99794
2013-05-20,141.83,144.93,141.73,143.03,198109
2013-05-21,143.03,143.5,139.33,139.98,59653
2013-05-22,140.25,141.53,137.55,138.3,52487
2013-05-23,137.5,138.7,136.15,137.7,75825
2013-05-24,138.13,143.95,138.13,140.95,52088
2013-05-27,141.5,145.0,141.25,144.4,159463
2013-05-28,145.63,148.45,144.58,145.68,226797
2013-05-29,146.98,147.85,145.5,147.35,423269
2013-05-30,146.98,147.35,142.63,143.1,116873
2013-05-31,143.23,143.48,140.6,142.65,84999
2013-06-03,142.65,143.58,141.0,142.55,43527
2013-06-04,142.88,142.88,139.53,141.18,95382
2013-06-05,140.53,141.93,140.0,140.45,61651
2013-06-06,140.25,141.6,140.03,140.35,39523
2013-06-07,140.1,141.28,139.55,140.3,39967
2013-06-10,141.0,141.2,139.93,140.18,44142
2013-06-11,140.0,140.03,137.1,137.68,73478
2013-06-12,137.98,139.18,137.13,138.08,85097
2013-06-13,137.13,137.63,134.58,135.2,72772
2013-06-14,136.45,137.1,135.13,136.3,41592
2013-06-17,136.0,142.55,135.53,140.25,96429
2013-06-18,140.0,142.05,139.13,139.9,43447
2013-06-19,140.0,141.3,136.25,137.45,79214
2013-06-20,136.0,138.7,135.7,136.3,50117
2013-06-21,136.0,137.88,134.25,134.98,45378
2013-06-24,132.05,134.28,130.5,132.23,108562
2013-06-25,132.23,133.98,129.6,132.73,59691
2013-06-26,132.73,136.48,131.63,133.4,75439
2013-06-27,133.43,135.08,131.03,133.2,117319
2013-06-28,133.23,135.7,132.23,133.6,130247
2013-07-01,133.6,134.0,131.75,132.28,108426
2013-07-02,132.85,137.0,132.3,133.38,682569
2013-07-03,133.0,135.75,132.5,134.28,422230
2013-07-04,134.85,135.48,133.55,134.5,38868
2013-07-05,135.95,135.95,132.78,133.5,271893
2013-07-08,132.85,133.5,131.63,132.55,81453
2013-07-09,133.38,133.38,131.5,132.25,157599
2013-07-10,132.85,132.88,131.25,131.95,179005
2013-07-11,132.8,138.7,132.3,136.2,81756
2013-07-12,138.7,142.23,138.15,141.4,168790
2013-07-15,142.3,147.88,142.3,147.13,334461
2013-07-16,145.63,145.85,142.58,144.3,64210
2013-07-17,144.3,148.98,144.3,147.85,148387
2013-07-18,148.15,148.95,144.5,144.93,115465
2013-07-19,145.13,151.43,144.65,146.33,173874
2013-07-22,146.5,147.35,144.7,146.0,53828
2013-07-23,146.2,146.8,144.05,144.88,42694
2013-07-24,144.48,148.5,142.5,147.83,121158
2013-07-25,148.0,149.2,142.63,143.55,66780
2013-07-26,144.25,145.0,138.15,138.93,66719
2013-07-29,138.95,138.95,134.05,135.65,60434
2013-07-30,136.0,137.78,134.73,135.33,39943
2013-07-31,135.0,135.98,132.13,134.15,137602
2013-08-01,134.5,137.35,132.33,134.98,94797
2013-08-02,135.0,139.48,133.73,136.88,179980
2013-08-05,137.38,137.38,134.0,134.4,98313
2013-08-06,134.0,134.03,128.0,128.8,110565
2013-08-07,129.38,129.78,124.5,126.13,248591
2013-08-08,126.5,127.0,124.4,124.93,123902
2013-08-12,125.85,128.0,125.1,125.68,165508
2013-08-13,126.5,127.0,125.58,125.95,196999
2013-08-14,132.0,132.5,126.65,127.15,502275
2013-08-16,126.88,128.23,124.15,124.75,201021
2013-08-19,124.08,124.98,116.1,120.05,249168
2013-08-20,117.25,119.7,116.23,117.58,146236
2013-08-21,118.85,119.95,115.78,117.15,154361
2013-08-22,115.3,116.33,112.7,115.28,357125
2013-08-23,115.28,117.45,110.5,114.08,483517
2013-08-26,113.53,115.5,113.53,114.5,112891
2013-08-27,114.5,114.98,112.5,112.7,255979
2013-08-28,112.0,112.68,109.88,111.95,269545
2013-08-29,112.5,114.75,111.25,111.73,864372
2013-08-30,111.5,114.5,110.13,112.35,405071
2013-09-02,113.0,115.7,113.0,114.83,137201
2013-09-03,115.38,115.85,111.25,112.1,103969
2013-09-04,110.53,113.9,109.7,111.3,283314
2013-09-05,112.03,113.4,112.03,113.0,403221
2013-09-06,113.73,113.75,112.58,113.05,388264
2013-09-10,113.75,120.0,113.0,117.4,791364
2013-09-11,117.0,118.65,115.5,117.9,802153
2013-09-12,119.0,121.45,118.28,119.58,284234
2013-09-13,119.58,121.6,119.1,119.53,67115
2013-09-16,120.13,122.25,116.63,121.6,196064
2013-09-17,120.53,122.25,117.03,119.85,189961
2013-09-18,119.05,122.83,119.05,122.33,86980
2013-09-19,122.65,126.5,122.1,125.25,1355816
2013-09-20,125.03,126.5,122.58,125.5,92049
2013-09-23,124.93,127.45,124.05,124.88,67091
2013-09-24,125.0,130.0,124.93,129.18,278423
2013-09-25,129.55,130.0,127.2,129.03,165210
2013-09-26,129.25,129.93,127.5,127.68,57332
2013-09-27,127.5,129.88,126.0,127.3,86445
2013-09-30,126.0,128.0,123.53,125.5,178353
2013-10-01,127.38,131.0,125.13,129.7,102187
2013-10-03,129.63,133.43,129.63,132.83,209811
2013-10-04,132.5,135.9,131.05,134.0,257460
2013-10-07,133.88,134.85,133.05,133.95,91176
2013-10-08,134.5,134.98,132.6,133.48,71552
2013-10-09,133.3,135.5,132.58,134.05,138742
2013-10-10,134.05,134.5,131.28,132.45,84227
2013-10-11,133.08,134.15,130.7,130.95,63425
2013-10-14,131.0,132.1,129.25,131.68,67032
2013-10-15,130.25,132.28,128.75,129.08,79849
2013-10-17,129.85,129.85,126.28,126.85,67680
2013-10-18,126.08,129.0,126.08,127.2,47637
2013-10-21,127.73,128.48,126.3,126.73,93420
2013-10-22,126.53,134.4,126.53,132.9,286652
2013-10-23,134.3,135.9,133.03,134.88,253750
2013-10-24,135.95,137.5,132.0,132.45,152131
2013-10-25,132.5,135.5,130.48,132.18,93536
2013-10-28,133.0,134.9,131.03,131.53,87044
2013-10-29,131.38,133.23,131.08,132.5,145078
2013-10-30,135.5,141.2,134.58,139.73,806739
2013-10-31,141.4,145.25,139.1,144.3,416458
2013-11-01,143.58,146.0,142.55,144.6,236935
2013-11-03,145.5,148.0,145.5,147.2,51886
2013-11-05,148.0,148.0,140.6,144.35,1716658
2013-11-06,143.5,146.0,141.08,141.68,47332
2013-11-07,141.53,143.88,139.68,140.28,78860
2013-11-08,139.05,142.88,136.73,142.18,108452
2013-11-11,142.5,146.95,140.0,146.1,269904
2013-11-12,146.9,148.48,143.5,146.45,1258109
2013-11-13,144.0,146.98,142.83,143.23,75731
2013-11-14,146.95,148.65,141.6,142.43,525823
2013-11-18,142.55,144.73,142.55,143.75,194309
2013-11-19,144.0,146.28,141.5,141.63,117367
2013-11-20,141.75,143.43,141.7,142.95,218148
2013-11-21,142.03,142.93,137.25,139.75,87625
2013-11-22,139.53,141.5,139.0,140.48,58998
2013-11-25,140.05,142.48,140.03,141.9,65154
2013-11-26,141.68,147.2,141.68,145.93,142241
2013-11-27,147.3,152.4,146.05,149.58,558884
2013-11-28,149.68,151.5,146.08,147.13,84271
2013-11-29,147.5,151.9,147.5,150.45,168874
2013-12-02,150.88,154.95,150.48,154.1,361499
2013-12-03,155.43,157.35,153.0,153.68,200198
2013-12-04,153.35,153.35,148.75,149.48,101095
2013-12-05,150.25,152.38,146.03,147.68,138533
2013-12-06,147.0,148.35,145.6,145.95,69993
2013-12-09,147.55,149.5,143.6,145.45,151934
2013-12-10,145.45,148.35,143.53,144.18,111317
2013-12-11,144.0,146.93,143.5,145.18,103602
2013-12-12,145.53,149.9,145.53,147.3,343030
2013-12-13,146.25,148.0,143.75,144.25,59918
2013-12-16,143.5,145.88,141.65,142.45,56782
2013-12-17,143.98,147.45,143.35,146.65,1256939
2013-12-18,147.25,150.68,144.43,145.08,250807
2013-12-19,145.08,147.2,143.93,144.58,104462
2013-12-20,144.48,145.0,142.05,144.53,131036
2013-12-23,143.0,146.95,143.0,144.63,147915
2013-12-24,145.5,146.25,143.13,143.8,72626
2013-12-26,144.0,148.45,144.0,145.8,194401
2013-12-27,146.05,147.0,144.05,144.58,112111
2013-12-30,146.4,146.4,142.5,143.6,76283
2013-12-31,144.0,145.9,141.63,142.88,119478
2014-01-01,143.15,144.25,142.83,143.1,69630
2014-01-02,143.83,144.85,142.08,142.48,64764
2014-01-03,141.75,142.75,139.03,140.95,183858
2014-01-06,140.75,143.75,140.4,142.78,122733
2014-01-07,143.35,143.95,141.0,141.68,64773
2014-01-08,142.68,143.48,141.88,142.98,200383
2014-01-09,143.6,146.5,142.63,145.83,282680
2014-01-10,146.0,146.85,142.13,142.83,164492
2014-01-13,142.83,145.48,142.3,142.9,94372
2014-01-14,142.5,143.3,140.55,140.85,61381
2014-01-15,141.25,142.5,140.8,141.85,35893
2014-01-16,142.0,142.13,140.15,140.83,39393
2014-01-17,140.75,144.95,140.63,141.03,176151
2014-01-20,140.75,142.65,139.55,141.95,113536
2014-01-21,141.18,142.75,140.98,141.35,46908
2014-01-22,141.03,142.45,140.75,141.03,67532
2014-01-23,141.03,142.5,140.0,141.45,150260
2014-01-24,140.78,141.9,140.03,140.45,36736
2014-01-27,139.5,140.35,136.5,137.65,110501
2014-01-28,138.5,141.5,138.5,140.5,818952
2014-01-29,137.48,144.95,134.8,142.65,687358
2014-01-30,142.0,142.08,139.0,139.85,562437
2014-01-31,139.25,141.7,139.25,139.93,154570
2014-02-03,140.35,140.5,137.5,138.1,73766
2014-02-04,137.5,138.95,136.3,137.75,300833
2014-02-05,138.0,138.9,137.63,137.93,493085
2014-02-06,138.0,138.38,136.25,136.8,160299
2014-02-07,136.8,140.85,136.8,137.73,193760
2014-02-10,138.23,138.78,136.75,137.48,200348
2014-02-11,138.1,138.48,136.33,136.7,393871
2014-02-12,137.03,141.0,135.88,140.58,183816
2014-02-13,139.0,142.4,136.53,137.0,88080
2014-02-14,137.7,139.2,135.55,136.58,58975
2014-02-17,137.0,138.5,136.83,137.63,25025
2014-02-18,136.58,139.18,135.75,137.75,99158
2014-02-19,137.25,140.85,137.25,139.78,53739
2014-02-20,139.48,139.5,137.28,137.83,37316
2014-02-21,137.45,139.73,137.45,138.63,263749
2014-02-24,137.6,140.75,137.6,140.35,169054
2014-02-25,139.13,142.85,139.13,142.55,91760
2014-02-26,144.0,144.5,142.05,143.53,79329
2014-02-28,143.0,144.45,142.25,143.18,669164
2014-03-03,142.63,144.95,142.55,143.88,144785
2014-03-04,144.83,145.5,143.78,144.25,136926
2014-03-05,144.9,145.5,143.88,144.5,71444
2014-03-06,144.88,146.5,144.25,145.5,218668
2014-03-07,146.0,146.08,142.05,142.93,268568
2014-03-10,142.93,144.45,139.93,140.98,95641
2014-03-11,141.83,142.5,139.5,140.93,198175
2014-03-12,141.45,141.98,139.0,139.9,78071
2014-03-13,139.9,142.0,139.48,139.95,174872
2014-03-14,141.35,141.5,139.5,140.78,177013
2014-03-18,140.4,141.38,140.18,140.6,117308
2014-03-19,141.3,141.3,139.75,140.28,566709
2014-03-20,140.3,143.25,140.3,141.05,270725
2014-03-21,141.88,146.5,141.5,145.75,483618
2014-03-22,145.75,147.4,144.5,145.08,29203
2014-03-24,145.08,147.18,141.85,142.53,118447
2014-03-25,142.5,145.3,142.15,144.9,93189
2014-03-26,144.55,151.4,144.55,150.33,429544
2014-03-27,150.75,153.98,150.5,152.93,489180
2014-03-28,152.93,154.7,150.53,152.1,165615
2014-03-31,152.13,155.0,150.0,153.53,258509
2014-04-01,152.5,154.5,152.0,153.43,87784
2014-04-02,154.95,154.95,150.53,154.2,96162
2014-04-03,155.0,159.13,153.5,158.03,339234
2014-04-04,157.28,160.95,154.95,156.7,247068
2014-04-07,156.13,159.0,154.6,158.43,65472
2014-04-09,157.0,160.85,155.75,160.0,263897
2014-04-10,162.18,163.45,160.63,162.88,267662
2014-04-11,161.53,165.03,161.0,164.1,152913
2014-04-15,164.0,164.6,160.0,161.95,189475
2014-04-16,161.5,163.7,159.6,161.13,165635
2014-04-17,161.05,164.95,160.13,163.9,182419
2014-04-21,164.5,169.0,163.5,166.5,129756
2014-04-22,167.5,169.65,166.05,168.98,175644
2014-04-23,168.0,170.55,167.3,169.33,367326
2014-04-25,169.5,169.93,163.08,164.73,171598
2014-04-28,163.5,163.5,160.05,160.5,66062
2014-04-29,160.5,160.5,156.5,157.3,93069
2014-04-30,157.08,160.1,157.08,159.25,66454
2014-05-02,159.0,160.0,153.05,155.2,108376
2014-05-05,156.25,157.4,153.9,154.3,49467
2014-05-06,154.9,155.25,149.5,150.1,333823
2014-05-07,150.0,151.38,149.4,150.0,95350
2014-05-08,149.13,155.45,148.25,149.93,184515
2014-05-09,148.75,151.88,148.75,150.0,158465
2014-05-12,148.55,157.2,148.55,155.78,175131
2014-05-13,157.0,160.5,155.98,156.93,113920
2014-05-14,157.45,158.7,152.58,155.68,111628
2014-05-15,156.38,158.13,150.75,152.15,201327
2014-05-16,153.45,157.88,146.0,155.68,815848
2014-05-19,156.0,163.4,155.8,160.9,383353
2014-05-20,162.3,165.0,160.83,161.93,222677
2014-05-21,162.0,164.5,157.65,158.95,153434
2014-05-22,159.5,164.88,159.5,163.25,327347
2014-05-23,163.28,166.7,159.45,164.93,269370
2014-05-26,166.5,167.78,162.0,163.85,243579
2014-05-27,164.5,165.5,160.0,161.1,76269
2014-05-28,161.15,165.45,161.15,162.65,203513
2014-05-29,158.0,158.43,153.65,154.33,276607
2014-05-30,153.05,154.35,149.5,151.38,174788
2014-06-02,151.95,152.35,149.88,150.5,150818
2014-06-03,151.03,152.13,149.55,151.43,173358
2014-06-04,151.9,151.93,147.13,148.58,259345
2014-06-05,148.5,149.98,146.25,146.9,323858
2014-06-06,147.5,152.95,147.5,149.0,1206067
2014-06-09,151.5,152.0,146.05,147.05,702485
2014-06-10,147.0,148.6,144.55,145.65,994089
2014-06-11,147.0,153.6,146.0,149.13,762771
2014-06-12,150.75,151.83,149.0,149.45,511060
2014-06-13,150.9,151.4,144.0,145.65,320140
2014-06-16,145.65,149.85,142.73,148.43,317338
2014-06-17,148.73,151.0,146.28,150.08,508984
2014-06-18,150.95,154.5,150.0,152.08,576965
2014-06-19,152.25,155.75,152.25,154.55,536932
2014-06-20,154.55,155.25,152.13,154.63,252983
2014-06-23,155.0,157.48,153.5,157.03,242677
2014-06-24,156.53,158.83,156.53,157.48,247645
2014-06-25,157.5,161.0,157.5,160.4,293472
2014-06-26,160.75,162.48,159.28,161.38,277792
2014-06-27,162.23,163.33,158.25,160.4,132934
2014-06-30,160.5,163.7,160.5,162.9,147985
2014-07-01,164.48,164.48,160.13,162.25,91212
2014-07-02,162.5,164.4,161.5,162.9,112685
2014-07-03,164.4,167.1,162.83,164.95,215957
2014-07-04,165.7,167.33,165.0,166.35,161858
2014-07-07,167.0,168.25,163.8,165.38,158476
2014-07-08,165.88,167.0,162.53,164.28,151655
2014-07-09,164.83,169.13,162.7,167.03,272670
2014-07-10,167.0,167.85,164.0,164.68,119803
2014-07-11,164.5,167.55,163.5,164.53,89405
2014-07-14,165.75,165.75,163.75,165.13,110410
2014-07-15,165.0,166.0,165.0,165.7,48972
2014-07-16,166.0,173.5,165.25,171.03,304138
2014-07-17,172.85,175.9,172.8,174.75,262611
2014-07-18,174.0,177.45,174.0,174.73,136864
2014-07-21,175.23,176.8,173.55,174.98,214949
2014-07-22,175.0,178.9,175.0,176.95,138631
2014-07-23,176.55,178.83,171.8,176.28,74398
2014-07-24,176.0,181.45,175.75,179.3,174657
2014-07-25,180.75,185.88,180.0,184.88,214507
2014-07-28,183.05,184.85,180.03,182.1,61734
2014-07-30,182.5,183.23,178.5,179.93,66831
2014-07-31,180.0,187.5,179.38,186.15,184922
2014-08-01,187.5,193.7,182.0,182.55,529310
2014-08-04,184.23,190.0,182.83,186.78,473828
2014-08-05,186.98,187.48,182.13,183.55,106797
2014-08-06,186.48,186.48,182.0,184.23,116769
2014-08-07,184.0,184.88,178.35,179.33,123577
2014-08-08,177.5,184.55,176.25,183.43,114578
2014-08-11,184.35,186.0,183.5,184.98,62630
2014-08-12,184.28,187.5,182.63,184.75,51386
2014-08-13,183.0,185.6,182.9,185.23,99575
2014-08-14,185.23,186.35,184.05,184.78,35546
2014-08-18,184.4,186.35,183.0,184.9,118278
2014-08-19,183.78,185.5,183.5,184.23,136271
2014-08-20,184.05,186.93,183.05,183.38,141113
2014-08-21,183.4,191.45,183.4,187.58,212510
2014-08-22,190.45,195.95,189.05,192.98,511665
2014-08-25,194.05,199.4,194.05,197.58,353526
2014-08-26,197.5,211.5,197.5,206.4,760214
2014-08-27,207.33,207.73,203.83,204.7,112896
2014-08-28,205.5,206.0,203.45,205.25,139906
2014-09-01,206.0,207.28,203.75,204.63,58777
2014-09-02,203.28,205.53,200.05,200.93,117121
2014-09-03,200.5,202.5,198.48,199.0,144447
2014-09-04,199.13,200.0,196.15,196.93,125172
2014-09-05,196.93,197.75,195.25,196.18,156017
2014-09-08,197.5,198.9,194.15,195.1,198630
2014-09-09,196.7,199.35,193.5,197.5,514175
2014-09-10,198.0,200.25,195.25,196.63,255883
2014-09-11,198.0,198.9,195.75,196.75,130551
2014-09-12,199.9,202.5,198.15,200.35,607843
2014-09-15,200.43,202.4,197.5,199.13,183184
2014-09-16,200.0,201.25,191.5,193.68,211734
2014-09-17,194.05,197.5,190.78,193.0,200415
2014-09-18,191.75,201.0,191.75,199.35,160454
2014-09-19,197.68,200.6,196.55,197.35,90788
2014-09-22,198.0,199.28,196.05,197.3,82627
2014-09-23,201.2,203.2,197.25,197.85,541543
2014-09-24,198.0,198.98,195.0,198.23,183090
2014-09-25,198.28,199.83,196.0,197.18,95339
2014-09-26,197.0,201.0,194.5,199.38,122690
2014-09-29,201.45,201.45,198.5,200.45,223559
2014-09-30,200.5,201.05,197.5,198.55,218408
2014-10-01,198.68,200.0,197.7,198.18,50680
2014-10-07,198.28,201.0,195.13,197.68,213180
2014-10-08,196.35,198.08,193.8,195.6,97256
2014-10-09,196.03,197.95,194.33,195.63,171853
2014-10-10,195.63,196.0,193.43,194.05,347338
2014-10-13,194.5,195.0,192.13,192.8,65049
2014-10-14,192.53,194.5,192.0,192.45,106624
2014-10-16,192.0,197.93,188.75,190.9,377176
2014-10-17,191.5,195.58,190.0,194.38,71303
2014-10-20,196.0,197.4,193.5,194.9,57709
2014-10-21,195.5,201.5,195.5,199.75,193801
2014-10-22,203.0,206.75,201.8,204.58,307891
2014-10-23,205.88,210.0,205.0,208.23,161380
2014-10-27,209.85,211.0,205.5,206.13,107365
2014-10-28,207.0,208.0,203.25,203.85,82947
2014-10-29,204.5,209.78,203.5,206.63,210396
2014-10-30,207.25,208.0,204.5,207.03,105101
2014-10-31,207.85,208.35,206.08,207.1,73086
2014-11-03,209.98,209.98,202.2,205.53,209372
2014-11-05,204.45,208.0,199.55,200.43,345351
2014-11-07,201.5,201.5,197.93,199.93,293017
2014-11-10,201.0,203.95,200.15,202.93,392353
2014-11-11,204.5,204.65,203.05,203.95,185094
2014-11-12,204.95,204.95,202.08,203.65,138547
2014-11-13,202.7,203.5,199.5,200.85,158315
2014-11-14,200.53,207.98,199.6,207.28,656744
2014-11-17,208.05,217.0,208.05,216.43,793562
2014-11-18,218.33,220.98,213.55,215.0,1172027
2014-11-19,216.08,218.0,210.75,211.48,775375
2014-11-20,212.88,212.88,210.03,211.63,196091
2014-11-21,213.5,222.0,212.1,220.4,2058141
2014-11-24,222.9,226.55,221.53,225.58,626980
2014-11-25,226.5,226.83,216.25,219.78,260653
2014-11-26,220.9,222.5,216.63,219.83,374499
2014-11-27,221.68,222.6,215.5,216.3,165963
2014-11-28,216.95,231.18,216.5,230.15,773540
2014-12-01,232.4,252.95,230.05,237.85,1695370
2014-12-02,239.7,243.0,232.48,240.43,376359
2014-12-03,241.5,245.45,239.03,244.03,321360
2014-12-04,244.9,245.0,237.25,239.38,365436
2014-12-05,241.43,245.0,237.5,239.7,371608
2014-12-08,240.0,249.0,238.08,241.9,558946
2014-12-09,242.33,248.48,241.5,242.35,247541
2014-12-10,243.5,249.75,242.45,247.15,317484
2014-12-11,246.75,248.95,241.15,242.78,199903
2014-12-12,243.05,246.5,238.78,239.6,139615
2014-12-15,237.5,240.48,231.0,234.23,199512
2014-12-16,233.35,237.0,230.0,233.7,141561
2014-12-17,232.55,235.5,204.9,228.6,188762
2014-12-18,230.0,239.95,230.0,234.33,363302
2014-12-19,237.0,251.2,234.6,247.55,541604
2014-12-22,249.68,257.5,248.0,254.65,497888
2014-12-23,256.9,257.15,251.08,252.78,185203
2014-12-24,254.4,254.4,246.85,250.0,77244
2014-12-26,250.95,257.7,247.53,255.48,254847
2014-12-29,257.48,263.68,256.5,260.45,364651
2014-12-30,261.15,267.8,257.15,266.03,342864
2014-12-31,265.88,274.1,263.25,271.53,743971
2015-01-01,271.95,277.35,267.48,274.63,172606
2015-01-02,279.0,284.85,279.0,279.95,467951
2015-01-05,281.25,282.8,275.0,275.9,188921
2015-01-06,275.95,276.0,262.5,263.3,409674
2015-01-07,264.05,266.85,259.5,259.98,610690
2015-01-08,262.5,263.95,259.58,259.9,476043
2015-01-09,264.35,264.35,259.03,261.13,1050772
2015-01-12,261.45,267.0,260.53,262.85,308545
2015-01-13,262.58,272.0,262.5,269.28,556561
2015-01-14,272.98,288.48,272.5,283.65,1544243
2015-01-15,286.48,297.48,278.0,293.05,639633
2015-01-16,293.33,303.5,286.33,287.93,1013854
2015-01-19,290.43,295.0,287.55,288.83,342389
2015-01-20,289.93,292.5,286.55,289.35,325106
2015-01-21,290.73,295.1,288.98,292.83,554202
2015-01-22,292.75,294.2,287.5,289.45,254435
2015-01-23,290.5,292.9,283.25,284.9,472188
2015-01-27,286.0,291.0,284.0,287.83,515183
2015-01-28,290.4,291.73,285.05,287.55,540270
2015-01-29,289.5,292.25,286.5,287.95,264365
2015-01-30,289.5,291.75,283.25,285.35,349446
2015-02-02,283.75,285.35,270.08,272.48,315019
2015-02-03,272.48,273.48,268.0,270.43,349079
2015-02-04,272.5,276.88,267.0,269.23,208726
2015-02-05,270.5,277.25,264.0,268.28,172788
2015-02-06,266.9,272.25,265.35,267.15,224035
2015-02-09,267.5,272.38,264.5,271.4,137639
2015-02-10,271.4,278.0,269.03,275.73,430099
2015-02-11,277.48,287.75,277.48,284.28,341106
2015-02-12,287.03,292.75,285.0,289.05,321942
2015-02-13,289.98,290.38,285.0,286.9,152763
2015-02-16,293.93,293.93,287.58,289.5,141748
2015-02-18,288.0,295.93,287.05,290.18,245682
2015-02-19,291.48,294.85,288.58,290.88,98117
2015-02-20,290.25,291.25,284.0,284.85,121650
2015-02-23,286.85,287.5,280.28,283.28,110596
2015-02-24,281.08,284.5,278.38,281.63,249592
2015-02-25,282.5,285.0,275.5,276.25,140194
2015-02-26,276.78,277.98,268.53,270.65,114388
2015-02-27,271.0,278.48,271.0,277.48,105135
2015-02-28,278.5,290.0,278.5,280.73,259585
2015-03-02,282.0,292.35,282.0,291.23,372146
2015-03-03,291.98,300.85,289.5,299.78,428209
2015-03-04,307.0,307.0,292.95,295.63,457367
2015-03-05,298.43,313.4,298.43,302.18,1181043
2015-03-09,302.48,304.18,292.05,293.9,220419
2015-03-10,295.0,296.2,285.55,288.03,333759
2015-03-11,288.5,292.5,287.5,289.6,167539
2015-03-12,291.0,293.75,288.0,289.53,165481
2015-03-13,290.5,304.13,288.5,299.45,917764
2015-03-16,305.0,309.98,293.55,308.45,643954
2015-03-17,310.0,314.0,306.0,311.15,1096345
2015-03-18,313.48,315.73,300.5,313.18,509613
2015-03-19,315.5,318.0,310.53,313.75,628429
2015-03-20,317.5,319.0,303.43,310.65,3325187
2015-03-23,310.75,312.4,302.5,305.08,335882
2015-03-24,304.5,307.48,300.58,302.15,271065
2015-03-25,302.25,304.85,299.0,300.13,239885
2015-03-26,299.8,304.35,291.0,299.25,363462
2015-03-27,298.7,300.7,294.38,299.65,322000
2015-03-30,304.95,304.95,295.45,297.58,302514
2015-03-31,302.45,303.5,297.5,299.93,310617
2015-04-01,300.0,305.85,297.83,301.25,185189
2015-04-06,300.28,301.98,293.48,294.88,262237
2015-04-07,296.45,296.5,290.05,291.55,209206
2015-04-08,292.5,293.83,285.55,287.48,477965
2015-04-09,289.4,300.5,286.15,297.55,863058
2015-04-10,299.38,300.95,296.05,297.65,257328
2015-04-13,297.98,299.18,293.03,295.78,433777
2015-04-15,297.0,297.0,292.25,294.98,879923
2015-04-16,295.0,298.9,294.05,297.6,677222
2015-04-17,297.5,299.5,291.38,296.05,217863
2015-04-20,297.5,297.5,291.5,293.08,102926
2015-04-21,294.0,294.0,283.0,288.78,268871
2015-04-22,287.03,292.43,283.15,288.88,270214
2015-04-23,289.73,290.28,284.05,285.9,341613
2015-04-24,285.93,285.95,278.5,280.0,465365
2015-04-27,280.0,280.0,268.5,272.0,376233
2015-04-28,273.45,281.5,272.03,280.13,426932
2015-04-29,280.98,280.98,271.5,277.23,282800
2015-04-30,278.5,285.25,273.25,283.53,227775
2015-05-04,285.0,290.5,282.53,289.18,94744
2015-05-05,287.53,296.5,285.55,291.7,231288
2015-05-06,292.0,292.48,279.98,285.58,456333
2015-05-07,286.75,289.98,280.05,282.68,549935
2015-05-08,284.0,287.55,281.5,286.23,527125
2015-05-11,286.55,293.65,286.23,292.43,134009
2015-05-12,292.5,298.0,287.5,294.68,474066
2015-05-13,296.0,299.45,290.55,292.28,142458
2015-05-14,293.0,298.7,286.05,297.4,215685
2015-05-15,298.5,301.0,295.05,297.83,103642
2015-05-18,297.3,305.0,296.0,299.63,235325
2015-05-19,301.5,305.98,296.15,298.63,309998
2015-05-20,289.63,297.38,280.5,283.28,939980
2015-05-21,287.5,288.0,267.63,275.1,1379312
2015-05-22,277.0,279.0,272.25,275.25,403390
2015-05-25,275.73,277.78,273.2,275.5,130495
2015-05-26,273.75,277.25,273.5,274.43,336534
2015-05-27,273.2,277.23,272.65,275.13,264791
2015-05-28,275.48,282.3,275.0,275.73,205607
2015-05-29,277.95,282.2,275.03,276.03,461058
2015-06-01,276.25,282.28,274.65,277.0,385131
2015-06-02,277.25,279.3,272.58,273.48,437207
2015-06-03,273.65,273.93,267.5,270.95,384670
2015-06-04,271.28,273.25,265.05,269.68,262599
2015-06-05,269.5,275.0,267.55,271.0,120663
2015-06-08,271.33,273.45,265.75,268.28,88408
2015-06-09,266.98,270.8,260.78,268.35,167784
2015-06-10,267.5,278.0,267.4,274.98,239652
2015-06-11,275.13,276.0,266.58,269.68,580496
2015-06-12,269.65,270.95,267.6,268.9,262965
2015-06-15,265.68,273.15,265.68,267.65,93338
2015-06-16,267.65,268.78,260.55,262.93,343887
2015-06-17,264.0,268.25,261.0,266.58,250186
2015-06-18,269.98,272.0,267.0,271.23,130435
2015-06-19,271.55,279.0,271.28,277.08,337356
2015-06-22,278.5,280.9,271.0,275.25,420262
2015-06-23,275.7,278.0,273.55,275.03,254653
2015-06-24,275.0,277.5,270.5,272.23,119576
2015-06-25,272.23,279.75,269.7,277.4,379164
2015-06-26,278.9,283.93,277.5,281.7,381272
2015-06-29,277.0,279.85,270.28,277.55,191835
2015-06-30,274.25,280.8,274.25,275.2,249360
2015-07-01,275.5,283.4,275.5,277.35,199819
2015-07-02,278.05,280.98,271.18,272.33,239844
2015-07-03,273.95,275.55,271.4,272.68,128744
2015-07-06,270.55,273.88,267.68,270.25,301718
2015-07-07,272.5,287.25,272.5,282.98,849271
2015-07-08,283.35,289.0,277.3,281.43,511477
2015-07-09,281.43,281.7,272.5,273.2,337018
2015-07-10,275.03,276.88,271.25,272.75,180140
2015-07-13,273.98,278.08,271.98,275.63,206069
2015-07-14,277.5,277.5,273.5,274.7,276656
2015-07-15,275.95,277.0,274.1,275.48,173056
2015-07-16,275.93,282.45,275.18,280.3,493753
2015-07-17,282.5,284.23,277.5,280.2,245062
2015-07-20,282.0,282.0,277.5,280.43,174437
2015-07-21,280.5,280.5,271.6,272.6,184501
2015-07-22,272.5,275.2,270.5,274.2,138245
2015-07-23,273.95,277.55,272.75,274.23,167000
2015-07-24,274.0,274.63,271.0,272.48,170175
2015-07-27,273.0,273.2,265.5,269.33,172392
2015-07-28,270.75,274.38,269.1,271.13,352361
2015-07-29,282.48,282.68,275.2,279.63,826869
2015-07-30,279.98,283.38,277.18,279.35,389491
2015-07-31,281.95,283.0,278.25,279.08,270044
2015-08-03,279.73,281.9,275.68,276.8,285088
2015-08-04,277.0,298.25,275.53,295.88,1168958
2015-08-05,298.25,303.9,296.5,299.6,923082
2015-08-06,300.48,302.4,293.03,297.33,253560
2015-08-07,297.48,305.4,295.25,296.45,610107
2015-08-10,297.45,302.28,297.0,299.13,543061
2015-08-11,299.5,300.5,290.15,294.3,366483
2015-08-12,294.0,294.95,285.0,287.15,274796
2015-08-13,288.95,292.2,282.75,285.38,415751
2015-08-14,285.95,293.5,285.63,288.85,375094
2015-08-17,290.0,297.35,285.5,291.18,464413
2015-08-18,292.93,293.4,288.55,290.33,423020
2015-08-19,290.5,291.5,285.05,286.88,237747
2015-08-20,288.45,290.03,282.7,283.83,308880
2015-08-21,282.5,283.5,275.35,282.7,295170
2015-08-24,270.3,279.9,268.18,274.35,739635
2015-08-25,275.5,278.9,253.65,270.43,603460
2015-08-26,265.0,279.5,264.05,275.03,297168
2015-08-27,278.5,285.5,276.2,284.18,310246
2015-08-28,285.25,290.0,281.0,283.78,254152
2015-08-31,283.0,286.73,281.0,285.43,206639
2015-09-01,283.98,285.33,274.0,276.73,404477
2015-09-02,277.5,281.0,273.35,279.35,210935
2015-09-03,280.1,283.08,275.8,277.35,201971
2015-09-04,277.5,281.5,271.03,279.7,258703
2015-09-07,279.98,280.4,273.5,277.4,189016
2015-09-08,277.75,279.6,271.0,275.35,276221
2015-09-09,277.05,279.9,276.08,277.73,143142
2015-09-10,275.0,285.5,273.3,283.18,205359
2015-09-11,285.08,287.08,281.75,283.53,151439
2015-09-14,283.5,286.25,281.5,285.4,148280
2015-09-15,287.5,288.48,281.53,283.28,131996
2015-09-16,284.58,285.0,279.4,280.45,132471
2015-09-18,281.68,284.45,278.5,279.58,125539
2015-09-21,280.05,281.98,277.5,280.8,99102
2015-09-22,282.0,283.85,273.5,276.28,132067
2015-09-23,275.0,281.5,274.23,277.3,245003
2015-09-24,276.55,281.35,275.15,277.4,268068
2015-09-28,277.08,280.75,276.5,276.95,120490
2015-09-29,273.25,280.25,273.25,278.15,175992
2015-09-30,278.73,285.5,278.2,283.93,187428
2015-10-01,284.63,291.6,283.5,290.0,335068
2015-10-05,292.45,292.75,287.5,289.5,291417
2015-10-06,289.85,290.68,286.28,289.83,361542
2015-10-07,290.5,291.7,285.38,286.25,229634
2015-10-08,287.6,289.25,281.5,287.45,277534
2015-10-09,288.0,291.78,285.25,289.43,390156
2015-10-12,289.78,291.1,286.5,286.93,99800
2015-10-13,286.9,289.3,285.25,287.85,146492
2015-10-14,287.5,290.95,286.75,288.93,105982
2015-10-15,289.98,294.95,288.53,289.85,428503
2015-10-16,291.2,291.23,289.3,289.95,203570
2015-10-19,289.5,293.28,288.0,289.38,140883
2015-10-20,289.75,291.83,287.75,289.13,173847
2015-10-21,289.0,290.98,286.25,286.85,82960
2015-10-23,287.7,289.0,284.4,285.45,111197
2015-10-26,285.5,288.0,284.53,286.38,134868
2015-10-27,285.65,288.9,283.03,285.08,201034
2015-10-28,285.68,287.45,279.0,282.1,251587
2015-10-29,287.5,288.9,283.1,284.73,421652
2015-10-30,286.95,286.95,277.5,280.8,173468
2015-11-02,282.68,288.4,277.83,286.8,344274
2015-11-03,289.0,289.95,284.0,284.83,238717
2015-11-04,286.0,287.13,279.63,280.98,155699
2015-11-05,279.75,280.18,272.55,273.6,193111
2015-11-06,274.0,275.43,268.2,270.1,244921
2015-11-09,267.5,274.5,265.0,273.28,194470
2015-11-10,273.73,274.5,264.98,265.45,211724
2015-11-11,268.05,269.8,267.0,269.3,28015
2015-11-13,268.43,268.43,261.53,265.4,180494
2015-11-16,266.75,270.98,265.33,266.45,136412
2015-11-17,268.95,269.13,264.68,268.18,121101
2015-11-18,268.5,270.68,265.55,266.98,106446
2015-11-19,268.0,270.0,266.6,268.68,153079
2015-11-20,269.0,277.0,268.0,275.93,567224
2015-11-23,278.0,278.7,270.25,272.08,347640
2015-11-24,271.1,272.83,269.38,271.45,153230
2015-11-26,272.5,272.5,267.58,268.9,780705
2015-11-27,271.5,276.13,268.05,274.88,575956
2015-11-30,274.98,281.05,272.18,279.15,250586
2015-12-01,282.0,282.43,275.83,276.8,266066
2015-12-02,276.95,277.5,274.0,275.85,167338
2015-12-03,275.85,279.28,274.78,275.75,266223
2015-12-04,274.85,278.2,274.1,276.53,101502
2015-12-07,277.5,279.63,275.15,278.13,231885
2015-12-08,277.78,278.0,272.0,273.33,160761
2015-12-09,270.0,276.4,264.98,267.78,586846
2015-12-10,268.45,270.5,265.58,267.55,398436
2015-12-11,267.5,268.25,263.05,263.7,571723
2015-12-14,262.05,267.48,260.15,265.75,500580
2015-12-15,268.0,269.75,264.25,269.05,433122
2015-12-16,269.05,275.73,268.85,272.55,347351
2015-12-17,273.5,274.5,270.25,271.9,604098
2015-12-18,272.05,275.0,269.25,270.03,243365
2015-12-21,270.05,272.0,268.0,271.0,392537
2015-12-22,271.0,272.48,270.0,270.83,71884
2015-12-23,272.0,276.73,271.05,274.68,578625
2015-12-24,275.55,278.5,274.73,276.7,195868
2015-12-28,277.0,281.15,276.6,277.35,257293
2015-12-29,277.0,277.3,274.0,274.7,784594
2015-12-30,275.0,275.98,272.53,275.2,730182
2015-12-31,276.0,280.35,275.1,276.23,227626
2016-01-01,276.45,279.98,276.13,277.75,104742
2016-01-04,277.73,282.0,275.1,278.8,735318
2016-01-05,279.65,285.5,277.13,283.8,355348
2016-01-06,284.25,285.4,280.75,281.45,406843
2016-01-07,281.0,281.2,277.0,278.35,293971
2016-01-08,281.0,282.0,277.33,278.58,189052
2016-01-11,278.45,280.98,274.75,275.93,144125
2016-01-12,275.63,278.43,270.78,273.03,970716
2016-01-13,274.5,275.95,268.33,274.73,265835
2016-01-14,274.45,279.5,270.73,278.48,1166449
2016-01-15,279.0,280.95,276.5,277.98,574215
2016-01-18,276.0,277.38,267.53,269.73,539567
2016-01-19,271.95,272.08,265.8,269.88,354872
2016-01-20,267.55,268.98,264.25,267.38,653418
2016-01-21,270.0,271.6,264.63,265.13,483747
2016-01-22,268.0,272.5,267.0,270.1,317478
2016-01-25,274.0,274.0,269.2,272.03,247305
2016-01-27,274.43,282.73,272.55,281.78,776367
2016-01-28,284.5,287.95,277.05,278.4,383603
2016-01-29,280.95,285.9,278.03,283.13,205511
2016-02-01,290.0,290.0,283.43,284.88,391725
2016-02-02,284.95,292.93,284.08,285.13,671437
2016-02-03,284.7,287.4,279.0,283.5,200595
2016-02-04,287.45,293.25,284.0,291.23,368771
2016-02-05,292.75,299.0,292.5,298.48,449355
2016-02-08,299.35,306.5,298.35,300.5,605569
2016-02-09,297.5,299.88,286.78,288.2,532768
2016-02-10,289.5,297.95,285.5,294.13,672319
2016-02-11,294.95,297.0,287.4,290.0,565676
2016-02-12,291.45,295.5,284.1,291.38,462041
2016-02-15,294.5,299.9,293.05,294.78,557280
2016-02-16,292.75,297.5,288.18,289.75,397790
2016-02-17,293.5,301.5,290.33,300.25,820916
2016-02-18,304.5,312.45,303.95,310.53,1088265
2016-02-19,309.98,315.5,309.1,313.13,589737
2016-02-22,313.0,324.0,313.0,317.93,870344
2016-02-23,318.5,319.28,304.5,306.1,771830
2016-02-24,305.8,307.7,301.6,302.78,1207094
2016-02-25,304.5,304.5,294.53,300.1,597649
2016-02-26,309.5,309.5,289.5,291.0,546098
2016-02-29,293.0,296.38,290.05,293.33,397227
2016-03-01,296.25,297.4,291.53,292.5,498639
2016-03-02,294.75,304.0,293.55,300.0,1111198
2016-03-03,304.23,305.0,299.55,301.8,388668
2016-03-04,303.8,303.8,297.33,298.48,367156
2016-03-08,300.0,303.28,296.2,297.45,249135
2016-03-09,297.5,301.85,295.2,300.05,188001
2016-03-10,301.0,302.88,298.2,301.38,326159
2016-03-11,301.45,304.2,298.93,302.18,267964
2016-03-14,302.98,304.0,299.0,300.1,170437
2016-03-15,299.95,301.0,297.55,299.13,291153
2016-03-16,299.0,299.73,293.1,294.1,200765
2016-03-17,296.95,300.2,295.45,297.85,497807
2016-03-18,299.0,300.0,295.28,296.53,182274
2016-03-21,297.25,298.0,294.3,297.2,154682
2016-03-22,298.25,302.25,295.93,297.0,539917
2016-03-23,299.35,301.6,298.05,299.9,202533
2016-03-28,300.0,301.4,281.23,288.85,471430
2016-03-29,286.0,301.15,282.78,297.68,666945
2016-03-30,300.98,303.4,297.55,298.03,1500262
2016-03-31,300.0,300.23,292.5,294.65,474145
2016-04-01,294.0,298.88,293.18,294.45,213241
2016-04-04,295.0,296.73,292.65,293.6,257816
2016-04-05,293.73,296.48,291.2,295.0,159840
2016-04-06,296.45,302.45,294.73,299.7,668308
2016-04-07,300.95,302.5,295.98,296.78,176908
2016-04-08,297.3,302.25,296.38,298.28,226374
2016-04-11,299.13,304.5,299.13,301.9,306321
2016-04-12,304.0,305.9,301.0,302.23,257288
2016-04-13,304.5,309.0,304.08,307.15,345711
2016-04-18,308.0,313.85,307.78,312.88,556777
2016-04-20,314.9,316.88,309.0,310.28,468832
2016-04-21,312.4,312.45,302.0,303.03,306659
2016-04-22,302.25,303.1,298.15,299.43,231479
2016-04-25,299.5,304.2,293.5,301.23,443854
2016-04-26,301.45,305.5,297.55,302.93,676075
2016-04-27,302.83,306.98,301.58,303.2,256790
2016-04-28,303.25,304.93,298.7,300.0,209200
2016-04-29,300.05,303.2,299.55,301.53,113245
2016-05-02,300.78,304.83,297.6,301.95,145497
2016-05-03,302.33,305.5,297.53,298.65,264812
2016-05-04,297.5,301.15,292.58,293.65,434317
2016-05-05,296.18,297.0,291.63,294.58,253669
2016-05-06,294.5,297.8,291.83,296.73,338468
2016-05-09,297.08,301.55,293.93,299.3,284016
2016-05-10,299.5,301.25,296.2,298.35,220113
2016-05-11,297.5,302.4,296.08,300.8,283913
2016-05-12,300.18,304.53,300.18,302.5,304215
2016-05-13,301.25,304.68,297.73,303.53,290941
2016-05-16,305.75,305.75,301.25,302.85,149561
2016-05-17,303.23,304.95,302.5,303.43,190180
2016-05-18,303.43,304.95,300.03,304.33,247320
2016-05-19,306.98,310.48,305.48,308.28,633808
2016-05-20,315.35,328.38,314.03,326.85,3040399
2016-05-23,329.88,329.88,322.05,325.58,936423
2016-05-24,323.6,330.48,323.0,328.68,596068
2016-05-25,329.63,342.15,329.58,340.83,1329998
2016-05-26,342.08,346.75,337.85,340.33,1658153
2016-05-27,340.75,354.5,340.0,347.33,832067
2016-05-30,349.25,354.33,345.68,347.65,354965
2016-05-31,346.55,354.5,344.68,353.13,1166940
2016-06-01,357.0,361.45,353.6,358.83,868587
2016-06-02,359.0,360.63,355.3,358.23,1663568
2016-06-03,357.68,362.38,353.03,355.03,394821
2016-06-06,354.5,361.73,352.65,354.93,313856
2016-06-07,355.95,358.88,353.15,355.15,174689
2016-06-08,354.05,357.35,351.58,352.3,370469
2016-06-09,353.93,353.93,348.25,351.13,265488
2016-06-10,351.45,355.0,347.03,348.1,404280
2016-06-13,344.85,350.4,344.0,349.73,245706
2016-06-14,348.1,351.25,344.18,346.28,303388
2016-06-15,347.25,349.23,346.28,347.3,179637
2016-06-16,347.88,350.25,345.0,349.4,302461
2016-06-17,352.5,358.0,349.5,350.9,543644
2016-06-20,348.95,352.5,348.08,349.7,254491
2016-06-21,351.0,351.43,344.98,346.13,287659
2016-06-22,346.5,347.75,342.0,343.85,233878
2016-06-23,344.73,345.6,339.45,343.3,219643
2016-06-24,338.3,346.95,333.28,344.73,403039
2016-06-27,338.03,355.0,338.03,353.0,356805
2016-06-28,353.78,356.98,353.0,353.73,756885
2016-06-29,355.0,366.0,354.93,361.58,685334
2016-06-30,362.5,366.75,357.58,359.95,675952
2016-07-01,359.5,362.88,358.5,359.98,324971
2016-07-04,360.48,362.25,359.05,359.5,226518
2016-07-05,359.9,362.2,355.65,356.95,179743
2016-07-07,356.25,359.68,355.0,356.13,127574
2016-07-08,356.48,369.5,356.43,364.78,806481
2016-07-11,367.48,368.5,360.93,361.6,570264
2016-07-12,362.5,365.35,359.53,360.83,611835
2016-07-13,360.0,362.3,356.5,358.03,145415
2016-07-14,357.5,360.5,356.08,357.95,153170
2016-07-15,357.95,361.75,357.95,359.28,283695
2016-07-18,358.0,363.58,355.5,356.8,306749
2016-07-19,356.8,364.4,356.8,362.05,440300
2016-07-20,363.03,367.25,362.58,364.03,260167
2016-07-21,364.0,366.8,361.55,364.75,265256
2016-07-22,364.25,369.0,363.0,365.83,534734
2016-07-25,365.55,372.4,365.55,367.55,530912
2016-07-26,366.0,369.7,362.0,362.88,217835
2016-07-27,364.35,368.13,363.15,365.38,313507
2016-07-28,366.55,379.0,366.15,375.8,1213422
2016-07-29,379.5,384.65,363.7,365.4,1666452
2016-08-01,367.5,373.83,364.83,366.7,734178
2016-08-02,369.5,374.0,366.88,369.85,717901
2016-08-03,370.15,372.93,357.0,359.25,685193
2016-08-04,361.75,364.5,354.6,356.85,683179
2016-08-05,358.5,365.1,358.5,363.25,647696
2016-08-08,367.0,369.1,362.5,364.83,383012
2016-08-09,365.0,369.0,360.5,361.68,556929
2016-08-10,362.5,364.63,351.53,353.6,654005
2016-08-11,353.85,357.5,349.58,355.0,563970
2016-08-12,352.03,356.5,350.63,355.23,457921
2016-08-16,356.9,360.63,354.0,355.33,544973
2016-08-17,355.03,357.7,351.5,353.85,481428
2016-08-18,354.78,357.23,354.0,354.48,504427
2016-08-19,355.0,356.95,349.35,349.93,476124
2016-08-22,351.0,354.4,347.15,352.95,423867
2016-08-23,354.9,354.9,350.63,351.58,293965
2016-08-24,351.95,352.03,347.5,348.15,452255
2016-08-25,348.98,350.3,342.0,343.38,471543
2016-08-26,343.1,345.75,340.55,342.78,768908
2016-08-29,342.75,344.93,339.35,340.9,360275
2016-08-30,342.0,349.75,341.75,348.9,758297
2016-08-31,350.0,353.75,347.65,349.28,505876
2016-09-01,349.5,353.5,346.23,347.98,351362
2016-09-02,349.0,350.65,346.28,348.45,190007
2016-09-06,351.45,360.75,350.55,359.28,1246593
2016-09-07,361.48,362.73,355.0,357.6,593932
2016-09-08,357.78,361.8,355.55,358.25,356765
2016-09-09,358.5,360.63,353.9,355.53,341076
2016-09-12,351.98,355.18,343.05,351.38,426183
2016-09-14,351.03,357.05,349.73,354.45,306137
2016-09-15,354.5,358.55,353.1,357.53,410920
2016-09-16,360.0,362.25,355.13,357.43,382162
2016-09-19,357.43,359.68,351.5,353.7,249337
2016-09-20,354.98,357.93,353.25,355.7,315153
2016-09-21,356.95,357.43,351.5,353.5,311700
2016-09-22,355.8,356.83,352.13,353.08,315016
2016-09-23,353.5,354.88,350.88,351.85,486981
2016-09-26,352.05,353.85,346.28,347.33,383544
2016-09-27,347.33,350.0,342.8,348.03,409984
2016-09-28,348.25,349.93,343.75,344.68,1031867
2016-09-29,346.73,348.55,324.1,333.1,1442657
2016-09-30,331.0,343.0,330.05,340.8,851741
2016-10-03,342.5,363.35,342.5,362.13,2058235
2016-10-04,363.0,371.75,363.0,369.7,1887783
2016-10-05,370.5,374.5,364.35,366.85,588342
2016-10-06,365.75,369.95,360.85,364.83,246455
2016-10-07,366.4,368.4,357.0,359.35,232567
2016-10-10,361.15,366.5,360.33,364.93,174998
2016-10-13,365.93,365.93,359.05,362.9,636722
2016-10-14,362.78,366.35,356.6,363.8,459989
2016-10-17,367.4,367.4,357.65,359.13,365500
2016-10-18,360.0,362.0,356.13,360.45,597421
2016-10-19,362.5,363.5,357.85,358.9,1119429
2016-10-20,360.0,360.75,355.8,357.08,645552
2016-10-21,357.75,359.48,354.78,357.2,224856
2016-10-24,357.0,360.85,355.5,356.68,153150
2016-10-25,356.43,358.75,355.0,356.6,195273
2016-10-26,358.0,358.0,351.5,354.3,285257
2016-10-27,351.55,358.0,349.0,354.5,233411
2016-10-28,355.05,361.38,355.05,359.4,586708
2016-10-30,362.08,367.5,361.03,362.7,62358
2016-11-01,362.7,363.48,352.83,355.7,534613
2016-11-02,355.0,357.08,351.28,352.03,190406
2016-11-03,352.48,353.7,342.55,343.98,377468
2016-11-04,343.78,351.68,338.78,347.1,708243
2016-11-07,350.5,352.45,345.18,346.93,142684
2016-11-08,348.4,349.9,344.0,345.7,148922
2016-11-09,335.0,346.0,319.5,339.03,578951
2016-11-10,349.5,349.5,331.6,332.8,590087
2016-11-11,331.25,334.9,317.8,329.75,885344
2016-11-15,325.0,325.0,291.83,308.55,1347449
2016-11-16,308.73,314.5,301.55,311.98,695663
2016-11-17,314.48,318.15,306.0,308.08,308373
2016-11-18,305.13,312.88,305.13,307.45,743321
2016-11-21,307.5,308.23,297.4,302.13,390703
2016-11-22,307.0,308.68,298.55,306.98,279679
2016-11-23,308.0,308.73,303.53,308.25,430909
2016-11-24,305.55,308.55,302.7,306.05,870446
2016-11-25,310.98,317.5,304.3,314.4,276611
2016-11-28,314.9,315.33,308.33,312.78,361899
2016-11-29,312.5,315.95,310.53,314.68,456521
2016-11-30,316.0,322.4,315.18,320.2,569564
2016-12-01,321.5,322.2,315.63,321.03,214497
2016-12-02,317.05,321.03,312.85,317.05,432576
2016-12-05,317.5,319.75,314.23,317.65,173890
2016-12-06,318.93,323.98,316.6,318.23,260023
2016-12-07,319.0,321.9,317.3,320.35,262067
2016-12-08,322.5,323.45,320.15,322.2,203514
2016-12-09,323.75,323.93,318.95,320.18,247836
2016-12-12,319.4,319.5,302.03,303.8,601079
2016-12-13,301.0,306.95,299.33,305.48,709024
2016-12-14,305.85,308.4,303.98,306.5,242740
2016-12-15,304.13,312.45,302.25,305.85,530541
2016-12-16,307.5,307.68,302.75,303.58,197392
2016-12-19,305.9,306.38,300.0,301.1,188828
2016-12-20,300.5,301.85,297.0,299.55,260134
2016-12-21,299.5,299.5,293.63,295.28,521497
2016-12-22,295.45,297.65,291.1,297.0,255209
2016-12-23,298.23,298.9,291.6,293.5,608957
2016-12-26,293.5,295.18,283.88,287.58,387173
2016-12-27,288.5,292.75,286.0,291.8,178295
2016-12-28,292.55,298.5,291.0,294.28,382440
2016-12-29,295.0,296.2,292.55,294.6,321697
2016-12-30,295.5,300.5,293.8,294.9,378307
2017-01-02,297.48,303.5,294.8,302.25,327569
2017-01-03,303.5,304.75,299.03,303.2,323518
2017-01-04,303.45,306.5,302.55,303.65,264071
2017-01-05,305.0,308.95,304.85,305.85,550224
2017-01-06,307.93,309.03,306.63,307.35,182777
2017-01-09,307.35,309.5,300.83,307.1,315371
2017-01-10,306.48,316.45,304.65,315.7,437065
2017-01-11,317.0,321.1,313.5,317.03,592541
2017-01-12,316.5,318.73,314.0,317.33,141573
2017-01-13,319.75,325.4,317.45,320.15,358722
2017-01-16,320.35,320.35,316.68,317.8,129900
2017-01-17,318.0,318.88,312.05,313.7,183409
2017-01-18,313.5,319.48,312.55,317.83,189992
2017-01-19,317.95,318.83,314.05,314.6,227307
2017-01-20,315.05,319.08,312.25,313.45,294108
2017-01-23,312.5,316.6,312.5,314.78,134970
2017-01-24,317.95,329.9,315.93,328.23,635743
2017-01-25,330.0,350.75,330.0,344.83,3144992
2017-01-27,347.5,347.85,336.25,339.43,883984
2017-01-30,339.5,343.85,336.75,339.03,219976
2017-01-31,339.83,342.0,335.93,336.75,211264
2017-02-01,339.0,347.5,334.8,345.93,985259
2017-02-02,343.5,345.0,336.5,338.2,314593
2017-02-03,338.2,340.0,332.5,336.68,328464
2017-02-06,336.0,340.43,334.35,335.95,380121
2017-02-07,335.25,338.85,333.73,336.85,402950
2017-02-08,337.0,338.5,333.6,335.25,219811
2017-02-09,335.0,336.3,331.1,331.55,351585
2017-02-10,332.25,337.5,331.8,335.68,226953
2017-02-13,335.8,341.9,335.33,339.5,352859
2017-02-14,340.5,341.08,334.05,335.68,216874
2017-02-15,335.5,339.0,332.5,335.28,208557
2017-02-16,335.63,337.23,332.78,335.6,218396
2017-02-17,336.5,344.5,334.48,341.8,505609
2017-02-20,343.23,352.4,342.5,348.93,998661
2017-02-21,351.55,356.0,348.7,349.85,554817
2017-02-22,351.48,353.5,346.15,347.9,554335
2017-02-23,348.5,351.5,343.03,344.08,568568
2017-02-27,343.65,345.7,340.28,341.2,274802
2017-02-28,342.35,342.98,339.05,341.08,390051
2017-03-01,345.0,349.25,342.53,344.6,534086
2017-03-02,347.5,347.5,338.33,340.73,223208
2017-03-03,341.25,341.25,335.58,337.75,549110
2017-03-06,338.93,340.78,337.65,339.33,351037
2017-03-07,340.13,340.78,334.75,336.23,638137
2017-03-08,336.23,338.5,332.53,335.28,251381
2017-03-09,336.25,342.93,335.13,341.25,936350
2017-03-10,343.5,344.83,340.0,341.9,506560
2017-03-14,345.5,355.0,342.68,350.93,707757
2017-03-15,351.3,352.5,346.93,350.18,431839
2017-03-16,351.05,353.25,348.7,349.6,268996
2017-03-17,350.1,356.0,349.55,350.95,444224
2017-03-20,351.5,353.0,348.5,349.75,251382
2017-03-21,352.33,352.33,347.1,350.08,188931
2017-03-22,348.5,348.8,341.33,346.65,367541
2017-03-23,347.05,350.45,346.13,346.93,222345
2017-03-24,347.5,349.95,343.05,344.13,284818
2017-03-27,344.0,346.48,340.13,341.45,341490
2017-03-28,342.6,348.88,342.0,348.25,205203
2017-03-29,350.5,350.5,341.95,344.55,851769
2017-03-30,345.0,348.68,344.0,345.48,476038
2017-03-31,345.5,351.45,345.15,349.58,938213
2017-04-03,350.43,352.43,350.08,351.48,351831
2017-04-05,351.78,360.5,351.78,356.98,754076
2017-04-06,359.5,359.63,353.53,355.08,286605
2017-04-07,356.8,359.0,352.55,354.1,342956
2017-04-10,356.0,356.15,350.75,351.85,173832
2017-04-11,352.25,354.45,351.45,353.08,129774
2017-04-12,354.0,358.18,347.78,354.7,341040
2017-04-13,356.05,359.95,354.03,357.45,742572
2017-04-17,357.45,358.53,354.5,356.13,335584
2017-04-18,356.48,361.18,355.5,356.4,522988
2017-04-19,356.4,357.7,354.0,356.53,102566
2017-04-20,356.63,360.08,356.03,358.68,277655
2017-04-21,360.0,360.5,356.08,357.03,357392
2017-04-24,357.03,360.0,355.03,358.4,254831
2017-04-25,358.6,365.0,357.55,363.58,815320
2017-04-26,366.5,369.0,361.0,363.2,519862
2017-04-27,363.4,364.73,359.65,361.33,190669
2017-04-28,361.5,363.48,358.75,359.9,158996
2017-05-02,359.0,363.18,358.5,360.08,1009640
2017-05-03,361.5,366.63,358.0,365.25,695371
2017-05-04,367.5,371.0,363.83,369.38,549561
2017-05-05,370.5,373.0,364.28,370.1,570520
2017-05-08,372.5,375.85,370.8,371.93,362229
2017-05-09,371.93,374.4,370.8,372.4,175281
2017-05-10,371.8,377.0,371.55,373.28,162758
2017-05-11,373.6,385.03,371.0,379.25,366834
2017-05-12,381.5,381.5,373.25,375.0,148145
2017-05-15,376.48,377.53,372.1,375.98,110667
2017-05-16,375.45,382.25,373.63,380.7,340007
2017-05-17,378.53,388.5,378.53,387.2,546730
2017-05-18,383.25,391.4,375.8,387.5,1151512
2017-05-19,387.0,390.6,379.98,380.65,790110
2017-05-22,380.55,385.65,368.2,369.75,305976
2017-05-23,365.08,372.38,364.0,367.8,281306
2017-05-24,368.0,368.5,358.5,360.38,487729
2017-05-25,363.0,371.8,358.63,370.15,806362
2017-05-26,369.0,385.7,369.0,382.73,616065
2017-05-29,382.48,384.9,375.0,377.3,424958
2017-05-30,378.98,388.0,377.95,382.95,299178
2017-05-31,382.95,387.2,381.0,385.08,366541
2017-06-01,388.5,388.5,381.0,382.85,238073
2017-06-02,382.85,399.0,382.85,395.78,710645
2017-06-05,400.0,403.0,395.65,398.13,420817
2017-06-06,405.5,406.6,395.95,399.7,521894
2017-06-07,402.0,404.75,397.5,400.63,405242
2017-06-08,402.0,402.5,397.45,398.5,183851
2017-06-09,405.0,406.4,400.5,402.35,339039
2017-06-12,401.0,403.5,397.6,402.13,113616
2017-06-13,402.5,412.45,401.63,407.05,495771
2017-06-14,407.5,408.5,403.98,405.5,257050
2017-06-15,404.8,410.0,404.8,409.0,337535
2017-06-16,411.98,415.28,407.2,408.35,382713
2017-06-19,410.0,414.48,405.28,411.68,239097
2017-06-20,412.0,412.68,404.1,405.85,198039
2017-06-21,407.55,414.0,407.55,409.05,319849
2017-06-22,410.5,414.0,407.5,409.13,239541
2017-06-23,408.55,419.28,407.5,415.15,425699
2017-06-27,415.48,418.18,398.0,403.4,818806
2017-06-28,402.1,402.1,390.05,390.85,589694
2017-06-29,389.1,402.45,387.53,396.9,615299
2017-06-30,397.7,407.75,393.53,402.8,554265
2017-07-03,406.35,412.53,399.0,408.95,407229
2017-07-04,409.1,414.48,408.28,410.13,289129
2017-07-05,410.15,415.9,409.23,414.08,296752
2017-07-06,416.0,417.48,412.68,415.05,453789
2017-07-07,414.95,417.0,405.03,406.08,579300
2017-07-10,415.0,415.88,405.03,413.38,179768
2017-07-11,416.0,416.85,405.6,407.43,361487
2017-07-12,409.0,412.33,406.5,408.2,194397
2017-07-13,409.0,415.5,409.0,411.28,346947
2017-07-14,411.5,413.68,402.5,403.4,550441
2017-07-17,402.5,405.85,401.5,404.03,575723
2017-07-18,404.9,410.0,403.25,407.38,742406
2017-07-19,408.15,409.0,397.65,398.95,978207
2017-07-20,400.0,400.6,395.5,399.73,605189
2017-07-21,400.28,402.88,396.23,402.2,622083
2017-07-24,402.9,408.25,401.23,406.05,296378
2017-07-25,408.68,415.5,405.5,413.93,749385
2017-07-26,407.0,407.0,398.48,402.83,972069
2017-07-27,403.78,405.13,392.53,394.6,880024
2017-07-28,395.1,396.23,390.53,393.95,282544
2017-07-31,397.5,400.53,393.25,397.93,591799
2017-08-01,395.0,399.38,394.35,397.98,454420
2017-08-02,398.5,401.45,395.0,400.0,320358
2017-08-03,399.95,404.28,396.38,403.43,314026
2017-08-04,403.0,405.38,399.28,404.13,314970
2017-08-07,402.55,407.53,402.55,406.78,251391
2017-08-08,407.4,407.4,398.15,405.15,316684
2017-08-09,404.0,404.0,395.0,397.63,401181
2017-08-10,397.5,401.23,388.0,397.68,554974
2017-08-11,392.0,396.5,387.65,395.15,326785
2017-08-14,398.5,410.0,395.5,406.4,497414
2017-08-16,407.5,412.0,404.45,408.95,302585
2017-08-17,409.9,412.95,406.53,409.1,264118
2017-08-18,408.0,412.0,405.0,410.78,235585
2017-08-21,410.75,413.98,401.95,408.25,555230
2017-08-22,408.15,412.5,404.05,409.73,335665
2017-08-23,407.63,412.0,403.0,407.93,397771
2017-08-24,409.65,416.25,406.03,414.53,344575
2017-08-28,416.5,421.85,414.5,418.08,592779
2017-08-29,418.08,419.9,410.5,413.63,295714
2017-08-30,414.0,418.0,413.23,415.65,228155
2017-08-31,416.0,420.0,410.5,417.95,567266
2017-09-01,419.98,424.7,418.05,421.88,613598
2017-09-04,423.68,424.75,414.28,418.2,316053
2017-09-05,420.65,423.48,416.18,421.08,259627
2017-09-06,420.45,423.0,418.1,420.0,288238
2017-09-07,420.0,424.68,420.0,422.15,287396
2017-09-08,423.2,427.5,420.1,421.83,378578
2017-09-11,425.0,426.75,420.05,423.1,301971
2017-09-12,423.45,429.5,423.13,425.28,477274
2017-09-13,425.5,425.88,414.55,416.08,305788
2017-09-14,416.5,421.2,415.0,419.4,206713
2017-09-15,418.75,421.4,416.28,419.08,199445
2017-09-18,420.0,422.25,417.65,420.2,166201
2017-09-19,420.25,433.0,416.55,428.13,572800
2017-09-20,433.0,434.23,424.53,425.58,349889
2017-09-21,426.0,427.5,418.73,419.85,213584
2017-09-22,418.75,419.73,405.88,407.05,193155
2017-09-25,406.53,407.23,398.0,402.83,243396
2017-09-26,402.4,402.4,392.58,396.35,385937
2017-09-27,396.13,398.6,387.65,388.83,256901
2017-09-28,389.33,393.35,387.5,388.68,387964
2017-09-29,391.0,404.0,389.05,397.25,347273
2017-10-03,400.0,405.68,393.0,394.8,253650
2017-10-04,393.15,400.7,391.15,397.93,275688
2017-10-05,397.78,403.43,395.3,397.33,145932
2017-10-06,399.68,403.35,397.2,400.18,128921
2017-10-09,401.95,404.0,397.65,402.78,179763
2017-10-10,403.45,403.5,397.5,400.13,264790
2017-10-11,400.55,406.5,398.5,402.55,472356
2017-10-12,405.88,406.0,399.1,402.6,281456
2017-10-13,400.25,407.5,400.25,404.43,305846
2017-10-16,402.53,408.2,401.15,404.88,343209
2017-10-17,402.05,405.68,401.3,402.5,143381
2017-10-18,402.5,403.95,397.8,402.7,317645
2017-10-19,402.75,403.63,398.63,400.45,22787
2017-10-23,400.0,404.85,391.5,401.03,999827
2017-10-24,404.35,404.35,394.25,400.25,328304
2017-10-25,398.03,410.48,391.0,400.58,828216
2017-10-26,402.43,402.45,393.05,394.1,366946
2017-10-27,393.3,396.63,392.5,393.2,325707
2017-10-30,395.0,397.0,392.0,393.4,537471
2017-10-31,393.98,393.98,390.0,390.9,331465
2017-11-01,391.7,393.45,383.75,386.38,554988
2017-11-02,386.55,386.78,381.05,382.28,504843
2017-11-03,382.0,387.0,380.0,385.03,416025
2017-11-06,383.0,390.85,380.68,381.58,707544
2017-11-07,383.48,385.5,377.5,379.28,316554
2017-11-08,379.0,385.5,375.65,384.38,628877
2017-11-09,394.5,408.0,390.5,406.38,1845309
2017-11-10,406.65,413.3,403.0,410.55,779097
2017-11-13,410.13,420.65,409.23,414.58,586682
2017-11-14,416.0,418.5,408.7,410.8,446166
2017-11-15,406.85,412.43,405.5,407.13,483409
2017-11-16,407.13,411.0,405.58,408.73,324767
2017-11-17,410.03,420.38,409.5,417.78,444908
2017-11-20,416.83,425.5,415.05,424.53,531172
2017-11-21,425.13,427.0,416.6,418.93,385701
2017-11-22,422.0,422.0,416.88,418.85,289122
2017-11-23,418.5,423.85,417.0,421.8,212493
2017-11-24,423.0,424.85,418.05,421.1,235052
2017-11-27,419.4,424.95,415.75,418.13,288610
2017-11-28,420.85,429.35,417.0,424.38,389715
2017-11-29,427.0,429.5,418.0,425.53,448278
2017-11-30,426.0,428.35,419.25,421.1,466822
2017-12-01,421.1,429.95,419.13,427.73,671340
2017-12-04,430.0,430.0,417.05,419.4,329357
2017-12-05,419.8,420.73,412.5,416.63,259832
2017-12-06,416.68,422.0,413.63,417.28,345940
2017-12-07,415.13,429.9,415.13,425.23,539107
2017-12-08,424.05,449.7,424.05,445.45,1119573
2017-12-11,445.5,450.75,441.43,447.15,668758
2017-12-12,446.5,453.5,435.68,446.6,661594
2017-12-13,448.0,458.45,433.58,437.68,1221460
2017-12-14,436.0,437.45,424.9,429.85,645538
2017-12-15,433.08,437.0,426.05,431.45,555753
2017-12-18,431.45,445.0,421.4,443.2,584641
2017-12-19,443.0,447.93,438.5,442.38,405495
2017-12-20,442.0,448.0,439.13,444.95,312844
2017-12-21,455.5,467.4,455.0,462.23,1862461
2017-12-22,467.23,475.0,458.55,472.28,986735
2017-12-26,483.6,485.85,457.5,463.3,2422595
2017-12-27,455.0,465.0,452.5,456.9,909100
2017-12-28,457.5,459.0,450.0,450.75,495940
2017-12-29,451.15,457.25,450.0,451.1,507875
2018-01-01,452.48,454.4,449.0,450.0,160477
2018-01-02,450.5,452.45,438.5,444.6,644893
2018-01-03,444.9,457.75,444.5,456.98,552174
2018-01-04,458.75,459.5,452.0,452.8,454449
2018-01-05,452.8,456.98,452.0,455.1,416415
2018-01-08,455.55,458.0,453.75,456.08,211898
2018-01-09,456.45,461.45,453.13,457.43,542843
2018-01-10,457.55,461.43,454.55,455.88,449965
2018-01-11,450.75,456.0,448.3,449.78,434606
2018-01-12,451.3,460.58,442.53,455.05,669862
2018-01-15,455.95,458.0,451.1,452.33,345609
2018-01-16,451.5,454.7,442.65,450.13,475519
2018-01-17,448.0,450.85,444.0,448.25,549893
2018-01-18,450.0,451.45,444.2,446.6,274737
2018-01-19,446.5,449.0,444.0,445.18,185507
2018-01-22,445.53,452.38,443.3,447.5,428801
2018-01-23,450.0,451.63,441.15,443.18,509131
2018-01-24,443.18,443.18,435.03,438.03,362815
2018-01-25,445.75,449.73,437.5,438.63,880864
2018-01-29,440.05,448.7,440.05,446.8,601009
2018-01-30,446.83,447.5,442.38,442.98,234709
2018-01-31,440.63,449.25,440.63,448.15,709011
2018-02-01,447.0,454.5,436.1,449.5,970796
2018-02-02,448.1,448.1,428.68,431.4,792986
2018-02-05,425.0,439.5,424.3,437.6,524002
2018-02-06,431.5,435.68,422.53,433.25,502411
2018-02-07,437.45,439.45,431.05,432.58,230391
2018-02-08,437.55,446.4,433.7,442.45,836120
2018-02-09,433.95,442.5,432.5,439.1,486696
2018-02-12,440.0,450.0,437.05,447.25,926463
2018-02-14,450.0,453.0,445.0,447.43,652522
2018-02-15,449.9,451.48,442.13,444.15,247512
2018-02-16,445.0,448.5,439.3,445.83,891469
2018-02-19,448.5,449.4,442.5,448.05,336893
2018-02-20,448.83,449.75,444.38,447.1,174558
2018-02-21,447.55,455.18,443.55,451.58,739323
2018-02-22,452.0,452.88,441.35,442.75,512762
2018-02-23,442.5,453.45,440.18,450.35,901633
2018-02-26,449.8,451.85,444.4,445.75,628820
2018-02-27,446.03,448.68,441.63,442.9,475548
2018-02-28,441.13,454.4,437.5,450.48,1120499
2018-03-01,449.4,450.73,446.13,447.2,122382
2018-03-05,447.25,448.0,441.0,444.98,189643
2018-03-06,445.0,448.0,438.85,441.03,296228
2018-03-07,441.0,442.0,434.03,435.65,286307
2018-03-08,438.23,440.0,429.18,436.13,398428
2018-03-09,437.5,441.6,435.63,439.35,238316
2018-03-12,442.85,447.5,440.93,445.13,520945
2018-03-13,443.7,452.88,443.05,449.93,394375
2018-03-14,449.85,455.38,448.6,453.13,453808
2018-03-15,454.13,458.73,450.28,454.78,435607
2018-03-16,454.98,462.0,454.5,458.15,732530
2018-03-19,461.0,461.43,451.2,453.83,235720
2018-03-20,452.85,454.9,449.5,451.35,240585
2018-03-21,451.35,457.45,449.15,451.18,535727
2018-03-22,452.35,455.3,450.88,454.05,535576
2018-03-23,451.5,453.0,446.13,451.1,491815
2018-03-26,451.1,456.88,450.78,453.68,530753
2018-03-27,456.5,466.5,455.0,463.15,891006
2018-03-28,462.2,467.45,455.13,458.9,1084639
2018-04-02,459.25,472.35,459.23,470.7,822645
2018-04-03,470.18,482.5,468.6,481.58,770460
2018-04-04,483.5,489.65,475.25,478.53,609583
2018-04-05,479.78,488.3,479.6,483.18,379400
2018-04-06,485.0,491.03,484.18,489.53,303200
2018-04-09,491.35,499.5,489.55,495.65,641435
2018-04-10,496.95,504.88,492.1,500.08,707921
2018-04-11,506.35,506.35,491.8,492.6,579312
2018-04-12,490.08,504.3,487.5,502.95,637270
2018-04-13,504.5,514.2,503.5,512.45,926199
2018-04-16,516.48,522.98,512.0,519.23,1036816
2018-04-17,519.23,523.68,516.63,519.83,713419
2018-04-18,519.9,527.5,519.85,525.8,666465
2018-04-19,525.5,532.25,524.18,529.2,630602
2018-04-20,526.5,535.0,526.5,531.18,360833
2018-04-23,532.5,536.3,531.63,534.03,197511
2018-04-24,533.75,540.25,531.68,533.45,412316
2018-04-25,533.5,540.08,529.15,536.88,476632
2018-04-26,538.5,546.5,537.5,542.88,1150813
2018-04-27,542.5,549.5,531.53,534.35,490937
2018-04-30,536.0,545.0,534.0,543.1,312968
2018-05-02,544.0,555.0,543.3,551.43,456691
2018-05-03,555.0,555.88,538.03,542.53,608318
2018-05-04,540.0,543.03,530.28,535.28,516465
2018-05-07,536.0,542.5,532.5,540.45,349927
2018-05-08,540.45,554.85,539.98,552.43,422580
2018-05-09,553.0,555.45,540.95,545.33,367784
2018-05-10,543.5,549.65,541.05,544.23,257383
2018-05-11,545.15,552.45,545.15,551.58,330315
2018-05-14,552.5,558.95,547.05,551.05,370407
2018-05-15,551.0,562.4,542.48,545.55,767738
2018-05-16,543.5,548.95,540.53,546.93,552005
2018-05-17,549.0,549.95,534.23,536.08,577284
2018-05-18,536.0,544.95,532.88,540.7,685003
2018-05-21,541.95,554.5,540.6,547.78,558710
2018-05-22,551.0,561.5,548.83,559.05,578884
2018-05-23,561.5,567.5,540.05,544.18,1059131
2018-05-24,544.13,545.48,533.13,540.28,714606
2018-05-25,540.5,573.65,520.75,569.78,2422116
2018-05-28,572.0,579.7,564.13,577.23,1217933
2018-05-29,578.43,589.5,575.85,584.48,1315415
2018-05-30,582.65,597.7,578.78,593.9,2012873
2018-05-31,594.0,596.0,571.38,578.8,13140065
2018-06-01,576.33,577.35,557.0,559.68,883238
2018-06-04,563.5,573.83,553.0,560.18,1040512
2018-06-05,558.0,559.0,540.78,545.73,444345
2018-06-06,547.0,549.33,537.68,544.13,575198
2018-06-07,545.4,555.2,541.5,543.68,633611
2018-06-08,542.5,543.45,528.75,535.18,629503
2018-06-11,539.5,539.5,523.03,528.95,1137368
2018-06-12,530.0,533.0,525.75,529.3,935205
2018-06-13,531.95,545.65,530.53,541.7,747149
2018-06-14,544.98,550.9,539.13,541.5,649820
2018-06-15,544.55,549.25,536.5,541.93,465585
2018-06-18,545.0,545.0,536.15,539.03,351245
2018-06-19,538.63,539.38,527.05,530.05,379977
2018-06-20,530.0,539.0,529.13,536.38,336627
2018-06-21,537.35,538.55,516.95,519.15,563297
2018-06-22,512.5,528.0,509.58,525.35,911722
2018-06-25,525.35,531.73,518.55,521.28,367886
2018-06-26,525.0,530.9,518.78,527.43,417044
2018-06-27,529.25,529.3,520.0,521.75,304662
2018-06-28,517.55,523.0,512.58,514.15,444386
2018-06-29,520.58,534.48,517.0,531.75,642171
2018-07-02,531.68,542.9,527.55,529.85,458630
2018-07-03,530.45,538.98,530.0,532.03,437192
2018-07-04,532.5,537.0,528.35,534.7,191772
2018-07-05,535.0,538.23,529.35,531.25,243731
2018-07-06,529.0,535.78,525.6,528.3,379840
2018-07-09,531.88,538.48,530.25,534.45,240883
2018-07-10,537.5,541.35,533.8,537.2,362587
2018-07-11,539.75,549.25,537.65,542.6,716923
2018-07-12,545.08,553.75,540.5,542.45,916917
2018-07-13,545.68,545.68,530.53,532.25,327645
2018-07-16,534.5,534.5,518.15,526.5,415489
2018-07-17,525.5,536.23,524.5,528.98,303632
2018-07-18,530.0,539.35,528.2,530.05,385288
2018-07-19,532.48,535.18,520.5,522.8,303036
2018-07-20,520.0,523.78,514.5,515.48,388800
2018-07-23,520.65,528.8,520.65,525.2,385603
2018-07-24,522.6,540.15,522.6,538.48,560377
2018-07-25,542.98,562.0,538.5,558.83,831067
2018-07-26,558.98,566.15,547.53,557.18,872282
2018-07-27,562.5,565.55,555.45,564.1,658818
2018-07-30,564.98,568.5,557.5,558.85,280364
2018-07-31,559.85,564.9,552.3,561.73,480797
2018-08-01,566.95,573.9,562.05,565.23,880008
2018-08-02,562.0,562.0,540.78,550.4,1112545
2018-08-03,551.0,559.88,551.0,554.33,380237
2018-08-06,554.55,557.0,546.0,549.88,343219
2018-08-07,549.98,556.9,549.95,552.0,340628
2018-08-08,552.0,563.2,552.0,559.65,483056
2018-08-09,563.98,570.5,560.4,561.75,423755
2018-08-10,562.5,569.0,559.35,561.33,266920
2018-08-13,559.83,567.5,554.53,562.58,187581
2018-08-14,565.0,565.7,558.0,559.98,269231
2018-08-16,560.0,562.5,554.7,559.4,291679
2018-08-17,559.75,565.08,559.58,561.85,251250
2018-08-20,564.0,579.35,564.0,572.38,948387
2018-08-21,569.55,579.0,569.55,571.53,607552
2018-08-23,572.0,582.45,567.13,580.33,506018
2018-08-24,584.5,586.8,574.8,575.68,534170
2018-08-27,576.68,584.35,576.0,579.7,332840
2018-08-28,583.75,594.0,562.0,576.98,473290
2018-08-29,574.1,583.0,572.45,574.03,380024
2018-08-30,573.73,576.48,566.5,568.2,1085119
2018-08-31,569.6,587.9,568.55,584.33,819380
2018-09-03,588.4,589.4,580.78,582.85,403355
2018-09-04,583.75,585.18,554.5,560.55,472341
2018-09-05,555.03,572.5,555.03,567.38,927557
2018-09-06,568.38,581.9,564.1,575.9,487408
2018-09-07,577.4,582.5,571.0,579.8,380285
2018-09-10,577.0,579.48,568.23,571.73,544672
2018-09-11,572.0,578.0,555.0,556.83,559801
2018-09-12,558.4,568.48,546.15,550.48,758037
2018-09-14,554.6,571.63,554.15,568.33,484881
2018-09-17,563.0,564.9,551.0,554.75,427548
2018-09-18,555.5,565.8,555.33,557.28,395140
2018-09-19,563.95,564.75,553.18,559.78,226160
2018-09-21,560.0,572.63,541.0,568.43,837142
2018-09-24,565.0,565.0,545.0,546.48,541768
2018-09-25,546.5,556.5,540.0,550.1,471914
2018-09-26,551.05,558.0,534.48,538.05,466939
2018-09-27,538.25,539.0,525.6,528.23,395613
2018-09-28,528.08,529.88,512.55,522.93,460664
2018-10-01,520.1,525.0,495.5,520.6,556259
2018-10-03,521.05,522.35,495.28,497.93,963062
2018-10-04,492.5,492.5,478.98,483.88,499095
2018-10-05,482.75,496.0,479.45,483.43,549453
2018-10-08,485.0,492.98,473.83,486.43,613818
2018-10-09,490.0,490.65,447.5,457.13,844906
2018-10-10,461.5,479.75,458.03,476.43,340149
2018-10-11,468.43,483.93,449.28,479.83,408674
2018-10-12,485.0,501.73,484.65,496.65,626145
2018-10-15,499.0,500.7,488.3,494.48,348793
2018-10-16,494.0,505.0,491.53,495.8,598270
2018-10-17,498.8,502.45,479.45,481.08,325087
2018-10-19,484.0,493.3,467.48,485.3,597298
2018-10-22,488.0,496.33,476.1,486.05,542308
2018-10-23,479.5,484.3,448.5,461.78,831588
2018-10-24,465.5,473.38,454.28,471.2,641773
2018-10-25,466.0,474.28,461.85,466.8,368860
2018-10-26,469.5,470.5,459.03,468.15,257429
2018-10-29,469.0,482.7,461.5,480.78,344391
2018-10-30,486.0,486.0,465.1,467.8,500756
2018-10-31,469.0,481.95,457.8,479.43,936422
2018-11-01,481.9,494.93,477.5,488.68,662807
2018-11-02,495.0,502.5,489.73,494.65,635265
2018-11-05,494.85,524.35,489.05,515.95,921453
2018-11-06,517.48,517.48,495.03,498.23,524459
2018-11-07,500.0,507.98,498.5,505.83,120829
2018-11-09,507.0,523.35,500.03,521.0,463676
2018-11-12,523.48,524.78,507.5,513.43,319349
2018-11-13,514.5,534.0,510.0,531.63,536410
2018-11-14,539.85,553.5,532.53,548.18,873906
2018-11-15,544.35,557.0,538.48,554.13,486110
2018-11-16,554.5,561.13,550.53,559.45,396935
2018-11-19,561.0,566.35,555.3,561.3,452680
2018-11-20,560.0,566.5,557.5,564.05,456389
2018-11-21,564.28,579.95,564.28,577.7,696374
2018-11-22,573.55,582.35,573.13,579.13,438299
2018-11-26,580.3,584.35,572.55,578.53,578315
2018-11-27,578.5,590.25,573.48,585.08,455108
2018-11-28,582.55,593.15,577.5,579.75,573934
2018-11-29,580.05,597.4,564.05,592.55,1108481
2018-11-30,591.0,592.55,577.6,581.65,1278530
2018-12-03,578.05,584.5,571.2,575.9,366895
2018-12-04,576.53,588.0,574.0,580.65,464244
2018-12-05,580.65,589.0,573.6,578.53,677201
2018-12-06,578.35,578.35,565.05,567.35,576450
2018-12-07,567.5,575.85,561.8,570.05,335712
2018-12-10,557.75,564.0,553.65,561.53,377935
2018-12-11,559.5,568.45,552.63,560.63,310053
2018-12-12,567.45,578.1,556.45,576.08,736378
2018-12-13,579.98,585.0,574.03,581.1,443696
2018-12-14,577.5,591.0,577.5,583.6,566718
2018-12-17,584.05,598.18,578.08,592.65,691214
2018-12-18,594.0,594.9,582.53,584.1,442226
2018-12-19,586.45,605.73,584.23,600.5,1641102
2018-12-20,597.5,601.0,590.9,596.33,620909
2018-12-21,596.5,596.5,568.6,571.2,979123
2018-12-24,567.55,573.3,556.3,559.45,422796
2018-12-26,552.5,557.0,543.53,552.0,710367
2018-12-27,558.13,561.58,550.55,556.85,704527
2018-12-28,561.6,563.73,549.0,550.98,857279
2018-12-31,552.5,558.0,551.65,553.93,401950
2019-01-01,556.35,558.0,547.58,550.98,191084
2019-01-02,551.55,558.1,544.15,553.83,410838
2019-01-03,551.2,559.7,550.25,554.63,261246
2019-01-04,554.65,559.2,551.65,552.85,272802
2019-01-07,554.13,557.4,546.35,551.3,225286
2019-01-08,551.5,554.0,546.3,551.45,211092
2019-01-09,552.15,558.5,546.68,549.05,626835
2019-01-10,547.5,563.63,543.5,557.58,847082
2019-01-11,558.0,566.5,551.8,554.63,1029534
2019-01-14,557.45,570.38,550.0,567.33,1001695
2019-01-15,569.95,589.38,567.85,584.45,1538604
2019-01-16,582.25,585.85,575.1,577.0,408227
2019-01-17,578.48,582.83,574.35,575.78,323531
2019-01-18,576.0,581.3,570.18,574.4,289024
2019-01-21,575.0,584.0,572.0,577.58,329568
2019-01-22,580.0,583.75,572.73,576.4,553067
2019-01-23,580.3,580.98,564.25,565.73,544213
2019-01-24,555.03,569.73,545.5,554.68,2220551
2019-01-25,559.5,568.8,554.58,564.9,1102595
2019-01-28,566.0,567.5,549.05,551.0,428568
2019-01-29,550.33,559.95,545.63,552.93,313627
2019-01-30,550.0,559.0,536.08,555.05,1000557
2019-01-31,553.05,562.5,545.75,559.88,1103140
2019-02-01,560.48,572.0,556.25,561.4,944639
2019-02-04,557.0,566.98,548.05,560.6,740899
2019-02-05,562.78,567.1,557.98,559.65,360603
2019-02-06,560.03,566.13,557.05,562.5,242917
2019-02-07,560.0,583.95,560.0,581.83,683439
2019-02-08,580.03,583.55,571.05,575.05,504854
2019-02-11,575.0,580.95,558.63,562.78,296657
2019-02-12,563.5,571.45,554.25,567.93,667613
2019-02-13,571.98,572.18,560.75,564.83,297669
2019-02-14,565.03,565.95,555.55,556.7,290641
2019-02-15,556.95,558.93,540.08,548.05,565406
2019-02-18,548.48,552.5,523.1,539.88,1090272
2019-02-19,539.95,546.5,526.08,528.15,570531
2019-02-20,528.25,542.35,528.25,537.48,385171
2019-02-21,537.55,541.5,533.08,536.98,267663
2019-02-22,535.7,543.43,532.75,538.35,289402
2019-02-25,538.55,555.9,538.0,552.85,672893
2019-02-26,552.0,566.0,540.0,563.3,474694
2019-02-27,561.78,577.0,557.03,573.63,1053018
2019-02-28,575.0,580.95,570.18,576.23,628267
2019-03-01,575.5,579.38,566.05,572.08,359987
2019-03-05,575.0,577.25,568.1,571.15,282747
2019-03-06,573.48,584.85,568.4,571.03,944322
2019-03-07,572.25,574.95,565.0,566.98,310567
2019-03-08,568.23,569.98,556.1,562.25,442801
2019-03-11,562.78,570.83,562.15,569.08,390822
2019-03-12,572.58,574.7,564.0,565.88,696383
2019-03-13,567.03,591.0,565.58,588.2,1467625
2019-03-14,595.0,595.0,581.05,584.98,1351930
2019-03-15,585.5,596.93,580.0,582.73,718477
2019-03-18,583.75,590.85,580.5,587.68,325288
2019-03-19,587.63,595.0,585.05,588.2,436846
2019-03-20,591.0,593.5,582.5,588.38,434584
2019-03-22,587.5,600.0,587.5,592.5,668502
2019-03-25,588.5,592.5,583.5,589.78,222241
2019-03-26,587.05,620.0,587.05,613.28,2027145
2019-03-27,615.0,618.53,606.78,612.0,900753
2019-03-28,612.5,621.75,608.5,612.98,739727
2019-03-29,617.0,625.0,613.25,623.13,655264
2019-04-01,625.0,633.0,622.83,626.33,526908
2019-04-02,629.98,632.5,621.0,629.05,381462
2019-04-03,631.78,648.5,626.28,638.5,1154984
2019-04-04,642.48,647.25,631.75,644.05,1011307
2019-04-05,644.5,647.98,640.1,643.3,273778
2019-04-08,642.5,644.6,636.05,642.48,343351
2019-04-09,639.28,639.45,631.83,637.33,318969
2019-04-10,635.0,643.1,635.0,641.08,274600
2019-04-11,640.5,647.78,635.03,638.68,396839
2019-04-12,640.4,647.0,638.68,645.1,327863
2019-04-15,642.13,656.3,640.0,650.4,617495
2019-04-16,650.0,651.5,643.75,645.88,209130
2019-04-18,642.48,651.35,626.05,627.75,487810
2019-04-22,625.0,625.98,611.75,614.98,292709
2019-04-23,612.9,615.0,597.5,603.43,749531
2019-04-24,606.5,613.75,605.0,610.98,387858
2019-04-25,611.75,619.15,602.5,604.05,857055
2019-04-26,608.9,614.93,604.0,610.7,341399
2019-04-30,612.0,621.5,605.8,617.28,506068
2019-05-02,614.5,627.5,612.6,614.4,1283973
2019-05-03,619.23,619.23,596.78,600.75,624114
2019-05-06,600.0,600.0,589.0,593.93,612571
2019-05-07,594.68,599.95,587.0,589.35,345642
2019-05-08,589.15,591.6,578.85,582.18,422536
2019-05-09,583.5,589.33,577.23,579.75,307441
2019-05-10,580.0,589.38,576.5,583.93,303672
2019-05-13,583.6,587.05,575.03,577.23,214577
2019-05-14,575.0,578.63,565.65,569.6,537325
2019-05-15,549.5,589.35,547.5,582.28,2844997
2019-05-16,577.65,584.85,572.53,576.93,550396
2019-05-17,578.7,587.4,574.2,581.1,619197
2019-05-20,590.0,615.0,585.8,608.5,759417
2019-05-21,609.0,609.0,593.05,599.93,528609
2019-05-22,602.45,607.98,591.28,605.8,401367
2019-05-23,608.33,615.0,597.73,599.8,511235
2019-05-24,604.0,625.0,592.63,618.8,993693
2019-05-27,617.4,620.93,608.45,614.5,500765
2019-05-28,617.0,637.5,612.3,633.08,1320148
2019-05-29,632.23,637.5,625.03,635.5,516483
2019-05-30,634.9,641.03,630.0,634.35,660117
2019-05-31,634.0,650.7,632.05,644.83,1080171
2019-06-03,648.85,652.1,641.2,647.85,595015
2019-06-04,646.4,646.53,636.75,639.75,659730
2019-06-06,643.5,643.5,630.5,635.1,537351
2019-06-07,632.78,633.2,623.0,627.85,719114
2019-06-10,632.4,645.9,630.75,641.73,602858
2019-06-11,641.0,652.4,641.0,644.33,543616
2019-06-12,647.5,647.53,637.65,639.93,485348
2019-06-13,636.0,636.0,623.55,625.45,866196
2019-06-14,625.03,625.45,619.23,622.0,807664
2019-06-17,622.0,627.5,617.58,621.03,521993
2019-06-18,621.18,622.85,616.0,618.9,452457
2019-06-19,620.53,631.3,618.0,622.7,473742
2019-06-20,622.55,630.68,617.53,625.83,571910
2019-06-21,620.55,625.33,606.0,616.5,744514
2019-06-24,613.5,616.2,607.58,613.15,201599
2019-06-25,612.5,620.53,610.5,616.78,365236
2019-06-26,614.0,620.0,607.65,613.0,654584
2019-06-27,612.13,616.0,608.4,611.58,583606
2019-06-28,613.0,615.93,604.55,607.23,453474
2019-07-01,608.5,611.0,599.78,603.23,385209
2019-07-02,606.0,608.13,600.58,605.0,625099
2019-07-03,608.15,613.0,607.13,610.48,526010
2019-07-04,610.0,621.1,610.0,613.43,755871
2019-07-05,614.75,619.25,600.03,603.13,785473
2019-07-08,602.5,602.5,590.0,599.8,248508
2019-07-09,600.0,600.0,584.05,588.88,419030
2019-07-10,589.13,593.88,586.5,591.63,195181
2019-07-11,592.03,597.0,586.85,593.65,308722
2019-07-12,592.08,597.25,589.9,592.63,170431
2019-07-15,593.0,603.98,590.28,600.9,372252
2019-07-16,600.5,613.0,596.03,609.0,292887
2019-07-17,612.5,619.95,612.5,614.63,499648
2019-07-18,614.5,617.75,608.1,613.93,531894
2019-07-19,614.5,615.2,596.03,597.68,468517
2019-07-22,594.68,600.18,588.0,599.1,238547
2019-07-23,602.0,605.5,594.0,603.23,381708
2019-07-24,603.13,624.5,591.25,616.38,629591
2019-07-25,619.0,622.13,610.0,617.28,529053
2019-07-26,617.0,627.0,613.0,621.95,641034
2019-07-29,619.45,623.1,611.78,620.35,340985
2019-07-30,622.0,625.4,612.5,614.35,517788
2019-07-31,616.48,622.5,607.93,620.3,524318
2019-08-01,621.73,622.25,599.18,605.7,743010
2019-08-02,604.33,634.7,593.05,628.35,1054407
2019-08-05,624.5,638.88,620.18,636.5,1115406
2019-08-06,634.9,661.85,633.55,654.35,1783908
2019-08-07,660.0,660.43,642.2,644.95,1043113
2019-08-08,648.33,666.5,643.0,664.43,883898
2019-08-09,669.45,679.33,667.15,675.88,964952
2019-08-13,674.5,685.5,668.65,672.05,733999
2019-08-14,674.5,679.95,665.6,673.6,532645
2019-08-16,677.5,686.5,670.0,684.73,457314
2019-08-19,685.0,692.0,677.93,684.55,515584
2019-08-20,685.0,691.98,680.43,685.6,710199
2019-08-21,686.0,688.98,680.5,683.15,329601
2019-08-22,684.65,684.68,672.78,680.68,391405
2019-08-23,679.98,687.0,677.53,679.85,337283
2019-08-26,685.0,694.85,673.5,693.18,327470
2019-08-27,695.0,700.0,684.63,685.93,716166
2019-08-28,688.0,694.0,681.58,689.18,423936
2019-08-29,686.48,692.5,679.18,687.08,400836
2019-08-30,688.98,691.25,682.4,688.85,427560
2019-09-03,688.45,690.83,672.53,674.33,328575
2019-09-04,675.98,682.1,667.53,680.33,391782
2019-09-05,680.98,686.48,678.03,684.68,291419
2019-09-06,685.05,688.43,679.68,686.08,182002
2019-09-09,687.0,690.25,683.05,687.35,210738
2019-09-11,689.5,691.48,683.0,687.45,386590
2019-09-12,687.0,694.33,682.55,685.73,447645
2019-09-13,687.45,690.5,682.8,688.75,374292
2019-09-16,682.0,682.5,667.83,679.58,513106
2019-09-17,678.2,678.2,658.0,661.15,730346
2019-09-18,653.6,662.75,646.0,654.88,1262241
2019-09-19,652.5,655.9,646.03,647.28,298617
2019-09-20,650.0,711.0,644.0,704.38,1553642
2019-09-23,717.5,746.0,715.0,740.68,947082
2019-09-24,746.35,746.75,725.4,728.4,454330
2019-09-25,728.4,728.4,705.55,719.35,352260
2019-09-26,721.1,730.9,718.95,727.05,392306
2019-09-27,724.95,744.9,720.23,738.4,538268
2019-09-30,738.5,738.5,715.55,721.88,426995
2019-10-01,725.13,733.63,713.63,719.63,424063
2019-10-03,722.45,723.95,688.78,696.58,435985
2019-10-04,696.98,699.15,682.0,683.93,503733
2019-10-07,684.0,689.15,676.55,683.0,212755
2019-10-09,685.9,688.0,667.0,668.28,1136102
2019-10-10,668.0,684.73,661.5,679.43,609318
2019-10-11,682.08,691.0,680.6,682.95,372552
2019-10-14,685.03,692.4,679.5,681.13,371171
2019-10-15,684.5,694.78,675.78,689.63,399563
2019-10-16,690.0,692.45,679.03,680.45,562026
2019-10-17,680.5,687.43,676.5,678.6,1002807
2019-10-18,680.0,689.0,672.0,675.75,826406
2019-10-22,680.25,691.0,672.03,675.1,1264508
2019-10-23,679.33,681.2,660.5,662.63,803210
2019-10-24,667.5,683.98,665.75,681.4,544438
2019-10-25,684.45,689.95,666.5,669.38,957873
2019-10-27,675.0,677.45,672.73,675.5,80658
2019-10-29,679.0,683.25,675.6,680.33,667979
2019-10-30,687.0,687.0,674.6,682.6,532190
2019-10-31,683.28,707.0,683.28,700.8,1316249
2019-11-01,704.5,712.23,696.55,698.98,695464
2019-11-04,704.0,704.0,692.5,699.73,461969
2019-11-05,702.5,702.5,688.5,694.4,425650
2019-11-06,698.4,698.7,684.3,685.55,485868
2019-11-07,690.0,692.93,683.2,691.3,331074
2019-11-08,691.05,694.35,672.75,677.08,422960
2019-11-11,680.0,680.53,659.0,660.55,540826
2019-11-13,660.5,673.2,657.3,662.0,1386806
2019-11-14,659.0,674.95,653.88,672.2,1435858
2019-11-15,672.5,672.5,657.18,658.33,699645
2019-11-18,659.73,661.48,650.5,652.63,563361
2019-11-19,652.5,653.0,644.0,649.08,694313
2019-11-20,650.05,666.5,650.05,664.05,867482
2019-11-21,665.28,667.25,648.0,649.88,494379
2019-11-22,651.5,658.23,644.23,648.95,415673
2019-11-25,652.95,653.05,639.0,650.18,633584
2019-11-26,651.5,662.1,647.58,652.8,1030141
2019-11-27,656.85,660.9,653.0,656.63,365347
2019-11-28,656.63,663.75,652.33,655.3,619223
2019-11-29,656.0,660.0,650.0,651.5,289052
2019-12-02,655.0,662.43,645.0,660.13,488429
2019-12-03,662.7,665.5,657.78,660.8,416328
2019-12-04,660.0,663.98,656.58,660.18,237371
2019-12-05,659.95,662.5,653.78,655.48,310467
2019-12-06,656.45,669.0,654.08,657.85,639145
2019-12-09,659.45,667.5,657.0,663.55,345045
2019-12-10,663.68,665.9,658.75,659.78,231499
2019-12-11,660.48,666.5,660.05,665.18,178858
2019-12-12,665.0,670.0,661.83,665.53,349820
2019-12-13,668.95,668.95,659.35,662.23,287140
2019-12-16,662.23,667.7,656.38,657.63,209369
2019-12-17,660.45,665.58,654.0,663.78,323935
2019-12-18,664.4,686.5,663.88,682.35,993482
2019-12-19,684.95,692.0,683.5,688.4,1005159
2019-12-20,688.55,692.6,687.0,688.78,558189
2019-12-23,688.0,693.35,680.83,688.55,244310
2019-12-24,690.0,693.93,682.5,688.45,222884
2019-12-26,692.05,698.0,688.5,695.05,577261
2019-12-27,699.0,703.1,695.25,699.13,454312
2019-12-30,701.0,704.7,697.53,703.33,216539
2019-12-31,700.48,703.43,692.58,693.45,274758
2020-01-01,694.03,706.0,693.5,702.68,252523
2020-01-02,702.5,705.5,697.75,699.53,206412
2020-01-03,697.75,701.45,695.78,698.83,243932
2020-01-06,693.68,697.45,690.98,693.85,789499
2020-01-07,695.05,715.93,695.0,699.85,863685
2020-01-08,696.05,703.65,694.5,701.78,259791
2020-01-09,705.28,712.73,703.55,707.2,510894
2020-01-10,710.0,716.43,704.58,707.58,2584478
2020-01-13,709.95,717.2,707.55,712.75,297267
2020-01-14,712.75,715.85,708.5,713.6,285820
2020-01-15,713.4,719.35,707.55,716.03,392459
2020-01-16,715.63,728.0,715.03,726.33,569179
2020-01-17,726.75,727.6,717.1,723.93,489591
2020-01-20,725.0,732.5,719.1,720.2,326309
2020-01-21,719.63,720.0,706.25,707.38,235201
2020-01-22,711.83,722.48,709.4,714.28,348810
2020-01-23,714.53,723.5,710.0,722.2,208565
2020-01-24,720.0,730.75,718.05,728.8,501998
2020-01-27,729.1,740.85,725.5,738.35,767088
2020-01-28,737.0,739.55,726.05,730.8,306007
2020-01-29,733.1,754.95,733.1,748.35,634978
2020-01-30,767.5,772.5,747.5,760.43,2558856
2020-01-31,764.9,769.0,752.63,756.03,769665
2020-02-01,753.0,763.43,737.5,742.75,316425
2020-02-03,742.75,787.2,742.75,781.93,1152095
2020-02-04,785.0,787.0,772.95,778.5,602331
2020-02-05,779.33,781.0,771.05,775.48,453158
2020-02-06,775.65,779.38,761.75,775.2,734417
2020-02-07,770.5,789.95,770.5,779.45,532132
2020-02-10,779.45,790.9,773.5,787.98,400881
2020-02-11,793.0,799.5,787.03,791.68,553412
2020-02-12,791.68,799.0,790.2,794.63,330061
2020-02-13,795.0,796.5,787.55,789.0,245969
2020-02-14,791.05,803.5,789.3,791.68,492096
2020-02-17,791.05,803.0,787.55,789.2,361953
2020-02-18,802.5,802.5,783.75,789.93,372394
2020-02-19,791.45,799.4,788.3,796.88,230133
2020-02-20,795.05,798.9,785.85,787.65,269015
2020-02-24,788.0,791.98,775.75,777.75,292191
2020-02-25,775.05,788.5,775.05,778.08,306941
2020-02-26,775.0,781.48,763.1,767.85,333649
2020-02-27,768.0,781.9,762.5,776.53,694155
2020-02-28,775.0,775.0,747.8,756.55,870565
2020-03-02,765.0,780.0,755.55,766.38,512147
2020-03-03,766.55,777.48,758.53,769.3,421051
2020-03-04,770.05,793.5,766.78,790.93,1637076
2020-03-05,804.0,822.5,796.05,814.85,1515933
2020-03-06,784.55,830.6,784.55,826.9,1594839
2020-03-09,834.5,845.0,804.05,819.73,1681937
2020-03-11,811.13,854.95,810.48,849.88,1821511
2020-03-12,835.05,837.5,793.38,796.08,1831680
2020-03-13,737.5,784.6,677.53,761.9,2482379
2020-03-16,751.0,757.5,728.9,740.3,1162178
2020-03-17,737.35,796.0,734.9,779.48,1379568
2020-03-18,782.53,798.98,737.5,748.15,1335464
2020-03-19,720.15,748.95,664.0,722.85,1545813
2020-03-20,729.5,771.98,711.55,750.78,998268
2020-03-23,678.0,731.5,607.0,635.6,1000516
2020-03-24,629.25,674.85,617.05,637.55,901937
2020-03-25,632.5,658.15,592.78,635.55,1056223
2020-03-26,657.48,664.4,626.3,633.95,1049414
2020-03-27,657.0,662.48,630.58,649.58,1044845
2020-03-30,637.5,649.48,614.65,641.6,660018
2020-03-31,660.0,684.03,638.98,678.2,1146704
2020-04-01,677.5,687.2,645.0,648.65,641314
2020-04-03,649.5,650.2,598.2,607.95,1310167
2020-04-07,624.0,652.5,609.6,648.15,986918
2020-04-08,648.15,692.35,641.83,651.68,894276
2020-04-09,669.0,684.0,659.08,674.35,602391
2020-04-13,675.25,705.0,658.53,688.88,1016607
2020-04-15,702.28,745.2,700.0,737.5,1706028
2020-04-16,740.0,747.45,733.18,737.9,1028043
2020-04-17,755.53,759.43,728.65,735.5,761950
2020-04-20,735.55,749.45,723.0,732.93,618633
2020-04-21,718.25,741.98,711.05,737.85,1079429
2020-04-22,737.85,773.5,728.55,769.13,1431177
2020-04-23,774.23,792.0,765.58,769.6,1389946
2020-04-24,766.05,788.4,750.08,752.6,1241873
2020-04-27,762.5,779.0,752.58,770.25,922147
2020-04-28,783.7,786.58,762.48,777.23,773625
2020-04-29,780.0,783.8,754.78,758.9,571059
2020-04-30,770.0,771.33,753.23,763.5,814819
2020-05-04,740.0,760.75,710.1,712.33,817610
2020-05-05,717.5,725.55,691.03,696.73,1202073
2020-05-06,698.05,725.03,688.1,715.28,1106858
2020-05-07,717.0,721.43,673.28,676.53,1641697
2020-05-08,686.9,694.5,675.9,684.18,944412
2020-05-11,690.0,694.2,679.2,688.73,660493
2020-05-12,685.0,689.93,667.88,678.0,667788
2020-05-13,700.0,700.0,681.03,692.68,549132
2020-05-14,688.5,688.5,670.7,680.48,665394
2020-05-15,682.98,692.5,677.78,686.63,539398
2020-05-18,685.0,688.03,665.0,671.33,770105
2020-05-19,679.95,691.95,665.2,681.25,626691
2020-05-20,681.55,688.5,673.13,685.05,398983
2020-05-21,685.0,712.48,681.2,709.73,1053208
2020-05-22,709.73,714.9,695.0,698.85,636230
2020-05-26,702.5,719.5,700.25,706.23,793658
2020-05-27,703.28,713.93,697.5,701.4,571770
2020-05-28,703.0,717.48,701.4,712.68,915640
2020-05-29,713.0,742.93,708.7,734.2,1574181
2020-06-01,744.0,752.0,733.23,736.58,924436
2020-06-02,741.85,755.0,735.9,745.4,731527
2020-06-03,750.0,766.48,745.83,755.08,751288
2020-06-04,757.5,764.48,743.8,748.43,590079
2020-06-05,753.23,759.0,743.03,754.15,687596
2020-06-08,759.9,761.5,745.0,746.15,600577
2020-06-09,753.4,753.4,729.15,733.65,896381
2020-06-10,734.05,741.98,725.0,727.38,712634
2020-06-11,727.58,728.75,705.5,708.65,623076
2020-06-12,695.0,722.0,692.2,715.03,913916
2020-06-15,724.5,734.55,711.28,715.98,714226
2020-06-16,722.03,731.53,706.25,715.63,1626083
2020-06-17,718.0,736.5,713.4,716.08,1357122
2020-06-18,716.08,722.48,691.55,695.58,1798258
2020-06-19,699.45,707.5,694.1,699.43,2590585
2020-06-22,700.0,708.73,694.0,695.5,1069603
2020-06-23,700.08,711.75,697.55,704.85,1172240
2020-06-24,708.0,718.83,700.0,702.08,957909
2020-06-25,701.5,706.48,689.3,690.98,927305
2020-06-26,696.0,704.8,686.8,693.9,906145
2020-06-29,693.08,700.0,690.58,692.45,381374
2020-06-30,695.85,699.7,683.13,686.05,517776
2020-07-01,691.63,691.98,678.8,685.38,656829
2020-07-02,690.0,696.0,682.58,694.28,630207
2020-07-03,700.0,702.0,690.8,694.73,521034
2020-07-06,697.5,704.5,693.5,694.68,726731
2020-07-07,699.98,709.75,697.3,699.65,1079432
2020-07-08,703.45,707.0,690.3,693.28,483074
2020-07-09,694.85,700.45,685.53,689.95,775901
2020-07-10,689.38,694.25,685.55,691.43,333199
2020-07-13,695.0,702.5,691.5,697.68,542091
2020-07-14,696.45,697.48,688.83,690.3,441847
2020-07-15,691.78,696.3,682.65,684.93,481525
2020-07-16,686.75,692.45,670.0,691.05,729965
2020-07-17,692.75,702.5,690.0,696.3,589565
2020-07-20,698.73,722.0,697.8,720.25,1520226
2020-07-21,725.0,726.65,699.25,701.43,847867
2020-07-22,704.95,705.5,685.45,691.98,628839
2020-07-23,693.0,701.7,687.0,690.43,631814
2020-07-24,687.5,694.3,684.5,689.33,623237
2020-07-27,689.03,692.5,675.25,678.1,1110962
2020-07-28,682.85,683.58,671.0,676.9,1289612
2020-07-29,680.5,691.75,678.0,685.43,819945
2020-07-30,688.0,690.88,671.5,674.53,755007
2020-07-31,674.0,682.78,670.23,678.5,536618
2020-08-03,678.5,684.55,670.55,672.65,604305
2020-08-04,679.38,679.38,667.53,671.4,811295
2020-08-05,675.0,675.48,655.53,657.53,1924417
2020-08-06,662.5,667.5,653.48,665.98,2362657
2020-08-07,664.9,696.85,661.55,689.15,3871685
2020-08-10,692.45,704.45,679.05,699.45,1583731
2020-08-11,702.5,705.0,688.65,690.0,746479
2020-08-12,690.4,696.9,681.18,682.25,714846
2020-08-13,684.0,693.75,683.35,690.05,821228
2020-08-14,690.48,704.4,684.05,685.8,1173257
2020-08-17,690.0,694.7,678.55,690.18,563705
2020-08-18,693.5,716.5,692.0,705.65,2358632
2020-08-19,712.5,736.63,705.55,724.78,2513507
2020-08-20,724.78,731.25,717.5,724.9,1058848
2020-08-21,731.4,739.7,722.78,728.25,1286385
2020-08-24,733.4,744.0,728.5,734.33,1194493
2020-08-25,738.43,744.88,727.53,737.15,978004
2020-08-26,738.0,742.93,729.03,734.23,758778
2020-08-27,737.0,752.15,731.15,735.48,1493305
2020-08-28,739.05,740.5,721.2,722.75,650405
2020-08-31,727.5,730.5,697.5,701.4,1247299
2020-09-01,715.43,718.13,702.6,711.03,614962
2020-09-02,714.13,728.48,704.08,706.83,913596
2020-09-03,709.05,727.5,709.05,724.58,760320
2020-09-04,718.45,732.25,709.03,718.08,785261
2020-09-07,721.5,726.88,711.08,720.88,437212
2020-09-08,721.05,742.5,714.98,723.33,1133124
2020-09-09,725.48,736.45,720.33,729.53,1145175
2020-09-10,734.65,744.85,731.0,737.68,954829
2020-09-11,737.5,749.35,737.03,744.2,911773
2020-09-14,746.5,752.05,735.0,740.35,503502
2020-09-15,740.55,757.5,740.5,749.28,1338009
2020-09-16,755.0,756.95,743.2,746.73,553661
2020-09-17,742.0,758.5,733.83,735.85,695241
2020-09-18,742.58,742.58,723.28,727.55,808048
2020-09-21,727.5,730.38,705.28,722.58,867301
2020-09-22,719.5,719.98,697.2,713.68,461471
2020-09-23,716.95,728.5,707.05,710.43,733213
2020-09-24,704.0,713.5,697.5,699.75,643409
2020-09-25,703.85,710.75,695.0,706.5,434351
2020-09-28,710.0,721.0,710.0,718.18,336450
2020-09-29,723.0,728.2,711.33,714.08,468025
2020-09-30,716.75,720.0,707.5,717.13,647016
2020-10-01,722.0,733.85,717.0,731.5,670055
2020-10-05,739.5,739.5,722.0,723.38,508363
2020-10-06,722.5,740.0,722.5,735.35,874130
2020-10-07,734.95,752.0,731.2,746.83,1292790
2020-10-08,748.0,756.9,736.28,743.28,583661
2020-10-09,744.0,745.8,732.68,736.05,481806
2020-10-12,739.3,743.75,732.5,739.75,438869
2020-10-13,739.05,749.4,736.53,741.5,689940
2020-10-14,743.98,747.23,737.75,743.35,519446
2020-10-15,743.35,751.5,734.58,738.23,649880
2020-10-16,736.25,746.7,736.0,740.63,423856
2020-10-19,743.0,771.0,740.63,768.0,1492582
2020-10-20,771.0,775.68,759.78,762.43,1254669
2020-10-21,765.05,770.45,742.05,748.4,928700
2020-10-22,749.0,754.43,735.43,737.75,683622
2020-10-23,741.5,752.5,739.08,750.15,582170
2020-10-26,753.0,754.35,732.08,737.33,411255
2020-10-27,735.0,764.95,735.0,763.0,1221926
2020-10-28,764.0,773.0,756.0,759.3,734257
2020-10-29,766.5,800.0,763.03,795.43,4759520
2020-10-30,795.43,796.0,778.73,785.2,1232876
2020-11-02,790.0,799.78,776.38,778.23,705225
2020-11-03,777.5,794.0,777.5,782.8,656702
2020-11-04,785.0,790.35,774.08,781.25,703182
2020-11-05,800.5,806.43,786.83,794.7,2609307
2020-11-06,794.73,810.0,792.03,798.35,1195534
2020-11-09,802.0,803.0,793.33,797.63,679932
2020-11-10,800.0,802.33,785.0,786.85,762850
2020-11-11,789.0,797.28,770.95,782.13,1069040
2020-11-12,782.0,790.95,778.88,785.75,610795
2020-11-13,785.0,794.98,781.13,782.35,590942
2020-11-14,787.5,794.18,786.03,790.48,136023
2020-11-17,798.23,798.7,778.08,780.95,941894
2020-11-18,783.9,787.5,776.78,781.65,651965
2020-11-19,777.5,793.0,776.98,779.2,914809
2020-11-20,782.2,787.18,778.05,780.1,628267
2020-11-23,781.05,795.0,778.6,792.6,1000851
2020-11-24,795.65,805.93,790.63,793.2,1169594
2020-11-25,794.5,796.4,770.0,772.05,625522
2020-11-26,774.5,781.23,761.78,766.8,932942
2020-11-27,771.9,777.25,750.3,771.28,2812113
2020-12-01,778.95,781.28,767.15,775.53,642065
2020-12-02,777.48,802.38,776.0,799.88,1175274
2020-12-03,810.0,810.0,796.38,807.53,1120979
2020-12-04,810.0,816.0,797.6,803.35,1010532
2020-12-07,803.48,815.45,802.0,807.6,535863
2020-12-08,809.05,818.75,800.05,805.58,623483
2020-12-09,809.5,815.0,807.53,810.28,413342
2020-12-10,809.68,828.98,806.4,825.68,1147367
2020-12-11,829.2,833.93,815.05,819.3,853053
2020-12-14,824.9,826.25,812.0,813.65,373871
2020-12-15,814.93,817.28,806.15,810.23,422836
2020-12-16,813.0,820.45,810.0,812.98,1083111
2020-12-17,815.0,826.0,813.18,814.83,846175
2020-12-18,817.25,871.48,817.25,865.9,7057251
2020-12-21,865.0,865.5,821.7,841.1,1188984
2020-12-22,842.05,863.9,822.93,859.35,1094941
2020-12-23,867.0,889.0,858.08,866.28,2126080
2020-12-24,872.5,876.28,857.3,865.93,532060
2020-12-28,870.0,884.5,864.03,878.68,785307
2020-12-29,878.68,885.5,869.0,877.0,579335
2020-12-30,877.25,884.98,870.3,874.85,711918
2020-12-31,876.5,887.0,872.53,882.83,708860
2021-01-01,886.43,892.25,881.28,885.4,539058
2021-01-04,887.25,895.0,882.55,892.48,372161
2021-01-05,899.98,903.45,878.5,900.28,540889
2021-01-06,900.28,900.28,885.0,897.7,588130
2021-01-07,899.0,909.55,880.0,884.48,972924
2021-01-08,891.15,911.95,885.83,909.53,803362
2021-01-11,909.53,921.0,904.0,916.58,632157
2021-01-12,916.45,916.45,898.35,900.05,579402
2021-01-13,904.95,907.5,885.5,896.55,530319
2021-01-14,897.0,901.98,887.33,895.0,457266
2021-01-15,892.5,897.78,870.68,873.48,986643
2021-01-18,870.5,878.45,857.33,863.43,768018
2021-01-19,869.0,880.83,864.58,868.18,525026
2021-01-20,871.0,898.35,869.03,879.33,884517
2021-01-21,880.0,909.75,880.0,887.78,910040
2021-01-22,889.85,897.23,865.95,867.63,697476
2021-01-25,874.88,889.88,871.1,882.75,899845
2021-01-27,887.85,888.33,847.53,855.95,769593
2021-01-28,852.5,864.0,849.4,858.13,593873
2021-01-29,868.0,870.48,831.9,835.13,1693937
2021-02-01,849.0,865.98,832.5,858.15,789584
2021-02-02,868.0,889.75,860.53,880.53,870067
2021-02-03,882.5,889.4,867.5,869.7,476331
2021-02-04,874.03,885.75,865.5,879.98,697214
2021-02-05,880.98,882.5,862.5,864.38,407166
2021-02-08,866.3,877.5,864.83,866.85,290007
2021-02-09,869.5,899.0,867.55,881.03,1367744
2021-02-10,882.38,891.0,871.5,878.58,412296
2021-02-11,876.13,896.98,875.18,885.93,639783
2021-02-12,888.5,894.0,875.73,880.35,360521
2021-02-15,883.05,897.73,879.55,883.3,725334
2021-02-16,885.5,897.5,882.93,894.58,1014212
2021-02-17,900.0,904.45,880.0,882.7,923495
2021-02-18,885.2,899.23,882.53,895.9,817892
2021-02-19,893.75,902.5,887.0,890.68,723792
2021-02-22,889.0,895.28,865.0,871.13,619247
2021-02-23,875.5,881.95,857.5,862.93,500564
2021-02-24,864.0,867.48,853.38,862.55,232878
2021-02-25,860.0,867.2,847.98,859.65,1554132
2021-02-26,850.5,865.95,837.5,842.98,1045945
2021-03-01,853.0,855.48,842.33,849.08,518934
2021-03-02,855.5,867.5,850.75,864.68,475037
2021-03-03,867.0,885.5,865.58,882.3,465825
2021-03-04,879.2,887.5,872.4,880.65,370831
2021-03-05,874.98,892.0,868.03,878.83,720081
2021-03-08,878.93,879.98,857.13,858.58,523950
2021-03-09,864.95,872.95,862.58,868.03,334611
2021-03-10,873.5,877.0,862.65,868.53,297373
2021-03-12,870.5,873.33,860.25,861.55,205343
2021-03-15,863.0,866.03,847.98,856.65,346391
2021-03-16,858.5,869.5,852.65,860.05,330689
2021-03-17,861.7,871.78,857.5,861.78,355972
2021-03-18,864.55,870.5,850.35,856.95,334986
2021-03-19,852.0,880.7,840.5,875.53,739388
2021-03-22,884.5,891.9,869.08,880.95,617685
2021-03-23,880.5,904.48,877.3,894.03,1074844
2021-03-24,894.0,907.48,892.5,897.3,687944
2021-03-25,897.38,905.6,879.0,882.2,422753
2021-03-26,888.43,907.45,882.63,900.18,626624
2021-03-30,916.0,919.15,905.05,913.23,624454
2021-03-31,915.0,917.75,900.5,904.7,496766
2021-04-01,905.5,916.5,904.55,911.58,462214
2021-04-05,912.0,920.5,893.25,899.75,363509
2021-04-06,900.35,944.28,894.53,937.2,1240064
2021-04-07,935.0,948.5,929.5,944.2,620343
2021-04-08,945.2,962.0,939.15,952.8,819770
2021-04-09,950.0,964.25,947.05,959.9,509301
2021-04-12,950.0,951.15,920.15,924.65,726331
2021-04-13,925.0,929.73,895.63,899.48,1091112
2021-04-15,901.83,915.45,889.0,911.88,576555
2021-04-16,917.7,924.0,904.18,911.85,566717
2021-04-19,899.0,903.95,882.0,885.35,461909
2021-04-20,890.0,900.2,880.55,886.55,423329
2021-04-22,887.5,899.0,876.5,892.9,569960
2021-04-23,892.88,899.25,883.05,891.95,355089
2021-04-26,895.2,921.5,891.25,918.58,805229
2021-04-27,925.0,928.23,911.5,916.58,601930
2021-04-28,924.0,946.0,917.5,941.43,871430
2021-04-29,945.0,949.03,922.58,924.1,327090
2021-04-30,921.5,928.35,902.7,907.9,360185
2021-05-03,907.75,912.4,898.0,905.55,318649
2021-05-04,907.5,910.9,895.5,900.08,236099
2021-05-05,903.3,908.4,897.3,906.33,167560
2021-05-06,908.0,913.8,897.58,899.98,226013
2021-05-07,907.5,912.95,902.65,908.1,223306
2021-05-10,910.03,927.5,910.03,923.43,466507
2021-05-11,920.0,941.4,915.08,938.6,832760
2021-05-12,943.95,945.58,930.58,939.95,688865
2021-05-14,932.5,956.23,908.15,944.13,2463987
2021-05-17,943.0,951.48,927.7,945.55,825633
2021-05-18,950.95,957.0,938.05,946.58,521146
2021-05-19,946.5,973.63,942.5,960.48,1351787
2021-05-20,964.0,975.0,960.75,968.03,675754
2021-05-21,973.25,996.0,973.0,989.0,1477980
2021-05-24,994.48,1037.0,988.8,1029.95,2672584
2021-05-25,1037.0,1037.0,1019.05,1025.28,616953
2021-05-26,1025.3,1054.13,1025.3,1050.93,1087642
2021-05-27,1047.5,1062.0,1022.03,1048.73,1894108
2021-05-28,1044.5,1045.5,1027.63,1030.0,389887
2021-05-31,1034.35,1049.0,1029.1,1045.28,474946
2021-06-01,1052.45,1052.45,1031.0,1033.55,252827
2021-06-02,1035.5,1038.73,1025.55,1032.23,312412
2021-06-03,1035.0,1044.7,1028.0,1040.23,415893
2021-06-04,1040.0,1048.63,1037.78,1039.7,297659
2021-06-07,1042.98,1051.0,1038.0,1042.2,390899
2021-06-08,1042.93,1042.93,1032.83,1037.38,356876
2021-06-09,1041.0,1047.5,1035.03,1038.03,377441
2021-06-10,1040.0,1071.38,1036.05,1066.13,1140643
2021-06-11,1077.5,1080.0,1052.63,1058.48,734785
2021-06-14,1057.5,1059.0,1041.03,1057.48,267964
2021-06-15,1059.0,1075.45,1059.0,1068.58,459349
2021-06-16,1068.0,1074.75,1061.13,1065.53,240645
2021-06-17,1064.03,1080.0,1060.3,1063.68,469223
2021-06-18,1065.6,1078.93,1047.28,1062.78,503620
2021-06-21,1058.0,1078.05,1048.0,1075.45,281990
2021-06-22,1083.0,1086.98,1071.18,1073.93,373042
2021-06-23,1076.93,1078.0,1063.43,1066.58,167479
2021-06-24,1066.58,1080.0,1065.68,1078.08,205193
2021-06-25,1081.5,1082.4,1062.5,1067.13,196267
2021-06-28,1074.0,1089.4,1067.63,1077.6,275535
2021-06-29,1078.0,1092.5,1074.05,1080.88,352800
2021-06-30,1080.0,1092.95,1073.8,1076.98,361472
2021-07-01,1082.5,1091.35,1080.0,1084.58,260370
2021-07-02,1088.5,1097.0,1083.0,1089.43,273572
2021-07-05,1095.98,1141.5,1090.35,1133.58,1524994
2021-07-06,1133.4,1139.95,1111.0,1115.6,426882
2021-07-07,1115.6,1146.95,1113.25,1138.25,551296
2021-07-08,1140.0,1151.0,1130.5,1141.73,397141
2021-07-09,1135.4,1147.13,1133.63,1138.9,221617
2021-07-12,1143.5,1149.2,1130.6,1134.43,301488
2021-07-13,1142.5,1142.5,1118.5,1124.25,356876
2021-07-14,1125.0,1136.0,1119.0,1124.68,331982
2021-07-15,1130.6,1130.9,1121.18,1124.58,176959
2021-07-16,1124.88,1134.98,1120.0,1122.1,225702
2021-07-19,1117.0,1134.5,1116.0,1130.13,192179
2021-07-20,1141.05,1163.23,1124.63,1157.83,637865
2021-07-22,1166.98,1166.98,1143.7,1155.2,345208
2021-07-23,1155.0,1163.85,1150.3,1153.3,164481
2021-07-26,1154.83,1166.48,1147.8,1160.65,229367
2021-07-27,1157.2,1163.25,1144.5,1150.33,183364
2021-07-28,1150.8,1154.83,1135.58,1147.98,248241
2021-07-29,1147.98,1159.0,1144.43,1148.25,197033
2021-07-30,1155.4,1155.65,1136.0,1139.4,390786
2021-08-02,1149.95,1149.95,1127.9,1131.28,456617
2021-08-03,1133.0,1151.53,1128.5,1132.08,721816
2021-08-04,1135.05,1141.3,1125.58,1132.15,211045
2021-08-05,1138.5,1138.5,1118.5,1124.5,409726
2021-08-06,1125.5,1129.45,1102.53,1111.65,481993
2021-08-09,1120.0,1127.53,1109.53,1115.9,272882
2021-08-10,1119.88,1124.98,1107.5,1111.18,406827
2021-08-11,1113.03,1137.0,1087.73,1130.13,1518493
2021-08-12,1144.0,1144.0,1101.15,1110.4,940284
2021-08-13,1121.1,1121.1,1101.75,1103.35,366570
2021-08-16,1101.45,1115.0,1087.53,1109.45,263310
2021-08-17,1114.1,1119.45,1098.03,1108.05,441443
2021-08-18,1110.05,1119.25,1105.0,1112.65,396668
2021-08-20,1111.5,1142.5,1105.0,1133.6,1043017
2021-08-23,1139.98,1147.5,1110.5,1113.65,649263
2021-08-24,1115.0,1124.0,1100.0,1104.08,355160
2021-08-25,1105.25,1115.7,1093.93,1107.43,315324
2021-08-26,1111.9,1119.9,1103.5,1113.85,337985
2021-08-27,1112.5,1121.35,1106.53,1112.6,361975
2021-08-30,1118.98,1139.5,1107.5,1131.08,461816
2021-08-31,1139.5,1145.0,1124.5,1140.18,644194
2021-09-01,1145.0,1169.5,1141.55,1156.9,1206729
2021-09-02,1167.48,1181.0,1162.0,1170.35,1056284
2021-09-03,1176.45,1179.65,1155.9,1163.7,421459
2021-09-06,1168.2,1176.23,1160.0,1170.7,254192
2021-09-07,1173.0,1181.0,1162.55,1167.88,371234
2021-09-08,1167.5,1168.08,1140.9,1156.65,535562
2021-09-09,1162.0,1176.03,1153.0,1174.13,355161
2021-09-13,1175.0,1204.95,1172.03,1198.5,1080438
2021-09-14,1207.75,1212.0,1195.0,1204.43,371947
2021-09-15,1206.6,1212.45,1197.5,1200.38,309460
2021-09-16,1211.0,1211.0,1198.0,1200.53,231210
2021-09-17,1204.1,1211.0,1173.1,1184.23,862698
2021-09-20,1183.4,1201.43,1175.53,1180.73,281382
2021-09-21,1185.0,1220.0,1175.53,1215.38,596902
2021-09-22,1223.38,1236.0,1206.05,1209.0,374862
2021-09-23,1217.5,1224.98,1209.0,1217.5,396212
2021-09-24,1221.0,1238.85,1216.65,1225.98,554484
2021-09-27,1227.5,1231.9,1200.0,1202.78,340534
2021-09-28,1206.55,1209.0,1187.5,1205.5,267159
2021-09-29,1199.5,1208.5,1192.28,1201.13,223281
2021-09-30,1202.55,1206.78,1187.5,1190.98,373722
2021-10-01,1192.0,1211.0,1182.6,1208.63,506531
2021-10-04,1215.5,1224.0,1205.78,1210.5,254546
2021-10-05,1208.0,1220.0,1205.78,1218.18,127966
2021-10-06,1219.0,1228.5,1203.3,1207.83,186602
2021-10-07,1211.55,1238.2,1208.88,1230.25,584927
2021-10-08,1231.25,1235.0,1217.08,1220.8,223042
2021-10-11,1220.75,1242.4,1215.38,1231.38,278903
2021-10-12,1237.0,1244.9,1224.0,1230.55,267935
2021-10-13,1241.95,1241.95,1228.0,1237.15,170163
2021-10-14,1243.3,1259.25,1231.7,1240.55,345132
2021-10-18,1238.53,1256.0,1238.0,1250.9,294771
2021-10-19,1260.0,1266.0,1230.05,1235.43,280666
2021-10-20,1237.4,1239.5,1197.78,1208.75,289981
2021-10-21,1220.0,1222.73,1145.0,1152.75,682642
2021-10-22,1153.0,1172.48,1139.5,1158.2,389691
2021-10-25,1161.5,1163.63,1125.0,1142.98,352025
2021-10-26,1147.5,1167.5,1141.03,1159.43,217581
2021-10-27,1167.45,1206.98,1155.0,1184.23,760348
2021-10-28,1192.43,1196.9,1174.95,1184.0,316083
2021-10-29,1187.3,1196.2,1150.5,1156.83,461600
2021-11-01,1166.3,1189.68,1162.53,1181.48,216399
2021-11-02,1185.0,1192.5,1168.83,1171.88,178441
2021-11-03,1177.5,1184.5,1158.63,1179.75,256043
2021-11-04,1189.3,1207.5,1187.35,1204.0,161450
2021-11-08,1212.4,1212.93,1178.0,1191.15,460480
2021-11-09,1197.5,1203.1,1186.38,1196.05,334935
2021-11-10,1194.0,1194.0,1171.5,1183.23,821513
2021-11-11,1201.0,1240.0,1188.0,1237.0,2164902
2021-11-12,1245.0,1245.0,1198.35,1213.1,634268
2021-11-15,1222.7,1231.38,1206.6,1215.78,441074
2021-11-16,1219.0,1226.8,1200.5,1222.38,452443
2021-11-17,1220.0,1227.98,1205.05,1207.23,252330
2021-11-18,1214.55,1223.5,1187.8,1219.8,475469
2021-11-22,1219.73,1221.93,1164.0,1175.0,527841
2021-11-23,1175.0,1185.63,1158.45,1171.6,290078
2021-11-24,1172.0,1178.4,1115.0,1131.55,794035
2021-11-25,1138.95,1138.95,1116.55,1125.83,415899
2021-11-26,1117.5,1124.7,1107.0,1116.15,599912
2021-11-29,1112.5,1116.0,1085.93,1109.05,461311
2021-11-30,1107.48,1124.98,1096.7,1102.93,1564828
2021-12-01,1111.2,1115.7,1097.78,1102.23,339213
2021-12-02,1116.0,1122.5,1099.0,1117.5,832438
2021-12-03,1122.5,1129.45,1094.28,1104.23,1439081
2021-12-06,1110.9,1113.03,1099.98,1100.78,436167
2021-12-07,1109.45,1111.75,1100.05,1106.78,362902
2021-12-08,1112.5,1120.23,1106.5,1116.03,312052
2021-12-09,1123.55,1134.48,1112.08,1131.38,479903
2021-12-10,1140.18,1170.13,1135.13,1162.88,1777658
2021-12-13,1169.85,1195.0,1165.08,1179.05,1391413
2021-12-14,1183.0,1199.95,1176.65,1194.63,971135
2021-12-15,1199.98,1210.5,1189.0,1203.88,1119097
2021-12-16,1207.5,1211.83,1201.55,1209.13,203956
2021-12-17,1207.4,1207.4,1192.13,1195.73,491876
2021-12-20,1194.0,1207.43,1164.63,1202.78,1169343
2021-12-21,1215.0,1226.5,1197.0,1205.0,451100
2021-12-22,1210.0,1220.0,1203.4,1217.25,211943
2021-12-23,1220.0,1222.23,1208.28,1210.7,163170
2021-12-24,1211.55,1224.48,1202.5,1205.1,174813
2021-12-27,1200.55,1212.48,1196.9,1199.1,163735
2021-12-28,1204.5,1242.0,1201.78,1236.4,345457
2021-12-29,1243.3,1244.5,1224.0,1225.13,266073
2021-12-30,1215.68,1230.6,1213.55,1216.95,237399
2021-12-31,1217.45,1235.0,1217.45,1231.4,178060
2022-01-03,1237.5,1243.5,1232.5,1236.98,111798
2022-01-04,1241.0,1303.75,1239.0,1299.6,1368623
2022-01-05,1300.85,1331.0,1292.5,1318.98,1187260
2022-01-06,1308.0,1327.5,1307.55,1323.0,725314
2022-01-07,1325.0,1367.25,1322.5,1361.73,947286
2022-01-10,1370.0,1370.58,1345.0,1354.58,321273
2022-01-11,1348.5,1361.55,1347.5,1354.88,290771
2022-01-12,1355.05,1376.5,1355.05,1374.43,309406
2022-01-13,1374.43,1382.35,1355.68,1362.18,307553
2022-01-14,1360.0,1362.23,1325.0,1350.28,493603
2022-01-17,1350.28,1360.08,1338.45,1357.28,359887
2022-01-18,1368.63,1368.63,1335.55,1342.55,325792
2022-01-19,1343.5,1348.43,1332.08,1336.7,444989
2022-01-20,1343.5,1348.1,1328.05,1337.98,355370
2022-01-21,1335.0,1355.0,1330.23,1350.3,1397913
2022-01-24,1357.45,1360.68,1307.93,1320.18,663508
2022-01-25,1308.0,1340.0,1272.5,1294.93,1714221
2022-01-27,1275.0,1288.33,1223.85,1230.45,2000581
2022-01-28,1230.95,1258.5,1230.5,1237.9,440807
2022-01-31,1261.5,1261.5,1222.63,1228.25,347289
2022-02-01,1237.5,1238.5,1220.0,1236.43,551658
2022-02-02,1241.0,1280.0,1236.43,1261.45,855656
2022-02-03,1269.9,1269.9,1245.5,1251.6,675190
2022-02-04,1252.0,1255.0,1236.3,1240.9,452448
2022-02-07,1234.0,1239.43,1210.0,1217.75,380883
2022-02-08,1222.9,1222.9,1201.28,1207.68,547630
2022-02-09,1211.78,1247.75,1210.18,1240.3,363447
2022-02-10,1248.0,1249.13,1230.28,1244.53,172476
2022-02-11,1237.0,1237.0,1210.78,1216.13,396913
2022-02-14,1199.5,1208.3,1182.7,1194.28,422290
2022-02-15,1194.28,1226.3,1186.58,1224.05,262303
2022-02-16,1225.0,1229.88,1207.5,1211.35,289025
2022-02-17,1219.0,1228.95,1205.5,1223.4,210230
2022-02-18,1214.5,1230.0,1209.3,1215.35,151611
2022-02-21,1206.5,1226.65,1199.4,1213.15,187481
2022-02-22,1187.5,1205.88,1177.0,1191.35,485885
2022-02-23,1199.98,1216.0,1197.0,1207.8,227717
2022-02-24,1182.5,1190.5,1145.5,1155.38,795911
2022-02-25,1162.58,1190.0,1160.05,1184.53,332653
2022-02-28,1182.0,1202.8,1156.0,1201.48,628032
2022-03-02,1191.75,1202.03,1171.28,1198.9,541887
2022-03-03,1200.0,1207.05,1161.68,1169.33,564644
2022-03-04,1165.0,1165.2,1115.0,1130.48,711480
2022-03-07,1111.43,1111.43,1072.15,1082.33,744449
2022-03-08,1079.9,1109.98,1066.78,1090.43,495530
2022-03-09,1100.0,1125.48,1085.03,1118.8,539655
2022-03-10,1175.0,1182.35,1137.5,1174.95,921069
2022-03-11,1170.5,1174.5,1143.28,1169.08,264071
2022-03-14,1175.0,1190.0,1158.83,1172.35,379972
2022-03-15,1185.0,1199.35,1176.65,1185.28,361588
2022-03-16,1195.25,1234.0,1195.25,1231.45,581040
2022-03-17,1242.5,1267.48,1231.73,1255.2,1126143
2022-03-21,1222.5,1271.93,1222.5,1242.63,684624
2022-03-22,1237.5,1237.5,1202.5,1225.18,457034
2022-03-23,1230.0,1236.98,1205.05,1216.95,319750
2022-03-24,1214.45,1223.88,1205.33,1211.83,217061
2022-03-25,1217.48,1232.0,1209.35,1228.23,344943
2022-03-28,1231.98,1234.6,1193.05,1199.88,430065
2022-03-29,1209.0,1212.5,1196.73,1198.98,389664
2022-03-30,1208.85,1223.0,1201.23,1220.15,393851
2022-03-31,1227.53,1239.5,1220.25,1227.15,439928
2022-04-01,1236.85,1246.0,1222.18,1242.95,238209
2022-04-04,1247.5,1254.0,1240.53,1247.53,241100
2022-04-05,1250.0,1263.58,1242.5,1253.83,276256
2022-04-06,1249.5,1270.0,1245.2,1264.78,255433
2022-04-07,1268.0,1279.33,1241.13,1246.55,345464
2022-04-08,1250.6,1267.03,1247.5,1262.58,257868
2022-04-11,1262.5,1269.38,1220.0,1224.58,690328
2022-04-12,1224.58,1227.35,1182.88,1187.85,823170
2022-04-13,1187.85,1210.0,1174.58,1183.03,624747
2022-04-18,1179.95,1191.73,1161.28,1182.18,339982
2022-04-19,1191.5,1201.1,1152.5,1164.28,406353
2022-04-20,1180.6,1191.0,1157.65,1184.45,354202
2022-04-21,1192.5,1207.0,1185.03,1203.18,254959
2022-04-22,1200.0,1219.7,1190.28,1213.2,316943
2022-04-25,1210.5,1210.5,1192.4,1204.18,293372
2022-04-26,1207.48,1220.05,1199.78,1218.4,223865
2022-04-27,1216.5,1216.5,1195.78,1205.65,224368
2022-04-28,1211.5,1232.0,1199.23,1228.98,401194
2022-04-29,1232.0,1233.5,1207.38,1211.85,382695
2022-05-02,1207.4,1215.43,1198.8,1212.05,181102
2022-05-04,1206.5,1209.45,1151.05,1162.03,645967
2022-05-05,1165.0,1173.8,1147.58,1150.88,263708
2022-05-06,1137.5,1142.78,1109.0,1118.25,386579
2022-05-09,1100.0,1119.0,1095.53,1099.73,389024
2022-05-10,1108.53,1121.75,1096.03,1101.63,258750
2022-05-11,1109.5,1110.25,1077.5,1082.08,422151
2022-05-12,1075.0,1089.7,1052.55,1057.5,376209
2022-05-13,1065.0,1085.5,1056.0,1060.88,329176
2022-05-16,1069.5,1069.5,1043.9,1057.33,320258
2022-05-17,1064.5,1087.55,1052.5,1084.78,265942
2022-05-18,1082.5,1087.18,1067.9,1081.48,649979
2022-05-19,1025.0,1063.5,1025.0,1058.93,940385
2022-05-20,1065.58,1073.65,1045.18,1069.73,586528
2022-05-23,1077.5,1114.5,1070.13,1094.38,893892
2022-05-24,1094.5,1107.5,1079.13,1086.28,301307
2022-05-25,1090.0,1091.3,1051.28,1069.7,518586
2022-05-26,1071.2,1079.35,1053.0,1066.55,393960
2022-05-27,1075.15,1084.43,1069.1,1081.75,170206
2022-05-30,1101.63,1116.0,1092.7,1112.3,446582
2022-05-31,1114.5,1131.5,1095.25,1122.7,940079
2022-06-01,1125.0,1145.43,1096.8,1102.6,451556
2022-06-02,1102.6,1127.0,1095.45,1122.88,328994
2022-06-03,1126.0,1130.15,1093.78,1097.8,384122
2022-06-06,1101.9,1103.25,1072.58,1086.0,229982
2022-06-07,1082.5,1083.0,1062.08,1066.65,200510
2022-06-08,1067.53,1073.9,1048.0,1050.43,345982
2022-06-09,1046.15,1053.35,1031.63,1048.28,559811
2022-06-10,1042.0,1058.2,1035.0,1054.4,295372
2022-06-13,1026.03,1071.0,1026.03,1066.23,753593
2022-06-14,1057.5,1074.0,1054.03,1060.05,248772
2022-06-15,1068.88,1072.0,1052.0,1056.33,204558
2022-06-16,1075.0,1075.0,1040.0,1048.53,266206
2022-06-17,1035.55,1048.5,994.28,999.73,942457
2022-06-20,1009.25,1060.0,1005.33,1053.33,1017430
2022-06-21,1054.45,1060.0,1041.35,1050.3,521691
2022-06-22,1050.5,1067.4,1037.5,1041.05,496514
2022-06-23,1049.0,1077.83,1043.65,1072.78,438833
2022-06-24,1081.68,1089.48,1068.03,1084.63,428639
2022-06-27,1092.5,1094.6,1066.58,1071.58,438460
2022-06-28,1065.5,1069.93,1050.0,1058.1,245869
2022-06-29,1052.5,1070.8,1042.85,1049.08,461278
2022-06-30,1052.6,1064.85,1039.5,1044.95,309969
2022-07-01,1049.98,1082.18,1041.4,1079.18,501109
2022-07-04,1075.55,1103.4,1075.55,1096.23,204185
2022-07-05,1100.0,1109.93,1085.4,1088.53,342209
2022-07-06,1100.0,1119.7,1095.55,1109.78,516489
2022-07-07,1119.88,1136.55,1114.15,1118.53,320355
2022-07-08,1121.0,1127.48,1114.5,1125.43,214805
2022-07-11,1129.98,1139.48,1117.78,1134.28,259144
2022-07-12,1133.95,1133.95,1120.33,1125.38,165755
2022-07-13,1137.0,1151.4,1132.9,1142.73,563234
2022-07-14,1144.95,1150.95,1131.5,1144.9,233904
2022-07-15,1144.9,1160.0,1141.23,1153.83,268077
2022-07-18,1158.5,1162.5,1140.5,1151.05,233258
2022-07-19,1140.28,1151.5,1135.0,1145.73,155639
2022-07-20,1152.73,1166.5,1148.5,1160.43,361939
2022-07-21,1162.48,1186.0,1156.75,1181.08,368969
2022-07-22,1181.08,1189.13,1172.08,1178.88,220975
2022-07-25,1179.0,1192.0,1159.05,1166.65,323481
2022-07-26,1162.0,1164.5,1135.98,1160.25,362253
2022-07-27,1155.05,1182.05,1155.05,1177.2,265480
2022-07-28,1186.45,1202.5,1175.8,1199.9,426773
2022-07-29,1215.9,1230.0,1203.85,1225.63,341453
2022-08-01,1235.9,1252.0,1228.45,1248.08,358532
2022-08-02,1255.0,1269.0,1248.8,1260.23,370124
2022-08-03,1260.0,1265.0,1247.15,1261.63,216092
2022-08-04,1267.5,1279.93,1253.63,1277.05,411253
2022-08-05,1285.4,1324.83,1281.7,1320.43,1026958
2022-08-08,1325.0,1327.78,1305.0,1324.68,496035
2022-08-10,1324.93,1335.53,1306.4,1318.4,1014686
2022-08-11,1330.0,1339.03,1315.85,1320.33,565999
2022-08-12,1320.33,1327.48,1309.08,1311.25,509065
2022-08-16,1320.0,1339.38,1313.0,1332.88,387950
2022-08-17,1339.5,1370.5,1336.5,1358.15,986217
2022-08-18,1359.93,1367.5,1351.0,1361.63,205978
2022-08-19,1364.98,1371.65,1354.63,1360.4,412226
2022-08-22,1350.0,1353.45,1322.75,1340.08,374670
2022-08-23,1329.5,1346.55,1316.63,1338.93,289573
2022-08-24,1335.0,1348.95,1322.03,1335.38,212217
2022-08-25,1337.5,1348.0,1327.58,1331.63,413479
2022-08-26,1337.48,1347.5,1326.05,1333.45,186127
2022-08-29,1300.0,1354.95,1298.05,1350.18,398662
2022-08-30,1357.75,1381.15,1355.5,1368.15,521669
2022-09-01,1368.15,1413.0,1358.5,1410.15,733334
2022-09-02,1414.98,1447.5,1413.0,1433.35,821046
2022-09-05,1437.5,1446.5,1414.78,1416.38,348835
2022-09-06,1424.0,1427.73,1399.0,1407.9,234997
2022-09-07,1408.45,1416.0,1396.05,1401.93,290684
2022-09-08,1412.25,1437.5,1408.5,1434.83,446745
2022-09-09,1445.0,1445.0,1416.55,1422.08,257247
2022-09-12,1427.5,1439.48,1422.5,1428.8,165314
2022-09-13,1434.5,1440.5,1422.5,1428.73,196755
2022-09-14,1402.5,1446.0,1402.5,1434.58,467827
2022-09-15,1442.0,1459.48,1432.98,1450.93,699294
2022-09-16,1451.5,1453.0,1394.05,1399.53,722787
2022-09-19,1399.53,1413.93,1378.53,1403.4,230117
2022-09-20,1409.93,1441.78,1405.8,1416.95,270503
2022-09-21,1415.0,1433.83,1405.55,1409.38,196412
2022-09-22,1407.1,1410.0,1375.0,1404.98,408615
2022-09-23,1405.98,1406.48,1385.0,1400.33,318784
2022-09-26,1390.0,1414.93,1381.25,1401.1,411652
2022-09-27,1407.48,1421.88,1395.0,1402.15,555549
2022-09-28,1397.5,1397.5,1378.4,1384.88,934274
2022-09-29,1391.8,1394.0,1335.0,1352.1,781261
2022-09-30,1353.65,1358.5,1337.63,1345.15,522625
2022-10-03,1345.0,1346.0,1318.43,1328.13,335932
2022-10-04,1345.5,1349.13,1336.55,1343.33,278679
2022-10-06,1357.0,1357.0,1327.5,1330.98,297428
2022-10-07,1331.45,1350.25,1320.5,1331.3,315243
2022-10-10,1312.1,1329.5,1296.63,1322.73,203431
2022-10-11,1333.5,1336.38,1303.0,1306.0,230529
2022-10-12,1312.55,1330.0,1301.25,1327.58,181549
2022-10-13,1325.0,1333.8,1306.83,1310.8,161572
2022-10-14,1327.45,1334.08,1307.68,1309.88,96984
2022-10-17,1316.43,1354.58,1312.6,1345.7,817003
2022-10-18,1352.45,1368.75,1342.5,1356.33,436400
2022-10-19,1350.0,1351.93,1313.63,1332.48,403651
2022-10-20,1331.95,1356.0,1328.05,1344.88,427176
2022-10-21,1345.0,1349.95,1313.18,1318.85,299403
2022-10-24,1332.5,1335.0,1317.5,1321.75,65413
2022-10-25,1316.0,1317.5,1297.5,1309.15,268752
2022-10-27,1312.05,1321.0,1272.75,1282.2,611705
2022-10-28,1284.0,1293.9,1277.53,1280.28,410190
2022-10-31,1281.5,1298.18,1276.8,1292.2,708497
2022-11-01,1298.5,1325.0,1295.03,1321.88,319290
2022-11-02,1322.25,1324.75,1297.73,1317.23,465724
2022-11-03,1311.35,1324.1,1302.5,1321.78,234210
2022-11-04,1321.78,1331.53,1312.6,1324.0,187803
2022-11-07,1323.5,1333.63,1306.5,1314.33,621515
2022-11-09,1322.5,1333.98,1311.0,1326.13,399448
2022-11-10,1300.0,1335.98,1300.0,1328.18,491005
2022-11-11,1334.5,1342.5,1317.05,1330.6,253691
2022-11-14,1325.0,1343.88,1320.0,1327.28,461694
2022-11-15,1333.93,1340.0,1320.15,1337.5,261836
2022-11-16,1335.53,1342.5,1326.6,1341.23,349213
2022-11-17,1341.23,1349.5,1330.7,1346.6,335754
2022-11-18,1349.0,1357.0,1337.83,1349.63,219271
2022-11-21,1355.08,1359.2,1328.48,1331.0,220778
2022-11-22,1331.65,1351.98,1330.4,1348.48,290848
2022-11-23,1349.95,1359.0,1342.6,1348.23,192479
2022-11-24,1354.98,1358.0,1347.08,1351.95,142617
2022-11-25,1349.85,1353.5,1326.6,1331.05,266750
2022-11-28,1331.05,1348.5,1331.05,1346.18,267957
2022-11-29,1345.0,1376.5,1342.85,1363.98,401963
2022-11-30,1368.03,1393.75,1352.33,1374.35,1312335
2022-12-01,1376.28,1383.0,1363.5,1366.78,268815
2022-12-02,1366.78,1371.98,1352.5,1368.1,196921
2022-12-05,1364.05,1369.93,1347.0,1366.9,339575
2022-12-06,1362.0,1389.5,1360.13,1378.6,502915
2022-12-07,1387.5,1398.0,1382.0,1386.2,437482
2022-12-08,1395.0,1396.45,1377.05,1380.88,252147
2022-12-09,1383.98,1390.78,1360.0,1369.83,234682
2022-12-12,1367.5,1368.68,1338.43,1344.08,331339
2022-12-13,1340.15,1344.25,1318.55,1324.4,274138
2022-12-14,1322.9,1330.0,1311.7,1318.15,299925
2022-12-15,1315.48,1318.8,1304.25,1308.28,177718
2022-12-16,1307.5,1307.5,1279.0,1296.45,450977
2022-12-19,1295.5,1302.85,1286.0,1299.93,216329
2022-12-20,1295.0,1299.85,1283.0,1288.35,148058
2022-12-21,1290.05,1300.0,1275.5,1282.88,171894
2022-12-22,1280.0,1293.1,1262.5,1275.88,187402
2022-12-23,1267.55,1272.05,1241.58,1245.13,244433
2022-12-26,1240.0,1262.2,1230.78,1256.78,258697
2022-12-27,1257.5,1272.48,1254.5,1268.58,146799
2022-12-28,1268.88,1316.98,1262.08,1293.95,490765
2022-12-29,1292.78,1360.55,1270.23,1300.85,616364
2022-12-30,1305.0,1305.0,1270.65,1275.08,205066
2023-01-02,1277.5,1280.0,1255.0,1265.0,334889
2023-01-03,1269.5,1275.9,1258.13,1268.5,321734
2023-01-04,1269.45,1269.5,1252.05,1255.48,168265
2023-01-05,1260.0,1277.0,1255.48,1259.05,243997
2023-01-06,1260.5,1269.05,1255.55,1261.15,159896
2023-01-09,1267.48,1279.0,1263.5,1276.18,164218
2023-01-10,1276.2,1281.98,1256.5,1264.6,156258
2023-01-11,1265.05,1268.7,1237.53,1239.75,268246
2023-01-12,1240.95,1263.08,1231.4,1247.75,286562
2023-01-13,1254.0,1257.03,1236.3,1252.58,185651
2023-01-16,1254.5,1258.43,1223.33,1224.9,243197
2023-01-17,1223.98,1232.0,1207.1,1218.73,552231
2023-01-18,1218.73,1246.65,1215.58,1244.33,175869
2023-01-19,1240.0,1242.53,1218.25,1226.6,273613
2023-01-20,1224.5,1224.5,1197.5,1201.3,246731
2023-01-23,1204.5,1214.0,1190.83,1204.8,251624
2023-01-24,1204.8,1212.5,1188.63,1191.18,259197
2023-01-25,1165.5,1176.0,1149.5,1157.65,836733
2023-01-27,1160.0,1160.0,1128.5,1145.33,445082
2023-01-30,1152.48,1160.0,1132.53,1141.7,315941
2023-01-31,1151.95,1152.45,1137.63,1139.78,553717
2023-02-01,1145.75,1166.5,1135.0,1157.65,344260
2023-02-02,1154.53,1155.0,1126.4,1145.73,407271
2023-02-03,1145.75,1174.48,1140.8,1170.78,313695
2023-02-06,1176.65,1176.65,1160.5,1166.65,260974
2023-02-07,1166.65,1171.5,1156.5,1157.6,191927
2023-02-08,1159.0,1169.85,1150.5,1166.88,177766
2023-02-09,1167.48,1170.0,1157.5,1163.83,177557
2023-02-10,1164.5,1174.65,1155.15,1158.08,319443
2023-02-13,1150.53,1159.05,1145.0,1150.98,181580
2023-02-14,1162.0,1162.0,1139.0,1148.05,213300
2023-02-15,1150.0,1161.03,1141.0,1155.65,191808
2023-02-16,1159.5,1163.78,1151.15,1158.38,315493
2023-02-17,1158.18,1171.05,1150.33,1166.55,316431
2023-02-20,1170.93,1171.0,1153.4,1160.03,275669
2023-02-21,1165.0,1167.5,1153.0,1165.93,256936
2023-02-22,1159.98,1159.98,1140.5,1147.33,330363
2023-02-23,1149.0,1150.18,1129.0,1134.08,381344
2023-02-24,1135.0,1144.15,1125.03,1137.85,458298
2023-02-27,1132.5,1146.6,1130.5,1139.83,231825
2023-02-28,1138.5,1156.8,1133.35,1150.4,312343
2023-03-01,1156.18,1158.13,1147.6,1153.75,283892
2023-03-02,1153.5,1157.95,1145.0,1154.95,233107
2023-03-03,1159.0,1165.0,1152.5,1159.38,313073
2023-03-06,1165.3,1184.83,1162.7,1175.5,332386
2023-03-08,1174.95,1176.38,1163.68,1174.05,228845
2023-03-09,1177.0,1179.5,1151.0,1154.28,306514
2023-03-10,1149.0,1158.83,1137.5,1156.75,161789
2023-03-13,1153.0,1156.75,1141.03,1146.28,340575
2023-03-14,1146.0,1156.48,1140.5,1151.13,340133
2023-03-15,1157.0,1168.73,1151.1,1155.73,205114
2023-03-16,1161.8,1182.1,1156.05,1170.6,263331
2023-03-17,1177.53,1178.9,1162.43,1174.95,425920
2023-03-20,1165.0,1188.45,1160.08,1186.2,311427
2023-03-21,1192.13,1194.93,1175.55,1179.23,299389
2023-03-22,1187.0,1199.2,1182.5,1188.53,1026637
2023-03-23,1188.53,1191.65,1178.03,1184.05,271280
2023-03-24,1184.05,1189.5,1175.83,1182.28,270195
2023-03-27,1178.0,1185.0,1167.85,1176.03,190338
2023-03-28,1177.5,1177.73,1158.25,1168.03,301608
2023-03-29,1168.03,1173.0,1152.5,1157.6,330670
2023-03-31,1162.48,1184.0,1156.5,1176.5,521107
2023-04-03,1175.0,1175.0,1148.15,1163.8,411040
2023-04-05,1159.0,1167.48,1153.2,1161.23,226417
2023-04-06,1162.5,1173.93,1158.95,1166.03,368699
2023-04-10,1166.98,1182.03,1156.18,1177.85,277272
2023-04-11,1182.0,1183.35,1164.5,1173.08,280704
2023-04-12,1173.05,1179.73,1167.73,1173.9,483206
2023-04-13,1173.85,1183.0,1171.95,1175.1,339297
2023-04-17,1179.0,1187.98,1174.48,1184.85,245889
2023-04-18,1187.5,1218.5,1176.0,1216.25,375635
2023-04-19,1223.68,1224.4,1200.0,1204.3,250464
2023-04-20,1207.5,1212.83,1200.55,1204.05,128035
2023-04-21,1209.95,1222.53,1207.0,1220.08,367124
2023-04-24,1225.0,1225.2,1208.0,1210.58,184164
2023-04-25,1210.58,1214.43,1201.5,1205.68,198464
2023-04-26,1203.98,1215.0,1201.9,1205.88,261256
2023-04-27,1214.23,1224.93,1192.5,1194.6,330033
2023-04-28,1197.53,1211.25,1188.0,1209.63,378439
2023-05-02,1214.5,1215.5,1203.0,1209.88,189298
2023-05-03,1211.48,1234.85,1206.83,1231.98,536625
2023-05-04,1237.48,1237.48,1225.38,1232.58,299652
2023-05-05,1235.18,1243.45,1230.75,1236.05,341393
2023-05-08,1240.18,1246.0,1208.5,1225.35,682720
2023-05-09,1212.5,1239.25,1200.08,1235.88,1102876
2023-05-10,1238.5,1272.45,1238.5,1254.7,1196164
2023-05-11,1269.98,1287.5,1261.95,1283.23,840132
2023-05-12,1290.0,1306.88,1277.5,1293.63,671693
2023-05-15,1293.5,1300.0,1272.7,1275.18,248675
2023-05-16,1284.23,1290.0,1270.0,1272.1,202738
2023-05-17,1269.98,1279.6,1261.53,1272.55,655757
2023-05-18,1277.6,1285.6,1271.05,1276.13,394341
2023-05-19,1276.13,1287.85,1272.65,1283.3,313001
2023-05-22,1281.55,1287.23,1263.0,1267.6,255297
2023-05-23,1274.5,1277.73,1264.0,1266.65,183100
2023-05-24,1258.5,1267.95,1255.4,1263.33,234361
2023-05-25,1261.5,1270.98,1248.0,1261.63,359963
2023-05-26,1270.48,1295.65,1260.5,1293.08,311970
2023-05-29,1297.78,1299.5,1285.0,1291.48,219835
2023-05-30,1295.0,1302.5,1286.3,1297.1,181279
2023-05-31,1300.03,1309.35,1296.05,1303.93,495074
2023-06-01,1309.0,1334.5,1307.03,1325.78,478918
2023-06-02,1326.28,1330.75,1311.5,1316.23,263292
2023-06-05,1319.5,1325.9,1312.5,1319.28,115456
2023-06-06,1318.5,1326.73,1304.9,1312.05,127143
2023-06-07,1315.5,1332.2,1315.5,1327.43,182315
2023-06-08,1332.0,1339.0,1310.83,1317.23,164181
2023-06-09,1319.0,1326.48,1305.25,1307.48,100618
2023-06-12,1308.13,1329.9,1303.88,1320.38,234521
2023-06-13,1333.0,1367.5,1328.28,1343.33,874863
2023-06-14,1343.0,1364.83,1337.88,1346.55,513278
2023-06-15,1357.03,1362.43,1336.2,1340.35,401002
2023-06-16,1347.0,1352.5,1333.83,1348.85,435650
2023-06-19,1354.5,1359.48,1334.0,1336.65,300224
2023-06-20,1337.45,1350.5,1335.4,1339.25,447600
2023-06-21,1350.0,1351.5,1330.15,1335.63,347029
2023-06-22,1341.98,1344.25,1316.05,1318.15,163415
2023-06-23,1325.2,1341.8,1318.0,1329.15,789589
2023-06-26,1325.0,1334.5,1311.98,1315.45,243751
2023-06-27,1318.0,1328.1,1308.48,1310.68,362724
2023-06-28,1313.1,1317.18,1295.0,1299.33,770303
2023-06-30,1301.05,1322.95,1292.65,1298.55,722273
2023-07-03,1299.6,1306.78,1285.0,1285.73,473016
2023-07-04,1285.73,1294.0,1279.3,1285.23,438598
2023-07-05,1287.5,1313.3,1287.5,1304.43,543932
2023-07-06,1310.0,1329.33,1307.5,1324.5,326780
2023-07-07,1327.5,1331.0,1303.18,1306.48,310425
2023-07-10,1305.98,1310.38,1290.53,1297.93,280989
2023-07-11,1297.98,1344.0,1293.0,1319.43,633719
2023-07-12,1289.53,1313.85,1275.75,1311.23,812161
2023-07-13,1311.23,1327.5,1304.15,1309.1,325809
2023-07-14,1308.95,1314.15,1297.5,1311.75,297136
2023-07-17,1300.0,1324.5,1300.0,1319.8,231762
2023-07-18,1319.8,1333.13,1311.78,1329.05,371797
2023-07-19,1333.25,1345.85,1321.65,1342.98,401289
2023-07-20,1347.98,1347.98,1333.7,1338.3,213260
2023-07-21,1331.5,1342.5,1326.33,1331.4,211117
2023-07-24,1327.55,1332.5,1318.08,1325.8,255346
2023-07-25,1324.0,1324.0,1293.9,1303.7,218299
2023-07-26,1305.98,1314.88,1296.53,1309.0,149847
2023-07-27,1306.5,1314.18,1298.03,1301.38,141783
2023-07-28,1297.5,1314.2,1293.58,1307.93,336411
2023-07-31,1307.93,1313.43,1295.1,1307.48,221454
2023-08-01,1307.5,1320.4,1301.03,1317.4,182792
2023-08-02,1319.95,1321.98,1304.43,1313.38,182882
2023-08-03,1313.48,1318.28,1285.03,1292.25,206189
2023-08-04,1295.03,1309.33,1292.28,1304.9,176758
2023-08-07,1304.9,1311.8,1300.0,1305.3,132591
2023-08-08,1305.53,1314.0,1297.4,1311.9,294364
2023-08-09,1309.95,1312.5,1297.55,1301.8,244304
2023-08-10,1309.5,1309.5,1255.28,1260.05,747380
2023-08-11,1275.03,1276.0,1258.5,1272.33,394433
2023-08-14,1272.45,1272.5,1255.3,1268.7,149281
2023-08-16,1267.5,1278.73,1257.5,1269.83,213059
2023-08-17,1270.23,1275.0,1249.5,1251.58,252328
2023-08-18,1251.6,1256.5,1235.0,1238.8,345376
2023-08-21,1238.73,1246.63,1236.15,1243.38,272682
2023-08-22,1249.5,1249.9,1241.0,1247.15,273033
2023-08-23,1255.0,1291.25,1250.0,1253.48,879174
2023-08-24,1262.53,1272.0,1257.78,1260.8,565703
2023-08-25,1257.53,1268.45,1254.4,1263.95,431499
2023-08-28,1265.95,1269.8,1255.03,1257.05,342150
2023-08-29,1261.98,1294.35,1258.23,1290.98,566393
2023-08-30,1290.0,1294.98,1280.73,1287.43,389197
2023-08-31,1290.5,1292.43,1247.48,1257.5,1248501
2023-09-01,1262.48,1266.78,1243.05,1249.13,468711
2023-09-04,1249.5,1254.98,1233.78,1237.43,481518
2023-09-05,1244.43,1253.5,1238.7,1245.65,360316
2023-09-06,1242.5,1254.0,1242.0,1251.2,258925
2023-09-07,1255.0,1258.0,1247.05,1253.7,210905
2023-09-08,1254.5,1258.98,1245.85,1252.53,586237
2023-09-11,1259.5,1264.0,1250.0,1261.88,419624
2023-09-12,1265.0,1265.0,1240.0,1243.63,587884
2023-09-13,1243.0,1255.3,1228.0,1244.28,395453
2023-09-14,1249.0,1249.0,1233.63,1241.6,548954
2023-09-15,1241.53,1252.5,1236.55,1240.75,504764
2023-09-18,1240.75,1256.58,1235.5,1254.08,277306
2023-09-20,1255.98,1258.98,1243.88,1249.6,337541
2023-09-21,1245.55,1259.2,1243.0,1256.43,279691
2023-09-22,1259.43,1260.25,1246.5,1258.85,348380
2023-09-25,1258.5,1259.9,1238.78,1247.25,219117
2023-09-26,1244.1,1253.0,1244.1,1250.9,128154
2023-09-27,1247.5,1251.88,1240.15,1249.75,178583
2023-09-28,1249.75,1251.98,1207.03,1210.68,475791
2023-09-29,1220.0,1226.2,1214.5,1219.75,123353
2023-10-03,1219.75,1223.95,1206.28,1212.7,382674
2023-10-04,1210.98,1211.48,1192.5,1203.2,378833
2023-10-05,1217.8,1219.15,1210.0,1214.6,231636
2023-10-06,1221.5,1228.45,1214.6,1227.18,242397
2023-10-09,1215.05,1219.43,1205.05,1212.5,370569
2023-10-10,1215.0,1228.0,1212.5,1225.05,288124
2023-10-11,1228.0,1246.0,1227.5,1243.83,449170
2023-10-12,1243.83,1248.75,1236.4,1240.95,124308
2023-10-13,1240.0,1242.1,1227.2,1230.03,146168
2023-10-16,1230.0,1231.63,1209.38,1217.3,412888
2023-10-17,1220.78,1222.08,1209.78,1213.68,299608
2023-10-18,1210.05,1217.48,1202.25,1203.63,156214
2023-10-19,1200.0,1202.98,1185.0,1187.43,324864
2023-10-20,1187.43,1192.98,1177.5,1186.6,277143
2023-10-23,1186.6,1191.18,1172.5,1175.5,147967
2023-10-25,1180.25,1181.7,1160.65,1163.15,223852
2023-10-26,1160.5,1161.0,1146.28,1147.7,280265
2023-10-27,1151.43,1167.2,1148.05,1158.4,422263
2023-10-30,1165.0,1165.0,1149.5,1156.08,311774
2023-10-31,1182.0,1239.0,1175.18,1229.0,2314742
2023-11-01,1226.0,1232.5,1200.83,1203.18,565676
2023-11-02,1215.0,1218.18,1197.63,1214.15,237880
2023-11-03,1218.9,1229.5,1207.18,1227.75,159963
2023-11-06,1235.0,1235.73,1210.48,1216.85,325475
2023-11-07,1223.48,1223.48,1210.5,1219.15,178637
2023-11-08,1232.0,1244.38,1218.63,1236.58,350680
2023-11-09,1232.55,1250.0,1225.25,1228.78,673878
2023-11-10,1228.78,1235.0,1209.4,1216.18,326200
2023-11-12,1227.0,1227.0,1216.5,1220.45,43122
2023-11-13,1222.4,1223.93,1210.95,1214.3,181803
2023-11-15,1214.5,1234.83,1210.43,1230.15,405307
2023-11-16,1230.25,1233.08,1223.03,1229.55,175004
2023-11-17,1234.43,1267.15,1232.53,1255.15,786838
2023-11-20,1255.15,1260.0,1238.13,1241.78,208065
2023-11-21,1242.0,1252.38,1235.83,1247.8,225993
2023-11-22,1247.78,1253.9,1239.03,1244.18,143168
2023-11-23,1244.18,1258.0,1241.48,1254.65,253442
2023-11-24,1257.95,1258.23,1241.0,1252.05,247748
2023-11-28,1245.5,1257.15,1240.88,1244.03,229294
2023-11-29,1244.48,1257.95,1242.5,1251.8,385084
2023-11-30,1251.8,1281.8,1243.5,1276.18,894422
2023-12-01,1285.0,1288.08,1272.03,1281.08,300500
2023-12-04,1288.0,1291.0,1273.0,1276.73,356930
2023-12-05,1277.5,1294.2,1272.83,1285.5,364575
2023-12-06,1294.98,1308.1,1285.0,1288.08,439281
2023-12-07,1295.0,1314.0,1291.53,1294.43,418572
2023-12-08,1303.5,1303.5,1272.5,1280.83,215930
2023-12-11,1280.83,1283.9,1267.85,1272.78,252758
2023-12-12,1273.03,1307.4,1273.03,1303.75,705500
2023-12-13,1310.68,1324.5,1288.0,1311.63,631170
2023-12-14,1316.68,1319.0,1300.0,1317.15,451306
2023-12-15,1317.15,1328.48,1311.98,1325.53,515599
2023-12-18,1325.5,1333.45,1321.5,1323.75,464591
2023-12-19,1323.75,1330.5,1309.45,1324.38,389801
2023-12-20,1331.0,1335.5,1284.43,1292.1,597865
2023-12-21,1282.55,1311.0,1273.93,1308.05,201946
2023-12-22,1308.08,1324.93,1306.08,1321.73,237427
2023-12-26,1322.5,1340.0,1318.0,1333.98,213484
2023-12-27,1336.5,1358.53,1333.98,1349.55,487539
2023-12-28,1359.95,1361.73,1348.03,1354.15,409640
2023-12-29,1355.0,1376.8,1339.28,1357.55,691045
2024-01-01,1368.55,1368.55,1346.73,1348.75,130958
2024-01-02,1347.5,1374.5,1330.75,1368.85,267832
2024-01-03,1374.5,1396.0,1364.03,1386.13,347830
2024-01-04,1389.0,1395.15,1375.15,1384.53,300002
2024-01-05,1382.78,1384.53,1357.2,1361.3,377109
2024-01-08,1369.48,1369.48,1346.3,1357.33,268950
2024-01-09,1367.38,1370.48,1355.85,1362.05,273223
2024-01-10,1356.0,1365.5,1348.53,1354.65,274833
2024-01-11,1352.5,1372.25,1349.1,1370.28,232373
2024-01-12,1372.08,1377.5,1355.03,1367.55,185626
2024-01-15,1362.5,1386.78,1358.5,1377.13,719264
2024-01-16,1375.55,1402.5,1365.0,1397.78,415738
2024-01-17,1394.5,1394.5,1360.4,1378.88,761187
2024-01-18,1371.0,1375.13,1337.5,1349.2,468132
2024-01-19,1352.75,1355.98,1338.55,1343.85,627943
2024-01-20,1342.5,1355.2,1337.5,1338.75,81777
2024-01-23,1337.45,1345.48,1244.05,1261.3,1269276
2024-01-24,1315.0,1330.08,1265.0,1296.03,2141269
2024-01-25,1304.0,1305.0,1284.48,1295.08,757628
2024-01-29,1292.5,1304.63,1277.63,1284.65,1016146
2024-01-30,1284.65,1309.38,1278.0,1283.85,1167215
2024-01-31,1285.53,1291.58,1260.0,1266.53,3417736
2024-02-01,1270.98,1277.0,1253.03,1255.23,356002
2024-02-02,1263.98,1270.65,1251.63,1257.68,403229
2024-02-05,1257.7,1283.0,1255.58,1277.1,2227669
2024-02-06,1280.0,1309.5,1277.15,1307.23,816702
2024-02-07,1324.0,1362.0,1317.03,1347.93,1061071
2024-02-08,1342.55,1362.03,1302.0,1311.25,316600
2024-02-09,1311.5,1333.5,1305.05,1328.98,277561
2024-02-12,1332.43,1341.9,1325.0,1335.15,364618
2024-02-13,1335.0,1343.45,1325.0,1335.65,182580
2024-02-14,1330.0,1339.73,1320.43,1331.6,327593
2024-02-15,1331.6,1341.0,1321.0,1326.78,379711
2024-02-16,1326.75,1357.48,1326.75,1355.55,578979
2024-02-19,1355.8,1364.0,1350.4,1355.58,363955
2024-02-20,1346.0,1375.0,1346.0,1372.8,358342
2024-02-21,1378.5,1378.5,1355.78,1364.58,247236
2024-02-22,1360.1,1366.0,1354.03,1359.15,260124
2024-02-23,1361.0,1379.5,1354.13,1370.08,223626
2024-02-26,1370.75,1372.5,1355.05,1358.7,241511
2024-02-27,1358.7,1369.58,1350.55,1365.98,206586
2024-02-28,1365.05,1366.05,1342.5,1350.93,709614
2024-02-29,1352.15,1372.73,1330.05,1368.0,523031
2024-03-01,1376.98,1384.48,1370.0,1378.75,310933
2024-03-02,1380.03,1384.25,1358.5,1371.1,16597
2024-03-04,1371.1,1378.15,1348.25,1351.03,204530
2024-03-05,1351.05,1363.73,1345.0,1349.85,224300
2024-03-06,1349.85,1420.0,1348.5,1415.78,1574389
2024-03-07,1417.55,1481.35,1408.65,1432.93,1937996
2024-03-11,1437.5,1463.95,1436.68,1453.2,596392
2024-03-12,1456.28,1459.0,1425.0,1427.95,248083
2024-03-13,1436.65,1448.73,1399.45,1411.6,477450
2024-03-14,1410.48,1440.0,1386.63,1430.5,319451
2024-03-15,1435.0,1447.0,1409.5,1434.0,469743
2024-03-18,1434.0,1473.45,1430.0,1462.63,585618
2024-03-19,1462.63,1462.63,1433.55,1445.7,274009
2024-03-20,1442.55,1445.48,1410.2,1435.9,263055
2024-03-21,1436.0,1454.23,1428.48,1450.7,354279
2024-03-22,1453.73,1484.68,1452.23,1480.05,623393
2024-03-26,1490.9,1504.98,1479.93,1500.8,1035426
2024-03-27,1515.58,1517.4,1491.25,1496.15,370069
2024-03-28,1498.88,1518.65,1482.25,1507.35,661523
2024-04-01,1521.45,1537.0,1510.05,1525.78,370415
2024-04-02,1525.78,1527.5,1495.35,1499.88,422095
2024-04-03,1504.95,1509.58,1488.43,1501.45,319919
2024-04-04,1505.78,1512.25,1496.05,1498.9,321073
2024-04-05,1498.9,1508.38,1490.25,1500.4,216912
2024-04-08,1500.75,1524.5,1490.73,1522.1,232856
2024-04-09,1522.23,1527.45,1498.05,1507.28,125853
2024-04-10,1507.05,1513.7,1499.0,1500.05,146814
2024-04-12,1500.0,1510.6,1490.0,1492.93,185365
2024-04-15,1466.0,1475.8,1436.5,1441.65,347574
2024-04-16,1440.93,1449.13,1426.5,1439.55,187154
2024-04-18,1443.73,1460.88,1430.28,1435.9,328125
2024-04-19,1429.53,1430.0,1402.3,1415.35,668800
2024-04-22,1418.53,1455.5,1417.53,1449.03,227565
2024-04-23,1459.93,1462.5,1437.78,1457.2,379694
2024-04-24,1466.78,1488.45,1463.5,1475.2,283020
2024-04-25,1475.0,1475.2,1455.2,1459.73,291095
2024-04-26,1460.0,1502.48,1458.2,1491.25,250128
2024-04-29,1495.0,1513.0,1492.6,1510.55,337877
2024-04-30,1512.58,1540.88,1506.83,1524.5,477148
2024-05-02,1524.5,1559.0,1482.83,1494.03,545207
2024-05-03,1504.85,1511.75,1468.5,1476.4,327375
2024-05-06,1470.1,1481.78,1467.05,1476.65,210232
2024-05-07,1476.65,1482.78,1465.28,1475.13,309866
2024-05-08,1467.75,1482.45,1388.5,1407.53,1332543
2024-05-09,1407.53,1453.5,1407.0,1418.68,696744
2024-05-10,1432.98,1468.5,1422.55,1459.98,555148
2024-05-13,1452.13,1489.0,1451.53,1482.93,386238
2024-05-14,1487.98,1497.5,1480.53,1491.88,275114
2024-05-15,1492.5,1500.5,1477.5,1493.73,327294
2024-05-16,1495.13,1515.0,1491.85,1509.05,602332
2024-05-17,1509.05,1517.35,1489.03,1493.48,273543
2024-05-18,1493.53,1531.7,1480.05,1507.25,32674
2024-05-21,1491.55,1518.88,1485.43,1507.63,728534
2024-05-22,1514.9,1531.5,1500.0,1505.48,672386
2024-05-23,1505.03,1512.9,1485.15,1494.6,267841
2024-05-24,1501.58,1505.18,1473.0,1486.03,769375
2024-05-27,1487.33,1515.0,1486.03,1509.95,323516
2024-05-28,1519.0,1535.98,1509.9,1523.93,413115
2024-05-29,1523.78,1525.0,1507.5,1518.5,269778
2024-05-30,1514.9,1522.45,1492.5,1499.4,424311
2024-05-31,1499.4,1499.43,1460.0,1484.75,1237333
2024-06-03,1517.5,1517.5,1477.4,1492.3,419140
2024-06-04,1492.5,1543.18,1453.63,1531.1,713025
2024-06-05,1532.0,1615.5,1525.0,1583.1,632880
2024-06-06,1570.5,1582.28,1542.0,1544.6,398647
2024-06-07,1555.68,1571.5,1544.7,1561.85,707236
2024-06-10,1577.0,1596.5,1556.5,1587.03,387276
2024-06-11,1587.5,1602.5,1580.15,1587.7,328933
2024-06-12,1591.38,1592.0,1535.78,1539.25,687067
2024-06-13,1550.0,1551.8,1532.03,1539.3,671337
2024-06-14,1545.0,1562.43,1544.45,1554.9,366384
2024-06-18,1555.0,1569.5,1552.25,1561.3,335912
2024-06-19,1564.5,1574.0,1550.68,1558.6,309433
2024-06-20,1560.0,1579.03,1547.68,1566.23,468706
2024-06-21,1575.0,1576.73,1557.03,1572.23,414300
2024-06-24,1569.75,1569.75,1550.0,1553.55,269504
2024-06-25,1554.05,1572.98,1554.05,1569.3,221816
2024-06-26,1571.33,1600.0,1570.48,1586.98,521269
2024-06-27,1592.53,1593.8,1566.5,1571.98,293519
2024-06-28,1571.98,1596.33,1571.98,1579.48,287796
2024-07-01,1577.83,1585.9,1554.0,1560.7,240293
2024-07-02,1555.0,1565.98,1534.18,1542.58,619224
2024-07-03,1547.48,1562.13,1538.43,1555.98,407852
2024-07-04,1554.95,1566.93,1546.13,1548.7,213526
2024-07-05,1548.7,1555.7,1540.0,1549.88,198671
2024-07-08,1549.88,1552.5,1528.0,1534.5,203613
2024-07-09,1535.0,1560.5,1535.0,1556.95,359032
2024-07-10,1563.5,1600.93,1560.7,1580.83,637183
2024-07-11,1582.48,1587.0,1561.68,1580.73,258142
2024-07-12,1580.73,1586.95,1568.33,1573.83,221910
2024-07-15,1575.0,1596.65,1570.0,1585.5,256068
2024-07-16,1589.48,1597.5,1574.28,1587.58,235085
2024-07-18,1592.0,1613.5,1575.45,1596.7,410938
2024-07-19,1596.7,1621.53,1560.73,1567.38,428235
2024-07-22,1570.0,1577.5,1553.3,1575.18,202299
2024-07-23,1575.18,1600.5,1549.63,1588.2,353101
2024-07-24,1582.05,1587.0,1548.63,1554.45,170005
2024-07-25,1550.5,1557.58,1540.7,1554.78,244227
2024-07-26,1557.78,1574.48,1555.08,1567.68,175804
2024-07-29,1571.2,1580.98,1565.03,1575.93,168640
2024-07-30,1576.5,1615.0,1570.58,1578.0,427317
2024-07-31,1580.0,1607.43,1578.0,1593.2,306505
2024-08-01,1596.03,1603.43,1557.63,1560.65,222347
2024-08-02,1559.95,1577.5,1555.0,1567.03,156599
2024-08-05,1550.0,1568.73,1531.4,1536.48,264116
2024-08-06,1532.58,1566.48,1521.8,1527.63,213381
2024-08-07,1541.78,1598.0,1528.0,1576.43,698319
2024-08-08,1592.13,1639.48,1575.0,1584.15,1397468
2024-08-09,1603.95,1606.45,1550.0,1566.58,386756
2024-08-12,1565.0,1565.0,1520.08,1525.9,437462
2024-08-13,1515.25,1534.18,1511.03,1523.55,181637
2024-08-14,1524.5,1530.0,1499.73,1515.38,213043
2024-08-16,1525.0,1531.0,1512.55,1528.68,238640
2024-08-19,1544.0,1544.3,1525.5,1528.3,173165
2024-08-20,1539.0,1541.63,1525.15,1533.23,194202
2024-08-21,1534.28,1542.5,1521.75,1528.88,187932
2024-08-22,1534.5,1571.0,1532.5,1563.55,384984
2024-08-23,1567.45,1567.45,1540.0,1542.33,168470
2024-08-26,1542.33,1555.98,1530.93,1554.33,122410
2024-08-27,1553.98,1557.5,1540.0,1549.58,129045
2024-08-28,1557.5,1557.5,1535.28,1541.58,183165
2024-08-29,1540.05,1547.5,1523.53,1540.43,209792
2024-08-30,1540.43,1569.25,1535.55,1561.65,478166
2024-09-02,1575.0,1590.88,1567.8,1581.1,437322
2024-09-03,1583.98,1608.63,1581.18,1586.78,604354
2024-09-04,1586.0,1623.3,1586.0,1607.48,955844
2024-09-05,1607.48,1612.95,1590.75,1604.6,587224
2024-09-06,1605.0,1629.5,1602.5,1616.85,441560
2024-09-09,1627.0,1650.7,1610.05,1636.98,676835
2024-09-10,1642.0,1644.98,1613.55,1615.73,276297
2024-09-11,1634.98,1648.38,1624.95,1627.15,534809
2024-09-12,1625.0,1640.0,1610.5,1634.83,467044
2024-09-13,1634.5,1665.5,1620.5,1655.0,617427
2024-09-16,1660.0,1660.0,1639.18,1652.38,369327
2024-09-17,1654.98,1655.5,1631.68,1634.55,117365
2024-09-18,1635.03,1635.53,1580.55,1596.15,211503
2024-09-19,1612.5,1624.8,1592.5,1622.0,269754
2024-09-20,1624.6,1649.18,1612.5,1643.55,556121
2024-09-23,1649.45,1652.4,1638.85,1647.68,163795
2024-09-24,1647.68,1663.93,1627.0,1632.53,184450
2024-09-25,1632.53,1635.0,1608.5,1628.35,146118
2024-09-26,1628.35,1651.58,1623.0,1644.83,446470
2024-09-27,1647.5,1685.25,1637.33,1681.73,871582
2024-09-30,1692.0,1707.5,1675.08,1679.7,558443
2024-10-01,1693.58,1698.2,1665.6,1670.08,323455
2024-10-03,1620.0,1662.0,1620.0,1649.9,594000
2024-10-04,1635.0,1649.5,1596.23,1604.4,359269
2024-10-07,1613.5,1613.5,1569.53,1576.65,248961
2024-10-08,1578.63,1595.95,1551.1,1592.63,475232
2024-10-09,1607.18,1619.7,1585.03,1587.15,274804
2024-10-10,1590.0,1596.1,1564.0,1568.85,130144
2024-10-11,1579.95,1579.95,1551.18,1555.1,255940
2024-10-14,1566.5,1573.98,1550.15,1565.73,477499
2024-10-15,1583.0,1608.5,1570.25,1581.88,775805
2024-10-16,1585.0,1595.23,1570.53,1590.05,170872
2024-10-17,1590.0,1602.0,1571.0,1577.23,457113
2024-10-18,1577.23,1652.2,1577.23,1592.0,1063134
2024-10-21,1592.0,1602.38,1568.13,1576.75,230516
2024-10-22,1577.5,1591.73,1555.0,1563.73,242966
2024-10-23,1562.0,1577.18,1541.25,1545.35,162497
2024-10-24,1568.0,1610.0,1539.53,1560.78,1001160
2024-10-25,1573.2,1606.25,1567.5,1589.48,480075
2024-10-28,1604.0,1604.0,1575.8,1580.83,237447
2024-10-29,1580.83,1586.7,1539.53,1554.5,411431
2024-10-30,1566.48,1587.0,1550.5,1576.8,326182
2024-10-31,1576.8,1594.28,1559.8,1572.93,289327
2024-11-01,1574.98,1584.18,1573.0,1579.38,16000
2024-11-04,1579.38,1584.0,1545.5,1560.28,216652
2024-11-05,1557.58,1571.98,1540.9,1552.28,241253
2024-11-06,1555.0,1596.55,1552.28,1590.4,175287
2024-11-07,1598.5,1610.0,1566.83,1579.18,210879
2024-11-08,1584.18,1587.75,1558.5,1562.85,107368
2024-11-11,1555.63,1564.78,1541.0,1549.83,110161
2024-11-12,1551.0,1560.43,1516.28,1520.15,201463
2024-11-13,1512.5,1519.15,1484.15,1494.28,193385
2024-11-14,1500.0,1519.98,1484.83,1510.85,299390
2024-11-18,1537.5,1537.65,1503.53,1509.65,292227
2024-11-19,1504.65,1515.78,1490.78,1500.95,184764
2024-11-21,1509.5,1510.0,1462.95,1469.03,216673
2024-11-22,1465.28,1494.0,1458.45,1478.28,235005
2024-11-25,1490.0,1515.53,1481.08,1493.1,753824
2024-11-26,1505.0,1514.43,1495.08,1506.03,137045
2024-11-27,1506.03,1532.5,1493.0,1522.88,186980
2024-11-28,1531.5,1531.5,1500.58,1521.95,307561
2024-11-29,1522.5,1537.43,1515.7,1533.1,221932
2024-12-02,1533.13,1572.38,1528.05,1566.25,203220
2024-12-03,1566.83,1582.48,1542.85,1574.5,298495
2024-12-04,1574.0,1604.28,1565.38,1602.38,423821
2024-12-05,1610.0,1620.0,1583.03,1595.98,314712
2024-12-06,1591.0,1598.1,1574.28,1581.13,172670
2024-12-09,1576.5,1584.33,1560.0,1580.38,231040
2024-12-10,1575.5,1609.5,1575.05,1606.58,293172
2024-12-11,1617.43,1617.43,1588.5,1595.6,190962
2024-12-12,1596.3,1607.5,1580.78,1595.05,153953
2024-12-13,1591.9,1599.98,1567.53,1592.6,196042
2024-12-16,1600.0,1607.18,1588.5,1596.93,169481
2024-12-17,1595.28,1595.28,1536.48,1540.68,451024
2024-12-18,1541.0,1549.13,1525.5,1528.83,196366
2024-12-19,1519.03,1519.03,1491.18,1494.5,245605
2024-12-20,1494.95,1509.45,1482.98,1488.4,298958
2024-12-23,1500.0,1501.93,1472.0,1475.9,379460
2024-12-24,1480.0,1494.8,1478.03,1484.95,319632
2024-12-26,1484.95,1491.98,1463.0,1466.23,271693
2024-12-27,1467.53,1479.0,1454.68,1457.2,239751
2024-12-30,1459.98,1473.5,1433.05,1455.28,1312344
2024-12-31,1454.68,1467.2,1439.53,1452.13,247174
2025-01-01,1452.13,1462.5,1427.5,1431.85,490525
2025-01-02,1441.7,1466.0,1431.53,1463.33,588217
2025-01-03,1468.0,1479.8,1454.55,1466.18,561962
2025-01-06,1466.55,1473.98,1435.0,1447.38,445784
2025-01-07,1447.35,1482.2,1447.35,1463.8,369474
2025-01-08,1465.0,1474.38,1439.1,1454.0,425543
2025-01-09,1456.33,1484.33,1453.0,1479.13,497474
2025-01-10,1479.13,1489.5,1449.5,1450.68,195673
2025-01-13,1432.5,1439.5,1395.5,1398.35,372676
2025-01-14,1400.5,1409.85,1393.18,1404.48,283968
2025-01-15,1414.3,1418.88,1395.53,1401.38,264935
2025-01-16,1412.0,1418.5,1385.93,1392.5,152117
2025-01-17,1385.03,1421.13,1380.05,1406.68,233341
2025-01-20,1417.0,1417.0,1391.73,1393.88,202462
2025-01-21,1400.0,1407.48,1370.0,1374.85,359612
2025-01-22,1378.45,1382.5,1362.55,1377.38,313441
2025-01-23,1400.48,1498.6,1400.48,1454.83,2312757
2025-01-24,1454.83,1471.5,1420.5,1427.28,300150
2025-01-27,1410.0,1442.33,1400.78,1433.5,329979
2025-01-28,1433.53,1443.23,1426.03,1432.05,244266
2025-01-29,1442.0,1449.0,1425.15,1445.53,207441
2025-01-30,1445.53,1449.98,1421.0,1443.28,197508
2025-01-31,1443.23,1452.25,1422.5,1435.85,313741
2025-02-01,1432.0,1504.28,1430.08,1473.63,164680
2025-02-03,1473.63,1486.3,1455.65,1480.38,247344
2025-02-04,1485.0,1491.05,1458.13,1463.48,324713
2025-02-05,1460.78,1470.0,1440.58,1444.6,183765
2025-02-06,1447.5,1458.93,1436.8,1449.78,183892
2025-02-07,1450.0,1456.73,1423.3,1435.3,198892
2025-02-10,1425.5,1465.0,1425.5,1434.03,159096
2025-02-11,1430.03,1433.95,1414.38,1425.53,195053
2025-02-12,1425.25,1426.55,1401.0,1414.25,126361
2025-02-13,1414.0,1425.0,1401.5,1409.05,118160
2025-02-14,1407.73,1414.48,1388.05,1403.1,102793
2025-02-17,1381.5,1397.98,1375.0,1390.85,171219
2025-02-18,1385.58,1402.45,1379.0,1383.28,232410
2025-02-19,1381.5,1386.43,1368.2,1384.35,165836
2025-02-20,1384.35,1414.58,1375.03,1410.75,502887
2025-02-21,1412.48,1415.75,1383.78,1397.85,576991
2025-02-24,1378.5,1389.1,1363.53,1380.9,369386
2025-02-25,1380.5,1382.5,1345.5,1348.25,377261
2025-02-27,1349.63,1358.95,1330.05,1338.55,248281
2025-02-28,1338.45,1338.45,1321.0,1328.95,495197
2025-03-03,1328.95,1348.45,1311.1,1340.65,325429
2025-03-04,1336.0,1354.15,1321.23,1349.33,349395
2025-03-05,1346.3,1369.05,1338.7,1346.48,733366
2025-03-06,1353.58,1376.0,1353.58,1369.03,574409
2025-03-07,1366.5,1382.88,1362.6,1375.6,434533
2025-03-10,1375.6,1393.33,1360.0,1366.25,311403
2025-03-11,1348.68,1369.38,1348.68,1361.15,404628
2025-03-12,1366.5,1380.98,1358.33,1374.65,355665
2025-03-13,1375.2,1381.63,1360.45,1364.95,349417
2025-03-17,1374.68,1380.95,1363.43,1374.45,156791
2025-03-18,1378.98,1380.75,1360.55,1364.58,288689
2025-03-19,1375.0,1379.5,1363.38,1365.93,242351
2025-03-20,1372.0,1386.93,1362.98,1379.55,314741
2025-03-21,1381.6,1417.55,1381.25,1412.75,700191
2025-03-24,1420.0,1423.4,1399.23,1411.0,310958
2025-03-25,1412.4,1431.68,1403.0,1411.53,328425
2025-03-26,1414.88,1462.0,1405.03,1422.7,628797
2025-03-27,1410.33,1437.5,1396.48,1433.25,431587
2025-03-28,1435.23,1442.0,1419.2,1424.65,240291
2025-04-01,1424.65,1437.48,1410.5,1413.28,127076
2025-04-02,1414.5,1433.0,1407.8,1425.48,210005
2025-04-03,1410.53,1433.93,1410.53,1430.75,179102
2025-04-04,1432.5,1452.0,1425.75,1446.0,446499
2025-04-07,1406.5,1430.5,1393.95,1424.38,372837
2025-04-08,1425.0,1473.5,1425.0,1465.48,562380
2025-04-09,1465.48,1486.85,1456.68,1469.9,336945
2025-04-11,1497.5,1497.5,1459.5,1476.3,238640
2025-04-15,1495.0,1498.5,1471.5,1495.8,345058
2025-04-16,1495.5,1515.5,1489.6,1513.25,177520
2025-04-17,1513.25,1526.65,1504.05,1517.15,284838
2025-04-21,1517.15,1526.0,1498.05,1509.65,253292
2025-04-22,1509.65,1532.4,1509.65,1514.4,226617
2025-04-23,1515.0,1536.0,1511.4,1533.45,219528
2025-04-24,1533.45,1544.3,1521.7,1538.2,300032
2025-04-25,1532.5,1547.4,1492.5,1505.6,239482
2025-04-28,1495.75,1525.7,1495.75,1521.4,298211
2025-04-29,1520.4,1534.15,1496.3,1502.5,254060
2025-04-30,1503.45,1521.85,1494.15,1516.95,486485
2025-05-02,1503.0,1518.1,1495.0,1504.35,262335
2025-05-05,1500.5,1539.05,1500.3,1517.25,214869
2025-05-06,1513.5,1522.2,1489.95,1502.3,141630
2025-05-07,1477.0,1495.65,1475.8,1487.65,249460
2025-05-08,1493.95,1497.0,1470.05,1478.75,373139
2025-05-09,1467.5,1516.15,1466.0,1490.0,483740
2025-05-12,1520.0,1542.75,1512.5,1538.25,365652
2025-05-13,1541.0,1563.95,1533.25,1550.3,579701
2025-05-14,1550.5,1559.5,1546.5,1554.3,816865
2025-05-15,1560.0,1572.4,1551.05,1555.75,686714
2025-05-16,1561.5,1564.85,1537.7,1545.6,609523
2025-05-19,1547.0,1552.5,1531.0,1534.05,168444
2025-05-20,1541.7,1541.9,1499.0,1501.4,353919
2025-05-21,1501.95,1510.45,1486.25,1493.1,423739
2025-05-22,1500.3,1503.15,1483.1,1497.25,259162
2025-05-23,1497.25,1520.6,1486.95,1515.85,180966
2025-05-26,1524.5,1535.45,1516.85,1522.6,161729
2025-05-27,1522.6,1526.4,1505.0,1513.8,231503
2025-05-28,1511.5,1515.5,1496.0,1500.5,308032
2025-05-29,1501.65,1522.5,1501.65,1514.8,250999
2025-05-30,1514.8,1563.5,1508.1,1553.6,1654150
2025-06-02,1562.0,1567.85,1531.8,1540.1,418695
2025-06-03,1549.0,1557.75,1538.75,1548.05,322366
2025-06-04,1548.05,1555.4,1540.1,1547.65,460415
2025-06-05,1547.7,1559.55,1521.1,1526.6,411941
2025-06-06,1535.75,1536.45,1520.0,1524.9,158038
2025-06-09,1521.0,1533.6,1507.5,1527.9,236766
2025-06-10,1538.0,1549.15,1535.15,1539.65,195836
2025-06-11,1534.15,1540.0,1527.0,1530.1,235412
2025-06-12,1529.1,1535.1,1514.85,1523.45,374879
2025-06-13,1490.0,1509.65,1440.0,1506.25,383480
2025-06-16,1501.75,1520.75,1497.5,1499.4,179761
2025-06-17,1501.7,1511.9,1494.0,1509.15,264145
2025-06-18,1501.55,1509.95,1481.5,1484.1,207422
2025-06-19,1481.05,1489.7,1476.5,1483.65,92313
2025-06-20,1481.5,1490.8,1472.1,1478.05,522484
2025-06-23,1466.6,1478.5,1465.8,1475.85,90416
2025-06-24,1502.0,1514.2,1493.65,1501.15,307049
2025-06-25,1503.5,1517.15,1484.75,1502.95,736923
2025-06-26,1499.5,1512.5,1499.15,1510.0,225386
2025-06-27,1510.0,1532.15,1508.15,1525.85,306355
2025-06-30,1526.0,1535.85,1517.55,1527.2,170043
2025-07-01,1527.0,1541.9,1516.6,1522.9,241940
2025-07-02,1512.55,1540.5,1507.8,1538.3,193876
2025-07-03,1547.5,1561.95,1543.55,1557.25,390583
2025-07-04,1562.4,1562.45,1529.05,1540.1,210376
2025-07-07,1540.55,1547.75,1513.15,1536.2,259632
2025-07-08,1537.5,1542.45,1522.75,1533.8,224743
2025-07-09,1523.55,1540.45,1514.45,1524.15,346930
2025-07-10,1525.0,1542.0,1522.0,1532.55,322261
2025-07-11,1530.0,1534.95,1495.25,1500.4,168496
2025-07-14,1500.35,1500.35,1470.0,1482.2,368656
2025-07-15,1484.95,1501.55,1483.0,1499.1,124680
2025-07-16,1499.05,1500.55,1485.55,1494.0,242156
2025-07-17,1494.0,1505.0,1489.25,1496.15,154255
2025-07-18,1496.0,1497.75,1474.75,1479.05,315459
2025-07-21,1479.95,1493.25,1479.0,1482.55,208957
2025-07-22,1482.5,1492.25,1464.5,1467.15,170301
2025-07-23,1460.0,1464.45,1450.05,1459.45,243703
2025-07-24,1465.4,1471.0,1446.5,1453.95,121020
2025-07-25,1453.95,1455.0,1437.5,1444.8,184102
2025-07-28,1434.55,1452.95,1429.75,1439.4,242389
2025-07-29,1435.0,1449.0,1428.9,1446.45,164382
2025-07-30,1447.9,1450.2,1431.0,1437.05,249896
2025-07-31,1430.5,1442.25,1422.8,1434.9,188978
2025-08-01,1430.0,1442.5,1425.5,1429.45,204783
2025-08-04,1442.5,1488.0,1433.05,1475.9,408508
2025-08-05,1483.2,1513.75,1475.5,1498.8,577583
2025-08-06,1513.0,1529.0,1486.55,1520.9,819116
2025-08-07,1528.5,1558.95,1511.4,1525.4,1176910
2025-08-08,1534.0,1544.7,1517.5,1540.65,637714
2025-08-11,1549.5,1550.5,1532.5,1548.4,324415
2025-08-12,1550.0,1557.05,1541.15,1550.75,299131
2025-08-13,1550.05,1552.45,1527.55,1530.95,255940
2025-08-14,1530.55,1546.65,1527.55,1542.7,386023
2025-08-18,1562.5,1562.5,1533.65,1538.45,255935
2025-08-19,1538.45,1556.0,1538.0,1547.6,284812
2025-08-20,1546.4,1554.0,1540.0,1542.3,76877
2025-08-21,1543.5,1552.4,1536.6,1539.5,118413
2025-08-22,1539.5,1553.4,1533.65,1543.6,357791
2025-08-25,1549.5,1568.0,1544.95,1553.5,365670
2025-08-26,1557.5,1572.0,1537.55,1550.2,694836
2025-08-28,1530.0,1552.1,1526.35,1531.45,186240
2025-08-29,1525.5,1535.0,1513.55,1525.15,327043
2025-09-01,1534.4,1568.15,1528.05,1562.7,241341
2025-09-02,1561.4,1572.15,1558.55,1563.5,185042
2025-09-03,1570.0,1574.95,1552.7,1556.0,216926
2025-09-04,1562.5,1574.9,1550.0,1559.55,430405
2025-09-05,1570.0,1570.0,1545.55,1547.55,112254
2025-09-08,1547.0,1561.0,1540.5,1551.9,108507
2025-09-09,1551.9,1567.45,1546.2,1550.05,307829
2025-09-10,1557.45,1562.5,1531.25,1535.3,169054
2025-09-11,1535.35,1542.45,1527.5,1539.9,153504
2025-09-12,1544.95,1554.45,1537.7,1539.45,194375
2025-09-15,1544.45,1551.0,1533.05,1537.05,183447
2025-09-16,1538.75,1545.0,1527.55,1537.0,212092
2025-09-17,1545.0,1545.0,1526.4,1531.0,245587
2025-09-18,1531.0,1543.8,1523.5,1527.1,595651
2025-09-19,1535.7,1539.0,1520.35,1524.15,413356
2025-09-22,1532.0,1539.0,1512.5,1519.0,368250
2025-09-23,1534.0,1535.7,1482.7,1489.3,810500
2025-09-24,1489.3,1521.7,1475.0,1519.5,540982
2025-09-25,1517.6,1518.5,1490.0,1495.7,554053
2025-09-26,1485.0,1498.0,1472.0,1474.8,731234
2025-09-29,1479.0,1486.2,1459.8,1466.8,984535
2025-09-30,1470.0,1476.3,1455.9,1468.0,722168
2025-10-01,1468.9,1479.6,1448.9,1475.4,888183
2025-10-03,1475.6,1493.6,1471.3,1489.6,778524
2025-10-06,1489.6,1493.0,1480.0,1489.0,425656
2025-10-07,1489.0,1489.0,1469.6,1470.9,725776
2025-10-08,1469.0,1498.5,1462.0,1493.7,1023522
2025-10-09,1499.0,1515.9,1486.6,1510.4,543793
2025-10-10,1516.0,1522.0,1502.9,1510.6,476671
2025-10-13,1497.7,1517.0,1497.7,1513.5,436390
2025-10-14,1513.0,1522.7,1487.7,1491.2,258073
2025-10-15,1501.0,1508.4,1490.0,1500.8,415150
2025-10-16,1500.0,1526.0,1500.0,1523.0,492506
2025-10-17,1524.0,1545.2,1515.3,1542.7,818953
2025-10-20,1551.0,1551.2,1523.4,1526.3,323401
2025-10-21,1537.0,1537.0,1526.3,1532.0,62310
2025-10-23,1530.0,1535.5,1510.3,1517.1,423185
2025-10-24,1517.1,1519.8,1504.0,1507.1,414542
2025-10-27,1507.1,1523.4,1492.1,1504.4,522205
2025-10-28,1504.1,1509.4,1485.0,1492.0,670631
2025-10-29,1492.0,1510.1,1483.6,1507.3,489526
2025-10-30,1509.9,1512.0,1480.5,1486.4,813850
2025-10-31,1491.9,1491.9,1440.0,1444.6,1720635
2025-11-03,1450.0,1471.9,1446.4,1460.5,677950
2025-11-04,1461.0,1465.0,1448.3,1455.2,707089
2025-11-06,1463.0,1468.5,1438.0,1442.8,692357
2025-11-07,1448.0,1458.1,1445.4,1454.8,533597
2025-11-10,1460.0,1467.0,1451.0,1456.6,283000
2025-11-11,1456.6,1477.0,1452.2,1472.9,292665
2025-11-12,1477.0,1487.0,1469.7,1482.0,417016
2025-11-13,1491.0,1496.3,1478.6,1481.4,798904
2025-11-14,1472.6,1476.3,1453.0,1459.8,549299
2025-11-17,1468.0,1486.0,1450.0,1475.5,898284
2025-11-18,1483.0,1496.8,1472.0,1491.0,1135472
2025-11-19,1495.0,1497.2,1473.6,1476.7,631671
2025-11-20,1482.0,1494.9,1477.1,1489.0,829582
2025-11-21,1480.0,1487.1,1468.9,1472.1,331504
2025-11-24,1471.0,1528.9,1453.7,1463.0,3427226
2025-11-25,1465.9,1470.0,1454.3,1466.6,449171
2025-11-26,1461.1,1490.0,1460.9,1484.4,371398
2025-11-27,1484.3,1490.0,1467.2,1472.3,421269
2025-11-28,1478.0,1478.0,1463.3,1469.8,380330
2025-12-01,1469.9,1474.0,1460.0,1468.6,197122
2025-12-02,1461.0,1471.5,1458.1,1468.9,586303
2025-12-03,1471.0,1487.5,1471.0,1478.6,717275
2025-12-04,1478.0,1487.0,1475.6,1484.7,308126
2025-12-05,1480.0,1482.4,1467.3,1475.1,328473
2025-12-08,1475.0,1484.0,1446.5,1456.1,343005
2025-12-09,1456.1,1463.9,1439.0,1459.8,325894
2025-12-10,1450.7,1466.4,1450.7,1455.7,458850
2025-12-11,1454.7,1472.5,1451.0,1467.4,148263
2025-12-12,1464.5,1479.5,1464.5,1476.8,332259
2025-12-15,1480.0,1483.4,1468.4,1479.4,494291
2025-12-16,1479.4,1489.0,1468.0,1473.1,326142
2025-12-17,1473.0,1473.0,1445.4,1450.7,259786
2025-12-18,1446.6,1455.1,1437.6,1451.6,258434
2025-12-19,1451.6,1463.3,1447.1,1458.3,504759
2025-12-22,1462.9,1462.9,1451.8,1459.2,276397
2025-12-23,1459.2,1464.9,1450.1,1462.1,205136
2025-12-24,1462.1,1463.9,1444.5,1446.6,282565
2025-12-26,1446.6,1464.0,1445.0,1458.6,240983
2025-12-29,1458.6,1463.8,1445.4,1452.8,587342
2025-12-30,1452.8,1457.1,1437.7,1450.9,832687
2025-12-31,1450.0,1489.0,1450.0,1482.4,605718
2026-01-01,1483.9,1486.6,1467.2,1469.3,108609
2026-01-02,1469.3,1482.8,1467.2,1478.2,275319
2026-01-05,1478.2,1507.0,1474.4,1505.0,472741
2026-01-06,1508.0,1510.0,1490.7,1505.0,391704
2026-01-07,1510.0,1517.5,1496.6,1511.0,621185
2026-01-08,1514.8,1514.8,1490.0,1500.8,493955
2026-01-09,1490.1,1511.1,1478.5,1483.5,942431
2026-01-12,1477.4,1504.9,1477.4,1500.8,516036
2026-01-13,1509.0,1511.0,1485.1,1495.0,490153
2026-01-14,1482.1,1502.5,1482.1,1495.3,426425
2026-01-16,1495.2,1504.4,1467.6,1476.6,745534
2026-01-19,1465.6,1480.4,1463.6,1474.0,434649
2026-01-20,1474.8,1474.9,1427.5,1433.5,591045
2026-01-21,1424.2,1439.2,1412.4,1421.8,560841
2026-01-22,1425.4,1459.8,1425.4,1452.8,385508
2026-01-23,1445.0,1463.0,1440.8,1447.9,1212874
2026-01-27,1449.7,1450.8,1433.6,1447.2,405584
2026-01-28,1440.0,1467.8,1420.4,1460.7,824989
2026-01-29,1454.9,1458.3,1411.8,1429.6,820183
2026-01-30,1429.0,1448.0,1418.0,1431.1,722566
2026-02-01,1430.9,1433.2,1410.1,1423.8,359819
2026-02-02,1426.7,1434.5,1398.8,1412.0,1594471
2026-02-03,1435.0,1453.0,1412.2,1427.8,1418450
2026-02-04,1442.3,1478.2,1430.0,1460.3,1787666
2026-02-05,1464.9,1481.9,1458.5,1469.6,835235
2026-02-06,1475.0,1493.6,1471.0,1489.1,571034
2026-02-09,1490.0,1497.0,1470.7,1488.5,318469
2026-02-10,1494.0,1494.0,1484.6,1487.8,15262
2026-02-11,1476.8,1488.6,1475.0,1487.1,35512
2026-02-11,1476.8,1494.8,1475.0,1475.2,440706
2026-02-12,1485.5,1502.9,1476.0,1497.4,678624
2026-02-13,1486.1,1489.6,1472.1,1479.3,474002
2026-02-16,1470.0,1494.0,1465.2,1487.3,217908
2026-02-17,1479.0,1497.8,1477.4,1495.5,344682
2026-02-18,1500.0,1506.0,1482.7,1489.5,2016972
2026-02-19,1489.5,1489.9,1461.0,1464.9,407250
2026-02-20,1465.0,1477.4,1460.0,1464.9,501173
2026-02-23,1464.9,1485.2,1463.0,1481.0,511293
2026-02-24,1475.1,1486.7,1470.0,1480.5,641633
2026-02-25,1491.1,1503.0,1481.0,1497.6,577178
2026-02-26,1495.0,1525.0,1487.1,1516.9,738376
2026-02-27,1518.9,1518.9,1484.5,1492.0,1606678
2026-03-02,1430.0,1476.8,1430.0,1465.5,699279
2026-03-04,1444.0,1449.0,1422.4,1439.1,1119317
2026-03-05,1439.1,1453.5,1421.0,1445.9,571622
2026-03-06,1445.9,1454.4,1430.6,1433.8,563184
2026-03-09,1400.0,1403.4,1366.6,1386.4,806385
2026-03-10,1415.1,1435.0,1391.0,1427.7,613943
2026-03-11,1427.7,1438.6,1398.0,1403.4,283707
2026-03-12,1397.8,1397.8,1378.0,1387.4,724869
2026-03-13,1380.0,1391.9,1334.2,1340.0,878140
2026-03-16,1340.8,1361.5,1328.8,1353.6,332170
2026-03-18,1357.0,1391.5,1345.6,1380.6,538957
2026-03-19,1374.0,1374.0,1303.9,1308.9,689898
2026-03-20,1321.1,1354.8,1321.1,1341.3,898444
2026-03-23,1333.0,1333.0,1293.3,1314.9,800316
2026-03-24,1333.8,1359.2,1309.0,1332.2,496307
2026-03-25,1352.2,1383.9,1350.0,1362.8,886923
2026-03-27,1351.7,1359.0,1310.0,1314.9,1353886
2026-04-24,1406.0,1408.9,1389.4,1392.0,501829
2026-04-27,1394.3,1406.9,1390.3,1399.3,356391
2026-04-28,1399.9,1405.3,1389.0,1392.6,390142
2026-04-29,1392.6,1404.8,1386.4,1389.0,364945
2026-04-30,1378.7,1384.8,1355.0,1375.7,1333712
2026-05-04,1378.2,1389.0,1361.1,1364.6,649397
2026-05-05,1365.0,1369.0,1347.7,1364.2,621782
2026-05-06,1374.8,1426.0,1373.0,1421.5,2276888
2026-05-07,1442.6,1461.1,1428.0,1450.4,1464405
2026-05-08,1503.6,1515.0,1470.0,1476.0,5494105
2026-05-11,1468.5,1468.5,1432.0,1437.2,922577
2026-05-12,1433.1,1480.0,1427.6,1453.0,1764144
2026-05-13,1453.0,1472.0,1438.3,1445.6,1124814
2026-05-14,1458.7,1489.8,1458.7,1483.8,1213793
2026-05-15,1486.0,1493.8,1464.1,1467.7,909039
2026-05-18,1456.0,1456.6,1428.2,1450.2,655599
2026-05-19,1454.0,1471.6,1445.1,1455.8,617156
2026-05-20,1440.0,1465.0,1431.4,1455.6,356329
2026-05-21,1471.0,1478.4,1465.8,1472.8,465411
2026-05-22,1474.1,1484.0,1459.0,1478.4,533048
2026-05-25,1500.0,1508.4,1473.1,1477.2,593426
2026-05-26,1477.2,1483.0,1467.0,1478.5,454638
2026-05-27,1473.1,1486.0,1472.4,1480.7,323780
2026-05-29,1474.2,1500.7,1466.5,1482.8,4438929
2026-06-03,1450.0,1461.4,1444.5,1459.6,90474
