date,open,high,low,close,volume
2006-01-04,264.97,303.63,264.97,289.45,13493309
2006-01-05,291.46,293.92,275.03,277.33,2561756
2006-01-06,277.63,278.56,266.0,270.32,1458627
2006-01-09,270.07,277.14,267.47,274.78,768134
2006-01-10,275.86,284.59,273.06,274.88,703707
2006-01-12,268.89,280.18,268.89,273.8,314842
2006-01-13,274.78,279.79,266.93,269.19,243554
2006-01-16,268.5,275.57,266.0,268.25,215211
2006-01-17,269.78,271.74,259.23,260.35,145047
2006-01-18,257.12,264.97,251.23,259.72,124609
2006-01-19,264.77,267.72,260.21,266.14,107393
2006-01-20,269.78,278.61,264.97,267.47,289170
2006-01-23,266.93,283.56,265.11,279.15,398111
2006-01-24,278.51,297.35,276.99,285.92,916628
2006-01-25,289.3,294.31,283.61,291.71,355035
2006-01-27,295.39,302.16,283.61,286.51,617562
2006-01-30,289.5,290.48,276.74,281.9,108904
2006-01-31,284.01,288.47,270.32,275.52,330461
2006-02-01,276.74,278.71,260.06,261.92,117315
2006-02-02,264.77,268.21,246.57,251.18,216043
2006-02-03,256.04,256.04,247.79,250.44,79298
2006-02-06,247.4,260.06,247.4,253.83,84284
2006-02-07,254.42,258.2,252.21,256.33,48348
2006-02-08,255.25,262.91,250.74,261.04,146156
2006-02-10,264.97,272.82,261.53,265.02,84881
2006-02-13,270.36,288.91,262.51,283.07,340673
2006-02-14,287.54,294.31,261.83,286.7,306916
2006-02-15,289.5,289.5,276.84,283.91,88156
2006-02-16,268.01,286.07,268.01,281.11,59220
2006-02-17,283.61,300.54,274.88,294.41,743599
2006-02-20,297.35,298.14,278.76,287.15,297556
2006-02-21,287.54,290.48,282.63,286.85,112083
2006-02-22,289.3,294.26,275.22,279.39,217230
2006-02-23,282.09,282.63,270.02,275.81,104359
2006-02-24,278.46,283.61,274.78,279.93,80911
2006-02-27,274.88,285.58,274.88,283.56,35942
2006-02-28,284.5,284.5,272.82,274.24,71307
2006-03-01,278.46,279.15,275.76,277.28,43140
2006-03-02,281.55,282.63,276.74,279.83,72225
2006-03-03,284.3,284.3,276.74,278.41,20398
2006-03-06,282.58,282.58,274.78,279.64,61762
2006-03-07,281.45,291.27,277.97,284.64,58737
2006-03-08,283.61,286.56,275.03,279.1,36270
2006-03-09,281.45,281.65,271.98,279.3,32276
2006-03-10,280.67,283.51,278.9,281.8,19464
2006-03-13,282.63,283.42,274.78,275.86,7846
2006-03-14,274.78,296.27,274.78,285.04,82441
2006-03-16,289.5,289.5,280.28,283.71,17461
2006-03-17,289.5,289.5,280.67,285.09,24815
2006-03-20,289.4,289.4,281.85,285.09,25742
2006-03-21,289.4,292.84,283.61,285.43,34198
2006-03-22,284.59,291.37,282.73,286.46,28552
2006-03-23,285.09,288.52,282.68,284.59,10107
2006-03-24,284.59,287.54,283.61,284.59,13885
2006-03-27,280.87,293.43,280.87,286.36,22206
2006-03-28,287.49,289.5,274.78,278.76,23174
2006-03-29,280.67,289.5,277.77,282.88,18238
2006-03-30,285.48,289.5,280.77,287.69,15691
2006-03-31,292.45,337.98,287.54,302.36,304089
2006-04-03,306.18,327.68,303.24,321.98,250987
2006-04-04,325.81,329.05,305.4,309.03,103293
2006-04-05,311.78,319.92,308.44,311.04,48621
2006-04-07,310.7,325.66,310.6,319.63,108001
2006-04-10,318.94,324.83,307.17,309.08,65148
2006-04-12,312.86,328.76,300.59,303.83,88102
2006-04-13,303.24,312.07,297.35,308.39,60604
2006-04-17,313.0,318.94,302.26,308.15,98372
2006-04-18,308.1,312.76,307.17,309.32,29556
2006-04-19,311.97,312.07,297.35,300.3,31260
2006-04-20,300.3,311.09,299.51,309.03,25380
2006-04-21,316.0,316.0,303.24,304.81,8695
2006-04-24,317.47,323.8,301.28,304.27,17854
2006-04-25,313.05,314.04,302.75,304.22,31534
2006-04-26,309.03,309.03,299.31,303.09,10731
2006-04-27,305.2,318.6,299.46,315.7,43571
2006-04-28,297.7,315.02,285.92,312.22,10870
2006-04-29,312.07,318.94,304.52,314.18,8513
2006-05-02,321.69,321.69,306.18,314.23,13748
2006-05-03,314.23,318.84,310.11,314.33,10626
2006-05-04,314.04,317.76,310.36,314.13,6610
2006-05-05,314.04,317.96,311.39,314.18,52924
2006-05-08,315.26,316.0,306.18,314.18,31400
2006-05-09,314.04,317.91,308.15,308.44,10123
2006-05-10,310.11,313.05,308.15,310.16,3603
2006-05-11,318.94,318.94,294.46,299.61,9737
2006-05-12,296.57,309.13,296.57,306.18,10750
2006-05-15,315.51,328.12,289.5,295.93,51741
2006-05-16,301.28,304.22,251.23,291.12,18254
2006-05-17,300.3,301.28,290.48,293.52,13653
2006-05-18,271.49,304.22,271.49,284.59,17983
2006-05-19,314.04,314.04,269.87,272.23,7686
2006-05-22,279.69,279.69,247.4,266.59,28366
2006-05-23,247.3,272.72,247.3,264.28,2962
2006-05-24,263.99,284.59,263.99,280.08,5048
2006-05-25,289.5,289.5,264.97,269.43,5171
2006-05-26,281.65,289.21,271.0,274.34,3157
2006-05-29,277.72,278.22,264.97,267.96,2934
2006-05-30,269.87,278.71,266.39,267.18,1949
2006-05-31,260.06,273.8,248.87,262.17,4117
2006-06-01,265.95,273.75,245.44,252.55,9688
2006-06-02,235.53,253.19,225.71,241.66,8398
2006-06-05,245.34,245.34,231.11,232.48,3214
2006-06-06,225.81,235.43,225.71,229.54,4421
2006-06-07,221.93,245.14,201.08,225.57,18778
2006-06-08,212.02,223.75,186.61,202.5,22263
2006-06-09,229.64,229.64,196.27,223.06,12418
2006-06-12,226.69,230.62,215.9,218.75,1873
2006-06-13,221.89,221.89,192.49,211.09,9284
2006-06-14,206.23,218.84,184.89,190.43,10392
2006-06-15,196.42,208.05,196.27,202.95,8481
2006-06-16,220.32,220.32,191.46,198.58,8943
2006-06-19,208.05,210.01,201.18,205.79,3012
2006-06-20,201.18,209.03,201.18,204.66,2029
2006-06-21,206.09,213.64,201.33,207.02,2841
2006-06-22,213.94,216.88,209.13,211.04,4974
2006-06-23,213.94,214.48,202.65,211.43,2734
2006-06-25,210.99,216.88,208.1,213.99,401
2006-06-26,210.99,219.33,208.29,212.61,4544
2006-06-27,211.97,217.76,206.33,215.75,10218
2006-06-28,215.75,216.39,203.14,215.85,20409
2006-06-29,216.68,216.78,206.09,208.1,121008
2006-06-30,212.37,218.84,208.05,214.77,6556
2006-07-03,214.92,214.92,209.03,212.27,2036
2006-07-04,213.0,223.65,211.19,220.32,11030
2006-07-05,235.43,235.43,206.38,224.49,8226
2006-07-06,217.96,229.29,217.96,226.3,4597
2006-07-07,229.64,244.06,226.2,231.5,57271
2006-07-10,249.22,249.27,234.64,246.52,14684
2006-07-11,248.48,248.53,238.47,243.23,6662
2006-07-12,235.53,237.49,232.83,235.53,35711
2006-07-13,231.6,245.34,229.64,242.2,5896
2006-07-14,228.71,239.16,228.71,234.74,2135
2006-07-17,236.51,240.43,226.25,227.53,40040
2006-07-18,226.69,232.58,217.86,219.97,1935
2006-07-19,219.82,225.71,210.5,211.58,5584
2006-07-20,219.82,230.52,215.9,216.1,4277
2006-07-21,219.82,219.82,207.31,216.49,2133
2006-07-24,225.71,227.58,203.14,204.91,10629
2006-07-25,212.96,216.78,200.3,203.39,7260
2006-07-26,204.12,214.77,204.12,206.48,70031
2006-07-27,209.96,212.42,207.75,211.04,6395
2006-07-28,211.97,220.32,211.09,215.36,4409
2006-07-31,216.78,244.85,216.78,230.37,100443
2006-08-01,236.51,237.98,218.89,226.65,86143
2006-08-02,223.95,237.44,223.95,230.57,26577
2006-08-03,234.45,239.45,225.71,227.92,15109
2006-08-04,232.97,234.55,221.1,224.34,8739
2006-08-07,229.64,229.64,217.86,222.33,24585
2006-08-08,223.75,225.17,221.84,222.82,3617
2006-08-09,234.55,234.55,223.26,229.15,17336
2006-08-10,230.42,233.56,227.68,229.93,5464
2006-08-11,229.64,235.53,229.64,231.21,9483
2006-08-14,239.45,252.6,234.25,249.02,50422
2006-08-16,252.01,262.81,240.87,244.6,149530
2006-08-17,250.15,250.15,240.92,245.63,47829
2006-08-18,249.95,249.95,240.97,242.2,11534
2006-08-21,238.52,243.38,238.47,240.43,14150
2006-08-22,243.38,246.32,239.94,240.97,15975
2006-08-23,238.52,249.66,232.09,238.37,32961
2006-08-24,236.7,241.41,226.69,240.24,11906
2006-08-25,241.95,253.19,240.92,242.69,42922
2006-08-28,250.15,250.15,240.43,242.94,12718
2006-08-29,245.34,245.34,211.19,231.4,16725
2006-08-30,239.45,241.66,235.53,238.81,10991
2006-08-31,240.24,240.24,220.81,231.11,20149
2006-09-01,231.7,250.25,230.62,240.29,106698
2006-09-04,243.38,244.36,235.53,241.17,27999
2006-09-05,238.47,243.87,237.49,239.4,31932
2006-09-06,243.23,244.46,238.47,239.35,10306
2006-09-07,235.87,247.2,235.87,241.17,108622
2006-09-08,243.33,244.26,236.51,237.69,26695
2006-09-11,240.92,243.28,237.49,240.34,32577
2006-09-12,231.7,244.36,230.62,242.64,21701
2006-09-13,245.34,245.34,238.62,240.38,19696
2006-09-14,236.02,250.2,236.02,240.87,31355
2006-09-15,244.36,250.0,236.51,247.79,34465
2006-09-18,250.25,260.01,245.39,250.05,129698
2006-09-19,253.14,258.15,247.79,250.64,493030
2006-09-20,255.15,266.59,250.3,257.95,102133
2006-09-21,260.94,263.4,250.84,252.26,48614
2006-09-22,257.8,257.8,247.3,248.87,21880
2006-09-25,250.25,260.06,249.36,252.16,26040
2006-09-26,256.13,259.08,249.27,251.13,38500
2006-09-27,255.15,259.08,249.27,250.44,139373
2006-09-28,252.7,253.58,248.28,249.76,35639
2006-09-29,245.34,253.19,245.34,250.79,20504
2006-10-03,252.99,259.08,251.38,251.96,47496
2006-10-04,251.96,255.15,234.64,250.93,27557
2006-10-05,260.06,260.06,249.36,250.49,20762
2006-10-06,253.68,253.68,247.5,248.24,13532
2006-10-09,250.44,250.44,245.83,246.42,19585
2006-10-10,249.85,249.85,241.41,243.33,16931
2006-10-11,245.34,249.27,238.62,240.14,19616
2006-10-12,241.41,242.35,237.1,239.65,13542
2006-10-13,240.92,243.38,236.46,237.59,20633
2006-10-16,241.22,241.22,234.79,238.72,25100
2006-10-17,236.61,240.43,231.6,237.29,12383
2006-10-18,237.29,238.47,234.1,236.26,5749
2006-10-19,235.72,239.45,235.62,237.29,6522
2006-10-20,237.44,240.43,233.56,234.55,16246
2006-10-21,238.47,238.47,234.59,237.83,2900
2006-10-23,238.37,239.3,233.07,233.86,5773
2006-10-26,240.24,240.24,235.13,237.69,7138
2006-10-27,240.14,247.2,230.77,238.32,48720
2006-10-30,235.87,239.45,234.05,235.77,16938
2006-10-31,235.77,243.28,234.05,236.12,52656
2006-11-01,239.94,239.94,234.15,235.82,14903
2006-11-02,236.02,238.96,234.05,234.64,8035
2006-11-03,238.76,254.12,238.76,242.54,97536
2006-11-06,244.8,245.24,240.43,241.02,21169
2006-11-07,243.18,244.31,236.51,237.59,19329
2006-11-08,237.73,238.37,232.58,234.74,12667
2006-11-09,238.27,240.43,231.6,232.97,15418
2006-11-10,236.12,236.12,231.6,233.07,15526
2006-11-13,232.58,237.29,232.58,234.79,23104
2006-11-14,237.49,269.58,231.36,232.19,39385
2006-11-15,233.56,237.49,229.15,230.03,15875
2006-11-16,232.58,242.79,229.64,240.14,391977
2006-11-17,246.32,269.87,236.51,237.29,39284
2006-11-20,229.88,233.56,226.69,231.11,10939
2006-11-21,236.51,236.51,231.6,234.35,11655
2006-11-22,236.51,238.47,233.56,234.89,8838
2006-11-23,235.53,259.96,235.53,248.87,162357
2006-11-24,249.27,251.38,240.73,242.0,32559
2006-11-27,245.14,247.5,240.43,243.13,25989
2006-11-28,238.47,252.99,238.47,242.98,96258
2006-11-29,251.72,251.72,243.67,246.91,33434
2006-11-30,248.19,248.28,243.38,244.41,13967
2006-12-01,246.27,246.32,240.78,242.49,14257
2006-12-04,241.56,242.89,240.63,241.66,8589
2006-12-05,246.32,246.81,235.77,240.48,5936
2006-12-06,245.34,245.34,237.83,243.87,21435
2006-12-07,243.87,245.14,239.01,242.2,7250
2006-12-08,247.3,250.25,240.53,245.34,102969
2006-12-11,250.2,250.2,231.11,233.32,15776
2006-12-12,230.62,237.0,216.98,220.32,14651
2006-12-13,223.75,227.58,205.2,225.27,26551
2006-12-14,231.6,234.45,228.17,232.29,12829
2006-12-15,235.33,236.51,227.97,230.13,13225
2006-12-18,231.6,235.53,225.71,227.43,18857
2006-12-19,227.68,229.59,223.75,225.03,8556
2006-12-20,228.36,228.36,224.73,225.37,4667
2006-12-21,224.73,224.73,220.9,222.47,8197
2006-12-22,223.31,227.14,223.31,225.91,4472
2006-12-26,221.0,229.59,221.0,225.91,7161
2006-12-27,230.52,231.5,225.71,230.47,25378
2006-12-28,231.6,231.6,223.75,226.84,16908
2006-12-29,227.68,229.39,223.9,224.73,57769
2007-01-02,226.79,231.45,225.71,227.23,6954
2007-01-03,229.64,232.58,223.85,224.83,15307
2007-01-04,226.69,228.46,224.73,225.42,9530
2007-01-05,225.71,236.51,225.71,231.01,39069
2007-01-08,234.45,234.45,226.6,227.58,11392
2007-01-09,234.55,234.55,225.71,226.4,20011
2007-01-10,225.71,232.58,223.95,227.63,48566
2007-01-11,228.66,230.52,225.22,225.91,9468
2007-01-12,232.58,232.58,227.18,230.57,29395
2007-01-15,231.6,232.48,226.79,228.07,14408
2007-01-16,228.66,229.64,224.73,225.37,12959
2007-01-17,228.56,229.05,224.24,224.88,9416
2007-01-18,227.58,228.36,223.41,224.09,12596
2007-01-19,229.49,229.49,218.99,219.97,14863
2007-01-22,225.57,227.63,221.39,226.2,18330
2007-01-23,229.34,254.17,226.06,235.13,122884
2007-01-24,236.02,248.28,233.56,235.43,66548
2007-01-25,239.45,240.38,237.0,238.37,31527
2007-01-29,240.43,241.91,238.42,238.57,12955
2007-01-31,237.64,243.28,228.66,233.51,45426
2007-02-01,239.45,239.45,219.48,221.59,46603
2007-02-02,228.66,229.54,222.52,223.46,18565
2007-02-05,223.8,226.4,220.86,222.62,20759
2007-02-06,227.68,229.59,220.81,221.64,34897
2007-02-07,225.52,225.52,219.97,220.9,11993
2007-02-08,221.3,225.12,217.22,218.79,11606
2007-02-09,222.43,222.43,206.09,209.08,22227
2007-02-12,209.52,213.94,199.22,202.55,21661
2007-02-13,193.82,206.09,193.82,201.33,34512
2007-02-14,200.2,201.18,194.31,195.78,33473
2007-02-15,204.12,205.74,196.27,197.65,37133
2007-02-19,198.23,204.02,197.25,198.58,25865
2007-02-20,198.53,201.18,193.33,194.46,21235
2007-02-21,195.29,199.17,192.98,193.52,15476
2007-02-22,197.74,197.74,189.65,191.17,10083
2007-02-23,189.6,191.37,183.32,183.96,13100
2007-02-26,184.5,187.44,175.66,181.94,9228
2007-02-27,182.78,183.51,177.63,179.39,12859
2007-02-28,175.66,180.57,161.92,178.26,11052
2007-03-01,179.0,180.57,173.21,174.09,8683
2007-03-02,173.31,176.64,171.74,172.18,6624
2007-03-05,171.44,172.72,158.0,159.96,7748
2007-03-06,168.6,168.6,158.0,161.14,6136
2007-03-07,164.87,164.87,150.2,152.7,8110
2007-03-08,155.05,157.02,146.27,152.36,21490
2007-03-09,155.35,157.02,150.15,151.57,11812
2007-03-12,152.16,155.55,152.11,153.09,8081
2007-03-13,166.78,166.78,154.07,154.91,12011
2007-03-14,154.07,157.02,149.17,152.8,10554
2007-03-15,155.05,159.32,155.05,157.75,28522
2007-03-16,154.07,159.96,153.09,154.86,22455
2007-03-19,155.05,157.61,154.07,156.33,6396
2007-03-20,158.0,159.18,154.52,156.38,7290
2007-03-21,158.0,159.23,155.05,158.88,10862
2007-03-22,160.94,162.71,158.98,161.63,11983
2007-03-23,157.31,171.25,157.31,168.79,16729
2007-03-26,168.79,175.66,161.92,166.59,11773
2007-03-28,161.92,166.83,157.95,160.01,10486
2007-03-29,164.87,164.87,160.01,160.45,5175
2007-03-30,161.24,172.72,161.19,167.86,15304
2007-04-02,158.98,164.67,158.98,162.12,6463
2007-04-03,166.83,174.24,163.89,171.05,74924
2007-04-04,172.72,176.55,171.25,171.74,6049
2007-04-05,171.84,173.21,169.82,172.13,4699
2007-04-09,174.68,176.6,172.82,176.25,6205
2007-04-10,173.8,183.02,171.84,175.91,13973
2007-04-11,174.68,181.55,167.08,173.75,16329
2007-04-12,174.68,180.77,172.72,175.66,9418
2007-04-13,176.35,180.62,173.75,174.88,15770
2007-04-16,174.68,178.07,174.68,175.81,6713
2007-04-17,179.39,184.99,174.73,182.58,17034
2007-04-18,186.07,194.31,183.51,189.89,21111
2007-04-19,189.3,194.31,183.51,192.05,9264
2007-04-20,189.65,200.98,189.6,193.57,26847
2007-04-23,197.25,201.18,196.27,200.3,15099
2007-04-24,191.37,204.07,191.37,202.6,33721
2007-04-25,202.16,205.1,194.41,199.41,10427
2007-04-26,199.27,201.18,195.78,198.58,13304
2007-04-27,196.27,200.2,195.78,198.19,9622
2007-04-30,201.91,201.91,197.25,198.28,8151
2007-05-03,198.23,201.18,198.23,198.73,6372
2007-05-04,198.23,209.81,196.27,202.55,25369
2007-05-07,203.14,213.94,203.14,204.71,40520
2007-05-08,210.01,210.01,202.75,204.71,15460
2007-05-09,201.67,205.89,197.3,200.49,4989
2007-05-10,200.3,207.07,200.3,205.01,9170
2007-05-11,206.04,206.04,197.25,199.12,29031
2007-05-14,201.18,202.16,197.25,198.48,10574
2007-05-15,198.23,212.46,197.25,204.56,51534
2007-05-16,206.09,215.8,205.25,214.33,62864
2007-05-17,212.96,223.75,208.2,215.8,160178
2007-05-18,211.97,220.81,211.97,214.18,13976
2007-05-21,224.54,239.26,214.18,222.28,209657
2007-05-22,224.04,225.12,211.09,213.84,40240
2007-05-23,216.39,231.99,208.05,223.26,335663
2007-05-24,225.12,234.55,218.01,221.64,414616
2007-05-25,218.75,221.64,196.27,214.72,86230
2007-05-28,217.17,218.84,211.97,212.17,39374
2007-05-29,214.72,214.72,204.12,207.61,34592
2007-05-30,207.61,215.9,206.09,206.87,30488
2007-05-31,208.93,212.12,204.12,206.82,18428
2007-06-01,207.07,225.71,207.07,221.89,120882
2007-06-04,225.61,227.68,216.98,218.65,101779
2007-06-05,221.25,235.53,219.82,230.33,550768
2007-06-06,231.6,237.98,217.32,220.07,276782
2007-06-07,219.73,222.57,212.07,213.99,54284
2007-06-08,212.96,216.39,206.09,212.27,51408
2007-06-11,213.94,220.22,212.12,216.24,53744
2007-06-12,215.9,217.96,208.54,212.42,33132
2007-06-13,208.1,214.72,208.1,212.96,15648
2007-06-14,215.85,227.68,213.99,219.43,113249
2007-06-15,218.84,223.26,213.45,214.62,31108
2007-06-18,214.92,219.58,210.99,211.78,19412
2007-06-19,211.04,214.33,209.03,209.86,15321
2007-06-20,218.35,218.35,206.18,207.75,32342
2007-06-21,213.74,214.92,204.17,208.74,15394
2007-06-22,208.05,210.55,207.36,208.2,9783
2007-06-25,207.31,211.97,204.17,206.38,38759
2007-06-26,206.09,210.5,197.74,199.02,46283
2007-06-27,200.2,205.1,198.23,199.85,16708
2007-06-28,201.18,203.04,196.27,199.76,14391
2007-06-29,200.25,210.94,199.22,204.81,31090
2007-07-02,201.23,210.5,201.23,204.81,14409
2007-07-03,205.1,209.03,201.28,207.75,26809
2007-07-04,204.17,215.41,204.17,214.13,74690
2007-07-05,213.15,214.92,205.1,205.94,24555
2007-07-06,209.03,210.45,204.66,205.74,17149
2007-07-09,206.18,214.92,206.09,212.51,73099
2007-07-10,210.06,216.88,209.32,209.86,36100
2007-07-11,210.01,211.48,204.12,207.41,48687
2007-07-12,206.13,212.76,206.09,207.26,23357
2007-07-13,223.75,225.71,211.48,219.14,192791
2007-07-16,220.81,223.75,216.05,217.67,59497
2007-07-17,216.39,221.98,213.94,214.77,50483
2007-07-18,213.94,222.62,213.94,216.68,73465
2007-07-19,216.88,247.79,216.88,221.59,264535
2007-07-20,222.57,230.62,217.86,220.86,409733
2007-07-23,222.47,231.45,222.47,226.25,272467
2007-07-24,226.69,228.66,217.76,221.89,47597
2007-07-25,217.96,223.75,215.9,217.08,19944
2007-07-26,216.93,220.81,216.93,218.35,17156
2007-07-27,206.58,217.86,203.63,206.48,71127
2007-07-30,197.74,207.56,186.46,203.93,21272
2007-07-31,203.19,210.99,200.2,201.82,57683
2007-08-01,197.25,214.92,197.25,211.43,156905
2007-08-02,212.96,218.84,203.29,205.3,83536
2007-08-03,207.07,210.99,207.07,209.37,21164
2007-08-06,200.25,207.85,200.25,204.61,21449
2007-08-07,205.1,210.99,204.61,205.35,11715
2007-08-08,201.23,215.36,201.23,210.85,31413
2007-08-09,213.15,217.86,204.22,205.59,34942
2007-08-10,208.05,208.05,197.74,205.15,17900
2007-08-13,207.07,212.96,203.14,204.02,18190
2007-08-14,206.04,240.43,197.45,202.6,28372
2007-08-16,197.25,202.16,193.33,198.33,13983
2007-08-17,193.38,199.71,182.58,189.65,34478
2007-08-20,194.55,197.94,191.37,192.05,26350
2007-08-21,192.05,200.0,166.83,171.49,47909
2007-08-22,171.74,178.61,167.91,173.5,30745
2007-08-23,179.59,183.51,172.23,173.6,27675
2007-08-24,171.74,196.17,170.9,183.76,59550
2007-08-27,190.29,190.38,184.99,186.8,22638
2007-08-28,190.38,199.22,184.59,196.91,35322
2007-08-29,191.37,208.05,190.48,204.12,35792
2007-08-30,206.97,212.86,204.12,208.98,31801
2007-08-31,208.54,223.55,206.67,215.46,37600
2007-09-03,216.14,216.39,211.14,215.46,42610
2007-09-04,215.9,219.82,212.27,216.44,35906
2007-09-05,216.93,223.16,210.99,212.51,14546
2007-09-06,202.16,212.86,202.16,208.74,17839
2007-09-07,209.81,213.94,206.67,209.32,15467
2007-09-10,197.25,209.91,197.25,206.92,7596
2007-09-11,207.07,211.09,205.5,205.84,15887
2007-09-12,206.13,210.8,204.22,205.06,33669
2007-09-13,200.2,209.52,200.2,203.68,32537
2007-09-14,204.07,207.46,199.22,200.1,20386
2007-09-17,200.1,205.06,193.43,196.08,25714
2007-09-18,193.03,200.2,191.37,194.36,46841
2007-09-19,196.27,202.95,196.27,197.99,61210
2007-09-20,198.23,217.57,198.23,200.2,192026
2007-09-21,201.18,214.92,201.18,206.87,209154
2007-09-24,210.99,210.99,204.12,208.39,40884
2007-09-25,206.09,210.01,195.39,201.08,62131
2007-09-26,201.23,205.79,198.23,199.07,18411
2007-09-27,199.31,206.09,196.27,203.44,30478
2007-09-28,201.28,206.09,199.22,202.55,42904
2007-10-01,202.41,202.6,196.37,197.55,41636
2007-10-03,197.79,203.14,196.27,197.35,24232
2007-10-04,194.36,206.18,194.36,200.54,91959
2007-10-05,200.54,202.06,196.37,197.06,23909
2007-10-08,198.23,201.18,188.42,192.15,20192
2007-10-09,186.46,198.23,186.46,196.66,41923
2007-10-10,197.25,198.63,186.46,189.01,37381
2007-10-11,189.4,197.25,189.16,190.38,62960
2007-10-12,190.43,196.22,185.48,187.29,51031
2007-10-15,187.54,195.29,187.54,192.1,20688
2007-10-16,186.51,194.01,186.51,191.61,12158
2007-10-17,192.35,192.35,180.57,187.69,22279
2007-10-18,187.44,191.37,181.55,182.34,39914
2007-10-19,181.55,183.51,169.14,176.45,51128
2007-10-22,177.63,179.0,172.72,174.24,26458
2007-10-23,178.41,181.55,173.7,174.58,146344
2007-10-24,176.64,181.55,172.92,174.14,32801
2007-10-25,176.64,179.59,171.74,173.06,40337
2007-10-26,176.64,180.57,171.84,174.58,56825
2007-10-29,176.64,179.05,173.01,174.53,85482
2007-10-30,179.49,179.49,174.68,176.01,58469
2007-10-31,176.64,188.42,173.8,183.66,60861
2007-11-01,186.36,190.87,183.71,185.38,41993
2007-11-02,179.15,186.46,178.61,181.65,15421
2007-11-05,184.5,188.18,182.04,183.17,22819
2007-11-06,186.16,189.16,179.15,182.34,25852
2007-11-07,179.83,183.17,175.76,179.15,24380
2007-11-08,178.61,181.55,178.61,178.85,12872
2007-11-09,179.59,185.48,178.85,183.66,9765
2007-11-12,183.51,195.24,183.51,188.67,106822
2007-11-13,188.42,194.8,181.9,183.86,67238
2007-11-14,189.4,196.66,185.77,191.95,248911
2007-11-15,195.29,205.99,191.86,199.56,120864
2007-11-16,199.56,204.12,195.29,199.36,67952
2007-11-19,204.02,205.79,199.27,204.17,58450
2007-11-20,206.09,208.05,201.28,203.53,59778
2007-11-21,201.18,206.09,189.4,193.33,46832
2007-11-22,193.33,215.85,190.53,196.47,49458
2007-11-23,200.59,225.71,200.59,210.94,277199
2007-11-26,210.01,229.15,210.01,223.26,325866
2007-11-27,225.22,267.91,225.22,267.91,1308043
2007-11-28,274.88,321.49,274.88,286.21,1968578
2007-11-29,309.13,310.11,276.06,282.19,480215
2007-11-30,281.65,284.45,266.59,269.87,201346
2007-12-03,271.15,296.86,247.89,296.86,359847
2007-12-04,298.33,308.54,293.48,294.36,239209
2007-12-05,299.31,301.18,284.69,291.22,101893
2007-12-06,299.27,312.07,293.43,298.73,377686
2007-12-07,304.12,317.81,298.38,301.72,330540
2007-12-10,303.68,330.52,300.3,318.7,536605
2007-12-11,323.75,329.74,309.96,316.98,263175
2007-12-12,316.98,321.89,299.31,311.63,120197
2007-12-13,318.35,323.85,301.28,305.15,138167
2007-12-14,306.18,320.41,304.22,320.07,56305
2007-12-17,319.92,330.72,309.13,316.19,90385
2007-12-18,314.04,328.85,307.02,316.73,47377
2007-12-19,327.77,328.56,305.2,312.47,19869
2007-12-20,312.47,319.92,307.17,313.4,33767
2007-12-24,317.76,327.77,308.2,311.04,33579
2007-12-26,321.89,323.85,314.04,321.94,57674
2007-12-27,324.83,328.76,318.94,321.3,43964
2007-12-28,323.7,324.83,315.02,321.25,17730
2007-12-31,332.68,337.34,321.89,337.34,54142
2008-01-01,354.22,354.22,338.57,354.22,34281
2008-01-02,371.74,371.94,343.48,361.58,66082
2008-01-03,361.58,363.1,343.53,345.73,58885
2008-01-04,356.09,356.09,338.57,343.18,30077
2008-01-07,343.18,349.36,333.71,340.92,36902
2008-01-08,329.59,345.44,323.9,323.9,19518
2008-01-09,312.07,336.61,308.15,313.79,64234
2008-01-10,314.04,328.76,300.35,305.25,24472
2008-01-11,314.04,314.04,299.31,303.93,10006
2008-01-14,305.2,312.07,299.31,303.88,10741
2008-01-15,312.07,316.0,304.22,305.64,12344
2008-01-16,309.13,309.13,290.38,293.03,13218
2008-01-17,292.45,303.19,292.45,297.7,5705
2008-01-18,286.56,301.28,282.83,283.66,7523
2008-01-21,283.61,284.59,269.48,269.48,13171
2008-01-22,263.0,263.0,256.04,256.04,1432
2008-01-23,246.32,268.75,243.23,255.06,38282
2008-01-24,260.06,267.52,242.4,248.68,35520
2008-01-25,260.94,261.14,255.15,261.09,15144
2008-01-28,273.8,273.8,249.27,261.43,10064
2008-01-29,261.43,269.87,248.77,260.99,7876
2008-01-30,256.13,268.4,249.27,255.25,7449
2008-01-31,260.06,264.97,248.28,264.77,8774
2008-02-01,267.91,272.82,251.62,254.47,10831
2008-02-04,263.0,267.22,249.31,267.18,102456
2008-02-05,266.93,269.87,258.2,267.96,6145
2008-02-06,259.08,264.97,255.15,260.31,6109
2008-02-07,265.95,266.93,251.23,252.36,5996
2008-02-08,255.15,255.15,239.75,241.76,9354
2008-02-11,250.25,250.25,229.69,229.93,10345
2008-02-12,229.64,240.38,218.99,230.72,12029
2008-02-13,229.64,241.41,227.68,229.2,5384
2008-02-14,235.53,240.43,233.56,238.67,5963
2008-02-15,246.13,247.79,239.45,245.63,15213
2008-02-18,257.12,257.95,249.27,257.95,11180
2008-02-19,267.91,270.86,260.06,270.86,14209
2008-02-20,284.3,284.3,257.31,257.36,20652
2008-02-21,266.93,270.27,253.19,270.27,9244
2008-02-22,260.06,274.78,258.1,266.54,28691
2008-02-25,278.51,278.51,257.51,267.18,9330
2008-02-26,270.86,275.76,265.95,270.81,18150
2008-02-27,274.78,280.62,266.44,274.83,20856
2008-02-28,263.99,288.52,263.99,281.99,14251
2008-02-29,274.78,279.93,267.91,273.11,10539
2008-03-03,268.7,269.87,259.47,259.47,9890
2008-03-04,259.47,259.47,246.81,249.12,10865
2008-03-05,240.53,247.3,236.7,236.85,14729
2008-03-07,235.53,235.53,225.03,225.03,10221
2008-03-10,215.9,222.77,202.55,207.9,50641
2008-03-11,208.05,217.86,196.27,204.02,52989
2008-03-12,210.99,220.81,197.94,199.31,42374
2008-03-13,199.31,201.18,184.05,189.5,78749
2008-03-14,182.04,195.29,172.72,191.66,21735
2008-03-17,178.61,195.29,176.64,186.46,29004
2008-03-18,186.46,196.27,170.02,174.34,37939
2008-03-19,188.32,188.32,171.98,176.6,29687
2008-03-24,166.93,176.64,158.93,159.57,142591
2008-03-25,167.32,167.57,164.38,167.47,277065
2008-03-26,167.86,175.47,160.7,172.03,42512
2008-03-27,165.85,177.63,163.99,175.52,43011
2008-03-28,177.63,184.3,177.63,183.76,42314
2008-03-31,186.7,192.94,181.55,185.82,31926
2008-04-01,187.44,190.38,178.8,181.94,67926
2008-04-02,186.46,190.24,182.53,184.69,8636
2008-04-03,184.5,187.34,180.57,181.85,6484
2008-04-04,189.35,189.35,174.88,176.94,10785
2008-04-07,176.69,183.22,173.26,180.28,14139
2008-04-08,183.02,185.48,180.28,183.42,11341
2008-04-09,184.5,186.46,179.59,185.38,6205
2008-04-10,186.46,192.4,185.48,189.16,14736
2008-04-11,192.35,194.8,188.42,189.99,13706
2008-04-15,188.42,193.33,184.69,186.26,22351
2008-04-16,181.55,190.38,181.55,187.34,13538
2008-04-17,186.46,194.31,186.46,190.38,15471
2008-04-21,191.32,198.82,190.48,192.59,32127
2008-04-22,191.37,201.18,190.87,198.58,53196
2008-04-23,198.58,205.01,195.29,197.74,33022
2008-04-24,196.27,200.2,193.33,196.17,23950
2008-04-25,194.31,198.23,190.38,192.05,10837
2008-04-28,191.37,196.12,191.37,192.54,8287
2008-04-29,192.35,199.12,191.37,195.0,20646
2008-04-30,196.27,198.68,192.35,194.11,12914
2008-05-02,198.19,198.23,192.4,193.82,25526
2008-05-05,194.6,201.96,193.82,196.32,37970
2008-05-06,196.27,205.1,194.8,196.81,80713
2008-05-07,198.23,199.22,195.29,197.69,23574
2008-05-08,198.23,201.52,189.4,192.69,81592
2008-05-09,198.23,201.18,186.46,188.67,18807
2008-05-12,186.46,192.3,179.2,183.07,16032
2008-05-13,181.55,188.42,181.55,185.43,19036
2008-05-14,181.55,188.42,181.55,184.84,14236
2008-05-15,184.5,190.38,184.5,188.42,10650
2008-05-16,189.4,193.72,187.44,188.37,14018
2008-05-20,188.42,194.06,187.39,190.97,20421
2008-05-21,186.61,198.77,186.61,194.11,33175
2008-05-22,192.35,194.31,188.03,190.19,19760
2008-05-23,190.33,191.51,186.46,187.1,11122
2008-05-26,184.5,188.42,181.55,183.42,6356
2008-05-27,184.99,187.44,184.99,185.43,6332
2008-05-28,183.61,184.5,178.75,182.48,10001
2008-05-29,182.63,186.95,181.55,182.83,29621
2008-05-30,183.02,191.17,181.8,185.04,17867
2008-06-02,187.44,195.29,176.64,177.97,68544
2008-06-03,177.97,177.97,169.14,171.25,29437
2008-06-04,175.71,175.71,162.76,165.9,36821
2008-06-05,165.9,182.53,164.08,181.31,244060
2008-06-06,181.55,190.78,170.27,182.29,377823
2008-06-09,183.51,183.51,171.74,174.14,69206
2008-06-10,176.6,178.61,165.06,167.52,48826
2008-06-11,173.6,177.63,168.79,169.82,76995
2008-06-12,162.02,171.59,162.02,169.73,36755
2008-06-13,173.5,178.66,167.91,169.68,111580
2008-06-16,176.45,180.57,171.74,174.63,64114
2008-06-17,176.64,179.59,174.19,178.61,64432
2008-06-18,179.59,187.15,174.68,176.11,112598
2008-06-19,171.74,175.66,169.87,171.89,27310
2008-06-20,173.7,175.17,164.92,166.24,46330
2008-06-23,166.24,172.52,161.48,167.47,61466
2008-06-24,172.72,175.66,165.11,166.68,77048
2008-06-25,166.88,169.68,159.08,168.01,65236
2008-06-26,172.62,172.96,168.35,169.14,41518
2008-06-27,164.13,166.83,160.06,162.37,27289
2008-06-30,170.66,173.7,156.04,158.24,1220288
2008-07-01,158.24,162.91,154.56,159.91,26625
2008-07-02,165.85,165.85,158.05,163.89,124166
2008-07-03,161.92,164.77,159.03,162.32,9321
2008-07-04,162.91,174.68,154.07,171.74,21836
2008-07-07,168.79,176.64,168.79,172.62,23972
2008-07-08,174.39,181.55,171.74,173.16,22525
2008-07-09,174.73,178.61,173.7,175.32,18931
2008-07-10,176.64,180.28,174.68,175.12,12671
2008-07-11,176.35,176.55,168.79,169.43,14836
2008-07-14,176.64,176.64,167.32,168.74,24909
2008-07-15,168.7,168.79,164.03,166.54,199674
2008-07-16,165.9,171.64,160.99,167.71,46804
2008-07-17,157.02,178.31,157.02,174.78,12958
2008-07-18,176.64,177.58,169.78,174.58,82371
2008-07-21,176.55,176.64,167.52,171.0,5785
2008-07-22,175.66,175.66,167.81,170.12,37231
2008-07-23,174.68,177.63,173.21,174.34,21005
2008-07-24,175.66,179.34,169.58,171.1,74134
2008-07-25,168.79,172.72,168.35,171.1,22823
2008-07-28,170.76,175.61,169.82,174.09,10068
2008-07-29,173.7,177.48,169.33,170.76,16309
2008-07-30,172.72,175.66,171.35,172.08,4940
2008-07-31,174.68,175.66,167.47,173.26,59710
2008-08-01,172.72,172.72,167.81,168.79,29393
2008-08-04,168.79,171.25,168.11,169.43,104923
2008-08-05,169.43,176.64,167.81,175.22,36337
2008-08-06,176.64,188.42,175.07,177.38,81407
2008-08-07,178.51,180.57,172.72,173.75,13730
2008-08-08,172.77,175.57,171.74,172.72,11747
2008-08-11,174.68,201.67,174.68,197.84,200815
2008-08-12,195.29,199.61,183.51,187.34,55263
2008-08-13,186.46,191.17,179.59,184.64,23788
2008-08-14,182.04,200.2,179.69,194.8,42060
2008-08-18,194.8,200.2,186.56,189.01,21459
2008-08-19,183.51,203.93,183.51,195.34,88818
2008-08-20,198.14,198.73,191.86,192.98,14457
2008-08-21,191.41,192.35,185.48,186.65,10626
2008-08-22,176.69,200.05,176.69,190.09,77876
2008-08-25,191.37,194.26,187.0,189.01,12757
2008-08-26,184.5,195.29,184.5,188.52,20111
2008-08-27,186.56,191.02,185.97,187.1,4730
2008-08-28,186.9,189.4,181.55,182.24,10844
2008-08-29,185.48,189.3,181.75,183.17,11582
2008-09-01,180.08,189.55,180.08,186.51,23750
2008-09-02,190.29,190.29,184.99,185.97,13415
2008-09-04,184.01,188.86,184.01,186.46,9016
2008-09-05,182.53,199.17,181.85,195.78,68314
2008-09-08,197.25,197.25,191.41,192.2,27073
2008-09-09,192.84,193.18,186.61,188.13,10533
2008-09-10,187.15,191.37,185.58,186.51,8340
2008-09-11,187.44,190.38,183.12,184.4,14066
2008-09-12,190.09,190.09,179.1,180.23,10283
2008-09-15,179.59,180.57,170.07,174.0,9658
2008-09-16,169.78,171.69,166.83,170.27,10593
2008-09-17,180.08,180.08,164.92,166.59,7355
2008-09-18,163.89,169.78,155.05,164.97,25251
2008-09-19,170.76,172.72,165.85,168.25,110699
2008-09-22,171.74,171.74,164.87,166.24,10937
2008-09-23,163.0,166.83,158.34,160.26,9444
2008-09-24,162.91,164.87,159.03,160.99,9029
2008-09-25,161.43,165.36,159.08,160.84,6731
2008-09-26,158.98,162.81,156.04,157.66,15212
2008-09-29,158.98,158.98,142.44,144.95,16288
2008-09-30,143.28,147.2,136.41,145.0,11184
2008-10-01,146.71,155.05,142.44,144.7,8092
2008-10-03,146.66,147.89,139.35,143.23,10437
2008-10-06,142.3,142.3,132.73,134.2,11122
2008-10-07,146.71,146.71,123.16,126.84,13572
2008-10-08,127.58,127.58,108.93,111.48,20079
2008-10-10,107.95,122.52,97.15,102.65,29114
2008-10-13,107.85,110.4,102.75,108.83,181430
2008-10-14,116.78,122.18,110.89,114.52,297614
2008-10-15,110.5,117.76,105.64,109.52,147584
2008-10-16,103.04,107.95,96.17,103.88,14222
2008-10-17,107.95,108.83,104.02,105.55,12135
2008-10-20,104.02,106.87,90.24,101.28,7382
2008-10-21,103.04,108.93,100.1,105.89,10741
2008-10-22,104.02,107.85,100.74,103.93,6070
2008-10-23,99.61,104.71,97.15,99.07,6561
2008-10-24,102.06,102.06,90.82,93.43,14066
2008-10-27,92.25,107.36,76.6,79.78,25593
2008-10-28,81.45,90.29,81.45,83.56,5644
2008-10-29,87.34,88.32,83.42,86.02,183108
2008-10-31,86.36,93.08,86.36,90.78,9136
2008-11-03,92.25,107.66,79.49,94.41,15912
2008-11-04,91.81,95.63,89.89,94.5,4434
2008-11-05,98.14,102.55,89.35,90.78,11621
2008-11-06,88.37,100.1,84.54,96.52,18380
2008-11-07,95.29,98.14,93.18,94.85,14269
2008-11-10,95.68,107.9,95.68,104.51,32627
2008-11-11,101.08,104.51,96.22,99.36,14631
2008-11-12,95.19,100.1,95.19,96.42,27211
2008-11-14,100.05,100.1,95.19,98.09,5282
2008-11-17,96.17,98.14,87.0,93.08,16695
2008-11-18,91.27,94.21,89.4,91.9,11293
2008-11-19,90.78,96.17,87.39,89.01,9107
2008-11-20,87.34,88.22,81.5,83.71,7898
2008-11-21,93.23,93.23,83.32,87.68,10885
2008-11-24,87.39,96.08,77.33,90.09,22108
2008-11-25,90.38,92.05,80.47,81.5,39923
2008-11-26,80.47,81.5,67.71,71.88,60949
2008-11-28,70.66,70.71,61.09,66.0,178066
2008-12-01,65.75,65.75,60.84,62.81,70664
2008-12-02,60.84,62.51,57.12,60.16,67444
2008-12-03,63.69,63.69,57.16,61.73,54407
2008-12-04,64.72,67.91,61.34,64.43,83082
2008-12-05,63.79,67.22,62.81,63.84,52331
2008-12-08,66.73,66.73,63.35,63.94,18525
2008-12-10,64.77,66.73,62.86,65.85,48179
2008-12-11,67.71,73.31,66.05,71.88,51471
2008-12-12,73.6,80.96,67.22,79.15,148884
2008-12-15,85.38,85.38,78.51,79.54,51255
2008-12-16,78.51,82.43,78.51,80.72,20855
2008-12-17,82.92,89.16,79.69,85.92,136057
2008-12-18,86.51,91.71,80.47,82.83,185258
2008-12-19,84.4,87.19,82.48,83.81,38649
2008-12-22,85.38,89.7,83.42,86.16,79478
2008-12-23,85.62,86.36,84.5,85.38,84539
2008-12-24,84.4,86.26,84.4,85.33,63394
2008-12-26,88.32,90.33,84.5,85.77,86544
2008-12-29,86.85,97.15,85.53,95.78,170850
2008-12-30,97.35,101.77,95.19,97.01,176549
2008-12-31,98.04,100.93,95.19,97.55,45767
2009-01-01,97.89,100.1,95.19,99.22,29467
2009-01-02,97.15,106.97,97.15,102.65,112271
2009-01-05,104.51,106.28,103.14,104.42,33783
2009-01-06,103.14,111.88,103.04,108.1,75781
2009-01-07,111.48,111.68,95.39,99.12,51195
2009-01-09,95.34,103.04,94.21,101.72,17489
2009-01-12,102.06,102.06,98.14,98.43,9425
2009-01-13,97.2,102.8,97.2,101.57,9314
2009-01-14,103.04,104.02,100.1,101.91,7539
2009-01-15,97.15,111.83,97.15,105.94,74572
2009-01-16,105.99,112.12,101.57,103.88,50765
2009-01-19,105.05,107.41,105.01,105.69,10957
2009-01-20,105.99,105.99,103.44,104.22,4514
2009-01-21,99.17,103.73,99.12,101.08,16661
2009-01-22,102.06,102.94,91.46,93.52,36452
2009-01-23,97.15,97.15,89.4,92.64,18617
2009-01-27,89.5,96.03,85.67,86.36,22614
2009-01-28,87.44,90.19,83.02,86.02,20535
2009-01-29,86.36,87.24,84.45,86.36,33104
2009-01-30,85.38,92.25,84.5,88.67,25934
2009-02-02,85.08,90.29,84.99,86.61,12128
2009-02-03,87.68,88.81,81.75,84.15,12550
2009-02-04,86.16,87.24,83.46,85.23,7654
2009-02-05,85.33,88.03,83.51,86.41,9236
2009-02-06,85.97,86.85,84.89,85.62,4104
2009-02-09,87.83,97.15,86.36,87.49,42471
2009-02-10,88.27,90.24,85.38,86.56,20235
2009-02-11,86.26,87.78,84.4,85.97,12692
2009-02-12,87.93,89.7,84.2,84.99,29643
2009-02-13,87.34,90.78,85.48,88.81,28359
2009-02-16,88.32,88.32,84.4,85.38,14967
2009-02-17,85.38,85.38,83.42,84.35,7095
2009-02-18,79.44,85.38,78.51,83.46,4286
2009-02-19,80.57,84.89,80.57,83.12,4468
2009-02-20,83.91,83.91,79.98,81.16,2910
2009-02-24,78.56,80.37,78.51,78.61,4579
2009-02-25,82.48,82.48,78.51,78.56,3807
2009-02-26,78.51,80.47,78.51,79.49,4434
2009-02-27,78.51,80.37,77.04,77.48,5994
2009-03-02,77.48,78.41,73.6,76.25,3585
2009-03-03,74.09,77.53,73.7,76.35,7639
2009-03-04,76.55,76.55,73.55,74.04,15953
2009-03-05,76.55,76.55,69.09,70.81,10347
2009-03-06,67.76,70.66,65.95,69.33,11458
2009-03-09,68.7,74.49,67.22,70.07,26478
2009-03-12,82.04,82.04,68.74,72.42,35653
2009-03-13,72.62,75.47,71.74,73.31,12621
2009-03-16,74.58,75.07,71.79,73.65,84481
2009-03-17,73.65,74.49,71.15,72.77,11977
2009-03-18,73.55,74.68,72.67,73.75,211514
2009-03-19,74.58,76.35,70.66,72.13,12451
2009-03-20,72.13,73.5,69.68,71.2,7735
2009-03-23,73.31,73.55,71.2,72.87,10435
2009-03-24,73.36,77.53,69.87,71.15,156951
2009-03-25,71.15,71.15,67.86,68.65,23656
2009-03-26,68.7,72.42,68.7,69.82,14101
2009-03-27,71.64,73.5,69.48,71.34,19894
2009-03-30,73.6,76.15,70.76,73.31,17277
2009-03-31,73.6,75.96,71.64,72.28,8942
2009-04-01,71.74,75.56,70.81,73.21,20867
2009-04-02,75.61,80.91,73.7,77.77,69017
2009-04-06,79.54,86.95,79.24,84.99,36541
2009-04-08,80.23,88.32,76.89,85.87,166997
2009-04-09,84.4,92.05,84.4,86.56,92130
2009-04-13,88.32,90.19,83.46,85.57,31938
2009-04-15,87.34,97.15,83.32,93.87,117017
2009-04-16,93.23,97.06,83.42,84.5,60447
2009-04-17,88.22,89.3,80.47,82.24,34345
2009-04-20,85.38,85.72,81.7,82.63,16140
2009-04-21,83.42,84.4,79.54,82.39,13740
2009-04-22,83.42,88.03,81.99,83.51,21183
2009-04-23,84.4,85.33,79.15,82.29,11850
2009-04-24,81.16,86.26,81.16,83.76,59337
2009-04-27,84.35,86.31,80.96,82.43,15984
2009-04-28,87.34,87.34,78.51,79.34,6964
2009-04-29,79.49,81.4,77.53,78.46,10728
2009-05-04,78.51,82.43,77.04,77.67,41919
2009-05-05,79.98,84.89,79.49,81.85,193051
2009-05-06,81.94,83.91,78.51,81.06,129049
2009-05-07,82.39,83.46,80.47,81.65,55935
2009-05-08,82.34,82.92,81.5,82.53,29819
2009-05-11,81.45,83.42,78.9,80.52,43383
2009-05-12,78.02,80.47,77.04,80.08,11222
2009-05-13,78.02,84.4,78.02,83.42,48422
2009-05-14,81.94,83.42,79.98,80.86,8452
2009-05-15,83.42,96.17,83.42,85.13,410047
2009-05-18,93.23,93.23,93.23,93.23,50
2009-05-19,94.21,95.19,79.29,92.1,167484
2009-05-20,92.64,103.04,89.79,98.92,204576
2009-05-21,101.03,113.35,98.14,106.13,201646
2009-05-22,106.97,112.86,102.26,106.33,96458
2009-05-25,108.93,124.44,108.44,121.49,301123
2009-05-26,132.48,133.37,109.37,109.52,159506
2009-05-27,116.68,116.68,106.04,109.13,147846
2009-05-28,110.89,113.84,107.16,108.78,119439
2009-05-29,112.86,117.76,110.89,116.19,220114
2009-06-01,119.73,127.82,119.04,126.89,439609
2009-06-02,130.91,130.91,119.73,124.34,250913
2009-06-03,119.97,136.8,119.97,136.11,679530
2009-06-04,132.97,136.41,129.34,131.89,277014
2009-06-05,136.61,138.52,134.45,138.52,237633
2009-06-08,145.49,145.49,131.6,131.6,147664
2009-06-09,130.52,130.52,125.03,125.71,108202
2009-06-10,129.54,131.26,119.92,121.39,160871
2009-06-11,122.67,125.81,115.9,120.76,101276
2009-06-12,122.57,124.63,114.72,115.16,94320
2009-06-15,114.57,116.68,109.42,110.01,41070
2009-06-16,104.56,115.51,104.56,110.4,91451
2009-06-17,112.81,114.62,108.54,110.7,69462
2009-06-18,111.88,113.84,105.2,105.2,27819
2009-06-19,104.07,107.85,102.16,103.48,53165
2009-06-22,106.62,108.24,101.08,101.18,32596
2009-06-23,102.94,102.94,97.25,99.41,25760
2009-06-24,100.1,102.85,98.14,100.29,110267
2009-06-25,102.06,105.01,100.59,101.57,21253
2009-06-26,103.04,105.99,101.08,105.15,29330
2009-06-29,105.4,109.42,105.15,108.83,53459
2009-06-30,111.53,114.28,108.19,109.47,67907
2009-07-01,108.44,112.27,106.38,107.7,24841
2009-07-02,108.05,110.84,105.99,107.66,19365
2009-07-03,106.97,109.18,105.45,106.53,18421
2009-07-06,106.92,108.54,101.23,101.23,17930
2009-07-07,102.06,103.04,97.25,98.68,17209
2009-07-08,98.14,98.14,91.27,95.83,27704
2009-07-09,98.14,98.14,92.74,94.36,16945
2009-07-10,94.7,97.01,91.22,92.54,12195
2009-07-13,91.27,93.18,85.67,87.0,14981
2009-07-14,87.73,92.74,87.73,91.51,12905
2009-07-15,94.21,95.68,92.74,93.87,20877
2009-07-16,96.86,99.85,95.24,96.96,27541
2009-07-17,97.25,102.94,97.25,99.36,20228
2009-07-20,103.04,107.95,100.29,103.24,27594
2009-07-21,105.99,105.99,99.26,102.26,16946
2009-07-22,103.53,109.62,99.12,100.25,1348961
2009-07-23,101.28,103.04,101.08,102.06,42974
2009-07-24,103.04,106.72,102.65,103.58,55145
2009-07-27,105.1,106.97,104.02,106.04,37369
2009-07-28,107.07,109.91,105.01,107.16,93611
2009-07-29,105.99,111.38,99.76,101.42,85614
2009-07-30,101.67,104.51,100.39,101.91,31427
2009-07-31,103.83,107.85,99.41,100.74,213920
2009-08-03,101.57,103.98,97.65,99.07,166038
2009-08-04,99.61,108.98,98.33,108.98,462009
2009-08-05,112.91,119.92,112.91,119.92,700747
2009-08-06,122.67,125.52,114.33,116.0,1079903
2009-08-07,115.8,121.2,115.02,117.86,263439
2009-08-10,120.71,121.69,115.36,116.05,207372
2009-08-11,115.31,121.59,109.91,116.39,196039
2009-08-12,117.71,117.71,108.19,108.93,233648
2009-08-13,110.7,116.54,109.13,110.16,222766
2009-08-14,112.81,113.84,110.26,111.04,127371
2009-08-17,110.4,112.86,106.23,107.02,61558
2009-08-18,109.91,111.43,106.18,110.35,93819
2009-08-19,111.38,111.58,103.68,106.58,47687
2009-08-20,107.95,108.93,105.5,107.9,45065
2009-08-21,106.97,110.99,105.25,108.93,84600
2009-08-24,110.89,115.7,108.49,113.1,324010
2009-08-25,110.89,115.75,110.89,113.98,119324
2009-08-26,115.21,120.22,111.48,117.47,341249
2009-08-27,117.67,119.04,113.54,115.51,153085
2009-08-28,115.8,119.63,111.38,117.86,214348
2009-08-31,117.86,127.97,114.38,122.92,654688
2009-09-01,126.3,129.05,119.04,126.89,425781
2009-09-02,127.58,132.48,124.63,126.1,213589
2009-09-03,127.58,128.56,124.63,126.64,111406
2009-09-04,127.53,129.44,124.88,127.97,60261
2009-09-07,130.52,131.99,126.6,129.44,75613
2009-09-08,130.62,137.19,128.66,130.47,172393
2009-09-09,127.77,134.5,127.77,132.48,217599
2009-09-10,134.4,136.41,129.64,131.11,142726
2009-09-11,132.48,136.41,130.03,134.0,111416
2009-09-14,133.46,134.69,128.56,129.49,41671
2009-09-15,130.91,132.48,129.83,131.6,44809
2009-09-16,132.48,133.46,127.58,128.36,48072
2009-09-17,130.47,131.89,125.71,127.43,85384
2009-09-18,127.58,130.03,125.12,128.12,105430
2009-09-22,129.44,139.21,129.44,136.07,519337
2009-09-23,136.9,139.84,129.54,131.6,295204
2009-09-24,130.96,148.09,128.07,146.37,1796351
2009-09-25,145.63,154.42,144.9,149.41,1638384
2009-09-29,151.91,151.91,142.4,144.26,169094
2009-09-30,145.0,145.93,141.51,142.1,91186
2009-10-01,142.3,142.3,137.88,139.01,87769
2009-10-05,137.39,145.24,135.43,137.68,182986
2009-10-06,140.14,140.73,130.57,134.59,106788
2009-10-07,136.8,145.54,136.41,142.05,279235
2009-10-08,144.65,146.17,140.43,141.32,116923
2009-10-09,144.16,144.26,136.41,137.34,68204
2009-10-12,137.39,140.83,137.39,139.45,49239
2009-10-14,142.05,142.98,138.57,139.06,42498
2009-10-15,142.0,142.49,139.55,141.17,54669
2009-10-16,142.0,142.98,139.89,142.25,39995
2009-10-17,143.77,143.77,138.67,140.73,14623
2009-10-20,140.73,141.32,135.87,136.36,61997
2009-10-21,137.98,139.01,132.48,132.88,998915
2009-10-22,137.1,149.17,133.91,134.69,577054
2009-10-23,137.88,142.0,131.6,132.83,335015
2009-10-26,134.45,134.94,131.5,132.43,127175
2009-10-27,130.96,131.5,123.65,128.95,113273
2009-10-28,128.95,130.91,123.65,128.66,90535
2009-10-29,123.8,129.49,122.87,125.96,61384
2009-10-30,129.54,130.62,118.3,120.27,151194
2009-11-03,120.71,121.59,116.05,117.91,72327
2009-11-04,118.01,122.62,118.01,120.61,75346
2009-11-05,122.67,122.67,117.76,119.63,67207
2009-11-06,122.47,124.14,119.97,120.71,95980
2009-11-09,124.63,131.99,123.46,125.07,273670
2009-11-10,127.38,136.85,126.64,135.33,421008
2009-11-11,137.39,140.87,135.53,137.34,336146
2009-11-12,137.93,139.65,134.64,136.46,80263
2009-11-13,134.59,139.84,134.59,137.64,117669
2009-11-16,142.3,151.13,138.86,139.99,431881
2009-11-17,141.22,145.24,139.45,140.78,315879
2009-11-18,140.83,141.81,135.67,136.11,96513
2009-11-19,136.41,137.1,130.62,131.26,100968
2009-11-20,130.52,131.31,127.87,130.23,63012
2009-11-23,131.5,142.79,131.01,139.84,254198
2009-11-24,141.56,145.83,140.83,142.98,330018
2009-11-25,142.3,145.19,141.81,142.49,107605
2009-11-26,141.41,145.14,136.41,142.15,220309
2009-11-27,141.81,142.54,134.54,141.95,94943
2009-11-30,142.84,146.71,142.3,142.94,120030
2009-12-01,144.6,150.49,142.3,149.22,229099
2009-12-02,149.9,160.94,149.26,153.58,651191
2009-12-03,153.58,168.74,153.58,165.95,443352
2009-12-04,169.24,185.48,162.91,181.06,621170
2009-12-07,181.55,186.21,167.22,170.17,517561
2009-12-08,169.78,181.5,167.91,179.88,380471
2009-12-09,176.74,187.83,176.64,182.29,264689
2009-12-10,182.43,185.43,179.64,182.34,174170
2009-12-11,183.51,183.51,173.26,177.87,37726
2009-12-14,175.66,179.59,173.7,178.31,60513
2009-12-15,177.63,179.49,173.85,177.87,34488
2009-12-16,175.66,178.07,169.97,174.14,67293
2009-12-17,173.31,175.66,168.79,175.17,24882
2009-12-18,168.89,176.15,168.89,172.47,10724
2009-12-21,170.76,175.17,168.79,173.85,12727
2009-12-22,171.74,175.66,171.74,175.32,20078
2009-12-23,171.74,178.61,171.74,175.37,8093
2009-12-24,182.43,184.15,170.07,183.61,46123
2009-12-29,186.36,190.33,176.84,184.5,118686
2009-12-30,184.5,187.24,181.55,185.04,30992
2009-12-31,184.5,185.48,180.67,181.94,4722
2010-01-04,173.01,187.44,173.01,183.47,9404
2010-01-05,184.94,186.31,178.61,182.14,6832
2010-01-06,179.59,184.01,178.85,180.91,6739
2010-01-07,179.59,184.5,176.94,180.72,5189
2010-01-08,176.79,182.53,174.83,175.71,8260
2010-01-11,176.64,183.27,175.66,182.43,21389
2010-01-12,183.42,186.46,178.71,183.56,11561
2010-01-13,180.82,192.74,176.64,192.44,35234
2010-01-14,196.27,201.03,190.97,195.54,38243
2010-01-15,200.1,200.1,191.37,196.32,11981
2010-01-18,193.33,194.31,186.51,186.56,29325
2010-01-19,184.69,192.05,183.02,187.44,9352
2010-01-20,188.32,190.24,183.56,185.97,8261
2010-01-21,182.53,184.5,177.72,180.32,7405
2010-01-22,173.85,178.61,172.82,176.89,20772
2010-01-25,171.74,181.55,168.4,177.48,15158
2010-01-27,175.66,176.55,169.28,173.31,8693
2010-01-28,171.74,177.14,170.36,175.27,17365
2010-01-29,171.74,175.57,166.63,174.34,6232
2010-02-01,173.95,177.63,169.43,174.73,6794
2010-02-02,178.61,178.61,166.0,167.22,26994
2010-02-03,170.27,174.49,168.79,172.47,5481
2010-02-04,173.7,177.23,171.74,173.36,11112
2010-02-05,174.68,174.68,164.72,168.11,6170
2010-02-06,167.81,169.68,164.87,165.06,423
2010-02-08,171.54,173.11,167.81,170.22,9565
2010-02-09,171.74,173.7,168.3,172.13,5128
2010-02-10,173.7,173.7,169.78,171.89,8008
2010-02-11,171.74,173.7,169.09,171.89,2503
2010-02-15,173.7,173.7,168.94,170.76,2830
2010-02-16,168.79,174.68,166.83,168.5,4022
2010-02-17,168.79,171.74,167.81,169.14,7206
2010-02-18,169.09,170.02,166.93,169.38,2169
2010-02-19,170.76,170.76,161.63,168.79,14119
2010-02-22,167.81,174.68,164.87,171.54,8190
2010-02-23,168.79,172.52,168.79,170.17,4378
2010-02-24,169.28,172.33,166.83,170.46,3253
2010-02-25,167.08,171.74,167.08,169.38,7276
2010-02-26,168.79,174.68,167.86,168.79,9691
2010-03-02,168.79,169.78,167.81,169.38,4370
2010-03-03,168.89,173.7,167.81,171.84,23696
2010-03-04,170.81,174.68,170.36,173.21,11785
2010-03-05,181.26,181.7,168.79,171.49,44281
2010-03-08,172.72,174.63,169.28,171.3,9291
2010-03-09,170.27,171.59,168.79,170.32,9108
2010-03-10,169.82,171.1,169.28,170.27,3445
2010-03-11,169.78,178.61,168.79,172.92,5400
2010-03-12,174.68,176.64,168.79,172.82,13444
2010-03-15,168.99,176.64,168.99,171.05,22320
2010-03-16,173.21,176.55,171.74,172.87,14763
2010-03-17,171.74,175.17,170.76,171.0,6602
2010-03-18,171.74,172.67,169.78,171.3,13550
2010-03-19,172.72,174.68,169.87,172.33,12809
2010-03-22,173.95,178.61,170.02,170.71,58096
2010-03-23,170.27,174.68,169.97,170.76,12351
2010-03-25,171.74,187.83,168.79,171.69,241103
2010-03-26,173.7,175.76,167.86,170.95,17564
2010-03-29,167.81,172.72,167.81,169.24,19131
2010-03-30,168.89,173.7,168.89,169.97,16221
2010-03-31,169.33,176.64,168.79,172.96,12773
2010-04-01,172.72,172.72,168.79,169.87,24649
2010-04-05,176.45,176.45,171.0,172.92,11522
2010-04-06,172.72,175.66,169.78,170.32,14612
2010-04-07,174.19,174.19,167.81,169.68,10641
2010-04-08,171.74,171.74,168.35,168.84,94357
2010-04-09,166.83,169.28,165.85,166.78,30422
2010-04-12,176.84,183.27,170.07,178.12,259727
2010-04-13,179.59,179.93,172.77,174.0,66939
2010-04-15,178.46,178.51,168.79,170.51,29628
2010-04-16,171.74,171.74,167.91,170.17,29122
2010-04-19,167.71,169.68,166.88,168.5,9642
2010-04-20,167.37,174.63,167.37,172.28,17245
2010-04-21,171.79,173.7,169.82,171.84,10912
2010-04-22,172.23,174.19,171.0,172.96,12314
2010-04-23,174.58,177.14,171.74,174.93,10661
2010-04-26,176.64,178.51,169.78,171.89,11080
2010-04-27,170.76,171.64,169.78,170.85,4739
2010-04-28,170.76,171.0,166.34,169.28,34484
2010-04-29,169.33,173.5,169.33,172.47,21017
2010-04-30,176.15,181.55,173.36,178.02,24046
2010-05-03,174.68,176.64,165.11,171.64,114613
2010-05-04,173.26,173.26,167.91,168.74,7386
2010-05-05,166.83,167.76,161.43,162.27,21765
2010-05-06,164.87,165.75,158.59,159.08,31563
2010-05-07,156.04,158.83,156.04,157.16,13461
2010-05-10,168.79,168.79,157.31,158.73,11238
2010-05-11,160.84,161.92,158.0,158.83,5199
2010-05-12,157.02,159.77,153.19,154.47,9925
2010-05-13,153.78,161.92,153.73,157.41,8063
2010-05-14,160.26,160.26,153.09,153.63,4128
2010-05-17,152.16,155.05,140.68,146.57,13829
2010-05-18,145.73,159.47,145.24,151.13,18198
2010-05-19,149.17,156.04,145.29,147.25,11597
2010-05-20,148.58,152.99,147.3,151.18,14644
2010-05-21,137.44,148.28,137.44,147.55,58594
2010-05-24,144.41,151.13,144.41,146.17,8026
2010-05-25,145.34,145.78,144.26,144.8,3181
2010-05-26,145.24,148.09,142.35,143.13,183688
2010-05-27,142.3,146.62,142.3,143.92,16945
2010-05-28,144.36,147.94,144.36,146.42,6411
2010-05-31,147.06,147.06,142.35,145.24,15053
2010-06-01,146.17,146.17,141.41,141.81,8564
2010-06-02,144.26,144.26,140.83,142.59,10512
2010-06-03,151.13,151.13,145.78,147.94,24073
2010-06-04,151.03,172.42,146.37,166.44,591529
2010-06-07,162.12,162.12,154.12,157.46,130800
2010-06-08,159.77,163.15,152.8,154.02,42503
2010-06-09,157.16,158.98,150.3,154.02,25714
2010-06-10,156.87,158.88,144.85,155.55,41437
2010-06-11,156.63,160.45,152.11,153.09,16632
2010-06-14,154.37,169.68,153.09,155.55,372011
2010-06-15,156.33,161.78,155.35,156.04,62509
2010-06-16,156.04,158.88,154.32,155.3,27510
2010-06-17,156.33,156.92,153.34,155.4,19820
2010-06-18,156.23,158.0,152.5,153.14,31809
2010-06-21,154.37,157.56,152.6,153.88,35708
2010-06-22,155.05,157.21,151.91,152.31,37080
2010-06-23,153.68,154.56,150.74,151.42,14576
2010-06-24,151.13,153.39,149.66,150.34,10818
2010-06-25,152.01,152.21,149.8,150.25,49598
2010-06-28,151.42,154.96,149.61,152.9,51915
2010-06-29,155.84,157.61,153.68,154.52,31926
2010-06-30,154.52,157.02,152.06,155.59,13820
2010-07-01,154.37,156.92,153.19,153.78,10320
2010-07-02,154.37,155.35,150.3,151.77,11853
2010-07-05,152.7,156.04,151.67,153.58,14337
2010-07-06,154.37,156.28,152.11,154.56,7989
2010-07-07,155.05,155.89,152.6,153.19,25093
2010-07-08,155.3,156.04,148.48,149.31,33469
2010-07-09,149.46,151.72,148.68,149.22,13068
2010-07-12,151.03,152.11,149.17,150.2,10822
2010-07-13,149.46,152.41,149.17,150.88,13954
2010-07-14,151.52,152.31,148.68,149.41,25538
2010-07-15,148.68,150.15,147.5,147.89,7298
2010-07-16,149.46,152.94,148.48,150.64,48890
2010-07-19,150.15,163.4,141.61,156.43,575556
2010-07-20,157.26,157.51,149.51,150.59,62654
2010-07-21,151.23,154.81,148.68,150.39,47461
2010-07-22,151.42,152.99,150.64,151.52,20730
2010-07-23,152.11,154.52,149.46,150.05,36309
2010-07-26,150.44,152.41,147.2,147.79,20651
2010-07-27,149.56,150.15,145.73,146.91,13130
2010-07-28,148.48,156.33,146.12,151.23,234953
2010-07-29,152.7,153.44,147.89,148.63,27529
2010-07-30,151.37,160.75,149.36,150.88,418328
2010-08-02,154.07,154.07,147.69,148.48,88939
2010-08-03,149.26,150.84,145.88,146.37,58506
2010-08-04,146.91,149.17,146.71,147.2,32731
2010-08-05,148.48,151.33,147.2,148.68,67973
2010-08-06,150.05,154.91,149.22,150.44,128980
2010-08-09,151.96,153.98,148.38,150.0,76827
2010-08-10,150.74,159.96,150.15,152.45,230552
2010-08-11,152.7,154.37,148.87,149.8,22562
2010-08-12,149.76,153.09,148.97,150.74,37955
2010-08-13,151.03,160.4,149.17,158.59,163333
2010-08-16,168.25,175.03,159.32,160.35,736344
2010-08-17,160.94,163.3,155.2,157.9,110330
2010-08-18,158.98,160.94,157.8,159.32,33733
2010-08-19,161.29,164.38,160.06,161.88,112484
2010-08-20,166.73,170.56,164.08,165.56,370128
2010-08-23,169.68,170.76,165.85,166.78,180177
2010-08-24,166.83,169.63,160.94,163.94,71277
2010-08-25,163.2,172.33,158.59,166.39,440874
2010-08-26,166.14,170.76,165.41,169.73,163750
2010-08-27,169.73,177.87,166.14,167.27,293790
2010-08-30,168.4,171.49,163.45,165.02,37303
2010-08-31,163.89,164.82,160.21,162.95,53915
2010-09-01,163.05,173.21,163.05,172.08,93231
2010-09-02,173.21,176.11,169.28,170.07,37103
2010-09-03,171.0,175.42,169.43,171.93,56866
2010-09-06,172.92,179.34,171.74,173.55,83697
2010-09-07,178.46,189.3,176.15,177.38,623232
2010-09-08,177.14,181.55,173.9,180.28,142936
2010-09-09,181.55,183.51,177.63,178.31,99625
2010-09-13,179.2,182.53,174.98,176.6,59887
2010-09-14,178.12,184.4,177.63,182.39,192399
2010-09-15,186.65,191.17,182.58,183.32,255214
2010-09-16,182.04,183.51,177.14,178.41,187072
2010-09-17,178.66,183.32,178.66,179.98,101881
2010-09-20,181.16,182.34,177.63,178.61,56190
2010-09-21,179.59,180.86,174.68,175.71,57429
2010-09-22,173.7,179.49,171.74,172.62,121150
2010-09-23,173.85,174.19,170.27,171.35,50334
2010-09-24,170.85,174.44,170.02,170.85,53727
2010-09-27,173.11,175.07,169.68,170.41,45581
2010-09-28,168.94,171.15,167.81,169.09,40887
2010-09-29,169.33,170.56,165.95,167.13,24660
2010-09-30,166.98,181.26,166.83,170.71,416290
2010-10-01,171.35,177.63,171.1,176.6,168776
2010-10-04,178.21,178.8,172.82,174.53,56361
2010-10-05,174.68,178.46,170.85,175.52,414123
2010-10-06,178.31,179.59,173.7,174.53,107114
2010-10-07,174.73,176.64,171.74,172.13,51277
2010-10-08,173.8,176.06,170.32,170.81,40525
2010-10-11,173.6,173.6,169.78,171.15,25948
2010-10-12,172.23,172.67,165.36,166.88,63772
2010-10-13,167.96,170.56,165.85,168.5,50112
2010-10-14,169.28,170.95,165.11,166.73,32494
2010-10-15,168.7,169.73,164.03,165.26,20917
2010-10-18,167.62,167.71,162.71,163.45,34963
2010-10-19,164.38,165.36,162.12,163.74,27647
2010-10-20,163.1,165.8,159.81,161.43,210013
2010-10-21,162.42,168.79,160.45,165.46,78501
2010-10-22,166.78,174.68,164.28,167.62,85578
2010-10-25,168.6,170.76,167.13,170.36,75545
2010-10-26,172.72,172.72,167.37,168.16,10852
2010-10-27,169.78,173.7,166.19,167.47,193168
2010-10-28,167.91,170.76,165.95,166.59,25110
2010-10-29,167.32,168.3,163.4,164.72,20996
2010-11-01,166.44,168.79,163.15,165.06,37642
2010-11-02,167.08,173.41,167.08,172.23,278382
2010-11-03,172.96,174.68,165.16,167.17,119253
2010-11-04,168.4,169.58,166.93,168.11,20493
2010-11-05,170.36,170.76,168.25,169.14,5655
2010-11-08,170.36,171.15,167.81,168.25,27526
2010-11-09,167.91,168.94,164.18,166.93,50667
2010-11-10,168.01,170.76,166.93,170.46,60899
2010-11-11,170.76,172.13,166.83,168.94,51564
2010-11-12,168.79,172.72,165.75,167.71,123339
2010-11-15,168.79,170.76,163.54,166.0,37183
2010-11-16,166.83,167.32,159.27,160.45,37242
2010-11-18,161.92,162.42,157.61,160.35,31387
2010-11-19,162.27,162.27,151.13,152.41,33606
2010-11-22,154.07,158.78,153.24,156.97,26378
2010-11-23,157.95,158.0,147.55,150.05,30314
2010-11-24,152.11,152.99,146.42,147.4,75408
2010-11-25,147.69,150.15,144.26,145.24,25289
2010-11-26,146.91,147.65,133.51,142.84,105569
2010-11-29,146.22,148.92,135.62,141.32,31028
2010-11-30,138.37,146.22,136.41,145.98,31723
2010-12-01,147.4,150.93,147.2,149.41,32567
2010-12-02,154.76,160.94,150.79,151.77,69971
2010-12-03,151.33,154.47,143.47,145.44,41984
2010-12-06,147.2,150.64,145.73,148.28,33400
2010-12-07,149.36,149.36,144.26,147.4,13275
2010-12-08,147.2,148.19,138.37,141.27,28305
2010-12-09,141.71,142.3,132.58,137.05,17569
2010-12-10,135.43,139.6,128.8,138.62,17096
2010-12-13,137.64,144.26,135.92,138.91,7569
2010-12-14,138.37,140.83,137.64,140.29,6285
2010-12-15,139.35,141.27,137.54,139.16,6799
2010-12-16,141.32,142.25,138.52,140.19,35395
2010-12-20,139.89,141.22,137.88,138.72,10089
2010-12-21,138.67,141.32,135.08,135.87,32316
2010-12-22,139.25,142.3,132.58,137.49,70697
2010-12-23,138.47,139.84,137.44,139.06,23070
2010-12-24,139.79,141.17,137.39,139.3,26034
2010-12-27,141.32,142.1,138.37,139.16,58732
2010-12-28,139.4,141.32,138.37,139.65,37742
2010-12-29,138.91,140.78,138.91,140.33,20703
2010-12-30,139.4,141.22,139.4,140.53,17879
2010-12-31,139.65,145.14,139.65,144.36,32306
2011-01-03,148.0,148.0,144.75,145.95,30673
2011-01-04,145.25,147.0,145.0,146.3,10666
2011-01-05,145.1,151.4,145.1,147.5,56744
2011-01-06,148.5,153.0,145.25,146.4,47135
2011-01-07,147.5,147.5,141.0,141.95,10542
2011-01-10,141.0,143.9,139.7,141.6,15453
2011-01-11,142.0,142.9,140.2,142.25,7722
2011-01-12,142.75,149.0,140.25,141.8,64470
2011-01-13,142.0,142.65,140.1,142.0,12180
2011-01-14,143.0,144.0,141.3,142.55,21558
2011-01-17,141.0,141.95,137.5,138.7,12508
2011-01-18,139.5,143.8,137.5,142.15,23770
2011-01-19,141.0,143.0,140.0,140.4,23294
2011-01-20,140.3,141.35,138.15,139.35,5108
2011-01-21,142.0,142.5,140.0,141.35,4230
2011-01-24,142.0,142.0,139.0,141.05,25556
2011-01-25,143.0,143.0,140.5,141.05,5392
2011-01-27,140.35,141.8,140.0,141.0,5387
2011-01-28,142.0,142.45,132.3,137.95,12066
2011-01-31,135.0,141.5,133.0,133.35,6842
2011-02-01,133.1,135.4,132.0,132.1,3272
2011-02-02,130.1,133.1,123.1,129.05,7626
2011-02-03,127.25,131.25,125.3,127.8,19038
2011-02-04,129.0,129.2,121.05,125.0,15354
2011-02-07,123.0,124.9,118.3,119.9,7845
2011-02-08,122.0,122.0,112.45,113.5,118691
2011-02-09,114.95,118.0,108.3,114.9,20180
2011-02-10,115.0,125.9,111.65,120.95,63449
2011-02-11,121.3,121.3,113.5,115.7,32443
2011-02-14,119.45,121.05,116.0,118.1,13470
2011-02-15,119.4,120.0,117.0,118.75,10770
2011-02-16,120.15,125.0,117.5,118.75,86086
2011-02-17,118.45,124.0,116.0,117.8,39982
2011-02-18,119.6,120.0,116.0,117.35,33922
2011-02-21,118.0,118.0,113.45,114.5,8950
2011-02-22,116.0,116.0,112.0,112.7,9863
2011-02-23,112.6,118.0,112.0,112.6,16151
2011-02-24,112.5,114.0,110.1,110.9,7739
2011-02-25,113.8,114.0,110.0,110.55,8643
2011-02-28,110.0,112.5,108.0,109.3,5311
2011-03-01,111.5,118.9,108.65,110.55,20236
2011-03-03,111.15,112.55,110.05,110.9,6885
2011-03-04,111.15,112.5,110.0,111.0,129401
2011-03-07,110.05,110.9,107.45,109.65,16508
2011-03-08,109.0,110.6,106.25,107.55,22174
2011-03-09,108.0,108.85,107.4,108.05,8616
2011-03-10,108.05,109.3,106.0,106.5,15081
2011-03-11,106.5,107.75,99.25,100.25,31424
2011-03-14,102.45,105.5,99.15,100.1,37753
2011-03-15,97.45,99.0,94.5,95.6,26667
2011-03-16,97.0,99.45,94.0,95.85,69856
2011-03-17,96.0,110.2,95.1,103.25,579273
2011-03-18,105.5,105.6,96.55,97.25,370541
2011-03-21,98.0,98.25,93.0,93.7,103957
2011-03-22,94.25,98.0,93.25,95.3,199738
2011-03-23,96.5,99.7,95.1,97.25,278574
2011-03-24,98.35,99.6,97.0,98.75,149812
2011-03-25,100.3,101.9,99.2,101.1,138822
2011-03-28,101.0,101.65,98.45,100.25,57560
2011-03-29,100.0,101.0,98.4,99.85,39675
2011-03-30,101.0,104.0,100.5,102.95,65961
2011-03-31,104.85,108.0,103.0,106.3,70174
2011-04-01,108.0,110.5,105.2,107.45,91336
2011-04-04,107.0,114.0,106.3,112.2,209827
2011-04-05,112.2,116.35,108.5,114.75,81765
2011-04-06,114.75,115.45,113.55,114.25,37142
2011-04-07,114.25,116.55,112.55,113.3,31596
2011-04-08,115.5,119.3,108.0,109.65,158968
2011-04-11,109.65,110.0,104.1,104.8,32892
2011-04-13,107.15,108.0,103.05,103.9,57931
2011-04-15,107.55,108.0,103.0,103.45,74444
2011-04-18,103.9,104.75,100.25,101.05,43100
2011-04-19,102.8,102.8,99.1,99.9,59972
2011-04-20,100.0,103.9,100.0,101.8,167333
2011-04-21,103.0,103.45,99.6,99.95,58169
2011-04-25,101.0,101.0,98.6,99.0,25313
2011-04-26,101.0,101.8,99.25,99.95,170853
2011-04-27,101.9,103.35,100.05,101.0,72318
2011-04-28,102.0,104.5,100.1,103.45,76874
2011-04-29,102.0,109.15,101.5,104.1,407694
2011-05-02,104.1,106.0,103.0,103.6,48129
2011-05-03,102.5,103.95,99.8,100.5,49315
2011-05-04,100.0,107.9,99.0,106.55,191564
2011-05-05,109.0,109.25,100.2,101.0,228772
2011-05-06,104.0,106.0,99.1,99.55,269755
2011-05-09,100.05,100.95,98.05,98.65,260327
2011-05-10,104.0,106.95,98.45,99.25,404074
2011-05-11,99.9,101.0,98.15,100.45,99172
2011-05-12,100.0,100.25,98.15,98.35,61710
2011-05-13,99.0,100.9,97.1,98.2,120453
2011-05-16,98.45,101.3,97.4,98.1,145544
2011-05-17,98.05,99.7,97.2,98.2,54337
2011-05-18,98.95,99.3,97.25,98.45,44753
2011-05-19,97.8,98.95,97.65,98.6,44595
2011-05-20,97.5,100.2,97.5,98.7,65175
2011-05-23,98.5,98.5,97.5,97.75,74326
2011-05-24,95.0,102.9,95.0,96.35,604667
2011-05-25,98.75,99.8,96.1,97.35,419810
2011-05-26,98.4,100.25,97.1,99.35,179399
2011-05-27,100.0,102.5,99.15,100.05,195692
2011-05-30,101.5,102.0,98.55,99.65,135122
2011-05-31,99.5,115.8,99.5,110.1,3553329
2011-06-01,111.95,111.95,106.0,106.55,402678
2011-06-02,105.0,105.0,101.65,102.55,127051
2011-06-03,102.6,106.5,101.05,102.65,173024
2011-06-06,102.5,104.4,98.1,101.65,85370
2011-06-07,101.1,105.25,100.5,104.65,201864
2011-06-08,101.6,105.45,101.3,104.05,58363
2011-06-09,103.2,105.0,103.05,103.8,57192
2011-06-10,103.5,103.9,101.6,102.3,35122
2011-06-13,106.8,114.35,105.65,107.55,798522
2011-06-14,103.8,107.0,103.1,105.55,100123
2011-06-15,105.9,105.9,104.2,104.4,50246
2011-06-16,104.75,108.5,101.8,104.85,230485
2011-06-17,105.95,106.35,104.15,104.55,189380
2011-06-20,105.7,105.9,95.7,100.95,154629
2011-06-21,101.0,102.7,99.95,100.7,59976
2011-06-22,101.9,102.25,98.3,99.6,46939
2011-06-23,101.0,102.4,98.55,100.75,65877
2011-06-24,107.0,107.0,100.2,103.5,73623
2011-06-27,103.0,104.0,100.4,102.75,59969
2011-06-28,101.5,103.8,101.5,101.9,21770
2011-06-29,102.5,103.5,101.8,102.6,71803
2011-06-30,103.0,104.0,101.4,102.35,41036
2011-07-01,100.4,104.5,100.4,103.0,63487
2011-07-04,101.5,104.3,101.5,102.8,31498
2011-07-05,103.15,103.85,102.0,103.4,49289
2011-07-06,104.9,108.8,103.5,104.4,211749
2011-07-07,105.0,107.5,104.4,105.2,96690
2011-07-08,105.6,109.0,104.0,106.45,240787
2011-07-11,106.45,112.45,106.4,108.65,1228155
2011-07-12,107.0,111.0,105.5,108.95,292930
2011-07-13,109.0,114.65,109.0,113.9,394986
2011-07-14,114.9,115.5,112.4,113.6,170337
2011-07-15,114.7,114.7,111.65,113.3,56957
2011-07-18,113.5,116.3,112.5,114.7,84355
2011-07-19,115.8,117.95,114.15,116.75,90832
2011-07-20,118.4,120.45,116.35,117.1,88635
2011-07-21,118.0,124.5,117.95,123.4,302676
2011-07-22,125.8,128.0,124.5,126.75,160295
2011-07-25,128.0,129.45,125.1,126.75,76900
2011-07-26,128.35,128.35,123.3,126.2,72020
2011-07-27,126.5,128.7,123.0,126.85,43182
2011-07-28,123.5,126.8,122.95,125.45,45078
2011-07-29,124.25,126.9,124.25,126.0,24632
2011-08-01,126.0,128.9,124.5,127.8,26249
2011-08-02,129.5,129.9,124.55,125.75,46592
2011-08-03,123.5,126.7,123.0,125.65,54667
2011-08-04,126.0,127.95,125.35,127.0,45651
2011-08-05,124.7,125.0,111.2,124.05,47788
2011-08-08,124.0,125.0,121.0,123.9,376020
2011-08-09,121.0,128.0,119.0,119.8,84119
2011-08-10,124.0,126.0,121.3,122.7,15676
2011-08-11,124.5,124.6,118.1,118.95,50502
2011-08-12,122.85,122.85,117.0,117.55,36233
2011-08-16,117.0,119.9,107.95,114.4,21402
2011-08-17,115.9,115.9,108.65,111.3,24076
2011-08-18,111.05,113.65,108.0,112.7,17461
2011-08-19,112.0,114.45,108.1,113.4,15615
2011-08-22,115.0,119.45,111.5,117.1,23470
2011-08-23,119.45,120.0,116.0,118.2,16715
2011-08-24,119.2,119.2,115.3,117.3,8401
2011-08-25,117.6,117.6,114.05,115.8,3047
2011-08-26,114.0,114.0,109.05,110.35,28251
2011-08-29,113.3,113.8,109.0,110.0,106683
2011-08-30,111.0,114.0,110.1,112.0,11166
2011-09-02,112.35,116.3,112.35,115.7,19923
2011-09-05,117.5,122.0,114.85,120.85,58533
2011-09-06,121.9,121.9,116.55,118.1,18596
2011-09-07,118.05,123.1,116.15,120.3,37884
2011-09-08,116.9,125.95,116.9,121.75,92909
2011-09-09,122.3,124.0,120.0,120.2,23211
2011-09-12,121.9,121.9,115.6,118.1,4996
2011-09-13,119.7,119.7,117.1,117.8,4289
2011-09-14,119.5,119.5,116.1,118.05,5475
2011-09-15,122.95,122.95,118.05,120.0,10204
2011-09-16,121.7,121.7,119.05,120.2,8172
2011-09-19,122.0,122.1,117.1,119.75,10159
2011-09-20,120.9,120.9,119.2,119.7,11606
2011-09-21,119.7,125.9,117.5,121.8,440479
2011-09-22,124.75,126.7,118.0,123.2,216272
2011-09-23,124.95,124.95,118.1,119.2,47202
2011-09-26,119.3,121.8,117.0,119.2,22641
2011-09-27,120.8,124.45,117.15,120.15,28596
2011-09-28,120.35,123.5,118.75,119.45,27258
2011-09-29,118.2,125.0,117.15,121.25,82163
2011-09-30,123.0,125.8,120.2,122.1,71206
2011-10-03,122.0,126.4,122.0,125.45,62101
2011-10-04,121.5,123.0,115.0,116.15,165253
2011-10-05,117.1,139.35,111.75,114.3,112030
2011-10-07,117.35,119.9,109.0,111.65,68499
2011-10-10,112.35,113.95,110.05,111.1,32383
2011-10-11,112.9,113.9,110.3,111.0,31862
2011-10-12,111.9,113.8,110.0,110.9,19589
2011-10-13,112.0,113.0,107.65,111.15,99721
2011-10-14,110.0,117.0,109.05,115.8,63732
2011-10-17,119.0,125.35,117.0,117.8,98247
2011-10-18,117.0,118.0,115.0,116.75,21578
2011-10-19,117.5,123.7,117.5,122.35,77549
2011-10-20,122.25,123.9,120.15,123.45,79945
2011-10-21,124.0,128.7,120.25,125.0,290216
2011-10-24,128.0,129.0,125.2,128.2,38258
2011-10-25,128.05,129.0,123.25,127.7,31352
2011-10-26,130.0,130.0,125.0,128.5,17066
2011-10-28,130.0,132.0,124.9,126.3,26064
2011-10-31,128.15,134.9,126.75,133.75,105876
2011-11-01,132.0,140.0,130.75,136.5,134759
2011-11-02,135.0,141.5,133.05,140.25,114164
2011-11-03,142.0,164.0,137.6,155.9,547261
2011-11-04,158.0,158.0,148.05,155.0,252736
2011-11-08,156.0,156.7,148.25,149.75,54630
2011-11-09,148.5,153.0,146.65,148.1,27509
2011-11-11,147.5,152.8,142.15,147.25,77766
2011-11-14,148.5,149.95,138.0,140.25,19157
2011-11-15,141.2,144.95,132.45,135.0,20695
2011-11-16,136.0,139.0,131.5,135.15,52814
2011-11-17,136.0,139.15,132.0,132.85,26487
2011-11-18,132.7,137.8,126.25,130.2,18804
2011-11-21,130.05,134.45,125.0,132.95,16004
2011-11-22,135.0,137.0,130.55,134.35,33314
2011-11-23,133.95,134.0,126.85,129.7,40870
2011-11-24,134.5,134.5,121.35,127.2,39868
2011-11-25,129.0,131.7,127.45,130.65,9336
2011-11-28,132.0,136.05,129.15,134.4,11838
2011-11-29,133.25,140.7,132.0,137.15,18582
2011-11-30,136.0,136.9,132.6,135.95,10989
2011-12-01,138.0,141.0,132.25,134.5,12561
2011-12-02,135.0,137.85,132.25,135.25,7800
2011-12-05,150.45,158.7,137.0,141.8,66414
2011-12-07,141.5,143.95,138.0,139.75,18130
2011-12-08,138.0,143.75,132.15,134.35,16960
2011-12-09,132.0,135.8,131.0,134.8,17100
2011-12-12,137.0,137.1,130.05,131.45,8155
2011-12-13,130.0,133.0,129.3,131.45,10606
2011-12-14,130.75,132.85,130.6,131.2,2722
2011-12-15,112.2,146.0,112.2,126.05,40435
2011-12-16,135.0,135.0,124.0,125.6,28778
2011-12-19,124.0,124.0,117.0,118.45,16757
2011-12-20,123.0,123.0,115.05,118.4,25491
2011-12-21,118.5,128.0,118.5,126.5,41512
2011-12-22,126.5,132.5,122.0,130.8,53343
2011-12-23,134.95,139.8,131.0,131.75,50666
2011-12-26,132.75,138.0,132.75,135.2,37947
2011-12-27,135.0,141.35,133.2,135.35,69017
2011-12-28,135.85,136.7,130.4,132.45,26370
2011-12-29,133.0,135.8,130.0,131.1,13054
2011-12-30,133.0,133.0,128.0,129.6,8714
2012-01-02,130.0,132.95,127.6,128.7,12689
2012-01-03,130.35,132.9,129.6,132.0,10959
2012-01-04,134.95,135.0,131.0,132.45,4558
2012-01-05,131.65,134.5,131.65,132.7,5849
2012-01-06,133.9,134.0,128.55,129.75,3502
2012-01-07,128.3,131.05,128.3,129.3,554
2012-01-09,129.0,132.3,128.95,130.9,4998
2012-01-10,130.05,134.1,130.05,133.45,9217
2012-01-11,138.0,142.0,137.0,140.75,115303
2012-01-12,139.0,144.0,135.1,135.8,30859
2012-01-13,137.75,141.1,136.25,136.75,12291
2012-01-16,136.0,138.6,136.0,137.0,11945
2012-01-17,138.1,141.05,135.05,136.1,15897
2012-01-18,135.0,138.0,132.5,133.65,19445
2012-01-19,133.15,138.9,133.15,137.55,34983
2012-01-20,136.0,141.1,136.0,139.1,24520
2012-01-23,138.0,140.85,134.45,139.45,24523
2012-01-24,142.5,149.0,140.65,141.7,145907
2012-01-25,144.5,146.0,138.1,143.75,94476
2012-01-27,146.8,151.0,144.0,146.5,39752
2012-01-30,149.0,152.35,138.05,141.2,235679
2012-01-31,140.0,141.3,136.15,138.65,54695
2012-02-01,138.0,142.5,135.35,139.55,27563
2012-02-02,141.9,141.9,135.35,138.6,16860
2012-02-03,140.0,140.0,136.5,137.6,7308
2012-02-06,139.7,143.0,139.7,141.6,22167
2012-02-07,140.65,151.5,140.65,144.35,154269
2012-02-08,146.0,148.35,141.6,143.55,21560
2012-02-09,142.0,148.7,141.25,145.55,27231
2012-02-10,144.5,148.0,142.25,144.2,23998
2012-02-13,144.5,149.5,142.1,144.25,30359
2012-02-14,145.9,147.7,144.5,146.35,102854
2012-02-15,144.0,148.75,144.0,148.0,40794
2012-02-16,150.0,151.0,145.2,146.35,40866
2012-02-17,148.0,148.7,143.05,144.6,21766
2012-02-21,146.0,154.2,144.5,149.6,129224
2012-02-22,149.0,149.9,140.7,141.3,19694
2012-02-23,144.95,147.95,141.5,144.1,280165
2012-02-24,145.0,146.0,139.2,140.45,17447
2012-02-27,139.0,144.0,136.25,141.35,110142
2012-02-28,144.5,144.5,139.1,139.9,31582
2012-02-29,136.0,144.9,136.0,142.35,36553
2012-03-01,141.95,142.65,139.95,141.15,8976
2012-03-02,142.0,142.85,140.25,142.15,19930
2012-03-03,141.6,141.6,137.1,140.1,1265
2012-03-05,139.0,143.05,138.0,142.25,16388
2012-03-06,142.5,144.0,141.15,143.45,16822
2012-03-07,142.7,153.8,140.25,142.65,246914
2012-03-09,143.9,147.7,141.7,142.45,22727
2012-03-12,143.0,143.5,140.5,141.0,10816
2012-03-13,142.5,142.5,138.3,140.25,12097
2012-03-14,141.45,141.9,135.3,137.3,20904
2012-03-15,137.25,138.75,137.1,137.45,6779
2012-03-16,139.8,145.0,136.3,138.7,57313
2012-03-19,139.35,144.2,139.15,142.55,43462
2012-03-20,142.0,143.9,140.25,140.55,6552
2012-03-21,148.0,148.0,143.1,144.15,35404
2012-03-22,145.8,147.9,144.0,144.6,22405
2012-03-23,141.75,151.0,141.75,148.75,82883
2012-03-26,150.0,152.95,149.55,151.3,29104
2012-03-27,152.0,152.95,147.55,149.45,12180
2012-03-28,149.95,153.6,149.5,151.3,22436
2012-03-29,151.0,151.0,145.1,146.05,7937
2012-03-30,148.0,149.8,146.0,147.45,4689
2012-04-02,149.0,150.2,146.1,148.0,29052
2012-04-03,150.5,150.5,146.55,147.45,7119
2012-04-04,149.5,149.5,145.05,145.95,3642
2012-04-09,147.85,147.9,143.0,144.1,3815
2012-04-10,143.2,145.7,142.0,143.7,813
2012-04-11,143.05,144.0,141.0,141.4,5723
2012-04-12,144.0,146.85,142.5,146.05,10864
2012-04-13,146.25,147.5,143.0,144.8,3787
2012-04-16,145.95,145.95,143.25,144.45,2272
2012-04-17,146.9,146.9,143.1,143.4,5322
2012-04-18,144.0,145.9,142.45,143.1,5222
2012-04-19,145.0,151.55,145.0,148.35,20828
2012-04-20,154.85,154.85,151.0,152.85,53247
2012-04-23,154.8,154.95,148.05,149.2,7413
2012-04-24,149.0,153.9,147.0,148.35,12707
2012-04-25,149.0,152.5,149.0,151.7,9951
2012-04-26,148.3,154.9,148.2,153.1,8053
2012-04-27,155.1,156.2,150.0,150.25,13406
2012-04-28,148.6,149.6,148.15,148.6,154
2012-04-30,148.05,151.9,148.0,148.5,5152
2012-05-02,148.0,152.4,148.0,148.85,3710
2012-05-03,148.2,150.0,147.5,148.6,5133
2012-05-04,150.0,154.1,145.25,148.4,18520
2012-05-07,147.0,148.45,146.0,146.5,5311
2012-05-08,148.5,153.45,148.0,151.6,17545
2012-05-09,150.0,158.45,146.05,152.15,41846
2012-05-10,150.0,154.95,149.1,149.95,3983
2012-05-11,149.0,152.5,147.0,147.35,7130
2012-05-14,147.35,151.9,144.0,150.95,13728
2012-05-15,149.1,151.35,147.0,148.35,6989
2012-05-16,146.0,148.0,143.05,144.35,10583
2012-05-17,146.1,147.65,143.0,144.35,8103
2012-05-18,143.8,144.0,142.1,143.5,4200
2012-05-21,144.0,147.7,143.5,147.1,4901
2012-05-22,149.0,149.0,147.0,147.15,2705
2012-05-23,147.15,149.0,146.05,147.55,2228
2012-05-24,146.1,151.0,146.1,149.85,3416
2012-05-25,150.0,151.95,149.0,150.15,4350
2012-05-28,152.0,159.9,149.0,158.55,25023
2012-05-29,162.0,164.7,159.55,161.45,40906
2012-05-30,159.9,163.0,149.0,150.4,178535
2012-05-31,147.15,155.0,147.05,152.55,20337
2012-06-01,153.25,155.75,151.15,154.9,42214
2012-06-04,155.25,157.95,154.0,155.4,9300
2012-06-05,156.0,156.0,152.15,153.05,4455
2012-06-06,154.0,155.0,152.9,153.15,6821
2012-06-07,154.05,160.8,154.05,157.05,19843
2012-06-08,153.0,159.95,153.0,158.85,10192
2012-06-11,158.05,160.5,153.0,153.5,12912
2012-06-12,156.35,156.35,151.6,152.1,18561
2012-06-13,152.45,154.5,151.0,151.3,3465
2012-06-14,151.25,153.0,151.0,151.0,3950
2012-06-15,152.95,154.0,151.05,151.35,2500
2012-06-18,151.0,156.8,150.0,152.85,6346
2012-06-19,153.5,155.4,150.0,150.45,7992
2012-06-20,151.45,152.45,150.1,150.85,2836
2012-06-21,152.9,152.9,149.3,150.1,4454
2012-06-22,151.8,151.8,146.4,149.9,6240
2012-06-25,151.0,151.0,147.55,148.55,3038
2012-06-26,149.9,149.9,147.55,148.35,2115
2012-06-27,147.05,150.2,147.05,147.85,4044
2012-06-28,148.5,150.5,148.0,149.95,3190
2012-06-29,148.05,158.25,147.5,154.85,7998
2012-07-02,154.0,154.2,151.25,153.2,3218
2012-07-03,153.2,157.0,149.0,150.25,8249
2012-07-04,153.9,155.25,150.25,154.55,7313
2012-07-05,156.5,166.8,154.0,163.1,30344
2012-07-06,166.65,171.95,163.45,165.95,352714
2012-07-09,167.7,167.7,161.2,164.0,12157
2012-07-10,164.7,167.5,161.25,164.85,11499
2012-07-11,165.45,165.5,162.6,162.75,5325
2012-07-12,160.6,172.45,160.2,168.25,28666
2012-07-13,164.05,170.0,164.05,168.05,14996
2012-07-16,169.75,173.6,167.0,169.25,45253
2012-07-17,169.0,172.0,166.3,170.4,23078
2012-07-18,168.95,171.0,168.5,169.7,6026
2012-07-19,168.6,173.5,168.55,170.8,130240
2012-07-20,167.6,171.45,167.35,167.7,7682
2012-07-23,167.0,168.0,165.0,166.6,4981
2012-07-24,165.05,167.2,162.55,163.2,3189
2012-07-25,164.75,164.9,161.1,163.4,5583
2012-07-26,163.3,163.35,160.55,161.3,9859
2012-07-27,164.95,164.95,160.0,160.75,2027
2012-07-30,161.15,163.9,161.15,163.35,3265
2012-07-31,162.0,167.9,162.0,165.95,6001
2012-08-01,164.0,195.9,164.0,184.1,1048760
2012-08-02,187.5,187.55,177.0,178.3,139066
2012-08-03,177.05,185.45,177.0,180.95,98158
2012-08-06,181.0,185.0,177.0,178.5,30314
2012-08-07,179.9,183.9,177.0,180.3,26147
2012-08-08,183.0,184.55,180.45,182.05,32734
2012-08-09,183.45,186.8,181.0,185.5,34764
2012-08-10,186.2,186.5,181.0,185.6,13815
2012-08-13,184.95,188.0,182.05,185.2,10305
2012-08-14,187.0,193.75,185.3,190.0,107416
2012-08-16,194.0,194.5,188.6,190.45,76778
2012-08-17,194.8,194.8,180.25,183.05,62345
2012-08-21,185.8,186.0,180.5,181.35,20098
2012-08-22,181.0,192.7,180.25,186.95,100745
2012-08-23,186.5,186.6,181.3,184.55,22208
2012-08-24,180.6,185.8,180.0,183.1,12180
2012-08-27,180.0,187.6,180.0,182.85,13574
2012-08-28,180.1,183.95,180.0,182.0,13524
2012-08-29,181.0,185.8,180.0,183.3,5535
2012-08-30,180.2,187.0,180.2,185.45,13365
2012-08-31,183.0,189.5,183.0,186.7,8788
2012-09-03,184.4,188.5,183.5,184.6,10183
2012-09-04,181.65,186.9,181.0,181.85,7442
2012-09-05,178.0,185.6,178.0,181.1,4936
2012-09-06,178.25,183.9,178.25,181.1,2956
2012-09-07,179.0,183.95,179.0,181.55,3121
2012-09-08,180.1,183.5,180.1,181.9,410
2012-09-10,180.3,186.0,180.3,181.3,15851
2012-09-11,181.0,183.0,181.0,182.05,4644
2012-09-12,182.55,187.85,182.05,183.65,14993
2012-09-13,183.05,189.9,183.05,186.05,18777
2012-09-14,188.0,189.0,180.65,181.4,126589
2012-09-17,182.0,185.0,181.6,182.55,6661
2012-09-18,183.0,184.8,181.6,182.65,8626
2012-09-20,180.5,188.7,180.5,187.1,13583
2012-09-21,190.0,193.0,187.55,189.95,106091
2012-09-24,187.5,189.0,184.25,185.65,14728
2012-09-25,186.0,190.0,185.05,188.95,124918
2012-09-26,186.1,191.5,186.05,188.0,14415
2012-09-27,185.25,190.85,185.25,188.85,14233
2012-09-28,185.1,196.4,185.0,193.0,24847
2012-10-01,195.0,227.4,193.0,216.4,1012149
2012-10-03,218.0,218.0,202.4,207.55,191390
2012-10-04,209.0,211.4,201.1,202.55,73476
2012-10-05,203.25,214.7,198.0,205.25,301223
2012-10-08,206.25,211.05,200.5,202.75,115297
2012-10-09,204.5,208.95,202.8,206.65,63343
2012-10-10,206.85,209.0,204.3,205.35,144068
2012-10-11,208.5,209.95,202.55,207.95,62458
2012-10-12,206.0,215.4,205.55,212.75,204053
2012-10-15,213.0,220.9,211.0,217.95,71587
2012-10-16,218.8,235.0,217.95,223.15,287795
2012-10-17,225.1,229.8,220.3,223.0,78660
2012-10-18,223.35,224.95,218.0,219.85,43803
2012-10-19,219.0,221.95,215.2,215.8,26893
2012-10-22,216.0,232.0,208.5,219.0,146945
2012-10-23,218.15,227.85,218.0,220.15,36771
2012-10-25,223.5,224.05,217.5,220.05,23401
2012-10-26,220.35,226.0,220.35,224.65,42117
2012-10-29,229.0,233.05,225.0,227.25,88861
2012-10-30,226.1,233.4,221.3,227.7,335072
2012-10-31,229.0,237.8,222.5,233.4,238288
2012-11-01,233.4,239.45,232.2,233.4,69407
2012-11-02,234.0,239.4,230.85,231.55,28414
2012-11-05,233.0,234.0,228.0,228.3,20056
2012-11-06,228.5,235.0,227.6,234.05,73145
2012-11-07,236.35,239.35,231.65,235.9,65944
2012-11-08,232.7,236.85,231.0,232.15,82566
2012-11-09,239.0,239.0,233.5,235.75,46940
2012-11-12,239.0,245.0,232.0,235.65,75739
2012-11-13,236.0,239.95,236.0,238.45,15623
2012-11-15,241.0,241.0,234.0,237.9,38172
2012-11-16,237.9,244.9,234.0,237.2,88109
2012-11-19,239.45,241.5,232.2,233.5,70729
2012-11-20,230.0,241.0,228.95,238.4,170801
2012-11-21,242.7,257.1,241.05,246.2,285314
2012-11-22,246.1,255.0,246.1,249.7,120404
2012-11-23,252.0,254.3,243.0,244.1,119207
2012-11-26,245.55,253.85,242.0,243.25,79453
2012-11-27,246.9,246.95,236.0,236.95,69208
2012-11-29,242.0,274.7,227.0,252.15,1734482
2012-11-30,245.0,302.55,245.0,298.7,4674911
2012-12-03,315.0,333.65,290.0,325.9,4634628
2012-12-04,325.0,340.9,322.1,329.7,1809975
2012-12-05,332.5,334.45,316.95,322.0,723237
2012-12-06,322.95,324.8,307.0,310.8,494000
2012-12-07,311.0,319.0,302.0,307.85,467250
2012-12-10,307.0,319.7,299.65,306.9,316312
2012-12-11,309.0,317.0,305.25,308.2,254868
2012-12-12,310.0,315.7,303.55,305.5,204854
2012-12-13,308.35,309.7,292.0,294.15,153034
2012-12-14,297.5,297.5,281.0,283.75,126058
2012-12-17,285.0,294.7,278.0,289.15,228423
2012-12-18,292.45,295.5,285.95,287.1,88620
2012-12-19,290.1,291.85,281.35,282.8,112001
2012-12-20,282.05,294.5,272.45,285.0,238522
2012-12-21,288.9,300.9,287.0,291.55,686837
2012-12-24,293.0,293.0,282.25,283.85,97230
2012-12-26,286.3,289.0,282.6,284.2,68102
2012-12-27,285.0,287.25,280.55,284.3,89343
2012-12-28,283.4,286.0,279.05,280.5,53571
2012-12-31,281.1,289.9,279.0,280.35,146394
2013-01-01,283.2,286.0,282.0,282.4,57197
2013-01-02,286.35,289.1,282.0,282.7,117368
2013-01-03,286.3,286.3,280.55,281.95,72271
2013-01-04,282.2,289.7,276.0,279.5,144366
2013-01-07,281.75,282.95,277.3,278.6,61608
2013-01-08,279.35,314.5,277.0,307.1,1606700
2013-01-09,309.0,313.9,294.45,296.5,851126
2013-01-10,298.75,305.8,296.0,299.95,305262
2013-01-11,302.0,302.0,285.0,287.25,149853
2013-01-14,285.0,296.95,278.0,294.15,212073
2013-01-15,291.4,298.0,287.0,288.0,110621
2013-01-16,288.05,292.5,283.4,284.4,83438
2013-01-17,283.0,288.35,280.1,281.3,60943
2013-01-18,283.6,283.65,264.7,266.15,228806
2013-01-21,268.9,274.0,262.1,263.9,98073
2013-01-22,268.65,270.7,260.2,261.75,85407
2013-01-23,263.15,270.9,256.5,259.25,162092
2013-01-24,261.2,267.05,257.55,260.2,202302
2013-01-25,263.05,270.0,260.15,269.35,217042
2013-01-28,270.3,271.95,266.1,269.9,80236
2013-01-29,280.0,280.5,268.75,276.65,169849
2013-01-30,279.5,282.95,270.0,274.0,131315
2013-01-31,272.0,272.0,252.3,264.2,104558
2013-02-01,269.65,270.5,264.75,267.25,57358
2013-02-04,270.0,275.8,260.25,264.1,48230
2013-02-05,262.2,263.4,257.0,258.2,43597
2013-02-06,258.2,261.95,255.55,257.25,35459
2013-02-07,256.95,271.7,255.25,260.95,119646
2013-02-08,261.75,264.85,254.15,255.3,41961
2013-02-11,259.0,265.0,255.05,256.85,46180
2013-02-12,259.0,259.95,253.0,255.4,45544
2013-02-13,260.0,260.95,256.0,258.9,153050
2013-02-14,258.9,260.0,255.8,256.75,25229
2013-02-15,256.75,261.95,254.0,259.85,132341
2013-02-18,259.05,275.95,258.1,272.4,99818
2013-02-19,274.8,278.65,273.95,275.4,62403
2013-02-20,275.0,287.0,267.3,281.8,95566
2013-02-21,283.25,284.2,275.1,277.75,91436
2013-02-22,273.85,277.7,265.0,266.65,48678
2013-02-25,261.5,270.0,229.3,260.75,389811
2013-02-26,260.05,260.1,248.35,257.75,77633
2013-02-27,259.0,279.9,258.85,273.8,113910
2013-02-28,277.5,282.75,260.0,265.5,59330
2013-03-01,260.0,285.0,260.0,281.2,120670
2013-03-04,278.35,280.0,270.5,275.3,31405
2013-03-05,275.35,282.5,275.35,278.7,29149
2013-03-06,277.15,286.4,275.25,283.95,45862
2013-03-07,284.05,291.5,278.3,289.65,102886
2013-03-08,292.0,297.45,287.15,292.35,205466
2013-03-11,293.05,296.7,285.1,288.5,39178
2013-03-12,287.05,293.0,281.25,287.5,23637
2013-03-13,285.25,289.4,280.5,283.7,18432
2013-03-14,282.15,297.0,280.5,294.85,55651
2013-03-15,290.05,299.0,290.05,295.55,72873
2013-03-18,290.0,310.0,280.05,301.7,219873
2013-03-19,303.75,308.0,284.0,290.6,116350
2013-03-20,291.65,301.0,291.65,299.35,66933
2013-03-21,299.95,301.7,293.0,296.55,124851
2013-03-22,293.7,296.35,285.0,286.75,71766
2013-03-25,284.05,295.0,283.0,285.9,32415
2013-03-26,285.0,294.3,279.0,291.25,60757
2013-03-28,289.65,309.0,286.8,305.3,135373
2013-04-01,304.35,304.35,296.0,299.75,25403
2013-04-02,294.05,306.0,294.05,300.8,29984
2013-04-03,301.3,303.4,295.0,296.65,24378
2013-04-04,292.1,295.0,288.15,289.8,114081
2013-04-05,284.25,299.0,284.25,292.3,32713
2013-04-08,290.0,300.0,289.0,293.55,32963
2013-04-09,292.95,301.5,283.0,284.55,67014
2013-04-10,275.0,294.4,275.0,290.0,30171
2013-04-11,280.0,301.0,280.0,296.0,155491
2013-04-12,291.1,300.0,291.1,295.2,118756
2013-04-15,286.0,300.0,286.0,299.1,16240
2013-04-16,296.0,304.0,291.0,301.3,37924
2013-04-17,299.95,316.7,298.6,311.5,135784
2013-04-18,311.0,319.9,308.0,317.55,183661
2013-04-22,318.0,324.2,310.0,319.7,145246
2013-04-23,320.0,324.7,315.0,323.35,66352
2013-04-25,325.0,333.0,320.95,330.85,60403
2013-04-26,330.85,333.7,324.15,330.6,32858
2013-04-29,330.6,339.8,322.0,338.0,58330
2013-04-30,340.0,344.0,334.95,339.55,164394
2013-05-02,339.0,349.0,337.3,340.45,74194
2013-05-03,340.0,344.75,337.5,341.45,16387
2013-05-06,340.0,348.0,338.9,341.7,24837
2013-05-07,341.0,344.9,339.95,340.95,26142
2013-05-08,341.05,352.0,334.95,349.2,119292
2013-05-09,352.0,354.0,349.9,352.9,300610
2013-05-10,360.0,367.0,357.5,362.35,148542
2013-05-11,364.7,364.7,359.0,360.65,6292
2013-05-13,362.0,367.95,351.25,360.5,39972
2013-05-14,354.0,374.5,354.0,372.7,170653
2013-05-15,374.9,374.9,364.0,368.35,76634
2013-05-16,367.0,370.0,353.95,356.7,29015
2013-05-17,359.0,363.5,345.25,348.25,36209
2013-05-20,350.0,357.0,340.0,341.6,41191
2013-05-21,343.4,390.0,335.15,340.0,31478
2013-05-22,343.3,348.3,335.0,336.1,36730
2013-05-23,333.0,335.5,324.0,325.1,26366
2013-05-24,327.2,334.4,325.55,328.0,8135
2013-05-27,329.0,331.0,321.0,326.45,15965
2013-05-28,327.2,345.5,327.2,342.05,210912
2013-05-29,345.75,348.25,338.15,340.85,80486
2013-05-30,340.85,343.95,333.95,341.5,25771
2013-05-31,339.95,342.9,334.0,339.9,53086
2013-06-03,339.0,339.0,326.65,330.35,8490
2013-06-04,331.95,340.9,325.25,328.45,14793
2013-06-05,325.0,338.0,325.0,330.15,25763
2013-06-06,322.0,335.9,322.0,335.1,10191
2013-06-07,339.9,339.9,322.0,324.7,16803
2013-06-10,328.0,334.4,325.0,326.05,48742
2013-06-11,325.05,332.0,322.0,328.7,38784
2013-06-12,328.7,334.7,322.0,322.35,14133
2013-06-13,321.5,323.75,319.75,322.4,17011
2013-06-14,325.0,329.0,322.05,325.05,111798
2013-06-17,323.5,330.0,322.0,329.0,111233
2013-06-18,329.0,349.35,325.15,336.45,44364
2013-06-19,334.0,342.0,334.0,335.5,23710
2013-06-20,335.0,335.0,325.9,328.0,14652
2013-06-21,327.4,331.0,322.25,328.9,35333
2013-06-24,325.05,327.9,320.0,320.7,62408
2013-06-25,319.9,327.0,319.0,321.8,37310
2013-06-26,322.55,327.0,321.2,325.0,10550
2013-06-27,325.05,330.0,313.0,316.25,25929
2013-06-28,316.3,325.65,316.3,322.85,10052
2013-07-01,324.75,345.0,321.05,335.5,56497
2013-07-02,333.95,337.0,327.4,330.15,10419
2013-07-03,328.0,329.05,325.0,326.4,5651
2013-07-04,325.0,332.0,325.0,331.95,104524
2013-07-05,334.85,341.2,331.0,335.1,11071
2013-07-08,335.55,335.55,325.1,326.9,27710
2013-07-09,325.05,334.5,325.05,332.65,15350
2013-07-10,332.05,335.0,317.05,331.05,43094
2013-07-11,333.0,333.5,326.25,329.0,5357
2013-07-12,332.65,336.0,328.0,333.05,8523
2013-07-15,330.0,337.3,327.4,332.8,34069
2013-07-16,334.8,341.35,323.0,330.55,37618
2013-07-17,329.55,348.25,329.55,345.35,57174
2013-07-18,346.0,346.0,338.05,340.8,19771
2013-07-19,346.0,349.0,340.4,345.2,21096
2013-07-22,352.0,352.0,321.1,330.05,34375
2013-07-23,330.05,340.9,330.05,331.05,20249
2013-07-24,327.55,336.0,323.5,328.0,28426
2013-07-25,332.0,349.65,331.1,336.35,20226
2013-07-26,340.9,345.5,333.6,337.55,26926
2013-07-29,335.0,348.85,323.25,343.5,54857
2013-07-30,342.85,346.6,334.55,342.55,79271
2013-07-31,342.0,365.0,338.15,351.6,147473
2013-08-01,354.0,359.9,339.2,340.95,64602
2013-08-02,339.05,347.0,323.0,343.9,28376
2013-08-05,349.0,355.0,344.1,350.15,33158
2013-08-06,346.6,353.95,325.95,336.3,28766
2013-08-07,340.0,357.0,340.0,354.8,59817
2013-08-08,355.95,357.0,343.1,354.1,37583
2013-08-12,355.0,360.0,351.15,357.25,46179
2013-08-13,359.95,361.0,355.1,357.05,42431
2013-08-14,358.0,369.5,357.0,365.95,91808
2013-08-16,369.95,371.5,358.0,364.85,103626
2013-08-19,360.05,373.0,360.05,364.5,33731
2013-08-20,365.0,369.75,363.0,366.65,22548
2013-08-21,364.0,369.25,363.0,365.35,10596
2013-08-22,363.0,369.9,363.0,365.2,28863
2013-08-23,365.05,371.75,363.0,368.6,22193
2013-08-26,375.0,390.0,365.0,382.65,33122
2013-08-27,381.5,387.0,376.95,383.65,36980
2013-08-28,377.05,419.0,376.0,396.35,112940
2013-08-29,396.1,407.7,390.0,392.85,21013
2013-08-30,392.0,405.0,390.1,391.45,25787
2013-09-02,397.75,403.0,385.0,397.3,13440
2013-09-03,397.3,402.0,377.4,380.6,10896
2013-09-04,380.6,393.0,380.6,390.2,10963
2013-09-05,392.05,401.7,392.05,395.85,24190
2013-09-06,395.85,400.9,385.15,396.65,8825
2013-09-10,404.0,409.0,389.7,400.7,21224
2013-09-11,401.0,437.9,401.0,418.45,357418
2013-09-12,420.25,442.0,420.25,433.25,52260
2013-09-13,433.8,461.0,431.0,453.7,59139
2013-09-16,455.2,470.0,437.0,438.55,36194
2013-09-17,435.0,440.0,427.6,433.3,20955
2013-09-18,432.0,444.0,430.0,436.6,24758
2013-09-19,438.7,444.7,436.0,440.2,14139
2013-09-20,440.0,449.0,423.0,428.65,13291
2013-09-23,425.0,436.0,424.0,432.15,4060
2013-09-24,432.0,439.5,430.0,435.1,6177
2013-09-25,435.0,441.85,435.0,437.65,4770
2013-09-26,432.0,454.0,432.0,452.15,39347
2013-09-27,463.9,475.0,452.05,467.9,69741
2013-09-30,473.9,512.65,470.0,492.05,258825
2013-10-01,489.0,519.5,483.4,501.5,187296
2013-10-03,503.55,558.3,502.0,545.75,271361
2013-10-04,545.75,565.85,540.0,547.25,293794
2013-10-07,543.0,546.85,517.75,525.8,61293
2013-10-08,525.8,539.0,523.4,526.15,33054
2013-10-09,526.0,542.0,509.0,515.9,68619
2013-10-10,514.95,521.8,503.3,504.5,31690
2013-10-11,506.05,514.5,476.0,495.15,85700
2013-10-14,495.15,511.5,493.1,500.75,26860
2013-10-15,504.9,505.7,483.8,489.2,57732
2013-10-17,485.0,493.0,473.1,485.5,37695
2013-10-18,490.0,511.0,482.0,501.15,55447
2013-10-21,506.0,530.0,505.0,526.45,117013
2013-10-22,531.7,543.9,523.0,529.15,67850
2013-10-23,534.0,534.0,512.0,515.6,28295
2013-10-24,510.0,524.95,502.0,505.45,24730
2013-10-25,500.5,520.0,490.05,516.35,37755
2013-10-28,517.35,530.45,508.0,516.8,27038
2013-10-29,515.0,525.9,510.0,523.2,23711
2013-10-30,527.45,564.95,512.7,555.15,305642
2013-10-31,556.1,593.7,555.0,576.75,157700
2013-11-01,585.0,606.8,582.0,597.7,367400
2013-11-03,603.7,613.4,600.0,605.15,35017
2013-11-05,605.15,619.6,578.7,595.4,363475
2013-11-06,596.0,600.0,578.25,583.2,25199
2013-11-07,585.0,588.4,565.1,570.0,21812
2013-11-08,574.0,574.75,555.1,560.25,20104
2013-11-11,565.0,592.7,556.4,563.6,56713
2013-11-12,565.7,566.0,547.9,555.45,38954
2013-11-13,545.0,559.8,545.0,551.3,20776
2013-11-14,556.0,581.0,549.8,577.45,44928
2013-11-18,582.0,594.4,580.95,583.05,23103
2013-11-19,581.0,604.0,562.0,568.9,102720
2013-11-20,571.0,592.0,571.0,588.9,74051
2013-11-21,587.9,593.9,571.05,576.6,23271
2013-11-22,582.0,589.75,571.5,581.3,36314
2013-11-25,581.0,603.1,581.0,589.5,71328
2013-11-26,589.95,602.6,575.0,595.75,101255
2013-11-27,598.0,601.95,576.0,596.45,54155
2013-11-28,593.0,625.0,586.5,616.3,125701
2013-11-29,617.0,635.0,617.0,627.25,97104
2013-12-02,630.0,647.95,622.0,633.8,76101
2013-12-03,637.0,650.0,630.1,640.6,214621
2013-12-04,640.0,648.0,638.85,642.45,54773
2013-12-05,648.8,648.8,631.5,641.5,54712
2013-12-06,641.5,644.8,613.45,619.7,73629
2013-12-09,628.7,631.45,605.0,608.65,30659
2013-12-10,601.0,617.6,590.0,594.0,40801
2013-12-11,591.0,610.0,583.0,590.5,61456
2013-12-12,586.0,594.8,581.0,583.9,37138
2013-12-13,583.0,594.7,570.9,575.05,25610
2013-12-16,580.7,599.9,557.0,591.65,92365
2013-12-17,596.65,600.5,582.0,585.2,55532
2013-12-18,588.7,595.3,584.2,588.2,32425
2013-12-19,593.4,613.8,586.1,608.9,96120
2013-12-20,612.8,635.0,609.95,630.1,114166
2013-12-23,636.0,645.0,628.0,632.5,128316
2013-12-24,637.4,638.15,614.0,625.5,56813
2013-12-26,636.0,640.0,615.5,618.25,22274
2013-12-27,618.0,636.9,618.0,629.7,79080
2013-12-30,633.0,658.4,623.05,648.7,196487
2013-12-31,650.0,654.5,636.7,648.7,67250
2014-01-01,648.7,654.65,641.0,643.9,52107
2014-01-02,640.0,654.0,619.0,628.55,43810
2014-01-03,622.0,652.0,610.0,650.05,108089
2014-01-06,644.0,653.9,640.0,641.95,36773
2014-01-07,637.1,651.4,630.3,635.35,56851
2014-01-08,636.0,641.0,627.6,630.65,17332
2014-01-09,634.0,646.95,632.0,638.85,24239
2014-01-10,641.45,650.0,621.5,623.8,56197
2014-01-13,628.3,634.55,620.1,624.95,15775
2014-01-14,629.55,629.9,614.1,617.3,9284
2014-01-15,612.0,621.95,605.1,607.95,20659
2014-01-16,609.95,610.0,579.0,582.8,46542
2014-01-17,585.0,595.9,571.0,573.75,71253
2014-01-20,577.7,582.95,565.0,571.0,32264
2014-01-21,575.75,580.2,568.0,571.25,29317
2014-01-22,575.0,596.9,571.3,592.3,84272
2014-01-23,600.0,626.0,600.0,618.95,92468
2014-01-24,625.85,643.0,621.0,627.7,97209
2014-01-27,621.65,621.65,608.15,614.95,172286
2014-01-28,616.65,636.7,590.0,600.05,79978
2014-01-29,605.0,609.95,596.5,600.65,20112
2014-01-30,591.3,607.0,584.0,601.25,12683
2014-01-31,611.0,614.9,517.3,535.65,850711
2014-02-03,540.0,558.9,492.0,502.8,452261
2014-02-04,503.0,553.55,498.0,546.25,875171
2014-02-05,548.35,552.0,527.15,536.95,180927
2014-02-06,540.0,560.0,533.4,555.25,229050
2014-02-07,559.9,565.1,550.0,560.15,172769
2014-02-10,563.7,566.0,554.0,556.85,67222
2014-02-11,555.0,564.0,555.0,561.5,41180
2014-02-12,565.0,569.9,549.0,553.3,38687
2014-02-13,556.0,571.0,553.95,563.3,94103
2014-02-14,563.3,573.0,552.0,565.0,117925
2014-02-17,568.85,568.85,552.15,553.75,15884
2014-02-18,550.05,557.65,547.1,549.05,17197
2014-02-19,553.35,553.9,537.0,540.35,24218
2014-02-20,540.35,549.85,523.0,525.25,41615
2014-02-21,529.9,540.5,523.05,535.55,103742
2014-02-24,535.0,535.0,525.0,525.95,14304
2014-02-25,525.9,534.85,525.2,530.9,15904
2014-02-26,534.5,539.0,528.05,532.9,30283
2014-02-28,536.0,537.6,530.5,532.95,151585
2014-03-03,536.9,547.0,523.0,528.3,57671
2014-03-04,532.4,534.7,520.95,523.3,67074
2014-03-05,528.6,530.9,516.05,519.85,22692
2014-03-06,518.45,527.0,518.45,522.4,20324
2014-03-07,528.0,528.65,515.0,516.25,25842
2014-03-10,519.5,540.0,513.2,517.15,58207
2014-03-11,517.7,523.95,511.55,518.35,52726
2014-03-12,512.5,523.2,512.5,519.35,60485
2014-03-13,520.15,523.0,519.0,519.55,67242
2014-03-14,511.0,521.5,510.0,515.25,20498
2014-03-18,513.0,520.0,511.0,514.85,64559
2014-03-19,515.5,522.0,512.0,513.95,56955
2014-03-20,511.2,517.0,501.9,505.9,130702
2014-03-21,506.3,507.9,496.0,497.1,35499
2014-03-22,503.95,503.95,497.0,499.0,2963
2014-03-24,502.0,507.0,492.5,494.4,21793
2014-03-25,494.4,507.8,487.0,489.65,73207
2014-03-26,488.15,495.0,480.6,485.7,104826
2014-03-27,485.7,499.7,478.95,484.75,97261
2014-03-28,488.15,488.2,477.0,480.25,38627
2014-03-31,494.0,494.0,465.0,468.85,147409
2014-04-01,475.0,510.5,475.0,508.0,356644
2014-04-02,515.95,544.0,513.4,539.75,328107
2014-04-03,543.85,549.0,530.9,543.2,186525
2014-04-04,545.0,556.75,538.05,552.9,236332
2014-04-07,552.0,554.75,531.6,536.2,89573
2014-04-09,537.5,548.0,533.5,543.15,130428
2014-04-10,534.0,547.95,512.0,514.05,126988
2014-04-11,517.95,527.05,514.0,526.35,65886
2014-04-15,529.35,536.8,510.0,516.65,25001
2014-04-16,515.0,524.9,500.0,507.7,21319
2014-04-17,513.0,524.0,510.2,516.35,103582
2014-04-21,520.0,525.7,518.0,519.15,17718
2014-04-22,520.7,536.6,495.5,507.1,119025
2014-04-23,513.0,524.55,510.15,519.2,32871
2014-04-25,515.0,524.0,511.0,515.35,30897
2014-04-28,515.0,519.5,506.0,515.3,22700
2014-04-29,517.35,518.0,500.4,502.0,31364
2014-04-30,509.9,509.9,492.55,493.9,29508
2014-05-02,499.95,502.95,495.0,498.15,16611
2014-05-05,497.0,522.0,495.2,508.95,62275
2014-05-06,512.95,521.0,512.95,517.25,157597
2014-05-07,519.0,520.05,502.6,515.25,130968
2014-05-08,510.0,520.0,508.55,515.05,62654
2014-05-09,515.0,529.0,515.0,521.9,53631
2014-05-12,514.0,529.6,513.15,525.45,112511
2014-05-13,518.15,534.4,510.3,519.4,96835
2014-05-14,520.25,524.8,505.0,508.0,23757
2014-05-15,508.0,514.9,503.5,505.7,22871
2014-05-16,513.05,515.0,490.0,498.5,82382
2014-05-19,498.55,512.0,496.05,498.95,21828
2014-05-20,502.0,523.0,492.4,510.85,143041
2014-05-21,515.25,567.5,515.25,551.4,451927
2014-05-22,556.9,567.9,550.1,557.1,185536
2014-05-23,555.0,566.95,548.0,556.5,175322
2014-05-26,556.9,577.0,520.05,546.9,233860
2014-05-27,547.0,550.55,528.0,544.3,22080
2014-05-28,536.35,560.8,536.35,557.2,171802
2014-05-29,557.9,568.0,537.95,550.35,364926
2014-05-30,545.0,589.0,539.95,582.2,398253
2014-06-02,587.5,593.7,570.0,581.35,158039
2014-06-03,575.5,611.85,575.5,603.2,202764
2014-06-04,603.2,660.0,603.2,655.75,234714
2014-06-05,657.95,658.0,623.2,629.9,74294
2014-06-06,629.9,648.0,615.0,621.95,59749
2014-06-09,628.7,638.0,622.1,627.0,70067
2014-06-10,630.05,638.9,605.0,615.95,72642
2014-06-11,615.95,624.0,595.0,597.65,31225
2014-06-12,599.0,618.0,595.0,598.15,38311
2014-06-13,608.9,610.0,600.25,606.25,40034
2014-06-16,602.05,608.4,585.0,594.6,16468
2014-06-17,595.0,613.0,588.7,604.3,28586
2014-06-18,597.0,641.0,597.0,637.4,140031
2014-06-19,644.7,697.0,644.7,681.5,777688
2014-06-20,686.0,705.0,645.0,654.4,303201
2014-06-23,660.8,674.9,640.0,671.0,272616
2014-06-24,674.0,682.05,662.0,669.15,121917
2014-06-25,670.5,675.0,656.0,661.45,88889
2014-06-26,661.95,676.0,658.6,663.35,62462
2014-06-27,669.85,669.85,645.2,647.8,36947
2014-06-30,652.0,672.0,652.0,669.0,108540
2014-07-01,669.9,670.0,662.3,669.55,57613
2014-07-02,669.55,672.0,661.0,664.45,42752
2014-07-03,661.05,670.0,659.45,664.95,24181
2014-07-04,655.0,673.85,655.0,667.75,276309
2014-07-07,661.35,670.1,655.6,668.95,44280
2014-07-08,662.3,671.0,596.25,636.3,226492
2014-07-09,649.9,649.9,630.05,641.65,73464
2014-07-10,635.0,660.0,612.6,655.55,46328
2014-07-11,650.6,655.0,616.0,622.15,25658
2014-07-14,631.7,638.0,605.95,616.85,50168
2014-07-15,620.0,633.7,613.0,624.4,15064
2014-07-16,635.0,649.35,625.0,635.35,29787
2014-07-17,629.0,668.0,629.0,659.7,95548
2014-07-18,659.7,669.8,650.7,658.45,70771
2014-07-21,670.0,670.0,652.1,658.85,68608
2014-07-22,665.95,668.8,645.1,648.1,27468
2014-07-23,657.5,657.5,640.0,642.3,19229
2014-07-24,643.0,666.0,640.0,654.65,26520
2014-07-25,662.0,689.75,648.15,653.05,159089
2014-07-28,657.95,658.0,627.0,630.75,47961
2014-07-30,624.1,630.9,615.0,622.35,16878
2014-07-31,625.05,649.45,607.6,617.4,222524
2014-08-01,610.0,615.0,605.0,608.6,45201
2014-08-04,605.1,617.0,605.0,613.8,40627
2014-08-05,610.05,630.0,610.05,624.5,59399
2014-08-06,624.5,659.85,624.5,654.7,135677
2014-08-07,661.5,679.9,661.5,668.9,154773
2014-08-08,664.45,666.95,650.3,661.35,51062
2014-08-11,665.0,671.8,656.6,667.75,24684
2014-08-12,667.75,678.5,655.0,658.75,55059
2014-08-13,669.7,669.7,647.0,651.6,76955
2014-08-14,649.0,660.95,635.0,648.7,96053
2014-08-18,653.75,660.0,623.15,630.3,150830
2014-08-19,632.8,637.7,622.0,633.35,55404
2014-08-20,627.5,652.45,627.5,649.0,95656
2014-08-21,654.9,656.0,641.3,642.65,37228
2014-08-22,642.5,670.0,636.4,658.2,145483
2014-08-25,662.5,672.0,652.0,656.6,37217
2014-08-26,650.15,659.9,646.0,651.25,11599
2014-08-27,658.7,669.0,635.85,651.15,51480
2014-08-28,646.0,699.8,640.0,680.9,141863
2014-09-01,691.0,693.9,666.5,674.5,69155
2014-09-02,677.4,697.0,670.0,680.5,482392
2014-09-03,681.0,734.8,681.0,720.05,683516
2014-09-04,725.0,726.9,705.2,710.55,128091
2014-09-05,714.85,714.85,700.05,704.8,41491
2014-09-08,704.0,720.0,690.0,713.75,100021
2014-09-09,716.0,719.9,703.8,715.3,79448
2014-09-10,715.3,716.0,705.0,707.55,35658
2014-09-11,704.1,714.95,693.85,700.85,59965
2014-09-12,706.75,717.35,696.65,708.5,35688
2014-09-15,715.0,746.4,715.0,737.2,693511
2014-09-16,741.7,746.4,675.05,699.45,150448
2014-09-17,698.0,725.0,698.0,708.1,63336
2014-09-18,710.0,719.85,701.4,703.25,59230
2014-09-19,712.0,749.0,706.0,739.45,517003
2014-09-22,735.5,745.0,707.3,711.0,117883
2014-09-23,717.9,728.0,702.5,705.95,55536
2014-09-24,709.7,720.0,680.0,688.8,87252
2014-09-25,688.8,703.7,685.15,690.05,32004
2014-09-26,690.0,707.1,689.9,701.85,57597
2014-09-29,710.6,710.6,695.0,700.1,43746
2014-09-30,712.9,712.9,693.45,699.3,28415
2014-10-01,695.3,704.2,685.0,694.4,34630
2014-10-07,700.0,704.5,664.0,670.85,23719
2014-10-08,676.6,679.55,638.5,640.95,156246
2014-10-09,640.95,659.95,640.95,653.35,49574
2014-10-10,648.0,648.0,608.1,623.15,442611
2014-10-13,638.85,649.75,630.0,634.85,174853
2014-10-14,637.0,644.4,632.05,637.25,28070
2014-10-16,631.0,645.0,611.0,629.9,57148
2014-10-17,620.0,653.0,619.7,646.3,49224
2014-10-20,658.4,685.0,652.9,679.05,100538
2014-10-21,684.0,709.0,680.6,701.4,132353
2014-10-22,700.0,709.0,697.8,703.8,31745
2014-10-23,703.0,710.0,702.85,707.95,13408
2014-10-27,709.95,719.9,690.0,699.1,46282
2014-10-28,698.95,704.95,688.0,694.0,21256
2014-10-29,694.0,735.0,694.0,721.5,117534
2014-10-30,721.95,721.95,704.0,714.2,55481
2014-10-31,714.0,726.15,676.0,703.1,394984
2014-11-03,687.1,696.1,681.0,686.25,34996
2014-11-05,686.35,712.0,685.5,687.45,45645
2014-11-07,687.45,698.2,687.45,694.3,24277
2014-11-10,696.0,716.0,692.6,704.35,34228
2014-11-11,697.25,733.65,697.25,725.05,154918
2014-11-12,723.0,725.3,711.0,719.05,43062
2014-11-13,719.0,723.45,712.0,715.15,89925
2014-11-14,715.15,740.0,688.95,737.2,71730
2014-11-17,714.25,735.0,714.25,726.65,55763
2014-11-18,726.7,737.75,716.45,722.9,15266
2014-11-19,728.0,748.2,718.05,734.65,32915
2014-11-20,715.55,732.0,715.55,724.7,11243
2014-11-21,720.05,729.4,701.2,711.6,26380
2014-11-24,716.0,726.0,705.0,707.75,13021
2014-11-25,703.2,714.0,687.0,693.25,21967
2014-11-26,699.5,704.6,696.8,699.8,28316
2014-11-27,705.0,706.9,690.1,699.75,20412
2014-11-28,693.0,708.6,693.0,700.85,19723
2014-12-01,711.0,723.95,705.0,709.5,27538
2014-12-02,695.0,706.9,695.0,699.05,14494
2014-12-03,713.25,713.25,696.0,707.35,37902
2014-12-04,700.3,713.25,693.3,699.05,21870
2014-12-05,693.3,705.35,688.0,693.0,48569
2014-12-08,691.05,712.75,691.05,703.7,173945
2014-12-09,709.0,709.25,686.1,692.9,23829
2014-12-10,686.0,690.0,679.1,684.3,17359
2014-12-11,689.95,689.95,666.0,672.75,44285
2014-12-12,679.0,686.8,661.8,669.45,37413
2014-12-15,679.95,686.75,660.0,667.45,54437
2014-12-16,665.0,687.0,641.0,650.2,21325
2014-12-17,645.0,650.0,605.0,643.1,89111
2014-12-18,650.1,697.8,646.25,692.15,107280
2014-12-19,700.0,723.6,685.15,693.45,155747
2014-12-22,694.9,722.0,690.2,715.0,115056
2014-12-23,722.6,723.0,693.6,700.05,23900
2014-12-24,705.0,711.15,685.0,694.1,29612
2014-12-26,698.7,698.7,683.15,686.45,19443
2014-12-29,691.0,708.2,691.0,696.9,70677
2014-12-30,702.0,708.0,695.35,704.1,24220
2014-12-31,708.65,708.65,698.0,700.85,9420
2015-01-01,705.5,705.5,691.0,694.4,13202
2015-01-02,698.8,705.05,694.45,703.15,19930
2015-01-05,707.0,713.75,698.05,710.95,23728
2015-01-06,706.0,710.0,693.5,699.45,15966
2015-01-07,687.6,719.0,687.6,711.5,21220
2015-01-08,708.95,727.0,702.55,719.25,18996
2015-01-09,715.0,735.9,707.85,718.35,38958
2015-01-12,729.0,750.0,728.95,737.1,112879
2015-01-13,743.5,743.5,714.95,719.15,23021
2015-01-14,721.0,729.0,711.45,715.45,21137
2015-01-15,720.05,722.95,706.2,709.45,13048
2015-01-16,713.25,716.0,708.0,711.45,15879
2015-01-19,712.4,722.0,701.45,706.0,27915
2015-01-20,709.0,712.0,702.0,703.55,86074
2015-01-21,700.05,709.65,694.1,697.65,17356
2015-01-22,695.0,712.95,692.0,697.95,23611
2015-01-23,701.0,701.7,681.15,687.5,163016
2015-01-27,689.0,708.6,678.1,682.55,25915
2015-01-28,683.0,690.95,672.05,675.9,183060
2015-01-29,678.0,680.05,664.3,674.25,34423
2015-01-30,694.0,704.95,646.85,680.2,601428
2015-02-02,684.9,692.0,678.0,682.1,58457
2015-02-03,684.9,697.0,682.15,689.9,52168
2015-02-04,690.05,697.95,688.15,690.0,31368
2015-02-05,687.0,704.8,675.5,679.0,42575
2015-02-06,682.0,692.6,676.0,687.25,40236
2015-02-09,685.0,694.8,675.0,681.6,34120
2015-02-10,670.0,693.95,668.0,677.1,24594
2015-02-11,684.7,694.95,680.0,683.4,24809
2015-02-12,686.05,693.5,683.0,685.0,16991
2015-02-13,691.85,740.0,689.1,718.0,194110
2015-02-16,717.05,729.0,701.65,706.8,48218
2015-02-18,705.0,715.95,701.0,713.3,25814
2015-02-19,716.0,721.0,676.65,709.4,99712
2015-02-20,713.9,720.0,696.05,700.8,64362
2015-02-23,702.9,710.0,682.65,689.3,40360
2015-02-24,692.0,698.95,680.0,681.2,23821
2015-02-25,684.0,688.0,607.3,673.15,20604
2015-02-26,675.0,682.5,670.0,671.4,13247
2015-02-27,674.0,685.0,668.0,673.05,15140
2015-02-28,673.0,689.0,653.0,662.4,26722
2015-03-02,665.0,680.0,665.0,668.2,33659
2015-03-03,670.0,713.8,670.0,703.5,71187
2015-03-04,703.65,711.0,694.0,698.5,31062
2015-03-05,700.0,707.9,692.0,695.25,14841
2015-03-09,695.0,711.0,670.0,688.65,83659
2015-03-10,690.0,711.0,690.0,706.45,90236
2015-03-11,708.95,710.0,693.05,702.85,41563
2015-03-12,700.0,705.7,692.9,700.55,10176
2015-03-13,703.0,706.0,689.05,691.4,125830
2015-03-16,689.0,693.85,678.8,681.35,10551
2015-03-17,689.9,698.0,686.95,692.05,18696
2015-03-18,695.0,700.0,691.0,696.9,8856
2015-03-19,709.0,712.0,701.2,706.35,80825
2015-03-20,704.95,707.9,645.2,675.7,89706
2015-03-23,680.0,710.0,674.0,692.7,41981
2015-03-24,693.0,704.95,682.0,691.65,19247
2015-03-25,692.5,696.0,676.1,684.15,148484
2015-03-26,677.05,697.7,670.0,673.75,16007
2015-03-27,676.0,684.95,661.0,669.65,20569
2015-03-30,664.95,684.95,664.95,671.5,12942
2015-03-31,684.9,684.9,657.1,662.9,26242
2015-04-01,664.0,674.95,662.0,668.7,27417
2015-04-06,680.0,680.0,664.0,672.25,19162
2015-04-07,672.9,679.85,655.1,669.0,61503
2015-04-08,659.0,675.7,656.0,668.45,41677
2015-04-09,673.95,682.0,668.0,673.65,115872
2015-04-10,681.5,681.5,666.65,668.85,68126
2015-04-13,679.8,679.8,661.7,666.9,19009
2015-04-15,675.0,675.0,663.0,666.0,16250
2015-04-16,670.0,670.0,654.0,656.95,10192
2015-04-17,650.0,665.0,650.0,659.45,12223
2015-04-20,650.15,660.0,645.0,649.25,8804
2015-04-21,650.95,650.95,618.0,622.05,36337
2015-04-22,623.9,633.15,621.3,625.55,95304
2015-04-23,630.1,636.0,620.0,622.05,39786
2015-04-24,625.0,633.95,612.2,626.4,19341
2015-04-27,628.05,628.05,613.6,621.5,20250
2015-04-28,621.0,625.0,614.6,618.4,169558
2015-04-29,624.8,685.0,615.2,626.95,12386
2015-04-30,637.0,637.0,610.5,615.1,54950
2015-05-04,624.95,634.0,621.05,631.75,15472
2015-05-05,628.0,643.0,623.5,636.8,9301
2015-05-06,621.0,657.45,608.0,646.5,37572
2015-05-07,643.45,649.0,625.05,645.45,77734
2015-05-08,656.45,656.45,634.1,641.55,62599
2015-05-11,635.2,661.15,635.2,659.3,11894
2015-05-12,659.4,659.4,634.8,637.4,39066
2015-05-13,642.25,644.8,634.5,640.1,35938
2015-05-14,634.25,648.85,630.45,644.85,19924
2015-05-15,643.35,653.45,637.0,650.5,30790
2015-05-18,641.0,659.9,638.4,650.15,13756
2015-05-19,648.5,667.0,640.55,646.35,25739
2015-05-20,659.95,665.55,648.1,650.5,26479
2015-05-21,659.6,659.6,650.35,657.05,11680
2015-05-22,653.5,659.75,653.5,655.65,5934
2015-05-25,660.0,660.0,645.1,654.5,6555
2015-05-26,660.0,666.0,650.65,659.7,221172
2015-05-27,650.0,675.0,641.5,656.05,13895
2015-05-28,660.15,667.95,649.0,651.75,13076
2015-05-29,655.0,669.95,653.8,665.75,46695
2015-06-01,616.0,695.3,616.0,672.6,101571
2015-06-02,668.5,687.0,650.05,674.65,34250
2015-06-03,670.65,671.25,637.5,650.05,41384
2015-06-04,654.8,675.0,642.15,668.75,33347
2015-06-05,673.75,677.95,662.0,669.65,17379
2015-06-08,670.0,718.0,660.1,665.35,132414
2015-06-09,658.0,671.0,655.05,666.7,14025
2015-06-10,700.0,701.0,640.0,645.2,434715
2015-06-11,649.65,650.0,621.1,646.9,130445
2015-06-12,650.5,678.0,640.0,649.25,209181
2015-06-15,652.9,656.25,640.0,644.15,28460
2015-06-16,648.0,654.35,640.2,647.6,29059
2015-06-17,650.5,662.0,640.15,656.25,39895
2015-06-18,661.45,670.0,650.3,655.75,45001
2015-06-19,659.95,665.5,650.05,656.6,30136
2015-06-22,659.8,662.0,656.0,658.35,10902
2015-06-23,657.0,667.0,652.0,656.0,41767
2015-06-24,655.0,660.8,653.05,655.25,13881
2015-06-25,660.75,665.55,651.0,654.15,27035
2015-06-26,652.85,652.85,635.0,639.8,195534
2015-06-29,632.0,637.7,618.1,619.8,31270
2015-06-30,631.0,638.0,626.0,635.0,27282
2015-07-01,642.95,656.4,632.25,651.4,177420
2015-07-02,654.0,669.95,653.05,666.6,29769
2015-07-03,669.95,724.85,665.05,708.1,418250
2015-07-06,696.25,704.25,680.3,700.65,51820
2015-07-07,701.0,708.0,685.35,691.5,88251
2015-07-08,689.9,696.55,676.0,680.15,37331
2015-07-09,690.0,694.0,665.0,685.2,48594
2015-07-10,690.0,715.0,676.55,681.65,49328
2015-07-13,685.1,727.9,685.1,709.95,340873
2015-07-14,715.0,747.0,702.2,730.8,330743
2015-07-15,725.0,775.0,725.0,760.5,614048
2015-07-16,764.0,781.0,748.0,758.55,380394
2015-07-17,764.9,787.0,764.9,782.55,488450
2015-07-20,786.85,813.65,786.0,807.25,414607
2015-07-21,813.95,829.75,806.95,815.05,241662
2015-07-22,821.0,870.0,821.0,857.85,2431120
2015-07-23,860.0,885.0,830.0,853.3,819917
2015-07-24,845.0,845.0,775.0,803.9,9673551
2015-07-27,811.0,817.8,803.1,806.45,710490
2015-07-28,811.85,816.0,785.5,798.15,377343
2015-07-29,808.6,834.0,804.8,827.9,899262
2015-07-30,832.1,845.0,831.9,841.75,319015
2015-07-31,847.4,850.0,837.7,843.65,238406
2015-08-03,847.0,848.8,815.0,829.6,228748
2015-08-04,834.8,845.0,830.0,838.25,261403
2015-08-05,842.4,855.0,829.5,837.6,197539
2015-08-06,843.75,843.75,831.0,837.5,67512
2015-08-07,834.95,851.75,822.45,849.8,216959
2015-08-10,850.15,851.9,826.3,836.7,95127
2015-08-11,844.0,844.0,801.0,809.25,144189
2015-08-12,808.7,843.75,798.95,827.05,180111
2015-08-13,824.0,838.8,803.5,816.25,99854
2015-08-14,834.0,834.0,788.0,794.15,157453
2015-08-17,799.8,813.0,797.0,809.65,105262
2015-08-18,814.6,827.0,806.15,818.0,228208
2015-08-19,820.0,855.0,815.95,839.5,360090
2015-08-20,848.0,867.0,832.65,837.9,389365
2015-08-21,829.95,865.0,823.05,837.15,338616
2015-08-24,816.0,816.0,750.0,772.85,349735
2015-08-25,780.0,790.3,761.6,782.5,433205
2015-08-26,787.0,815.0,771.0,784.65,163416
2015-08-27,804.0,820.0,801.9,816.8,93450
2015-08-28,825.0,840.1,824.95,833.9,292759
2015-08-31,825.0,842.7,825.0,832.8,67406
2015-09-01,829.95,855.05,801.55,813.45,258788
2015-09-02,825.0,844.75,803.0,806.45,167049
2015-09-03,817.95,842.0,815.0,836.85,122501
2015-09-04,840.8,840.8,805.0,817.3,90078
2015-09-07,818.0,834.9,776.9,784.65,147450
2015-09-08,799.5,800.0,780.0,790.5,135649
2015-09-09,800.0,834.0,800.0,828.9,113415
2015-09-10,823.35,823.35,800.05,812.2,60497
2015-09-11,816.05,828.0,811.8,818.95,76804
2015-09-14,827.1,857.6,821.3,853.7,367848
2015-09-15,862.0,862.0,825.15,829.45,197989
2015-09-16,833.0,837.0,810.0,813.25,104804
2015-09-18,820.0,839.45,810.25,816.5,82895
2015-09-21,815.0,828.0,808.95,824.15,243008
2015-09-22,825.0,832.4,805.0,809.8,223659
2015-09-23,808.0,822.4,802.8,816.25,61179
2015-09-24,816.15,821.95,809.65,811.9,40506
2015-09-28,815.05,821.0,793.0,798.6,67380
2015-09-29,794.9,805.0,782.0,802.1,75478
2015-09-30,812.0,831.05,811.95,816.3,98709
2015-10-01,823.6,829.9,816.0,819.05,82398
2015-10-05,823.0,842.95,823.0,834.95,100883
2015-10-06,840.75,851.0,829.0,846.0,217860
2015-10-07,849.9,860.05,833.2,838.7,81982
2015-10-08,845.9,845.9,826.2,834.6,120263
2015-10-09,851.95,853.0,825.0,828.3,61289
2015-10-12,832.0,839.95,815.0,823.4,76889
2015-10-13,811.6,838.0,811.6,829.95,88390
2015-10-14,834.95,842.0,827.15,838.3,62646
2015-10-15,841.65,851.95,837.4,849.2,57628
2015-10-16,851.0,875.0,850.25,855.45,516982
2015-10-19,857.0,861.0,851.1,854.5,118136
2015-10-20,862.0,862.0,841.5,852.75,92779
2015-10-21,854.05,855.5,846.0,849.3,65237
2015-10-23,856.0,860.0,807.5,821.8,140051
2015-10-26,840.0,840.0,820.0,824.3,78045
2015-10-27,827.8,835.0,825.0,830.45,75330
2015-10-28,834.85,838.8,822.6,831.9,47214
2015-10-29,839.7,846.0,834.0,843.75,92074
2015-10-30,849.0,849.8,816.6,828.45,75988
2015-11-02,822.5,869.05,822.5,860.4,224698
2015-11-03,868.0,887.9,834.2,842.95,1045538
2015-11-04,852.7,869.9,838.1,845.3,171758
2015-11-05,845.3,849.85,818.0,821.75,58699
2015-11-06,815.05,829.35,782.0,815.1,185205
2015-11-09,807.0,817.8,780.1,798.45,83109
2015-11-10,799.0,819.35,797.1,802.15,74683
2015-11-11,804.6,813.0,804.6,811.85,19359
2015-11-13,809.75,812.45,793.0,796.4,103651
2015-11-16,798.9,809.8,797.0,804.95,70016
2015-11-17,805.0,815.0,798.45,804.5,49966
2015-11-18,804.95,809.95,785.0,795.1,45775
2015-11-19,800.0,815.7,800.0,813.8,79353
2015-11-20,810.8,831.0,805.0,827.5,64155
2015-11-23,825.0,835.5,818.25,826.45,28754
2015-11-24,819.1,835.15,819.0,832.1,27565
2015-11-26,835.0,842.0,820.0,835.15,45865
2015-11-27,841.0,856.0,836.2,849.5,86138
2015-11-30,856.0,865.0,831.1,847.85,106715
2015-12-01,841.0,848.0,840.0,844.65,33926
2015-12-02,850.0,850.0,822.65,847.1,105611
2015-12-03,839.95,839.95,822.5,826.25,62631
2015-12-04,824.0,824.0,805.0,806.8,85680
2015-12-07,814.8,821.8,801.0,803.7,41008
2015-12-08,800.05,811.0,795.5,798.3,65300
2015-12-09,807.9,807.9,775.0,780.6,172656
2015-12-10,788.0,788.0,741.1,751.5,239072
2015-12-11,754.4,796.0,754.4,789.95,269031
2015-12-14,785.05,785.9,758.6,776.65,154126
2015-12-15,785.0,790.7,772.9,785.5,43749
2015-12-16,791.0,815.0,786.1,811.95,93195
2015-12-17,821.0,821.0,805.65,809.55,123444
2015-12-18,814.0,823.55,812.0,818.8,167736
2015-12-21,824.0,825.0,814.5,817.7,59138
2015-12-22,827.25,830.0,814.3,816.9,134363
2015-12-23,817.0,822.45,783.5,794.5,132065
2015-12-24,796.0,805.0,790.4,797.0,95184
2015-12-28,798.0,804.8,795.0,797.1,46460
2015-12-29,801.0,814.5,787.9,811.85,133904
2015-12-30,812.8,812.8,797.05,805.45,38893
2015-12-31,807.9,810.55,797.1,801.75,74618
2016-01-01,797.55,809.95,792.0,794.95,36434
2016-01-04,800.0,808.0,794.8,806.75,69544
2016-01-05,808.0,829.0,798.1,824.15,108926
2016-01-06,828.0,828.0,810.0,817.15,49895
2016-01-07,802.05,810.6,792.35,795.95,74486
2016-01-08,803.95,806.0,779.0,793.15,76230
2016-01-11,788.95,791.15,781.1,788.55,17550
2016-01-12,791.1,796.55,768.0,771.5,40752
2016-01-13,772.05,783.0,750.0,768.2,62721
2016-01-14,760.1,781.8,741.6,779.75,134044
2016-01-15,787.5,803.0,775.0,789.45,281416
2016-01-18,775.0,798.5,757.2,781.0,42226
2016-01-19,780.0,797.05,757.0,764.95,71327
2016-01-20,759.9,763.85,744.0,749.25,68659
2016-01-21,754.0,759.0,726.0,732.5,136614
2016-01-22,739.85,743.35,727.2,732.35,100036
2016-01-25,736.2,770.0,736.2,759.55,98126
2016-01-27,771.0,771.0,728.8,739.8,120881
2016-01-28,742.95,742.95,732.4,736.75,79893
2016-01-29,746.0,779.45,720.0,753.75,441267
2016-02-01,761.3,789.0,736.75,772.5,109887
2016-02-02,779.0,780.0,761.0,766.35,71180
2016-02-03,747.75,764.6,747.75,756.75,53160
2016-02-04,758.0,765.55,735.55,742.5,63808
2016-02-05,736.1,753.15,735.0,738.5,18025
2016-02-08,739.3,760.95,739.3,750.4,47409
2016-02-09,751.0,761.15,736.0,756.4,21662
2016-02-10,755.8,755.8,719.0,729.5,55479
2016-02-11,734.0,737.05,695.0,710.05,120563
2016-02-12,710.05,713.0,652.25,703.05,75070
2016-02-15,706.0,738.8,703.05,715.7,132357
2016-02-16,740.0,748.0,720.0,733.45,59890
2016-02-17,737.95,740.4,709.0,734.75,56093
2016-02-18,727.4,736.8,723.5,728.9,47425
2016-02-19,721.6,740.0,711.45,736.05,320721
2016-02-22,737.9,738.0,717.1,720.0,27604
2016-02-23,727.0,727.0,679.25,682.9,355173
2016-02-24,685.0,688.0,660.85,668.2,74052
2016-02-25,678.8,678.8,645.25,652.6,37881
2016-02-26,660.6,689.05,657.0,681.9,158862
2016-02-29,675.0,704.0,662.05,700.55,77963
2016-03-01,720.0,720.0,694.8,703.0,141331
2016-03-02,707.2,722.0,701.1,707.5,31847
2016-03-03,709.95,715.0,705.05,712.9,36271
2016-03-04,706.0,718.3,705.0,706.2,166500
2016-03-08,711.0,716.8,706.0,709.75,65139
2016-03-09,709.0,716.0,703.6,714.4,31417
2016-03-10,718.15,758.4,715.35,746.05,197962
2016-03-11,747.6,747.6,731.6,734.5,37789
2016-03-14,721.0,775.0,721.0,738.5,42952
2016-03-15,745.0,745.0,706.0,708.25,58525
2016-03-16,715.0,715.0,696.55,701.6,24135
2016-03-17,713.95,732.2,700.1,725.9,54704
2016-03-18,733.2,733.2,706.15,709.75,94710
2016-03-21,718.0,718.0,703.0,709.55,91335
2016-03-22,713.55,722.0,696.6,714.05,88555
2016-03-23,710.35,716.05,701.1,713.3,117962
2016-03-28,724.9,729.95,707.55,715.45,69740
2016-03-29,714.0,717.6,703.6,706.6,49419
2016-03-30,707.0,737.8,707.0,734.15,165264
2016-03-31,737.0,745.0,721.25,734.45,127874
2016-04-01,721.15,742.0,721.15,735.85,46973
2016-04-04,742.0,742.05,730.05,736.9,131684
2016-04-05,736.4,747.0,732.05,740.95,191625
2016-04-06,736.1,744.8,732.1,736.4,74289
2016-04-07,722.55,741.95,720.7,725.3,7212
2016-04-08,724.15,738.4,722.0,723.75,19628
2016-04-11,735.95,747.0,725.1,744.35,78841
2016-04-12,745.0,803.0,742.45,797.0,254187
2016-04-13,797.15,816.0,795.05,805.55,217311
2016-04-18,804.0,813.8,795.15,803.4,76987
2016-04-20,802.0,811.0,800.0,807.9,42390
2016-04-21,802.0,826.3,801.5,825.1,205934
2016-04-22,830.0,832.0,822.0,824.9,91400
2016-04-25,811.0,821.05,810.0,815.45,66249
2016-04-26,815.05,824.4,814.4,815.45,74673
2016-04-27,802.6,824.0,802.6,815.2,44312
2016-04-28,816.0,832.0,808.0,816.3,25564
2016-04-29,821.65,845.9,813.95,842.5,90833
2016-05-02,830.05,839.0,820.3,826.45,32040
2016-05-03,820.35,850.0,820.35,844.15,66569
2016-05-04,832.0,858.0,832.0,848.8,62191
2016-05-05,850.0,854.95,832.1,836.3,21624
2016-05-06,830.05,855.0,821.0,829.45,72896
2016-05-09,828.0,849.3,828.0,843.4,45984
2016-05-10,840.05,846.25,829.0,830.7,12072
2016-05-11,825.25,857.5,825.25,844.1,32118
2016-05-12,845.0,846.85,827.1,840.55,170000
2016-05-13,836.5,855.0,836.5,840.7,45231
2016-05-16,830.0,849.6,830.0,840.25,14012
2016-05-17,846.0,848.0,836.35,838.8,16096
2016-05-18,849.85,849.85,831.6,836.4,13198
2016-05-19,849.0,849.0,838.0,843.05,60325
2016-05-20,849.0,899.0,840.05,870.6,270543
2016-05-23,876.4,878.65,836.1,842.6,75744
2016-05-24,846.05,857.95,837.0,842.15,18130
2016-05-25,861.75,861.95,844.0,849.75,84906
2016-05-26,848.35,856.0,838.9,843.45,32100
2016-05-27,854.6,865.0,822.6,840.4,379579
2016-05-30,831.1,849.45,831.1,843.85,24342
2016-05-31,841.05,891.0,841.05,883.55,112618
2016-06-01,892.0,910.0,877.8,903.25,379082
2016-06-02,900.1,906.0,884.5,900.6,47754
2016-06-03,904.9,905.0,885.0,892.45,96521
2016-06-06,889.5,897.95,884.5,886.75,30789
2016-06-07,887.7,935.0,881.6,915.1,104255
2016-06-08,919.4,945.5,906.75,939.5,223502
2016-06-09,939.7,942.8,901.2,904.05,72362
2016-06-10,898.4,944.8,898.4,935.85,211705
2016-06-13,934.9,955.0,916.3,950.65,161073
2016-06-14,959.75,974.0,955.0,959.35,138360
2016-06-15,960.0,979.8,955.0,962.75,58561
2016-06-16,961.0,961.05,930.95,934.65,88256
2016-06-17,942.8,960.0,940.0,954.9,69524
2016-06-20,950.0,960.0,933.55,949.05,25463
2016-06-21,960.2,965.0,945.0,950.45,113774
2016-06-22,965.4,965.4,946.8,949.35,120546
2016-06-23,960.0,974.45,932.0,950.35,49953
2016-06-24,940.0,957.0,885.05,947.2,97957
2016-06-27,936.0,960.0,936.0,950.15,82279
2016-06-28,957.35,978.0,942.55,949.95,97460
2016-06-29,990.0,996.3,971.55,979.75,247246
2016-06-30,985.0,1074.0,985.0,1010.7,829273
2016-07-01,1019.65,1054.95,1015.75,1024.5,330055
2016-07-04,1032.0,1055.0,993.0,998.9,350293
2016-07-05,1007.75,1025.0,996.0,1010.65,156068
2016-07-07,1025.9,1045.0,985.15,993.15,299690
2016-07-08,999.0,1004.9,966.6,998.55,204690
2016-07-11,1018.0,1018.0,988.0,992.5,164480
2016-07-12,996.0,1018.4,980.7,1011.15,260400
2016-07-13,1002.0,1011.0,985.2,991.45,87994
2016-07-14,990.1,1025.9,990.1,1017.75,256496
2016-07-15,1021.0,1021.0,1001.4,1009.1,93498
2016-07-18,1005.0,1036.0,1004.0,1030.75,170685
2016-07-19,1053.9,1149.0,1034.0,1117.25,770243
2016-07-20,1131.8,1140.0,1061.0,1069.1,664564
2016-07-21,1066.05,1102.0,1050.1,1095.6,434418
2016-07-22,1107.6,1123.0,1056.3,1067.7,430769
2016-07-25,1067.7,1103.05,1058.0,1099.35,261274
2016-07-26,1090.25,1120.0,1085.0,1096.85,223509
2016-07-27,1101.0,1141.7,1098.0,1126.15,300913
2016-07-28,1115.3,1178.0,1115.3,1142.75,236143
2016-07-29,1144.0,1170.0,1132.3,1141.25,511851
2016-08-01,1152.9,1152.9,1101.55,1123.15,97527
2016-08-02,1132.9,1133.95,1095.25,1109.75,165072
2016-08-03,1109.9,1129.9,1091.5,1097.75,176298
2016-08-04,1110.1,1119.95,1091.15,1106.7,122956
2016-08-05,1115.0,1254.8,1109.55,1218.35,808895
2016-08-08,1228.0,1230.0,1181.0,1191.95,133334
2016-08-09,1195.0,1250.0,1170.0,1228.9,165542
2016-08-10,1228.0,1235.8,1176.3,1183.6,179057
2016-08-11,1191.3,1209.55,1175.0,1185.1,122285
2016-08-12,1194.0,1219.25,1187.5,1203.75,154559
2016-08-16,1210.95,1214.5,1175.0,1180.75,170404
2016-08-17,1192.0,1233.65,1190.0,1226.8,170147
2016-08-18,1232.0,1242.0,1218.0,1228.1,80358
2016-08-19,1229.9,1237.0,1212.0,1223.55,46403
2016-08-22,1223.55,1231.0,1183.0,1187.8,62590
2016-08-23,1187.1,1207.25,1175.35,1181.95,61754
2016-08-24,1185.0,1194.35,1173.0,1180.55,49507
2016-08-25,1179.0,1216.9,1179.0,1197.45,113205
2016-08-26,1208.65,1208.7,1180.15,1184.7,46935
2016-08-29,1187.7,1187.7,1170.0,1174.8,64903
2016-08-30,1183.0,1197.0,1165.25,1174.8,143543
2016-08-31,1174.85,1193.5,1173.95,1187.8,85580
2016-09-01,1189.4,1194.65,1175.3,1185.45,108136
2016-09-02,1220.0,1296.0,1220.0,1273.45,1142600
2016-09-06,1280.0,1280.0,1250.5,1261.0,128015
2016-09-07,1266.0,1334.8,1221.5,1241.65,625046
2016-09-08,1250.2,1264.0,1229.0,1237.9,111200
2016-09-09,1246.95,1255.0,1205.75,1219.75,89153
2016-09-12,1210.0,1210.1,1170.35,1179.25,120841
2016-09-14,1179.25,1206.95,1165.0,1173.6,322941
2016-09-15,1185.0,1192.0,1149.65,1158.65,101824
2016-09-16,1170.0,1198.0,1167.4,1185.0,145577
2016-09-19,1195.45,1195.45,1169.05,1181.25,48630
2016-09-20,1190.0,1242.95,1180.9,1228.65,210868
2016-09-21,1224.4,1253.2,1211.45,1234.35,104101
2016-09-22,1245.0,1258.0,1225.35,1240.45,91325
2016-09-23,1237.8,1260.0,1237.8,1248.05,68448
2016-09-26,1230.0,1247.0,1205.0,1207.8,190845
2016-09-27,1218.45,1228.0,1210.35,1220.9,88612
2016-09-28,1219.9,1228.8,1205.0,1217.6,73526
2016-09-29,1229.35,1231.0,1055.55,1192.95,167903
2016-09-30,1198.0,1209.95,1172.45,1185.2,68671
2016-10-03,1203.0,1251.9,1194.65,1235.5,137929
2016-10-04,1247.8,1254.9,1235.5,1241.5,108250
2016-10-05,1245.0,1247.0,1194.9,1205.45,139628
2016-10-06,1210.0,1218.0,1176.0,1181.35,74889
2016-10-07,1184.4,1189.55,1151.0,1169.1,97344
2016-10-10,1179.0,1199.0,1171.6,1186.85,85885
2016-10-13,1180.0,1198.95,1175.0,1187.1,102685
2016-10-14,1199.0,1200.0,1163.05,1184.7,122025
2016-10-17,1187.9,1210.0,1177.6,1201.8,66172
2016-10-18,1210.0,1215.95,1200.8,1205.2,47382
2016-10-19,1207.3,1219.0,1199.95,1200.75,59057
2016-10-20,1211.0,1230.0,1201.15,1224.35,70236
2016-10-21,1234.5,1239.9,1211.8,1228.05,55699
2016-10-24,1228.05,1240.0,1212.0,1217.85,46070
2016-10-25,1218.0,1236.85,1218.0,1224.15,53555
2016-10-26,1230.85,1258.0,1212.3,1232.95,75451
2016-10-27,1232.3,1240.0,1199.1,1214.15,213627
2016-10-28,1218.95,1237.35,1218.95,1225.65,79959
2016-10-30,1237.0,1237.5,1222.05,1229.0,11371
2016-11-01,1213.1,1247.5,1213.1,1234.95,84220
2016-11-02,1215.0,1225.4,1200.0,1207.6,76768
2016-11-03,1215.0,1224.0,1201.1,1207.3,41651
2016-11-04,1205.0,1242.1,1204.0,1230.45,77991
2016-11-07,1238.9,1284.25,1236.0,1266.45,163104
2016-11-08,1267.0,1304.4,1267.0,1284.6,196625
2016-11-09,1176.65,1288.7,1136.6,1228.3,127980
2016-11-10,1254.0,1268.95,1205.0,1207.3,115348
2016-11-11,1230.0,1230.0,1155.0,1159.55,108574
2016-11-15,1162.05,1179.25,1089.9,1119.7,231779
2016-11-16,1131.2,1174.95,1110.0,1158.45,354837
2016-11-17,1144.25,1177.95,1115.0,1146.15,96389
2016-11-18,1146.0,1154.0,1046.0,1080.95,206561
2016-11-21,1080.95,1130.0,1070.0,1116.9,154433
2016-11-22,1129.25,1139.85,1051.0,1090.95,216672
2016-11-23,1118.0,1120.95,1071.25,1111.3,178606
2016-11-24,1091.0,1149.0,1086.15,1133.9,112680
2016-11-25,1135.2,1147.75,1120.0,1141.8,115385
2016-11-28,1129.95,1185.0,1102.0,1130.5,153133
2016-11-29,1136.0,1160.0,1131.1,1141.1,88620
2016-11-30,1140.95,1162.25,1130.0,1149.25,133276
2016-12-01,1149.25,1160.0,1120.0,1132.55,157126
2016-12-02,1130.0,1139.0,1089.5,1099.8,102181
2016-12-05,1114.0,1114.0,1053.0,1069.1,229892
2016-12-06,1074.95,1099.0,1074.25,1085.2,127601
2016-12-07,1099.9,1112.0,1071.0,1080.65,102492
2016-12-08,1086.15,1110.0,1078.0,1101.5,87202
2016-12-09,1109.0,1114.0,1085.05,1107.3,85554
2016-12-12,1114.0,1118.0,1090.5,1098.9,55398
2016-12-13,1098.0,1111.15,1087.0,1097.5,34996
2016-12-14,1097.95,1105.75,1085.0,1092.75,33214
2016-12-15,1081.2,1100.0,1081.2,1092.4,32534
2016-12-16,1100.0,1105.0,1070.1,1079.85,113527
2016-12-19,1090.2,1090.2,1071.0,1080.65,73103
2016-12-20,1085.5,1094.15,1071.55,1076.6,56842
2016-12-21,1076.4,1079.7,1048.0,1051.9,149576
2016-12-22,1047.0,1054.95,1034.95,1048.45,226718
2016-12-23,1049.9,1058.4,1035.35,1051.6,202865
2016-12-26,1065.0,1070.0,1006.2,1025.15,173548
2016-12-27,1025.15,1065.5,1012.35,1053.5,123184
2016-12-28,1063.0,1150.0,1051.35,1107.05,185885
2016-12-29,1107.85,1135.0,1100.35,1124.85,78601
2016-12-30,1126.75,1204.0,1122.0,1148.75,266274
2017-01-02,1148.5,1171.0,1147.95,1155.45,55693
2017-01-03,1162.0,1195.9,1160.0,1170.25,148634
2017-01-04,1172.4,1188.0,1169.6,1174.1,64970
2017-01-05,1181.85,1199.4,1177.0,1186.1,210539
2017-01-06,1186.1,1195.85,1175.0,1179.75,120789
2017-01-09,1182.5,1190.0,1167.05,1183.2,27681
2017-01-10,1184.5,1240.0,1178.65,1219.7,98591
2017-01-11,1233.9,1238.0,1216.25,1225.5,59258
2017-01-12,1233.5,1233.5,1170.0,1177.95,96227
2017-01-13,1179.0,1187.85,1145.1,1169.85,112994
2017-01-16,1174.85,1235.0,1173.55,1226.5,147399
2017-01-17,1225.0,1250.0,1220.05,1244.5,106016
2017-01-18,1233.25,1340.0,1233.25,1303.9,3624969
2017-01-19,1304.0,1322.6,1280.0,1294.85,265637
2017-01-20,1291.0,1325.0,1251.0,1266.65,266517
2017-01-23,1256.2,1294.05,1256.2,1273.0,124402
2017-01-24,1275.05,1303.4,1275.05,1297.6,106794
2017-01-25,1309.0,1319.0,1277.15,1292.35,138734
2017-01-27,1289.95,1310.0,1265.2,1275.7,93261
2017-01-30,1274.85,1278.7,1245.6,1253.4,88081
2017-01-31,1259.95,1271.7,1221.0,1229.8,63724
2017-02-01,1229.0,1253.4,1208.75,1236.6,75401
2017-02-02,1227.0,1250.0,1223.25,1249.0,74272
2017-02-03,1259.0,1310.0,1237.9,1298.1,337748
2017-02-06,1290.0,1304.0,1243.45,1259.05,190005
2017-02-07,1265.0,1278.3,1261.05,1267.5,65992
2017-02-08,1269.95,1294.0,1260.05,1279.05,106363
2017-02-09,1287.95,1288.3,1274.15,1282.9,26313
2017-02-10,1288.05,1316.0,1283.0,1298.45,154905
2017-02-13,1303.9,1319.8,1291.05,1298.2,56170
2017-02-14,1304.9,1305.65,1265.35,1287.95,57499
2017-02-15,1287.95,1288.35,1262.95,1270.9,46323
2017-02-16,1272.05,1285.0,1260.0,1275.25,67388
2017-02-17,1276.5,1294.6,1265.3,1276.8,40934
2017-02-20,1279.0,1281.1,1257.4,1268.45,40552
2017-02-21,1264.05,1284.0,1262.0,1268.0,32826
2017-02-22,1279.0,1281.5,1256.05,1263.35,30993
2017-02-23,1266.0,1278.8,1255.0,1260.1,57587
2017-02-27,1265.0,1290.95,1231.0,1278.1,70341
2017-02-28,1270.0,1309.05,1251.0,1295.55,114302
2017-03-01,1298.0,1315.0,1288.1,1296.25,108091
2017-03-02,1302.95,1308.85,1296.0,1303.65,85172
2017-03-03,1300.0,1313.0,1291.0,1310.05,51039
2017-03-06,1310.05,1338.55,1310.0,1331.9,82155
2017-03-07,1340.0,1352.0,1331.0,1344.6,234391
2017-03-08,1348.0,1358.4,1330.0,1336.8,111906
2017-03-09,1335.75,1358.0,1317.1,1350.7,112687
2017-03-10,1354.95,1435.25,1353.0,1424.05,552371
2017-03-14,1450.0,1454.0,1426.05,1447.75,254161
2017-03-15,1441.0,1445.0,1366.35,1407.75,626757
2017-03-16,1407.75,1423.75,1386.0,1409.85,225914
2017-03-17,1410.0,1422.0,1388.0,1413.35,629893
2017-03-20,1425.0,1429.7,1387.05,1414.65,75840
2017-03-21,1420.0,1425.4,1402.0,1410.85,82591
2017-03-22,1409.85,1425.0,1397.95,1416.75,74259
2017-03-23,1445.0,1448.95,1411.25,1417.35,119601
2017-03-24,1427.0,1443.7,1406.0,1416.85,33592
2017-03-27,1417.0,1433.55,1408.45,1416.95,51226
2017-03-28,1429.95,1435.0,1422.35,1431.95,93960
2017-03-29,1431.0,1469.95,1414.0,1417.7,286861
2017-03-30,1432.0,1440.95,1412.3,1417.05,83492
2017-03-31,1422.0,1439.5,1414.1,1431.25,347161
2017-04-03,1432.8,1448.0,1429.8,1437.4,83998
2017-04-05,1432.0,1573.8,1432.0,1520.0,680950
2017-04-06,1523.0,1542.0,1496.7,1510.15,235323
2017-04-07,1508.8,1560.0,1504.5,1530.9,333553
2017-04-10,1532.5,1557.0,1515.0,1534.45,142123
2017-04-11,1540.0,1577.9,1539.7,1547.15,240784
2017-04-12,1548.0,1561.3,1525.05,1534.7,134159
2017-04-13,1534.0,1569.55,1530.35,1564.65,186928
2017-04-17,1574.0,1600.0,1570.15,1581.7,324512
2017-04-18,1574.0,1592.55,1547.95,1557.95,117338
2017-04-19,1550.0,1574.9,1550.0,1558.0,120009
2017-04-20,1559.7,1571.05,1548.55,1558.95,69661
2017-04-21,1560.0,1581.35,1550.15,1555.85,126866
2017-04-24,1557.9,1583.9,1557.9,1573.75,172499
2017-04-25,1581.7,1631.95,1567.1,1599.3,495191
2017-04-26,1600.0,1627.0,1578.45,1587.75,251384
2017-04-27,1600.8,1635.0,1600.8,1611.7,493402
2017-04-28,1635.0,1655.0,1603.6,1613.1,617192
2017-05-02,1625.0,1630.0,1583.3,1600.6,238727
2017-05-03,1572.0,1588.0,1545.15,1560.65,321230
2017-05-04,1560.0,1565.0,1530.0,1538.55,98536
2017-05-05,1541.3,1547.9,1515.0,1522.2,218571
2017-05-08,1550.0,1575.7,1535.0,1548.65,270112
2017-05-09,1555.0,1560.15,1531.05,1547.75,143400
2017-05-10,1543.15,1561.35,1537.5,1542.45,131138
2017-05-11,1548.0,1562.65,1520.1,1529.5,175934
2017-05-12,1537.5,1550.0,1520.55,1526.2,213754
2017-05-15,1532.35,1538.15,1515.45,1524.95,103693
2017-05-16,1526.7,1545.0,1526.65,1539.0,86547
2017-05-17,1539.7,1552.85,1526.05,1530.3,73902
2017-05-18,1525.0,1539.35,1502.2,1515.05,82125
2017-05-19,1515.0,1534.5,1502.2,1513.55,114890
2017-05-22,1498.45,1522.0,1397.05,1481.0,449726
2017-05-23,1492.0,1515.0,1445.5,1496.45,318619
2017-05-24,1490.0,1530.05,1444.15,1450.0,107642
2017-05-25,1450.0,1474.75,1439.05,1461.15,114328
2017-05-26,1463.1,1498.0,1451.0,1471.5,129323
2017-05-29,1460.05,1485.2,1460.05,1472.85,82565
2017-05-30,1470.0,1487.9,1425.05,1447.9,205277
2017-05-31,1440.1,1518.0,1440.1,1454.95,225319
2017-06-01,1452.0,1469.7,1452.0,1455.7,59522
2017-06-02,1457.3,1466.9,1452.35,1457.8,55880
2017-06-05,1458.9,1464.65,1440.0,1442.25,102733
2017-06-06,1445.0,1447.45,1378.85,1392.85,210916
2017-06-07,1391.1,1409.0,1387.0,1400.7,165824
2017-06-08,1400.7,1498.5,1382.3,1454.0,596919
2017-06-09,1465.0,1479.85,1443.0,1472.25,403598
2017-06-12,1477.0,1507.0,1470.0,1488.95,306349
2017-06-13,1490.55,1505.0,1474.0,1496.3,195198
2017-06-14,1505.5,1550.0,1490.6,1522.5,221887
2017-06-15,1525.0,1537.2,1515.0,1523.5,108982
2017-06-16,1521.25,1575.0,1521.25,1564.15,253525
2017-06-19,1570.0,1589.95,1545.0,1569.9,192244
2017-06-20,1574.0,1589.35,1560.6,1570.3,113049
2017-06-21,1574.75,1601.0,1571.0,1581.4,281799
2017-06-22,1583.0,1593.75,1557.1,1563.95,84496
2017-06-23,1573.85,1576.85,1500.55,1508.0,249486
2017-06-27,1509.0,1509.0,1445.0,1450.35,192943
2017-06-28,1451.35,1458.95,1393.35,1405.35,238384
2017-06-29,1406.1,1449.9,1406.1,1417.6,200303
2017-06-30,1420.0,1430.0,1383.4,1408.55,229464
2017-07-03,1415.0,1444.0,1406.6,1440.4,197905
2017-07-04,1442.0,1445.0,1421.55,1425.75,63910
2017-07-05,1425.8,1431.85,1402.1,1407.2,180666
2017-07-06,1414.15,1439.0,1408.0,1421.2,120416
2017-07-07,1424.25,1465.0,1415.0,1419.05,317775
2017-07-10,1430.2,1432.8,1418.2,1425.4,18091
2017-07-11,1423.0,1425.25,1410.0,1419.3,84915
2017-07-12,1422.0,1444.0,1415.05,1419.6,155733
2017-07-13,1424.75,1439.9,1411.55,1417.7,86039
2017-07-14,1424.0,1425.95,1397.15,1403.2,164077
2017-07-17,1406.0,1413.45,1370.15,1381.95,218713
2017-07-18,1380.0,1394.0,1371.5,1382.0,211740
2017-07-19,1389.0,1401.3,1357.15,1387.15,336806
2017-07-20,1395.95,1413.45,1380.05,1385.8,378948
2017-07-21,1391.9,1392.0,1344.4,1367.5,252029
2017-07-24,1370.0,1383.4,1367.0,1369.4,134339
2017-07-25,1374.7,1398.0,1372.6,1381.7,243186
2017-07-26,1389.0,1404.45,1344.0,1354.4,686032
2017-07-27,1362.65,1368.6,1318.6,1330.3,332134
2017-07-28,1339.35,1352.45,1323.8,1340.0,109277
2017-07-31,1339.5,1354.0,1331.25,1340.55,133803
2017-08-01,1345.0,1378.0,1342.4,1375.1,301429
2017-08-02,1380.0,1389.9,1372.35,1377.65,213112
2017-08-03,1377.0,1385.0,1362.0,1374.05,202693
2017-08-04,1374.7,1408.25,1370.55,1400.2,285632
2017-08-07,1405.0,1437.2,1381.1,1430.45,290183
2017-08-08,1437.2,1445.0,1383.6,1409.65,293605
2017-08-09,1415.0,1430.0,1352.2,1358.0,228114
2017-08-10,1349.0,1380.75,1301.1,1332.6,247374
2017-08-11,1319.0,1340.4,1261.0,1285.9,354851
2017-08-14,1284.9,1307.9,1225.0,1288.0,401325
2017-08-16,1290.05,1333.45,1274.05,1329.2,363066
2017-08-17,1329.0,1339.55,1296.5,1301.25,183800
2017-08-18,1300.85,1329.0,1285.0,1321.75,114016
2017-08-21,1321.75,1328.25,1274.0,1280.65,160371
2017-08-22,1280.65,1295.0,1249.0,1272.35,177930
2017-08-23,1273.0,1282.9,1250.0,1255.45,173261
2017-08-24,1258.0,1272.0,1253.3,1263.55,103862
2017-08-28,1265.0,1284.5,1258.75,1276.25,183234
2017-08-29,1275.0,1283.55,1253.1,1261.5,120692
2017-08-30,1269.4,1314.0,1266.85,1309.95,184144
2017-08-31,1307.9,1330.0,1297.1,1321.45,164554
2017-09-01,1322.0,1350.0,1309.9,1323.4,208183
2017-09-04,1322.0,1330.95,1296.15,1310.25,94097
2017-09-05,1310.0,1310.0,1285.8,1304.9,132512
2017-09-06,1304.1,1324.0,1296.75,1308.4,130353
2017-09-07,1310.0,1338.0,1303.25,1323.65,122640
2017-09-08,1322.0,1374.45,1322.0,1366.35,335483
2017-09-11,1378.0,1388.8,1338.3,1344.85,303111
2017-09-12,1349.7,1365.0,1341.0,1346.85,99652
2017-09-13,1349.05,1362.95,1316.05,1323.35,96710
2017-09-14,1334.7,1345.6,1318.0,1321.35,72627
2017-09-15,1325.0,1357.0,1310.0,1336.35,193013
2017-09-18,1348.0,1355.0,1321.65,1329.3,81988
2017-09-19,1335.0,1350.0,1320.1,1337.8,72193
2017-09-20,1338.15,1347.2,1300.0,1310.0,125823
2017-09-21,1315.9,1324.95,1275.75,1281.2,339178
2017-09-22,1274.0,1274.0,1209.4,1217.7,335055
2017-09-25,1228.7,1228.7,1166.65,1214.9,366125
2017-09-26,1210.0,1244.0,1190.25,1211.85,212923
2017-09-27,1210.1,1233.05,1165.0,1174.6,203339
2017-09-28,1177.9,1205.95,1142.05,1194.65,332099
2017-09-29,1202.0,1232.9,1186.0,1204.9,213881
2017-10-03,1216.0,1238.25,1210.25,1221.05,129232
2017-10-04,1220.1,1278.0,1220.1,1268.6,320762
2017-10-05,1275.0,1324.2,1268.05,1293.45,404082
2017-10-06,1311.9,1321.95,1292.85,1313.65,234043
2017-10-09,1314.0,1396.1,1310.15,1387.6,437638
2017-10-10,1400.0,1415.0,1356.0,1376.65,282768
2017-10-11,1382.0,1403.15,1330.5,1335.65,216793
2017-10-12,1335.0,1360.0,1334.95,1352.7,149647
2017-10-13,1356.0,1434.0,1344.65,1404.1,438244
2017-10-16,1389.85,1403.9,1362.0,1372.1,280485
2017-10-17,1372.0,1393.45,1348.0,1387.6,449521
2017-10-18,1378.1,1385.0,1359.95,1369.1,311307
2017-10-19,1374.0,1387.0,1355.0,1362.65,22247
2017-10-23,1361.05,1423.05,1361.05,1415.75,186223
2017-10-24,1420.0,1448.0,1413.8,1420.85,333438
2017-10-25,1430.0,1433.8,1368.1,1388.85,206081
2017-10-26,1395.0,1430.0,1390.0,1421.45,232745
2017-10-27,1410.0,1436.05,1331.45,1421.2,762643
2017-10-30,1425.0,1430.0,1390.1,1397.45,192813
2017-10-31,1393.0,1404.95,1380.25,1387.15,115197
2017-11-01,1408.7,1408.7,1368.0,1377.5,75708
2017-11-02,1385.0,1388.25,1353.0,1363.7,112786
2017-11-03,1361.6,1384.9,1357.0,1364.65,122714
2017-11-06,1372.75,1415.0,1365.05,1403.55,168249
2017-11-07,1406.9,1418.4,1336.55,1344.5,190385
2017-11-08,1354.5,1383.0,1350.7,1379.9,105218
2017-11-09,1383.0,1400.0,1356.0,1366.4,112258
2017-11-10,1378.9,1399.9,1362.55,1394.3,72183
2017-11-13,1395.0,1440.5,1385.1,1398.55,311195
2017-11-14,1412.15,1412.15,1373.5,1390.25,95558
2017-11-15,1400.0,1422.0,1381.75,1386.1,152725
2017-11-16,1392.0,1409.05,1375.5,1390.5,130358
2017-11-17,1415.0,1428.95,1390.0,1408.05,298987
2017-11-20,1408.05,1408.05,1366.15,1380.35,122552
2017-11-21,1382.0,1397.9,1365.4,1368.2,258094
2017-11-22,1354.0,1369.75,1311.4,1356.15,187387
2017-11-23,1363.0,1373.4,1340.2,1349.1,126107
2017-11-24,1345.0,1345.0,1298.6,1303.2,297338
2017-11-27,1303.0,1325.0,1237.8,1305.2,373151
2017-11-28,1301.1,1316.05,1281.5,1308.65,252913
2017-11-29,1316.9,1317.0,1291.0,1313.1,134823
2017-11-30,1306.35,1349.9,1291.85,1315.95,264775
2017-12-01,1310.1,1337.45,1270.0,1278.25,180667
2017-12-04,1289.0,1295.0,1263.55,1275.35,110992
2017-12-05,1275.0,1280.1,1250.1,1269.7,65874
2017-12-06,1275.0,1295.0,1264.0,1269.7,189854
2017-12-07,1273.0,1291.1,1266.55,1286.9,85964
2017-12-08,1286.9,1315.9,1286.9,1302.45,201129
2017-12-11,1301.0,1323.0,1290.0,1294.45,159338
2017-12-12,1299.0,1318.25,1292.55,1307.6,140147
2017-12-13,1300.55,1320.0,1292.0,1302.1,88306
2017-12-14,1316.9,1317.0,1280.0,1298.6,140642
2017-12-15,1302.1,1313.0,1293.45,1303.85,101787
2017-12-18,1312.7,1338.0,1287.25,1334.15,154052
2017-12-19,1350.0,1355.0,1331.0,1346.4,131176
2017-12-20,1349.9,1448.05,1339.0,1425.25,455938
2017-12-21,1430.0,1459.1,1424.05,1437.4,362769
2017-12-22,1460.0,1474.45,1435.0,1441.1,539384
2017-12-26,1451.9,1455.0,1404.65,1418.6,225222
2017-12-27,1423.0,1450.0,1416.3,1432.25,223844
2017-12-28,1445.0,1446.0,1400.75,1408.55,188262
2017-12-29,1410.0,1429.0,1402.7,1411.05,151131
2018-01-01,1424.0,1444.0,1411.3,1423.75,182104
2018-01-02,1438.0,1439.0,1398.0,1402.8,161070
2018-01-03,1412.0,1423.85,1390.0,1401.8,143604
2018-01-04,1409.95,1417.5,1392.0,1399.0,94195
2018-01-05,1400.1,1423.0,1393.0,1419.0,305612
2018-01-08,1420.0,1469.0,1420.0,1460.2,311868
2018-01-09,1480.0,1499.85,1472.55,1486.8,524029
2018-01-10,1490.0,1490.0,1438.5,1469.0,164271
2018-01-11,1469.0,1485.95,1455.1,1460.75,107845
2018-01-12,1461.0,1489.0,1454.0,1463.15,199778
2018-01-15,1467.65,1478.0,1455.0,1459.35,75476
2018-01-16,1459.9,1463.4,1429.0,1438.2,97676
2018-01-17,1438.2,1479.9,1417.0,1474.3,168643
2018-01-18,1476.95,1504.7,1443.3,1457.15,338896
2018-01-19,1464.8,1484.1,1455.05,1469.05,104438
2018-01-22,1474.4,1483.35,1456.75,1474.1,83847
2018-01-23,1474.0,1547.95,1469.1,1529.3,508483
2018-01-24,1532.2,1568.45,1461.8,1485.25,474257
2018-01-25,1484.0,1510.0,1460.1,1466.85,267615
2018-01-29,1478.05,1518.75,1455.55,1467.8,203996
2018-01-30,1479.15,1479.15,1401.75,1422.9,192953
2018-01-31,1427.0,1479.45,1410.5,1460.6,679906
2018-02-01,1474.0,1474.0,1413.75,1418.85,219765
2018-02-02,1412.0,1412.05,1285.9,1302.15,476738
2018-02-05,1290.25,1332.5,1260.0,1297.7,163563
2018-02-06,1240.0,1340.0,1220.0,1331.25,218865
2018-02-07,1345.0,1394.0,1336.2,1380.1,280235
2018-02-08,1385.2,1429.1,1385.05,1414.15,206669
2018-02-09,1397.0,1438.0,1381.15,1396.6,232769
2018-02-12,1405.0,1426.9,1397.0,1412.75,99422
2018-02-14,1430.0,1430.0,1395.4,1405.5,93201
2018-02-15,1417.45,1457.0,1395.0,1403.9,366640
2018-02-16,1418.0,1434.0,1397.5,1402.3,121552
2018-02-19,1413.0,1413.15,1370.0,1391.9,141502
2018-02-20,1391.95,1419.25,1385.0,1410.25,138640
2018-02-21,1413.0,1429.8,1392.0,1396.85,179595
2018-02-22,1396.05,1407.45,1371.1,1384.55,139541
2018-02-23,1394.0,1394.0,1353.0,1370.15,230219
2018-02-26,1380.0,1380.0,1353.3,1361.2,108127
2018-02-27,1361.2,1372.9,1321.2,1335.5,279907
2018-02-28,1321.0,1341.1,1300.0,1320.45,271427
2018-03-01,1320.0,1333.9,1301.0,1305.35,184880
2018-03-05,1302.0,1302.85,1251.3,1267.65,237757
2018-03-06,1275.0,1318.0,1265.0,1284.9,464501
2018-03-07,1285.0,1306.85,1262.55,1288.05,236658
2018-03-08,1300.0,1311.25,1285.05,1305.1,155750
2018-03-09,1307.0,1337.4,1299.0,1320.95,191661
2018-03-12,1332.0,1332.0,1301.0,1324.3,76149
2018-03-13,1328.0,1332.8,1310.6,1322.6,101729
2018-03-14,1314.0,1336.3,1305.0,1327.1,105958
2018-03-15,1321.0,1332.9,1305.0,1312.25,103703
2018-03-16,1310.1,1319.85,1286.8,1292.9,155390
2018-03-19,1300.0,1304.75,1247.65,1267.75,181903
2018-03-20,1267.75,1280.65,1251.8,1262.6,176944
2018-03-21,1262.5,1271.65,1198.25,1232.25,615089
2018-03-22,1237.9,1248.05,1220.65,1233.4,188798
2018-03-23,1212.0,1233.0,1204.95,1228.15,171560
2018-03-26,1239.0,1247.0,1190.65,1226.4,373639
2018-03-27,1239.95,1260.0,1225.35,1243.55,319369
2018-03-28,1230.0,1244.0,1209.35,1215.25,259258
2018-04-02,1238.0,1240.0,1221.35,1233.1,83452
2018-04-03,1233.0,1258.5,1220.3,1248.15,202956
2018-04-04,1248.0,1281.95,1247.85,1260.55,188059
2018-04-05,1260.55,1276.8,1230.9,1256.2,523073
2018-04-06,1268.0,1268.0,1235.1,1246.25,182142
2018-04-09,1255.0,1317.3,1244.9,1298.1,672856
2018-04-10,1308.0,1315.5,1282.75,1290.1,237338
2018-04-11,1304.35,1310.35,1270.1,1302.95,233620
2018-04-12,1304.0,1344.4,1282.4,1327.65,433557
2018-04-13,1332.0,1337.15,1310.15,1315.35,134321
2018-04-16,1314.0,1339.8,1304.0,1330.8,169847
2018-04-17,1339.75,1346.0,1326.15,1332.0,124237
2018-04-18,1330.0,1342.05,1320.6,1324.15,136908
2018-04-19,1337.95,1341.8,1321.3,1332.75,101098
2018-04-20,1344.0,1344.0,1307.3,1317.4,172607
2018-04-23,1330.0,1378.0,1310.3,1374.25,488570
2018-04-24,1375.95,1388.0,1362.6,1369.05,238094
2018-04-25,1369.0,1414.0,1366.95,1400.6,776513
2018-04-26,1406.45,1408.0,1392.3,1397.85,411768
2018-04-27,1406.0,1437.75,1400.0,1430.0,167569
2018-04-30,1449.8,1465.0,1430.95,1441.7,147031
2018-05-02,1445.0,1451.3,1375.3,1408.55,184418
2018-05-03,1410.8,1453.6,1357.1,1449.5,387005
2018-05-04,1440.0,1492.0,1413.8,1425.35,1352595
2018-05-07,1445.0,1470.0,1427.55,1434.65,220237
2018-05-08,1425.0,1435.55,1413.3,1424.3,84666
2018-05-09,1424.3,1451.0,1421.0,1437.15,140300
2018-05-10,1442.0,1469.0,1400.0,1401.55,318301
2018-05-11,1401.55,1432.0,1400.0,1417.9,176848
2018-05-14,1417.9,1428.55,1397.7,1413.8,155465
2018-05-15,1413.8,1430.0,1400.0,1415.9,110538
2018-05-16,1425.0,1428.65,1401.25,1416.45,96353
2018-05-17,1418.1,1436.3,1405.6,1411.05,82730
2018-05-18,1411.0,1422.45,1361.55,1371.1,91606
2018-05-21,1382.0,1388.2,1324.1,1336.55,126105
2018-05-22,1337.0,1376.15,1320.15,1361.9,199201
2018-05-23,1369.05,1379.9,1335.5,1345.7,73467
2018-05-24,1350.0,1361.2,1321.9,1344.3,83664
2018-05-25,1362.0,1369.9,1332.95,1343.5,90626
2018-05-28,1354.0,1364.0,1337.0,1341.55,76631
2018-05-29,1345.0,1361.0,1330.0,1343.4,91500
2018-05-30,1330.5,1335.8,1312.0,1319.85,273093
2018-05-31,1318.5,1330.0,1303.7,1322.95,351795
2018-06-01,1325.5,1328.7,1290.15,1304.05,133116
2018-06-04,1305.0,1317.7,1265.6,1278.9,244340
2018-06-05,1277.0,1313.15,1265.0,1298.05,191590
2018-06-06,1305.0,1313.15,1283.65,1307.75,194801
2018-06-07,1311.9,1345.0,1311.8,1332.15,294081
2018-06-08,1333.95,1416.85,1330.05,1407.95,986398
2018-06-11,1417.8,1418.7,1387.55,1401.2,434548
2018-06-12,1414.0,1439.0,1410.0,1426.6,444672
2018-06-13,1426.15,1440.0,1407.35,1417.8,195591
2018-06-14,1424.9,1429.0,1399.5,1421.1,431627
2018-06-15,1435.0,1463.0,1401.0,1407.7,1004804
2018-06-18,1407.0,1408.65,1351.0,1377.1,453405
2018-06-19,1355.0,1385.0,1349.55,1365.25,267115
2018-06-20,1367.9,1386.45,1355.1,1372.55,251878
2018-06-21,1368.0,1385.5,1349.1,1361.7,190315
2018-06-22,1361.7,1362.95,1344.0,1350.4,141707
2018-06-25,1341.5,1363.45,1306.85,1351.7,336341
2018-06-26,1345.0,1358.0,1338.2,1348.5,217087
2018-06-27,1347.9,1375.0,1326.2,1367.95,229670
2018-06-28,1369.85,1410.0,1335.05,1392.25,336813
2018-06-29,1401.0,1419.0,1353.65,1374.3,316273
2018-07-02,1378.0,1382.85,1352.1,1366.2,228003
2018-07-03,1362.0,1394.9,1352.35,1376.4,159516
2018-07-04,1371.9,1398.95,1370.15,1378.35,108849
2018-07-05,1379.0,1387.25,1368.0,1376.65,131782
2018-07-06,1371.5,1387.65,1365.0,1371.5,118375
2018-07-09,1384.4,1399.55,1371.0,1378.25,202862
2018-07-10,1378.25,1425.0,1366.0,1411.6,333480
2018-07-11,1412.6,1418.95,1385.0,1389.0,136354
2018-07-12,1391.05,1412.85,1387.1,1396.1,204176
2018-07-13,1401.0,1414.4,1199.7,1211.2,3607373
2018-07-16,1215.0,1234.0,1145.15,1154.15,3512073
2018-07-17,1160.0,1188.0,1149.4,1160.6,1334223
2018-07-18,1160.0,1176.55,1082.5,1106.3,1322283
2018-07-19,1109.9,1155.95,1062.8,1136.35,1730149
2018-07-20,1130.0,1178.95,1125.0,1151.05,1189823
2018-07-23,1159.65,1172.25,1145.0,1152.7,219412
2018-07-24,1150.0,1183.5,1124.95,1172.6,523724
2018-07-25,1180.0,1193.15,1122.5,1138.5,1103688
2018-07-26,1138.5,1149.15,1080.0,1119.15,752725
2018-07-27,1121.5,1130.7,1105.35,1115.3,307989
2018-07-30,1120.0,1132.0,1115.0,1128.2,292497
2018-07-31,1126.95,1130.0,1092.3,1103.4,245129
2018-08-01,1104.0,1121.0,1104.0,1115.8,268005
2018-08-02,1114.8,1116.0,1098.0,1101.55,332751
2018-08-03,1143.0,1208.0,1143.0,1177.2,2926219
2018-08-06,1181.0,1212.0,1180.0,1202.0,438414
2018-08-07,1204.0,1242.0,1187.0,1226.45,808710
2018-08-08,1277.0,1287.55,1221.0,1246.75,1789243
2018-08-09,1251.0,1290.0,1235.0,1279.45,444172
2018-08-10,1300.0,1329.5,1279.1,1316.05,1071746
2018-08-13,1324.9,1324.9,1277.2,1283.5,590552
2018-08-14,1286.0,1324.0,1286.0,1313.55,585207
2018-08-16,1300.0,1309.5,1281.7,1291.7,464283
2018-08-17,1300.0,1313.4,1287.7,1306.15,311973
2018-08-20,1305.5,1349.4,1302.55,1331.4,470132
2018-08-21,1328.0,1328.0,1301.0,1305.85,328880
2018-08-23,1306.0,1334.5,1283.15,1319.9,314590
2018-08-24,1316.0,1342.0,1301.1,1322.9,410545
2018-08-27,1327.9,1337.0,1316.0,1321.8,222774
2018-08-28,1323.45,1339.6,1318.45,1333.65,301364
2018-08-29,1335.65,1370.9,1327.0,1365.7,439218
2018-08-30,1384.25,1401.0,1347.1,1369.3,965409
2018-08-31,1367.0,1386.95,1355.75,1372.75,273455
2018-09-03,1375.0,1418.0,1367.6,1382.65,649507
2018-09-04,1390.0,1392.0,1313.15,1339.35,565194
2018-09-05,1339.5,1345.7,1289.05,1324.8,323301
2018-09-06,1325.0,1361.2,1300.65,1340.5,244469
2018-09-07,1341.1,1374.85,1330.3,1366.15,368935
2018-09-10,1359.0,1385.0,1332.1,1343.9,271327
2018-09-11,1347.0,1360.85,1338.3,1352.85,211391
2018-09-12,1358.0,1408.0,1341.6,1391.55,776984
2018-09-14,1414.0,1416.8,1370.0,1379.1,516069
2018-09-17,1399.85,1423.0,1380.0,1396.3,743619
2018-09-18,1394.95,1396.0,1333.05,1339.0,573099
2018-09-19,1345.0,1356.2,1323.25,1338.35,214014
2018-09-21,1341.0,1355.0,1285.5,1344.05,366482
2018-09-24,1357.9,1359.45,1280.3,1287.35,285156
2018-09-25,1280.1,1293.55,1226.6,1253.65,330444
2018-09-26,1260.0,1289.0,1258.05,1285.4,506604
2018-09-27,1287.0,1299.0,1245.1,1255.1,310127
2018-09-28,1270.0,1279.45,1190.0,1201.75,351195
2018-10-01,1210.0,1234.0,1164.45,1224.9,422964
2018-10-03,1225.0,1262.85,1217.9,1227.85,302185
2018-10-04,1219.95,1241.8,1190.4,1199.55,313341
2018-10-05,1204.5,1222.7,1142.65,1168.3,446167
2018-10-08,1168.0,1198.0,1098.9,1179.8,264630
2018-10-09,1189.05,1222.75,1184.4,1208.0,192894
2018-10-10,1208.0,1311.0,1207.1,1297.2,605098
2018-10-11,1238.0,1274.55,1235.45,1257.0,244404
2018-10-12,1265.1,1346.65,1265.1,1323.95,308952
2018-10-15,1335.8,1341.0,1297.05,1310.05,205041
2018-10-16,1310.05,1347.45,1300.0,1341.0,225445
2018-10-17,1357.0,1376.0,1305.0,1314.0,472705
2018-10-19,1318.0,1319.25,1261.35,1290.35,156188
2018-10-22,1310.0,1338.55,1282.4,1299.15,239897
2018-10-23,1281.0,1314.0,1276.15,1279.65,141783
2018-10-24,1293.75,1312.5,1276.3,1283.25,257332
2018-10-25,1270.0,1299.0,1226.3,1284.05,606946
2018-10-26,1283.0,1320.0,1242.0,1295.1,354640
2018-10-29,1300.15,1328.35,1287.45,1317.4,202408
2018-10-30,1325.15,1355.0,1315.0,1340.25,277397
2018-10-31,1345.0,1386.6,1317.05,1362.35,450156
2018-11-01,1364.0,1391.0,1363.0,1368.85,183291
2018-11-02,1380.0,1405.3,1375.0,1394.4,296858
2018-11-05,1394.35,1436.0,1388.15,1421.15,433388
2018-11-06,1434.0,1440.8,1397.9,1404.8,295720
2018-11-07,1405.0,1422.95,1405.0,1417.45,60482
2018-11-09,1405.0,1450.65,1355.55,1446.75,801317
2018-11-12,1428.2,1437.35,1380.0,1387.25,422237
2018-11-13,1391.0,1413.5,1390.65,1397.15,313670
2018-11-14,1418.95,1434.9,1404.0,1419.7,274468
2018-11-15,1385.0,1432.85,1385.0,1410.15,209393
2018-11-16,1418.7,1439.5,1403.5,1417.0,256676
2018-11-19,1412.15,1448.0,1412.15,1433.9,244046
2018-11-20,1430.05,1455.0,1393.25,1403.9,564365
2018-11-21,1415.15,1423.0,1386.35,1418.0,221645
2018-11-22,1410.1,1432.5,1404.6,1415.75,144868
2018-11-26,1422.0,1442.0,1416.0,1436.5,178600
2018-11-27,1436.0,1449.0,1428.0,1442.0,268005
2018-11-28,1455.95,1468.0,1442.15,1461.9,329496
2018-11-29,1493.25,1493.25,1442.0,1452.45,537882
2018-11-30,1459.9,1468.7,1428.0,1436.0,500122
2018-12-03,1450.0,1526.5,1441.05,1522.0,985913
2018-12-04,1520.05,1530.75,1480.5,1487.2,564614
2018-12-05,1485.0,1504.45,1466.6,1478.45,285054
2018-12-06,1470.5,1511.0,1458.25,1490.85,317178
2018-12-07,1500.15,1514.75,1471.75,1485.6,275697
2018-12-10,1475.0,1492.85,1460.95,1477.1,177397
2018-12-11,1474.35,1509.0,1461.0,1500.25,274310
2018-12-12,1515.0,1550.85,1506.0,1544.4,387699
2018-12-13,1560.0,1572.0,1528.7,1535.1,421937
2018-12-14,1530.0,1560.0,1520.2,1557.4,276450
2018-12-17,1555.0,1580.0,1542.35,1562.0,422094
2018-12-18,1555.0,1563.0,1529.45,1555.5,133852
2018-12-19,1563.7,1569.9,1543.1,1554.6,275529
2018-12-20,1550.1,1592.95,1524.4,1573.2,521387
2018-12-21,1580.0,1595.0,1533.1,1564.5,684626
2018-12-24,1588.0,1609.9,1536.1,1543.7,900014
2018-12-26,1538.0,1554.7,1513.85,1548.7,261487
2018-12-27,1554.9,1590.0,1535.1,1583.65,338985
2018-12-28,1590.0,1600.8,1575.35,1585.1,386565
2018-12-31,1590.0,1611.7,1586.65,1604.55,485188
2019-01-01,1600.1,1604.55,1579.15,1594.6,154865
2019-01-02,1585.35,1604.9,1577.05,1587.55,237215
2019-01-03,1590.0,1611.5,1518.0,1530.7,613132
2019-01-04,1535.5,1576.95,1501.1,1573.2,764568
2019-01-07,1583.0,1597.5,1575.45,1583.15,283601
2019-01-08,1583.15,1610.0,1576.25,1604.65,280240
2019-01-09,1602.0,1633.25,1601.6,1612.7,632162
2019-01-10,1613.0,1644.8,1605.0,1636.25,553487
2019-01-11,1642.0,1648.0,1635.0,1644.95,404115
2019-01-14,1640.1,1644.65,1626.15,1637.05,235984
2019-01-15,1641.9,1665.0,1641.25,1660.55,314783
2019-01-16,1660.55,1660.9,1640.0,1646.65,200576
2019-01-17,1646.0,1655.0,1624.9,1634.1,224438
2019-01-18,1631.5,1636.9,1611.15,1621.05,216452
2019-01-21,1615.1,1630.0,1609.1,1614.9,168269
2019-01-22,1613.0,1617.25,1590.1,1598.65,313939
2019-01-23,1601.0,1614.85,1591.2,1607.2,307882
2019-01-24,1616.0,1634.5,1577.0,1600.4,1643831
2019-01-25,1622.75,1622.75,1554.35,1561.8,451491
2019-01-28,1569.8,1584.9,1540.0,1577.2,264800
2019-01-29,1578.0,1614.9,1571.1,1607.65,243283
2019-01-30,1604.0,1614.1,1594.0,1599.95,196820
2019-01-31,1597.7,1614.0,1581.5,1605.35,175903
2019-02-01,1605.95,1645.0,1558.2,1569.6,858713
2019-02-04,1570.0,1597.75,1547.4,1577.15,228250
2019-02-05,1580.0,1607.95,1572.15,1596.95,176760
2019-02-06,1595.55,1620.0,1583.0,1593.5,137375
2019-02-07,1590.1,1598.1,1561.0,1565.25,218322
2019-02-08,1561.3,1561.3,1501.1,1510.1,431064
2019-02-11,1510.2,1520.45,1452.6,1494.95,353463
2019-02-12,1500.0,1514.85,1446.9,1454.9,252452
2019-02-13,1461.0,1481.0,1445.6,1476.15,203413
2019-02-14,1478.0,1510.6,1432.0,1489.5,344831
2019-02-15,1476.7,1502.95,1449.45,1494.0,363190
2019-02-18,1497.0,1500.0,1435.0,1443.4,222317
2019-02-19,1431.3,1507.8,1431.3,1490.75,575492
2019-02-20,1495.5,1519.0,1464.0,1472.5,594897
2019-02-21,1472.9,1494.0,1472.1,1482.25,200369
2019-02-22,1482.95,1504.85,1465.5,1491.9,276039
2019-02-25,1489.9,1504.8,1485.1,1491.65,163023
2019-02-26,1472.3,1517.45,1465.7,1509.0,349990
2019-02-27,1508.9,1545.0,1497.15,1507.7,573206
2019-02-28,1511.0,1522.0,1486.0,1502.6,242425
2019-03-01,1510.6,1524.85,1487.0,1491.2,174204
2019-03-05,1498.3,1555.0,1484.4,1523.5,269972
2019-03-06,1534.95,1539.05,1511.0,1526.3,213881
2019-03-07,1521.0,1528.65,1510.35,1519.55,130947
2019-03-08,1522.0,1554.55,1522.0,1542.4,478283
2019-03-11,1542.4,1559.8,1535.0,1542.65,237783
2019-03-12,1542.65,1636.2,1542.25,1632.55,748504
2019-03-13,1632.5,1657.95,1600.55,1620.7,649563
2019-03-14,1635.0,1645.0,1617.3,1634.8,289790
2019-03-15,1640.0,1659.0,1623.1,1631.1,328664
2019-03-18,1649.0,1700.8,1637.0,1691.3,1053030
2019-03-19,1702.0,1708.7,1682.45,1695.4,486289
2019-03-20,1688.0,1693.4,1622.1,1628.45,585179
2019-03-22,1634.4,1665.0,1601.2,1615.4,651430
2019-03-25,1605.6,1614.25,1580.0,1583.8,312885
2019-03-26,1572.0,1596.0,1551.0,1564.05,489584
2019-03-27,1582.0,1624.0,1565.0,1606.0,738814
2019-03-28,1616.0,1665.0,1610.0,1642.85,705354
2019-03-29,1642.85,1674.0,1631.3,1646.7,665870
2019-04-01,1664.95,1679.75,1644.1,1650.6,230689
2019-04-02,1664.0,1668.95,1637.55,1656.75,332978
2019-04-03,1656.0,1662.0,1635.65,1640.35,193714
2019-04-04,1640.5,1664.0,1620.6,1657.9,384609
2019-04-05,1670.0,1682.05,1655.55,1678.2,281610
2019-04-08,1678.0,1699.0,1669.7,1681.9,348832
2019-04-09,1681.4,1687.0,1655.0,1680.25,255249
2019-04-10,1680.0,1720.65,1670.0,1694.65,410044
2019-04-11,1698.9,1733.0,1683.6,1718.55,797009
2019-04-12,1718.55,1720.0,1690.75,1696.45,408161
2019-04-15,1696.5,1717.65,1694.0,1699.45,282151
2019-04-16,1700.1,1739.95,1695.3,1716.85,450635
2019-04-18,1719.7,1728.3,1660.15,1710.05,628687
2019-04-22,1708.9,1708.9,1670.1,1694.05,272916
2019-04-23,1700.0,1716.95,1664.75,1670.55,306991
2019-04-24,1679.9,1718.2,1674.95,1711.7,354233
2019-04-25,1719.6,1728.8,1703.0,1715.1,418738
2019-04-26,1728.85,1729.9,1705.0,1718.35,307866
2019-04-30,1701.75,1780.0,1696.65,1769.45,1094199
2019-05-02,1769.0,1813.0,1755.05,1805.0,947912
2019-05-03,1807.0,1815.05,1793.4,1808.1,493618
2019-05-06,1771.85,1823.95,1771.85,1802.3,840671
2019-05-07,1795.0,1802.15,1772.45,1780.1,298337
2019-05-08,1775.1,1777.45,1742.0,1748.5,369364
2019-05-09,1750.0,1769.25,1740.0,1758.45,341158
2019-05-10,1772.0,1776.0,1696.7,1715.4,792063
2019-05-13,1724.0,1749.5,1706.25,1724.0,432503
2019-05-14,1711.1,1738.4,1689.1,1726.9,350304
2019-05-15,1732.7,1750.0,1707.2,1717.0,316426
2019-05-16,1724.0,1755.95,1711.0,1739.5,234169
2019-05-17,1737.8,1800.0,1732.95,1796.65,424482
2019-05-20,1829.95,1829.95,1781.1,1806.0,297888
2019-05-21,1800.0,1825.0,1783.15,1812.05,225456
2019-05-22,1812.0,1814.8,1750.0,1756.15,304986
2019-05-23,1766.0,1785.5,1745.6,1766.85,211213
2019-05-24,1783.8,1783.8,1698.85,1708.4,501063
2019-05-27,1717.0,1740.45,1700.1,1706.55,219696
2019-05-28,1713.05,1744.6,1703.25,1713.35,284078
2019-05-29,1724.95,1724.95,1693.15,1712.45,293434
2019-05-30,1714.8,1786.0,1703.1,1774.85,484083
2019-05-31,1763.0,1793.45,1753.4,1782.65,417704
2019-06-03,1786.7,1794.75,1760.1,1787.05,227520
2019-06-04,1771.0,1807.7,1765.1,1777.05,411703
2019-06-06,1780.0,1790.8,1708.2,1730.55,387699
2019-06-07,1747.7,1759.55,1725.9,1754.1,362813
2019-06-10,1762.0,1777.0,1736.65,1764.0,256427
2019-06-11,1765.0,1765.0,1720.4,1736.9,195164
2019-06-12,1735.55,1740.0,1711.35,1722.3,170519
2019-06-13,1710.5,1730.0,1704.05,1724.75,201022
2019-06-14,1728.5,1732.55,1707.0,1710.7,134698
2019-06-17,1714.0,1714.95,1619.0,1629.4,642378
2019-06-18,1626.0,1676.15,1588.35,1651.4,680865
2019-06-19,1654.0,1688.4,1625.5,1639.15,305373
2019-06-20,1644.95,1645.8,1600.5,1640.6,233606
2019-06-21,1643.0,1643.0,1600.0,1604.65,359317
2019-06-24,1604.45,1608.9,1565.0,1601.55,281342
2019-06-25,1601.0,1633.1,1582.05,1624.15,333803
2019-06-26,1625.0,1640.6,1615.25,1634.25,212491
2019-06-27,1628.3,1645.1,1624.25,1636.7,207063
2019-06-28,1640.0,1679.0,1630.1,1674.75,311414
2019-07-01,1682.0,1702.45,1653.0,1693.05,271695
2019-07-02,1682.0,1689.95,1664.55,1680.5,199280
2019-07-03,1685.0,1699.0,1673.8,1689.75,186753
2019-07-04,1684.85,1706.0,1681.6,1691.85,307358
2019-07-05,1690.65,1715.7,1654.55,1676.65,244854
2019-07-08,1656.0,1688.55,1605.7,1618.6,290327
2019-07-09,1610.25,1669.0,1610.1,1659.6,354760
2019-07-10,1666.9,1713.0,1656.0,1700.5,539360
2019-07-11,1700.0,1741.55,1681.6,1730.65,478764
2019-07-12,1727.0,1759.95,1706.15,1747.5,495678
2019-07-15,1747.6,1749.85,1711.5,1726.2,177359
2019-07-16,1717.15,1735.0,1705.1,1727.35,174907
2019-07-17,1730.0,1784.0,1721.1,1752.45,576944
2019-07-18,1750.0,1772.75,1740.65,1748.1,224993
2019-07-19,1748.0,1748.15,1708.9,1735.55,296179
2019-07-22,1736.8,1755.0,1700.0,1743.6,268996
2019-07-23,1752.0,1804.0,1750.0,1783.8,455742
2019-07-24,1778.0,1819.0,1764.3,1805.65,470199
2019-07-25,1779.95,1800.85,1744.0,1786.5,643600
2019-07-26,1700.0,1762.0,1662.2,1708.4,2464506
2019-07-29,1720.4,1721.45,1650.0,1665.45,348419
2019-07-30,1656.9,1656.9,1566.5,1575.45,607677
2019-07-31,1569.7,1570.0,1506.1,1517.3,771332
2019-08-01,1504.0,1528.0,1468.0,1491.0,818955
2019-08-02,1474.7,1510.45,1456.0,1468.75,633553
2019-08-05,1457.0,1472.45,1425.65,1433.05,448468
2019-08-06,1431.65,1485.55,1413.55,1463.2,1454243
2019-08-07,1470.9,1495.0,1462.8,1470.35,384752
2019-08-08,1469.8,1509.15,1449.55,1497.55,368814
2019-08-09,1518.4,1522.7,1460.05,1466.25,480691
2019-08-13,1422.6,1451.95,1345.25,1404.3,1420850
2019-08-14,1405.0,1441.7,1389.0,1432.8,650897
2019-08-16,1433.1,1435.55,1365.2,1383.2,799944
2019-08-19,1390.0,1464.0,1390.0,1442.1,810599
2019-08-20,1440.05,1462.0,1425.0,1448.5,804889
2019-08-21,1446.9,1476.0,1432.75,1466.1,747991
2019-08-22,1468.1,1482.9,1444.3,1453.55,651364
2019-08-23,1449.0,1510.0,1437.4,1491.35,416243
2019-08-26,1491.5,1564.9,1483.85,1559.3,643597
2019-08-27,1560.0,1583.0,1545.05,1565.9,486488
2019-08-28,1557.1,1593.9,1544.5,1580.15,402898
2019-08-29,1574.6,1580.15,1525.25,1537.75,577563
2019-08-30,1534.0,1547.7,1504.8,1528.35,480892
2019-09-03,1520.0,1539.0,1488.0,1497.25,344925
2019-09-04,1490.1,1497.2,1458.4,1487.25,380878
2019-09-05,1485.0,1507.95,1476.05,1492.3,217489
2019-09-06,1510.0,1577.0,1509.9,1568.65,769963
2019-09-09,1567.0,1578.45,1553.5,1565.6,294013
2019-09-11,1565.55,1606.0,1544.65,1588.3,422809
2019-09-12,1580.0,1627.0,1580.0,1586.6,509815
2019-09-13,1575.1,1596.7,1558.8,1584.25,269802
2019-09-16,1570.15,1606.1,1562.05,1586.15,298605
2019-09-17,1581.25,1617.45,1570.55,1578.45,459272
2019-09-18,1588.3,1611.8,1581.2,1598.25,367922
2019-09-19,1595.0,1604.85,1565.4,1575.2,227747
2019-09-20,1579.0,1803.15,1565.2,1726.4,664572
2019-09-23,1729.8,1850.0,1720.5,1830.7,767743
2019-09-24,1839.0,1892.0,1790.0,1857.35,861319
2019-09-25,1839.05,1897.35,1810.0,1847.7,400280
2019-09-26,1845.9,1898.0,1834.6,1884.3,614555
2019-09-27,1865.5,1897.7,1855.0,1864.95,376555
2019-09-30,1859.95,1872.0,1834.0,1843.2,307253
2019-10-01,1854.7,1854.7,1780.4,1826.75,586992
2019-10-03,1827.1,1839.2,1803.45,1833.9,326448
2019-10-04,1842.0,1843.0,1764.15,1772.55,407671
2019-10-07,1774.95,1800.0,1746.3,1792.0,195560
2019-10-09,1790.1,1816.0,1782.55,1800.45,268262
2019-10-10,1800.45,1810.0,1765.0,1776.65,248852
2019-10-11,1778.0,1820.0,1778.0,1793.3,378494
2019-10-14,1802.8,1805.0,1783.3,1799.4,315065
2019-10-15,1799.7,1835.85,1790.05,1818.75,331901
2019-10-16,1828.0,1838.0,1811.8,1821.3,315200
2019-10-17,1834.65,1856.95,1806.0,1840.9,1912435
2019-10-18,1843.4,1847.0,1815.6,1827.55,693796
2019-10-22,1829.0,1857.3,1783.0,1801.8,381460
2019-10-23,1785.0,1785.0,1748.2,1772.0,386883
2019-10-24,1795.0,1858.15,1790.45,1799.8,638596
2019-10-25,1802.0,1809.9,1772.0,1782.6,265479
2019-10-27,1789.95,1791.85,1750.0,1766.45,47931
2019-10-29,1765.0,1806.9,1755.0,1790.3,350251
2019-10-30,1780.0,1804.1,1762.15,1799.25,515251
2019-10-31,1808.85,1825.0,1773.25,1777.0,314231
2019-11-01,1754.72,1776.11,1741.91,1748.29,233031
2019-11-04,1759.14,1759.14,1694.61,1708.2,415234
2019-11-05,1708.55,1736.91,1663.41,1730.38,897297
2019-11-06,1771.0,1777.0,1750.0,1753.8,240731
2019-11-07,1769.45,1769.45,1746.4,1758.35,132772
2019-11-08,1743.65,1784.75,1743.65,1759.5,215429
2019-11-11,1759.5,1783.0,1748.85,1777.0,180158
2019-11-13,1771.7,1771.7,1728.0,1735.0,313684
2019-11-14,1731.55,1752.7,1717.7,1750.05,217172
2019-11-15,1760.0,1769.0,1730.0,1739.5,182799
2019-11-18,1735.6,1750.2,1711.1,1734.2,158580
2019-11-19,1740.0,1773.5,1734.9,1741.6,211073
2019-11-20,1750.0,1774.3,1730.3,1769.1,192777
2019-11-21,1778.35,1810.0,1762.5,1797.0,569621
2019-11-22,1797.55,1825.0,1777.9,1786.55,680602
2019-11-25,1786.3,1801.9,1782.0,1789.95,173782
2019-11-26,1797.85,1797.85,1748.7,1755.05,250832
2019-11-27,1755.05,1776.0,1752.2,1773.15,196058
2019-11-28,1773.05,1792.0,1758.8,1788.95,163825
2019-11-29,1789.4,1829.0,1775.25,1811.5,1507968
2019-12-02,1814.8,1837.3,1800.75,1811.5,652717
2019-12-03,1818.0,1827.85,1796.05,1804.25,318948
2019-12-04,1805.0,1814.0,1768.45,1784.95,263848
2019-12-05,1784.95,1808.0,1770.35,1802.05,298840
2019-12-06,1805.75,1814.35,1711.0,1754.4,411710
2019-12-09,1754.6,1764.05,1713.8,1737.15,304112
2019-12-10,1737.15,1758.2,1727.8,1751.8,498361
2019-12-11,1740.0,1750.95,1723.0,1736.3,266037
2019-12-12,1736.05,1742.0,1724.0,1731.9,159618
2019-12-13,1736.2,1762.0,1736.2,1752.2,225603
2019-12-16,1753.2,1776.8,1752.6,1758.65,228366
2019-12-17,1758.65,1800.45,1750.0,1793.6,329346
2019-12-18,1795.0,1830.95,1793.35,1823.45,541397
2019-12-19,1823.65,1851.0,1794.0,1837.4,487332
2019-12-20,1830.0,1847.55,1820.1,1832.8,383072
2019-12-23,1821.65,1839.8,1812.3,1826.65,227337
2019-12-24,1829.7,1837.85,1801.7,1808.8,170704
2019-12-26,1808.95,1832.0,1808.95,1821.4,283034
2019-12-27,1832.75,1889.7,1821.2,1883.6,992075
2019-12-30,1883.6,1924.0,1883.0,1903.5,992074
2019-12-31,1900.8,1914.9,1890.0,1898.4,411200
2020-01-01,1907.0,1910.25,1881.1,1900.0,297304
2020-01-02,1900.0,1913.95,1871.25,1879.35,668647
2020-01-03,1875.0,1884.85,1862.7,1875.15,253822
2020-01-06,1875.0,1887.45,1850.1,1857.0,213477
2020-01-07,1859.0,1888.95,1855.7,1867.15,312508
2020-01-08,1860.0,1868.65,1833.8,1863.6,255105
2020-01-09,1875.0,1910.05,1871.25,1901.55,409561
2020-01-10,1913.4,1916.75,1894.0,1905.7,329620
2020-01-13,1907.0,1921.8,1873.1,1883.65,317739
2020-01-14,1870.0,1906.0,1866.15,1892.65,349578
2020-01-15,1890.0,1935.95,1878.75,1930.2,488653
2020-01-16,1930.95,1946.55,1906.8,1914.7,383453
2020-01-17,1910.0,1922.6,1867.3,1913.15,215016
2020-01-20,1915.15,1939.0,1906.15,1920.5,294659
2020-01-21,1923.0,1959.0,1920.35,1937.65,679631
2020-01-22,1947.0,1947.0,1906.0,1918.3,235536
2020-01-23,1909.0,1953.0,1887.0,1899.9,1699593
2020-01-24,1892.1,1974.2,1875.0,1959.25,959326
2020-01-27,1950.8,1987.9,1950.6,1963.2,410958
2020-01-28,1964.7,1970.0,1920.1,1933.05,267628
2020-01-29,1941.0,1965.0,1934.0,1958.55,160807
2020-01-30,1958.55,1994.1,1941.1,1973.05,381582
2020-01-31,1978.0,1987.15,1940.7,1956.85,227199
2020-02-01,1955.55,1979.95,1908.7,1917.75,220055
2020-02-03,1912.95,1992.8,1910.15,1985.5,258940
2020-02-04,1985.0,2008.0,1974.05,1997.15,269052
2020-02-05,1994.0,2058.8,1987.15,2053.35,457729
2020-02-06,2051.0,2067.1,2034.0,2052.35,223098
2020-02-07,2042.35,2076.65,2042.35,2056.4,339942
2020-02-10,2003.0,2069.45,2003.0,2047.05,190836
2020-02-11,2054.8,2058.2,2022.55,2043.65,217220
2020-02-12,2044.1,2079.0,2033.65,2064.95,283572
2020-02-13,2068.7,2077.55,2036.4,2072.05,196633
2020-02-14,2082.0,2095.9,2064.4,2075.8,326606
2020-02-17,2076.0,2098.0,2067.5,2089.75,187703
2020-02-18,2098.65,2098.65,2051.9,2086.5,140563
2020-02-19,2088.15,2119.3,2087.45,2112.8,310296
2020-02-20,2112.0,2121.4,2061.0,2071.15,241237
2020-02-24,2071.8,2073.9,2028.8,2045.35,196646
2020-02-25,2045.35,2125.0,2023.5,2033.8,189507
2020-02-26,2025.0,2040.0,1993.7,2015.6,289698
2020-02-27,1997.0,2009.75,1932.5,1972.45,905212
2020-02-28,1919.9,1939.0,1828.0,1907.4,935799
2020-03-02,1940.0,1962.4,1652.3,1724.2,1087385
2020-03-03,1740.0,1818.0,1692.4,1736.75,2468152
2020-03-04,1745.05,1761.2,1602.6,1662.05,2276021
2020-03-05,1690.0,1752.15,1638.0,1706.55,1872271
2020-03-06,1595.25,1662.65,1595.0,1631.2,871129
2020-03-09,1595.0,1599.35,1531.3,1557.2,1122362
2020-03-11,1545.0,1548.6,1465.05,1530.95,1254568
2020-03-12,1425.15,1445.15,1336.1,1355.35,1405509
2020-03-13,1219.85,1336.95,1155.65,1306.25,1659207
2020-03-16,1175.65,1499.0,1045.05,1339.1,4075683
2020-03-17,1251.0,1370.0,1160.3,1308.35,2887422
2020-03-18,1250.0,1318.05,1140.0,1162.0,1839532
2020-03-19,1050.0,1242.0,1048.55,1197.65,1766694
2020-03-20,1170.0,1377.0,1161.9,1310.25,1451985
2020-03-23,1179.25,1298.45,1153.35,1214.1,1706827
2020-03-24,1200.0,1410.7,1125.0,1367.6,1751430
2020-03-25,1343.0,1380.0,1258.05,1322.65,1234077
2020-03-26,1340.0,1449.65,1256.05,1273.4,1152340
2020-03-27,1276.0,1368.1,1232.7,1257.2,936735
2020-03-30,1244.0,1270.0,1162.0,1186.9,528679
2020-03-31,1198.9,1234.0,1165.1,1183.8,531062
2020-04-01,1193.0,1193.0,1040.0,1054.0,1560225
2020-04-03,1055.0,1069.95,952.0,1007.0,1587605
2020-04-07,1032.0,1049.95,932.0,1003.5,1855781
2020-04-08,960.5,1057.65,953.0,1001.5,2058853
2020-04-09,1005.0,1099.0,982.4,1048.0,2018047
2020-04-13,1020.0,1025.0,985.0,1004.9,1514566
2020-04-15,975.1,1105.35,975.0,1077.95,2267773
2020-04-16,1037.0,1185.7,1030.0,1165.8,2230729
2020-04-17,1185.85,1262.05,1185.85,1227.2,2215826
2020-04-20,1230.0,1230.0,1105.0,1123.2,1895752
2020-04-21,1081.0,1087.85,1006.0,1028.8,1893688
2020-04-22,1010.7,1020.0,980.0,992.15,1584518
2020-04-23,1003.0,1017.0,970.0,972.85,1714303
2020-04-24,973.0,989.4,950.0,954.6,1458234
2020-04-27,974.0,985.0,923.75,964.0,2645624
2020-04-28,966.9,984.0,956.0,980.55,946496
2020-04-29,980.0,1039.0,958.45,1009.3,2324999
2020-04-30,1030.0,1059.95,1000.55,1012.85,1644235
2020-05-04,974.0,977.95,944.0,959.55,1535897
2020-05-05,960.0,965.0,905.0,913.45,2768818
2020-05-06,901.0,938.0,867.35,895.3,2146193
2020-05-07,880.0,937.0,872.3,912.05,3062332
2020-05-08,919.8,928.9,889.0,893.9,1229886
2020-05-11,899.5,920.0,893.35,902.6,932673
2020-05-12,895.0,914.95,875.25,909.15,1227844
2020-05-13,927.0,931.65,886.0,921.2,2421740
2020-05-14,910.0,914.0,885.0,887.6,1025739
2020-05-15,890.0,890.0,835.2,853.25,3689150
2020-05-18,830.1,839.9,735.0,745.85,5611462
2020-05-19,749.0,820.4,718.3,804.45,8059439
2020-05-20,786.6,875.0,774.0,855.65,6574026
2020-05-21,846.0,892.0,835.7,879.6,4347034
2020-05-22,869.95,890.0,840.25,849.75,3053282
2020-05-26,855.1,868.95,841.0,851.45,1480684
2020-05-27,847.0,874.0,818.6,861.25,3028144
2020-05-28,864.0,892.0,862.0,884.05,1908831
2020-05-29,869.0,909.6,862.2,901.9,1824451
2020-06-01,905.3,986.0,905.3,961.3,4398126
2020-06-02,980.0,980.0,953.2,971.3,1999376
2020-06-03,980.0,1046.25,979.05,1002.9,3885255
2020-06-04,990.0,1090.0,985.95,1069.15,3813113
2020-06-05,1085.05,1282.95,1085.0,1242.2,9756284
2020-06-08,1300.0,1303.0,1130.0,1161.15,9978042
2020-06-09,1115.0,1161.15,1064.3,1087.45,7779316
2020-06-10,1070.0,1074.95,988.0,1004.5,8182797
2020-06-11,975.0,1078.05,940.0,1055.05,10912860
2020-06-12,972.2,1052.5,972.2,1029.85,4489241
2020-06-15,1025.0,1050.0,999.0,1010.6,2892149
2020-06-16,1040.0,1048.0,975.0,989.75,2856339
2020-06-17,988.8,1011.7,975.0,1000.4,2930557
2020-06-18,993.95,1028.4,988.7,1006.3,1328709
2020-06-19,1008.0,1028.35,1008.0,1016.7,1301788
2020-06-22,1024.0,1059.9,1014.2,1044.95,2319374
2020-06-23,1060.0,1082.0,1036.25,1065.3,1925687
2020-06-24,1079.15,1123.1,1038.65,1056.25,3129808
2020-06-25,1030.0,1070.25,1028.0,1062.85,1763746
2020-06-26,1070.0,1081.6,1014.0,1026.7,2234132
2020-06-29,1015.0,1036.0,996.1,1023.85,1685703
2020-06-30,993.0,1015.0,992.0,1001.7,2335612
2020-07-01,1000.0,1007.0,985.2,1001.75,1622883
2020-07-02,1010.0,1027.45,1004.05,1015.25,929701
2020-07-03,1023.0,1036.7,1016.2,1032.7,1025884
2020-07-06,1037.0,1047.0,1026.05,1043.8,1070303
2020-07-07,1046.0,1084.0,1032.0,1072.5,2030345
2020-07-08,1074.8,1083.3,1056.0,1060.35,1208009
2020-07-09,1060.5,1067.45,1038.05,1042.65,769950
2020-07-10,1023.9,1054.0,1023.4,1047.1,1046670
2020-07-13,1051.0,1063.2,1041.65,1051.65,613298
2020-07-14,1040.0,1045.0,1002.35,1026.8,1345950
2020-07-15,1043.0,1058.95,1032.0,1045.8,838226
2020-07-16,1045.0,1056.0,1019.0,1046.8,752418
2020-07-17,1045.0,1049.0,1027.75,1037.15,754609
2020-07-20,1038.0,1064.25,1031.0,1034.1,945413
2020-07-21,1041.3,1050.0,1021.1,1040.15,967204
2020-07-22,1040.7,1117.85,1021.1,1108.05,4090876
2020-07-23,1100.0,1146.35,1095.0,1108.65,2616435
2020-07-24,1086.2,1113.0,1070.0,1102.95,1912110
2020-07-27,1129.8,1172.0,1113.6,1129.3,4766351
2020-07-28,1133.0,1151.0,1099.45,1127.6,1763732
2020-07-29,1137.0,1165.7,1125.55,1136.7,2149039
2020-07-30,1024.0,1105.95,1024.0,1083.25,3176305
2020-07-31,1080.0,1095.0,1060.7,1084.55,955389
2020-08-03,1082.0,1102.5,1072.2,1088.55,787393
2020-08-04,1089.0,1102.0,1065.0,1095.15,1062214
2020-08-05,1100.0,1152.0,1091.4,1139.45,1913353
2020-08-06,1139.45,1145.0,1121.4,1128.5,896683
2020-08-07,1128.5,1136.9,1120.0,1127.85,498873
2020-08-10,1133.4,1144.0,1116.55,1126.35,519661
2020-08-11,1135.0,1138.0,1118.45,1122.4,634033
2020-08-12,1126.65,1228.65,1110.5,1195.25,5427435
2020-08-13,1200.0,1269.85,1195.25,1254.35,4113522
2020-08-14,1260.0,1288.35,1216.7,1243.05,2924981
2020-08-17,1247.5,1272.0,1220.3,1234.5,1476369
2020-08-18,1240.0,1272.0,1217.5,1259.85,2127842
2020-08-19,1280.0,1346.3,1266.2,1333.1,4488769
2020-08-20,1325.0,1366.7,1295.85,1347.45,3180344
2020-08-21,1360.05,1374.15,1301.1,1309.65,3310130
2020-08-24,1325.0,1334.85,1305.0,1314.15,1674998
2020-08-25,1305.0,1329.6,1290.0,1322.15,1863395
2020-08-26,1322.0,1344.25,1315.1,1322.65,1484412
2020-08-27,1331.4,1356.0,1325.0,1335.7,1447185
2020-08-28,1346.0,1469.25,1340.9,1445.55,4303532
2020-08-31,1359.0,1399.0,1301.0,1311.55,4092336
2020-09-01,1321.55,1438.7,1315.05,1402.65,4000669
2020-09-02,1390.0,1407.4,1363.4,1402.3,1909180
2020-09-03,1390.0,1429.0,1376.05,1388.05,1907361
2020-09-04,1365.0,1444.5,1350.0,1386.85,3559820
2020-09-07,1400.0,1406.8,1341.2,1354.2,1972594
2020-09-08,1355.0,1358.85,1266.6,1277.85,2600107
2020-09-09,1273.0,1321.45,1256.2,1295.75,4461307
2020-09-10,1313.25,1323.9,1273.7,1292.1,1433491
2020-09-11,1293.85,1293.85,1240.7,1254.8,2611148
2020-09-14,1265.0,1320.0,1261.4,1309.6,2958992
2020-09-15,1300.0,1329.0,1257.85,1264.75,4279634
2020-09-16,1272.0,1284.9,1236.25,1248.25,2141450
2020-09-17,1252.0,1263.0,1213.8,1222.3,2477282
2020-09-18,1233.4,1242.0,1200.0,1203.9,2224536
2020-09-21,1205.0,1212.0,1103.7,1115.8,3066073
2020-09-22,1116.0,1140.2,1051.85,1127.15,3993884
2020-09-23,1135.0,1143.2,1093.05,1116.4,2039813
2020-09-24,1091.0,1101.8,1055.0,1061.7,1505131
2020-09-25,1062.0,1112.2,1055.6,1100.95,2194901
2020-09-28,1163.35,1249.0,1145.0,1233.65,8515395
2020-09-29,1240.0,1251.85,1182.05,1198.0,3328807
2020-09-30,1205.0,1249.0,1190.5,1213.2,3717827
2020-10-01,1334.5,1395.15,1282.35,1300.5,11077443
2020-10-05,1318.0,1346.8,1266.0,1274.05,4546044
2020-10-06,1280.0,1299.0,1245.05,1273.4,2373350
2020-10-07,1278.0,1286.95,1248.0,1263.5,1424434
2020-10-08,1276.7,1284.8,1248.15,1255.05,1556502
2020-10-09,1265.0,1277.0,1256.0,1268.4,1310033
2020-10-12,1290.0,1290.0,1242.5,1251.2,1521430
2020-10-13,1255.95,1255.95,1225.75,1242.55,1322912
2020-10-14,1235.0,1273.75,1225.0,1245.6,1996406
2020-10-15,1258.9,1268.95,1189.6,1204.45,1480163
2020-10-16,1204.45,1210.9,1159.0,1181.35,1752565
2020-10-19,1187.0,1187.0,1152.0,1162.9,900917
2020-10-20,1145.0,1224.0,1128.8,1207.1,1824445
2020-10-21,1214.0,1231.15,1184.05,1206.65,1580014
2020-10-22,1189.3,1203.9,1170.0,1178.35,1201386
2020-10-23,1173.9,1189.9,1162.0,1181.4,862601
2020-10-26,1173.0,1189.45,1130.0,1137.95,1789152
2020-10-27,1136.1,1146.65,1087.8,1093.2,1553566
2020-10-28,1094.0,1114.55,1073.6,1083.9,1844526
2020-10-29,1063.25,1075.5,1049.15,1064.35,1687830
2020-10-30,1064.35,1087.85,1045.0,1068.5,1648274
2020-11-02,1077.9,1122.0,1067.55,1105.45,1385554
2020-11-03,1112.8,1121.7,1090.7,1101.65,1434789
2020-11-04,1149.5,1189.8,1107.0,1115.95,5743862
2020-11-05,1160.0,1227.5,1141.3,1219.05,6914844
2020-11-06,1230.0,1234.0,1188.0,1215.45,3565720
2020-11-09,1215.0,1240.0,1200.3,1235.3,1866823
2020-11-10,1300.0,1334.0,1284.9,1307.05,4995017
2020-11-11,1300.0,1316.8,1266.1,1279.75,1717100
2020-11-12,1271.0,1299.0,1258.0,1283.6,1485408
2020-11-13,1262.05,1320.0,1260.0,1301.95,1794226
2020-11-14,1316.0,1316.0,1290.1,1297.9,180329
2020-11-17,1305.0,1330.0,1288.95,1301.5,1465413
2020-11-18,1290.25,1313.7,1275.55,1298.5,1403316
2020-11-19,1290.0,1310.0,1275.0,1287.1,991181
2020-11-20,1289.0,1301.25,1212.2,1228.45,2134642
2020-11-23,1228.0,1288.6,1213.45,1276.3,2410341
2020-11-24,1280.0,1295.0,1268.15,1282.35,1312440
2020-11-25,1285.0,1342.9,1285.0,1307.35,3360530
2020-11-26,1315.0,1328.85,1281.05,1311.85,1511368
2020-11-27,1312.8,1325.95,1300.0,1306.1,1000635
2020-12-01,1314.0,1331.4,1294.6,1322.15,1207021
2020-12-02,1329.0,1351.5,1309.15,1330.65,1367657
2020-12-03,1339.0,1360.0,1332.05,1345.85,1115257
2020-12-04,1350.0,1357.6,1315.8,1338.55,1245622
2020-12-07,1339.95,1359.0,1339.0,1346.55,912512
2020-12-08,1349.0,1404.9,1335.0,1387.2,2412799
2020-12-09,1394.95,1505.0,1391.0,1488.1,6549829
2020-12-10,1488.0,1496.1,1442.75,1473.55,2001077
2020-12-11,1486.9,1507.65,1455.05,1463.1,1399801
2020-12-14,1475.0,1481.85,1447.1,1473.1,981767
2020-12-15,1468.95,1475.95,1433.5,1443.05,833658
2020-12-16,1459.25,1466.85,1416.2,1426.25,1183573
2020-12-17,1427.0,1456.0,1393.1,1405.4,1363593
2020-12-18,1415.0,1441.0,1385.25,1433.65,1792805
2020-12-21,1438.8,1441.15,1290.3,1335.95,2023214
2020-12-22,1300.0,1323.2,1212.15,1256.15,4200792
2020-12-23,1258.8,1319.9,1245.0,1311.75,2156823
2020-12-24,1322.7,1340.0,1260.0,1279.8,1896425
2020-12-28,1293.95,1323.95,1286.55,1310.4,1419608
2020-12-29,1321.0,1329.85,1288.5,1298.0,1335111
2020-12-30,1303.9,1318.35,1286.0,1290.0,891060
2020-12-31,1298.0,1324.0,1293.6,1320.2,1641773
2021-01-01,1324.0,1349.0,1323.0,1340.35,1440059
2021-01-04,1380.0,1405.0,1330.0,1399.0,3243306
2021-01-05,1391.9,1429.75,1370.0,1416.7,2464606
2021-01-06,1426.0,1467.9,1418.35,1438.1,2653676
2021-01-07,1415.0,1451.4,1407.5,1434.0,1856080
2021-01-08,1455.0,1471.3,1441.05,1455.0,1179674
2021-01-11,1465.0,1494.9,1437.65,1452.8,1649471
2021-01-12,1459.0,1469.95,1442.15,1452.45,946879
2021-01-13,1467.0,1499.6,1436.0,1455.05,2050579
2021-01-14,1466.25,1473.95,1420.95,1436.65,1034417
2021-01-15,1431.0,1486.0,1426.0,1474.6,2555661
2021-01-18,1468.0,1516.55,1424.15,1499.4,3330996
2021-01-19,1513.0,1542.8,1510.0,1519.3,1906023
2021-01-20,1522.0,1573.0,1522.0,1564.95,2015212
2021-01-21,1575.0,1591.9,1525.05,1545.85,1109695
2021-01-22,1545.85,1579.9,1510.35,1519.65,1559345
2021-01-25,1540.0,1547.0,1455.9,1462.8,1703942
2021-01-27,1468.5,1493.95,1462.5,1478.35,1301320
2021-01-28,1480.0,1523.95,1438.35,1449.1,3583191
2021-01-29,1470.0,1487.95,1410.0,1418.55,1090858
2021-02-01,1464.9,1536.55,1437.0,1521.85,3031679
2021-02-02,1539.0,1573.8,1521.85,1552.95,1985985
2021-02-03,1580.0,1580.0,1498.0,1506.15,4020535
2021-02-04,1519.0,1520.0,1483.0,1494.7,1840989
2021-02-05,1510.0,1519.9,1476.0,1499.45,1243150
2021-02-08,1510.0,1534.0,1498.0,1519.7,1059361
2021-02-09,1529.0,1530.0,1496.0,1501.25,1405077
2021-02-10,1514.5,1524.75,1490.0,1498.8,949058
2021-02-11,1493.0,1509.0,1487.2,1498.1,504581
2021-02-12,1498.1,1522.0,1491.4,1497.3,764848
2021-02-15,1511.0,1511.0,1459.0,1471.65,1423173
2021-02-16,1480.0,1494.0,1462.0,1480.1,1426972
2021-02-17,1479.0,1518.9,1470.5,1498.5,1279237
2021-02-18,1498.5,1508.95,1481.2,1487.3,676304
2021-02-19,1487.5,1520.0,1454.85,1476.75,1377832
2021-02-22,1446.0,1458.4,1369.0,1382.3,2517398
2021-02-23,1375.0,1398.0,1352.3,1374.4,1603050
2021-02-24,1375.0,1410.8,1362.2,1393.25,692569
2021-02-25,1416.95,1424.9,1385.1,1413.5,1224545
2021-02-26,1371.0,1406.9,1321.0,1363.15,2086618
2021-03-01,1368.15,1386.9,1348.5,1369.85,785728
2021-03-02,1380.0,1402.2,1365.0,1389.8,904779
2021-03-03,1403.0,1435.85,1400.1,1417.65,1748773
2021-03-04,1410.0,1501.95,1393.9,1470.3,2267515
2021-03-05,1469.0,1489.9,1440.2,1452.7,953436
2021-03-08,1473.0,1486.95,1442.3,1452.15,1034594
2021-03-09,1465.0,1467.7,1405.0,1409.4,1033481
2021-03-10,1418.2,1450.95,1416.05,1442.9,638121
2021-03-12,1442.0,1463.7,1412.35,1418.35,692911
2021-03-15,1421.0,1421.95,1370.35,1394.25,1012526
2021-03-16,1362.0,1430.0,1352.2,1422.15,1949881
2021-03-17,1415.0,1426.55,1400.0,1418.05,605892
2021-03-18,1412.0,1426.5,1383.0,1398.25,730383
2021-03-19,1374.0,1387.85,1305.0,1367.6,2339760
2021-03-22,1327.0,1351.05,1321.0,1328.8,1367515
2021-03-23,1328.5,1337.3,1311.3,1320.05,862001
2021-03-24,1317.0,1332.9,1290.0,1293.3,1238269
2021-03-25,1275.0,1284.8,1234.75,1239.2,1844930
2021-03-26,1232.0,1247.8,1215.95,1219.75,2262514
2021-03-30,1199.5,1310.7,1193.85,1246.85,2323331
2021-03-31,1240.0,1240.0,1208.0,1226.15,1106129
2021-04-01,1226.15,1247.0,1212.5,1238.05,802861
2021-04-05,1170.0,1195.95,1130.1,1178.15,3402756
2021-04-06,1170.0,1170.0,1125.3,1128.3,2291263
2021-04-07,1110.2,1152.3,1101.55,1141.05,2243241
2021-04-08,1139.0,1163.6,1128.2,1142.55,1467441
2021-04-09,1130.0,1153.5,1123.55,1148.7,1218736
2021-04-12,1102.0,1116.9,1051.75,1087.35,2716941
2021-04-13,1070.0,1097.0,1058.0,1085.85,1776318
2021-04-15,1061.0,1077.65,1050.5,1061.85,1852725
2021-04-16,1053.95,1068.85,1030.3,1051.65,1950171
2021-04-19,990.0,1023.0,988.35,1009.65,2315639
2021-04-20,1025.05,1110.6,1021.05,1077.05,3133706
2021-04-22,1035.0,1101.8,1035.0,1090.65,1647969
2021-04-23,1062.0,1163.9,1062.0,1145.25,3045833
2021-04-26,1166.0,1180.0,1133.3,1157.3,2576538
2021-04-27,1154.45,1194.65,1150.5,1189.0,1267060
2021-04-28,1187.0,1214.85,1179.9,1207.8,1259132
2021-04-29,1206.0,1218.0,1182.0,1188.85,886223
2021-04-30,1170.0,1185.0,1130.0,1136.4,1077692
2021-05-03,1101.35,1148.05,1099.55,1137.2,1443436
2021-05-04,1145.1,1152.3,1106.25,1112.2,1263978
2021-05-05,1127.9,1127.9,1092.0,1110.9,1134250
2021-05-06,1122.7,1142.85,1098.0,1138.05,1024070
2021-05-07,1137.0,1161.75,1135.45,1155.2,701148
2021-05-10,1163.0,1179.0,1150.0,1153.2,923267
2021-05-11,1145.0,1166.95,1138.8,1163.55,683508
2021-05-12,1164.0,1200.75,1160.05,1182.3,1130178
2021-05-14,1182.7,1196.0,1155.0,1162.3,812580
2021-05-17,1172.0,1179.45,1152.05,1157.05,1149177
2021-05-18,1181.4,1230.0,1172.95,1194.45,2227408
2021-05-19,1200.0,1212.0,1181.3,1201.45,729584
2021-05-20,1201.45,1211.0,1188.0,1204.9,455231
2021-05-21,1220.0,1257.0,1211.5,1247.15,2136757
2021-05-24,1260.0,1261.7,1238.55,1244.55,620564
2021-05-25,1252.0,1295.0,1246.0,1287.3,1833673
2021-05-26,1297.0,1309.0,1261.25,1265.65,1582393
2021-05-27,1274.0,1293.65,1256.8,1288.3,748648
2021-05-28,1292.0,1308.2,1277.3,1301.15,675151
2021-05-31,1300.7,1319.0,1286.4,1310.1,792583
2021-06-01,1314.5,1329.0,1304.35,1307.35,956846
2021-06-02,1315.0,1337.65,1285.1,1320.85,1424114
2021-06-03,1324.95,1365.0,1320.85,1354.1,2045591
2021-06-04,1362.0,1398.0,1343.0,1385.75,1223117
2021-06-07,1409.0,1444.7,1390.0,1431.05,1678759
2021-06-08,1444.3,1453.0,1425.6,1436.65,661257
2021-06-09,1445.0,1462.0,1422.55,1432.6,888674
2021-06-10,1440.0,1449.0,1434.0,1440.8,303700
2021-06-11,1447.5,1458.9,1428.0,1439.3,522293
2021-06-14,1435.0,1444.0,1412.5,1437.35,341420
2021-06-15,1440.0,1459.95,1435.0,1454.7,624478
2021-06-16,1459.0,1465.0,1436.4,1440.65,399876
2021-06-17,1430.0,1446.0,1417.5,1421.85,311879
2021-06-18,1425.0,1433.0,1362.2,1417.95,829353
2021-06-21,1390.0,1410.0,1375.7,1379.3,510552
2021-06-22,1390.0,1431.0,1387.85,1407.95,741481
2021-06-23,1414.0,1430.0,1397.0,1416.95,388516
2021-06-24,1425.0,1429.0,1379.85,1387.25,427576
2021-06-25,1394.0,1422.0,1378.5,1387.05,470743
2021-06-28,1384.0,1390.9,1361.0,1374.35,494086
2021-06-29,1374.0,1377.0,1345.55,1353.85,346141
2021-06-30,1353.0,1365.0,1331.05,1334.65,304594
2021-07-01,1340.0,1343.65,1318.1,1330.1,297126
2021-07-02,1333.9,1359.9,1330.1,1354.5,295404
2021-07-05,1366.0,1368.95,1338.75,1358.75,350018
2021-07-06,1358.75,1440.0,1356.05,1417.1,1857347
2021-07-07,1410.5,1422.4,1389.0,1394.65,395616
2021-07-08,1386.55,1394.65,1353.0,1360.05,478189
2021-07-09,1350.0,1387.6,1343.95,1377.65,425692
2021-07-12,1383.95,1384.4,1363.0,1369.05,267652
2021-07-13,1370.1,1379.2,1355.0,1363.95,348849
2021-07-14,1364.65,1408.0,1360.25,1390.85,580415
2021-07-15,1386.0,1394.85,1361.05,1368.35,314150
2021-07-16,1368.35,1377.9,1363.0,1368.8,170867
2021-07-19,1364.0,1367.1,1337.55,1347.9,240825
2021-07-20,1332.3,1346.0,1296.0,1300.05,677505
2021-07-22,1309.0,1350.0,1307.05,1344.4,619890
2021-07-23,1344.4,1346.0,1315.6,1318.1,311707
2021-07-26,1350.0,1410.0,1325.0,1329.95,2519105
2021-07-27,1339.0,1378.05,1330.25,1359.2,1164364
2021-07-28,1364.4,1372.3,1331.0,1335.9,452815
2021-07-29,1339.9,1383.0,1318.15,1361.3,1019405
2021-07-30,1388.9,1405.0,1363.05,1400.2,1960842
2021-08-02,1418.8,1439.55,1390.5,1417.85,1521573
2021-08-03,1399.0,1400.95,1362.55,1366.4,932624
2021-08-04,1372.1,1394.4,1361.05,1373.85,682864
2021-08-05,1371.0,1387.0,1336.6,1342.8,748859
2021-08-06,1343.0,1356.95,1330.75,1336.35,376002
2021-08-09,1349.4,1416.35,1345.05,1403.0,2828316
2021-08-10,1393.0,1425.0,1388.75,1418.25,936885
2021-08-11,1436.0,1438.4,1356.05,1390.55,1236917
2021-08-12,1375.0,1431.0,1370.0,1408.9,1120776
2021-08-13,1405.0,1445.0,1397.1,1412.25,1150931
2021-08-16,1419.0,1434.7,1396.2,1401.65,575047
2021-08-17,1401.3,1417.95,1368.85,1393.5,549235
2021-08-18,1389.9,1407.7,1377.0,1388.4,495403
2021-08-20,1388.1,1388.1,1318.55,1325.45,641014
2021-08-23,1340.0,1348.65,1303.5,1310.35,535771
2021-08-24,1315.0,1330.0,1287.35,1324.15,642404
2021-08-25,1324.25,1339.0,1312.5,1319.35,478607
2021-08-26,1310.0,1326.3,1295.0,1300.1,386027
2021-08-27,1310.05,1336.0,1280.7,1324.35,1128772
2021-08-30,1324.55,1349.8,1321.0,1334.8,767275
2021-08-31,1334.0,1350.0,1316.0,1327.95,435723
2021-09-01,1335.95,1345.0,1318.55,1336.05,618536
2021-09-02,1345.0,1345.0,1326.0,1335.45,382021
2021-09-03,1335.45,1349.0,1327.0,1338.95,514635
2021-09-06,1340.1,1399.0,1340.1,1377.0,2395588
2021-09-07,1389.0,1390.0,1352.0,1360.55,742287
2021-09-08,1365.0,1387.0,1340.45,1353.3,638732
2021-09-09,1353.6,1388.7,1345.0,1382.0,603263
2021-09-13,1386.5,1409.9,1370.25,1394.25,1226997
2021-09-14,1395.0,1418.0,1393.5,1407.35,774630
2021-09-15,1412.0,1423.0,1401.0,1411.5,496898
2021-09-16,1415.0,1427.0,1403.0,1407.5,343534
2021-09-17,1417.0,1417.0,1375.9,1392.0,406935
2021-09-20,1392.0,1487.0,1382.05,1423.8,3491050
2021-09-21,1423.0,1518.0,1405.0,1508.5,3633517
2021-09-22,1518.9,1632.0,1499.7,1568.35,4153658
2021-09-23,1582.5,1610.95,1552.3,1569.4,1473227
2021-09-24,1559.0,1559.0,1495.15,1510.9,1310667
2021-09-27,1661.95,1661.95,1575.4,1598.35,5200403
2021-09-28,1598.0,1611.0,1548.0,1599.4,1498690
2021-09-29,1590.0,1648.0,1577.05,1612.5,2081846
2021-09-30,1619.0,1628.7,1586.0,1599.35,786949
2021-10-01,1580.0,1617.1,1574.6,1599.55,1127113
2021-10-04,1609.85,1677.35,1597.55,1646.55,1813484
2021-10-05,1654.55,1680.0,1642.6,1659.65,788991
2021-10-06,1674.0,1690.0,1633.45,1640.45,1122812
2021-10-07,1657.7,1687.45,1645.7,1679.2,613114
2021-10-08,1694.0,1728.0,1670.0,1695.65,1317404
2021-10-11,1696.0,1725.0,1691.0,1696.45,478253
2021-10-12,1705.0,1731.4,1685.1,1710.7,663494
2021-10-13,1727.0,1760.15,1708.0,1712.95,1145725
2021-10-14,1730.0,1731.55,1709.25,1713.8,465986
2021-10-18,1760.0,1760.0,1715.0,1718.8,617562
2021-10-19,1735.0,1746.45,1677.25,1689.05,762563
2021-10-20,1685.0,1715.0,1658.05,1672.2,787877
2021-10-21,1704.0,1710.0,1630.1,1662.7,695607
2021-10-22,1668.05,1687.0,1594.25,1627.45,1595061
2021-10-25,1640.0,1768.05,1630.05,1727.4,3563029
2021-10-26,1742.0,1798.0,1734.15,1758.6,1807984
2021-10-27,1773.95,1773.95,1736.05,1742.7,570037
2021-10-28,1742.7,1742.7,1669.9,1674.85,563320
2021-10-29,1662.5,1718.0,1631.0,1677.65,629954
2021-11-01,1695.0,1736.0,1677.35,1729.85,570628
2021-11-02,1740.0,1743.0,1717.1,1735.25,408837
2021-11-03,1735.0,1757.6,1722.15,1739.5,501268
2021-11-04,1755.0,1770.0,1746.1,1763.85,153269
2021-11-08,1801.0,1839.0,1772.6,1803.7,1659392
2021-11-09,1808.8,1822.4,1786.85,1792.95,487224
2021-11-10,1785.0,1813.0,1764.0,1767.75,450745
2021-11-11,1768.5,1793.3,1700.0,1716.5,639723
2021-11-12,1720.0,1744.55,1717.4,1733.95,282783
2021-11-15,1747.0,1747.0,1695.0,1705.8,651767
2021-11-16,1713.0,1735.4,1698.0,1709.85,326296
2021-11-17,1706.85,1771.0,1701.2,1737.65,809190
2021-11-18,1740.0,1748.65,1662.55,1694.95,680803
2021-11-22,1705.0,1705.0,1568.4,1604.3,976157
2021-11-23,1576.55,1619.2,1560.25,1603.4,610252
2021-11-24,1615.6,1641.85,1550.0,1568.65,1107400
2021-11-25,1570.0,1576.95,1526.0,1561.0,1063722
2021-11-26,1518.5,1518.5,1372.3,1391.0,3795309
2021-11-29,1303.0,1398.55,1303.0,1377.05,2189414
2021-11-30,1380.05,1444.2,1361.05,1371.6,1450293
2021-12-01,1371.6,1380.0,1327.0,1353.35,1271178
2021-12-02,1353.5,1413.7,1345.05,1399.2,1118678
2021-12-03,1398.6,1474.5,1381.15,1442.1,2731969
2021-12-06,1417.95,1446.35,1332.0,1350.65,2247217
2021-12-07,1373.5,1426.95,1370.0,1414.55,2196401
2021-12-08,1446.85,1463.9,1410.95,1452.8,1856911
2021-12-09,1449.0,1493.95,1440.3,1488.2,1802742
2021-12-10,1490.0,1498.0,1460.0,1465.0,830801
2021-12-13,1479.9,1485.3,1445.0,1453.65,587182
2021-12-14,1438.0,1439.35,1405.3,1424.9,1214377
2021-12-15,1423.1,1425.4,1387.0,1390.4,649877
2021-12-16,1402.85,1416.45,1351.2,1357.9,847437
2021-12-17,1364.0,1364.0,1300.05,1310.65,1623175
2021-12-20,1290.0,1300.0,1224.05,1252.05,1146630
2021-12-21,1274.0,1296.3,1244.1,1272.5,953231
2021-12-22,1272.5,1331.5,1272.5,1323.6,1036926
2021-12-23,1332.0,1362.75,1325.05,1357.6,851708
2021-12-24,1370.0,1370.0,1312.5,1318.9,932542
2021-12-27,1290.0,1348.65,1262.5,1334.65,1340343
2021-12-28,1347.0,1379.95,1270.0,1285.2,2398260
2021-12-29,1271.0,1286.3,1241.0,1260.95,2392589
2021-12-30,1255.9,1282.5,1251.0,1273.4,1192801
2021-12-31,1252.0,1307.95,1252.0,1298.3,1381082
2022-01-03,1271.55,1351.45,1256.0,1341.0,2457508
2022-01-04,1311.0,1371.0,1311.0,1346.75,2265505
2022-01-05,1336.0,1368.0,1319.35,1362.7,1398439
2022-01-06,1325.0,1390.0,1325.0,1382.9,1407143
2022-01-07,1390.0,1395.0,1348.1,1366.9,1266668
2022-01-10,1350.0,1445.0,1350.0,1433.65,2367024
2022-01-11,1410.0,1489.0,1410.0,1482.8,1880975
2022-01-12,1480.0,1568.15,1480.0,1555.75,3007008
2022-01-13,1540.0,1558.85,1521.4,1546.25,1262393
2022-01-14,1532.15,1569.95,1528.35,1554.45,818261
2022-01-17,1555.0,1589.7,1554.45,1573.05,917468
2022-01-18,1577.0,1605.5,1552.0,1565.05,1643781
2022-01-19,1565.05,1588.7,1558.25,1572.7,1011483
2022-01-20,1574.95,1586.65,1511.55,1563.45,1373616
2022-01-21,1551.95,1589.9,1509.35,1537.35,2637672
2022-01-24,1536.0,1558.1,1477.05,1520.35,1607660
2022-01-25,1518.35,1609.5,1503.05,1568.6,1627239
2022-01-27,1520.0,1590.85,1520.0,1536.15,1485798
2022-01-28,1562.4,1638.35,1542.3,1553.7,1592107
2022-01-31,1587.8,1608.95,1562.0,1588.35,897589
2022-02-01,1597.7,1608.5,1570.0,1602.45,718003
2022-02-02,1618.0,1643.0,1596.0,1600.95,644620
2022-02-03,1609.0,1618.0,1586.95,1598.9,541711
2022-02-04,1600.0,1618.0,1592.0,1608.6,497604
2022-02-07,1608.0,1642.0,1587.35,1604.6,881513
2022-02-08,1611.7,1631.35,1588.0,1618.15,795181
2022-02-09,1635.8,1663.0,1606.0,1647.8,1195996
2022-02-10,1657.8,1681.4,1645.35,1669.75,660553
2022-02-11,1665.8,1674.9,1615.6,1620.55,620521
2022-02-14,1590.1,1635.0,1575.85,1597.55,790504
2022-02-15,1609.0,1653.0,1579.6,1646.4,612729
2022-02-16,1650.0,1669.0,1604.1,1610.75,629536
2022-02-17,1622.0,1629.45,1593.15,1597.8,488847
2022-02-18,1596.0,1606.0,1563.0,1570.2,571351
2022-02-21,1570.0,1578.45,1531.95,1562.0,736309
2022-02-22,1530.1,1579.9,1527.35,1573.6,525420
2022-02-23,1593.0,1602.9,1572.2,1579.65,577203
2022-02-24,1538.9,1565.0,1506.1,1514.25,801420
2022-02-25,1565.0,1610.0,1548.8,1596.65,744769
2022-02-28,1588.0,1642.5,1576.05,1635.75,1034441
2022-03-02,1620.0,1671.45,1615.0,1656.7,1171597
2022-03-03,1695.05,1712.0,1615.65,1628.5,1366155
2022-03-04,1622.25,1625.95,1555.0,1565.55,790674
2022-03-07,1535.1,1550.0,1485.55,1498.3,1034865
2022-03-08,1505.0,1604.0,1487.9,1597.7,1560693
2022-03-09,1612.9,1678.0,1607.6,1645.25,1568922
2022-03-10,1671.2,1708.6,1647.55,1673.85,1269032
2022-03-11,1673.8,1719.75,1660.1,1686.9,1077758
2022-03-14,1699.0,1729.0,1685.0,1724.25,784432
2022-03-15,1732.0,1738.45,1661.6,1671.7,876310
2022-03-16,1704.9,1730.0,1688.0,1723.2,711117
2022-03-17,1730.1,1738.55,1701.6,1706.75,612841
2022-03-21,1711.85,1766.65,1710.0,1754.05,1093935
2022-03-22,1760.0,1762.0,1730.0,1749.1,520887
2022-03-23,1754.0,1778.95,1742.6,1756.8,1294328
2022-03-24,1755.1,1782.95,1752.0,1776.55,698539
2022-03-25,1793.55,1868.0,1784.2,1821.65,3117427
2022-03-28,2003.8,2003.8,1866.1,1883.3,7200894
2022-03-29,1884.95,1888.4,1811.0,1857.45,2095159
2022-03-30,1862.0,1888.95,1844.0,1869.05,1366635
2022-03-31,1874.65,1933.0,1857.5,1922.3,2005680
2022-04-01,1922.3,1931.0,1891.6,1916.2,1314673
2022-04-04,1916.2,1963.7,1825.95,1909.85,837263
2022-04-05,1919.9,1936.3,1906.05,1917.45,644747
2022-04-06,1915.0,1928.5,1892.55,1902.45,425562
2022-04-07,1905.0,1913.25,1868.05,1892.55,691038
2022-04-08,1901.0,1914.4,1876.25,1880.35,506416
2022-04-11,1893.0,1918.45,1868.5,1878.2,630565
2022-04-12,1885.0,1945.0,1875.0,1921.85,1513133
2022-04-13,1942.0,1946.5,1898.0,1904.35,939582
2022-04-18,1900.0,1900.0,1806.0,1825.4,1112104
2022-04-19,1844.0,1859.8,1755.75,1787.7,886348
2022-04-20,1790.0,1834.65,1781.35,1812.4,580498
2022-04-21,1824.0,1841.0,1775.1,1780.95,556700
2022-04-22,1771.0,1811.45,1761.3,1771.15,356037
2022-04-25,1760.0,1764.3,1710.0,1732.0,567967
2022-04-26,1740.0,1762.0,1701.15,1755.4,960721
2022-04-27,1733.1,1798.0,1733.1,1787.6,785774
2022-04-28,1798.0,1825.0,1770.0,1816.25,701656
2022-04-29,1827.0,1855.0,1815.8,1828.95,781984
2022-05-02,1815.1,1832.95,1798.5,1810.8,290038
2022-05-04,1815.95,1824.95,1765.6,1777.95,451195
2022-05-05,1795.0,1818.0,1765.6,1777.25,493728
2022-05-06,1756.5,1774.9,1684.6,1699.75,512761
2022-05-09,1685.0,1744.0,1673.95,1705.9,1467007
2022-05-10,1711.0,1785.45,1711.0,1772.25,1819098
2022-05-11,1777.0,1850.0,1753.55,1787.5,1880187
2022-05-12,1784.0,1794.55,1725.05,1755.65,771470
2022-05-13,1782.05,1809.0,1742.7,1746.45,759712
2022-05-16,1760.0,1773.5,1720.0,1742.2,469483
2022-05-17,1748.0,1790.4,1727.0,1772.7,484205
2022-05-18,1787.0,1840.0,1777.0,1785.05,1278479
2022-05-19,1760.0,1791.65,1728.25,1736.2,507537
2022-05-20,1764.0,1830.0,1762.4,1823.85,750985
2022-05-23,1823.95,1855.0,1812.0,1819.5,568879
2022-05-24,1816.0,1828.95,1694.6,1703.25,965895
2022-05-25,1704.0,1719.95,1651.25,1675.3,780247
2022-05-26,1680.0,1736.75,1662.0,1730.75,563978
2022-05-27,1740.0,1800.0,1738.0,1795.3,469305
2022-05-30,1800.0,1874.05,1799.95,1862.5,544719
2022-05-31,1855.0,1893.45,1833.95,1840.05,875952
2022-06-01,1840.05,1854.7,1775.0,1798.5,410720
2022-06-02,1803.95,1842.6,1794.2,1820.25,538488
2022-06-03,1833.0,1858.55,1809.2,1817.05,507620
2022-06-06,1810.0,1810.0,1745.0,1784.9,862521
2022-06-07,1769.0,1797.95,1750.1,1793.7,555671
2022-06-08,1794.0,1813.0,1775.9,1800.5,387425
2022-06-09,1785.0,1802.3,1773.95,1785.85,243196
2022-06-10,1765.0,1788.15,1755.5,1771.6,178804
2022-06-13,1726.0,1753.35,1716.35,1724.4,460689
2022-06-14,1712.0,1773.35,1712.0,1762.15,283095
2022-06-15,1767.0,1777.0,1742.1,1764.3,160999
2022-06-16,1773.0,1815.95,1725.75,1730.8,528612
2022-06-17,1739.0,1739.0,1678.0,1695.7,405327
2022-06-20,1695.7,1706.05,1666.05,1689.6,400488
2022-06-21,1706.8,1787.85,1702.8,1782.35,398756
2022-06-22,1787.25,1819.0,1776.7,1794.3,1166121
2022-06-23,1795.0,1829.45,1795.0,1819.25,513836
2022-06-24,1840.0,1850.0,1827.5,1845.1,256119
2022-06-27,1868.75,1878.35,1830.0,1833.5,448359
2022-06-28,1824.0,1854.8,1815.2,1846.2,395163
2022-06-29,1839.95,1851.0,1824.35,1839.8,294707
2022-06-30,1851.0,1902.85,1845.05,1860.85,919550
2022-07-01,1860.85,1895.0,1828.9,1888.5,358082
2022-07-04,1885.0,1919.25,1876.05,1891.0,340815
2022-07-05,1903.0,1922.8,1868.1,1881.45,323320
2022-07-06,1884.95,1887.0,1860.8,1874.05,306565
2022-07-07,1887.0,1899.0,1862.7,1885.7,366427
2022-07-08,1899.0,1914.0,1881.6,1898.35,472220
2022-07-11,1895.0,1938.85,1886.0,1914.1,440870
2022-07-12,1914.1,1914.9,1872.45,1888.45,377561
2022-07-13,1900.0,1914.0,1886.75,1899.15,639049
2022-07-14,1901.4,1926.0,1888.0,1903.3,522868
2022-07-15,1904.0,1933.95,1904.0,1922.4,392095
2022-07-18,1923.0,1944.7,1902.0,1907.75,259119
2022-07-19,1900.25,1924.55,1888.25,1893.85,398710
2022-07-20,1911.0,1914.3,1876.05,1884.55,211634
2022-07-21,1896.45,1978.75,1886.05,1914.5,1565872
2022-07-22,1950.0,1967.6,1925.25,1939.85,1484289
2022-07-25,1927.6,1971.5,1872.15,1913.45,907431
2022-07-26,1913.0,1969.0,1911.0,1951.6,1139707
2022-07-27,1953.0,2034.05,1933.9,2021.55,1635081
2022-07-28,2039.1,2058.0,2027.1,2043.95,991424
2022-07-29,2058.2,2153.85,2052.0,2144.25,1226543
2022-08-01,2167.0,2168.75,2123.0,2156.25,549474
2022-08-02,2145.0,2189.75,2140.0,2181.8,421957
2022-08-03,2180.0,2200.0,2135.3,2192.95,748677
2022-08-04,2214.0,2214.85,2140.3,2151.6,508870
2022-08-05,2157.0,2171.2,2107.0,2110.85,293575
2022-08-08,2110.0,2134.95,2092.2,2128.3,322722
2022-08-10,2125.0,2138.05,2101.5,2127.15,223893
2022-08-11,2121.25,2142.95,2055.0,2059.4,478699
2022-08-12,2058.0,2069.9,2005.0,2014.3,455873
2022-08-16,2005.1,2013.0,1969.0,1981.75,819874
2022-08-17,1995.0,1998.0,1930.65,1933.85,753709
2022-08-18,1928.0,1942.8,1913.2,1918.0,514734
2022-08-19,1915.0,1917.0,1803.0,1808.75,1343931
2022-08-22,1775.05,1824.45,1770.0,1792.9,1595848
2022-08-23,1788.0,1836.9,1783.0,1826.15,848896
2022-08-24,1837.0,1844.7,1808.25,1829.7,713726
2022-08-25,1841.9,1856.65,1824.0,1841.25,918921
2022-08-26,1840.0,1863.5,1824.1,1833.1,423200
2022-08-29,1775.0,1831.0,1772.0,1817.35,457130
2022-08-30,1819.7,1843.0,1819.7,1830.0,234744
2022-09-01,1827.0,1858.6,1820.4,1854.85,494263
2022-09-02,1869.7,1884.9,1851.0,1859.45,1145478
2022-09-05,1868.0,1945.5,1860.0,1937.65,987785
2022-09-06,1954.95,1957.65,1921.0,1928.95,605956
2022-09-07,1918.25,1932.9,1895.55,1905.65,278080
2022-09-08,1918.0,1940.0,1906.2,1934.35,230701
2022-09-09,1940.0,1965.0,1825.55,1834.1,1735141
2022-09-12,1910.05,1928.45,1885.0,1899.7,1719245
2022-09-13,1903.7,1939.0,1895.6,1909.05,690197
2022-09-14,1905.0,1975.5,1895.2,1929.35,1563869
2022-09-15,1893.0,1896.95,1833.0,1845.5,6297297
2022-09-16,1830.0,1840.95,1727.05,1761.25,1842158
2022-09-19,1763.0,1790.6,1733.05,1778.15,754452
2022-09-20,1790.0,1792.95,1734.25,1765.1,944739
2022-09-21,1772.7,1789.7,1735.65,1740.65,575562
2022-09-22,1740.0,1778.0,1725.0,1769.4,992593
2022-09-23,1775.0,1778.7,1714.4,1737.45,1203787
2022-09-26,1732.45,1737.95,1669.6,1675.45,1089058
2022-09-27,1683.0,1695.15,1630.1,1656.5,1005755
2022-09-28,1640.0,1677.9,1630.0,1666.4,772776
2022-09-29,1685.0,1768.0,1685.0,1759.95,2166945
2022-09-30,1770.9,1795.2,1730.9,1788.5,1064248
2022-10-03,1793.0,1829.95,1747.05,1756.05,981861
2022-10-04,1780.0,1783.6,1724.0,1739.6,410667
2022-10-06,1748.3,1808.0,1748.15,1789.9,716820
2022-10-07,1772.5,1781.15,1748.95,1752.85,385905
2022-10-10,1750.0,1759.85,1721.05,1745.3,242253
2022-10-11,1750.0,1778.9,1703.2,1710.4,459571
2022-10-12,1719.0,1748.2,1695.95,1725.1,545434
2022-10-13,1715.0,1728.0,1675.0,1698.9,413585
2022-10-14,1739.95,1739.95,1686.85,1691.95,243850
2022-10-17,1692.1,1727.5,1661.6,1688.65,1151766
2022-10-18,1695.0,1732.0,1677.5,1726.65,971102
2022-10-19,1731.1,1788.7,1722.6,1781.15,1532646
2022-10-20,1770.0,1775.25,1733.0,1738.35,665617
2022-10-21,1747.05,1754.25,1701.0,1705.2,515631
2022-10-24,1725.0,1728.0,1708.05,1715.75,41757
2022-10-25,1724.35,1749.9,1698.0,1726.95,464309
2022-10-27,1738.5,1744.6,1712.2,1737.25,346077
2022-10-28,1732.0,1760.0,1723.8,1740.75,511014
2022-10-31,1745.0,1784.95,1745.0,1775.0,476506
2022-11-01,1783.9,1783.9,1752.85,1763.6,219996
2022-11-02,1763.6,1801.45,1755.15,1764.05,825849
2022-11-03,1750.55,1795.0,1750.55,1781.2,378695
2022-11-04,1789.0,1835.0,1777.5,1830.4,841043
2022-11-07,1838.0,1858.0,1814.0,1832.8,735480
2022-11-09,1848.7,1848.7,1799.4,1814.55,266882
2022-11-10,1800.0,1822.5,1786.4,1799.9,306155
2022-11-11,1808.9,1854.4,1805.0,1844.5,680200
2022-11-14,1844.5,1844.5,1805.0,1814.5,178696
2022-11-15,1810.0,1848.0,1810.0,1823.4,301430
2022-11-16,1828.0,1839.9,1770.0,1777.6,322796
2022-11-17,1778.1,1799.0,1745.05,1752.35,320791
2022-11-18,1759.4,1778.0,1718.35,1728.0,714109
2022-11-21,1743.25,1771.55,1711.0,1749.45,898656
2022-11-22,1758.1,1760.6,1730.0,1754.55,674683
2022-11-23,1760.0,1793.5,1740.0,1788.7,798452
2022-11-24,1797.65,1825.0,1788.6,1821.7,667714
2022-11-25,1835.0,1875.0,1828.3,1866.0,1235484
2022-11-28,1867.5,1873.25,1855.5,1867.25,228561
2022-11-29,1870.0,1888.0,1846.1,1857.8,407676
2022-11-30,1856.95,1867.0,1838.0,1849.4,747075
2022-12-01,1851.6,1907.55,1851.6,1898.05,813562
2022-12-02,1907.3,1914.75,1872.15,1899.0,406070
2022-12-05,1908.0,1919.75,1889.55,1912.2,291592
2022-12-06,1912.2,1925.45,1896.75,1917.2,445950
2022-12-07,1920.0,1920.35,1863.75,1868.8,409915
2022-12-08,1878.15,1901.2,1851.35,1894.0,249646
2022-12-09,1887.6,1909.75,1868.0,1883.1,218719
2022-12-12,1882.0,1911.0,1866.65,1889.5,400740
2022-12-13,1887.0,1905.0,1881.25,1895.1,297680
2022-12-14,1904.0,1904.0,1859.2,1875.35,333626
2022-12-15,1878.0,1882.85,1802.0,1810.1,599825
2022-12-16,1818.0,1837.0,1801.25,1830.55,899926
2022-12-19,1848.0,1850.1,1810.6,1845.65,460542
2022-12-20,1852.0,1852.0,1797.1,1813.85,341468
2022-12-21,1821.0,1832.15,1725.1,1731.45,678311
2022-12-22,1730.0,1759.4,1712.0,1726.95,754595
2022-12-23,1710.0,1716.0,1617.35,1630.65,832447
2022-12-26,1625.0,1682.4,1607.9,1671.8,628951
2022-12-27,1676.35,1733.25,1676.35,1727.85,651732
2022-12-28,1725.0,1731.85,1710.2,1716.85,434449
2022-12-29,1700.0,1710.0,1662.95,1704.55,516209
2022-12-30,1709.95,1732.0,1697.55,1720.15,227031
2023-01-02,1728.8,1742.0,1710.0,1726.4,224713
2023-01-03,1730.95,1738.0,1711.0,1714.4,118650
2023-01-04,1760.0,1771.4,1692.1,1703.55,914829
2023-01-05,1713.0,1716.0,1665.05,1676.75,418733
2023-01-06,1674.0,1681.7,1616.0,1629.15,580588
2023-01-09,1642.0,1681.95,1629.7,1664.35,1165874
2023-01-10,1660.0,1689.0,1660.0,1670.1,483366
2023-01-11,1670.0,1714.0,1653.55,1703.25,708593
2023-01-12,1711.8,1765.95,1692.15,1753.35,1457530
2023-01-13,1757.95,1768.9,1729.05,1754.0,825000
2023-01-16,1753.05,1762.3,1663.8,1684.05,1005567
2023-01-17,1678.15,1699.95,1658.0,1672.5,409519
2023-01-18,1675.25,1685.6,1654.2,1669.65,633495
2023-01-19,1669.85,1684.75,1646.05,1677.9,697321
2023-01-20,1710.0,1714.25,1591.9,1610.9,2280450
2023-01-23,1615.1,1645.0,1592.0,1622.95,949377
2023-01-24,1631.1,1685.0,1620.65,1681.95,1070273
2023-01-25,1685.0,1685.0,1627.1,1664.3,1108699
2023-01-27,1676.85,1755.5,1669.55,1739.8,1150354
2023-01-30,1740.0,1740.0,1631.3,1691.5,1173929
2023-01-31,1688.05,1710.65,1665.35,1697.6,631620
2023-02-01,1700.1,1725.0,1641.0,1657.9,416273
2023-02-02,1664.0,1697.35,1642.15,1680.15,241082
2023-02-03,1680.15,1718.55,1680.15,1691.95,372284
2023-02-06,1689.05,1711.2,1675.0,1682.5,229189
2023-02-07,1687.0,1705.0,1675.0,1681.0,394151
2023-02-08,1682.0,1702.9,1679.0,1691.55,298880
2023-02-09,1690.05,1692.75,1659.95,1683.5,182524
2023-02-10,1680.0,1716.3,1680.0,1698.75,558715
2023-02-13,1700.1,1713.8,1680.5,1686.75,415724
2023-02-14,1689.0,1702.0,1656.5,1695.05,313716
2023-02-15,1692.0,1726.55,1691.45,1713.0,376742
2023-02-16,1720.1,1721.95,1705.0,1711.05,192720
2023-02-17,1695.25,1714.0,1645.9,1655.4,259075
2023-02-20,1662.7,1694.15,1654.35,1658.6,311132
2023-02-21,1665.45,1687.95,1641.0,1654.35,397282
2023-02-22,1656.35,1659.95,1620.0,1623.4,299210
2023-02-23,1631.55,1638.85,1593.6,1600.35,372437
2023-02-24,1608.4,1631.95,1592.65,1597.7,583620
2023-02-27,1600.0,1601.85,1518.0,1529.35,1006087
2023-02-28,1528.0,1528.85,1501.65,1518.2,764471
2023-03-01,1515.0,1546.4,1485.5,1535.25,1213624
2023-03-02,1535.05,1562.15,1534.65,1542.3,378843
2023-03-03,1550.05,1562.0,1545.0,1553.6,325275
2023-03-06,1568.25,1587.65,1562.4,1579.3,311578
2023-03-08,1579.3,1585.65,1563.1,1567.3,170181
2023-03-09,1575.15,1575.15,1535.75,1541.45,373122
2023-03-10,1539.8,1539.8,1497.05,1519.05,279845
2023-03-13,1525.1,1525.1,1483.0,1497.05,461430
2023-03-14,1504.95,1535.75,1494.8,1527.85,428843
2023-03-15,1552.15,1575.0,1538.0,1547.05,649405
2023-03-16,1546.9,1595.2,1540.05,1588.15,417049
2023-03-17,1597.0,1597.0,1557.05,1575.45,411062
2023-03-20,1500.1,1581.9,1500.1,1546.05,791764
2023-03-21,1566.0,1585.0,1558.75,1570.2,497876
2023-03-22,1570.0,1575.7,1536.0,1545.0,212294
2023-03-23,1549.0,1559.95,1531.2,1548.45,318030
2023-03-24,1552.0,1554.75,1500.0,1506.15,330586
2023-03-27,1515.0,1522.15,1493.25,1506.6,188098
2023-03-28,1507.0,1514.7,1471.0,1495.25,515860
2023-03-29,1500.95,1523.5,1490.0,1516.45,459704
2023-03-31,1524.85,1555.0,1524.35,1534.0,610495
2023-04-03,1542.05,1543.65,1504.0,1514.05,529013
2023-04-05,1514.0,1520.9,1502.75,1513.7,563910
2023-04-06,1515.9,1534.95,1505.15,1529.9,350202
2023-04-10,1534.95,1551.75,1522.7,1549.8,153553
2023-04-11,1555.0,1561.7,1541.9,1557.3,185692
2023-04-12,1560.0,1570.0,1536.1,1538.5,260581
2023-04-13,1543.95,1549.45,1520.25,1530.3,204380
2023-04-17,1531.2,1535.6,1513.0,1529.8,270864
2023-04-18,1534.75,1551.4,1522.0,1547.25,477347
2023-04-19,1562.0,1562.0,1495.05,1501.2,929406
2023-04-20,1510.5,1512.0,1482.45,1508.7,540536
2023-04-21,1515.0,1521.0,1482.0,1498.8,1161378
2023-04-24,1508.75,1508.75,1465.25,1477.7,589163
2023-04-25,1480.0,1488.8,1458.1,1478.6,428529
2023-04-26,1478.0,1478.0,1438.1,1449.65,809500
2023-04-27,1444.65,1465.0,1430.55,1458.8,697360
2023-04-28,1468.0,1476.15,1454.0,1463.15,638951
2023-05-02,1460.55,1485.0,1449.15,1480.6,1057803
2023-05-03,1484.95,1493.6,1468.6,1484.8,822832
2023-05-04,1484.0,1495.3,1478.0,1483.2,302756
2023-05-05,1487.8,1487.8,1444.0,1448.9,505438
2023-05-08,1456.3,1462.45,1435.55,1449.25,564399
2023-05-09,1450.0,1460.0,1445.65,1450.7,329067
2023-05-10,1452.0,1457.45,1441.35,1446.3,181698
2023-05-11,1455.0,1465.0,1448.25,1454.05,412633
2023-05-12,1455.0,1457.95,1441.0,1447.1,178574
2023-05-15,1449.95,1473.9,1416.3,1465.05,724042
2023-05-16,1443.0,1447.95,1403.4,1435.15,2049045
2023-05-17,1435.0,1443.45,1336.4,1366.6,2353752
2023-05-18,1370.0,1387.9,1352.3,1374.45,721887
2023-05-19,1384.95,1384.95,1365.0,1372.6,189521
2023-05-22,1371.55,1371.55,1347.0,1348.0,486737
2023-05-23,1349.55,1365.05,1341.5,1349.9,695683
2023-05-24,1350.0,1369.95,1346.8,1365.55,503323
2023-05-25,1369.95,1369.95,1356.0,1361.3,201762
2023-05-26,1352.55,1407.5,1352.55,1404.45,782615
2023-05-29,1421.0,1421.25,1392.1,1398.35,235434
2023-05-30,1398.0,1420.0,1393.0,1415.8,378678
2023-05-31,1415.8,1421.95,1408.0,1415.35,393786
2023-06-01,1422.0,1424.85,1411.95,1416.2,246275
2023-06-02,1416.25,1420.3,1395.85,1399.9,387978
2023-06-05,1408.05,1443.5,1408.05,1430.7,907532
2023-06-06,1435.0,1451.0,1426.9,1449.05,446228
2023-06-07,1451.0,1458.5,1440.6,1442.95,314283
2023-06-08,1444.5,1445.25,1424.0,1429.5,197707
2023-06-09,1430.0,1436.5,1407.0,1414.35,334934
2023-06-12,1430.95,1447.45,1416.75,1441.25,603346
2023-06-13,1455.95,1465.0,1441.0,1446.95,328543
2023-06-14,1457.0,1463.15,1445.8,1456.85,349079
2023-06-15,1470.0,1509.0,1465.5,1498.8,1315471
2023-06-16,1509.95,1516.8,1445.0,1450.95,1121757
2023-06-19,1452.0,1455.9,1414.6,1422.95,732131
2023-06-20,1422.9,1430.7,1391.05,1401.6,729427
2023-06-21,1402.0,1409.1,1380.9,1388.25,712574
2023-06-22,1391.65,1395.25,1378.0,1381.5,329851
2023-06-23,1383.9,1390.35,1366.6,1381.7,366721
2023-06-26,1390.7,1390.95,1368.7,1374.95,512503
2023-06-27,1376.5,1389.3,1373.05,1376.25,348710
2023-06-28,1380.05,1399.0,1376.65,1379.9,474872
2023-06-30,1392.95,1394.65,1370.0,1373.45,466839
2023-07-03,1383.0,1397.75,1374.65,1378.9,352481
2023-07-04,1388.45,1388.45,1368.0,1374.0,405519
2023-07-05,1382.5,1383.0,1370.1,1372.25,290515
2023-07-06,1373.0,1384.65,1360.5,1375.1,1460711
2023-07-07,1370.0,1445.0,1370.0,1439.85,2711798
2023-07-10,1443.0,1445.95,1399.65,1421.7,590591
2023-07-11,1433.45,1443.8,1423.8,1426.45,382866
2023-07-12,1470.0,1473.7,1415.3,1420.55,1904799
2023-07-13,1434.6,1438.0,1397.75,1402.55,547250
2023-07-14,1403.0,1426.8,1385.5,1416.75,918350
2023-07-17,1424.9,1449.5,1414.05,1429.6,609788
2023-07-18,1427.5,1440.0,1401.45,1403.75,361250
2023-07-19,1410.0,1448.0,1403.75,1439.2,700512
2023-07-20,1448.95,1462.35,1435.25,1448.45,622405
2023-07-21,1450.0,1517.0,1444.5,1504.1,2107123
2023-07-24,1516.0,1528.0,1464.05,1494.45,1447591
2023-07-25,1496.0,1502.5,1466.4,1483.85,434905
2023-07-26,1490.05,1533.4,1480.05,1530.15,1004164
2023-07-27,1542.0,1553.4,1521.5,1549.0,1687709
2023-07-28,1549.9,1559.0,1522.05,1529.0,400518
2023-07-31,1535.0,1577.5,1525.55,1557.1,1245485
2023-08-01,1559.0,1594.45,1542.35,1565.45,1378688
2023-08-02,1584.0,1624.0,1568.5,1609.15,2844474
2023-08-03,1604.05,1636.8,1586.05,1609.95,804853
2023-08-04,1609.0,1633.0,1604.7,1617.05,397597
2023-08-07,1628.95,1628.95,1593.9,1600.8,567226
2023-08-08,1603.7,1612.2,1579.95,1602.05,368974
2023-08-09,1604.85,1648.0,1598.1,1640.35,650858
2023-08-10,1652.9,1659.0,1615.0,1631.25,778078
2023-08-11,1637.25,1653.45,1632.0,1638.8,775328
2023-08-14,1668.0,1732.0,1656.0,1713.55,2797741
2023-08-16,1734.9,1735.0,1694.55,1712.05,971750
2023-08-17,1716.0,1722.45,1700.05,1716.2,496796
2023-08-18,1728.7,1743.95,1715.0,1720.85,747748
2023-08-21,1744.0,1744.0,1699.2,1709.85,963754
2023-08-22,1724.0,1724.0,1693.65,1698.75,413546
2023-08-23,1704.05,1717.8,1689.3,1708.15,358199
2023-08-24,1708.6,1737.5,1706.6,1733.95,486246
2023-08-25,1732.0,1761.55,1718.9,1725.75,680682
2023-08-28,1735.0,1755.0,1724.5,1737.25,575487
2023-08-29,1750.25,1760.0,1737.65,1750.05,630682
2023-08-30,1755.9,1784.95,1753.5,1777.0,550339
2023-08-31,1780.95,1798.8,1768.95,1790.95,592474
2023-09-01,1791.95,1793.9,1771.05,1779.0,391745
2023-09-04,1794.0,1800.25,1773.25,1795.8,1225468
2023-09-05,1798.95,1807.75,1780.0,1796.9,670779
2023-09-06,1800.95,1838.45,1800.95,1826.35,906517
2023-09-07,1850.0,1870.35,1828.55,1847.45,1620063
2023-09-08,1874.0,1875.45,1830.0,1849.2,921500
2023-09-11,1868.8,1868.8,1790.0,1797.4,1041069
2023-09-12,1800.0,1809.75,1755.15,1769.75,758246
2023-09-13,1771.0,1802.05,1768.05,1779.1,571747
2023-09-14,1789.0,1789.0,1767.95,1774.2,374976
2023-09-15,1769.8,1781.0,1752.0,1762.25,569989
2023-09-18,1760.0,1760.0,1708.25,1712.05,706512
2023-09-20,1701.0,1732.0,1695.05,1712.15,551280
2023-09-21,1715.95,1725.0,1701.2,1706.3,211508
2023-09-22,1709.0,1726.1,1698.65,1718.95,352418
2023-09-25,1720.9,1730.0,1707.95,1715.45,195285
2023-09-26,1715.45,1724.25,1683.0,1687.95,424185
2023-09-27,1693.9,1725.0,1685.5,1715.1,483393
2023-09-28,1720.8,1729.95,1700.0,1707.85,429365
2023-09-29,1720.05,1729.15,1702.05,1716.95,397864
2023-10-03,1711.2,1722.9,1703.6,1714.75,278155
2023-10-04,1710.0,1711.0,1686.0,1693.55,404912
2023-10-05,1700.05,1708.8,1693.05,1705.65,181980
2023-10-06,1701.3,1718.0,1695.75,1704.45,210767
2023-10-09,1697.0,1697.0,1661.0,1674.8,271055
2023-10-10,1694.7,1699.65,1671.45,1687.25,199725
2023-10-11,1697.9,1714.45,1692.65,1696.2,463977
2023-10-12,1706.0,1771.0,1701.05,1765.9,1292492
2023-10-13,1764.55,1782.4,1726.05,1752.85,836795
2023-10-16,1768.75,1768.75,1739.55,1743.75,556628
2023-10-17,1751.05,1766.0,1734.1,1760.65,592435
2023-10-18,1764.85,1780.8,1756.3,1773.0,373589
2023-10-19,1772.95,1787.4,1735.1,1744.55,1500348
2023-10-20,1750.05,1760.0,1685.0,1695.2,1080453
2023-10-23,1695.55,1699.0,1609.0,1617.2,666433
2023-10-25,1632.0,1641.6,1600.1,1619.2,501695
2023-10-26,1619.9,1619.9,1565.4,1575.55,876650
2023-10-27,1585.0,1613.95,1582.0,1605.65,346883
2023-10-30,1612.0,1614.85,1573.0,1589.75,282051
2023-10-31,1591.1,1609.85,1587.05,1598.25,162659
2023-11-01,1600.0,1615.5,1594.25,1599.65,405531
2023-11-02,1605.0,1620.0,1597.65,1612.2,158694
2023-11-03,1615.0,1623.35,1606.35,1611.15,144615
2023-11-06,1619.7,1657.75,1612.05,1653.15,252346
2023-11-07,1650.0,1669.0,1647.85,1666.3,241656
2023-11-08,1666.0,1674.0,1650.15,1671.3,238441
2023-11-09,1677.0,1677.0,1656.0,1664.95,173903
2023-11-10,1665.9,1683.0,1654.05,1666.2,213861
2023-11-12,1675.0,1684.8,1652.55,1663.5,70599
2023-11-13,1660.0,1661.85,1618.05,1637.75,362981
2023-11-15,1660.0,1660.1,1639.05,1650.1,190596
2023-11-16,1648.0,1667.4,1640.0,1660.8,378668
2023-11-17,1660.8,1671.0,1646.5,1655.1,213214
2023-11-20,1655.0,1679.0,1651.0,1669.75,161807
2023-11-21,1670.0,1694.65,1663.1,1686.55,390724
2023-11-22,1684.0,1695.0,1648.1,1655.05,171512
2023-11-23,1655.95,1665.0,1638.0,1653.35,293091
2023-11-24,1650.55,1665.85,1645.55,1652.0,310173
2023-11-28,1659.75,1670.05,1649.05,1666.3,388653
2023-11-29,1674.0,1709.95,1662.95,1698.35,603759
2023-11-30,1710.0,1726.0,1705.55,1717.6,845778
2023-12-01,1728.8,1756.45,1728.8,1740.5,780090
2023-12-04,1766.3,1775.0,1730.6,1749.9,699497
2023-12-05,1754.45,1754.45,1698.7,1720.75,716127
2023-12-06,1721.35,1744.95,1721.35,1732.2,332550
2023-12-07,1735.0,1745.0,1722.05,1743.05,295168
2023-12-08,1750.0,1759.0,1734.15,1744.85,344819
2023-12-11,1747.4,1794.0,1745.35,1769.85,897449
2023-12-12,1770.0,1781.45,1743.3,1751.3,319034
2023-12-13,1753.0,1762.9,1735.9,1752.6,304344
2023-12-14,1763.0,1777.0,1751.4,1769.85,647780
2023-12-15,1795.0,1805.0,1756.0,1776.0,804690
2023-12-18,1785.0,1830.4,1777.0,1811.05,1234160
2023-12-19,1812.0,1823.95,1795.55,1811.55,382622
2023-12-20,1824.0,1826.7,1735.6,1748.85,794632
2023-12-21,1740.0,1774.45,1714.0,1739.15,781166
2023-12-22,1764.0,1764.0,1694.55,1700.8,841954
2023-12-26,1710.1,1721.0,1655.0,1657.25,840149
2023-12-27,1667.0,1677.95,1646.7,1674.3,555912
2023-12-28,1676.0,1678.2,1650.05,1654.25,463496
2023-12-29,1657.9,1670.0,1648.0,1659.05,1044084
2024-01-01,1671.0,1674.5,1656.3,1660.4,327117
2024-01-02,1671.05,1675.0,1647.95,1667.8,369868
2024-01-03,1672.0,1720.6,1667.0,1713.8,991740
2024-01-04,1720.0,1720.0,1656.4,1665.05,1275014
2024-01-05,1678.3,1678.8,1638.0,1649.3,782358
2024-01-08,1655.0,1655.0,1580.0,1582.9,1208077
2024-01-09,1600.0,1601.0,1556.25,1562.5,571241
2024-01-10,1560.0,1564.35,1528.6,1549.2,1484209
2024-01-11,1565.9,1569.0,1520.3,1526.45,674293
2024-01-12,1537.0,1565.5,1524.0,1526.45,837352
2024-01-15,1545.0,1545.0,1505.0,1513.3,917529
2024-01-16,1520.0,1525.0,1500.0,1505.4,668990
2024-01-17,1499.9,1519.35,1490.0,1509.4,692102
2024-01-18,1509.4,1510.3,1455.95,1480.2,894586
2024-01-19,1494.95,1543.95,1490.25,1502.5,866089
2024-01-20,1523.5,1556.0,1517.05,1522.35,767878
2024-01-23,1530.0,1533.0,1468.65,1472.85,557895
2024-01-24,1481.0,1483.85,1436.25,1451.3,1261416
2024-01-25,1456.0,1478.2,1442.2,1458.75,874296
2024-01-29,1477.0,1500.65,1465.0,1490.35,951120
2024-01-30,1494.3,1496.3,1459.45,1461.55,477765
2024-01-31,1474.0,1478.0,1416.6,1455.0,1673151
2024-02-01,1454.05,1489.8,1425.0,1434.5,705709
2024-02-02,1437.35,1463.35,1431.7,1434.5,368306
2024-02-05,1434.5,1442.2,1405.1,1409.5,576350
2024-02-06,1418.0,1423.65,1404.45,1406.5,357953
2024-02-07,1421.0,1423.0,1393.45,1407.05,743523
2024-02-08,1420.0,1434.2,1410.6,1429.75,1371606
2024-02-09,1440.95,1440.95,1384.0,1405.4,751744
2024-02-12,1406.95,1410.9,1366.25,1368.7,644780
2024-02-13,1372.95,1377.15,1348.0,1363.5,739219
2024-02-14,1360.0,1378.0,1347.3,1368.75,415932
2024-02-15,1379.0,1379.0,1358.0,1361.85,378127
2024-02-16,1366.85,1389.2,1366.85,1382.45,360759
2024-02-19,1390.0,1392.75,1376.05,1382.3,258003
2024-02-20,1385.0,1387.7,1371.05,1375.0,263603
2024-02-21,1387.0,1413.5,1375.0,1382.2,717807
2024-02-22,1390.05,1390.1,1370.0,1382.8,347179
2024-02-23,1391.8,1402.05,1382.8,1389.2,323102
2024-02-26,1393.0,1414.4,1384.0,1406.45,448431
2024-02-27,1407.95,1414.45,1388.05,1399.75,788664
2024-02-28,1409.9,1415.0,1360.0,1364.9,539132
2024-02-29,1373.35,1380.0,1351.1,1371.05,547779
2024-03-01,1378.95,1397.65,1371.05,1391.5,554777
2024-03-02,1400.0,1408.4,1390.15,1398.15,49477
2024-03-04,1408.0,1408.95,1379.05,1382.3,393235
2024-03-05,1393.55,1393.55,1377.4,1390.05,265368
2024-03-06,1378.05,1391.7,1353.55,1378.1,342018
2024-03-07,1389.95,1422.9,1377.7,1415.5,900690
2024-03-11,1427.0,1427.3,1374.0,1379.85,698330
2024-03-12,1383.0,1383.0,1342.9,1352.0,585064
2024-03-13,1355.55,1358.1,1290.0,1305.0,1207916
2024-03-14,1299.05,1324.45,1284.1,1320.3,468081
2024-03-15,1320.3,1338.95,1303.6,1310.1,309624
2024-03-18,1301.1,1317.1,1301.1,1314.3,457492
2024-03-19,1318.0,1318.0,1274.2,1277.05,463519
2024-03-20,1284.95,1285.05,1247.9,1272.65,743226
2024-03-21,1289.6,1322.45,1282.65,1320.35,507762
2024-03-22,1315.05,1337.8,1312.1,1329.7,595348
2024-03-26,1320.05,1333.0,1308.0,1322.9,498477
2024-03-27,1324.9,1332.05,1311.45,1326.85,493055
2024-03-28,1329.0,1333.95,1320.0,1326.25,543828
2024-04-01,1326.25,1388.95,1325.0,1385.3,546549
2024-04-02,1387.0,1397.15,1375.5,1389.7,399735
2024-04-03,1389.7,1404.8,1376.85,1380.9,499024
2024-04-04,1394.0,1396.4,1378.3,1387.55,420812
2024-04-05,1387.6,1387.65,1362.05,1375.95,454849
2024-04-08,1389.0,1399.0,1378.55,1385.35,545883
2024-04-09,1391.0,1391.9,1370.3,1384.9,538637
2024-04-10,1395.0,1418.65,1386.35,1410.65,550090
2024-04-12,1425.05,1429.0,1396.05,1413.95,1431542
2024-04-15,1400.0,1404.95,1365.0,1395.95,984575
2024-04-16,1370.0,1416.3,1370.0,1385.05,632602
2024-04-18,1400.0,1439.9,1385.25,1426.95,1229229
2024-04-19,1420.95,1434.55,1400.0,1428.6,919512
2024-04-22,1430.0,1450.45,1420.05,1433.35,486920
2024-04-23,1433.0,1437.95,1412.5,1420.3,778335
2024-04-24,1424.0,1425.45,1400.0,1408.3,533512
2024-04-25,1413.05,1417.2,1400.0,1409.4,507165
2024-04-26,1415.0,1427.95,1395.1,1402.85,732915
2024-04-29,1409.8,1409.8,1374.0,1376.7,592498
2024-04-30,1376.95,1386.5,1356.25,1361.15,527473
2024-05-02,1361.15,1361.15,1337.0,1340.85,407186
2024-05-03,1348.95,1349.95,1313.0,1321.2,424770
2024-05-06,1329.0,1329.0,1297.1,1320.55,726638
2024-05-07,1324.4,1324.4,1293.15,1307.15,413386
2024-05-08,1307.15,1328.5,1297.1,1324.35,554009
2024-05-09,1325.0,1327.4,1293.65,1299.85,647121
2024-05-10,1300.0,1304.85,1278.05,1288.1,547295
2024-05-13,1299.95,1319.85,1268.3,1315.6,502671
2024-05-14,1319.0,1336.0,1282.05,1297.45,1919509
2024-05-15,1296.95,1298.65,1272.5,1285.2,1020100
2024-05-16,1297.2,1328.45,1287.5,1322.5,893505
2024-05-17,1322.5,1334.0,1316.05,1324.95,454789
2024-05-18,1329.9,1329.9,1323.0,1325.65,27567
2024-05-21,1325.65,1357.85,1316.05,1349.3,889582
2024-05-22,1355.0,1355.0,1328.8,1345.2,357951
2024-05-23,1345.45,1353.45,1327.65,1348.9,324448
2024-05-24,1350.0,1350.0,1333.05,1339.05,319498
2024-05-27,1350.0,1350.0,1327.0,1339.55,589964
2024-05-28,1350.15,1353.8,1318.3,1333.45,620821
2024-05-29,1335.0,1342.9,1325.0,1335.1,266495
2024-05-30,1325.0,1335.1,1302.3,1312.75,550735
2024-05-31,1315.05,1329.55,1305.4,1309.05,252546
2024-06-03,1343.25,1343.25,1318.1,1328.4,272069
2024-06-04,1328.05,1328.05,1204.2,1270.45,683741
2024-06-05,1286.5,1330.4,1280.0,1320.8,376325
2024-06-06,1330.55,1340.0,1320.65,1337.5,283780
2024-06-07,1337.0,1355.0,1329.3,1338.35,314798
2024-06-10,1338.4,1367.75,1332.2,1346.3,501819
2024-06-11,1354.9,1384.95,1348.05,1381.45,999571
2024-06-12,1390.0,1405.95,1385.05,1397.75,1111153
2024-06-13,1402.0,1406.85,1367.55,1391.65,548452
2024-06-14,1400.0,1400.25,1382.2,1390.3,373526
2024-06-18,1401.0,1404.95,1387.35,1403.25,324413
2024-06-19,1409.0,1409.0,1383.0,1390.45,436254
2024-06-20,1395.0,1396.25,1379.55,1383.75,260067
2024-06-21,1384.05,1455.0,1382.95,1436.85,1907822
2024-06-24,1435.95,1444.8,1416.35,1421.1,443450
2024-06-25,1429.95,1469.95,1417.0,1428.1,1003040
2024-06-26,1438.6,1464.55,1432.35,1451.7,851469
2024-06-27,1464.65,1473.0,1447.05,1469.25,790648
2024-06-28,1476.85,1476.85,1419.05,1427.35,944042
2024-07-01,1433.15,1513.0,1433.15,1497.8,2838402
2024-07-02,1505.0,1505.1,1461.0,1470.25,888694
2024-07-03,1472.0,1476.4,1455.2,1461.0,378665
2024-07-04,1461.0,1482.0,1455.3,1469.95,399996
2024-07-05,1471.0,1480.9,1460.45,1467.85,285865
2024-07-08,1470.0,1477.9,1447.5,1458.15,213783
2024-07-09,1458.15,1472.0,1452.7,1457.85,262403
2024-07-10,1465.0,1465.75,1421.1,1449.85,357524
2024-07-11,1440.0,1475.95,1438.1,1460.2,285219
2024-07-12,1460.2,1508.0,1460.2,1476.95,1339704
2024-07-15,1472.9,1496.0,1454.0,1459.95,492893
2024-07-16,1460.0,1466.3,1430.5,1438.3,530010
2024-07-18,1438.0,1438.0,1401.35,1412.2,480448
2024-07-19,1412.25,1428.7,1390.45,1402.5,377202
2024-07-22,1345.0,1440.0,1345.0,1429.65,1221712
2024-07-23,1417.1,1444.0,1371.55,1431.2,722018
2024-07-24,1419.05,1495.0,1418.95,1489.3,1082352
2024-07-25,1485.8,1510.0,1464.0,1497.0,748747
2024-07-26,1492.05,1507.6,1478.7,1493.85,495918
2024-07-29,1493.85,1537.25,1493.55,1523.7,796780
2024-07-30,1523.7,1530.0,1512.7,1518.75,260145
2024-07-31,1516.0,1536.75,1497.2,1500.25,341577
2024-08-01,1500.0,1512.0,1480.5,1490.3,229898
2024-08-02,1480.0,1494.85,1466.1,1470.85,206704
2024-08-05,1459.95,1459.95,1401.4,1417.8,416720
2024-08-06,1417.8,1447.75,1401.1,1406.1,185277
2024-08-07,1414.95,1468.5,1414.95,1463.6,375609
2024-08-08,1455.4,1474.85,1442.55,1455.2,270354
2024-08-09,1467.0,1505.0,1467.0,1501.2,412492
2024-08-12,1490.0,1510.0,1470.55,1475.1,270372
2024-08-13,1479.9,1488.95,1450.0,1453.3,476761
2024-08-14,1465.0,1472.0,1423.0,1432.9,301988
2024-08-16,1460.0,1503.2,1457.0,1500.05,1047796
2024-08-19,1530.0,1562.4,1512.9,1520.8,1311965
2024-08-20,1530.0,1530.35,1487.45,1505.0,696087
2024-08-21,1500.0,1526.8,1497.0,1516.35,259833
2024-08-22,1525.0,1534.8,1510.1,1515.15,286835
2024-08-23,1519.0,1520.0,1480.0,1485.8,340053
2024-08-26,1498.0,1516.9,1489.0,1511.9,278133
2024-08-27,1512.0,1524.6,1504.05,1520.5,476415
2024-08-28,1522.0,1552.0,1513.55,1519.1,644917
2024-08-29,1519.1,1524.6,1496.1,1509.3,240045
2024-08-30,1516.2,1530.0,1510.0,1514.55,172436
2024-09-02,1524.9,1524.9,1502.0,1513.5,189684
2024-09-03,1515.0,1524.1,1507.05,1515.6,174045
2024-09-04,1503.0,1539.95,1502.05,1527.1,319450
2024-09-05,1528.3,1590.95,1528.3,1580.15,1530650
2024-09-06,1583.0,1586.4,1549.4,1567.1,653874
2024-09-09,1566.9,1571.0,1541.85,1566.45,220074
2024-09-10,1576.95,1610.75,1570.1,1601.1,640762
2024-09-11,1600.95,1603.9,1578.3,1584.75,146187
2024-09-12,1598.9,1607.75,1585.0,1595.15,201472
2024-09-13,1596.25,1661.0,1595.15,1655.15,1503468
2024-09-16,1665.95,1704.15,1657.0,1689.9,894486
2024-09-17,1689.0,1707.75,1662.35,1669.9,540956
2024-09-18,1669.9,1718.75,1660.7,1676.6,636369
2024-09-19,1688.85,1692.15,1636.5,1673.35,301554
2024-09-20,1676.05,1685.05,1648.45,1654.2,341329
2024-09-23,1660.0,1702.0,1652.1,1698.4,793404
2024-09-24,1698.4,1712.95,1687.65,1704.75,296758
2024-09-25,1700.35,1733.7,1689.15,1715.85,403120
2024-09-26,1715.85,1748.0,1692.2,1740.0,496082
2024-09-27,1738.05,1738.05,1675.35,1684.7,326961
2024-09-30,1684.0,1707.05,1651.15,1663.65,466726
2024-10-01,1675.0,1675.05,1640.6,1647.35,316368
2024-10-03,1612.05,1639.0,1612.05,1629.7,474034
2024-10-04,1624.0,1634.0,1587.05,1599.5,379245
2024-10-07,1620.0,1620.0,1545.0,1548.85,353021
2024-10-08,1548.85,1609.95,1548.15,1603.85,441130
2024-10-09,1619.0,1619.0,1592.0,1596.95,152992
2024-10-10,1592.0,1626.95,1588.45,1608.25,308542
2024-10-11,1615.95,1637.75,1600.35,1620.5,296771
2024-10-14,1623.95,1628.0,1583.1,1590.0,301461
2024-10-15,1601.0,1644.8,1580.0,1620.75,1696734
2024-10-16,1597.05,1635.0,1572.7,1626.85,1751845
2024-10-17,1624.7,1627.55,1594.55,1609.75,486279
2024-10-18,1612.95,1658.2,1595.05,1610.1,756705
2024-10-21,1623.9,1623.9,1573.0,1580.7,404215
2024-10-22,1595.0,1595.0,1526.15,1533.05,558004
2024-10-23,1533.0,1554.35,1513.85,1530.55,545609
2024-10-24,1530.55,1539.0,1495.0,1508.8,282412
2024-10-25,1518.0,1518.5,1463.75,1489.55,329277
2024-10-28,1489.95,1542.75,1489.55,1530.5,233014
2024-10-29,1537.3,1537.3,1496.2,1524.85,285670
2024-10-30,1524.85,1568.0,1518.25,1561.05,368445
2024-10-31,1570.1,1578.95,1546.6,1570.2,551110
2024-11-01,1585.0,1588.0,1560.0,1575.75,79539
2024-11-04,1567.0,1578.0,1441.0,1498.0,2186721
2024-11-05,1481.55,1514.35,1475.05,1503.7,454185
2024-11-06,1504.0,1526.7,1502.05,1515.0,208174
2024-11-07,1518.0,1523.0,1497.25,1504.85,272812
2024-11-08,1500.0,1500.0,1463.7,1467.2,273155
2024-11-11,1464.0,1486.1,1452.5,1464.0,149516
2024-11-12,1465.0,1502.5,1464.95,1478.6,338471
2024-11-13,1475.0,1495.0,1435.0,1443.35,164139
2024-11-14,1449.15,1479.0,1447.0,1461.55,527499
2024-11-18,1455.0,1470.8,1431.9,1435.75,825613
2024-11-19,1447.9,1493.55,1444.05,1475.5,413564
2024-11-21,1478.85,1483.3,1441.95,1445.2,316881
2024-11-22,1449.05,1471.95,1435.35,1465.7,433892
2024-11-25,1490.0,1496.55,1474.15,1480.7,325670
2024-11-26,1488.3,1488.55,1462.35,1479.7,401122
2024-11-27,1480.5,1521.6,1462.75,1514.2,1298962
2024-11-28,1517.0,1542.6,1503.95,1519.15,528400
2024-11-29,1525.0,1554.9,1525.0,1540.05,464903
2024-12-02,1560.0,1583.2,1547.15,1572.5,1006254
2024-12-03,1583.0,1604.2,1563.1,1598.3,583115
2024-12-04,1607.0,1610.0,1589.65,1597.7,553558
2024-12-05,1610.0,1620.0,1561.25,1577.9,738747
2024-12-06,1587.9,1587.9,1526.55,1547.85,891217
2024-12-09,1560.0,1569.0,1474.05,1480.1,1228435
2024-12-10,1489.0,1495.45,1470.0,1492.3,665813
2024-12-11,1500.0,1511.0,1477.0,1486.6,390322
2024-12-12,1480.0,1486.9,1455.15,1459.65,419755
2024-12-13,1460.8,1463.95,1438.1,1455.2,541893
2024-12-16,1455.3,1484.7,1455.3,1474.35,476715
2024-12-17,1481.45,1539.0,1469.05,1494.6,2061454
2024-12-18,1485.25,1489.5,1404.0,1408.45,1866050
2024-12-19,1395.0,1425.0,1385.0,1421.25,495245
2024-12-20,1423.0,1428.0,1378.0,1382.1,543172
2024-12-23,1389.9,1407.0,1351.1,1361.0,967305
2024-12-24,1367.0,1390.0,1358.3,1373.85,513478
2024-12-26,1376.0,1379.45,1320.35,1336.85,1029874
2024-12-27,1336.85,1350.4,1331.05,1338.65,281337
2024-12-30,1338.65,1347.65,1301.9,1310.0,429343
2024-12-31,1307.7,1312.9,1285.6,1304.9,299936
2025-01-01,1308.0,1321.85,1302.7,1317.25,209839
2025-01-02,1317.25,1323.5,1303.95,1320.2,221330
2025-01-03,1326.15,1329.0,1295.1,1302.15,238934
2025-01-06,1309.0,1312.45,1243.05,1250.7,739335
2025-01-07,1251.95,1253.85,1153.65,1222.7,3168224
2025-01-08,1216.6,1216.6,1166.5,1177.7,962377
2025-01-09,1180.0,1198.0,1158.25,1161.6,844435
2025-01-10,1168.0,1168.25,1125.0,1135.5,753420
2025-01-13,1135.6,1135.9,1073.15,1077.95,807130
2025-01-14,1089.0,1107.9,1077.45,1086.25,876149
2025-01-15,1110.0,1110.0,1080.15,1084.55,691164
2025-01-16,1095.0,1122.45,1080.7,1083.2,719652
2025-01-17,1084.75,1110.75,1077.05,1102.2,460597
2025-01-20,1118.0,1118.0,1082.55,1092.45,365766
2025-01-21,1095.0,1110.0,1075.0,1077.4,547665
2025-01-22,1074.95,1076.85,1051.55,1068.7,680552
2025-01-23,1068.7,1098.85,1061.7,1092.8,452348
2025-01-24,1087.3,1099.2,1060.2,1064.1,438523
2025-01-27,1052.0,1056.35,1030.0,1035.75,444809
2025-01-28,1048.0,1059.2,1025.85,1053.95,566848
2025-01-29,1059.0,1086.25,1045.9,1083.9,359816
2025-01-30,1085.0,1090.95,1059.35,1068.8,291186
2025-01-31,1077.0,1103.9,1067.1,1090.5,425538
2025-02-01,1097.9,1139.9,1062.1,1123.75,551609
2025-02-03,1115.55,1132.0,1093.1,1112.0,403857
2025-02-04,1116.55,1121.4,1088.15,1106.7,558687
2025-02-05,1100.05,1137.75,1100.05,1132.4,592510
2025-02-06,1133.1,1150.5,1085.25,1121.35,1465907
2025-02-07,1126.0,1153.0,1066.0,1088.35,1794207
2025-02-10,1088.35,1119.5,1071.1,1075.75,739910
2025-02-11,1075.0,1082.75,1043.55,1052.05,459348
2025-02-12,1060.55,1073.85,1030.6,1054.3,635061
2025-02-13,1059.0,1078.5,1049.35,1060.45,397984
2025-02-14,1069.45,1072.95,1005.6,1018.25,597668
2025-02-17,1021.3,1023.2,999.0,1006.55,444853
2025-02-18,1008.8,1011.7,982.45,988.25,465256
2025-02-19,988.0,993.9,977.05,990.4,470408
2025-02-20,993.9,1014.0,982.1,1009.2,482715
2025-02-21,1011.0,1025.0,1005.0,1012.0,364404
2025-02-24,1005.95,1019.55,994.15,999.1,458916
2025-02-25,999.6,1024.25,967.0,984.4,1017054
2025-02-27,988.0,990.85,901.15,916.25,1796996
2025-02-28,907.0,981.0,866.3,903.95,734676
2025-03-03,906.05,921.35,888.75,895.2,461183
2025-03-04,890.05,935.9,875.0,928.1,906249
2025-03-05,929.0,962.6,929.0,953.05,536503
2025-03-06,966.45,983.2,959.9,980.8,551431
2025-03-07,980.85,989.5,957.1,962.75,318772
2025-03-10,957.0,974.75,935.2,941.4,335277
2025-03-11,930.1,949.0,909.2,939.55,327601
2025-03-12,940.0,944.15,910.1,916.75,233237
2025-03-13,917.0,928.85,898.0,899.8,368733
2025-03-17,892.0,913.95,883.9,901.25,432932
2025-03-18,920.0,965.5,910.75,961.7,1156264
2025-03-19,966.0,983.55,950.0,977.75,505248
2025-03-20,990.0,998.75,953.6,960.2,366285
2025-03-21,962.0,978.55,958.9,974.4,328260
2025-03-24,984.4,1004.45,970.05,976.85,392155
2025-03-25,986.0,989.25,944.95,947.7,367268
2025-03-26,947.7,950.3,920.0,926.25,367539
2025-03-27,929.6,950.0,916.5,932.95,664174
2025-03-28,939.0,949.0,907.0,912.55,511952
2025-04-01,913.0,974.9,913.0,962.6,1351705
2025-04-02,954.55,972.7,932.7,968.1,426560
2025-04-03,955.0,983.05,954.05,959.55,472001
2025-04-04,955.0,957.45,894.0,899.95,474250
2025-04-07,859.85,870.0,830.0,848.7,440078
2025-04-08,875.0,888.8,861.25,883.7,398365
2025-04-09,883.7,888.7,862.3,869.5,375514
2025-04-11,900.0,923.95,879.3,915.7,682607
2025-04-15,925.0,948.5,921.55,945.8,266436
2025-04-16,941.0,955.75,936.0,952.75,206443
2025-04-17,952.75,969.25,938.9,961.95,188712
2025-04-21,968.1,982.5,946.85,970.7,354646
2025-04-22,971.05,998.9,963.85,968.45,367031
2025-04-23,972.95,985.9,963.4,982.55,181947
2025-04-24,980.0,1019.5,973.85,1012.1,640089
2025-04-25,1020.0,1033.7,965.0,980.0,463879
2025-04-28,970.0,1002.25,970.0,982.95,187389
2025-04-29,991.4,991.9,960.1,964.05,152652
2025-04-30,960.1,971.0,935.0,942.4,262823
2025-05-02,942.4,958.0,930.95,955.6,186754
2025-05-05,950.75,956.0,942.05,950.1,135660
2025-05-06,945.0,956.0,930.0,937.55,136773
2025-05-07,925.0,940.0,915.0,935.9,183916
2025-05-08,929.0,953.0,929.0,932.5,169704
2025-05-09,930.0,931.95,915.0,921.45,141770
2025-05-12,948.0,970.0,937.5,962.8,521453
2025-05-13,953.0,960.0,940.0,946.85,274640
2025-05-14,946.85,971.0,936.0,965.65,405753
2025-05-15,968.95,995.1,949.0,991.15,743536
2025-05-16,990.05,1025.1,976.05,1017.4,531300
2025-05-19,1008.0,1031.0,989.35,990.7,288691
2025-05-20,990.7,992.8,954.1,970.3,685237
2025-05-21,966.0,976.6,955.0,956.95,273871
2025-05-22,955.0,972.8,949.2,954.15,350255
2025-05-23,956.05,984.8,952.0,972.8,309726
2025-05-26,973.0,993.8,972.0,988.95,203917
2025-05-27,985.0,999.0,984.95,992.6,206488
2025-05-28,985.0,1017.95,983.9,1015.0,325895
2025-05-29,1021.0,1023.6,996.55,1000.65,236393
2025-05-30,1000.6,1004.5,980.55,985.25,327377
2025-06-02,988.0,1044.9,985.0,1014.15,1038747
2025-06-03,1020.0,1053.0,1001.65,1042.8,671390
2025-06-04,1050.0,1079.8,1043.05,1060.35,974645
2025-06-05,1059.0,1063.7,1035.0,1039.2,327881
2025-06-06,1046.1,1048.0,1017.1,1020.0,247396
2025-06-09,1030.0,1034.95,1011.0,1012.1,273655
2025-06-10,1020.95,1024.0,1005.9,1008.2,170560
2025-06-11,1020.0,1020.05,997.0,999.5,205099
2025-06-12,995.0,1004.15,973.7,983.45,261256
2025-06-13,975.15,975.95,951.55,954.55,462567
2025-06-16,964.95,970.0,936.15,967.5,259390
2025-06-17,962.0,966.0,949.0,951.8,217783
2025-06-18,952.0,959.7,943.0,952.5,218291
2025-06-19,952.0,971.6,950.8,961.05,257290
2025-06-20,960.0,971.85,936.0,940.65,277846
2025-06-23,941.1,955.0,932.0,951.9,253897
2025-06-24,958.0,980.05,952.15,964.1,296361
2025-06-25,961.0,982.35,960.0,966.55,200392
2025-06-26,966.55,972.9,960.0,965.2,164772
2025-06-27,966.0,981.6,964.0,968.15,185598
2025-06-30,971.0,973.4,955.6,970.1,149318
2025-07-01,970.1,971.1,956.0,964.65,171933
2025-07-02,958.15,966.85,956.1,960.1,137105
2025-07-03,964.9,982.35,956.05,978.15,258790
2025-07-04,979.0,987.7,970.4,977.0,189459
2025-07-07,976.05,983.4,961.95,974.3,285041
2025-07-08,974.3,978.4,963.35,971.75,320682
2025-07-09,968.0,1010.5,968.0,1001.8,615522
2025-07-10,1001.0,1019.0,991.45,1011.9,461969
2025-07-11,1000.0,1007.95,985.25,989.5,261026
2025-07-14,984.0,1001.75,967.0,981.25,299356
2025-07-15,977.2,1017.0,977.2,989.55,695175
2025-07-17,980.0,984.6,973.0,976.15,122826
2025-07-18,978.0,1030.0,958.45,1019.4,1321807
2025-07-21,1019.0,1045.0,1018.0,1032.45,901067
2025-07-22,1035.0,1042.5,1008.0,1018.65,397438
2025-07-23,1012.0,1035.0,1005.0,1019.85,238040
2025-07-24,1025.0,1028.9,1004.4,1010.9,200505
2025-07-25,1005.1,1008.55,991.5,1000.1,246132
2025-07-28,1005.1,1025.0,972.05,978.7,210758
2025-07-29,979.55,991.85,966.95,988.15,120428
2025-07-30,988.15,1008.25,985.0,987.65,105160
2025-07-31,988.0,1004.9,975.0,999.8,270455
2025-08-01,1004.7,1024.0,985.5,998.05,271027
2025-08-04,1005.0,1022.5,990.0,1017.85,143445
2025-08-05,1015.0,1038.9,1011.45,1036.2,375067
2025-08-06,1044.0,1044.0,1001.05,1035.5,1121342
2025-08-07,1038.0,1085.0,1035.5,1067.45,1900405
2025-08-08,1076.0,1117.9,1056.95,1071.25,1094848
2025-08-11,1063.0,1096.0,1056.1,1073.5,431836
2025-08-12,1075.2,1106.7,1075.2,1090.1,631433
2025-08-13,1099.0,1099.0,1070.15,1078.7,342247
2025-08-14,1086.9,1099.0,1071.0,1079.0,434008
2025-08-18,1091.0,1093.2,1050.0,1055.65,318449
2025-08-19,1063.9,1103.35,1060.9,1096.2,920177
2025-08-20,1095.0,1098.9,1080.0,1086.95,200360
2025-08-21,1084.5,1130.0,1084.5,1122.55,930570
2025-08-22,1129.65,1138.5,1122.7,1131.2,286101
2025-08-25,1131.2,1135.0,1105.05,1108.9,161650
2025-08-26,1106.0,1147.7,1100.0,1139.25,839358
2025-08-28,1129.75,1133.0,1113.1,1120.95,329989
2025-08-29,1115.5,1129.75,1101.25,1119.9,302445
2025-09-01,1123.0,1129.1,1110.0,1119.3,143997
2025-09-02,1112.5,1128.0,1099.6,1119.4,394367
2025-09-03,1124.0,1140.0,1106.4,1121.8,264756
2025-09-04,1144.0,1144.9,1120.0,1130.8,318362
2025-09-05,1130.8,1166.0,1109.2,1146.3,938356
2025-09-08,1140.0,1144.0,1100.0,1111.8,314109
2025-09-09,1111.9,1160.2,1111.9,1129.4,582060
2025-09-10,1130.6,1137.4,1110.0,1121.2,359138
2025-09-11,1122.9,1148.0,1122.6,1135.7,344058
2025-09-12,1135.0,1140.5,1119.0,1120.8,152500
2025-09-15,1121.8,1129.0,1106.4,1113.6,201314
2025-09-16,1118.8,1149.0,1109.5,1146.1,399795
2025-09-17,1144.9,1150.0,1131.3,1135.2,171361
2025-09-18,1140.9,1145.0,1125.0,1127.8,149385
2025-09-19,1130.0,1133.5,1110.0,1115.9,535779
2025-09-22,1115.9,1122.5,1100.0,1108.0,272589
2025-09-23,1112.5,1119.9,1100.0,1115.2,302370
2025-09-24,1120.0,1121.5,1100.8,1114.0,169548
2025-09-25,1106.0,1115.4,1097.5,1109.7,241071
2025-09-26,1115.0,1119.9,1087.0,1108.5,237643
2025-09-29,1091.1,1114.9,1091.1,1100.9,104237
2025-09-30,1090.0,1090.6,1067.7,1075.0,434374
2025-10-01,1078.5,1107.2,1070.9,1099.0,122412
2025-10-03,1095.0,1133.5,1082.7,1127.3,381603
2025-10-06,1121.3,1128.8,1105.3,1109.8,169540
2025-10-07,1109.8,1112.5,1090.0,1093.2,188186
2025-10-08,1097.7,1108.9,1085.3,1091.3,176781
2025-10-09,1111.0,1140.3,1090.0,1093.4,773639
2025-10-10,1086.0,1098.5,1086.0,1090.0,360711
2025-10-13,1090.1,1110.6,1086.7,1099.9,380841
2025-10-14,1110.0,1110.9,1091.3,1105.4,377470
2025-10-15,1106.0,1113.9,1097.5,1101.9,128831
2025-10-16,1101.9,1115.0,1095.0,1098.1,129282
2025-10-17,1096.1,1129.0,1073.1,1092.6,941428
2025-10-20,1105.0,1167.5,1098.5,1157.9,1066335
2025-10-21,1157.9,1176.1,1145.0,1154.9,124978
2025-10-23,1155.1,1169.6,1145.7,1156.5,483833
2025-10-24,1158.8,1168.3,1142.5,1161.0,531192
2025-10-27,1170.1,1185.0,1162.7,1179.2,378763
2025-10-28,1179.2,1224.0,1175.1,1184.4,630972
2025-10-29,1185.6,1240.2,1179.7,1233.1,544538
2025-10-30,1237.0,1249.7,1225.1,1241.0,287842
2025-10-31,1235.0,1235.8,1200.8,1206.6,411955
2025-11-03,1207.7,1224.1,1187.0,1205.9,254232
2025-11-04,1200.0,1207.5,1157.5,1162.0,276627
2025-11-06,1157.0,1168.1,1132.6,1142.9,388413
2025-11-07,1140.0,1159.5,1125.7,1153.2,197942
2025-11-10,1153.2,1153.2,1120.5,1128.8,195074
2025-11-11,1128.8,1147.4,1122.3,1127.9,188621
2025-11-12,1132.8,1133.7,1093.5,1099.4,286333
2025-11-13,1100.1,1115.2,1085.6,1092.3,297164
2025-11-14,1095.2,1107.2,1077.4,1083.3,168615
2025-11-17,1088.0,1121.0,1084.2,1107.2,406773
2025-11-18,1114.4,1123.8,1103.3,1113.0,177443
2025-11-19,1113.2,1125.0,1093.4,1114.7,210078
2025-11-20,1115.5,1117.0,1096.0,1099.5,154877
2025-11-21,1103.6,1106.0,1088.3,1095.3,126929
2025-11-24,1090.0,1098.3,1066.0,1078.7,279592
2025-11-25,1076.5,1076.5,1035.5,1049.6,495795
2025-11-26,1049.6,1092.7,1041.3,1085.1,242082
2025-11-27,1083.0,1083.0,1060.8,1067.6,152252
2025-11-28,1067.6,1078.0,1060.2,1067.9,192840
2025-12-01,1067.3,1103.9,1061.0,1096.4,273327
2025-12-02,1103.9,1106.9,1088.0,1105.2,106673
2025-12-03,1105.2,1145.0,1096.0,1129.7,540514
2025-12-04,1130.0,1131.0,1085.1,1097.4,251405
2025-12-05,1097.6,1105.0,1086.0,1091.0,208129
2025-12-08,1101.8,1117.9,1080.0,1088.0,452226
2025-12-09,1088.0,1092.8,1045.9,1081.9,412075
2025-12-10,1082.0,1086.5,1053.0,1059.6,108978
2025-12-11,1067.7,1067.7,1044.0,1055.2,99238
2025-12-12,1062.0,1074.0,1050.0,1051.9,211336
2025-12-15,1075.0,1134.0,1072.9,1086.6,2604808
2025-12-16,1094.2,1094.2,1062.3,1079.8,456221
2025-12-17,1080.0,1080.4,1059.5,1065.8,300093
2025-12-18,1061.0,1064.7,1042.5,1044.3,455894
2025-12-19,1049.9,1066.0,1042.9,1060.4,509296
2025-12-22,1070.0,1070.0,1041.4,1046.2,514812
2025-12-23,1053.0,1053.9,1017.8,1024.7,466139
2025-12-24,1028.4,1040.4,1017.0,1024.3,541706
2025-12-26,1030.0,1031.9,998.0,1000.9,508711
2025-12-29,997.0,1026.8,995.0,1014.8,367264
2025-12-30,1013.8,1013.8,992.7,995.5,376624
2025-12-31,996.0,1019.0,996.0,1015.2,245948
2026-01-01,1012.0,1025.0,1011.1,1017.0,127215
2026-01-02,1032.3,1048.9,1021.8,1030.2,642003
2026-01-05,1040.0,1047.9,1025.0,1039.5,482723
2026-01-06,1039.5,1055.1,1025.0,1027.9,571833
2026-01-07,1028.0,1053.1,1024.9,1042.6,504993
2026-01-08,1045.0,1047.5,1017.0,1020.2,384618
2026-01-09,1023.5,1030.0,1002.2,1004.3,264613
2026-01-12,1000.3,1002.5,956.5,981.9,682498
2026-01-13,989.0,1051.0,985.4,1042.7,957305
2026-01-14,1035.0,1044.0,1012.2,1020.0,428347
2026-01-16,1015.0,1031.8,1005.4,1029.0,346907
2026-01-19,1020.0,1020.0,989.5,995.7,325000
2026-01-20,1000.0,1002.2,959.1,961.9,346195
2026-01-21,964.5,967.0,934.1,949.2,426168
2026-01-22,960.0,977.2,950.7,957.4,292800
2026-01-23,960.5,964.0,923.1,931.0,352758
2026-01-27,950.0,982.8,919.0,954.5,456476
2026-01-28,956.2,956.2,932.0,934.8,415727
2026-01-29,935.0,949.0,926.3,945.1,172507
2026-01-30,936.6,979.9,922.9,974.8,370613
2026-02-01,967.0,993.0,951.0,958.15,221636
2026-02-02,955.0,978.25,950.0,966.95,234051
2026-02-03,994.0,994.0,972.7,985.7,175425
2026-02-04,990.85,1029.1,986.1,1014.95,421619
2026-02-05,1019.0,1034.0,912.7,986.7,1111766
2026-02-06,984.05,1013.0,959.0,1006.4,384180
2026-02-09,1009.0,1048.85,998.0,1043.35,415966
2026-02-10,1044.0,1079.4,1038.4,1076.05,464891
2026-02-11,1078.0,1113.75,1071.05,1108.75,432121
2026-02-12,1106.05,1106.05,1063.9,1081.5,507888
2026-02-13,1070.05,1074.8,1047.1,1053.15,262874
2026-02-16,1040.0,1047.15,1026.65,1032.5,312563
2026-02-17,1029.0,1050.95,1024.95,1044.35,266661
2026-02-18,1041.95,1057.25,1017.55,1049.7,370511
2026-02-19,1040.0,1056.5,1008.0,1023.55,404906
2026-02-20,1027.0,1043.0,1015.6,1036.25,194767
2026-02-23,1037.9,1049.85,1017.3,1031.9,177015
2026-02-24,1021.0,1034.9,1006.75,1032.1,292970
2026-02-25,1032.8,1055.0,1024.2,1035.15,174522
2026-02-26,1035.15,1037.4,1021.55,1032.35,166077
2026-02-27,1030.7,1035.0,1018.4,1022.2,182173
2026-03-02,1000.0,1031.9,1000.0,1016.4,241669
2026-03-04,1005.0,1013.8,989.7,1009.9,335863
2026-03-05,1013.9,1042.0,1009.9,1027.5,361077
2026-03-06,1024.0,1040.0,1020.7,1023.3,231099
2026-03-09,1002.9,1029.0,982.2,1018.0,581689
2026-03-10,1025.9,1048.6,1019.6,1045.4,334317
2026-03-11,1040.0,1057.7,1021.0,1028.3,325905
2026-03-12,1020.0,1020.6,990.0,996.3,403965
2026-03-13,995.0,1001.3,963.4,973.9,315561
2026-03-16,977.9,980.5,956.0,977.2,328042
2026-03-17,980.2,1016.4,980.2,1003.3,577877
2026-03-18,1010.0,1028.8,1008.7,1019.2,373927
2026-03-19,1010.0,1040.0,991.0,997.4,839992
2026-03-20,1010.0,1029.0,981.2,986.0,446230
2026-03-23,986.0,993.0,930.4,941.9,586602
2026-03-24,954.9,963.9,936.7,946.3,371370
2026-03-25,954.5,969.5,950.3,954.4,411262
2026-03-27,952.9,955.0,925.0,938.0,361536
2026-03-30,930.0,936.0,907.4,918.6,684294
2026-04-01,952.0,960.0,934.9,945.05,316227
2026-04-02,935.0,947.6,915.05,942.4,187203
2026-04-06,942.4,953.05,931.75,939.05,313063
2026-04-07,932.0,960.0,932.0,946.4,183911
2026-04-08,979.0,985.0,951.05,955.05,584639
2026-04-09,963.0,972.8,937.0,941.95,264217
2026-04-10,951.35,958.6,930.1,948.7,200572
2026-04-13,930.0,944.35,927.05,934.85,191865
2026-04-15,949.15,960.95,941.0,942.9,324363
2026-04-16,950.0,960.95,944.05,950.85,173649
2026-04-17,954.0,959.8,935.0,937.65,474217
2026-04-20,937.65,944.0,925.6,939.3,454222
2026-04-21,943.0,976.0,939.3,973.0,513949
2026-04-22,973.0,994.9,969.0,990.3,263268
2026-04-23,993.0,1010.25,989.65,1005.0,667485
2026-04-24,1010.0,1012.1,992.9,1004.15,1346555
2026-04-27,1005.0,1029.5,1005.0,1018.9,458711
2026-04-28,1025.2,1079.9,1025.0,1051.75,853039
2026-04-29,1056.75,1099.0,1053.05,1092.55,421639
2026-04-30,1085.5,1089.55,1056.2,1068.9,313748
2026-05-04,1069.0,1082.7,1054.0,1059.1,156919
2026-05-05,1055.5,1079.0,1055.1,1063.1,161546
2026-05-06,1066.0,1081.9,1060.0,1068.9,147869
2026-05-07,1067.1,1090.4,1060.8,1066.1,278794
2026-05-08,1061.1,1077.1,1061.1,1073.8,144843
2026-05-11,1074.9,1110.0,1017.0,1026.0,2370548
2026-05-12,1045.0,1045.0,1000.0,1014.6,558731
2026-05-13,995.0,1032.0,992.3,1023.5,326475
2026-05-14,1024.3,1032.4,1008.0,1021.9,135942
2026-05-15,1030.0,1032.0,1002.5,1009.9,147989
2026-05-18,996.5,1012.0,990.0,1007.9,144811
2026-05-19,1010.0,1028.4,998.4,1013.8,131370
2026-05-20,1005.0,1005.0,993.0,996.1,106849
2026-05-21,997.0,1003.5,983.0,987.6,107230
2026-05-22,998.5,998.5,977.2,979.8,213950
2026-05-25,990.0,1005.1,979.0,981.4,239536
2026-05-26,984.9,992.0,965.0,967.7,202611
2026-05-27,969.5,979.3,949.9,957.8,170408
2026-05-29,957.8,972.0,957.8,962.6,210317
2026-06-03,985.2,985.8,979.2,981.35,6394
