date,open,high,low,close,volume
2003-09-05,15.84,15.84,14.91,14.96,14942
2003-09-08,15.06,16.97,14.96,16.33,25685
2003-09-09,16.38,16.58,15.35,16.09,27046
2003-09-10,15.89,16.09,15.75,15.94,5090
2003-09-11,15.89,16.14,15.75,15.84,13734
2003-09-12,15.94,15.94,15.65,15.65,9032
2003-09-15,15.45,15.6,15.45,15.45,6386
2003-09-16,15.65,15.65,15.4,15.45,2392
2003-09-17,15.4,16.04,15.4,15.5,6220
2003-09-18,15.5,15.75,15.31,15.5,9844
2003-09-19,15.45,15.45,15.26,15.31,9805
2003-09-22,15.21,15.26,15.16,15.21,6987
2003-09-23,14.87,15.65,14.77,14.96,11534
2003-09-24,15.16,15.26,15.06,15.11,6532
2003-09-25,15.06,15.06,14.77,14.87,3371
2003-09-26,15.26,15.31,14.96,15.06,6659
2003-09-29,15.16,15.35,15.01,15.11,3203
2003-09-30,15.01,15.26,14.96,15.11,2763
2003-10-01,15.01,15.01,14.77,14.96,5213
2003-10-03,15.01,15.21,15.01,15.06,14060
2003-10-06,15.26,15.26,15.01,15.06,3712
2003-10-07,15.16,15.45,15.11,15.16,7396
2003-10-08,15.21,15.26,15.06,15.06,4300
2003-10-09,15.06,15.26,15.01,15.01,12895
2003-10-10,15.06,15.26,15.06,15.21,6096
2003-10-13,15.5,15.6,14.96,15.5,10734
2003-10-14,15.5,15.65,15.35,15.45,8483
2003-10-15,15.5,16.14,15.45,15.89,10370
2003-10-16,15.75,16.19,15.65,15.84,24322
2003-10-17,16.14,16.63,16.04,16.19,19099
2003-10-20,15.89,16.33,15.65,15.94,9696
2003-10-21,15.65,15.75,15.16,15.5,7582
2003-10-22,15.4,15.79,15.35,15.5,3392
2003-10-23,15.45,15.55,15.26,15.35,10783
2003-10-24,15.21,15.35,15.16,15.26,4400
2003-10-25,15.4,15.65,15.4,15.6,3942
2003-10-27,16.14,16.14,15.7,15.84,9664
2003-10-28,16.04,16.28,15.89,15.99,37126
2003-10-29,16.53,16.53,15.84,15.94,10436
2003-10-30,15.84,16.63,15.84,16.53,16455
2003-10-31,16.63,18.0,16.23,17.56,62455
2003-11-03,17.41,17.6,16.53,16.87,11745
2003-11-04,17.12,17.31,16.72,17.12,12557
2003-11-05,17.46,17.46,16.77,17.12,20570
2003-11-06,16.14,17.26,16.14,16.97,8181
2003-11-07,17.16,17.21,17.12,17.12,13142
2003-11-10,17.21,17.21,17.12,17.16,6950
2003-11-11,17.21,17.36,17.07,17.21,10104
2003-11-12,17.21,18.48,17.21,17.7,78870
2003-11-13,17.85,18.09,17.6,17.65,25879
2003-11-14,17.36,17.8,17.36,17.6,38054
2003-11-15,17.6,17.6,17.46,17.6,4250
2003-11-17,17.6,18.09,17.6,18.04,15306
2003-11-18,18.34,18.92,18.09,18.58,30645
2003-11-19,18.83,18.88,18.44,18.78,39473
2003-11-20,18.92,19.22,18.68,18.92,15273
2003-11-21,20.44,20.44,18.34,18.44,26890
2003-11-24,18.58,18.58,17.6,17.9,36692
2003-11-25,17.9,18.39,17.65,17.8,23042
2003-11-27,18.53,19.51,18.24,18.78,51447
2003-11-28,19.51,19.51,18.63,18.73,30535
2003-12-01,19.07,19.8,18.97,19.66,92406
2003-12-02,19.95,19.95,19.07,19.46,80257
2003-12-03,19.56,21.71,19.32,21.47,131230
2003-12-04,21.52,23.47,21.27,22.98,132021
2003-12-05,22.49,23.77,22.2,22.69,114247
2003-12-08,23.03,23.52,22.59,22.84,68231
2003-12-09,23.47,27.43,22.84,27.43,310036
2003-12-10,28.56,32.96,28.17,32.32,776729
2003-12-11,32.86,33.45,29.24,29.44,171010
2003-12-12,29.68,30.32,26.5,28.17,133479
2003-12-15,29.54,30.32,28.26,28.7,111483
2003-12-16,27.97,28.36,26.8,27.48,69889
2003-12-17,29.1,30.27,28.26,30.27,136790
2003-12-18,32.13,32.81,30.47,30.71,214108
2003-12-19,31.3,31.3,28.46,29.44,56270
2003-12-22,29.34,29.78,28.36,29.0,62311
2003-12-23,29.44,29.44,26.41,26.8,86052
2003-12-24,27.63,29.49,26.26,29.49,177791
2003-12-26,28.66,32.47,26.94,32.42,409254
2003-12-29,32.27,34.57,31.79,33.5,265031
2003-12-30,34.62,35.8,32.27,32.52,155058
2003-12-31,31.79,35.8,31.3,35.65,545070
2004-01-01,35.75,37.12,34.13,35.21,192635
2004-01-02,36.14,36.68,34.62,34.96,160394
2004-01-05,36.09,38.0,35.45,37.41,265910
2004-01-06,38.14,39.56,35.31,35.99,349745
2004-01-07,36.68,37.85,35.26,35.99,102576
2004-01-08,36.77,38.58,36.77,37.75,166418
2004-01-09,38.63,38.63,34.47,36.82,129868
2004-01-12,36.19,37.85,36.19,36.63,121277
2004-01-13,36.19,36.68,33.89,35.6,67616
2004-01-14,34.43,35.84,33.74,34.57,65450
2004-01-15,34.47,36.33,33.01,33.35,86128
2004-01-16,33.01,33.79,30.61,31.64,99146
2004-01-19,32.08,32.08,28.85,30.32,76862
2004-01-20,30.32,31.74,29.39,29.58,75173
2004-01-21,29.34,29.34,26.65,26.85,83778
2004-01-22,26.16,27.38,24.21,24.74,63384
2004-01-23,26.85,27.24,23.72,26.9,68835
2004-01-27,27.38,28.12,26.65,27.92,24205
2004-01-28,27.68,28.61,26.41,26.7,36375
2004-01-29,27.29,28.17,26.55,27.24,40039
2004-01-30,27.38,27.38,24.94,25.33,92883
2004-02-03,24.99,25.53,24.01,24.16,40788
2004-02-04,23.72,24.69,23.28,23.96,34636
2004-02-05,24.45,24.45,23.47,23.81,16712
2004-02-06,24.06,24.45,23.33,24.21,14173
2004-02-09,23.52,24.45,23.52,24.45,24644
2004-02-10,24.25,24.69,24.06,24.35,19552
2004-02-11,24.21,24.45,23.47,23.77,80870
2004-02-12,23.57,24.45,23.57,24.3,56568
2004-02-13,24.45,24.45,23.52,23.81,50865
2004-02-16,24.01,24.45,23.62,23.86,41687
2004-02-17,24.25,24.25,23.47,23.62,8969
2004-02-18,23.72,24.35,23.62,23.96,11964
2004-02-19,24.25,24.25,22.54,22.84,45145
2004-02-20,21.81,23.23,21.81,22.45,18821
2004-02-23,22.64,22.89,21.08,21.42,24714
2004-02-24,20.59,21.47,20.2,20.73,23249
2004-02-25,20.44,21.86,20.44,21.08,18343
2004-02-26,20.68,21.52,19.66,20.05,31541
2004-02-27,21.17,21.17,19.56,19.95,39671
2004-03-01,19.9,20.98,19.76,20.59,37097
2004-03-03,20.64,21.13,20.64,20.93,150358
2004-03-04,20.64,21.22,20.1,20.39,18598
2004-03-05,19.76,20.54,19.71,20.24,5835
2004-03-08,20.98,20.98,20.24,20.44,12421
2004-03-09,20.39,20.64,20.15,20.59,9302
2004-03-10,20.15,20.78,20.15,20.39,24829
2004-03-11,20.15,20.54,20.05,20.29,14948
2004-03-12,20.1,20.1,19.56,19.71,6434
2004-03-15,20.44,20.44,19.36,19.46,12495
2004-03-16,19.17,19.36,18.58,18.78,28228
2004-03-17,19.07,19.07,18.48,18.63,29259
2004-03-18,18.83,18.88,18.58,18.58,32775
2004-03-19,18.83,18.97,18.53,18.78,35663
2004-03-22,18.88,18.88,18.04,18.39,56463
2004-03-23,18.78,19.56,18.14,18.92,49921
2004-03-24,19.07,19.41,18.58,19.32,29040
2004-03-25,19.32,19.8,18.88,19.61,19806
2004-03-26,20.0,21.42,20.0,20.93,23603
2004-03-29,22.1,23.03,21.91,22.59,41560
2004-03-30,24.11,24.89,23.47,24.65,79987
2004-03-31,26.11,26.11,24.11,24.65,28264
2004-04-01,25.43,25.43,24.5,24.5,11987
2004-04-02,24.01,25.67,24.01,25.28,33776
2004-04-05,26.02,26.5,24.55,25.62,60878
2004-04-06,27.34,27.87,25.62,26.5,75310
2004-04-07,26.41,26.65,24.45,25.28,64234
2004-04-08,25.43,25.43,24.69,25.28,11401
2004-04-12,25.43,25.43,24.55,24.65,26279
2004-04-13,24.45,24.69,24.45,24.55,21545
2004-04-15,24.94,24.94,24.21,24.35,38720
2004-04-16,24.5,24.94,24.06,24.5,25538
2004-04-17,24.89,26.11,24.74,25.82,26608
2004-04-19,24.65,25.67,24.65,24.84,39257
2004-04-20,25.13,25.48,24.55,25.33,20208
2004-04-21,26.31,26.31,24.94,25.23,12136
2004-04-22,24.94,25.87,24.94,25.28,26215
2004-04-23,25.92,25.92,25.23,25.38,22622
2004-04-27,24.11,24.45,24.01,24.06,22929
2004-04-28,26.31,26.31,23.47,23.81,14688
2004-04-29,23.96,23.96,23.37,23.91,22028
2004-04-30,24.45,24.45,23.52,23.96,8016
2004-05-03,23.72,24.4,23.72,24.11,7273
2004-05-04,23.77,25.28,23.77,25.13,14877
2004-05-05,24.45,24.94,24.45,24.79,29235
2004-05-06,25.18,25.43,24.45,25.04,22102
2004-05-07,24.45,25.33,23.77,24.45,28930
2004-05-10,24.45,24.99,24.25,24.6,7862
2004-05-11,23.96,23.96,22.2,23.23,22938
2004-05-12,22.79,23.47,22.49,22.84,15920
2004-05-13,23.47,23.91,22.1,22.98,38367
2004-05-14,22.69,22.69,21.52,21.81,25987
2004-05-17,20.1,21.37,19.8,19.95,29802
2004-05-18,20.93,21.96,19.56,21.81,43706
2004-05-19,22.4,23.42,20.64,21.08,47268
2004-05-20,21.32,21.61,21.32,21.52,16301
2004-05-21,21.52,21.52,21.13,21.47,10405
2004-05-24,21.76,21.86,21.52,21.66,6514
2004-05-25,21.03,22.35,20.64,21.71,11184
2004-05-26,22.49,22.49,21.52,21.52,14823
2004-05-27,21.37,22.1,21.32,21.57,14569
2004-05-28,22.05,22.05,21.03,21.27,20187
2004-05-31,21.03,21.03,20.24,20.34,13900
2004-06-01,20.78,21.03,20.54,20.68,10669
2004-06-02,21.47,21.47,20.59,20.78,3595
2004-06-03,20.68,20.93,20.39,20.49,9409
2004-06-04,21.86,22.4,20.64,22.05,32387
2004-06-07,22.01,22.25,21.47,22.01,36041
2004-06-08,21.81,22.49,21.81,22.1,23772
2004-06-09,22.05,22.64,22.05,22.49,4608
2004-06-10,23.67,24.25,22.59,23.91,54525
2004-06-11,24.35,25.18,23.96,24.25,81052
2004-06-14,23.77,24.16,23.57,23.62,30297
2004-06-15,23.47,24.84,23.47,24.5,50511
2004-06-16,24.94,25.04,24.45,24.89,15824
2004-06-17,25.48,25.48,24.5,24.79,45932
2004-06-18,25.28,25.28,24.5,24.74,21435
2004-06-21,24.69,26.16,24.69,25.87,48861
2004-06-22,25.53,26.16,24.84,25.43,24903
2004-06-23,25.62,25.62,23.67,24.45,21131
2004-06-24,24.79,25.23,23.96,24.5,35307
2004-06-25,25.18,25.18,24.21,24.6,12400
2004-06-28,23.08,25.09,22.49,24.6,6383
2004-06-29,24.94,25.38,24.74,25.13,13669
2004-06-30,25.43,25.97,24.6,24.74,16003
2004-07-01,25.28,25.67,24.55,24.94,33331
2004-07-02,25.33,25.38,24.84,25.13,11975
2004-07-05,25.43,25.43,24.69,24.74,7573
2004-07-06,24.6,24.94,24.6,24.89,15201
2004-07-07,24.94,25.04,24.65,24.89,6879
2004-07-08,24.94,24.94,23.96,24.4,40048
2004-07-09,24.94,25.43,24.45,24.84,21783
2004-07-12,25.43,25.43,24.55,25.18,4251
2004-07-13,24.84,25.04,24.45,24.74,6137
2004-07-14,24.84,24.89,24.25,24.6,4016
2004-07-15,24.3,24.94,24.25,24.84,10975
2004-07-16,24.74,24.89,24.5,24.84,8681
2004-07-19,24.69,25.38,24.69,25.04,26674
2004-07-20,25.23,25.53,24.94,25.33,40242
2004-07-21,25.33,25.33,24.94,24.94,7172
2004-07-22,24.69,25.43,24.69,25.23,27811
2004-07-23,25.38,25.43,24.45,25.28,18942
2004-07-26,25.43,25.43,25.09,25.23,5360
2004-07-27,25.33,25.33,24.6,24.69,24262
2004-07-28,24.74,24.94,24.65,24.79,6709
2004-07-29,25.18,25.18,24.65,24.79,11303
2004-07-30,24.94,25.13,24.25,24.45,25369
2004-08-02,25.43,25.43,24.45,24.5,37611
2004-08-03,24.45,24.74,24.16,24.35,40061
2004-08-04,24.94,24.94,23.96,24.25,60785
2004-08-05,24.45,24.65,23.96,24.4,35233
2004-08-06,24.69,24.99,24.16,24.69,17911
2004-08-09,24.01,24.79,24.01,24.55,36488
2004-08-10,24.94,25.23,24.45,25.04,20046
2004-08-11,25.13,25.28,25.04,25.04,8470
2004-08-12,25.23,25.28,24.74,25.04,14832
2004-08-13,24.79,25.13,24.79,25.04,4527
2004-08-16,25.13,25.13,24.79,24.89,11139
2004-08-17,24.94,25.43,24.84,25.33,36608
2004-08-18,25.43,25.67,24.94,25.53,23321
2004-08-19,25.28,26.31,25.28,26.11,21483
2004-08-20,25.72,26.31,25.72,25.87,16760
2004-08-23,25.62,25.92,25.28,25.43,10084
2004-08-24,25.43,25.77,25.18,25.38,16163
2004-08-25,24.99,25.77,24.99,25.57,20772
2004-08-26,25.77,26.41,25.67,26.26,33439
2004-08-27,26.41,27.14,26.02,26.8,94749
2004-08-30,25.43,26.9,24.5,26.41,77368
2004-08-31,25.92,26.6,25.48,25.82,53377
2004-09-01,26.36,27.38,25.92,26.06,27525
2004-09-02,26.36,26.7,25.92,26.31,41266
2004-09-03,26.41,26.9,26.11,26.8,71308
2004-09-06,26.41,27.09,26.41,26.94,55186
2004-09-07,26.99,28.46,26.99,28.31,58685
2004-09-08,29.34,29.34,28.36,28.56,44997
2004-09-09,28.36,28.36,27.87,27.92,42338
2004-09-10,28.85,29.1,27.87,28.66,92887
2004-09-13,28.36,29.83,28.36,29.44,93334
2004-09-14,29.44,29.63,28.51,28.75,78633
2004-09-15,29.1,29.93,28.41,29.58,144645
2004-09-16,30.76,30.76,29.14,29.58,57539
2004-09-17,30.32,30.32,29.34,30.22,131017
2004-09-20,29.44,29.98,29.34,29.44,81987
2004-09-21,29.34,29.83,29.34,29.68,69034
2004-09-22,29.39,29.58,29.34,29.34,43345
2004-09-23,28.41,29.54,28.41,28.75,24299
2004-09-24,29.1,29.49,29.1,29.1,68297
2004-09-27,29.34,29.83,28.66,29.14,15427
2004-09-28,30.27,30.27,28.41,28.66,24260
2004-09-29,29.34,29.34,28.36,28.75,16082
2004-09-30,28.85,28.85,28.41,28.66,25817
2004-10-01,28.56,29.0,27.87,28.8,140069
2004-10-04,29.78,30.12,28.41,29.34,45410
2004-10-05,29.34,30.32,28.56,28.61,79985
2004-10-06,28.7,29.0,27.73,27.87,19820
2004-10-07,26.94,28.95,26.94,28.85,69696
2004-10-08,29.49,29.49,28.41,28.41,10471
2004-10-09,29.34,29.44,28.36,28.8,9208
2004-10-11,29.29,29.44,28.7,29.29,44832
2004-10-12,28.8,29.05,28.17,28.26,18551
2004-10-14,28.12,28.56,28.12,28.31,7379
2004-10-15,28.07,29.34,27.48,28.17,51024
2004-10-18,28.17,28.41,28.02,28.07,12128
2004-10-19,27.87,28.85,27.63,28.8,31286
2004-10-20,28.46,31.69,28.46,29.63,168608
2004-10-21,31.64,31.64,29.39,29.93,30660
2004-10-25,29.19,29.93,28.9,29.29,20099
2004-10-26,26.9,29.34,26.65,29.0,13180
2004-10-27,28.8,29.29,28.26,28.61,67680
2004-10-28,27.78,30.32,27.78,29.19,37831
2004-10-29,28.85,29.24,28.17,28.51,23520
2004-11-01,28.95,28.95,28.17,28.85,12410
2004-11-02,28.36,29.58,28.36,29.14,28492
2004-11-03,27.68,29.83,27.68,29.39,32531
2004-11-04,29.73,30.07,28.56,29.39,21185
2004-11-05,29.34,29.44,28.7,29.1,14433
2004-11-08,29.1,29.49,28.56,28.8,11806
2004-11-09,28.85,29.34,28.85,28.95,16541
2004-11-10,28.95,29.1,27.92,28.56,45811
2004-11-11,28.51,29.0,28.36,28.66,12696
2004-11-12,29.34,29.34,28.61,28.9,3272
2004-11-16,29.1,29.34,28.46,28.75,13629
2004-11-17,28.61,29.83,28.61,29.19,32227
2004-11-18,28.7,29.58,28.7,29.39,25884
2004-11-19,29.49,29.83,29.19,29.24,39445
2004-11-22,30.12,30.12,28.9,29.24,26991
2004-11-23,29.39,33.94,29.39,31.83,144586
2004-11-24,32.08,33.15,31.88,32.08,49319
2004-11-25,32.67,32.67,30.81,31.35,31692
2004-11-29,32.27,32.27,31.05,31.88,30567
2004-11-30,32.27,32.96,31.05,31.25,53723
2004-12-01,31.05,31.3,30.32,30.56,32011
2004-12-02,31.1,31.44,30.61,31.05,33849
2004-12-03,31.3,32.03,30.91,31.39,35583
2004-12-06,31.39,32.27,31.39,31.98,72551
2004-12-07,31.83,33.11,31.83,32.37,116565
2004-12-08,32.76,33.99,32.52,32.91,80990
2004-12-09,33.11,33.2,32.37,32.81,10463
2004-12-10,32.27,34.18,32.03,33.5,105114
2004-12-13,33.74,35.55,33.3,35.21,107282
2004-12-14,35.4,35.45,33.84,34.52,42844
2004-12-15,34.96,35.01,32.76,33.06,40236
2004-12-16,34.18,34.18,31.93,31.98,32133
2004-12-17,32.27,32.27,31.1,31.35,23563
2004-12-20,32.03,32.03,31.3,31.54,35148
2004-12-21,35.21,35.21,31.44,31.69,13389
2004-12-22,31.59,32.57,30.32,30.91,50656
2004-12-23,31.3,31.54,30.91,31.3,12811
2004-12-24,31.05,31.74,31.05,31.3,13457
2004-12-27,31.3,32.27,31.3,31.44,32450
2004-12-28,33.45,33.45,31.59,31.79,27916
2004-12-29,31.88,32.27,31.3,31.54,21283
2004-12-30,33.01,33.74,31.98,33.06,128015
2004-12-31,33.74,35.5,33.4,34.72,98717
2005-01-03,7.0,7.0,6.81,6.89,87286
2005-01-04,6.89,7.09,6.7,7.02,84054
2005-01-05,6.94,8.22,6.89,7.18,522512
2005-01-06,7.39,8.41,7.39,7.83,516910
2005-01-07,7.82,7.82,7.24,7.63,131068
2005-01-10,7.65,7.71,7.28,7.5,73279
2005-01-11,7.43,7.57,7.2,7.23,44284
2005-01-12,7.06,7.24,6.8,6.88,63926
2005-01-13,6.9,7.32,6.9,7.19,26550
2005-01-14,7.09,7.28,7.0,7.22,21843
2005-01-17,6.92,7.26,6.89,6.97,24116
2005-01-18,6.89,7.09,6.88,6.99,14945
2005-01-19,6.97,7.14,6.92,7.07,17942
2005-01-20,6.96,7.19,6.96,7.14,60508
2005-01-24,7.04,7.12,6.94,6.99,28294
2005-01-25,6.91,7.24,6.91,7.08,12489
2005-01-27,7.14,7.43,7.04,7.37,68861
2005-01-28,7.43,7.47,7.2,7.26,30303
2005-01-31,7.32,7.37,7.04,7.17,42560
2005-02-01,7.15,7.24,7.07,7.09,20304
2005-02-02,7.22,7.22,7.08,7.13,17907
2005-02-03,7.14,7.34,7.07,7.2,42402
2005-02-04,7.29,7.29,7.04,7.14,34108
2005-02-07,7.41,7.61,7.1,7.48,119011
2005-02-08,7.59,7.72,7.44,7.62,93092
2005-02-09,7.72,8.26,7.72,8.18,457064
2005-02-10,8.36,8.61,8.14,8.42,477284
2005-02-11,8.54,9.49,8.41,9.26,604593
2005-02-14,9.49,9.75,9.03,9.19,264602
2005-02-15,9.11,9.11,8.43,8.54,194373
2005-02-16,8.68,8.99,8.49,8.56,103398
2005-02-17,8.41,8.59,8.26,8.4,38540
2005-02-18,8.51,8.51,8.22,8.23,41797
2005-02-21,8.23,8.39,8.02,8.08,46724
2005-02-22,8.25,8.31,8.02,8.11,32665
2005-02-23,8.08,8.98,8.02,8.83,202014
2005-02-24,8.8,9.1,8.22,8.63,180224
2005-02-25,8.78,8.94,8.31,8.46,47126
2005-02-28,8.61,8.7,8.23,8.36,37138
2005-03-01,8.4,8.9,8.27,8.41,75098
2005-03-02,8.58,9.68,8.4,8.96,367312
2005-03-03,9.0,9.96,9.0,9.72,560039
2005-03-04,9.98,10.05,9.3,9.39,130957
2005-03-07,9.35,10.86,9.2,10.29,436552
2005-03-08,9.98,12.35,9.92,11.94,750729
2005-03-09,12.11,12.68,10.81,12.17,720916
2005-03-10,12.13,12.23,11.4,11.63,246769
2005-03-11,11.79,12.3,11.64,11.75,156129
2005-03-14,11.74,11.74,11.1,11.35,63975
2005-03-15,11.25,11.33,10.97,11.14,75336
2005-03-16,10.81,11.51,10.81,11.17,148205
2005-03-17,11.25,11.74,10.99,11.54,175839
2005-03-18,11.72,12.13,11.27,11.98,189093
2005-03-21,11.58,12.3,11.54,11.91,82730
2005-03-22,11.93,11.93,10.76,11.34,99342
2005-03-23,11.34,11.7,10.76,10.82,53295
2005-03-24,11.14,11.14,10.76,10.93,94091
2005-03-28,10.74,11.14,10.66,10.89,27950
2005-03-29,11.34,11.34,10.28,10.39,99982
2005-03-30,10.57,10.76,9.85,10.64,26249
2005-03-31,10.76,10.95,10.66,10.83,60510
2005-04-01,10.76,11.25,10.66,11.15,40073
2005-04-04,11.34,11.34,10.5,10.6,56491
2005-04-05,10.6,10.76,10.46,10.56,61970
2005-04-06,10.51,10.64,10.46,10.5,9031
2005-04-07,10.76,10.76,10.47,10.49,8104
2005-04-08,10.67,10.67,10.43,10.45,19429
2005-04-11,10.43,10.66,10.09,10.28,16586
2005-04-12,9.98,10.56,9.98,10.24,4736
2005-04-13,10.55,10.56,10.33,10.39,14483
2005-04-15,10.18,10.66,9.88,10.45,23848
2005-04-18,10.12,10.84,10.12,10.38,64520
2005-04-19,10.61,10.73,10.47,10.57,45100
2005-04-20,10.37,10.86,10.37,10.56,67308
2005-04-21,10.49,10.64,10.49,10.56,21105
2005-04-22,10.56,10.86,10.56,10.77,20052
2005-04-25,10.58,10.95,10.57,10.86,73562
2005-04-26,10.62,11.21,10.62,10.94,41874
2005-04-27,10.68,11.82,10.68,11.16,82409
2005-04-28,11.34,11.38,10.95,11.05,37902
2005-04-29,11.05,11.1,10.5,10.79,34537
2005-05-02,10.68,10.86,10.23,10.49,25486
2005-05-03,10.38,10.66,10.38,10.55,25443
2005-05-04,10.49,10.76,10.31,10.59,22729
2005-05-05,10.56,10.76,10.55,10.69,16494
2005-05-06,10.74,11.1,10.53,10.57,109806
2005-05-09,10.91,10.91,10.23,10.29,37800
2005-05-10,10.37,10.56,10.37,10.47,48501
2005-05-11,10.51,10.76,10.42,10.51,26269
2005-05-12,10.56,10.61,10.42,10.55,18274
2005-05-13,10.61,11.5,10.48,11.26,124507
2005-05-16,11.34,11.68,11.1,11.54,167053
2005-05-17,11.74,11.79,10.87,11.25,78734
2005-05-18,10.95,11.05,10.78,10.95,20070
2005-05-19,10.88,11.29,10.88,10.93,26270
2005-05-20,11.74,12.03,10.96,11.16,11183
2005-05-23,11.19,11.34,11.19,11.24,26338
2005-05-24,11.34,11.34,10.9,11.28,30850
2005-05-25,10.94,11.34,10.86,11.15,43794
2005-05-26,10.76,11.52,10.67,10.9,17252
2005-05-27,10.82,11.17,10.69,10.96,20222
2005-05-30,10.82,11.11,10.66,10.7,9347
2005-05-31,10.7,11.11,10.66,10.76,27066
2005-06-01,10.68,11.34,10.68,11.22,58169
2005-06-02,11.06,11.2,10.76,10.78,15100
2005-06-03,11.01,11.86,10.83,11.86,109842
2005-06-04,12.47,13.06,12.0,13.06,222655
2005-06-06,13.01,13.47,12.45,12.53,190240
2005-06-07,12.52,13.11,12.52,13.07,113121
2005-06-08,13.18,13.18,12.42,12.47,96321
2005-06-09,12.53,12.53,11.93,12.01,30640
2005-06-10,12.13,12.28,11.7,11.76,46198
2005-06-13,11.83,12.35,11.55,12.35,55946
2005-06-14,12.49,12.91,11.95,12.13,146794
2005-06-15,12.32,12.73,12.03,12.73,107782
2005-06-16,12.71,12.91,12.1,12.2,153253
2005-06-17,12.41,12.41,11.59,11.92,67161
2005-06-20,12.36,12.36,11.35,11.82,39372
2005-06-21,11.54,11.9,11.54,11.62,20019
2005-06-22,11.79,11.79,11.17,11.22,14996
2005-06-23,11.49,11.49,11.18,11.22,31513
2005-06-24,11.36,11.66,11.34,11.41,18411
2005-06-27,11.72,11.72,11.15,11.29,29772
2005-06-28,11.34,11.53,10.96,11.18,36790
2005-06-29,11.44,11.75,11.44,11.75,86436
2005-06-30,11.82,12.33,11.82,12.28,168289
2005-07-01,11.77,12.36,11.77,12.18,51947
2005-07-04,12.71,12.79,12.71,12.79,117161
2005-07-05,13.32,13.44,13.11,13.2,371890
2005-07-06,13.39,13.87,13.11,13.87,269046
2005-07-07,14.01,14.42,13.31,13.56,216930
2005-07-08,13.97,14.08,13.4,13.74,90737
2005-07-11,14.28,14.44,14.08,14.44,50460
2005-07-12,14.48,15.16,14.48,15.16,143829
2005-07-13,15.43,15.92,15.43,15.65,237853
2005-07-14,15.5,16.04,14.87,14.87,80255
2005-07-15,14.47,15.61,14.12,15.61,226614
2005-07-18,16.0,16.39,15.55,15.64,146411
2005-07-19,15.79,16.14,15.45,15.96,131560
2005-07-20,16.23,16.33,15.45,16.14,71853
2005-07-21,16.23,16.53,15.75,16.02,151953
2005-07-22,16.04,16.28,15.69,15.79,73377
2005-07-25,16.02,16.23,15.16,15.26,58884
2005-07-26,15.89,15.89,15.06,15.17,39823
2005-07-27,14.69,15.22,14.69,15.05,19077
2005-07-29,15.26,15.65,14.47,14.58,80174
2005-08-01,14.3,14.47,13.86,13.9,48526
2005-08-02,14.08,14.38,13.32,14.12,75951
2005-08-03,14.65,14.84,14.28,14.82,58107
2005-08-04,15.16,15.56,14.78,15.39,141613
2005-08-05,15.43,15.44,14.96,15.08,49770
2005-08-08,15.11,15.11,14.87,14.88,44611
2005-08-09,15.11,15.11,14.72,14.91,37579
2005-08-10,15.08,16.41,15.06,16.41,225279
2005-08-11,16.53,16.99,15.89,16.07,109509
2005-08-12,16.14,16.78,15.84,16.49,100754
2005-08-16,16.45,16.82,16.26,16.39,78121
2005-08-17,16.43,16.9,16.43,16.68,106474
2005-08-18,17.41,17.41,16.43,16.53,104400
2005-08-19,16.33,17.02,16.33,16.55,50273
2005-08-22,16.95,18.14,16.63,17.56,247685
2005-08-23,17.6,18.0,16.63,16.78,101010
2005-08-24,15.55,18.14,15.46,17.83,386429
2005-08-25,18.0,18.58,17.7,18.28,249705
2005-08-26,18.47,18.47,17.4,17.52,106316
2005-08-29,17.62,17.8,16.86,17.03,54719
2005-08-30,17.21,18.0,17.12,17.87,74477
2005-08-31,17.6,19.66,17.6,19.66,183273
2005-09-01,20.34,21.62,19.76,20.62,342407
2005-09-02,20.91,21.28,19.66,20.41,295101
2005-09-05,21.22,21.22,19.38,20.04,103077
2005-09-06,20.07,20.17,19.24,19.64,103529
2005-09-08,19.73,20.52,19.73,20.13,59050
2005-09-09,20.44,20.73,19.79,20.55,130759
2005-09-12,20.54,22.61,20.54,22.61,194745
2005-09-13,22.71,23.61,21.32,23.35,343223
2005-09-14,23.65,24.98,22.51,23.05,332485
2005-09-15,22.57,24.45,22.57,22.85,136610
2005-09-16,22.89,23.67,22.4,22.74,115268
2005-09-19,23.08,24.24,22.59,22.92,106392
2005-09-20,23.23,24.45,22.85,23.56,473547
2005-09-21,25.43,25.91,22.69,24.82,822845
2005-09-22,24.16,24.84,22.71,23.1,320037
2005-09-23,23.57,23.67,21.95,23.33,161102
2005-09-26,25.41,25.41,22.89,23.41,127998
2005-09-27,21.52,23.66,21.52,22.26,68558
2005-09-28,22.69,24.14,21.85,23.44,553873
2005-09-29,23.71,23.79,22.49,23.3,152843
2005-09-30,22.5,23.86,22.49,23.6,132107
2005-10-03,23.86,25.97,23.67,25.87,280386
2005-10-04,26.41,28.46,26.02,27.8,679412
2005-10-05,27.78,27.78,26.41,27.07,202856
2005-10-06,26.41,26.5,25.72,25.72,57998
2005-10-07,24.94,25.38,24.44,24.44,66791
2005-10-10,24.41,24.41,23.22,23.75,96058
2005-10-11,23.91,24.25,23.47,23.64,52646
2005-10-13,23.96,24.65,22.5,23.26,73138
2005-10-14,23.08,23.86,22.09,22.93,188059
2005-10-17,23.06,23.2,22.31,22.58,42286
2005-10-18,22.85,23.08,21.46,21.63,30987
2005-10-19,21.46,21.46,20.56,20.56,21338
2005-10-20,21.13,21.51,19.53,19.53,104862
2005-10-21,19.17,19.17,18.56,18.56,10470
2005-10-24,18.52,18.78,17.63,17.63,204837
2005-10-25,16.84,18.52,16.83,18.5,170923
2005-10-26,18.58,19.43,18.58,19.38,85651
2005-10-27,19.54,19.93,18.58,18.6,39224
2005-10-28,18.03,18.69,18.0,18.22,29820
2005-10-31,18.19,18.78,18.0,18.25,29973
2005-11-01,18.97,19.17,18.58,19.02,22801
2005-11-02,18.6,19.17,18.39,18.5,19285
2005-11-07,19.17,19.17,18.19,18.55,39733
2005-11-08,18.58,18.58,18.2,18.38,41285
2005-11-09,19.12,19.12,18.0,18.16,21302
2005-11-10,18.19,18.92,18.0,18.31,72077
2005-11-11,18.39,19.23,18.39,19.23,90928
2005-11-14,19.73,20.19,19.23,19.28,58755
2005-11-16,19.29,19.95,19.23,19.33,57351
2005-11-17,19.28,19.54,19.07,19.23,50412
2005-11-18,19.51,19.74,18.42,18.69,19079
2005-11-21,18.7,19.17,18.39,18.59,16306
2005-11-22,18.39,19.52,18.39,19.52,55212
2005-11-23,20.0,20.5,19.76,20.5,66851
2005-11-24,21.1,21.53,20.77,21.53,83194
2005-11-25,22.49,22.59,21.91,22.33,142027
2005-11-26,22.69,22.69,21.24,21.34,21392
2005-11-28,21.37,21.65,20.27,20.31,75159
2005-11-29,20.44,20.54,19.98,20.31,26924
2005-11-30,20.73,21.3,20.64,20.94,38269
2005-12-01,21.24,21.99,21.03,21.99,92365
2005-12-02,22.79,23.09,22.52,23.07,158888
2005-12-05,23.77,24.23,22.4,23.36,314163
2005-12-06,23.28,23.28,22.2,22.22,41413
2005-12-07,22.47,22.47,21.32,21.49,28885
2005-12-08,21.54,22.01,21.03,21.37,34049
2005-12-09,21.42,21.71,20.93,21.33,38163
2005-12-12,20.73,21.52,20.73,21.12,43178
2005-12-13,21.04,21.17,20.94,21.1,60208
2005-12-14,21.13,22.1,21.13,21.65,69829
2005-12-15,22.37,22.49,21.71,21.79,36185
2005-12-16,22.01,23.97,21.71,23.36,302311
2005-12-19,23.63,24.16,23.08,23.09,262942
2005-12-20,23.08,23.91,22.89,23.03,123800
2005-12-21,23.3,23.43,23.08,23.17,74829
2005-12-22,23.09,23.39,23.08,23.08,65464
2005-12-23,23.23,23.34,21.53,22.62,28276
2005-12-26,22.49,22.62,21.13,21.48,42379
2005-12-27,21.32,21.86,21.32,21.75,19559
2005-12-28,21.91,22.1,21.76,21.96,18112
2005-12-29,22.01,22.2,21.91,22.15,42021
2005-12-30,22.15,22.4,22.02,22.26,45252
2006-01-02,22.12,22.69,22.12,22.4,30631
2006-01-03,22.89,23.28,22.54,23.14,57210
2006-01-04,23.47,24.8,23.28,24.15,122151
2006-01-05,24.25,24.82,23.51,23.54,92493
2006-01-06,23.59,23.79,22.99,23.31,27684
2006-01-09,23.35,23.56,22.9,23.02,25925
2006-01-10,23.08,24.61,22.89,23.64,99393
2006-01-12,23.37,23.96,23.08,23.24,43662
2006-01-13,23.47,23.72,22.41,22.52,83835
2006-01-16,22.79,22.79,21.62,22.02,91303
2006-01-17,22.3,22.46,22.1,22.22,27338
2006-01-18,21.92,21.92,21.43,21.6,23585
2006-01-19,22.14,23.35,21.97,23.02,69950
2006-01-20,23.56,23.57,22.59,22.8,25365
2006-01-23,22.49,22.63,22.21,22.45,18640
2006-01-24,22.45,22.68,22.3,22.46,16581
2006-01-25,22.69,23.47,22.49,23.32,60678
2006-01-27,23.86,23.96,22.75,22.9,38371
2006-01-30,22.69,23.12,22.49,22.92,27394
2006-01-31,22.98,23.06,22.3,22.61,51353
2006-02-01,23.09,24.06,22.99,23.21,94388
2006-02-02,23.86,24.45,23.47,23.68,108323
2006-02-03,23.67,24.15,23.13,23.21,56496
2006-02-06,23.18,23.75,22.98,23.51,45992
2006-02-07,23.47,23.77,23.28,23.59,44094
2006-02-08,23.28,23.28,22.98,23.08,32345
2006-02-10,23.67,23.67,22.9,22.91,8990
2006-02-13,23.52,23.52,22.5,22.6,21730
2006-02-14,22.7,22.7,22.2,22.54,40046
2006-02-15,22.49,22.81,22.43,22.51,11306
2006-02-16,22.49,22.59,21.53,21.65,57422
2006-02-17,21.73,22.28,21.72,21.89,72909
2006-02-20,21.71,21.81,20.15,20.76,179040
2006-02-21,21.52,22.85,21.26,21.94,1499187
2006-02-22,22.11,22.11,21.27,21.44,66615
2006-02-23,21.32,21.61,21.03,21.3,37392
2006-02-24,21.14,21.52,20.89,21.02,104479
2006-02-27,22.49,25.04,21.91,22.46,920934
2006-02-28,22.65,22.98,22.63,22.7,283148
2006-03-01,22.01,22.93,21.92,22.69,218799
2006-03-02,22.87,22.99,22.33,22.61,124966
2006-03-03,22.47,22.79,21.71,21.9,78921
2006-03-06,22.49,23.06,22.47,22.5,82570
2006-03-07,22.79,23.23,22.21,22.9,107959
2006-03-08,23.07,25.04,22.89,23.81,369121
2006-03-09,24.94,24.94,23.5,23.71,75760
2006-03-10,23.77,24.14,23.77,24.06,166454
2006-03-13,24.45,27.76,24.42,27.18,608318
2006-03-14,27.38,29.83,26.42,27.1,1728865
2006-03-16,27.33,28.17,26.45,26.78,543196
2006-03-17,27.44,27.46,26.41,26.48,114390
2006-03-20,26.75,26.75,26.21,26.56,88172
2006-03-21,26.6,26.6,25.88,26.22,169545
2006-03-22,26.21,26.41,26.02,26.22,45363
2006-03-23,26.21,26.21,25.43,25.67,21356
2006-03-24,25.46,25.76,25.43,25.62,29067
2006-03-27,25.45,25.72,25.43,25.5,66029
2006-03-28,25.43,26.41,25.1,25.48,176237
2006-03-29,25.72,25.77,25.43,25.63,57034
2006-03-30,25.78,26.11,25.44,25.46,93655
2006-03-31,25.6,26.36,25.26,25.45,175424
2006-04-03,25.7,26.01,24.68,24.93,74214
2006-04-04,25.04,25.4,24.45,25.14,55515
2006-04-05,25.38,27.78,25.23,26.8,174358
2006-04-07,26.8,27.77,25.86,27.12,187380
2006-04-10,26.21,26.78,25.82,26.41,39978
2006-04-12,25.86,27.09,25.86,26.7,210498
2006-04-13,26.8,26.8,25.23,25.79,67854
2006-04-17,25.73,26.4,25.64,25.98,34976
2006-04-18,26.02,26.4,25.92,25.99,45901
2006-04-19,26.33,26.41,25.82,26.16,38627
2006-04-20,25.92,26.5,25.92,26.27,47161
2006-04-21,26.04,26.33,25.64,26.17,43167
2006-04-24,25.84,26.4,25.45,25.74,42969
2006-04-25,25.67,25.82,23.89,24.93,116467
2006-04-26,24.68,25.62,24.68,25.44,31598
2006-04-27,25.04,25.79,24.28,24.5,29970
2006-04-28,24.45,24.65,23.73,23.93,33545
2006-04-29,25.01,25.01,23.53,23.96,14156
2006-05-02,24.64,24.74,24.18,24.49,54246
2006-05-03,24.16,25.91,24.16,25.74,85231
2006-05-04,26.02,26.6,25.53,26.05,718780
2006-05-05,26.6,27.36,26.5,26.78,75958
2006-05-08,27.17,27.17,25.62,26.2,457525
2006-05-09,26.6,26.99,25.73,26.24,617331
2006-05-10,26.6,26.94,25.73,26.11,732744
2006-05-11,26.19,28.17,25.68,27.17,168327
2006-05-12,26.55,26.99,25.92,26.62,51843
2006-05-15,26.6,26.99,26.05,26.19,78886
2006-05-16,25.43,26.41,24.9,26.15,43937
2006-05-17,26.77,26.77,26.21,26.55,20220
2006-05-18,26.41,26.56,25.43,25.69,170565
2006-05-19,25.92,25.92,24.84,24.87,29047
2006-05-22,23.69,26.41,20.38,25.03,104713
2006-05-23,24.06,24.82,23.09,24.45,26722
2006-05-24,24.59,25.02,23.37,24.84,32166
2006-05-25,24.34,24.84,23.96,24.68,51288
2006-05-26,24.65,25.6,20.93,24.43,87449
2006-05-29,24.06,24.74,24.06,24.45,41457
2006-05-30,24.45,24.49,24.06,24.44,80243
2006-05-31,22.99,24.06,22.98,23.7,51357
2006-06-01,23.77,23.91,22.89,23.36,35613
2006-06-02,23.37,24.28,23.29,23.95,73483
2006-06-05,24.45,25.04,23.88,24.43,3085157
2006-06-06,23.28,23.67,22.49,22.66,18722
2006-06-07,21.32,22.1,21.22,21.46,98956
2006-06-08,20.05,20.3,17.41,18.85,72852
2006-06-09,18.58,19.85,18.58,19.12,21652
2006-06-12,19.56,19.56,17.83,18.61,11706
2006-06-13,18.19,18.56,17.6,17.84,15219
2006-06-14,17.36,18.58,14.28,15.49,151933
2006-06-15,16.22,18.48,16.22,18.23,122112
2006-06-16,19.07,20.34,18.88,18.99,42011
2006-06-19,18.97,19.17,18.29,18.79,24246
2006-06-20,19.36,19.95,18.78,19.31,38768
2006-06-21,19.64,19.73,19.36,19.6,22558
2006-06-22,19.59,20.28,19.59,19.8,11515
2006-06-23,19.79,19.85,19.18,19.43,60210
2006-06-25,18.6,19.56,18.6,19.34,2111
2006-06-26,19.83,19.83,19.21,19.37,13640
2006-06-27,19.56,19.76,18.23,19.56,38444
2006-06-28,18.19,19.52,18.19,19.1,520248
2006-06-29,19.58,19.58,19.18,19.29,11955
2006-06-30,19.76,20.64,19.76,20.17,199836
2006-07-03,20.36,20.5,19.76,20.18,40763
2006-07-04,19.99,20.72,19.95,20.53,93817
2006-07-05,20.44,20.54,20.06,20.15,79335
2006-07-06,19.96,20.15,18.2,19.81,15085
2006-07-07,19.81,20.05,19.46,19.59,4671
2006-07-10,19.51,19.75,19.07,19.41,9845
2006-07-11,19.28,19.46,19.07,19.2,12118
2006-07-12,18.4,19.56,18.4,19.54,25607
2006-07-13,19.55,19.55,19.07,19.14,5771
2006-07-14,18.7,19.36,18.7,18.78,18333
2006-07-17,18.68,18.76,17.63,17.98,22451
2006-07-18,18.3,18.3,17.41,17.63,18831
2006-07-19,17.6,17.8,16.64,16.77,28323
2006-07-20,17.02,17.7,17.02,17.46,41726
2006-07-21,17.36,17.36,16.72,16.78,14481
2006-07-24,16.79,17.8,16.38,16.47,41896
2006-07-25,16.92,16.92,16.47,16.61,10901
2006-07-26,17.08,17.08,16.47,16.63,11952
2006-07-27,16.64,17.57,16.64,17.1,18269
2006-07-28,16.97,18.76,16.92,18.51,42587
2006-07-31,18.77,18.78,17.41,17.61,82089
2006-08-01,17.7,17.7,17.13,17.3,34934
2006-08-02,17.02,18.09,17.02,17.57,36151
2006-08-03,17.94,18.29,17.53,18.12,13895
2006-08-04,18.58,18.58,17.6,17.85,18679
2006-08-07,18.07,18.39,18.0,18.18,43533
2006-08-08,17.8,18.88,17.8,18.69,78136
2006-08-09,18.87,19.45,18.58,19.21,79816
2006-08-10,19.64,19.76,19.37,19.5,12891
2006-08-11,19.56,19.74,19.44,19.49,41265
2006-08-14,19.58,19.76,19.49,19.52,10011
2006-08-16,19.58,19.95,19.49,19.52,19382
2006-08-17,19.56,19.76,19.42,19.49,40956
2006-08-18,19.66,21.13,19.42,19.5,71403
2006-08-21,19.76,20.07,19.46,19.52,6800
2006-08-22,19.83,19.83,19.48,19.56,41706
2006-08-23,19.56,19.89,19.37,19.56,56583
2006-08-24,19.39,19.74,18.29,19.16,11691
2006-08-25,19.54,20.34,19.48,20.12,102441
2006-08-28,20.39,20.89,19.79,20.16,28017
2006-08-29,20.34,21.3,19.79,21.01,763750
2006-08-30,20.93,22.46,20.73,20.89,240951
2006-08-31,21.23,21.32,19.95,20.22,113957
2006-09-01,20.54,20.93,20.2,20.83,31122
2006-09-04,20.93,21.32,20.81,20.95,39609
2006-09-05,21.12,21.15,20.81,20.93,14390
2006-09-06,20.96,21.3,20.93,21.17,43068
2006-09-07,20.16,22.57,20.16,22.42,218493
2006-09-08,22.46,22.69,21.52,22.05,705823
2006-09-11,22.4,22.64,21.91,22.33,720562
2006-09-12,22.64,23.03,21.96,22.49,954273
2006-09-13,22.77,22.97,21.75,22.02,465841
2006-09-14,22.59,22.59,21.56,22.24,886961
2006-09-15,21.91,22.46,21.91,22.07,370053
2006-09-18,22.38,22.69,22.02,22.29,1092987
2006-09-19,22.3,22.38,21.96,22.16,1073350
2006-09-20,21.9,22.1,21.52,21.84,1072308
2006-09-21,21.91,22.2,21.71,22.11,1105756
2006-09-22,22.02,22.19,21.81,21.95,632849
2006-09-25,22.3,22.59,21.82,21.94,578309
2006-09-26,22.23,22.23,21.61,21.79,85002
2006-09-27,22.08,22.3,21.81,22.05,39856
2006-09-28,22.08,22.3,21.61,21.77,36257
2006-09-29,21.81,22.01,21.71,21.87,28373
2006-10-03,22.1,22.1,21.81,21.99,9740
2006-10-04,22.18,22.18,21.83,21.92,18283
2006-10-05,22.18,22.18,21.71,21.89,16024
2006-10-06,22.01,23.08,22.01,22.15,60979
2006-10-09,22.1,22.3,21.63,21.76,43421
2006-10-10,22.06,22.2,21.91,21.95,18626
2006-10-11,21.91,22.39,21.91,22.22,28731
2006-10-12,22.01,22.46,22.01,22.33,34778
2006-10-13,22.49,22.59,22.1,22.22,31546
2006-10-16,22.3,22.42,22.05,22.19,56784
2006-10-17,22.1,22.45,22.1,22.36,36582
2006-10-18,22.3,22.47,22.25,22.32,8771
2006-10-19,22.39,22.54,22.34,22.49,37728
2006-10-20,22.12,22.89,22.12,22.59,52057
2006-10-21,22.81,22.89,22.34,22.51,4630
2006-10-23,22.36,22.66,22.3,22.49,9592
2006-10-26,22.25,22.57,22.1,22.48,20242
2006-10-27,22.43,22.67,22.33,22.46,14746
2006-10-30,22.3,24.41,22.2,23.44,86620
2006-10-31,24.21,24.24,23.27,23.49,52883
2006-11-01,23.43,23.47,22.7,22.91,12780
2006-11-02,23.0,23.63,22.98,23.48,41777
2006-11-03,23.28,23.56,23.28,23.53,28775
2006-11-06,23.66,23.67,22.49,23.43,69297
2006-11-07,23.43,23.63,22.49,22.61,13109
2006-11-08,22.79,22.98,22.23,22.5,13100
2006-11-09,22.64,23.26,22.32,22.46,12309
2006-11-10,23.05,23.67,22.51,23.47,52673
2006-11-13,23.57,24.65,23.57,24.46,59432
2006-11-14,24.65,25.13,24.65,24.78,67809
2006-11-15,24.65,25.44,24.47,25.07,49622
2006-11-16,25.13,25.33,24.84,25.05,34583
2006-11-17,24.67,24.98,24.67,24.85,13461
2006-11-20,24.84,25.23,24.25,24.42,55966
2006-11-21,24.4,24.63,23.89,24.25,80513
2006-11-22,24.26,25.31,24.26,25.04,21343
2006-11-23,24.94,25.23,24.94,24.94,14771
2006-11-24,25.15,25.33,24.94,25.07,65569
2006-11-27,25.04,26.11,24.95,25.45,41592
2006-11-28,25.31,26.41,25.31,25.59,32711
2006-11-29,26.35,27.87,26.06,27.43,102029
2006-11-30,27.43,27.97,26.14,27.37,344449
2006-12-01,27.49,27.58,25.63,25.99,20383
2006-12-04,26.21,27.24,25.67,25.81,18339
2006-12-05,26.02,26.7,24.69,25.32,30403
2006-12-06,25.81,25.81,24.47,24.59,9216
2006-12-07,24.36,24.65,23.54,23.79,12115
2006-12-08,24.25,24.45,24.16,24.3,36390
2006-12-11,24.35,25.04,24.25,24.65,11276
2006-12-12,24.68,25.77,24.49,25.55,37494
2006-12-13,25.81,25.82,24.45,24.96,22963
2006-12-14,25.43,25.8,25.06,25.46,27239
2006-12-15,24.84,26.8,24.84,25.95,91917
2006-12-18,25.35,26.41,24.85,26.02,13190
2006-12-19,26.11,26.21,24.88,25.2,212773
2006-12-20,25.23,26.1,25.13,25.85,16241
2006-12-21,26.19,26.41,25.27,25.43,4728
2006-12-22,25.15,26.2,25.04,26.12,80200
2006-12-26,25.43,26.21,25.43,25.47,8798
2006-12-27,25.44,26.11,25.43,25.47,25253
2006-12-28,25.82,26.0,25.43,25.43,19738
2006-12-29,25.48,26.68,25.48,26.52,57970
2007-01-02,26.41,26.9,25.72,26.0,5005
2007-01-03,26.41,26.6,26.41,26.43,11206
2007-01-04,27.38,27.38,25.55,26.18,27650
2007-01-05,25.91,27.38,25.63,27.27,38447
2007-01-08,26.31,27.78,26.31,27.64,23221
2007-01-09,26.86,27.58,26.8,27.49,22509
2007-01-10,26.9,26.99,26.41,26.77,23892
2007-01-11,26.6,27.02,26.02,26.29,109335
2007-01-12,26.29,26.6,26.02,26.3,32434
2007-01-15,26.6,27.29,26.19,27.12,89937
2007-01-16,26.94,27.58,26.82,27.18,10424
2007-01-17,27.19,27.24,26.99,27.15,12989
2007-01-18,27.31,27.58,26.94,27.03,15122
2007-01-19,26.99,27.38,26.99,27.26,17846
2007-01-22,27.23,27.23,26.61,26.98,248896
2007-01-23,27.36,27.58,26.58,26.62,123920
2007-01-24,26.48,27.19,26.04,26.15,9432
2007-01-25,25.84,27.29,25.46,27.14,2359983
2007-01-29,26.99,27.35,26.6,26.99,18193
2007-01-31,27.0,27.19,26.8,26.83,43301
2007-02-01,27.0,27.0,26.8,26.8,271575
2007-02-02,26.93,27.18,26.8,26.91,231459
2007-02-05,26.99,27.52,26.99,27.39,90521
2007-02-06,27.58,28.36,27.03,27.39,335063
2007-02-07,27.47,28.22,27.47,27.98,55749
2007-02-08,27.97,28.08,27.58,27.93,35534
2007-02-09,27.78,28.14,26.8,26.99,26747
2007-02-12,26.9,26.9,25.62,26.22,26438
2007-02-13,25.45,26.56,25.45,25.99,54926
2007-02-14,24.27,27.37,22.75,27.24,90659
2007-02-15,28.34,28.34,26.21,26.81,9780
2007-02-19,26.41,27.56,26.03,27.27,32359
2007-02-20,26.14,27.36,25.86,26.17,10748
2007-02-21,26.8,26.8,25.23,25.5,25598
2007-02-22,25.44,26.35,24.25,24.34,54819
2007-02-23,24.35,25.92,24.35,24.8,12660
2007-02-26,25.43,25.59,24.88,25.39,46802
2007-02-27,25.06,25.41,24.67,24.77,6763
2007-02-28,22.49,26.02,22.3,25.34,23553
2007-03-01,25.7,26.19,24.55,25.22,11344
2007-03-02,25.23,25.61,24.45,24.93,18946
2007-03-05,24.45,24.94,24.33,24.55,26835
2007-03-06,23.47,25.02,23.47,24.4,21242
2007-03-07,24.25,25.0,23.92,23.98,20258
2007-03-08,24.44,24.45,22.55,24.14,15696
2007-03-09,23.68,24.35,23.57,24.19,11907
2007-03-12,24.44,24.62,23.96,24.45,13458
2007-03-13,23.88,25.23,23.88,24.11,49391
2007-03-14,23.96,24.4,23.49,24.05,193839
2007-03-15,24.25,24.27,23.52,23.57,6566
2007-03-16,23.86,24.14,23.47,23.76,307511
2007-03-19,23.58,24.14,22.94,23.18,21353
2007-03-20,24.02,24.02,22.89,22.99,4654
2007-03-21,22.53,23.98,22.53,23.36,20981
2007-03-22,24.38,25.04,24.25,24.6,34942
2007-03-23,24.08,24.55,24.08,24.38,5758
2007-03-26,24.45,24.45,23.3,23.42,10307
2007-03-28,23.51,23.79,23.47,23.48,21249
2007-03-29,23.47,23.6,23.23,23.39,23252
2007-03-30,23.47,23.8,23.08,23.26,32640
2007-04-02,23.08,23.47,22.5,22.72,28110
2007-04-03,22.71,23.47,22.71,22.9,21091
2007-04-04,23.26,23.69,22.99,23.43,22709
2007-04-05,23.28,23.28,22.49,22.78,16830
2007-04-09,23.13,23.4,23.08,23.17,1346
2007-04-10,22.9,23.45,22.9,23.11,8815
2007-04-11,23.08,23.47,23.08,23.39,8161
2007-04-12,23.61,23.72,23.2,23.42,33217
2007-04-13,23.47,23.47,23.08,23.14,17004
2007-04-16,23.28,23.28,22.75,22.89,8055
2007-04-17,22.89,23.05,22.74,22.9,38671
2007-04-18,22.8,23.28,22.79,22.91,9566
2007-04-19,23.11,23.28,22.93,23.07,3161
2007-04-20,23.27,24.04,22.73,23.95,18885
2007-04-23,23.53,24.09,23.0,23.1,10219
2007-04-24,23.08,23.41,22.98,23.12,5630
2007-04-25,23.05,23.35,22.79,22.85,6590
2007-04-26,23.1,23.37,23.08,23.35,25119
2007-04-27,23.47,24.14,23.47,23.99,35744
2007-04-30,23.57,24.16,23.47,23.97,19672
2007-05-03,24.25,24.65,24.25,24.47,27360
2007-05-04,24.5,25.04,24.35,24.93,52568
2007-05-07,24.93,25.41,24.57,25.32,31251
2007-05-08,24.74,25.3,24.74,25.14,13274
2007-05-09,25.13,25.2,24.66,24.76,12477
2007-05-10,24.67,25.31,24.45,24.68,3898
2007-05-11,24.45,24.84,24.45,24.63,4336
2007-05-14,27.38,27.38,24.65,25.42,36028
2007-05-15,27.38,27.38,26.11,26.34,25960
2007-05-16,26.41,26.6,26.02,26.47,28275
2007-05-17,26.6,26.6,26.41,26.57,25687
2007-05-18,26.6,26.7,26.41,26.61,42405
2007-05-21,26.6,27.12,26.6,27.04,27471
2007-05-22,27.37,27.37,26.31,26.78,76198
2007-05-23,26.41,27.78,26.41,27.57,71612
2007-05-24,27.48,29.32,27.48,28.82,117544
2007-05-25,28.56,28.95,27.6,28.02,71465
2007-05-28,28.41,30.83,28.17,30.4,179290
2007-05-29,30.91,31.49,29.44,29.72,51280
2007-05-30,30.1,30.71,29.63,29.92,36766
2007-05-31,31.69,31.69,29.73,30.52,81474
2007-06-01,30.69,31.3,30.05,30.42,83744
2007-06-04,29.79,30.89,29.73,29.73,22111
2007-06-05,29.36,30.3,29.36,30.16,58508
2007-06-06,29.65,31.96,29.65,31.09,152546
2007-06-07,31.55,31.55,30.41,30.73,75791
2007-06-08,30.36,30.91,30.19,30.58,16563
2007-06-11,30.37,31.48,30.37,31.34,127435
2007-06-12,31.49,31.49,31.11,31.3,144588
2007-06-13,30.71,31.46,30.32,30.59,182841
2007-06-14,30.56,31.3,30.56,30.99,19070
2007-06-15,30.91,30.91,30.22,30.3,27297
2007-06-18,30.37,31.3,30.37,30.72,30299
2007-06-19,30.72,30.96,30.71,30.72,7763
2007-06-20,30.91,31.2,30.91,30.91,13140
2007-06-21,30.92,31.1,30.91,30.91,13312
2007-06-22,31.0,31.3,30.91,30.91,33040
2007-06-25,30.81,31.1,30.42,30.82,450672
2007-06-26,30.81,31.24,30.71,31.08,583507
2007-06-27,30.91,31.3,30.42,30.72,367852
2007-06-28,31.21,31.25,30.71,30.9,13498
2007-06-29,30.87,32.67,30.61,31.57,122575
2007-07-02,30.51,31.9,30.51,31.7,23004
2007-07-03,31.88,32.37,31.3,32.27,65210
2007-07-04,31.42,32.67,31.42,31.69,30363
2007-07-05,31.56,31.69,31.3,31.31,9336
2007-07-06,31.32,32.03,31.3,31.33,11104
2007-07-09,31.94,31.94,31.3,31.8,17152
2007-07-10,34.21,34.21,31.69,32.16,24603
2007-07-11,32.27,32.67,31.69,31.75,37823
2007-07-12,32.13,32.16,31.31,31.38,22982
2007-07-13,31.33,32.47,31.3,31.83,245968
2007-07-16,31.44,31.88,31.4,31.77,14194
2007-07-17,31.59,32.26,31.32,31.45,37433
2007-07-18,32.26,32.26,31.32,31.92,26214
2007-07-19,31.71,32.47,31.69,32.42,42843
2007-07-20,33.04,33.45,31.89,32.8,87711
2007-07-23,31.94,32.86,31.94,32.2,42414
2007-07-24,33.06,33.06,31.79,31.83,66583
2007-07-25,31.3,31.85,31.2,31.27,32743
2007-07-26,31.49,32.27,31.15,31.44,27644
2007-07-27,31.1,31.3,29.95,30.8,29840
2007-07-30,32.06,32.06,30.92,31.27,13202
2007-07-31,31.67,31.87,30.72,31.64,11418
2007-08-01,31.88,31.88,30.52,30.7,295966
2007-08-02,31.47,32.37,30.92,32.07,39819
2007-08-03,32.27,32.67,32.27,32.32,23334
2007-08-06,33.64,35.03,32.27,33.22,26707
2007-08-07,34.43,36.81,34.23,34.98,142114
2007-08-08,34.82,35.8,33.64,33.94,33172
2007-08-09,34.05,35.21,34.05,34.41,36722
2007-08-10,33.45,34.17,32.47,33.86,30967
2007-08-13,35.4,35.4,34.08,34.51,25568
2007-08-14,34.86,35.21,34.07,34.2,25451
2007-08-16,33.84,33.84,32.47,32.87,18049
2007-08-17,32.0,32.27,31.49,32.05,81183
2007-08-20,32.5,33.82,30.81,30.94,141232
2007-08-21,31.12,31.68,29.46,29.53,71307
2007-08-22,29.83,30.91,29.58,30.52,10425
2007-08-23,31.86,31.86,30.91,31.31,48600
2007-08-24,31.3,31.77,30.51,31.14,28360
2007-08-27,31.49,32.06,30.91,31.64,26392
2007-08-28,31.69,32.07,31.3,31.79,18184
2007-08-29,30.91,31.83,30.91,31.72,6445
2007-08-30,31.32,32.65,31.2,31.32,40527
2007-08-31,31.58,33.45,31.49,32.49,20257
2007-09-03,33.64,34.52,33.45,34.1,29472
2007-09-04,33.47,34.82,33.45,34.45,36126
2007-09-05,34.43,36.77,34.43,35.68,54678
2007-09-06,36.09,36.97,35.24,36.33,283265
2007-09-07,37.16,37.35,36.14,36.38,193275
2007-09-10,35.4,38.14,35.4,36.19,229347
2007-09-11,36.73,37.16,36.09,37.01,93520
2007-09-12,37.95,37.95,36.19,36.56,46985
2007-09-13,36.43,37.1,35.6,35.91,16127
2007-09-14,36.19,36.47,35.8,36.1,9630
2007-09-17,35.55,35.99,34.82,35.14,20792
2007-09-18,35.18,36.04,34.83,35.54,26502
2007-09-19,36.58,36.93,35.6,36.37,95459
2007-09-20,35.8,36.14,35.11,36.04,29165
2007-09-21,36.09,36.38,35.24,36.08,18115
2007-09-24,36.19,36.19,35.6,35.99,7529
2007-09-25,35.8,35.89,35.21,35.52,25186
2007-09-26,35.5,35.99,35.42,35.71,30370
2007-09-27,35.7,37.46,35.64,37.38,112025
2007-09-28,37.65,40.29,36.38,38.46,56883
2007-10-01,38.46,39.02,37.01,37.29,14291
2007-10-03,37.65,38.38,37.17,38.18,30094
2007-10-04,37.58,42.25,37.58,39.29,92079
2007-10-05,40.26,40.86,38.73,39.12,30164
2007-10-08,38.85,39.32,37.28,38.03,28309
2007-10-09,37.38,45.63,37.16,44.35,170346
2007-10-10,44.99,46.55,41.53,43.15,178953
2007-10-11,43.81,44.99,42.65,43.01,203522
2007-10-12,41.29,43.08,41.29,42.95,170693
2007-10-15,43.23,44.99,42.46,43.09,125555
2007-10-16,43.03,44.21,42.27,43.21,46734
2007-10-17,36.51,43.5,36.51,43.07,24325
2007-10-18,42.69,43.62,41.47,41.67,37142
2007-10-19,41.1,43.61,41.07,42.87,34139
2007-10-22,41.08,43.13,41.08,42.99,170440
2007-10-23,43.42,43.42,42.45,42.99,74532
2007-10-24,43.61,45.37,42.84,44.2,152565
2007-10-25,45.58,49.49,44.6,46.08,241677
2007-10-26,47.51,48.89,46.36,48.28,73425
2007-10-29,49.88,57.7,49.88,51.71,129813
2007-10-30,51.71,53.5,44.99,51.78,150229
2007-10-31,52.79,52.79,47.92,52.36,32378
2007-11-01,49.01,54.33,49.01,52.3,43391
2007-11-02,49.0,53.78,49.0,52.97,70955
2007-11-05,51.63,53.79,51.63,52.76,70163
2007-11-06,51.83,53.79,51.83,53.08,47511
2007-11-07,53.79,54.77,51.83,53.39,15065
2007-11-08,51.28,53.79,51.28,53.4,19573
2007-11-09,51.88,54.75,50.47,51.86,12746
2007-11-12,51.83,57.8,50.86,55.7,95963
2007-11-13,54.38,56.72,52.84,54.46,237678
2007-11-14,54.77,57.49,54.57,55.85,99981
2007-11-15,52.15,59.46,52.15,58.58,85892
2007-11-16,57.11,60.34,57.11,59.63,45768
2007-11-19,60.05,61.03,59.09,59.99,30257
2007-11-20,57.9,60.14,57.9,59.01,30179
2007-11-21,56.74,60.25,56.74,59.2,90615
2007-11-22,58.68,59.27,57.41,58.43,151078
2007-11-23,56.74,59.44,56.74,58.82,50108
2007-11-26,59.66,59.84,58.11,58.89,12547
2007-11-27,59.66,60.25,58.09,59.01,53698
2007-11-28,60.25,61.01,58.88,60.04,26935
2007-11-29,60.63,62.19,59.46,61.15,34132
2007-11-30,60.66,63.75,60.66,62.81,17746
2007-12-03,63.77,65.72,63.57,64.54,25571
2007-12-04,66.31,66.31,62.59,63.57,522971
2007-12-05,64.94,65.53,58.69,64.24,100135
2007-12-06,64.57,66.31,64.19,64.49,9140
2007-12-07,66.18,66.18,64.55,65.04,13007
2007-12-10,65.92,66.5,64.55,64.88,22576
2007-12-11,66.39,66.39,64.16,64.71,51915
2007-12-12,64.55,68.56,62.62,68.41,662666
2007-12-13,67.48,67.68,66.11,67.35,30535
2007-12-14,67.48,73.16,67.48,71.79,103423
2007-12-17,74.27,76.09,69.83,73.22,388482
2007-12-18,73.94,73.94,68.66,71.41,276951
2007-12-19,73.55,78.48,73.19,76.33,77359
2007-12-20,78.23,78.48,73.55,76.56,58464
2007-12-24,78.24,82.15,75.91,81.11,62326
2007-12-26,82.54,82.54,78.24,79.59,55661
2007-12-27,80.2,85.09,77.07,81.56,118807
2007-12-28,82.92,82.92,77.85,78.82,56548
2007-12-31,81.76,81.76,78.83,79.6,32296
2008-01-01,80.2,81.57,77.26,77.68,40520
2008-01-02,78.24,79.99,77.26,79.41,275893
2008-01-03,80.0,80.0,76.28,77.19,135025
2008-01-04,78.22,78.63,75.48,76.56,60576
2008-01-07,76.28,78.24,74.57,76.45,630822
2008-01-08,77.26,78.83,75.31,78.23,105772
2008-01-09,78.44,79.22,77.65,78.28,51738
2008-01-10,78.24,79.22,77.69,78.42,28938
2008-01-11,77.26,79.8,77.07,79.05,35347
2008-01-14,79.22,79.99,77.77,79.77,16675
2008-01-15,79.39,79.39,78.53,78.98,10989
2008-01-16,76.48,80.18,76.48,79.82,52132
2008-01-17,78.85,80.0,78.24,79.52,118441
2008-01-18,79.22,80.65,78.44,79.33,71813
2008-01-21,78.24,79.41,74.52,76.77,287228
2008-01-22,64.96,75.89,62.59,66.51,65606
2008-01-23,76.49,78.05,64.57,76.3,39173
2008-01-24,77.26,78.44,73.47,74.6,73243
2008-01-25,72.78,78.05,72.57,77.52,35497
2008-01-28,76.86,76.86,73.94,76.4,14688
2008-01-29,77.83,77.83,74.33,75.84,6892
2008-01-30,75.7,76.28,73.35,75.55,16767
2008-01-31,76.27,77.46,72.37,76.82,48143
2008-02-01,77.07,77.26,75.13,76.91,9727
2008-02-04,76.5,78.63,75.31,78.23,29984
2008-02-05,76.6,78.83,76.6,78.47,13593
2008-02-06,78.05,78.42,73.57,77.88,9258
2008-02-07,78.24,78.24,77.26,77.98,16998
2008-02-08,77.28,78.05,76.09,77.11,59307
2008-02-11,77.08,78.01,74.33,75.75,46873
2008-02-12,76.68,76.68,70.81,73.33,527126
2008-02-13,73.35,75.31,63.47,72.17,153127
2008-02-14,73.94,78.24,72.57,77.82,117863
2008-02-15,92.38,92.38,75.31,77.85,13451
2008-02-18,76.68,78.44,76.28,78.17,18190
2008-02-19,78.24,78.53,77.26,78.18,393992
2008-02-20,79.22,79.22,74.49,76.16,444467
2008-02-21,76.89,76.89,73.74,76.27,27889
2008-02-22,75.33,77.46,74.74,76.55,26979
2008-02-25,76.28,76.82,68.47,76.28,73931
2008-02-26,77.46,77.46,76.28,76.37,26910
2008-02-27,75.5,77.11,75.5,76.56,17071
2008-02-28,77.05,77.05,75.5,76.29,10389
2008-02-29,76.48,77.06,74.84,76.41,163060
2008-03-03,73.73,77.56,73.73,75.98,11136
2008-03-04,74.33,76.11,72.88,74.89,20541
2008-03-05,75.6,75.67,74.39,75.06,14212
2008-03-07,74.13,74.13,68.54,72.22,29133
2008-03-10,70.83,72.73,66.91,68.37,86584
2008-03-11,67.09,70.42,67.09,68.18,96104
2008-03-12,70.42,71.0,65.53,68.97,104133
2008-03-13,68.46,68.85,64.55,65.94,219404
2008-03-14,66.5,68.85,64.16,66.18,215673
2008-03-17,62.59,65.53,60.83,62.57,264101
2008-03-18,63.47,63.96,60.66,62.49,295757
2008-03-19,64.16,64.16,61.65,62.25,150623
2008-03-24,61.07,62.56,60.05,61.75,128967
2008-03-25,60.95,70.99,60.95,69.15,33204
2008-03-26,68.46,68.46,66.71,67.47,35096
2008-03-27,68.07,70.22,65.36,67.53,61204
2008-03-28,67.44,68.45,65.06,66.43,59002
2008-03-31,66.49,66.7,64.74,66.04,71577
2008-04-01,65.52,65.52,63.08,64.32,61540
2008-04-02,66.7,66.7,64.76,65.84,53614
2008-04-03,67.66,67.66,63.81,64.2,56077
2008-04-04,64.35,64.35,62.59,63.26,281743
2008-04-07,66.11,66.11,62.59,63.57,20619
2008-04-08,63.56,63.57,62.81,63.25,29725
2008-04-09,64.55,64.55,62.59,63.13,75783
2008-04-10,63.54,63.57,62.59,63.52,17640
2008-04-11,64.08,64.35,62.87,64.11,23525
2008-04-15,63.59,64.55,62.9,64.29,14489
2008-04-16,64.54,64.65,62.4,63.09,159978
2008-04-17,63.18,64.11,63.18,63.59,5721
2008-04-21,63.56,64.35,62.79,63.65,15342
2008-04-22,62.59,64.33,62.59,63.47,6857
2008-04-23,63.57,63.57,62.61,63.25,61408
2008-04-24,63.18,63.38,62.52,62.84,108774
2008-04-25,63.31,63.31,62.2,62.9,22988
2008-04-28,62.41,63.54,62.41,62.71,26449
2008-04-29,63.18,63.92,62.61,62.95,36964
2008-04-30,62.59,63.77,62.59,63.22,157179
2008-05-02,63.55,63.95,63.19,63.37,9516
2008-05-05,63.56,64.74,63.18,63.19,141005
2008-05-06,63.19,63.47,62.49,63.07,65185
2008-05-07,62.99,63.57,62.01,62.26,23217
2008-05-08,62.2,62.59,61.15,62.15,14525
2008-05-09,63.57,73.94,59.37,60.67,59743
2008-05-12,59.69,70.18,58.29,61.54,133927
2008-05-13,64.15,64.15,60.97,61.59,70023
2008-05-14,60.83,63.57,58.3,59.79,211374
2008-05-15,60.05,62.98,58.68,62.43,50941
2008-05-16,62.59,64.14,61.47,62.65,7773
2008-05-20,61.67,63.57,61.61,62.77,116324
2008-05-21,61.63,64.55,61.63,63.93,15553
2008-05-22,62.59,64.55,62.59,64.03,7307
2008-05-23,63.96,66.9,63.18,66.07,128929
2008-05-26,65.33,68.36,63.96,67.12,76368
2008-05-27,69.21,69.21,65.55,67.07,65612
2008-05-28,68.46,68.46,64.16,65.38,14655
2008-05-29,66.26,68.46,64.79,66.94,19024
2008-05-30,66.52,68.46,64.55,67.79,17094
2008-06-02,68.46,68.46,65.92,66.45,19973
2008-06-03,65.53,67.44,63.1,65.79,28680
2008-06-04,66.6,66.6,64.06,64.54,18180
2008-06-05,64.55,66.31,62.67,65.17,23783
2008-06-06,64.57,66.39,63.62,64.41,38830
2008-06-09,62.59,63.58,60.07,61.74,19818
2008-06-10,62.3,62.3,58.78,60.46,107932
2008-06-11,64.15,64.15,58.49,59.37,162274
2008-06-12,58.7,60.44,58.34,59.4,36435
2008-06-13,59.07,60.25,58.49,59.65,38748
2008-06-16,61.03,62.17,59.07,59.51,56335
2008-06-17,60.36,62.59,59.57,61.89,14589
2008-06-18,62.69,62.98,61.63,62.46,15268
2008-06-19,61.61,61.79,59.76,60.57,10791
2008-06-20,60.89,61.81,59.3,60.02,17254
2008-06-23,59.0,60.25,58.63,58.88,40317
2008-06-24,58.78,59.85,57.51,58.49,80457
2008-06-25,57.31,59.46,56.92,58.79,39895
2008-06-26,59.82,60.05,57.9,58.64,62458
2008-06-27,58.56,59.64,57.12,58.64,28477
2008-06-30,56.92,60.44,53.87,56.26,59148
2008-07-01,53.4,58.27,53.4,55.69,47217
2008-07-02,53.92,57.7,53.92,57.03,76748
2008-07-03,53.81,57.11,53.81,56.61,17963
2008-07-04,53.85,56.72,53.85,54.98,86111
2008-07-07,54.98,58.29,54.98,58.04,23965
2008-07-08,55.23,69.63,55.23,60.49,3155208
2008-07-09,59.66,61.52,58.29,58.66,55449
2008-07-10,58.49,59.41,57.32,58.54,29107
2008-07-11,58.49,58.67,57.93,58.26,80031
2008-07-14,58.9,58.9,57.14,57.68,24654
2008-07-15,55.75,57.7,55.75,57.14,21687
2008-07-16,53.85,58.09,53.85,56.6,31275
2008-07-17,53.85,57.7,53.85,55.51,31835
2008-07-18,53.85,56.33,53.79,54.64,120178
2008-07-21,53.99,56.72,53.05,54.67,88448
2008-07-22,54.39,55.36,53.79,54.62,132449
2008-07-23,55.36,58.04,52.81,55.24,164477
2008-07-24,57.12,57.67,54.6,56.56,78055
2008-07-25,56.63,58.41,55.4,57.5,59864
2008-07-28,54.17,59.07,54.17,57.9,63463
2008-07-29,56.76,59.59,55.86,57.59,91670
2008-07-30,57.7,58.68,57.36,58.13,267979
2008-07-31,58.11,58.88,56.35,57.05,197005
2008-08-01,53.85,58.49,53.85,58.11,76339
2008-08-04,57.12,61.71,57.12,60.77,68126
2008-08-05,58.88,62.01,55.87,59.67,107028
2008-08-06,58.88,61.79,58.88,60.62,37080
2008-08-07,59.07,61.6,59.07,61.28,379988
2008-08-08,60.25,63.57,60.25,62.99,14180
2008-08-11,63.18,67.28,63.18,66.84,220435
2008-08-12,62.59,69.79,62.59,69.17,55630
2008-08-13,69.44,69.44,65.53,68.34,20321
2008-08-14,68.36,68.36,66.9,67.89,62911
2008-08-18,67.48,68.05,67.09,67.75,22469
2008-08-19,64.76,67.87,64.76,67.37,67093
2008-08-20,66.9,67.68,66.34,67.11,56858
2008-08-21,67.09,67.09,63.57,65.72,88611
2008-08-22,65.72,67.87,65.33,66.43,273712
2008-08-25,63.59,68.42,63.59,66.6,55583
2008-08-26,66.5,69.82,64.82,66.56,29809
2008-08-27,63.18,67.4,63.18,66.38,32102
2008-08-28,64.79,67.28,64.79,66.41,16503
2008-08-29,62.79,66.65,62.79,66.49,22903
2008-09-01,66.31,66.97,65.64,66.75,11037
2008-09-02,66.05,66.84,65.73,66.38,43363
2008-09-04,62.2,66.68,62.2,66.24,42282
2008-09-05,66.28,66.7,65.33,65.5,45256
2008-09-08,66.31,66.6,65.54,66.2,39097
2008-09-09,65.76,66.6,63.76,66.37,21813
2008-09-10,64.59,66.5,64.59,66.15,45830
2008-09-11,66.1,66.11,63.79,64.54,72890
2008-09-12,64.74,65.53,62.98,64.32,97352
2008-09-15,64.55,64.55,61.61,62.5,92257
2008-09-16,59.67,62.0,59.66,60.96,174713
2008-09-17,60.71,61.42,59.66,60.24,42153
2008-09-18,59.07,62.2,57.92,59.75,90155
2008-09-19,60.44,64.55,59.68,61.87,51846
2008-09-22,62.59,63.56,62.2,62.68,7728
2008-09-23,61.25,62.59,60.05,61.76,9545
2008-09-24,61.83,62.59,61.03,61.44,6360
2008-09-25,61.46,61.46,59.46,60.44,44247
2008-09-26,59.85,61.22,59.09,60.59,7824
2008-09-29,60.51,60.52,57.9,59.26,53366
2008-09-30,57.88,60.64,57.41,60.04,44065
2008-10-01,59.23,62.54,58.68,60.52,61841
2008-10-03,60.44,60.44,57.51,58.18,30961
2008-10-06,57.14,57.9,48.12,49.01,18396
2008-10-07,44.6,54.68,44.6,50.84,169976
2008-10-08,45.39,50.86,41.85,46.64,22317
2008-10-10,43.03,45.03,42.05,44.69,392883
2008-10-13,45.38,49.49,42.27,46.84,107251
2008-10-14,49.29,49.49,46.36,46.96,323114
2008-10-15,40.22,48.49,40.22,47.28,19432
2008-10-16,44.4,48.7,39.51,47.03,17658
2008-10-17,46.55,48.61,45.18,45.93,11316
2008-10-20,48.51,48.7,43.05,43.93,67997
2008-10-21,43.42,46.46,42.3,43.07,20433
2008-10-22,43.01,43.03,39.51,41.71,12410
2008-10-23,39.32,44.01,38.92,41.51,31249
2008-10-24,41.57,42.05,38.92,40.42,26066
2008-10-27,38.92,41.08,37.2,39.5,119829
2008-10-28,38.73,41.08,38.73,40.29,1870
2008-10-29,41.08,41.84,40.12,40.29,583473
2008-10-31,39.14,43.03,39.14,41.99,110390
2008-11-03,43.03,45.58,40.28,41.91,7344
2008-11-04,41.27,42.45,40.33,41.92,6622
2008-11-05,42.69,43.23,42.08,42.46,5667
2008-11-06,42.25,43.81,40.88,41.84,72941
2008-11-07,40.42,42.43,40.1,41.82,111093
2008-11-10,42.05,43.23,40.69,42.3,22185
2008-11-11,41.45,43.01,41.09,41.33,6560
2008-11-12,41.08,41.08,39.7,40.13,10746
2008-11-14,40.88,40.88,38.92,40.04,71842
2008-11-17,40.1,40.1,39.51,39.73,76210
2008-11-18,39.14,40.0,38.16,39.19,196905
2008-11-19,39.12,39.47,37.75,38.7,308714
2008-11-20,39.12,39.12,37.65,38.33,211479
2008-11-21,38.04,38.92,37.37,38.17,336880
2008-11-24,36.77,39.56,36.77,38.16,273632
2008-11-25,38.34,41.08,38.34,39.02,128340
2008-11-26,37.75,40.49,37.36,39.13,204722
2008-11-28,38.14,44.21,38.14,43.48,25188
2008-12-01,43.99,44.6,41.59,42.42,48591
2008-12-02,40.71,42.84,39.71,40.52,26764
2008-12-03,40.1,40.69,39.12,40.3,55253
2008-12-04,41.05,41.05,38.92,39.4,605092
2008-12-05,39.12,40.06,38.37,39.16,232803
2008-12-08,39.71,41.66,38.78,39.5,153395
2008-12-10,41.08,41.08,38.39,38.87,382726
2008-12-11,38.2,38.67,35.99,37.22,106813
2008-12-12,36.76,37.35,35.36,37.11,137507
2008-12-15,39.12,39.12,37.24,39.05,20663
2008-12-16,38.36,40.0,38.14,38.77,19675
2008-12-17,39.71,39.99,37.95,39.11,19145
2008-12-18,38.79,39.51,37.43,38.88,1883970
2008-12-19,39.09,39.77,38.17,38.73,1692661
2008-12-22,39.1,39.71,38.14,38.34,29458
2008-12-23,38.14,39.0,37.88,38.54,12968
2008-12-24,38.92,38.92,37.54,38.15,18891
2008-12-26,38.15,39.09,37.95,38.14,6713
2008-12-29,38.14,38.73,37.97,38.14,6892
2008-12-30,38.24,38.86,37.78,38.22,13451
2008-12-31,38.34,38.72,37.66,38.13,7735
2009-01-01,38.17,38.39,37.81,38.06,2468
2009-01-02,37.95,38.32,37.75,38.07,141688
2009-01-05,38.92,39.61,38.14,38.82,750201
2009-01-06,38.53,38.7,38.09,38.15,516141
2009-01-07,38.67,38.67,37.03,37.79,40685
2009-01-09,36.44,38.34,36.44,38.14,713684
2009-01-12,38.14,38.91,37.17,38.14,10856
2009-01-13,38.12,38.34,37.96,38.15,13847
2009-01-14,38.14,39.08,37.58,38.11,16159
2009-01-15,37.16,38.14,37.16,38.03,313020
2009-01-16,38.14,38.49,37.77,38.12,30656
2009-01-19,38.92,38.92,37.8,38.01,73675
2009-01-20,38.07,38.13,37.75,38.04,23586
2009-01-21,38.16,38.16,37.56,37.97,96253
2009-01-22,38.06,38.34,36.19,36.3,1075661
2009-01-23,36.97,37.93,33.64,37.67,61925
2009-01-27,37.16,37.95,35.03,37.31,616358
2009-01-28,37.36,37.54,36.19,37.17,5556
2009-01-29,37.34,37.53,36.33,36.57,7760
2009-01-30,37.56,38.61,34.87,36.8,118242
2009-02-02,36.09,37.35,35.89,36.21,17455
2009-02-03,37.14,37.14,36.19,36.73,11889
2009-02-04,35.99,37.36,35.81,36.75,9967
2009-02-05,37.36,37.36,35.89,36.83,7360
2009-02-06,36.24,37.16,36.22,37.13,913406
2009-02-09,36.21,37.75,36.21,36.64,584286
2009-02-10,36.48,37.71,36.27,37.38,14626
2009-02-11,37.12,37.13,35.7,36.35,736256
2009-02-12,36.48,37.16,35.99,36.24,13454
2009-02-13,37.1,37.91,36.04,37.82,16994
2009-02-16,36.8,37.56,36.04,36.54,5133
2009-02-17,35.4,37.12,35.4,36.25,1895
2009-02-18,35.89,36.97,35.51,35.98,15780
2009-02-19,36.77,36.77,35.6,36.12,2870
2009-02-20,35.01,36.77,35.01,36.27,7156
2009-02-24,36.18,36.62,35.56,35.98,687807
2009-02-25,36.19,36.55,35.72,36.23,8546
2009-02-26,35.8,37.55,35.8,36.21,3086
2009-02-27,36.19,36.53,35.67,36.3,5403
2009-03-02,36.18,36.58,35.62,36.15,6756
2009-03-03,35.99,36.38,35.64,36.17,16958
2009-03-04,37.16,37.16,35.65,36.14,75490
2009-03-05,36.18,36.36,35.62,36.08,35280
2009-03-06,35.99,36.34,35.5,36.09,38501
2009-03-09,35.99,36.19,35.64,35.8,84501
2009-03-12,36.14,36.17,35.63,35.8,39504
2009-03-13,36.19,36.36,35.71,36.0,70201
2009-03-16,36.19,36.24,35.73,36.12,30130
2009-03-17,36.09,36.38,35.84,36.13,19150
2009-03-18,36.09,36.23,35.68,36.05,28917
2009-03-19,36.09,36.19,35.6,36.07,29864
2009-03-20,36.14,36.18,35.52,35.96,31506
2009-03-23,36.09,36.19,35.95,36.19,8572
2009-03-24,36.19,36.19,35.95,36.15,8397
2009-03-25,36.38,36.38,35.7,35.94,29041
2009-03-26,36.17,36.19,35.95,36.16,30321
2009-03-27,36.19,36.35,36.01,36.2,6103
2009-03-30,36.97,36.97,35.95,36.09,26722
2009-03-31,36.14,36.19,35.93,36.03,30896
2009-04-01,36.09,36.19,35.89,36.02,6768
2009-04-02,36.01,36.19,35.95,36.15,22702
2009-04-06,36.09,36.19,35.42,35.77,102272
2009-04-08,36.09,36.34,35.21,35.83,34851
2009-04-09,36.15,36.15,35.7,35.98,29824
2009-04-13,36.19,37.16,35.5,36.23,15066
2009-04-15,36.24,42.64,36.19,36.52,176985
2009-04-16,37.14,43.82,36.97,41.59,1841714
2009-04-17,43.03,45.48,40.14,42.21,134293
2009-04-20,43.03,44.77,42.28,44.11,76955
2009-04-21,42.98,43.42,41.66,43.0,49911
2009-04-22,43.23,43.6,41.86,42.06,13207
2009-04-23,41.47,42.62,39.12,40.93,8136850
2009-04-24,42.31,43.62,41.52,42.42,189071
2009-04-27,42.64,42.69,40.52,41.12,54665
2009-04-28,40.9,42.05,40.49,41.08,48569
2009-04-29,40.72,44.4,40.72,43.32,49823
2009-05-04,44.99,46.46,43.23,45.34,71287
2009-05-05,46.46,48.51,44.89,45.0,13265
2009-05-06,45.77,45.77,44.4,44.99,175958
2009-05-07,44.99,45.74,44.89,45.29,11848
2009-05-08,45.58,49.27,44.99,47.53,79815
2009-05-11,47.92,48.49,46.74,48.02,32901
2009-05-12,47.9,48.49,47.34,47.97,15622
2009-05-13,48.89,50.76,47.66,49.92,84982
2009-05-14,57.45,57.45,47.93,48.98,224114
2009-05-15,50.35,51.81,48.13,49.5,45764
2009-05-18,53.06,53.06,53.06,53.06,10
2009-05-19,56.63,60.25,53.01,56.6,10965678
2009-05-20,58.68,60.21,56.74,59.17,36583
2009-05-21,59.66,60.64,55.94,58.68,37527
2009-05-22,57.92,57.92,56.34,56.79,13445
2009-05-25,56.74,57.12,54.57,55.98,170025
2009-05-26,58.68,62.59,56.06,56.45,28967
2009-05-27,58.49,58.88,57.51,58.5,32407
2009-05-28,58.49,58.68,56.92,57.21,21741
2009-05-29,56.72,58.66,56.14,56.38,21544
2009-06-01,58.68,66.9,57.03,58.54,76855
2009-06-02,58.68,58.68,57.14,57.43,68876
2009-06-03,57.7,58.29,55.94,57.22,53639
2009-06-04,55.98,58.07,55.94,57.18,55070
2009-06-05,56.72,58.28,55.16,56.79,2529447
2009-06-08,58.68,62.59,57.7,58.11,137890
2009-06-09,58.29,59.07,57.6,58.58,64583
2009-06-10,59.44,60.63,56.95,58.47,1004171
2009-06-11,58.29,58.48,56.14,56.76,41850
2009-06-12,57.7,59.64,55.98,58.58,92586
2009-06-15,58.29,58.67,57.31,57.97,17061
2009-06-16,57.12,58.29,56.94,57.65,52196
2009-06-17,57.7,58.09,56.53,56.76,276352
2009-06-18,57.3,57.69,55.94,56.7,39369
2009-06-19,56.53,57.31,55.92,56.19,64089
2009-06-22,56.55,57.12,55.96,56.47,26742
2009-06-23,56.52,56.71,55.28,56.27,46433
2009-06-24,56.33,56.91,55.75,56.24,16767
2009-06-25,56.72,58.66,55.94,57.21,42315
2009-06-26,59.07,59.46,57.7,58.59,49665
2009-06-29,58.66,59.66,57.13,57.48,20789
2009-06-30,57.44,60.25,56.55,59.04,155951
2009-07-01,59.52,61.03,57.69,57.75,50333
2009-07-02,57.68,58.48,55.77,56.93,45457
2009-07-03,56.74,63.57,56.57,60.01,490115
2009-07-06,61.61,61.61,57.12,58.21,63226
2009-07-07,57.45,59.27,56.0,58.47,70865
2009-07-08,57.45,60.64,56.96,58.88,111975
2009-07-09,58.29,59.27,58.21,58.79,49289
2009-07-10,60.42,60.62,58.69,59.8,48474
2009-07-13,59.27,59.37,57.82,58.05,55920
2009-07-14,58.37,60.03,58.37,59.68,77060
2009-07-15,59.85,59.85,59.27,59.53,88115
2009-07-16,59.66,60.53,57.31,59.7,64473
2009-07-17,60.05,61.13,59.07,60.63,24852
2009-07-20,61.01,62.1,59.48,60.7,177593
2009-07-21,60.25,60.98,58.99,59.37,147558
2009-07-22,60.36,60.98,59.47,60.33,220788
2009-07-23,60.64,61.03,58.92,59.91,16636
2009-07-24,61.02,61.13,57.12,58.04,199059
2009-07-27,58.09,59.8,57.7,59.28,106062
2009-07-28,58.93,59.36,57.94,58.68,53579
2009-07-29,57.76,59.66,57.76,59.4,56126
2009-07-30,59.45,59.45,58.5,58.69,14644
2009-07-31,58.7,60.02,58.7,59.77,34002
2009-08-03,59.95,61.38,58.75,60.66,142797
2009-08-04,60.64,60.64,58.09,58.69,8432035
2009-08-05,59.07,62.56,58.67,60.8,657129
2009-08-06,61.18,69.43,60.82,64.33,564518
2009-08-07,64.33,68.84,64.33,67.84,251849
2009-08-10,70.81,78.12,66.13,67.71,364524
2009-08-11,76.09,76.09,65.92,66.55,60712
2009-08-12,67.08,67.08,64.16,65.54,55745
2009-08-13,66.1,68.46,66.1,66.9,79980
2009-08-14,65.53,68.46,65.16,68.05,28988
2009-08-17,66.78,67.09,66.33,66.5,24774
2009-08-18,66.31,68.85,65.53,66.59,70297
2009-08-19,68.25,68.27,66.5,67.88,25153
2009-08-20,67.87,67.87,66.9,67.23,37588
2009-08-21,67.48,68.46,66.75,68.17,46749
2009-08-24,68.47,69.39,67.11,67.86,75697
2009-08-25,69.12,69.12,67.5,68.11,25445
2009-08-26,67.48,75.86,67.48,73.12,483335
2009-08-27,73.12,74.33,69.24,69.45,904193
2009-08-28,70.38,70.42,69.44,69.49,36623
2009-08-31,69.38,71.59,67.6,71.1,40031
2009-09-01,71.38,72.12,68.89,70.49,30168
2009-09-02,68.48,70.77,68.46,70.29,16688
2009-09-03,70.42,72.95,70.42,71.67,42869
2009-09-04,71.96,72.94,71.02,72.37,15671
2009-09-07,72.96,72.96,70.42,70.52,124268
2009-09-08,72.1,72.1,69.63,69.79,9973
2009-09-09,71.2,72.57,69.46,72.03,32271
2009-09-10,72.57,72.86,70.73,71.43,32396
2009-09-11,72.35,73.59,71.59,73.34,6158913
2009-09-14,73.16,73.16,70.42,70.96,36330
2009-09-15,72.11,73.35,71.26,73.13,60293
2009-09-16,71.39,76.87,70.81,75.11,91068
2009-09-17,75.31,77.44,73.94,76.46,158511
2009-09-18,75.31,80.0,74.33,78.82,3496009
2009-09-22,78.63,80.18,76.87,77.5,71721
2009-09-23,78.23,78.67,76.52,78.13,146809
2009-09-24,76.7,79.22,76.7,77.54,32045
2009-09-25,78.04,78.44,76.4,76.62,67706
2009-09-29,77.85,77.85,75.11,75.36,18177
2009-09-30,75.7,76.09,73.61,74.45,36833
2009-10-01,75.68,77.07,74.52,74.84,39031
2009-10-05,75.87,75.87,72.47,73.43,27025
2009-10-06,74.21,74.21,70.93,71.69,21721
2009-10-07,73.31,73.35,71.02,71.75,36343
2009-10-08,72.43,72.43,71.3,71.45,34827
2009-10-09,71.68,74.11,71.66,73.73,57327
2009-10-12,75.31,75.5,72.4,74.97,37960
2009-10-14,76.08,76.08,73.74,74.98,175734
2009-10-15,75.85,77.07,74.34,75.39,471673
2009-10-16,76.53,80.98,76.34,78.32,311759
2009-10-17,80.0,80.2,76.5,78.5,9044
2009-10-20,78.5,79.21,75.59,76.89,32330
2009-10-21,77.26,81.13,76.34,79.52,890153
2009-10-22,80.2,80.2,74.33,75.61,43790
2009-10-23,75.32,79.02,75.21,77.64,45586
2009-10-26,77.46,78.63,74.58,77.27,32910
2009-10-27,76.36,78.03,74.94,76.29,793914
2009-10-28,76.51,78.22,75.52,77.63,70245
2009-10-29,77.85,77.85,76.19,76.29,1070497
2009-10-30,77.26,78.44,75.8,76.29,1329360
2009-11-03,76.3,76.68,74.35,75.21,57728
2009-11-04,77.26,77.26,73.57,74.16,536885
2009-11-05,74.36,76.95,73.61,76.29,38367
2009-11-06,76.28,77.85,75.31,76.36,18609
2009-11-09,74.72,80.0,74.72,76.69,58395
2009-11-10,76.68,80.16,76.28,78.79,105291
2009-11-11,80.14,83.46,79.41,82.19,149363
2009-11-12,82.14,87.04,81.93,84.6,83231
2009-11-13,83.72,88.89,82.17,83.22,164240
2009-11-16,83.33,87.24,83.33,86.13,115430
2009-11-17,86.06,86.83,83.78,85.09,67308
2009-11-18,86.85,87.81,84.13,86.29,106612
2009-11-19,86.26,87.03,85.69,86.06,174178
2009-11-20,85.15,86.06,84.55,85.69,92617
2009-11-23,85.66,86.85,84.89,85.23,28824
2009-11-24,84.64,87.04,84.64,85.5,94777
2009-11-25,86.06,87.63,85.48,86.49,39374
2009-11-26,87.83,87.83,85.1,85.68,52132
2009-11-27,86.68,86.68,81.62,83.17,30797
2009-11-30,84.11,86.03,82.38,83.19,30211
2009-12-01,83.72,84.07,81.76,82.0,65818
2009-12-02,83.78,91.54,82.15,89.08,163296
2009-12-03,89.0,90.93,87.04,87.96,65685
2009-12-04,86.71,88.8,86.07,86.83,31154
2009-12-07,87.73,89.74,85.49,88.14,51556
2009-12-08,88.91,92.91,88.91,91.75,137127
2009-12-09,91.93,91.93,88.03,88.95,135039
2009-12-10,87.34,91.54,87.34,90.69,55071
2009-12-11,91.54,92.68,90.0,91.11,45043
2009-12-14,90.95,92.48,87.06,87.66,374415
2009-12-15,88.8,89.0,87.43,88.28,295377
2009-12-16,87.73,87.73,87.04,87.06,11737
2009-12-17,87.41,87.63,85.69,86.24,311508
2009-12-18,86.77,87.39,85.28,86.06,276353
2009-12-21,85.39,87.43,84.33,84.64,108086
2009-12-22,85.09,89.43,84.3,86.06,494495
2009-12-23,86.06,87.63,85.09,85.67,71420
2009-12-24,87.96,92.85,87.04,91.56,559082
2009-12-29,91.93,93.23,87.63,88.64,99542
2009-12-30,89.93,89.98,87.65,89.07,177581
2009-12-31,90.84,98.78,89.21,95.43,245151
2010-01-04,90.95,95.84,90.95,93.24,296306
2010-01-05,93.5,97.8,93.14,93.88,317826
2010-01-06,93.9,94.67,89.05,92.51,1533860
2010-01-07,92.52,98.58,90.97,95.36,322555
2010-01-08,94.87,98.72,94.87,97.36,322114
2010-01-11,96.82,100.74,96.29,98.1,455753
2010-01-12,100.41,101.52,97.46,98.49,410342
2010-01-13,97.8,101.71,97.8,99.35,329411
2010-01-14,99.56,100.93,98.78,99.73,179833
2010-01-15,100.74,101.52,99.37,100.88,83374
2010-01-18,100.54,102.29,99.74,101.46,213017
2010-01-19,102.1,102.57,100.27,101.37,499303
2010-01-20,102.05,102.07,99.95,100.83,339101
2010-01-21,101.32,101.52,97.08,98.36,249752
2010-01-22,95.86,99.7,95.84,98.02,347275
2010-01-25,98.97,98.97,96.84,97.61,164751
2010-01-27,96.94,98.58,94.08,95.7,369919
2010-01-28,96.04,98.19,95.84,96.68,76883
2010-01-29,95.85,97.55,95.46,95.81,227363
2010-02-01,97.49,97.49,94.93,96.3,128665
2010-02-02,96.82,98.58,96.33,97.81,48888
2010-02-03,98.58,102.89,98.01,101.36,302393
2010-02-04,102.1,102.48,99.58,100.41,144542
2010-02-05,98.78,98.78,92.91,93.36,191588
2010-02-06,92.64,97.41,89.23,93.48,5620
2010-02-08,95.26,95.26,88.44,90.34,452831
2010-02-09,91.84,94.87,89.98,92.26,385623
2010-02-10,93.5,96.82,91.97,94.72,69109
2010-02-11,94.36,95.82,94.36,95.39,96492
2010-02-15,95.39,95.45,92.13,92.72,88969
2010-02-16,92.72,92.91,91.19,91.78,23040
2010-02-17,92.17,93.89,91.54,92.51,48221
2010-02-18,93.79,93.79,90.37,92.07,48414
2010-02-19,91.36,92.7,89.98,90.17,23737
2010-02-22,92.32,92.91,90.22,90.67,73232
2010-02-23,91.93,91.93,88.25,89.03,108542
2010-02-24,89.1,89.19,86.08,87.02,442169
2010-02-25,86.65,88.02,83.42,84.3,243753
2010-02-26,84.3,91.55,84.3,90.09,909997
2010-03-02,92.32,94.48,91.05,92.34,380157
2010-03-03,91.93,93.87,89.32,90.29,247403
2010-03-04,88.73,91.73,88.73,90.58,144676
2010-03-05,90.17,91.54,88.73,90.32,113233
2010-03-08,91.35,93.99,90.42,93.04,205253
2010-03-09,93.89,99.5,93.5,98.69,352231
2010-03-10,98.69,99.74,96.9,98.16,738936
2010-03-11,96.94,99.95,95.96,98.44,180374
2010-03-12,99.54,99.75,96.82,97.7,1566985
2010-03-15,97.8,98.39,93.9,96.31,155289
2010-03-16,96.92,97.8,96.81,97.41,30403
2010-03-17,96.49,100.34,96.49,99.53,72804
2010-03-18,100.15,100.74,97.8,100.02,184818
2010-03-19,98.97,100.52,97.7,99.19,565114
2010-03-22,98.45,98.68,96.06,97.55,104530
2010-03-23,97.21,98.29,95.85,96.81,1101343
2010-03-25,95.84,101.32,95.84,99.51,195143
2010-03-26,100.34,102.08,99.37,101.29,248660
2010-03-29,101.71,107.03,101.32,105.8,1186302
2010-03-30,106.97,108.75,100.15,101.97,171906
2010-03-31,103.22,106.21,102.01,103.01,282662
2010-04-01,102.1,103.86,102.1,102.58,72019
2010-04-05,102.58,105.63,99.37,103.43,159137
2010-04-06,103.67,105.63,102.7,105.56,118965
2010-04-07,105.63,107.58,105.43,107.0,753650
2010-04-08,108.41,108.41,104.71,107.48,80943
2010-04-09,108.41,110.22,106.02,109.31,578178
2010-04-12,108.56,110.3,106.6,109.45,287102
2010-04-13,110.48,110.48,106.07,108.58,342239
2010-04-15,109.15,112.28,109.15,110.89,558130
2010-04-16,111.22,112.08,108.56,109.26,69841
2010-04-19,108.6,109.93,107.58,108.89,46182
2010-04-20,108.6,111.88,107.6,109.98,43490
2010-04-21,109.15,112.47,107.85,108.95,62157
2010-04-22,108.95,108.95,107.58,108.33,48877
2010-04-23,109.41,109.41,101.73,102.86,229168
2010-04-26,104.62,109.5,102.69,107.73,175455
2010-04-27,108.6,109.4,104.65,105.62,591866
2010-04-28,104.44,105.04,103.28,103.85,575165
2010-04-29,104.67,106.4,102.1,102.98,95271
2010-04-30,104.88,112.67,104.59,111.0,723933
2010-05-03,113.43,114.72,109.89,112.36,278992
2010-05-04,114.23,118.32,110.12,116.03,525180
2010-05-05,115.01,118.23,111.72,117.06,79293
2010-05-06,116.97,120.28,115.42,119.08,156186
2010-05-07,117.58,118.11,112.11,113.9,250743
2010-05-10,112.86,116.37,109.54,110.41,239869
2010-05-11,110.1,113.02,104.7,106.23,2345555
2010-05-12,109.15,126.16,102.91,104.34,1331751
2010-05-13,105.13,109.32,105.13,107.38,478167
2010-05-14,108.52,112.47,106.03,111.38,381756
2010-05-17,111.3,111.47,107.21,108.08,98245
2010-05-18,106.6,108.56,105.63,107.32,243016
2010-05-19,107.58,107.58,103.1,104.4,195136
2010-05-20,103.33,106.59,103.33,104.96,439929
2010-05-21,103.63,107.58,103.28,106.14,241717
2010-05-24,109.34,109.34,104.65,106.56,80339
2010-05-25,104.08,106.6,102.69,104.49,88638
2010-05-26,106.15,106.15,102.69,103.52,149348
2010-05-27,103.28,105.59,103.28,104.32,54538
2010-05-28,106.41,112.26,104.89,109.07,276308
2010-05-31,109.07,112.47,108.19,111.97,98389
2010-06-01,112.08,115.17,111.75,113.06,740320
2010-06-02,113.43,115.41,111.69,114.17,334996
2010-06-03,115.1,115.2,112.72,113.57,203079
2010-06-04,114.2,114.43,112.76,114.37,136949
2010-06-07,111.69,113.94,111.49,113.26,31788
2010-06-08,112.03,115.01,112.03,114.28,328017
2010-06-09,114.82,114.82,111.88,113.77,681748
2010-06-10,115.35,117.26,113.64,114.35,41846
2010-06-11,108.88,115.8,108.88,115.26,201944
2010-06-14,115.26,115.41,113.06,113.81,44468
2010-06-15,114.04,115.01,113.06,114.18,40743
2010-06-16,114.43,115.41,113.64,115.14,30191
2010-06-17,115.21,115.99,114.46,115.49,206703
2010-06-18,115.41,117.75,113.94,116.34,195973
2010-06-21,107.58,118.3,107.58,116.94,303557
2010-06-22,116.38,118.34,115.81,117.04,231628
2010-06-23,117.36,118.32,116.77,116.99,133521
2010-06-24,117.36,118.14,115.99,117.5,40288
2010-06-25,115.63,117.17,112.67,113.27,170585
2010-06-28,111.69,114.68,109.85,112.62,145993
2010-06-29,112.87,116.38,111.54,114.23,311626
2010-06-30,111.49,115.03,111.49,112.74,206384
2010-07-01,112.08,116.17,112.08,115.96,95147
2010-07-02,115.01,116.49,114.23,114.5,27400
2010-07-05,112.67,116.93,112.67,114.22,21676
2010-07-06,115.16,115.16,113.75,114.29,14468
2010-07-07,114.43,116.56,113.89,115.85,190000
2010-07-08,116.97,118.11,115.89,116.9,56857
2010-07-09,115.82,117.15,115.21,115.85,314543
2010-07-12,113.68,117.14,113.68,116.52,68532
2010-07-13,116.77,117.33,114.64,116.75,74675
2010-07-14,117.26,118.34,115.6,116.67,360513
2010-07-15,118.14,118.22,115.6,115.81,71891
2010-07-16,115.81,116.97,115.41,116.57,117794
2010-07-19,115.48,117.95,115.48,117.4,49590
2010-07-20,118.11,118.34,115.85,118.05,410155
2010-07-21,114.45,118.93,114.45,117.39,336009
2010-07-22,117.37,118.57,115.6,116.79,375137
2010-07-23,118.36,127.24,118.34,123.79,1595047
2010-07-26,125.17,127.14,124.21,125.37,245438
2010-07-27,125.58,130.23,124.21,129.98,369153
2010-07-28,130.16,131.42,128.22,129.81,272690
2010-07-29,130.09,130.09,123.72,127.08,145885
2010-07-30,128.43,130.22,126.16,129.38,281775
2010-08-02,129.49,136.92,128.14,135.52,385500
2010-08-03,137.7,141.98,136.55,138.98,835383
2010-08-04,137.92,140.14,135.38,136.4,306381
2010-08-05,135.94,137.45,133.99,136.14,387072
2010-08-06,136.14,141.62,134.49,138.66,793294
2010-08-09,140.05,141.62,138.27,141.25,237722
2010-08-10,142.1,142.18,137.13,137.85,321875
2010-08-11,139.82,146.21,137.91,141.85,470651
2010-08-12,141.85,146.31,141.85,144.47,958136
2010-08-13,145.14,145.21,139.47,140.3,265301
2010-08-16,139.86,140.77,134.09,135.81,355393
2010-08-17,136.9,138.88,132.33,138.01,315580
2010-08-18,139.27,140.83,138.2,139.14,161209
2010-08-19,139.86,144.16,139.67,143.17,649329
2010-08-20,144.15,152.37,141.71,150.76,651003
2010-08-23,150.81,152.57,147.2,150.11,661757
2010-08-24,149.64,156.04,149.64,154.64,2034742
2010-08-25,155.6,155.89,146.7,147.25,352424
2010-08-26,147.79,148.46,142.01,144.08,650430
2010-08-27,144.16,146.82,143.77,145.84,130120
2010-08-30,146.7,147.83,141.83,143.91,491326
2010-08-31,142.19,142.59,139.29,140.44,803234
2010-09-01,141.03,142.38,140.46,141.87,229777
2010-09-02,144.65,147.24,142.2,146.11,149292
2010-09-03,147.66,149.6,143.32,143.88,209247
2010-09-06,147.66,147.66,144.26,146.29,58587
2010-09-07,146.31,147.05,144.94,145.75,73472
2010-09-08,146.57,147.44,145.14,145.97,79202
2010-09-09,147.68,151.61,146.7,150.21,351703
2010-09-13,150.21,157.46,150.21,155.44,735048
2010-09-14,157.26,157.27,152.96,154.49,3514370
2010-09-15,155.25,156.37,153.57,155.87,152194
2010-09-16,154.53,156.42,153.4,153.78,369428
2010-09-17,154.53,156.09,150.25,151.51,354342
2010-09-20,152.57,158.24,151.0,156.26,247013
2010-09-21,156.7,157.42,150.81,152.2,618932
2010-09-22,153.93,153.93,149.68,150.83,126350
2010-09-23,150.61,151.48,146.51,148.7,158618
2010-09-24,147.7,150.38,146.7,148.24,773143
2010-09-27,148.76,152.32,148.76,150.65,167376
2010-09-28,151.4,153.2,150.07,150.87,242593
2010-09-29,151.2,152.18,149.05,150.87,188826
2010-09-30,150.87,152.53,148.85,151.75,381761
2010-10-01,151.98,156.29,151.59,155.11,273110
2010-10-04,154.13,155.65,151.87,153.3,163487
2010-10-05,153.84,157.26,153.17,155.32,1075595
2010-10-06,155.5,157.24,153.17,153.54,106287
2010-10-07,154.72,156.68,152.82,153.25,166758
2010-10-08,153.25,155.6,151.99,152.92,726162
2010-10-11,154.09,156.87,153.93,156.02,982164
2010-10-12,156.48,156.66,150.65,152.44,188809
2010-10-13,153.55,153.55,148.07,148.83,497958
2010-10-14,149.49,150.99,148.66,150.37,153304
2010-10-15,153.43,153.43,148.27,148.93,141042
2010-10-18,149.83,151.11,146.7,150.55,110505
2010-10-19,151.2,151.58,148.46,148.77,63530
2010-10-20,151.59,151.59,147.68,148.1,57082
2010-10-21,147.88,151.0,147.68,150.16,172764
2010-10-22,150.59,150.61,148.12,148.51,222402
2010-10-25,150.42,150.61,148.67,149.94,45396
2010-10-26,150.81,152.86,149.83,151.99,457333
2010-10-27,154.13,159.89,152.96,158.47,1654137
2010-10-28,159.42,167.04,159.42,164.88,1967439
2010-10-29,166.05,173.5,163.32,172.4,590100
2010-11-01,174.48,175.65,167.24,169.14,241765
2010-11-02,170.95,170.95,161.67,166.02,227286
2010-11-03,167.23,172.72,166.02,171.36,476579
2010-11-04,174.09,175.06,172.13,174.74,149590
2010-11-05,175.84,175.84,171.42,172.76,10197
2010-11-08,172.76,174.87,170.17,170.71,305130
2010-11-09,170.71,171.11,166.65,170.16,258473
2010-11-10,170.16,173.28,168.45,170.16,44155
2010-11-11,171.7,172.09,167.26,169.0,822317
2010-11-12,166.85,171.33,164.91,166.51,618165
2010-11-15,167.04,167.04,160.61,163.63,201075
2010-11-16,165.28,166.65,160.49,163.36,113084
2010-11-18,164.11,166.02,159.61,163.0,355477
2010-11-19,162.35,162.35,156.87,157.53,252938
2010-11-22,157.22,165.03,155.31,163.84,588240
2010-11-23,164.29,164.3,158.44,162.17,860816
2010-11-24,163.0,166.63,162.56,163.89,308278
2010-11-25,164.13,164.23,149.24,151.45,544550
2010-11-26,150.74,155.11,146.7,147.65,433686
2010-11-29,153.04,153.35,148.55,150.82,350684
2010-11-30,151.0,163.1,149.64,158.94,767865
2010-12-01,159.24,162.74,159.22,160.56,200889
2010-12-02,161.95,166.26,161.57,165.96,450527
2010-12-03,166.85,169.17,163.91,167.38,511005
2010-12-06,169.98,169.98,159.67,162.23,266734
2010-12-07,160.41,164.7,152.37,154.2,470677
2010-12-08,152.18,154.53,142.99,144.42,686835
2010-12-09,147.68,147.68,136.93,141.28,478031
2010-12-10,140.83,146.7,134.01,140.34,1564448
2010-12-13,143.45,144.35,138.1,140.8,1193783
2010-12-14,140.83,153.55,139.92,151.7,889880
2010-12-15,152.04,154.49,148.95,151.89,463653
2010-12-16,152.57,152.57,147.8,150.71,198729
2010-12-20,150.61,151.16,142.02,149.67,494483
2010-12-21,149.83,150.61,145.77,146.5,482686
2010-12-22,146.5,151.77,145.94,150.52,207305
2010-12-23,152.37,165.23,150.82,152.38,360136
2010-12-24,156.29,156.29,150.14,152.27,367140
2010-12-27,152.57,152.57,150.24,151.49,82373
2010-12-28,151.59,152.57,150.65,151.46,191640
2010-12-29,152.28,152.35,150.62,151.17,40689
2010-12-30,152.18,152.55,151.24,151.61,155954
2010-12-31,151.59,154.0,151.22,152.77,476848
2011-01-03,152.67,157.0,151.66,153.18,52234
2011-01-04,155.29,155.29,151.59,152.51,169559
2011-01-05,153.22,153.22,148.66,149.47,128864
2011-01-06,149.44,149.44,141.22,144.76,405477
2011-01-07,144.76,144.76,137.61,139.39,717686
2011-01-10,139.27,140.64,138.1,140.36,301321
2011-01-11,140.64,142.4,137.9,138.78,138991
2011-01-12,138.78,142.1,138.78,141.35,656964
2011-01-13,141.22,147.56,139.74,144.7,546852
2011-01-14,144.7,145.7,141.03,141.98,85557
2011-01-17,142.01,146.51,140.44,146.09,113973
2011-01-18,146.7,149.52,146.31,149.04,113815
2011-01-19,149.05,150.42,143.79,146.1,328729
2011-01-20,141.22,146.63,141.22,145.22,112439
2011-01-21,143.18,144.94,140.9,141.35,77765
2011-01-24,140.83,142.2,139.86,141.44,143392
2011-01-25,142.61,142.61,141.03,141.77,250953
2011-01-27,142.04,142.04,140.3,141.13,247283
2011-01-28,142.55,142.55,129.49,136.81,795121
2011-01-31,136.73,139.86,132.81,134.33,372409
2011-02-01,136.32,136.82,130.09,132.03,208910
2011-02-02,136.73,136.73,127.65,129.4,215782
2011-02-03,129.1,132.03,127.14,130.99,141444
2011-02-04,133.01,133.94,130.86,131.92,393719
2011-02-07,131.93,133.98,131.1,133.24,827363
2011-02-08,134.97,134.97,132.68,133.67,452110
2011-02-09,134.97,134.97,127.14,133.29,301376
2011-02-10,133.29,135.06,133.01,133.97,614885
2011-02-11,134.0,136.92,133.01,135.0,889907
2011-02-14,136.3,137.7,135.31,136.61,177428
2011-02-15,137.68,140.15,136.92,139.24,326931
2011-02-16,138.95,140.64,138.34,140.33,116254
2011-02-17,140.25,148.46,138.92,146.96,228179
2011-02-18,147.1,148.34,144.96,147.16,361810
2011-02-21,146.11,151.2,144.76,149.51,444337
2011-02-22,150.42,151.59,145.94,148.27,180538
2011-02-23,144.77,149.59,144.77,148.69,294415
2011-02-24,149.07,150.02,144.35,147.46,810252
2011-02-25,149.62,150.1,141.85,147.14,157525
2011-02-28,147.14,151.59,142.61,145.88,358377
2011-03-01,147.55,151.88,145.72,150.95,193451
2011-03-03,148.85,153.74,148.46,152.11,256195
2011-03-04,156.09,160.86,152.59,156.55,901843
2011-03-07,155.22,155.67,152.18,153.07,125840
2011-03-08,153.35,153.35,150.68,152.55,172891
2011-03-09,153.94,154.27,151.79,152.86,106083
2011-03-10,153.74,153.74,151.62,152.57,63210
2011-03-11,154.21,154.49,150.81,151.77,236453
2011-03-14,150.81,150.81,147.3,148.21,122737
2011-03-15,143.1,146.51,141.03,141.91,342003
2011-03-16,142.21,143.74,139.09,140.81,762546
2011-03-17,139.31,143.36,138.88,141.22,235653
2011-03-18,141.43,145.92,140.81,144.12,1141032
2011-03-21,145.05,146.3,143.96,144.72,50154
2011-03-22,145.75,152.37,144.94,151.73,395146
2011-03-23,151.98,153.14,150.81,151.81,111709
2011-03-24,153.68,153.68,146.02,149.19,307942
2011-03-25,149.23,152.57,146.68,151.45,233955
2011-03-28,153.45,155.78,151.62,155.12,267989
2011-03-29,156.08,156.09,151.69,152.71,354637
2011-03-30,155.46,155.46,150.14,150.99,119722
2011-03-31,147.71,157.26,147.71,155.7,1096288
2011-04-01,158.44,158.44,154.17,154.55,435061
2011-04-04,158.44,166.2,155.31,156.53,389663
2011-04-05,156.53,159.81,156.53,159.17,384305
2011-04-06,159.32,160.39,157.88,158.9,312994
2011-04-07,158.9,159.89,157.56,159.34,206810
2011-04-08,158.44,160.2,156.87,160.06,486814
2011-04-11,160.3,160.37,157.87,158.79,283247
2011-04-13,159.98,159.98,157.48,159.18,167278
2011-04-15,159.61,163.13,157.85,161.35,743704
2011-04-18,161.28,162.11,158.68,160.5,217360
2011-04-19,160.38,160.94,158.46,159.26,201015
2011-04-20,158.85,161.96,158.85,161.46,71969
2011-04-21,162.33,162.33,158.44,159.33,139706
2011-04-25,159.22,160.36,157.76,158.22,72322
2011-04-26,155.52,160.39,154.94,156.53,535687
2011-04-27,160.36,160.36,156.6,158.25,338387
2011-04-28,160.19,160.19,153.59,156.2,342913
2011-04-29,159.94,159.94,151.05,151.57,630303
2011-05-02,153.84,153.94,143.16,144.04,458185
2011-05-03,146.68,146.68,139.46,139.89,526539
2011-05-04,137.37,140.83,129.84,131.1,951158
2011-05-05,131.11,131.44,118.7,119.04,2299268
2011-05-06,122.25,128.62,119.86,127.72,2347301
2011-05-09,127.63,132.01,126.25,127.35,1409762
2011-05-10,127.58,129.27,126.55,127.13,976632
2011-05-11,131.84,144.32,125.69,126.7,395199
2011-05-12,122.83,127.14,122.83,126.26,374454
2011-05-13,126.26,127.14,120.17,125.17,419350
2011-05-16,128.1,128.1,119.32,120.61,1146833
2011-05-17,122.42,127.46,122.37,125.01,1970077
2011-05-18,125.42,133.34,125.42,130.32,1849743
2011-05-19,133.15,134.16,130.09,131.15,813823
2011-05-20,131.34,135.35,131.03,134.26,537299
2011-05-23,134.38,139.66,134.2,138.24,1087277
2011-05-24,138.87,148.02,138.87,146.1,1386386
2011-05-25,147.08,153.45,135.97,136.97,2867607
2011-05-26,137.14,142.4,132.46,140.96,1794820
2011-05-27,137.9,141.03,135.75,137.02,1431564
2011-05-30,137.7,140.43,135.18,136.92,1950232
2011-05-31,133.65,140.64,133.26,137.54,9016590
2011-06-01,137.95,140.0,136.93,137.43,583574
2011-06-02,137.31,138.68,133.22,137.63,373383
2011-06-03,139.07,139.57,135.94,137.16,659058
2011-06-06,136.92,137.96,136.26,137.36,522644
2011-06-07,137.9,138.4,133.4,133.84,438449
2011-06-08,133.8,134.77,130.8,131.86,259370
2011-06-09,132.12,132.23,123.68,125.27,700399
2011-06-10,125.18,130.66,123.72,126.88,1594728
2011-06-13,126.88,126.88,122.86,124.14,1008636
2011-06-14,124.59,126.9,123.72,125.62,644520
2011-06-15,125.77,126.04,123.3,124.18,468884
2011-06-16,124.01,124.01,120.78,122.57,860839
2011-06-17,122.71,124.77,120.88,121.32,337329
2011-06-20,122.11,122.11,115.91,118.82,878909
2011-06-21,123.21,125.19,115.38,117.79,583354
2011-06-22,120.23,120.23,116.44,117.74,248224
2011-06-23,116.96,119.32,115.8,116.2,779592
2011-06-24,116.39,118.53,115.08,117.25,1290671
2011-06-27,116.38,118.36,114.44,117.51,603104
2011-06-28,118.14,118.29,115.22,116.49,801490
2011-06-29,117.59,120.08,115.93,117.72,550028
2011-06-30,119.32,122.19,119.32,120.62,873142
2011-07-01,122.82,130.4,118.73,128.08,1927014
2011-07-04,127.53,134.18,127.53,130.71,829081
2011-07-05,132.0,134.29,131.05,133.2,714725
2011-07-06,133.88,134.96,133.28,133.76,601730
2011-07-07,134.77,135.14,129.31,132.27,533827
2011-07-08,132.32,133.96,130.86,131.54,279403
2011-07-11,127.14,131.77,126.82,128.48,305186
2011-07-12,127.33,130.66,125.18,128.79,637460
2011-07-13,131.04,134.18,129.88,133.47,311425
2011-07-14,133.4,135.34,132.35,133.0,475119
2011-07-15,132.82,135.15,131.64,133.65,353329
2011-07-18,134.77,136.62,132.03,132.92,419621
2011-07-19,133.49,134.46,132.91,133.43,113336
2011-07-20,134.97,134.97,133.21,133.71,132401
2011-07-21,131.49,135.2,131.25,134.59,218631
2011-07-22,133.74,136.92,133.74,136.7,422024
2011-07-25,136.73,138.49,135.79,137.24,193358
2011-07-26,137.42,138.29,130.02,132.62,700552
2011-07-27,133.59,133.59,127.68,130.44,572284
2011-07-28,128.08,132.53,126.52,130.28,798416
2011-07-29,130.64,130.64,124.22,125.29,863432
2011-08-01,126.74,128.06,121.86,122.76,600548
2011-08-02,122.65,123.62,120.55,121.16,1160739
2011-08-03,118.93,120.25,115.18,116.34,854842
2011-08-04,117.37,119.9,115.05,115.62,1632591
2011-08-05,114.43,119.71,108.67,119.18,568921
2011-08-08,118.34,119.42,115.02,117.33,210906
2011-08-09,113.45,118.23,110.12,116.97,476523
2011-08-10,119.32,129.48,117.95,127.17,1024671
2011-08-11,123.42,129.64,123.25,127.72,498177
2011-08-12,128.71,129.91,120.59,121.47,601104
2011-08-16,123.42,124.4,115.41,116.87,963813
2011-08-17,118.93,121.56,117.18,121.06,357261
2011-08-18,121.86,122.25,116.58,119.01,266898
2011-08-19,118.53,120.3,116.76,119.56,152261
2011-08-22,119.89,119.89,114.98,117.24,633955
2011-08-23,117.35,119.2,116.19,117.88,373765
2011-08-24,117.88,120.26,116.69,118.74,160966
2011-08-25,118.93,119.84,114.84,115.82,295271
2011-08-26,116.96,118.32,111.7,115.82,338959
2011-08-29,116.94,121.94,116.03,120.03,801262
2011-08-30,122.64,124.21,120.44,123.84,478794
2011-09-02,117.77,135.94,117.77,131.97,1488901
2011-09-05,131.04,134.77,127.6,131.87,608892
2011-09-06,130.84,137.91,129.49,135.39,665375
2011-09-07,135.95,138.61,131.41,134.18,742440
2011-09-08,135.94,136.41,132.04,132.56,414354
2011-09-09,133.39,134.84,128.14,130.37,294514
2011-09-12,127.43,130.27,127.24,128.34,161019
2011-09-13,128.9,132.99,128.74,130.73,354548
2011-09-14,131.08,132.0,129.13,130.84,180907
2011-09-15,130.08,131.93,127.38,128.31,286332
2011-09-16,129.55,133.79,126.26,132.03,831573
2011-09-19,133.03,133.03,127.15,127.94,505318
2011-09-20,128.12,129.86,125.58,127.35,452993
2011-09-21,128.41,128.71,124.6,124.9,221415
2011-09-22,123.33,124.2,117.75,118.91,507242
2011-09-23,117.79,121.27,116.78,117.95,342835
2011-09-26,118.72,119.79,115.21,117.46,200424
2011-09-27,119.32,120.69,118.35,119.78,161889
2011-09-28,118.58,121.96,118.03,120.31,360670
2011-09-29,119.53,121.84,116.99,120.5,459138
2011-09-30,120.21,121.18,117.97,119.79,285549
2011-10-03,117.9,121.07,117.37,120.28,271453
2011-10-04,117.87,123.81,117.87,120.42,344277
2011-10-05,119.36,121.06,115.46,116.58,519182
2011-10-07,118.34,119.32,112.09,112.82,1127609
2011-10-10,113.41,113.66,104.13,112.81,1236234
2011-10-11,113.45,118.57,113.45,116.86,1221085
2011-10-12,118.34,122.84,116.43,122.39,561983
2011-10-13,122.45,124.89,118.93,119.74,215675
2011-10-14,119.31,121.56,117.84,120.83,111243
2011-10-17,121.11,121.85,118.72,119.04,189901
2011-10-18,118.52,118.52,115.99,116.58,184273
2011-10-19,115.81,118.69,115.81,116.91,241301
2011-10-20,116.38,119.4,116.01,118.96,217149
2011-10-21,119.34,120.65,117.76,118.53,268342
2011-10-24,119.12,119.83,113.45,113.91,289604
2011-10-25,114.18,117.54,112.47,117.02,608804
2011-10-26,118.71,118.71,116.63,117.13,17723
2011-10-28,118.53,121.24,117.54,120.75,846891
2011-10-31,120.34,120.34,117.5,120.0,150596
2011-11-01,117.8,121.47,117.8,118.91,185747
2011-11-02,117.71,119.12,116.41,116.81,162281
2011-11-03,116.3,118.23,115.06,115.81,202634
2011-11-04,117.18,119.15,117.08,118.27,547706
2011-11-08,118.34,119.26,114.52,114.99,418591
2011-11-09,115.82,116.38,112.28,112.51,510988
2011-11-11,112.08,113.09,102.81,108.49,812840
2011-11-14,109.54,110.67,106.99,108.34,696913
2011-11-15,108.23,110.01,107.34,107.93,509234
2011-11-16,108.33,108.33,99.62,107.1,908963
2011-11-17,104.26,107.34,102.89,104.8,547554
2011-11-18,104.04,104.39,101.71,102.59,256683
2011-11-21,102.22,102.22,98.01,98.77,368106
2011-11-22,99.56,100.54,97.02,99.16,602352
2011-11-23,95.86,99.02,95.86,97.92,677056
2011-11-24,97.81,101.28,97.72,100.14,606914
2011-11-25,98.39,102.09,97.83,98.59,286079
2011-11-28,99.47,101.32,98.35,98.93,398364
2011-11-29,99.37,99.95,97.96,98.27,939666
2011-11-30,98.99,99.37,97.01,97.79,727483
2011-12-01,101.52,107.19,99.76,101.92,368965
2011-12-02,101.71,107.31,100.09,105.97,399684
2011-12-05,105.62,112.81,104.65,111.55,450386
2011-12-07,112.27,114.04,110.59,111.49,598203
2011-12-08,111.69,111.69,105.63,107.94,248085
2011-12-09,107.78,109.36,103.33,103.69,758045
2011-12-12,104.16,106.49,102.3,102.81,308021
2011-12-13,102.83,103.67,101.51,102.56,273377
2011-12-14,102.9,103.44,99.4,101.1,952062
2011-12-15,98.79,102.89,98.79,101.89,476697
2011-12-16,102.59,102.87,99.85,101.21,559294
2011-12-19,99.12,99.95,96.26,97.62,265206
2011-12-20,96.37,98.17,89.04,91.49,503886
2011-12-21,93.88,93.89,88.22,90.24,1657494
2011-12-22,90.94,90.94,86.26,87.53,2084473
2011-12-23,88.02,88.02,86.2,87.03,612521
2011-12-26,87.14,87.8,85.64,85.77,281120
2011-12-27,87.14,87.55,84.54,85.26,859119
2011-12-28,86.43,86.43,83.39,83.65,544399
2011-12-29,83.32,83.73,81.61,81.72,1235899
2011-12-30,81.8,85.16,81.5,82.32,1639321
2012-01-02,82.58,83.72,81.44,82.15,254226
2012-01-03,82.79,86.26,82.5,85.7,192987
2012-01-04,86.06,88.61,84.37,87.44,1790878
2012-01-05,88.56,97.23,88.21,95.77,1657509
2012-01-06,95.26,95.87,93.18,94.04,500446
2012-01-07,94.74,94.87,93.89,94.34,11843
2012-01-09,95.36,96.63,92.52,95.67,324040
2012-01-10,96.27,98.0,96.11,97.52,406959
2012-01-11,97.8,101.69,97.25,100.34,552041
2012-01-12,101.27,102.35,99.97,101.75,338002
2012-01-13,101.73,106.02,100.87,104.74,391136
2012-01-16,104.65,111.37,103.07,110.3,491772
2012-01-17,110.75,112.47,106.19,106.87,279929
2012-01-18,107.29,108.36,103.47,103.92,912814
2012-01-19,104.35,108.17,102.01,107.15,197485
2012-01-20,107.45,111.79,107.44,110.23,409662
2012-01-23,110.46,111.79,107.89,108.88,204068
2012-01-24,109.05,112.13,106.13,111.37,980672
2012-01-25,111.34,115.19,109.84,113.92,255037
2012-01-27,113.92,120.3,112.17,116.91,627922
2012-01-30,114.72,117.75,110.52,112.1,396002
2012-01-31,112.1,116.24,107.89,114.03,671779
2012-02-01,113.42,115.6,112.08,114.27,355342
2012-02-02,114.6,117.91,114.48,116.76,391401
2012-02-03,115.63,119.9,115.63,117.97,466410
2012-02-06,120.07,120.43,116.02,117.5,685331
2012-02-07,118.6,118.93,113.47,114.8,568108
2012-02-08,115.8,116.19,113.46,114.73,401662
2012-02-09,114.62,116.58,109.18,111.29,1006888
2012-02-10,110.11,114.89,110.11,112.27,620094
2012-02-13,112.24,112.24,106.86,108.39,466123
2012-02-14,108.08,109.44,107.0,107.64,356750
2012-02-15,107.97,110.22,107.11,107.74,973296
2012-02-16,107.97,113.45,106.7,112.14,516092
2012-02-17,113.06,115.39,111.49,112.86,347589
2012-02-21,113.44,116.97,113.06,116.01,788391
2012-02-22,115.22,119.12,112.08,114.8,322899
2012-02-23,113.47,117.56,113.45,114.58,702864
2012-02-24,114.57,115.99,110.62,111.64,170158
2012-02-27,110.12,111.16,104.7,106.44,224194
2012-02-28,96.82,112.44,96.82,111.34,233736
2012-02-29,112.77,115.01,105.29,107.09,619015
2012-03-01,103.3,109.09,103.3,106.96,199219
2012-03-02,107.0,108.74,104.12,105.72,340645
2012-03-03,106.18,106.8,105.63,106.34,7518
2012-03-05,105.24,107.29,100.74,104.39,125191
2012-03-06,105.23,107.97,102.93,104.56,132592
2012-03-07,104.56,107.48,102.7,106.53,161343
2012-03-09,107.79,110.42,107.19,109.88,218938
2012-03-12,110.71,114.21,110.66,113.49,204664
2012-03-13,114.12,115.14,113.48,114.21,84777
2012-03-14,115.02,116.47,113.73,115.14,182045
2012-03-15,115.76,115.76,112.47,114.4,179606
2012-03-16,114.6,115.99,113.42,114.57,154469
2012-03-19,115.66,116.34,112.88,113.73,180567
2012-03-20,114.24,117.13,113.85,116.23,180676
2012-03-21,116.23,118.53,116.23,117.29,287722
2012-03-22,117.17,120.48,113.64,115.18,570694
2012-03-23,115.41,117.95,115.24,117.17,145178
2012-03-26,117.29,118.34,111.55,111.84,246781
2012-03-27,112.86,117.74,112.08,117.22,295465
2012-03-28,117.35,117.35,113.19,114.57,108847
2012-03-29,113.45,117.34,113.45,115.46,494273
2012-03-30,117.33,117.95,113.5,117.51,159333
2012-04-02,118.13,118.13,115.25,115.71,48354
2012-04-03,115.59,118.64,114.48,118.0,321043
2012-04-04,117.29,121.08,117.29,119.78,537820
2012-04-09,119.53,121.27,116.38,116.84,245871
2012-04-10,114.48,118.34,98.76,117.89,698715
2012-04-11,117.95,118.61,115.65,117.16,821793
2012-04-12,117.95,119.71,117.19,119.31,465593
2012-04-13,120.28,120.35,116.03,118.13,373563
2012-04-16,116.24,118.13,116.24,117.25,45652
2012-04-17,118.34,120.05,116.89,117.18,146576
2012-04-18,118.21,119.26,117.06,117.31,278523
2012-04-19,117.36,117.95,115.99,116.32,47066
2012-04-20,116.19,117.75,115.41,117.11,88564
2012-04-23,115.8,117.69,115.5,116.07,160716
2012-04-24,115.81,117.37,115.45,117.28,101643
2012-04-25,116.22,117.34,115.86,116.63,72258
2012-04-26,117.05,117.07,112.47,112.96,243375
2012-04-27,113.48,115.37,112.52,113.41,165916
2012-04-28,113.94,113.94,112.76,113.24,2304
2012-04-30,113.27,113.45,111.69,112.02,136267
2012-05-02,112.45,113.51,110.82,111.55,279701
2012-05-03,104.38,111.59,104.38,109.08,138612
2012-05-04,108.95,109.15,106.62,107.67,146559
2012-05-07,107.67,107.67,103.88,106.54,113202
2012-05-08,103.67,107.08,98.78,99.55,629431
2012-05-09,99.56,102.14,98.0,100.72,161575
2012-05-10,100.34,102.67,100.34,101.69,213586
2012-05-11,101.05,101.52,99.36,99.48,240748
2012-05-14,99.56,100.54,99.37,99.73,878891
2012-05-15,98.83,100.72,98.82,99.31,398881
2012-05-16,99.16,99.34,92.93,93.73,559957
2012-05-17,93.91,98.48,93.3,97.86,834226
2012-05-18,97.4,97.4,94.67,95.86,131693
2012-05-21,94.87,98.39,93.89,97.42,96995
2012-05-22,96.14,98.19,96.14,96.91,59877
2012-05-23,96.06,96.63,95.07,95.86,88875
2012-05-24,97.8,97.8,95.26,96.34,233046
2012-05-25,95.74,99.35,94.09,98.58,370890
2012-05-28,99.14,101.69,99.14,101.12,107715
2012-05-29,102.24,102.24,99.11,101.01,109114
2012-05-30,98.4,101.2,98.4,100.11,158559
2012-05-31,98.2,106.02,98.19,103.09,278882
2012-06-01,102.69,102.7,99.0,101.12,120923
2012-06-04,98.0,100.15,98.0,99.7,36743
2012-06-05,100.15,101.48,97.9,98.2,367107
2012-06-06,98.78,104.47,98.0,101.49,416475
2012-06-07,101.12,104.38,101.06,102.5,104803
2012-06-08,101.51,102.81,99.76,100.49,88496
2012-06-11,100.73,102.5,100.2,101.06,143647
2012-06-12,100.33,101.91,100.01,100.97,86518
2012-06-13,101.48,103.47,100.26,102.5,163681
2012-06-14,101.93,102.97,99.92,101.94,158897
2012-06-15,101.32,103.47,101.15,102.28,134719
2012-06-18,103.28,104.0,97.82,98.6,224323
2012-06-19,98.39,99.02,96.86,97.92,864239
2012-06-20,98.39,98.77,96.87,98.48,120964
2012-06-21,98.27,101.52,97.84,100.85,133310
2012-06-22,99.7,100.74,98.88,100.42,31424
2012-06-25,100.39,102.5,100.25,100.94,89543
2012-06-26,100.39,103.86,100.39,102.54,301276
2012-06-27,103.68,104.64,100.44,101.11,102539
2012-06-28,101.31,101.6,97.21,101.01,381623
2012-06-29,101.32,104.14,100.94,103.67,140958
2012-07-02,103.2,105.37,103.2,104.71,120310
2012-07-03,105.2,108.56,105.2,107.95,230976
2012-07-04,107.95,112.62,107.95,112.16,320215
2012-07-05,112.43,113.25,110.05,110.51,374391
2012-07-06,110.91,112.23,108.25,109.13,88306
2012-07-09,100.06,108.94,100.06,107.73,97009
2012-07-10,108.27,111.49,108.24,110.88,69080
2012-07-11,110.77,110.86,109.15,109.68,100532
2012-07-12,108.56,110.41,107.25,108.03,86260
2012-07-13,108.93,112.27,108.17,110.84,621984
2012-07-16,111.51,112.02,109.59,109.91,102197
2012-07-17,111.19,111.22,105.41,107.2,163169
2012-07-18,107.18,108.35,105.15,105.94,122504
2012-07-19,104.06,108.17,104.06,106.94,79691
2012-07-20,106.99,106.99,104.84,105.17,74441
2012-07-23,105.18,123.46,104.63,109.45,565887
2012-07-24,110.21,111.49,107.3,110.03,365935
2012-07-25,111.23,111.24,108.02,110.01,73525
2012-07-26,111.2,111.63,109.91,110.44,227036
2012-07-27,109.73,111.41,109.26,109.55,236211
2012-07-30,110.78,113.45,108.39,112.64,307467
2012-07-31,112.97,113.78,112.09,113.07,214866
2012-08-01,110.57,112.86,110.57,112.34,88930
2012-08-02,112.08,112.92,110.06,112.37,71710
2012-08-03,112.21,112.67,111.11,112.13,45544
2012-08-06,112.47,113.45,109.09,110.61,107677
2012-08-07,111.67,112.47,109.97,111.35,43039
2012-08-08,111.57,111.88,109.15,110.25,59008
2012-08-09,111.49,117.17,109.54,110.07,33187
2012-08-10,110.3,112.12,109.55,111.0,127196
2012-08-13,111.1,112.18,110.22,111.08,88622
2012-08-14,110.99,111.46,108.78,109.98,49343
2012-08-16,109.55,111.25,109.54,110.85,92916
2012-08-17,111.29,117.33,110.91,116.4,391860
2012-08-21,116.77,118.34,116.58,118.12,171988
2012-08-22,116.48,118.35,116.48,117.11,53408
2012-08-23,117.41,118.29,116.99,117.45,261682
2012-08-24,117.78,121.76,116.63,120.09,291634
2012-08-27,120.5,121.1,117.57,118.46,162640
2012-08-28,119.62,121.25,117.75,120.98,530013
2012-08-29,120.6,122.25,120.31,120.5,359974
2012-08-30,117.82,122.25,117.82,121.73,647400
2012-08-31,121.88,125.33,121.66,124.24,785360
2012-09-03,123.23,123.84,119.81,121.03,619398
2012-09-04,121.8,123.03,121.37,122.17,474311
2012-09-05,121.75,123.49,121.2,122.87,657033
2012-09-06,123.42,124.76,123.03,124.18,151516
2012-09-07,125.19,126.16,122.41,123.74,87261
2012-09-08,123.46,123.97,123.27,123.45,3235
2012-09-10,123.62,125.17,123.03,124.41,64365
2012-09-11,124.79,126.12,122.26,122.69,356386
2012-09-12,124.16,125.64,122.97,123.3,273269
2012-09-13,124.36,124.36,122.25,122.82,163972
2012-09-14,123.38,125.97,122.43,123.21,432305
2012-09-17,121.86,124.21,120.02,121.55,106373
2012-09-18,121.12,122.55,119.33,121.53,94797
2012-09-20,119.71,122.43,116.62,121.01,103585
2012-09-21,117.36,122.45,117.36,121.76,76770
2012-09-24,121.18,123.23,121.08,122.03,228243
2012-09-25,122.3,122.64,120.73,121.27,777498
2012-09-26,120.88,122.45,119.99,122.16,66104
2012-09-27,122.21,122.25,117.36,118.28,724665
2012-09-28,118.34,121.66,118.34,121.24,214940
2012-10-01,121.27,122.68,120.79,121.91,113959
2012-10-03,122.48,125.25,122.33,124.01,328961
2012-10-04,124.21,125.13,123.45,124.27,494935
2012-10-05,125.02,127.18,123.04,126.46,614633
2012-10-08,127.5,129.15,126.77,127.99,1126829
2012-10-09,128.33,130.96,127.41,128.82,661492
2012-10-10,128.25,128.25,124.25,127.46,216544
2012-10-11,127.61,128.81,125.64,127.62,245562
2012-10-12,127.51,127.75,125.38,125.93,251128
2012-10-15,127.66,128.1,123.69,127.34,146002
2012-10-16,128.51,128.51,123.44,124.93,117684
2012-10-17,124.97,125.51,123.23,124.13,59845
2012-10-18,124.0,124.22,123.34,123.84,758848
2012-10-19,124.11,125.38,123.36,124.23,72162
2012-10-22,123.92,125.17,123.29,123.58,77412
2012-10-23,123.88,124.21,121.31,121.58,68218
2012-10-25,121.27,123.22,119.72,120.48,367774
2012-10-26,119.52,120.88,117.21,118.07,156842
2012-10-29,117.64,119.57,116.38,118.59,104711
2012-10-30,119.18,121.02,116.41,120.45,535467
2012-10-31,119.73,122.6,119.73,122.28,438245
2012-11-01,122.28,125.03,122.25,123.81,412372
2012-11-02,125.12,126.26,122.47,123.1,299117
2012-11-05,123.9,124.75,121.5,122.89,143865
2012-11-06,123.65,124.12,121.89,122.13,81380
2012-11-07,123.19,123.19,121.49,122.13,144620
2012-11-08,122.25,122.45,120.55,122.25,525251
2012-11-09,121.28,123.12,120.69,121.39,311698
2012-11-12,121.57,122.25,120.49,121.84,369905
2012-11-13,122.25,123.03,120.44,121.21,16786
2012-11-15,122.44,124.2,120.31,123.44,632825
2012-11-16,125.12,128.31,121.35,122.47,694667
2012-11-19,122.85,123.36,120.49,122.16,83526
2012-11-20,121.27,124.04,120.9,121.45,568057
2012-11-21,124.58,124.58,117.91,119.13,322195
2012-11-22,119.75,122.22,119.71,121.63,230621
2012-11-23,121.86,123.86,121.86,123.51,336876
2012-11-26,124.56,124.71,122.54,122.92,333532
2012-11-27,123.0,124.79,121.17,124.03,299911
2012-11-29,125.58,128.31,124.06,127.41,761131
2012-11-30,128.32,132.62,128.32,131.1,556253
2012-12-03,132.03,133.01,130.79,131.83,583028
2012-12-04,128.51,134.77,128.51,133.93,218175
2012-12-05,134.01,135.85,133.89,134.97,323129
2012-12-06,135.36,138.5,134.0,137.68,471556
2012-12-07,137.95,139.86,137.28,138.51,91251
2012-12-10,139.11,139.46,135.52,136.72,341632
2012-12-11,137.3,138.98,136.17,138.13,628952
2012-12-12,138.07,140.98,136.66,138.25,726140
2012-12-13,137.14,140.82,134.79,140.11,805215
2012-12-14,140.25,145.37,138.88,143.22,533321
2012-12-17,143.17,144.75,140.64,143.12,198851
2012-12-18,145.14,150.42,142.95,148.53,539076
2012-12-19,150.62,153.35,118.84,149.74,953515
2012-12-20,149.59,150.5,145.57,147.53,319272
2012-12-21,147.3,147.3,145.97,146.6,146935
2012-12-24,148.65,150.68,146.92,147.57,255872
2012-12-26,147.69,148.51,146.1,146.68,85544
2012-12-27,146.78,149.09,142.03,143.6,217402
2012-12-28,144.63,147.68,144.03,146.85,869891
2012-12-31,148.89,150.89,146.7,148.15,256761
2013-01-01,149.42,149.62,147.31,147.88,69285
2013-01-02,147.95,149.05,147.88,148.62,116302
2013-01-03,148.9,149.54,146.86,148.1,190319
2013-01-04,148.1,148.1,142.01,146.7,573944
2013-01-07,146.91,147.74,144.35,146.97,320585
2013-01-08,147.25,151.65,146.81,150.42,207275
2013-01-09,152.57,154.88,151.12,152.95,459485
2013-01-10,152.59,154.83,148.87,151.17,340539
2013-01-11,150.22,152.32,149.25,150.91,100202
2013-01-14,150.91,155.58,149.25,155.3,163876
2013-01-15,153.66,156.48,153.66,156.23,283630
2013-01-16,156.29,157.47,151.96,152.72,130841
2013-01-17,148.77,153.82,148.77,150.58,367622
2013-01-18,150.59,150.59,147.37,148.92,220437
2013-01-21,150.52,150.53,147.39,148.65,296722
2013-01-22,149.21,149.22,147.14,147.95,93323
2013-01-23,148.58,148.59,145.16,146.2,169697
2013-01-24,143.98,146.58,143.79,145.66,175211
2013-01-25,145.61,149.34,143.09,148.41,315971
2013-01-28,150.56,152.45,148.82,150.61,387068
2013-01-29,150.63,151.93,150.13,151.26,260285
2013-01-30,151.87,153.53,150.23,151.14,130809
2013-01-31,151.9,154.92,151.9,154.49,372722
2013-02-01,154.76,155.89,149.51,152.05,153481
2013-02-04,152.65,156.38,150.28,151.67,414598
2013-02-05,151.94,151.95,147.72,148.86,215324
2013-02-06,148.63,153.29,144.96,150.82,605172
2013-02-07,150.99,152.57,149.64,151.43,197651
2013-02-08,150.64,153.55,145.84,148.18,375003
2013-02-11,147.63,148.62,146.15,147.79,177381
2013-02-12,147.56,148.93,144.95,145.82,70613
2013-02-13,146.03,147.35,144.95,146.48,106371
2013-02-14,149.03,149.97,142.41,143.08,178490
2013-02-15,142.97,146.7,139.09,143.7,198129
2013-02-18,142.99,146.84,142.8,146.67,113072
2013-02-19,147.19,149.24,146.05,147.02,304021
2013-02-20,148.66,150.61,146.92,147.87,205191
2013-02-21,144.75,147.29,134.01,136.77,28207528
2013-02-22,138.67,140.33,137.44,139.77,1827437
2013-02-25,142.59,142.59,137.92,139.49,1317090
2013-02-26,138.88,139.54,136.53,136.93,1293217
2013-02-27,137.91,139.86,137.21,137.91,1222751
2013-02-28,136.95,140.72,131.88,136.07,1756385
2013-03-01,134.56,138.84,132.5,136.91,313760
2013-03-04,137.17,139.86,134.98,139.36,230480
2013-03-05,139.86,141.61,139.55,140.57,462555
2013-03-06,141.17,142.06,138.29,138.66,272426
2013-03-07,138.45,141.01,137.52,140.45,214746
2013-03-08,140.68,143.47,139.92,140.84,306392
2013-03-11,141.03,141.66,139.27,140.72,153604
2013-03-12,140.73,140.85,136.25,136.96,232944
2013-03-13,136.73,137.39,134.39,134.77,88317
2013-03-14,137.3,137.3,131.25,133.92,158163
2013-03-15,134.36,138.58,134.0,136.58,727178
2013-03-18,136.53,140.68,131.75,140.36,233506
2013-03-19,140.43,141.22,135.18,136.28,180696
2013-03-20,136.15,139.66,131.44,133.97,735737
2013-03-21,136.73,137.68,133.01,136.19,263303
2013-03-22,136.57,138.88,135.36,136.69,424581
2013-03-25,137.91,138.0,130.63,131.93,386537
2013-03-26,132.16,134.48,129.93,132.08,502459
2013-03-28,131.07,136.69,130.08,135.84,259364
2013-04-01,135.77,141.61,135.35,140.34,188846
2013-04-02,140.04,141.7,138.53,139.91,428956
2013-04-03,139.4,141.01,136.35,138.35,217426
2013-04-04,138.29,138.29,131.31,132.71,449558
2013-04-05,133.07,135.36,132.63,134.11,142450
2013-04-08,132.05,135.94,132.05,133.65,82639
2013-04-09,133.99,133.99,129.54,130.65,288394
2013-04-10,129.21,132.81,126.55,129.09,1036074
2013-04-11,129.31,135.53,124.81,134.67,1047225
2013-04-12,134.68,136.82,133.04,136.28,257800
2013-04-15,135.16,136.33,129.6,130.17,294286
2013-04-16,129.51,130.47,128.41,129.66,777803
2013-04-17,131.04,132.89,129.88,131.24,1636221
2013-04-18,132.71,136.14,131.49,135.0,1077099
2013-04-22,135.02,137.3,135.02,136.17,436485
2013-04-23,136.25,136.48,132.13,133.01,342888
2013-04-25,132.05,139.64,132.05,138.54,1484287
2013-04-26,139.86,140.8,137.51,138.7,378440
2013-04-29,138.87,140.64,136.62,138.12,387859
2013-04-30,138.06,147.19,137.4,145.81,1154658
2013-05-02,145.72,149.64,142.85,149.01,791401
2013-05-03,149.02,151.59,145.21,148.48,761058
2013-05-06,147.21,148.88,142.79,145.33,332598
2013-05-07,147.68,147.84,143.62,145.06,635985
2013-05-08,144.75,148.66,142.26,144.64,796407
2013-05-09,143.59,144.85,142.4,143.66,361738
2013-05-10,143.97,151.88,141.96,148.84,2006832
2013-05-11,148.85,149.64,147.62,148.97,30976
2013-05-13,150.03,151.38,145.47,147.22,462476
2013-05-14,146.18,148.84,145.74,146.12,331835
2013-05-15,147.24,151.58,145.58,150.71,831014
2013-05-16,150.61,154.51,150.58,153.66,402897
2013-05-17,153.35,155.44,151.93,154.77,192902
2013-05-20,154.53,157.83,153.56,156.88,636084
2013-05-21,157.49,158.44,152.96,154.25,1315554
2013-05-22,154.33,155.26,153.55,154.33,611502
2013-05-23,153.75,154.53,151.05,153.82,850675
2013-05-24,155.46,155.46,153.34,153.74,498248
2013-05-27,154.53,160.39,153.96,159.37,295395
2013-05-28,159.41,164.83,158.59,163.41,711429
2013-05-29,162.35,162.74,158.24,161.42,263882
2013-05-30,159.65,162.29,156.31,157.7,469546
2013-05-31,159.18,161.57,158.25,159.54,1133495
2013-06-03,159.42,161.37,156.87,157.79,122149
2013-06-04,156.48,159.99,153.55,157.77,568012
2013-06-05,156.52,159.16,153.55,156.8,390461
2013-06-06,155.63,157.26,152.0,152.9,1591352
2013-06-07,152.81,155.44,151.98,152.59,330734
2013-06-10,154.33,155.09,150.82,152.38,496334
2013-06-11,152.35,154.26,148.85,152.49,486053
2013-06-12,149.24,151.91,148.89,149.78,218429
2013-06-13,148.72,149.97,143.3,144.5,373675
2013-06-14,144.35,146.9,143.18,145.87,294467
2013-06-17,144.36,151.43,144.36,150.56,527851
2013-06-18,150.89,151.78,148.31,149.56,177394
2013-06-19,149.44,150.42,148.02,149.59,203042
2013-06-20,148.68,148.68,142.41,143.85,483206
2013-06-21,143.18,143.4,139.35,140.8,860432
2013-06-24,139.27,139.75,124.03,131.44,644321
2013-06-25,132.81,134.37,130.7,132.91,1003396
2013-06-26,134.77,135.36,132.79,134.61,767071
2013-06-27,134.83,142.01,134.2,140.78,497056
2013-06-28,141.99,143.14,136.54,138.57,432351
2013-07-01,140.24,141.7,136.73,137.56,402109
2013-07-02,136.57,137.07,131.38,132.66,262469
2013-07-03,131.05,134.18,130.29,133.01,204431
2013-07-04,136.32,136.32,132.64,133.18,241890
2013-07-05,134.36,135.71,132.96,134.78,164424
2013-07-08,132.28,134.75,131.78,132.85,223445
2013-07-09,133.01,141.3,132.77,139.97,421894
2013-07-10,138.76,141.13,134.97,135.48,334262
2013-07-11,137.12,137.88,133.79,134.66,517365
2013-07-12,134.57,135.85,132.81,133.52,155602
2013-07-15,133.69,135.13,132.34,132.75,229901
2013-07-16,131.05,131.05,125.58,126.14,541128
2013-07-17,124.21,127.3,121.86,123.14,1029648
2013-07-18,123.93,129.16,123.38,128.13,935929
2013-07-19,129.12,130.84,126.53,129.07,589726
2013-07-22,127.2,131.23,127.2,129.59,172329
2013-07-23,130.05,133.75,127.87,131.62,773754
2013-07-24,132.03,132.03,119.37,126.99,2343282
2013-07-25,126.09,130.18,125.48,129.12,575710
2013-07-26,126.36,129.78,124.21,125.4,206884
2013-07-29,124.21,126.55,122.08,123.19,259232
2013-07-30,122.25,125.19,122.08,124.09,191353
2013-07-31,122.67,126.55,122.25,123.7,633931
2013-08-01,124.4,126.16,115.84,117.2,726200
2013-08-02,117.0,123.03,116.42,122.02,454245
2013-08-05,124.4,127.41,121.42,126.5,458727
2013-08-06,126.03,126.16,122.97,125.14,335832
2013-08-07,125.28,128.12,121.74,127.05,165232
2013-08-08,125.21,127.62,124.95,125.86,263705
2013-08-12,126.01,127.86,120.36,122.11,568728
2013-08-13,123.23,125.19,121.28,124.75,344379
2013-08-14,124.78,125.0,123.38,124.73,237921
2013-08-16,124.87,124.87,116.01,121.33,511167
2013-08-19,120.3,121.25,114.62,116.17,499876
2013-08-20,115.04,115.04,103.34,107.01,837052
2013-08-21,109.24,113.46,109.06,112.12,562643
2013-08-22,111.55,112.5,104.4,108.57,489458
2013-08-23,107.78,111.2,106.27,109.63,409303
2013-08-26,108.56,110.71,104.89,105.64,211569
2013-08-27,105.0,105.0,97.31,98.0,485884
2013-08-28,96.24,100.86,90.78,99.43,675505
2013-08-29,98.82,102.33,95.85,99.48,1339167
2013-08-30,99.48,102.62,94.5,101.41,627839
2013-09-02,100.15,103.16,98.58,101.18,432424
2013-09-03,101.38,103.08,97.61,98.54,340405
2013-09-04,97.61,99.69,95.86,97.85,518065
2013-09-05,99.76,101.32,96.82,97.72,896511
2013-09-06,98.0,101.62,97.63,101.02,710348
2013-09-10,103.26,111.88,101.53,111.05,588524
2013-09-11,110.24,113.06,109.49,112.0,303541
2013-09-12,111.86,112.28,106.3,107.7,200129
2013-09-13,106.63,110.61,106.6,109.54,207565
2013-09-16,112.08,113.32,108.8,111.14,280460
2013-09-17,111.14,111.45,108.53,110.23,124449
2013-09-18,108.18,110.48,107.21,108.92,190694
2013-09-19,111.1,118.79,111.1,116.94,568593
2013-09-20,117.17,126.87,113.57,124.37,907136
2013-09-23,121.66,125.56,119.31,124.75,310677
2013-09-24,122.06,124.77,115.85,117.16,363140
2013-09-25,118.35,119.75,112.68,113.5,709984
2013-09-26,113.84,115.21,111.1,112.55,334908
2013-09-27,112.86,114.05,110.95,112.46,195569
2013-09-30,110.52,113.98,110.52,112.25,310544
2013-10-01,112.67,113.33,110.96,111.26,174024
2013-10-03,110.55,112.79,110.55,111.73,227657
2013-10-04,111.49,112.19,107.87,109.05,306307
2013-10-07,107.99,109.93,107.01,109.25,280028
2013-10-08,112.07,112.45,107.12,107.69,378254
2013-10-09,107.13,110.32,107.0,109.55,544751
2013-10-10,108.56,111.75,108.01,109.22,444473
2013-10-11,110.95,111.88,109.34,111.14,650045
2013-10-14,112.47,113.41,111.16,111.53,232613
2013-10-15,111.9,112.4,109.39,109.96,333975
2013-10-17,109.73,111.48,107.59,109.18,365071
2013-10-18,108.17,109.53,107.26,107.77,548831
2013-10-21,107.78,109.54,106.6,108.84,315966
2013-10-22,109.13,112.67,108.15,109.23,388921
2013-10-23,109.45,110.52,107.39,108.06,374304
2013-10-24,107.97,109.39,106.82,107.47,793905
2013-10-25,106.8,111.3,106.8,110.72,511584
2013-10-28,111.6,111.69,107.58,109.1,214148
2013-10-29,108.52,113.23,107.78,112.08,600452
2013-10-30,113.09,121.64,112.89,120.84,500232
2013-10-31,120.3,122.21,116.48,119.58,808892
2013-11-01,120.3,127.14,120.3,126.17,599519
2013-11-03,126.17,126.72,123.72,124.71,28826
2013-11-05,126.16,126.66,117.75,118.39,405581
2013-11-06,119.29,120.77,117.36,117.78,125071
2013-11-07,117.75,118.34,110.77,111.02,631986
2013-11-08,112.04,112.04,107.89,109.97,928105
2013-11-11,111.86,111.86,106.29,107.14,267822
2013-11-12,109.54,110.32,107.41,108.19,318936
2013-11-13,108.56,110.48,107.78,108.34,213972
2013-11-14,107.99,111.49,107.99,110.73,182778
2013-11-18,112.06,117.08,110.31,115.85,349811
2013-11-19,116.36,116.38,113.08,114.58,132209
2013-11-20,113.66,115.11,111.49,112.47,154183
2013-11-21,112.47,112.47,109.15,109.82,130271
2013-11-22,109.93,112.86,109.15,111.39,134598
2013-11-25,111.96,113.43,111.49,112.23,105489
2013-11-26,111.88,113.81,111.11,111.73,184025
2013-11-27,111.1,114.72,110.69,114.17,120684
2013-11-28,112.68,115.8,111.6,112.52,631019
2013-11-29,111.69,116.76,111.69,115.65,254441
2013-12-02,115.65,118.32,114.43,117.57,215435
2013-12-03,117.65,119.19,116.29,116.69,457568
2013-12-04,114.52,117.88,113.78,114.72,302000
2013-12-05,117.95,117.95,114.52,115.61,266625
2013-12-06,114.68,117.36,114.68,115.34,296901
2013-12-09,116.58,119.6,116.38,117.4,501626
2013-12-10,117.56,118.33,115.99,117.3,840805
2013-12-11,116.38,119.2,114.77,118.35,370440
2013-12-12,119.1,120.67,118.14,118.83,278936
2013-12-13,118.83,118.93,116.38,116.79,232123
2013-12-16,116.62,121.86,115.75,120.63,428786
2013-12-17,121.59,122.72,120.05,121.31,496329
2013-12-18,121.46,124.4,119.39,123.58,436750
2013-12-19,123.72,126.74,122.66,125.12,543133
2013-12-20,125.2,129.86,125.2,129.09,454086
2013-12-23,128.31,130.46,126.06,126.68,272090
2013-12-24,126.44,131.75,125.26,130.61,255167
2013-12-26,131.05,132.95,128.16,129.53,245936
2013-12-27,130.97,133.01,128.31,132.08,125110
2013-12-30,132.23,133.2,130.27,132.32,105232
2013-12-31,132.42,132.79,129.74,131.56,183722
2014-01-01,132.42,132.52,130.86,131.48,51193
2014-01-02,131.48,132.57,127.73,128.85,102172
2014-01-03,128.71,133.01,127.86,131.92,162571
2014-01-06,132.08,132.78,127.97,128.62,217799
2014-01-07,129.68,129.68,122.48,124.14,314631
2014-01-08,122.45,125.77,121.34,122.78,498879
2014-01-09,122.64,122.64,117.89,119.22,709027
2014-01-10,119.22,121.25,117.56,118.29,276389
2014-01-13,119.31,120.84,117.03,119.07,198040
2014-01-14,117.56,120.3,117.3,118.47,686800
2014-01-15,117.97,122.84,117.97,121.28,275011
2014-01-16,121.47,123.42,117.75,118.37,321498
2014-01-17,118.03,119.03,116.22,117.29,251374
2014-01-20,117.36,120.0,116.38,119.41,88444
2014-01-21,117.75,121.8,117.75,120.73,113994
2014-01-22,120.3,122.64,119.83,122.12,84345
2014-01-23,122.12,123.22,120.11,120.83,116513
2014-01-24,119.9,122.05,118.44,121.12,205299
2014-01-27,120.3,120.3,117.37,118.04,168544
2014-01-28,117.36,120.91,116.77,118.97,199235
2014-01-29,120.49,124.58,119.02,120.42,579078
2014-01-30,118.99,119.63,116.42,118.55,711517
2014-01-31,119.33,123.63,118.45,122.29,216970
2014-02-03,122.55,123.62,119.73,121.2,314349
2014-02-04,120.19,121.57,117.85,120.37,343301
2014-02-05,121.16,121.16,119.11,119.41,524145
2014-02-06,118.34,120.09,114.5,116.97,554097
2014-02-07,118.93,118.93,115.15,115.68,213131
2014-02-10,115.62,117.36,114.44,115.55,164582
2014-02-11,116.58,116.58,113.72,114.44,160769
2014-02-12,114.82,115.2,113.47,114.09,333380
2014-02-13,114.0,114.51,112.48,113.04,207007
2014-02-14,113.03,113.45,107.89,108.93,686816
2014-02-17,109.75,111.56,107.68,108.41,224733
2014-02-18,107.51,110.5,107.33,109.38,534570
2014-02-19,109.36,110.36,108.02,108.72,362271
2014-02-20,108.56,113.12,108.56,112.14,860774
2014-02-21,112.83,115.41,112.47,115.09,258908
2014-02-24,115.21,115.99,111.97,112.85,138935
2014-02-25,114.38,116.33,112.92,115.5,209645
2014-02-26,116.18,117.75,115.21,115.48,428430
2014-02-28,117.3,117.3,115.01,115.65,915560
2014-03-03,117.16,117.16,112.9,113.28,729259
2014-03-04,114.23,114.23,110.71,113.27,607398
2014-03-05,115.11,116.38,112.76,116.05,263234
2014-03-06,116.95,122.15,115.41,121.25,495869
2014-03-07,118.63,125.04,118.63,121.66,1445862
2014-03-10,119.51,131.44,119.51,129.96,762824
2014-03-11,130.11,132.23,125.77,127.0,537829
2014-03-12,126.5,128.31,124.64,126.17,526665
2014-03-13,126.16,128.31,125.01,125.95,525473
2014-03-14,125.58,125.58,121.7,123.08,375095
2014-03-18,123.22,132.49,121.88,128.12,1444735
2014-03-19,128.31,135.63,127.98,132.73,954376
2014-03-20,131.39,131.39,127.31,128.01,452558
2014-03-21,129.04,132.48,128.15,130.5,866529
2014-03-22,130.76,131.31,129.88,130.39,11489
2014-03-24,130.09,136.24,130.09,134.98,441634
2014-03-25,134.97,146.69,133.52,137.81,1606183
2014-03-26,136.77,140.44,135.63,138.91,1011266
2014-03-27,139.07,143.77,136.93,140.11,961524
2014-03-28,140.44,145.72,139.28,144.47,639400
2014-03-31,145.14,152.49,144.47,150.12,769060
2014-04-01,149.62,149.62,144.87,147.65,589585
2014-04-02,149.15,152.33,147.36,149.65,481160
2014-04-03,146.7,148.27,139.66,143.18,615507
2014-04-04,143.18,144.73,140.14,143.07,223257
2014-04-07,144.24,147.09,140.25,144.76,462729
2014-04-09,147.46,155.11,145.2,153.91,961165
2014-04-10,154.34,155.5,151.04,152.89,764429
2014-04-11,151.61,152.13,148.29,150.54,406067
2014-04-15,149.85,149.85,142.19,143.39,303167
2014-04-16,144.05,144.75,141.22,142.0,505675
2014-04-17,144.96,147.27,142.41,146.27,550327
2014-04-21,145.72,149.46,144.9,148.87,326744
2014-04-22,149.83,154.23,148.44,153.05,327437
2014-04-23,153.16,163.11,153.16,158.69,682125
2014-04-25,159.37,162.15,155.7,157.44,276768
2014-04-28,157.46,158.31,150.71,151.66,275036
2014-04-29,151.69,154.13,144.13,145.75,410572
2014-04-30,145.77,145.92,139.12,143.73,858291
2014-05-02,144.74,146.11,142.31,144.89,268582
2014-05-05,146.31,146.4,142.31,143.1,243199
2014-05-06,142.78,143.57,140.64,141.21,166250
2014-05-07,139.86,143.15,136.33,137.58,635586
2014-05-08,137.77,141.19,137.77,139.62,695568
2014-05-09,139.56,151.81,139.56,150.83,890757
2014-05-12,151.4,154.52,146.8,151.72,526494
2014-05-13,151.89,155.33,148.94,154.19,484052
2014-05-14,155.48,157.85,150.61,157.28,608313
2014-05-15,157.44,160.2,156.5,159.38,743451
2014-05-16,161.37,181.65,160.4,166.6,1363692
2014-05-19,170.74,180.89,168.43,178.46,937540
2014-05-20,178.11,179.05,170.17,172.23,685968
2014-05-21,171.42,174.07,168.8,170.78,786792
2014-05-22,173.11,187.39,172.13,184.4,1432572
2014-05-23,182.73,186.24,175.71,179.12,1136798
2014-05-26,183.66,186.15,176.3,183.16,323797
2014-05-27,183.67,184.8,176.94,178.94,1698432
2014-05-28,178.94,183.25,177.8,181.87,970101
2014-05-29,182.68,182.68,177.05,178.6,553732
2014-05-30,178.58,188.5,172.86,185.27,1220325
2014-06-02,186.76,187.0,182.11,184.14,225662
2014-06-03,186.6,189.34,183.49,187.3,499529
2014-06-04,189.09,189.09,179.39,180.44,623077
2014-06-05,180.94,186.57,180.25,185.83,436696
2014-06-06,186.6,194.43,185.59,192.29,809687
2014-06-09,194.67,199.51,192.71,197.02,457001
2014-06-10,197.81,200.1,192.38,197.12,436153
2014-06-11,196.91,196.91,191.7,194.72,370587
2014-06-12,194.62,195.78,192.69,194.96,225398
2014-06-13,195.38,195.41,180.74,182.4,524773
2014-06-16,182.3,183.31,175.64,178.07,381827
2014-06-17,177.84,180.92,177.04,178.4,883966
2014-06-18,180.67,180.67,171.17,172.11,808428
2014-06-19,172.33,174.69,169.4,171.31,648565
2014-06-20,171.36,171.36,167.83,168.92,408440
2014-06-23,169.03,170.27,165.13,166.17,1044326
2014-06-24,164.7,169.56,164.7,166.17,1098606
2014-06-25,167.83,167.83,165.35,166.26,1001694
2014-06-26,166.07,174.46,166.07,173.17,1494454
2014-06-27,175.83,176.72,172.17,175.16,375289
2014-06-30,174.28,178.19,173.4,177.03,277001
2014-07-01,177.98,178.58,176.04,176.92,169961
2014-07-02,177.02,185.04,176.82,184.3,496757
2014-07-03,185.43,188.68,181.71,183.03,564634
2014-07-04,181.71,187.58,181.71,186.62,307508
2014-07-07,187.78,190.12,186.35,187.68,445238
2014-07-08,185.82,189.7,177.04,179.35,370772
2014-07-09,179.38,182.71,172.5,175.97,448063
2014-07-10,174.28,184.84,173.11,177.34,343116
2014-07-11,177.41,184.54,165.86,168.64,407466
2014-07-14,168.22,173.3,166.28,171.8,120593
2014-07-15,172.17,178.19,170.38,177.58,274061
2014-07-16,179.69,182.68,171.17,179.9,399058
2014-07-17,178.12,183.28,177.08,178.13,278516
2014-07-18,177.8,177.8,173.69,175.26,232862
2014-07-21,174.21,178.62,172.22,175.16,449550
2014-07-22,174.28,177.59,174.28,175.86,160858
2014-07-23,177.02,178.62,170.68,171.85,313586
2014-07-24,173.05,174.85,170.35,171.58,262583
2014-07-25,171.48,174.36,166.12,173.18,601744
2014-07-28,175.06,179.35,175.06,177.55,1113362
2014-07-30,177.77,180.64,176.35,178.78,1286467
2014-07-31,178.98,179.79,174.28,176.05,804443
2014-08-01,174.53,175.32,171.93,173.19,304942
2014-08-04,173.38,173.38,169.46,170.64,614307
2014-08-05,172.72,174.99,169.2,173.86,425940
2014-08-06,173.99,176.61,173.76,175.33,1603225
2014-08-07,176.43,179.56,175.06,177.32,725008
2014-08-08,175.47,176.13,170.57,172.39,226665
2014-08-11,172.39,176.18,172.39,175.0,426908
2014-08-12,175.86,176.75,173.64,175.82,274584
2014-08-13,177.56,179.84,172.72,175.3,347678
2014-08-14,177.0,177.0,172.53,174.47,249549
2014-08-18,174.67,175.16,171.85,173.4,333689
2014-08-19,175.45,182.07,174.08,181.48,1032735
2014-08-20,182.83,184.45,182.4,183.29,1101251
2014-08-21,181.91,185.72,179.46,182.51,818666
2014-08-22,182.89,183.67,181.83,183.25,687744
2014-08-25,183.25,187.56,180.54,181.55,800416
2014-08-26,182.69,182.69,176.44,178.38,268869
2014-08-27,179.92,180.53,177.27,179.83,280519
2014-08-28,180.15,180.91,176.19,176.85,387718
2014-09-01,175.67,185.63,175.67,184.45,436279
2014-09-02,185.82,189.35,184.06,187.91,768192
2014-09-03,188.95,192.67,187.78,190.28,1438570
2014-09-04,191.46,191.46,187.44,190.61,253802
2014-09-05,192.62,194.51,190.25,193.67,919041
2014-09-08,194.04,194.8,188.27,189.76,478044
2014-09-09,191.06,191.67,187.79,190.84,233816
2014-09-10,191.49,192.81,189.53,190.92,515811
2014-09-11,191.67,192.47,189.01,189.88,719871
2014-09-12,191.48,192.37,188.78,190.99,465751
2014-09-15,192.24,192.24,189.19,190.08,233066
2014-09-16,189.34,190.68,180.93,181.87,288508
2014-09-17,182.34,186.98,178.32,186.03,455853
2014-09-18,185.82,188.75,185.82,188.26,348734
2014-09-19,187.78,190.74,184.88,188.93,638103
2014-09-22,188.93,192.66,186.83,191.44,485029
2014-09-23,193.21,195.35,190.14,191.13,1179749
2014-09-24,191.7,191.7,183.7,184.54,397311
2014-09-25,186.78,186.78,174.1,179.89,1028270
2014-09-26,179.18,187.04,178.87,185.29,474573
2014-09-29,185.26,192.45,183.87,190.79,246855
2014-09-30,190.81,192.26,181.03,182.36,555365
2014-10-01,183.02,183.16,177.02,178.08,699450
2014-10-07,178.15,184.44,172.15,173.57,564677
2014-10-08,176.03,180.69,173.18,175.87,707169
2014-10-09,175.85,179.17,175.28,176.33,966142
2014-10-10,176.04,176.04,169.78,171.48,264791
2014-10-13,169.98,171.53,167.3,171.03,275293
2014-10-14,172.46,178.17,172.13,176.87,969093
2014-10-16,174.28,179.71,167.69,170.67,413881
2014-10-17,171.06,177.36,170.96,176.04,572541
2014-10-20,176.82,184.24,176.82,180.87,712357
2014-10-21,179.95,179.95,174.51,176.05,469679
2014-10-22,176.44,180.53,176.25,179.05,297606
2014-10-23,180.86,182.3,179.56,180.79,28422
2014-10-27,180.94,183.13,174.77,175.56,202344
2014-10-28,174.21,176.96,170.76,174.33,597925
2014-10-29,174.87,176.43,172.52,174.82,255550
2014-10-30,174.28,178.96,173.13,177.47,2091145
2014-10-31,178.77,186.42,175.13,185.89,1822743
2014-11-03,186.6,187.56,182.69,183.3,730530
2014-11-05,182.5,188.56,182.5,185.48,1015958
2014-11-07,186.24,191.1,185.86,189.9,1081940
2014-11-10,190.71,192.08,188.36,189.32,853438
2014-11-11,189.54,204.8,189.54,198.59,2960392
2014-11-12,199.54,205.82,197.75,203.27,1303179
2014-11-13,204.4,207.73,201.47,205.3,1038671
2014-11-14,205.3,208.32,201.47,204.03,4040941
2014-11-17,205.26,209.27,203.1,205.75,1204539
2014-11-18,206.56,208.28,203.43,205.24,711556
2014-11-19,204.33,212.7,204.33,208.3,687323
2014-11-20,210.98,211.05,203.43,205.36,216161
2014-11-21,206.36,208.81,204.64,207.17,357048
2014-11-24,205.77,207.63,203.14,205.45,1119459
2014-11-25,204.82,207.57,195.6,200.45,630392
2014-11-26,199.51,204.36,196.91,203.02,517965
2014-11-27,203.03,204.21,198.73,202.92,599574
2014-11-28,204.96,214.97,204.4,211.23,1104230
2014-12-01,212.03,222.79,208.34,218.45,777229
2014-12-02,219.08,221.73,212.45,217.27,404325
2014-12-03,218.68,229.15,217.11,227.39,657751
2014-12-04,228.43,239.14,227.29,235.51,1049767
2014-12-05,237.85,239.42,229.55,230.46,517912
2014-12-08,231.59,236.09,225.92,230.48,585689
2014-12-09,230.22,231.94,219.47,224.13,636331
2014-12-10,223.96,233.53,222.16,232.42,499538
2014-12-11,233.93,233.93,221.52,224.7,773702
2014-12-12,224.7,227.75,217.64,219.72,524659
2014-12-15,219.07,224.03,218.29,219.81,304279
2014-12-16,220.25,223.51,210.57,212.1,867334
2014-12-17,210.02,212.53,198.68,207.42,1135271
2014-12-18,210.25,220.25,210.25,219.41,754025
2014-12-19,219.48,221.03,211.87,214.43,378853
2014-12-22,214.85,219.53,209.54,218.23,500407
2014-12-23,219.86,220.05,212.73,215.54,330621
2014-12-24,215.59,217.06,212.33,214.51,200309
2014-12-26,213.42,216.92,211.04,213.48,139540
2014-12-29,214.19,217.17,213.62,214.99,201159
2014-12-30,213.61,217.89,212.95,216.38,217404
2014-12-31,217.31,218.68,213.47,216.79,372310
2015-01-01,218.29,218.29,214.38,215.62,44916
2015-01-02,214.58,218.68,214.58,216.36,228012
2015-01-05,217.01,219.99,208.24,209.61,542854
2015-01-06,209.27,212.31,202.5,204.49,526091
2015-01-07,203.03,205.22,200.22,203.43,599475
2015-01-08,205.38,208.27,203.12,206.05,424555
2015-01-09,207.34,210.08,205.13,207.55,326345
2015-01-12,207.34,209.29,202.34,203.59,334446
2015-01-13,203.82,206.02,201.92,203.33,268361
2015-01-14,202.85,206.33,199.51,202.29,344374
2015-01-15,206.9,219.56,206.9,217.28,1326898
2015-01-16,217.71,228.83,217.71,227.9,1297360
2015-01-19,229.09,230.24,218.52,223.49,719255
2015-01-20,222.02,224.72,216.97,219.92,805609
2015-01-21,222.39,226.9,214.59,216.42,793874
2015-01-22,218.29,220.64,215.65,219.63,449912
2015-01-23,221.62,223.3,210.88,214.27,877700
2015-01-27,212.99,218.44,212.54,215.48,1345235
2015-01-28,215.36,227.64,214.58,226.67,573227
2015-01-29,224.94,228.69,222.01,226.88,303518
2015-01-30,227.68,228.64,221.09,223.45,414354
2015-02-02,222.99,229.0,222.26,226.68,379707
2015-02-03,228.64,235.7,226.9,229.46,704469
2015-02-04,228.66,230.22,221.69,223.15,268923
2015-02-05,223.18,232.51,223.18,226.34,499349
2015-02-06,224.94,230.41,221.04,223.01,272602
2015-02-09,223.01,227.68,221.23,224.45,239076
2015-02-10,224.91,228.66,222.5,224.21,362730
2015-02-11,223.38,228.72,223.38,226.67,209480
2015-02-12,228.84,238.63,225.33,237.1,465832
2015-02-13,238.61,248.81,237.9,246.46,785606
2015-02-16,247.24,251.24,236.97,238.91,413267
2015-02-18,238.05,247.44,237.66,244.64,575280
2015-02-19,245.48,247.05,235.11,240.16,291238
2015-02-20,242.35,242.35,235.56,237.53,485696
2015-02-23,238.62,240.34,232.9,236.78,447301
2015-02-24,237.27,237.27,224.94,226.96,994868
2015-02-25,227.68,233.07,227.66,230.85,542344
2015-02-26,230.81,235.27,225.18,228.97,698438
2015-02-27,228.85,230.58,223.18,226.37,897040
2015-02-28,227.88,240.39,226.14,238.52,320857
2015-03-02,241.57,242.98,234.83,237.86,805239
2015-03-03,238.82,243.72,238.82,242.61,457275
2015-03-04,245.48,251.88,234.92,236.53,380642
2015-03-05,237.07,237.07,229.37,232.4,379334
2015-03-09,232.38,240.2,229.34,233.74,693426
2015-03-10,234.0,237.6,229.64,233.13,392551
2015-03-11,233.94,235.18,226.51,228.19,454019
2015-03-12,229.05,238.23,228.51,235.82,474857
2015-03-13,234.93,242.51,230.54,232.38,720229
2015-03-16,233.16,233.26,223.25,224.48,373754
2015-03-17,225.46,233.74,225.07,230.33,585495
2015-03-18,230.81,232.76,228.84,230.49,98014
2015-03-19,233.0,237.42,229.84,231.89,418826
2015-03-20,230.54,235.44,227.9,233.27,243674
2015-03-23,234.72,235.5,229.91,234.81,166294
2015-03-24,235.7,235.9,225.93,227.05,286547
2015-03-25,227.05,227.75,217.24,219.05,675615
2015-03-26,217.92,219.77,209.79,214.2,819057
2015-03-27,216.68,216.68,204.4,211.92,831190
2015-03-30,212.25,219.6,212.25,219.14,329991
2015-03-31,222.11,222.11,214.59,217.97,654128
2015-04-01,220.03,226.7,215.65,224.71,292992
2015-04-06,225.92,229.21,220.46,226.96,322002
2015-04-07,227.2,233.71,224.94,232.19,394150
2015-04-08,234.5,236.1,225.93,227.28,355186
2015-04-09,229.23,229.23,223.79,226.31,339442
2015-04-10,226.31,227.09,220.49,222.27,403000
2015-04-13,222.79,226.33,222.01,223.79,311435
2015-04-15,224.94,225.52,213.23,215.03,786452
2015-04-16,216.72,217.08,201.67,205.5,996325
2015-04-17,206.36,206.52,198.4,200.59,824320
2015-04-20,201.67,204.91,195.6,197.92,706406
2015-04-21,199.09,203.37,197.56,201.01,407062
2015-04-22,202.06,206.36,198.59,203.78,550298
2015-04-23,204.43,207.34,199.71,201.47,522138
2015-04-24,202.45,204.91,193.65,203.42,448026
2015-04-27,203.94,206.34,192.67,195.01,639644
2015-04-28,195.19,196.78,188.05,193.89,1216649
2015-04-29,194.37,196.78,190.13,192.53,784332
2015-04-30,192.08,192.08,185.02,189.7,1266216
2015-05-04,182.14,184.84,159.92,161.96,5463866
2015-05-05,160.4,166.59,156.15,165.62,6022796
2015-05-06,165.87,167.77,158.55,159.31,2164235
2015-05-07,157.46,160.75,148.86,150.79,1648498
2015-05-08,151.79,156.95,149.87,154.54,1585291
2015-05-11,156.36,161.76,154.29,161.02,1170080
2015-05-12,160.98,160.98,156.7,157.83,1105940
2015-05-13,157.92,160.62,154.72,159.04,1175530
2015-05-14,158.63,162.35,156.9,159.9,864778
2015-05-15,161.18,165.48,160.2,164.23,670201
2015-05-18,163.45,165.67,162.79,165.17,448092
2015-05-19,165.63,167.53,163.91,165.4,541573
2015-05-20,167.14,168.61,162.31,163.55,1412683
2015-05-21,163.91,163.91,159.41,161.26,706583
2015-05-22,161.96,163.16,159.82,161.3,386949
2015-05-25,161.26,163.84,160.78,162.05,295022
2015-05-26,163.91,165.09,161.63,163.49,425890
2015-05-27,163.13,163.82,160.59,163.18,647438
2015-05-28,163.0,165.06,161.99,162.93,909259
2015-05-29,163.0,166.26,160.33,161.1,1506831
2015-06-01,162.59,162.59,159.74,161.02,625648
2015-06-02,161.08,161.86,156.87,157.91,1112305
2015-06-03,158.83,161.78,157.61,160.52,1289455
2015-06-04,159.92,161.51,158.8,159.63,758180
2015-06-05,160.37,163.45,158.89,161.48,330015
2015-06-08,161.48,163.24,157.46,159.42,279389
2015-06-09,160.39,161.75,157.3,159.85,479562
2015-06-10,161.32,163.78,160.78,162.85,414640
2015-06-11,163.33,163.89,152.18,154.88,715017
2015-06-12,153.55,160.34,151.72,159.39,912325
2015-06-15,160.0,161.37,156.9,160.64,703730
2015-06-16,160.39,162.55,159.81,160.99,1173931
2015-06-17,162.34,165.06,160.49,162.56,1289062
2015-06-18,163.13,175.63,162.56,170.79,1563758
2015-06-19,171.54,180.66,171.15,173.13,3438205
2015-06-22,173.69,177.41,170.66,174.33,1271825
2015-06-23,173.41,178.98,173.41,176.02,1136293
2015-06-24,176.63,176.82,173.42,174.44,543077
2015-06-25,175.26,175.71,166.65,171.92,1771418
2015-06-26,173.04,174.84,171.04,172.76,782211
2015-06-29,170.17,172.12,166.9,169.91,457668
2015-06-30,169.91,171.32,165.92,166.94,863352
2015-07-01,170.17,175.06,169.93,174.21,1623964
2015-07-02,176.04,182.2,175.08,181.51,1278884
2015-07-03,180.93,182.89,176.49,177.35,657398
2015-07-06,174.28,179.94,174.28,176.37,687228
2015-07-07,177.02,185.41,177.02,184.0,827879
2015-07-08,178.98,188.7,178.98,185.35,1037709
2015-07-09,184.79,184.79,179.95,181.7,442899
2015-07-10,183.22,185.62,182.01,183.79,428331
2015-07-13,185.43,187.19,180.35,180.85,526221
2015-07-14,181.13,181.75,176.43,177.5,558370
2015-07-15,178.92,179.43,171.99,173.66,903977
2015-07-16,174.09,176.16,173.11,173.92,654562
2015-07-17,174.97,177.02,173.75,175.77,317620
2015-07-20,176.82,178.0,173.69,174.13,321167
2015-07-21,174.85,176.41,170.43,171.83,338461
2015-07-22,171.54,173.5,170.17,172.13,295139
2015-07-23,173.95,176.69,171.15,171.98,336973
2015-07-24,172.13,173.44,170.21,172.06,213110
2015-07-27,171.15,172.8,165.39,165.91,462395
2015-07-28,166.65,167.44,164.31,164.8,439989
2015-07-29,166.63,170.37,165.87,166.77,419509
2015-07-30,167.24,172.85,167.05,168.49,507078
2015-07-31,169.88,175.65,168.47,174.36,661351
2015-08-03,176.04,180.13,170.56,179.5,789037
2015-08-04,179.95,180.54,176.04,177.56,450817
2015-08-05,178.78,179.95,175.97,176.72,339534
2015-08-06,177.8,178.78,174.67,175.75,438512
2015-08-07,176.43,176.88,174.62,175.72,337876
2015-08-10,175.65,177.41,172.13,173.59,275591
2015-08-11,174.09,175.45,170.58,171.77,203089
2015-08-12,170.96,172.71,165.77,167.43,245101
2015-08-13,168.82,170.17,160.27,161.35,900566
2015-08-14,161.96,170.25,161.96,169.67,431892
2015-08-17,169.78,173.01,166.18,167.15,284068
2015-08-18,168.22,171.29,167.24,167.6,235970
2015-08-19,168.8,171.13,167.24,168.75,229101
2015-08-20,168.48,170.76,164.99,166.42,407725
2015-08-21,163.33,168.41,161.96,166.04,703467
2015-08-24,162.15,164.07,154.58,161.22,768048
2015-08-25,161.35,163.91,154.53,159.11,1056965
2015-08-26,159.4,161.96,157.38,158.89,671718
2015-08-27,163.52,163.52,159.28,160.27,405932
2015-08-28,161.37,163.22,158.85,160.05,410758
2015-08-31,160.17,161.86,158.24,159.03,644581
2015-09-01,159.3,163.72,158.44,160.13,354914
2015-09-02,160.78,171.05,160.53,168.49,1352015
2015-09-03,169.59,170.94,166.39,169.39,419753
2015-09-04,171.13,171.13,166.07,167.64,643031
2015-09-07,166.26,168.22,156.65,157.16,273493
2015-09-08,157.46,162.94,157.06,160.57,421132
2015-09-09,162.15,166.16,160.78,164.17,309094
2015-09-10,163.13,172.71,159.85,170.37,934899
2015-09-11,172.91,175.94,170.98,171.95,409643
2015-09-14,173.67,173.67,169.2,169.61,212876
2015-09-15,170.56,170.7,165.57,167.29,442410
2015-09-16,169.72,172.52,167.24,170.84,285447
2015-09-18,173.69,178.58,171.54,177.7,1056945
2015-09-21,177.57,181.69,174.74,177.85,474845
2015-09-22,178.39,180.54,172.79,174.12,314155
2015-09-23,174.07,174.46,169.2,172.36,346232
2015-09-24,173.11,176.14,169.3,171.46,1888262
2015-09-28,171.52,178.21,170.58,173.88,344467
2015-09-29,171.92,184.37,170.39,183.13,895860
2015-09-30,184.0,184.83,177.02,180.94,756482
2015-10-01,180.94,183.96,178.39,181.85,487116
2015-10-05,182.28,185.8,181.42,184.84,696127
2015-10-06,186.21,191.1,184.69,186.98,638742
2015-10-07,187.0,191.42,183.57,190.39,368902
2015-10-08,188.17,190.13,184.62,185.6,623783
2015-10-09,186.41,189.34,184.35,187.46,252722
2015-10-12,187.68,192.05,186.02,191.19,249025
2015-10-13,190.36,198.14,188.89,197.06,489220
2015-10-14,198.16,199.3,189.93,193.71,400709
2015-10-15,195.99,196.58,192.86,195.24,294024
2015-10-16,196.78,197.3,182.56,187.29,902238
2015-10-19,188.66,190.73,185.11,189.24,380870
2015-10-20,190.5,191.28,188.17,190.38,301311
2015-10-21,189.73,189.73,177.61,182.56,1444604
2015-10-23,189.73,189.73,183.47,185.28,818468
2015-10-26,185.55,187.07,182.38,184.87,494693
2015-10-27,184.44,186.6,181.58,184.78,414150
2015-10-28,184.32,185.92,180.93,182.5,624867
2015-10-29,182.77,184.84,176.43,184.16,1281138
2015-10-30,182.3,186.6,182.02,184.52,474535
2015-11-02,185.72,188.76,182.19,183.89,512194
2015-11-03,184.81,187.17,182.92,186.21,283650
2015-11-04,187.01,188.35,185.73,187.12,168493
2015-11-05,186.6,186.6,175.69,178.75,389317
2015-11-06,178.56,183.64,177.98,182.35,312473
2015-11-09,180.35,180.93,172.94,174.05,921140
2015-11-10,172.13,173.68,168.22,169.33,429858
2015-11-11,169.2,174.09,168.92,170.55,28182
2015-11-13,171.35,174.46,167.06,173.71,1427509
2015-11-16,173.13,173.13,167.99,171.17,452632
2015-11-17,173.09,173.09,169.46,170.19,420968
2015-11-18,170.96,171.64,166.26,166.54,293341
2015-11-19,167.31,169.19,164.74,166.68,1473231
2015-11-20,167.27,168.98,165.78,166.24,444613
2015-11-23,166.85,167.16,162.35,162.99,405684
2015-11-24,162.84,166.74,162.74,165.51,618823
2015-11-26,166.26,166.95,164.7,165.8,1179239
2015-11-27,166.18,172.91,165.84,171.98,616926
2015-11-30,171.82,173.76,169.67,170.98,1048859
2015-12-01,172.18,173.26,170.86,172.22,270095
2015-12-02,173.3,174.63,170.37,173.52,898093
2015-12-03,171.95,172.99,167.34,168.2,479105
2015-12-04,169.14,169.14,163.33,165.34,796575
2015-12-07,166.46,168.9,165.62,167.57,308705
2015-12-08,166.65,169.19,166.36,167.49,515112
2015-12-09,167.22,168.79,165.73,166.93,422390
2015-12-10,167.63,167.63,160.91,161.28,2212538
2015-12-11,161.37,162.03,157.08,158.0,946136
2015-12-14,157.85,157.85,153.4,155.83,788514
2015-12-15,156.87,157.36,152.64,154.68,938238
2015-12-16,156.24,157.22,153.16,155.47,814701
2015-12-17,156.81,158.44,155.89,157.09,538849
2015-12-18,157.89,161.94,155.98,160.65,1213793
2015-12-21,160.59,165.26,160.0,164.94,516664
2015-12-22,165.87,167.19,164.7,166.22,493801
2015-12-23,166.56,168.02,164.56,166.49,221108
2015-12-24,165.48,168.8,165.19,166.94,226333
2015-12-28,166.65,167.48,165.73,166.59,167063
2015-12-29,167.44,168.54,165.22,165.87,306967
2015-12-30,166.65,168.78,165.39,166.38,322319
2015-12-31,166.26,170.96,165.48,167.96,536789
2016-01-01,168.02,170.15,167.24,169.33,116323
2016-01-04,167.56,171.7,163.16,164.48,272775
2016-01-05,166.06,170.43,163.79,169.18,335402
2016-01-06,169.18,174.38,168.88,170.68,732764
2016-01-07,169.2,169.4,159.49,160.7,251058
2016-01-08,161.76,167.44,161.76,164.69,514771
2016-01-11,163.72,164.64,158.83,160.0,350002
2016-01-12,161.18,161.32,157.66,158.05,207760
2016-01-13,158.63,160.31,153.82,157.78,641453
2016-01-14,156.05,158.15,153.74,156.44,1206057
2016-01-15,156.47,159.32,149.05,149.62,236569
2016-01-18,150.42,151.98,145.33,150.08,488355
2016-01-19,151.98,153.35,147.75,151.64,433059
2016-01-20,150.82,150.82,145.65,146.73,408420
2016-01-21,147.68,149.24,144.15,144.95,704172
2016-01-22,146.9,150.08,145.94,147.21,525161
2016-01-25,148.04,150.04,146.11,146.56,208659
2016-01-27,146.7,148.27,144.63,146.16,424843
2016-01-28,145.92,147.86,144.18,146.85,790375
2016-01-29,146.72,168.08,146.72,165.14,1409489
2016-02-01,165.86,166.11,156.7,158.36,545574
2016-02-02,158.36,164.78,154.92,156.71,536748
2016-02-03,155.5,162.31,153.35,157.29,496733
2016-02-04,159.3,164.33,158.72,162.87,622258
2016-02-05,164.31,165.85,162.39,164.58,545454
2016-02-08,166.2,170.17,165.1,167.52,399665
2016-02-09,166.26,166.26,158.79,159.99,383163
2016-02-10,158.44,160.14,156.29,158.53,267121
2016-02-11,158.44,158.81,150.49,152.47,516571
2016-02-12,152.86,155.24,146.31,153.87,1015565
2016-02-15,159.22,160.79,152.39,159.06,333830
2016-02-16,160.39,164.69,157.57,158.27,388009
2016-02-17,158.64,163.72,156.5,163.11,392773
2016-02-18,164.31,165.83,161.47,163.31,229782
2016-02-19,163.31,164.85,158.68,161.61,322573
2016-02-22,163.76,166.07,159.86,164.6,268169
2016-02-23,166.3,166.91,156.87,158.31,536761
2016-02-24,156.68,160.87,155.8,159.43,326310
2016-02-25,160.78,160.78,153.08,155.69,790142
2016-02-26,155.88,157.74,151.69,156.5,484570
2016-02-29,157.17,159.0,151.23,157.57,747572
2016-03-01,157.48,168.98,156.9,166.28,979327
2016-03-02,166.87,172.68,166.87,169.7,727987
2016-03-03,172.9,173.3,168.04,171.8,533333
2016-03-04,171.76,179.01,169.79,178.19,482394
2016-03-08,178.19,181.89,175.17,180.35,517603
2016-03-09,177.8,183.67,175.56,183.13,510725
2016-03-10,183.47,184.61,179.95,180.85,382587
2016-03-11,181.71,184.08,179.95,181.25,330452
2016-03-14,181.52,186.01,181.52,184.25,309369
2016-03-15,184.45,185.56,180.15,180.93,211948
2016-03-16,181.12,181.55,173.75,178.25,559780
2016-03-17,179.66,181.07,177.1,178.42,436575
2016-03-18,178.78,179.74,174.51,177.99,346796
2016-03-21,177.8,183.08,176.44,182.21,338127
2016-03-22,182.89,183.83,180.36,182.6,413544
2016-03-23,180.93,183.08,176.04,177.32,272457
2016-03-28,174.79,180.62,174.79,177.16,296901
2016-03-29,177.91,183.87,177.27,180.57,333036
2016-03-30,182.64,187.13,181.95,185.47,580604
2016-03-31,185.24,188.76,184.16,186.44,798291
2016-04-01,186.82,187.34,179.95,181.21,420652
2016-04-04,180.94,181.49,178.41,180.61,377581
2016-04-05,180.35,182.84,178.25,180.79,321735
2016-04-06,181.62,182.69,177.3,181.2,373814
2016-04-07,181.91,186.6,180.17,185.14,370531
2016-04-08,186.41,187.36,182.4,185.03,357532
2016-04-11,184.06,187.37,183.51,186.38,160344
2016-04-12,184.26,192.47,183.88,189.03,338003
2016-04-13,190.82,196.56,190.51,192.87,638064
2016-04-18,192.86,197.3,192.36,195.61,539227
2016-04-20,194.23,196.37,192.08,194.27,441223
2016-04-21,193.2,194.98,188.27,188.94,465198
2016-04-22,188.55,190.37,185.86,186.71,329340
2016-04-25,186.88,193.39,186.88,191.59,489822
2016-04-26,190.78,194.43,190.71,193.33,341800
2016-04-27,192.08,195.38,192.08,194.51,458149
2016-04-28,194.53,194.68,186.8,188.61,835574
2016-04-29,188.66,188.76,180.93,184.42,543385
2016-05-02,188.35,213.64,188.35,211.84,3591676
2016-05-03,213.25,220.54,202.33,203.94,2589850
2016-05-04,203.82,211.07,201.99,203.91,1246010
2016-05-05,204.99,207.92,200.31,201.26,945297
2016-05-06,203.72,207.06,201.91,205.56,377905
2016-05-09,206.16,206.95,203.62,205.2,484031
2016-05-10,206.36,210.72,205.29,207.99,756201
2016-05-11,204.4,212.8,202.74,212.11,641743
2016-05-12,214.18,219.8,212.45,219.01,981490
2016-05-13,218.29,218.88,206.96,209.29,617516
2016-05-16,209.9,212.76,207.06,209.62,525054
2016-05-17,209.7,216.91,209.7,214.93,724490
2016-05-18,215.03,224.37,209.8,222.16,852210
2016-05-19,222.16,223.31,211.64,215.33,622385
2016-05-20,218.09,219.35,208.8,209.8,583788
2016-05-23,213.21,219.66,210.84,218.13,787181
2016-05-24,219.47,227.62,216.72,226.22,1232626
2016-05-25,227.88,231.14,221.87,223.43,700450
2016-05-26,221.25,235.46,221.25,234.06,895527
2016-05-27,233.74,238.6,229.34,233.56,745627
2016-05-30,232.8,238.6,229.96,234.75,517157
2016-05-31,233.59,235.19,229.53,230.89,859703
2016-06-01,230.91,233.43,226.12,227.37,548249
2016-06-02,227.58,228.85,224.58,226.23,564392
2016-06-03,226.9,231.16,226.9,229.19,620747
2016-06-06,229.19,231.63,221.97,224.96,530674
2016-06-07,226.89,231.07,224.46,229.25,1019536
2016-06-08,231.32,237.54,229.4,236.59,1248978
2016-06-09,236.68,239.61,232.81,234.16,919445
2016-06-10,234.72,236.03,230.89,231.73,329343
2016-06-13,229.83,233.55,224.94,226.74,469668
2016-06-14,228.35,230.2,225.72,227.37,357411
2016-06-15,227.88,230.4,225.94,226.91,290455
2016-06-16,226.62,228.16,224.17,226.9,628357
2016-06-17,227.07,227.07,222.2,223.28,387873
2016-06-20,221.83,224.47,220.75,222.75,481034
2016-06-21,222.6,227.63,220.81,226.12,782556
2016-06-22,226.29,227.51,223.77,226.02,232899
2016-06-23,225.9,226.74,223.22,224.74,413674
2016-06-24,221.97,225.52,214.39,224.34,557790
2016-06-27,222.79,227.52,221.56,226.2,281734
2016-06-28,226.31,226.7,223.32,225.52,359893
2016-06-29,225.51,226.47,222.2,223.93,599957
2016-06-30,225.53,237.6,225.31,235.49,2782506
2016-07-01,237.6,243.52,236.33,239.94,700953
2016-07-04,240.3,246.85,240.3,242.64,554024
2016-07-05,242.51,245.07,239.61,240.76,331394
2016-07-07,242.53,242.6,236.45,237.27,534126
2016-07-08,237.83,241.07,234.54,236.83,311106
2016-07-11,241.33,252.67,238.67,250.3,617963
2016-07-12,254.27,256.2,251.98,254.49,838397
2016-07-13,252.76,254.25,248.96,251.59,378278
2016-07-14,251.59,252.92,247.64,249.08,381289
2016-07-15,251.17,252.88,248.02,248.71,513851
2016-07-18,248.62,250.08,238.65,240.39,974202
2016-07-19,238.83,241.17,232.08,235.19,988718
2016-07-20,236.39,237.02,231.79,233.26,444112
2016-07-21,234.31,238.89,227.06,228.19,896812
2016-07-22,228.66,233.35,225.92,230.41,523789
2016-07-25,231.79,235.35,229.85,234.48,529806
2016-07-26,234.48,241.51,234.48,237.25,859188
2016-07-27,238.61,248.98,236.09,246.23,1506831
2016-07-28,245.99,246.48,239.61,241.15,899603
2016-07-29,241.9,258.59,240.83,250.41,1796249
2016-08-01,250.57,259.06,245.48,254.0,1127654
2016-08-02,254.26,255.79,247.44,251.09,508988
2016-08-03,251.35,252.13,241.18,242.48,684323
2016-08-04,245.48,248.36,240.09,247.1,477636
2016-08-05,249.39,254.87,247.44,254.17,485315
2016-08-08,255.36,257.23,248.61,252.19,391240
2016-08-09,253.3,255.81,249.81,252.06,430233
2016-08-10,252.53,254.35,244.98,249.75,430629
2016-08-11,251.56,252.91,244.89,250.14,315366
2016-08-12,249.82,255.85,248.41,253.5,502949
2016-08-16,256.24,256.24,247.14,248.78,748255
2016-08-17,249.98,251.74,247.83,249.87,420232
2016-08-18,250.67,252.72,248.85,251.05,336580
2016-08-19,252.07,252.07,247.02,248.56,221720
2016-08-22,248.41,251.33,247.25,249.74,286949
2016-08-23,250.48,250.48,244.76,247.71,240870
2016-08-24,248.79,248.79,244.35,247.4,265097
2016-08-25,248.41,250.37,242.58,244.29,333483
2016-08-26,245.15,247.3,242.08,246.08,177239
2016-08-29,245.48,247.13,242.88,246.02,334582
2016-08-30,246.96,249.57,246.28,248.26,308171
2016-08-31,248.41,250.24,240.66,241.97,798570
2016-09-01,241.6,242.54,232.98,235.03,709782
2016-09-02,235.82,240.0,233.49,237.95,565598
2016-09-06,238.57,242.94,237.64,242.14,703907
2016-09-07,242.16,242.63,235.17,236.12,516166
2016-09-08,236.12,239.2,235.37,237.94,247636
2016-09-09,238.63,241.37,235.44,239.15,432656
2016-09-12,236.89,236.89,228.85,229.87,324079
2016-09-14,230.61,230.61,222.01,226.05,706171
2016-09-15,226.1,226.47,221.3,224.21,499203
2016-09-16,227.29,227.88,220.27,221.72,926737
2016-09-19,221.72,224.07,218.42,221.07,724353
2016-09-20,222.99,226.39,218.8,222.95,593780
2016-09-21,224.55,227.02,221.33,223.27,772381
2016-09-22,226.31,233.33,225.78,232.15,1537859
2016-09-23,234.14,237.55,230.79,232.13,1235954
2016-09-26,231.79,233.92,224.94,226.81,415799
2016-09-27,227.41,228.31,222.77,224.54,477276
2016-09-28,224.96,231.83,224.96,230.79,400361
2016-09-29,231.88,234.21,215.58,219.76,733919
2016-09-30,219.66,228.85,219.52,227.42,508298
2016-10-03,229.58,240.59,224.94,238.47,703820
2016-10-04,239.16,241.57,235.03,237.33,495379
2016-10-05,237.46,242.94,236.19,241.02,453929
2016-10-06,241.18,245.48,234.2,235.97,770141
2016-10-07,235.97,238.46,231.67,232.96,596362
2016-10-10,235.18,235.5,229.93,230.43,205380
2016-10-13,228.74,228.74,222.97,225.2,449932
2016-10-14,225.92,227.27,223.53,226.3,486687
2016-10-17,225.39,228.49,219.82,221.32,457011
2016-10-18,221.42,226.89,217.57,225.68,799939
2016-10-19,227.49,229.83,221.78,223.32,638906
2016-10-20,225.92,226.8,221.58,222.88,1019974
2016-10-21,222.11,225.92,221.48,225.23,384834
2016-10-24,226.6,228.85,224.63,225.84,487344
2016-10-25,225.76,227.68,223.59,226.34,482804
2016-10-26,225.98,225.98,219.0,220.63,695243
2016-10-27,220.83,220.83,211.46,213.41,624831
2016-10-28,212.23,217.02,209.1,211.21,602676
2016-10-30,211.25,213.32,211.19,212.32,27390
2016-11-01,211.49,214.88,205.4,206.12,572547
2016-11-02,205.19,208.88,202.26,207.92,882644
2016-11-03,205.87,210.27,203.64,204.73,470281
2016-11-04,204.81,206.37,198.55,201.64,450783
2016-11-07,203.26,207.69,199.23,202.46,369956
2016-11-08,203.22,208.43,203.03,206.64,537350
2016-11-09,197.56,197.56,165.32,193.25,1610601
2016-11-10,195.6,202.95,187.5,189.04,1624320
2016-11-11,187.07,187.07,160.87,172.53,2433820
2016-11-15,175.26,175.26,157.46,163.8,2232043
2016-11-16,168.22,173.29,164.52,166.69,1349980
2016-11-17,168.01,173.1,163.81,165.29,1546576
2016-11-18,165.67,167.33,162.01,162.69,928369
2016-11-21,164.28,164.28,155.5,162.07,1350735
2016-11-22,165.28,166.84,157.56,161.47,545788
2016-11-23,164.3,168.01,159.81,166.72,1341405
2016-11-24,166.6,172.71,165.1,170.5,1681771
2016-11-25,172.13,182.87,171.54,178.8,1337312
2016-11-28,177.98,183.47,177.03,181.52,738417
2016-11-29,181.71,183.66,176.79,177.71,832309
2016-11-30,179.48,179.48,175.69,176.91,901709
2016-12-01,177.41,179.47,174.09,176.35,545225
2016-12-02,172.34,176.86,172.34,175.17,595248
2016-12-05,175.18,177.41,174.38,175.36,883722
2016-12-06,176.98,181.69,176.23,180.06,603786
2016-12-07,180.93,180.93,174.26,175.69,2209401
2016-12-08,178.39,179.17,175.45,177.96,1805079
2016-12-09,175.65,178.48,171.64,174.04,1199330
2016-12-12,173.68,176.63,168.67,169.74,456033
2016-12-13,169.98,171.74,163.97,165.06,577392
2016-12-14,167.04,169.0,163.91,164.47,689782
2016-12-15,165.09,169.49,162.59,166.72,681832
2016-12-16,168.9,169.26,165.2,165.94,688517
2016-12-19,166.65,166.65,161.37,162.17,593197
2016-12-20,160.8,161.85,157.46,158.56,1086534
2016-12-21,159.42,161.27,157.73,158.37,793225
2016-12-22,158.55,160.56,154.13,154.81,1099560
2016-12-23,154.92,159.99,154.53,157.2,1297206
2016-12-26,156.71,156.87,152.19,153.6,527826
2016-12-27,154.72,158.82,153.55,158.11,320218
2016-12-28,158.44,162.24,157.2,159.35,498446
2016-12-29,159.53,164.11,159.53,162.75,814567
2016-12-30,164.11,168.91,163.52,166.94,777423
2017-01-02,167.56,174.09,167.24,172.99,796843
2017-01-03,174.09,177.59,172.19,174.66,642305
2017-01-04,173.3,179.02,173.3,178.35,677908
2017-01-05,179.9,180.74,177.8,178.95,1309221
2017-01-06,180.93,184.63,179.4,181.49,942159
2017-01-09,182.3,184.55,178.43,181.81,372184
2017-01-10,183.06,184.26,181.13,183.76,301001
2017-01-11,183.87,193.05,182.41,188.91,1143673
2017-01-12,190.13,191.04,182.5,184.37,1067085
2017-01-13,185.61,187.57,183.96,186.86,283267
2017-01-16,188.17,189.45,184.75,187.93,414933
2017-01-17,188.17,191.0,185.63,186.84,343708
2017-01-18,185.82,189.11,184.4,185.32,404171
2017-01-19,185.63,185.68,183.49,184.44,461682
2017-01-20,184.35,184.35,177.55,178.44,631311
2017-01-23,178.49,181.99,177.02,180.01,536156
2017-01-24,181.23,185.18,180.16,184.52,547693
2017-01-25,184.85,186.76,183.03,186.09,766868
2017-01-27,186.74,191.69,185.25,188.06,823461
2017-01-30,188.27,192.28,183.24,191.31,537229
2017-01-31,193.22,194.95,182.61,186.75,995746
2017-02-01,185.57,192.67,182.89,191.64,924464
2017-02-02,191.69,192.61,188.69,189.87,428449
2017-02-03,190.67,191.86,187.82,188.55,445751
2017-02-06,189.73,191.67,186.8,188.62,342383
2017-02-07,189.15,189.73,183.55,185.71,317155
2017-02-08,186.6,188.35,183.65,186.73,445942
2017-02-09,186.38,188.06,183.87,186.31,1384969
2017-02-10,186.41,191.47,186.41,188.69,1114941
2017-02-13,189.22,190.11,186.8,189.01,283014
2017-02-14,189.42,189.42,185.24,186.04,574314
2017-02-15,182.91,188.36,180.93,182.6,653520
2017-02-16,183.28,186.19,181.38,184.29,397844
2017-02-17,185.63,187.57,181.73,183.8,446328
2017-02-20,184.31,185.0,182.69,184.21,295933
2017-02-21,184.26,186.17,182.92,185.53,376934
2017-02-22,186.21,186.37,183.18,184.74,588170
2017-02-23,184.84,186.65,181.54,182.61,2368504
2017-02-27,182.59,184.22,181.96,182.6,378742
2017-02-28,182.89,183.46,181.05,181.75,538592
2017-03-01,182.11,182.98,178.28,181.06,691605
2017-03-02,181.3,182.72,175.07,175.89,492200
2017-03-03,174.16,181.62,173.73,179.88,1006963
2017-03-06,179.19,183.47,179.19,182.63,482125
2017-03-07,183.28,187.19,182.7,186.25,882154
2017-03-08,186.8,189.04,184.55,187.84,759820
2017-03-09,187.51,189.45,186.87,187.96,1314892
2017-03-10,187.48,188.88,186.77,187.65,408745
2017-03-14,191.59,200.26,191.59,198.25,2405301
2017-03-15,196.6,213.21,196.6,208.94,1470886
2017-03-16,209.62,210.44,203.19,205.39,754555
2017-03-17,206.75,207.42,204.42,206.67,1111993
2017-03-20,208.32,208.49,204.31,206.11,346629
2017-03-21,206.69,207.83,199.71,205.31,573271
2017-03-22,203.23,203.66,200.54,202.32,702732
2017-03-23,202.45,205.39,199.82,202.04,559052
2017-03-24,203.03,204.8,201.13,201.84,711671
2017-03-27,201.27,205.22,198.76,199.67,562545
2017-03-28,201.47,211.16,200.69,210.0,1230530
2017-03-29,210.86,210.86,204.68,207.77,642706
2017-03-30,208.71,212.23,203.75,205.91,1425840
2017-03-31,207.83,212.06,205.77,210.86,710114
2017-04-03,212.23,216.92,212.04,215.96,546692
2017-04-05,216.14,218.98,212.94,216.64,736126
2017-04-06,213.21,216.15,211.75,213.99,618339
2017-04-07,212.62,215.58,211.26,212.84,319658
2017-04-10,215.16,217.12,210.79,213.1,776995
2017-04-11,213.21,215.16,210.1,212.05,565861
2017-04-12,212.03,212.88,207.28,208.67,770302
2017-04-13,208.32,209.27,204.62,205.55,286976
2017-04-17,206.95,211.76,203.53,210.95,288246
2017-04-18,211.25,212.88,206.62,207.43,254183
2017-04-19,205.77,214.85,204.4,214.17,680549
2017-04-20,214.18,214.57,209.5,210.26,371203
2017-04-21,212.42,212.42,205.42,206.07,599269
2017-04-24,206.95,207.19,203.95,206.08,412797
2017-04-25,207.87,213.99,207.03,213.32,681588
2017-04-26,214.18,214.18,204.8,206.11,848134
2017-04-27,205.95,209.68,200.88,203.52,2036343
2017-04-28,203.82,204.91,198.69,203.16,695858
2017-05-02,204.18,204.69,196.73,197.29,694998
2017-05-03,196.85,202.62,195.8,199.22,381156
2017-05-04,200.88,200.88,198.34,199.45,359608
2017-05-05,200.3,200.3,195.31,195.78,883894
2017-05-08,197.11,197.65,195.03,195.38,246520
2017-05-09,196.28,197.56,193.79,196.44,633320
2017-05-10,196.76,199.31,196.76,197.87,445885
2017-05-11,198.53,200.23,197.13,198.49,426043
2017-05-12,198.54,199.36,192.31,193.61,471436
2017-05-15,193.65,196.36,193.65,194.86,707177
2017-05-16,195.58,198.73,195.29,197.62,811206
2017-05-17,197.62,199.11,197.62,198.08,437001
2017-05-18,197.95,197.95,193.67,194.56,245585
2017-05-19,195.8,199.0,193.66,195.42,381975
2017-05-22,195.99,197.99,194.04,195.09,352638
2017-05-23,196.51,196.51,186.86,187.62,344331
2017-05-24,187.39,188.51,182.65,184.79,621585
2017-05-25,183.94,189.97,183.26,188.48,749335
2017-05-26,189.73,194.81,189.31,192.96,759348
2017-05-29,193.25,196.89,190.32,194.36,620798
2017-05-30,194.58,197.94,192.28,196.52,373026
2017-05-31,202.25,203.82,198.69,199.51,1747656
2017-06-01,197.97,203.13,197.97,200.93,771481
2017-06-02,201.16,202.34,195.94,200.68,537502
2017-06-05,201.84,202.08,198.38,199.74,471387
2017-06-06,200.1,201.25,193.73,194.99,390235
2017-06-07,196.78,198.14,194.97,195.63,367823
2017-06-08,197.17,197.45,194.34,195.61,372531
2017-06-09,195.8,196.19,192.58,194.02,589020
2017-06-12,192.67,195.82,191.82,193.04,294092
2017-06-13,193.25,194.62,189.34,189.94,465074
2017-06-14,191.04,191.04,185.83,186.74,646576
2017-06-15,185.82,191.58,184.84,190.53,628466
2017-06-16,191.12,193.65,191.12,192.52,422030
2017-06-19,194.43,196.35,193.11,194.5,320979
2017-06-20,193.84,195.6,191.79,194.14,500041
2017-06-21,193.63,197.09,192.8,195.5,384261
2017-06-22,195.73,200.08,192.86,194.1,534224
2017-06-23,195.38,195.99,187.93,189.23,309437
2017-06-27,190.7,194.53,189.93,193.54,652375
2017-06-28,194.41,197.16,192.39,195.55,456045
2017-06-29,195.89,197.57,192.67,193.26,328874
2017-06-30,193.65,196.23,193.08,195.56,629883
2017-07-03,195.66,202.25,194.55,201.25,3240429
2017-07-04,203.19,206.56,199.61,204.56,3361175
2017-07-05,206.75,215.36,205.53,214.33,4100194
2017-07-06,214.97,222.4,214.26,217.32,1721724
2017-07-07,218.1,221.9,212.25,213.15,1331944
2017-07-10,234.46,234.46,195.61,206.46,242050
2017-07-11,207.92,207.92,196.8,198.32,1343288
2017-07-12,198.34,203.61,196.58,202.09,1356632
2017-07-13,200.69,203.79,199.5,200.75,775075
2017-07-14,201.47,202.54,198.46,201.97,519035
2017-07-17,202.54,204.39,196.38,197.27,749930
2017-07-18,197.56,199.31,187.68,188.68,1385162
2017-07-19,191.18,192.04,188.06,189.56,1097361
2017-07-20,191.1,191.49,186.8,187.73,639488
2017-07-21,188.56,190.52,186.56,189.19,480765
2017-07-24,189.54,190.99,188.02,188.59,354906
2017-07-25,188.75,196.38,188.07,195.24,1090420
2017-07-26,195.99,196.54,190.75,192.1,652970
2017-07-27,192.84,195.2,190.06,191.91,1433224
2017-07-28,190.5,191.34,188.96,189.75,533412
2017-07-31,191.1,200.3,188.37,198.93,3737467
2017-08-01,200.71,203.82,198.14,202.21,1871867
2017-08-02,202.2,202.87,197.26,199.18,531323
2017-08-03,198.36,201.09,193.25,194.8,792067
2017-08-04,195.42,197.17,192.31,194.07,570838
2017-08-07,194.05,196.58,192.7,193.27,414385
2017-08-08,193.64,196.84,189.54,189.9,1052560
2017-08-09,190.71,190.71,182.99,184.4,950776
2017-08-10,182.89,187.26,179.5,182.64,1028507
2017-08-11,179.99,187.37,179.99,186.22,826052
2017-08-14,186.8,192.55,186.8,190.4,787107
2017-08-16,191.59,193.34,186.72,191.32,452812
2017-08-17,191.72,195.41,189.2,191.05,618487
2017-08-18,190.61,190.79,186.77,190.19,320871
2017-08-21,190.19,193.25,186.02,187.69,525352
2017-08-22,189.92,190.93,186.21,187.46,528431
2017-08-23,188.93,191.58,187.88,189.99,438638
2017-08-24,189.92,193.35,189.55,190.71,451762
2017-08-28,191.47,193.16,189.93,191.97,247808
2017-08-29,190.71,192.47,188.85,190.05,369343
2017-08-30,191.29,192.63,190.13,190.77,247068
2017-08-31,191.02,194.62,190.84,192.67,674022
2017-09-01,195.2,200.87,192.67,199.45,1394122
2017-09-04,200.49,211.02,195.66,209.45,1540285
2017-09-05,210.18,211.85,204.81,209.98,997061
2017-09-06,208.26,210.14,205.66,207.3,442767
2017-09-07,209.09,214.77,208.61,210.68,1107637
2017-09-08,213.2,215.93,205.76,206.25,984887
2017-09-11,207.92,209.25,205.4,206.75,295402
2017-09-12,208.05,211.04,205.77,209.82,501417
2017-09-13,210.27,212.81,205.88,207.29,388298
2017-09-14,207.55,212.01,207.55,210.57,364227
2017-09-15,210.86,214.69,209.57,211.73,645141
2017-09-18,213.79,218.1,211.25,212.14,653688
2017-09-19,211.84,213.21,207.84,209.14,298230
2017-09-20,207.73,212.81,206.37,208.84,463798
2017-09-21,210.43,211.25,205.77,208.46,916206
2017-09-22,207.61,207.61,193.14,195.83,1129514
2017-09-25,196.95,196.95,189.43,192.09,769426
2017-09-26,193.25,200.18,192.24,196.9,573762
2017-09-27,203.43,210.7,200.94,205.29,2675580
2017-09-28,205.38,209.06,202.07,206.21,2018450
2017-09-29,207.34,209.14,205.65,206.24,645873
2017-10-03,207.53,212.35,206.61,207.61,567803
2017-10-04,209.18,209.18,203.45,205.08,480676
2017-10-05,205.19,209.69,204.5,206.83,746773
2017-10-06,209.49,209.99,204.62,206.05,409703
2017-10-09,206.07,210.49,203.49,208.49,653279
2017-10-10,209.1,213.6,207.83,211.48,677623
2017-10-11,211.25,219.86,210.18,215.1,885607
2017-10-12,215.71,217.61,210.87,216.09,328454
2017-10-13,216.08,218.29,213.12,214.29,720126
2017-10-16,214.59,217.04,213.96,215.25,487095
2017-10-17,215.15,218.37,214.74,216.72,793106
2017-10-18,216.87,217.52,212.7,215.99,375109
2017-10-19,215.96,216.69,209.75,212.19,28819
2017-10-23,213.15,222.51,212.1,217.33,1386657
2017-10-24,219.99,221.21,217.12,218.33,444069
2017-10-25,219.66,220.73,205.5,213.17,697715
2017-10-26,211.33,220.31,210.91,218.84,1318333
2017-10-27,220.25,229.34,220.25,226.8,831169
2017-10-30,226.92,234.58,226.92,231.02,1197874
2017-10-31,234.72,235.37,226.9,228.46,1089223
2017-11-01,228.46,237.07,228.32,234.19,2500524
2017-11-02,236.29,261.44,236.29,254.65,5148210
2017-11-03,252.52,256.06,251.38,254.35,1094301
2017-11-06,252.33,256.73,251.1,255.85,1666709
2017-11-07,255.86,258.41,249.71,250.57,897760
2017-11-08,250.75,251.15,247.78,249.06,905088
2017-11-09,248.41,251.49,245.25,247.12,1114840
2017-11-10,246.45,249.28,244.11,245.6,562263
2017-11-13,247.44,252.52,245.6,250.36,424647
2017-11-14,250.36,250.67,243.74,244.43,397912
2017-11-15,239.94,245.68,237.63,238.48,664012
2017-11-16,238.86,243.33,235.57,239.83,487656
2017-11-17,243.52,256.91,243.52,254.47,1910715
2017-11-20,254.23,254.23,246.92,250.3,738739
2017-11-21,249.78,252.11,246.17,247.83,592931
2017-11-22,249.77,249.77,243.48,244.52,464436
2017-11-23,244.54,245.96,240.87,241.41,337099
2017-11-24,242.92,243.91,241.07,242.47,452705
2017-11-27,242.16,247.84,239.42,247.22,891878
2017-11-28,245.68,251.5,245.68,249.58,1019528
2017-11-29,249.48,263.32,249.21,262.04,1771656
2017-11-30,261.81,266.92,258.19,259.67,1782494
2017-12-01,261.32,265.91,257.8,259.71,877163
2017-12-04,261.91,265.33,250.76,253.09,661751
2017-12-05,254.28,269.54,253.19,268.49,1278062
2017-12-06,268.37,268.37,260.35,262.63,1014831
2017-12-07,261.32,265.08,257.95,263.57,662936
2017-12-08,263.08,272.51,263.08,269.04,768449
2017-12-11,269.93,273.99,267.59,272.17,589185
2017-12-12,272.86,272.88,266.02,266.73,492264
2017-12-13,266.61,274.8,263.67,268.13,704501
2017-12-14,268.79,271.28,264.85,267.18,379985
2017-12-15,270.34,276.19,270.34,275.17,984085
2017-12-18,277.32,279.12,267.97,277.13,611680
2017-12-19,276.97,285.43,275.8,284.67,797353
2017-12-20,284.65,286.13,279.71,280.69,635459
2017-12-21,282.61,285.56,279.97,281.26,542905
2017-12-22,281.47,287.82,279.94,286.56,396935
2017-12-26,287.53,289.24,285.07,286.06,259181
2017-12-27,286.06,288.09,281.67,284.33,587554
2017-12-28,285.92,287.7,281.53,284.38,1326959
2017-12-29,284.01,292.72,283.62,289.76,515613
2018-01-01,291.72,292.42,286.26,288.21,212924
2018-01-02,290.08,290.55,284.03,286.23,276850
2018-01-03,284.78,287.24,282.64,284.03,497431
2018-01-04,284.6,290.08,283.53,287.31,521009
2018-01-05,287.53,291.84,285.44,289.5,699800
2018-01-08,290.45,297.22,289.5,295.34,558312
2018-01-09,297.32,297.71,294.07,296.49,264297
2018-01-10,297.9,302.38,295.92,297.53,823163
2018-01-11,296.34,296.34,292.59,294.36,658278
2018-01-12,294.36,300.09,290.66,295.34,989935
2018-01-15,296.08,298.04,292.75,293.34,213801
2018-01-16,295.36,299.47,291.92,295.54,606477
2018-01-17,296.73,296.73,291.45,294.4,397757
2018-01-18,294.42,296.43,282.74,284.86,796760
2018-01-19,287.93,287.93,275.46,279.32,553986
2018-01-22,280.87,291.24,276.07,288.76,496793
2018-01-23,287.38,292.31,285.18,287.3,896951
2018-01-24,287.53,288.1,278.61,281.26,478088
2018-01-25,277.81,284.99,277.81,282.88,592739
2018-01-29,288.53,296.53,278.2,279.99,784900
2018-01-30,281.47,281.47,266.63,268.92,759223
2018-01-31,264.68,274.82,264.27,269.88,755720
2018-02-01,268.58,278.15,266.65,269.94,721851
2018-02-02,264.51,268.84,251.12,258.57,964172
2018-02-05,254.28,265.63,254.28,263.24,668938
2018-02-06,250.38,270.18,249.5,266.48,1250605
2018-02-07,270.32,272.06,256.83,259.21,1087007
2018-02-08,259.27,265.33,259.27,261.64,351971
2018-02-09,260.35,266.41,253.3,256.49,863164
2018-02-12,256.63,262.4,253.45,259.35,663190
2018-02-14,261.11,269.17,259.17,263.72,535338
2018-02-15,265.02,271.89,263.42,266.05,565015
2018-02-16,265.66,268.95,256.67,257.89,514554
2018-02-19,257.89,258.97,246.94,252.29,750170
2018-02-20,250.77,255.45,249.85,252.84,359850
2018-02-21,254.48,254.99,245.48,246.82,620250
2018-02-22,248.81,255.07,246.46,253.98,853190
2018-02-23,253.6,261.29,253.3,258.75,447273
2018-02-26,260.91,265.78,260.15,263.85,422968
2018-02-27,263.57,265.43,261.52,263.76,530452
2018-02-28,257.52,265.53,257.52,260.9,491204
2018-03-01,262.11,263.66,259.37,261.82,523804
2018-03-05,261.72,268.75,260.95,267.86,596665
2018-03-06,270.22,274.62,256.74,265.24,928960
2018-03-07,264.65,266.63,256.63,259.18,693560
2018-03-08,259.76,262.41,255.38,259.42,505363
2018-03-09,260.54,265.93,260.54,261.85,593989
2018-03-12,263.18,267.96,261.2,262.83,1208005
2018-03-13,265.43,267.77,263.44,265.33,1017247
2018-03-14,263.69,270.32,263.69,269.18,748874
2018-03-15,267.99,287.02,267.99,285.71,1421211
2018-03-16,285.57,288.32,280.92,282.8,1234375
2018-03-19,285.48,285.48,273.47,274.63,662003
2018-03-20,270.54,273.84,267.19,269.51,952245
2018-03-21,270.52,276.44,270.32,273.25,627373
2018-03-22,272.35,275.74,270.53,274.06,529677
2018-03-23,271.91,276.02,266.02,272.69,417724
2018-03-26,271.89,279.01,271.89,277.58,708254
2018-03-27,279.71,293.18,279.29,284.35,1310151
2018-03-28,283.96,287.14,280.46,281.59,587760
2018-04-02,281.86,290.76,273.37,287.19,1056721
2018-04-03,287.26,290.76,283.43,289.64,361407
2018-04-04,289.88,291.98,281.67,284.63,885323
2018-04-05,285.36,302.6,285.15,300.87,1424857
2018-04-06,299.68,311.09,294.58,310.11,2170360
2018-04-09,308.61,314.92,303.95,304.98,1548206
2018-04-10,306.51,310.77,304.55,305.34,432980
2018-04-11,305.73,309.04,302.21,306.5,619444
2018-04-12,305.14,314.67,303.49,311.44,788585
2018-04-13,311.79,316.86,309.64,314.32,803478
2018-04-16,311.44,312.37,304.57,305.53,918762
2018-04-17,308.07,309.96,304.14,305.85,613838
2018-04-18,306.08,310.03,304.22,307.03,662794
2018-04-19,307.14,311.49,306.31,308.85,427080
2018-04-20,308.83,310.52,305.34,307.54,222080
2018-04-23,307.68,315.31,305.56,310.89,377882
2018-04-24,315.11,324.07,314.96,318.02,1247615
2018-04-25,318.63,322.55,312.22,315.45,738521
2018-04-26,318.82,324.55,315.9,320.59,1276814
2018-04-27,325.58,326.41,300.25,318.29,2436197
2018-04-30,318.24,324.17,310.83,314.99,977803
2018-05-02,316.19,317.45,298.03,303.81,960601
2018-05-03,303.77,310.37,302.7,307.91,678465
2018-05-04,310.96,314.28,307.68,312.91,827299
2018-05-07,312.96,312.96,305.93,307.1,846644
2018-05-08,306.31,307.5,300.84,302.08,585470
2018-05-09,302.59,303.46,296.15,300.14,603684
2018-05-10,302.38,303.29,292.42,293.36,824650
2018-05-11,291.86,294.51,288.2,290.96,1568523
2018-05-14,289.49,290.97,281.32,282.58,1155889
2018-05-15,286.03,293.4,279.81,287.73,1033674
2018-05-16,285.29,289.89,278.28,280.86,691567
2018-05-17,283.22,287.24,281.29,283.48,941803
2018-05-18,283.3,285.08,275.14,276.02,645478
2018-05-21,275.99,280.69,270.78,275.49,328167
2018-05-22,278.06,283.82,275.6,283.08,441312
2018-05-23,282.31,286.75,281.95,283.85,557025
2018-05-24,284.27,290.47,284.01,289.11,511059
2018-05-25,289.48,294.19,287.83,292.87,549044
2018-05-28,294.38,304.16,292.78,301.36,467100
2018-05-29,302.9,303.17,292.89,298.53,466817
2018-05-30,295.55,299.27,288.65,290.85,634534
2018-05-31,288.12,295.38,282.52,284.46,935300
2018-06-01,285.38,289.12,279.41,285.4,598785
2018-06-04,285.58,288.12,280.3,282.73,482401
2018-06-05,281.47,281.66,265.04,270.1,932010
2018-06-06,270.12,281.47,269.79,279.79,735870
2018-06-07,281.12,288.26,277.95,285.64,724402
2018-06-08,285.38,287.6,279.42,282.85,312024
2018-06-11,283.23,288.21,279.32,286.07,506878
2018-06-12,286.09,296.22,286.09,294.41,887735
2018-06-13,295.4,299.08,292.78,294.83,1106929
2018-06-14,296.73,296.73,290.02,290.49,569624
2018-06-15,291.06,292.94,285.19,286.62,606081
2018-06-18,285.97,291.84,283.82,287.03,377890
2018-06-19,285.29,290.47,283.97,286.92,440507
2018-06-20,287.53,292.96,287.53,291.62,449323
2018-06-21,293.21,293.79,287.56,290.16,286841
2018-06-22,290.09,293.68,285.8,292.23,384706
2018-06-25,289.49,292.39,285.71,287.19,341393
2018-06-26,286.65,288.31,278.73,280.88,551378
2018-06-27,278.93,281.11,265.33,268.91,669422
2018-06-28,267.56,269.66,248.87,255.0,1634892
2018-06-29,254.28,263.03,250.76,254.18,1508485
2018-07-02,256.02,257.77,250.6,251.53,461253
2018-07-03,252.28,260.4,251.95,253.7,944024
2018-07-04,239.43,239.43,204.99,224.01,18392412
2018-07-05,232.77,233.62,223.18,225.35,6770876
2018-07-06,222.79,224.75,216.28,217.47,2944975
2018-07-09,219.07,224.53,217.51,223.16,1718331
2018-07-10,223.96,238.42,223.38,235.92,4852227
2018-07-11,235.09,239.61,231.99,235.9,2293111
2018-07-12,237.72,241.96,235.9,237.35,1578004
2018-07-13,238.63,246.79,237.52,245.25,2489219
2018-07-16,244.5,250.17,227.46,237.12,3392497
2018-07-17,236.68,249.2,236.48,247.76,1840040
2018-07-18,248.22,252.33,237.77,242.21,1850652
2018-07-19,240.66,242.25,229.54,231.31,1390093
2018-07-20,228.85,231.82,224.81,229.37,1414112
2018-07-23,230.03,238.44,228.88,237.33,1319643
2018-07-24,238.34,248.11,237.27,247.4,1408845
2018-07-25,244.58,253.11,244.58,251.08,1032361
2018-07-26,251.08,283.21,249.99,275.99,9586141
2018-07-27,276.97,282.45,274.47,276.73,2179144
2018-07-30,276.58,281.65,270.33,276.97,1350227
2018-07-31,276.8,276.8,269.09,270.35,1034018
2018-08-01,271.98,278.34,271.35,272.79,1278099
2018-08-02,273.96,275.62,270.62,272.39,812381
2018-08-03,274.63,287.14,273.67,280.25,1717729
2018-08-06,281.02,288.95,277.75,278.52,1116780
2018-08-07,279.12,283.62,275.3,277.03,698222
2018-08-08,278.73,282.63,275.9,279.08,678971
2018-08-09,280.77,281.85,275.27,276.94,421110
2018-08-10,276.58,279.6,272.97,276.63,941753
2018-08-13,273.84,273.84,261.05,263.87,1014218
2018-08-14,263.07,265.02,253.52,258.21,1152891
2018-08-16,257.63,264.06,255.63,258.15,1448819
2018-08-17,260.07,263.35,255.52,259.53,714394
2018-08-20,260.15,262.89,256.9,260.42,959648
2018-08-21,261.13,264.48,258.21,259.48,1255962
2018-08-23,256.9,262.63,256.04,258.07,625260
2018-08-24,259.37,260.61,252.33,254.9,1186766
2018-08-27,258.19,267.0,256.83,265.62,1648536
2018-08-28,265.04,267.81,258.21,261.32,1797120
2018-08-29,262.1,265.51,260.11,263.86,887178
2018-08-30,266.2,266.2,260.45,262.52,669070
2018-08-31,261.13,264.05,258.59,261.29,791454
2018-09-03,263.87,267.5,255.46,256.95,1397305
2018-09-04,257.41,260.86,251.71,253.74,1103637
2018-09-05,251.54,257.01,245.87,246.44,1937370
2018-09-06,247.05,247.63,232.77,234.37,2205755
2018-09-07,236.68,240.2,230.92,237.18,2003058
2018-09-10,237.07,240.57,231.16,233.22,810963
2018-09-11,234.72,236.76,229.87,232.11,936137
2018-09-12,234.33,234.82,227.66,230.29,982840
2018-09-14,223.77,239.81,222.99,237.68,2477261
2018-09-17,237.65,237.65,231.51,234.17,911713
2018-09-18,234.72,238.18,230.93,232.51,674584
2018-09-19,235.72,237.65,228.52,233.17,665583
2018-09-21,233.35,237.18,189.76,227.11,2630601
2018-09-24,225.74,227.23,218.51,222.06,1988996
2018-09-25,219.07,235.11,216.09,230.19,1609831
2018-09-26,231.92,235.68,227.0,232.56,599156
2018-09-27,231.45,232.38,222.6,224.91,1753771
2018-09-28,227.11,231.7,221.68,225.13,1264211
2018-10-01,224.94,225.53,216.41,222.86,1879934
2018-10-03,222.99,225.62,207.05,210.84,1341451
2018-10-04,217.12,220.63,206.81,214.03,2294597
2018-10-05,210.96,214.58,200.49,204.21,1759166
2018-10-08,201.24,203.17,176.49,183.97,3870560
2018-10-09,182.87,194.66,181.05,186.97,3025273
2018-10-10,188.95,215.01,188.95,211.24,3093722
2018-10-11,196.58,211.64,194.72,204.67,2596868
2018-10-12,206.65,223.96,200.71,203.42,2093839
2018-10-15,206.16,206.16,194.73,203.97,1482936
2018-10-16,206.36,212.78,204.4,209.79,1174683
2018-10-17,214.18,214.8,195.21,196.82,1415378
2018-10-19,195.99,201.27,192.02,197.51,1996964
2018-10-22,201.07,205.77,196.58,199.01,944260
2018-10-23,199.01,202.35,194.15,196.64,1623833
2018-10-24,199.51,208.12,197.25,205.97,1699053
2018-10-25,202.06,214.04,200.23,212.16,1522381
2018-10-26,215.29,217.88,203.62,209.64,1689672
2018-10-29,207.29,214.28,201.37,212.01,1779232
2018-10-30,209.29,221.98,208.9,219.03,1657603
2018-10-31,220.57,228.85,209.69,227.84,2057363
2018-11-01,228.46,238.63,227.51,237.33,1690900
2018-11-02,237.48,247.45,237.48,245.28,1359503
2018-11-05,242.56,245.2,235.82,243.67,684397
2018-11-06,242.55,245.54,235.7,237.33,761424
2018-11-07,238.63,241.56,236.66,239.28,118980
2018-11-09,238.83,243.5,236.41,240.56,842946
2018-11-12,240.59,244.84,237.18,237.99,893836
2018-11-13,236.68,240.61,228.85,237.95,1089517
2018-11-14,241.0,248.79,240.2,242.42,1246982
2018-11-15,242.55,247.45,236.87,246.56,831437
2018-11-16,247.93,249.39,238.24,241.61,1126590
2018-11-19,244.5,244.5,236.68,238.71,749722
2018-11-20,240.49,240.49,231.2,233.27,851877
2018-11-21,231.79,236.48,227.78,231.9,1068472
2018-11-22,233.16,235.2,223.5,226.01,726128
2018-11-26,225.92,230.39,211.84,217.01,1998687
2018-11-27,214.97,218.3,211.31,215.24,1314979
2018-11-28,215.72,222.93,213.21,221.66,1190442
2018-11-29,222.01,231.96,222.01,230.41,1637214
2018-11-30,232.02,233.46,224.53,226.02,1246110
2018-12-03,226.6,230.13,222.64,227.49,919096
2018-12-04,227.5,229.54,224.02,224.89,899577
2018-12-05,223.38,224.75,217.15,219.71,1150683
2018-12-06,216.16,219.84,214.03,216.15,991771
2018-12-07,217.71,218.4,211.47,213.97,665488
2018-12-10,205.82,215.55,205.82,213.45,750361
2018-12-11,209.31,227.85,208.87,223.88,1201243
2018-12-12,223.95,229.05,221.07,225.98,853450
2018-12-13,227.66,239.37,226.8,229.25,2165479
2018-12-14,230.67,235.7,227.29,230.54,2101001
2018-12-17,230.81,235.5,228.46,233.99,753807
2018-12-18,234.31,236.29,230.83,234.75,727443
2018-12-19,236.86,251.35,235.92,249.4,2646189
2018-12-20,247.44,252.57,244.95,247.85,1020893
2018-12-21,248.04,249.03,233.26,234.82,2379618
2018-12-24,236.42,236.68,230.27,234.66,1111579
2018-12-26,234.53,240.39,230.56,238.64,1167779
2018-12-27,239.42,244.24,237.75,239.94,826888
2018-12-28,239.42,240.96,237.9,239.5,531808
2018-12-31,240.67,246.07,240.67,242.54,1141657
2019-01-01,243.51,243.87,238.48,240.54,545844
2019-01-02,240.61,244.89,230.14,233.82,1588301
2019-01-03,233.74,235.9,223.23,225.51,1545225
2019-01-04,224.94,229.24,221.62,227.42,1661620
2019-01-07,229.56,232.38,226.67,230.09,900132
2019-01-08,230.22,234.1,228.03,233.3,760825
2019-01-09,233.3,238.05,232.48,236.67,834425
2019-01-10,236.29,238.8,230.81,232.05,876768
2019-01-11,234.27,234.27,229.07,232.71,673078
2019-01-14,232.92,232.97,223.92,228.67,553691
2019-01-15,229.05,233.26,227.96,232.41,777787
2019-01-16,232.77,234.66,229.83,232.41,1185014
2019-01-17,232.38,236.21,223.57,224.84,2060773
2019-01-18,226.7,228.35,221.29,222.16,1077840
2019-01-21,222.79,223.13,216.51,218.04,1088957
2019-01-22,217.31,219.58,213.03,214.41,1461298
2019-01-23,214.38,216.53,211.26,212.82,1240765
2019-01-24,214.93,219.27,212.44,218.01,816136
2019-01-25,219.07,221.65,216.92,219.1,1191243
2019-01-28,219.86,219.86,204.04,206.5,2398246
2019-01-29,206.36,206.55,194.62,200.81,3752941
2019-01-30,200.49,202.76,196.11,198.48,1722444
2019-01-31,198.73,200.48,193.91,198.6,2021427
2019-02-01,198.73,207.14,197.56,204.81,2001341
2019-02-04,203.43,204.21,197.56,200.44,775225
2019-02-05,199.51,210.07,199.15,208.92,1113882
2019-02-06,210.27,210.83,205.49,208.92,1129650
2019-02-07,208.9,217.12,208.9,215.33,1530056
2019-02-08,214.18,214.18,208.04,209.61,655043
2019-02-11,212.62,212.62,205.4,206.6,455117
2019-02-12,207.14,209.29,202.15,203.94,1178920
2019-02-13,204.4,208.32,203.43,203.95,855379
2019-02-14,203.82,206.46,202.25,204.78,1047473
2019-02-15,203.62,204.45,195.02,195.99,1242259
2019-02-18,196.62,198.53,194.58,196.17,976065
2019-02-19,196.38,200.14,194.87,195.79,971434
2019-02-20,197.56,207.25,197.18,205.58,1936192
2019-02-21,206.44,208.9,205.25,206.46,782103
2019-02-22,206.95,211.23,205.68,210.04,538523
2019-02-25,212.4,216.41,210.04,215.03,1029089
2019-02-26,213.21,223.29,211.31,220.97,1472771
2019-02-27,221.03,225.75,219.64,220.82,1273281
2019-02-28,220.4,224.67,220.05,223.43,806627
2019-03-01,223.85,227.88,223.85,226.88,835837
2019-03-05,227.88,242.1,227.69,240.36,1960352
2019-03-06,240.39,247.78,239.85,242.63,1128999
2019-03-07,243.48,244.14,238.63,240.41,432730
2019-03-08,238.46,240.19,235.93,238.71,677422
2019-03-11,240.51,248.39,238.35,246.35,828571
2019-03-12,248.41,251.35,246.69,248.89,953598
2019-03-13,250.37,253.7,247.64,250.43,981853
2019-03-14,253.01,253.01,241.6,243.88,983356
2019-03-15,244.12,248.9,243.56,247.85,1032597
2019-03-18,250.33,251.35,240.59,242.15,1297494
2019-03-19,242.55,244.09,238.19,238.81,872238
2019-03-20,239.61,239.7,233.71,236.04,1299737
2019-03-22,237.21,240.59,232.77,234.44,1153225
2019-03-25,233.02,236.67,231.05,234.66,1143801
2019-03-26,236.87,237.46,232.86,235.52,642825
2019-03-27,236.39,247.11,234.14,243.66,2958028
2019-03-28,245.28,253.11,245.28,250.03,2036322
2019-03-29,251.58,252.21,245.09,249.86,1216519
2019-04-01,250.37,252.33,240.0,241.77,823295
2019-04-02,242.16,244.93,230.9,234.37,1357107
2019-04-03,234.72,239.81,233.44,234.42,1723766
2019-04-04,236.68,238.61,233.87,236.29,721456
2019-04-05,237.66,243.66,236.5,239.36,995077
2019-04-08,240.59,244.31,236.18,242.89,793701
2019-04-09,244.01,246.01,238.17,239.21,1033760
2019-04-10,239.12,242.04,231.64,234.12,1606319
2019-04-11,234.33,239.42,234.27,236.63,1338563
2019-04-12,237.48,240.11,237.28,239.62,646199
2019-04-15,241.05,242.14,237.86,238.82,465361
2019-04-16,237.95,243.92,235.39,240.51,852909
2019-04-18,241.96,242.94,235.24,237.78,657666
2019-04-22,237.36,237.73,227.67,228.55,659285
2019-04-23,229.13,230.35,225.32,228.06,1799090
2019-04-24,228.27,231.79,224.86,230.61,728916
2019-04-25,231.78,233.55,224.16,225.55,731324
2019-04-26,226.31,228.66,219.38,222.11,732790
2019-04-30,221.81,222.78,212.42,217.3,1278397
2019-05-02,213.99,217.1,212.88,213.75,638073
2019-05-03,214.48,214.97,209.01,211.18,1006437
2019-05-06,208.32,209.76,205.38,207.11,844401
2019-05-07,208.32,210.03,198.6,200.1,1011355
2019-05-08,198.93,205.78,198.04,200.93,1629244
2019-05-09,197.17,204.01,193.84,202.07,3085519
2019-05-10,200.49,205.36,197.99,199.31,1266794
2019-05-13,199.28,201.49,191.75,193.17,849741
2019-05-14,196.36,203.18,194.0,199.21,1271919
2019-05-15,200.88,203.38,198.48,199.51,913909
2019-05-16,200.49,200.88,195.03,196.07,523806
2019-05-17,195.8,204.4,195.43,202.02,901172
2019-05-20,209.49,219.47,209.49,214.66,1073658
2019-05-21,216.3,223.55,211.48,212.43,1222072
2019-05-22,212.23,212.23,204.89,208.28,1245979
2019-05-23,211.93,220.33,204.81,208.1,1914450
2019-05-24,208.9,217.47,203.23,216.65,2019393
2019-05-27,217.61,224.74,216.18,222.64,1215016
2019-05-28,223.18,226.82,219.68,222.17,1400883
2019-05-29,220.44,222.36,216.16,217.01,704044
2019-05-30,218.11,221.42,216.5,220.59,685509
2019-05-31,222.36,238.23,222.01,227.74,3924356
2019-06-03,229.77,233.12,227.02,228.77,1906513
2019-06-04,229.83,232.18,227.29,227.95,1033967
2019-06-06,228.05,228.27,206.96,208.41,2304331
2019-06-07,210.08,216.53,207.79,213.71,1987245
2019-06-10,213.99,218.0,205.21,210.48,1354550
2019-06-11,211.25,218.29,209.1,217.08,1349634
2019-06-12,217.71,217.71,206.99,208.94,1406515
2019-06-13,207.53,214.25,202.84,212.0,1864074
2019-06-14,211.25,216.38,208.37,212.22,1530117
2019-06-17,200.3,206.36,195.6,199.11,32119273
2019-06-18,199.92,208.82,199.92,205.57,5694676
2019-06-19,206.51,210.36,203.63,207.88,3073742
2019-06-20,207.92,216.88,204.79,214.11,1839946
2019-06-21,215.4,217.02,212.92,214.85,2451896
2019-06-24,216.57,218.86,211.41,217.94,3237919
2019-06-25,216.82,219.46,215.42,218.87,2457561
2019-06-26,219.66,220.43,212.62,215.08,1977733
2019-06-27,216.43,216.43,212.44,214.9,1198405
2019-06-28,215.75,215.75,210.18,211.34,1831146
2019-07-01,212.03,214.13,205.38,206.29,1443356
2019-07-02,206.88,210.84,206.88,208.85,1751344
2019-07-03,210.24,212.8,208.72,212.23,910555
2019-07-04,212.21,213.3,206.97,207.9,991299
2019-07-05,207.73,214.77,207.73,210.76,2073688
2019-07-08,209.49,210.55,199.51,201.97,1131123
2019-07-09,201.47,207.14,201.47,205.85,1448397
2019-07-10,206.95,208.78,200.51,202.29,1345451
2019-07-11,205.17,206.75,202.29,204.12,1402296
2019-07-12,205.66,207.12,203.07,204.63,1126078
2019-07-15,206.51,207.92,202.45,206.96,893659
2019-07-16,207.32,213.21,206.56,212.06,1417023
2019-07-17,212.12,216.13,210.52,212.06,1667434
2019-07-18,211.64,211.64,204.52,205.58,1489414
2019-07-19,207.03,209.49,203.43,207.65,2591247
2019-07-22,205.77,209.18,201.87,203.08,690254
2019-07-23,204.31,204.35,190.94,191.85,3520901
2019-07-24,190.32,191.1,177.81,181.0,3052075
2019-07-25,188.56,198.54,186.8,192.93,10331033
2019-07-26,192.85,197.13,190.02,190.93,2027690
2019-07-29,191.85,193.65,188.28,189.24,1417626
2019-07-30,189.24,192.16,188.58,189.54,1468107
2019-07-31,189.31,190.8,187.58,189.59,1528948
2019-08-01,189.54,192.61,188.42,189.22,1274941
2019-08-02,190.11,192.06,187.78,191.39,1315470
2019-08-05,189.67,192.06,185.08,189.84,1716848
2019-08-06,189.5,193.95,189.05,192.32,1139998
2019-08-07,192.37,197.17,192.37,195.18,1379243
2019-08-08,195.6,198.52,194.14,196.1,1048216
2019-08-09,197.55,208.32,197.25,203.85,1567489
2019-08-13,203.22,205.16,191.7,193.17,1073790
2019-08-14,195.41,206.15,194.63,203.73,2186378
2019-08-16,203.43,207.96,199.46,201.89,1104085
2019-08-19,203.43,207.26,201.34,203.47,1056137
2019-08-20,204.52,205.8,199.64,201.3,925265
2019-08-21,201.47,202.93,196.24,197.92,668448
2019-08-22,197.4,197.4,191.95,192.97,759339
2019-08-23,192.16,198.54,186.94,197.63,1966224
2019-08-26,202.46,208.2,198.14,199.45,2144248
2019-08-27,201.47,202.15,197.26,199.44,1409979
2019-08-28,201.16,201.96,191.71,193.97,1093311
2019-08-29,191.69,193.13,187.78,189.18,1126422
2019-08-30,190.32,191.89,184.35,188.98,1851772
2019-09-03,185.82,190.87,183.04,188.34,1391404
2019-09-04,188.17,193.13,185.04,192.58,1235350
2019-09-05,193.03,195.53,190.34,191.7,991302
2019-09-06,192.1,195.23,191.22,194.6,640061
2019-09-09,192.72,198.23,192.72,197.4,1001880
2019-09-11,198.5,202.87,197.4,202.3,1104303
2019-09-12,203.17,207.33,201.95,203.02,1150156
2019-09-13,203.42,206.79,203.02,205.83,803937
2019-09-16,203.45,209.29,203.14,206.08,900551
2019-09-17,205.03,208.28,198.26,199.92,657572
2019-09-18,202.41,203.85,200.12,202.82,540241
2019-09-19,203.21,204.4,200.82,202.59,975197
2019-09-20,204.23,227.46,198.36,223.26,2192868
2019-09-23,224.16,234.65,223.15,228.33,1536390
2019-09-24,225.53,229.3,221.23,228.0,1160109
2019-09-25,225.04,227.24,215.26,218.05,1375869
2019-09-26,218.49,221.52,214.52,215.6,1489914
2019-09-27,213.21,218.57,212.78,214.18,1136758
2019-09-30,214.18,215.94,206.5,209.49,1115345
2019-10-01,210.27,213.43,200.79,204.43,1167059
2019-10-03,205.38,207.13,197.56,201.91,794503
2019-10-04,203.17,204.17,198.14,199.44,707596
2019-10-07,197.38,210.36,197.38,207.72,1706823
2019-10-09,208.12,222.99,205.77,219.77,1652542
2019-10-10,218.29,218.29,210.03,211.62,797201
2019-10-11,212.94,213.31,206.47,207.48,739980
2019-10-14,208.9,209.94,202.78,204.34,626495
2019-10-15,204.34,206.35,201.08,205.41,810382
2019-10-16,206.69,207.85,201.37,203.34,790292
2019-10-17,203.23,210.27,199.83,209.34,1173683
2019-10-18,207.75,216.41,206.97,214.43,1053111
2019-10-22,212.34,220.6,211.27,218.6,1325369
2019-10-23,219.07,220.25,208.47,210.77,967006
2019-10-24,212.42,213.94,207.34,209.45,872403
2019-10-25,210.27,221.68,208.39,220.08,1362681
2019-10-27,221.03,221.03,215.94,217.29,68918
2019-10-29,204.51,226.51,204.51,224.67,1493267
2019-10-30,225.74,232.67,221.03,225.98,1791810
2019-10-31,228.07,228.27,220.83,222.72,1000754
2019-11-01,224.11,227.86,222.51,223.79,761173
2019-11-04,223.96,225.57,221.62,222.82,595573
2019-11-05,222.79,225.37,220.64,222.83,528009
2019-11-06,222.43,225.46,221.03,222.88,984275
2019-11-07,225.43,231.11,222.6,225.42,1663203
2019-11-08,225.42,227.39,217.31,218.36,878154
2019-11-11,218.04,224.26,217.55,219.06,818559
2019-11-13,219.06,225.32,219.06,221.33,1101927
2019-11-14,222.51,223.31,217.46,222.45,874225
2019-11-15,222.2,224.49,219.71,220.69,472909
2019-11-18,221.03,222.38,219.65,220.32,610704
2019-11-19,220.17,221.03,218.66,220.27,586375
2019-11-20,221.03,222.68,219.27,220.35,395206
2019-11-21,221.71,223.87,219.08,220.81,685740
2019-11-22,220.82,224.33,219.17,223.22,464664
2019-11-25,223.95,225.92,221.9,224.22,959996
2019-11-26,225.69,225.72,216.17,218.17,1563768
2019-11-27,218.68,224.58,218.68,222.3,964597
2019-11-28,222.58,226.7,220.8,223.9,1348965
2019-11-29,223.17,224.75,218.19,220.48,495859
2019-12-02,221.03,221.09,213.47,214.65,760933
2019-12-03,214.18,215.72,210.36,213.27,830532
2019-12-04,212.62,216.92,210.41,213.03,453152
2019-12-05,213.03,219.83,212.68,216.88,1108799
2019-12-06,216.77,216.88,209.1,209.89,499872
2019-12-09,209.53,216.14,207.73,213.87,668576
2019-12-10,211.84,213.21,209.01,209.87,443662
2019-12-11,209.29,212.44,208.07,210.84,618490
2019-12-12,212.12,217.12,211.64,215.2,827596
2019-12-13,216.47,219.02,215.07,216.18,877993
2019-12-16,215.75,217.81,214.63,215.37,570019
2019-12-17,212.02,216.92,208.9,213.76,1563187
2019-12-18,215.16,220.38,211.46,217.82,835243
2019-12-19,217.82,222.39,217.74,221.45,979856
2019-12-20,221.44,232.67,219.27,231.22,1980512
2019-12-23,230.79,231.56,226.46,227.42,778709
2019-12-24,226.7,227.56,224.45,225.72,571334
2019-12-26,224.92,228.38,224.53,226.15,526070
2019-12-27,227.54,228.8,225.52,227.81,520751
2019-12-30,228.66,230.03,226.36,227.45,427869
2019-12-31,226.87,230.31,225.74,229.07,721700
2020-01-01,229.77,230.31,223.01,223.47,428045
2020-01-02,223.96,227.65,223.96,226.99,617425
2020-01-03,226.88,228.27,225.14,226.88,458679
2020-01-06,225.18,225.33,217.55,218.51,1093083
2020-01-07,219.38,225.14,217.69,219.91,440393
2020-01-08,215.16,221.8,214.43,221.09,484891
2020-01-09,222.81,225.75,219.49,224.38,863249
2020-01-10,224.9,225.81,220.33,221.2,631022
2020-01-13,222.2,229.23,220.09,228.48,897159
2020-01-14,227.7,237.34,217.43,221.5,2185367
2020-01-15,220.52,220.64,211.27,214.94,1863138
2020-01-16,215.75,217.61,213.83,215.0,689901
2020-01-17,215.06,217.5,212.16,212.77,826315
2020-01-20,214.77,217.86,208.78,209.96,1213442
2020-01-21,209.49,215.91,207.9,213.09,1110266
2020-01-22,214.42,214.42,209.62,210.28,466425
2020-01-23,211.59,213.0,210.37,212.04,454641
2020-01-24,211.84,215.75,211.46,212.01,432431
2020-01-27,210.66,214.38,209.56,211.26,576272
2020-01-28,211.25,215.14,206.71,211.22,1081391
2020-01-29,212.62,219.27,212.19,216.58,1311778
2020-01-30,216.53,216.8,201.48,204.14,1760242
2020-01-31,200.18,206.35,198.86,199.62,1983266
2020-02-01,200.86,204.21,191.69,193.19,597827
2020-02-03,193.65,196.58,188.86,193.25,1259468
2020-02-04,206.36,218.09,201.67,205.28,6144054
2020-02-05,206.56,222.99,206.36,221.61,4549939
2020-02-06,221.52,241.47,221.11,238.39,6146461
2020-02-07,239.87,240.39,233.45,239.24,1505197
2020-02-10,237.27,239.98,234.44,236.07,941765
2020-02-11,237.54,246.81,235.74,238.4,2266704
2020-02-12,238.24,243.74,237.71,238.37,1742308
2020-02-13,241.57,250.76,237.28,246.93,2418390
2020-02-14,248.46,253.4,246.27,251.62,1682837
2020-02-17,252.13,254.28,248.52,250.21,1034112
2020-02-18,249.78,250.71,243.59,249.2,1027026
2020-02-19,248.42,255.07,247.54,252.53,1266299
2020-02-20,250.57,265.9,249.78,262.36,3319174
2020-02-24,262.11,267.39,257.07,261.24,2270413
2020-02-25,262.1,263.72,256.24,258.76,1886399
2020-02-26,257.2,257.8,248.03,249.77,1815299
2020-02-27,249.77,249.77,242.75,246.03,2269779
2020-02-28,237.66,246.84,228.25,234.0,13302481
2020-03-02,239.61,265.66,239.61,251.07,2613993
2020-03-03,251.5,255.21,244.7,245.89,1656709
2020-03-04,248.39,248.39,220.38,227.94,5194669
2020-03-05,230.22,234.53,220.51,229.76,3595642
2020-03-06,220.25,220.83,195.34,216.2,3430832
2020-03-09,204.8,207.0,191.11,193.19,3544596
2020-03-11,187.8,198.62,186.08,193.28,2795460
2020-03-12,187.39,187.39,162.47,164.58,3084249
2020-03-13,149.24,171.83,140.22,161.57,2748453
2020-03-16,154.13,166.88,146.48,149.37,3081573
2020-03-17,149.64,162.22,149.24,151.96,3440837
2020-03-18,156.38,156.38,132.44,134.44,3406105
2020-03-19,129.1,143.02,114.62,121.79,3648384
2020-03-20,124.6,130.03,111.45,113.63,4242418
2020-03-23,102.27,107.58,86.06,88.42,2208926
2020-03-24,87.63,101.43,86.27,94.85,3570811
2020-03-25,89.98,113.45,88.69,110.91,2622518
2020-03-26,115.21,133.09,108.75,127.42,3716649
2020-03-27,133.28,159.27,133.05,141.85,3927232
2020-03-30,134.97,136.11,113.49,119.2,3645190
2020-03-31,125.77,131.11,118.34,129.22,3775015
2020-04-01,126.18,130.84,118.74,121.6,2838641
2020-04-03,124.15,124.15,100.74,101.84,5220755
2020-04-07,104.76,110.4,97.82,105.28,6773778
2020-04-08,102.69,119.12,100.38,116.47,5213667
2020-04-09,122.45,133.15,118.94,132.22,3406781
2020-04-13,128.31,136.31,121.31,126.18,3088428
2020-04-15,127.34,138.29,125.29,129.64,3312255
2020-04-16,127.34,136.9,125.75,133.25,4413970
2020-04-17,141.81,159.9,137.9,156.88,4459547
2020-04-20,158.44,160.98,133.4,134.0,7597909
2020-04-21,127.53,131.97,113.12,115.13,7399913
2020-04-22,117.17,121.84,110.71,118.54,9173748
2020-04-23,119.9,129.1,119.9,125.89,4908292
2020-04-24,119.32,136.73,113.3,130.7,12862840
2020-04-27,131.25,134.16,124.6,125.59,5905615
2020-04-28,128.9,137.31,127.4,136.0,4804312
2020-04-29,137.51,140.13,133.39,136.36,4769141
2020-04-30,139.87,156.39,138.88,152.77,6777000
2020-05-04,144.75,149.42,135.0,146.19,5837828
2020-05-05,150.35,154.05,142.03,144.67,5098606
2020-05-06,143.56,155.5,141.18,152.81,4975451
2020-05-07,150.81,157.85,145.75,147.8,3933507
2020-05-08,151.49,154.33,143.44,145.61,3034306
2020-05-11,148.62,150.2,142.02,143.99,2682671
2020-05-12,138.68,138.75,125.97,131.07,7482260
2020-05-13,137.53,141.41,129.8,131.38,6014788
2020-05-14,135.95,140.83,125.61,126.79,10127178
2020-05-15,125.53,129.08,122.5,125.45,6366393
2020-05-18,125.77,126.05,112.2,112.7,7038525
2020-05-19,115.01,121.47,112.77,114.84,9139859
2020-05-20,114.82,117.74,111.49,113.21,6194444
2020-05-21,113.64,116.55,111.53,112.48,4571464
2020-05-22,112.08,114.16,103.23,105.85,8729151
2020-05-26,107.6,109.3,104.06,105.23,4200368
2020-05-27,106.21,110.79,104.98,108.56,6954282
2020-05-28,110.52,114.02,109.44,111.0,6997789
2020-05-29,110.71,112.92,106.99,111.94,10278240
2020-06-01,114.43,118.2,112.57,113.44,9288738
2020-06-02,113.44,116.05,110.13,114.62,8552721
2020-06-03,117.56,125.38,116.91,120.66,12647740
2020-06-04,120.63,124.59,118.58,119.9,8466566
2020-06-05,121.94,122.49,117.44,120.28,6669720
2020-06-08,122.25,128.12,122.25,123.57,8341910
2020-06-09,124.58,127.33,119.9,121.2,6592319
2020-06-10,121.78,125.52,119.73,124.21,5741623
2020-06-11,120.34,132.23,120.34,124.77,15362637
2020-06-12,120.3,135.69,118.53,133.87,12250897
2020-06-15,134.97,138.4,129.88,131.6,11356019
2020-06-16,136.53,136.73,124.88,128.21,9649020
2020-06-17,126.95,130.18,125.38,126.76,6280324
2020-06-18,126.74,131.21,125.38,130.39,4044795
2020-06-19,130.51,135.39,128.23,128.87,6826245
2020-06-22,131.72,134.37,130.17,131.49,4451259
2020-06-23,133.6,134.18,131.06,133.78,3451036
2020-06-24,134.97,140.56,132.62,133.45,9187903
2020-06-25,132.14,135.87,130.66,135.05,4051255
2020-06-26,137.31,143.57,136.55,137.88,8976114
2020-06-29,136.88,137.26,133.83,135.08,3781753
2020-06-30,137.74,138.57,133.9,134.89,2851856
2020-07-01,135.48,138.88,134.0,137.19,3733942
2020-07-02,138.35,139.56,135.21,136.52,2583516
2020-07-03,137.84,138.49,134.78,136.14,2763971
2020-07-06,138.0,139.45,135.16,136.45,2593780
2020-07-07,136.92,142.53,135.91,141.59,9365691
2020-07-08,146.0,156.87,146.0,151.58,13620840
2020-07-09,149.6,153.8,142.8,144.28,6184973
2020-07-10,143.8,145.76,138.72,139.78,5021585
2020-07-13,141.2,142.57,136.4,137.83,3960319
2020-07-14,136.8,139.57,131.5,134.99,4580156
2020-07-15,136.4,137.6,130.13,130.91,4029011
2020-07-16,132.38,135.92,128.9,134.8,3686284
2020-07-17,135.8,139.18,135.29,137.65,3169282
2020-07-20,139.07,141.4,136.25,138.16,3060801
2020-07-21,140.6,140.78,135.41,135.89,2378530
2020-07-22,137.38,140.79,135.36,139.02,4571690
2020-07-23,139.52,142.7,138.59,140.63,4035400
2020-07-24,139.74,142.2,137.0,141.37,3049720
2020-07-27,142.4,142.59,135.88,136.54,2878210
2020-07-28,137.48,139.72,134.14,139.06,3462594
2020-07-29,139.0,145.91,138.32,144.91,5658094
2020-07-30,146.0,147.36,136.0,136.72,5020269
2020-07-31,137.0,138.99,134.44,138.26,3659572
2020-08-03,138.48,140.9,133.7,134.2,3199857
2020-08-04,134.6,135.54,129.2,130.94,4261343
2020-08-05,131.68,133.9,127.22,128.46,4851670
2020-08-06,128.8,133.2,128.61,132.15,4255399
2020-08-07,132.6,136.0,131.8,135.35,2896072
2020-08-10,135.6,137.32,134.02,134.87,2629986
2020-08-11,136.0,136.4,133.1,135.07,2081802
2020-08-12,134.0,134.4,130.0,132.97,4022361
2020-08-13,133.68,141.1,132.88,140.46,5556702
2020-08-14,141.6,146.12,135.34,137.27,12133419
2020-08-17,139.6,141.78,135.11,135.8,4278873
2020-08-18,136.9,138.8,134.62,138.26,4431004
2020-08-19,139.6,141.58,137.18,137.79,3972670
2020-08-20,137.28,139.3,135.61,137.56,2925171
2020-08-21,139.4,139.8,136.81,137.3,1820746
2020-08-24,138.0,138.2,136.11,136.86,2263421
2020-08-25,137.72,141.36,137.6,138.99,4374895
2020-08-26,140.0,146.2,138.63,145.27,8429631
2020-08-27,147.0,149.6,143.42,144.08,6888505
2020-08-28,145.74,156.74,145.0,154.55,13556969
2020-08-31,156.04,158.58,139.6,140.49,9446240
2020-09-01,141.8,144.0,135.48,141.26,6624892
2020-09-02,142.0,142.63,136.53,138.48,3730846
2020-09-03,139.99,142.47,138.6,139.54,3608662
2020-09-04,137.8,139.61,133.81,137.49,3957400
2020-09-07,138.6,138.74,135.1,137.51,2712210
2020-09-08,137.96,138.0,131.6,132.53,3520328
2020-09-09,131.2,131.2,126.02,127.77,5674353
2020-09-10,129.0,130.69,124.13,125.91,5915598
2020-09-11,126.6,129.5,125.39,128.73,3716116
2020-09-14,130.0,130.1,126.29,127.29,3690597
2020-09-15,127.82,131.0,127.05,130.47,3199520
2020-09-16,130.87,133.15,129.12,131.67,3990114
2020-09-17,130.87,132.2,129.33,130.87,2723357
2020-09-18,131.19,132.33,126.8,129.32,2861747
2020-09-21,129.88,130.57,126.2,127.49,3220779
2020-09-22,127.5,129.4,122.61,128.13,4024512
2020-09-23,129.04,130.1,121.39,122.62,3468620
2020-09-24,120.0,120.0,111.11,112.77,8878969
2020-09-25,114.4,118.76,114.22,118.06,4218804
2020-09-28,119.8,125.32,119.4,123.03,3650807
2020-09-29,124.41,125.23,120.84,121.9,2826415
2020-09-30,123.0,126.7,120.88,123.87,4283750
2020-10-01,125.4,132.93,125.03,131.74,6206318
2020-10-05,132.4,135.2,129.64,131.02,2885420
2020-10-06,132.4,132.99,129.21,130.9,2448575
2020-10-07,130.62,130.7,125.26,126.76,3455524
2020-10-08,128.0,130.64,126.61,127.81,3387053
2020-10-09,126.7,130.0,126.07,128.22,3505491
2020-10-12,129.0,133.36,128.34,132.33,6179353
2020-10-13,132.59,133.56,129.64,130.35,2847461
2020-10-14,129.8,134.4,127.97,133.04,3365744
2020-10-15,134.0,134.8,125.67,126.43,3070146
2020-10-16,127.4,129.81,125.3,129.42,2754571
2020-10-19,129.44,132.98,128.84,131.55,2552610
2020-10-20,130.8,132.35,129.4,131.73,1709905
2020-10-21,132.58,136.6,129.48,133.19,6348201
2020-10-22,132.94,140.74,131.25,140.02,5635237
2020-10-23,140.86,143.58,139.86,142.01,4382765
2020-10-26,141.4,141.6,137.29,138.0,2022701
2020-10-27,138.0,149.76,136.64,147.43,8033181
2020-10-28,145.8,146.0,141.4,142.44,3554984
2020-10-29,140.0,141.14,136.45,139.82,2937515
2020-10-30,141.4,146.0,134.0,138.69,8578523
2020-11-02,138.78,153.17,138.78,150.81,11754743
2020-11-03,150.8,154.56,150.0,152.57,3253660
2020-11-04,152.2,158.6,150.4,157.79,4549825
2020-11-05,158.64,164.98,155.9,163.08,5267169
2020-11-06,163.2,172.4,160.6,169.28,6840000
2020-11-09,169.61,171.75,165.2,167.06,4801211
2020-11-10,167.99,174.57,166.2,171.55,4765167
2020-11-11,171.55,178.1,169.42,176.63,6326258
2020-11-12,175.4,175.53,167.64,172.23,4093029
2020-11-13,170.8,176.0,169.49,175.21,3657837
2020-11-14,176.4,176.87,172.42,174.46,255893
2020-11-17,174.66,175.95,171.4,172.2,3145692
2020-11-18,171.4,186.2,169.76,185.06,7162075
2020-11-19,183.44,199.68,180.27,182.36,12671760
2020-11-20,183.62,190.0,180.86,186.78,8782091
2020-11-23,188.5,195.91,188.18,194.93,6634589
2020-11-24,196.54,207.9,194.8,205.84,7881601
2020-11-25,206.96,217.52,206.6,213.0,8738438
2020-11-26,211.87,212.0,204.48,210.34,5103903
2020-11-27,212.0,218.38,210.82,214.04,13521867
2020-12-01,215.98,216.0,203.74,204.71,3971538
2020-12-02,206.74,209.0,204.0,206.1,3681293
2020-12-03,208.0,211.78,205.66,206.73,3252401
2020-12-04,208.2,209.06,197.25,200.62,5059913
2020-12-07,202.2,217.4,202.01,212.68,6926188
2020-12-08,215.0,216.06,209.15,213.35,4153006
2020-12-09,214.4,215.65,209.8,212.46,2465394
2020-12-10,210.4,212.4,205.0,209.95,2665772
2020-12-11,212.0,215.02,207.0,208.65,3575835
2020-12-14,212.0,214.76,209.28,214.0,2996029
2020-12-15,214.4,220.34,210.72,218.48,3716021
2020-12-16,220.57,221.6,213.0,214.61,3596858
2020-12-17,214.4,215.22,210.29,211.3,2033744
2020-12-18,211.38,212.34,203.21,205.56,3454877
2020-12-21,206.02,206.2,188.88,193.37,3793335
2020-12-22,193.78,195.23,183.62,187.59,4570383
2020-12-23,187.56,193.98,185.4,192.33,4426672
2020-12-24,194.87,205.92,194.02,199.32,6604181
2020-12-28,200.97,205.96,199.64,203.21,4313417
2020-12-29,205.54,209.92,204.4,206.98,4134436
2020-12-30,208.6,211.0,206.48,207.81,4040813
2020-12-31,208.6,210.2,206.62,209.3,2202198
2021-01-01,209.58,215.38,209.3,214.17,2596287
2021-01-04,216.8,217.6,212.72,215.35,2201670
2021-01-05,213.99,223.88,211.77,222.83,3186132
2021-01-06,223.59,241.7,223.3,239.44,8907705
2021-01-07,240.0,263.38,239.6,261.36,9162646
2021-01-08,261.24,262.67,253.0,259.14,6264854
2021-01-11,260.9,262.92,248.2,250.33,3009112
2021-01-12,249.0,261.98,246.04,252.52,4879040
2021-01-13,254.8,256.16,235.51,243.37,5307342
2021-01-14,243.98,248.8,236.84,243.69,4239655
2021-01-15,243.8,250.51,238.24,240.91,3477096
2021-01-18,242.0,242.55,232.83,234.76,2884739
2021-01-19,236.6,248.7,235.0,245.67,4373503
2021-01-20,245.94,252.4,244.11,249.54,3408446
2021-01-21,251.14,255.27,238.84,241.29,3292375
2021-01-22,242.4,244.85,228.4,230.13,3792976
2021-01-25,237.6,252.96,237.6,240.21,7236073
2021-01-27,235.96,236.0,226.4,230.21,3919772
2021-01-28,220.8,230.57,219.49,222.22,4940451
2021-01-29,237.8,263.8,233.62,258.27,18136253
2021-02-01,256.52,268.96,253.25,266.4,6079052
2021-02-02,272.0,286.0,269.34,273.33,6146122
2021-02-03,274.2,295.23,271.4,293.06,5703639
2021-02-04,290.04,290.94,279.0,284.13,4201023
2021-02-05,285.79,294.2,274.41,276.89,3309891
2021-02-08,283.0,295.8,281.57,283.9,3663462
2021-02-09,286.0,288.75,278.0,282.62,2218783
2021-02-10,280.22,291.2,278.16,285.62,3816335
2021-02-11,284.0,289.6,281.66,288.25,1775772
2021-02-12,285.02,292.25,284.0,287.65,2226804
2021-02-15,290.0,306.99,289.0,302.67,4911380
2021-02-16,301.6,303.8,292.28,295.56,2325039
2021-02-17,296.79,301.74,289.63,291.94,2630541
2021-02-18,292.0,295.6,285.67,287.74,1903207
2021-02-19,286.57,289.2,276.21,280.92,2020652
2021-02-22,282.8,284.98,269.6,272.03,2456316
2021-02-23,274.0,279.0,267.24,275.49,2054617
2021-02-24,275.6,281.2,274.01,275.59,1066375
2021-02-25,278.4,280.95,274.31,276.06,2106496
2021-02-26,269.8,269.8,254.0,256.59,4368614
2021-03-01,261.0,269.16,260.63,266.72,1832566
2021-03-02,269.3,275.2,266.19,270.11,1714090
2021-03-03,273.0,275.78,266.26,272.43,1876685
2021-03-04,269.39,274.37,266.2,267.87,1715294
2021-03-05,265.8,267.14,254.4,257.84,2385360
2021-03-08,261.36,267.4,251.02,253.17,3818979
2021-03-09,256.0,260.34,251.0,254.05,2069774
2021-03-10,258.23,265.96,257.99,263.08,3041247
2021-03-12,268.2,268.4,262.11,265.09,2508940
2021-03-15,267.59,268.37,247.63,255.32,3701236
2021-03-16,257.8,266.36,256.11,264.59,2544685
2021-03-17,265.59,265.79,258.0,264.32,2253306
2021-03-18,267.6,273.54,260.61,265.15,2912501
2021-03-19,262.55,275.91,260.12,274.79,2880477
2021-03-22,273.78,277.99,269.41,276.28,1867037
2021-03-23,279.8,286.8,278.3,281.26,2905964
2021-03-24,282.6,285.4,274.56,280.36,2100340
2021-03-25,281.38,281.52,270.31,274.4,2085071
2021-03-26,276.0,294.3,276.0,285.83,3749669
2021-03-30,288.69,289.0,282.22,284.12,2234811
2021-03-31,284.62,288.66,282.9,284.46,1726596
2021-04-01,289.0,295.8,285.1,294.54,2450892
2021-04-05,292.99,295.66,278.11,284.03,2173089
2021-04-06,286.4,291.8,283.0,287.84,1802336
2021-04-07,288.0,300.5,282.64,297.12,2836860
2021-04-08,297.98,302.0,294.65,298.84,2237390
2021-04-09,297.8,299.36,291.0,293.92,2043647
2021-04-12,282.0,283.18,258.59,260.18,4857960
2021-04-13,263.0,279.72,262.2,276.46,4250473
2021-04-15,275.0,277.66,262.2,276.13,3590357
2021-04-16,275.06,278.99,273.12,275.6,2401238
2021-04-19,260.4,270.67,257.46,268.53,2854467
2021-04-20,275.8,277.2,264.52,269.01,2499745
2021-04-22,263.62,266.4,258.24,265.25,3918786
2021-04-23,263.0,277.57,262.3,276.13,3521274
2021-04-26,275.8,275.91,265.32,267.82,2676531
2021-04-27,270.9,271.57,263.82,265.0,1668760
2021-04-28,265.6,282.96,265.0,280.96,3411963
2021-04-29,284.2,286.9,278.0,283.26,2894011
2021-04-30,286.0,289.0,267.15,269.01,4155073
2021-05-03,266.8,266.88,255.13,259.77,2864081
2021-05-04,265.0,269.84,257.11,258.24,2752562
2021-05-05,262.0,262.0,254.42,257.41,2467446
2021-05-06,259.2,263.4,254.6,262.28,2363334
2021-05-07,263.0,264.6,258.5,259.53,1384163
2021-05-10,259.8,268.2,259.27,266.55,1818551
2021-05-11,264.8,269.7,262.48,268.5,1458682
2021-05-12,269.0,271.2,265.73,268.79,1526477
2021-05-14,269.2,274.4,264.8,265.3,1940524
2021-05-17,265.9,279.6,264.05,277.81,1910005
2021-05-18,281.0,293.0,281.0,290.04,3118851
2021-05-19,287.6,291.96,281.0,282.27,1380208
2021-05-20,283.0,285.72,279.2,283.19,1224729
2021-05-21,286.6,297.6,284.01,295.75,2251783
2021-05-24,295.2,296.6,289.41,291.83,1297590
2021-05-25,293.0,295.32,285.44,286.86,1136002
2021-05-26,287.6,291.15,285.7,286.55,1226383
2021-05-27,287.08,289.94,283.0,288.29,1729670
2021-05-28,289.49,302.88,289.2,291.01,3404190
2021-05-31,293.2,293.2,283.8,285.96,1526873
2021-06-01,287.0,287.04,277.67,282.26,1864587
2021-06-02,280.0,287.29,278.0,286.01,1380124
2021-06-03,287.0,289.2,282.0,283.54,1043999
2021-06-04,285.02,287.0,281.55,284.64,1262714
2021-06-07,284.5,302.89,282.35,297.49,4653545
2021-06-08,301.2,305.92,294.31,297.82,4073414
2021-06-09,296.98,297.8,284.81,287.41,3244654
2021-06-10,288.0,294.98,286.63,294.0,1998330
2021-06-11,294.4,298.8,292.0,295.07,1758173
2021-06-14,294.0,296.78,285.41,295.4,1722561
2021-06-15,295.0,295.0,288.5,290.13,2355758
2021-06-16,291.3,292.8,285.27,286.77,1965538
2021-06-17,280.4,287.4,278.6,282.28,2471242
2021-06-18,284.79,284.79,268.8,276.0,2955858
2021-06-21,271.0,277.98,267.67,276.58,1483205
2021-06-22,278.0,280.39,272.2,274.34,1583514
2021-06-23,274.98,277.2,272.23,273.36,984983
2021-06-24,274.2,275.2,270.68,272.78,933525
2021-06-25,272.78,275.6,271.13,273.62,1303376
2021-06-28,276.39,277.8,272.5,274.51,820564
2021-06-29,274.48,279.2,269.64,271.57,1175000
2021-06-30,273.0,274.56,267.39,268.53,1393713
2021-07-01,269.94,273.05,266.0,271.12,1088815
2021-07-02,271.9,274.52,269.2,272.44,845710
2021-07-05,273.0,275.6,272.5,274.91,582247
2021-07-06,275.1,286.96,275.1,282.73,2451004
2021-07-07,283.99,290.0,282.45,288.87,1582191
2021-07-08,289.07,289.42,284.44,286.31,1235327
2021-07-09,285.82,292.0,283.6,291.14,1127452
2021-07-12,292.78,293.53,289.4,290.48,866198
2021-07-13,293.0,293.0,284.61,286.36,1105808
2021-07-14,287.0,287.37,283.0,284.18,1295492
2021-07-15,285.0,293.0,283.25,291.58,1464594
2021-07-16,292.0,294.1,288.8,289.87,611746
2021-07-19,285.0,288.0,276.38,277.97,1704670
2021-07-20,279.6,281.98,270.2,279.18,1270061
2021-07-22,279.78,280.51,274.0,279.06,1749604
2021-07-23,279.4,281.39,273.8,277.12,1055206
2021-07-26,276.96,281.0,265.15,274.08,971604
2021-07-27,275.82,282.4,270.49,273.14,1630050
2021-07-28,275.1,275.6,270.02,274.59,1333534
2021-07-29,272.8,276.7,270.8,274.2,777687
2021-07-30,275.6,282.02,272.02,278.02,1426400
2021-08-02,279.2,286.0,267.14,275.17,3387496
2021-08-03,275.52,277.6,266.6,267.67,2170573
2021-08-04,270.0,271.74,263.02,264.3,2419783
2021-08-05,264.44,267.55,262.04,266.39,1488786
2021-08-06,266.6,268.82,262.49,263.19,1240399
2021-08-09,264.0,264.08,259.0,260.55,1088880
2021-08-10,262.43,262.43,254.07,255.1,1331299
2021-08-11,255.4,259.59,248.76,259.0,1555492
2021-08-12,260.3,263.9,257.45,261.88,828802
2021-08-13,262.2,262.96,257.66,259.01,878734
2021-08-16,258.2,261.0,256.37,259.33,843090
2021-08-17,259.33,259.4,253.0,256.07,1037261
2021-08-18,257.6,260.97,255.29,258.77,999601
2021-08-20,256.0,257.2,250.0,250.9,872490
2021-08-23,255.08,255.08,243.2,249.14,1038015
2021-08-24,248.0,256.4,246.26,255.91,960745
2021-08-25,256.2,259.05,251.88,253.47,1030511
2021-08-26,255.2,259.43,251.39,253.09,1313532
2021-08-27,253.99,258.2,251.53,256.28,786002
2021-08-30,258.8,267.85,256.64,266.99,1414264
2021-08-31,267.0,271.4,264.1,270.54,1576383
2021-09-01,270.48,271.05,264.54,265.98,1235877
2021-09-02,266.4,269.8,265.32,268.61,763714
2021-09-03,269.8,277.72,266.62,270.01,1602525
2021-09-06,271.2,275.4,268.01,269.29,659070
2021-09-07,269.5,273.79,265.2,268.96,1236341
2021-09-08,268.78,276.28,267.67,273.01,1709285
2021-09-09,272.6,272.6,267.09,269.67,758444
2021-09-13,269.2,269.67,262.15,268.34,725069
2021-09-14,269.6,274.2,268.84,270.56,670710
2021-09-15,270.8,275.87,268.4,273.36,1032368
2021-09-16,273.36,282.38,272.62,281.28,2028564
2021-09-17,284.0,285.18,271.12,272.16,1974145
2021-09-20,270.0,274.31,262.15,264.02,957690
2021-09-21,266.0,267.18,257.15,264.75,917028
2021-09-22,265.4,270.78,265.4,269.3,689948
2021-09-23,270.0,277.0,269.31,276.62,1185186
2021-09-24,279.0,281.36,270.21,271.14,1131166
2021-09-27,271.9,272.49,262.8,264.83,1097991
2021-09-28,267.0,269.13,258.52,262.64,846327
2021-09-29,260.0,262.24,257.2,260.07,906441
2021-09-30,260.4,265.4,258.6,259.77,1596376
2021-10-01,258.77,259.91,254.66,258.91,926465
2021-10-04,260.28,270.8,259.21,270.15,1354688
2021-10-05,268.0,271.5,264.86,267.05,822061
2021-10-06,268.65,268.9,259.69,260.64,714031
2021-10-07,264.64,269.28,263.16,268.64,747968
2021-10-08,268.64,270.68,264.69,266.19,465466
2021-10-11,267.18,268.38,265.18,266.98,494993
2021-10-12,267.4,268.39,264.0,264.93,585714
2021-10-13,267.6,274.96,265.21,273.28,1488487
2021-10-14,275.69,279.82,271.36,276.71,1775682
2021-10-18,280.74,283.34,276.05,279.04,1179881
2021-10-19,280.04,291.6,276.74,285.49,2982009
2021-10-20,287.56,294.93,281.36,287.74,2012398
2021-10-21,290.31,300.0,288.23,298.17,2339585
2021-10-22,299.8,311.76,297.07,303.72,3889218
2021-10-25,308.05,308.05,295.71,303.38,1771779
2021-10-26,300.02,317.6,299.32,305.18,1997703
2021-10-27,307.8,311.6,303.4,305.67,935794
2021-10-28,305.59,305.59,293.91,297.74,1120864
2021-10-29,300.0,300.0,285.0,287.24,1394463
2021-11-01,291.0,291.0,277.87,286.14,1703443
2021-11-02,288.0,324.94,286.45,315.24,3326480
2021-11-03,315.8,328.75,311.75,320.53,3163379
2021-11-04,322.0,325.19,321.6,323.43,214301
2021-11-08,325.04,334.0,324.21,332.94,1670349
2021-11-09,335.34,339.28,316.21,323.21,2525791
2021-11-10,323.21,328.6,319.9,326.24,1285584
2021-11-11,326.24,328.6,320.24,327.26,1013005
2021-11-12,329.38,329.8,323.19,324.48,1102283
2021-11-15,324.0,325.2,315.53,323.32,704461
2021-11-16,323.56,332.6,321.62,327.79,1109980
2021-11-17,325.6,329.98,322.11,326.17,756131
2021-11-18,326.42,328.88,317.04,320.28,965151
2021-11-22,321.88,321.96,309.63,312.33,1055933
2021-11-23,309.2,320.63,308.75,317.59,662248
2021-11-24,317.76,320.19,314.0,317.38,462153
2021-11-25,318.0,318.0,306.01,314.19,858020
2021-11-26,308.4,311.4,286.89,289.34,1341147
2021-11-29,286.71,289.0,277.71,280.65,978778
2021-11-30,280.6,289.29,279.08,281.34,1768166
2021-12-01,286.0,289.79,279.95,288.75,1107972
2021-12-02,288.0,291.99,285.24,289.79,774184
2021-12-03,289.34,295.78,287.77,289.43,772727
2021-12-06,290.0,295.0,288.38,290.03,577275
2021-12-07,292.6,295.26,288.36,292.71,760542
2021-12-08,294.0,299.37,292.82,298.47,862895
2021-12-09,300.0,301.9,297.36,298.81,429001
2021-12-10,300.0,303.41,295.11,300.87,549077
2021-12-13,304.0,306.35,281.82,295.13,1833852
2021-12-14,292.2,292.73,274.01,276.82,1815916
2021-12-15,277.2,278.13,270.0,271.57,854335
2021-12-16,274.28,276.55,265.2,266.36,1239863
2021-12-17,265.0,266.76,253.15,254.74,1062109
2021-12-20,250.0,252.68,231.76,240.12,1780656
2021-12-21,245.0,245.0,233.21,234.75,1225029
2021-12-22,236.41,238.4,231.44,234.49,818453
2021-12-23,236.4,243.98,235.73,242.06,1228235
2021-12-24,244.0,244.0,233.16,235.51,1115587
2021-12-27,235.51,245.6,234.23,243.74,1799531
2021-12-28,245.0,249.37,240.98,242.36,801160
2021-12-29,243.25,244.99,240.45,242.33,1072732
2021-12-30,242.4,243.0,237.02,239.64,801796
2021-12-31,240.94,246.3,240.38,243.4,1058163
2022-01-03,244.36,251.64,243.51,250.15,572005
2022-01-04,251.4,255.24,246.25,250.59,1277478
2022-01-05,250.59,255.35,249.0,249.96,841324
2022-01-06,249.8,249.8,241.8,243.26,978413
2022-01-07,243.24,246.27,240.78,243.1,862316
2022-01-10,244.02,248.6,241.64,244.58,970148
2022-01-11,244.5,246.36,241.6,244.72,600043
2022-01-12,245.22,249.8,244.8,249.05,1256723
2022-01-13,250.76,251.4,246.8,249.49,633459
2022-01-14,248.1,252.96,245.82,248.06,854183
2022-01-17,248.4,250.98,247.38,247.81,489239
2022-01-18,247.0,253.4,237.25,240.78,1426827
2022-01-19,241.0,241.3,234.19,239.06,1062500
2022-01-20,239.6,246.85,239.41,244.19,1293003
2022-01-21,242.8,244.76,237.0,239.7,1166808
2022-01-24,239.02,240.6,228.18,230.92,1870772
2022-01-25,228.0,240.56,220.64,233.34,2094722
2022-01-27,235.99,249.53,234.02,248.22,2948439
2022-01-28,250.0,259.97,247.21,248.57,1858093
2022-01-31,251.8,254.4,245.0,245.68,973425
2022-02-01,249.72,258.0,246.91,256.05,1105798
2022-02-02,258.2,260.87,254.2,256.76,909404
2022-02-03,257.4,257.4,251.0,252.64,473461
2022-02-04,252.0,253.52,245.81,246.64,526797
2022-02-07,247.0,250.2,242.2,243.76,406059
2022-02-08,245.12,249.07,241.33,248.05,761581
2022-02-09,248.0,250.8,246.6,249.03,444026
2022-02-10,249.0,255.0,246.42,253.12,633358
2022-02-11,250.6,252.8,245.64,247.11,583974
2022-02-14,241.2,241.2,230.72,232.17,1315646
2022-02-15,234.2,244.18,228.63,241.6,977314
2022-02-16,244.81,254.88,243.22,244.12,1869517
2022-02-17,246.4,256.47,245.88,255.49,2219232
2022-02-18,253.8,258.39,250.08,251.62,1216867
2022-02-21,248.8,250.51,242.02,244.04,909203
2022-02-22,240.0,243.2,235.27,240.84,881633
2022-02-23,243.6,244.36,234.31,235.02,934059
2022-02-24,228.0,230.89,212.0,213.72,1505101
2022-02-25,223.12,231.88,220.45,225.5,1857537
2022-02-28,221.8,225.6,216.2,224.84,1370871
2022-03-02,220.6,229.46,213.2,219.11,1686020
2022-03-03,223.4,227.2,218.8,221.09,1103619
2022-03-04,219.8,223.3,216.2,217.83,1068191
2022-03-07,211.0,211.97,203.26,204.26,980312
2022-03-08,203.2,209.96,200.4,208.32,2443557
2022-03-09,212.24,214.47,208.24,212.37,1283009
2022-03-10,219.6,220.0,211.02,215.9,1669933
2022-03-11,211.66,218.91,211.3,218.19,1178097
2022-03-14,218.99,223.2,215.52,222.54,1326085
2022-03-15,223.0,227.4,216.0,218.03,1554591
2022-03-16,221.74,226.0,219.04,221.9,1505450
2022-03-17,225.0,228.88,224.13,225.91,1195534
2022-03-21,226.11,228.28,216.96,217.28,1261670
2022-03-22,216.4,221.0,213.2,219.63,1613907
2022-03-23,220.6,222.0,217.62,219.24,867015
2022-03-24,218.79,220.32,217.32,218.48,665807
2022-03-25,219.97,222.48,217.21,220.6,646856
2022-03-28,221.7,224.11,216.75,223.11,1433694
2022-03-29,223.11,225.4,219.8,224.68,1326402
2022-03-30,225.4,227.76,223.8,224.89,498818
2022-03-31,225.4,228.88,223.8,226.97,874337
2022-04-01,227.0,239.8,225.58,236.27,894692
2022-04-04,236.8,238.0,234.0,235.8,553251
2022-04-05,236.8,237.49,233.11,234.1,1495778
2022-04-06,231.8,236.0,231.01,233.41,1029704
2022-04-07,232.2,236.99,231.6,234.82,2043146
2022-04-08,237.87,242.7,233.36,241.44,2402752
2022-04-11,243.0,247.6,239.61,244.72,1108230
2022-04-12,244.99,244.99,234.02,236.18,1060299
2022-04-13,238.4,239.43,235.69,236.79,467562
2022-04-18,232.4,234.96,224.22,232.85,1439979
2022-04-19,235.85,237.8,220.4,223.72,1457853
2022-04-20,222.5,226.75,218.41,222.85,639077
2022-04-21,224.8,230.79,223.62,230.17,778280
2022-04-22,228.0,228.0,220.09,221.6,886477
2022-04-25,219.0,220.8,215.27,219.32,1078260
2022-04-26,221.59,232.2,220.6,231.45,1559842
2022-04-27,228.4,233.34,226.8,228.25,1000461
2022-04-28,229.6,232.6,227.12,228.36,2451192
2022-04-29,238.88,247.8,234.83,240.41,6130269
2022-05-02,237.94,247.4,236.99,246.05,1998919
2022-05-04,246.4,251.49,226.22,229.78,1945894
2022-05-05,233.98,238.99,229.63,232.31,1021326
2022-05-06,226.6,238.6,226.6,236.76,1904964
2022-05-09,235.6,235.6,227.12,231.4,1520525
2022-05-10,231.4,235.59,229.0,232.07,902676
2022-05-11,231.0,232.87,219.44,224.0,1783624
2022-05-12,224.0,224.0,209.42,212.95,1879485
2022-05-13,216.4,218.98,209.52,212.32,1696481
2022-05-16,212.0,219.5,210.36,218.11,1366678
2022-05-17,219.4,224.16,216.4,221.75,820255
2022-05-18,224.0,225.36,217.44,219.54,859268
2022-05-19,213.8,217.32,212.8,215.7,1622176
2022-05-20,219.4,221.8,216.72,219.2,659263
2022-05-23,220.0,229.58,220.0,227.33,1214098
2022-05-24,226.77,228.98,220.61,225.55,1613913
2022-05-25,227.2,229.27,220.55,223.44,1003508
2022-05-26,224.2,230.2,220.52,229.33,702979
2022-05-27,232.3,232.3,226.24,228.49,454382
2022-05-30,231.4,237.0,228.38,234.38,835359
2022-05-31,234.38,239.14,229.0,235.24,2788284
2022-06-01,235.04,240.0,233.2,236.99,1035244
2022-06-02,237.1,239.2,235.05,238.58,558074
2022-06-03,239.1,239.59,233.67,235.7,1079344
2022-06-06,235.2,238.94,230.9,237.16,504905
2022-06-07,234.31,236.66,228.51,235.86,823218
2022-06-08,236.0,239.43,232.44,235.05,750777
2022-06-09,233.6,234.53,231.0,233.56,895329
2022-06-10,231.6,233.52,230.53,233.06,424389
2022-06-13,229.0,231.98,223.1,226.78,879896
2022-06-14,224.78,229.72,224.2,227.89,772156
2022-06-15,229.02,230.6,226.32,230.0,669104
2022-06-16,231.6,235.0,224.73,228.55,1339770
2022-06-17,227.3,230.9,222.51,229.81,1346148
2022-06-20,230.0,232.37,223.29,227.78,877357
2022-06-21,229.4,236.66,225.76,234.79,856186
2022-06-22,233.5,239.8,233.01,234.32,978195
2022-06-23,232.25,243.44,232.02,239.56,790862
2022-06-24,242.09,251.15,240.6,249.06,999204
2022-06-27,253.8,253.8,249.08,250.49,825457
2022-06-28,248.6,252.69,247.86,250.21,705427
2022-06-29,248.0,251.96,243.6,244.82,545482
2022-06-30,247.0,259.44,245.83,256.27,1991230
2022-07-01,253.24,254.96,247.7,253.14,1071657
2022-07-04,250.2,257.82,250.0,252.97,401723
2022-07-05,253.77,262.09,252.21,255.48,1254445
2022-07-06,254.63,259.26,254.02,256.81,631562
2022-07-07,256.0,264.31,251.6,261.65,989188
2022-07-08,263.96,264.71,254.2,256.09,730563
2022-07-11,255.13,256.0,248.02,251.23,738308
2022-07-12,249.8,251.5,246.74,247.26,688491
2022-07-13,248.82,254.98,248.07,253.78,630265
2022-07-14,254.8,259.89,254.01,258.99,640653
2022-07-15,260.0,263.6,255.18,262.93,540609
2022-07-18,266.4,283.79,264.6,279.42,1084069
2022-07-19,276.44,279.8,271.47,278.31,998630
2022-07-20,282.0,286.25,280.31,281.61,925985
2022-07-21,280.6,293.69,279.08,292.38,971061
2022-07-22,293.4,299.98,291.3,299.22,962083
2022-07-25,294.6,301.8,294.6,299.3,944333
2022-07-26,299.2,301.78,294.74,295.67,820528
2022-07-27,292.2,294.8,287.0,290.16,1340539
2022-07-28,295.6,301.24,288.6,292.19,1711547
2022-07-29,296.0,296.0,274.1,275.95,1859314
2022-08-01,276.0,279.6,272.22,274.97,941805
2022-08-02,275.4,280.67,272.63,275.82,972376
2022-08-03,277.0,279.29,269.62,272.05,746607
2022-08-04,275.4,275.4,266.71,271.98,929354
2022-08-05,273.93,275.76,270.81,272.49,630627
2022-08-08,274.0,280.8,271.2,278.45,955157
2022-08-10,279.0,281.92,277.04,279.28,800796
2022-08-11,281.13,285.06,278.24,281.21,1131705
2022-08-12,281.2,281.21,272.51,273.59,1045053
2022-08-16,273.0,277.4,270.56,272.94,1311198
2022-08-17,272.8,273.8,270.2,271.11,1319975
2022-08-18,270.05,273.05,265.41,269.69,876771
2022-08-19,270.01,272.98,268.0,269.37,763139
2022-08-22,272.97,272.97,261.0,262.57,849345
2022-08-23,261.09,271.32,259.64,267.32,876633
2022-08-24,269.2,269.94,265.42,268.61,405970
2022-08-25,269.8,272.74,264.0,264.94,658439
2022-08-26,267.0,269.49,264.83,266.67,421524
2022-08-29,260.45,266.36,260.0,264.98,425616
2022-08-30,266.4,271.81,266.09,270.93,1028445
2022-09-01,268.4,271.6,264.6,265.85,443594
2022-09-02,268.0,268.0,261.32,261.72,464317
2022-09-05,264.18,267.6,262.01,264.16,597687
2022-09-06,266.76,278.31,263.49,276.95,1611743
2022-09-07,275.2,278.17,272.2,273.32,692967
2022-09-08,274.8,277.18,271.2,272.29,636922
2022-09-09,273.99,275.0,264.0,264.82,604552
2022-09-12,266.25,266.87,262.0,265.7,949073
2022-09-13,267.0,270.0,264.73,266.52,719661
2022-09-14,264.67,270.89,263.02,266.93,737832
2022-09-15,268.27,274.8,262.6,265.19,952019
2022-09-16,265.96,267.6,253.6,256.81,1023437
2022-09-19,257.4,261.66,256.02,257.38,393841
2022-09-20,259.04,263.7,258.0,259.22,761700
2022-09-21,259.95,261.99,252.6,254.56,755997
2022-09-22,252.6,255.2,248.25,251.44,808308
2022-09-23,251.0,251.38,239.31,240.63,1115682
2022-09-26,238.23,240.44,229.65,234.99,792142
2022-09-27,236.02,237.83,229.2,233.01,612153
2022-09-28,231.95,238.7,231.0,234.98,1407471
2022-09-29,238.0,242.53,237.4,241.85,1772644
2022-09-30,240.0,244.55,237.8,239.51,737837
2022-10-03,240.0,243.4,231.53,233.93,678713
2022-10-04,236.02,240.75,235.08,239.97,577246
2022-10-06,242.16,243.6,238.4,239.55,857102
2022-10-07,239.4,241.93,234.12,239.82,1009563
2022-10-10,236.79,238.54,232.8,235.55,605273
2022-10-11,235.0,238.85,233.99,234.77,417276
2022-10-12,235.95,243.57,234.33,242.4,464533
2022-10-13,242.18,242.18,235.01,237.8,403331
2022-10-14,240.0,243.16,236.07,236.78,685904
2022-10-17,236.04,239.47,234.4,238.48,313435
2022-10-18,241.96,246.17,240.32,244.83,878966
2022-10-19,245.0,246.8,241.03,242.91,366781
2022-10-20,242.56,245.69,239.0,243.16,667824
2022-10-21,245.0,246.55,236.68,239.54,1000582
2022-10-24,243.0,243.0,238.42,239.8,79152
2022-10-25,240.0,248.0,237.04,243.42,943687
2022-10-27,245.0,250.74,242.21,249.38,908707
2022-10-28,250.63,256.77,248.81,254.94,553139
2022-10-31,254.79,254.79,245.0,245.83,620831
2022-11-01,246.3,247.26,240.6,241.54,1335115
2022-11-02,241.6,244.56,240.0,241.56,546792
2022-11-03,240.4,248.67,239.17,248.05,727250
2022-11-04,249.0,252.86,248.08,251.91,667552
2022-11-07,252.87,258.8,251.34,257.83,451657
2022-11-09,252.8,259.8,252.8,255.06,397958
2022-11-10,253.96,258.0,247.49,249.03,617832
2022-11-11,250.4,257.4,250.4,255.35,497608
2022-11-14,255.98,257.1,251.08,253.15,331198
2022-11-15,253.99,254.02,249.21,250.54,294927
2022-11-16,250.4,250.96,245.06,246.73,497356
2022-11-17,246.4,261.96,246.4,255.13,2179171
2022-11-18,255.1,256.89,248.4,250.25,1133116
2022-11-21,250.49,261.0,248.6,260.03,2285464
2022-11-22,260.99,270.99,258.2,269.3,1970331
2022-11-23,270.0,272.59,265.05,266.85,1391299
2022-11-24,268.19,268.19,261.0,262.34,700833
2022-11-25,263.0,264.4,255.04,256.03,865105
2022-11-28,254.8,258.96,249.4,252.95,4562156
2022-11-29,250.55,256.2,250.3,254.06,1748490
2022-11-30,254.49,275.0,254.4,270.0,2275703
2022-12-01,269.29,269.29,255.4,257.37,1602257
2022-12-02,257.33,259.64,253.6,258.07,1033710
2022-12-05,259.2,260.0,255.8,258.97,883532
2022-12-06,259.0,267.8,258.04,265.31,2034376
2022-12-07,265.6,273.35,265.4,267.04,1388697
2022-12-08,266.98,271.0,265.0,267.64,569275
2022-12-09,269.68,270.82,263.29,268.81,640553
2022-12-12,268.0,275.19,265.65,272.71,1187767
2022-12-13,272.2,274.19,268.0,273.17,395593
2022-12-14,273.19,276.0,271.08,275.71,827606
2022-12-15,275.08,280.84,274.01,278.64,755612
2022-12-16,275.4,280.8,267.62,274.09,1814246
2022-12-19,274.79,277.37,272.4,274.45,659439
2022-12-20,273.98,279.8,270.48,277.85,570309
2022-12-21,277.36,283.9,272.05,273.88,857326
2022-12-22,275.0,277.4,265.67,267.88,309992
2022-12-23,265.39,265.39,258.12,260.3,312995
2022-12-26,260.31,273.4,259.01,270.23,321370
2022-12-27,272.4,278.0,265.91,275.78,484073
2022-12-28,272.71,279.4,270.5,277.72,440215
2022-12-29,269.8,269.8,250.27,262.45,3989146
2022-12-30,266.0,276.96,265.03,275.38,1465870
2023-01-02,276.2,278.0,272.4,277.16,436989
2023-01-03,273.76,275.39,267.12,269.93,535645
2023-01-04,269.6,270.58,263.57,265.67,541935
2023-01-05,267.19,268.0,262.25,263.98,461987
2023-01-06,264.98,265.15,257.4,258.93,319983
2023-01-09,260.0,264.94,259.9,263.72,469651
2023-01-10,264.53,267.52,263.72,266.78,569860
2023-01-11,266.8,268.77,263.82,266.9,289049
2023-01-12,268.3,268.45,261.04,262.53,451870
2023-01-13,262.0,262.6,253.52,256.64,919496
2023-01-16,257.8,260.31,253.8,254.54,509856
2023-01-17,255.55,256.13,252.58,254.33,633527
2023-01-18,255.6,258.35,251.23,256.8,475166
2023-01-19,256.8,259.47,254.46,258.96,497959
2023-01-20,258.8,258.8,253.28,255.46,396914
2023-01-23,256.42,259.39,254.98,256.92,253966
2023-01-24,257.58,258.56,252.6,253.06,212299
2023-01-25,253.71,254.13,246.0,250.84,426186
2023-01-27,251.0,256.8,246.01,248.21,482105
2023-01-30,247.8,252.98,245.48,248.77,1181135
2023-01-31,249.52,259.08,246.68,257.32,1210700
2023-02-01,265.6,273.38,255.64,259.47,1587326
2023-02-02,258.58,259.92,250.6,252.9,510516
2023-02-03,254.24,256.84,250.0,255.81,520118
2023-02-06,252.0,259.52,252.0,258.73,417671
2023-02-07,258.78,260.6,255.8,258.26,388156
2023-02-08,259.56,262.16,258.01,261.53,343154
2023-02-09,261.7,263.49,259.71,263.01,287531
2023-02-10,264.0,264.0,253.54,255.72,671726
2023-02-13,255.72,256.94,250.6,251.22,357878
2023-02-14,252.4,254.9,249.98,254.04,210017
2023-02-15,253.1,255.58,251.4,254.54,247214
2023-02-16,256.4,256.46,249.27,251.74,660983
2023-02-17,249.98,252.26,246.1,246.82,415463
2023-02-20,251.76,251.76,246.84,247.44,461821
2023-02-21,249.4,250.53,242.2,242.99,432710
2023-02-22,242.2,244.26,239.02,241.61,650647
2023-02-23,241.99,243.05,239.02,240.06,328241
2023-02-24,240.56,244.4,240.18,243.69,492821
2023-02-27,243.69,244.12,238.4,240.58,287505
2023-02-28,241.0,242.53,238.0,240.67,2652122
2023-03-01,241.4,246.29,241.0,244.33,582647
2023-03-02,244.6,244.98,238.6,241.92,544128
2023-03-03,243.13,245.8,242.07,243.38,367345
2023-03-06,244.0,249.81,244.0,249.37,629184
2023-03-08,249.0,258.98,244.22,254.09,10340585
2023-03-09,255.99,262.94,255.0,258.08,1604402
2023-03-10,256.99,257.0,251.69,253.93,289325
2023-03-13,254.15,256.77,250.34,251.61,736766
2023-03-14,250.21,251.6,244.6,247.8,628358
2023-03-15,250.2,250.81,245.08,245.91,397410
2023-03-16,246.4,252.17,245.74,250.04,797714
2023-03-17,251.3,253.59,247.36,249.2,836522
2023-03-20,254.98,254.98,240.71,243.94,680483
2023-03-21,246.68,257.73,243.62,252.1,1015872
2023-03-22,252.39,252.96,248.34,249.23,362950
2023-03-23,248.4,252.83,246.8,252.11,428237
2023-03-24,250.86,251.86,245.0,246.64,858054
2023-03-27,246.4,246.6,241.13,241.88,389678
2023-03-28,242.21,246.86,240.43,245.18,521025
2023-03-29,245.18,252.0,244.3,250.36,329827
2023-03-31,250.6,256.38,250.6,251.88,897987
2023-04-03,253.2,258.2,253.2,257.29,459492
2023-04-05,256.2,258.84,254.89,257.81,342106
2023-04-06,257.2,261.4,256.03,260.77,285678
2023-04-10,260.77,261.4,257.01,260.95,126077
2023-04-11,260.95,262.0,255.4,259.06,463230
2023-04-12,259.8,262.4,257.71,261.8,536120
2023-04-13,261.79,261.79,258.4,259.32,154923
2023-04-17,260.0,265.4,259.18,264.27,585482
2023-04-18,265.45,269.0,263.8,267.84,520458
2023-04-19,269.47,273.98,267.51,273.31,529941
2023-04-20,274.01,274.71,267.17,267.87,394557
2023-04-21,271.08,272.35,268.21,271.77,306722
2023-04-24,272.2,282.36,271.24,278.52,696858
2023-04-25,279.94,293.86,279.02,286.55,2292627
2023-04-26,287.97,287.97,276.4,281.23,936077
2023-04-27,280.0,282.4,276.4,281.11,1071163
2023-04-28,270.0,273.0,261.8,266.52,3075649
2023-05-02,269.78,270.66,264.33,265.06,889058
2023-05-03,264.61,267.14,263.25,263.81,480881
2023-05-04,265.2,266.2,263.2,265.54,521108
2023-05-05,265.6,269.47,263.25,263.77,373515
2023-05-08,265.8,271.0,263.77,269.58,629269
2023-05-09,271.74,280.0,269.14,269.65,943591
2023-05-10,272.2,272.2,266.1,270.61,544299
2023-05-11,270.22,273.98,268.01,272.86,335168
2023-05-12,272.99,274.93,268.2,269.95,373700
2023-05-15,270.6,273.52,267.21,268.12,662823
2023-05-16,270.0,272.06,265.0,265.72,1007426
2023-05-17,265.8,270.12,265.02,268.84,375324
2023-05-18,270.49,271.4,265.89,269.22,637838
2023-05-19,271.38,271.38,266.6,267.86,691565
2023-05-22,267.2,267.58,261.2,263.86,744812
2023-05-23,264.79,276.07,264.07,272.66,724363
2023-05-24,272.54,278.0,271.24,273.93,998284
2023-05-25,273.93,277.6,271.67,275.07,475274
2023-05-26,275.07,277.23,273.0,276.72,524563
2023-05-29,277.6,284.68,276.72,281.76,1175769
2023-05-30,282.3,284.24,281.14,283.36,789757
2023-05-31,283.53,283.98,278.28,279.95,1216121
2023-06-01,279.95,283.7,279.95,282.05,580575
2023-06-02,283.07,284.84,280.84,282.67,736009
2023-06-05,284.2,285.43,279.53,280.19,502008
2023-06-06,281.49,283.95,277.15,281.78,355440
2023-06-07,280.0,285.2,278.0,281.67,759808
2023-06-08,282.6,289.8,280.0,282.19,806116
2023-06-09,282.0,287.76,281.8,283.44,487176
2023-06-12,285.0,292.25,283.4,290.47,590220
2023-06-13,291.62,292.2,287.0,288.68,660172
2023-06-14,290.0,290.0,280.45,281.56,723458
2023-06-15,282.8,284.0,280.8,282.84,549578
2023-06-16,281.3,282.2,278.02,280.3,1379509
2023-06-19,294.6,300.18,290.56,293.97,3194059
2023-06-20,294.0,314.54,291.21,311.93,2762920
2023-06-21,343.12,358.71,335.0,346.87,13465423
2023-06-22,353.0,353.0,338.34,343.75,4139057
2023-06-23,338.61,341.71,328.37,335.33,5355116
2023-06-26,333.74,342.69,328.45,340.67,1805538
2023-06-27,340.8,345.71,332.0,339.23,1850182
2023-06-28,342.0,343.67,337.83,340.2,1811702
2023-06-30,340.22,353.39,339.56,347.04,2669645
2023-07-03,350.54,355.58,348.62,351.59,1569786
2023-07-04,354.4,358.64,348.0,355.54,1789715
2023-07-05,355.6,365.6,353.78,360.45,2631621
2023-07-06,360.32,360.32,353.45,354.27,923275
2023-07-07,355.0,355.8,342.4,343.72,1341026
2023-07-10,345.79,346.08,340.77,344.64,1285015
2023-07-11,345.98,355.51,345.23,352.14,1217122
2023-07-12,352.02,363.59,351.94,361.1,1307460
2023-07-13,363.5,365.84,356.6,357.8,1243663
2023-07-14,360.0,362.27,354.53,356.78,898440
2023-07-17,357.22,358.41,351.04,353.9,844775
2023-07-18,355.76,360.24,354.0,356.83,1561175
2023-07-19,356.8,358.94,354.56,357.15,1193625
2023-07-20,357.0,359.7,355.6,356.57,575685
2023-07-21,355.69,373.63,355.0,366.3,3110254
2023-07-24,368.16,369.59,356.0,359.26,6030098
2023-07-25,366.18,366.19,359.2,364.7,1404057
2023-07-26,365.2,367.08,361.74,363.83,799002
2023-07-27,367.6,369.82,357.31,362.33,2325312
2023-07-28,365.21,367.66,358.0,363.57,1181146
2023-07-31,366.29,379.6,363.61,378.63,1555772
2023-08-01,378.63,380.2,369.0,370.74,1069042
2023-08-02,372.0,373.25,360.33,366.63,1526197
2023-08-03,365.8,367.72,358.3,363.69,763341
2023-08-04,365.0,368.74,360.41,367.4,1091120
2023-08-07,368.18,372.0,366.63,370.96,985237
2023-08-08,370.98,374.95,368.0,372.28,1971951
2023-08-09,374.6,375.18,368.0,369.78,1268060
2023-08-10,370.93,374.78,368.0,370.14,1079592
2023-08-11,370.0,370.01,360.82,361.59,1026658
2023-08-14,361.59,363.86,354.91,362.71,919664
2023-08-16,362.76,363.33,352.02,359.2,1808084
2023-08-17,362.39,374.0,362.39,368.88,1361032
2023-08-18,370.4,370.4,361.61,364.09,857330
2023-08-21,364.0,371.0,362.93,368.65,1373050
2023-08-22,370.79,370.79,366.14,369.01,978416
2023-08-23,369.8,371.27,364.23,370.44,495096
2023-08-24,371.0,386.35,371.0,375.1,1617054
2023-08-25,373.0,375.94,367.4,372.83,961277
2023-08-28,373.99,374.19,369.23,372.37,934029
2023-08-29,373.4,375.6,369.36,374.45,583981
2023-08-30,374.4,384.0,373.56,376.82,728983
2023-08-31,379.0,387.8,377.82,385.66,2527974
2023-09-01,386.0,387.19,381.37,382.41,751207
2023-09-04,383.4,389.0,377.85,378.78,1579913
2023-09-05,380.76,385.99,376.04,382.7,1358719
2023-09-06,383.98,385.4,376.4,378.52,1381672
2023-09-07,379.0,380.16,374.13,378.74,1207095
2023-09-08,382.0,391.99,380.56,390.77,1457511
2023-09-11,394.36,394.36,387.63,391.44,1313092
2023-09-12,393.97,393.97,378.27,382.23,1380614
2023-09-13,380.41,384.0,375.44,382.07,1303584
2023-09-14,384.0,385.55,381.12,383.08,1045117
2023-09-15,385.59,386.73,381.2,384.45,1354629
2023-09-18,383.23,384.92,380.29,382.5,633362
2023-09-20,380.0,389.0,378.59,383.58,805659
2023-09-21,382.94,384.8,378.2,380.06,500996
2023-09-22,380.06,385.94,376.2,378.19,560957
2023-09-25,378.19,391.87,372.13,389.11,2065421
2023-09-26,388.4,388.62,374.2,376.92,1194660
2023-09-27,379.6,382.68,376.05,378.48,643299
2023-09-28,381.86,382.48,371.27,374.29,4327334
2023-09-29,374.54,386.19,373.12,383.87,1381785
2023-10-03,387.6,387.98,376.2,384.39,2207907
2023-10-04,381.8,383.99,368.3,370.12,1340167
2023-10-05,370.4,374.59,364.6,367.5,1479477
2023-10-06,370.19,372.6,367.0,369.77,1262390
2023-10-09,368.01,368.17,360.73,364.18,1070824
2023-10-10,368.0,379.35,363.04,378.57,1675512
2023-10-11,381.41,384.1,377.11,379.72,912283
2023-10-12,381.71,381.71,375.0,375.62,662797
2023-10-13,374.97,377.35,374.08,376.19,596784
2023-10-16,376.19,377.0,371.12,373.51,492792
2023-10-17,375.69,378.58,374.4,377.69,675654
2023-10-18,377.68,378.17,370.51,373.24,504913
2023-10-19,367.4,378.0,364.69,375.77,619940
2023-10-20,375.3,377.15,373.2,375.34,441245
2023-10-23,374.96,383.2,373.2,376.0,2073056
2023-10-25,374.31,377.37,358.4,363.23,1369841
2023-10-26,363.23,363.77,352.17,359.52,958593
2023-10-27,370.2,405.94,370.2,387.04,5011333
2023-10-30,387.0,387.04,373.05,378.44,2037598
2023-10-31,380.4,381.39,374.14,375.97,1691067
2023-11-01,376.8,381.4,375.23,380.45,758859
2023-11-02,382.7,393.0,380.56,390.97,857752
2023-11-03,392.5,405.59,390.41,402.71,1864454
2023-11-06,401.79,402.48,396.4,398.3,1126831
2023-11-07,399.98,401.08,390.85,397.44,1761418
2023-11-08,397.44,398.53,394.25,395.93,705075
2023-11-09,394.0,394.0,388.0,388.68,995069
2023-11-10,388.0,393.19,385.38,390.44,486020
2023-11-12,391.7,393.94,391.42,392.65,46003
2023-11-13,391.48,394.6,386.04,393.56,555900
2023-11-15,397.05,408.24,395.02,407.15,1269373
2023-11-16,407.36,410.2,403.1,407.15,636899
2023-11-17,403.79,403.79,396.22,398.96,1093774
2023-11-20,399.0,401.96,395.56,397.79,572596
2023-11-21,400.0,403.96,396.04,399.97,1017891
2023-11-22,400.99,402.0,390.65,395.42,527815
2023-11-23,395.6,399.78,394.0,394.97,305865
2023-11-24,394.97,396.0,388.22,389.5,475859
2023-11-28,390.36,394.0,386.91,393.14,720833
2023-11-29,393.14,396.28,392.0,394.87,659944
2023-11-30,394.61,404.0,394.26,401.44,2200458
2023-12-01,402.8,405.98,399.4,400.65,606990
2023-12-04,405.0,421.6,401.45,418.89,1872166
2023-12-05,418.89,419.77,408.61,413.99,1659380
2023-12-06,415.4,416.82,409.0,411.14,719690
2023-12-07,412.19,414.0,406.0,406.96,780832
2023-12-08,410.0,411.5,402.94,406.32,843673
2023-12-11,406.32,413.58,403.09,409.42,989693
2023-12-12,413.0,413.0,397.61,399.05,1431809
2023-12-13,401.99,402.34,395.21,399.06,1594654
2023-12-14,401.2,426.0,401.02,423.66,2384904
2023-12-15,423.4,424.32,414.02,415.54,2245653
2023-12-18,415.36,415.71,408.58,409.6,840682
2023-12-19,411.76,416.53,408.0,411.91,2214192
2023-12-20,412.2,422.39,398.0,399.75,1887125
2023-12-21,399.46,409.58,394.4,403.37,1881198
2023-12-22,405.98,413.8,403.3,411.09,1385775
2023-12-26,414.4,415.36,405.62,407.15,964595
2023-12-27,408.21,413.1,407.16,409.98,750019
2023-12-28,412.96,412.96,407.22,409.13,657669
2023-12-29,410.5,413.6,407.59,410.66,1058202
2024-01-01,411.11,412.0,408.22,409.77,304722
2024-01-02,410.0,411.95,403.2,406.01,1077927
2024-01-03,407.0,419.6,405.8,418.01,1357534
2024-01-04,420.0,430.5,418.04,429.63,1539021
2024-01-05,430.6,435.35,423.89,434.48,1622887
2024-01-08,436.8,445.0,432.71,439.27,1497595
2024-01-09,441.32,444.61,430.12,433.57,1092689
2024-01-10,436.0,437.57,427.14,430.0,494145
2024-01-11,443.59,457.97,440.8,455.95,2932789
2024-01-12,458.56,460.62,452.02,458.56,1037456
2024-01-15,460.62,465.0,456.0,463.91,556738
2024-01-16,465.0,466.99,459.01,461.94,1329590
2024-01-17,458.8,463.57,448.0,457.6,1061729
2024-01-18,454.2,457.46,439.31,451.08,1576710
2024-01-19,454.2,464.39,454.2,460.37,1059357
2024-01-20,466.0,467.99,457.6,459.8,100445
2024-01-23,457.41,462.79,449.52,455.9,2199854
2024-01-24,446.77,463.0,441.91,460.49,1700346
2024-01-25,463.56,470.59,458.4,461.43,1065564
2024-01-29,486.4,488.4,460.43,481.8,3579015
2024-01-30,481.8,499.31,481.8,490.59,2847759
2024-01-31,490.0,495.92,480.1,493.36,1914672
2024-02-01,482.2,487.79,477.72,479.44,2120344
2024-02-02,479.5,484.23,477.12,481.1,881037
2024-02-05,483.8,486.48,469.44,471.42,398680
2024-02-06,472.0,480.78,464.73,479.29,1502283
2024-02-07,479.59,491.83,479.29,482.73,1046050
2024-02-08,485.0,485.0,468.16,469.59,886197
2024-02-09,469.59,470.81,458.3,466.82,580610
2024-02-12,467.0,470.59,450.97,452.45,569008
2024-02-13,453.4,468.7,447.05,466.13,1796922
2024-02-14,457.0,480.92,456.04,478.66,737277
2024-02-15,487.44,492.68,482.4,487.52,1144317
2024-02-16,488.0,491.96,486.77,489.88,919312
2024-02-19,489.88,492.39,483.31,487.98,690282
2024-02-20,487.98,488.97,479.06,483.33,879341
2024-02-21,482.76,483.01,469.01,471.19,733175
2024-02-22,471.82,479.94,466.61,479.04,514244
2024-02-23,479.7,491.4,477.62,489.09,1144665
2024-02-26,489.98,507.0,489.59,497.03,1197803
2024-02-27,495.0,501.87,451.4,474.48,4102754
2024-02-28,478.4,487.59,461.58,469.76,2223882
2024-02-29,479.8,491.02,470.23,487.72,4046471
2024-03-01,493.9,494.77,487.0,490.09,1100074
2024-03-02,490.81,493.7,490.81,491.43,24657
2024-03-04,492.0,493.0,483.8,489.3,533339
2024-03-05,482.2,491.17,482.2,486.3,1238034
2024-03-06,488.8,490.6,469.78,474.92,1348944
2024-03-07,474.92,491.08,474.92,489.91,1192798
2024-03-11,489.2,499.98,484.13,496.19,2275471
2024-03-12,496.8,496.8,482.04,484.35,1441342
2024-03-13,486.98,487.94,460.02,464.28,1623771
2024-03-14,463.0,465.59,453.23,458.3,2022357
2024-03-15,458.8,463.0,450.2,453.36,1451472
2024-03-18,453.0,466.58,452.95,461.79,1174081
2024-03-19,464.6,468.58,455.51,457.4,1323965
2024-03-20,458.0,465.58,456.0,462.84,905285
2024-03-21,464.54,470.99,458.0,462.16,1739724
2024-03-22,467.8,471.74,461.03,466.14,1273555
2024-03-26,456.2,477.88,455.99,474.51,2138717
2024-03-27,482.0,486.0,469.0,477.27,15446440
2024-03-28,474.81,478.91,467.65,471.96,2325088
2024-04-01,474.2,487.4,473.21,486.35,845782
2024-04-02,486.0,494.26,485.99,493.19,886622
2024-04-03,495.4,513.36,491.76,511.29,2317699
2024-04-04,514.99,514.99,497.2,499.86,1403997
2024-04-05,502.11,506.4,499.62,503.77,650696
2024-04-08,508.59,516.06,505.4,513.84,735781
2024-04-09,518.0,521.13,504.62,510.08,953375
2024-04-10,511.99,513.25,503.9,505.61,700885
2024-04-12,503.99,503.99,495.78,497.12,828911
2024-04-15,498.6,498.6,481.61,482.93,950138
2024-04-16,480.0,484.8,473.67,480.15,806605
2024-04-18,483.98,488.45,472.22,474.29,1358237
2024-04-19,469.97,475.73,465.02,473.31,959432
2024-04-22,478.0,486.46,474.8,484.93,697940
2024-04-23,488.39,491.28,483.42,485.39,578517
2024-04-24,485.4,496.34,483.6,492.21,1691860
2024-04-25,491.8,500.86,484.45,498.37,2917532
2024-04-26,502.5,507.39,467.4,499.72,4162052
2024-04-29,513.99,515.39,486.05,498.44,2380923
2024-04-30,498.6,515.76,496.8,510.34,2685245
2024-05-02,509.31,519.8,507.0,516.42,1848695
2024-05-03,520.0,531.6,515.03,517.71,1524429
2024-05-06,520.0,521.79,499.77,509.51,865357
2024-05-07,509.51,513.0,488.33,497.16,1565174
2024-05-08,496.7,499.6,486.55,489.6,1464955
2024-05-09,489.6,494.83,470.84,472.18,820803
2024-05-10,474.8,481.34,466.22,468.87,2196930
2024-05-13,469.0,470.93,455.75,460.36,1678069
2024-05-14,469.0,483.57,463.36,466.07,2475207
2024-05-15,467.6,468.4,460.61,464.0,853936
2024-05-16,467.4,469.16,453.0,467.74,2489109
2024-05-17,468.8,477.33,464.2,474.32,945827
2024-05-18,475.96,478.98,471.01,474.09,59452
2024-05-21,474.0,477.9,469.73,474.65,787116
2024-05-22,474.65,475.97,466.42,467.35,693108
2024-05-23,469.2,481.94,465.7,480.09,1102552
2024-05-24,479.97,485.79,472.54,479.5,975465
2024-05-27,482.0,484.7,475.2,476.0,679642
2024-05-28,478.0,486.6,475.0,478.74,1298782
2024-05-29,475.01,479.53,471.6,474.93,439586
2024-05-30,473.2,476.0,458.4,460.54,1337633
2024-05-31,463.78,477.47,462.73,470.81,2583291
2024-06-03,490.0,509.39,485.05,501.83,3032359
2024-06-04,508.0,508.0,438.6,452.14,3557725
2024-06-05,448.38,479.58,446.0,477.49,1422819
2024-06-06,486.0,507.0,480.01,494.96,2100297
2024-06-07,495.87,501.39,492.01,499.59,741378
2024-06-10,502.0,510.5,497.04,503.82,969804
2024-06-11,502.99,510.41,498.0,506.6,936270
2024-06-12,506.95,516.69,506.11,513.39,702073
2024-06-13,518.4,539.53,516.22,536.86,2004491
2024-06-14,542.4,549.4,539.01,546.43,3063685
2024-06-18,549.79,568.23,546.47,565.95,2478641
2024-06-19,565.96,566.2,552.0,558.25,1835027
2024-06-20,560.91,570.9,552.95,561.04,1389762
2024-06-21,562.0,568.4,559.0,564.33,1934468
2024-06-24,563.86,578.0,555.97,576.45,1073571
2024-06-25,576.65,600.0,572.33,597.97,3168975
2024-06-26,597.16,611.89,591.72,597.81,1806445
2024-06-27,597.41,599.33,584.79,590.21,2459635
2024-06-28,590.21,593.86,580.0,582.3,1201091
2024-07-01,580.41,588.4,580.41,584.85,1334666
2024-07-02,585.4,588.0,563.13,564.98,2527745
2024-07-03,568.0,577.0,561.11,570.09,1589120
2024-07-04,573.59,573.6,564.0,566.75,791663
2024-07-05,567.0,574.45,562.86,573.17,1232669
2024-07-08,571.2,571.2,559.22,561.62,813151
2024-07-09,561.78,562.79,555.03,558.4,1271952
2024-07-10,558.79,560.93,541.0,552.42,1660147
2024-07-11,552.42,557.09,542.83,547.8,1137823
2024-07-12,550.0,572.0,550.0,558.88,1806161
2024-07-15,562.6,577.8,561.44,576.46,1480043
2024-07-16,577.38,580.0,560.4,562.7,981418
2024-07-18,555.4,574.79,555.4,573.46,823804
2024-07-19,572.0,575.17,557.87,562.17,735543
2024-07-22,559.98,569.59,552.81,565.48,543557
2024-07-23,565.4,565.4,532.68,547.84,2445493
2024-07-24,547.8,552.0,533.06,544.85,1026115
2024-07-25,539.9,542.0,527.1,535.8,2089082
2024-07-26,541.16,608.8,538.0,585.0,6439336
2024-07-29,594.0,607.15,581.0,588.6,2550687
2024-07-30,588.6,596.28,578.4,582.41,1897375
2024-07-31,586.78,589.41,583.21,586.39,931158
2024-08-01,586.58,599.8,583.99,597.85,1771944
2024-08-02,589.0,604.58,584.0,598.42,1781041
2024-08-05,575.2,588.37,561.62,578.29,1896088
2024-08-06,584.03,588.09,565.0,567.36,1183478
2024-08-07,578.02,586.42,574.11,585.01,797339
2024-08-08,584.0,584.0,571.72,574.44,886810
2024-08-09,582.0,594.67,576.02,591.62,913755
2024-08-12,589.99,603.0,585.52,595.22,1141959
2024-08-13,596.0,599.09,572.1,578.27,1449963
2024-08-14,580.2,583.32,572.8,579.02,725225
2024-08-16,582.6,598.38,580.41,596.3,995219
2024-08-19,605.6,617.0,602.61,615.12,1818434
2024-08-20,623.6,635.4,610.46,631.97,2429911
2024-08-21,627.99,638.0,623.37,631.81,1045406
2024-08-22,633.0,633.39,624.66,628.72,922139
2024-08-23,632.0,632.46,623.54,625.31,493393
2024-08-26,628.0,635.95,622.2,632.43,673210
2024-08-27,630.78,653.78,623.2,645.89,1983161
2024-08-28,645.0,649.6,638.35,640.37,670444
2024-08-29,639.8,652.4,634.91,640.1,1195285
2024-08-30,640.15,644.88,635.4,640.9,2205225
2024-09-02,643.99,651.68,642.81,645.05,633147
2024-09-03,642.2,656.61,638.01,654.32,1436283
2024-09-04,647.41,656.39,645.2,648.79,693484
2024-09-05,649.39,658.8,645.83,649.1,673660
2024-09-06,650.78,653.39,644.04,647.13,611612
2024-09-09,658.0,664.64,643.22,663.14,1619017
2024-09-10,665.58,667.58,646.03,652.01,1238014
2024-09-11,653.01,659.6,650.82,655.98,589257
2024-09-12,660.0,682.48,659.11,680.15,1832723
2024-09-13,679.94,685.0,673.0,673.65,957340
2024-09-16,675.6,687.97,672.52,683.79,944964
2024-09-17,683.0,693.35,681.49,684.92,1606064
2024-09-18,688.9,717.99,688.0,714.94,2116495
2024-09-19,714.31,724.73,700.0,705.07,1285785
2024-09-20,707.8,717.2,703.4,706.42,1281428
2024-09-23,710.19,722.4,708.0,713.54,587014
2024-09-24,716.3,716.3,700.4,703.26,1336373
2024-09-25,703.26,707.96,691.6,704.81,760327
2024-09-26,707.42,727.4,705.91,725.69,1071878
2024-09-27,723.6,730.45,719.16,724.21,993440
2024-09-30,722.79,728.99,713.6,715.39,881140
2024-10-01,715.4,725.56,711.56,714.08,676227
2024-10-03,714.0,714.98,680.01,681.9,1607336
2024-10-04,681.4,682.9,663.1,667.26,1765505
2024-10-07,673.96,682.6,651.2,659.87,1096153
2024-10-08,655.6,674.61,655.6,665.86,1824436
2024-10-09,670.9,696.0,668.0,677.59,1313916
2024-10-10,680.0,683.19,665.18,667.53,748077
2024-10-11,670.0,671.58,661.61,668.24,359924
2024-10-14,673.6,686.0,670.75,679.06,768817
2024-10-15,684.0,687.72,673.72,680.23,1041971
2024-10-16,683.4,684.4,673.42,678.08,321470
2024-10-17,675.8,677.19,649.19,651.72,1647563
2024-10-18,637.55,674.78,629.15,668.93,1876041
2024-10-21,671.39,676.7,654.4,662.66,1125596
2024-10-22,662.66,678.2,648.0,650.9,3938252
2024-10-23,640.0,652.1,634.01,639.55,1932061
2024-10-24,638.0,653.2,637.11,649.02,1500254
2024-10-25,650.86,650.86,605.6,618.53,3050378
2024-10-28,632.8,668.83,628.8,651.86,4320596
2024-10-29,648.42,657.13,632.48,653.16,2181280
2024-10-30,643.41,651.94,635.39,637.16,1392877
2024-10-31,637.0,637.0,617.52,627.78,1615002
2024-11-01,631.8,632.8,628.0,630.19,57346
2024-11-04,631.08,633.93,621.79,629.58,968592
2024-11-05,631.52,635.2,611.0,632.46,1521235
2024-11-06,637.4,640.0,627.26,637.34,858932
2024-11-07,638.78,638.78,611.6,614.03,1169384
2024-11-08,617.0,617.0,599.41,601.59,770349
2024-11-11,602.0,611.41,591.56,599.89,820375
2024-11-12,602.89,605.07,584.53,586.24,1086132
2024-11-13,586.1,586.1,567.85,570.77,1351101
2024-11-14,570.56,573.4,556.6,564.52,1434537
2024-11-18,564.52,573.36,560.0,569.63,968379
2024-11-19,569.6,573.2,560.34,564.95,1188509
2024-11-21,567.19,567.4,553.6,560.44,955480
2024-11-22,550.0,573.0,549.11,570.01,1638998
2024-11-25,585.39,603.0,585.39,589.56,2758308
2024-11-26,592.95,615.86,589.8,609.27,2021020
2024-11-27,605.78,613.34,601.47,603.8,812950
2024-11-28,608.0,615.0,598.25,608.74,2411429
2024-11-29,611.5,613.31,598.44,603.93,1120109
2024-12-02,603.93,622.97,602.14,618.84,1086688
2024-12-03,626.2,641.38,625.01,631.11,1974444
2024-12-04,629.11,634.69,623.94,626.46,1148745
2024-12-05,630.49,631.81,614.6,625.26,1423470
2024-12-06,625.4,629.65,618.72,625.27,638757
2024-12-09,620.12,632.67,619.1,621.38,792799
2024-12-10,625.09,639.43,621.8,637.3,1126180
2024-12-11,639.1,653.52,635.6,649.65,1470021
2024-12-12,647.9,653.0,644.31,649.62,1021669
2024-12-13,648.41,650.93,623.52,632.51,1200626
2024-12-16,634.8,639.4,625.4,627.49,588661
2024-12-17,627.0,627.0,593.05,595.38,2082634
2024-12-18,595.38,606.6,581.77,586.28,1489535
2024-12-19,574.0,590.5,570.66,589.09,1470935
2024-12-20,590.65,592.14,568.73,575.45,2499820
2024-12-23,581.2,590.8,574.56,576.58,938250
2024-12-24,576.6,579.52,571.02,576.59,404156
2024-12-26,578.46,587.19,574.23,585.38,892468
2024-12-27,587.38,587.97,578.1,579.78,304983
2024-12-30,582.56,593.77,579.06,583.8,690544
2024-12-31,579.58,582.54,576.21,577.83,815014
2025-01-01,579.8,586.2,576.58,583.73,259435
2025-01-02,587.46,613.78,586.32,612.01,1459417
2025-01-03,612.0,619.6,607.23,609.67,730445
2025-01-06,606.2,616.27,591.0,593.91,1086045
2025-01-07,595.41,604.4,590.0,591.68,556342
2025-01-08,594.0,594.0,568.17,579.75,995207
2025-01-09,580.75,584.83,560.2,561.97,1081641
2025-01-10,566.0,566.0,529.0,532.0,5999299
2025-01-13,530.05,540.7,518.75,521.1,5558523
2025-01-14,526.95,547.5,518.3,544.1,6987503
2025-01-15,545.0,545.95,529.1,533.2,4072535
2025-01-16,535.55,553.75,535.55,546.8,6194466
2025-01-17,546.55,547.55,523.85,526.5,5347916
2025-01-20,511.0,521.5,493.35,516.7,12701612
2025-01-21,518.0,530.75,513.45,520.3,7753705
2025-01-22,520.35,528.35,513.05,518.65,5895189
2025-01-23,518.65,533.45,511.6,529.8,5150004
2025-01-24,531.95,541.8,509.15,527.45,7602501
2025-01-27,525.9,530.65,508.15,511.65,8523575
2025-01-28,520.05,541.8,508.6,530.1,16222471
2025-01-29,531.15,555.65,530.25,553.5,9135552
2025-01-30,553.5,560.0,536.85,538.3,7172857
2025-01-31,546.4,550.9,536.2,543.75,4058608
2025-02-01,547.9,549.65,518.0,531.8,3874882
2025-02-03,525.0,558.0,516.0,546.15,7442129
2025-02-04,556.0,579.9,545.4,576.75,12290382
2025-02-05,577.0,590.8,568.4,571.3,6953215
2025-02-06,570.0,570.0,554.35,566.35,6345455
2025-02-07,567.9,579.1,554.85,559.55,5747620
2025-02-10,561.7,566.6,546.5,560.8,4253881
2025-02-11,566.0,566.0,534.0,538.55,6416783
2025-02-12,538.55,551.5,527.0,547.15,5467745
2025-02-13,547.0,560.25,538.0,548.65,5723009
2025-02-14,550.95,554.95,526.8,539.15,6763071
2025-02-17,537.0,553.0,525.1,550.35,4397756
2025-02-18,550.95,554.45,539.1,553.35,2988732
2025-02-19,547.8,559.75,546.5,557.8,4066886
2025-02-20,557.0,582.25,557.0,580.85,7590778
2025-02-21,580.85,594.7,576.7,585.1,9328402
2025-02-24,576.0,581.75,568.8,577.2,4523171
2025-02-25,581.8,586.75,571.5,574.25,6222936
2025-02-27,581.3,608.8,580.3,606.8,17099035
2025-02-28,609.95,620.0,602.25,617.3,23771834
2025-03-03,625.3,630.0,614.9,621.3,10284029
2025-03-04,618.6,635.4,613.4,632.9,5369562
2025-03-05,626.6,637.5,621.5,631.3,9532495
2025-03-06,638.8,650.8,637.0,644.35,8075827
2025-03-07,644.35,647.65,627.45,630.85,5829062
2025-03-10,631.55,641.5,622.85,625.6,4906168
2025-03-11,624.2,640.0,615.55,638.25,6734891
2025-03-12,639.0,647.25,629.1,636.95,5378060
2025-03-13,638.0,644.0,617.5,619.55,5273706
2025-03-17,613.4,629.5,613.4,623.25,4548325
2025-03-18,630.0,645.7,626.05,642.3,6915463
2025-03-19,645.7,677.6,637.65,667.95,9823834
2025-03-20,690.0,695.0,665.0,667.9,8747482
2025-03-21,669.05,679.0,667.65,676.8,6365496
2025-03-24,677.0,694.9,674.0,682.0,4983671
2025-03-25,688.0,688.0,667.7,678.35,5257157
2025-03-26,678.8,680.9,669.25,672.0,4792266
2025-03-27,670.0,684.4,666.2,678.5,4628163
2025-03-28,682.0,685.0,650.15,656.0,6806264
2025-04-01,652.0,653.9,633.9,637.45,7600903
2025-04-02,640.0,644.0,630.5,639.4,4387926
2025-04-03,633.0,660.55,632.0,654.15,3704676
2025-04-04,655.5,665.0,649.5,653.6,5191619
2025-04-07,596.0,629.95,589.25,614.0,15188995
2025-04-08,623.7,648.3,623.05,641.45,10415072
2025-04-09,647.95,647.95,619.0,624.55,9235529
2025-04-11,627.0,648.65,627.0,638.8,7102851
2025-04-15,651.95,674.55,649.15,672.0,6085948
2025-04-16,672.65,678.0,662.45,676.05,6571065
2025-04-17,677.0,695.65,668.55,691.75,5771289
2025-04-21,698.75,717.5,690.5,703.0,6740583
2025-04-22,703.0,709.95,700.0,703.5,3672514
2025-04-23,709.5,713.8,685.9,703.9,5442424
2025-04-24,704.0,705.5,694.5,696.65,5010172
2025-04-25,698.9,705.6,635.0,655.2,9784886
2025-04-28,622.7,630.4,596.15,622.0,32221482
2025-04-29,625.0,630.8,610.2,614.7,10387632
2025-04-30,614.7,621.8,606.5,611.7,7374108
2025-05-02,611.7,616.3,599.5,604.2,9193181
2025-05-05,610.15,630.9,607.2,628.85,8616953
2025-05-06,628.8,631.85,617.05,623.45,5098276
2025-05-07,618.2,638.0,617.25,636.65,5983998
2025-05-08,635.0,640.8,607.0,615.8,10052396
2025-05-09,600.0,612.35,596.65,601.45,5637324
2025-05-12,611.05,648.0,611.0,645.95,9560644
2025-05-13,641.6,647.8,631.95,633.6,5748439
2025-05-14,639.5,655.3,637.6,651.95,9324793
2025-05-15,654.8,679.95,644.15,674.8,9817422
2025-05-16,674.0,674.8,660.05,665.5,5415727
2025-05-19,670.0,683.9,666.0,677.8,4356035
2025-05-20,682.05,682.05,656.2,658.35,7035801
2025-05-21,658.35,661.65,638.7,658.0,7986603
2025-05-22,652.0,654.7,640.3,649.75,6840583
2025-05-23,651.0,663.6,646.15,659.85,3128629
2025-05-26,664.85,667.8,652.1,664.5,2963171
2025-05-27,667.8,670.0,657.0,661.9,2493252
2025-05-28,661.9,663.9,654.0,655.7,3244100
2025-05-29,655.7,659.7,648.1,652.25,4173868
2025-05-30,643.1,654.95,637.25,639.35,6693573
2025-06-02,638.3,647.9,625.0,642.55,4344402
2025-06-03,648.0,658.75,642.1,648.25,5336167
2025-06-04,649.95,661.85,640.0,641.2,6290382
2025-06-05,647.0,654.8,638.1,651.45,4542850
2025-06-06,654.0,690.9,644.3,688.25,20115034
2025-06-09,700.0,715.9,692.25,698.0,11413586
2025-06-10,705.0,705.95,690.7,700.4,6453133
2025-06-11,702.1,702.1,684.35,686.05,4586055
2025-06-12,689.0,690.0,666.6,668.05,4970089
2025-06-13,651.85,670.35,643.5,667.15,4687026
2025-06-16,669.0,681.25,668.6,676.15,6882573
2025-06-17,679.8,679.8,662.0,665.0,2390137
2025-06-18,663.05,673.5,659.15,662.1,3352972
2025-06-19,660.75,669.0,648.0,652.2,3342726
2025-06-20,652.0,670.9,650.5,666.35,7441267
2025-06-23,661.8,666.2,648.3,661.65,4243520
2025-06-24,674.0,682.0,673.4,676.05,4823566
2025-06-25,676.05,678.0,671.0,675.1,3211981
2025-06-26,675.15,707.55,674.25,703.2,19068571
2025-06-27,703.05,706.9,696.6,699.95,7554681
2025-06-30,700.0,714.0,699.9,706.85,3721603
2025-07-01,708.0,710.55,694.0,696.45,3524637
2025-07-02,695.75,698.85,675.0,676.9,3288839
2025-07-03,681.6,684.25,672.95,675.4,6014549
2025-07-04,675.95,684.4,670.0,676.15,3843226
2025-07-07,676.15,680.0,669.0,671.3,1770086
2025-07-08,672.0,677.4,667.3,668.95,2820100
2025-07-09,671.25,683.0,671.0,681.05,3560120
2025-07-10,684.0,687.35,671.0,671.75,3035156
2025-07-11,676.0,676.7,662.4,668.25,4931083
2025-07-14,670.0,672.9,662.5,669.75,2832157
2025-07-15,674.9,688.0,670.7,684.45,3786182
2025-07-17,670.0,672.0,664.85,665.45,2671888
2025-07-18,670.0,670.5,644.5,645.5,6570609
2025-07-21,645.5,658.0,637.5,655.65,4980207
2025-07-22,658.0,659.9,639.0,640.15,4671422
2025-07-23,642.0,654.75,638.05,654.05,5191770
2025-07-24,660.0,660.0,631.75,633.55,7248079
2025-07-25,625.0,629.95,601.7,615.85,16922561
2025-07-28,615.85,638.85,611.05,633.45,11583112
2025-07-29,632.0,643.35,626.55,638.35,6858651
2025-07-30,635.0,638.35,626.1,632.8,6024759
2025-07-31,625.0,639.45,623.05,630.85,6481051
2025-08-01,630.0,632.0,612.25,614.2,3528632
2025-08-04,615.9,626.8,615.9,624.9,2955463
2025-08-05,630.5,633.2,621.15,630.1,3996694
2025-08-06,634.0,639.8,622.4,630.6,4763826
2025-08-07,626.85,629.8,618.3,627.35,3482599
2025-08-08,623.3,626.85,607.95,609.65,5493423
2025-08-11,610.45,623.5,609.15,617.6,3348109
2025-08-12,616.0,619.0,611.0,611.9,2787285
2025-08-13,612.05,621.35,610.35,619.25,5325700
2025-08-14,614.3,622.9,611.5,616.45,4279172
2025-08-18,627.0,637.5,625.45,626.8,5265058
2025-08-19,626.0,630.55,615.1,626.35,4765094
2025-08-20,623.35,624.95,613.3,616.3,5710611
2025-08-21,618.0,622.0,615.8,619.8,3993795
2025-08-22,619.8,622.0,612.55,615.85,3496256
2025-08-25,620.0,623.8,616.4,620.85,6850166
2025-08-26,619.9,620.45,593.1,594.7,18048586
2025-08-28,576.75,587.95,570.0,571.65,20025147
2025-08-29,570.5,588.65,566.5,580.25,12236788
2025-09-01,580.0,590.2,578.6,588.6,3886326
2025-09-02,590.0,596.4,582.25,584.6,4136915
2025-09-03,585.0,588.9,580.0,586.3,6612194
2025-09-04,596.0,596.0,583.9,585.8,5054056
2025-09-05,589.0,596.0,585.6,592.5,4166734
2025-09-08,596.0,604.0,592.85,596.75,2968301
2025-09-09,598.0,598.95,590.85,595.0,3947645
2025-09-10,598.6,606.8,596.7,604.8,4708224
2025-09-11,604.8,622.9,602.8,620.05,8412580
2025-09-12,623.2,633.7,619.25,632.85,10816255
2025-09-15,630.8,631.6,620.2,623.65,3643666
2025-09-16,623.65,628.4,614.1,618.1,4759255
2025-09-17,620.0,626.0,617.75,623.25,4633747
2025-09-18,620.0,631.0,620.0,626.9,4675034
2025-09-19,630.0,637.3,627.1,633.2,6415748
2025-09-22,638.0,638.0,625.45,627.85,2712596
2025-09-23,628.0,634.4,624.5,628.8,3586451
2025-09-24,628.2,630.0,620.3,625.15,2129098
2025-09-25,625.15,626.0,610.8,612.7,4280161
2025-09-26,610.0,617.4,603.75,606.05,3958021
2025-09-29,608.9,615.5,603.15,611.8,4098133
2025-09-30,611.8,620.7,611.15,616.1,5882401
2025-10-01,616.05,649.95,616.05,648.7,15107673
2025-10-03,645.0,650.0,636.0,645.8,7200543
2025-10-06,646.5,675.5,646.5,671.45,10343487
2025-10-07,670.2,673.0,663.5,666.8,3729360
2025-10-08,662.0,673.3,662.0,666.9,2870458
2025-10-09,666.9,672.0,660.0,669.05,2274108
2025-10-10,669.0,671.4,663.0,665.05,2480723
2025-10-13,660.0,674.2,658.75,672.15,2469940
2025-10-14,675.05,680.95,667.0,674.45,4731724
2025-10-15,675.5,682.4,672.55,677.15,4687947
2025-10-16,676.85,683.75,662.25,672.5,5309779
2025-10-17,672.2,679.65,670.1,675.5,3516617
2025-10-20,678.4,698.65,678.1,693.95,6170486
2025-10-21,695.5,697.5,690.3,695.25,674998
2025-10-23,695.25,717.75,695.25,709.65,8911040
2025-10-24,711.05,723.35,711.05,715.45,6036751
2025-10-27,721.0,730.3,718.25,719.6,8133230
2025-10-28,719.5,726.85,710.25,723.7,7071903
2025-10-29,723.7,741.9,717.4,738.45,10246214
2025-10-30,738.5,747.85,733.15,738.25,6357608
2025-10-31,733.45,769.8,727.0,748.9,18363853
2025-11-03,762.8,799.9,758.5,796.45,26222030
2025-11-04,792.45,814.15,792.25,796.5,8543137
2025-11-06,792.6,800.6,785.0,792.5,10930939
2025-11-07,792.5,820.0,780.8,816.35,9765252
2025-11-10,822.0,830.7,816.65,821.1,8623863
2025-11-11,821.1,833.3,804.05,832.3,7336169
2025-11-12,832.3,838.65,821.4,822.5,4239741
2025-11-13,826.0,826.35,809.75,814.0,6048569
2025-11-14,809.5,817.95,803.9,809.3,5672058
2025-11-17,809.0,828.35,808.6,817.9,7386312
2025-11-18,820.0,827.7,810.0,820.2,6684086
2025-11-19,824.15,826.7,815.8,818.05,3711577
2025-11-20,822.0,828.7,816.5,826.6,3187958
2025-11-21,825.0,832.0,810.6,823.3,3831244
2025-11-24,825.0,839.5,821.1,828.2,8140579
2025-11-25,828.2,841.85,827.2,838.25,5418151
2025-11-26,841.95,858.85,838.3,856.6,7052927
2025-11-27,860.0,869.5,857.25,867.65,6752154
2025-11-28,870.05,872.0,848.75,851.65,8198342
2025-12-01,857.85,865.0,849.45,851.55,6330770
2025-12-02,855.75,855.95,840.8,843.4,5587375
2025-12-03,843.4,846.45,818.95,828.1,9931005
2025-12-04,830.45,836.0,821.0,828.15,11436899
2025-12-05,828.15,857.0,828.15,854.9,12137708
2025-12-08,858.5,858.85,831.0,834.25,4117973
2025-12-09,830.0,849.0,817.8,846.7,5737027
2025-12-10,846.0,855.8,833.3,837.25,3699625
2025-12-11,841.8,850.6,835.7,847.15,4213992
2025-12-12,852.0,854.75,841.5,848.0,6036788
2025-12-15,852.0,870.6,845.85,855.35,7193809
2025-12-16,855.35,856.65,843.0,848.4,5171831
2025-12-17,856.0,875.45,855.0,864.2,11621162
2025-12-18,868.5,876.9,861.8,869.45,12481529
2025-12-19,869.0,913.5,850.5,901.7,35297309
2025-12-22,919.0,949.8,915.0,934.85,31894463
2025-12-23,938.7,959.95,931.7,957.8,14632455
2025-12-24,958.0,983.7,958.0,973.7,10574513
2025-12-26,976.55,978.75,956.7,960.25,4739099
2025-12-29,963.0,966.0,949.2,955.5,4897735
2025-12-30,960.95,984.6,960.95,979.4,17757531
2025-12-31,983.0,1000.2,979.4,996.2,9795995
2026-01-01,996.2,1025.6,996.0,1019.7,4289057
2026-01-02,1024.75,1025.0,1007.2,1010.35,5264026
2026-01-05,1013.5,1014.8,994.65,1002.5,4568560
2026-01-06,1002.5,1011.75,992.45,1001.9,4341117
2026-01-07,996.05,1003.1,990.25,996.0,4182699
2026-01-08,1001.4,1002.55,981.1,992.9,3804564
2026-01-09,987.0,993.2,961.0,977.3,6930293
2026-01-12,979.0,985.65,962.45,972.8,5510203
2026-01-13,975.0,987.65,969.2,980.0,3846375
2026-01-14,980.0,990.5,970.4,981.1,3846614
2026-01-16,981.0,1022.0,981.0,995.45,13316550
2026-01-19,1002.0,1014.5,991.2,1008.05,4836926
2026-01-20,1005.0,1008.05,983.0,986.0,6104152
2026-01-21,982.55,997.5,972.55,986.0,7042588
2026-01-22,995.05,1009.7,986.1,1005.5,7210572
2026-01-23,1010.0,1020.85,973.65,1003.55,9023942
2026-01-27,1011.2,1019.95,984.2,1001.05,7984660
2026-01-28,1002.0,1020.7,999.5,1018.8,5587231
2026-01-29,1022.4,1028.4,1006.15,1022.8,6653822
2026-01-30,1025.0,1029.3,1010.15,1020.0,6464610
2026-02-01,1020.0,1028.6,970.2,997.6,3797158
2026-02-02,990.2,992.7,939.0,962.1,13566710
2026-02-03,1013.0,1041.5,997.2,1000.4,9880727
2026-02-04,1010.4,1011.2,995.5,998.8,4402517
2026-02-05,995.5,998.0,972.4,992.0,5775866
2026-02-06,994.0,1005.0,972.9,1002.5,3270421
2026-02-09,1005.0,1067.8,1003.4,1063.0,8652847
2026-02-10,1064.9,1066.8,1053.5,1054.6,223396
2026-02-11,1053.0,1053.0,1043.5,1049.8,325015
2026-02-11,1053.0,1059.3,1041.5,1058.5,4874383
2026-02-12,1053.5,1087.1,1049.7,1082.8,8462756
2026-02-13,1081.8,1086.0,1060.0,1065.8,4555743
2026-02-16,1065.8,1088.3,1052.8,1085.4,5096496
2026-02-17,1080.0,1081.9,1060.0,1075.0,2832145
2026-02-18,1076.2,1087.1,1072.1,1076.2,2470593
2026-02-19,1078.0,1078.0,1048.1,1054.7,2576169
2026-02-20,1056.8,1066.0,1044.6,1059.3,2295049
2026-02-23,1072.8,1077.5,1056.9,1064.7,2423932
2026-02-24,1064.7,1066.0,1050.2,1061.7,2464507
2026-02-25,1065.0,1095.0,1055.8,1085.9,3115583
2026-02-26,1089.0,1108.0,1085.1,1104.6,5231414
2026-02-27,1099.0,1103.9,1073.3,1079.4,5601117
2026-03-02,1044.0,1071.0,1038.0,1052.5,6717872
2026-03-04,1042.3,1042.5,987.4,1010.0,9200897
2026-03-05,1022.3,1046.4,1018.3,1039.5,5051614
2026-03-06,1043.9,1052.0,1000.0,1007.5,8166989
2026-03-09,957.5,993.0,934.2,987.2,11999852
2026-03-10,1010.0,1068.3,1006.7,1062.9,14297519
2026-03-11,1062.9,1077.9,1028.7,1031.7,10731059
2026-03-12,1021.1,1046.7,1006.1,1031.7,7054662
2026-03-13,1021.3,1028.0,994.7,1003.6,6562852
2026-03-16,990.0,1002.9,969.3,992.0,10476354
2026-03-18,1013.3,1028.9,1008.5,1017.1,3866988
2026-03-19,1000.0,1000.0,946.3,949.8,11956347
2026-03-20,962.0,966.9,922.3,938.6,28550627
2026-03-23,930.0,930.1,870.2,877.7,10556865
2026-03-24,907.0,931.9,896.2,903.6,13359073
2026-03-25,919.0,965.0,917.3,956.0,14265748
2026-03-27,950.0,951.0,900.0,903.8,12238678
2026-04-24,1006.95,1030.4,983.55,1015.9,9194708
2026-04-27,1011.3,1012.0,963.75,974.65,15096574
2026-04-28,974.5,979.75,949.3,953.25,6752420
2026-04-29,965.0,975.3,954.9,956.85,5829309
2026-04-30,945.2,950.0,921.0,937.35,5990764
2026-05-04,942.0,969.0,942.0,960.45,4018048
2026-05-05,955.65,966.9,937.3,964.4,4029508
2026-05-06,980.0,1007.45,976.05,1004.1,5858946
2026-05-07,1009.0,1023.75,1002.05,1015.65,4848929
2026-05-08,1013.0,1013.35,1001.25,1007.75,5755029
2026-05-11,990.0,990.85,970.45,975.95,5927270
2026-05-12,971.0,979.95,925.95,930.45,8674062
2026-05-13,925.2,938.4,915.0,920.55,10747950
2026-05-14,929.9,941.65,901.3,935.1,9220462
2026-05-15,921.0,945.9,921.0,937.9,5759607
2026-05-18,923.8,937.65,911.0,933.7,5232089
2026-05-19,940.0,941.85,924.7,927.35,3216479
2026-05-20,920.0,925.45,913.0,923.45,5764449
2026-05-21,935.0,941.9,910.0,914.75,4598094
2026-05-22,916.25,944.25,913.15,941.0,5414742
2026-05-25,956.95,970.5,956.9,961.95,6256205
2026-05-26,961.0,965.6,948.6,952.15,4350923
2026-05-27,947.05,968.1,946.6,963.2,3592277
2026-05-29,961.0,975.55,942.9,947.15,11248568
