date,open,high,low,close,volume
2002-01-01,2.94,2.99,2.93,2.96,16011
2002-01-02,2.96,2.98,2.94,2.95,19504
2002-01-03,2.91,3.04,2.91,2.96,24772
2002-01-04,3.06,3.08,2.94,2.95,23230
2002-01-07,2.97,3.1,2.94,2.95,10625
2002-01-08,2.94,3.0,2.93,2.95,26669
2002-01-09,2.91,3.01,2.91,2.97,26471
2002-01-10,3.0,3.04,2.97,3.0,36112
2002-01-11,3.0,3.0,2.94,2.98,17539
2002-01-14,3.0,3.02,2.94,2.95,21072
2002-01-15,2.95,3.03,2.95,3.0,11724
2002-01-16,2.98,3.09,2.98,3.05,9193
2002-01-17,3.04,3.15,3.04,3.13,12931
2002-01-18,3.13,3.3,3.13,3.22,42643
2002-01-21,3.22,3.31,3.22,3.29,40778
2002-01-22,3.29,3.37,3.29,3.35,49827
2002-01-23,3.34,3.36,3.24,3.24,26691
2002-01-24,3.24,3.58,3.23,3.5,168873
2002-01-25,3.59,3.7,3.4,3.47,294046
2002-01-28,3.56,3.6,3.36,3.42,79802
2002-01-29,3.45,3.46,3.2,3.26,115475
2002-01-30,3.17,3.51,3.17,3.45,76749
2002-01-31,3.41,3.6,3.41,3.52,79718
2002-02-01,3.5,3.6,3.46,3.49,46484
2002-02-04,3.65,3.65,3.34,3.4,114151
2002-02-05,3.41,3.45,3.3,3.32,28904
2002-02-06,3.4,3.58,3.4,3.47,67053
2002-02-07,3.45,3.6,3.4,3.46,101554
2002-02-08,3.5,3.57,3.4,3.42,46017
2002-02-11,3.51,3.55,3.42,3.42,58671
2002-02-12,3.52,3.52,3.39,3.42,37373
2002-02-13,3.48,3.5,3.4,3.43,80333
2002-02-14,3.47,3.48,3.43,3.45,44775
2002-02-15,3.54,4.14,3.45,4.13,465249
2002-02-18,4.25,4.27,3.85,3.9,205122
2002-02-19,3.96,4.0,3.71,3.75,79501
2002-02-20,3.76,3.94,3.7,3.73,98473
2002-02-21,3.62,3.9,3.56,3.74,54215
2002-02-22,3.62,3.79,3.62,3.71,22571
2002-02-25,3.8,3.83,3.67,3.71,56769
2002-02-26,3.7,3.79,3.63,3.66,48225
2002-02-27,3.72,3.74,3.6,3.67,44876
2002-02-28,3.63,3.72,3.4,3.43,128798
2002-03-01,3.47,3.5,3.37,3.44,55769
2002-03-04,3.49,3.7,3.38,3.61,54214
2002-03-05,3.8,3.8,3.58,3.6,40200
2002-03-06,3.65,3.65,3.51,3.53,48624
2002-03-07,3.5,3.51,3.44,3.47,36646
2002-03-08,3.68,3.68,3.44,3.48,16611
2002-03-11,3.72,3.72,3.43,3.48,27381
2002-03-12,3.46,3.49,3.4,3.41,38438
2002-03-13,3.48,3.49,3.41,3.45,9559
2002-03-14,3.52,3.52,3.38,3.4,17953
2002-03-15,3.43,3.45,3.36,3.38,24293
2002-03-18,3.35,3.47,3.3,3.42,45407
2002-03-19,3.42,4.06,3.38,3.89,2025876
2002-03-20,3.95,4.12,3.71,3.74,268616
2002-03-21,3.4,3.86,3.4,3.73,48246
2002-03-22,3.7,3.75,3.55,3.58,30354
2002-03-26,3.54,3.6,3.53,3.58,12120
2002-03-27,3.51,3.58,3.51,3.57,13448
2002-03-28,3.74,3.74,3.54,3.56,6907
2002-04-01,3.67,3.67,3.54,3.55,6419
2002-04-02,3.51,3.62,3.51,3.58,17172
2002-04-03,3.58,3.6,3.52,3.54,17509
2002-04-04,3.54,3.61,3.52,3.6,22997
2002-04-05,3.8,3.8,3.6,3.64,37693
2002-04-08,3.72,4.04,3.67,3.77,117692
2002-04-09,3.9,4.06,3.77,3.84,122822
2002-04-10,3.83,3.94,3.77,3.82,36429
2002-04-11,3.88,3.88,3.7,3.71,41698
2002-04-12,3.78,3.84,3.74,3.8,21260
2002-04-15,3.87,3.9,3.74,3.78,30331
2002-04-16,3.68,3.72,3.65,3.68,24138
2002-04-17,3.74,3.74,3.63,3.66,24360
2002-04-18,3.7,3.71,3.65,3.66,16745
2002-04-19,3.64,3.72,3.6,3.6,34266
2002-04-22,3.74,3.76,3.55,3.73,31615
2002-04-23,3.67,3.74,3.65,3.66,6263
2002-04-24,3.61,3.7,3.6,3.64,10687
2002-04-25,3.65,3.67,3.58,3.63,23713
2002-04-26,3.63,3.77,3.61,3.71,23020
2002-04-29,3.63,3.63,3.57,3.58,31111
2002-04-30,3.67,3.67,3.56,3.56,9101
2002-05-02,3.61,3.71,3.61,3.67,21460
2002-05-03,3.6,3.73,3.6,3.68,14084
2002-05-06,3.63,3.8,3.63,3.78,23521
2002-05-07,3.77,3.98,3.77,3.86,117793
2002-05-08,3.9,3.99,3.84,3.9,108833
2002-05-09,3.92,3.92,3.82,3.86,41290
2002-05-10,3.8,3.86,3.73,3.79,24828
2002-05-13,3.92,4.22,3.81,4.06,204183
2002-05-14,4.17,4.48,4.16,4.2,316108
2002-05-15,5.04,5.04,4.06,4.09,139572
2002-05-16,4.3,4.3,3.91,3.96,70869
2002-05-17,4.0,4.08,3.82,3.87,57049
2002-05-20,3.9,3.9,3.65,3.67,40543
2002-05-21,3.6,3.66,3.53,3.55,57507
2002-05-22,3.6,3.7,3.55,3.6,24316
2002-05-23,3.62,3.63,3.45,3.51,21657
2002-05-24,3.61,3.86,3.6,3.73,47689
2002-05-27,3.8,4.17,3.7,3.96,56821
2002-05-28,3.93,4.05,3.82,3.85,63457
2002-05-29,3.9,3.9,3.78,3.81,19182
2002-05-30,3.84,3.88,3.76,3.77,25836
2002-05-31,3.77,3.83,3.72,3.73,12200
2002-06-03,3.78,3.84,3.75,3.76,11249
2002-06-04,3.8,4.25,3.78,4.15,162235
2002-06-05,4.38,4.96,4.14,4.65,434979
2002-06-06,4.66,4.8,4.16,4.48,220155
2002-06-07,4.3,4.63,4.24,4.3,125200
2002-06-10,4.47,4.73,4.42,4.56,199891
2002-06-11,5.48,5.48,4.56,4.65,197063
2002-06-12,4.76,4.97,4.7,4.81,362660
2002-06-13,5.78,5.78,4.82,4.94,394069
2002-06-14,5.07,5.55,5.07,5.46,713976
2002-06-17,5.6,5.6,4.84,4.99,505989
2002-06-18,5.28,5.28,4.57,4.61,281874
2002-06-19,4.73,4.78,4.53,4.61,106651
2002-06-20,4.75,4.92,4.66,4.77,141354
2002-06-21,4.76,4.87,4.69,4.76,87494
2002-06-24,4.82,5.16,4.76,5.09,204479
2002-06-25,5.17,5.62,5.08,5.24,774086
2002-06-26,5.35,5.44,5.01,5.03,209762
2002-06-27,5.14,5.2,5.06,5.11,96193
2002-06-28,5.12,5.28,5.07,5.19,128601
2002-07-01,5.3,5.5,5.21,5.32,174469
2002-07-02,5.3,5.64,5.3,5.5,275031
2002-07-03,5.9,5.9,5.5,5.53,356509
2002-07-04,6.08,6.08,5.52,5.55,243171
2002-07-05,6.66,6.66,5.59,5.91,462087
2002-07-08,6.07,6.3,6.01,6.07,359602
2002-07-09,6.17,6.17,5.8,5.87,199369
2002-07-10,5.9,5.9,5.6,5.66,135734
2002-07-11,5.6,5.72,5.46,5.55,78161
2002-07-12,5.61,5.68,5.46,5.57,59968
2002-07-15,5.5,5.55,5.15,5.26,75719
2002-07-16,5.05,5.38,5.05,5.28,35752
2002-07-17,5.37,5.37,5.0,5.09,60247
2002-07-18,5.13,5.4,5.13,5.34,51718
2002-07-19,5.43,5.43,5.21,5.28,50941
2002-07-22,5.23,5.23,4.86,4.95,70977
2002-07-23,4.89,5.14,4.81,5.06,60831
2002-07-24,5.0,5.02,4.72,4.77,68649
2002-07-25,5.15,5.2,5.0,5.03,98144
2002-07-26,5.0,5.0,4.7,4.78,101133
2002-07-29,4.5,4.59,4.2,4.35,83992
2002-07-30,4.5,4.5,4.12,4.19,107196
2002-07-31,3.82,4.17,3.8,3.97,127113
2002-08-01,4.18,4.26,4.03,4.11,68154
2002-08-02,4.15,4.15,3.93,4.03,88461
2002-08-05,4.18,4.2,4.0,4.08,83067
2002-08-06,4.24,4.38,4.12,4.29,27570
2002-08-07,4.59,4.59,4.27,4.35,61012
2002-08-08,4.75,4.75,4.23,4.26,32041
2002-08-09,4.75,4.75,4.18,4.26,36002
2002-08-12,4.2,4.56,4.2,4.22,24024
2002-08-13,4.67,4.67,4.21,4.23,14968
2002-08-14,4.5,4.5,4.21,4.23,60751
2002-08-16,4.4,4.4,4.11,4.16,62449
2002-08-19,4.38,4.38,4.12,4.16,26589
2002-08-20,4.4,4.4,4.13,4.19,25123
2002-08-21,4.2,4.2,3.82,4.13,66962
2002-08-22,4.79,4.79,4.04,4.13,25783
2002-08-23,4.17,4.17,4.11,4.13,30947
2002-08-26,4.16,4.18,4.12,4.15,28067
2002-08-27,4.16,4.24,4.14,4.16,18387
2002-08-28,4.13,4.6,4.12,4.49,63785
2002-08-29,4.6,4.64,4.48,4.52,126420
2002-08-30,4.65,4.68,4.51,4.59,51256
2002-09-02,4.75,4.83,4.42,4.52,124167
2002-09-03,4.4,4.4,4.24,4.27,45045
2002-09-04,4.27,4.35,4.27,4.31,35346
2002-09-05,4.37,4.39,4.22,4.25,33006
2002-09-06,4.24,4.35,4.23,4.3,41410
2002-09-09,4.37,4.4,4.27,4.38,34968
2002-09-11,4.32,4.55,4.32,4.42,33411
2002-09-12,4.6,4.7,4.42,4.68,111535
2002-09-13,4.63,4.75,4.62,4.65,659145
2002-09-16,4.61,4.77,4.61,4.71,567804
2002-09-17,4.61,4.76,4.61,4.71,35758
2002-09-18,4.61,4.7,4.61,4.65,568220
2002-09-19,4.51,4.76,4.51,4.54,739363
2002-09-20,4.4,4.62,4.4,4.55,122673
2002-09-23,4.42,4.75,4.42,4.6,35653
2002-09-24,4.44,4.65,4.44,4.53,43876
2002-09-25,4.54,4.55,4.49,4.5,21047
2002-09-26,4.55,4.59,4.48,4.54,21045
2002-09-27,4.68,4.7,4.56,4.64,52842
2002-09-30,4.58,4.66,4.58,4.6,24113
2002-10-01,4.55,4.62,4.44,4.52,51507
2002-10-03,4.52,4.6,4.47,4.51,28128
2002-10-04,4.48,4.57,4.48,4.52,23042
2002-10-07,4.46,4.61,4.46,4.6,27331
2002-10-08,4.58,4.61,4.56,4.6,23572
2002-10-09,4.64,4.65,4.58,4.59,32470
2002-10-10,4.4,4.6,4.4,4.57,7518
2002-10-11,4.65,4.65,4.56,4.59,17538
2002-10-14,4.6,4.6,4.55,4.55,16922
2002-10-16,4.7,4.7,4.52,4.53,12643
2002-10-17,4.5,4.6,4.5,4.54,21452
2002-10-18,4.54,4.64,4.54,4.6,34465
2002-10-21,5.4,5.4,4.54,4.6,18042
2002-10-22,4.65,4.65,4.51,4.52,11280
2002-10-23,4.55,4.56,4.52,4.53,8533
2002-10-24,4.53,4.55,4.49,4.49,17970
2002-10-25,4.52,4.56,4.5,4.5,14837
2002-10-28,4.49,4.56,4.47,4.48,9959
2002-10-29,4.47,4.5,4.01,4.46,13478
2002-10-30,4.5,4.57,4.4,4.45,25718
2002-10-31,4.35,4.55,4.34,4.44,6392
2002-11-01,4.66,4.9,4.4,4.6,44235
2002-11-04,4.7,4.7,4.6,4.62,12616
2002-11-05,4.52,4.65,4.52,4.6,10110
2002-11-07,4.65,4.69,4.62,4.67,15284
2002-11-08,4.7,4.7,4.55,4.61,10850
2002-11-11,4.63,4.65,4.57,4.6,19387
2002-11-12,4.55,4.57,4.45,4.53,11553
2002-11-13,4.6,4.6,4.52,4.54,5356
2002-11-14,4.55,4.58,4.52,4.53,8405
2002-11-15,4.56,4.58,4.5,4.55,18585
2002-11-18,4.42,4.61,4.42,4.6,32155
2002-11-20,4.59,4.59,4.52,4.53,10541
2002-11-21,4.58,4.58,4.41,4.52,52682
2002-11-22,4.53,4.59,4.5,4.57,13730
2002-11-25,4.6,4.62,4.55,4.59,21493
2002-11-26,4.6,4.61,4.51,4.57,25785
2002-11-27,4.59,4.62,4.52,4.54,20135
2002-11-28,4.54,4.57,4.5,4.53,16355
2002-11-29,4.52,4.6,4.52,4.59,18290
2002-12-02,4.57,4.8,4.56,4.73,44963
2002-12-03,4.66,4.76,4.55,4.56,21246
2002-12-04,4.52,4.58,4.5,4.5,11286
2002-12-05,4.57,4.57,4.5,4.54,12696
2002-12-06,4.56,4.6,4.56,4.59,35903
2002-12-09,4.6,4.62,4.51,4.54,28884
2002-12-10,4.51,4.58,4.51,4.55,5432
2002-12-11,4.58,4.6,4.5,4.51,37837
2002-12-12,4.57,4.58,4.41,4.47,16823
2002-12-13,4.47,4.54,4.47,4.51,16568
2002-12-16,4.58,4.6,4.5,4.51,32010
2002-12-17,4.47,4.5,4.42,4.47,14774
2002-12-18,4.47,4.51,4.47,4.49,15294
2002-12-19,4.53,4.53,4.46,4.51,22762
2002-12-20,4.48,4.52,4.43,4.47,14592
2002-12-23,4.56,4.56,4.46,4.47,8835
2002-12-24,4.48,4.54,4.46,4.47,6960
2002-12-26,4.49,4.58,4.45,4.51,29681
2002-12-27,4.5,4.54,4.46,4.47,21910
2002-12-30,4.47,4.55,4.47,4.5,23990
2002-12-31,4.48,4.54,4.47,4.48,20136
2003-01-01,4.48,4.5,4.48,4.48,9516
2003-01-02,4.46,4.5,4.46,4.47,9887
2003-01-03,4.47,4.5,4.47,4.47,14453
2003-01-06,4.49,4.49,4.43,4.44,24455
2003-01-07,4.45,4.47,4.37,4.42,35857
2003-01-08,4.41,4.45,4.4,4.42,13402
2003-01-09,4.41,4.48,4.41,4.44,52803
2003-01-10,4.48,4.48,4.41,4.43,24178
2003-01-13,4.48,4.6,4.46,4.51,28715
2003-01-14,4.55,4.57,4.46,4.49,21094
2003-01-15,4.5,4.54,4.49,4.52,13818
2003-01-16,4.51,4.69,4.5,4.64,56105
2003-01-17,4.94,4.94,4.61,4.68,63265
2003-01-20,4.8,4.8,4.52,4.53,99258
2003-01-21,4.64,4.69,4.57,4.64,109939
2003-01-22,4.8,5.0,4.7,4.83,154059
2003-01-23,4.86,4.91,4.78,4.8,61941
2003-01-24,4.8,4.84,4.65,4.67,36627
2003-01-27,4.64,4.76,4.52,4.54,23739
2003-01-28,4.6,4.6,4.5,4.56,12742
2003-01-29,4.6,4.62,4.53,4.6,32636
2003-01-30,4.53,4.63,4.53,4.56,20369
2003-01-31,4.55,4.59,4.53,4.54,16301
2003-02-03,4.52,4.64,4.46,4.6,33489
2003-02-04,4.53,4.68,4.53,4.59,16244
2003-02-05,4.59,4.6,4.52,4.56,9217
2003-02-06,4.59,4.61,4.57,4.59,11975
2003-02-07,4.58,4.65,4.57,4.6,115245
2003-02-10,4.58,4.6,4.55,4.6,11037
2003-02-11,4.66,4.66,4.55,4.56,16897
2003-02-12,4.56,4.6,4.51,4.53,4901
2003-02-14,4.52,4.52,4.41,4.42,22603
2003-02-17,4.47,4.56,4.45,4.51,31962
2003-02-18,4.55,4.58,4.51,4.52,18923
2003-02-19,4.55,4.55,4.42,4.45,51966
2003-02-20,4.55,4.55,4.45,4.49,19295
2003-02-21,4.51,4.51,4.46,4.47,5783
2003-02-24,4.52,4.54,4.5,4.52,22817
2003-02-25,4.5,4.54,4.48,4.52,20727
2003-02-26,4.66,4.66,4.5,4.51,11466
2003-02-27,4.59,4.67,4.5,4.64,21649
2003-02-28,4.7,4.83,4.6,4.69,106791
2003-03-03,4.86,4.86,4.68,4.69,13751
2003-03-04,4.68,4.68,4.52,4.55,13772
2003-03-05,4.52,4.52,4.41,4.5,23409
2003-03-06,4.5,4.55,4.48,4.51,11676
2003-03-07,4.45,4.45,4.37,4.39,22184
2003-03-10,4.35,4.36,4.22,4.22,28701
2003-03-11,4.01,4.28,4.01,4.27,13392
2003-03-12,4.38,4.38,4.28,4.28,8716
2003-03-13,3.6,4.4,3.6,4.38,17694
2003-03-17,4.01,4.35,4.01,4.27,11012
2003-03-19,4.33,4.37,4.26,4.27,11620
2003-03-20,4.26,4.3,4.22,4.29,8024
2003-03-21,4.38,4.38,4.27,4.34,6686
2003-03-22,4.31,4.38,4.31,4.34,2954
2003-03-24,4.33,4.33,4.24,4.27,7951
2003-03-25,4.3,4.49,4.2,4.3,13517
2003-03-26,4.26,4.37,4.26,4.3,14054
2003-03-27,4.2,4.3,4.2,4.26,4104
2003-03-28,4.24,4.3,4.23,4.26,7304
2003-03-31,4.21,4.24,4.16,4.21,14337
2003-04-01,4.23,4.31,4.23,4.29,25773
2003-04-02,4.22,4.27,4.19,4.23,21655
2003-04-03,4.22,4.27,4.21,4.23,25639
2003-04-04,4.26,4.3,4.22,4.28,32103
2003-04-07,4.3,4.6,4.3,4.58,58521
2003-04-08,4.45,4.55,4.44,4.5,32811
2003-04-09,4.46,4.52,4.42,4.45,21434
2003-04-10,4.44,4.44,4.29,4.31,43650
2003-04-11,4.32,4.37,4.27,4.28,17997
2003-04-15,4.36,4.38,4.32,4.37,4572
2003-04-16,4.32,4.41,4.32,4.38,3046
2003-04-17,4.39,4.49,4.31,4.34,30967
2003-04-21,4.36,4.38,4.3,4.35,21706
2003-04-22,4.3,4.41,4.3,4.38,14910
2003-04-23,4.36,4.5,4.3,4.31,45007
2003-04-24,4.4,4.45,4.3,4.34,41663
2003-04-25,4.33,4.4,4.33,4.35,19403
2003-04-28,4.33,4.44,4.33,4.44,10125
2003-04-29,4.43,4.46,4.4,4.41,18522
2003-04-30,4.41,4.67,4.41,4.61,31992
2003-05-02,4.65,4.8,4.62,4.79,79549
2003-05-05,4.76,4.94,4.76,4.89,79261
2003-05-06,4.99,5.25,4.85,5.08,100173
2003-05-07,5.09,5.1,5.0,5.03,46642
2003-05-08,5.01,5.04,4.92,4.96,38712
2003-05-09,4.93,4.95,4.84,4.91,15367
2003-05-12,4.9,5.0,4.9,4.98,18328
2003-05-13,5.0,5.02,4.91,4.98,33598
2003-05-14,5.04,5.1,5.0,5.09,29745
2003-05-15,4.92,5.19,4.92,5.12,31261
2003-05-16,5.05,5.28,5.05,5.17,43773
2003-05-19,5.2,5.23,5.04,5.05,38166
2003-05-20,5.05,5.11,5.03,5.08,23191
2003-05-21,5.07,5.15,5.05,5.09,18821
2003-05-22,5.2,5.25,5.15,5.17,55667
2003-05-23,5.22,5.22,5.07,5.16,44877
2003-05-26,4.85,5.19,4.85,5.12,42207
2003-05-27,5.07,5.29,5.05,5.16,81628
2003-05-28,5.1,5.2,5.1,5.17,37444
2003-05-29,5.2,5.3,5.11,5.27,59094
2003-05-30,5.3,5.45,5.28,5.33,176762
2003-06-02,5.25,5.25,4.84,4.87,175182
2003-06-03,4.95,5.6,4.95,5.13,216232
2003-06-04,5.1,5.2,5.03,5.15,95885
2003-06-05,4.4,5.2,4.4,5.07,81854
2003-06-06,5.19,5.19,5.07,5.09,42581
2003-06-09,5.11,5.17,5.0,5.06,84400
2003-06-10,4.4,5.1,4.4,5.02,57933
2003-06-11,4.82,5.1,4.82,5.0,77431
2003-06-12,5.0,5.13,5.0,5.1,50087
2003-06-13,4.9,5.15,4.9,5.1,46419
2003-06-16,4.9,5.29,4.9,5.22,49259
2003-06-17,5.28,5.29,5.2,5.2,52536
2003-06-18,4.8,5.34,4.8,5.28,78625
2003-06-19,4.8,5.31,4.8,5.23,46924
2003-06-20,4.6,5.31,4.6,5.22,74478
2003-06-23,4.8,5.52,4.8,5.18,29050
2003-06-24,4.8,5.24,4.8,5.19,21760
2003-06-25,4.9,5.24,4.9,5.21,47825
2003-06-26,4.8,5.28,4.8,5.21,39742
2003-06-27,5.0,5.4,5.0,5.36,94383
2003-06-30,5.32,5.66,5.32,5.52,137789
2003-07-01,4.8,5.6,4.8,5.42,75085
2003-07-02,5.65,5.93,5.43,5.78,340133
2003-07-03,5.9,6.0,5.71,5.78,125178
2003-07-04,5.2,5.89,5.2,5.71,93868
2003-07-07,5.0,5.96,5.0,5.78,68712
2003-07-08,5.74,5.9,5.6,5.64,83551
2003-07-09,5.1,5.89,5.1,5.62,98315
2003-07-10,5.0,5.72,5.0,5.6,62237
2003-07-11,5.61,5.69,5.58,5.61,36992
2003-07-14,4.8,5.75,4.8,5.56,30466
2003-07-15,5.4,5.66,5.4,5.45,44412
2003-07-16,5.2,5.53,5.2,5.49,26913
2003-07-17,5.61,5.84,5.54,5.67,129388
2003-07-18,5.62,5.71,5.51,5.56,52144
2003-07-21,4.8,5.8,4.8,5.49,92782
2003-07-22,5.5,5.6,5.42,5.45,44421
2003-07-23,4.8,5.65,4.8,5.61,76016
2003-07-24,5.6,5.69,5.6,5.64,25795
2003-07-25,4.8,5.72,4.8,5.59,60952
2003-07-28,5.55,5.69,5.55,5.6,95414
2003-07-29,5.68,5.71,5.58,5.6,70499
2003-07-30,5.19,5.21,5.12,5.19,61580
2003-07-31,4.46,5.3,4.46,5.16,68173
2003-08-01,5.04,5.21,5.04,5.08,40734
2003-08-04,5.01,5.14,5.01,5.08,40269
2003-08-05,5.01,5.15,5.0,5.02,134828
2003-08-06,4.4,5.08,4.4,4.99,44313
2003-08-07,4.9,5.02,4.9,4.99,46601
2003-08-08,5.0,5.07,5.0,5.02,65999
2003-08-11,5.1,5.29,5.0,5.07,83723
2003-08-12,4.6,5.19,4.6,5.08,44496
2003-08-13,5.0,5.2,5.0,5.19,41328
2003-08-14,5.0,5.29,5.0,5.17,104180
2003-08-18,5.2,5.7,5.2,5.58,227674
2003-08-19,5.3,5.88,5.3,5.53,200789
2003-08-20,4.8,6.5,4.8,6.39,643673
2003-08-21,6.25,6.83,6.25,6.32,391627
2003-08-22,5.6,6.5,5.6,6.06,129499
2003-08-25,6.0,6.37,5.53,5.79,270286
2003-08-26,5.5,6.16,5.5,6.09,178492
2003-08-27,5.44,6.45,5.44,6.2,168248
2003-08-28,5.4,6.45,5.4,6.22,68476
2003-08-29,5.56,6.33,5.56,6.11,140889
2003-09-01,5.82,6.3,5.82,6.21,169480
2003-09-02,6.32,6.48,6.22,6.3,176314
2003-09-03,6.3,6.7,6.2,6.27,354623
2003-09-04,6.0,6.45,6.0,6.27,150991
2003-09-05,5.4,6.99,5.4,6.93,517081
2003-09-08,7.17,7.17,6.9,7.08,525004
2003-09-09,7.0,7.15,6.52,6.62,238725
2003-09-10,6.6,6.62,6.33,6.48,116536
2003-09-11,5.6,6.78,5.6,6.53,100348
2003-09-12,6.21,6.79,6.21,6.46,88937
2003-09-15,6.41,6.43,6.12,6.16,134541
2003-09-16,5.65,6.39,5.65,6.33,66500
2003-09-17,6.03,6.4,6.03,6.18,75085
2003-09-18,6.0,6.17,5.95,5.99,54078
2003-09-19,5.2,6.13,5.2,5.97,44900
2003-09-22,5.6,6.11,5.6,5.95,17446
2003-09-23,5.6,5.98,5.6,5.9,23021
2003-09-24,5.4,5.99,5.4,5.81,48062
2003-09-25,5.2,5.99,5.2,5.88,33529
2003-09-26,5.53,5.98,5.53,5.91,49660
2003-09-29,5.2,6.08,5.2,6.01,38058
2003-09-30,6.0,6.1,5.7,6.05,45413
2003-10-01,5.8,6.1,5.8,5.9,55051
2003-10-03,5.2,6.12,5.2,6.05,63914
2003-10-06,5.2,6.3,5.2,6.24,117294
2003-10-07,6.43,6.44,6.22,6.4,137352
2003-10-08,6.05,6.55,6.05,6.41,112765
2003-10-09,6.21,6.98,6.21,6.84,204189
2003-10-10,6.6,7.07,6.6,6.78,112514
2003-10-13,6.44,6.9,6.44,6.77,101472
2003-10-14,5.8,7.0,5.8,6.55,88220
2003-10-15,6.45,6.71,6.42,6.63,51099
2003-10-16,6.42,6.98,6.42,6.56,58342
2003-10-17,6.42,6.74,6.42,6.55,55610
2003-10-20,6.5,6.66,6.32,6.39,52787
2003-10-21,6.02,6.36,6.02,6.22,33491
2003-10-22,6.02,6.72,6.02,6.31,26489
2003-10-23,6.02,6.3,6.02,6.11,34580
2003-10-24,6.1,6.26,6.02,6.21,20503
2003-10-25,6.2,6.45,6.15,6.29,24802
2003-10-27,6.2,6.3,6.18,6.21,24631
2003-10-28,6.02,6.29,6.02,6.12,13929
2003-10-29,5.6,6.19,5.6,5.99,31803
2003-10-30,5.4,6.1,5.4,6.01,24821
2003-10-31,5.91,6.3,5.91,6.15,52583
2003-11-03,6.02,6.48,6.02,6.42,160382
2003-11-04,5.98,6.6,5.98,6.58,126611
2003-11-05,6.6,7.19,6.47,6.81,353340
2003-11-06,6.6,7.5,6.6,7.42,324783
2003-11-07,7.6,8.82,7.5,8.51,986342
2003-11-10,8.6,9.0,8.4,8.95,280008
2003-11-11,9.18,9.2,8.34,8.49,391742
2003-11-12,8.42,8.8,8.12,8.23,296226
2003-11-13,8.4,8.5,7.92,7.99,178707
2003-11-14,6.5,8.15,6.5,7.69,83599
2003-11-15,7.63,8.8,7.63,8.73,178746
2003-11-17,8.33,9.2,8.33,9.11,597955
2003-11-18,9.2,9.23,8.75,8.82,328336
2003-11-19,8.8,9.18,8.65,8.73,274026
2003-11-20,8.64,8.99,8.2,8.3,167791
2003-11-21,7.8,8.59,7.8,8.42,158326
2003-11-24,8.6,9.72,8.57,9.51,730764
2003-11-25,9.68,9.84,9.22,9.39,418448
2003-11-27,8.8,9.93,8.8,9.59,360264
2003-11-28,9.62,9.88,9.17,9.28,216661
2003-12-01,9.28,9.8,9.28,9.64,296018
2003-12-02,9.32,9.7,9.26,9.43,170362
2003-12-03,9.23,10.38,9.23,10.2,788261
2003-12-04,10.25,10.4,9.65,9.85,250449
2003-12-05,8.8,10.26,8.8,9.41,159073
2003-12-08,9.2,9.99,9.2,9.72,147361
2003-12-09,9.96,10.13,9.71,9.79,136769
2003-12-10,9.0,9.97,9.0,9.66,182343
2003-12-11,8.8,9.86,8.3,9.4,162970
2003-12-12,8.44,9.48,8.44,9.38,130696
2003-12-15,8.6,9.92,8.6,9.43,96238
2003-12-16,8.8,9.57,8.8,9.19,125578
2003-12-17,8.6,9.33,8.6,9.12,93099
2003-12-18,8.8,9.79,8.8,9.55,180971
2003-12-19,9.5,9.98,9.47,9.56,178316
2003-12-22,8.84,9.67,8.84,9.46,154114
2003-12-23,8.84,9.78,8.84,9.33,210094
2003-12-24,9.4,9.46,9.3,9.34,100649
2003-12-26,9.34,9.7,9.31,9.56,122961
2003-12-29,9.76,11.48,9.6,11.45,1360554
2003-12-30,11.78,11.98,10.3,10.5,841495
2003-12-31,10.52,12.34,9.98,11.49,1622805
2004-01-01,11.5,11.7,11.1,11.3,437084
2004-01-02,10.4,12.08,10.4,11.86,568289
2004-01-05,11.65,12.84,11.65,11.76,806250
2004-01-06,11.8,12.0,11.0,11.13,280220
2004-01-07,10.2,11.37,10.2,10.91,221325
2004-01-08,10.0,11.55,10.0,11.23,209814
2004-01-09,10.2,11.69,10.2,10.72,172908
2004-01-12,9.8,10.99,9.8,10.32,144978
2004-01-13,9.4,10.59,9.4,10.07,149855
2004-01-14,9.2,10.78,9.2,10.34,215107
2004-01-15,9.61,11.33,9.61,11.09,619486
2004-01-16,9.8,11.12,9.8,10.41,256415
2004-01-19,9.6,11.88,9.6,11.52,593220
2004-01-20,11.22,11.79,10.54,10.7,316806
2004-01-21,9.6,10.87,8.7,9.24,247879
2004-01-22,7.8,10.4,7.8,9.23,324672
2004-01-23,8.2,10.1,8.2,10.04,213169
2004-01-27,10.0,10.48,9.71,10.34,238542
2004-01-28,9.4,10.58,9.4,10.06,154455
2004-01-29,9.2,10.12,9.2,9.59,156008
2004-01-30,8.8,9.74,8.8,9.1,213807
2004-02-03,9.13,9.13,7.9,8.15,126187
2004-02-04,7.0,8.6,7.0,8.34,166830
2004-02-05,7.4,8.65,7.4,8.31,104553
2004-02-06,7.4,8.55,7.4,8.08,149451
2004-02-09,8.2,8.69,8.2,8.43,132947
2004-02-10,8.45,8.6,8.25,8.33,93874
2004-02-11,8.4,8.42,8.1,8.28,70411
2004-02-12,8.3,8.49,8.22,8.36,57928
2004-02-13,8.14,8.8,8.14,8.63,140641
2004-02-16,8.39,8.85,8.39,8.68,74846
2004-02-17,8.9,8.9,8.5,8.53,48624
2004-02-18,8.56,8.56,8.4,8.43,59640
2004-02-19,8.4,8.5,7.9,7.99,73913
2004-02-20,7.98,8.11,7.72,7.81,174293
2004-02-23,7.8,8.02,7.56,7.61,43133
2004-02-24,7.6,7.8,7.4,7.57,33156
2004-02-25,7.6,7.6,7.28,7.32,37587
2004-02-26,7.8,7.8,7.3,7.34,74249
2004-02-27,7.5,7.54,7.1,7.33,74968
2004-03-01,7.3,7.45,7.3,7.37,88181
2004-03-03,7.4,7.55,7.35,7.44,54563
2004-03-04,7.57,7.58,7.27,7.33,35535
2004-03-05,7.3,7.34,7.2,7.25,41130
2004-03-08,7.13,7.42,7.13,7.23,73987
2004-03-09,7.24,7.27,7.07,7.13,84547
2004-03-10,7.05,7.24,7.05,7.1,34934
2004-03-11,7.0,7.16,6.74,6.89,52415
2004-03-12,6.85,6.89,6.63,6.79,122882
2004-03-15,6.81,6.93,6.61,6.66,66024
2004-03-16,6.46,6.65,6.4,6.45,66406
2004-03-17,6.55,6.66,6.45,6.56,36578
2004-03-18,6.45,6.6,6.4,6.43,57061
2004-03-19,6.49,7.3,6.2,6.38,100800
2004-03-22,6.4,6.4,6.03,6.1,99976
2004-03-23,6.0,6.68,6.0,6.4,84147
2004-03-24,6.4,6.4,6.24,6.27,138573
2004-03-25,6.41,6.6,6.3,6.53,45575
2004-03-26,6.54,6.76,6.44,6.68,76262
2004-03-29,6.8,7.16,6.7,6.92,74531
2004-03-30,6.9,7.4,6.9,7.05,107669
2004-03-31,6.85,7.3,6.85,6.95,70042
2004-04-01,7.05,7.64,7.05,7.53,79876
2004-04-02,7.6,7.65,7.25,7.5,83999
2004-04-05,7.6,7.7,7.45,7.5,78477
2004-04-06,7.42,7.54,7.24,7.32,66660
2004-04-07,7.4,7.58,7.23,7.37,70552
2004-04-08,7.59,7.6,7.33,7.38,45526
2004-04-12,6.4,7.48,6.4,7.38,58298
2004-04-13,7.52,7.54,7.31,7.46,55382
2004-04-15,7.4,7.8,7.4,7.61,51172
2004-04-16,7.45,7.99,7.45,7.78,92867
2004-04-17,8.78,8.78,7.92,8.33,76081
2004-04-19,8.5,8.5,7.8,7.87,85334
2004-04-20,7.81,7.9,7.62,7.7,33184
2004-04-21,7.62,8.0,7.62,7.9,48737
2004-04-22,8.0,8.3,7.94,8.02,77000
2004-04-23,8.1,8.29,7.63,7.77,71124
2004-04-27,6.6,7.5,6.6,7.28,69827
2004-04-28,6.9,7.4,6.9,7.37,48742
2004-04-29,7.42,7.45,7.2,7.35,46653
2004-04-30,7.4,8.05,7.4,7.7,92626
2004-05-03,7.83,7.83,7.25,7.41,31131
2004-05-04,7.5,7.88,7.5,7.74,40420
2004-05-05,7.68,7.84,7.65,7.78,43324
2004-05-06,8.1,8.94,7.87,8.75,339350
2004-05-07,8.6,9.85,8.5,8.96,721547
2004-05-10,9.02,9.05,8.62,8.77,114399
2004-05-11,8.5,8.75,7.72,7.81,111777
2004-05-12,7.8,8.38,7.8,8.16,139010
2004-05-13,7.61,8.5,7.61,8.18,155401
2004-05-14,8.24,8.3,7.06,7.32,184921
2004-05-17,7.0,7.0,5.86,6.4,147326
2004-05-18,6.9,7.48,6.65,7.35,90604
2004-05-19,7.92,8.0,7.2,7.7,109437
2004-05-20,7.11,7.7,7.11,7.4,64820
2004-05-21,7.22,7.78,7.22,7.67,63486
2004-05-24,7.9,8.3,7.9,8.23,164907
2004-05-25,8.4,8.4,8.0,8.1,104525
2004-05-26,8.39,8.4,8.0,8.05,100419
2004-05-27,8.17,8.32,7.91,7.98,61772
2004-05-28,7.7,7.99,7.58,7.62,75770
2004-05-31,7.33,7.89,7.3,7.64,102631
2004-06-01,7.9,7.9,7.4,7.41,94663
2004-06-02,7.1,7.77,7.1,7.62,133189
2004-06-03,7.7,7.77,7.36,7.4,56915
2004-06-04,7.28,7.53,7.24,7.41,46458
2004-06-07,7.51,7.59,7.3,7.34,47492
2004-06-08,7.35,7.47,7.18,7.28,38948
2004-06-09,7.3,7.52,7.3,7.43,51753
2004-06-10,7.57,7.57,7.38,7.41,52585
2004-06-11,7.5,7.5,7.28,7.35,41487
2004-06-14,7.36,7.44,7.02,7.13,65410
2004-06-15,7.3,7.31,7.16,7.25,18286
2004-06-16,7.26,7.32,7.18,7.21,19276
2004-06-17,7.5,7.5,7.2,7.26,20736
2004-06-18,7.2,7.37,7.2,7.3,21092
2004-06-21,7.12,7.38,7.0,7.13,15513
2004-06-22,7.11,7.13,7.03,7.03,14712
2004-06-23,7.01,7.09,6.94,7.01,24135
2004-06-24,6.62,7.24,6.62,7.2,20982
2004-06-25,7.21,7.46,7.2,7.41,44717
2004-06-28,7.45,7.63,7.32,7.57,58153
2004-06-29,7.42,7.98,7.42,7.89,88597
2004-06-30,7.71,7.95,7.62,7.66,55430
2004-07-01,7.64,7.85,7.64,7.78,28260
2004-07-02,7.69,7.89,7.65,7.73,15707
2004-07-05,7.86,7.86,7.56,7.6,25215
2004-07-06,7.63,7.8,7.6,7.76,27431
2004-07-07,7.67,7.84,7.66,7.71,28447
2004-07-08,8.16,8.16,7.36,7.38,69978
2004-07-09,7.6,7.8,7.02,7.76,54949
2004-07-12,7.86,8.46,7.75,8.14,182862
2004-07-13,8.19,8.3,7.8,7.98,108767
2004-07-14,8.0,8.06,7.86,7.95,32639
2004-07-15,8.02,8.23,7.95,8.05,80229
2004-07-16,8.19,8.38,8.02,8.2,113854
2004-07-19,8.37,8.64,8.2,8.38,171699
2004-07-20,8.38,8.56,8.22,8.23,84187
2004-07-21,8.37,8.48,8.2,8.36,100956
2004-07-22,8.42,8.53,8.3,8.36,138617
2004-07-23,8.3,8.35,8.11,8.21,87730
2004-07-26,7.85,8.4,7.82,8.23,73486
2004-07-27,8.18,8.44,8.02,8.06,55176
2004-07-28,8.19,8.36,8.08,8.3,93585
2004-07-29,8.37,8.38,8.23,8.3,98365
2004-07-30,7.95,7.95,7.6,7.63,126980
2004-08-02,7.74,7.85,7.66,7.7,65599
2004-08-03,7.68,7.78,7.6,7.6,36723
2004-08-04,7.53,7.76,7.53,7.66,37365
2004-08-05,7.69,7.75,7.6,7.65,41610
2004-08-06,7.7,8.15,7.66,7.89,216943
2004-08-09,7.9,7.98,7.68,7.72,108023
2004-08-10,7.9,7.94,7.72,7.82,53783
2004-08-11,7.82,7.82,7.61,7.64,71963
2004-08-12,7.64,7.7,7.5,7.55,79542
2004-08-13,7.76,7.8,7.45,7.7,100457
2004-08-16,7.72,7.9,7.6,7.81,94035
2004-08-17,7.94,7.94,7.72,7.8,39453
2004-08-18,8.2,8.2,7.69,7.81,77660
2004-08-19,7.8,7.97,7.72,7.79,54344
2004-08-20,7.89,7.89,7.7,7.77,48063
2004-08-23,7.85,7.89,7.64,7.71,41147
2004-08-24,7.81,7.85,7.7,7.8,53935
2004-08-25,6.4,8.64,6.4,8.5,454945
2004-08-26,8.5,9.2,8.5,9.15,702812
2004-08-27,9.1,9.33,8.8,9.2,335815
2004-08-30,9.3,9.33,9.02,9.19,146818
2004-08-31,9.31,9.98,7.42,9.72,1035869
2004-09-01,9.81,10.19,9.75,9.87,570527
2004-09-02,10.58,10.58,9.1,9.28,236567
2004-09-03,9.38,9.48,9.14,9.25,118706
2004-09-06,9.39,9.52,9.27,9.36,176617
2004-09-07,9.42,9.68,9.26,9.48,207919
2004-09-08,9.52,9.92,9.5,9.69,310548
2004-09-09,9.76,9.78,9.45,9.61,281133
2004-09-10,9.78,10.2,9.64,9.75,433334
2004-09-13,9.99,9.99,9.35,9.43,135881
2004-09-14,9.55,9.55,9.23,9.27,82931
2004-09-15,9.37,9.59,9.1,9.42,208184
2004-09-16,9.39,9.64,9.26,9.53,262346
2004-09-17,9.53,9.53,9.2,9.25,86031
2004-09-20,9.6,9.98,9.02,9.08,333017
2004-09-21,9.25,9.3,8.92,9.26,551784
2004-09-22,9.38,9.5,9.06,9.47,236488
2004-09-23,9.56,9.56,9.02,9.17,82544
2004-09-24,9.33,9.37,9.15,9.18,85101
2004-09-27,9.47,9.66,9.05,9.16,56422
2004-09-28,9.15,9.3,9.02,9.09,53273
2004-09-29,9.0,9.35,8.97,9.25,63348
2004-09-30,9.45,9.45,9.25,9.3,74094
2004-10-01,9.1,9.35,9.1,9.24,60752
2004-10-04,9.3,9.78,9.3,9.63,331586
2004-10-05,9.68,9.84,9.47,9.74,153642
2004-10-06,9.95,11.14,9.83,10.42,1574864
2004-10-07,10.6,11.26,10.52,11.01,1251928
2004-10-08,11.18,11.26,10.9,10.96,744299
2004-10-09,11.05,11.68,10.81,11.4,818960
2004-10-11,11.48,11.6,11.08,11.15,514423
2004-10-12,11.25,11.3,10.58,10.63,309051
2004-10-14,10.61,10.78,10.21,10.56,302100
2004-10-15,10.66,11.1,10.36,10.66,580753
2004-10-18,10.9,10.9,10.27,10.36,308543
2004-10-19,10.47,10.64,10.22,10.33,195291
2004-10-20,10.42,10.9,10.4,10.62,383593
2004-10-21,10.63,10.67,10.33,10.41,127633
2004-10-25,10.44,10.44,9.7,9.85,192864
2004-10-26,9.98,10.15,9.76,9.96,130181
2004-10-27,10.0,10.49,9.96,10.24,210135
2004-10-28,10.4,10.78,9.99,10.43,527009
2004-10-29,10.44,11.1,10.44,10.69,604167
2004-11-01,10.72,10.75,10.42,10.48,175954
2004-11-02,10.58,10.82,10.5,10.56,290963
2004-11-03,10.68,11.6,10.65,11.24,3101682
2004-11-04,11.4,11.69,11.11,11.36,962407
2004-11-05,10.4,11.47,10.4,11.16,250060
2004-11-08,11.2,11.54,11.1,11.24,352185
2004-11-09,11.19,11.26,10.0,10.67,258337
2004-11-10,10.9,11.91,10.78,11.78,1099191
2004-11-11,11.98,12.42,11.62,11.89,1829229
2004-11-12,12.1,12.28,12.01,12.2,657373
2004-11-16,12.34,12.78,12.1,12.68,1255275
2004-11-17,12.77,12.87,12.42,12.58,667636
2004-11-18,12.64,13.42,12.64,13.27,1541121
2004-11-19,13.34,13.6,12.82,13.05,973159
2004-11-22,13.08,13.75,12.7,13.48,1032575
2004-11-23,13.63,14.18,13.25,13.52,1634196
2004-11-24,14.3,16.23,14.01,16.23,6672449
2004-11-25,16.38,17.22,15.9,16.07,4973284
2004-11-29,16.28,16.8,16.12,16.49,1465942
2004-11-30,16.78,16.78,15.61,15.74,1138217
2004-12-01,15.96,15.96,15.02,15.21,678138
2004-12-02,15.4,15.6,15.08,15.41,515715
2004-12-03,15.62,15.89,15.1,15.2,710749
2004-12-06,15.49,15.76,15.2,15.23,562887
2004-12-07,15.3,15.33,14.72,14.8,386484
2004-12-08,14.85,15.5,14.8,14.87,577713
2004-12-09,14.96,15.22,14.7,14.77,395009
2004-12-10,14.9,15.08,14.5,14.58,376137
2004-12-13,14.64,15.29,14.64,15.0,769086
2004-12-14,15.4,15.8,15.1,15.23,566158
2004-12-15,15.78,16.34,15.6,15.66,1796352
2004-12-16,15.92,15.92,15.2,15.44,547428
2004-12-17,15.62,15.65,15.16,15.25,494846
2004-12-20,15.32,15.52,15.01,15.12,471556
2004-12-21,15.1,15.6,15.04,15.44,605586
2004-12-22,15.74,15.99,15.0,15.11,648365
2004-12-23,15.1,15.59,15.1,15.28,410207
2004-12-24,15.43,15.57,15.12,15.42,430776
2004-12-27,15.42,15.68,14.8,15.0,568132
2004-12-28,15.17,15.28,14.94,15.06,369723
2004-12-29,15.2,15.28,14.7,14.79,317974
2004-12-30,14.8,15.07,14.6,14.77,358943
2004-12-31,14.95,14.95,14.64,14.74,273839
2005-01-03,14.89,16.35,14.8,16.07,1719914
2005-01-04,16.28,16.47,15.88,16.0,868636
2005-01-05,15.8,16.17,14.1,14.7,719956
2005-01-06,14.51,14.95,14.2,14.52,322323
2005-01-07,14.59,14.8,14.46,14.75,242572
2005-01-10,14.7,15.17,14.62,14.9,258490
2005-01-11,16.12,16.12,14.25,14.43,170092
2005-01-12,14.4,14.58,13.05,13.64,272080
2005-01-13,13.93,14.2,13.8,14.09,176759
2005-01-14,14.3,14.39,13.7,13.87,131402
2005-01-17,14.0,14.1,13.3,13.58,116722
2005-01-18,13.84,14.9,13.46,14.43,1439134
2005-01-19,14.57,14.57,13.81,14.01,233652
2005-01-20,13.84,14.08,13.6,14.02,143216
2005-01-24,14.14,14.48,13.6,14.33,228196
2005-01-25,14.0,14.51,14.0,14.4,127708
2005-01-27,14.59,14.9,14.33,14.65,278532
2005-01-28,14.8,15.09,14.71,14.89,348312
2005-01-31,15.08,15.68,14.92,15.59,723066
2005-02-01,15.96,16.3,15.21,16.1,774652
2005-02-02,16.42,16.46,15.66,15.88,670160
2005-02-03,16.1,16.13,15.91,16.0,267075
2005-02-04,16.35,16.4,15.73,15.95,658822
2005-02-07,16.13,16.35,15.9,16.03,497960
2005-02-08,16.16,16.19,15.9,16.03,343314
2005-02-09,16.25,16.28,15.96,16.06,266270
2005-02-10,16.17,18.28,16.07,17.44,2353260
2005-02-11,17.64,17.95,17.02,17.22,912098
2005-02-14,17.24,17.5,16.74,16.86,532416
2005-02-15,16.96,16.96,16.2,16.32,314128
2005-02-16,16.53,16.65,16.0,16.09,631543
2005-02-17,16.2,16.7,16.1,16.57,439211
2005-02-18,16.79,16.79,16.14,16.24,235490
2005-02-21,16.4,16.48,15.9,15.95,290734
2005-02-22,16.02,16.19,15.63,16.01,167358
2005-02-23,16.15,16.53,15.7,16.08,440258
2005-02-24,16.22,16.3,15.86,16.02,203264
2005-02-25,16.18,16.3,15.96,16.02,394426
2005-02-28,16.02,16.72,15.9,16.09,505861
2005-03-01,16.38,17.12,15.95,16.68,854560
2005-03-02,16.76,17.22,16.65,16.71,838649
2005-03-03,16.8,17.26,16.62,16.98,683172
2005-03-04,17.13,17.35,16.7,16.84,427088
2005-03-07,17.03,17.06,16.56,16.67,376130
2005-03-08,16.8,18.36,16.53,18.14,3088714
2005-03-09,18.4,18.95,17.4,17.54,2261693
2005-03-10,17.54,18.22,17.38,17.68,705320
2005-03-11,17.97,17.97,17.4,17.47,406050
2005-03-14,17.45,18.19,17.3,17.43,513456
2005-03-15,17.44,17.72,17.04,17.19,300211
2005-03-16,17.6,18.18,17.19,18.05,664783
2005-03-17,18.1,19.29,18.1,18.33,3230518
2005-03-18,18.4,18.56,17.5,17.87,864244
2005-03-21,17.98,18.05,17.4,17.83,365310
2005-03-22,17.89,17.98,17.12,17.4,498875
2005-03-23,17.39,17.56,16.3,16.79,311942
2005-03-24,16.8,17.0,16.5,16.59,201263
2005-03-28,16.87,17.1,16.65,16.95,235228
2005-03-29,16.9,16.9,16.45,16.68,288712
2005-03-30,15.72,17.4,14.1,17.18,140799
2005-03-31,17.2,18.0,17.2,17.8,345667
2005-04-01,17.98,18.72,17.44,18.48,505750
2005-04-04,18.9,20.0,18.4,19.05,1144698
2005-04-05,19.24,20.17,18.66,19.82,1800968
2005-04-06,20.0,20.86,19.9,20.1,1211417
2005-04-07,20.2,21.53,20.02,21.28,2036572
2005-04-08,21.7,22.05,20.9,21.05,1631353
2005-04-11,21.14,21.25,20.2,21.01,762155
2005-04-12,21.2,21.78,20.8,21.27,598046
2005-04-13,21.4,21.94,21.15,21.22,473808
2005-04-15,21.3,21.3,20.3,20.6,472693
2005-04-18,20.4,20.76,19.9,20.51,397024
2005-04-19,20.7,21.13,20.45,20.52,341759
2005-04-20,20.74,21.3,20.4,20.94,363808
2005-04-21,21.14,21.15,20.3,20.75,524136
2005-04-22,20.9,21.84,20.6,21.5,625551
2005-04-25,21.5,24.95,20.8,23.89,4535836
2005-04-26,24.18,25.98,23.6,25.49,6035045
2005-04-27,25.58,26.96,24.84,25.18,4228704
2005-04-28,25.26,27.96,23.5,27.37,8999025
2005-04-29,27.4,28.29,25.62,25.96,5088107
2005-05-02,27.0,27.84,25.1,27.32,6191343
2005-05-03,27.36,27.72,26.1,26.49,3851367
2005-05-04,26.6,27.56,26.25,27.08,4661218
2005-05-05,27.49,28.6,26.42,26.62,2669891
2005-05-06,26.82,26.93,26.02,26.3,1724745
2005-05-09,26.49,26.89,25.72,26.67,1695035
2005-05-10,27.14,27.14,26.13,26.28,1179011
2005-05-11,26.38,27.37,25.85,26.84,3133182
2005-05-12,26.58,29.52,26.58,29.13,8301453
2005-05-13,28.94,29.8,28.16,28.53,4166957
2005-05-16,28.86,30.76,28.72,30.17,5227672
2005-05-17,30.38,30.87,29.35,29.6,3103440
2005-05-18,29.6,29.94,28.87,29.33,1617962
2005-05-19,29.5,30.68,29.5,29.95,2568277
2005-05-20,30.0,30.68,29.72,30.07,3173531
2005-05-23,30.58,30.58,29.11,29.36,1510193
2005-05-24,29.8,29.8,28.51,28.62,827317
2005-05-25,28.7,28.96,27.8,28.09,1063442
2005-05-26,28.0,28.1,26.84,27.01,914999
2005-05-27,27.38,27.96,27.12,27.26,914540
2005-05-30,27.26,27.74,26.77,27.06,885947
2005-05-31,27.2,27.46,26.93,27.15,669130
2005-06-01,27.2,27.37,26.77,26.88,365140
2005-06-02,26.8,27.15,26.6,26.71,326538
2005-06-03,26.88,26.92,26.13,26.3,467797
2005-06-04,26.48,27.37,26.26,26.95,1299606
2005-06-06,27.18,28.26,27.07,27.82,2559650
2005-06-07,28.13,34.3,28.0,33.63,19098723
2005-06-08,33.6,36.55,33.12,33.58,16889555
2005-06-09,33.7,35.55,33.4,34.49,9044813
2005-06-10,34.65,35.3,33.86,34.27,4138757
2005-06-13,34.4,35.46,34.33,35.1,4158470
2005-06-14,35.3,36.9,34.79,36.52,7817757
2005-06-15,36.6,37.4,36.11,36.31,3847335
2005-06-16,36.74,36.74,34.56,34.68,2823635
2005-06-17,34.8,36.24,34.51,35.36,5723310
2005-06-20,35.8,36.07,34.4,34.56,1510533
2005-06-21,33.95,35.27,33.95,34.48,1532917
2005-06-22,34.48,35.35,34.05,34.45,1740927
2005-06-23,34.6,35.0,34.16,34.61,1064115
2005-06-24,34.58,36.48,34.2,35.72,3669575
2005-06-27,35.6,35.94,34.61,34.84,1447093
2005-06-28,34.37,35.08,32.7,33.11,1029511
2005-06-29,33.32,35.83,33.02,34.81,6775843
2005-06-30,35.12,35.67,33.82,34.13,2529822
2005-07-01,34.35,38.88,34.26,38.19,9530690
2005-07-04,38.8,44.85,38.78,43.56,20980097
2005-07-05,43.54,46.3,42.53,43.34,15724805
2005-07-06,44.0,45.65,43.65,44.83,7207921
2005-07-07,45.2,46.65,43.7,44.26,5454465
2005-07-08,44.8,48.27,44.61,47.86,11760987
2005-07-11,48.4,55.74,48.4,55.1,20722769
2005-07-12,55.86,59.8,53.53,58.31,28572385
2005-07-13,58.4,61.2,55.3,55.92,16836783
2005-07-14,56.6,57.27,53.0,54.41,16333721
2005-07-15,54.8,57.4,53.2,56.78,10768771
2005-07-18,57.6,59.38,56.84,57.62,7293865
2005-07-19,54.85,58.4,54.85,57.22,5528321
2005-07-20,57.45,58.07,56.33,56.64,3708038
2005-07-21,56.0,57.08,53.6,54.23,3799626
2005-07-22,54.2,55.66,53.6,54.58,3099975
2005-07-25,54.6,55.6,51.53,51.98,3412983
2005-07-26,52.4,53.88,51.43,53.09,3975294
2005-07-27,53.4,55.29,53.1,54.23,3863800
2005-07-29,54.8,55.8,51.42,51.98,4031862
2005-08-01,52.44,58.2,52.44,56.91,7834630
2005-08-02,58.32,62.28,58.0,60.97,13255928
2005-08-03,61.2,62.97,60.63,61.23,10916294
2005-08-04,61.23,62.08,59.84,61.05,5514531
2005-08-05,61.1,63.4,60.44,62.02,7911934
2005-08-08,62.2,63.88,59.23,59.76,5360086
2005-08-09,60.02,60.88,57.41,58.51,9490355
2005-08-10,59.6,60.78,58.87,60.49,4408413
2005-08-11,60.96,61.4,59.62,59.93,3070682
2005-08-12,60.2,61.08,59.02,59.55,2861466
2005-08-16,59.56,60.72,59.22,59.83,2266353
2005-08-17,59.8,60.84,59.2,59.88,1977542
2005-08-18,60.3,61.34,58.7,59.15,2692442
2005-08-19,59.2,60.17,58.44,58.74,1464717
2005-08-22,59.2,62.36,59.2,61.74,6458789
2005-08-23,62.48,62.96,59.04,59.48,5524546
2005-08-24,59.6,60.78,57.6,60.33,8134491
2005-08-25,60.6,61.4,58.53,59.08,4855062
2005-08-26,59.63,61.16,59.24,60.56,4017363
2005-08-29,60.66,60.66,58.64,59.6,2105030
2005-08-30,59.94,63.46,59.9,62.79,6084622
2005-08-31,62.8,64.4,62.3,62.61,4537682
2005-09-01,62.98,63.89,62.0,62.65,3252178
2005-09-02,63.28,63.76,62.15,62.93,2093947
2005-09-05,63.2,64.86,62.61,63.32,2892589
2005-09-06,63.97,63.99,62.62,62.92,1488740
2005-09-08,63.8,65.48,63.8,64.02,2862656
2005-09-09,64.22,64.54,62.82,63.3,1568122
2005-09-12,63.4,63.8,62.9,63.15,895888
2005-09-13,63.48,63.48,62.3,62.6,646973
2005-09-14,62.56,63.52,61.04,61.59,1253454
2005-09-15,61.94,62.39,61.52,62.03,750385
2005-09-16,62.2,63.95,61.44,63.64,2597755
2005-09-19,64.2,64.4,63.07,63.52,1301627
2005-09-20,63.58,69.5,63.0,68.98,11914713
2005-09-21,69.2,69.2,63.0,66.65,5909698
2005-09-22,66.0,67.36,58.3,59.89,5667046
2005-09-23,60.0,63.2,57.66,61.2,5423845
2005-09-26,61.88,64.56,60.61,64.15,5278442
2005-09-27,66.0,66.4,63.63,65.28,5222261
2005-09-28,65.28,66.79,64.9,65.8,2929167
2005-09-29,66.0,66.3,63.65,64.32,1718710
2005-09-30,64.8,65.16,61.47,63.53,3147393
2005-10-03,64.28,65.4,63.62,65.06,1495743
2005-10-04,65.16,66.14,65.0,65.34,1112816
2005-10-05,65.54,65.7,64.1,64.69,1804066
2005-10-06,64.34,64.68,60.02,63.05,1123616
2005-10-07,63.38,63.96,61.02,62.28,1745328
2005-10-10,62.92,62.98,61.77,62.03,640163
2005-10-11,62.0,64.5,59.86,64.21,3338668
2005-10-13,64.16,65.1,62.31,62.78,2311465
2005-10-14,62.81,63.14,60.67,61.13,3023063
2005-10-17,59.93,61.6,56.32,57.08,4796098
2005-10-18,57.0,58.48,53.66,54.66,5243830
2005-10-19,53.8,54.03,50.48,51.52,3605289
2005-10-20,52.0,53.5,47.48,48.4,5262376
2005-10-21,48.07,52.07,45.33,51.15,8901471
2005-10-24,51.74,52.29,48.33,48.7,5987218
2005-10-25,49.1,50.93,47.1,49.34,6175244
2005-10-26,49.4,50.8,48.41,50.18,4230508
2005-10-27,49.0,50.74,47.26,47.55,4125288
2005-10-28,47.11,47.4,45.53,46.77,5082739
2005-10-31,47.02,49.96,46.82,49.54,3901804
2005-11-01,50.2,50.48,48.64,49.44,1041190
2005-11-02,49.66,50.78,48.22,50.38,4124775
2005-11-07,50.38,52.7,49.6,52.17,3288620
2005-11-08,52.36,54.0,51.62,52.41,3967033
2005-11-09,52.74,52.9,50.71,51.36,4112032
2005-11-10,51.5,52.36,51.2,52.04,2347731
2005-11-11,52.2,53.45,52.2,52.83,1990766
2005-11-14,52.8,53.96,51.82,52.87,2830793
2005-11-16,53.2,56.3,52.9,56.06,5067609
2005-11-17,56.0,56.96,55.09,55.83,4240272
2005-11-18,56.2,57.4,55.5,55.8,3024870
2005-11-21,56.0,57.06,55.42,55.85,2745547
2005-11-22,56.0,56.37,54.07,54.38,2058152
2005-11-23,54.54,55.46,54.05,55.04,2259023
2005-11-24,55.34,55.83,53.88,54.34,1939393
2005-11-25,54.8,56.6,54.54,56.19,3667109
2005-11-26,56.6,58.77,56.42,58.51,3472022
2005-11-28,58.84,59.96,58.1,58.41,2911711
2005-11-29,58.4,58.8,57.22,57.59,1919674
2005-11-30,57.6,58.95,55.06,55.41,1734655
2005-12-01,55.91,57.62,54.71,57.34,2570413
2005-12-02,57.6,58.99,57.14,57.81,3138660
2005-12-05,58.28,58.37,56.39,56.72,1821358
2005-12-06,56.34,56.8,55.12,55.61,1796027
2005-12-07,55.94,57.0,55.8,56.77,1856398
2005-12-08,56.74,57.08,55.9,56.35,1062945
2005-12-09,56.35,58.74,56.35,57.88,2302271
2005-12-12,58.56,58.88,57.31,57.64,1536977
2005-12-13,57.94,57.98,56.72,57.17,905407
2005-12-14,57.54,58.29,56.2,56.53,1353600
2005-12-15,56.76,56.76,53.31,53.66,1050153
2005-12-16,54.2,54.6,52.62,53.95,1175589
2005-12-19,54.4,56.1,54.0,55.21,1609728
2005-12-20,55.4,55.41,53.23,53.46,743532
2005-12-21,53.68,54.87,53.0,53.44,846136
2005-12-22,53.8,55.6,53.8,55.21,1266973
2005-12-23,55.89,56.88,55.21,55.69,1829245
2005-12-26,56.0,56.74,53.02,53.5,1973857
2005-12-27,53.7,55.94,53.2,55.45,954493
2005-12-28,55.8,57.18,55.2,55.9,2543307
2005-12-29,56.2,56.76,54.8,54.97,1368926
2005-12-30,55.34,56.88,55.2,56.41,1337641
2006-01-02,56.7,58.07,56.4,57.46,1701056
2006-01-03,57.88,58.77,57.54,58.09,1673574
2006-01-04,58.54,58.69,57.37,57.86,764695
2006-01-05,58.54,59.47,57.62,58.56,2523908
2006-01-06,58.9,59.12,57.1,57.97,988552
2006-01-09,58.34,58.9,57.68,58.09,587412
2006-01-10,58.4,58.4,56.44,56.94,630023
2006-01-12,56.34,57.6,55.6,57.24,676825
2006-01-13,57.78,58.09,56.92,57.16,536243
2006-01-16,57.3,57.4,55.6,56.31,512274
2006-01-17,56.01,58.48,56.01,56.78,930228
2006-01-18,56.6,56.98,55.14,56.38,622909
2006-01-19,56.7,58.89,56.7,58.64,1077813
2006-01-20,59.2,60.68,58.43,58.76,1835946
2006-01-23,58.34,58.68,56.61,56.83,719753
2006-01-24,56.9,56.9,54.2,54.48,888794
2006-01-25,54.5,55.0,51.01,52.01,2296448
2006-01-27,53.6,56.0,52.01,55.7,1794470
2006-01-30,56.0,56.2,53.74,54.42,688561
2006-01-31,54.48,55.5,54.22,55.22,450351
2006-02-01,55.6,55.69,52.1,52.63,460098
2006-02-02,53.14,53.48,51.41,52.22,559827
2006-02-03,52.6,54.29,51.78,53.86,1061136
2006-02-06,54.2,55.17,54.0,54.53,596488
2006-02-07,54.74,55.28,53.7,54.08,454700
2006-02-08,54.05,55.09,53.6,54.26,411036
2006-02-10,54.54,55.72,54.54,55.2,690412
2006-02-13,55.54,55.94,54.42,54.79,326615
2006-02-14,54.42,55.09,53.6,53.85,284587
2006-02-15,54.14,54.7,53.0,53.63,246584
2006-02-16,53.94,54.96,53.71,54.04,359838
2006-02-17,54.4,58.53,54.14,55.46,4908926
2006-02-20,55.67,58.14,54.85,57.72,2889654
2006-02-21,58.34,59.94,57.8,58.78,2437662
2006-02-22,58.8,59.02,56.5,57.53,1152972
2006-02-23,57.97,58.6,56.03,56.55,924479
2006-02-24,56.62,57.78,56.6,57.06,676418
2006-02-27,56.84,58.26,56.5,56.68,715259
2006-02-28,56.94,57.0,54.66,55.37,594728
2006-03-01,55.4,56.64,54.98,56.05,479289
2006-03-02,56.54,58.18,55.02,56.6,699210
2006-03-03,56.7,57.91,55.52,56.11,533258
2006-03-06,56.38,56.94,54.93,55.3,887996
2006-03-07,55.48,56.8,55.48,56.6,579383
2006-03-08,56.2,57.48,55.0,55.16,865213
2006-03-09,55.38,55.9,54.02,55.17,683841
2006-03-10,55.6,56.74,55.31,55.51,579884
2006-03-13,56.14,56.5,55.6,55.9,446755
2006-03-14,56.08,56.88,48.0,55.35,444070
2006-03-16,55.78,56.05,54.72,55.12,303588
2006-03-17,55.8,55.8,54.5,54.63,431269
2006-03-20,54.83,55.3,54.0,54.15,236611
2006-03-21,54.52,54.88,53.88,54.06,423918
2006-03-22,54.0,54.0,52.81,53.63,434542
2006-03-23,53.9,54.37,53.6,53.87,466067
2006-03-24,54.24,54.39,53.4,53.72,198580
2006-03-27,53.98,54.8,53.8,54.3,317331
2006-03-28,54.68,54.68,53.4,53.48,170886
2006-03-29,53.96,57.0,53.38,56.61,959393
2006-03-30,57.14,66.98,54.87,65.51,6071482
2006-03-31,66.6,70.38,65.6,66.36,7187474
2006-04-03,66.76,70.79,66.76,70.15,3632301
2006-04-04,71.16,71.4,67.7,69.22,1512926
2006-04-05,69.6,73.16,68.2,72.67,2720074
2006-04-07,73.17,74.54,68.8,70.18,2664356
2006-04-10,70.2,72.2,69.0,70.08,1885035
2006-04-12,70.74,72.54,67.42,68.28,1363476
2006-04-13,67.21,68.36,60.7,65.71,1899852
2006-04-17,66.57,71.3,64.62,70.86,2375413
2006-04-18,71.4,72.6,69.62,70.5,1164055
2006-04-19,71.14,72.4,68.41,69.95,989322
2006-04-20,70.0,71.56,69.8,70.26,640273
2006-04-21,70.54,70.94,67.0,68.5,713997
2006-04-24,67.8,70.1,67.8,68.6,406951
2006-04-25,68.54,69.58,66.2,66.7,456356
2006-04-26,66.96,68.22,66.3,67.4,380367
2006-04-27,67.6,70.38,64.8,65.99,2713489
2006-04-28,63.0,66.78,60.0,66.1,915734
2006-04-29,67.4,67.49,66.3,67.03,325837
2006-05-02,61.11,66.8,61.11,64.96,697117
2006-05-03,65.94,66.36,64.0,64.29,645482
2006-05-04,65.0,65.52,63.8,64.2,510491
2006-05-05,64.0,66.54,63.61,64.65,795335
2006-05-08,65.6,65.6,63.4,63.7,299158
2006-05-09,63.92,64.59,61.4,63.44,671826
2006-05-10,63.96,64.39,62.5,62.91,186836
2006-05-11,63.8,63.8,61.34,61.88,154656
2006-05-12,61.6,63.0,59.13,59.57,675491
2006-05-15,59.4,59.4,50.44,51.35,1935491
2006-05-16,51.8,54.28,46.0,51.05,1305362
2006-05-17,51.94,55.58,51.94,54.93,731309
2006-05-18,54.0,56.8,49.62,50.4,2367835
2006-05-19,52.0,54.54,43.0,44.31,1485821
2006-05-22,46.54,47.12,35.02,38.04,1531713
2006-05-23,39.4,43.28,35.2,42.35,1666003
2006-05-24,42.4,46.36,41.24,41.86,1574913
2006-05-25,41.98,43.5,40.8,42.84,1810657
2006-05-26,44.8,45.89,44.0,44.52,1047933
2006-05-29,45.34,46.2,43.6,45.68,840335
2006-05-30,46.38,47.6,45.0,45.62,1016598
2006-05-31,44.8,45.2,41.6,43.43,809767
2006-06-01,44.34,44.98,40.5,41.55,1015796
2006-06-02,41.0,43.0,38.26,40.9,903393
2006-06-05,41.6,41.8,39.4,39.65,576273
2006-06-06,38.9,42.78,37.36,40.05,2201641
2006-06-07,39.6,41.12,32.61,34.02,2611935
2006-06-08,33.03,33.93,29.14,30.05,1294067
2006-06-09,30.0,34.8,29.8,34.04,1404276
2006-06-12,34.1,34.28,30.82,31.48,937664
2006-06-13,29.4,30.68,27.3,28.03,1194134
2006-06-14,28.4,31.0,28.12,29.25,1933925
2006-06-15,31.0,32.38,30.51,32.09,1350943
2006-06-16,36.0,36.0,31.7,32.79,1601345
2006-06-19,33.2,38.56,32.7,38.08,2936368
2006-06-20,38.4,40.4,35.51,38.07,3103223
2006-06-21,37.6,39.98,37.6,38.61,1407179
2006-06-22,39.2,41.4,39.0,40.37,1537690
2006-06-23,40.4,44.7,39.45,42.9,3361765
2006-06-25,43.36,43.6,41.8,42.56,504846
2006-06-26,42.4,42.53,38.8,39.16,1381811
2006-06-27,39.57,40.8,38.02,39.72,1439541
2006-06-28,38.4,40.2,38.16,39.09,808696
2006-06-29,39.7,40.88,38.8,39.17,1554167
2006-06-30,40.4,41.2,40.2,40.44,1020896
2006-07-03,40.68,40.8,39.6,39.94,412072
2006-07-04,40.34,40.8,39.42,39.68,517269
2006-07-05,39.03,41.18,39.03,40.52,833520
2006-07-06,40.2,41.32,39.82,40.47,881668
2006-07-07,40.1,41.0,38.0,38.41,680193
2006-07-10,38.8,39.96,38.61,39.41,564806
2006-07-11,39.76,40.73,39.09,39.71,794904
2006-07-12,38.6,40.2,38.2,39.89,704361
2006-07-13,40.02,40.34,39.15,39.47,403314
2006-07-14,38.76,39.4,38.26,38.87,286150
2006-07-17,38.8,39.26,36.63,37.04,353814
2006-07-18,37.4,37.78,35.03,35.46,396613
2006-07-19,36.2,36.38,33.6,34.18,497688
2006-07-20,36.2,36.88,34.6,35.13,348801
2006-07-21,34.42,34.6,33.02,33.88,299821
2006-07-24,34.4,34.9,32.46,34.55,421842
2006-07-25,34.82,36.4,34.82,35.61,390917
2006-07-26,37.18,38.96,36.81,38.05,1484997
2006-07-27,38.76,38.94,37.26,38.22,914735
2006-07-28,38.74,38.74,37.32,37.62,414744
2006-07-31,38.4,38.4,37.4,37.6,259107
2006-08-01,37.7,37.89,36.81,37.25,256090
2006-08-02,37.2,40.48,37.1,40.13,1516663
2006-08-03,40.45,40.79,39.05,39.26,783615
2006-08-04,39.74,40.56,39.04,39.59,615326
2006-08-07,40.0,41.36,39.4,40.37,1000308
2006-08-08,41.0,41.3,40.42,40.88,642009
2006-08-09,40.55,42.18,40.34,41.2,1139840
2006-08-10,41.34,48.2,40.8,47.63,5824543
2006-08-11,49.44,49.44,45.91,46.3,4874908
2006-08-14,46.4,48.55,46.4,47.7,2258751
2006-08-16,48.54,49.68,47.65,47.89,1946818
2006-08-17,48.37,48.58,46.34,46.72,1049803
2006-08-18,47.0,47.53,46.22,46.79,739278
2006-08-21,46.8,49.36,46.1,48.85,1674490
2006-08-22,49.34,49.9,47.62,48.01,1591089
2006-08-23,49.23,49.23,46.6,46.97,853861
2006-08-24,46.94,48.4,45.7,48.15,1302156
2006-08-25,48.5,49.56,47.2,48.91,1674444
2006-08-28,49.4,49.48,48.65,49.06,575861
2006-08-29,49.54,50.68,49.09,49.83,1783881
2006-08-30,50.6,50.6,48.45,48.95,1411729
2006-08-31,48.8,49.8,46.8,47.27,1482529
2006-09-01,47.1,48.52,46.51,46.82,2112922
2006-09-04,48.0,48.99,47.17,48.68,1381565
2006-09-05,49.06,49.38,48.4,48.77,1080955
2006-09-06,49.18,49.9,47.88,48.32,1316129
2006-09-07,48.4,49.2,47.72,48.92,1570881
2006-09-08,48.8,52.15,48.8,51.1,3985018
2006-09-11,50.0,51.68,46.04,46.64,2624360
2006-09-12,47.0,47.6,46.0,47.14,1988395
2006-09-13,47.8,48.78,47.0,47.33,2576476
2006-09-14,47.68,48.44,46.5,46.79,1212904
2006-09-15,47.0,48.27,46.1,47.86,1220054
2006-09-18,49.8,49.8,47.4,47.67,1061183
2006-09-19,47.94,47.96,45.2,45.85,570218
2006-09-20,45.0,46.78,44.55,46.32,625592
2006-09-21,47.0,47.2,46.4,46.62,347889
2006-09-22,46.74,46.96,45.68,46.25,379776
2006-09-25,46.6,47.65,46.02,46.67,667505
2006-09-26,47.0,47.18,46.12,46.67,379901
2006-09-27,47.0,47.1,45.65,46.22,470320
2006-09-28,46.7,46.72,45.71,46.17,756121
2006-09-29,46.6,48.38,46.6,47.58,1049732
2006-10-03,48.32,48.52,47.33,47.6,683657
2006-10-04,47.96,47.97,46.24,46.56,427943
2006-10-05,46.9,47.6,46.85,46.94,322359
2006-10-06,47.14,48.36,47.0,47.51,600612
2006-10-09,47.14,48.9,46.85,48.46,683085
2006-10-10,48.94,49.37,47.48,47.79,614534
2006-10-11,48.0,48.8,46.54,46.92,820769
2006-10-12,47.0,47.8,46.54,47.45,376984
2006-10-13,47.9,48.44,47.14,47.42,502141
2006-10-16,48.0,48.28,47.12,47.55,293770
2006-10-17,47.64,47.9,46.51,46.73,588231
2006-10-18,46.94,47.33,46.32,46.45,359573
2006-10-19,46.9,46.98,45.45,46.02,472169
2006-10-20,46.2,46.78,45.94,46.18,247829
2006-10-21,46.34,46.66,46.1,46.38,50563
2006-10-23,46.68,47.39,46.23,47.04,482607
2006-10-26,48.94,49.6,47.2,47.98,1644289
2006-10-27,48.6,48.74,47.72,47.95,875200
2006-10-30,47.6,52.87,47.59,51.88,5567559
2006-10-31,52.02,52.14,48.0,49.0,3107664
2006-11-01,49.5,51.08,49.04,49.85,1341295
2006-11-02,50.0,50.8,49.4,49.88,997520
2006-11-03,49.6,51.65,48.4,50.45,2316409
2006-11-06,50.8,51.74,49.3,49.6,1484263
2006-11-07,49.81,50.0,48.71,48.89,941825
2006-11-08,48.36,49.3,46.53,47.1,1021837
2006-11-09,47.6,47.88,46.22,46.5,588247
2006-11-10,46.94,48.79,46.62,46.98,1005882
2006-11-13,47.34,48.0,46.53,46.71,734827
2006-11-14,47.04,47.48,46.2,46.4,462777
2006-11-15,46.73,47.4,45.8,46.26,977925
2006-11-16,47.0,47.0,45.17,45.62,735474
2006-11-17,46.08,46.98,42.8,43.64,1524787
2006-11-20,44.4,44.4,42.1,43.37,765066
2006-11-21,43.9,44.19,42.2,42.47,985160
2006-11-22,42.26,43.67,41.2,42.0,2134992
2006-11-23,42.4,43.4,42.0,42.35,921545
2006-11-24,42.45,43.39,42.3,42.4,577370
2006-11-27,42.74,44.0,42.59,42.94,1053215
2006-11-28,42.5,43.14,41.62,41.98,526713
2006-11-29,42.42,42.89,41.61,41.76,627482
2006-11-30,42.3,42.73,40.85,41.35,1750671
2006-12-01,42.02,44.29,41.7,43.86,3293850
2006-12-04,44.04,44.98,43.22,43.54,1147749
2006-12-05,44.0,44.38,42.24,42.41,883053
2006-12-06,42.42,42.59,41.4,41.64,753161
2006-12-07,41.65,42.3,41.42,41.72,448204
2006-12-08,41.85,42.0,41.0,41.26,387392
2006-12-11,41.61,41.61,38.01,38.86,563702
2006-12-12,38.74,38.95,33.24,34.42,1023528
2006-12-13,34.96,35.98,33.0,35.77,1089359
2006-12-14,36.26,37.58,36.07,37.14,685250
2006-12-15,37.2,38.48,37.2,37.5,524623
2006-12-18,37.98,37.98,35.6,37.4,572391
2006-12-19,37.36,38.39,36.2,36.71,696853
2006-12-20,37.54,37.54,35.86,36.16,478595
2006-12-21,39.5,39.5,35.42,36.12,406269
2006-12-22,36.4,36.9,36.02,36.59,316011
2006-12-26,36.0,37.38,35.63,36.96,298041
2006-12-27,37.3,37.5,37.1,37.2,280994
2006-12-28,37.54,38.09,36.79,37.46,799828
2006-12-29,37.99,38.08,37.01,37.26,260580
2007-01-02,37.44,39.0,36.72,38.5,829166
2007-01-03,38.8,39.95,38.02,39.2,1454970
2007-01-04,39.4,41.08,39.39,40.28,1458325
2007-01-05,40.8,41.4,39.4,40.12,966836
2007-01-08,40.06,40.47,39.3,39.53,536747
2007-01-09,39.7,40.52,38.63,39.01,573091
2007-01-10,38.88,39.16,37.63,37.82,373972
2007-01-11,38.1,38.97,37.22,38.69,447562
2007-01-12,38.8,40.98,38.8,40.51,934399
2007-01-15,41.0,41.0,39.5,39.77,506363
2007-01-16,39.8,40.19,38.82,38.94,622016
2007-01-17,38.0,39.3,38.0,38.68,431947
2007-01-18,38.0,39.4,38.0,38.26,332841
2007-01-19,38.4,38.7,37.5,38.09,461267
2007-01-22,38.3,38.78,37.8,38.18,330782
2007-01-23,38.36,38.6,37.0,37.38,335470
2007-01-24,37.6,37.96,37.03,37.24,374132
2007-01-25,37.7,39.59,37.16,39.22,1352089
2007-01-29,39.76,39.77,38.56,38.82,886933
2007-01-31,38.9,39.13,37.65,38.2,442395
2007-02-01,38.59,44.4,38.2,40.33,1161421
2007-02-02,40.6,42.3,40.51,41.0,2656620
2007-02-05,41.54,41.96,40.7,40.98,776300
2007-02-06,41.2,41.7,39.85,40.11,780031
2007-02-07,40.1,40.48,38.62,38.82,717382
2007-02-08,39.2,39.2,37.68,37.96,559058
2007-02-09,37.9,38.2,36.6,36.94,653046
2007-02-12,36.76,36.76,32.4,33.04,1333176
2007-02-13,33.0,34.16,31.6,32.29,1562149
2007-02-14,32.8,34.3,31.4,34.0,980930
2007-02-15,33.94,35.94,33.94,35.63,683604
2007-02-19,36.0,36.96,35.45,35.75,422690
2007-02-20,35.6,35.8,34.4,34.61,272380
2007-02-21,35.2,35.2,34.0,34.22,328862
2007-02-22,34.38,35.56,32.62,33.42,1081693
2007-02-23,34.4,34.4,32.02,32.28,677078
2007-02-26,32.4,33.0,31.72,32.56,449250
2007-02-27,32.64,33.16,31.62,32.01,692302
2007-02-28,31.6,31.7,29.06,30.39,715289
2007-03-01,29.01,31.96,29.01,29.86,952173
2007-03-02,30.96,30.96,28.22,28.54,759608
2007-03-05,28.6,28.6,24.92,25.2,1393064
2007-03-06,26.96,26.96,22.04,23.39,4035994
2007-03-07,23.4,24.75,22.9,23.37,2356898
2007-03-08,24.0,24.48,23.34,23.81,2494583
2007-03-09,23.97,24.01,23.0,23.11,1303296
2007-03-12,22.03,23.55,22.03,23.34,458203
2007-03-13,23.0,24.4,23.0,24.18,641614
2007-03-14,23.6,23.69,22.92,23.3,504916
2007-03-15,24.14,24.14,23.34,23.45,474138
2007-03-16,22.83,23.9,22.83,23.25,488926
2007-03-19,23.2,23.8,23.2,23.6,403036
2007-03-20,23.73,24.7,23.63,24.1,742899
2007-03-21,24.12,24.4,24.08,24.22,420379
2007-03-22,23.91,24.98,23.8,24.27,1183689
2007-03-23,24.42,25.97,24.42,25.37,1796547
2007-03-26,24.8,25.96,24.8,25.04,585989
2007-03-28,26.0,26.0,24.16,24.33,589735
2007-03-29,24.0,24.6,23.54,23.73,2012190
2007-03-30,25.66,25.66,23.8,24.25,587032
2007-04-02,23.03,23.84,23.03,23.29,325382
2007-04-03,23.0,23.65,22.86,23.37,324459
2007-04-04,24.0,24.0,23.12,23.24,349748
2007-04-05,23.25,24.22,23.2,23.79,439068
2007-04-09,23.6,28.4,23.6,27.87,4642017
2007-04-10,29.79,31.54,28.41,30.69,7599963
2007-04-11,31.01,31.42,29.66,29.92,2937597
2007-04-12,29.4,30.67,28.8,29.41,2275930
2007-04-13,29.6,30.4,28.44,29.61,1009371
2007-04-16,28.03,31.13,28.03,30.25,1491935
2007-04-17,30.4,30.98,29.82,30.09,1326130
2007-04-18,28.0,30.94,28.0,30.07,886817
2007-04-19,29.6,30.1,29.03,29.56,752179
2007-04-20,29.94,30.32,29.53,29.72,590092
2007-04-23,30.14,30.45,29.26,29.46,673311
2007-04-24,29.68,30.42,29.2,30.1,662081
2007-04-25,30.11,32.78,30.11,32.02,3066409
2007-04-26,32.42,34.2,31.7,32.15,2671848
2007-04-27,32.76,32.76,30.94,31.17,905826
2007-04-30,31.2,31.2,30.41,30.96,443262
2007-05-03,31.74,32.1,31.25,31.61,633216
2007-05-04,31.94,33.33,31.48,32.6,1665580
2007-05-07,33.0,33.76,32.28,32.49,1210467
2007-05-08,32.74,32.95,31.1,31.35,751180
2007-05-09,31.2,31.6,30.7,31.37,593822
2007-05-10,31.0,32.28,31.0,31.22,792926
2007-05-11,31.0,31.3,30.26,31.14,542686
2007-05-14,30.36,31.94,30.36,31.38,335654
2007-05-15,31.0,32.5,31.0,32.07,942993
2007-05-16,31.6,32.5,31.6,32.14,450155
2007-05-17,31.4,33.25,31.4,32.51,969307
2007-05-18,32.4,33.05,32.11,32.39,612455
2007-05-21,32.5,32.82,32.11,32.23,322676
2007-05-22,30.41,34.56,30.41,33.93,1294501
2007-05-23,34.1,35.08,32.62,32.91,2570833
2007-05-24,32.0,33.0,32.0,32.27,558890
2007-05-25,31.6,32.59,31.6,32.46,490104
2007-05-28,32.02,33.6,32.02,32.62,363519
2007-05-29,32.88,32.88,32.42,32.55,243127
2007-05-30,32.34,32.8,31.62,31.81,399454
2007-05-31,31.8,32.36,31.14,31.34,1138044
2007-06-01,31.6,32.5,31.6,31.99,542594
2007-06-04,32.38,33.8,31.61,32.72,1536054
2007-06-05,32.61,33.2,32.4,32.57,353157
2007-06-06,32.41,34.63,32.41,34.15,3022683
2007-06-07,34.4,35.0,33.45,33.93,2520061
2007-06-08,33.6,34.35,33.28,33.45,1290702
2007-06-11,33.8,34.36,33.1,33.26,754082
2007-06-12,33.26,33.47,31.7,32.38,636755
2007-06-13,32.12,32.59,31.72,32.08,468490
2007-06-14,32.3,32.7,32.24,32.37,290310
2007-06-15,32.5,32.99,32.22,32.31,459456
2007-06-18,32.4,32.6,31.74,31.97,272262
2007-06-19,26.2,32.41,26.2,32.31,349709
2007-06-20,32.33,32.98,32.12,32.39,428884
2007-06-21,32.04,32.87,32.04,32.58,325571
2007-06-22,32.58,32.8,32.32,32.51,275772
2007-06-25,32.31,32.58,32.2,32.36,193715
2007-06-26,32.06,32.94,32.06,32.55,412047
2007-06-27,31.68,33.73,31.68,32.96,824573
2007-06-28,33.4,33.8,32.7,33.51,703666
2007-06-29,33.88,34.55,33.4,34.28,1207052
2007-07-02,34.72,35.35,34.4,34.63,899207
2007-07-03,32.81,35.08,32.81,34.38,338387
2007-07-04,32.81,36.54,32.81,35.95,2563678
2007-07-05,36.3,36.34,34.4,35.15,1048194
2007-07-06,33.31,35.48,33.31,35.01,537472
2007-07-09,35.1,35.35,34.79,34.81,313513
2007-07-10,35.0,35.3,34.79,34.83,406566
2007-07-11,34.75,34.9,34.43,34.56,196920
2007-07-12,34.78,35.9,34.7,35.22,494887
2007-07-13,35.4,35.68,34.2,34.42,331213
2007-07-16,33.35,35.68,33.2,34.99,612935
2007-07-17,35.2,35.38,34.2,34.34,453544
2007-07-18,34.5,35.0,32.84,33.25,548388
2007-07-19,32.4,34.36,32.4,33.65,369529
2007-07-20,34.01,34.1,31.38,32.08,624128
2007-07-23,31.76,31.84,30.82,31.4,646777
2007-07-24,31.4,31.77,30.37,30.5,395875
2007-07-25,30.43,30.54,28.66,28.92,608558
2007-07-26,29.0,29.96,28.5,29.24,808412
2007-07-27,28.36,29.09,27.83,28.48,400348
2007-07-30,28.4,29.0,28.2,28.41,212390
2007-07-31,28.44,28.96,28.44,28.86,186247
2007-08-01,28.68,28.68,27.06,27.32,268313
2007-08-02,27.0,28.2,27.0,27.36,276356
2007-08-03,27.22,28.5,27.22,28.28,495858
2007-08-06,27.54,28.0,27.22,27.67,235839
2007-08-07,27.92,28.33,27.5,27.69,171656
2007-08-08,27.69,28.3,27.69,28.06,163566
2007-08-09,28.2,29.45,27.71,27.88,575493
2007-08-10,27.3,27.46,26.0,27.29,258451
2007-08-13,27.68,27.97,27.4,27.63,133038
2007-08-14,27.62,27.88,27.38,27.47,134527
2007-08-16,26.6,27.0,25.9,26.25,225538
2007-08-17,26.4,26.6,24.89,25.54,299777
2007-08-20,26.6,27.0,25.7,25.92,227389
2007-08-21,26.0,26.78,25.16,25.4,610701
2007-08-22,25.6,25.8,24.64,25.2,175701
2007-08-23,26.0,26.0,24.42,24.57,235122
2007-08-24,24.7,25.09,24.6,24.92,123488
2007-08-27,25.18,25.78,25.13,25.61,108845
2007-08-28,25.6,26.0,25.22,25.83,108984
2007-08-29,25.5,27.08,25.1,26.52,366181
2007-08-30,26.98,27.0,26.06,26.27,299898
2007-08-31,26.2,27.02,26.2,26.73,191200
2007-09-03,26.97,28.59,26.72,28.02,831411
2007-09-04,28.34,28.42,27.56,27.69,294018
2007-09-05,28.09,28.19,27.55,27.7,175317
2007-09-06,27.78,28.58,27.5,28.26,490879
2007-09-07,28.56,29.76,27.92,28.9,1077900
2007-09-10,28.05,28.9,28.05,28.51,240316
2007-09-11,28.46,28.86,27.62,28.2,500486
2007-09-12,28.39,30.24,28.02,29.72,1115969
2007-09-13,30.39,31.02,29.51,29.7,2002297
2007-09-14,28.31,30.2,28.31,28.99,433236
2007-09-17,28.9,29.89,28.6,29.13,433785
2007-09-18,29.0,29.64,29.0,29.27,225245
2007-09-19,29.94,30.17,29.41,29.53,391047
2007-09-20,29.4,29.82,29.09,29.21,254788
2007-09-21,29.21,29.44,28.78,28.94,353931
2007-09-24,29.1,29.56,28.66,29.11,513263
2007-09-25,29.2,29.48,28.58,28.7,234071
2007-09-26,29.08,30.38,28.92,29.19,1248259
2007-09-27,29.6,30.06,28.51,28.75,1203117
2007-09-28,29.18,29.36,28.9,29.05,631305
2007-10-01,29.29,30.68,29.13,29.68,923472
2007-10-03,30.0,30.58,28.04,29.24,818499
2007-10-04,29.38,29.5,28.71,29.18,288467
2007-10-05,29.39,29.4,28.61,28.87,246971
2007-10-08,29.19,29.4,27.3,27.55,442760
2007-10-09,27.4,28.0,26.8,27.93,354507
2007-10-10,28.0,28.48,27.6,27.73,258507
2007-10-11,27.94,28.78,27.5,28.36,375450
2007-10-12,28.2,29.17,27.7,27.82,385461
2007-10-15,28.0,28.58,28.0,28.34,239455
2007-10-16,28.4,28.56,27.56,27.65,529929
2007-10-17,27.08,27.28,24.2,27.11,428325
2007-10-18,27.4,28.18,25.8,26.3,531425
2007-10-19,25.6,26.78,25.6,25.76,367378
2007-10-22,25.2,25.99,24.82,25.62,288039
2007-10-23,26.0,26.4,25.8,26.18,720451
2007-10-24,26.88,27.8,26.42,26.86,1061014
2007-10-25,27.2,27.49,25.4,25.62,1670897
2007-10-26,25.94,26.76,25.62,26.36,832453
2007-10-29,26.42,27.08,26.17,26.34,507049
2007-10-30,26.8,28.56,26.63,27.47,1326519
2007-10-31,27.88,28.8,27.6,27.95,1042295
2007-11-01,28.2,28.6,26.51,26.65,623506
2007-11-02,26.2,26.8,25.72,26.46,327502
2007-11-05,26.41,28.68,26.2,27.47,1107753
2007-11-06,27.6,27.89,26.4,26.57,468847
2007-11-07,26.81,27.01,26.21,26.34,256964
2007-11-08,26.21,27.0,25.96,26.71,357165
2007-11-09,26.88,26.9,26.4,26.48,55241
2007-11-12,25.9,26.49,25.7,26.23,184450
2007-11-13,26.48,26.78,26.24,26.34,217441
2007-11-14,27.0,27.0,26.51,26.62,333253
2007-11-15,27.18,27.4,26.8,26.88,478733
2007-11-16,26.94,28.59,26.7,27.96,999282
2007-11-19,28.2,31.28,28.2,30.6,3368914
2007-11-20,30.8,34.38,30.51,32.45,4884680
2007-11-21,32.8,34.58,31.01,31.98,3813509
2007-11-22,32.4,33.0,29.34,30.48,1395193
2007-11-23,31.37,31.38,30.05,30.55,779868
2007-11-26,31.77,31.93,30.66,31.28,792992
2007-11-27,31.2,31.44,30.1,31.06,521113
2007-11-28,31.56,33.18,31.01,31.21,990149
2007-11-29,31.97,32.4,30.4,30.97,1099638
2007-11-30,31.2,32.39,31.1,31.59,1420648
2007-12-03,31.62,32.38,31.62,32.06,557947
2007-12-04,32.06,33.56,32.06,32.63,1016673
2007-12-05,32.63,38.23,32.51,36.81,4992101
2007-12-06,36.8,37.4,34.25,34.49,2169098
2007-12-07,35.98,35.98,33.12,33.6,1221718
2007-12-10,33.8,36.0,33.2,35.69,1503268
2007-12-11,36.03,37.37,35.12,35.53,1963985
2007-12-12,35.08,38.76,34.3,38.28,3924262
2007-12-13,38.6,38.74,36.84,37.1,1671871
2007-12-14,37.8,38.26,37.03,37.3,873946
2007-12-17,37.4,39.89,36.03,36.64,2727714
2007-12-18,37.2,37.49,35.22,36.19,1297994
2007-12-19,37.39,38.1,36.0,36.71,906836
2007-12-20,37.0,38.0,35.3,35.46,447498
2007-12-24,36.56,36.56,35.63,35.9,341493
2007-12-26,36.1,37.57,36.0,36.78,827394
2007-12-27,37.4,37.4,35.42,35.82,817169
2007-12-28,35.6,37.0,35.52,36.77,694116
2007-12-31,37.4,37.5,36.8,36.96,575321
2008-01-01,37.2,38.8,36.99,37.93,1260655
2008-01-02,37.93,38.56,37.0,37.52,615687
2008-01-03,37.8,40.6,37.24,39.85,3187023
2008-01-04,40.32,41.47,39.3,39.67,1701380
2008-01-07,39.5,40.16,38.5,38.88,791274
2008-01-08,37.2,39.0,35.8,36.75,637655
2008-01-09,36.1,39.48,36.1,38.13,1734373
2008-01-10,38.6,38.78,34.46,35.0,643853
2008-01-11,35.6,36.34,33.1,33.96,554328
2008-01-14,34.0,36.07,33.8,35.74,664399
2008-01-15,36.6,36.73,35.43,36.33,600967
2008-01-16,35.4,36.0,33.35,34.75,415292
2008-01-17,35.0,35.78,34.63,34.96,399935
2008-01-18,35.0,35.0,31.8,32.29,446374
2008-01-21,31.6,32.0,22.2,25.01,1033654
2008-01-22,23.6,24.99,17.6,20.21,629424
2008-01-23,24.0,24.2,21.2,23.15,817099
2008-01-24,23.22,23.96,20.78,21.15,923165
2008-01-25,23.95,23.95,21.4,22.96,405125
2008-01-28,22.06,23.6,21.06,23.19,402854
2008-01-29,23.3,24.56,23.1,23.45,445778
2008-01-30,23.58,23.98,22.81,23.09,869318
2008-01-31,23.4,24.4,22.0,23.52,1227345
2008-02-01,23.84,24.33,23.53,24.13,292075
2008-02-04,24.5,25.39,24.5,24.85,363178
2008-02-05,24.9,25.4,24.5,24.97,182311
2008-02-06,24.0,24.78,22.8,24.33,544588
2008-02-07,24.79,25.76,23.83,24.11,530116
2008-02-08,24.36,24.39,22.86,23.56,223449
2008-02-11,23.56,23.76,21.72,22.02,216193
2008-02-12,23.9,24.2,20.8,21.23,183820
2008-02-13,22.19,22.35,20.9,21.36,219821
2008-02-14,22.0,23.2,21.84,22.85,314998
2008-02-15,22.6,23.16,22.03,22.96,182942
2008-02-18,23.18,24.6,23.16,24.26,311740
2008-02-19,24.8,24.8,23.51,23.6,310681
2008-02-20,22.92,23.6,22.82,23.27,144727
2008-02-21,23.96,24.18,23.32,23.66,182809
2008-02-22,23.71,24.38,23.3,23.66,243719
2008-02-25,24.2,24.38,23.41,24.01,317799
2008-02-26,24.18,24.58,24.14,24.23,203202
2008-02-27,24.41,24.76,23.74,24.11,185722
2008-02-28,24.36,24.96,23.5,24.02,735602
2008-02-29,23.88,24.55,23.28,23.74,250888
2008-03-03,23.4,23.5,22.63,22.81,143559
2008-03-04,22.34,23.0,21.78,22.71,515950
2008-03-05,22.6,24.12,22.6,23.32,1659614
2008-03-07,22.54,27.98,22.21,22.42,628577
2008-03-10,21.54,22.4,20.88,21.93,380508
2008-03-11,21.93,23.4,21.6,22.99,478674
2008-03-12,23.8,24.14,22.4,22.69,792196
2008-03-13,22.0,23.88,20.8,20.97,587784
2008-03-14,20.82,21.76,20.82,21.41,238677
2008-03-17,20.9,21.0,19.85,20.08,260671
2008-03-18,19.99,20.3,19.4,19.63,242029
2008-03-19,20.4,20.56,18.91,19.04,182718
2008-03-24,19.3,19.38,18.17,18.43,234507
2008-03-25,18.96,19.56,18.2,19.35,350696
2008-03-26,20.3,20.3,19.2,19.65,274386
2008-03-27,19.95,20.6,18.81,19.91,653369
2008-03-28,19.98,20.94,19.8,20.56,309844
2008-03-31,20.56,21.09,20.01,20.14,241730
2008-04-01,20.5,21.2,19.84,20.33,274010
2008-04-02,20.78,21.09,20.11,20.24,121011
2008-04-03,20.1,20.64,20.1,20.37,83145
2008-04-04,20.44,20.74,19.85,19.99,126493
2008-04-07,20.4,20.58,19.82,20.25,153252
2008-04-08,20.2,21.16,20.2,20.56,212994
2008-04-09,20.6,21.5,20.44,21.19,225166
2008-04-10,21.6,22.6,21.4,21.7,658138
2008-04-11,21.81,22.5,21.31,21.61,241281
2008-04-15,21.78,22.78,21.4,22.34,2182515
2008-04-16,22.98,23.5,22.5,22.99,2678475
2008-04-17,24.0,26.48,23.7,25.8,12075310
2008-04-21,27.0,27.6,25.82,27.38,7737780
2008-04-22,26.8,27.94,26.8,27.34,4313550
2008-04-23,27.58,27.7,26.6,27.13,3543545
2008-04-24,27.54,28.69,26.6,28.14,8721340
2008-04-25,28.58,29.18,27.31,27.8,8363120
2008-04-28,26.82,27.98,24.96,25.33,5639290
2008-04-29,25.56,25.76,24.62,25.46,2379775
2008-04-30,25.78,26.3,25.05,25.32,2266340
2008-05-02,25.62,25.68,24.9,25.21,1292250
2008-05-05,25.24,26.25,25.06,25.63,3611355
2008-05-06,25.63,25.85,24.81,24.98,1013775
2008-05-07,25.16,25.7,24.82,25.1,918995
2008-05-08,24.99,25.19,24.15,24.78,735795
2008-05-09,24.57,25.0,23.6,23.86,832585
2008-05-12,23.4,23.8,22.68,23.55,1028420
2008-05-13,24.1,24.57,23.2,23.42,1201770
2008-05-14,23.4,23.95,23.31,23.75,623335
2008-05-15,24.16,24.2,23.65,23.83,526260
2008-05-16,24.4,24.6,23.74,24.41,1061605
2008-05-20,24.0,25.57,23.01,25.14,1831665
2008-05-21,24.9,26.54,24.62,26.16,3687955
2008-05-22,25.01,26.81,25.01,25.81,3132475
2008-05-23,25.63,26.32,24.55,24.85,1628585
2008-05-26,24.6,24.99,23.61,23.98,992990
2008-05-27,23.21,24.6,23.21,23.77,1181035
2008-05-28,23.33,24.39,23.33,23.85,1364650
2008-05-29,23.7,24.71,23.27,23.57,2869115
2008-05-30,23.6,24.07,23.44,23.56,689195
2008-06-02,23.8,23.93,21.83,22.16,994705
2008-06-03,22.0,23.8,21.34,23.06,1717180
2008-06-04,23.55,24.26,22.27,22.68,3321335
2008-06-05,22.85,23.2,21.7,22.96,1465930
2008-06-06,23.2,23.4,22.4,22.58,864905
2008-06-09,22.0,22.0,20.65,21.5,654890
2008-06-10,21.23,22.29,21.23,21.82,892885
2008-06-11,22.2,22.6,21.7,22.38,795335
2008-06-12,21.6,23.75,21.52,23.34,2199330
2008-06-13,22.88,23.52,22.75,22.91,1093590
2008-06-16,23.37,24.1,22.53,23.37,1989025
2008-06-17,23.4,24.0,23.25,23.54,1342360
2008-06-18,23.79,26.4,23.7,25.96,8794525
2008-06-19,25.0,26.2,24.85,25.1,6356900
2008-06-20,25.2,26.0,24.12,24.6,5825005
2008-06-23,24.4,25.4,24.01,24.64,3692285
2008-06-24,25.12,25.4,24.31,24.42,2133705
2008-06-25,23.66,25.16,23.66,24.97,1705325
2008-06-26,25.58,25.9,24.25,25.01,6849960
2008-06-27,24.0,25.0,23.33,24.07,2383080
2008-06-30,24.28,24.7,23.8,24.0,1801260
2008-07-01,24.36,24.36,22.4,22.85,2223250
2008-07-02,22.8,23.94,22.05,23.71,2214640
2008-07-03,23.2,23.6,22.45,22.81,815625
2008-07-04,22.97,23.6,22.41,23.24,736060
2008-07-07,23.41,24.48,23.2,24.04,1569245
2008-07-08,23.8,25.1,23.43,24.38,3660430
2008-07-09,24.79,25.8,24.5,25.02,1864310
2008-07-10,24.4,25.2,24.4,24.93,598115
2008-07-11,24.82,25.2,24.0,24.63,851705
2008-07-14,24.6,24.86,24.22,24.35,670030
2008-07-15,24.35,24.94,23.81,24.07,1436595
2008-07-16,24.59,24.64,23.44,24.22,961370
2008-07-17,24.67,24.95,24.21,24.75,986190
2008-07-18,24.75,25.68,24.6,25.18,1432160
2008-07-21,25.0,25.49,24.72,25.32,731835
2008-07-22,25.69,25.69,24.92,25.05,517120
2008-07-23,25.6,26.84,25.22,26.21,2231450
2008-07-24,26.47,26.7,25.6,25.82,812220
2008-07-25,25.4,27.12,24.5,25.29,4091915
2008-07-28,25.4,26.24,24.63,25.9,1639865
2008-07-29,25.8,25.84,25.13,25.49,732475
2008-07-30,25.63,26.58,25.6,26.39,1885715
2008-07-31,26.41,26.96,26.15,26.43,3533205
2008-08-01,26.78,27.4,26.2,26.83,2483855
2008-08-04,26.9,28.66,26.52,28.12,3358445
2008-08-05,29.96,30.56,28.85,29.4,9566405
2008-08-06,29.7,30.18,28.2,28.36,6782555
2008-08-07,28.6,28.7,27.8,28.03,1360055
2008-08-08,27.26,28.84,27.26,28.47,1892100
2008-08-11,29.26,29.46,28.3,28.49,1177075
2008-08-12,28.6,28.75,27.95,28.6,1189925
2008-08-13,28.4,28.89,27.6,28.21,538475
2008-08-14,27.69,28.28,27.68,28.12,1207755
2008-08-18,27.7,28.4,27.6,27.97,529720
2008-08-19,27.8,27.92,27.6,27.69,617530
2008-08-20,27.9,28.4,27.52,28.14,673360
2008-08-21,28.0,28.1,27.34,27.51,818180
2008-08-22,27.46,27.78,27.05,27.69,443630
2008-08-25,27.7,28.09,26.62,27.09,356350
2008-08-26,26.81,27.38,26.81,27.26,409645
2008-08-27,27.2,27.5,26.4,26.78,1592395
2008-08-28,26.92,27.16,26.0,26.24,1806735
2008-08-29,26.46,27.0,26.4,26.62,452380
2008-09-01,26.22,26.68,26.22,26.46,204940
2008-09-02,26.52,27.22,26.3,26.9,289415
2008-09-04,26.28,26.84,26.1,26.64,250180
2008-09-05,26.4,26.8,26.21,26.61,244675
2008-09-08,27.2,27.98,26.6,27.66,2731000
2008-09-09,28.0,28.22,26.7,26.92,2088015
2008-09-10,26.9,27.16,26.32,26.51,466205
2008-09-11,26.56,26.76,26.0,26.32,1032065
2008-09-12,26.26,26.4,25.64,25.98,693535
2008-09-15,25.62,25.62,23.85,25.06,1025360
2008-09-16,24.26,24.6,23.7,24.41,1338435
2008-09-17,24.43,24.82,22.82,24.2,1072700
2008-09-18,23.4,23.78,21.9,23.48,1230965
2008-09-19,23.8,24.38,23.42,23.63,874955
2008-09-22,23.7,23.95,23.43,23.61,998775
2008-09-23,23.6,23.7,23.0,23.34,573555
2008-09-24,23.2,23.49,23.05,23.2,348365
2008-09-25,23.28,23.3,22.05,22.46,3305485
2008-09-26,22.6,22.74,22.02,22.46,526460
2008-09-29,22.3,22.7,20.25,21.08,618005
2008-09-30,20.02,22.0,20.0,21.72,661860
2008-10-01,21.62,22.2,21.32,21.82,444030
2008-10-03,22.2,22.2,20.85,21.1,298355
2008-10-06,21.0,21.0,19.2,19.6,1677175
2008-10-07,20.22,21.2,18.87,19.62,763180
2008-10-08,18.47,19.2,17.41,18.79,968890
2008-10-10,17.22,19.55,16.0,18.18,1802415
2008-10-13,18.39,18.93,17.19,18.56,969345
2008-10-14,19.39,19.68,18.03,18.72,481055
2008-10-15,18.34,18.6,17.63,18.26,355190
2008-10-16,17.6,18.4,17.0,18.17,647335
2008-10-17,18.2,18.85,17.15,17.63,2089675
2008-10-20,17.61,18.48,17.41,18.02,469935
2008-10-21,17.83,18.48,17.8,18.27,548985
2008-10-22,17.9,18.39,17.6,17.97,387880
2008-10-23,17.4,18.0,16.4,16.91,1662475
2008-10-24,17.56,17.56,14.82,15.76,1360000
2008-10-27,15.0,15.5,13.3,14.72,1269695
2008-10-28,15.02,15.89,15.02,15.58,371380
2008-10-29,16.19,16.2,14.91,15.4,2235825
2008-10-31,16.0,16.0,14.38,15.18,1387520
2008-11-03,16.4,16.58,15.0,15.45,1372255
2008-11-04,15.54,15.96,15.1,15.72,837685
2008-11-05,16.12,16.35,14.82,14.98,960415
2008-11-06,14.3,14.9,14.0,14.62,585755
2008-11-07,14.42,15.0,14.4,14.79,1519060
2008-11-10,15.0,15.46,14.8,15.35,440925
2008-11-11,15.14,15.2,14.62,14.83,318760
2008-11-12,14.42,14.92,14.42,14.81,186955
2008-11-14,15.15,15.15,14.62,14.81,161380
2008-11-17,14.44,15.4,14.21,14.37,687480
2008-11-18,14.38,14.48,14.01,14.15,335465
2008-11-19,13.86,14.8,13.86,14.18,379015
2008-11-20,13.5,14.18,13.5,14.03,453565
2008-11-21,14.05,14.4,13.84,14.23,211605
2008-11-24,14.23,14.52,13.9,13.95,184285
2008-11-25,14.16,14.36,13.6,13.86,324620
2008-11-26,13.9,14.14,13.72,14.06,216520
2008-11-28,14.6,14.6,13.62,13.8,589185
2008-12-01,14.2,14.4,13.78,13.98,160155
2008-12-02,13.63,14.04,13.53,13.76,191285
2008-12-03,13.84,14.0,13.45,13.58,290730
2008-12-04,13.44,13.96,13.4,13.9,312430
2008-12-05,13.88,14.75,13.73,14.09,446545
2008-12-08,14.59,14.6,13.98,14.02,308215
2008-12-10,14.4,14.4,14.03,14.22,193050
2008-12-11,14.58,14.58,13.76,14.15,600150
2008-12-12,14.2,15.6,13.65,14.9,1385875
2008-12-15,15.3,15.3,14.82,14.96,428975
2008-12-16,14.81,16.4,14.81,16.24,1626200
2008-12-17,16.54,16.78,15.22,15.37,1036910
2008-12-18,15.46,15.77,15.04,15.52,298280
2008-12-19,15.4,16.0,15.03,15.43,561790
2008-12-22,15.64,15.7,15.16,15.21,324690
2008-12-23,14.8,15.27,14.8,15.06,303935
2008-12-24,15.17,15.17,14.2,14.27,1225430
2008-12-26,14.13,15.1,14.1,14.38,847710
2008-12-29,14.4,14.7,14.26,14.46,339520
2008-12-30,14.31,14.8,14.31,14.69,314790
2008-12-31,14.6,14.98,14.6,14.68,370130
2009-01-01,14.63,15.03,14.53,14.79,927150
2009-01-02,14.91,16.1,14.83,15.9,1408815
2009-01-05,16.0,16.2,15.61,15.75,627500
2009-01-06,15.98,16.36,15.36,15.69,942985
2009-01-07,16.0,16.08,14.2,14.61,648790
2009-01-09,14.8,14.8,13.23,13.9,434690
2009-01-12,14.2,14.2,13.26,13.97,567040
2009-01-13,14.38,14.38,13.53,13.64,355950
2009-01-14,13.64,13.9,13.4,13.73,159880
2009-01-15,13.05,13.8,13.05,13.59,193910
2009-01-16,13.58,14.18,13.4,13.87,394645
2009-01-19,14.06,14.12,13.66,13.84,277205
2009-01-20,13.6,13.84,13.4,13.7,483600
2009-01-21,13.5,13.74,13.47,13.54,103970
2009-01-22,13.65,13.87,13.2,13.41,289445
2009-01-23,13.1,13.72,13.1,13.47,438315
2009-01-27,13.51,13.58,13.26,13.42,231040
2009-01-28,13.48,13.6,13.3,13.49,189155
2009-01-29,13.65,13.73,13.1,13.27,620925
2009-01-30,13.32,13.38,12.82,12.98,621490
2009-02-02,13.2,13.56,12.98,13.05,615075
2009-02-03,13.36,13.36,12.45,12.71,546235
2009-02-04,12.62,13.3,12.62,12.98,258455
2009-02-05,12.83,13.05,12.49,12.7,292165
2009-02-06,12.9,13.68,12.71,12.96,1032735
2009-02-09,12.96,13.16,12.57,12.76,639950
2009-02-10,13.0,13.4,12.8,12.97,1024400
2009-02-11,12.7,13.0,12.67,12.89,473445
2009-02-12,12.67,13.88,12.67,13.62,3028555
2009-02-13,13.8,15.08,13.8,14.38,3154715
2009-02-16,14.4,14.64,13.75,13.86,718610
2009-02-17,14.08,14.18,13.4,14.06,989535
2009-02-18,14.19,14.7,13.78,14.45,956465
2009-02-19,14.6,14.98,14.36,14.84,1438675
2009-02-20,14.98,14.98,14.26,14.75,1230730
2009-02-24,14.2,14.86,14.07,14.74,794810
2009-02-25,14.8,16.26,14.61,15.51,2010960
2009-02-26,15.8,15.8,14.41,14.58,2855640
2009-02-27,14.61,15.18,14.46,14.94,1622505
2009-03-02,14.62,15.45,14.6,15.16,2098480
2009-03-03,15.14,15.3,14.47,14.63,925640
2009-03-04,14.66,14.74,14.36,14.67,720990
2009-03-05,14.52,14.89,14.22,14.43,346590
2009-03-06,14.42,14.78,14.19,14.39,583975
2009-03-09,14.2,14.5,14.13,14.4,279370
2009-03-12,14.54,14.64,14.02,14.17,364455
2009-03-13,14.49,14.57,13.8,14.18,592265
2009-03-16,14.0,14.5,14.0,14.19,468930
2009-03-17,14.16,15.09,14.16,14.83,3173840
2009-03-18,15.22,15.55,14.41,14.56,5001055
2009-03-19,14.99,15.07,14.42,14.82,1158000
2009-03-20,14.82,14.95,14.42,14.52,602100
2009-03-23,14.72,15.1,14.54,14.97,1593305
2009-03-24,15.0,15.43,14.8,15.24,2086295
2009-03-25,15.2,16.02,14.9,15.07,3965150
2009-03-26,15.19,15.34,14.7,14.83,1394615
2009-03-27,14.9,15.8,14.8,15.49,1252310
2009-03-30,15.6,16.54,15.2,15.56,3969665
2009-03-31,15.39,15.39,14.72,14.86,1321850
2009-04-01,15.0,15.2,14.82,14.99,930510
2009-04-02,15.19,16.25,15.05,15.64,4350980
2009-04-06,16.14,16.7,15.6,15.87,4519305
2009-04-08,15.6,16.68,15.4,16.35,6248300
2009-04-09,16.66,18.14,16.3,16.84,12147400
2009-04-13,17.0,18.3,17.0,17.73,8752920
2009-04-15,17.5,18.64,17.4,18.33,6703705
2009-04-16,18.46,19.08,16.54,16.75,5361405
2009-04-17,17.36,17.81,16.42,16.69,2736315
2009-04-20,16.9,17.4,16.6,16.83,1691525
2009-04-21,16.76,16.9,16.24,16.38,1270960
2009-04-22,16.4,17.03,15.52,15.72,4180055
2009-04-23,16.09,16.09,15.05,15.64,1356385
2009-04-24,15.79,16.38,15.3,16.05,1847270
2009-04-27,15.05,17.38,15.05,16.47,3562110
2009-04-28,16.23,17.38,16.23,16.48,4292175
2009-04-29,16.21,17.25,16.1,16.98,5072875
2009-05-04,17.9,17.96,17.38,17.47,5246640
2009-05-05,17.6,17.94,17.4,17.55,2122910
2009-05-06,17.72,18.64,17.21,17.46,5383705
2009-05-07,17.4,18.2,17.4,17.91,2324830
2009-05-08,17.8,18.38,17.25,17.77,2829535
2009-05-11,18.06,18.6,17.48,17.97,4014840
2009-05-12,17.43,18.58,17.43,18.31,2594055
2009-05-13,18.4,18.6,17.5,17.61,1569900
2009-05-14,17.38,17.52,17.05,17.35,746705
2009-05-15,17.76,18.16,17.43,17.66,1710625
2009-05-18,20.0,20.0,18.41,19.22,9000
2009-05-19,19.6,21.99,17.3,21.46,6578060
2009-05-20,22.56,24.56,20.43,24.2,4109325
2009-05-21,22.8,26.98,22.8,25.06,4462290
2009-05-22,26.76,26.76,23.2,24.49,2183905
2009-05-25,23.2,25.2,23.2,24.96,1021275
2009-05-26,23.6,26.36,23.6,24.07,2089035
2009-05-27,25.02,25.42,24.7,25.29,1246620
2009-05-28,24.8,25.75,24.16,24.59,1779615
2009-05-29,24.2,25.37,24.2,24.7,874250
2009-06-01,24.3,25.64,24.3,25.48,1070790
2009-06-02,25.52,28.16,25.4,27.65,6219060
2009-06-03,28.4,28.89,27.4,27.75,5195595
2009-06-04,27.2,29.42,27.2,28.65,3360365
2009-06-05,28.71,29.3,27.5,27.67,1605790
2009-06-08,24.87,27.8,24.87,25.7,1085565
2009-06-09,25.69,26.62,24.42,26.4,946400
2009-06-10,25.41,27.2,25.41,25.97,806415
2009-06-11,25.42,26.9,25.3,25.62,717680
2009-06-12,23.13,26.18,23.13,25.12,652815
2009-06-15,26.89,26.89,23.8,24.24,620915
2009-06-16,23.65,24.91,23.65,24.77,591715
2009-06-17,23.9,25.32,23.3,23.53,1642235
2009-06-18,23.8,24.09,21.8,22.14,756165
2009-06-19,20.27,23.36,20.27,22.51,833455
2009-06-22,22.06,24.0,22.06,23.21,1676500
2009-06-23,22.68,23.2,22.01,22.82,571260
2009-06-24,23.0,23.6,22.7,23.33,976290
2009-06-25,20.83,25.18,20.83,22.51,6650375
2009-06-26,20.23,22.92,20.23,22.63,1538355
2009-06-29,22.63,23.56,22.42,22.87,1052970
2009-06-30,23.02,23.36,22.25,22.35,494550
2009-07-01,22.2,22.93,22.1,22.37,397000
2009-07-02,22.48,22.75,22.07,22.2,431810
2009-07-03,22.02,22.09,21.71,21.93,459425
2009-07-06,22.08,22.4,20.22,20.81,651440
2009-07-07,20.81,21.15,20.24,20.68,421705
2009-07-08,20.6,20.6,19.73,19.84,363800
2009-07-09,19.62,20.18,19.6,19.96,274225
2009-07-10,20.0,20.6,19.8,20.05,428470
2009-07-13,20.0,20.2,19.64,19.89,390860
2009-07-14,20.6,20.92,20.0,20.44,314530
2009-07-15,21.12,21.18,20.54,21.04,508315
2009-07-16,21.4,21.9,20.91,21.41,711615
2009-07-17,21.57,21.98,21.42,21.58,415695
2009-07-20,21.98,22.9,21.8,21.95,2638825
2009-07-21,22.59,24.68,22.59,24.34,4735530
2009-07-22,24.6,25.28,23.72,24.4,3599520
2009-07-23,24.87,25.9,24.6,25.78,2402340
2009-07-24,26.24,26.74,25.6,25.99,3776720
2009-07-27,26.4,29.2,26.08,28.89,6340365
2009-07-28,29.6,29.95,28.22,28.86,7302370
2009-07-29,29.16,29.56,26.76,27.57,2451600
2009-07-30,27.68,27.8,26.18,27.5,1386585
2009-07-31,28.19,28.39,27.64,27.82,1106330
2009-08-03,28.58,28.58,27.4,27.91,791970
2009-08-04,28.2,28.38,27.6,27.87,681080
2009-08-05,28.11,28.2,27.51,27.81,331970
2009-08-06,27.81,28.72,27.4,27.73,1371245
2009-08-07,27.54,28.53,26.9,28.16,1575075
2009-08-10,29.2,30.0,28.3,29.2,6168105
2009-08-11,29.58,31.0,29.0,30.84,4723340
2009-08-12,30.8,31.2,29.52,30.6,2063465
2009-08-13,31.48,32.88,31.02,32.31,5631385
2009-08-14,32.58,32.96,31.6,31.98,3119335
2009-08-17,31.02,31.8,29.6,30.09,1107385
2009-08-18,30.0,30.72,29.72,30.31,806435
2009-08-19,30.48,30.94,29.44,29.62,703065
2009-08-20,30.0,30.29,29.06,29.47,1094070
2009-08-21,29.52,31.06,29.06,30.38,1365230
2009-08-24,30.8,30.8,30.23,30.36,487130
2009-08-25,30.0,30.38,29.58,29.8,726945
2009-08-26,30.18,30.5,29.7,30.27,586700
2009-08-27,30.2,31.44,29.91,31.14,1249360
2009-08-28,31.59,32.42,31.11,31.34,1297415
2009-08-31,30.4,31.87,30.14,30.92,606165
2009-09-01,31.34,32.08,30.42,30.68,1125830
2009-09-02,30.5,30.8,30.08,30.27,342080
2009-09-03,30.45,30.67,29.91,30.07,253150
2009-09-04,30.4,31.71,30.1,31.0,2559200
2009-09-07,31.4,32.72,31.01,32.38,1930545
2009-09-08,32.5,32.57,31.3,31.46,669960
2009-09-09,31.78,32.4,31.5,31.72,1080055
2009-09-10,32.96,33.15,30.8,31.26,626660
2009-09-11,31.56,31.7,30.52,30.65,391310
2009-09-14,30.61,31.38,30.1,30.76,314760
2009-09-15,31.19,31.68,30.75,31.28,464680
2009-09-16,31.3,31.74,31.08,31.54,462130
2009-09-17,31.58,32.0,30.82,31.06,455775
2009-09-18,31.0,31.78,31.0,31.27,369110
2009-09-22,31.9,34.5,31.55,33.79,6305460
2009-09-23,34.29,34.76,32.63,32.88,3035015
2009-09-24,32.4,33.9,32.2,33.39,1769705
2009-09-25,33.0,33.77,32.7,32.98,775890
2009-09-29,33.3,34.25,33.1,33.45,915530
2009-09-30,33.69,36.11,33.5,35.74,5748040
2009-10-01,35.6,40.16,34.41,37.64,9518770
2009-10-05,36.72,38.92,36.72,37.05,3897860
2009-10-06,37.4,38.56,36.1,38.03,3163540
2009-10-07,38.42,38.65,37.02,37.21,1740360
2009-10-08,37.58,38.0,36.64,36.82,936870
2009-10-09,37.35,38.0,36.0,36.35,1263845
2009-10-12,36.98,38.9,36.55,38.36,4131970
2009-10-14,38.33,38.49,37.22,37.45,3006415
2009-10-15,37.72,38.45,37.43,37.76,1815640
2009-10-16,37.76,38.07,37.41,37.51,713980
2009-10-17,37.7,38.6,37.62,38.32,767200
2009-10-20,38.7,44.19,38.4,43.82,22761545
2009-10-21,43.6,44.34,40.72,41.13,6904335
2009-10-22,41.0,42.89,39.8,40.43,4429810
2009-10-23,41.37,42.6,41.01,41.45,4403625
2009-10-26,41.9,43.28,40.62,41.8,5525345
2009-10-27,41.2,42.2,39.0,39.27,2704515
2009-10-28,39.19,40.48,37.62,39.44,2390440
2009-10-29,38.4,39.9,37.65,38.02,2279355
2009-10-30,38.82,39.98,36.8,37.18,2289255
2009-11-03,37.2,38.4,34.8,35.5,2657870
2009-11-04,36.4,37.32,35.8,37.06,2617445
2009-11-05,37.6,38.19,37.06,37.95,1579945
2009-11-06,38.2,38.88,37.36,38.24,1905800
2009-11-09,38.6,39.96,37.8,39.69,2460550
2009-11-10,39.94,40.8,38.45,38.96,3272635
2009-11-11,39.0,40.14,38.71,39.8,3198440
2009-11-12,39.0,39.01,37.4,37.73,1754340
2009-11-13,37.06,38.39,35.6,37.4,1180915
2009-11-16,37.6,38.18,37.42,37.58,928105
2009-11-17,37.6,37.62,36.6,36.99,691240
2009-11-18,37.04,37.28,36.2,36.37,1096300
2009-11-19,36.6,37.19,35.62,35.9,1806740
2009-11-20,35.6,36.8,35.54,36.13,1220590
2009-11-23,36.35,36.4,35.43,35.6,781510
2009-11-24,35.76,37.52,35.63,36.87,2402605
2009-11-25,37.14,37.7,36.62,36.83,1582155
2009-11-26,36.23,37.88,36.14,37.12,1361725
2009-11-27,36.0,36.57,35.01,35.88,1113425
2009-11-30,36.39,36.7,36.0,36.42,597355
2009-12-01,36.46,37.59,36.46,37.22,1161930
2009-12-02,39.02,39.02,37.62,37.88,3550320
2009-12-03,38.48,39.58,38.1,38.36,2812540
2009-12-04,38.36,41.36,38.12,39.47,11176620
2009-12-07,39.6,39.72,38.32,38.51,1520010
2009-12-08,39.2,39.54,38.4,39.02,1375710
2009-12-09,38.8,39.2,38.4,38.49,753085
2009-12-10,38.65,40.36,38.6,39.16,2869615
2009-12-11,39.4,39.94,38.25,38.51,1366260
2009-12-14,38.69,38.88,38.21,38.34,579520
2009-12-15,38.44,38.74,37.25,37.48,1091900
2009-12-16,37.7,37.98,36.85,37.34,1305015
2009-12-17,37.12,38.14,37.12,37.73,988645
2009-12-18,37.6,38.79,37.46,38.11,1641510
2009-12-21,37.98,39.5,37.94,38.4,2124275
2009-12-22,38.8,39.2,38.42,38.7,891205
2009-12-23,38.8,40.0,38.8,39.62,2128835
2009-12-24,39.75,40.36,39.17,39.46,1732575
2009-12-29,39.65,40.5,39.26,39.82,1408580
2009-12-30,40.4,41.88,39.58,41.28,5632135
2009-12-31,41.6,42.4,40.6,40.96,2960620
2010-01-04,41.7,42.74,40.96,42.4,2526145
2010-01-05,42.78,44.39,42.61,42.9,5181960
2010-01-06,43.0,43.98,42.44,42.74,1977080
2010-01-07,42.96,43.58,42.32,42.56,1925005
2010-01-08,42.76,43.5,42.5,42.67,1626465
2010-01-11,43.2,43.54,42.7,42.81,1947175
2010-01-12,43.0,43.16,41.02,41.4,1187085
2010-01-13,41.4,42.36,40.67,41.37,1421370
2010-01-14,42.1,42.4,41.45,41.56,775190
2010-01-15,41.7,42.16,41.2,41.38,737380
2010-01-18,41.3,44.16,41.12,43.54,6484345
2010-01-19,43.6,44.99,40.04,40.4,8871635
2010-01-20,40.6,41.0,39.24,40.13,3632465
2010-01-21,39.78,40.68,39.38,40.3,2686805
2010-01-22,36.23,39.9,36.23,39.0,1770875
2010-01-25,39.0,40.0,38.4,38.76,1217020
2010-01-27,38.6,39.16,36.7,37.01,1065965
2010-01-28,37.2,38.67,37.09,37.66,1910730
2010-01-29,37.6,39.0,36.31,38.74,1579555
2010-02-01,38.02,39.33,38.0,38.11,1201335
2010-02-02,38.55,38.91,37.4,37.72,719120
2010-02-03,38.1,38.8,37.91,38.16,782530
2010-02-04,37.62,38.39,36.91,37.12,703150
2010-02-05,36.4,36.99,36.0,36.47,1294530
2010-02-06,36.44,36.89,36.33,36.75,130700
2010-02-08,36.8,37.0,36.3,36.53,407525
2010-02-09,36.8,37.5,36.13,36.81,587825
2010-02-10,37.1,37.56,36.45,36.7,580390
2010-02-11,36.8,37.25,36.61,36.98,277195
2010-02-15,36.05,37.14,34.0,36.7,227720
2010-02-16,36.71,37.18,36.6,36.85,223030
2010-02-17,37.0,37.59,36.81,37.15,631135
2010-02-18,36.91,37.24,36.67,36.77,219370
2010-02-19,36.4,36.89,36.2,36.38,237690
2010-02-22,36.8,36.94,36.1,36.31,233245
2010-02-23,36.48,37.38,36.13,36.45,1726530
2010-02-24,36.13,36.74,35.9,36.14,352195
2010-02-25,36.29,36.47,35.4,35.69,373485
2010-02-26,35.7,36.28,35.36,35.62,944395
2010-03-02,35.81,36.5,35.75,36.15,639950
2010-03-03,36.4,36.84,36.24,36.76,865040
2010-03-04,37.0,38.4,36.6,38.01,1764750
2010-03-05,38.6,39.27,38.3,38.68,1584285
2010-03-08,38.97,39.08,37.82,38.41,636575
2010-03-09,38.42,38.7,37.14,37.35,864965
2010-03-10,37.14,38.39,37.14,37.52,520740
2010-03-11,37.72,38.22,37.14,37.39,517200
2010-03-12,37.6,37.89,37.01,37.17,306325
2010-03-15,37.32,37.32,36.41,36.58,228190
2010-03-16,36.42,36.96,36.2,36.64,446795
2010-03-17,37.8,37.8,36.4,36.58,334265
2010-03-18,36.8,37.2,36.5,36.87,652900
2010-03-19,36.87,37.98,36.71,37.51,2129730
2010-03-22,36.92,37.8,36.41,36.56,829575
2010-03-23,36.94,37.17,36.65,36.94,668520
2010-03-25,36.94,37.54,36.8,37.17,951785
2010-03-26,37.0,37.88,37.0,37.4,1323015
2010-03-29,37.59,38.8,37.2,38.11,2541505
2010-03-30,38.51,39.0,38.51,38.87,1611210
2010-03-31,38.58,40.1,38.58,39.51,2092805
2010-04-01,39.64,40.86,39.64,40.66,2182780
2010-04-05,40.2,41.7,40.2,41.5,1896125
2010-04-06,41.78,42.09,41.02,41.7,2017210
2010-04-07,42.08,42.79,41.71,42.61,2065240
2010-04-08,41.74,41.74,40.03,40.2,1867040
2010-04-09,40.72,41.12,40.1,40.79,1155530
2010-04-12,41.0,41.39,39.7,39.94,758015
2010-04-13,40.4,40.47,39.33,39.49,667740
2010-04-15,39.72,40.3,39.48,39.63,469260
2010-04-16,39.6,40.7,39.2,39.71,702905
2010-04-19,39.0,39.32,38.74,39.13,460275
2010-04-20,39.28,40.2,39.1,39.8,663580
2010-04-21,39.84,44.34,39.84,42.57,6841375
2010-04-22,42.34,43.11,41.61,41.96,1896670
2010-04-23,42.2,42.4,41.32,41.54,634260
2010-04-26,42.17,43.57,41.43,43.09,2104535
2010-04-27,43.0,43.5,42.2,42.6,1008065
2010-04-28,41.4,42.97,41.35,41.7,1421050
2010-04-29,42.0,43.6,42.0,43.32,1502475
2010-04-30,43.2,44.48,43.04,43.36,1609485
2010-05-03,43.0,45.56,42.74,45.1,4612370
2010-05-04,45.5,46.74,43.36,43.76,5468590
2010-05-05,43.0,46.4,42.33,45.83,4143125
2010-05-06,46.0,46.49,44.41,45.2,2081545
2010-05-07,44.05,44.56,42.99,43.28,1639050
2010-05-10,45.0,46.16,43.82,44.63,4788685
2010-05-11,45.0,46.39,44.43,44.59,3996820
2010-05-12,44.9,45.3,44.43,45.08,1122655
2010-05-13,45.4,47.4,45.25,46.85,6612480
2010-05-14,46.8,48.4,46.6,46.93,5961595
2010-05-17,46.0,46.94,45.13,46.53,1980180
2010-05-18,46.6,48.64,46.34,46.75,3770965
2010-05-19,46.54,47.62,45.2,45.46,2005330
2010-05-20,45.8,46.8,44.5,44.87,1365195
2010-05-21,44.0,44.99,43.2,44.44,1698995
2010-05-24,44.86,45.54,43.8,44.17,1073800
2010-05-25,42.62,44.29,42.1,42.6,1363910
2010-05-26,42.96,43.8,42.88,43.3,910095
2010-05-27,43.47,44.34,43.0,44.17,1080195
2010-05-28,44.4,45.83,44.4,44.91,1574090
2010-05-31,45.2,45.4,44.42,44.82,591350
2010-06-01,45.2,45.3,43.5,44.03,581600
2010-06-02,44.2,44.87,44.02,44.23,485970
2010-06-03,44.6,44.89,44.08,44.27,778705
2010-06-04,44.4,45.6,44.2,44.78,892335
2010-06-07,40.05,44.2,40.05,43.77,380080
2010-06-08,43.98,45.35,43.4,44.19,600995
2010-06-09,44.19,45.2,44.19,44.64,409310
2010-06-10,44.1,45.48,44.1,45.16,436450
2010-06-11,45.4,45.6,44.42,44.61,380465
2010-06-14,45.0,45.4,44.8,45.23,434280
2010-06-15,45.24,46.99,45.24,46.48,2088120
2010-06-16,43.42,46.99,43.42,45.62,502550
2010-06-17,44.96,47.89,44.96,46.88,2336520
2010-06-18,47.4,47.73,46.28,46.68,858940
2010-06-21,46.68,47.8,46.68,47.53,953415
2010-06-22,47.4,49.5,47.23,48.87,2915540
2010-06-23,48.56,49.19,47.78,48.56,822920
2010-06-24,48.56,50.26,48.02,48.36,2118080
2010-06-25,46.08,49.15,46.08,47.77,590765
2010-06-28,45.62,49.34,45.62,48.66,649270
2010-06-29,47.06,49.2,46.81,47.22,721680
2010-06-30,46.46,47.7,46.2,47.05,462155
2010-07-01,47.4,47.4,46.38,46.56,482800
2010-07-02,46.32,47.86,46.32,46.65,374385
2010-07-05,46.59,47.4,46.16,46.4,312250
2010-07-06,47.4,47.96,46.31,47.3,403020
2010-07-07,46.82,47.98,46.82,47.78,551575
2010-07-08,48.6,49.6,48.4,48.56,1409020
2010-07-09,48.86,49.14,47.63,47.73,465885
2010-07-12,46.8,48.48,46.8,47.87,404120
2010-07-13,47.81,48.98,47.6,48.75,851755
2010-07-14,49.2,50.14,48.4,49.14,2192165
2010-07-15,47.74,49.7,47.74,49.05,1141150
2010-07-16,49.05,50.85,48.8,50.12,2826015
2010-07-19,48.8,51.48,48.8,51.12,1871090
2010-07-20,51.44,51.98,51.04,51.48,1755610
2010-07-21,51.24,52.39,50.0,50.16,1311450
2010-07-22,50.0,50.7,49.38,49.74,697705
2010-07-23,50.0,50.38,48.0,48.27,1268145
2010-07-26,48.99,48.99,45.64,48.34,2199260
2010-07-27,49.6,51.2,47.82,49.36,645950
2010-07-28,49.2,49.69,48.2,48.36,744475
2010-07-29,48.1,48.8,48.0,48.17,431140
2010-07-30,46.9,48.75,46.8,47.93,466130
2010-08-02,48.5,48.99,48.0,48.3,522945
2010-08-03,48.4,49.2,48.4,48.92,611860
2010-08-04,48.7,49.2,48.7,48.86,464095
2010-08-05,49.0,49.2,48.7,48.88,623415
2010-08-06,48.4,49.92,48.4,49.26,706635
2010-08-09,48.5,50.69,48.5,50.39,1037310
2010-08-10,50.47,50.47,49.55,50.08,523390
2010-08-11,50.08,51.2,50.0,50.24,649705
2010-08-12,50.0,51.32,50.0,50.85,640700
2010-08-13,51.1,52.32,50.8,52.04,1588700
2010-08-16,52.39,53.46,51.64,51.87,819630
2010-08-17,52.39,53.24,52.2,52.94,642770
2010-08-18,53.8,54.8,53.2,54.66,1453995
2010-08-19,54.8,56.32,54.27,56.01,1294940
2010-08-20,55.4,55.88,54.84,55.53,414565
2010-08-23,55.6,56.06,53.45,53.73,499335
2010-08-24,54.25,59.8,53.6,56.45,4767965
2010-08-25,56.88,58.32,56.02,57.03,2320520
2010-08-26,57.42,57.98,56.42,56.86,732665
2010-08-27,56.4,57.18,53.8,54.21,694770
2010-08-30,55.1,56.0,53.6,53.85,639750
2010-08-31,54.6,54.6,51.6,52.84,807190
2010-09-01,53.36,56.74,53.12,56.32,1516265
2010-09-02,56.41,58.74,56.41,57.37,2014675
2010-09-03,57.74,57.74,56.12,56.98,513885
2010-09-06,57.12,59.14,56.8,58.65,1049645
2010-09-07,58.8,58.8,57.01,57.26,407085
2010-09-08,56.9,58.5,55.86,56.65,864765
2010-09-09,57.58,57.98,56.43,57.05,374525
2010-09-13,57.22,57.74,56.0,56.64,573070
2010-09-14,56.6,58.48,56.6,57.15,1129385
2010-09-15,56.64,57.58,54.8,56.52,712630
2010-09-16,56.52,57.0,55.44,55.86,472230
2010-09-17,55.86,57.0,55.62,55.97,831680
2010-09-20,56.6,57.67,56.0,57.11,1021180
2010-09-21,57.4,58.34,55.0,55.69,1377900
2010-09-22,56.16,56.78,53.8,54.21,944250
2010-09-23,54.76,55.2,53.5,53.83,997335
2010-09-24,54.0,55.2,53.6,54.68,1504185
2010-09-27,55.0,58.94,54.56,58.07,3072965
2010-09-28,58.6,59.01,57.2,58.18,1387440
2010-09-29,58.2,58.75,55.96,56.22,736685
2010-09-30,56.3,58.4,55.27,57.78,700525
2010-10-01,58.4,60.57,58.04,59.45,3040000
2010-10-04,60.0,60.6,59.4,60.22,876420
2010-10-05,60.42,63.84,59.62,62.61,2295510
2010-10-06,63.48,67.8,62.84,66.23,4221625
2010-10-07,66.88,68.96,65.09,67.5,2195815
2010-10-08,67.8,70.34,67.0,67.81,2539425
2010-10-11,68.54,69.78,67.6,68.09,1583115
2010-10-12,68.54,73.69,67.46,72.78,4165105
2010-10-13,73.2,76.3,73.2,74.75,4874105
2010-10-14,74.8,75.78,72.52,73.25,2394330
2010-10-15,73.58,74.68,71.27,71.79,1525435
2010-10-18,72.2,72.89,69.6,70.22,961780
2010-10-19,71.78,75.38,70.1,74.13,3043305
2010-10-20,74.0,74.2,70.41,71.12,1138650
2010-10-21,72.2,75.13,71.2,74.46,1510365
2010-10-22,75.18,77.58,74.77,76.5,2264240
2010-10-25,77.2,80.12,76.0,79.55,3001755
2010-10-26,80.0,81.29,77.2,80.33,4321705
2010-10-27,79.96,83.29,79.96,82.83,3805240
2010-10-28,83.4,83.5,80.1,80.64,1244450
2010-10-29,80.0,81.2,78.5,80.49,1473900
2010-11-01,81.8,84.78,81.4,83.5,2232735
2010-11-02,82.6,85.17,81.41,84.43,1710770
2010-11-03,85.5,87.79,84.25,85.6,1621320
2010-11-04,86.4,86.54,84.2,85.71,928365
2010-11-05,87.02,87.02,83.2,84.69,260595
2010-11-08,85.54,86.9,83.98,86.45,1187675
2010-11-09,86.45,88.8,85.0,87.06,997700
2010-11-10,87.6,87.86,85.06,85.43,551715
2010-11-11,85.4,86.7,82.24,83.68,787320
2010-11-12,83.97,84.49,77.48,78.25,1023155
2010-11-15,79.0,81.21,75.8,77.24,1901060
2010-11-16,77.4,78.0,72.24,73.21,1024830
2010-11-18,73.31,75.23,70.2,73.61,1195230
2010-11-19,72.99,75.4,72.0,72.52,605690
2010-11-22,72.89,73.96,71.0,72.86,568335
2010-11-23,72.0,74.8,69.46,73.42,906640
2010-11-24,74.0,75.98,71.8,72.79,1715880
2010-11-25,72.8,73.99,70.41,70.79,412435
2010-11-26,71.01,71.56,64.01,66.16,1019325
2010-11-29,67.16,68.74,65.0,65.6,816890
2010-11-30,65.4,67.0,64.82,65.25,861355
2010-12-01,65.58,69.54,65.58,68.94,941310
2010-12-02,69.58,72.98,69.58,72.43,1307055
2010-12-03,73.1,73.75,70.52,72.11,889160
2010-12-06,72.49,75.54,71.22,73.5,2056350
2010-12-07,73.98,74.6,61.6,67.26,4496740
2010-12-08,67.33,67.93,62.0,63.3,2178540
2010-12-09,64.95,64.95,57.56,58.35,2272465
2010-12-10,58.0,63.38,56.3,61.7,2225450
2010-12-13,62.94,67.56,61.8,66.52,1991415
2010-12-14,66.6,68.78,66.05,67.78,987305
2010-12-15,68.49,68.49,63.81,65.05,829925
2010-12-16,65.78,66.4,63.64,65.72,424525
2010-12-20,65.6,68.4,63.2,67.51,888410
2010-12-21,68.46,68.94,66.4,67.17,616565
2010-12-22,67.4,71.0,67.4,70.35,1122290
2010-12-23,71.0,72.19,70.6,71.52,956600
2010-12-24,70.21,71.8,69.8,71.05,411155
2010-12-27,71.2,73.4,71.2,72.16,1047075
2010-12-28,72.53,72.74,71.04,71.52,287190
2010-12-29,71.6,71.98,70.23,70.77,275105
2010-12-30,71.0,71.36,69.43,70.02,175845
2010-12-31,70.21,71.88,70.2,70.7,258185
2011-01-03,71.36,73.4,71.0,72.93,559200
2011-01-04,75.2,76.8,71.19,71.97,893355
2011-01-05,70.6,73.0,70.29,70.55,549360
2011-01-06,71.0,71.34,69.8,70.18,215285
2011-01-07,70.0,70.18,67.05,67.49,467925
2011-01-10,67.4,67.4,65.64,65.98,220625
2011-01-11,66.05,67.2,63.6,65.22,378655
2011-01-12,67.0,67.52,65.2,67.09,383360
2011-01-13,67.59,68.56,66.06,66.46,365145
2011-01-14,66.4,67.08,64.26,64.98,339785
2011-01-17,61.2,65.78,61.2,62.57,582495
2011-01-18,62.4,65.19,62.4,63.74,911295
2011-01-19,64.53,68.14,63.82,67.33,1217565
2011-01-20,67.0,73.94,66.0,71.05,8323150
2011-01-21,71.41,73.58,70.4,70.8,4580060
2011-01-24,71.0,71.33,70.1,70.32,719365
2011-01-25,69.01,70.73,68.4,69.24,479935
2011-01-27,69.24,70.4,68.4,68.74,476905
2011-01-28,68.4,68.94,64.45,65.42,598785
2011-01-31,64.0,66.92,61.6,65.84,885065
2011-02-01,66.0,66.74,63.05,63.92,461145
2011-02-02,64.22,65.4,63.62,63.94,356550
2011-02-03,64.01,66.16,63.2,65.1,521045
2011-02-04,65.2,66.5,63.06,63.56,450890
2011-02-07,63.6,64.79,63.0,63.66,220420
2011-02-08,63.8,64.17,59.94,60.21,603035
2011-02-09,61.57,61.57,54.44,55.25,1423645
2011-02-10,55.2,57.58,54.79,56.95,544750
2011-02-11,55.37,58.94,55.36,58.24,317700
2011-02-14,58.6,63.46,58.6,62.97,861840
2011-02-15,63.2,64.1,61.03,61.99,472820
2011-02-16,61.61,63.96,61.61,63.08,394165
2011-02-17,62.8,63.6,61.8,62.44,417375
2011-02-18,63.09,63.33,60.61,60.92,578100
2011-02-21,61.4,63.58,59.05,62.4,441235
2011-02-22,61.6,64.4,61.6,63.43,605955
2011-02-23,64.1,65.69,63.27,63.73,792590
2011-02-24,64.21,65.18,63.0,63.5,667100
2011-02-25,64.26,64.6,62.0,63.28,346355
2011-02-28,64.25,65.68,60.8,61.45,859605
2011-03-01,61.54,64.11,61.54,63.76,757505
2011-03-03,63.8,66.63,62.06,65.85,1229680
2011-03-04,65.74,66.54,64.02,64.46,665440
2011-03-07,61.6,64.0,61.5,61.74,373320
2011-03-08,60.24,63.0,60.24,62.73,205625
2011-03-09,62.93,63.76,62.27,63.19,225210
2011-03-10,62.25,63.69,62.1,62.36,245545
2011-03-11,61.66,63.0,60.58,60.91,251045
2011-03-14,61.05,63.8,60.69,63.53,886770
2011-03-15,63.0,63.5,59.0,61.86,527710
2011-03-16,61.9,63.27,61.39,61.79,355805
2011-03-17,61.91,65.3,61.91,62.8,1504975
2011-03-18,61.82,63.7,61.65,62.0,346350
2011-03-21,62.21,62.9,61.68,61.96,284810
2011-03-22,61.83,62.9,61.65,61.87,189960
2011-03-23,61.6,63.78,61.6,62.74,425470
2011-03-24,62.32,63.36,62.04,62.47,233320
2011-03-25,63.24,63.24,62.4,62.52,283415
2011-03-28,62.4,63.82,62.4,62.92,299370
2011-03-29,62.62,63.5,62.2,62.36,254145
2011-03-30,62.61,64.2,62.61,64.01,497200
2011-03-31,63.6,64.8,63.39,63.71,242655
2011-04-01,63.81,64.4,63.43,64.25,274585
2011-04-04,64.5,72.98,64.5,72.14,3409955
2011-04-05,70.0,73.52,70.0,70.36,1732540
2011-04-06,70.4,71.28,69.1,69.33,819580
2011-04-07,67.2,70.16,67.2,69.46,371710
2011-04-08,64.8,69.96,64.8,68.95,566410
2011-04-11,70.2,71.78,68.31,69.28,440190
2011-04-13,68.45,70.8,68.45,69.34,397755
2011-04-15,69.14,70.8,68.67,70.26,472640
2011-04-18,70.34,71.4,69.63,69.84,283970
2011-04-19,69.44,70.2,68.83,69.33,218270
2011-04-20,69.61,70.4,69.31,69.69,245700
2011-04-21,69.27,70.4,68.05,68.63,284805
2011-04-25,69.3,69.6,68.6,68.87,163600
2011-04-26,68.8,70.8,67.5,69.56,489340
2011-04-27,69.03,70.56,68.08,68.26,207300
2011-04-28,68.96,68.96,67.61,67.98,269755
2011-04-29,67.65,68.77,66.0,66.83,193285
2011-05-02,67.6,68.17,65.85,66.22,166135
2011-05-03,65.72,67.26,64.52,64.97,228475
2011-05-04,65.0,66.66,64.43,65.98,384735
2011-05-05,66.2,66.2,64.85,65.41,200860
2011-05-06,65.7,67.3,65.2,66.68,273640
2011-05-09,67.2,67.6,66.08,66.55,390200
2011-05-10,67.0,67.4,64.6,64.69,496580
2011-05-11,64.91,65.39,63.0,64.01,316455
2011-05-12,64.02,64.02,62.6,63.01,299255
2011-05-13,62.12,63.74,62.12,63.01,239795
2011-05-16,62.6,63.56,61.6,61.99,376435
2011-05-17,61.52,62.41,61.0,61.15,261445
2011-05-18,61.01,62.4,61.0,61.91,274925
2011-05-19,62.48,62.48,60.72,61.08,233620
2011-05-20,61.4,62.1,60.8,61.74,158940
2011-05-23,61.07,61.63,60.6,61.26,150725
2011-05-24,61.2,61.3,60.41,60.7,194295
2011-05-25,60.92,60.92,60.2,60.57,197450
2011-05-26,60.62,60.99,60.0,60.15,192310
2011-05-27,60.2,61.0,60.0,60.25,173455
2011-05-30,60.6,61.18,60.19,60.62,105195
2011-05-31,60.8,63.76,60.8,62.65,360090
2011-06-01,62.6,63.3,61.8,62.18,168950
2011-06-02,61.0,62.32,61.0,61.77,110745
2011-06-03,62.2,62.79,61.2,61.85,156135
2011-06-06,61.8,62.2,61.22,61.61,73525
2011-06-07,62.0,62.55,61.45,61.99,132830
2011-06-08,61.01,62.6,61.01,61.62,139005
2011-06-09,61.6,62.0,61.02,61.13,184135
2011-06-10,61.03,62.56,61.0,61.36,204810
2011-06-13,61.2,61.8,61.03,61.43,88605
2011-06-14,61.4,61.98,61.22,61.39,95005
2011-06-15,61.4,63.0,60.9,61.26,441065
2011-06-16,61.2,61.76,58.62,59.14,567710
2011-06-17,58.42,59.94,58.42,58.85,180395
2011-06-20,59.0,59.55,56.84,57.07,209000
2011-06-21,57.6,58.45,56.42,56.66,212000
2011-06-22,57.2,57.2,55.2,55.22,273350
2011-06-23,55.37,55.6,53.8,54.71,446475
2011-06-24,54.8,56.8,54.8,56.57,184665
2011-06-27,54.8,58.4,54.8,57.41,196590
2011-06-28,59.6,59.6,57.46,57.91,197330
2011-06-29,57.65,58.7,57.65,58.22,149700
2011-06-30,57.82,58.82,56.64,57.13,309590
2011-07-01,58.8,61.35,58.0,60.66,996685
2011-07-04,60.66,61.8,60.0,61.18,258690
2011-07-05,61.6,62.88,60.63,62.18,406560
2011-07-06,62.0,62.36,61.52,61.79,229570
2011-07-07,62.0,62.72,61.66,62.05,138235
2011-07-08,62.69,62.76,61.0,61.82,230115
2011-07-11,62.44,62.44,61.03,61.84,72250
2011-07-12,61.75,62.0,60.29,60.85,240210
2011-07-13,61.2,62.2,60.44,61.01,290500
2011-07-14,61.01,61.6,60.67,60.98,165465
2011-07-15,60.45,61.94,60.45,60.9,211695
2011-07-18,62.0,62.0,60.63,61.25,97125
2011-07-19,61.4,64.9,61.03,64.06,1109620
2011-07-20,64.61,65.48,63.8,64.13,578930
2011-07-21,64.0,66.08,62.86,64.1,508685
2011-07-22,63.4,64.98,63.4,64.05,137240
2011-07-25,64.28,64.8,63.6,63.91,183755
2011-07-26,64.6,65.78,63.7,63.9,273975
2011-07-27,64.01,65.34,63.6,64.5,351010
2011-07-28,64.0,64.74,63.53,63.92,232100
2011-07-29,64.57,65.74,63.52,63.74,496085
2011-08-01,63.4,64.19,62.4,63.01,295060
2011-08-02,62.6,63.87,62.3,62.99,177505
2011-08-03,64.13,64.13,61.72,62.45,160345
2011-08-04,62.2,63.2,62.2,62.62,164305
2011-08-05,61.0,62.9,60.08,62.09,551040
2011-08-08,60.8,62.35,60.0,61.51,465195
2011-08-09,60.08,61.21,59.02,60.62,352965
2011-08-10,61.0,62.0,60.33,60.77,187065
2011-08-11,60.52,61.58,59.55,59.98,175305
2011-08-12,60.7,61.13,58.83,59.8,274965
2011-08-16,60.4,61.2,59.01,60.36,195465
2011-08-17,59.27,60.6,59.27,59.98,137230
2011-08-18,59.8,60.78,58.0,58.92,171775
2011-08-19,57.0,59.2,56.6,58.16,405400
2011-08-22,58.4,59.78,57.04,58.4,115785
2011-08-23,58.85,61.56,58.63,59.25,756680
2011-08-24,59.6,60.3,58.65,59.31,151665
2011-08-25,59.51,60.32,58.6,59.42,617790
2011-08-26,58.9,60.08,58.77,59.77,299090
2011-08-29,60.2,60.36,59.6,59.7,75645
2011-08-30,59.86,60.8,59.62,60.04,257405
2011-09-02,59.68,61.0,59.66,60.01,179020
2011-09-05,59.6,61.19,59.6,60.45,121480
2011-09-06,59.7,61.0,59.63,60.53,233415
2011-09-07,60.0,61.0,60.0,60.5,76650
2011-09-08,59.82,62.53,59.82,61.42,233110
2011-09-09,62.0,62.2,60.69,61.32,173490
2011-09-12,61.05,61.2,60.2,60.87,142575
2011-09-13,60.56,62.4,60.56,61.87,201950
2011-09-14,62.58,62.6,61.34,61.57,93620
2011-09-15,61.6,62.15,61.07,61.59,82665
2011-09-16,61.22,62.2,61.0,61.81,195480
2011-09-19,61.6,64.9,61.6,62.95,1054500
2011-09-20,63.02,63.69,62.03,62.3,134150
2011-09-21,62.35,64.16,61.82,63.83,487440
2011-09-22,62.47,63.4,62.2,63.12,483095
2011-09-23,62.4,64.8,62.4,62.97,421985
2011-09-26,62.74,63.39,61.0,61.93,235200
2011-09-27,62.0,62.8,62.0,62.26,119945
2011-09-28,62.8,64.19,61.08,61.51,519290
2011-09-29,60.83,62.15,60.83,61.89,194095
2011-09-30,61.57,62.4,61.4,62.08,92615
2011-10-03,61.45,61.8,59.6,59.9,363190
2011-10-04,59.91,60.79,59.6,60.0,138750
2011-10-05,60.02,60.73,58.02,58.98,256685
2011-10-07,60.6,61.92,58.6,58.91,173475
2011-10-10,58.48,59.8,58.48,58.94,110145
2011-10-11,59.16,60.17,59.11,59.34,63290
2011-10-12,59.02,60.4,59.02,60.06,79690
2011-10-13,59.81,60.54,59.81,60.21,271220
2011-10-14,59.71,60.5,59.71,60.21,147900
2011-10-17,60.21,60.8,59.22,60.38,231570
2011-10-18,59.46,60.27,59.2,59.89,165200
2011-10-19,60.2,60.4,59.45,59.99,98350
2011-10-20,59.21,60.3,59.21,60.06,70090
2011-10-21,60.29,60.29,59.66,60.05,68700
2011-10-24,60.21,61.0,59.24,60.33,139965
2011-10-25,59.86,60.75,59.63,60.33,118525
2011-10-26,60.33,61.34,59.85,60.23,53780
2011-10-28,60.22,60.99,60.0,60.1,115105
2011-10-31,60.05,61.54,59.27,60.96,236955
2011-11-01,60.96,61.77,60.7,61.15,168430
2011-11-02,60.97,62.39,60.97,62.01,248350
2011-11-03,61.49,62.36,61.45,61.74,83290
2011-11-04,61.61,62.11,60.61,61.66,182855
2011-11-08,62.21,62.8,61.46,62.09,371075
2011-11-09,62.8,63.0,61.83,62.05,177060
2011-11-11,61.44,62.52,61.44,61.98,252255
2011-11-14,62.0,62.76,61.01,62.02,1170270
2011-11-15,62.4,62.56,61.62,61.99,708320
2011-11-16,61.8,62.06,59.6,61.52,493715
2011-11-17,61.4,62.2,59.6,62.0,675435
2011-11-18,61.74,61.74,60.31,60.88,655610
2011-11-21,60.8,61.5,58.81,59.21,280520
2011-11-22,58.76,58.76,56.7,58.49,339035
2011-11-23,58.0,59.4,57.64,59.13,216705
2011-11-24,58.6,58.8,57.21,58.46,238340
2011-11-25,57.76,59.39,57.72,58.11,146710
2011-11-28,58.62,59.3,57.02,58.36,69840
2011-11-29,58.51,59.2,58.32,58.86,98725
2011-11-30,58.05,59.2,58.05,58.85,66015
2011-12-01,59.8,59.97,59.1,59.5,438515
2011-12-02,58.8,59.3,58.6,58.99,1391185
2011-12-05,59.62,60.56,58.85,59.09,103850
2011-12-07,59.8,59.8,58.24,58.31,68555
2011-12-08,57.6,66.48,54.1,58.47,819230
2011-12-09,57.59,57.59,55.1,55.46,186365
2011-12-12,55.61,56.48,54.0,54.24,121525
2011-12-13,54.06,54.44,53.17,53.72,128270
2011-12-14,53.6,54.16,52.62,52.9,66175
2011-12-15,52.8,52.8,50.6,50.93,192630
2011-12-16,51.98,51.98,49.42,49.78,161895
2011-12-19,50.2,50.2,46.89,47.43,363865
2011-12-20,47.63,48.0,46.1,46.72,208820
2011-12-21,46.72,47.8,46.4,47.01,204990
2011-12-22,47.6,47.8,46.3,47.09,115175
2011-12-23,47.0,49.18,47.0,48.5,104480
2011-12-26,48.5,49.28,47.0,48.01,163530
2011-12-27,47.86,48.67,47.8,47.93,44385
2011-12-28,48.0,48.2,47.38,47.98,71815
2011-12-29,48.01,48.37,47.4,47.99,33830
2011-12-30,47.5,48.39,47.4,47.8,165235
2012-01-02,47.42,51.48,47.0,50.63,226930
2012-01-03,51.0,53.1,50.24,52.54,211010
2012-01-04,51.3,53.18,51.21,51.46,66265
2012-01-05,51.61,52.4,50.8,51.12,36505
2012-01-06,50.5,51.67,50.4,50.59,93160
2012-01-07,50.53,51.4,50.4,51.13,11120
2012-01-09,51.01,51.89,50.63,51.03,65725
2012-01-10,51.4,53.1,51.3,52.92,76900
2012-01-11,53.01,53.27,52.0,52.4,75090
2012-01-12,52.0,52.7,51.4,52.04,91445
2012-01-13,52.97,53.99,52.01,53.08,177690
2012-01-16,51.8,53.0,51.32,52.5,52145
2012-01-17,52.0,53.5,52.0,53.17,127965
2012-01-18,52.69,53.4,52.52,52.98,139150
2012-01-19,53.0,53.59,52.71,53.19,269175
2012-01-20,53.0,53.6,52.8,53.2,437220
2012-01-23,53.2,53.98,53.01,53.19,383285
2012-01-24,53.19,54.27,52.4,53.12,428275
2012-01-25,53.0,53.39,53.0,53.11,139930
2012-01-27,53.6,55.6,53.4,54.35,215560
2012-01-30,55.0,55.4,53.6,53.77,136395
2012-01-31,53.72,54.64,53.61,54.33,69340
2012-02-01,54.79,54.79,53.43,53.74,155550
2012-02-02,54.71,54.77,53.42,53.69,170475
2012-02-03,54.14,54.56,53.3,53.45,321055
2012-02-06,54.99,54.99,53.21,53.59,459765
2012-02-07,53.62,54.34,53.15,53.38,550695
2012-02-08,53.95,53.95,53.0,53.23,460055
2012-02-09,53.8,53.8,52.3,52.43,728200
2012-02-10,53.21,53.21,50.8,51.0,626595
2012-02-13,51.6,51.8,50.0,50.38,595520
2012-02-14,50.37,53.16,50.37,52.72,611500
2012-02-15,53.74,54.98,53.12,54.1,753375
2012-02-16,54.39,59.32,54.39,58.45,2247750
2012-02-17,58.7,60.2,58.0,58.03,744570
2012-02-21,58.68,60.58,58.46,60.35,590920
2012-02-22,60.2,60.8,58.21,58.64,506610
2012-02-23,57.99,57.99,56.22,56.69,239395
2012-02-24,56.75,57.19,54.24,54.44,342985
2012-02-27,54.45,54.45,52.4,52.79,183835
2012-02-28,53.4,54.5,52.84,53.97,135315
2012-02-29,54.5,55.54,52.8,53.53,276115
2012-03-01,53.6,54.12,52.76,53.24,139565
2012-03-02,53.6,55.0,53.02,53.46,149685
2012-03-03,54.1,54.1,53.21,53.44,8000
2012-03-05,54.14,54.14,53.0,53.21,60585
2012-03-06,53.02,54.0,52.69,52.97,51735
2012-03-07,52.6,53.0,52.0,52.23,65330
2012-03-09,52.4,53.6,52.4,53.16,134545
2012-03-12,53.2,53.78,53.1,53.36,79190
2012-03-13,53.59,54.14,53.4,53.53,86250
2012-03-14,53.98,54.5,53.43,53.54,104620
2012-03-15,53.7,53.87,52.9,53.02,52180
2012-03-16,52.86,53.6,51.28,51.83,171790
2012-03-19,52.1,52.6,50.6,52.06,87695
2012-03-20,52.48,52.48,51.61,51.87,98690
2012-03-21,52.2,52.3,51.75,51.93,107075
2012-03-22,52.0,52.8,51.66,51.79,143040
2012-03-23,51.61,52.31,49.81,50.28,648830
2012-03-26,51.64,51.64,50.0,50.36,114400
2012-03-27,50.4,50.92,49.6,49.99,145450
2012-03-28,50.0,50.8,49.1,49.6,105145
2012-03-29,49.04,50.18,49.04,49.58,35010
2012-03-30,49.31,50.44,49.2,49.54,134950
2012-04-02,50.56,50.56,50.05,50.35,126770
2012-04-03,50.36,51.2,50.0,50.19,253700
2012-04-04,50.12,50.4,49.9,50.02,228350
2012-04-09,50.01,50.59,49.4,49.68,307965
2012-04-10,49.8,50.07,49.07,49.34,230765
2012-04-11,49.0,49.38,47.9,48.0,289005
2012-04-12,48.22,48.62,47.87,48.09,276410
2012-04-13,48.2,48.4,47.02,47.22,340780
2012-04-16,47.04,47.9,46.44,46.76,484220
2012-04-17,46.81,48.16,46.5,46.82,6430405
2012-04-18,47.32,49.76,47.01,48.37,1480665
2012-04-19,49.38,49.9,48.42,48.61,581580
2012-04-20,48.24,49.0,47.47,47.77,302245
2012-04-23,48.0,49.1,47.3,47.61,221720
2012-04-24,48.0,48.58,47.2,47.77,150650
2012-04-25,47.8,48.0,46.8,47.02,147740
2012-04-26,47.21,47.65,46.8,46.91,117070
2012-04-27,47.0,47.6,46.5,47.18,122480
2012-04-28,47.78,48.94,47.04,47.28,9295
2012-04-30,47.76,48.16,46.6,47.79,92595
2012-05-02,47.04,47.2,46.21,46.38,262880
2012-05-03,46.36,46.68,45.0,45.54,170015
2012-05-04,45.42,45.42,44.2,44.35,142615
2012-05-07,44.3,44.4,42.48,43.35,275910
2012-05-08,43.2,45.18,43.2,44.35,144080
2012-05-09,43.6,44.98,42.6,43.15,328890
2012-05-10,43.6,43.75,43.01,43.13,111505
2012-05-11,43.2,43.2,42.22,42.38,97800
2012-05-14,42.8,43.35,42.62,43.1,180950
2012-05-15,42.8,43.0,42.22,42.31,182905
2012-05-16,42.31,42.31,41.64,42.1,98970
2012-05-17,42.38,42.4,41.85,42.02,151930
2012-05-18,41.88,42.19,41.42,42.0,149975
2012-05-21,43.92,43.92,41.61,41.95,141870
2012-05-22,42.0,42.35,41.7,41.74,173900
2012-05-23,41.63,42.1,41.6,41.83,60435
2012-05-24,42.0,42.0,41.41,41.62,86940
2012-05-25,42.0,42.47,41.42,41.99,169380
2012-05-28,42.59,42.59,41.7,42.04,106385
2012-05-29,42.17,42.17,41.81,41.94,86390
2012-05-30,41.69,42.1,41.63,41.75,90035
2012-05-31,41.4,42.7,41.38,42.18,52450
2012-06-01,42.0,43.0,41.8,41.92,84995
2012-06-04,41.64,41.64,41.21,41.36,57485
2012-06-05,41.72,41.79,41.23,41.54,143630
2012-06-06,41.4,42.34,41.4,41.77,80950
2012-06-07,41.6,41.8,40.8,41.12,393360
2012-06-08,41.2,42.2,41.03,41.79,100380
2012-06-11,42.0,42.0,41.44,41.51,149050
2012-06-12,41.94,41.94,41.02,41.23,150255
2012-06-13,41.4,41.5,41.02,41.19,255020
2012-06-14,41.9,41.9,39.07,40.65,163015
2012-06-15,40.72,41.0,40.6,40.63,151790
2012-06-18,40.8,41.0,39.9,40.02,183100
2012-06-19,40.02,40.14,39.6,39.95,171140
2012-06-20,39.54,40.14,39.4,39.89,222100
2012-06-21,39.52,40.33,39.52,40.01,128830
2012-06-22,39.99,41.2,39.4,40.18,174040
2012-06-25,40.4,41.69,40.03,40.19,432120
2012-06-26,40.4,40.72,39.91,40.06,229830
2012-06-27,40.0,40.56,39.9,39.93,204085
2012-06-28,40.18,41.2,40.04,40.94,122730
2012-06-29,41.2,41.6,41.03,41.25,118585
2012-07-02,41.6,42.16,41.25,41.48,174425
2012-07-03,42.2,42.4,41.4,42.31,146260
2012-07-04,42.4,43.8,42.4,43.64,238450
2012-07-05,43.6,44.94,43.6,44.46,257700
2012-07-06,44.0,44.75,43.61,43.87,194005
2012-07-09,43.61,44.1,42.45,42.7,185040
2012-07-10,42.6,43.5,42.45,43.4,67225
2012-07-11,43.0,45.2,43.0,44.41,280895
2012-07-12,44.4,44.6,43.7,44.08,153605
2012-07-13,44.58,47.2,44.58,45.82,726920
2012-07-16,46.0,46.52,44.7,44.84,99625
2012-07-17,44.85,45.66,43.6,43.74,91905
2012-07-18,43.24,44.36,43.24,43.79,84860
2012-07-19,43.88,46.33,43.88,46.02,279150
2012-07-20,46.0,48.4,45.33,47.92,589645
2012-07-23,49.0,49.96,45.86,46.73,2319515
2012-07-24,46.8,48.08,46.38,47.73,647455
2012-07-25,47.8,47.8,45.6,45.88,246740
2012-07-26,44.0,44.8,39.2,39.98,2516300
2012-07-27,40.6,41.76,39.62,39.89,466610
2012-07-30,40.8,40.8,39.0,40.09,250135
2012-07-31,40.8,40.8,39.8,40.5,187775
2012-08-01,40.38,41.41,40.0,41.02,701230
2012-08-02,41.2,41.79,40.4,41.28,179880
2012-08-03,41.19,41.52,40.5,41.22,191870
2012-08-06,41.3,42.0,41.23,41.63,287830
2012-08-07,41.6,41.99,41.5,41.74,131500
2012-08-08,41.6,42.18,40.9,41.36,362135
2012-08-09,41.4,42.34,41.2,42.04,228045
2012-08-10,41.8,42.6,41.47,42.36,194825
2012-08-13,42.44,43.1,42.04,42.95,264610
2012-08-14,42.9,43.0,42.4,42.56,57720
2012-08-16,41.4,43.76,41.4,42.97,175265
2012-08-17,43.0,43.89,41.83,42.79,206815
2012-08-21,42.6,43.76,42.01,43.37,155485
2012-08-22,43.2,43.56,42.9,43.12,91820
2012-08-23,43.07,43.56,42.99,43.3,80195
2012-08-24,42.41,43.5,42.28,43.33,160680
2012-08-27,43.2,43.6,42.4,42.98,129740
2012-08-28,42.41,43.4,42.41,43.0,150725
2012-08-29,43.0,43.32,42.2,42.94,150880
2012-08-30,42.8,43.17,42.44,42.92,93790
2012-08-31,42.8,43.46,42.6,42.82,67315
2012-09-03,43.0,43.49,42.4,43.16,96730
2012-09-04,43.2,43.78,42.34,43.56,79510
2012-09-05,43.6,43.69,42.69,42.91,86505
2012-09-06,42.7,43.18,42.49,42.66,307625
2012-09-07,42.96,43.38,42.82,43.03,71335
2012-09-08,43.3,43.3,42.87,43.13,2165
2012-09-10,43.0,43.4,42.9,43.01,38805
2012-09-11,43.01,44.95,43.01,44.37,392260
2012-09-12,44.36,46.1,44.1,44.64,574170
2012-09-13,44.6,45.14,43.95,44.06,90230
2012-09-14,44.26,45.0,43.28,43.53,212315
2012-09-17,43.6,44.8,43.6,44.59,181410
2012-09-18,44.8,45.69,44.0,45.42,211650
2012-09-20,45.21,46.6,45.0,45.35,262860
2012-09-21,45.6,46.96,45.0,45.88,635975
2012-09-24,45.6,46.56,45.31,45.48,143575
2012-09-25,46.0,46.0,44.91,45.52,230065
2012-09-26,45.02,45.8,44.63,44.76,116380
2012-09-27,44.8,44.99,43.62,43.73,120190
2012-09-28,44.0,45.2,44.0,44.83,183350
2012-10-01,44.8,48.08,44.8,46.95,1114365
2012-10-03,47.41,47.41,45.8,45.95,263585
2012-10-04,46.4,47.1,45.8,46.11,326510
2012-10-05,46.54,47.0,45.6,45.86,132665
2012-10-08,45.8,46.4,45.31,45.55,164625
2012-10-09,45.6,46.3,45.6,45.78,148790
2012-10-10,45.6,45.95,44.76,44.85,93570
2012-10-11,44.0,45.31,44.0,44.5,99930
2012-10-12,44.99,45.08,44.0,44.46,124265
2012-10-15,44.0,44.8,44.0,44.4,74745
2012-10-16,44.73,44.9,44.09,44.27,110875
2012-10-17,44.4,44.7,43.8,43.87,145260
2012-10-18,43.62,44.37,43.62,44.28,76235
2012-10-19,44.23,44.65,44.0,44.18,210065
2012-10-22,44.2,44.34,43.62,43.86,142895
2012-10-23,44.14,44.14,43.6,43.83,64610
2012-10-25,44.11,45.7,44.0,45.4,240360
2012-10-26,45.6,45.6,44.4,44.59,126890
2012-10-29,44.0,45.41,44.0,44.87,180220
2012-10-30,45.0,45.15,43.92,44.05,112135
2012-10-31,44.4,45.0,44.13,44.57,112365
2012-11-01,44.45,46.36,44.45,45.71,384275
2012-11-02,45.8,47.32,45.2,46.73,573325
2012-11-05,45.98,46.84,44.1,44.8,438370
2012-11-06,45.13,45.6,44.34,45.23,289785
2012-11-07,46.18,46.19,44.84,45.06,281100
2012-11-08,45.2,45.7,44.95,45.16,111770
2012-11-09,45.0,45.5,44.6,44.97,114945
2012-11-12,45.0,45.4,44.9,45.13,195640
2012-11-13,45.58,45.58,45.0,45.23,82305
2012-11-15,44.97,44.97,43.52,43.69,212810
2012-11-16,43.74,44.6,43.32,43.5,174185
2012-11-19,43.98,43.98,42.91,43.05,85395
2012-11-20,43.0,43.5,42.4,42.57,159220
2012-11-21,42.0,42.8,41.7,41.91,101460
2012-11-22,42.37,42.37,41.8,41.84,80735
2012-11-23,42.4,42.4,41.4,41.57,72140
2012-11-26,41.6,42.19,40.7,41.06,189230
2012-11-27,41.2,41.79,40.98,41.56,141885
2012-11-29,41.6,42.1,41.4,41.63,121450
2012-11-30,41.6,42.4,41.04,41.65,274280
2012-12-03,41.4,43.0,41.4,42.92,320465
2012-12-04,43.0,44.48,42.6,43.27,342075
2012-12-05,43.1,43.38,42.64,43.15,191190
2012-12-06,43.4,43.91,43.0,43.44,137125
2012-12-07,43.4,43.88,43.34,43.45,161445
2012-12-10,43.96,44.0,42.68,42.92,122080
2012-12-11,43.0,43.56,42.64,42.79,54135
2012-12-12,42.41,43.28,42.15,42.26,90325
2012-12-13,42.2,42.66,41.42,41.65,105935
2012-12-14,41.4,42.48,41.4,41.88,140330
2012-12-17,41.04,41.8,40.4,40.56,427670
2012-12-18,40.24,41.13,40.24,40.49,281340
2012-12-19,40.6,41.2,40.23,40.39,358915
2012-12-20,40.4,40.74,40.2,40.59,211135
2012-12-21,40.56,41.15,39.6,40.01,432825
2012-12-24,40.2,40.64,40.0,40.07,109360
2012-12-26,40.2,40.68,40.08,40.22,143925
2012-12-27,40.56,40.66,40.2,40.29,113020
2012-12-28,40.28,40.6,40.0,40.11,151915
2012-12-31,40.2,40.54,40.09,40.16,94485
2013-01-01,40.4,40.69,40.2,40.47,134245
2013-01-02,40.7,41.6,40.62,41.39,281110
2013-01-03,41.58,41.6,40.83,41.48,217805
2013-01-04,41.4,41.59,40.41,41.29,190500
2013-01-07,41.34,41.4,41.0,41.06,175410
2013-01-08,41.36,41.58,40.85,41.44,127105
2013-01-09,41.6,41.93,41.0,41.34,109360
2013-01-10,41.34,41.6,41.0,41.03,86485
2013-01-11,42.98,42.98,40.64,40.85,78405
2013-01-14,41.0,41.08,40.6,40.88,99990
2013-01-15,41.17,41.17,40.24,40.45,136095
2013-01-16,40.62,40.62,40.2,40.24,70805
2013-01-17,38.0,40.52,38.0,40.1,102220
2013-01-18,38.8,40.56,38.8,39.87,122090
2013-01-21,39.8,40.35,39.71,40.0,81950
2013-01-22,40.02,40.6,39.79,40.0,91895
2013-01-23,40.0,40.3,39.81,39.89,109210
2013-01-24,39.8,40.8,39.0,39.14,136805
2013-01-25,39.21,39.41,38.64,38.97,120395
2013-01-28,38.69,39.4,38.69,39.35,45145
2013-01-29,38.7,39.59,37.94,38.07,140385
2013-01-30,38.0,39.73,37.81,39.48,251225
2013-01-31,39.48,39.48,38.4,38.59,109495
2013-02-01,39.34,39.56,38.8,38.93,70010
2013-02-04,39.0,39.84,38.8,38.97,84320
2013-02-05,38.0,39.18,38.0,38.84,70585
2013-02-06,39.4,39.79,38.42,38.6,53265
2013-02-07,38.61,39.14,38.41,38.87,37275
2013-02-08,38.4,38.76,37.22,38.16,130790
2013-02-11,37.8,38.63,37.8,38.32,73930
2013-02-12,38.98,39.08,37.9,38.01,71810
2013-02-13,37.82,38.44,37.82,37.96,122935
2013-02-14,38.76,38.76,37.44,37.68,101880
2013-02-15,38.5,38.74,37.0,38.57,322765
2013-02-18,38.75,39.46,38.7,39.35,131040
2013-02-19,39.59,39.79,39.06,39.62,106735
2013-02-20,40.0,40.85,39.73,40.47,144170
2013-02-21,40.2,40.46,39.43,39.62,176405
2013-02-22,39.6,40.0,39.2,39.76,166675
2013-02-25,39.4,39.4,38.0,38.12,122965
2013-02-26,38.02,38.36,37.02,37.3,97190
2013-02-27,37.53,37.96,37.0,37.75,77655
2013-02-28,38.0,38.6,36.4,36.79,97205
2013-03-01,37.6,37.66,36.79,37.15,80765
2013-03-04,37.2,38.16,36.26,36.35,60795
2013-03-05,36.78,37.19,36.4,36.51,78655
2013-03-06,36.6,38.16,36.53,37.37,161170
2013-03-07,37.34,37.48,36.8,37.11,35420
2013-03-08,37.05,37.7,37.0,37.54,97870
2013-03-11,37.44,38.54,37.4,37.97,89830
2013-03-12,38.0,38.58,37.8,37.88,85805
2013-03-13,37.8,38.4,37.3,37.56,29820
2013-03-14,37.4,37.5,36.86,36.95,66380
2013-03-15,37.0,37.58,35.56,35.97,285055
2013-03-18,35.9,36.37,35.6,35.8,67155
2013-03-19,37.4,37.4,35.0,35.17,136720
2013-03-20,35.1,35.59,33.87,34.22,108510
2013-03-21,34.42,35.0,33.52,33.83,108070
2013-03-22,33.84,34.1,33.2,33.44,89325
2013-03-25,34.34,34.38,33.48,33.63,79010
2013-03-26,33.63,33.78,33.0,33.24,91665
2013-03-28,33.26,34.21,32.7,33.86,116805
2013-04-01,34.1,35.6,33.71,35.35,73345
2013-04-02,34.85,36.5,34.85,36.03,85895
2013-04-03,36.94,37.41,36.22,36.75,125240
2013-04-04,36.75,36.75,35.21,35.62,92240
2013-04-05,35.42,35.98,35.03,35.13,41235
2013-04-08,35.11,35.58,35.06,35.23,26170
2013-04-09,35.4,35.69,34.81,34.98,37145
2013-04-10,35.12,35.4,34.2,34.47,46920
2013-04-11,34.74,34.88,34.3,34.34,23535
2013-04-12,34.0,34.39,33.04,33.99,40035
2013-04-15,34.58,35.1,33.63,34.73,34305
2013-04-16,34.3,35.05,34.23,34.8,60500
2013-04-17,34.8,35.39,34.06,34.3,46075
2013-04-18,35.6,35.6,34.32,34.53,53240
2013-04-22,34.53,35.4,34.13,35.05,62460
2013-04-23,35.0,35.7,34.72,35.43,51885
2013-04-25,35.4,36.3,34.9,35.06,107655
2013-04-26,36.28,36.28,34.22,34.41,108540
2013-04-29,35.17,35.17,33.1,33.47,253725
2013-04-30,34.2,34.59,33.74,34.05,112445
2013-05-02,34.44,34.95,34.2,34.76,221725
2013-05-03,34.9,35.24,34.32,34.52,170405
2013-05-06,34.3,35.2,33.46,35.0,224740
2013-05-07,34.1,35.38,34.02,34.58,167850
2013-05-08,34.6,34.92,34.26,34.72,133275
2013-05-09,34.4,35.15,34.4,34.8,46000
2013-05-10,34.32,35.09,34.32,34.87,57805
2013-05-11,35.1,35.58,34.8,34.96,9060
2013-05-13,34.42,35.39,34.42,35.21,120965
2013-05-14,34.8,35.79,34.4,34.81,63415
2013-05-15,34.52,35.36,34.29,34.98,82390
2013-05-16,34.4,35.33,34.4,34.78,60780
2013-05-17,34.9,35.18,34.63,35.01,29620
2013-05-20,35.2,35.2,34.72,34.9,31430
2013-05-21,34.6,35.15,34.6,34.85,76265
2013-05-22,34.6,34.93,34.2,34.61,81745
2013-05-23,34.4,34.99,34.0,34.11,62205
2013-05-24,34.2,34.39,33.62,33.88,37275
2013-05-27,33.4,34.58,33.4,34.31,37265
2013-05-28,34.2,34.4,33.89,34.11,27370
2013-05-29,34.0,34.39,33.62,33.9,36450
2013-05-30,33.8,34.39,33.54,33.64,67615
2013-05-31,33.4,33.8,30.8,31.3,527810
2013-06-03,32.26,32.26,31.0,31.73,96905
2013-06-04,31.2,32.19,31.2,32.04,76145
2013-06-05,32.28,32.66,32.04,32.41,40870
2013-06-06,32.0,32.99,32.0,32.58,45945
2013-06-07,32.86,33.21,32.42,32.99,70665
2013-06-10,32.6,33.11,32.26,32.31,32380
2013-06-11,32.0,32.2,31.3,31.56,86415
2013-06-12,31.6,31.95,31.0,31.53,49200
2013-06-13,32.1,32.1,31.0,31.05,69330
2013-06-14,31.15,31.99,31.1,31.82,40185
2013-06-17,32.0,32.0,31.0,31.19,63045
2013-06-18,31.44,32.5,30.83,31.3,569750
2013-06-19,32.2,32.2,30.8,30.86,348430
2013-06-20,31.0,31.0,29.82,30.53,345595
2013-06-21,29.64,31.0,28.4,29.35,1051465
2013-06-24,29.26,29.7,29.0,29.5,148225
2013-06-25,29.25,29.7,28.7,28.85,586080
2013-06-26,28.54,29.38,28.21,28.42,83235
2013-06-27,28.4,28.57,28.04,28.34,409485
2013-06-28,28.07,29.14,28.07,28.92,59640
2013-07-01,30.0,31.3,29.2,30.55,248475
2013-07-02,30.2,31.6,30.06,30.19,133150
2013-07-03,30.1,30.7,29.72,29.82,75260
2013-07-04,30.0,30.44,29.6,29.75,38870
2013-07-05,30.48,30.49,29.41,29.54,56195
2013-07-08,29.4,30.19,28.81,29.02,104215
2013-07-09,29.58,30.0,29.12,29.29,81635
2013-07-10,29.01,29.99,28.84,28.93,73590
2013-07-11,29.6,29.6,29.0,29.02,47830
2013-07-12,29.11,29.52,28.67,28.86,68320
2013-07-15,29.26,29.98,28.7,28.95,173280
2013-07-16,28.8,29.14,28.61,28.71,49295
2013-07-17,29.4,29.4,28.33,28.55,34305
2013-07-18,28.24,28.73,28.11,28.26,127615
2013-07-19,28.3,28.75,28.1,28.18,71485
2013-07-22,28.4,29.38,28.08,28.28,183680
2013-07-23,28.45,28.96,28.05,28.25,185420
2013-07-24,28.08,28.5,27.71,27.85,108865
2013-07-25,28.15,28.15,27.6,27.71,47955
2013-07-26,27.96,28.2,27.6,27.72,61910
2013-07-29,28.2,28.45,27.73,27.91,129140
2013-07-30,28.08,28.08,27.41,27.44,60105
2013-07-31,27.6,27.6,26.11,26.71,123930
2013-08-01,26.4,27.11,26.0,26.14,76520
2013-08-02,26.0,26.4,25.54,25.62,130545
2013-08-05,25.62,26.0,25.24,25.81,60495
2013-08-06,25.4,25.89,25.21,25.73,74940
2013-08-07,26.0,26.2,25.24,25.98,138175
2013-08-08,26.2,26.73,26.0,26.24,89700
2013-08-12,27.56,27.59,26.72,27.48,71785
2013-08-13,27.6,32.54,27.02,28.92,1130475
2013-08-14,29.19,29.28,27.8,28.25,250835
2013-08-16,28.56,28.56,26.21,27.2,147595
2013-08-19,27.0,28.54,26.2,27.25,73950
2013-08-20,27.0,27.3,26.4,26.9,68425
2013-08-21,28.58,28.58,26.62,26.76,95255
2013-08-22,27.78,27.78,26.6,27.18,68985
2013-08-23,27.2,29.4,26.82,27.61,200530
2013-08-26,27.82,28.7,27.82,28.35,149645
2013-08-27,28.9,28.9,27.4,27.61,64200
2013-08-28,27.6,28.0,26.44,27.5,134255
2013-08-29,27.4,28.3,27.0,27.16,59405
2013-08-30,27.02,27.77,26.81,27.09,41510
2013-09-02,27.99,28.38,27.11,27.95,73755
2013-09-03,28.6,31.2,28.6,29.61,1310085
2013-09-04,30.0,30.98,30.0,30.46,356145
2013-09-05,30.98,30.98,30.01,30.21,178125
2013-09-06,30.4,30.4,29.81,29.94,123390
2013-09-10,30.07,30.41,29.97,30.08,100030
2013-09-11,30.1,30.4,30.0,30.24,121955
2013-09-12,30.77,31.02,30.13,30.4,121905
2013-09-13,31.0,31.0,30.41,30.54,91480
2013-09-16,30.56,30.94,30.29,30.46,84005
2013-09-17,30.4,30.56,29.8,30.23,67600
2013-09-18,30.75,30.86,30.2,30.41,80685
2013-09-19,30.6,31.17,30.1,30.34,255355
2013-09-20,30.42,30.78,29.53,29.69,232715
2013-09-23,30.0,30.28,29.65,29.81,35240
2013-09-24,29.82,30.24,29.48,30.06,92270
2013-09-25,30.27,30.27,29.72,29.9,24255
2013-09-26,30.12,30.19,29.8,29.85,40585
2013-09-27,30.14,32.3,29.82,31.61,1511075
2013-09-30,31.73,34.2,31.4,33.07,933400
2013-10-01,34.25,34.6,32.9,33.48,279910
2013-10-03,33.4,33.96,32.4,32.65,122335
2013-10-04,33.03,33.89,32.21,32.39,262965
2013-10-07,32.2,33.0,31.81,32.2,109650
2013-10-08,32.13,33.1,32.13,32.85,100390
2013-10-09,32.45,34.0,32.41,33.46,268380
2013-10-10,33.77,33.77,33.22,33.38,85415
2013-10-11,33.6,34.8,33.6,34.45,249250
2013-10-14,34.23,34.8,34.22,34.51,150350
2013-10-15,34.6,34.88,33.5,33.63,102080
2013-10-17,33.6,34.74,33.6,34.12,155710
2013-10-18,34.3,34.39,34.0,34.02,77000
2013-10-21,34.0,34.6,33.4,33.62,109155
2013-10-22,33.63,34.24,33.38,33.48,102040
2013-10-23,34.76,34.76,33.65,34.5,394565
2013-10-24,34.5,35.6,34.31,34.92,342965
2013-10-25,34.92,35.24,34.5,34.78,114705
2013-10-28,34.73,35.29,34.5,34.77,117955
2013-10-29,34.09,34.09,32.6,33.28,235795
2013-10-30,33.04,33.6,33.0,33.14,116275
2013-10-31,32.97,33.0,32.05,32.85,87975
2013-11-01,33.0,33.59,32.6,33.33,106865
2013-11-03,33.58,33.76,33.2,33.61,46985
2013-11-05,34.0,34.5,33.11,33.85,188325
2013-11-06,32.76,35.0,32.76,34.78,317560
2013-11-07,34.4,37.0,33.8,34.57,564510
2013-11-08,34.92,34.96,34.11,34.67,253075
2013-11-11,34.24,35.01,34.12,34.62,198890
2013-11-12,34.93,35.96,34.73,35.03,297930
2013-11-13,34.6,35.04,34.24,34.47,79545
2013-11-14,34.79,35.46,34.6,34.79,96025
2013-11-18,34.65,35.4,34.42,34.93,107800
2013-11-19,35.26,35.4,34.8,35.24,100940
2013-11-20,34.6,35.44,34.6,34.98,72530
2013-11-21,34.63,34.96,34.2,34.45,74515
2013-11-22,34.2,35.06,34.2,34.44,67340
2013-11-25,34.34,35.24,34.2,34.59,85875
2013-11-26,34.4,34.79,33.92,34.47,50115
2013-11-27,34.03,34.6,34.03,34.35,46205
2013-11-28,34.0,34.66,34.0,34.47,59655
2013-11-29,34.2,41.36,34.2,41.36,2017615
2013-12-02,42.76,47.74,42.76,44.5,8311205
2013-12-03,43.6,44.76,42.55,43.04,1744620
2013-12-04,43.0,43.1,41.5,41.71,608645
2013-12-05,43.0,45.4,41.25,41.85,2671950
2013-12-06,41.92,43.5,41.92,42.22,715490
2013-12-09,43.98,43.98,42.0,42.6,451015
2013-12-10,42.67,44.13,42.31,42.82,728725
2013-12-11,42.82,43.2,41.81,42.06,492335
2013-12-12,41.68,44.0,41.68,43.76,2087625
2013-12-13,43.8,44.84,42.04,42.27,717895
2013-12-16,42.32,43.45,42.32,43.08,344740
2013-12-17,43.2,43.59,42.8,43.04,273790
2013-12-18,43.0,44.88,42.6,44.53,905020
2013-12-19,44.54,45.1,43.72,44.64,592120
2013-12-20,44.55,44.78,43.92,44.39,364125
2013-12-23,43.6,44.6,42.4,42.69,327920
2013-12-24,43.42,43.65,42.8,43.0,228570
2013-12-26,43.21,43.78,42.6,42.76,103425
2013-12-27,42.86,46.46,42.86,45.33,3484240
2013-12-30,45.76,46.65,44.67,44.92,1004490
2013-12-31,45.01,45.57,44.0,44.33,525655
2014-01-01,43.7,46.12,43.7,44.53,834000
2014-01-02,44.84,45.68,43.67,44.0,597120
2014-01-03,43.6,44.08,42.46,43.51,233145
2014-01-06,43.4,44.34,42.8,43.21,448245
2014-01-07,43.57,43.93,43.23,43.5,299870
2014-01-08,43.07,45.14,42.98,44.07,984580
2014-01-09,43.6,44.32,43.02,43.57,645995
2014-01-10,43.44,43.91,42.8,43.2,277630
2014-01-13,43.14,43.88,43.0,43.4,95375
2014-01-14,43.17,44.09,43.17,43.61,113340
2014-01-15,43.7,44.08,43.4,43.69,184360
2014-01-16,43.2,43.96,42.92,43.09,124150
2014-01-17,42.82,43.27,41.93,42.35,212570
2014-01-20,42.0,42.53,41.71,41.95,215365
2014-01-21,42.01,42.69,41.83,41.92,185120
2014-01-22,41.9,42.4,41.71,42.22,225555
2014-01-23,42.2,42.56,41.9,42.07,167050
2014-01-24,41.9,42.38,41.32,41.8,357810
2014-01-27,41.8,41.8,39.65,39.92,166790
2014-01-28,40.57,41.8,39.44,41.43,261730
2014-01-29,41.85,42.4,40.84,41.17,212415
2014-01-30,41.18,41.4,39.81,40.08,133360
2014-01-31,40.2,41.4,40.2,41.18,158700
2014-02-03,41.92,42.85,40.47,42.19,325145
2014-02-04,41.67,43.71,40.85,42.97,655405
2014-02-05,42.6,43.6,42.4,42.52,349310
2014-02-06,42.1,42.94,42.1,42.63,566600
2014-02-07,42.21,43.4,42.21,42.82,572875
2014-02-10,42.6,43.79,42.6,43.08,110535
2014-02-11,43.08,43.29,42.5,42.66,101655
2014-02-12,42.8,44.98,42.8,43.57,708890
2014-02-13,43.78,44.49,43.31,43.55,255255
2014-02-14,44.0,45.4,42.92,43.31,1068665
2014-02-17,42.6,43.59,42.25,43.03,204185
2014-02-18,43.01,43.31,42.6,43.0,154160
2014-02-19,43.38,43.5,42.8,43.44,90270
2014-02-20,43.66,43.8,42.8,42.85,53030
2014-02-21,43.58,43.63,42.9,43.15,196000
2014-02-24,42.81,43.5,42.27,43.36,70145
2014-02-25,43.0,43.78,43.0,43.09,173215
2014-02-26,43.02,43.28,42.78,42.99,173165
2014-02-28,42.4,43.89,41.07,43.07,84765
2014-03-03,42.81,43.3,42.41,42.58,52710
2014-03-04,42.5,44.12,42.49,43.16,436055
2014-03-05,43.5,48.48,43.5,45.83,2108015
2014-03-06,46.33,54.99,46.33,54.99,8483750
2014-03-07,56.95,59.1,52.81,56.15,12408015
2014-03-10,54.82,64.49,53.69,61.63,13841630
2014-03-11,61.88,62.78,58.0,58.69,3708490
2014-03-12,57.8,62.2,57.8,59.75,2973130
2014-03-13,60.2,61.4,58.02,58.47,1360335
2014-03-14,58.8,58.8,56.1,57.86,1165650
2014-03-18,57.86,60.8,57.86,59.24,1302390
2014-03-19,59.36,60.2,58.6,59.46,737915
2014-03-20,59.34,62.2,58.76,60.05,2525490
2014-03-21,60.42,64.9,60.42,63.64,4282970
2014-03-22,64.18,64.34,62.25,62.93,305460
2014-03-24,63.81,67.2,63.81,66.73,3883210
2014-03-25,66.8,67.18,64.6,65.73,1331995
2014-03-26,65.7,66.58,63.82,65.26,1306445
2014-03-27,65.83,66.92,64.62,66.14,888390
2014-03-28,66.77,72.75,66.33,72.23,6809275
2014-03-31,73.0,74.32,71.0,71.92,1997580
2014-04-01,71.88,72.28,69.04,69.47,720005
2014-04-02,69.96,74.54,68.6,70.78,3058035
2014-04-03,71.0,71.94,68.4,69.19,1078960
2014-04-04,69.78,71.66,69.4,70.08,1322595
2014-04-07,70.22,70.73,69.02,69.66,425195
2014-04-09,70.27,72.98,69.73,72.36,1611965
2014-04-10,72.83,79.59,72.83,79.59,5492935
2014-04-11,80.0,83.16,74.44,79.38,5304040
2014-04-15,79.48,84.58,79.2,83.09,3234510
2014-04-16,82.58,83.35,79.2,80.81,1158420
2014-04-17,81.0,82.39,79.98,80.83,696070
2014-04-21,81.19,83.8,80.87,81.45,1047765
2014-04-22,81.81,82.16,80.0,80.06,492460
2014-04-23,80.0,81.84,78.62,79.47,526575
2014-04-25,79.46,81.0,78.24,78.72,712595
2014-04-28,78.88,79.31,77.22,77.74,301255
2014-04-29,77.6,83.0,77.6,79.1,2293030
2014-04-30,79.14,81.4,75.55,77.61,774375
2014-05-02,78.05,79.35,76.51,77.15,294825
2014-05-05,76.4,77.88,75.12,76.47,426420
2014-05-06,76.6,77.26,74.9,75.6,322140
2014-05-07,74.85,79.8,74.85,77.92,1128600
2014-05-08,78.6,78.68,75.6,77.61,467975
2014-05-09,78.0,79.18,77.2,78.26,747475
2014-05-12,76.01,78.96,74.43,77.68,1455110
2014-05-13,78.4,80.6,77.31,79.07,1242465
2014-05-14,79.7,80.98,78.28,80.19,1118860
2014-05-15,80.79,84.38,80.0,83.24,2497810
2014-05-16,84.1,86.4,81.6,84.06,1458370
2014-05-19,83.99,87.98,83.99,87.51,949890
2014-05-20,88.07,89.77,85.01,85.4,998675
2014-05-21,86.14,88.09,84.42,87.02,513125
2014-05-22,85.6,90.78,85.6,88.08,1346435
2014-05-23,86.42,90.54,86.42,89.47,1006980
2014-05-26,89.38,90.59,88.0,89.96,617850
2014-05-27,89.8,91.98,87.26,90.7,939715
2014-05-28,89.81,91.52,89.0,90.44,472620
2014-05-29,90.44,91.04,89.0,89.95,158840
2014-05-30,89.95,90.76,89.0,89.55,348125
2014-06-02,90.34,94.8,88.01,91.75,518800
2014-06-03,92.58,94.4,92.09,93.28,640015
2014-06-04,93.88,96.4,93.62,95.52,779215
2014-06-05,95.8,100.8,94.8,98.83,961575
2014-06-06,97.52,101.49,97.52,99.1,726670
2014-06-09,99.2,105.76,98.0,102.92,966510
2014-06-10,103.2,103.76,98.61,99.34,317430
2014-06-11,99.21,102.18,99.0,101.72,497505
2014-06-12,101.85,103.0,100.0,101.42,199400
2014-06-13,101.6,102.8,88.0,99.99,481600
2014-06-16,99.2,100.99,98.0,100.34,633615
2014-06-17,100.34,101.4,99.32,100.41,347835
2014-06-18,100.98,101.39,99.0,100.03,135660
2014-06-19,99.06,100.68,99.06,100.01,114535
2014-06-20,100.2,102.8,99.82,101.51,202440
2014-06-23,100.7,101.46,99.47,100.03,104140
2014-06-24,99.01,102.79,99.01,101.2,244485
2014-06-25,100.4,102.38,100.18,101.91,273645
2014-06-26,101.23,106.6,101.23,106.0,994470
2014-06-27,106.4,120.76,106.26,118.16,6024100
2014-06-30,118.14,120.4,113.62,119.24,1288615
2014-07-01,120.18,121.72,116.48,117.97,471835
2014-07-02,118.8,120.19,116.0,116.49,267565
2014-07-03,116.86,117.6,113.01,113.57,197650
2014-07-04,114.53,114.79,108.2,109.93,537475
2014-07-07,110.2,111.09,106.55,107.09,363900
2014-07-08,105.02,114.8,95.77,102.98,2074045
2014-07-09,103.76,105.56,99.42,102.2,863440
2014-07-10,102.4,108.6,99.61,105.38,1408735
2014-07-11,106.38,112.0,105.41,107.59,837835
2014-07-14,106.52,110.0,103.27,107.03,436410
2014-07-15,107.41,110.15,105.05,108.56,375405
2014-07-16,107.48,108.9,106.4,108.0,405320
2014-07-17,107.02,110.54,107.02,109.87,448440
2014-07-18,108.0,115.8,108.0,113.75,698490
2014-07-21,114.7,117.78,112.8,113.36,581190
2014-07-22,113.15,116.0,113.15,115.02,308960
2014-07-23,114.4,116.0,110.64,115.32,398950
2014-07-24,116.26,116.27,113.01,115.51,275330
2014-07-25,115.8,116.85,112.8,115.06,303155
2014-07-28,114.25,119.76,114.0,115.74,441940
2014-07-30,115.74,119.2,115.2,117.83,581115
2014-07-31,118.06,120.6,117.3,117.99,421815
2014-08-01,116.0,118.0,113.8,116.43,248835
2014-08-04,117.2,119.0,106.82,117.58,989355
2014-08-05,131.6,141.09,126.4,127.81,7338575
2014-08-06,129.6,129.75,125.0,126.48,1175170
2014-08-07,127.05,130.39,125.63,126.66,1129240
2014-08-08,125.58,125.58,119.6,120.4,1283265
2014-08-11,121.96,126.0,121.03,121.65,321400
2014-08-12,122.57,140.48,121.61,137.59,9786720
2014-08-13,137.4,138.0,126.45,129.6,2652455
2014-08-14,130.02,135.6,129.8,130.97,1394565
2014-08-18,130.8,134.0,129.84,130.91,512885
2014-08-19,130.6,133.6,128.26,131.91,691405
2014-08-20,132.79,138.0,131.0,134.34,1471945
2014-08-21,133.8,135.39,131.22,132.33,610755
2014-08-22,132.2,134.98,130.47,132.48,453225
2014-08-25,133.16,133.6,131.0,132.04,332440
2014-08-26,132.56,136.4,130.4,133.69,903720
2014-08-27,134.2,137.6,134.2,135.52,688675
2014-08-28,135.8,138.8,132.71,136.43,754655
2014-09-01,136.45,143.28,136.45,138.54,1168415
2014-09-02,137.74,141.6,137.0,138.22,647730
2014-09-03,139.0,144.0,138.0,140.86,1124485
2014-09-04,140.79,142.5,135.4,139.76,1850870
2014-09-05,141.0,143.86,139.85,143.24,798210
2014-09-08,144.19,144.19,141.05,142.22,467985
2014-09-09,142.99,150.6,140.8,146.68,976695
2014-09-10,146.0,148.58,144.4,145.77,410015
2014-09-11,146.4,149.4,144.22,145.87,285775
2014-09-12,146.0,148.0,143.23,144.1,505500
2014-09-15,144.99,147.4,141.2,145.04,1107060
2014-09-16,145.99,147.99,144.4,145.51,702205
2014-09-17,147.0,147.9,143.2,146.08,1576790
2014-09-18,146.78,151.98,146.78,150.33,1300780
2014-09-19,151.39,154.48,149.42,151.9,1715075
2014-09-22,151.4,151.43,142.68,148.5,931975
2014-09-23,147.0,149.72,144.4,146.63,1197795
2014-09-24,147.79,147.79,140.0,143.79,320885
2014-09-25,145.35,145.35,140.22,143.72,692870
2014-09-26,143.98,146.2,141.1,144.5,536690
2014-09-29,144.8,147.96,142.5,145.7,336825
2014-09-30,146.78,155.0,144.7,151.2,1419805
2014-10-01,152.41,155.14,148.47,150.5,551320
2014-10-07,151.32,151.32,145.48,145.97,357245
2014-10-08,144.52,147.2,141.6,143.03,229550
2014-10-09,143.99,145.8,143.2,144.0,160005
2014-10-10,143.6,146.4,141.05,142.29,243380
2014-10-13,141.01,143.83,140.25,141.66,165615
2014-10-14,141.64,142.92,136.81,139.98,312865
2014-10-16,138.6,139.2,130.09,131.25,328680
2014-10-17,131.25,136.38,129.04,132.05,499565
2014-10-20,132.82,135.6,132.8,134.22,939710
2014-10-21,133.3,135.47,133.0,134.04,147635
2014-10-22,134.98,137.3,133.82,134.21,131900
2014-10-23,135.4,136.6,135.2,136.04,67570
2014-10-27,137.61,138.0,135.02,135.86,419730
2014-10-28,135.0,137.85,133.36,134.64,290655
2014-10-29,145.12,161.56,144.4,161.09,15811115
2014-10-30,164.28,184.4,156.4,179.62,21517220
2014-10-31,178.38,178.38,168.66,170.44,7435385
2014-11-03,168.0,179.44,167.01,171.91,4318900
2014-11-05,172.99,176.58,169.0,169.95,1857710
2014-11-07,171.74,172.09,164.88,165.9,1348075
2014-11-10,167.1,171.36,162.07,162.9,2340455
2014-11-11,163.99,166.58,162.02,162.61,951770
2014-11-12,162.82,165.34,159.83,160.64,816855
2014-11-13,161.96,164.8,160.0,161.87,952470
2014-11-14,162.4,168.98,161.05,167.53,2899190
2014-11-17,167.9,171.97,165.2,170.11,1903720
2014-11-18,169.44,169.98,165.0,165.82,694220
2014-11-19,165.21,191.76,165.21,180.53,17636310
2014-11-20,180.8,190.36,180.8,182.43,7245345
2014-11-21,183.03,185.4,178.04,179.65,3390035
2014-11-24,181.39,182.4,176.0,177.1,1345480
2014-11-25,177.61,179.98,169.34,177.41,2070730
2014-11-26,178.22,188.0,178.22,180.65,4488925
2014-11-27,180.65,184.48,177.26,179.83,2017465
2014-11-28,180.39,183.32,177.03,178.27,1233010
2014-12-01,177.01,179.54,173.73,174.58,727855
2014-12-02,173.0,181.0,170.62,177.29,1755780
2014-12-03,177.6,179.6,175.21,176.34,680405
2014-12-04,175.0,184.2,174.0,180.69,2926310
2014-12-05,181.0,183.0,175.22,176.34,937095
2014-12-08,176.42,184.58,176.02,177.1,2207870
2014-12-09,176.45,179.6,172.23,174.45,850340
2014-12-10,173.46,176.96,172.29,173.06,829610
2014-12-11,172.32,174.76,170.0,170.71,694890
2014-12-12,171.4,177.96,171.0,173.51,1606055
2014-12-15,172.65,174.94,170.14,171.65,1599640
2014-12-16,170.22,171.78,166.2,168.12,890705
2014-12-17,167.0,171.7,165.9,168.05,781145
2014-12-18,169.6,172.0,169.0,169.81,415665
2014-12-19,171.24,173.74,169.1,170.79,467930
2014-12-22,171.28,175.0,169.61,171.75,875320
2014-12-23,172.4,173.96,170.0,170.88,489785
2014-12-24,171.04,173.34,170.2,170.93,648390
2014-12-26,171.0,173.87,169.0,172.04,412220
2014-12-29,173.54,177.37,171.67,173.65,1022065
2014-12-30,173.24,177.4,172.22,172.83,1455855
2014-12-31,173.01,176.0,172.89,175.03,1020385
2015-01-01,175.4,177.67,174.25,175.28,541820
2015-01-02,181.8,194.28,181.8,184.35,7249770
2015-01-05,185.6,187.0,180.26,181.49,1852035
2015-01-06,180.2,180.2,172.7,173.48,949175
2015-01-07,173.0,174.37,169.0,171.55,1219910
2015-01-08,173.2,175.99,172.05,172.97,771725
2015-01-09,174.4,175.0,170.02,171.13,811935
2015-01-12,171.98,172.66,168.52,169.58,788335
2015-01-13,169.01,184.88,168.4,179.55,5287310
2015-01-14,181.14,186.76,179.8,183.36,3384715
2015-01-15,186.29,187.18,181.0,183.6,1235485
2015-01-16,183.0,185.54,180.48,183.26,638815
2015-01-19,184.16,185.4,182.0,182.78,534620
2015-01-20,183.34,186.02,182.2,184.92,730085
2015-01-21,185.59,189.18,184.0,185.13,802650
2015-01-22,185.38,190.2,184.97,187.88,815005
2015-01-23,189.78,195.8,187.41,191.0,1346555
2015-01-27,192.0,192.98,186.1,188.79,638315
2015-01-28,187.0,196.0,187.0,194.93,1614070
2015-01-29,195.9,199.6,191.65,192.74,1158975
2015-01-30,193.4,194.39,189.0,189.93,280760
2015-02-02,189.4,195.0,186.03,192.98,376455
2015-02-03,194.8,196.8,190.27,195.9,517500
2015-02-04,196.79,205.0,195.0,199.64,1868765
2015-02-05,199.98,200.99,193.1,195.82,738010
2015-02-06,195.82,195.97,185.64,188.91,640350
2015-02-09,188.0,194.2,183.0,189.45,548830
2015-02-10,190.6,202.09,190.6,197.88,1319015
2015-02-11,191.6,191.6,176.34,186.64,1653075
2015-02-12,188.38,192.0,186.61,188.82,658685
2015-02-13,188.2,191.56,184.6,187.76,372930
2015-02-16,188.29,191.2,186.2,186.99,247225
2015-02-18,187.6,187.8,182.66,183.85,283385
2015-02-19,183.94,186.19,181.72,184.7,261365
2015-02-20,184.56,186.0,183.04,185.44,243625
2015-02-23,185.98,187.48,182.5,184.56,224590
2015-02-24,185.2,185.8,183.37,184.03,135820
2015-02-25,180.22,195.0,180.22,187.43,1746225
2015-02-26,187.01,192.37,183.0,184.76,520770
2015-02-27,185.01,191.37,185.01,189.17,389870
2015-02-28,188.6,191.6,183.6,187.08,521630
2015-03-02,187.01,191.8,184.1,190.27,646815
2015-03-03,191.98,201.8,188.4,196.7,894625
2015-03-04,198.8,199.66,187.4,188.67,641070
2015-03-05,189.2,191.8,186.2,188.04,217535
2015-03-09,187.4,190.8,184.38,185.28,336380
2015-03-10,186.37,189.99,184.2,185.1,322255
2015-03-11,185.18,188.8,184.22,185.0,350115
2015-03-12,185.8,187.2,182.4,184.38,272655
2015-03-13,185.02,187.0,182.22,182.72,230625
2015-03-16,182.72,184.61,181.6,183.34,137635
2015-03-17,184.72,188.8,183.6,184.84,559025
2015-03-18,185.44,187.0,184.4,185.91,199860
2015-03-19,187.26,189.9,186.2,187.52,744195
2015-03-20,187.99,189.6,180.25,181.96,467085
2015-03-23,182.79,185.71,182.62,184.01,447645
2015-03-24,183.2,186.2,181.02,182.51,243945
2015-03-25,183.79,185.79,181.7,182.43,552170
2015-03-26,182.14,183.01,179.1,180.22,173975
2015-03-27,179.21,182.0,175.09,178.25,195420
2015-03-30,179.17,195.0,179.02,190.31,407865
2015-03-31,192.0,204.4,184.22,198.4,1260790
2015-04-01,197.02,204.2,196.0,199.9,852170
2015-04-06,198.8,206.8,198.8,201.32,414085
2015-04-07,202.0,217.78,202.0,211.54,2182985
2015-04-08,213.02,216.17,209.0,211.25,622670
2015-04-09,210.2,212.85,205.0,206.05,264510
2015-04-10,206.05,212.0,203.56,204.08,286790
2015-04-13,205.29,210.35,201.6,203.74,277940
2015-04-15,206.4,215.96,206.4,210.11,890360
2015-04-16,212.74,216.0,204.05,205.49,605100
2015-04-17,205.69,216.79,205.0,213.14,743190
2015-04-20,215.23,224.5,213.22,221.12,1434555
2015-04-21,222.8,225.4,217.0,222.43,1055330
2015-04-22,219.0,224.0,212.22,215.77,774865
2015-04-23,217.79,220.51,210.83,212.23,390930
2015-04-24,211.0,213.39,200.05,200.87,394290
2015-04-27,201.78,201.78,190.8,192.0,580720
2015-04-28,190.79,203.0,187.53,200.55,556825
2015-04-29,195.16,210.76,195.16,207.46,327355
2015-04-30,202.08,206.71,186.34,194.42,1831780
2015-05-04,198.2,206.2,192.03,194.49,521365
2015-05-05,195.98,197.6,194.0,194.63,259630
2015-05-06,194.95,198.2,188.6,190.79,442480
2015-05-07,192.0,196.0,182.8,184.15,1116700
2015-05-08,185.99,190.61,185.99,187.4,264335
2015-05-11,189.58,192.77,187.4,189.42,568135
2015-05-12,190.78,191.6,180.81,181.38,1679060
2015-05-13,183.04,187.0,179.8,184.15,1064325
2015-05-14,184.2,191.6,182.0,188.02,484140
2015-05-15,188.39,192.8,187.23,192.12,476980
2015-05-18,193.5,197.49,192.0,196.71,296760
2015-05-19,196.6,198.98,192.94,195.25,262825
2015-05-20,196.0,198.64,196.0,197.28,242795
2015-05-21,199.6,203.0,196.81,202.32,472050
2015-05-22,203.6,205.8,201.61,202.96,876030
2015-05-25,202.96,202.96,197.62,198.69,268935
2015-05-26,198.56,199.83,195.0,198.61,449915
2015-05-27,196.84,201.4,194.12,199.5,185245
2015-05-28,199.59,203.18,198.0,202.08,302685
2015-05-29,202.2,227.54,202.2,220.21,1723920
2015-06-01,223.2,233.0,218.61,227.94,1524020
2015-06-02,227.6,228.0,215.62,222.2,545095
2015-06-03,220.4,227.6,206.0,210.65,666650
2015-06-04,212.8,217.58,201.8,216.1,558865
2015-06-05,216.08,222.78,212.0,216.36,867290
2015-06-08,218.0,219.8,207.0,211.3,497285
2015-06-09,210.0,215.6,206.22,209.89,439905
2015-06-10,210.38,218.79,208.8,214.89,481305
2015-06-11,216.0,217.32,204.84,206.79,508805
2015-06-12,205.96,211.8,201.6,205.03,502490
2015-06-15,205.6,209.82,203.6,204.79,356495
2015-06-16,204.79,209.0,200.4,206.66,434490
2015-06-17,207.43,214.69,206.21,207.97,688865
2015-06-18,210.4,216.2,209.02,214.47,833140
2015-06-19,215.0,219.0,213.24,214.35,742080
2015-06-22,214.68,225.0,212.02,223.16,1065570
2015-06-23,226.8,229.0,223.0,224.34,1480370
2015-06-24,224.4,228.0,218.93,221.83,889895
2015-06-25,216.61,228.0,216.61,224.76,337990
2015-06-26,225.76,244.41,225.03,240.13,4330405
2015-06-29,234.96,247.2,230.22,245.29,3327835
2015-06-30,246.8,250.2,244.2,246.45,1117495
2015-07-01,246.4,253.6,245.0,247.35,1454905
2015-07-02,250.0,255.0,247.25,251.5,1179365
2015-07-03,252.0,254.54,248.23,250.43,704810
2015-07-06,246.0,265.98,245.55,264.65,2390380
2015-07-07,267.59,271.2,263.26,265.78,2248160
2015-07-08,262.2,270.0,256.47,260.13,1970365
2015-07-09,260.13,265.8,259.52,260.89,912285
2015-07-10,265.8,265.8,258.7,261.32,821300
2015-07-13,261.4,262.9,254.8,261.27,626370
2015-07-14,261.6,263.85,259.19,261.76,925985
2015-07-15,262.6,267.3,260.54,261.58,1040475
2015-07-16,263.54,264.88,259.27,260.82,539520
2015-07-17,261.72,264.99,260.41,262.08,651915
2015-07-20,262.4,270.8,261.63,269.64,1476690
2015-07-21,271.36,272.41,257.51,260.22,1329745
2015-07-22,260.22,264.4,260.2,263.12,504970
2015-07-23,264.0,264.0,259.11,261.66,397035
2015-07-24,262.6,263.71,258.68,259.8,251580
2015-07-27,259.8,260.64,254.06,256.03,475010
2015-07-28,256.58,265.0,252.04,262.09,1073815
2015-07-29,263.0,264.08,261.0,262.22,348485
2015-07-30,264.5,277.4,261.82,275.56,2213775
2015-07-31,278.0,284.7,273.45,278.13,2095855
2015-08-03,273.94,283.21,273.78,277.01,606805
2015-08-04,277.6,294.48,274.14,292.74,2302215
2015-08-05,296.6,299.77,292.0,293.17,1522365
2015-08-06,294.8,295.33,282.36,288.96,1112515
2015-08-07,293.8,295.0,281.84,284.11,1799005
2015-08-10,287.94,288.99,281.62,283.29,676865
2015-08-11,285.54,287.78,274.82,278.08,1018230
2015-08-12,276.79,278.0,260.3,262.94,865570
2015-08-13,265.19,267.8,253.4,256.67,933670
2015-08-14,259.5,266.97,257.86,263.62,646415
2015-08-17,264.0,265.16,257.0,259.39,493245
2015-08-18,257.2,276.0,257.2,271.18,976565
2015-08-19,276.8,277.46,267.2,269.35,1408845
2015-08-20,269.35,271.08,258.08,259.63,887715
2015-08-21,255.33,259.11,246.52,253.75,1098960
2015-08-24,241.22,245.16,210.25,215.1,1738250
2015-08-25,219.0,235.77,203.57,230.8,1457300
2015-08-26,231.05,239.8,222.25,235.33,1266400
2015-08-27,240.0,244.0,235.7,239.33,752445
2015-08-28,242.6,247.94,237.55,239.87,686165
2015-08-31,242.2,242.2,232.0,235.67,981685
2015-09-01,230.2,234.8,226.26,228.08,781400
2015-09-02,226.44,229.8,220.8,222.99,1336220
2015-09-03,225.54,236.2,223.2,230.94,1178940
2015-09-04,230.94,230.94,215.0,221.11,1398975
2015-09-07,224.0,224.97,210.96,214.6,611790
2015-09-08,213.97,221.39,209.11,219.23,1067350
2015-09-09,221.54,227.25,219.23,220.44,714390
2015-09-10,214.5,222.82,210.0,221.53,1052220
2015-09-11,228.0,235.98,226.4,229.94,1836865
2015-09-14,232.47,232.8,225.23,231.37,861175
2015-09-15,231.37,234.55,227.64,228.86,593650
2015-09-16,231.0,231.63,219.8,224.25,772815
2015-09-18,229.18,230.88,224.24,229.35,1224835
2015-09-21,227.32,231.8,225.2,228.1,757925
2015-09-22,229.0,239.6,223.0,225.23,1814055
2015-09-23,222.4,228.33,217.58,226.02,653485
2015-09-24,225.68,230.0,223.44,225.68,1060720
2015-09-28,225.68,231.4,223.56,224.41,457765
2015-09-29,223.65,229.4,221.02,226.01,557640
2015-09-30,226.8,229.21,220.53,224.72,744820
2015-10-01,228.0,229.18,223.91,225.96,472690
2015-10-05,228.0,238.79,227.8,236.65,1232330
2015-10-06,238.94,241.8,233.2,237.26,1125440
2015-10-07,234.21,248.83,234.21,247.39,2081820
2015-10-08,249.16,250.48,243.43,246.03,1348905
2015-10-09,246.03,249.6,240.0,243.51,561445
2015-10-12,243.91,248.0,241.51,245.23,550690
2015-10-13,246.95,247.4,242.5,245.19,276750
2015-10-14,245.5,255.27,244.78,253.73,1345800
2015-10-15,254.8,255.9,250.51,253.22,504890
2015-10-16,254.0,263.16,251.0,260.55,799165
2015-10-19,262.05,267.48,259.0,265.78,1001240
2015-10-20,265.96,266.0,258.51,261.73,407645
2015-10-21,261.8,264.87,258.16,260.91,453425
2015-10-23,261.2,263.9,256.35,258.27,415085
2015-10-26,258.8,263.53,257.2,259.56,584830
2015-10-27,259.19,262.22,250.3,260.82,325180
2015-10-28,261.0,275.72,260.8,271.55,1763845
2015-10-29,273.4,278.44,270.24,271.73,1605845
2015-10-30,272.08,276.3,261.56,264.46,606395
2015-11-02,266.45,267.8,258.86,265.58,432945
2015-11-03,265.8,269.17,262.99,267.13,471930
2015-11-04,267.2,269.74,264.05,265.92,360235
2015-11-05,265.96,266.61,260.22,263.55,369320
2015-11-06,263.25,265.2,251.5,258.39,873110
2015-11-09,249.0,260.88,246.23,258.35,482130
2015-11-10,257.8,259.93,251.02,253.2,467120
2015-11-11,254.34,256.2,253.2,254.24,83315
2015-11-13,254.3,254.3,231.33,244.82,1380290
2015-11-16,247.99,254.4,240.52,253.02,640750
2015-11-17,255.6,258.0,249.75,256.89,690800
2015-11-18,255.3,258.4,245.4,247.13,660335
2015-11-19,249.76,255.0,248.06,253.54,517210
2015-11-20,253.2,258.38,252.02,255.34,591585
2015-11-23,255.6,258.08,249.71,250.95,433260
2015-11-24,252.2,254.23,248.46,250.87,318535
2015-11-26,253.38,253.38,247.02,248.89,538185
2015-11-27,248.0,252.01,246.21,250.53,458100
2015-11-30,250.86,256.03,249.17,255.14,567490
2015-12-01,255.0,257.89,251.55,252.93,379760
2015-12-02,255.19,255.19,243.1,246.94,502965
2015-12-03,245.41,250.6,244.0,245.89,419370
2015-12-04,243.96,247.8,242.86,245.59,356750
2015-12-07,246.9,249.19,242.0,244.58,330550
2015-12-08,243.6,246.2,241.95,242.92,308875
2015-12-09,242.4,243.6,235.35,238.26,436790
2015-12-10,238.01,241.41,233.4,239.3,606705
2015-12-11,240.4,242.2,235.86,237.72,525075
2015-12-14,234.63,240.48,232.93,234.96,543300
2015-12-15,235.98,236.8,229.19,234.54,682780
2015-12-16,235.99,240.0,233.02,237.36,543155
2015-12-17,239.0,249.63,237.16,248.48,1510755
2015-12-18,248.4,249.6,243.2,247.15,734480
2015-12-21,249.0,251.8,245.8,248.88,493040
2015-12-22,249.38,250.18,244.42,247.61,648870
2015-12-23,250.8,250.8,245.21,245.9,445285
2015-12-24,246.7,250.3,244.02,248.63,439190
2015-12-28,250.0,257.17,248.2,255.1,700680
2015-12-29,258.95,258.95,254.0,255.12,535715
2015-12-30,256.2,256.93,252.92,253.91,315210
2015-12-31,255.6,257.4,251.12,252.94,561870
2016-01-01,253.15,255.97,251.8,252.62,205615
2016-01-04,253.16,256.19,247.0,249.42,570180
2016-01-05,250.4,258.2,248.4,256.44,609995
2016-01-06,255.8,272.4,254.61,269.56,3529670
2016-01-07,268.8,268.8,258.44,261.06,1627300
2016-01-08,261.2,266.28,261.2,263.53,629795
2016-01-11,261.8,261.95,253.0,259.09,371860
2016-01-12,261.8,266.96,258.42,260.51,600450
2016-01-13,262.54,264.0,245.21,252.33,1612525
2016-01-14,245.23,251.0,244.2,247.0,742655
2016-01-15,246.6,249.73,240.83,242.64,689350
2016-01-18,242.1,245.16,226.46,228.44,1190795
2016-01-19,226.4,231.0,221.4,226.95,764810
2016-01-20,224.4,226.0,217.36,220.93,810905
2016-01-21,222.8,227.19,217.02,223.02,721585
2016-01-22,223.8,230.85,223.45,227.02,728225
2016-01-25,228.0,232.99,224.71,225.61,594020
2016-01-27,227.0,227.8,220.21,222.23,617565
2016-01-28,223.0,228.79,217.27,227.28,1745255
2016-01-29,228.8,234.8,223.21,233.31,680085
2016-02-01,233.31,237.11,231.0,232.87,486640
2016-02-02,231.0,236.4,228.51,230.01,450035
2016-02-03,227.6,228.6,218.62,220.12,632185
2016-02-04,220.8,226.76,214.65,218.14,633325
2016-02-05,219.04,228.6,216.2,227.79,820225
2016-02-08,227.2,232.4,223.86,227.18,635180
2016-02-09,226.58,234.21,216.0,231.8,1196300
2016-02-10,231.8,235.86,225.92,231.55,1046980
2016-02-11,230.2,232.46,222.45,224.86,883670
2016-02-12,224.8,226.37,210.16,218.86,544205
2016-02-15,220.0,230.37,220.0,228.71,986610
2016-02-16,228.01,230.78,215.35,216.97,551815
2016-02-17,217.6,222.63,209.29,219.93,1094615
2016-02-18,222.0,225.53,216.21,218.63,414935
2016-02-19,219.0,225.28,217.4,221.59,497415
2016-02-22,222.2,224.04,217.12,218.38,341390
2016-02-23,218.5,220.59,214.2,215.79,597855
2016-02-24,214.0,215.0,209.2,210.16,388330
2016-02-25,212.03,212.03,204.6,207.25,1572650
2016-02-26,209.72,213.4,208.81,210.15,438320
2016-02-29,211.4,212.4,205.11,211.3,756325
2016-03-01,211.4,221.98,210.15,220.24,430710
2016-03-02,223.24,226.6,219.65,221.02,1048105
2016-03-03,222.0,230.98,220.71,229.61,601655
2016-03-04,232.38,243.24,231.6,241.5,1166020
2016-03-08,242.4,244.0,235.27,236.54,545320
2016-03-09,235.4,240.89,231.61,239.27,786270
2016-03-10,238.88,241.59,235.27,236.25,546915
2016-03-11,237.59,239.08,234.0,235.85,450085
2016-03-14,237.02,241.0,234.04,238.64,324875
2016-03-15,240.0,247.2,237.4,240.53,1623285
2016-03-16,241.98,243.19,234.0,240.34,771290
2016-03-17,242.02,244.96,237.28,238.73,573145
2016-03-18,240.83,243.45,237.59,241.73,531105
2016-03-21,241.23,246.5,241.23,245.11,974490
2016-03-22,245.95,246.94,240.6,245.39,763245
2016-03-23,246.0,251.71,244.2,249.98,869130
2016-03-28,251.16,256.88,248.74,253.59,1399520
2016-03-29,255.22,256.93,247.24,254.84,701870
2016-03-30,255.6,264.0,253.6,260.83,654695
2016-03-31,261.0,266.77,258.22,261.69,1210725
2016-04-01,259.0,259.0,252.9,255.88,571575
2016-04-04,256.8,257.87,254.4,255.7,232435
2016-04-05,254.13,256.08,245.4,246.33,550705
2016-04-06,246.6,259.97,246.0,257.36,887430
2016-04-07,251.15,256.95,251.15,252.04,470740
2016-04-08,249.6,257.7,249.04,255.85,351860
2016-04-11,259.0,261.4,253.42,258.88,447930
2016-04-12,257.59,264.75,257.49,260.39,854670
2016-04-13,262.0,276.78,262.0,274.86,1570015
2016-04-18,276.96,282.98,276.0,277.27,1371175
2016-04-20,277.57,282.38,276.55,279.51,512025
2016-04-21,280.0,283.2,270.4,271.76,691445
2016-04-22,271.58,272.83,266.4,270.96,578410
2016-04-25,272.4,274.36,267.23,269.5,516780
2016-04-26,269.21,272.29,268.07,269.81,1050235
2016-04-27,272.0,272.48,268.02,271.15,429150
2016-04-28,271.2,273.9,267.2,268.51,822950
2016-04-29,268.4,274.0,263.49,272.93,593175
2016-05-02,272.04,277.49,270.44,271.81,536265
2016-05-03,272.0,275.03,267.24,268.41,359705
2016-05-04,268.0,271.68,266.5,267.29,274280
2016-05-05,269.0,283.31,267.4,276.73,1901545
2016-05-06,276.86,278.39,270.23,272.75,443450
2016-05-09,276.99,284.51,273.95,283.37,1106830
2016-05-10,284.87,288.3,279.65,282.5,1176470
2016-05-11,284.6,293.76,280.51,287.55,3096675
2016-05-12,289.0,291.0,273.26,277.44,1531020
2016-05-13,273.8,273.8,246.96,252.24,5256560
2016-05-16,252.59,257.39,247.06,252.03,2762890
2016-05-17,253.1,255.6,250.25,252.89,1575220
2016-05-18,250.24,254.58,248.79,252.88,1160585
2016-05-19,254.4,257.6,244.49,246.47,1293590
2016-05-20,246.4,247.2,234.6,240.17,1293100
2016-05-23,242.01,243.56,235.1,237.04,1075720
2016-05-24,237.04,243.0,233.07,241.16,1270635
2016-05-25,243.4,248.44,239.77,247.0,1019725
2016-05-26,247.0,249.86,245.2,247.13,1152840
2016-05-27,247.98,254.0,245.88,252.11,724395
2016-05-30,254.0,261.56,253.13,260.53,1365430
2016-05-31,262.2,262.2,257.2,259.42,1465750
2016-06-01,260.0,261.9,253.43,257.57,702655
2016-06-02,253.0,258.18,252.31,257.18,631300
2016-06-03,259.0,259.0,250.0,250.97,413725
2016-06-06,249.02,255.18,247.94,252.77,314375
2016-06-07,253.04,254.94,250.35,252.95,590670
2016-06-08,252.0,253.36,250.14,251.4,208580
2016-06-09,252.0,254.96,247.57,253.76,949815
2016-06-10,254.0,256.29,248.66,250.05,873290
2016-06-13,250.0,261.6,246.43,259.88,1671010
2016-06-14,262.19,262.19,251.23,252.46,1263315
2016-06-15,253.71,257.4,253.14,256.87,1125895
2016-06-16,256.99,257.16,251.2,252.67,382585
2016-06-17,253.06,256.58,250.68,251.21,409955
2016-06-20,251.2,255.0,248.71,253.74,647345
2016-06-21,255.99,256.0,251.31,252.38,350160
2016-06-22,252.38,253.96,250.09,250.74,342505
2016-06-23,251.4,251.79,249.6,250.2,333135
2016-06-24,244.3,252.0,239.33,250.59,599310
2016-06-27,252.2,254.8,250.2,253.32,323845
2016-06-28,254.96,257.08,253.0,256.13,385060
2016-06-29,256.6,259.8,256.0,258.91,378840
2016-06-30,260.22,264.94,258.14,262.57,2055995
2016-07-01,262.6,265.49,262.0,262.87,262835
2016-07-04,265.5,266.85,262.22,263.96,390955
2016-07-05,263.4,266.79,261.01,262.09,299380
2016-07-07,263.0,268.78,261.45,265.02,1115280
2016-07-08,266.0,267.74,259.21,261.95,439315
2016-07-11,265.0,267.0,262.44,263.3,251590
2016-07-12,264.4,272.28,264.0,270.68,914300
2016-07-13,270.4,272.59,267.0,267.85,353750
2016-07-14,272.6,287.4,272.0,274.82,5308105
2016-07-15,276.0,276.0,265.8,267.47,825765
2016-07-18,269.6,273.8,264.51,267.95,711590
2016-07-19,268.38,270.62,264.87,266.69,484650
2016-07-20,266.34,273.0,265.8,270.17,621740
2016-07-21,270.6,277.6,268.52,272.94,1046130
2016-07-22,273.2,279.6,272.11,278.58,873315
2016-07-25,279.0,281.6,275.0,278.12,975680
2016-07-26,280.4,283.61,277.25,278.21,1086175
2016-07-27,279.0,283.77,278.21,282.33,956740
2016-07-28,282.4,286.4,280.8,285.21,1129540
2016-07-29,285.98,294.48,285.98,293.16,1036030
2016-08-01,294.05,305.6,294.05,302.57,2077920
2016-08-02,304.2,304.96,294.95,298.8,886390
2016-08-03,299.8,301.04,294.0,295.17,909205
2016-08-04,297.38,302.79,292.44,300.66,842155
2016-08-05,302.0,309.9,302.0,306.37,1048775
2016-08-08,309.2,311.2,299.2,307.81,1145610
2016-08-09,312.98,337.74,310.0,316.18,10467745
2016-08-10,316.18,325.72,309.6,312.31,4380650
2016-08-11,314.24,316.99,307.62,311.75,1196925
2016-08-12,312.99,319.59,312.0,316.76,1063770
2016-08-16,317.59,318.37,309.98,316.66,652155
2016-08-17,314.0,325.94,314.0,322.23,1417420
2016-08-18,321.78,327.0,309.54,324.17,1449600
2016-08-19,323.9,327.95,321.7,322.56,944355
2016-08-22,323.99,326.4,321.71,324.76,664185
2016-08-23,324.6,333.25,324.2,331.86,1401265
2016-08-24,332.2,338.4,330.19,336.27,1099210
2016-08-25,336.2,341.89,333.4,335.84,1372265
2016-08-26,337.28,342.4,333.0,334.93,1162985
2016-08-29,334.78,336.7,331.73,334.13,486405
2016-08-30,336.0,339.8,331.53,337.31,453530
2016-08-31,339.4,346.0,336.62,344.3,1607550
2016-09-01,345.98,350.0,341.1,342.73,1023720
2016-09-02,343.2,346.8,339.85,341.0,654915
2016-09-06,344.51,345.91,340.8,343.5,419505
2016-09-07,345.0,349.8,343.51,346.8,774160
2016-09-08,347.0,350.97,344.0,346.08,588085
2016-09-09,346.21,347.8,342.5,343.65,362515
2016-09-12,326.6,336.23,323.51,325.05,671900
2016-09-14,325.91,333.6,325.34,330.6,309720
2016-09-15,331.0,335.58,327.1,328.06,591855
2016-09-16,330.0,337.0,322.57,324.98,1587405
2016-09-19,326.0,329.8,325.0,327.24,426145
2016-09-20,327.0,328.94,324.6,325.29,296310
2016-09-21,325.2,326.01,319.4,321.88,461110
2016-09-22,326.0,330.0,323.21,324.84,444515
2016-09-23,328.96,360.0,325.76,357.57,7141230
2016-09-26,355.8,362.2,352.58,357.52,2873565
2016-09-27,358.24,364.96,351.65,353.3,2840505
2016-09-28,354.62,361.8,354.42,359.11,1016205
2016-09-29,361.4,364.63,334.0,350.56,2033375
2016-09-30,350.41,357.0,349.07,355.54,989345
2016-10-03,358.0,385.0,355.02,381.68,2864300
2016-10-04,383.8,385.59,371.08,373.38,1381450
2016-10-05,375.34,394.0,374.62,384.89,4265945
2016-10-06,387.5,389.26,374.4,378.09,1775360
2016-10-07,379.76,389.12,376.0,378.78,1973915
2016-10-10,382.0,385.55,378.0,379.26,929655
2016-10-13,378.96,379.8,370.12,375.24,967000
2016-10-14,377.8,378.8,372.61,374.02,596835
2016-10-17,375.4,377.99,363.14,367.95,787230
2016-10-18,367.78,375.66,364.93,374.1,913535
2016-10-19,374.24,376.98,369.0,374.01,673490
2016-10-20,374.1,387.54,372.22,384.97,1808595
2016-10-21,385.8,391.68,380.64,382.72,1791665
2016-10-24,386.07,386.07,375.61,376.58,653270
2016-10-25,376.2,378.67,373.12,375.04,461975
2016-10-26,375.6,376.0,367.57,369.55,310395
2016-10-27,368.8,370.8,358.11,361.95,696690
2016-10-28,362.0,369.28,361.03,364.19,581540
2016-10-30,365.96,368.18,364.1,365.3,67310
2016-11-01,367.14,370.0,361.52,362.72,327205
2016-11-02,359.01,360.0,344.49,347.05,657800
2016-11-03,342.45,355.4,342.45,347.63,601330
2016-11-04,350.2,350.2,330.3,340.68,1062350
2016-11-07,345.8,347.83,341.0,343.8,1470650
2016-11-08,347.0,353.0,344.0,348.78,835690
2016-11-09,314.52,346.05,314.52,341.3,1262675
2016-11-10,350.0,356.8,346.4,350.24,697295
2016-11-11,348.0,349.81,336.0,338.11,706590
2016-11-15,333.2,333.24,319.97,323.2,2059410
2016-11-16,328.0,335.61,303.21,304.96,1552645
2016-11-17,301.22,303.8,283.0,292.61,3619295
2016-11-18,294.4,294.4,270.2,285.23,3414380
2016-11-21,285.25,299.8,280.92,287.01,3525110
2016-11-22,290.99,293.76,283.09,287.52,1072360
2016-11-23,290.8,295.36,288.4,292.9,1094460
2016-11-24,291.4,296.2,287.43,290.4,1142695
2016-11-25,293.0,309.78,291.23,305.99,1492175
2016-11-28,308.0,311.04,304.22,305.69,1478370
2016-11-29,307.96,312.96,305.13,308.63,795435
2016-11-30,311.2,323.36,309.71,314.99,1693925
2016-12-01,316.28,318.32,309.2,316.55,944640
2016-12-02,315.0,315.2,303.0,305.7,886950
2016-12-05,303.57,308.41,300.2,307.01,2259035
2016-12-06,308.4,311.73,303.8,305.02,418650
2016-12-07,306.71,309.8,300.21,302.78,652535
2016-12-08,305.6,314.86,303.39,308.04,1557225
2016-12-09,310.9,310.9,304.22,306.94,609745
2016-12-12,306.78,309.2,299.91,303.67,695415
2016-12-13,306.6,309.2,303.4,304.9,804245
2016-12-14,305.11,310.52,304.02,305.22,1476495
2016-12-15,301.04,307.55,301.04,301.85,540110
2016-12-16,304.52,304.52,298.22,301.49,630560
2016-12-19,302.8,304.4,301.0,301.68,300415
2016-12-20,302.11,302.98,295.11,296.18,629820
2016-12-21,298.4,300.94,290.08,296.92,953665
2016-12-22,294.4,299.74,294.4,296.98,825145
2016-12-23,297.4,302.35,296.64,298.79,936040
2016-12-26,298.0,298.0,290.2,291.87,590130
2016-12-27,292.0,304.2,288.8,302.2,920950
2016-12-28,303.2,306.88,299.29,300.55,901010
2016-12-29,300.4,307.0,297.1,305.69,1248045
2016-12-30,305.8,310.93,305.58,309.29,486365
2017-01-02,310.0,312.8,306.23,311.68,483170
2017-01-03,311.97,314.6,309.12,310.04,560920
2017-01-04,310.64,314.4,308.0,309.89,489975
2017-01-05,309.89,319.0,309.61,316.9,794385
2017-01-06,317.6,322.7,312.0,313.05,817790
2017-01-09,313.06,316.59,310.59,314.11,385910
2017-01-10,314.45,317.6,313.28,315.2,295495
2017-01-11,316.2,331.8,315.71,330.41,2242850
2017-01-12,332.0,333.0,323.1,326.94,1301060
2017-01-13,327.57,329.65,321.6,324.05,549875
2017-01-16,324.06,328.4,322.4,324.86,625775
2017-01-17,327.97,341.15,327.53,331.19,3882685
2017-01-18,331.38,335.98,329.32,331.23,1035715
2017-01-19,331.23,335.0,329.41,333.77,726330
2017-01-20,334.0,338.59,327.74,328.86,1409515
2017-01-23,328.75,332.6,327.02,330.63,586655
2017-01-24,330.99,335.2,325.67,333.0,840220
2017-01-25,333.64,343.0,331.02,341.94,1576385
2017-01-27,342.0,352.0,339.22,341.38,1020035
2017-01-30,341.2,343.0,336.75,338.2,554100
2017-01-31,338.2,349.0,337.6,343.06,1332635
2017-02-01,345.79,345.79,335.66,340.07,953490
2017-02-02,340.07,345.8,337.4,340.69,728775
2017-02-03,340.48,343.98,337.54,339.6,615605
2017-02-06,341.2,347.6,341.09,346.18,838675
2017-02-07,347.7,356.72,347.7,350.32,1656645
2017-02-08,353.2,354.59,349.25,351.75,612850
2017-02-09,352.13,354.4,346.54,348.68,565345
2017-02-10,348.8,353.78,346.94,350.41,677260
2017-02-13,343.0,347.52,310.4,320.14,6085165
2017-02-14,320.6,326.79,313.56,316.77,2572190
2017-02-15,316.77,320.0,304.02,305.85,1547520
2017-02-16,307.0,310.71,301.23,308.52,1857200
2017-02-17,310.0,320.32,306.0,318.2,1880140
2017-02-20,318.4,323.57,315.2,320.07,1480440
2017-02-21,320.0,323.71,319.09,321.06,484345
2017-02-22,321.38,322.88,313.6,314.6,490690
2017-02-23,315.0,317.18,309.4,310.44,1025930
2017-02-27,309.7,314.8,309.7,310.44,1136730
2017-02-28,311.8,313.0,310.2,311.23,277490
2017-03-01,311.39,314.28,308.42,310.0,617025
2017-03-02,311.01,323.4,310.4,314.66,1764355
2017-03-03,313.54,316.48,311.61,314.71,557635
2017-03-06,314.94,318.92,311.13,316.24,582340
2017-03-07,316.0,320.78,315.71,317.77,601270
2017-03-08,317.77,318.59,312.28,313.47,648070
2017-03-09,313.02,316.79,312.41,315.24,537430
2017-03-10,315.2,318.0,311.26,313.0,658780
2017-03-14,317.98,318.39,314.0,314.31,571770
2017-03-15,313.6,316.37,312.61,313.37,770155
2017-03-16,314.82,325.98,314.06,324.28,1597675
2017-03-17,326.0,328.11,320.56,323.02,2847855
2017-03-20,324.02,329.28,322.05,323.25,905950
2017-03-21,325.54,326.83,318.0,320.43,745930
2017-03-22,319.4,324.81,312.0,316.59,1320900
2017-03-23,316.99,320.14,315.41,318.15,619960
2017-03-24,318.15,320.78,317.67,318.23,676110
2017-03-27,320.54,328.09,317.99,320.38,1861435
2017-03-28,320.38,323.98,318.36,319.71,921700
2017-03-29,320.0,323.99,318.67,320.14,444565
2017-03-30,320.49,324.56,316.0,320.82,1131870
2017-03-31,321.17,327.78,320.51,325.43,1018835
2017-04-03,326.38,334.89,326.0,332.41,1412150
2017-04-05,334.0,336.59,329.43,330.59,1401800
2017-04-06,331.0,333.57,327.2,329.55,954300
2017-04-07,330.0,331.78,326.32,327.42,897695
2017-04-10,328.4,331.0,324.94,326.54,994910
2017-04-11,327.0,328.94,325.6,327.64,728830
2017-04-12,328.4,333.61,325.0,329.39,1121210
2017-04-13,330.0,340.0,328.4,338.67,2023990
2017-04-17,341.27,343.53,338.79,340.9,904820
2017-04-18,342.8,344.88,326.8,329.86,905620
2017-04-19,332.49,336.69,327.31,335.23,793935
2017-04-20,336.0,344.41,335.17,342.22,966180
2017-04-21,342.4,344.6,337.71,339.93,599655
2017-04-24,341.0,346.58,339.18,342.89,1108860
2017-04-25,343.94,349.0,342.01,346.58,1305015
2017-04-26,347.0,354.28,346.07,349.79,1641415
2017-04-27,350.0,364.99,349.01,358.79,2449620
2017-04-28,360.02,361.91,352.32,354.28,645565
2017-05-02,356.18,359.96,351.38,353.72,662565
2017-05-03,355.98,358.6,353.07,354.63,507330
2017-05-04,354.42,357.27,347.94,349.82,447920
2017-05-05,353.48,357.0,348.94,351.45,545555
2017-05-08,351.83,354.8,346.3,347.87,380910
2017-05-09,350.0,355.0,347.21,352.32,419275
2017-05-10,353.84,357.79,342.78,355.94,595380
2017-05-11,359.59,363.59,353.41,355.39,717050
2017-05-12,357.0,359.0,351.0,353.36,355840
2017-05-15,353.4,362.0,353.4,360.44,574225
2017-05-16,358.04,370.0,358.04,368.27,1321025
2017-05-17,369.0,371.8,363.17,366.36,662310
2017-05-18,366.4,368.4,352.2,355.56,798070
2017-05-19,357.18,361.6,346.4,347.73,903050
2017-05-22,350.9,354.6,340.1,341.42,651945
2017-05-23,337.88,337.88,318.83,322.38,2689480
2017-05-24,321.2,324.0,315.82,317.67,1181925
2017-05-25,322.99,325.14,316.65,323.41,861200
2017-05-26,323.82,334.2,321.42,332.26,855125
2017-05-29,332.62,340.52,320.68,321.78,686330
2017-05-30,323.0,327.0,318.0,326.02,558625
2017-05-31,326.8,328.96,323.2,326.8,363155
2017-06-01,327.4,328.42,324.53,325.54,320660
2017-06-02,329.59,329.6,325.35,328.74,222985
2017-06-05,330.8,334.0,329.03,332.23,250980
2017-06-06,333.0,334.0,324.5,325.9,277650
2017-06-07,326.0,330.0,325.0,328.01,329805
2017-06-08,328.01,339.47,327.0,337.68,1001860
2017-06-09,338.1,339.2,333.0,334.55,320120
2017-06-12,333.0,336.0,326.02,327.19,384960
2017-06-13,329.19,333.19,326.5,330.59,626175
2017-06-14,330.4,332.43,324.6,326.36,516250
2017-06-15,326.36,327.04,321.48,324.65,900065
2017-06-16,324.01,330.65,324.01,326.35,359865
2017-06-19,326.35,328.35,325.23,326.61,190515
2017-06-20,327.6,329.92,324.8,325.77,288935
2017-06-21,323.6,329.6,323.6,326.54,417575
2017-06-22,326.54,329.2,324.0,325.09,380960
2017-06-23,325.6,326.38,314.0,318.33,668395
2017-06-27,318.99,319.4,306.7,307.49,651875
2017-06-28,307.2,309.0,300.62,302.99,440905
2017-06-29,302.99,309.49,302.99,306.83,552145
2017-06-30,305.8,310.0,302.49,308.13,502050
2017-07-03,308.33,317.42,308.33,316.04,743530
2017-07-04,315.99,316.8,309.28,310.49,379220
2017-07-05,309.98,314.63,308.6,312.98,524870
2017-07-06,312.98,314.0,304.37,307.85,657410
2017-07-07,306.98,308.98,302.51,306.84,422875
2017-07-10,307.2,310.59,304.32,309.37,144335
2017-07-11,310.0,314.4,308.48,310.82,803850
2017-07-12,312.39,313.36,309.8,311.25,273895
2017-07-13,312.1,315.26,310.32,311.57,690480
2017-07-14,311.6,313.85,309.2,310.21,352960
2017-07-17,310.8,312.39,306.44,308.23,298740
2017-07-18,308.23,309.0,302.06,304.54,530140
2017-07-19,306.77,307.0,301.05,305.62,555005
2017-07-20,307.4,307.4,300.0,300.46,2064265
2017-07-21,301.9,304.6,299.0,302.31,502135
2017-07-24,302.6,304.7,300.0,300.18,1239570
2017-07-25,301.45,304.77,299.14,303.25,583050
2017-07-26,305.8,313.0,302.6,311.7,1060295
2017-07-27,313.0,314.8,307.2,309.35,1180155
2017-07-28,308.41,309.81,304.42,308.12,338260
2017-07-31,308.94,311.4,301.8,303.75,877430
2017-08-01,305.78,307.2,301.81,302.72,837550
2017-08-02,302.94,311.8,302.38,307.28,1337295
2017-08-03,307.34,308.69,299.35,301.56,832075
2017-08-04,300.4,305.16,299.51,303.21,460855
2017-08-07,303.0,310.8,303.0,308.79,578975
2017-08-08,311.0,317.58,306.67,309.37,2139395
2017-08-09,302.8,302.8,283.05,287.09,5408930
2017-08-10,286.0,299.8,284.99,294.68,3510550
2017-08-11,287.6,302.0,285.0,295.96,1191005
2017-08-14,296.2,301.99,291.01,293.34,646120
2017-08-16,293.8,298.4,288.47,296.91,709130
2017-08-17,295.99,302.0,292.46,298.13,1186085
2017-08-18,296.02,304.2,293.5,297.78,857230
2017-08-21,296.22,300.41,295.2,296.11,263530
2017-08-22,296.6,298.78,289.7,292.09,518200
2017-08-23,292.4,295.88,291.2,292.75,742100
2017-08-24,292.75,293.69,289.26,290.27,815235
2017-08-28,290.0,296.12,286.56,294.27,844825
2017-08-29,293.98,298.0,291.31,292.84,1221850
2017-08-30,293.25,297.0,292.22,295.39,487390
2017-08-31,294.02,308.43,294.02,306.65,1315340
2017-09-01,309.59,309.59,302.8,304.04,529085
2017-09-04,304.04,309.0,297.96,300.77,562830
2017-09-05,302.8,309.51,302.49,306.79,1066070
2017-09-06,304.98,313.8,304.47,312.48,916650
2017-09-07,314.8,315.29,307.62,310.1,788195
2017-09-08,311.77,313.19,308.0,308.9,442520
2017-09-11,310.02,314.0,308.85,310.05,770900
2017-09-12,310.8,320.81,310.42,318.98,784635
2017-09-13,318.8,318.98,312.06,313.0,307905
2017-09-14,313.8,318.42,310.8,313.14,829535
2017-09-15,315.0,317.6,312.31,316.45,292605
2017-09-18,317.0,327.78,317.0,326.81,1099220
2017-09-19,328.17,328.7,321.4,323.26,379705
2017-09-20,324.0,326.7,319.0,320.48,328880
2017-09-21,323.59,323.59,317.3,320.24,279900
2017-09-22,318.6,318.69,306.2,307.43,327040
2017-09-25,305.4,314.76,302.0,306.88,907680
2017-09-26,309.0,311.39,302.36,307.22,712575
2017-09-27,309.57,309.96,303.15,304.44,386145
2017-09-28,306.96,309.81,302.0,307.14,282340
2017-09-29,309.4,311.58,306.4,308.22,200335
2017-10-03,309.2,316.09,308.99,313.68,253530
2017-10-04,313.6,313.6,307.36,308.66,497660
2017-10-05,308.4,315.0,305.52,311.34,672885
2017-10-06,314.0,317.8,313.4,315.57,1025320
2017-10-09,316.0,350.55,316.0,348.78,7111380
2017-10-10,347.21,349.61,339.2,343.72,2925185
2017-10-11,345.95,358.78,336.32,344.97,5161280
2017-10-12,345.2,354.78,344.82,351.94,2344330
2017-10-13,350.2,353.78,344.02,345.33,1022255
2017-10-16,345.4,352.51,343.45,344.65,1037930
2017-10-17,346.0,350.69,340.71,343.04,1034185
2017-10-18,343.0,345.67,330.21,335.0,1429300
2017-10-19,336.98,337.56,327.9,330.79,174655
2017-10-23,334.8,338.66,330.19,336.25,1088165
2017-10-24,337.8,338.59,330.94,332.07,586110
2017-10-25,332.6,335.49,326.22,328.16,862035
2017-10-26,327.4,336.22,324.51,328.48,919975
2017-10-27,329.98,334.68,329.01,330.21,317150
2017-10-30,330.0,344.0,326.82,341.46,1104075
2017-10-31,341.0,345.51,336.1,337.81,572575
2017-11-01,340.0,343.0,336.64,339.3,689385
2017-11-02,340.0,351.7,339.35,348.52,1565740
2017-11-03,351.8,353.38,339.4,341.99,1042575
2017-11-06,342.02,345.28,330.2,334.46,644680
2017-11-07,334.25,337.63,330.01,333.78,616735
2017-11-08,333.04,336.77,329.0,331.72,487970
2017-11-09,331.72,333.49,324.87,327.33,818975
2017-11-10,316.4,348.72,311.1,346.58,5318735
2017-11-13,344.0,355.29,338.62,350.04,2788005
2017-11-14,346.42,352.06,340.0,343.02,444795
2017-11-15,343.0,347.66,338.8,341.28,853730
2017-11-16,341.2,350.99,339.88,348.42,743950
2017-11-17,350.0,360.0,345.43,354.61,1591280
2017-11-20,355.0,359.0,346.55,351.57,838970
2017-11-21,353.8,359.58,350.41,352.41,1367195
2017-11-22,354.88,358.36,350.41,356.08,1209860
2017-11-23,358.0,375.36,357.47,373.08,6677685
2017-11-24,372.0,377.98,367.44,369.61,2698365
2017-11-27,369.22,375.8,367.24,371.42,1133475
2017-11-28,372.0,381.98,371.45,375.34,2742875
2017-11-29,375.6,378.75,370.34,371.66,927685
2017-11-30,370.48,373.0,364.3,366.28,702695
2017-12-01,365.6,373.39,365.2,366.04,832465
2017-12-04,366.67,368.58,354.93,358.35,864905
2017-12-05,358.6,369.65,351.9,365.81,1180725
2017-12-06,365.81,371.6,351.8,355.86,1429015
2017-12-07,358.6,364.59,356.29,361.59,919315
2017-12-08,363.98,369.79,362.24,365.04,1140655
2017-12-11,368.0,372.35,365.21,368.06,661540
2017-12-12,366.6,374.4,364.09,370.44,1525910
2017-12-13,368.4,374.39,360.2,361.69,845075
2017-12-14,362.0,367.0,356.17,363.35,977250
2017-12-15,367.4,378.36,363.35,374.81,2049550
2017-12-18,373.76,382.64,360.0,377.48,1306375
2017-12-19,379.0,387.28,374.61,385.35,1672830
2017-12-20,386.78,389.29,382.26,383.41,1100925
2017-12-21,386.0,391.98,380.6,389.36,1141585
2017-12-22,389.4,395.6,388.81,391.4,1320315
2017-12-26,390.94,393.62,387.62,390.15,668030
2017-12-27,389.2,392.78,387.73,389.76,599200
2017-12-28,389.6,392.19,388.33,389.95,518160
2017-12-29,390.48,399.91,389.98,396.24,1749255
2018-01-01,396.4,404.4,392.83,393.44,587170
2018-01-02,395.0,399.18,384.85,389.1,835355
2018-01-03,389.0,394.2,381.51,384.28,1021420
2018-01-04,385.2,388.78,383.0,386.88,707335
2018-01-05,386.2,394.4,383.32,390.93,958555
2018-01-08,391.04,394.8,388.1,390.65,809145
2018-01-09,390.04,395.83,388.11,391.07,970295
2018-01-10,391.11,394.0,386.01,387.96,542945
2018-01-11,389.6,391.76,385.6,387.44,808550
2018-01-12,387.79,405.34,386.77,401.63,2819405
2018-01-15,405.0,409.69,398.91,402.18,2211020
2018-01-16,400.41,403.0,390.6,391.83,828260
2018-01-17,389.98,393.94,382.0,390.3,1341820
2018-01-18,395.3,396.62,379.11,384.21,759930
2018-01-19,382.99,384.56,372.68,381.96,1076570
2018-01-22,381.0,391.5,378.19,390.04,783560
2018-01-23,392.0,393.33,387.08,390.45,710820
2018-01-24,390.02,390.23,377.6,379.66,542870
2018-01-25,378.0,382.99,365.58,367.93,1199685
2018-01-29,371.2,372.94,364.57,366.88,632930
2018-01-30,367.54,368.91,356.8,358.98,925225
2018-01-31,358.0,365.59,354.24,356.69,940915
2018-02-01,356.8,364.4,346.72,361.26,706545
2018-02-02,358.9,364.34,338.0,359.54,1588480
2018-02-05,353.2,362.47,349.4,355.01,797880
2018-02-06,338.1,351.4,328.15,346.07,837020
2018-02-07,349.4,359.5,348.03,355.24,606280
2018-02-08,361.2,377.88,361.11,368.64,2700775
2018-02-09,360.0,377.91,359.63,375.01,1136095
2018-02-12,375.0,381.54,375.0,378.69,584735
2018-02-14,378.99,385.13,377.36,381.62,824410
2018-02-15,381.99,386.08,378.2,380.01,708945
2018-02-16,380.58,383.0,369.0,372.79,572715
2018-02-19,372.01,380.8,367.62,378.55,732375
2018-02-20,379.1,383.2,374.61,377.66,962490
2018-02-21,377.2,380.59,374.64,375.74,281915
2018-02-22,376.96,383.42,373.31,379.89,1257430
2018-02-23,379.0,386.69,376.38,384.4,729250
2018-02-26,384.2,392.2,383.48,385.24,1053925
2018-02-27,387.51,388.1,379.34,380.66,461610
2018-02-28,379.98,383.8,377.0,379.75,733085
2018-03-01,379.39,386.77,376.34,378.53,455280
2018-03-05,378.96,380.91,373.01,376.31,322595
2018-03-06,379.33,380.8,369.0,371.32,637405
2018-03-07,371.8,371.8,359.6,361.12,552985
2018-03-08,364.4,372.07,355.0,369.86,718490
2018-03-09,370.04,373.16,365.0,370.67,861375
2018-03-12,372.4,374.68,368.41,373.79,495920
2018-03-13,370.8,376.96,369.71,373.29,451890
2018-03-14,372.0,377.7,371.33,373.8,380630
2018-03-15,374.0,378.0,373.33,375.55,332305
2018-03-16,375.4,378.4,373.48,374.55,296220
2018-03-19,374.0,377.15,370.31,375.09,526040
2018-03-20,371.4,384.39,371.4,382.89,1014415
2018-03-21,383.61,390.36,383.61,389.34,1750205
2018-03-22,391.96,392.0,385.02,388.42,1000500
2018-03-23,384.4,385.05,377.53,383.42,491955
2018-03-26,383.42,386.79,382.47,385.14,444905
2018-03-27,388.0,401.51,385.0,399.25,1373665
2018-03-28,402.8,402.8,387.6,391.03,1881825
2018-04-02,394.94,399.2,392.0,397.63,598440
2018-04-03,397.4,404.4,395.99,401.53,1002065
2018-04-04,403.0,408.86,397.81,400.07,1207190
2018-04-05,403.0,411.4,401.2,405.87,952955
2018-04-06,405.6,413.0,403.2,408.42,981595
2018-04-09,406.4,413.54,406.4,409.49,508565
2018-04-10,409.4,412.45,406.69,408.44,331345
2018-04-11,408.0,417.8,408.0,412.01,1377000
2018-04-12,411.0,416.38,408.21,414.04,1325760
2018-04-13,414.98,420.96,411.69,417.68,546815
2018-04-16,413.4,429.76,413.24,427.57,1074635
2018-04-17,426.6,434.98,426.0,430.64,1260230
2018-04-18,430.82,435.78,430.64,432.58,849250
2018-04-19,432.4,438.0,430.52,436.87,754235
2018-04-20,435.9,446.0,434.43,443.75,820260
2018-04-23,445.0,446.34,440.01,442.66,577235
2018-04-24,441.98,444.29,435.14,441.2,422005
2018-04-25,439.11,446.84,430.81,434.05,812610
2018-04-26,435.4,470.56,434.41,463.76,2173005
2018-04-27,462.45,479.99,456.6,476.11,1877330
2018-04-30,474.21,489.32,474.21,478.49,1235715
2018-05-02,481.8,482.35,467.0,469.94,1088490
2018-05-03,472.6,472.88,456.0,459.63,596395
2018-05-04,459.0,471.68,454.2,463.04,653090
2018-05-07,466.4,466.4,458.31,463.07,379800
2018-05-08,463.39,482.7,460.42,480.4,1118620
2018-05-09,480.0,480.27,464.46,466.91,886070
2018-05-10,467.22,470.93,444.8,446.99,935580
2018-05-11,451.6,455.48,443.0,449.34,869190
2018-05-14,449.34,453.08,440.56,443.77,317430
2018-05-15,443.8,454.8,443.21,447.17,515250
2018-05-16,446.0,454.0,442.51,451.14,453800
2018-05-17,452.0,457.4,443.4,445.52,673685
2018-05-18,441.11,441.11,366.63,384.88,11064470
2018-05-21,385.0,388.2,364.41,375.51,4623630
2018-05-22,374.0,383.4,372.02,379.21,1624680
2018-05-23,377.96,378.4,358.96,361.01,2286585
2018-05-24,358.2,365.64,352.42,358.72,1886845
2018-05-25,359.03,385.6,359.03,373.1,4885520
2018-05-28,375.0,389.18,374.4,385.41,2679990
2018-05-29,387.9,392.98,378.96,385.21,2340740
2018-05-30,380.4,387.3,375.11,378.93,1301245
2018-05-31,379.0,387.97,372.42,386.44,1821565
2018-06-01,386.0,388.99,371.84,373.91,1642870
2018-06-04,376.0,383.77,374.4,377.89,1788735
2018-06-05,378.6,381.0,369.6,375.51,840335
2018-06-06,376.0,382.4,373.21,378.6,815320
2018-06-07,381.6,385.5,378.8,379.31,896815
2018-06-08,379.1,380.79,376.9,377.95,530930
2018-06-11,378.24,383.0,372.74,374.0,558890
2018-06-12,374.98,377.21,372.2,373.11,442605
2018-06-13,373.59,376.73,365.08,367.68,477605
2018-06-14,368.0,377.8,368.0,376.03,658695
2018-06-15,379.1,388.33,375.67,380.56,2325980
2018-06-18,380.98,380.98,372.0,374.53,821550
2018-06-19,373.7,373.8,367.01,369.78,598610
2018-06-20,371.99,371.99,363.4,364.61,888445
2018-06-21,364.61,364.65,351.97,356.59,2205895
2018-06-22,356.6,357.59,332.41,334.28,8146750
2018-06-25,332.43,336.71,325.4,332.01,6360185
2018-06-26,331.6,339.18,329.11,336.58,4449025
2018-06-27,339.59,339.59,327.14,330.67,2647630
2018-06-28,330.0,331.8,322.45,328.42,3778015
2018-06-29,330.2,341.4,329.1,339.32,2385120
2018-07-02,342.0,342.0,326.53,330.03,2106405
2018-07-03,331.78,333.84,326.31,332.2,1453620
2018-07-04,332.4,333.49,328.48,330.11,845405
2018-07-05,330.98,330.98,320.55,325.6,1981630
2018-07-06,325.6,331.76,322.6,328.68,1842845
2018-07-09,328.9,347.16,327.6,345.38,2494805
2018-07-10,349.2,355.5,345.84,348.69,4051960
2018-07-11,346.81,347.42,336.52,338.68,1611550
2018-07-12,340.0,345.78,331.2,335.76,2238640
2018-07-13,335.97,338.0,328.8,330.09,1265570
2018-07-16,330.0,331.49,315.0,316.9,1635915
2018-07-17,319.0,330.86,317.0,329.23,1630255
2018-07-18,329.23,332.99,316.4,320.35,2028545
2018-07-19,321.0,321.0,306.05,314.11,2961330
2018-07-20,316.0,317.1,306.01,312.66,2675430
2018-07-23,312.66,316.0,308.41,313.53,1568390
2018-07-24,315.76,330.6,311.26,328.07,2781825
2018-07-25,330.16,338.82,324.1,333.56,2559710
2018-07-26,336.2,339.66,323.66,328.96,1865195
2018-07-27,327.6,345.0,326.0,336.83,3750840
2018-07-30,338.0,347.9,338.0,344.06,2986965
2018-07-31,342.79,347.74,337.2,346.25,1457595
2018-08-01,344.02,349.62,343.0,345.87,1696990
2018-08-02,344.14,345.06,337.21,338.8,1503655
2018-08-03,341.0,351.3,339.42,348.53,1994390
2018-08-06,350.0,359.82,350.0,358.46,2680685
2018-08-07,360.0,368.4,360.0,365.5,4129325
2018-08-08,369.56,375.4,364.4,370.66,7025160
2018-08-09,374.9,381.6,373.01,379.47,3626150
2018-08-10,379.47,384.0,373.61,380.82,2412280
2018-08-13,379.94,379.94,374.0,375.97,1093935
2018-08-14,376.0,388.0,372.0,386.78,2689420
2018-08-16,385.6,395.0,382.19,392.23,3001075
2018-08-17,392.4,400.0,391.0,398.13,2186565
2018-08-20,399.8,402.03,392.39,393.81,1214675
2018-08-21,394.0,396.75,385.22,392.67,2023920
2018-08-23,393.5,395.69,388.01,391.07,1521575
2018-08-24,388.0,399.02,388.0,394.64,1648545
2018-08-27,394.0,398.79,391.03,394.46,859090
2018-08-28,394.38,396.98,388.57,389.83,728745
2018-08-29,390.96,413.8,388.23,410.62,3201445
2018-08-30,411.98,416.9,406.6,408.11,2468005
2018-08-31,405.01,412.96,396.43,404.48,2406035
2018-09-03,406.2,411.8,399.23,400.58,934955
2018-09-04,403.2,403.6,387.05,389.28,1142485
2018-09-05,390.8,393.77,373.73,385.02,1844365
2018-09-06,388.8,400.8,381.16,397.64,2246600
2018-09-07,398.0,408.4,391.6,403.14,2153345
2018-09-10,400.0,402.97,387.32,390.6,1163000
2018-09-11,389.01,398.4,386.72,388.34,2080890
2018-09-12,389.8,402.44,380.57,397.66,2202275
2018-09-14,399.74,407.0,398.11,401.65,2347770
2018-09-17,398.71,411.0,394.02,405.03,2569305
2018-09-18,403.0,412.0,396.27,398.54,2412470
2018-09-19,401.52,405.42,394.07,396.51,1934280
2018-09-21,399.48,405.84,337.04,386.47,3004845
2018-09-24,388.0,390.77,374.8,380.96,1747725
2018-09-25,380.21,385.79,372.37,379.94,2158610
2018-09-26,383.1,386.8,376.22,377.78,1022305
2018-09-27,379.08,381.19,355.43,361.91,1749045
2018-09-28,366.0,368.0,339.0,342.22,1823730
2018-10-01,343.93,347.0,323.0,343.25,2206755
2018-10-03,338.05,356.95,334.0,352.62,2517940
2018-10-04,347.02,353.79,339.46,349.82,2293150
2018-10-05,348.99,349.96,336.0,340.02,1276100
2018-10-08,339.4,343.99,323.33,332.55,2437405
2018-10-09,333.0,344.38,329.24,339.84,1857130
2018-10-10,341.1,364.01,339.21,361.66,2015685
2018-10-11,353.6,357.55,341.0,345.41,1877400
2018-10-12,345.8,362.6,345.0,354.62,2846970
2018-10-15,354.8,356.17,347.6,352.46,1411675
2018-10-16,354.0,359.8,352.19,355.2,1380385
2018-10-17,359.22,373.4,348.74,350.83,3869885
2018-10-19,348.88,355.32,342.0,344.7,1100805
2018-10-22,348.13,352.92,338.02,340.82,1315470
2018-10-23,340.0,350.4,338.05,341.72,1957445
2018-10-24,345.4,353.77,336.88,343.38,1994770
2018-10-25,343.0,351.0,338.3,348.12,1118705
2018-10-26,349.42,360.0,343.21,358.31,1879760
2018-10-29,358.4,373.42,356.38,370.98,2332140
2018-10-30,370.06,377.46,370.0,374.72,2193015
2018-10-31,375.0,389.4,372.31,386.2,2507335
2018-11-01,386.0,399.0,385.2,391.65,4039055
2018-11-02,400.19,412.0,389.0,391.76,5874330
2018-11-05,388.6,400.5,385.48,398.18,1660495
2018-11-06,400.8,403.74,398.07,401.26,1498515
2018-11-07,401.99,404.0,398.25,400.56,194315
2018-11-09,403.6,418.48,398.23,416.3,3324150
2018-11-12,417.96,423.2,403.88,406.5,1670330
2018-11-13,406.28,415.2,403.41,414.31,1983955
2018-11-14,415.25,417.5,406.99,408.82,1199795
2018-11-15,411.2,413.2,405.1,411.05,969545
2018-11-16,413.38,415.66,404.41,408.05,1027620
2018-11-19,406.0,421.95,402.29,418.82,2585940
2018-11-20,418.6,428.0,413.69,416.3,3327545
2018-11-21,416.98,426.45,414.31,422.99,1734830
2018-11-22,425.0,426.6,413.45,415.7,1196665
2018-11-26,420.55,422.0,410.62,414.4,1107180
2018-11-27,415.67,423.59,412.21,422.51,1516435
2018-11-28,424.0,425.76,416.22,422.14,1030335
2018-11-29,422.4,433.0,420.01,430.46,1965285
2018-11-30,432.07,435.79,428.44,432.89,1470385
2018-12-03,433.0,434.8,426.61,428.86,853515
2018-12-04,428.89,439.4,426.24,433.94,2071755
2018-12-05,432.58,432.6,421.36,422.89,1363870
2018-12-06,422.2,426.59,415.15,420.04,1575585
2018-12-07,422.0,426.8,416.46,423.18,1320430
2018-12-10,419.4,419.4,406.99,411.33,2114375
2018-12-11,407.0,428.29,407.0,426.3,1459715
2018-12-12,426.2,433.55,422.18,431.48,1378580
2018-12-13,431.4,439.0,421.27,436.99,1720660
2018-12-14,437.2,444.51,434.26,439.69,2750550
2018-12-17,438.01,444.96,438.01,441.93,1097325
2018-12-18,439.98,446.0,437.12,444.07,1200530
2018-12-19,444.07,451.0,444.07,448.46,1330365
2018-12-20,447.0,455.39,444.46,451.83,1561905
2018-12-21,449.2,453.33,428.0,429.87,3159700
2018-12-24,430.76,432.36,392.0,394.47,12186865
2018-12-26,393.79,397.8,381.2,393.46,7569995
2018-12-27,395.11,402.5,395.11,400.13,4628985
2018-12-28,401.8,407.0,398.69,400.34,2875710
2018-12-31,404.95,404.95,397.22,399.93,1468425
2019-01-01,400.0,401.59,389.6,397.8,4270610
2019-01-02,397.42,402.63,392.01,398.43,2339435
2019-01-03,397.0,402.4,393.0,395.23,1603875
2019-01-04,396.1,400.68,389.55,398.63,2042705
2019-01-07,401.94,401.94,395.31,399.57,1622010
2019-01-08,400.95,406.36,397.98,405.06,2666585
2019-01-09,405.4,411.55,405.05,407.35,2222815
2019-01-10,408.2,411.0,403.2,410.0,1901925
2019-01-11,410.0,413.96,407.66,409.28,1734845
2019-01-14,410.02,410.85,400.3,405.29,1262745
2019-01-15,405.29,415.76,405.29,414.3,1685830
2019-01-16,414.74,417.94,406.02,408.24,1426305
2019-01-17,410.7,412.2,406.5,410.18,1194125
2019-01-18,410.4,416.56,408.98,414.23,1164140
2019-01-21,416.4,416.8,404.24,407.17,757155
2019-01-22,405.5,416.2,402.01,414.64,1261295
2019-01-23,414.01,417.97,410.21,411.91,1016385
2019-01-24,412.8,421.74,407.26,418.98,1004735
2019-01-25,420.94,427.6,411.27,415.27,1899620
2019-01-28,414.4,414.4,395.21,401.61,1396920
2019-01-29,402.51,407.6,397.4,405.17,1171560
2019-01-30,404.02,408.44,401.47,407.04,719990
2019-01-31,407.12,409.0,399.68,402.27,1743590
2019-02-01,403.4,403.4,392.11,393.29,1678700
2019-02-04,391.68,397.8,389.52,393.61,2218100
2019-02-05,406.0,408.56,391.64,404.66,8313810
2019-02-06,407.18,448.0,407.18,444.65,8450785
2019-02-07,447.0,451.05,440.42,445.2,2795180
2019-02-08,442.0,449.0,441.0,443.65,1384255
2019-02-11,443.65,445.8,431.34,441.81,1541070
2019-02-12,444.78,447.17,437.33,439.3,1037395
2019-02-13,439.38,442.8,438.0,439.46,738405
2019-02-14,439.0,456.4,433.2,449.24,2667650
2019-02-15,448.22,449.24,433.1,440.28,1869070
2019-02-18,439.2,440.0,432.6,436.63,1070110
2019-02-19,436.6,444.71,434.4,436.17,1286440
2019-02-20,436.06,443.02,436.06,441.72,1022715
2019-02-21,441.4,447.2,438.44,441.07,1249650
2019-02-22,439.0,441.72,435.34,440.03,1324240
2019-02-25,438.4,450.8,437.77,447.52,2710690
2019-02-26,445.0,446.3,441.05,443.71,1571595
2019-02-27,445.9,452.48,444.6,450.57,2445650
2019-02-28,447.1,461.6,447.1,459.03,2921595
2019-03-01,460.0,467.78,454.1,457.16,2174925
2019-03-05,456.2,464.82,456.2,463.74,1540175
2019-03-06,463.8,475.06,462.06,472.16,1970940
2019-03-07,472.0,475.6,468.42,470.13,957670
2019-03-08,468.8,472.84,466.36,470.73,894450
2019-03-11,469.0,476.94,468.28,475.09,910040
2019-03-12,475.41,481.11,471.61,474.82,901745
2019-03-13,469.2,485.0,469.2,480.67,918085
2019-03-14,483.55,486.0,470.5,472.25,1615070
2019-03-15,473.99,487.0,471.72,483.62,4452460
2019-03-18,486.64,489.9,479.6,481.55,1275885
2019-03-19,482.2,483.6,477.28,479.28,1063220
2019-03-20,481.18,483.0,474.97,480.38,1250950
2019-03-22,480.96,493.17,479.0,490.9,2491155
2019-03-25,490.0,495.6,484.03,486.42,2584945
2019-03-26,486.42,495.6,481.2,493.03,1370330
2019-03-27,493.0,493.0,483.4,486.99,1556865
2019-03-28,489.7,492.74,476.88,490.22,755325
2019-03-29,491.6,494.0,470.22,480.6,2234770
2019-04-01,460.0,486.8,434.52,472.12,12060630
2019-04-02,470.04,479.34,467.76,477.83,2523550
2019-04-03,477.98,483.79,474.4,476.88,1414975
2019-04-04,486.0,499.24,481.62,496.98,5294490
2019-04-05,500.0,500.0,490.4,498.22,2300045
2019-04-08,497.1,502.55,493.11,495.65,1935885
2019-04-09,495.01,495.33,490.02,492.97,914070
2019-04-10,492.2,497.45,489.13,490.38,754760
2019-04-11,490.94,495.82,490.01,493.22,702645
2019-04-12,493.15,495.64,486.2,488.72,863785
2019-04-15,488.4,493.98,488.4,492.14,490015
2019-04-16,492.22,499.3,490.92,497.44,777325
2019-04-18,497.2,502.2,488.8,490.56,932170
2019-04-22,487.02,491.31,483.49,484.91,467050
2019-04-23,487.6,493.73,484.3,491.69,1066995
2019-04-24,491.8,504.2,490.83,502.69,1161635
2019-04-25,503.8,507.96,499.92,505.01,1286175
2019-04-26,505.3,513.22,502.24,511.46,920975
2019-04-30,506.91,516.49,506.91,513.53,1130910
2019-05-02,512.0,523.59,512.0,519.46,1584665
2019-05-03,517.0,518.75,512.3,516.16,543075
2019-05-06,507.0,515.32,507.0,511.17,603805
2019-05-07,513.93,515.48,499.92,500.9,755970
2019-05-08,501.6,503.6,485.13,488.88,1340210
2019-05-09,488.4,493.4,482.5,484.73,1101730
2019-05-10,487.16,494.1,482.1,489.19,1135575
2019-05-13,489.93,496.6,486.1,493.32,1407015
2019-05-14,499.8,525.1,467.0,520.02,10023705
2019-05-15,518.0,563.0,516.25,551.49,12629085
2019-05-16,554.0,558.0,542.25,553.02,3602400
2019-05-17,548.22,564.48,548.05,559.69,2285440
2019-05-20,572.0,587.6,565.55,583.66,1779140
2019-05-21,583.65,595.68,579.03,592.03,2493695
2019-05-22,591.0,593.16,584.5,586.39,1014570
2019-05-23,589.0,595.89,571.81,578.53,1743175
2019-05-24,574.43,584.05,569.44,573.4,1467415
2019-05-27,576.8,596.58,572.1,591.66,1578060
2019-05-28,592.8,594.98,576.4,577.98,1351845
2019-05-29,577.0,585.2,573.09,582.54,1256390
2019-05-30,581.31,582.0,575.36,579.84,1248295
2019-05-31,581.75,585.36,567.2,569.37,1409930
2019-06-03,569.11,573.53,554.83,571.73,1798500
2019-06-04,568.4,583.9,566.8,579.2,1720230
2019-06-06,580.0,584.08,565.18,568.31,1195865
2019-06-07,571.4,579.21,564.42,575.08,1045965
2019-06-10,575.2,590.72,575.2,581.93,1762120
2019-06-11,585.0,585.56,576.02,578.12,911550
2019-06-12,578.6,584.0,575.46,577.9,841130
2019-06-13,580.23,586.0,572.45,583.9,802325
2019-06-14,586.6,588.6,570.69,577.14,1403050
2019-06-17,575.0,576.58,569.68,572.5,512900
2019-06-18,574.6,604.2,573.62,601.92,5337590
2019-06-19,604.0,609.2,587.43,594.31,3489100
2019-06-20,597.8,609.77,595.66,608.09,2670090
2019-06-21,607.8,612.6,601.43,604.24,1891405
2019-06-24,606.8,608.4,597.0,598.0,906920
2019-06-25,597.6,598.96,584.0,592.83,2028850
2019-06-26,595.1,601.2,590.4,595.67,1281055
2019-06-27,594.42,615.4,592.68,604.71,2600740
2019-06-28,608.0,611.8,603.45,608.53,1853700
2019-07-01,613.8,613.8,599.03,604.11,1626980
2019-07-02,605.96,615.57,601.24,613.39,1289505
2019-07-03,613.59,617.22,603.02,605.32,1869725
2019-07-04,608.95,613.69,606.03,609.54,732985
2019-07-05,609.8,612.7,594.21,596.41,1267595
2019-07-08,596.41,596.55,574.15,576.12,1543290
2019-07-09,573.88,579.09,551.21,559.2,3080930
2019-07-10,559.76,559.8,548.0,552.39,1645505
2019-07-11,552.0,561.71,550.0,552.05,1367290
2019-07-12,553.6,556.34,541.6,549.62,2129610
2019-07-15,551.0,559.6,532.4,537.22,1605495
2019-07-16,539.8,557.8,539.75,555.58,2347850
2019-07-17,554.0,556.94,535.81,542.02,2088105
2019-07-18,541.4,550.99,527.12,528.78,1879000
2019-07-19,534.0,540.2,528.05,534.68,1946595
2019-07-22,532.8,540.88,522.46,539.54,1645795
2019-07-23,542.0,546.0,534.4,537.84,1098955
2019-07-24,538.99,540.0,528.62,535.48,797540
2019-07-25,533.6,540.0,528.22,531.08,661730
2019-07-26,533.2,552.85,530.0,547.51,1571580
2019-07-29,548.8,557.6,536.4,553.5,1450045
2019-07-30,555.2,556.39,531.6,536.04,1160340
2019-07-31,538.87,543.42,523.15,540.36,945935
2019-08-01,537.22,541.0,513.31,527.74,1454435
2019-08-02,523.75,536.36,515.63,526.54,1411865
2019-08-05,519.14,525.0,510.3,515.75,1413480
2019-08-06,530.0,609.96,530.0,596.16,15160610
2019-08-07,596.8,604.0,571.06,575.76,6630390
2019-08-08,581.2,586.0,568.0,580.32,3169880
2019-08-09,576.26,590.07,572.97,579.6,2382910
2019-08-13,581.4,581.4,560.57,566.25,1273480
2019-08-14,571.8,584.0,568.0,576.17,1687430
2019-08-16,576.0,582.24,566.8,577.26,1340220
2019-08-19,583.96,593.2,580.25,587.76,2388975
2019-08-20,585.31,589.51,568.84,570.71,1250370
2019-08-21,570.8,585.25,570.6,579.74,1655090
2019-08-22,576.99,576.99,554.8,557.55,1594350
2019-08-23,558.02,566.4,550.6,561.97,1808540
2019-08-26,574.6,574.74,556.4,568.95,1056075
2019-08-27,570.51,575.0,558.04,561.29,1419390
2019-08-28,562.0,566.18,552.38,555.15,1113045
2019-08-29,545.2,557.59,545.2,548.12,885455
2019-08-30,550.1,557.27,548.19,554.92,807705
2019-09-03,554.0,555.91,542.53,544.75,620660
2019-09-04,544.4,549.79,537.0,547.11,745610
2019-09-05,548.1,555.18,545.51,546.57,811365
2019-09-06,549.79,558.0,546.1,552.94,1111215
2019-09-09,553.6,560.8,549.81,558.7,830085
2019-09-11,559.6,568.4,558.0,563.01,867595
2019-09-12,566.99,567.79,540.08,541.77,1343185
2019-09-13,545.8,556.07,542.1,554.86,1670560
2019-09-16,554.22,561.0,546.26,559.5,1277055
2019-09-17,560.7,564.44,545.0,546.91,1269960
2019-09-18,550.59,556.93,542.08,548.08,1308900
2019-09-19,548.4,548.7,535.14,540.49,1803925
2019-09-20,540.0,587.0,538.51,572.73,2523980
2019-09-23,586.68,600.6,572.73,589.83,2894915
2019-09-24,591.0,595.5,574.2,576.32,1569070
2019-09-25,575.3,578.16,552.0,557.55,1189870
2019-09-26,556.0,559.0,548.21,553.78,1887370
2019-09-27,553.62,559.8,547.3,550.48,1497535
2019-09-30,550.8,554.98,547.4,550.39,761940
2019-10-01,549.0,552.0,530.41,536.6,1793235
2019-10-03,535.79,549.83,528.43,546.2,1034010
2019-10-04,546.0,553.8,531.97,533.59,1032855
2019-10-07,534.01,538.19,527.51,530.14,531965
2019-10-09,530.1,552.0,530.02,549.74,1064975
2019-10-10,549.1,557.8,544.45,548.68,859950
2019-10-11,547.9,549.2,537.2,538.79,809940
2019-10-14,539.8,542.69,519.04,522.53,2123715
2019-10-15,525.0,533.97,517.6,524.93,2789195
2019-10-16,527.0,529.65,518.0,526.79,1701515
2019-10-17,527.0,537.68,523.6,535.58,1369300
2019-10-18,535.58,544.39,532.9,538.74,907425
2019-10-22,538.98,549.8,538.98,542.76,670180
2019-10-23,543.31,578.6,540.6,565.07,2920775
2019-10-24,568.0,575.8,567.0,569.21,1339020
2019-10-25,570.2,586.0,567.0,570.22,2506775
2019-10-27,574.4,574.8,568.4,570.66,87025
2019-10-29,572.58,589.6,556.61,563.92,1741465
2019-10-30,561.7,562.99,543.0,559.23,4279015
2019-10-31,559.98,584.0,551.59,579.25,3239310
2019-11-01,579.11,585.06,572.0,580.52,1538875
2019-11-04,580.4,595.0,574.16,585.98,3066120
2019-11-05,580.0,612.94,578.0,591.49,5754060
2019-11-06,591.0,625.67,586.32,613.42,7167175
2019-11-07,615.8,633.0,607.8,629.75,3604585
2019-11-08,629.6,645.0,623.92,627.89,3996720
2019-11-11,627.06,639.55,625.88,630.95,1807590
2019-11-13,634.0,638.0,626.0,628.94,1770555
2019-11-14,630.0,638.0,626.0,631.94,1581270
2019-11-15,635.6,648.97,631.64,643.14,2588175
2019-11-18,647.59,649.14,636.55,641.27,1537960
2019-11-19,643.6,645.27,637.04,640.11,643805
2019-11-20,640.0,654.58,640.0,644.07,1898535
2019-11-21,645.6,646.07,626.78,628.75,1107640
2019-11-22,629.6,634.99,618.04,624.81,1649060
2019-11-25,628.71,632.35,626.42,630.45,879625
2019-11-26,633.0,635.46,621.0,624.29,908515
2019-11-27,626.0,634.6,623.57,632.98,915370
2019-11-28,636.72,647.99,626.5,644.99,1875150
2019-11-29,642.64,644.59,636.0,640.33,720445
2019-12-02,640.2,650.0,635.0,647.49,1160755
2019-12-03,645.99,649.53,638.0,641.19,804315
2019-12-04,639.4,643.39,634.78,638.56,723185
2019-12-05,639.38,651.36,636.04,648.24,1268995
2019-12-06,646.7,650.75,643.54,646.02,985945
2019-12-09,642.0,657.15,641.32,648.89,1696250
2019-12-10,648.6,655.08,644.4,647.68,1164630
2019-12-11,648.0,654.8,646.0,653.71,815875
2019-12-12,653.0,664.69,651.4,661.83,1500405
2019-12-13,661.16,668.59,658.2,660.6,1449265
2019-12-16,660.6,665.24,651.84,653.68,567735
2019-12-17,653.9,657.0,645.04,648.06,574485
2019-12-18,647.76,649.89,640.8,645.74,570520
2019-12-19,647.38,669.15,646.76,665.9,3025475
2019-12-20,666.1,668.98,661.86,665.3,1170715
2019-12-23,664.58,679.19,660.2,671.44,2368425
2019-12-24,669.39,674.4,664.4,665.89,936370
2019-12-26,664.22,685.32,664.22,682.72,2780905
2019-12-27,682.76,689.8,678.26,684.16,1932460
2019-12-30,682.44,691.29,681.02,683.06,1372270
2019-12-31,682.9,690.0,680.21,687.22,947115
2020-01-01,686.3,690.6,685.06,687.91,532860
2020-01-02,688.2,693.9,687.0,692.66,762515
2020-01-03,691.64,695.17,687.06,690.53,609280
2020-01-06,690.0,690.0,676.81,681.74,749325
2020-01-07,683.1,689.8,677.62,683.54,769295
2020-01-08,677.6,698.51,676.2,693.11,995530
2020-01-09,694.98,703.2,691.64,699.23,1325260
2020-01-10,703.6,703.6,696.0,699.04,951355
2020-01-13,700.4,708.72,700.25,708.02,1099235
2020-01-14,704.24,712.49,704.24,708.3,705350
2020-01-15,704.0,716.1,704.0,714.33,666315
2020-01-16,712.4,719.36,712.01,714.98,521905
2020-01-17,715.78,731.0,714.2,724.54,974630
2020-01-20,727.0,728.97,720.4,723.23,420230
2020-01-21,723.0,729.4,720.42,721.92,470245
2020-01-22,725.8,727.72,720.18,722.08,456595
2020-01-23,722.2,732.6,721.48,727.36,822140
2020-01-24,725.04,745.35,725.04,732.07,1464915
2020-01-27,730.0,742.51,729.17,734.72,764240
2020-01-28,737.94,757.0,736.66,752.97,1537685
2020-01-29,756.19,760.77,750.2,753.26,1419640
2020-01-30,753.9,764.8,748.35,760.45,768170
2020-01-31,763.2,772.2,754.4,756.81,1572660
2020-02-01,755.2,761.5,734.1,737.63,727165
2020-02-03,737.63,762.81,737.63,757.88,1189275
2020-02-04,769.99,780.0,728.26,748.18,5338865
2020-02-05,760.0,799.55,755.0,797.41,5149255
2020-02-06,798.0,811.0,795.41,801.72,3154720
2020-02-07,799.82,824.8,796.93,821.98,2106415
2020-02-10,824.4,834.7,818.0,826.86,2542210
2020-02-11,830.6,839.01,821.2,831.75,1318975
2020-02-12,832.8,836.73,827.82,832.71,801775
2020-02-13,832.0,834.0,824.04,829.83,962810
2020-02-14,830.0,846.0,829.83,838.59,1395295
2020-02-17,840.2,843.4,828.2,830.43,849260
2020-02-18,831.44,834.96,824.49,832.76,1226355
2020-02-19,833.0,836.0,828.76,832.43,732710
2020-02-20,834.0,852.0,831.0,833.36,1589730
2020-02-24,827.11,832.0,810.01,812.42,953070
2020-02-25,813.9,827.63,806.59,823.95,1236165
2020-02-26,821.6,833.1,819.83,825.02,1044725
2020-02-27,824.96,834.29,818.2,828.74,834235
2020-02-28,815.2,819.79,769.21,778.76,2509525
2020-03-02,800.0,803.8,777.09,781.48,1396940
2020-03-03,788.8,801.18,775.0,799.39,1145930
2020-03-04,794.42,803.19,777.98,791.35,1282720
2020-03-05,795.6,801.86,782.61,786.18,1059880
2020-03-06,770.0,783.54,748.03,777.47,2443515
2020-03-09,768.0,769.19,737.61,745.34,1594700
2020-03-11,733.02,750.94,728.0,743.64,1474185
2020-03-12,719.6,725.94,665.52,674.31,2608900
2020-03-13,613.0,718.23,580.07,711.5,1558775
2020-03-16,699.61,699.61,625.02,629.59,1534365
2020-03-17,631.0,671.0,620.65,648.89,1303130
2020-03-18,652.05,667.76,587.51,592.22,1522785
2020-03-19,550.2,615.5,537.31,587.32,2401670
2020-03-20,586.0,659.98,572.4,643.37,1649395
2020-03-23,580.2,609.8,521.01,537.31,1127995
2020-03-24,588.98,591.0,527.03,543.7,1273845
2020-03-25,543.7,567.0,493.53,555.59,1184620
2020-03-26,553.34,576.0,532.0,554.3,1674270
2020-03-27,565.0,573.84,536.41,545.4,1505445
2020-03-30,530.0,566.8,510.0,559.5,1766090
2020-03-31,578.0,579.4,549.02,556.66,1090135
2020-04-01,560.13,563.57,524.0,530.99,1235255
2020-04-03,527.0,553.52,512.42,533.67,2056550
2020-04-07,549.6,585.39,540.4,577.14,1958060
2020-04-08,574.0,624.59,562.46,599.35,2556285
2020-04-09,609.6,655.6,606.18,647.55,2212320
2020-04-13,650.0,685.0,636.0,676.83,2133280
2020-04-15,688.78,695.98,650.4,667.44,1997550
2020-04-16,664.8,689.8,651.4,682.82,1910340
2020-04-17,700.0,701.96,668.03,681.42,1612790
2020-04-20,682.0,686.78,660.67,668.11,951945
2020-04-21,656.0,665.37,647.13,661.33,1044945
2020-04-22,660.0,692.97,657.07,688.56,1245330
2020-04-23,694.16,739.23,692.0,728.59,2578205
2020-04-24,720.4,732.16,694.0,697.61,1369535
2020-04-27,711.4,728.56,704.4,717.92,1480985
2020-04-28,729.0,752.0,719.8,736.98,3191840
2020-04-29,736.4,747.8,723.02,733.12,1284485
2020-04-30,737.35,754.4,737.35,743.75,1036960
2020-05-04,730.0,738.34,716.16,728.11,1148795
2020-05-05,731.6,745.8,725.12,729.98,1349130
2020-05-06,740.2,745.55,726.93,731.01,1094360
2020-05-07,730.01,737.8,708.62,718.69,2080785
2020-05-08,732.0,732.0,716.41,719.02,564800
2020-05-11,726.52,731.0,711.1,715.37,902505
2020-05-12,713.38,717.66,694.2,707.47,1335200
2020-05-13,728.0,743.98,718.67,721.16,1428245
2020-05-14,717.4,734.0,711.04,730.32,949995
2020-05-15,733.2,737.7,711.65,719.21,989120
2020-05-18,718.0,718.0,679.4,684.64,794370
2020-05-19,690.02,700.0,661.2,665.07,1338180
2020-05-20,667.0,681.84,665.11,675.99,963025
2020-05-21,677.0,691.19,669.1,674.09,816745
2020-05-22,672.0,686.0,664.8,675.99,797125
2020-05-26,680.0,696.24,673.6,690.49,750120
2020-05-27,692.0,692.0,680.21,685.24,501525
2020-05-28,685.04,692.0,674.0,681.88,670380
2020-05-29,679.0,708.8,675.0,697.43,1385525
2020-06-01,704.0,746.86,702.36,741.43,1569055
2020-06-02,741.54,751.76,730.0,735.96,736740
2020-06-03,740.0,747.76,721.13,730.25,1005330
2020-06-04,730.25,768.9,724.46,759.61,2949975
2020-06-05,758.0,758.0,727.4,730.06,3561850
2020-06-08,736.0,751.0,722.2,739.43,2357340
2020-06-09,738.4,744.75,726.03,730.95,1480340
2020-06-10,734.0,743.24,726.2,728.31,1066170
2020-06-11,729.8,747.39,718.4,725.14,2103870
2020-06-12,710.0,738.88,705.84,736.6,1162945
2020-06-15,739.82,744.9,720.01,723.04,1018165
2020-06-16,733.59,739.56,709.1,723.05,1782125
2020-06-17,723.0,734.64,713.28,724.25,1466840
2020-06-18,723.0,730.99,716.0,720.95,1221575
2020-06-19,723.0,732.0,719.54,722.83,1407100
2020-06-22,723.63,731.2,721.6,723.64,579025
2020-06-23,730.0,749.6,715.29,743.04,1646360
2020-06-24,747.6,751.43,716.41,720.27,1758545
2020-06-25,720.27,728.97,712.4,723.03,894980
2020-06-26,728.0,732.99,717.31,720.4,879855
2020-06-29,720.0,727.99,716.81,720.7,557050
2020-06-30,722.0,730.4,715.02,721.14,437740
2020-07-01,721.4,725.63,717.0,719.59,509875
2020-07-02,721.9,742.0,721.8,730.84,1760060
2020-07-03,731.07,737.07,726.0,728.68,316045
2020-07-06,731.0,775.98,731.0,770.06,4363085
2020-07-07,775.0,784.46,762.22,766.2,1391310
2020-07-08,774.0,808.71,772.02,780.12,4609340
2020-07-09,782.0,792.0,768.0,778.13,1093545
2020-07-10,768.0,792.4,768.0,778.93,1002105
2020-07-13,783.32,788.19,763.21,768.13,979295
2020-07-14,759.12,778.79,758.0,760.81,1040805
2020-07-15,766.0,771.59,752.4,758.68,735410
2020-07-16,760.0,767.02,752.31,762.89,603125
2020-07-17,764.0,774.5,758.81,762.66,717485
2020-07-20,767.8,782.83,763.43,769.86,996615
2020-07-21,775.0,779.25,754.4,761.23,606070
2020-07-22,766.78,774.0,754.0,762.58,858910
2020-07-23,764.4,776.79,760.08,768.26,1013335
2020-07-24,766.0,775.6,754.45,758.0,777535
2020-07-27,761.8,766.12,744.42,753.14,742270
2020-07-28,755.57,762.0,752.03,754.18,418915
2020-07-29,759.0,789.69,754.4,786.97,2059595
2020-07-30,794.8,806.0,745.38,752.04,4685995
2020-07-31,757.6,777.25,751.2,758.63,1667585
2020-08-03,757.0,775.76,757.0,766.68,1143300
2020-08-04,770.0,778.0,759.34,762.28,685185
2020-08-05,763.8,780.34,763.0,763.84,1317585
2020-08-06,769.9,772.0,758.17,766.21,1015845
2020-08-07,768.0,824.59,766.11,816.27,5055645
2020-08-10,824.0,855.33,812.72,844.31,4174425
2020-08-11,844.8,861.59,830.0,831.88,2731695
2020-08-12,828.0,847.6,819.07,829.7,1510365
2020-08-13,834.22,847.0,829.0,841.21,1640720
2020-08-14,845.0,854.62,827.0,834.92,1611765
2020-08-17,837.8,843.0,824.42,828.46,859380
2020-08-18,828.2,866.25,824.0,856.47,2425695
2020-08-19,859.0,871.8,854.48,859.01,1755740
2020-08-20,855.0,870.0,845.15,850.47,1412790
2020-08-21,855.0,877.79,853.46,857.29,1955600
2020-08-24,860.1,887.83,860.1,866.64,2478870
2020-08-25,871.6,882.0,852.42,855.25,1516520
2020-08-26,859.6,865.8,842.08,851.33,929885
2020-08-27,856.0,864.78,845.42,847.66,1046260
2020-08-28,851.98,855.2,842.0,845.2,734535
2020-08-31,846.8,854.19,802.75,810.78,1207345
2020-09-01,813.0,830.39,807.18,822.55,1005780
2020-09-02,827.98,858.39,824.28,843.64,1367710
2020-09-03,848.6,868.0,842.81,864.78,1394670
2020-09-04,849.75,874.96,833.41,840.41,1850525
2020-09-07,840.6,856.34,830.1,839.37,1129155
2020-09-08,840.0,845.48,821.04,826.41,911040
2020-09-09,821.6,827.59,807.0,824.71,1032205
2020-09-10,832.0,844.0,818.61,823.6,874535
2020-09-11,828.16,843.8,823.0,841.21,1046340
2020-09-14,846.89,873.99,844.6,866.06,1903120
2020-09-15,876.8,876.8,855.6,863.29,1113450
2020-09-16,869.6,876.8,864.03,869.35,891450
2020-09-17,864.0,895.0,862.21,878.53,2428615
2020-09-18,884.8,888.68,857.5,863.59,2439125
2020-09-21,864.03,870.24,826.65,831.88,839845
2020-09-22,830.11,836.97,801.18,825.31,1093045
2020-09-23,827.2,836.77,808.8,823.4,588880
2020-09-24,819.6,820.18,798.72,801.13,914865
2020-09-25,806.4,822.39,805.2,816.84,616350
2020-09-28,827.72,841.54,820.85,833.83,687380
2020-09-29,852.0,865.95,813.82,827.09,3282790
2020-09-30,827.2,834.51,820.38,826.02,666675
2020-10-01,831.92,838.59,820.22,822.69,608580
2020-10-05,824.94,834.98,818.6,825.48,861875
2020-10-06,829.36,836.58,823.4,825.11,785965
2020-10-07,825.11,839.8,820.0,831.26,658860
2020-10-08,834.8,859.22,834.14,852.6,1521785
2020-10-09,853.5,859.6,842.23,853.35,811685
2020-10-12,857.61,881.4,851.01,874.59,2290300
2020-10-13,874.4,886.49,866.27,876.85,1879530
2020-10-14,876.0,881.75,857.92,874.35,1853810
2020-10-15,871.4,893.59,866.02,870.34,2193830
2020-10-16,882.8,901.43,878.0,890.19,2153800
2020-10-19,897.32,905.0,878.4,890.13,1466450
2020-10-20,891.12,904.9,888.03,897.08,962775
2020-10-21,898.4,910.23,878.0,887.73,1156565
2020-10-22,887.98,890.88,868.0,875.13,773160
2020-10-23,879.94,889.4,875.54,884.51,575550
2020-10-26,885.0,888.79,859.64,867.73,373420
2020-10-27,866.0,880.0,858.01,876.24,520355
2020-10-28,875.8,893.31,870.0,874.49,706340
2020-10-29,869.98,894.4,865.0,887.68,721965
2020-10-30,892.98,911.46,869.44,883.36,1741690
2020-11-02,883.36,892.0,869.75,880.53,719460
2020-11-03,886.04,888.98,866.83,878.76,581225
2020-11-04,880.0,891.8,871.0,888.63,785315
2020-11-05,918.0,977.49,898.4,973.4,7327520
2020-11-06,973.4,1014.8,970.6,993.38,6221685
2020-11-09,993.39,1020.0,986.41,1011.05,1395685
2020-11-10,1019.8,1024.4,986.43,996.93,1195915
2020-11-11,995.63,1007.9,987.07,1000.99,846295
2020-11-12,1000.99,1025.0,997.16,1016.93,1345735
2020-11-13,1008.01,1030.4,1008.01,1027.41,846755
2020-11-14,1028.4,1032.0,1022.38,1027.07,108100
2020-11-17,1027.1,1035.65,1007.1,1012.4,1167690
2020-11-18,1010.0,1016.84,1001.8,1005.6,750475
2020-11-19,1002.6,1043.0,991.54,1010.76,2422095
2020-11-20,1010.22,1034.83,1006.33,1017.43,915580
2020-11-23,1020.25,1035.0,1014.86,1031.81,679540
2020-11-24,1034.8,1073.44,1032.01,1066.52,2195620
2020-11-25,1069.0,1070.6,1016.48,1021.15,1380305
2020-11-26,1027.8,1033.2,1005.28,1015.22,1169745
2020-11-27,1018.0,1038.4,1006.0,1026.73,2479180
2020-12-01,1035.9,1035.9,1013.27,1019.6,584055
2020-12-02,1021.6,1048.44,1018.38,1042.55,1042630
2020-12-03,1047.0,1065.0,1043.41,1053.33,1042630
2020-12-04,1051.8,1069.48,1045.88,1066.58,657750
2020-12-07,1067.58,1084.8,1066.58,1073.46,785250
2020-12-08,1076.96,1085.59,1062.45,1069.14,621695
2020-12-09,1070.6,1089.59,1070.6,1084.87,798790
2020-12-10,1081.8,1083.8,1056.0,1062.87,606225
2020-12-11,1066.12,1074.99,1047.98,1053.59,504965
2020-12-14,1059.8,1069.69,1048.06,1062.36,673350
2020-12-15,1061.6,1068.27,1040.01,1043.25,1075170
2020-12-16,1051.11,1071.56,1044.4,1068.61,980120
2020-12-17,1062.4,1116.8,1062.4,1105.92,2358505
2020-12-18,1112.0,1122.93,1099.64,1111.86,1716510
2020-12-21,1092.0,1108.0,1044.18,1055.79,942260
2020-12-22,1067.4,1082.62,1021.69,1077.9,1205205
2020-12-23,1076.39,1113.4,1070.4,1106.44,549705
2020-12-24,1113.96,1128.75,1091.21,1096.55,900355
2020-12-28,1104.0,1107.44,1090.1,1101.07,491860
2020-12-29,1106.0,1113.0,1092.16,1097.16,680110
2020-12-30,1100.0,1118.29,1096.0,1103.39,933625
2020-12-31,1107.0,1117.99,1097.45,1114.78,681550
2021-01-01,1110.0,1146.0,1109.8,1136.24,919480
2021-01-04,1143.0,1144.63,1125.0,1137.42,885175
2021-01-05,1135.0,1143.79,1118.0,1139.05,553985
2021-01-06,1140.2,1158.94,1129.2,1140.29,952685
2021-01-07,1147.98,1157.0,1136.9,1141.92,458700
2021-01-08,1153.0,1193.0,1144.94,1183.39,1090775
2021-01-11,1183.8,1206.18,1173.4,1184.21,1222610
2021-01-12,1186.34,1200.56,1177.76,1185.88,738880
2021-01-13,1189.8,1207.86,1168.92,1201.79,804575
2021-01-14,1206.8,1207.0,1178.61,1195.91,544700
2021-01-15,1194.2,1214.1,1160.0,1165.83,940545
2021-01-18,1168.0,1169.99,1128.0,1147.26,890475
2021-01-19,1159.46,1172.0,1155.0,1165.67,662985
2021-01-20,1171.6,1185.2,1156.2,1173.19,814260
2021-01-21,1179.06,1192.4,1115.64,1154.52,1737500
2021-01-22,1139.1,1146.99,1069.4,1081.06,3593670
2021-01-25,1104.78,1104.78,1048.0,1077.47,1635505
2021-01-27,1078.8,1092.0,1065.01,1072.34,1117260
2021-01-28,1063.0,1098.98,1063.0,1074.11,1554260
2021-01-29,1081.0,1087.79,1063.8,1073.99,976955
2021-02-01,1078.0,1107.94,1059.2,1098.19,1718400
2021-02-02,1108.0,1116.26,1086.0,1089.91,1234905
2021-02-03,1093.96,1144.59,1093.96,1123.99,1733495
2021-02-04,1130.0,1148.0,1113.39,1142.14,771930
2021-02-05,1142.14,1142.87,1110.0,1113.58,648645
2021-02-08,1117.8,1134.72,1113.6,1126.99,467125
2021-02-09,1126.8,1138.74,1101.6,1105.42,621935
2021-02-10,1111.8,1119.2,1098.0,1107.02,782240
2021-02-11,1110.0,1141.19,1102.0,1135.36,796390
2021-02-12,1135.36,1151.58,1114.0,1123.18,773140
2021-02-15,1126.99,1145.0,1122.06,1124.44,617675
2021-02-16,1126.4,1164.0,1125.0,1157.52,864655
2021-02-17,1156.4,1168.5,1130.0,1137.23,1079240
2021-02-18,1140.0,1145.99,1125.02,1136.12,379105
2021-02-19,1131.79,1141.65,1083.91,1103.52,927900
2021-02-22,1108.64,1113.8,1057.08,1071.03,1032545
2021-02-23,1077.0,1090.79,1074.0,1082.14,429290
2021-02-24,1083.0,1107.0,1078.0,1096.09,213245
2021-02-25,1101.0,1119.0,1080.0,1108.07,1053685
2021-02-26,1085.0,1108.19,1063.01,1087.59,1646000
2021-03-01,1087.6,1103.88,1077.72,1084.35,548325
2021-03-02,1090.0,1110.0,1084.2,1100.36,598950
2021-03-03,1107.0,1147.8,1107.0,1138.16,908795
2021-03-04,1132.0,1148.01,1121.11,1142.97,608715
2021-03-05,1150.0,1164.1,1112.14,1124.89,921960
2021-03-08,1131.8,1145.91,1120.01,1132.65,480460
2021-03-09,1135.76,1140.97,1114.0,1124.87,439665
2021-03-10,1127.23,1138.54,1120.94,1131.72,327985
2021-03-12,1132.2,1144.0,1116.12,1119.8,581075
2021-03-15,1125.0,1125.0,1096.2,1106.93,553555
2021-03-16,1118.0,1118.0,1096.2,1100.65,396630
2021-03-17,1100.0,1102.98,1075.02,1080.94,508580
2021-03-18,1095.8,1096.0,1053.6,1056.99,1049785
2021-03-19,1045.0,1080.0,1026.21,1062.93,1416205
2021-03-22,1054.0,1064.55,1046.81,1056.2,458155
2021-03-23,1056.2,1073.52,1053.51,1067.87,770145
2021-03-24,1060.25,1071.36,1057.21,1061.34,466460
2021-03-25,1061.34,1063.79,1047.75,1050.61,483245
2021-03-26,1054.02,1069.16,1045.0,1054.65,388770
2021-03-30,1060.0,1084.19,1057.12,1080.45,768970
2021-03-31,1090.0,1090.0,1066.26,1082.16,1072125
2021-04-01,1089.9,1154.95,1087.21,1148.27,2159505
2021-04-05,1154.0,1154.0,1116.0,1130.44,715940
2021-04-06,1133.6,1232.43,1122.23,1222.33,2896645
2021-04-07,1222.96,1249.2,1206.8,1237.95,2348340
2021-04-08,1239.8,1272.92,1226.0,1241.15,1530260
2021-04-09,1236.06,1272.71,1230.48,1251.87,1066165
2021-04-12,1240.0,1243.99,1181.0,1224.59,933755
2021-04-13,1227.0,1266.0,1205.59,1210.56,1054710
2021-04-15,1221.11,1225.99,1188.0,1199.57,1062700
2021-04-16,1199.57,1232.0,1197.6,1225.45,773420
2021-04-19,1205.11,1252.55,1192.03,1247.21,1090205
2021-04-20,1254.0,1257.91,1210.55,1230.1,861980
2021-04-22,1224.0,1239.59,1214.03,1221.71,569995
2021-04-23,1220.0,1242.16,1219.99,1234.18,819590
2021-04-26,1240.4,1280.46,1223.04,1240.64,689115
2021-04-27,1240.8,1290.65,1240.21,1286.97,1689015
2021-04-28,1295.8,1305.71,1276.81,1284.5,1298640
2021-04-29,1288.0,1308.49,1279.74,1288.04,651325
2021-04-30,1284.22,1318.0,1277.27,1286.22,1071515
2021-05-03,1286.0,1315.97,1274.0,1306.02,712850
2021-05-04,1314.0,1362.78,1304.0,1341.7,2379855
2021-05-05,1361.6,1399.8,1330.72,1367.33,3305145
2021-05-06,1380.0,1397.6,1341.85,1372.63,1813595
2021-05-07,1346.0,1346.0,1245.0,1255.83,6798450
2021-05-10,1260.0,1268.44,1250.66,1259.88,1488355
2021-05-11,1259.88,1289.9,1253.62,1258.9,2025565
2021-05-12,1245.0,1275.97,1236.24,1256.01,1599950
2021-05-14,1269.0,1274.95,1243.67,1251.9,859370
2021-05-17,1259.6,1279.4,1252.01,1273.33,715185
2021-05-18,1279.0,1297.2,1274.41,1285.47,946635
2021-05-19,1288.8,1296.53,1280.01,1282.79,343725
2021-05-20,1291.11,1301.98,1276.12,1287.38,659115
2021-05-21,1284.42,1306.0,1284.42,1290.36,494825
2021-05-24,1290.8,1304.66,1275.6,1281.91,408450
2021-05-25,1280.0,1307.68,1280.0,1285.98,1091105
2021-05-26,1287.4,1303.29,1283.0,1288.21,608685
2021-05-27,1296.96,1305.0,1276.2,1299.88,785190
2021-05-28,1299.88,1317.8,1294.21,1303.1,532110
2021-05-31,1302.66,1318.18,1299.0,1302.63,452155
2021-06-01,1311.2,1314.22,1292.34,1311.72,481675
2021-06-02,1307.37,1333.8,1296.08,1305.77,840585
2021-06-03,1312.22,1321.99,1304.2,1317.25,451040
2021-06-04,1317.25,1330.41,1316.95,1324.69,436870
2021-06-07,1325.89,1343.8,1322.02,1337.25,492470
2021-06-08,1337.12,1409.17,1335.02,1399.56,2364640
2021-06-09,1409.0,1417.99,1380.0,1396.69,1536120
2021-06-10,1396.0,1421.95,1384.43,1415.15,784390
2021-06-11,1414.3,1432.0,1406.0,1413.02,1521310
2021-06-14,1407.4,1413.02,1393.35,1396.75,458540
2021-06-15,1395.11,1438.0,1395.0,1429.94,956715
2021-06-16,1434.02,1441.6,1416.92,1429.41,597460
2021-06-17,1425.6,1440.0,1414.59,1426.97,622570
2021-06-18,1437.8,1437.8,1386.62,1413.84,975415
2021-06-21,1407.0,1407.0,1381.2,1386.64,618910
2021-06-22,1392.0,1410.0,1389.7,1396.53,378110
2021-06-23,1402.0,1409.4,1376.0,1380.95,397765
2021-06-24,1386.56,1394.74,1373.46,1387.24,370475
2021-06-25,1395.0,1423.58,1384.74,1409.31,534310
2021-06-28,1418.0,1428.86,1409.0,1423.73,315990
2021-06-29,1425.96,1439.19,1411.96,1416.38,428455
2021-06-30,1418.8,1462.0,1418.8,1455.14,1059275
2021-07-01,1465.0,1481.2,1450.2,1469.54,914395
2021-07-02,1479.0,1506.0,1470.0,1499.2,1045010
2021-07-05,1503.99,1509.35,1487.63,1498.64,403130
2021-07-06,1498.57,1519.0,1496.27,1507.99,405560
2021-07-07,1506.0,1522.0,1501.25,1515.5,396860
2021-07-08,1508.71,1528.0,1490.44,1508.81,524515
2021-07-09,1511.0,1524.0,1503.0,1520.72,382880
2021-07-12,1521.0,1526.96,1513.0,1516.38,320800
2021-07-13,1520.44,1525.6,1510.81,1520.74,268470
2021-07-14,1520.0,1527.65,1512.5,1516.21,217625
2021-07-15,1517.96,1539.96,1517.71,1534.81,363240
2021-07-16,1544.0,1559.99,1527.6,1552.37,457095
2021-07-19,1549.96,1574.97,1531.29,1568.86,691815
2021-07-20,1565.4,1570.99,1536.2,1559.39,518395
2021-07-22,1562.87,1587.99,1562.87,1581.44,461700
2021-07-23,1585.8,1593.8,1575.0,1580.38,311870
2021-07-26,1580.4,1601.33,1548.63,1566.87,575840
2021-07-27,1575.4,1576.56,1524.38,1532.04,554165
2021-07-28,1528.0,1622.81,1514.06,1545.6,4262400
2021-07-29,1560.0,1622.0,1533.0,1586.33,2120400
2021-07-30,1600.0,1744.96,1586.33,1731.74,6512240
2021-08-02,1732.0,1814.91,1731.11,1800.99,3154025
2021-08-03,1790.0,1818.0,1750.43,1808.0,3354550
2021-08-04,1812.0,1826.99,1794.02,1806.67,1259135
2021-08-05,1808.0,1808.0,1778.22,1797.4,827480
2021-08-06,1796.0,1808.96,1769.39,1781.22,780590
2021-08-09,1781.11,1820.0,1781.11,1791.22,690985
2021-08-10,1800.03,1807.09,1758.9,1772.23,748415
2021-08-11,1778.0,1793.04,1740.8,1752.6,843775
2021-08-12,1748.0,1782.37,1722.0,1760.82,929535
2021-08-13,1774.69,1798.0,1760.91,1771.32,908445
2021-08-16,1778.27,1786.7,1756.13,1758.58,534825
2021-08-17,1767.99,1846.0,1755.01,1823.46,1292910
2021-08-18,1839.6,1856.0,1790.35,1796.71,1134130
2021-08-20,1796.0,1803.33,1743.01,1777.82,758785
2021-08-23,1855.58,1855.8,1781.0,1794.2,1434725
2021-08-24,1799.0,1817.98,1781.2,1796.56,794485
2021-08-25,1807.96,1813.59,1786.05,1788.84,526540
2021-08-26,1787.96,1830.0,1778.02,1812.63,664750
2021-08-27,1825.0,1890.0,1802.2,1884.71,2627525
2021-08-30,1900.0,1975.78,1883.03,1942.62,3376040
2021-08-31,1959.8,2069.0,1955.0,2027.95,4862275
2021-09-01,2060.0,2062.6,1965.02,1985.98,2745030
2021-09-02,1992.0,2049.99,1990.0,2034.18,1447815
2021-09-03,2039.8,2076.0,2016.4,2068.29,1556045
2021-09-06,2076.0,2080.69,2041.49,2046.09,1188435
2021-09-07,2055.62,2067.99,2027.76,2030.97,944140
2021-09-08,2042.78,2048.8,2000.2,2034.38,932215
2021-09-09,2040.0,2075.0,2030.83,2065.89,1954680
2021-09-13,2070.2,2149.6,2053.72,2137.1,2150470
2021-09-14,2163.57,2164.2,2122.27,2135.28,1292570
2021-09-15,2148.47,2259.99,2135.8,2244.92,2946310
2021-09-16,2244.2,2275.64,2213.22,2264.95,1504445
2021-09-17,2268.0,2273.9,2208.4,2219.81,1566090
2021-09-20,2219.8,2219.8,2104.0,2121.48,1751715
2021-09-21,2122.07,2166.05,2106.6,2132.85,1476000
2021-09-22,2148.41,2181.58,2139.01,2146.14,1154190
2021-09-23,2181.8,2226.6,2157.15,2199.77,1297800
2021-09-24,2212.14,2219.59,2170.0,2202.81,950790
2021-09-27,2240.4,2253.75,2199.0,2225.39,1628115
2021-09-28,2235.98,2235.98,2150.01,2184.39,1219870
2021-09-29,2206.0,2251.0,2176.03,2239.09,1580700
2021-09-30,2250.0,2267.38,2207.31,2255.82,1650025
2021-10-01,2265.0,2265.0,2200.0,2217.94,1386735
2021-10-04,2226.74,2324.02,2223.46,2311.4,2341100
2021-10-05,2315.6,2338.48,2291.0,2297.63,1513805
2021-10-06,2304.27,2334.0,2273.3,2279.86,1807270
2021-10-07,2301.64,2338.0,2290.66,2315.34,1186575
2021-10-08,2327.6,2410.0,2315.42,2388.78,3000465
2021-10-11,2415.76,2504.78,2388.12,2408.8,2772030
2021-10-12,2428.0,2520.0,2420.0,2491.37,3364095
2021-10-13,2538.0,2538.0,2401.0,2405.6,1731530
2021-10-14,2424.0,2458.0,2404.0,2410.9,769502
2021-10-18,2439.65,2444.95,2327.85,2333.3,1018333
2021-10-19,2337.8,2374.0,2295.0,2307.65,825693
2021-10-20,2301.0,2303.0,2175.65,2209.1,1691384
2021-10-21,2223.0,2278.0,2176.0,2268.85,1309633
2021-10-22,2277.1,2325.0,2206.0,2217.55,896101
2021-10-25,2230.0,2257.7,2079.95,2101.5,2013324
2021-10-26,2069.45,2171.95,2065.0,2110.6,1925640
2021-10-27,2115.0,2160.0,2102.15,2144.8,1690899
2021-10-28,2155.55,2170.0,2109.2,2120.2,1291921
2021-10-29,2120.0,2169.0,2087.1,2117.3,1218461
2021-11-01,2130.0,2142.65,2080.0,2122.1,953721
2021-11-02,2140.5,2140.5,2097.05,2110.65,614345
2021-11-03,2118.0,2128.45,2056.0,2080.1,791011
2021-11-04,2095.0,2106.35,2087.65,2099.25,79875
2021-11-08,2100.0,2142.0,2072.9,2127.55,1074704
2021-11-09,2148.0,2227.0,2145.95,2172.45,1688961
2021-11-10,2175.0,2175.0,2125.05,2146.6,629894
2021-11-11,2157.0,2157.0,2100.1,2125.6,635400
2021-11-12,2159.0,2207.4,2125.05,2154.9,1747671
2021-11-15,2174.9,2204.65,2165.2,2192.9,1026161
2021-11-16,2204.0,2213.85,2176.85,2190.0,986146
2021-11-17,2183.0,2200.95,2144.25,2157.55,869570
2021-11-18,2159.0,2244.7,2154.05,2187.9,1984968
2021-11-22,2215.0,2215.0,2043.9,2093.9,2459397
2021-11-23,2090.0,2217.15,2042.8,2191.7,2245983
2021-11-24,2209.0,2249.95,2113.65,2140.55,1886355
2021-11-25,2140.55,2198.25,2132.05,2184.8,1755041
2021-11-26,2160.0,2160.0,2080.6,2091.05,855393
2021-11-29,2055.0,2086.8,1973.1,2056.2,1362057
2021-11-30,2079.0,2172.45,1977.45,2005.85,19073002
2021-12-01,2032.55,2098.05,1994.0,2016.7,1502267
2021-12-02,2035.85,2093.0,2012.25,2089.7,1161648
2021-12-03,2090.0,2120.0,2070.0,2084.2,626496
2021-12-06,2080.0,2107.7,2052.25,2057.65,360997
2021-12-07,2074.0,2099.95,2036.8,2088.85,611232
2021-12-08,2104.5,2139.0,2095.7,2124.8,549828
2021-12-09,2130.0,2141.0,2115.0,2133.45,317527
2021-12-10,2133.45,2156.0,2122.45,2148.85,397700
2021-12-13,2155.0,2179.9,2145.55,2149.45,383648
2021-12-14,2154.45,2174.65,2142.7,2155.85,368847
2021-12-15,2159.0,2177.7,2107.05,2159.2,786329
2021-12-16,2184.8,2235.7,2162.0,2216.4,872308
2021-12-17,2230.0,2242.0,2153.3,2164.55,1548050
2021-12-20,2116.0,2145.0,2029.55,2074.65,653629
2021-12-21,2093.45,2190.85,2082.35,2172.85,752135
2021-12-22,2174.0,2314.0,2170.0,2306.0,2460901
2021-12-23,2323.65,2341.45,2301.0,2322.45,1336372
2021-12-24,2323.05,2350.4,2291.0,2315.95,877618
2021-12-27,2321.0,2369.9,2292.5,2344.0,940361
2021-12-28,2355.5,2393.95,2350.0,2389.15,744414
2021-12-29,2393.0,2409.95,2377.0,2391.7,516093
2021-12-30,2384.0,2415.0,2371.7,2403.55,547990
2021-12-31,2408.0,2428.15,2405.2,2420.1,348706
2022-01-03,2420.1,2444.0,2406.05,2412.5,385132
2022-01-04,2412.5,2437.95,2368.0,2429.25,423163
2022-01-05,2428.0,2440.0,2371.0,2416.6,578855
2022-01-06,2385.0,2450.0,2381.0,2410.5,594570
2022-01-07,2430.05,2533.95,2350.0,2504.95,2348058
2022-01-10,2520.0,2550.8,2485.7,2530.25,811329
2022-01-11,2530.25,2565.0,2522.45,2532.85,573897
2022-01-12,2540.15,2635.75,2507.6,2626.1,1090603
2022-01-13,2630.0,2669.8,2610.5,2656.8,800652
2022-01-14,2654.0,2680.0,2641.4,2652.7,452448
2022-01-17,2655.0,2679.3,2612.7,2640.45,662580
2022-01-18,2655.7,2669.6,2593.05,2615.15,616685
2022-01-19,2617.0,2623.5,2525.1,2556.9,728794
2022-01-20,2550.55,2575.0,2536.0,2567.75,289339
2022-01-21,2540.0,2555.55,2468.05,2476.8,589520
2022-01-24,2478.5,2484.95,2350.0,2369.7,1072181
2022-01-25,2330.65,2523.8,2295.0,2470.5,2246592
2022-01-27,2415.0,2425.0,2268.55,2349.05,1878619
2022-01-28,2390.0,2484.15,2387.3,2401.35,1112061
2022-01-31,2415.0,2455.0,2361.0,2406.8,758878
2022-02-01,2424.05,2485.0,2366.1,2447.2,812910
2022-02-02,2460.6,2494.0,2440.8,2453.5,498572
2022-02-03,2475.0,2488.05,2425.0,2439.8,625410
2022-02-04,2426.0,2474.8,2426.0,2435.9,348955
2022-02-07,2444.8,2521.85,2410.15,2450.8,1243759
2022-02-08,2462.25,2548.0,2429.0,2531.3,1232058
2022-02-09,2549.9,2594.0,2543.4,2583.8,811882
2022-02-10,2598.8,2611.85,2550.1,2584.55,698527
2022-02-11,2560.0,2578.95,2460.6,2476.55,792095
2022-02-14,2410.0,2460.0,2335.05,2345.65,556722
2022-02-15,2380.0,2503.45,2357.95,2493.75,664010
2022-02-16,2518.0,2520.0,2447.3,2462.65,358576
2022-02-17,2478.0,2495.9,2424.7,2432.8,446606
2022-02-18,2406.5,2447.95,2375.0,2382.95,386111
2022-02-21,2350.0,2406.95,2334.0,2375.4,394657
2022-02-22,2300.1,2383.15,2300.1,2375.55,548655
2022-02-23,2400.0,2434.0,2381.0,2396.4,448332
2022-02-24,2302.0,2370.4,2259.25,2271.4,736393
2022-02-25,2355.0,2435.9,2332.55,2424.9,949775
2022-02-28,2408.0,2408.0,2335.35,2383.65,1157729
2022-03-02,2379.0,2419.0,2330.1,2349.55,710813
2022-03-03,2380.0,2392.6,2326.3,2343.75,376606
2022-03-04,2316.0,2339.0,2225.0,2234.35,636562
2022-03-07,2190.0,2190.0,2106.0,2153.3,721602
2022-03-08,2149.0,2195.0,2114.1,2189.75,747807
2022-03-09,2220.0,2243.95,2191.0,2223.8,716268
2022-03-10,2300.0,2304.0,2247.0,2284.7,631055
2022-03-11,2278.0,2279.0,2234.35,2250.75,802073
2022-03-14,2242.0,2475.0,2240.2,2355.4,839106
2022-03-15,2368.0,2436.65,2360.05,2420.0,1467575
2022-03-16,2477.3,2477.3,2421.0,2469.2,781770
2022-03-17,2488.0,2596.3,2485.1,2588.2,1593596
2022-03-21,2615.4,2658.95,2582.15,2605.45,1055088
2022-03-22,2613.95,2653.95,2560.4,2630.45,729721
2022-03-23,2658.0,2673.5,2553.0,2595.2,588552
2022-03-24,2533.0,2623.95,2530.0,2608.1,834422
2022-03-25,2620.0,2627.6,2600.0,2614.55,251144
2022-03-28,2616.0,2637.6,2565.05,2605.75,443424
2022-03-29,2607.2,2679.95,2602.1,2621.25,837632
2022-03-30,2650.0,2734.6,2626.8,2705.85,2954341
2022-03-31,2732.85,2732.85,2645.25,2679.35,918574
2022-04-01,2690.0,2715.0,2612.85,2621.85,1104351
2022-04-04,2650.0,2667.5,2620.15,2636.3,502552
2022-04-05,2651.0,2755.65,2633.05,2709.5,1116588
2022-04-06,2700.0,2712.0,2660.0,2684.7,636435
2022-04-07,2680.0,2735.9,2662.0,2688.6,655014
2022-04-08,2697.0,2773.35,2686.2,2747.6,1579463
2022-04-11,2759.95,2763.6,2690.3,2698.9,463269
2022-04-12,2700.0,2710.0,2595.05,2635.75,893233
2022-04-13,2648.0,2677.5,2597.45,2611.05,491749
2022-04-18,2595.0,2643.6,2519.6,2615.75,955240
2022-04-19,2634.0,2656.45,2480.0,2528.95,552389
2022-04-20,2520.0,2617.65,2501.65,2542.65,929202
2022-04-21,2560.45,2584.3,2531.3,2547.4,531946
2022-04-22,2510.0,2534.9,2475.0,2489.35,614298
2022-04-25,2468.0,2488.0,2424.0,2434.75,641367
2022-04-26,2474.0,2542.45,2463.6,2514.55,631406
2022-04-27,2500.0,2520.0,2451.0,2483.6,309632
2022-04-28,2510.0,2531.95,2466.55,2511.95,373688
2022-04-29,2545.0,2550.95,2497.1,2512.7,388136
2022-05-02,2484.95,2512.65,2467.05,2504.8,222731
2022-05-04,2505.05,2521.9,2395.0,2403.0,347557
2022-05-05,2411.3,2482.95,2386.05,2394.3,425837
2022-05-06,2345.0,2384.35,2286.8,2301.05,527997
2022-05-09,2275.0,2276.75,2212.1,2224.3,1144796
2022-05-10,2280.0,2295.05,2100.0,2113.15,2412934
2022-05-11,2162.0,2275.0,2149.9,2234.25,3174932
2022-05-12,2230.0,2234.2,2166.1,2194.35,1100400
2022-05-13,2228.0,2294.75,2217.5,2231.6,1293512
2022-05-16,2249.95,2265.35,2200.0,2243.4,704383
2022-05-17,2290.0,2347.6,2260.05,2334.3,807853
2022-05-18,2349.5,2385.85,2333.0,2348.15,601249
2022-05-19,2300.0,2343.45,2275.0,2331.8,578956
2022-05-20,2379.95,2383.8,2313.0,2337.7,462403
2022-05-23,2355.0,2398.0,2296.8,2306.05,689093
2022-05-24,2358.0,2360.95,2300.0,2339.9,720316
2022-05-25,2349.8,2354.0,2222.0,2235.95,898715
2022-05-26,2240.0,2285.8,2187.15,2270.7,791107
2022-05-27,2285.05,2374.85,2285.0,2362.0,609138
2022-05-30,2385.65,2475.0,2380.05,2450.05,679917
2022-05-31,2455.0,2495.95,2437.65,2464.05,896763
2022-06-01,2457.0,2493.0,2381.1,2397.45,465902
2022-06-02,2397.0,2408.0,2350.0,2387.2,387619
2022-06-03,2401.0,2440.0,2365.1,2373.95,527296
2022-06-06,2375.0,2393.95,2331.0,2381.65,211388
2022-06-07,2372.0,2377.9,2313.0,2332.1,324522
2022-06-08,2336.7,2350.0,2246.0,2260.7,645154
2022-06-09,2233.0,2306.3,2201.65,2298.5,790621
2022-06-10,2289.0,2316.45,2233.35,2304.55,523250
2022-06-13,2241.5,2287.75,2236.95,2263.25,448704
2022-06-14,2255.0,2318.65,2248.05,2267.95,364548
2022-06-15,2294.0,2308.95,2265.55,2292.15,283024
2022-06-16,2327.95,2343.0,2170.4,2188.15,591420
2022-06-17,2165.0,2206.45,2128.55,2181.85,805720
2022-06-20,2181.1,2206.95,2080.7,2135.6,855567
2022-06-21,2160.0,2239.0,2160.0,2226.25,389446
2022-06-22,2219.95,2219.95,2158.0,2168.3,396618
2022-06-23,2168.3,2212.0,2158.4,2207.0,355541
2022-06-24,2220.0,2283.95,2211.0,2277.95,344118
2022-06-27,2310.0,2315.95,2283.85,2302.25,295880
2022-06-28,2296.6,2311.15,2273.7,2298.5,256337
2022-06-29,2262.0,2297.8,2262.0,2286.65,369665
2022-06-30,2286.65,2306.15,2237.2,2252.2,524573
2022-07-01,2230.0,2239.75,2133.05,2161.65,809031
2022-07-04,2136.05,2189.0,2115.0,2180.25,750456
2022-07-05,2184.0,2188.0,2042.1,2052.7,1574839
2022-07-06,2041.0,2067.0,2002.2,2059.2,1972692
2022-07-07,2084.9,2110.2,2044.1,2072.85,883128
2022-07-08,2098.0,2183.0,2055.0,2175.5,2001690
2022-07-11,2168.95,2208.6,2145.55,2186.2,885089
2022-07-12,2178.0,2219.4,2160.0,2199.75,654145
2022-07-13,2210.0,2239.0,2201.9,2224.3,731366
2022-07-14,2231.5,2246.0,2186.0,2209.15,394815
2022-07-15,2215.0,2267.95,2215.0,2261.45,457591
2022-07-18,2278.4,2319.5,2262.0,2308.5,401934
2022-07-19,2303.0,2340.0,2291.05,2331.95,388188
2022-07-20,2350.0,2353.2,2275.0,2286.5,445676
2022-07-21,2300.95,2350.0,2279.55,2343.5,537382
2022-07-22,2381.0,2410.0,2272.55,2290.55,2315918
2022-07-25,2302.7,2405.0,2299.85,2383.45,1918499
2022-07-26,2400.1,2443.2,2347.0,2366.35,1680465
2022-07-27,2376.95,2414.0,2342.7,2405.25,717439
2022-07-28,2425.0,2429.75,2396.45,2420.8,476366
2022-07-29,2435.0,2448.9,2406.35,2428.3,419953
2022-08-01,2439.0,2457.8,2422.15,2453.5,336004
2022-08-02,2469.9,2476.95,2440.0,2453.95,514318
2022-08-03,2450.0,2466.1,2422.15,2450.4,262699
2022-08-04,2453.15,2473.9,2403.0,2453.9,572891
2022-08-05,2458.7,2514.7,2435.0,2498.55,624730
2022-08-08,2511.85,2516.15,2463.8,2480.9,344476
2022-08-10,2487.5,2508.0,2414.05,2436.8,538054
2022-08-11,2460.0,2463.3,2410.55,2429.6,388083
2022-08-12,2418.0,2460.0,2412.2,2438.45,374776
2022-08-16,2450.0,2525.0,2450.0,2493.85,746824
2022-08-17,2501.25,2505.7,2462.35,2486.65,471778
2022-08-18,2479.9,2539.8,2471.0,2519.3,761670
2022-08-19,2525.0,2535.25,2440.0,2455.1,414275
2022-08-22,2454.0,2454.0,2359.45,2393.45,436531
2022-08-23,2345.0,2443.45,2338.65,2415.65,375652
2022-08-24,2415.0,2423.6,2362.0,2381.5,329163
2022-08-25,2400.0,2414.2,2363.2,2371.5,330710
2022-08-26,2395.0,2427.25,2380.05,2401.55,363251
2022-08-29,2350.0,2434.85,2325.1,2419.4,448403
2022-08-30,2444.95,2555.0,2435.15,2543.4,1348808
2022-09-01,2514.65,2683.0,2511.4,2666.35,2165693
2022-09-02,2687.0,2690.5,2591.15,2603.4,613538
2022-09-05,2618.0,2627.15,2575.0,2601.2,345524
2022-09-06,2613.0,2657.9,2606.8,2621.0,641014
2022-09-07,2614.0,2636.75,2588.0,2620.5,695991
2022-09-08,2648.0,2666.0,2622.0,2648.45,469966
2022-09-09,2659.8,2666.0,2620.1,2639.25,310925
2022-09-12,2658.8,2739.6,2647.0,2727.2,1056499
2022-09-13,2744.05,2848.9,2728.1,2826.05,1716707
2022-09-14,2789.85,2865.0,2772.25,2822.4,1159487
2022-09-15,2838.0,2844.9,2787.05,2820.75,550290
2022-09-16,2817.1,2840.8,2656.45,2703.95,1013229
2022-09-19,2710.1,2736.0,2647.2,2682.45,638431
2022-09-20,2705.0,2734.95,2672.65,2682.4,559328
2022-09-21,2679.95,2733.15,2615.15,2627.3,846724
2022-09-22,2620.0,2642.4,2556.0,2622.3,649145
2022-09-23,2620.0,2630.35,2564.05,2572.35,488174
2022-09-26,2550.1,2555.0,2470.2,2514.15,709395
2022-09-27,2533.0,2557.1,2474.0,2487.8,523698
2022-09-28,2465.0,2512.95,2463.6,2480.75,424207
2022-09-29,2520.0,2595.0,2493.3,2543.85,1169528
2022-09-30,2555.0,2555.0,2411.45,2503.45,1724728
2022-10-03,2505.0,2563.5,2462.2,2478.9,646784
2022-10-04,2520.0,2555.0,2485.0,2545.65,690454
2022-10-06,2547.0,2598.0,2533.25,2575.05,656151
2022-10-07,2584.0,2599.9,2550.4,2560.4,477073
2022-10-10,2539.2,2550.0,2511.2,2540.9,305852
2022-10-11,2561.25,2569.5,2485.0,2501.7,477697
2022-10-12,2519.15,2539.85,2480.05,2529.2,442504
2022-10-13,2526.0,2529.95,2464.2,2496.85,418090
2022-10-14,2549.0,2551.35,2491.05,2496.6,281480
2022-10-17,2496.6,2571.5,2480.05,2550.95,477988
2022-10-18,2565.0,2584.85,2558.15,2564.2,448673
2022-10-19,2577.0,2594.7,2535.0,2580.6,479569
2022-10-20,2575.0,2585.0,2548.05,2576.1,369894
2022-10-21,2595.0,2613.0,2524.2,2540.5,489326
2022-10-24,2588.0,2588.0,2535.2,2547.5,62203
2022-10-25,2567.0,2567.0,2495.0,2500.35,680152
2022-10-27,2525.95,2533.45,2483.95,2499.45,530868
2022-10-28,2513.0,2519.0,2472.65,2494.45,385655
2022-10-31,2506.0,2565.0,2505.0,2558.65,493490
2022-11-01,2565.0,2639.7,2547.05,2620.45,595570
2022-11-02,2624.0,2625.0,2533.0,2547.9,826027
2022-11-03,2547.0,2587.95,2513.0,2554.1,1101948
2022-11-04,2540.0,2540.75,2442.0,2482.2,1557123
2022-11-07,2493.0,2506.55,2407.4,2425.9,857058
2022-11-09,2445.0,2445.0,2375.0,2391.15,751239
2022-11-10,2376.0,2378.65,2320.25,2338.45,673674
2022-11-11,2370.0,2412.05,2361.0,2388.7,504629
2022-11-14,2400.0,2405.0,2372.0,2378.25,572225
2022-11-15,2394.45,2409.0,2345.8,2403.4,495265
2022-11-16,2399.0,2399.0,2352.05,2369.45,674045
2022-11-17,2363.0,2363.0,2333.0,2339.05,530480
2022-11-18,2342.35,2348.4,2250.25,2275.25,1161638
2022-11-21,2266.0,2287.0,2237.7,2246.35,871972
2022-11-22,2243.0,2295.0,2240.05,2288.8,471061
2022-11-23,2305.4,2305.4,2270.5,2280.75,425775
2022-11-24,2295.0,2295.0,2250.1,2259.45,442467
2022-11-25,2278.0,2291.3,2242.35,2278.7,326915
2022-11-28,2288.0,2335.55,2280.1,2325.55,492455
2022-11-29,2327.0,2338.25,2313.35,2320.95,357100
2022-11-30,2320.4,2378.0,2319.2,2365.7,821107
2022-12-01,2370.95,2410.0,2349.0,2398.55,742826
2022-12-02,2398.5,2405.0,2360.0,2398.6,486483
2022-12-05,2413.4,2416.0,2373.2,2399.05,542347
2022-12-06,2400.0,2412.55,2365.0,2385.6,361751
2022-12-07,2395.95,2398.8,2365.0,2373.2,248230
2022-12-08,2385.0,2394.95,2368.0,2384.6,256931
2022-12-09,2392.0,2408.95,2339.0,2365.5,432919
2022-12-12,2363.8,2370.0,2326.35,2336.1,395435
2022-12-13,2354.0,2355.0,2315.0,2330.8,381931
2022-12-14,2342.5,2405.0,2336.4,2399.95,722113
2022-12-15,2410.0,2460.0,2376.55,2400.7,1131869
2022-12-16,2382.0,2382.0,2310.0,2324.3,980557
2022-12-19,2324.3,2325.0,2261.35,2322.85,629091
2022-12-20,2320.0,2325.0,2280.0,2319.8,386920
2022-12-21,2332.0,2348.95,2293.0,2298.7,375875
2022-12-22,2314.8,2324.75,2267.1,2297.45,631488
2022-12-23,2265.1,2296.95,2211.1,2219.35,651176
2022-12-26,2220.0,2322.8,2206.05,2293.3,500570
2022-12-27,2305.0,2348.0,2302.6,2325.0,583509
2022-12-28,2332.85,2337.3,2300.0,2307.25,323750
2022-12-29,2297.05,2319.45,2268.8,2275.95,987064
2022-12-30,2294.9,2314.35,2284.0,2290.35,232119
2023-01-02,2294.6,2308.0,2276.15,2292.45,321609
2023-01-03,2300.0,2312.0,2280.6,2302.85,741051
2023-01-04,2302.75,2309.0,2260.0,2265.3,396492
2023-01-05,2275.0,2281.95,2245.1,2266.9,266401
2023-01-06,2270.0,2274.0,2227.35,2238.65,328799
2023-01-09,2246.3,2256.6,2214.15,2236.75,468796
2023-01-10,2240.0,2275.0,2232.0,2270.1,446088
2023-01-11,2277.95,2277.95,2186.7,2195.8,683084
2023-01-12,2199.8,2229.8,2191.05,2219.3,563323
2023-01-13,2219.0,2224.2,2180.1,2198.75,339837
2023-01-16,2207.0,2207.75,2162.4,2178.65,550050
2023-01-17,2178.65,2191.15,2161.15,2188.45,336838
2023-01-18,2188.45,2190.8,2164.75,2169.5,378180
2023-01-19,2167.95,2169.45,2132.8,2137.45,404840
2023-01-20,2140.0,2144.9,2101.0,2105.2,393215
2023-01-23,2107.0,2118.7,2095.1,2113.75,401917
2023-01-24,2119.0,2138.95,2118.0,2127.9,540773
2023-01-25,2129.9,2140.0,2085.5,2128.35,506083
2023-01-27,2139.0,2152.5,2106.05,2131.1,471175
2023-01-30,2149.0,2194.0,2082.1,2151.4,642002
2023-01-31,2200.0,2236.0,2168.1,2182.45,1503351
2023-02-01,2200.0,2248.0,2182.8,2224.65,1054831
2023-02-02,2220.0,2231.0,2187.05,2202.8,487744
2023-02-03,2213.85,2229.5,2185.0,2210.45,352217
2023-02-06,2210.65,2222.0,2178.4,2219.15,541851
2023-02-07,2220.0,2221.9,2196.3,2204.4,372736
2023-02-08,2208.5,2217.0,2185.95,2197.1,442756
2023-02-09,2205.1,2239.9,2184.05,2218.35,683252
2023-02-10,2219.95,2304.0,2203.75,2289.4,1147275
2023-02-13,2295.8,2295.8,2210.0,2216.4,556723
2023-02-14,2216.0,2237.05,2206.6,2226.85,506924
2023-02-15,2226.85,2259.8,2220.6,2255.3,434256
2023-02-16,2258.0,2337.05,2258.0,2326.2,933259
2023-02-17,2310.0,2329.0,2305.35,2318.85,390304
2023-02-20,2320.0,2337.95,2300.0,2312.35,518037
2023-02-21,2317.0,2355.0,2312.0,2318.2,511136
2023-02-22,2300.05,2307.1,2244.7,2274.3,444547
2023-02-23,2285.0,2285.0,2232.85,2242.7,301133
2023-02-24,2253.95,2260.0,2215.0,2224.5,324464
2023-02-27,2224.5,2231.45,2161.45,2191.9,382292
2023-02-28,2190.75,2191.0,2154.05,2168.55,569085
2023-03-01,2184.05,2241.75,2184.05,2235.45,618814
2023-03-02,2223.3,2257.7,2222.0,2247.0,340417
2023-03-03,2255.6,2287.0,2245.6,2271.95,511341
2023-03-06,2280.0,2307.15,2275.1,2300.35,467292
2023-03-08,2280.3,2315.0,2268.05,2307.4,363490
2023-03-09,2318.4,2334.5,2290.0,2300.55,560192
2023-03-10,2279.8,2300.0,2273.05,2292.55,339874
2023-03-13,2300.0,2308.85,2272.55,2281.6,510226
2023-03-14,2281.6,2314.95,2261.0,2305.4,960492
2023-03-15,2319.85,2330.45,2263.0,2272.4,449004
2023-03-16,2282.4,2317.4,2263.0,2309.65,446515
2023-03-17,2321.2,2325.0,2298.3,2307.55,309283
2023-03-20,2299.0,2318.0,2290.25,2303.35,236668
2023-03-21,2303.35,2364.9,2298.55,2349.35,619952
2023-03-22,2352.05,2387.65,2346.0,2381.25,1042488
2023-03-23,2381.1,2404.15,2365.65,2383.7,448631
2023-03-24,2389.25,2397.6,2371.15,2381.45,300095
2023-03-27,2380.1,2401.9,2373.15,2387.65,388208
2023-03-28,2397.0,2399.0,2365.5,2380.3,551977
2023-03-29,2375.0,2412.0,2370.05,2399.1,313006
2023-03-31,2411.1,2433.4,2397.65,2411.85,585933
2023-04-03,2428.2,2429.0,2358.6,2362.35,1010208
2023-04-05,2365.0,2383.35,2354.4,2376.15,417181
2023-04-06,2371.1,2384.65,2358.0,2369.3,157067
2023-04-10,2375.0,2403.5,2365.0,2389.7,416941
2023-04-11,2398.0,2420.0,2375.5,2398.6,1001619
2023-04-12,2401.0,2428.25,2398.1,2424.5,598441
2023-04-13,2430.0,2454.0,2426.6,2439.25,864697
2023-04-17,2440.0,2467.55,2432.65,2461.65,565248
2023-04-18,2469.4,2486.9,2452.05,2483.5,573989
2023-04-19,2499.0,2499.0,2457.7,2470.45,431870
2023-04-20,2475.1,2489.95,2462.6,2472.85,257583
2023-04-21,2472.0,2484.2,2464.15,2477.0,153764
2023-04-24,2486.8,2502.0,2473.0,2499.8,204607
2023-04-25,2499.8,2505.6,2480.7,2491.95,238525
2023-04-26,2494.0,2500.95,2471.95,2496.6,412277
2023-04-27,2481.0,2503.5,2481.0,2495.5,133131
2023-04-28,2500.0,2545.0,2491.45,2540.25,484563
2023-05-02,2544.0,2563.45,2535.8,2550.75,229619
2023-05-03,2550.75,2574.0,2539.6,2568.75,258866
2023-05-04,2578.0,2578.0,2506.05,2552.3,609709
2023-05-05,2552.3,2559.3,2522.0,2529.7,247013
2023-05-08,2529.7,2557.95,2526.15,2546.15,435984
2023-05-09,2559.0,2636.0,2558.95,2587.4,1416918
2023-05-10,2573.0,2607.3,2555.3,2571.25,822520
2023-05-11,2595.0,2595.0,2555.0,2560.95,467001
2023-05-12,2561.0,2581.4,2531.0,2552.75,229255
2023-05-15,2554.0,2564.75,2516.45,2531.0,351737
2023-05-16,2531.0,2556.95,2528.1,2542.65,272719
2023-05-17,2549.0,2549.0,2453.0,2471.35,448214
2023-05-18,2490.0,2490.0,2424.9,2428.6,321325
2023-05-19,2420.0,2440.35,2400.0,2436.3,218613
2023-05-22,2440.6,2468.4,2410.5,2458.6,203806
2023-05-23,2466.0,2494.9,2453.6,2470.8,333461
2023-05-24,2467.2,2488.5,2444.05,2449.9,381373
2023-05-25,2449.85,2479.5,2446.8,2473.55,177816
2023-05-26,2471.0,2522.0,2465.0,2515.4,404790
2023-05-29,2525.45,2540.0,2510.05,2534.35,175879
2023-05-30,2539.5,2539.5,2507.75,2529.1,285307
2023-05-31,2510.05,2542.15,2496.0,2519.75,563991
2023-06-01,2503.0,2520.75,2473.7,2478.55,485845
2023-06-02,2485.95,2517.25,2470.05,2512.6,278737
2023-06-05,2512.6,2546.95,2512.05,2532.2,270365
2023-06-06,2536.0,2546.0,2512.15,2533.1,306301
2023-06-07,2541.3,2573.0,2531.0,2567.35,391452
2023-06-08,2576.95,2576.95,2502.0,2513.95,411072
2023-06-09,2526.0,2530.0,2417.25,2429.7,664621
2023-06-12,2420.0,2424.75,2320.25,2337.85,1574373
2023-06-13,2357.65,2379.5,2331.05,2344.85,963612
2023-06-14,2357.9,2368.9,2343.0,2350.7,453023
2023-06-15,2359.0,2385.0,2351.05,2367.05,678093
2023-06-16,2379.95,2404.9,2367.05,2397.45,418809
2023-06-19,2395.0,2418.0,2390.05,2404.7,281964
2023-06-20,2409.9,2416.5,2383.55,2405.95,404500
2023-06-21,2405.95,2418.7,2380.0,2389.8,484023
2023-06-22,2394.0,2415.0,2350.0,2366.6,410192
2023-06-23,2379.25,2379.25,2305.1,2321.4,678470
2023-06-26,2319.0,2349.4,2301.0,2338.6,385721
2023-06-27,2350.0,2353.2,2303.65,2308.35,482877
2023-06-28,2320.0,2332.0,2299.0,2308.1,527587
2023-06-30,2314.8,2330.0,2285.1,2289.45,625027
2023-07-03,2300.0,2307.85,2265.0,2274.35,1030599
2023-07-04,2299.0,2299.0,2271.6,2274.4,573277
2023-07-05,2274.5,2285.0,2220.0,2224.65,813062
2023-07-06,2210.1,2281.5,2210.1,2275.5,747694
2023-07-07,2281.0,2289.6,2220.25,2223.2,756374
2023-07-10,2223.0,2223.0,2181.0,2187.8,885168
2023-07-11,2190.0,2198.25,2158.3,2175.35,702317
2023-07-12,2185.0,2214.85,2154.55,2210.2,1015129
2023-07-13,2230.8,2230.8,2160.0,2173.45,1174350
2023-07-14,2188.0,2206.8,2178.05,2187.5,833850
2023-07-17,2200.9,2245.0,2192.2,2239.15,908206
2023-07-18,2248.7,2254.2,2217.55,2226.0,502144
2023-07-19,2226.0,2250.0,2220.05,2241.25,366692
2023-07-20,2255.0,2259.95,2236.05,2242.6,356230
2023-07-21,2226.85,2249.0,2194.0,2212.75,503609
2023-07-24,2228.05,2230.25,2131.3,2144.35,1884393
2023-07-25,2059.0,2183.0,2040.0,2164.1,2524900
2023-07-26,2148.0,2162.0,2110.0,2144.3,1695840
2023-07-27,2156.8,2168.5,2140.05,2162.15,1194705
2023-07-28,2173.65,2187.9,2155.0,2170.1,370186
2023-07-31,2182.65,2187.9,2160.9,2170.55,577609
2023-08-01,2183.0,2258.85,2168.0,2251.1,1623153
2023-08-02,2253.0,2292.0,2233.0,2265.4,1539747
2023-08-03,2275.0,2275.0,2246.65,2261.1,403126
2023-08-04,2265.0,2280.0,2260.0,2266.8,305218
2023-08-07,2276.0,2295.0,2262.25,2284.15,454625
2023-08-08,2294.5,2294.5,2257.7,2277.95,551151
2023-08-09,2280.0,2312.8,2266.05,2299.7,404765
2023-08-10,2307.0,2312.0,2288.5,2294.25,597471
2023-08-11,2294.25,2314.0,2263.05,2295.7,414625
2023-08-14,2295.0,2296.5,2264.15,2292.1,253654
2023-08-16,2280.0,2305.55,2260.1,2301.65,389707
2023-08-17,2305.0,2313.7,2287.0,2295.65,258200
2023-08-18,2295.0,2297.5,2269.0,2277.8,306479
2023-08-21,2277.8,2307.35,2275.0,2301.45,257609
2023-08-22,2305.0,2323.0,2291.95,2300.75,180191
2023-08-23,2297.0,2333.0,2296.2,2310.8,420237
2023-08-24,2318.0,2334.0,2305.2,2310.05,345769
2023-08-25,2301.0,2319.7,2294.55,2310.25,270711
2023-08-28,2314.95,2318.9,2301.05,2311.85,227518
2023-08-29,2317.0,2387.0,2311.25,2374.35,1162898
2023-08-30,2387.0,2387.0,2361.4,2369.35,443739
2023-08-31,2385.0,2385.0,2350.25,2356.5,648345
2023-09-01,2356.2,2397.0,2352.0,2384.05,510493
2023-09-04,2390.0,2422.4,2375.0,2411.45,722079
2023-09-05,2419.0,2432.0,2406.1,2419.55,386564
2023-09-06,2425.0,2465.0,2411.2,2454.0,682571
2023-09-07,2455.9,2472.5,2448.55,2463.05,309914
2023-09-08,2469.9,2475.5,2438.0,2440.3,431834
2023-09-11,2441.0,2458.95,2425.55,2436.8,256721
2023-09-12,2448.95,2449.95,2365.0,2374.15,319884
2023-09-13,2365.0,2402.85,2360.3,2395.65,149596
2023-09-14,2389.0,2415.0,2375.5,2399.4,460211
2023-09-15,2406.95,2413.95,2366.8,2370.5,405072
2023-09-18,2341.0,2373.6,2321.75,2368.7,528852
2023-09-20,2365.0,2368.25,2311.9,2319.85,580839
2023-09-21,2327.0,2336.95,2304.0,2315.65,335304
2023-09-22,2322.0,2325.1,2260.05,2264.55,359377
2023-09-25,2270.0,2274.95,2230.15,2238.4,597945
2023-09-26,2242.0,2274.85,2233.55,2239.95,568665
2023-09-27,2248.0,2272.0,2228.05,2261.7,392260
2023-09-28,2270.0,2270.0,2224.25,2232.3,642092
2023-09-29,2246.0,2265.45,2226.45,2249.4,172256
2023-10-03,2258.0,2265.0,2233.05,2255.5,432577
2023-10-04,2250.0,2254.9,2220.0,2247.1,454546
2023-10-05,2247.15,2266.0,2238.45,2261.3,210258
2023-10-06,2264.9,2280.0,2238.0,2245.55,191139
2023-10-09,2228.0,2231.15,2198.0,2206.4,363638
2023-10-10,2222.95,2236.0,2199.75,2230.35,374416
2023-10-11,2241.0,2280.0,2238.8,2250.0,551311
2023-10-12,2266.95,2268.05,2251.0,2264.6,252564
2023-10-13,2260.0,2262.5,2234.9,2255.45,304818
2023-10-16,2240.05,2268.0,2240.0,2253.4,386468
2023-10-17,2258.0,2301.2,2248.0,2276.55,466647
2023-10-18,2288.0,2288.0,2225.35,2246.3,346382
2023-10-19,2240.0,2261.95,2217.8,2254.45,416271
2023-10-20,2251.0,2257.0,2228.0,2234.0,287602
2023-10-23,2220.1,2241.45,2168.2,2172.65,337697
2023-10-25,2178.75,2195.75,2140.0,2143.75,295526
2023-10-26,2137.85,2140.95,2082.25,2106.35,520179
2023-10-27,2120.05,2191.0,2096.0,2175.1,869519
2023-10-30,2172.95,2198.0,2154.0,2181.4,510094
2023-10-31,2180.0,2214.0,2171.0,2195.3,273868
2023-11-01,2190.0,2199.85,2160.05,2183.4,364774
2023-11-02,2190.0,2248.5,2190.0,2238.45,317319
2023-11-03,2252.0,2268.95,2235.8,2253.35,224509
2023-11-06,2290.35,2349.5,2260.05,2337.2,845207
2023-11-07,2337.95,2350.0,2321.75,2341.2,230686
2023-11-08,2349.0,2361.2,2335.35,2352.6,293823
2023-11-09,2356.15,2356.5,2330.1,2337.35,110366
2023-11-10,2328.0,2354.95,2315.1,2351.2,122114
2023-11-12,2368.0,2368.0,2342.0,2348.05,35217
2023-11-13,2345.5,2358.0,2325.5,2336.95,106449
2023-11-15,2349.0,2364.5,2338.1,2360.8,256187
2023-11-16,2360.8,2365.95,2347.5,2354.05,179132
2023-11-17,2354.05,2378.85,2342.65,2361.35,249581
2023-11-20,2361.35,2362.0,2324.05,2329.25,119747
2023-11-21,2337.95,2358.6,2333.45,2353.55,105600
2023-11-22,2343.55,2368.45,2329.0,2333.1,110135
2023-11-23,2342.0,2364.1,2329.95,2359.6,138094
2023-11-24,2359.05,2383.25,2350.6,2359.4,272673
2023-11-28,2365.0,2365.0,2331.4,2351.6,262258
2023-11-29,2365.0,2365.0,2345.0,2351.7,169254
2023-11-30,2351.7,2375.0,2341.1,2367.4,554716
2023-12-01,2364.8,2445.0,2360.8,2412.5,1117033
2023-12-04,2435.0,2444.4,2412.85,2427.45,365372
2023-12-05,2427.95,2478.25,2423.35,2455.45,941927
2023-12-06,2468.95,2510.0,2442.8,2452.1,693194
2023-12-07,2460.0,2460.0,2435.85,2442.2,651430
2023-12-08,2450.05,2462.2,2396.25,2423.1,316577
2023-12-11,2425.0,2455.0,2415.6,2431.75,768537
2023-12-12,2440.0,2454.25,2359.2,2378.5,472046
2023-12-13,2395.0,2416.0,2378.0,2411.55,501631
2023-12-14,2427.0,2436.75,2399.25,2421.4,507202
2023-12-15,2415.0,2477.0,2415.0,2439.75,621693
2023-12-18,2439.75,2462.0,2431.0,2437.95,229075
2023-12-19,2445.0,2448.6,2415.0,2430.15,249747
2023-12-20,2442.3,2494.5,2358.7,2371.1,898142
2023-12-21,2360.0,2407.85,2344.6,2396.0,241109
2023-12-22,2409.85,2464.95,2395.45,2454.25,448639
2023-12-26,2463.9,2529.0,2461.3,2491.05,923702
2023-12-27,2506.6,2511.9,2460.15,2471.05,358521
2023-12-28,2466.0,2485.45,2460.85,2466.8,277494
2023-12-29,2470.0,2503.9,2455.2,2479.25,446931
2024-01-01,2488.75,2497.45,2460.0,2467.7,158733
2024-01-02,2482.95,2496.9,2424.8,2488.3,602156
2024-01-03,2488.15,2525.0,2464.85,2506.35,527559
2024-01-04,2509.0,2521.75,2487.15,2506.05,356989
2024-01-05,2511.0,2522.9,2461.0,2480.6,644040
2024-01-08,2468.0,2478.95,2385.0,2395.7,495983
2024-01-09,2397.8,2420.75,2304.65,2311.35,938885
2024-01-10,2311.0,2319.45,2281.0,2294.9,685064
2024-01-11,2305.0,2330.0,2295.0,2325.25,310878
2024-01-12,2340.0,2370.0,2331.0,2343.95,570104
2024-01-15,2351.7,2351.7,2320.7,2347.2,452044
2024-01-16,2350.0,2368.4,2343.75,2358.15,471010
2024-01-17,2348.85,2359.9,2305.0,2309.6,323931
2024-01-18,2316.6,2317.0,2261.15,2294.05,328660
2024-01-19,2315.0,2342.8,2297.6,2309.0,514147
2024-01-20,2315.0,2334.85,2287.0,2289.55,152834
2024-01-23,2294.95,2295.95,2235.5,2254.05,463257
2024-01-24,2271.9,2299.4,2255.5,2284.95,485502
2024-01-25,2296.0,2302.0,2263.4,2268.9,432584
2024-01-29,2270.0,2282.0,2230.0,2246.6,901880
2024-01-30,2250.0,2263.25,2210.0,2222.35,365829
2024-01-31,2215.0,2333.2,2215.0,2325.1,2855586
2024-02-01,2320.0,2324.95,2279.0,2308.45,1374086
2024-02-02,2324.9,2325.0,2302.0,2318.65,701436
2024-02-05,2315.0,2315.35,2245.0,2251.1,429402
2024-02-06,2250.0,2293.2,2249.2,2283.75,529792
2024-02-07,2295.05,2309.0,2263.05,2295.05,1464373
2024-02-08,2299.95,2326.2,2283.05,2295.9,240843
2024-02-09,2304.0,2307.0,2263.9,2298.55,209506
2024-02-12,2303.0,2322.35,2266.7,2286.5,163430
2024-02-13,2299.0,2326.95,2258.25,2323.35,297034
2024-02-14,2314.05,2364.0,2297.7,2358.15,389910
2024-02-15,2370.0,2375.0,2346.7,2350.55,211040
2024-02-16,2355.75,2403.0,2351.75,2380.1,383890
2024-02-19,2380.0,2380.95,2344.45,2347.05,166063
2024-02-20,2347.05,2389.0,2325.3,2383.2,451789
2024-02-21,2399.0,2423.55,2384.35,2398.95,881154
2024-02-22,2408.95,2418.55,2367.1,2409.0,203280
2024-02-23,2418.0,2419.0,2381.75,2385.8,114496
2024-02-26,2393.95,2410.0,2373.75,2400.55,243435
2024-02-27,2400.55,2429.55,2364.0,2392.75,442182
2024-02-28,2396.6,2404.95,2354.95,2371.0,429664
2024-02-29,2370.05,2398.9,2341.9,2389.65,565867
2024-03-01,2389.65,2409.9,2380.5,2397.35,282374
2024-03-02,2402.55,2404.0,2383.35,2394.7,24916
2024-03-04,2394.05,2403.0,2367.2,2376.0,139551
2024-03-05,2376.05,2412.4,2373.6,2391.3,241360
2024-03-06,2398.0,2416.0,2364.05,2411.7,232307
2024-03-07,2411.75,2464.4,2411.75,2450.05,653987
2024-03-11,2472.0,2491.0,2423.6,2455.5,436096
2024-03-12,2441.35,2459.2,2403.65,2423.15,242866
2024-03-13,2429.85,2462.0,2375.1,2386.0,442261
2024-03-14,2386.0,2436.0,2344.35,2430.25,383267
2024-03-15,2430.0,2449.9,2404.4,2428.55,378516
2024-03-18,2427.6,2479.7,2411.0,2470.0,563240
2024-03-19,2477.85,2480.0,2400.6,2432.85,380710
2024-03-20,2444.0,2464.7,2418.95,2460.3,205010
2024-03-21,2478.0,2549.85,2469.1,2538.35,1316007
2024-03-22,2556.0,2600.0,2532.0,2550.95,1205728
2024-03-26,2553.0,2598.0,2546.0,2580.0,687251
2024-03-27,2595.2,2597.0,2515.1,2522.75,1097897
2024-03-28,2516.45,2574.9,2503.3,2560.25,520691
2024-04-01,2559.9,2629.4,2552.05,2616.6,678813
2024-04-02,2632.85,2662.95,2600.05,2621.8,1308354
2024-04-03,2621.8,2642.9,2602.05,2623.0,367223
2024-04-04,2629.95,2637.5,2583.6,2591.5,319548
2024-04-05,2590.0,2616.0,2578.3,2586.85,342605
2024-04-08,2600.0,2617.95,2555.65,2607.2,286273
2024-04-09,2623.9,2623.9,2578.2,2592.95,254205
2024-04-10,2586.0,2687.5,2565.75,2645.55,1068326
2024-04-12,2645.0,2687.5,2625.55,2632.3,699830
2024-04-15,2580.0,2618.0,2526.75,2557.35,672725
2024-04-16,2532.2,2571.85,2511.0,2518.25,473443
2024-04-18,2537.9,2573.95,2517.05,2529.95,566417
2024-04-19,2495.0,2553.15,2480.0,2529.05,280298
2024-04-22,2552.95,2574.95,2531.7,2565.1,301008
2024-04-23,2568.0,2639.35,2560.9,2617.4,697381
2024-04-24,2634.9,2659.3,2610.0,2619.2,383408
2024-04-25,2619.2,2650.0,2601.15,2638.9,661465
2024-04-26,2625.0,2659.0,2621.0,2640.8,345768
2024-04-29,2649.95,2669.0,2611.0,2636.25,364006
2024-04-30,2636.25,2655.0,2614.5,2621.05,348452
2024-05-02,2621.05,2686.0,2621.05,2669.05,383008
2024-05-03,2688.9,2693.95,2535.0,2567.65,640886
2024-05-06,2578.55,2614.0,2559.0,2587.6,294624
2024-05-07,2540.0,2540.0,2388.75,2416.85,2274991
2024-05-08,2409.0,2427.6,2325.15,2339.1,1418023
2024-05-09,2341.0,2352.7,2280.25,2291.35,979132
2024-05-10,2302.0,2347.4,2256.0,2278.05,1259049
2024-05-13,2278.9,2297.5,2210.0,2226.5,896229
2024-05-14,2231.0,2299.0,2207.4,2286.75,749824
2024-05-15,2300.0,2319.0,2282.1,2288.2,680715
2024-05-16,2300.0,2309.9,2253.15,2270.75,512259
2024-05-17,2278.0,2287.45,2258.55,2280.35,321572
2024-05-18,2280.65,2289.75,2218.0,2275.05,50301
2024-05-21,2275.6,2299.8,2265.15,2285.4,451188
2024-05-22,2298.0,2308.0,2273.0,2293.95,301833
2024-05-23,2298.6,2309.5,2272.55,2305.45,278551
2024-05-24,2310.0,2326.8,2280.2,2289.1,210718
2024-05-27,2289.15,2318.1,2289.15,2309.9,314542
2024-05-28,2319.9,2324.9,2270.5,2280.0,351822
2024-05-29,2261.05,2281.85,2235.0,2239.0,424841
2024-05-30,2231.0,2242.75,2214.05,2223.1,372713
2024-05-31,2228.7,2234.15,2182.45,2211.35,1407561
2024-06-03,2251.6,2272.0,2216.7,2265.55,412116
2024-06-04,2274.2,2274.2,2089.1,2193.55,543994
2024-06-05,2195.05,2302.95,2191.3,2295.05,434069
2024-06-06,2299.95,2312.0,2279.0,2296.55,304806
2024-06-07,2255.0,2316.95,2238.05,2312.3,508944
2024-06-10,2322.0,2369.9,2295.6,2354.65,747806
2024-06-11,2369.0,2372.5,2325.0,2327.7,329672
2024-06-12,2327.85,2373.05,2320.05,2365.9,965764
2024-06-13,2384.0,2408.0,2372.25,2399.9,610948
2024-06-14,2410.2,2414.2,2390.05,2402.0,405161
2024-06-18,2402.0,2431.25,2385.0,2422.2,223271
2024-06-19,2432.95,2440.0,2390.0,2416.75,434132
2024-06-20,2416.55,2509.95,2380.0,2499.35,1137819
2024-06-21,2499.35,2520.2,2450.05,2460.05,572663
2024-06-24,2459.0,2460.0,2412.1,2420.25,384858
2024-06-25,2429.0,2430.55,2381.0,2393.85,759796
2024-06-26,2398.5,2415.7,2376.3,2398.8,542766
2024-06-27,2398.0,2474.65,2395.0,2458.85,683147
2024-06-28,2449.05,2468.9,2409.8,2436.05,576004
2024-07-01,2426.05,2471.0,2415.7,2462.4,471598
2024-07-02,2465.0,2465.0,2370.0,2393.7,845955
2024-07-03,2403.8,2416.4,2369.95,2381.5,591324
2024-07-04,2390.0,2415.0,2371.75,2390.25,276779
2024-07-05,2390.05,2411.5,2372.8,2400.75,366450
2024-07-08,2401.0,2419.7,2357.05,2368.3,389677
2024-07-09,2387.4,2398.0,2370.05,2392.0,311651
2024-07-10,2399.0,2402.8,2354.55,2399.95,367639
2024-07-11,2406.0,2412.95,2375.3,2392.0,241513
2024-07-12,2393.5,2404.0,2375.3,2390.25,268806
2024-07-15,2390.25,2404.7,2377.0,2395.7,305636
2024-07-16,2399.0,2405.55,2376.05,2394.6,250031
2024-07-18,2394.0,2415.95,2376.7,2404.5,519892
2024-07-19,2410.0,2410.0,2331.05,2342.6,611272
2024-07-22,2315.0,2375.0,2309.3,2367.55,470369
2024-07-23,2378.9,2394.0,2283.1,2361.05,1467130
2024-07-24,2330.0,2379.95,2317.25,2367.65,1175151
2024-07-25,2345.0,2412.0,2342.3,2399.8,1150332
2024-07-26,2405.15,2476.0,2400.0,2456.15,1359673
2024-07-29,2471.85,2543.5,2466.15,2509.05,895078
2024-07-30,2510.05,2563.3,2500.05,2552.35,406480
2024-07-31,2560.0,2659.0,2557.3,2644.9,1734449
2024-08-01,2631.5,2653.55,2601.45,2624.9,810488
2024-08-02,2585.0,2618.65,2514.15,2522.8,460619
2024-08-05,2460.1,2504.55,2418.0,2473.0,1311990
2024-08-06,2497.15,2555.0,2481.65,2488.95,731638
2024-08-07,2507.0,2595.75,2488.95,2590.1,604727
2024-08-08,2615.0,2615.0,2531.0,2537.1,252629
2024-08-09,2560.0,2600.0,2538.0,2553.65,243182
2024-08-12,2553.55,2583.95,2525.35,2568.5,262274
2024-08-13,2592.2,2592.2,2512.2,2521.05,337336
2024-08-14,2525.0,2525.05,2445.05,2491.75,261492
2024-08-16,2519.95,2519.95,2470.45,2481.2,445311
2024-08-19,2492.0,2492.0,2451.6,2476.15,227333
2024-08-20,2476.15,2487.9,2452.35,2473.5,253516
2024-08-21,2473.5,2487.5,2458.45,2480.15,297048
2024-08-22,2491.0,2566.0,2488.3,2533.1,825960
2024-08-23,2558.0,2559.0,2480.5,2490.65,576226
2024-08-26,2490.65,2545.05,2486.65,2538.55,466741
2024-08-27,2557.0,2592.0,2541.5,2555.6,598139
2024-08-28,2565.0,2568.85,2518.0,2539.05,362347
2024-08-29,2538.0,2549.25,2503.95,2540.35,326129
2024-08-30,2539.0,2599.95,2539.0,2564.6,2180896
2024-09-02,2579.9,2608.7,2561.0,2590.3,635476
2024-09-03,2599.0,2621.95,2575.45,2586.0,666148
2024-09-04,2570.05,2608.0,2541.8,2602.3,486482
2024-09-05,2603.0,2649.0,2603.0,2618.5,699368
2024-09-06,2618.55,2618.55,2501.2,2509.05,714721
2024-09-09,2499.3,2534.45,2464.85,2529.15,523188
2024-09-10,2527.5,2564.95,2525.0,2536.15,351145
2024-09-11,2549.0,2549.0,2476.85,2482.4,426132
2024-09-12,2499.0,2499.0,2470.6,2488.2,231262
2024-09-13,2504.0,2506.45,2460.8,2466.4,279878
2024-09-16,2459.8,2475.95,2433.2,2436.9,401767
2024-09-17,2436.9,2460.65,2401.1,2431.15,927267
2024-09-18,2425.5,2447.9,2372.6,2388.35,575364
2024-09-19,2395.1,2411.15,2360.3,2402.0,641706
2024-09-20,2410.0,2440.8,2403.0,2419.7,733741
2024-09-23,2435.0,2452.7,2411.2,2439.95,943175
2024-09-24,2441.0,2458.85,2426.5,2432.5,490479
2024-09-25,2432.5,2462.4,2414.25,2451.75,1055909
2024-09-26,2454.45,2477.15,2434.4,2458.25,994116
2024-09-27,2459.0,2498.85,2450.15,2461.55,3003981
2024-09-30,2474.95,2519.95,2470.1,2497.85,520872
2024-10-01,2494.0,2494.0,2428.5,2481.35,724115
2024-10-03,2450.0,2499.5,2412.5,2421.0,358947
2024-10-04,2421.9,2434.0,2345.0,2350.35,450520
2024-10-07,2350.35,2366.95,2292.3,2307.8,327402
2024-10-08,2300.0,2345.0,2298.8,2328.4,314627
2024-10-09,2339.0,2357.05,2321.6,2334.6,375497
2024-10-10,2345.0,2364.95,2329.0,2342.3,303852
2024-10-11,2349.0,2365.65,2327.75,2348.75,216675
2024-10-14,2359.0,2363.6,2319.0,2342.85,317281
2024-10-15,2348.0,2355.0,2334.8,2351.4,288552
2024-10-16,2342.05,2358.2,2287.15,2306.1,1139467
2024-10-17,2206.3,2292.0,2206.3,2262.95,1243914
2024-10-18,2262.95,2333.35,2259.95,2325.7,601744
2024-10-21,2331.95,2336.0,2256.75,2277.95,1464849
2024-10-22,2258.8,2288.0,2146.5,2178.1,837878
2024-10-23,2167.3,2329.9,2167.3,2248.2,1698381
2024-10-24,2210.0,2268.75,2158.45,2257.3,1241116
2024-10-25,2246.4,2257.55,2190.0,2206.9,720087
2024-10-28,2214.95,2269.95,2206.9,2257.25,405459
2024-10-29,2251.0,2275.0,2226.05,2260.45,227838
2024-10-30,2252.35,2282.55,2244.15,2261.95,480085
2024-10-31,2262.6,2267.2,2225.05,2243.15,402886
2024-11-01,2243.15,2259.95,2242.0,2252.3,19850
2024-11-04,2249.0,2259.0,2220.25,2246.7,321161
2024-11-05,2242.0,2305.2,2235.5,2299.15,334191
2024-11-06,2334.5,2351.95,2301.0,2343.05,305081
2024-11-07,2350.0,2383.5,2336.55,2378.45,564529
2024-11-08,2389.0,2389.0,2285.0,2305.95,205396
2024-11-11,2295.25,2301.7,2258.15,2294.2,253339
2024-11-12,2298.05,2308.95,2238.5,2253.05,222545
2024-11-13,2230.0,2247.0,2187.75,2197.9,417811
2024-11-14,2195.0,2244.05,2191.0,2235.2,152578
2024-11-18,2238.0,2242.3,2171.85,2179.35,294619
2024-11-19,2186.0,2226.0,2185.0,2199.5,315906
2024-11-21,2180.0,2195.25,2133.95,2143.65,238869
2024-11-22,2135.5,2182.2,2126.85,2163.25,357851
2024-11-25,2190.1,2235.0,2185.5,2223.55,791995
2024-11-26,2223.6,2252.3,2223.6,2234.65,124184
2024-11-27,2250.3,2300.0,2225.0,2296.6,298675
2024-11-28,2299.3,2311.45,2254.5,2262.4,260810
2024-11-29,2265.0,2284.0,2250.55,2265.0,583686
2024-12-02,2264.95,2310.9,2245.1,2296.95,401509
2024-12-03,2297.0,2322.0,2287.75,2311.25,318080
2024-12-04,2311.3,2348.0,2311.3,2333.7,466142
2024-12-05,2325.05,2338.05,2305.55,2319.75,180013
2024-12-06,2319.95,2336.0,2286.4,2294.7,203158
2024-12-09,2290.0,2318.15,2257.8,2302.35,393791
2024-12-10,2320.0,2367.7,2295.0,2343.6,551490
2024-12-11,2355.0,2369.9,2332.55,2336.45,97773
2024-12-12,2345.0,2345.0,2294.05,2298.8,321800
2024-12-13,2300.0,2307.0,2257.55,2296.7,621830
2024-12-16,2300.0,2314.8,2287.5,2306.45,107599
2024-12-17,2306.6,2314.4,2268.3,2280.0,514460
2024-12-18,2280.0,2308.5,2266.75,2272.05,163735
2024-12-19,2249.95,2292.05,2202.05,2283.95,296346
2024-12-20,2292.0,2337.15,2266.15,2277.6,712404
2024-12-23,2280.0,2298.55,2250.55,2286.55,392750
2024-12-24,2286.5,2300.85,2259.9,2277.85,310188
2024-12-26,2279.5,2286.75,2240.2,2262.15,151734
2024-12-27,2274.0,2279.2,2251.1,2264.45,149646
2024-12-30,2265.0,2270.0,2196.85,2255.15,824666
2024-12-31,2255.05,2259.8,2205.0,2237.95,226673
2025-01-01,2237.0,2243.5,2209.2,2211.3,136970
2025-01-02,2228.3,2232.45,2200.45,2224.75,128080
2025-01-03,2234.0,2290.0,2216.05,2284.9,504499
2025-01-06,2296.25,2300.0,2260.0,2277.45,579516
2025-01-07,2271.0,2359.9,2271.0,2308.45,505414
2025-01-08,2298.1,2371.95,2298.1,2350.95,977298
2025-01-09,2500.0,2697.7,2480.0,2673.9,10340857
2025-01-10,2527.05,2620.4,2512.4,2601.1,2152573
2025-01-13,2557.0,2597.5,2506.05,2516.0,773391
2025-01-14,2505.5,2545.15,2492.2,2509.75,289433
2025-01-15,2505.25,2529.25,2484.5,2491.7,311184
2025-01-16,2505.0,2595.85,2501.55,2583.8,445214
2025-01-17,2583.0,2632.65,2572.25,2606.45,543374
2025-01-20,2620.0,2632.0,2575.95,2612.1,420656
2025-01-21,2614.0,2632.0,2571.4,2575.15,337461
2025-01-22,2570.0,2587.2,2487.0,2523.15,486965
2025-01-23,2520.0,2617.6,2505.1,2596.75,448201
2025-01-24,2601.0,2614.1,2552.0,2583.95,260384
2025-01-27,2575.0,2628.0,2547.0,2570.4,651779
2025-01-28,2569.95,2620.95,2569.9,2600.2,773278
2025-01-29,2612.0,2677.9,2557.75,2664.85,921481
2025-01-30,2700.0,2849.0,2636.05,2831.15,3252957
2025-01-31,2840.0,2895.0,2782.0,2809.85,1649633
2025-02-01,2820.0,2862.45,2764.05,2826.05,409517
2025-02-03,2875.0,2970.0,2826.05,2942.7,2457417
2025-02-04,2920.0,2980.0,2917.9,2970.25,1166529
2025-02-05,2965.25,2983.9,2932.5,2958.75,554628
2025-02-06,2935.0,2958.75,2874.8,2894.3,479146
2025-02-07,2909.5,2915.3,2852.6,2879.95,316963
2025-02-10,2899.0,2909.95,2843.05,2856.05,334621
2025-02-11,2860.0,2868.8,2771.65,2812.15,385518
2025-02-12,2795.0,2866.0,2752.45,2828.35,764079
2025-02-13,2856.0,2885.0,2810.0,2841.45,584788
2025-02-14,2849.0,2849.95,2723.6,2752.25,619621
2025-02-17,2750.0,2763.95,2707.45,2747.8,307026
2025-02-18,2749.25,2765.45,2726.75,2741.1,292273
2025-02-19,2738.6,2764.0,2711.8,2728.0,231538
2025-02-20,2714.0,2806.0,2707.05,2795.9,351713
2025-02-21,2796.0,2824.6,2754.0,2778.9,424887
2025-02-24,2772.0,2796.6,2740.4,2759.35,366653
2025-02-25,2756.6,2791.15,2720.1,2768.05,510161
2025-02-27,2798.0,2864.5,2795.75,2854.0,1514535
2025-02-28,2826.1,2831.0,2759.05,2795.4,1004086
2025-03-03,2790.1,2835.95,2725.25,2826.7,445987
2025-03-04,2819.9,2901.65,2782.15,2853.3,499754
2025-03-05,2853.3,2885.0,2834.15,2844.85,534732
2025-03-06,2859.95,2879.0,2822.95,2851.6,404634
2025-03-07,2860.9,2945.1,2847.1,2935.35,1417602
2025-03-10,2945.0,2964.85,2887.3,2938.15,863371
2025-03-11,2938.15,2950.0,2862.7,2921.25,787457
2025-03-12,2955.6,2969.95,2911.0,2958.6,750676
2025-03-13,2965.0,2969.0,2913.1,2951.8,522503
2025-03-17,2959.05,3029.85,2946.1,3011.3,882944
2025-03-18,3032.6,3038.5,2972.0,2989.9,562367
2025-03-19,3005.0,3032.5,2981.4,3005.35,650397
2025-03-20,3006.8,3038.0,2987.85,2993.1,682335
2025-03-21,3002.0,3051.9,2978.65,3024.35,701613
2025-03-24,3047.0,3054.9,2987.05,2991.35,473659
2025-03-25,3014.0,3014.0,2930.55,2945.65,556612
2025-03-26,2937.1,2968.5,2808.3,2893.9,779036
2025-03-27,2878.5,2959.0,2878.05,2946.45,847677
2025-03-28,2949.7,2990.1,2931.5,2939.15,299741
2025-04-01,2931.0,2937.95,2854.0,2879.5,603406
2025-04-02,2889.0,2987.0,2851.0,2981.6,715592
2025-04-03,2960.0,2960.0,2803.75,2901.2,1345843
2025-04-04,2888.1,2933.0,2822.0,2854.85,703507
2025-04-07,2570.2,2768.7,2570.2,2715.2,1368024
2025-04-08,2740.0,2806.25,2722.0,2760.15,626510
2025-04-09,2760.55,2774.95,2705.0,2744.4,367531
2025-04-11,2838.7,2968.4,2806.55,2947.35,1615027
2025-04-15,3005.0,3023.1,2945.0,3007.2,781388
2025-04-16,3011.9,3025.0,2982.0,2991.6,527369
2025-04-17,2972.0,3022.8,2971.1,2990.4,608478
2025-04-21,2990.4,3044.0,2976.9,3029.3,634268
2025-04-22,3050.0,3085.0,3007.0,3015.0,630973
2025-04-23,3022.5,3036.5,2969.7,3000.6,568241
2025-04-24,2981.0,3057.5,2975.1,3038.5,646223
2025-04-25,3051.8,3073.0,2943.0,2968.1,333048
2025-04-28,2950.0,3055.7,2950.0,3040.3,771565
2025-04-29,3055.0,3056.5,2996.0,3020.5,779242
2025-04-30,3020.4,3049.0,2995.5,3008.9,439545
2025-05-02,3009.0,3047.8,2965.8,2970.2,453383
2025-05-05,2983.0,3032.9,2977.0,2980.6,282980
2025-05-06,2980.6,2986.8,2918.0,2928.1,300291
2025-05-07,2916.0,3087.0,2905.0,3055.7,940206
2025-05-08,3060.0,3084.8,2928.7,2952.8,486574
2025-05-09,2880.0,3029.0,2876.1,3004.3,634185
2025-05-12,3056.0,3098.5,2947.5,3014.5,1132381
2025-05-13,3014.5,3014.5,2871.2,2928.2,1695420
2025-05-14,2925.0,2947.0,2860.0,2882.6,975213
2025-05-15,2875.0,2901.9,2849.0,2876.6,585591
2025-05-16,2890.0,2925.0,2877.0,2914.9,594192
2025-05-19,2919.0,3032.0,2914.9,2977.0,1085462
2025-05-20,3000.0,3015.0,2942.9,2950.3,911805
2025-05-21,2945.0,2993.0,2935.4,2951.3,684690
2025-05-22,2933.8,2951.4,2886.5,2905.2,372982
2025-05-23,2924.0,2949.0,2887.7,2900.2,882446
2025-05-26,2924.0,2924.0,2880.0,2891.4,616838
2025-05-27,2881.7,2907.9,2871.5,2880.3,335215
2025-05-28,2885.9,2927.7,2876.0,2897.4,342652
2025-05-29,2897.0,2905.0,2872.0,2892.3,284002
2025-05-30,2895.0,2899.9,2851.1,2861.0,1434127
2025-06-02,2825.1,2903.7,2819.2,2898.9,566766
2025-06-03,2903.0,2984.5,2900.3,2954.3,832396
2025-06-04,2965.0,3058.7,2961.3,3046.9,1225479
2025-06-05,3057.0,3127.0,3028.3,3106.7,1208524
2025-06-06,3119.8,3139.0,3084.8,3123.5,749424
2025-06-09,3123.5,3149.6,3100.8,3126.3,528063
2025-06-10,3135.0,3169.9,3084.5,3091.8,435324
2025-06-11,3087.9,3099.6,3065.0,3085.2,740161
2025-06-12,3090.0,3124.8,3086.8,3105.7,463581
2025-06-13,3055.6,3121.4,3055.6,3099.6,296569
2025-06-16,3099.5,3130.0,3076.0,3098.2,279165
2025-06-17,3105.0,3132.2,3088.7,3096.4,732105
2025-06-18,3096.4,3141.8,3065.7,3074.4,562869
2025-06-19,3074.4,3092.4,2998.5,3013.2,337009
2025-06-20,3010.1,3050.7,3003.6,3030.1,755167
2025-06-23,3000.0,3050.0,3000.0,3032.5,407716
2025-06-24,3049.0,3088.8,3036.0,3053.7,424802
2025-06-25,3052.0,3104.9,3025.0,3080.5,841549
2025-06-26,3088.8,3146.5,3054.7,3134.5,942004
2025-06-27,3144.5,3188.3,3100.0,3174.8,2238985
2025-06-30,3184.8,3251.8,3151.8,3242.1,710534
2025-07-01,3250.0,3250.0,3176.1,3200.0,374816
2025-07-02,3199.0,3281.6,3180.7,3255.6,815060
2025-07-03,3275.0,3288.9,3223.8,3232.0,438978
2025-07-04,3245.0,3266.9,3219.1,3230.5,321665
2025-07-07,3227.0,3246.9,3201.0,3239.4,218313
2025-07-08,3239.0,3297.2,3224.9,3286.5,426634
2025-07-09,3286.5,3294.9,3262.1,3280.5,345022
2025-07-10,3285.0,3325.0,3211.6,3259.6,337783
2025-07-11,3256.9,3265.7,3162.1,3182.5,238050
2025-07-14,3179.0,3204.8,3136.1,3169.4,317199
2025-07-15,3169.4,3235.0,3169.4,3223.6,350104
2025-07-17,3217.2,3240.0,3196.0,3202.5,278510
2025-07-18,3210.5,3221.7,3178.9,3187.1,254046
2025-07-21,3185.0,3209.0,3092.7,3130.4,492854
2025-07-22,3148.0,3150.0,3067.0,3136.5,539351
2025-07-23,3152.1,3222.1,3093.0,3193.0,1230831
2025-07-24,3190.0,3260.4,3140.5,3150.4,848712
2025-07-25,3124.9,3124.9,3033.8,3040.8,509398
2025-07-28,3030.0,3114.0,3014.0,3056.6,390517
2025-07-29,3045.0,3122.9,3042.1,3110.0,441091
2025-07-30,3109.8,3143.9,3077.9,3086.5,462805
2025-07-31,3000.0,3078.0,2965.3,3040.8,690148
2025-08-01,3036.0,3047.4,2974.3,2985.2,435961
2025-08-04,2965.1,3074.0,2965.1,3050.4,393203
2025-08-05,3060.0,3095.4,3032.0,3042.8,418104
2025-08-06,3040.0,3040.0,2950.0,2968.9,321329
2025-08-07,2965.0,2965.0,2875.0,2904.1,479056
2025-08-08,2886.0,2919.6,2844.9,2861.2,260157
2025-08-11,2840.0,2892.9,2820.0,2880.0,244526
2025-08-12,2880.0,2885.0,2832.2,2846.2,415408
2025-08-13,2859.9,2887.3,2845.3,2855.2,220747
2025-08-14,2852.1,2865.8,2830.5,2841.9,190742
2025-08-18,2860.0,2945.0,2848.1,2929.7,306279
2025-08-19,2930.0,2981.3,2911.6,2929.6,1004428
2025-08-20,2950.0,3014.5,2906.1,2924.2,733614
2025-08-21,2938.0,2938.0,2902.1,2912.8,306140
2025-08-22,2913.0,2937.5,2901.0,2917.5,313233
2025-08-25,2930.0,2954.0,2900.0,2911.7,355700
2025-08-26,2900.0,2914.6,2826.3,2849.2,939512
2025-08-28,2830.0,2858.4,2812.8,2850.8,363957
2025-08-29,2832.0,2869.9,2828.6,2836.4,537875
2025-09-01,2849.0,2902.8,2817.1,2897.8,220055
2025-09-02,2910.0,2934.0,2894.2,2903.0,382174
2025-09-03,2919.0,2952.8,2903.5,2949.0,382214
2025-09-04,2949.0,2962.9,2875.0,2889.9,238063
2025-09-05,2899.0,2899.0,2835.5,2851.8,132494
2025-09-08,2861.0,2905.0,2847.0,2887.2,155621
2025-09-09,2904.8,2939.0,2875.0,2934.0,312421
2025-09-10,2948.0,3001.9,2938.5,2978.2,287653
2025-09-11,2987.0,3008.7,2961.0,2985.5,166098
2025-09-12,2999.0,2999.0,2962.9,2971.7,380611
2025-09-15,2971.7,2985.0,2938.0,2948.7,150806
2025-09-16,2951.3,2965.0,2925.0,2951.8,175894
2025-09-17,2959.0,2985.5,2939.1,2948.0,337545
2025-09-18,2963.1,2965.0,2902.3,2937.5,451723
2025-09-19,2937.5,2958.9,2928.1,2937.2,254678
2025-09-22,2937.0,2958.5,2901.6,2914.0,149602
2025-09-23,2919.0,2936.5,2866.1,2903.2,256230
2025-09-24,2903.1,2916.0,2882.6,2907.1,165782
2025-09-25,2892.0,2919.9,2868.6,2879.1,237756
2025-09-26,2879.0,2879.9,2795.0,2806.9,138769
2025-09-29,2798.0,2850.8,2789.0,2798.0,221510
2025-09-30,2800.0,2836.5,2794.5,2823.6,210831
2025-10-01,2823.5,2916.1,2779.5,2907.1,391029
2025-10-03,2890.1,2925.3,2885.3,2919.4,526268
2025-10-06,2919.4,2951.5,2908.2,2940.2,252279
2025-10-07,2955.2,2974.0,2940.2,2964.8,199476
2025-10-08,2965.0,3021.7,2956.4,2972.7,774445
2025-10-09,2987.4,3005.0,2977.0,2996.9,160223
2025-10-10,3008.0,3031.0,2990.5,3024.5,733454
2025-10-13,3006.0,3061.4,2990.6,3047.4,207693
2025-10-14,3061.6,3066.0,3026.1,3044.0,328210
2025-10-15,3046.0,3128.8,3046.0,3088.6,677209
2025-10-16,3100.0,3205.8,3089.2,3190.0,632692
2025-10-17,3200.5,3210.0,3159.4,3169.4,166406
2025-10-20,3169.4,3207.4,3165.9,3179.9,178733
2025-10-21,3200.0,3200.9,3130.9,3148.0,30569
2025-10-23,3149.9,3198.9,3060.1,3077.4,592097
2025-10-24,3077.4,3096.8,3033.4,3082.0,371337
2025-10-27,3096.0,3103.6,2985.1,3019.4,1370317
2025-10-28,3019.9,3042.8,2996.0,3027.7,781580
2025-10-29,3030.1,3080.0,3000.3,3027.8,399615
2025-10-30,3027.8,3032.9,2962.2,2981.1,396607
2025-10-31,2992.0,2992.0,2921.4,2930.5,464296
2025-11-03,2910.0,2976.0,2910.0,2968.1,543877
2025-11-04,2959.9,2983.8,2933.2,2941.7,154862
2025-11-06,2940.0,2949.4,2894.4,2899.3,232346
2025-11-07,2880.0,2909.6,2871.0,2896.8,278821
2025-11-10,2898.0,2915.0,2860.1,2903.9,325413
2025-11-11,2918.9,2938.1,2868.8,2929.9,510863
2025-11-12,2934.8,2951.5,2907.7,2941.4,522290
2025-11-13,2950.0,2965.0,2884.9,2912.0,332136
2025-11-14,2881.0,2882.4,2819.8,2839.1,820807
2025-11-17,2830.0,2852.3,2820.8,2833.1,474474
2025-11-18,2854.2,2854.2,2810.1,2816.6,434039
2025-11-19,2827.9,2834.9,2772.3,2786.4,580738
2025-11-20,2799.0,2876.0,2791.1,2851.6,1054257
2025-11-21,2851.6,2858.0,2822.7,2838.4,278651
2025-11-24,2838.4,2838.6,2793.4,2807.5,1292039
2025-11-25,2811.4,2828.7,2778.3,2793.8,437475
2025-11-26,2796.8,2825.3,2784.6,2809.8,413644
2025-11-27,2810.0,2864.2,2810.0,2840.0,555994
2025-11-28,2859.3,2954.8,2836.8,2927.3,1212051
2025-12-01,2927.3,2939.9,2896.0,2923.0,467183
2025-12-02,2922.0,2922.3,2848.8,2859.5,526048
2025-12-03,2848.2,2868.9,2822.6,2830.0,273168
2025-12-04,2820.0,2849.0,2815.3,2840.1,117234
2025-12-05,2850.9,2891.6,2828.3,2885.4,376436
2025-12-08,2885.0,2885.0,2805.1,2831.9,267772
2025-12-09,2830.0,2901.9,2808.7,2894.8,336135
2025-12-10,2908.5,2953.2,2901.5,2931.7,439194
2025-12-11,2938.7,2953.7,2919.3,2943.7,232626
2025-12-12,2931.0,3029.0,2931.0,3023.6,814099
2025-12-15,3023.6,3023.6,2984.9,3001.0,516076
2025-12-16,3001.0,3040.0,2994.5,3015.7,542238
2025-12-17,3002.0,3037.4,2993.3,3033.3,238180
2025-12-18,3033.3,3053.8,3016.1,3050.7,571930
2025-12-19,3059.9,3094.0,3030.0,3090.3,478720
2025-12-22,3090.3,3140.5,3075.7,3091.6,411318
2025-12-23,3056.1,3141.7,3055.8,3111.7,224198
2025-12-24,3105.2,3120.4,3083.3,3098.2,178249
2025-12-26,3105.0,3143.0,3093.9,3101.6,472293
2025-12-29,3101.6,3107.5,3051.0,3075.9,214660
2025-12-30,3084.9,3085.0,3004.3,3038.3,2049556
2025-12-31,3040.2,3115.8,3040.2,3075.0,219075
2026-01-01,3077.9,3077.9,3050.3,3057.3,74758
2026-01-02,3060.0,3074.9,3042.0,3059.5,108406
2026-01-05,3059.5,3095.0,3050.0,3085.0,268767
2026-01-06,3094.9,3095.2,2955.0,3055.4,581877
2026-01-07,3051.5,3102.4,3037.8,3090.0,375475
2026-01-08,3097.4,3097.4,3035.7,3042.3,269895
2026-01-09,3040.0,3069.6,3000.8,3021.1,165201
2026-01-12,3001.1,3055.8,3001.1,3046.0,140741
2026-01-13,3044.9,3066.8,3024.0,3026.9,176424
2026-01-14,3003.0,3068.1,3003.0,3032.0,291875
2026-01-16,3039.8,3072.0,3010.0,3027.4,255342
2026-01-19,3001.0,3029.3,2939.9,2960.0,506216
2026-01-20,2970.0,2979.4,2833.0,2854.0,668064
2026-01-21,2802.6,2815.0,2661.6,2676.9,1969559
2026-01-22,2684.0,2754.0,2684.0,2735.9,753474
2026-01-23,2757.0,2757.0,2701.0,2713.7,406215
2026-01-27,2722.9,2734.8,2645.0,2682.2,326475
2026-01-28,2687.1,2837.0,2687.1,2817.0,607301
2026-01-29,2835.0,2835.0,2782.0,2819.9,881502
2026-01-30,2818.0,2840.4,2788.4,2816.3,426581
2026-02-01,2792.3,2881.5,2711.2,2726.5,202474
2026-02-02,2727.0,2806.6,2719.3,2801.6,149919
2026-02-03,2999.0,3081.7,2903.2,2912.2,811932
2026-02-04,2890.2,2943.9,2888.0,2920.6,254596
2026-02-05,2935.3,2937.9,2886.2,2906.3,97591
2026-02-06,2898.9,2919.8,2863.0,2901.6,137382
2026-02-09,2905.6,3013.9,2905.6,2984.6,402737
2026-02-10,3010.0,3014.9,2995.0,2996.5,6795
2026-02-11,2951.0,2959.9,2947.0,2953.9,6749
2026-02-11,2951.0,2959.9,2914.8,2933.7,148667
2026-02-12,2932.3,2937.4,2812.5,2841.5,395601
2026-02-13,2815.0,2841.0,2765.6,2833.4,196550
2026-02-16,2830.0,2852.1,2792.8,2847.8,110372
2026-02-17,2847.7,2883.1,2731.1,2742.9,595424
2026-02-18,2710.0,2744.3,2695.8,2730.4,449947
2026-02-19,2740.9,2741.0,2663.9,2678.7,550346
2026-02-20,2661.0,2715.5,2660.3,2689.1,449654
2026-02-23,2718.9,2718.9,2622.5,2646.1,464410
2026-02-24,2625.0,2632.0,2553.0,2583.6,602613
2026-02-25,2594.1,2619.3,2571.5,2614.9,377432
2026-02-26,2620.0,2628.8,2595.3,2617.2,441973
2026-02-27,2601.0,2615.2,2555.0,2562.2,655543
2026-03-02,2474.9,2553.0,2474.9,2537.0,215252
2026-03-04,2524.8,2542.2,2480.2,2536.6,378542
2026-03-05,2552.0,2577.7,2541.1,2563.1,456733
2026-03-06,2563.1,2649.0,2555.1,2622.7,371737
2026-03-09,2600.0,2600.0,2535.9,2552.4,272202
2026-03-10,2577.3,2605.5,2555.1,2596.6,246261
2026-03-11,2604.9,2608.5,2475.5,2488.7,617038
2026-03-12,2475.1,2636.8,2446.6,2626.3,1288113
2026-03-13,2609.9,2623.5,2491.3,2499.7,649413
2026-03-16,2484.9,2523.4,2425.9,2449.0,973496
2026-03-18,2498.0,2592.0,2482.5,2571.0,755612
2026-03-19,2505.3,2547.0,2467.6,2478.8,513483
2026-03-20,2486.0,2524.5,2445.3,2454.5,676836
2026-03-23,2440.0,2443.2,2381.0,2391.5,687490
2026-03-24,2470.0,2479.8,2386.9,2471.6,1285249
2026-03-25,2502.0,2581.8,2484.8,2568.1,847207
2026-03-27,2564.0,2564.0,2481.6,2494.9,599547
2026-04-24,2559.0,2563.7,2472.2,2488.0,410321
2026-04-27,2516.8,2549.0,2496.7,2508.2,341589
2026-04-28,2508.2,2544.8,2484.4,2532.8,306944
2026-04-29,2551.0,2604.0,2538.3,2543.6,350550
2026-04-30,2543.5,2543.5,2488.9,2518.6,413405
2026-05-04,2520.4,2565.0,2520.0,2551.4,280967
2026-05-05,2553.0,2567.8,2495.0,2522.8,554217
2026-05-06,2605.0,2762.0,2582.2,2719.6,4206668
2026-05-07,2714.9,2780.0,2655.0,2771.3,796612
2026-05-08,2775.4,2819.3,2770.0,2780.8,516387
2026-05-11,2777.0,2832.1,2739.6,2798.5,596821
2026-05-12,2785.0,2800.0,2714.1,2721.2,475622
2026-05-13,2738.9,2756.3,2688.8,2695.2,642859
2026-05-14,2714.0,2739.9,2664.9,2729.4,270823
2026-05-15,2739.0,2740.1,2685.0,2689.5,345387
2026-05-18,2666.0,2685.0,2607.2,2639.9,227858
2026-05-19,2649.9,2668.8,2631.0,2637.2,226571
2026-05-20,2617.2,2622.1,2590.5,2613.3,342170
2026-05-21,2634.5,2648.9,2600.1,2620.4,459611
2026-05-22,2661.9,2688.0,2630.1,2639.4,521212
2026-05-25,2661.0,2724.0,2655.4,2711.0,170564
2026-05-26,2729.9,2772.9,2712.0,2749.7,704640
2026-05-27,2768.0,2776.4,2725.0,2736.8,222202
2026-05-29,2740.7,2759.0,2678.8,2715.8,2087600
2026-06-03,2740.1,2758.0,2726.5,2743.1,52559
