date,open,high,low,close,volume
2003-09-05,14.612000000000002,15.092,14.578,15.002000000000002,110761250
2003-09-08,15.21,15.213,14.864,14.935,87625190
2003-09-09,15.069,15.069,14.401,14.480000000000002,88270790
2003-09-10,16.844,16.844,14.121000000000002,14.587000000000002,109350790
2003-09-11,14.654,14.817,14.036,14.547,73942400
2003-09-12,14.57,14.648,14.036,14.146,90421170
2003-09-15,13.657,14.149,13.657,13.935,109818620
2003-09-16,13.952000000000002,14.848,13.646,14.761000000000005,119628630
2003-09-17,14.963,15.26,14.516,14.699000000000002,115464690
2003-09-18,14.609000000000002,14.637,13.955000000000002,14.053,108896540
2003-09-19,14.177,14.485,13.938,14.325,126483250
2003-09-22,14.092,14.337000000000002,13.764,13.854,119530120
2003-09-23,13.806,14.429,13.756,14.345,107700470
2003-09-24,14.463,14.693,14.384,14.603000000000002,112705820
2003-09-25,14.401,14.963,14.401,14.657,157329150
2003-09-26,14.735,14.985,14.693,14.921,99513600
2003-09-29,14.873,15.454,14.873,15.109000000000002,123621860
2003-09-30,15.111000000000002,15.316,14.893,15.235,95528370
2003-10-01,15.316,15.406,15.111000000000002,15.179,72231320
2003-10-03,15.232,15.889,15.215000000000002,15.782,91151270
2003-10-06,15.889,16.445,15.867,16.366,87081560
2003-10-07,16.456,17.343,16.400000000000002,17.074,179526580
2003-10-08,17.068,17.304,16.801,17.057,103589770
2003-10-09,17.088,17.568,17.074,17.475,82218210
2003-10-10,17.621000000000002,17.966,17.517,17.905,73088200
2003-10-13,17.975,19.258000000000003,17.919,19.134,116765480
2003-10-14,19.286,19.421000000000003,18.247,18.348,147678280
2003-10-15,18.413,19.37,18.163,19.263,184921010
2003-10-16,19.539,20.406,19.409,20.224000000000004,171768130
2003-10-17,20.212000000000003,20.325000000000003,19.825000000000003,19.976,103526340
2003-10-20,20.1,20.156,19.263,19.376,85871870
2003-10-21,19.482,20.122,18.438,18.753,191616560
2003-10-22,18.893,19.651,18.842,19.137,171487950
2003-10-23,19.146,19.623,18.842,18.966,133728400
2003-10-24,19.356,19.356,18.472,19.165000000000003,162597680
2003-10-25,19.477000000000004,19.648,19.32,19.398,38822240
2003-10-27,19.37,19.482,18.402,18.503,124291410
2003-10-28,18.556,18.831,18.135,18.407,184038300
2003-10-29,18.584,18.733,18.082,18.553,146180980
2003-10-30,18.64,19.763,18.444,19.544,292213780
2003-10-31,19.682,20.207,19.682,20.092,122895850
2003-11-03,20.325000000000003,21.335,20.212000000000003,21.22,126994250
2003-11-04,21.504,21.554,20.678,20.869,120548590
2003-11-05,20.931,21.021,20.414,20.684,94740610
2003-11-06,20.802000000000003,21.167,20.614,21.06,104945120
2003-11-07,21.133000000000003,21.234,20.437,20.588,85986210
2003-11-10,19.651,20.925,19.651,20.729,69339240
2003-11-11,20.687,20.92,20.409,20.53,74603790
2003-11-12,20.611000000000004,20.734,20.386000000000003,20.479,56788390
2003-11-13,20.515,20.737,19.889,20.055000000000003,76532550
2003-11-14,20.044,20.308000000000003,19.603,19.735,104070940
2003-11-15,19.763,20.01,19.6,19.85,30013780
2003-11-17,20.033,20.712000000000003,19.623,20.544,79521700
2003-11-18,20.597,20.605000000000004,19.833,19.951,78440320
2003-11-19,19.875,19.92,19.297,19.376,73136350
2003-11-20,19.595,20.541,18.786,18.901,83853940
2003-11-21,18.896,19.387,18.685,19.314,110763740
2003-11-24,19.513,19.811000000000003,19.238,19.553,88754510
2003-11-25,19.707,19.831000000000003,19.446,19.758000000000003,72678060
2003-11-27,19.833,20.266,19.715000000000003,19.847,83480530
2003-11-28,20.212000000000003,20.532,19.976,20.263,117444280
2003-12-01,20.437,20.83,20.426,20.754,65133920
2003-12-02,21.038,21.217,20.535,20.757,83678950
2003-12-03,20.886000000000003,20.931,20.499,20.628,52590380
2003-12-04,20.591,20.771,20.235,20.617,65416060
2003-12-05,20.774,20.979,19.847,19.94,71745360
2003-12-08,20.002,20.459000000000003,19.769,20.252,67107540
2003-12-09,20.549000000000003,20.594,20.305000000000003,20.451,40937010
2003-12-10,20.493,20.897,20.381,20.569000000000003,68389140
2003-12-11,20.875,20.875,20.395,20.552000000000003,52510770
2003-12-12,20.661,21.335,20.285,21.209000000000003,85135750
2003-12-15,21.447000000000003,22.059,21.391,22.003,98888020
2003-12-16,21.857,21.942,21.509,21.739,72282310
2003-12-17,21.678,21.821,21.428,21.557,52061230
2003-12-18,21.866,22.385,21.577,22.25,72484860
2003-12-19,22.298,22.531,22.068,22.222,64007230
2003-12-22,22.335,22.680000000000003,22.180000000000003,22.534,60071260
2003-12-23,22.638,22.638,22.085,22.203000000000003,45876350
2003-12-24,26.377,26.377,22.127,23.079,79965290
2003-12-26,23.435,23.862,23.188,23.8,53656900
2003-12-29,24.137,24.875,23.89,24.693,46582250
2003-12-30,24.816000000000003,24.973,23.862,24.182,67672170
2003-12-31,21.961,25.01,21.961,24.889,85455160
2004-01-01,25.001,25.288,24.965000000000003,25.044,49250950
2004-01-02,25.153,25.653,25.153,25.302000000000003,49272200
2004-01-05,25.445,25.512,24.46,24.785,76558850
2004-01-06,24.979,25.164,24.03,24.229,66861970
2004-01-07,24.213,24.92,23.893,24.797,93548540
2004-01-08,25.066000000000003,25.26,24.945,25.083,43683110
2004-01-09,25.364,25.515,24.199,24.813,81899690
2004-01-12,24.648,25.086,24.255000000000003,24.928,65532610
2004-01-13,24.996,25.293000000000003,24.603,25.215000000000003,56886990
2004-01-14,25.378,25.939,25.378,25.622000000000003,63578080
2004-01-15,25.611000000000004,26.209,24.712000000000003,24.973,73358210
2004-01-16,27.351,27.52,24.28,24.513,80096690
2004-01-19,24.597,25.743,23.982,25.585,109208650
2004-01-20,25.658,26.015,24.26,24.771,117038820
2004-01-21,24.339,25.058000000000003,23.149,23.443,96519620
2004-01-22,23.943,24.277,21.700000000000003,22.217,141470660
2004-01-23,22.52,24.123,22.514,23.904,93624220
2004-01-27,24.086,25.007,23.918000000000003,24.9,69711160
2004-01-28,24.816000000000003,25.456000000000003,24.117,24.418000000000003,107865270
2004-01-29,24.844,24.985,23.923,24.199,104128330
2004-01-30,24.373,24.521,22.579,22.806,132646640
2004-02-03,22.801,23.07,21.47,21.658,129368310
2004-02-04,21.846000000000004,23.407,21.790000000000003,23.328000000000003,142841910
2004-02-05,23.469,23.806,22.096000000000004,22.483000000000004,142005640
2004-02-06,22.843000000000004,23.3,22.537000000000003,23.205,102257190
2004-02-09,23.413,23.859,23.216,23.735,79306400
2004-02-10,23.87,23.918000000000003,22.963,23.314,86678920
2004-02-11,23.469,24.255000000000003,23.413,24.162000000000003,130220930
2004-02-12,24.35,24.381,23.612,23.954,82439670
2004-02-13,24.03,24.687,23.923,24.617,107017730
2004-02-16,24.429,25.288,24.429,24.92,93009120
2004-02-17,25.097,25.540000000000003,24.872,25.484,100062150
2004-02-18,25.602,25.672000000000004,25.153,25.26,67299560
2004-02-19,25.4,25.642000000000003,24.375,24.538,126765260
2004-02-20,24.479,25.055000000000003,24.221000000000004,24.665000000000003,111221760
2004-02-23,24.985,25.299000000000003,24.126,24.328000000000003,74637850
2004-02-24,24.199,24.985,23.935,24.895,112803350
2004-02-25,24.957,24.971000000000004,23.839,24.053,109533400
2004-02-26,24.027,24.628,23.617,23.766,96646660
2004-02-27,23.963,24.196,23.112,23.994,152985850
2004-03-01,24.406,24.555000000000003,23.615,24.488,98850200
2004-03-03,24.687,25.114,24.507,24.732,109848640
2004-03-04,24.142,24.642,23.811000000000003,24.05,81485970
2004-03-05,24.19,24.923,23.907,24.85,105165290
2004-03-08,24.943,25.372,24.653,25.249,85449160
2004-03-09,25.209000000000003,25.209000000000003,24.558000000000003,24.844,94474780
2004-03-10,24.732,24.861000000000004,24.317,24.457,92276880
2004-03-11,24.26,24.339,23.289,23.601,83421190
2004-03-12,23.283,23.778,23.118,23.662000000000003,89265200
2004-03-15,24.03,24.03,21.422,21.998,132756080
2004-03-16,21.335,22.332,21.335,22.017,124451970
2004-03-17,22.127,22.514,21.874,22.231,86485360
2004-03-18,22.234,22.402,21.453000000000003,21.574,82243620
2004-03-19,21.672,22.104,21.172,21.863,90085430
2004-03-22,21.953000000000003,21.953000000000003,20.285,20.527,78425290
2004-03-23,20.493,20.967,20.299000000000003,20.479,75053110
2004-03-24,20.549000000000003,20.549000000000003,19.769,19.971000000000004,88113370
2004-03-25,20.106,21.049000000000003,20.002,20.692,86852750
2004-03-26,21.085,21.352000000000004,20.81,21.108000000000004,64557940
2004-03-29,21.054,21.447000000000003,20.417,21.318,64205460
2004-03-30,21.391,21.776,21.085,21.450000000000003,85272420
2004-03-31,21.335,21.725,21.122,21.540000000000003,58085330
2004-04-01,21.504,22.121,21.453000000000003,22.057,55073840
2004-04-02,22.149,22.722,21.742,22.643,79151890
2004-04-05,22.826,23.21,22.638,22.801,61548110
2004-04-06,22.907,22.952,22.054,22.281,65288820
2004-04-07,23.62,23.62,21.739,22.059,80120690
2004-04-08,22.121,22.596000000000004,21.717,22.447000000000003,93070550
2004-04-12,22.57,22.761000000000003,22.102000000000004,22.234,55192520
2004-04-13,22.290000000000003,22.722,21.869,22.646,51182860
2004-04-15,22.683000000000003,22.963,21.984,22.11,105408480
2004-04-16,22.177000000000003,22.525,22.121,22.231,51568760
2004-04-17,22.234,22.312,22.029,22.191000000000003,14958920
2004-04-19,22.234,22.371,21.790000000000003,21.978,48127830
2004-04-20,22.093000000000004,22.475,21.779,22.368,70647990
2004-04-21,22.402,23.323,22.290000000000003,23.196,82752340
2004-04-22,23.331000000000003,23.407,22.913,23.022,84018340
2004-04-23,23.244,23.862,22.888,23.008000000000003,58513670
2004-04-27,22.896,22.896,21.175,21.299000000000003,75660480
2004-04-28,22.458,22.458,21.026,21.577,89379210
2004-04-29,21.431,21.431,20.563,20.673,104032250
2004-04-30,20.605000000000004,20.785,19.932,20.097,86575730
2004-05-03,19.988,19.988,18.957,19.230000000000004,105699530
2004-05-04,19.247,20.033,19.247,19.645,82911340
2004-05-05,19.875,20.066000000000003,19.628,19.923,52521070
2004-05-06,20.268,20.695,20.162000000000003,20.572000000000003,58260030
2004-05-07,20.532,20.532,19.32,19.429,80885170
2004-05-10,19.37,19.37,18.309,18.654,102807180
2004-05-11,18.185,18.185,16.911,17.248,104270470
2004-05-12,17.175,17.952,17.074,17.728,135601670
2004-05-13,16.883000000000003,18.298,16.293000000000003,17.865000000000002,153028030
2004-05-14,18.073,18.073,15.726,16.243000000000002,139704120
2004-05-17,16.285,16.285,13.026,14.761000000000005,77502080
2004-05-18,15.173,16.776,15.159,16.479,111335140
2004-05-19,16.844,17.826,16.731,17.694,120110110
2004-05-20,17.995,18.388,17.354,17.989,179078200
2004-05-21,18.775,18.775,17.77,18.452,133812540
2004-05-24,18.792,19.005000000000003,18.598,18.719,82857600
2004-05-25,18.584,18.865,18.236,18.688,77547840
2004-05-26,18.753,18.921000000000003,18.258000000000003,18.441,58555190
2004-05-27,18.247,18.287000000000003,17.815,17.891000000000002,84280120
2004-05-28,17.905,17.905,16.900000000000002,17.001,88290160
2004-05-31,16.813,16.992,16.198,16.633000000000003,104982930
2004-06-01,16.844,17.369,16.765,16.981,77710230
2004-06-02,17.068,17.675,16.987000000000002,17.486,78379400
2004-06-03,17.742,17.955000000000002,16.507,16.734,88677700
2004-06-04,16.526,17.849,16.451,17.711000000000002,119307320
2004-06-07,17.91,18.174000000000003,17.180000000000003,17.332,160010380
2004-06-08,17.068,17.096,16.591,16.714,75966500
2004-06-09,16.577,17.029,16.577,16.740000000000002,56689430
2004-06-10,16.675,17.012,16.619,16.765,45310920
2004-06-11,16.841,17.040000000000003,16.192,16.279,64001360
2004-06-14,16.279,16.279,15.14,15.325,85729900
2004-06-15,15.328,16.305000000000003,15.328,16.161,114796390
2004-06-16,16.021,16.248,15.704,15.9,74278750
2004-06-17,15.889,16.299000000000003,15.740000000000002,16.215,56249550
2004-06-18,16.163999999999998,16.226,15.617,15.729,64805820
2004-06-21,15.841,15.971000000000002,15.538,15.611000000000002,50631330
2004-06-22,15.597,15.878,15.446000000000002,15.698,53295030
2004-06-23,15.805,15.912,15.067,15.168,61345740
2004-06-24,15.423,15.524,15.053,15.417,79527050
2004-06-25,15.496000000000002,16.698,15.429,16.619,147329510
2004-06-28,16.675,17.068,16.633000000000003,17.012,82198640
2004-06-29,16.922,17.282,16.709,17.163999999999998,116796410
2004-06-30,17.124000000000002,17.422,16.832,16.897000000000002,89500920
2004-07-01,16.956,17.31,16.490000000000002,17.223,134077690
2004-07-02,17.057,17.472,16.908,17.082,126664810
2004-07-05,17.124000000000002,17.293000000000003,16.858,16.97,71723310
2004-07-06,16.872,17.627000000000002,16.816,17.587,138823310
2004-07-07,17.544999999999998,17.952,17.492,17.764,120575250
2004-07-08,17.764,17.958000000000002,16.394000000000002,16.630000000000003,132608030
2004-07-09,16.338,17.265,15.735,17.189,82306760
2004-07-12,17.282,17.767,16.956,17.66,60284960
2004-07-13,17.742,17.854,16.987000000000002,17.282,59963510
2004-07-14,17.343,17.794999999999998,17.186000000000003,17.618000000000002,89890820
2004-07-15,17.686000000000003,18.416,17.630000000000003,18.368,113645440
2004-07-16,18.416,19.109,18.317,19.039,143223260
2004-07-19,19.042,19.64,18.884,19.418000000000003,119032570
2004-07-20,19.353,19.567,19.129,19.322000000000003,100922890
2004-07-21,19.381,20.476,19.381,20.033,96709840
2004-07-22,20.437,20.880000000000003,20.274,20.409,178071050
2004-07-23,20.544,20.544,20.075000000000003,20.42,113554970
2004-07-26,20.42,21.071,20.187,20.987,91542930
2004-07-27,21.054,21.355000000000004,20.754,21.257,126812430
2004-07-28,21.251,21.447000000000003,21.054,21.212000000000003,89272320
2004-07-29,21.279,22.197000000000003,21.203000000000003,22.059,152576050
2004-07-30,22.121,22.253,21.745,22.006,123387950
2004-08-02,21.998,22.262,21.871,21.967,77163440
2004-08-03,22.043000000000003,22.556,21.821,22.236000000000004,136533550
2004-08-04,22.242,22.537000000000003,22.149,22.351,98384690
2004-08-05,22.481,22.963,22.402,22.888,74298350
2004-08-06,22.795,23.02,22.422,22.671000000000003,101069570
2004-08-09,22.677000000000003,22.983000000000004,22.52,22.652,108316680
2004-08-10,22.739,22.921000000000003,22.655,22.817,92692020
2004-08-11,23.143,23.143,21.606,21.779,105829440
2004-08-12,21.728,22.082,21.425,21.72,118214620
2004-08-13,21.812,22.002,21.412000000000003,21.564,68701950
2004-08-16,21.593000000000004,22.549000000000003,21.231,22.414,158081610
2004-08-17,22.739,22.975,22.494,22.735,125732670
2004-08-18,22.242,22.722,21.943,22.048,76711570
2004-08-19,22.069000000000003,22.511000000000003,22.069000000000003,22.406,64258750
2004-08-20,22.444000000000003,22.625,21.652,21.875,94742000
2004-08-23,21.901,21.901,20.52,20.646,115634710
2004-08-24,20.717,21.088,20.684,20.903,67356080
2004-08-25,21.139,21.214,20.798,20.924000000000003,33208440
2004-08-26,21.054,21.067,20.557,20.663,65424320
2004-08-27,20.717,20.886000000000003,20.326,20.465000000000003,50590780
2004-08-30,20.642,21.181,20.642,21.038,58701950
2004-08-31,21.004,21.278,20.65,21.21,64762780
2004-09-01,21.349000000000004,21.501,20.953000000000003,21.025,51354310
2004-09-02,21.059,21.214,20.781,20.907,44866580
2004-09-03,20.936000000000003,21.155,20.861000000000004,21.08,42640510
2004-09-06,21.139,21.463,21.139,21.286,38174470
2004-09-07,21.307,21.673,21.290000000000003,21.518,53942250
2004-09-08,21.673,21.867,21.614,21.774,62792640
2004-09-09,21.774,21.863,21.408,21.635,51622720
2004-09-10,21.728,22.309,21.526,22.187,52827250
2004-09-13,22.372,22.806,22.334000000000003,22.553,57234480
2004-09-14,22.654,22.688,22.116,22.208,46876400
2004-09-15,22.402,22.629,22.158,22.372,56562880
2004-09-16,22.393,23.215000000000003,22.393,23.012,142906270
2004-09-17,23.08,23.648,23.012,23.539,92323940
2004-09-20,23.665000000000003,24.394,23.636000000000003,23.981,111883930
2004-09-21,23.918000000000003,24.591,23.749,24.461,88146660
2004-09-22,24.827,25.097,24.099000000000004,24.318,68793460
2004-09-23,24.17,24.659,23.892,24.221000000000004,89428260
2004-09-24,24.12,24.621,24.019,24.385,80396180
2004-09-27,24.339,24.537000000000003,24.133000000000003,24.318,55796180
2004-09-28,24.255000000000003,24.507,23.711,23.787000000000003,67544140
2004-09-29,23.918000000000003,24.499,23.4,24.419,97995590
2004-09-30,24.629,24.92,24.229,24.351,106636150
2004-10-01,24.381,24.676,23.623,24.587000000000003,151835100
2004-10-04,24.789,25.215000000000003,24.722,24.933000000000003,67947030
2004-10-05,25.05,25.21,24.638,24.756,91152960
2004-10-06,24.76,25.063,24.33,24.444000000000003,69000150
2004-10-07,24.507,25.362,24.474000000000004,25.286,96105220
2004-10-08,25.472,25.56,25.206000000000003,25.442,62380940
2004-10-09,25.493,25.518,25.244,25.312,11042240
2004-10-11,25.455,25.712000000000003,25.164,25.265,54317450
2004-10-12,25.349000000000004,25.509,24.6,24.802000000000003,54639940
2004-10-14,24.457,24.457,23.644,23.972,68349590
2004-10-15,23.96,24.465000000000003,23.825000000000003,23.951,48584320
2004-10-18,24.17,24.33,23.85,23.947000000000003,30607270
2004-10-19,24.086,24.49,23.834000000000003,24.309,42326260
2004-10-20,24.6,24.6,23.930000000000003,24.01,54619810
2004-10-21,24.103,24.17,23.716,23.876,42856580
2004-10-25,23.594,23.918000000000003,23.412000000000003,23.539,45249360
2004-10-26,23.455,24.419,23.455,24.36,59970550
2004-10-27,24.423,24.832,24.343000000000004,24.583,46321900
2004-10-28,24.76,25.181,24.638,24.789,74618520
2004-10-29,24.861000000000004,24.861000000000004,24.053,24.238,87850050
2004-11-01,24.516,24.827,23.989,24.701,59520460
2004-11-02,24.836,24.945,24.6,24.646,36953600
2004-11-03,24.76,25.232,24.634,25.168000000000003,44068320
2004-11-04,25.265,25.425,24.815,24.895,40335050
2004-11-05,24.97,25.349000000000004,24.912000000000003,25.122,32220070
2004-11-08,25.257,25.677999999999997,25.181,25.408,46362470
2004-11-09,25.434,25.636000000000003,25.232,25.333,32078920
2004-11-10,25.463,25.981,25.396,25.909,55805360
2004-11-11,26.052999999999997,26.099000000000004,25.775,25.863,37087990
2004-11-12,25.939,26.099000000000004,25.691000000000003,25.905,12955380
2004-11-16,25.863,26.175,25.691000000000003,26.07,40678560
2004-11-17,26.196,26.478,26.032,26.141000000000005,34898240
2004-11-18,26.116000000000003,26.381,26.065,26.238,36079200
2004-11-19,26.360000000000003,26.646,25.745,25.909,55597960
2004-11-22,25.762,26.234,25.455,26.128,33576050
2004-11-23,26.31,26.52,26.107,26.251,33883040
2004-11-24,26.276,26.461,26.133,26.326,25496920
2004-11-25,26.276,26.781,26.116000000000003,26.267000000000003,53174440
2004-11-29,26.444000000000003,27.244,26.444000000000003,27.160000000000004,50012590
2004-11-30,27.514,27.514,26.798,27.244,40446860
2004-12-01,27.244,27.741000000000003,26.836,27.615,53645940
2004-12-02,27.876,28.078,27.518,27.918000000000003,63973830
2004-12-03,27.716000000000005,27.792,27.329000000000004,27.598000000000003,34370030
2004-12-06,27.745,28.036,27.737,27.834,40329660
2004-12-07,27.956000000000003,27.956000000000003,27.375,27.56,29735510
2004-12-08,27.375,27.682,26.726,26.832,45371580
2004-12-09,26.701,27.253,26.457,26.933,44090760
2004-12-10,26.954000000000004,27.265,26.537000000000003,26.79,55223990
2004-12-13,26.697000000000003,27.329000000000004,26.541000000000004,27.236000000000004,33675310
2004-12-14,27.463,27.619,27.302999999999997,27.552,22287130
2004-12-15,27.708,28.162000000000003,27.539,28.002,45295200
2004-12-16,27.918000000000003,28.028,27.729000000000003,27.855000000000004,24081130
2004-12-17,27.960000000000004,28.487,27.927,28.095,36535530
2004-12-20,28.065,28.617000000000004,28.065,28.554,25724490
2004-12-21,28.596,28.92,28.508,28.798,22397710
2004-12-22,28.929,29.131,28.524,28.676,37784730
2004-12-23,28.634,29.308,28.508,29.19,24308920
2004-12-24,29.308,30.44,29.299000000000003,30.226,55762370
2004-12-27,30.221,31.708,30.158,31.523000000000003,73534830
2004-12-28,31.433999999999997,33.384,31.433999999999997,32.984,104717200
2004-12-29,33.097,33.426,32.361000000000004,32.583999999999996,65824690
2004-12-30,32.676,33.11000000000001,32.318000000000005,32.424,49728170
2004-12-31,32.845,32.845,31.973000000000003,32.432,70528480
2005-01-03,33.266000000000005,33.266000000000005,32.31,32.613,42146990
2005-01-04,32.592000000000006,32.963,32.365,32.588,39403240
2005-01-05,32.424,32.49100000000001,30.424000000000003,31.076,80189760
2005-01-06,30.739,31.0,29.784,29.948000000000004,77909440
2005-01-07,30.108,30.685,29.935,30.432,53324950
2005-01-10,30.563,30.979000000000003,30.032,30.167,35474420
2005-01-11,30.251,30.360000000000003,29.266000000000005,29.442000000000004,58973230
2005-01-12,29.493,30.066000000000003,28.735000000000003,28.975,54186210
2005-01-13,29.476,30.31,29.139,30.074,52272900
2005-01-14,30.141000000000005,30.226,29.186000000000003,29.337000000000003,44547310
2005-01-17,33.687000000000005,33.687000000000005,28.284,29.042,64733660
2005-01-18,27.708,29.677999999999997,27.708,28.975,49386650
2005-01-19,29.058999999999997,29.851,29.047000000000004,29.35,56225370
2005-01-20,29.56,29.762,28.474000000000004,29.619,91354530
2005-01-24,29.89700000000001,30.55,29.645,30.352,57672060
2005-01-25,30.251,31.076,30.066000000000003,30.992000000000004,46717640
2005-01-27,31.232,31.733,31.173,31.299000000000003,70089200
2005-01-28,31.329000000000004,32.104000000000006,31.266000000000005,32.049,49382640
2005-01-31,32.255,32.731,32.171,32.546,39050980
2005-02-01,32.845,32.929,32.024,32.188,35843120
2005-02-02,32.327,32.752,32.213,32.339999999999996,33146750
2005-02-03,32.508,33.476,32.508,33.342000000000006,63212060
2005-02-04,33.615,33.898,32.980000000000004,33.434,73538330
2005-02-07,33.813,34.192,33.443000000000005,33.645,65149780
2005-02-08,33.674,33.931000000000004,33.013,33.321,58017800
2005-02-09,33.62,34.041000000000004,33.455000000000005,33.746,51372280
2005-02-10,33.809,33.847,33.199000000000005,33.527,46330020
2005-02-11,33.687000000000005,33.851,33.476,33.603,41125590
2005-02-14,33.771,34.361000000000004,33.75,34.091,43155480
2005-02-15,34.15,34.285000000000004,33.738,33.86000000000001,43577360
2005-02-16,33.948,34.723000000000006,33.948,34.251,79719790
2005-02-17,34.196,34.946,33.885000000000005,34.693000000000005,78347050
2005-02-18,35.034,35.296,34.655,34.858,83131340
2005-02-21,34.87,34.942,34.243,34.394,44432810
2005-02-22,34.529,34.946,34.129000000000005,34.744,39800590
2005-02-23,34.824000000000005,35.19,34.521,34.86600000000001,53212270
2005-02-24,34.992000000000004,35.152,34.618,34.698,59732050
2005-02-25,34.782000000000004,34.988,34.319,34.525,51360700
2005-02-28,34.613,35.868,34.108,35.561,75166200
2005-03-01,35.456,35.624,34.95,35.472,52570210
2005-03-02,35.582,36.171,35.582,36.096,56452480
2005-03-03,36.045,36.441,36.045,36.264,42638890
2005-03-04,36.441,36.508,35.978,36.121,30644190
2005-03-07,36.298,36.879000000000005,36.277,36.62200000000001,37351740
2005-03-08,36.664,36.86600000000001,36.306,36.782,44466780
2005-03-09,36.887,37.064,36.243,36.395,31502850
2005-03-10,36.382,36.428,35.915,36.319,37171150
2005-03-11,36.466,37.308,36.466,37.153,52055710
2005-03-14,37.216,37.586000000000006,36.761,36.86600000000001,43952200
2005-03-15,36.963,37.456,36.512,37.291,52442920
2005-03-16,37.317,37.61600000000001,36.887,37.089,40466490
2005-03-17,36.971,37.056,35.961000000000006,36.285,43679460
2005-03-18,36.197,36.715,35.515,36.563,50812850
2005-03-21,36.719,36.782,36.024,36.285,31754000
2005-03-22,36.188,36.214,35.034,35.169000000000004,46656370
2005-03-23,35.371,35.75,34.121,34.394,81247650
2005-03-24,34.529,34.988,34.319,34.723000000000006,54832540
2005-03-28,34.971,35.61600000000001,34.95,35.228,43380510
2005-03-29,35.329,35.329,33.54,33.822,76006240
2005-03-30,33.687000000000005,34.184,32.937000000000005,33.359,70492050
2005-03-31,33.914,34.108,33.476,33.775,86330390
2005-04-01,33.961000000000006,34.613,33.645,34.466,48898150
2005-04-04,34.466,34.73500000000001,33.03,33.148,54847950
2005-04-05,33.182,33.35,32.045,32.201,66065160
2005-04-06,33.214999999999996,33.214999999999996,32.382,32.883,52486790
2005-04-07,33.182,33.182,32.424,32.495,34179390
2005-04-08,32.512,32.803,31.939,32.091,47971740
2005-04-11,32.24700000000001,32.567,31.603,32.112,41162450
2005-04-12,32.171,32.87,32.032000000000004,32.752,33216210
2005-04-13,33.182,33.182,31.927,32.087,39486360
2005-04-15,31.582,31.834,30.668000000000003,30.845,60612470
2005-04-18,29.948000000000004,30.563,29.645,29.83,48773190
2005-04-19,29.986000000000004,30.655,29.072000000000003,29.24,56862730
2005-04-20,29.047000000000004,30.655,29.047000000000004,30.579000000000004,70777060
2005-04-21,30.651,31.156,29.986000000000004,31.076,48892100
2005-04-22,31.304,31.329000000000004,30.348000000000003,30.461,40341400
2005-04-25,30.487,30.895,30.175,30.592,33650750
2005-04-26,30.718000000000004,30.819000000000003,30.099000000000004,30.209,30388060
2005-04-27,30.15,30.15,29.325000000000003,29.447000000000003,34536660
2005-04-28,29.645,29.687,28.769,28.916000000000004,62674550
2005-04-29,29.055000000000003,29.198000000000004,28.579000000000004,28.714,67219890
2005-05-02,29.055000000000003,29.198000000000004,28.558,29.063,53852310
2005-05-03,29.131,29.548,28.823000000000004,28.92,50402930
2005-05-04,29.097000000000005,29.889,29.013,29.821,48200990
2005-05-05,29.99,30.344,29.67,29.893,54793920
2005-05-06,29.965,30.057,29.316000000000003,29.842,48845360
2005-05-09,30.234,30.685,29.89700000000001,30.571,42583030
2005-05-10,30.621,30.786,30.082,30.196,38292900
2005-05-11,30.318,30.318,29.569000000000003,30.095,32405790
2005-05-12,30.15,30.525,29.994,30.15,29790260
2005-05-13,30.066000000000003,30.373000000000005,29.729000000000003,30.289,33939520
2005-05-16,30.318,30.723000000000003,30.234,30.584,21846960
2005-05-17,30.739,30.946,29.687,29.817000000000004,31734230
2005-05-18,29.813,30.403,29.569000000000003,30.052999999999997,54016160
2005-05-19,30.318,30.815,29.889,30.045,77061100
2005-05-20,29.981,30.31,29.75,29.914,49334430
2005-05-23,30.04,30.125,29.417,29.581000000000003,38111250
2005-05-24,29.729000000000003,30.268,29.56,30.158,45743920
2005-05-25,30.196,30.293000000000003,29.826,29.918000000000003,33443040
2005-05-26,29.89700000000001,30.104000000000003,29.746,29.960000000000004,24902360
2005-05-27,30.318,31.076,29.99,30.537000000000003,43530730
2005-05-30,30.739,30.739,30.297000000000004,30.424000000000003,22397720
2005-05-31,30.398000000000003,30.824,30.360000000000003,30.596,23148870
2005-06-01,30.655,30.798,29.922000000000004,30.011000000000003,33960480
2005-06-02,29.986000000000004,29.986000000000004,29.308,29.396,36591750
2005-06-03,29.476,29.645,28.979000000000003,29.451,46658470
2005-06-04,29.433999999999997,29.944000000000003,29.223000000000003,29.75,21710790
2005-06-06,29.851,30.002,29.333,29.433999999999997,33113230
2005-06-07,28.802,28.802,28.407,28.571,28148860
2005-06-08,28.710000000000004,28.79,28.200000000000003,28.579000000000004,38195990
2005-06-09,28.482,28.87,28.297000000000004,28.453,39782660
2005-06-10,28.630000000000003,28.773000000000003,28.074,28.162000000000003,49479160
2005-06-13,28.335000000000004,28.373000000000005,27.792,27.859,27615060
2005-06-14,27.960000000000004,28.339,27.876,28.162000000000003,29379110
2005-06-15,28.213,28.693,28.213,28.588,34297670
2005-06-16,28.638,29.042,28.533,28.588,36515700
2005-06-17,28.668000000000003,28.798,28.284,28.701,25121300
2005-06-20,28.983,29.510000000000005,28.558,29.358,41403600
2005-06-21,29.56,30.15,29.485000000000003,30.078,49671510
2005-06-22,30.234,31.152,29.965,30.659,121742060
2005-06-23,30.849000000000004,31.379000000000005,30.621,30.819000000000003,64215740
2005-06-24,30.571,30.895,30.360000000000003,30.571,37196400
2005-06-27,30.739,30.904000000000003,30.15,30.255000000000003,46571270
2005-06-28,30.251,30.322000000000003,28.592,28.777,42743580
2005-06-29,28.802,29.257,28.407,29.148000000000003,44966750
2005-06-30,29.223000000000003,29.308,28.427999999999997,28.613,55423750
2005-07-01,28.802,29.181,28.305000000000003,28.983,43059480
2005-07-04,29.055000000000003,29.421,28.887,29.135000000000005,25884830
2005-07-05,29.56,30.31,28.832,29.219,47412830
2005-07-06,29.308,29.725,29.055000000000003,29.493,36461660
2005-07-07,29.56,30.297000000000004,29.56,29.796,62221670
2005-07-08,30.141000000000005,30.723000000000003,30.141000000000005,30.512,53740880
2005-07-11,30.487,30.866000000000003,30.403,30.491000000000003,27845890
2005-07-12,30.571,30.739,29.89700000000001,30.348000000000003,27240820
2005-07-13,30.554,30.554,29.687,29.901,25949450
2005-07-14,29.977,30.074,29.476,29.527,17592420
2005-07-15,29.645,30.087000000000003,29.278,29.935,23255610
2005-07-18,29.981,30.735000000000003,29.842,30.533,33507320
2005-07-19,30.693,31.283,30.415,31.135000000000005,40896420
2005-07-20,31.283,31.573000000000004,31.085000000000004,31.299000000000003,32844960
2005-07-21,31.329000000000004,31.699,30.908,31.135000000000005,40991830
2005-07-22,31.169,32.003,31.0,31.89700000000001,35489320
2005-07-25,32.003,32.63,32.003,32.452999999999996,44899510
2005-07-26,32.706,32.988,32.171,32.845,43061590
2005-07-27,32.845,33.114,31.438,31.607,79435960
2005-07-29,33.771,33.771,30.739,30.963,58560440
2005-08-01,30.946,30.975,30.318,30.723000000000003,36905270
2005-08-02,30.571,31.868,30.487,31.426,58409590
2005-08-03,31.666000000000004,32.129000000000005,30.811000000000003,31.08,44115830
2005-08-04,31.118,32.5,31.076,32.264,80019530
2005-08-05,32.339999999999996,33.064,32.146,32.693000000000005,53634660
2005-08-08,32.681000000000004,33.371,32.554,32.672000000000004,57619540
2005-08-09,32.575,33.573,32.31,32.681000000000004,57784640
2005-08-10,32.929,33.687000000000005,32.929,33.523,45056710
2005-08-11,33.687000000000005,34.424,33.687000000000005,34.045,65411380
2005-08-12,34.361000000000004,34.437000000000005,33.274,33.927,55006760
2005-08-16,34.192,34.613,34.108,34.495,41748960
2005-08-17,34.521,34.992000000000004,34.213,34.896,37796350
2005-08-18,34.908,35.11000000000001,34.268,34.432,47316480
2005-08-19,34.445,34.655,33.687000000000005,33.855000000000004,42581980
2005-08-22,33.855000000000004,34.184,32.878,33.097,23847290
2005-08-23,33.687000000000005,33.687000000000005,32.192,32.285000000000004,32673030
2005-08-24,32.352,32.533,31.337000000000003,31.666000000000004,44318950
2005-08-25,33.35,33.35,31.677999999999997,32.24700000000001,51082420
2005-08-26,33.266000000000005,33.519,32.276,32.761,27642580
2005-08-29,32.845,32.845,31.851,32.352,25424910
2005-08-30,32.339999999999996,33.064,32.339999999999996,32.942,20427690
2005-08-31,33.013,33.013,32.655,32.891000000000005,16956460
2005-09-01,33.072,33.422000000000004,33.013,33.114,19380880
2005-09-02,33.202999999999996,34.31,33.14,34.159,51542720
2005-09-05,34.251,34.597,33.948,34.104000000000006,36805370
2005-09-06,34.108,34.441,33.99,34.218,30802850
2005-09-08,34.357,34.613,34.285000000000004,34.483,22702050
2005-09-09,34.504000000000005,34.698,33.931000000000004,34.49100000000001,18602090
2005-09-12,34.698,34.929,34.592000000000006,34.685,17800190
2005-09-13,34.689,34.765,34.327,34.39,12734380
2005-09-14,34.361000000000004,34.773,33.725,34.108,26401170
2005-09-15,34.95,38.374,34.129000000000005,34.87,16995920
2005-09-16,34.95,35.742000000000004,34.86600000000001,35.523,38322090
2005-09-19,35.708,36.369,35.531,36.188,31035810
2005-09-20,36.188,36.74,35.792,36.058,39239270
2005-09-21,29.468000000000004,36.214,29.468000000000004,35.237,40192850
2005-09-22,34.62200000000001,35.666000000000004,33.561,33.843,58366870
2005-09-23,33.898,34.437000000000005,33.055,33.893,44634740
2005-09-26,33.94,35.237,33.94,35.043,29494060
2005-09-27,35.119,35.569,34.714,35.114,31962500
2005-09-28,34.529,35.329,34.529,35.152,23129800
2005-09-29,35.249,35.742000000000004,34.86600000000001,35.186,44803880
2005-09-30,35.456,36.079,35.005,35.666000000000004,67678840
2005-10-03,35.624,36.205000000000005,35.624,35.877,22468960
2005-10-04,35.919000000000004,36.727,35.919000000000004,36.475,36642640
2005-10-05,36.635000000000005,36.681,35.624,35.742000000000004,49826080
2005-10-06,35.624,35.624,33.788000000000004,34.003,65895290
2005-10-07,33.443000000000005,34.230000000000004,33.19,33.295,55844730
2005-10-10,33.434,33.489,32.563,32.693000000000005,37727000
2005-10-11,32.929,33.283,32.217000000000006,33.199000000000005,39994370
2005-10-13,32.929,33.013,31.552,31.691000000000003,54190940
2005-10-14,31.801,32.222,31.417,31.918000000000003,56155140
2005-10-17,32.003,32.533,31.548,32.369,46189660
2005-10-18,32.580000000000005,32.723000000000006,30.664,31.569000000000003,34080870
2005-10-19,31.295,31.459,29.645,30.449,45496670
2005-10-20,30.765,31.316000000000003,29.602,30.200000000000003,41322030
2005-10-21,30.348000000000003,31.034,30.12,30.941000000000003,43558860
2005-10-24,31.034,31.994,29.543000000000003,29.67,38940760
2005-10-25,29.89700000000001,30.108,29.308,29.518,45748720
2005-10-26,29.56,29.973000000000003,28.996,29.215,41962160
2005-10-27,29.274,29.379000000000005,28.221,28.432,51098540
2005-10-28,29.379000000000005,29.383,27.708,27.859,23945220
2005-10-31,28.213,28.676,27.893,28.583,20299670
2005-11-01,29.055000000000003,29.055000000000003,28.562,28.64700000000001,8934050
2005-11-02,28.752,29.56,27.876,29.388,42532990
2005-11-07,28.676,30.866000000000003,28.676,30.626,71464010
2005-11-08,30.815,31.072000000000003,30.087000000000003,30.495,54763900
2005-11-09,30.664,31.058999999999997,30.318,30.55,59443660
2005-11-10,30.554,30.798,30.339,30.6,28429200
2005-11-11,30.798,31.438,30.739,31.27,34464740
2005-11-14,31.523000000000003,31.531,30.335000000000004,30.79,33046760
2005-11-16,31.076,31.160000000000004,30.575000000000003,30.954000000000004,18488230
2005-11-17,31.152,31.497000000000003,30.234,30.912000000000003,40757330
2005-11-18,31.076,31.582,31.009,31.177,38013070
2005-11-21,31.287000000000003,31.32,30.242000000000004,30.386000000000003,26581370
2005-11-22,30.356,30.487,29.405,29.569000000000003,37318240
2005-11-23,29.476,29.569000000000003,28.571,28.857,58885230
2005-11-24,28.887,29.367000000000004,28.683999999999997,28.836,60283020
2005-11-25,28.988,29.308,28.465,28.823000000000004,48148940
2005-11-26,28.836,29.139,28.836,28.988,9287920
2005-11-28,29.127,29.645,28.802,29.034,77958910
2005-11-29,28.929,29.611000000000004,28.781,29.299000000000003,45024430
2005-11-30,29.438,30.057,29.316000000000003,29.451,55458380
2005-12-01,30.057,30.057,29.160000000000004,29.501,36261550
2005-12-02,29.813,30.436000000000003,29.729000000000003,30.07,52565600
2005-12-05,30.15,30.318,29.695,29.821,28207500
2005-12-06,29.788,30.049000000000003,29.32,29.573000000000004,17867390
2005-12-07,29.573000000000004,29.741000000000003,29.325000000000003,29.451,20138620
2005-12-08,29.645,29.645,29.127,29.282,19261800
2005-12-09,29.375,30.066000000000003,29.308,29.986000000000004,29818210
2005-12-12,30.066000000000003,30.739,30.066000000000003,30.575000000000003,29654740
2005-12-13,30.655,31.354000000000003,30.495,31.123000000000005,36909480
2005-12-14,31.274,32.087,31.207,31.847000000000005,60286970
2005-12-15,32.087,32.369,30.773000000000003,31.064,71174210
2005-12-16,31.27,31.316000000000003,30.752,30.984,35497290
2005-12-19,31.152,32.087,31.08,32.007,28967760
2005-12-20,32.087,32.175000000000004,31.312,31.535000000000004,36916160
2005-12-21,31.514,31.767000000000003,31.064,31.611000000000004,38067680
2005-12-22,31.687,32.255,31.624,32.129000000000005,36475540
2005-12-23,32.217000000000006,32.398,30.87,31.034,43130080
2005-12-26,31.076,31.287000000000003,30.706000000000003,31.043000000000003,37078450
2005-12-27,31.034,31.657,30.908,31.607,20372870
2005-12-28,31.666000000000004,31.910000000000004,31.085000000000004,31.249,26574840
2005-12-29,31.287000000000003,31.485000000000003,31.0,31.19,33680200
2005-12-30,31.182,32.137,31.182,31.998000000000005,39924220
2006-01-02,32.167,32.314,31.607,31.918000000000003,19275900
2006-01-03,32.087,32.626,31.918000000000003,32.525,20350770
2006-01-04,32.748000000000005,32.748000000000005,32.230000000000004,32.361000000000004,22771070
2006-01-05,32.411,32.49100000000001,31.939,32.036,13932820
2006-01-06,32.137,32.415,31.784,32.356,24087770
2006-01-09,32.457,32.71,31.843000000000004,32.007,24111300
2006-01-10,31.99,32.066,31.245,31.35,16154550
2006-01-12,31.160000000000004,31.539,30.752,31.102,23750320
2006-01-13,31.834,31.834,30.824,30.92,16054820
2006-01-16,30.908,30.908,29.872000000000003,30.002,26780740
2006-01-17,30.049000000000003,30.217,29.236000000000004,29.358,27759840
2006-01-18,33.687000000000005,33.687000000000005,28.937,29.573000000000004,23043800
2006-01-19,29.72,30.445,29.691000000000003,30.356,25086580
2006-01-20,30.571,31.055000000000003,30.360000000000003,30.499,44430700
2006-01-23,30.360000000000003,30.483,29.383,30.074,52788570
2006-01-24,30.158,30.883,29.821,30.693,29380940
2006-01-25,30.811000000000003,30.992000000000004,30.327,30.592,17190670
2006-01-27,30.739,33.923,30.731,33.295,90992940
2006-01-30,32.891000000000005,33.923,31.737,33.43,84933680
2006-01-31,33.24100000000001,34.319,33.24100000000001,34.062000000000005,68852860
2006-02-01,34.192,34.192,33.24100000000001,33.476,70243700
2006-02-02,33.603,34.255,33.54,33.86000000000001,50788880
2006-02-03,33.704,34.024,33.354000000000006,33.759,30135660
2006-02-06,33.687000000000005,34.681000000000004,33.266000000000005,34.268,34472410
2006-02-07,34.268,34.883,34.205000000000005,34.424,23751750
2006-02-08,34.424,34.424,32.887,33.034,36860240
2006-02-10,33.262,33.586000000000006,32.596,32.782000000000004,34600960
2006-02-13,32.845,33.359,32.744,33.026,20455700
2006-02-14,33.039,33.131,32.104000000000006,32.297000000000004,17472740
2006-02-15,32.424,32.777,31.927,32.664,24722420
2006-02-16,32.862,33.182,32.449000000000005,32.996,23496230
2006-02-17,33.097,33.510000000000005,32.398,32.575,28643440
2006-02-20,32.529,33.434,32.424,33.279,28312230
2006-02-21,33.434,34.277,33.417,33.935,38033510
2006-02-22,34.108,34.773,33.94,34.655,32438270
2006-02-23,34.702,35.792,34.702,35.258,47279140
2006-02-24,35.371,36.125,35.211000000000006,35.649,45453480
2006-02-27,36.028,36.096,35.481,35.548,14068610
2006-02-28,35.746,36.875,34.698,36.298,53363320
2006-03-01,36.323,37.645,35.809,37.249,45997750
2006-03-02,37.645,38.656000000000006,37.61600000000001,37.894,45215730
2006-03-03,37.982,38.534,37.658,38.256,39021680
2006-03-06,38.348000000000006,40.003,38.348000000000006,39.86000000000001,37101600
2006-03-07,39.86000000000001,39.986,37.91,39.439,35197770
2006-03-08,39.245000000000005,39.405,37.186,37.371,38501120
2006-03-09,37.481,38.273,36.487,38.033,47121280
2006-03-10,38.23500000000001,39.144000000000005,38.23500000000001,38.374,23840570
2006-03-13,38.643,39.153,38.294,38.761,24283310
2006-03-14,38.900000000000006,39.447,38.378,38.643,31019480
2006-03-16,38.862,39.83500000000001,38.824000000000005,39.57,29989360
2006-03-17,39.624,39.869,38.828,38.934,18048190
2006-03-20,38.993,39.447,38.993,39.338,13069180
2006-03-21,39.447,40.172,39.17400000000001,39.431,29780540
2006-03-22,39.443000000000005,40.003,39.08500000000001,39.523,29558300
2006-03-23,39.59100000000001,41.165,38.824000000000005,40.871,52334910
2006-03-24,40.854000000000006,41.671,40.803,41.553,36709330
2006-03-27,41.671,43.827,41.671,43.612,47450070
2006-03-28,43.793000000000006,44.214,42.964,43.978,38046310
2006-03-29,44.063,44.286,43.494,43.983,24533370
2006-03-30,44.046,45.039,43.296,43.94,58858650
2006-03-31,44.12200000000001,45.688,43.898,45.183,38744170
2006-04-03,45.562000000000005,46.05,45.427,45.738,20677820
2006-04-04,45.899,46.143,44.989,45.705000000000005,34046030
2006-04-05,45.852,46.059,45.402,45.671,15527900
2006-04-07,45.852,47.162000000000006,45.309,45.541,33255380
2006-04-10,46.74100000000001,52.04600000000001,45.351,48.749,54073620
2006-04-12,48.846,50.425,46.513000000000005,47.035,50154140
2006-04-13,47.078,48.408,44.724,47.562000000000005,52855010
2006-04-17,47.911,50.307,47.739,50.135000000000005,48888180
2006-04-18,50.307,50.636,49.183,49.655,30330860
2006-04-19,50.09700000000001,51.916,49.861,51.267,53824180
2006-04-20,51.861,54.438,51.373000000000005,54.228,65924490
2006-04-21,54.004,56.123000000000005,48.433,55.116,80560270
2006-04-24,55.162000000000006,56.333000000000006,54.068,55.03200000000001,40636880
2006-04-25,55.036,55.07000000000001,52.04600000000001,52.467,49637780
2006-04-26,52.451,55.482000000000006,52.29900000000001,55.192,45893130
2006-04-27,55.482000000000006,62.742,53.402,53.72200000000001,62194360
2006-04-28,51.912000000000006,53.849,50.615,53.406,55297390
2006-04-29,53.849,55.154,53.849,54.392,14983570
2006-05-02,54.666,56.99,54.666,56.514,45003870
2006-05-03,56.83,57.268,55.381,56.038,40207300
2006-05-04,56.173,56.67000000000001,54.792,55.268,31227620
2006-05-05,55.752,56.501000000000005,53.166,53.937000000000005,45432670
2006-05-08,54.607000000000006,55.499,54.051,54.278,24525940
2006-05-09,54.741,55.988,53.331,55.579,46076900
2006-05-10,55.988,56.84700000000001,55.756,56.266,41679500
2006-05-11,56.84700000000001,56.879999999999995,53.411,53.81900000000001,45852160
2006-05-12,53.891,55.415,52.67000000000001,54.223000000000006,49406600
2006-05-15,54.236,54.489,48.202,49.406000000000006,94103200
2006-05-16,49.166,49.857,44.256,48.362,103141990
2006-05-17,49.688,52.088,49.099,51.53300000000001,69147290
2006-05-18,51.373000000000005,51.373000000000005,44.652,45.903,95337680
2006-05-19,48.004000000000005,48.004000000000005,41.688,42.471,87174060
2006-05-22,42.951,43.119,36.214,39.658,49733130
2006-05-23,39.751000000000005,43.288,37.308,43.014,43345830
2006-05-24,43.785,44.383,40.13,40.753,44708640
2006-05-25,40.315,44.189,39.077,43.444,59454490
2006-05-26,43.456,46.909,42.951,45.389,78468320
2006-05-29,45.899,48.004000000000005,45.393,47.343,59097840
2006-05-30,47.903,47.903,45.477,46.06700000000001,41335930
2006-05-31,45.309,45.309,41.49,43.557,66009820
2006-06-01,44.635000000000005,44.837,40.445,41.178,55894200
2006-06-02,41.267,43.962,40.509,43.608,55593790
2006-06-05,44.728,45.477,41.3,41.637,45863440
2006-06-06,40.429,42.23500000000001,39.776,40.45400000000001,53027560
2006-06-07,39.84700000000001,41.052,37.898,38.816,56433000
2006-06-08,38.74,38.74,35.211000000000006,35.784,51855400
2006-06-09,35.792,38.816,35.456,38.407,44056200
2006-06-12,37.729000000000006,38.74,35.498000000000005,35.948,45435000
2006-06-13,35.498000000000005,35.498000000000005,32.424,32.685,47999050
2006-06-14,33.434,34.529,31.636000000000003,32.352,50023090
2006-06-15,33.519,35.026,33.097,34.849000000000004,57786890
2006-06-16,35.392,39.919,35.392,38.765,82225780
2006-06-19,39.683,40.664,38.412000000000006,40.121,48172060
2006-06-20,39.582,39.826,38.23500000000001,39.233,49192420
2006-06-21,39.330000000000005,40.593,38.487,40.248000000000005,29819000
2006-06-22,41.267,42.1,40.601,41.224,28597990
2006-06-23,40.845,43.949000000000005,39.793000000000006,43.17,56794250
2006-06-25,43.7,45.132000000000005,43.414,44.833,16958210
2006-06-26,45.899,45.983,41.267,41.83500000000001,83649190
2006-06-27,42.025000000000006,44.214,40.264,43.671,114631680
2006-06-28,39.582,43.743,39.582,43.313,53462260
2006-06-29,44.635000000000005,45.477,42.559,42.926,50121940
2006-06-30,43.962,45.473000000000006,43.793000000000006,44.943000000000005,50036400
2006-07-03,45.225,45.89,42.214,45.667,38265800
2006-07-04,45.899,46.23500000000001,45.107,45.292,50291340
2006-07-05,45.107,47.583,44.635000000000005,47.469,66781370
2006-07-06,46.32,47.676,45.477,46.096,62967300
2006-07-07,46.74100000000001,47.065,43.519000000000005,44.037000000000006,57278530
2006-07-10,44.088,44.677,43.06,44.429,57613870
2006-07-11,44.635000000000005,44.635000000000005,42.951,43.330000000000005,45831150
2006-07-12,42.109,43.995000000000005,42.109,43.789,53998690
2006-07-13,43.962,44.534,43.035,43.734,42212090
2006-07-14,43.119,43.309,42.361,43.065,29774540
2006-07-17,43.119,43.119,41.443000000000005,41.641000000000005,32072460
2006-07-18,41.646,42.06700000000001,39.923,40.23500000000001,34585300
2006-07-19,41.098000000000006,41.342000000000006,38.449000000000005,38.757000000000005,35533570
2006-07-20,39.582,41.342000000000006,38.824000000000005,41.018,45386610
2006-07-21,41.014,41.039,39.254000000000005,40.681,71939630
2006-07-24,40.172,40.576,38.837,40.34,44292840
2006-07-25,40.854000000000006,41.898,40.845,41.738,44832580
2006-07-26,41.688,42.42,41.111,41.81,38069390
2006-07-27,42.025000000000006,42.277,40.98,41.919,41155380
2006-07-28,34.108,42.921,34.108,41.915,39793220
2006-07-31,42.109,42.867,41.536,41.789,32445870
2006-08-01,41.544,42.058,41.014,41.806,27500240
2006-08-02,41.772000000000006,43.288,41.528,43.039,35000990
2006-08-03,43.54,43.793000000000006,42.576,42.926,28725030
2006-08-04,42.951,43.995000000000005,42.547,42.993,48386730
2006-08-07,42.947,43.161,42.286,42.433,27095650
2006-08-08,42.53,43.157,42.53,43.048,18641050
2006-08-09,43.54,44.113,42.656000000000006,43.532,32246090
2006-08-10,43.583,43.962,42.99700000000001,43.469,21274650
2006-08-11,43.625,44.551,43.212,44.244,35738550
2006-08-14,44.383,45.09,44.383,44.778,16899820
2006-08-16,45.225,45.713,44.602,44.842000000000006,22917360
2006-08-17,45.225,45.225,43.498000000000005,43.679,30905850
2006-08-18,43.566,43.709,42.795,43.20400000000001,25538490
2006-08-21,42.951,43.111,42.370000000000005,42.787000000000006,32700650
2006-08-22,43.153,43.869,43.098000000000006,43.41,23230750
2006-08-23,43.288,43.865,42.412000000000006,42.572,23878720
2006-08-24,42.53,43.789,42.126000000000005,43.578,29739510
2006-08-25,43.801,44.846,43.793000000000006,44.277,36262570
2006-08-28,44.45,44.762,44.218,44.429,17632080
2006-08-29,44.635000000000005,45.132000000000005,43.326,43.56100000000001,27965860
2006-08-30,43.625,43.625,42.551,42.68600000000001,40011580
2006-08-31,42.791,43.094,41.688,41.793000000000006,45140820
2006-09-01,41.486,42.509,41.443000000000005,42.265,26143970
2006-09-04,42.53,42.951,42.22200000000001,42.62200000000001,15248060
2006-09-05,42.69800000000001,43.364,42.319,43.279,28878280
2006-09-06,43.37200000000001,44.109,43.37200000000001,43.928,34330710
2006-09-07,43.877,44.197,43.237,43.978,24733260
2006-09-08,44.197,44.618,43.81,44.252,24075440
2006-09-11,44.374,44.463,41.439,41.831,28591100
2006-09-12,41.755,42.403,40.845,42.193000000000005,32156660
2006-09-13,42.867,43.022000000000006,42.071,42.273,19807770
2006-09-14,42.833,42.959,42.319,42.787000000000006,17684980
2006-09-15,42.614,42.782,41.898,42.471,20300660
2006-09-18,42.53,42.68600000000001,41.873000000000005,41.97,18924000
2006-09-19,42.23500000000001,42.656000000000006,40.845,41.123000000000005,29664700
2006-09-20,41.646,42.025000000000006,40.79900000000001,41.784,22129510
2006-09-21,42.361,42.593,42.109,42.357,20224200
2006-09-22,42.277,42.69,41.523,41.839,25349580
2006-09-25,42.025000000000006,43.246,41.397000000000006,42.757000000000005,49349330
2006-09-26,42.94200000000001,43.38,42.639,43.208,26194840
2006-09-27,43.456,43.999,43.254000000000005,43.486,25397710
2006-09-28,43.709,44.037000000000006,43.212,43.713,27718360
2006-09-29,44.214,45.254000000000005,44.046,45.111,47734360
2006-10-03,45.343,45.671,44.905,45.052,18905320
2006-10-04,45.141000000000005,45.368,43.962,44.109,21046370
2006-10-05,44.867,46.21000000000001,44.635000000000005,45.258,21044780
2006-10-06,45.646,46.101,44.909,45.191,37518570
2006-10-09,45.284,45.309,44.172,44.324000000000005,36271670
2006-10-10,44.631,44.97200000000001,43.456,43.61600000000001,57308070
2006-10-11,43.54,44.13,42.547,42.707,27166080
2006-10-12,42.74,43.583,42.53,43.477,21982290
2006-10-13,43.793000000000006,44.029,42.909,43.094,24611110
2006-10-16,43.37200000000001,43.768,43.001000000000005,43.098000000000006,18333310
2006-10-17,43.37200000000001,43.658,42.951,43.427,24657710
2006-10-18,43.793000000000006,43.962,42.580000000000005,42.867,63819600
2006-10-19,43.195,43.195,41.995000000000005,42.29,32627410
2006-10-20,42.867,43.869,42.488,42.816,71136460
2006-10-21,44.214,44.256,43.20400000000001,43.456,17599890
2006-10-23,43.37200000000001,43.684,42.702,42.85,16380790
2006-10-26,43.056,43.056,41.995000000000005,42.155,51166310
2006-10-27,42.513000000000005,42.804,41.873000000000005,42.155,38206010
2006-10-30,42.092000000000006,42.53,41.801,41.953,20996960
2006-10-31,42.446,42.505,41.035,41.304,32158110
2006-11-01,41.73,41.772000000000006,41.119,41.258,24365320
2006-11-02,41.275000000000006,41.726,40.892,40.99700000000001,20795320
2006-11-03,41.393,41.688,40.816,41.49,23662080
2006-11-06,41.679,42.85,41.406000000000006,42.648,31018460
2006-11-07,42.702,43.119,41.688,41.873000000000005,40458410
2006-11-08,41.856,42.269000000000005,41.144000000000005,41.61600000000001,35317270
2006-11-09,41.974,42.526,41.452,42.286,29097350
2006-11-10,42.53,42.564,41.894000000000005,42.302,20588860
2006-11-13,42.446,42.53,41.776,41.864,11995360
2006-11-14,41.94,42.193000000000005,41.275000000000006,41.406000000000006,18156300
2006-11-15,41.393,41.519000000000005,40.845,40.947,18329730
2006-11-16,41.182,41.637,40.42400000000001,40.618,44778650
2006-11-17,40.845,40.98,39.885000000000005,40.117,28017830
2006-11-20,40.003,40.117,38.618,38.934,35632110
2006-11-21,39.111,40.298,38.908,40.062000000000005,37344410
2006-11-22,40.429,40.429,39.31700000000001,39.839,21250500
2006-11-23,40.315,40.42400000000001,39.519000000000005,39.671,24053610
2006-11-24,39.666,40.925,39.595,40.685,35776500
2006-11-27,40.93000000000001,41.24100000000001,40.46600000000001,40.62200000000001,17221040
2006-11-28,40.42,40.42,38.938,40.088,15467270
2006-11-29,40.399,40.593,40.003,40.205000000000005,12658410
2006-11-30,40.399,40.504000000000005,39.254000000000005,39.405,44652660
2006-12-01,39.582,39.83500000000001,39.287000000000006,39.426,10121890
2006-12-04,39.725,39.856,39.338,39.46000000000001,8184830
2006-12-05,39.978,41.688,39.675,41.523,39877110
2006-12-06,41.688,42.277,40.707,41.355,41934680
2006-12-07,41.267,41.814,40.845,41.439,17422240
2006-12-08,41.519000000000005,41.519000000000005,40.256,40.82,22823720
2006-12-11,40.761,41.229000000000006,35.801,38.222,68684390
2006-12-12,38.138,39.052,36.55,37.174,53086810
2006-12-13,37.216,37.46,35.771,36.765,67859070
2006-12-14,37.426,37.426,36.445,36.702,40134810
2006-12-15,37.224,38.892,36.887,38.668000000000006,58232780
2006-12-18,39.161,39.582,38.319,39.426,31147910
2006-12-19,39.498000000000005,40.037000000000006,38.033,38.323,32667470
2006-12-20,38.74,39.919,37.982,39.17,40887650
2006-12-21,39.245000000000005,39.83500000000001,38.824000000000005,39.447,22001050
2006-12-22,39.498000000000005,40.42400000000001,39.262,40.306,19702540
2006-12-26,40.99700000000001,41.128,39.83500000000001,40.23500000000001,17000320
2006-12-27,40.382000000000005,40.795,40.172,40.517,19530150
2006-12-28,40.669,41.081,39.94,40.125,40210200
2006-12-29,40.256,40.888000000000005,40.197,40.614,17055300
2007-01-02,40.51,41.17,40.01,40.31,1034256
2007-01-03,40.34,40.57,39.59,39.7,1452980
2007-01-04,39.87,40.0,38.79,39.23,1796599
2007-01-05,39.25,39.75,38.54,39.47,3036784
2007-01-08,39.77,39.77,38.91,39.07,1332410
2007-01-09,39.5,39.5,38.19,38.31,1588637
2007-01-10,38.23,38.82,37.91,38.07,1660295
2007-01-11,38.17,39.07,37.99,38.92,982555
2007-01-12,39.16,39.64,39.08,39.43,1513973
2007-01-15,39.58,41.08,39.44,40.93,2404323
2007-01-16,41.1,41.55,40.51,40.63,2366407
2007-01-17,40.81,41.43,40.52,40.77,1713014
2007-01-18,40.85,41.08,39.86,40.07,2066863
2007-01-19,40.42,40.42,39.01,39.4,2348366
2007-01-22,39.67,40.04,39.2,39.7,1519368
2007-01-23,39.77,39.77,38.96,39.13,1138417
2007-01-24,39.31,40.85,39.15,40.49,3943407
2007-01-25,40.85,43.16,40.78,42.96,9331695
2007-01-29,43.09,43.87,42.55,43.73,6687125
2007-01-31,43.29,45.39,38.83,39.15,19970424
2007-02-01,39.57,39.75,38.03,38.52,11793413
2007-02-02,40.68,40.68,38.69,38.96,10028325
2007-02-05,38.99,39.79,38.36,39.58,4253803
2007-02-06,39.75,40.0,39.03,39.15,3451711
2007-02-07,39.28,39.51,38.87,39.12,2672591
2007-02-08,39.16,39.16,38.59,38.96,1763504
2007-02-09,38.99,39.11,38.01,38.18,2074823
2007-02-12,38.19,38.63,37.27,37.38,4424250
2007-02-13,37.39,37.73,36.21,36.41,4254056
2007-02-14,36.63,37.3,35.9,36.93,4969246
2007-02-15,37.48,37.65,37.06,37.25,1973065
2007-02-19,37.48,37.69,36.86,37.36,1556706
2007-02-20,37.65,38.09,37.31,37.42,2380705
2007-02-21,37.53,38.59,37.16,38.32,2930120
2007-02-22,38.66,39.03,37.99,38.29,6118944
2007-02-23,38.42,39.32,38.24,38.76,6212536
2007-02-26,38.93,40.0,38.66,39.58,6127100
2007-02-27,39.6,40.39,39.39,39.5,5075886
2007-02-28,37.14,39.14,36.99,37.27,5669552
2007-03-01,37.54,38.27,37.15,37.99,3517624
2007-03-02,38.32,39.22,37.06,37.35,5773008
2007-03-05,37.17,37.17,34.97,35.43,4512451
2007-03-06,35.71,36.13,34.04,35.31,4535674
2007-03-07,35.56,36.02,34.12,34.8,3622990
2007-03-08,35.12,36.13,33.62,36.02,4187925
2007-03-09,36.21,37.06,35.54,36.53,5217434
2007-03-12,36.86,37.14,36.24,36.68,2195427
2007-03-13,36.8,37.77,36.8,37.46,2298822
2007-03-14,36.38,36.62,35.79,36.21,2476696
2007-03-15,36.63,37.43,36.28,36.49,1725900
2007-03-16,36.63,37.06,35.59,36.26,1664942
2007-03-19,36.55,36.71,36.1,36.21,1441127
2007-03-20,36.38,36.71,35.51,35.66,2136301
2007-03-21,36.63,36.63,35.63,36.23,2225785
2007-03-22,36.63,37.35,36.5,37.23,2370537
2007-03-23,37.89,37.89,36.76,36.91,1701495
2007-03-26,36.91,37.59,36.91,37.21,2553787
2007-03-28,37.14,37.86,36.81,37.17,2508889
2007-03-29,37.14,37.53,36.51,37.05,2763144
2007-03-30,37.23,37.98,36.85,37.87,3216514
2007-04-02,37.14,37.54,35.48,35.7,2643267
2007-04-03,36.0,36.49,35.72,36.31,1530246
2007-04-04,36.63,37.2,36.38,36.89,1765346
2007-04-05,36.89,39.58,36.89,39.2,7738840
2007-04-09,39.43,41.77,39.34,41.56,7109241
2007-04-10,41.86,42.27,41.38,41.74,7315112
2007-04-11,42.08,43.74,42.08,43.08,7762042
2007-04-12,43.28,43.62,41.65,41.78,5574555
2007-04-13,42.11,43.41,42.03,43.05,6806676
2007-04-16,43.76,45.22,43.46,45.01,8531307
2007-04-17,45.09,45.56,44.14,44.46,5335906
2007-04-18,42.95,43.74,39.78,43.08,13048370
2007-04-19,40.45,42.85,40.45,42.6,4077065
2007-04-20,39.08,45.18,39.08,44.92,6985308
2007-04-23,45.41,47.16,45.19,46.92,7022502
2007-04-24,46.91,49.35,46.53,48.83,10472216
2007-04-25,49.27,49.27,47.46,48.1,4758987
2007-04-26,48.43,48.76,46.92,47.2,3657959
2007-04-27,47.16,47.16,45.06,45.25,3122785
2007-04-30,44.97,46.49,44.64,46.27,3331541
2007-05-03,46.74,47.15,45.5,46.9,4253528
2007-05-04,47.16,47.71,46.44,46.61,2799281
2007-05-07,46.76,47.58,46.37,46.53,1885037
2007-05-08,46.6,47.58,46.36,46.6,2677111
2007-05-09,46.45,47.58,46.4,47.36,2453809
2007-05-10,47.58,49.27,47.58,48.54,6491056
2007-05-11,48.26,48.48,47.36,47.97,2556387
2007-05-14,48.43,50.12,48.43,49.85,3043011
2007-05-15,50.19,50.35,49.53,49.88,3063056
2007-05-16,50.06,50.17,49.12,49.61,2292806
2007-05-17,50.11,51.25,49.69,50.38,6790670
2007-05-18,50.09,50.24,49.07,49.81,2488240
2007-05-21,49.98,52.75,49.95,52.45,4900621
2007-05-22,50.75,53.63,50.75,52.95,2800372
2007-05-23,53.06,55.9,52.64,55.55,7692520
2007-05-24,54.74,55.07,52.89,53.2,4146603
2007-05-25,52.85,53.01,52.05,52.47,4090360
2007-05-28,56.16,56.16,52.64,52.76,1789873
2007-05-29,52.89,53.39,52.32,53.12,1682009
2007-05-30,56.39,56.39,52.55,52.79,3098434
2007-05-31,55.08,55.08,52.73,53.24,2532153
2007-06-01,53.49,54.38,53.28,53.49,1510897
2007-06-04,53.65,54.31,53.41,53.74,1451757
2007-06-05,53.65,54.48,53.65,54.04,1512556
2007-06-06,54.24,54.27,51.88,52.07,1300891
2007-06-07,51.37,52.7,50.96,51.79,2257680
2007-06-08,50.7,50.7,49.1,49.32,1852491
2007-06-11,50.03,50.06,48.56,48.85,1314819
2007-06-12,48.85,51.27,48.85,50.81,5562113
2007-06-13,50.81,51.63,49.99,50.27,4438253
2007-06-14,49.95,52.18,49.95,51.86,2390195
2007-06-15,51.81,52.21,50.19,50.57,1557738
2007-06-18,50.57,51.28,49.39,49.62,1517046
2007-06-19,49.52,51.96,49.27,51.55,1979019
2007-06-20,51.79,51.95,50.95,51.32,1227795
2007-06-21,51.35,51.92,50.99,51.36,1318555
2007-06-22,50.64,51.71,49.9,50.54,1079852
2007-06-25,50.51,50.85,49.96,50.54,921657
2007-06-26,50.45,51.44,50.34,50.88,1041852
2007-06-27,50.7,50.82,49.59,49.91,1302761
2007-06-28,49.86,50.48,49.53,49.98,1509871
2007-06-29,49.86,50.68,49.8,50.31,647081
2007-07-02,50.31,51.26,49.87,49.98,1081530
2007-07-03,50.03,51.02,49.77,50.59,1582258
2007-07-04,50.78,52.11,50.45,51.91,2343092
2007-07-05,52.26,53.06,51.75,52.9,3013889
2007-07-06,52.94,53.52,52.3,52.49,1649351
2007-07-09,52.8,53.23,52.39,52.76,1188353
2007-07-10,52.97,53.73,52.57,53.4,1864339
2007-07-11,53.06,55.67,52.8,55.2,3251857
2007-07-12,55.76,56.76,55.58,56.59,1808264
2007-07-13,56.59,58.91,56.59,58.6,2756256
2007-07-16,58.92,59.96,57.77,58.51,2354958
2007-07-17,58.46,59.12,56.77,57.36,1534674
2007-07-18,57.44,58.19,55.6,57.5,1694970
2007-07-19,57.77,58.35,57.15,57.48,1077220
2007-07-20,57.6,60.64,57.6,60.23,5039663
2007-07-23,59.96,61.19,59.79,60.72,3731188
2007-07-24,60.92,61.68,59.71,60.78,2897659
2007-07-25,60.68,61.12,59.14,59.74,2008380
2007-07-26,59.96,60.46,58.7,59.26,1330673
2007-07-27,58.53,58.72,54.42,54.88,2647070
2007-07-30,55.16,56.85,53.48,54.19,3217629
2007-07-31,54.48,55.57,54.09,55.27,1882199
2007-08-01,54.99,54.99,52.3,52.53,2568476
2007-08-02,53.31,54.31,52.48,53.87,1368203
2007-08-03,53.9,55.15,53.9,54.94,1232488
2007-08-06,51.88,55.16,51.88,54.69,1493719
2007-08-07,55.16,55.58,53.65,53.88,1643357
2007-08-08,55.25,55.25,54.11,54.78,1338493
2007-08-09,55.42,56.85,54.4,54.94,2638200
2007-08-10,53.76,53.98,52.64,53.47,2051724
2007-08-13,53.98,54.75,53.9,54.15,927271
2007-08-14,54.24,54.72,53.84,53.99,1047624
2007-08-16,50.66,52.42,48.19,48.46,6090989
2007-08-17,48.09,48.26,44.42,45.85,10466918
2007-08-20,46.49,48.4,46.49,47.95,2568656
2007-08-21,48.43,49.52,45.74,46.01,1914074
2007-08-22,46.32,48.34,45.48,47.95,2327368
2007-08-23,48.76,49.39,46.7,47.14,1872829
2007-08-24,47.33,49.49,47.16,49.09,1765788
2007-08-27,49.44,50.93,49.35,50.77,1727402
2007-08-28,50.99,51.74,50.13,51.02,1709142
2007-08-29,50.38,55.91,49.69,55.58,6742163
2007-08-30,56.43,57.27,55.08,55.36,5617462
2007-08-31,55.58,58.35,55.58,58.08,5599765
2007-09-03,58.11,59.16,57.86,58.24,3086144
2007-09-04,58.53,58.95,57.31,57.59,2671481
2007-09-05,57.94,58.62,56.96,57.44,3412589
2007-09-06,57.69,58.53,56.94,58.34,1852940
2007-09-07,58.53,59.37,57.7,57.97,2721782
2007-09-10,57.27,58.83,56.94,58.38,2314033
2007-09-11,58.58,59.93,58.54,59.69,4049142
2007-09-12,60.22,60.5,59.79,59.92,2695433
2007-09-13,60.13,60.46,59.22,59.5,1675930
2007-09-14,59.96,60.97,59.0,59.27,2401320
2007-09-17,59.37,60.21,59.13,59.43,1776458
2007-09-18,59.54,60.05,59.12,59.82,1330843
2007-09-19,60.75,62.91,60.72,62.74,3427211
2007-09-20,62.74,63.32,61.94,62.28,1829155
2007-09-21,62.15,63.16,62.08,62.36,1687274
2007-09-24,62.91,63.71,62.14,63.12,1500079
2007-09-25,62.99,64.29,61.74,62.66,2475682
2007-09-26,63.28,64.26,62.75,63.32,1875720
2007-09-27,63.16,68.22,63.16,66.95,7892302
2007-09-28,67.88,73.14,67.37,71.63,8769797
2007-10-01,72.01,72.33,70.25,70.87,3104776
2007-10-03,71.47,72.66,67.8,70.78,2279616
2007-10-04,70.83,73.8,69.91,72.85,3428560
2007-10-05,73.26,73.69,69.23,70.24,1851083
2007-10-08,70.57,71.48,65.27,66.49,2625055
2007-10-09,66.95,70.66,64.76,70.37,2596695
2007-10-10,70.94,72.17,70.71,71.42,1860542
2007-10-11,71.58,72.71,70.74,71.64,1600317
2007-10-12,71.16,74.97,70.34,71.61,2838912
2007-10-15,72.26,77.39,72.09,76.81,3677531
2007-10-16,76.64,77.82,74.97,76.48,2397012
2007-10-17,72.85,74.82,67.37,72.94,3314525
2007-10-18,73.77,76.3,68.3,70.33,2153814
2007-10-19,69.06,73.35,65.78,71.77,3400294
2007-10-22,68.3,73.18,68.3,70.53,1906068
2007-10-23,71.5,75.77,71.42,75.33,1932254
2007-10-24,76.22,78.07,75.39,77.16,2779337
2007-10-25,77.3,84.34,76.97,83.28,7826426
2007-10-26,83.99,88.26,81.38,83.19,5603304
2007-10-29,84.79,89.41,84.79,85.98,3865474
2007-10-30,86.22,87.13,85.05,85.93,2118733
2007-10-31,85.84,87.84,85.37,86.3,1689797
2007-11-01,88.13,88.5,83.17,84.38,2145499
2007-11-02,82.41,85.82,73.83,85.5,1331243
2007-11-05,85.27,85.75,83.37,83.76,1289769
2007-11-06,84.78,85.31,81.19,81.97,1057582
2007-11-07,81.97,83.83,81.47,82.17,810325
2007-11-08,81.93,82.03,80.03,80.79,795386
2007-11-09,81.94,81.94,78.12,79.46,218815
2007-11-12,77.93,78.41,75.41,77.55,2465328
2007-11-13,77.55,80.79,77.17,79.45,1524914
2007-11-14,81.2,82.88,81.08,81.75,1361319
2007-11-15,87.75,89.08,81.28,81.92,1845485
2007-11-16,81.94,81.94,75.84,80.36,1191583
2007-11-19,81.94,83.84,80.61,82.2,1144426
2007-11-20,82.24,84.6,80.98,81.87,2567339
2007-11-21,82.13,83.65,77.46,78.61,1654767
2007-11-22,85.74,85.74,74.77,77.94,1898299
2007-11-23,76.28,83.84,75.27,77.9,928139
2007-11-26,79.98,81.7,77.42,81.03,1699452
2007-11-27,80.98,82.21,80.16,80.88,1529111
2007-11-28,84.79,85.74,76.7,77.8,1524272
2007-11-29,79.27,80.74,75.27,76.05,2433464
2007-11-30,76.7,79.03,76.7,78.69,1034875
2007-12-03,79.08,80.51,78.89,80.24,859210
2007-12-04,80.41,83.56,80.41,83.14,2261968
2007-12-05,83.36,84.12,81.7,82.46,2103250
2007-12-06,83.36,83.78,80.37,80.81,928581
2007-12-07,81.55,82.32,78.72,79.27,1358842
2007-12-10,79.27,80.13,79.08,79.39,843385
2007-12-11,79.88,81.08,79.32,79.68,1543619
2007-12-12,79.59,82.6,78.65,82.39,4342798
2007-12-13,82.89,85.74,82.53,84.8,4198501
2007-12-14,85.22,86.59,83.18,83.56,3273229
2007-12-17,83.56,84.32,77.65,78.44,1635450
2007-12-18,80.5,80.5,77.5,77.86,2485043
2007-12-19,78.78,80.35,76.44,78.53,2281147
2007-12-20,79.07,79.64,78.22,78.53,1675021
2007-12-24,79.93,82.64,79.27,82.35,1833354
2007-12-26,83.4,85.55,82.74,85.06,1364603
2007-12-27,86.32,87.01,84.89,86.23,3096905
2007-12-28,82.95,89.22,82.95,88.73,2188341
2007-12-31,89.08,90.25,86.33,89.12,1530903
2008-01-01,89.46,91.18,88.5,88.82,1361086
2008-01-02,89.08,89.56,85.81,88.94,1518523
2008-01-03,89.46,89.46,87.42,88.24,1490285
2008-01-04,89.53,89.86,88.04,88.73,934639
2008-01-07,86.99,90.42,86.99,88.2,920093
2008-01-08,89.08,89.33,83.52,84.92,2172027
2008-01-09,84.32,86.45,83.45,85.16,1238918
2008-01-10,87.65,87.65,80.98,81.38,1391869
2008-01-11,81.38,82.48,79.22,81.3,1342909
2008-01-14,87.79,87.79,79.38,79.86,1622193
2008-01-15,81.84,82.31,79.65,81.18,1756904
2008-01-16,81.94,81.94,76.43,77.93,2950177
2008-01-17,79.03,79.03,76.7,77.24,3258587
2008-01-18,77.23,78.01,73.38,74.55,2109974
2008-01-21,74.03,74.31,59.64,68.75,3760292
2008-01-22,66.31,81.9,51.26,63.9,3592171
2008-01-23,67.64,68.97,65.26,66.55,2256263
2008-01-24,68.12,70.5,62.04,63.91,2540798
2008-01-25,66.69,68.5,64.31,68.13,1475137
2008-01-28,67.07,67.07,63.74,66.38,824341
2008-01-29,68.03,68.73,66.43,68.14,944953
2008-01-30,68.22,70.5,67.65,68.91,1350553
2008-01-31,69.17,71.02,66.02,70.37,2415898
2008-02-01,70.5,74.41,70.32,73.98,2181640
2008-02-04,74.03,77.83,74.03,76.42,2096828
2008-02-05,76.6,78.22,74.17,77.84,2395478
2008-02-06,75.27,77.93,74.91,76.11,1651451
2008-02-07,75.74,77.61,72.89,73.53,1684651
2008-02-08,74.5,74.5,70.66,71.58,1128932
2008-02-11,69.56,71.65,68.04,69.24,1047908
2008-02-12,69.74,71.36,66.88,67.67,1105270
2008-02-13,69.33,72.64,68.5,72.23,1814990
2008-02-14,74.22,75.33,73.27,74.16,1403948
2008-02-15,72.88,78.23,72.88,77.95,2298009
2008-02-18,78.54,80.6,77.01,78.24,2363911
2008-02-19,79.07,79.74,77.17,77.45,1370169
2008-02-20,72.89,77.84,72.89,73.59,1639871
2008-02-21,74.31,77.17,74.31,76.77,1753063
2008-02-22,75.52,77.89,75.52,76.67,2098032
2008-02-25,76.67,77.36,74.13,77.09,1733446
2008-02-26,77.17,78.19,76.43,77.13,1970091
2008-02-27,78.12,79.45,76.9,77.39,2088548
2008-02-28,77.97,78.98,76.89,78.53,1995391
2008-02-29,79.07,79.07,74.24,76.39,2751435
2008-03-03,74.8,76.57,72.79,73.64,1731783
2008-03-04,74.79,75.46,72.07,74.12,2314254
2008-03-05,74.69,76.57,74.14,76.14,1856575
2008-03-07,75.27,75.88,72.53,73.7,1774568
2008-03-10,72.88,78.03,70.91,77.41,2506501
2008-03-11,76.96,79.25,76.33,78.04,2469990
2008-03-12,78.6,79.08,72.5,73.25,2581548
2008-03-13,72.88,72.88,65.85,66.4,2953099
2008-03-14,67.17,69.41,66.69,68.13,2677120
2008-03-17,65.74,66.69,62.03,62.78,2269680
2008-03-18,61.94,64.21,60.02,60.88,2175626
2008-03-19,62.12,63.55,60.5,60.77,2259501
2008-03-24,61.93,61.93,54.64,56.32,2258818
2008-03-25,57.21,61.26,57.16,60.58,1825444
2008-03-26,60.98,63.68,59.51,62.66,2515490
2008-03-27,62.79,63.83,61.18,62.4,2466629
2008-03-28,62.87,69.07,62.87,68.23,3791341
2008-03-31,68.22,68.31,65.56,66.15,2085682
2008-04-01,66.6,66.88,62.77,63.97,1316660
2008-04-02,65.26,65.74,61.31,61.82,1831801
2008-04-03,61.93,63.64,60.84,62.9,1977956
2008-04-04,62.74,64.82,62.41,63.01,2773166
2008-04-07,63.45,65.26,61.47,64.84,1798596
2008-04-08,64.83,64.83,62.28,62.6,1560583
2008-04-09,63.07,65.17,62.24,64.68,2042987
2008-04-10,63.93,65.64,63.83,65.24,1519316
2008-04-11,65.62,66.95,64.05,66.05,2063905
2008-04-15,69.43,70.0,67.53,69.22,9564440
2008-04-16,69.98,70.94,68.73,69.12,10708460
2008-04-17,70.0,72.2,69.5,71.78,19698230
2008-04-21,73.0,77.9,72.22,77.63,27579870
2008-04-22,77.7,78.8,76.52,78.24,16845320
2008-04-23,77.45,80.37,75.62,79.75,32322830
2008-04-24,80.0,80.0,77.05,77.64,18992470
2008-04-25,77.57,80.59,77.02,80.38,19630620
2008-04-28,81.34,81.34,72.02,77.85,19534020
2008-04-29,78.3,82.0,77.9,81.04,31906230
2008-04-30,80.87,82.36,80.01,81.83,19415690
2008-05-02,82.1,82.7,79.2,79.74,14754820
2008-05-05,80.4,81.34,78.63,80.39,15352640
2008-05-06,79.3,82.44,79.3,81.86,22982220
2008-05-07,82.07,83.9,81.1,82.32,38831620
2008-05-08,82.8,84.94,80.1,84.49,33437770
2008-05-09,85.0,85.78,83.3,84.42,28757070
2008-05-12,83.7,84.7,80.48,84.28,20299970
2008-05-13,84.58,86.8,84.4,85.14,20028640
2008-05-14,84.24,89.34,84.24,88.61,33579670
2008-05-15,88.1,90.2,80.55,88.17,28557990
2008-05-16,88.2,89.49,87.15,89.12,18774030
2008-05-20,89.1,90.97,88.5,89.49,17265440
2008-05-21,89.1,92.55,88.4,92.2,30181210
2008-05-22,91.43,91.97,90.12,90.92,22632400
2008-05-23,90.33,91.7,89.05,89.71,27295970
2008-05-26,89.5,89.5,86.53,87.46,20970630
2008-05-27,88.23,88.9,85.36,86.7,15798210
2008-05-28,86.6,90.94,85.64,90.33,18610260
2008-05-29,90.8,92.28,89.0,89.61,31232150
2008-05-30,90.54,92.5,89.4,90.28,20675420
2008-06-02,90.6,91.6,86.4,86.9,16293410
2008-06-03,86.0,86.97,84.4,86.17,19868840
2008-06-04,86.7,87.58,81.01,81.38,34648000
2008-06-05,82.0,84.9,80.1,84.18,29581980
2008-06-06,85.3,85.68,81.63,82.42,21011920
2008-06-09,81.94,83.3,79.0,82.32,25464040
2008-06-10,83.25,83.25,80.5,82.02,19228390
2008-06-11,82.75,84.8,82.53,83.67,16082420
2008-06-12,83.1,86.0,80.77,85.58,22087160
2008-06-13,86.0,86.39,83.61,84.1,22175220
2008-06-16,84.98,86.5,84.52,84.9,12141340
2008-06-17,84.7,85.59,83.55,85.06,18996180
2008-06-18,85.3,86.09,81.81,82.25,15804550
2008-06-19,81.5,83.2,80.65,81.68,19839850
2008-06-20,82.5,82.5,77.15,77.74,19681880
2008-06-23,74.1,79.5,73.04,74.58,17984840
2008-06-24,74.57,75.97,69.13,71.11,20518470
2008-06-25,69.89,74.6,68.0,74.26,25545090
2008-06-26,74.5,76.39,73.09,75.65,31472480
2008-06-27,75.22,78.47,71.12,72.68,77068720
2008-06-30,72.32,74.4,71.51,72.89,33235350
2008-07-01,72.25,74.5,69.08,69.77,29133760
2008-07-02,71.5,75.0,67.35,74.08,37585820
2008-07-03,74.1,74.15,65.1,65.81,40829880
2008-07-04,65.6,66.71,62.64,64.04,45120610
2008-07-07,64.45,66.6,64.45,65.19,28993120
2008-07-08,64.5,66.2,63.0,65.19,18255150
2008-07-09,65.99,67.99,65.99,67.76,20308680
2008-07-10,68.11,70.79,67.0,69.89,25549060
2008-07-11,70.54,70.65,65.82,66.61,23066910
2008-07-14,64.6,69.99,64.6,68.34,21175480
2008-07-15,66.43,67.85,64.25,64.79,16568250
2008-07-16,65.6,66.29,61.72,62.53,27494660
2008-07-17,64.5,66.54,59.7,60.74,43900390
2008-07-18,60.02,61.1,58.1,59.26,37423810
2008-07-21,61.5,61.5,58.15,59.9,19985950
2008-07-22,61.49,63.64,59.03,62.56,42241840
2008-07-23,64.19,67.6,64.03,66.75,56051960
2008-07-24,67.0,68.0,61.96,63.09,48887520
2008-07-25,62.5,63.98,60.9,61.76,41053750
2008-07-28,61.45,62.4,60.21,60.4,22737720
2008-07-29,60.5,60.5,57.78,58.45,26601440
2008-07-30,59.5,63.45,59.5,63.02,40797340
2008-07-31,62.9,66.28,62.9,65.51,44366330
2008-08-01,65.24,68.39,64.5,67.99,42728490
2008-08-04,67.99,70.0,66.9,69.15,32663890
2008-08-05,69.5,69.8,65.51,67.59,65887380
2008-08-06,68.33,68.8,64.18,64.59,42467970
2008-08-07,64.6,66.59,63.61,64.46,40080580
2008-08-08,63.5,65.6,63.5,65.25,20488280
2008-08-11,65.6,66.57,64.21,64.48,20672630
2008-08-12,65.2,66.47,59.81,60.79,60620760
2008-08-13,60.49,62.48,60.0,61.04,32389370
2008-08-14,64.77,64.77,60.8,61.65,24782980
2008-08-18,61.7,62.1,59.9,60.28,21530650
2008-08-19,61.9,61.9,59.23,59.8,28630190
2008-08-20,60.3,61.6,60.2,60.57,24653830
2008-08-21,60.78,61.3,58.2,58.77,34341250
2008-08-22,59.5,59.74,57.84,59.38,58140670
2008-08-25,60.1,60.45,58.0,58.52,32481590
2008-08-26,58.4,58.4,57.03,57.78,31057000
2008-08-27,57.7,58.86,57.7,58.13,30681140
2008-08-28,58.9,58.9,56.72,57.2,32405440
2008-08-29,67.6,67.6,58.1,60.07,46569700
2008-09-01,59.8,59.8,57.7,58.42,21233890
2008-09-02,59.0,59.4,58.03,58.92,20642440
2008-09-04,58.5,59.1,57.8,58.28,12140550
2008-09-05,57.85,57.85,55.5,56.03,45255230
2008-09-08,57.48,57.94,56.72,56.9,19173620
2008-09-09,56.8,57.2,56.0,56.36,19479250
2008-09-10,56.05,56.58,53.0,53.52,44674050
2008-09-11,53.7,53.7,52.25,52.63,31308160
2008-09-12,54.0,54.0,52.05,52.37,26092660
2008-09-15,51.8,51.8,48.75,50.05,28896320
2008-09-16,48.8,48.9,47.6,48.65,29414510
2008-09-17,49.0,49.49,46.71,47.38,39995420
2008-09-18,46.41,46.74,43.87,45.98,63958770
2008-09-19,46.5,48.5,45.23,47.95,30796190
2008-09-22,48.98,50.34,47.92,49.4,30563480
2008-09-23,48.21,49.03,46.85,47.03,24433820
2008-09-24,47.0,48.8,47.0,48.6,19807830
2008-09-25,50.0,50.0,47.1,48.47,33463340
2008-09-26,48.0,48.49,45.81,46.19,19997910
2008-09-29,46.2,46.7,43.53,44.6,18511830
2008-09-30,44.0,44.2,41.26,42.72,43145950
2008-10-01,43.0,44.69,42.51,43.84,25473870
2008-10-03,43.84,43.84,39.01,39.3,57979270
2008-10-06,38.47,38.47,33.95,35.0,81525380
2008-10-07,40.0,40.0,34.06,35.78,56602930
2008-10-08,34.7,34.9,31.6,33.83,53479110
2008-10-10,31.74,31.97,28.01,28.74,60268790
2008-10-13,29.0,31.49,29.0,30.4,39691810
2008-10-14,31.85,32.85,30.18,30.5,38985300
2008-10-15,29.8,29.8,27.0,27.27,51337310
2008-10-16,25.9,28.47,25.0,26.91,59866890
2008-10-17,27.01,27.9,24.32,24.76,61535900
2008-10-20,25.5,26.94,24.6,25.21,66069510
2008-10-21,25.49,28.18,25.45,27.8,61864030
2008-10-22,26.69,27.45,23.81,24.51,48296800
2008-10-23,23.0,23.5,20.5,20.8,96502030
2008-10-24,20.1,20.4,17.32,17.8,95909610
2008-10-27,17.51,18.2,15.0,16.83,78417750
2008-10-28,18.0,19.2,17.5,18.25,19248240
2008-10-29,18.78,19.3,17.73,18.69,64628780
2008-10-31,19.22,21.49,19.22,20.98,79910940
2008-11-03,22.3,22.99,21.8,22.56,57405020
2008-11-04,22.45,24.55,21.56,23.97,77436980
2008-11-05,24.5,25.48,21.22,21.59,68594210
2008-11-06,20.9,20.9,18.34,18.61,118815860
2008-11-07,18.4,19.54,17.61,18.95,125109350
2008-11-10,19.21,21.64,19.21,21.43,103418000
2008-11-11,21.13,21.2,19.0,19.11,94720560
2008-11-12,19.0,19.34,18.01,18.51,100533030
2008-11-14,19.0,19.6,17.0,17.19,117184350
2008-11-17,17.36,17.69,15.73,16.63,130053860
2008-11-18,16.3,17.15,15.81,16.48,90291270
2008-11-19,16.8,17.29,16.0,16.19,90830380
2008-11-20,15.5,16.0,15.21,15.72,72980730
2008-11-21,15.6,16.45,15.13,15.97,91207560
2008-11-24,13.75,16.4,13.75,15.6,89454030
2008-11-25,16.3,16.3,14.96,15.07,65735020
2008-11-26,15.2,15.78,14.61,15.55,83918770
2008-11-28,15.16,15.39,14.81,15.14,64139850
2008-12-01,15.48,15.88,15.16,15.34,75412780
2008-12-02,15.0,15.04,14.65,14.88,35414080
2008-12-03,15.0,16.62,15.0,16.47,177300800
2008-12-04,16.5,19.33,16.2,18.72,129747530
2008-12-05,18.5,18.84,17.74,18.25,113589170
2008-12-08,18.76,20.5,18.76,19.6,161847260
2008-12-10,19.8,22.3,19.7,21.79,156619320
2008-12-11,22.06,22.59,20.86,21.77,127366720
2008-12-12,21.4,22.19,20.43,21.89,92806540
2008-12-15,22.3,23.74,22.2,22.72,98689640
2008-12-16,22.56,22.98,21.78,22.5,80246890
2008-12-17,23.29,23.29,21.46,21.94,81893890
2008-12-18,21.55,22.8,20.52,22.25,117461470
2008-12-19,22.2,23.44,22.09,22.91,83665980
2008-12-22,22.68,23.68,22.21,22.41,62664990
2008-12-23,22.27,22.59,21.44,22.15,58241090
2008-12-24,22.0,22.1,21.11,21.83,58396340
2008-12-26,21.9,22.59,21.0,21.2,58310150
2008-12-29,21.39,21.69,20.24,21.48,78804730
2008-12-30,21.6,22.06,21.16,21.51,54749320
2008-12-31,21.7,22.3,21.42,21.72,61902960
2009-01-01,21.8,22.97,21.8,22.87,51734960
2009-01-02,22.95,23.57,22.7,22.96,53158090
2009-01-05,23.28,24.8,23.26,24.56,75281280
2009-01-06,24.5,25.5,23.82,24.7,74855900
2009-01-07,25.01,26.07,23.0,23.38,100245400
2009-01-09,23.0,23.6,20.82,21.5,83909250
2009-01-12,21.28,21.65,19.84,20.01,70176460
2009-01-13,19.61,20.8,19.1,20.25,84304370
2009-01-14,20.7,21.57,20.55,21.31,50897100
2009-01-15,20.6,20.6,19.54,19.77,75386320
2009-01-16,20.0,20.8,19.16,20.41,92928320
2009-01-19,20.4,21.14,20.21,20.86,52120620
2009-01-20,20.41,20.44,19.3,19.51,82971890
2009-01-21,19.22,19.39,18.8,18.89,61971360
2009-01-22,19.29,19.4,17.72,17.93,74333740
2009-01-23,17.9,18.0,16.51,16.63,74242560
2009-01-27,17.0,17.66,16.9,17.19,63739630
2009-01-28,17.5,18.07,16.7,17.72,157803170
2009-01-29,17.7,18.65,17.7,18.37,119827160
2009-01-30,18.49,18.84,17.6,18.46,86063520
2009-02-02,18.29,18.3,17.11,17.25,47529970
2009-02-03,17.59,17.74,16.76,17.08,57249650
2009-02-04,17.2,18.1,17.2,17.95,68195390
2009-02-05,18.06,18.84,18.01,18.18,81870080
2009-02-06,18.4,18.78,18.2,18.65,40658680
2009-02-09,18.78,20.09,18.77,19.97,81033730
2009-02-10,19.95,20.39,19.43,19.69,95185290
2009-02-11,19.2,19.36,18.71,19.01,71453790
2009-02-12,18.85,19.3,18.44,18.56,54057260
2009-02-13,18.7,19.6,18.7,19.41,61529730
2009-02-16,19.06,19.69,18.3,18.41,61314780
2009-02-17,18.2,18.24,17.02,17.16,60066200
2009-02-18,17.09,17.5,16.81,17.08,62438640
2009-02-19,17.3,17.52,16.84,17.25,50085080
2009-02-20,17.0,17.17,16.61,16.81,41287120
2009-02-24,16.5,16.6,15.84,16.08,81725990
2009-02-25,16.8,16.8,15.97,16.24,49998310
2009-02-26,16.4,16.55,15.91,16.31,52286490
2009-02-27,16.35,17.53,15.61,17.28,145484910
2009-03-02,17.02,17.08,15.71,15.91,87736420
2009-03-03,15.95,16.24,15.41,15.53,72181900
2009-03-04,15.86,16.29,15.41,15.66,122735350
2009-03-05,16.29,16.29,15.06,15.18,100731140
2009-03-06,15.0,15.99,14.87,15.68,69144580
2009-03-09,15.51,15.91,15.11,15.24,58286020
2009-03-12,15.89,15.89,15.4,15.59,54528230
2009-03-13,15.97,16.77,15.8,16.7,90298020
2009-03-16,16.89,17.15,16.24,16.87,66561890
2009-03-17,17.49,17.55,16.7,16.86,83108220
2009-03-18,17.43,18.04,17.07,17.65,86438900
2009-03-19,17.78,18.15,16.97,17.3,88424840
2009-03-20,17.0,17.89,16.9,17.63,85451250
2009-03-23,18.18,19.59,17.84,19.44,129283310
2009-03-24,19.8,20.34,18.61,18.74,145272630
2009-03-25,18.78,19.69,18.18,19.48,149818250
2009-03-26,19.8,20.69,19.7,20.55,139293080
2009-03-27,20.64,22.73,20.6,22.32,188562450
2009-03-30,21.5,22.1,19.24,19.64,159682620
2009-03-31,19.9,21.2,19.57,20.59,164488520
2009-04-01,20.7,21.34,20.3,20.98,119163030
2009-04-02,21.5,23.04,21.45,22.51,136575410
2009-04-06,23.0,23.97,22.8,23.57,135308670
2009-04-08,22.51,24.55,22.11,24.31,121094970
2009-04-09,24.8,26.58,24.0,26.11,185609770
2009-04-13,26.81,28.95,26.6,28.32,176723470
2009-04-15,29.0,29.77,26.51,29.3,181339810
2009-04-16,29.9,29.9,26.5,26.91,190435800
2009-04-17,27.99,28.75,25.36,25.82,191263880
2009-04-20,26.4,26.86,25.61,26.26,118285890
2009-04-21,25.2,25.9,24.22,24.42,160887320
2009-04-22,23.81,25.77,23.73,24.09,114291740
2009-04-23,24.4,26.64,23.86,26.29,166240830
2009-04-24,26.42,27.2,25.66,26.11,152932200
2009-04-27,25.9,26.85,25.11,25.38,135827260
2009-04-28,25.52,25.74,23.2,23.44,119268300
2009-04-29,23.7,24.36,22.95,23.81,168595390
2009-05-04,24.5,26.44,24.4,26.32,125998070
2009-05-05,26.69,28.89,26.45,28.61,167639940
2009-05-06,28.7,28.95,26.82,27.07,138963010
2009-05-07,27.5,29.8,27.2,29.44,207811630
2009-05-08,29.97,30.29,28.01,28.24,182267850
2009-05-11,28.52,28.88,26.72,27.07,169873680
2009-05-12,26.71,27.75,25.81,27.55,149305880
2009-05-13,27.75,27.78,26.23,26.44,152414450
2009-05-14,25.8,26.88,25.14,26.45,143458390
2009-05-15,26.7,27.54,26.62,27.2,101000100
2009-05-18,32.0,32.5,30.1,31.83,660510
2009-05-19,33.0,35.1,30.0,32.95,227229050
2009-05-20,32.5,37.9,32.5,37.15,248932140
2009-05-21,36.6,38.76,35.72,36.56,180978950
2009-05-22,36.1,37.4,35.22,36.37,122791980
2009-05-25,36.35,37.67,36.15,36.88,80142570
2009-05-26,37.68,37.77,35.72,36.19,84282180
2009-05-27,37.3,37.88,36.62,37.35,86572490
2009-05-28,37.88,38.99,36.85,38.48,142159420
2009-05-29,38.99,41.27,38.5,40.53,121370520
2009-06-01,42.0,44.68,41.02,43.93,123925460
2009-06-02,44.49,48.38,43.6,47.45,176126340
2009-06-03,49.88,49.88,47.84,48.81,152992440
2009-06-04,48.7,48.7,46.27,47.06,112475920
2009-06-05,47.5,48.15,46.03,46.39,102707710
2009-06-08,46.8,47.0,40.92,41.65,139292550
2009-06-09,39.8,44.86,39.8,43.82,125642630
2009-06-10,44.98,46.38,43.39,43.93,113222260
2009-06-11,44.5,45.88,43.75,45.25,95385130
2009-06-12,45.92,47.2,45.23,45.78,141901250
2009-06-15,45.1,45.5,43.01,43.38,80631320
2009-06-16,42.4,45.58,41.01,45.07,133307130
2009-06-17,44.76,45.19,41.12,41.7,124380940
2009-06-18,41.5,42.04,37.93,38.83,160898380
2009-06-19,39.3,41.5,39.22,41.26,143415680
2009-06-22,42.0,42.19,40.03,40.28,106993710
2009-06-23,39.0,40.5,38.35,40.04,124485550
2009-06-24,40.28,40.94,39.22,40.7,88715810
2009-06-25,40.9,41.4,39.35,39.99,136039630
2009-06-26,40.0,40.3,38.01,38.85,174276230
2009-06-29,39.2,40.44,38.25,39.78,91110230
2009-06-30,40.0,41.19,38.67,39.06,129417180
2009-07-01,39.2,39.84,38.1,39.6,87540690
2009-07-02,40.5,42.87,39.75,42.04,171341630
2009-07-03,40.5,44.3,40.1,43.8,181430060
2009-07-06,43.2,43.67,39.1,39.65,129441490
2009-07-07,40.03,40.5,38.5,39.65,107607600
2009-07-08,38.91,39.3,36.0,36.25,128247370
2009-07-09,36.19,37.0,35.25,36.4,110993930
2009-07-10,36.98,37.64,34.38,35.29,97999150
2009-07-13,34.45,34.6,33.01,33.9,90854260
2009-07-14,34.6,36.0,34.43,35.78,71667410
2009-07-15,36.45,38.34,36.2,38.09,82836240
2009-07-16,39.99,40.38,37.9,38.42,170339300
2009-07-17,39.9,39.9,38.55,39.24,78222760
2009-07-20,39.87,40.1,38.7,39.12,96831990
2009-07-21,38.7,41.49,37.67,41.22,264188890
2009-07-22,41.3,42.44,39.45,39.94,196488250
2009-07-23,40.3,41.88,40.3,41.58,120628090
2009-07-24,42.0,44.5,41.91,44.25,148089720
2009-07-27,44.58,46.09,44.22,45.88,121029600
2009-07-28,46.25,47.48,44.87,47.12,145466610
2009-07-29,46.73,47.09,42.62,44.24,218292860
2009-07-30,43.5,45.7,42.14,45.22,194079420
2009-07-31,46.5,47.08,45.53,46.24,127561540
2009-08-03,46.51,48.7,46.5,48.52,110662830
2009-08-04,48.78,49.2,46.9,47.53,127991490
2009-08-05,47.7,48.15,46.28,47.33,109852060
2009-08-06,46.78,47.84,44.95,45.44,133541860
2009-08-07,44.69,46.35,44.51,45.65,170358010
2009-08-10,46.6,46.96,44.7,45.6,118168090
2009-08-11,45.6,46.7,44.96,46.31,95595710
2009-08-12,45.65,46.1,43.3,44.37,152074510
2009-08-13,45.0,47.2,44.98,47.03,104667940
2009-08-14,47.3,48.26,46.65,47.0,119087310
2009-08-17,45.1,46.37,43.61,43.8,93969750
2009-08-18,43.9,45.73,43.01,45.17,117711970
2009-08-19,45.2,45.6,43.0,43.38,102315790
2009-08-20,43.5,44.94,43.5,44.2,59807420
2009-08-21,44.2,44.77,43.41,44.5,70806550
2009-08-24,45.2,46.0,45.2,45.81,59995910
2009-08-25,45.2,46.54,45.03,45.78,77417970
2009-08-26,46.14,46.69,45.8,46.02,66786060
2009-08-27,45.7,45.8,42.5,43.57,170186920
2009-08-28,43.3,44.4,42.2,43.87,158331420
2009-08-31,43.0,43.79,41.87,42.42,139744910
2009-09-01,42.9,43.4,41.31,41.71,105605150
2009-09-02,41.2,42.1,40.75,41.51,105912650
2009-09-03,42.74,42.74,41.7,42.06,74077340
2009-09-04,42.18,43.23,42.02,43.03,86113960
2009-09-07,43.48,44.33,43.45,44.19,65810110
2009-09-08,44.88,46.5,44.43,45.65,132088640
2009-09-09,45.5,46.48,45.32,46.06,87766940
2009-09-10,46.79,47.5,46.13,46.99,113650360
2009-09-11,47.8,49.9,46.15,46.9,82652900
2009-09-14,46.58,48.07,46.55,47.89,91893860
2009-09-15,47.78,49.35,47.78,49.25,82761220
2009-09-16,50.0,53.39,49.65,53.01,192098210
2009-09-17,53.8,54.22,51.81,52.1,124480050
2009-09-18,51.52,53.38,51.5,51.78,111425700
2009-09-22,51.6,52.66,51.0,52.24,83994750
2009-09-23,52.3,53.09,51.81,52.06,75309230
2009-09-24,51.01,51.73,50.35,51.27,97684030
2009-09-25,50.8,51.43,49.34,49.84,111529010
2009-09-29,51.0,51.0,50.21,50.4,63587390
2009-09-30,50.3,51.48,50.3,50.95,55726300
2009-10-01,50.85,51.49,50.2,51.08,86581540
2009-10-05,50.31,50.78,49.44,49.7,70028100
2009-10-06,50.78,51.35,49.26,51.04,82244940
2009-10-07,51.7,52.66,51.16,51.69,86069530
2009-10-08,52.2,53.84,52.11,53.5,91980670
2009-10-09,53.97,54.53,52.9,53.26,99484480
2009-10-12,53.37,54.94,53.27,54.56,73298840
2009-10-14,54.9,57.57,54.9,57.13,88137340
2009-10-15,57.89,58.54,57.02,57.47,82026650
2009-10-16,57.37,57.45,56.23,56.67,53082940
2009-10-17,57.0,57.1,56.0,56.32,9020590
2009-10-20,56.83,58.07,56.55,57.52,59885970
2009-10-21,57.39,57.52,55.08,55.32,51251260
2009-10-22,55.2,55.6,53.93,54.24,63080230
2009-10-23,55.1,55.38,52.73,52.97,61005960
2009-10-26,52.9,55.33,52.66,53.98,68635780
2009-10-27,53.8,53.8,49.47,50.08,103403730
2009-10-28,50.0,50.37,47.73,48.13,125942060
2009-10-29,47.0,47.71,46.22,46.76,111296890
2009-10-30,48.0,49.3,46.5,47.15,68657100
2009-11-03,46.6,47.53,44.01,44.53,67510580
2009-11-04,45.7,47.2,43.32,46.9,123265380
2009-11-05,46.85,48.8,45.81,48.58,97705550
2009-11-06,49.34,50.7,49.0,49.98,83439620
2009-11-09,50.2,51.3,50.12,50.92,66785300
2009-11-10,51.49,51.67,50.0,50.47,76275650
2009-11-11,50.8,52.95,50.39,52.65,71161680
2009-11-12,52.4,52.4,50.73,51.2,91793380
2009-11-13,51.2,52.5,50.5,52.08,70096990
2009-11-16,52.62,54.42,52.62,53.65,72611890
2009-11-17,54.0,54.48,53.05,53.88,66088810
2009-11-18,54.2,55.07,52.51,54.74,96525940
2009-11-19,54.5,55.57,53.25,53.72,105710230
2009-11-20,53.2,55.5,52.4,55.3,92397640
2009-11-23,55.2,57.7,55.0,57.31,95414970
2009-11-24,57.8,57.9,55.58,55.87,107123900
2009-11-25,56.2,57.1,55.7,56.31,55274840
2009-11-26,56.4,56.79,52.83,54.37,179434040
2009-11-27,52.5,55.36,51.7,54.48,129314020
2009-11-30,55.0,58.2,53.17,57.92,142122730
2009-12-01,58.94,59.08,57.4,58.17,93863120
2009-12-02,58.6,59.14,57.22,57.48,86122460
2009-12-03,57.71,59.0,57.41,58.36,76357210
2009-12-04,57.6,58.4,57.17,57.6,73332450
2009-12-07,57.0,57.49,55.33,55.58,68066180
2009-12-08,55.0,57.09,55.0,56.82,78314370
2009-12-09,56.4,56.4,54.15,54.49,108372710
2009-12-10,55.0,55.65,54.12,54.9,89016500
2009-12-11,55.97,55.97,53.65,54.65,93602500
2009-12-14,54.65,55.3,53.92,54.45,65485750
2009-12-15,55.0,55.7,54.4,54.65,66289050
2009-12-16,54.7,56.03,54.27,55.77,91229020
2009-12-17,55.6,56.89,55.6,56.42,84552080
2009-12-18,56.2,57.25,55.88,56.33,81625410
2009-12-21,56.7,57.13,55.3,55.59,67948200
2009-12-22,56.8,58.04,55.85,57.72,75529690
2009-12-23,58.1,60.64,57.7,60.4,103878190
2009-12-24,60.83,61.83,59.8,61.56,97379470
2009-12-29,61.65,62.79,61.65,62.2,76393310
2009-12-30,62.0,62.67,61.26,61.48,73092650
2009-12-31,61.77,62.39,61.27,61.77,76674020
2010-01-04,62.2,63.65,61.69,63.38,55697570
2010-01-05,63.85,65.48,63.85,64.91,78019350
2010-01-06,66.0,66.0,63.7,64.21,73504350
2010-01-07,64.49,65.28,64.01,64.98,76357040
2010-01-08,65.1,66.15,64.09,64.85,81995860
2010-01-11,65.0,65.59,64.52,64.85,66407490
2010-01-12,64.15,64.88,62.38,62.56,68323870
2010-01-13,61.5,64.18,61.5,63.92,103150490
2010-01-14,64.47,65.12,64.15,64.77,66424440
2010-01-15,65.0,65.1,64.0,64.52,42925400
2010-01-18,64.2,64.2,63.08,63.75,59489300
2010-01-19,63.6,64.56,63.2,63.77,50156470
2010-01-20,63.8,65.74,63.8,65.37,79290390
2010-01-21,64.95,65.95,64.22,64.8,109169000
2010-01-22,64.11,64.11,61.7,62.45,87803400
2010-01-25,62.0,62.57,60.69,60.99,53286450
2010-01-27,59.99,60.57,55.33,55.97,109052330
2010-01-28,56.6,58.94,56.5,58.54,125828740
2010-01-29,57.8,58.1,55.17,56.91,115901240
2010-02-01,56.0,58.48,55.8,57.98,69172190
2010-02-02,58.5,59.46,57.07,57.33,91932080
2010-02-03,57.8,60.36,57.71,60.04,90264800
2010-02-04,59.6,59.6,57.4,57.77,69589820
2010-02-05,54.0,56.15,54.0,55.02,87894410
2010-02-06,55.5,56.3,55.12,55.9,8199420
2010-02-08,55.0,56.59,52.81,53.38,142639210
2010-02-09,53.1,54.22,53.0,53.35,73472980
2010-02-10,53.6,54.47,51.93,52.25,69277340
2010-02-11,52.48,53.83,52.48,53.4,64247820
2010-02-15,53.75,54.45,53.06,53.99,72614570
2010-02-16,54.2,55.2,54.01,55.01,64249000
2010-02-17,54.51,58.63,54.51,58.43,95881850
2010-02-18,58.4,58.7,57.01,57.72,48825150
2010-02-19,56.8,57.24,55.65,56.08,75751480
2010-02-22,56.8,58.04,56.7,57.28,57586090
2010-02-23,56.71,58.04,56.51,57.55,56952390
2010-02-24,57.2,57.48,56.35,56.73,51460930
2010-02-25,56.9,57.4,56.01,56.92,43661330
2010-02-26,57.0,59.23,56.4,57.43,54741520
2010-03-02,58.12,61.08,58.12,60.89,66727590
2010-03-03,61.0,61.73,60.43,60.82,62141070
2010-03-04,61.0,62.06,60.31,61.76,73083280
2010-03-05,62.0,62.75,61.6,61.81,46296610
2010-03-08,62.37,62.8,61.67,62.17,43797010
2010-03-09,62.0,62.23,61.1,61.47,37604660
2010-03-10,61.6,61.97,60.25,61.22,35347980
2010-03-11,61.2,61.5,60.24,60.83,33440420
2010-03-12,61.0,61.39,60.37,60.76,40034560
2010-03-15,60.52,61.69,60.42,61.01,33978540
2010-03-16,61.09,63.1,60.83,62.72,44625410
2010-03-17,53.6,64.35,53.6,63.21,57224220
2010-03-18,63.5,64.17,63.01,63.92,40704790
2010-03-19,64.05,64.55,63.63,64.43,34445270
2010-03-22,63.62,64.37,62.67,62.9,38466580
2010-03-23,63.2,64.03,62.86,63.8,37798330
2010-03-25,63.7,64.09,62.45,63.82,42842710
2010-03-26,64.0,65.0,63.63,64.41,36728330
2010-03-29,63.98,65.08,63.64,64.36,25539630
2010-03-30,64.5,65.0,63.21,63.48,30173090
2010-03-31,63.5,63.96,62.61,63.2,39437980
2010-04-01,63.6,65.4,63.52,65.22,42560330
2010-04-05,65.52,67.98,65.52,67.85,60197550
2010-04-06,68.15,69.49,67.3,68.76,58508790
2010-04-07,69.0,69.28,67.75,68.57,39085620
2010-04-08,68.0,73.9,66.82,67.13,38906520
2010-04-09,67.4,68.6,67.12,67.62,31580590
2010-04-12,67.8,68.84,67.05,68.43,41046030
2010-04-13,68.25,69.35,67.56,69.19,52116570
2010-04-15,69.59,70.13,67.81,68.61,52497370
2010-04-16,68.4,69.83,67.6,69.57,43181680
2010-04-19,68.27,68.8,66.25,66.98,63703320
2010-04-20,67.3,68.5,66.55,67.08,43874110
2010-04-21,67.31,67.98,66.57,66.89,31374850
2010-04-22,66.51,67.35,64.97,65.53,65514360
2010-04-23,65.6,66.27,64.31,64.83,63950520
2010-04-26,65.0,66.47,65.0,65.68,42366960
2010-04-27,65.51,65.77,64.64,64.75,36494760
2010-04-28,64.4,64.4,62.23,62.43,50975500
2010-04-29,62.8,64.06,62.63,63.27,52301050
2010-04-30,64.05,64.4,61.5,61.88,74743090
2010-05-03,61.0,61.78,60.4,60.7,54772070
2010-05-04,60.7,62.98,57.22,57.78,87121540
2010-05-05,57.0,57.74,55.57,57.31,117314790
2010-05-06,57.3,57.99,56.12,57.59,80535230
2010-05-07,56.0,56.9,55.25,55.83,70959540
2010-05-10,59.89,60.6,56.4,60.15,76520800
2010-05-11,60.5,60.88,57.9,58.2,91107210
2010-05-12,58.2,58.8,57.2,58.45,63879780
2010-05-13,58.5,59.37,57.15,57.51,55364960
2010-05-14,57.4,57.4,54.55,54.8,80987800
2010-05-17,53.26,54.08,52.3,53.63,109802670
2010-05-18,53.88,54.13,52.75,53.03,94043480
2010-05-19,52.5,52.95,51.03,51.25,108403520
2010-05-20,51.5,52.2,50.4,50.81,88593440
2010-05-21,49.75,51.3,48.73,50.92,123304680
2010-05-24,51.6,52.4,49.51,50.1,67396160
2010-05-25,49.5,49.5,47.42,47.67,109924610
2010-05-26,47.8,49.81,47.71,48.45,127867250
2010-05-27,48.3,49.74,47.35,49.24,185788670
2010-05-28,50.0,50.85,49.01,49.69,146242530
2010-05-31,49.69,50.28,48.63,50.07,91304210
2010-06-01,50.0,50.78,47.7,48.0,115207430
2010-06-02,48.5,48.69,47.64,48.43,99415610
2010-06-03,49.01,49.47,48.33,48.58,94584200
2010-06-04,48.45,49.0,47.85,48.53,82327690
2010-06-07,47.1,47.1,45.75,46.22,83454420
2010-06-08,46.42,46.69,44.91,45.14,90023010
2010-06-09,45.3,46.63,45.06,46.31,110857650
2010-06-10,46.88,47.34,45.77,47.15,77261860
2010-06-11,47.5,47.84,47.06,47.36,69511400
2010-06-14,47.61,48.64,47.56,48.42,53798990
2010-06-15,48.42,49.38,48.06,49.19,60090940
2010-06-16,49.51,49.8,48.38,48.56,66996820
2010-06-17,48.6,48.7,47.65,48.1,76883130
2010-06-18,48.26,48.64,47.12,47.38,60065020
2010-06-21,48.01,50.65,48.01,50.48,103557470
2010-06-22,50.8,50.8,49.23,49.4,72139460
2010-06-23,49.1,50.18,48.95,49.76,80726780
2010-06-24,49.8,50.65,49.5,49.84,89929190
2010-06-25,49.8,50.19,48.83,49.01,59924160
2010-06-28,49.03,50.17,49.03,50.01,41420000
2010-06-29,49.98,50.0,48.0,48.16,68075420
2010-06-30,47.01,48.75,47.01,48.56,59486590
2010-07-01,48.37,48.6,47.23,47.5,49688360
2010-07-02,47.51,48.1,47.12,47.5,53736110
2010-07-05,47.6,47.61,47.0,47.17,25360630
2010-07-06,47.3,48.2,46.81,48.04,52992860
2010-07-07,48.4,48.4,47.35,47.49,75735710
2010-07-08,48.4,48.89,47.81,48.48,53083830
2010-07-09,48.88,49.79,48.65,49.6,63797630
2010-07-12,49.5,50.6,49.15,49.78,77159480
2010-07-13,49.52,51.23,49.5,50.88,77720010
2010-07-14,51.5,51.95,50.4,50.59,67979800
2010-07-15,50.7,51.7,50.61,51.28,74996770
2010-07-16,51.4,51.8,50.7,50.88,40811440
2010-07-19,50.2,51.42,50.2,51.13,40539920
2010-07-20,51.5,51.94,50.53,50.94,51244700
2010-07-21,51.8,53.23,51.12,53.08,110852240
2010-07-22,53.0,54.24,52.23,54.08,106553230
2010-07-23,54.1,54.89,53.35,53.57,66958030
2010-07-26,53.62,54.1,46.0,53.24,45545480
2010-07-27,54.0,54.2,52.62,52.98,52880750
2010-07-28,53.01,53.94,52.92,53.26,48766980
2010-07-29,53.1,53.65,52.74,53.31,40288480
2010-07-30,53.0,54.38,53.0,53.7,56119810
2010-08-02,45.0,54.88,45.0,54.73,38624770
2010-08-03,55.0,55.13,54.32,54.7,42088800
2010-08-04,54.7,54.99,53.71,54.06,24978030
2010-08-05,54.45,54.7,53.7,53.83,27890590
2010-08-06,53.79,54.47,52.95,53.15,32677700
2010-08-09,53.4,54.2,53.12,54.01,25216320
2010-08-10,54.1,55.33,53.37,53.63,72746940
2010-08-11,53.8,54.78,51.87,52.03,83851390
2010-08-12,51.8,53.1,50.75,52.0,121273880
2010-08-13,54.0,54.0,52.38,52.72,78419410
2010-08-16,52.82,53.68,51.5,51.78,75488370
2010-08-17,51.88,52.38,51.12,51.36,72397740
2010-08-18,51.5,52.3,51.43,52.18,55827690
2010-08-19,52.18,52.95,51.84,52.23,46731380
2010-08-20,52.0,52.29,51.7,51.89,44283860
2010-08-23,52.0,52.68,51.97,52.15,44699050
2010-08-24,52.15,52.59,51.04,51.38,43718350
2010-08-25,51.1,51.3,49.3,49.7,91438330
2010-08-26,50.0,50.48,49.7,50.19,59448640
2010-08-27,50.5,52.2,50.2,51.01,94494920
2010-08-30,52.1,52.94,52.02,52.79,76365920
2010-08-31,52.41,52.77,51.56,52.27,72584940
2010-09-01,52.6,53.9,52.57,53.8,75987170
2010-09-02,54.2,54.7,54.01,54.4,59604220
2010-09-03,54.5,54.6,53.63,54.1,35720090
2010-09-06,54.4,57.77,54.31,57.57,158390670
2010-09-07,57.32,58.45,57.03,57.64,87737030
2010-09-08,57.2,58.65,56.79,58.06,81555780
2010-09-09,58.3,59.67,57.51,59.37,84888010
2010-09-13,59.9,60.67,59.54,60.15,75023950
2010-09-14,60.44,61.58,59.51,59.69,78262480
2010-09-15,60.0,60.98,59.84,60.37,72142570
2010-09-16,60.69,61.07,59.21,59.53,70294030
2010-09-17,59.73,61.42,59.73,60.48,98378400
2010-09-20,60.7,62.19,60.56,61.8,83361950
2010-09-21,62.02,62.38,61.05,61.53,68812030
2010-09-22,61.9,62.83,61.34,61.88,76458420
2010-09-23,62.1,62.45,61.2,62.35,67411470
2010-09-24,62.5,63.39,62.4,63.0,58549310
2010-09-27,63.55,64.95,63.42,64.59,71811560
2010-09-28,64.5,65.59,64.2,65.17,68584620
2010-09-29,65.02,66.47,65.02,65.31,71088460
2010-09-30,65.3,65.8,64.21,65.18,75797390
2010-10-01,65.35,67.43,65.35,66.78,80311260
2010-10-04,67.2,68.06,66.64,66.97,53180600
2010-10-05,67.2,67.75,66.62,66.83,39896130
2010-10-06,67.4,68.5,67.11,67.83,55499700
2010-10-07,68.0,68.2,64.71,64.97,77105730
2010-10-08,65.5,65.9,61.93,62.66,156577360
2010-10-11,64.47,64.47,63.13,64.01,46755990
2010-10-12,64.1,64.2,62.5,63.33,46045710
2010-10-13,63.66,64.0,63.15,63.78,70705010
2010-10-14,64.07,65.94,64.07,65.25,79995360
2010-10-15,64.56,65.86,63.11,63.58,45695400
2010-10-18,65.29,65.29,62.5,64.61,46629000
2010-10-19,65.0,65.25,63.05,63.32,46597770
2010-10-20,62.5,62.95,61.41,61.57,70349780
2010-10-21,61.9,63.18,61.78,62.84,46545630
2010-10-22,63.2,63.3,61.6,61.75,57410700
2010-10-25,62.44,63.08,61.91,62.03,55572030
2010-10-26,62.16,62.5,60.28,60.57,80828180
2010-10-27,60.23,61.69,60.19,61.49,69891130
2010-10-28,61.75,61.94,60.11,60.38,78311720
2010-10-29,60.51,60.55,58.1,58.94,73450440
2010-11-01,60.03,60.3,59.06,59.19,55110660
2010-11-02,59.45,60.17,58.8,59.9,60505900
2010-11-03,60.32,61.34,60.17,60.96,49922880
2010-11-04,61.75,62.26,61.51,62.15,42233250
2010-11-05,62.73,62.9,62.13,62.35,10788020
2010-11-08,62.6,63.87,62.08,63.32,57032520
2010-11-09,63.54,64.49,63.29,64.13,55765760
2010-11-10,64.19,64.75,63.6,63.74,34103660
2010-11-11,63.86,64.84,62.73,63.1,48959100
2010-11-12,62.86,63.08,60.35,60.7,68900230
2010-11-15,62.19,62.39,60.81,61.83,70867830
2010-11-16,62.09,62.4,59.44,60.6,88928720
2010-11-18,60.95,62.65,59.65,62.35,74279440
2010-11-19,62.39,62.43,60.13,60.6,59858690
2010-11-22,61.06,62.7,60.87,62.48,49067650
2010-11-23,61.6,62.28,60.28,61.22,58843310
2010-11-24,61.35,62.56,61.25,61.66,63687510
2010-11-25,62.04,62.36,60.01,60.27,58861940
2010-11-26,60.64,60.82,58.17,59.88,85517010
2010-11-29,60.02,60.5,58.58,59.18,57255830
2010-11-30,58.9,58.9,57.41,58.48,78291790
2010-12-01,58.79,61.48,58.7,61.35,62275030
2010-12-02,62.19,63.03,61.65,62.28,55411630
2010-12-03,62.35,62.48,60.64,61.45,44936470
2010-12-06,62.19,63.99,62.0,63.51,83584420
2010-12-07,63.94,64.43,63.31,63.93,68926100
2010-12-08,63.54,63.63,62.12,62.42,48427780
2010-12-09,62.85,63.0,60.01,60.45,59089340
2010-12-10,60.28,62.1,59.45,61.9,50804360
2010-12-13,62.0,63.4,61.68,63.1,52084150
2010-12-14,63.3,64.9,63.2,64.66,56979130
2010-12-15,64.49,65.27,63.67,64.28,58683710
2010-12-16,64.5,66.27,64.18,66.04,90043840
2010-12-20,65.41,67.18,65.33,66.64,64837620
2010-12-21,66.71,67.88,66.63,67.62,43297910
2010-12-22,67.73,68.27,66.68,67.29,62633930
2010-12-23,67.5,67.78,65.93,66.14,51264170
2010-12-24,65.98,67.57,65.5,67.28,39646600
2010-12-27,67.22,67.8,66.15,66.25,27959120
2010-12-28,66.5,66.97,66.27,66.5,21420950
2010-12-29,66.72,67.2,66.6,66.81,21848950
2010-12-30,67.06,67.66,67.0,67.28,35468590
2010-12-31,67.52,68.43,67.2,68.04,39866470
2011-01-03,68.52,70.75,68.51,70.4,66541830
2011-01-04,70.86,71.39,69.33,69.47,79418620
2011-01-05,69.65,69.67,67.72,68.1,49273140
2011-01-06,68.78,69.08,68.15,68.33,37968210
2011-01-07,68.45,68.8,65.62,66.13,58331370
2011-01-10,66.0,66.57,64.5,65.07,62483860
2011-01-11,64.9,66.04,64.08,64.65,58815490
2011-01-12,64.81,65.86,62.63,64.89,85401180
2011-01-13,65.18,65.6,63.5,63.76,68140630
2011-01-14,63.5,63.66,61.75,62.25,67740830
2011-01-17,61.72,62.8,61.32,62.57,50865540
2011-01-18,62.7,63.88,62.7,63.26,58595220
2011-01-19,63.39,64.45,63.31,63.96,57663700
2011-01-20,63.39,64.33,63.06,63.42,63703400
2011-01-21,63.03,63.5,62.7,62.95,36994470
2011-01-24,62.89,65.23,62.5,64.93,62397540
2011-01-25,65.04,66.45,65.03,65.53,59571370
2011-01-27,65.72,66.04,64.73,65.01,52772400
2011-01-28,64.7,65.45,63.02,63.75,46771430
2011-01-31,62.1,64.19,61.8,63.97,68473680
2011-02-01,63.75,64.28,62.71,63.17,63817900
2011-02-02,63.11,63.5,61.58,62.63,154004540
2011-02-03,62.57,64.09,62.57,63.81,54468150
2011-02-04,63.78,65.2,63.2,63.59,70091390
2011-02-07,63.97,64.55,63.41,64.04,52152020
2011-02-08,64.51,64.51,61.63,61.97,62964000
2011-02-09,61.89,62.07,59.52,59.92,82629060
2011-02-10,59.9,60.45,58.12,60.06,85978500
2011-02-11,60.2,60.29,57.51,59.53,88482310
2011-02-14,60.73,62.3,59.95,62.03,53321880
2011-02-15,62.4,62.7,61.2,61.66,58808970
2011-02-16,61.0,64.45,60.58,64.14,101903320
2011-02-17,64.4,65.7,64.15,65.51,61946710
2011-02-18,65.66,66.14,63.42,63.83,57292300
2011-02-21,64.14,64.14,62.23,63.75,52393820
2011-02-22,63.09,63.1,62.03,62.43,50216100
2011-02-23,62.29,73.7,61.45,62.7,44047260
2011-02-24,62.4,62.6,59.51,60.27,76267490
2011-02-25,60.81,61.14,59.12,60.68,77462020
2011-02-28,61.4,61.66,59.93,60.72,64546290
2011-03-01,61.12,63.58,60.92,63.45,54630870
2011-03-03,63.0,63.24,61.81,62.44,52107910
2011-03-04,63.02,63.32,61.62,61.82,40243820
2011-03-07,61.35,61.37,59.51,60.28,44843700
2011-03-08,60.7,61.86,60.31,61.6,42713520
2011-03-09,61.8,62.06,60.7,61.3,34937310
2011-03-10,61.1,61.1,59.52,59.65,62257530
2011-03-11,59.45,59.45,57.72,58.13,73050900
2011-03-14,58.21,60.28,58.21,60.11,53219000
2011-03-15,58.5,59.99,57.5,59.33,76698290
2011-03-16,59.65,60.75,59.65,59.95,52771320
2011-03-17,59.06,59.97,59.0,59.27,37545020
2011-03-18,59.9,60.35,59.31,59.72,42365940
2011-03-21,60.1,60.6,59.65,60.15,35179660
2011-03-22,60.5,61.05,60.32,60.48,29662040
2011-03-23,60.48,61.18,60.39,61.04,27670190
2011-03-24,61.5,61.64,60.57,60.98,33906290
2011-03-25,61.69,61.69,60.83,61.55,39614230
2011-03-28,61.47,62.02,61.01,61.34,28658390
2011-03-29,61.25,61.85,60.84,61.29,48180010
2011-03-30,61.6,62.3,61.47,61.58,33265170
2011-03-31,61.72,62.68,61.4,62.23,48778610
2011-04-01,62.3,63.0,62.03,62.66,25070740
2011-04-04,62.71,63.42,62.57,63.12,22211780
2011-04-05,63.36,63.79,62.33,63.52,31423740
2011-04-06,63.6,64.06,63.12,63.44,25261910
2011-04-07,63.6,64.2,63.4,63.83,25014340
2011-04-08,63.85,64.19,62.57,62.98,22438400
2011-04-11,62.9,63.49,62.31,62.5,19552560
2011-04-13,62.15,64.0,61.94,63.64,20958360
2011-04-15,63.44,63.8,62.82,63.06,24900980
2011-04-18,63.19,63.63,60.95,61.21,33644940
2011-04-19,60.8,61.7,60.51,60.94,31807180
2011-04-20,61.6,62.65,61.58,62.45,26745200
2011-04-21,62.83,63.3,62.65,63.01,21844630
2011-04-25,62.98,63.47,62.53,62.67,22082100
2011-04-26,62.8,62.9,61.56,62.74,26615210
2011-04-27,63.0,63.29,61.9,62.01,21978690
2011-04-28,62.31,62.43,61.2,61.35,29117650
2011-04-29,61.41,61.94,61.05,61.65,18817430
2011-05-02,61.6,61.9,60.7,61.47,20627580
2011-05-03,61.26,61.48,60.0,60.33,24075900
2011-05-04,60.12,60.4,58.82,58.98,38390200
2011-05-05,59.0,59.43,58.1,58.31,24143780
2011-05-06,58.47,59.65,58.3,59.45,24723040
2011-05-09,59.8,60.08,59.01,59.51,19433960
2011-05-10,59.4,59.67,58.3,58.84,27853460
2011-05-11,59.0,59.74,58.85,59.42,20087330
2011-05-12,59.2,59.3,58.31,58.47,24984550
2011-05-13,58.61,60.2,58.48,59.4,25096690
2011-05-16,59.3,59.3,57.64,57.78,27482590
2011-05-17,58.02,58.5,56.67,57.4,33237910
2011-05-18,57.6,57.89,56.63,57.17,25308190
2011-05-19,56.9,57.48,56.07,56.28,29801770
2011-05-20,56.47,58.37,56.3,57.95,31841650
2011-05-23,57.45,57.45,55.76,55.94,23387730
2011-05-24,55.73,56.89,55.35,56.65,48842220
2011-05-25,56.77,57.03,55.83,56.12,44162650
2011-05-26,57.5,57.99,56.6,57.42,62084480
2011-05-27,57.8,58.84,56.57,58.52,48538210
2011-05-30,58.69,58.69,57.71,57.93,23962110
2011-05-31,58.55,59.0,57.93,58.9,26649020
2011-06-01,59.2,59.75,58.01,58.23,46625090
2011-06-02,57.7,57.7,57.15,57.49,21342210
2011-06-03,57.73,58.33,57.1,57.33,24299210
2011-06-06,57.3,57.3,56.43,56.79,27563400
2011-06-07,56.7,58.0,56.6,57.8,20985760
2011-06-08,57.51,58.13,57.45,57.77,25008980
2011-06-09,57.7,58.17,57.44,57.7,23456360
2011-06-10,57.75,57.88,56.62,56.95,35116650
2011-06-13,56.8,56.8,56.06,56.3,48271550
2011-06-14,56.6,56.7,55.85,56.1,32387310
2011-06-15,56.2,56.63,56.03,56.14,28759610
2011-06-16,55.87,56.21,55.14,55.33,40477080
2011-06-17,56.4,57.53,56.3,57.31,42740310
2011-06-20,57.46,57.5,54.85,56.12,34323120
2011-06-21,56.59,56.85,55.67,55.82,26876600
2011-06-22,56.13,56.5,55.63,55.81,23751040
2011-06-23,55.97,56.19,55.33,55.65,20468480
2011-06-24,56.09,58.03,55.92,57.9,30399890
2011-06-27,57.64,59.35,57.48,58.93,40789240
2011-06-28,59.1,59.25,58.3,58.73,23208230
2011-06-29,58.97,60.28,58.9,60.16,28350590
2011-06-30,60.5,61.25,60.3,61.03,37011400
2011-07-01,61.67,61.67,59.57,60.23,24877040
2011-07-04,59.78,59.88,59.01,59.75,18732730
2011-07-05,59.99,60.69,59.42,59.74,29638050
2011-07-06,59.75,60.29,59.39,59.78,20825190
2011-07-07,59.9,60.8,59.85,60.67,29194210
2011-07-08,60.6,60.6,59.21,59.49,40507860
2011-07-11,59.55,59.58,58.6,58.78,18159340
2011-07-12,58.07,58.5,57.0,57.2,44319510
2011-07-13,57.7,57.93,57.02,57.5,40319150
2011-07-14,57.38,58.36,57.1,57.65,25294570
2011-07-15,57.8,58.13,56.9,57.3,21603530
2011-07-18,57.35,57.7,57.03,57.16,19032230
2011-07-19,57.2,57.83,56.88,57.64,25571310
2011-07-20,57.9,58.17,57.4,57.55,24218670
2011-07-21,57.55,57.83,57.18,57.33,11943810
2011-07-22,58.0,58.64,57.57,58.42,23096840
2011-07-25,58.0,59.5,57.9,59.13,25551060
2011-07-26,59.27,59.57,58.06,58.33,21531620
2011-07-27,58.3,59.08,57.65,57.98,25285500
2011-07-28,57.5,57.89,56.62,56.87,26643110
2011-07-29,57.0,57.2,56.24,56.4,22547470
2011-08-01,57.08,57.6,56.28,57.38,24035570
2011-08-02,57.1,57.34,56.15,56.44,20402350
2011-08-03,55.99,56.55,55.6,56.33,23507460
2011-08-04,56.6,56.8,55.42,55.78,24559410
2011-08-05,54.65,54.65,52.7,53.3,49243210
2011-08-08,51.99,51.99,50.3,50.91,55263510
2011-08-09,49.5,50.49,47.78,48.51,88473370
2011-08-10,50.31,50.5,48.06,48.5,59736000
2011-08-11,48.15,49.0,48.01,48.44,32417090
2011-08-12,48.99,48.99,47.1,47.5,68860510
2011-08-16,48.0,48.19,46.63,46.9,42183140
2011-08-17,47.03,47.47,46.06,47.29,39778090
2011-08-18,47.26,47.26,45.86,46.26,30312790
2011-08-19,45.4,46.8,45.0,45.94,42635780
2011-08-22,46.14,47.24,45.61,47.0,26343790
2011-08-23,47.3,47.83,46.41,47.55,26807820
2011-08-24,47.4,47.99,45.22,45.45,54896310
2011-08-25,45.67,46.1,44.1,44.37,97483700
2011-08-26,44.19,44.48,41.83,42.23,49406870
2011-08-29,42.89,45.0,42.67,44.74,51914200
2011-08-30,45.5,47.29,45.5,46.85,75605140
2011-09-02,47.0,49.27,46.1,49.01,74658530
2011-09-05,48.6,49.6,48.02,49.47,61262030
2011-09-06,49.0,49.76,47.81,49.55,47959620
2011-09-07,49.5,50.35,49.49,49.85,32198880
2011-09-08,49.98,50.2,48.9,49.14,33524010
2011-09-09,49.0,49.08,47.51,47.69,45846230
2011-09-12,46.92,47.0,45.22,45.49,60871140
2011-09-13,46.04,46.78,45.08,45.74,42309910
2011-09-14,46.0,47.36,45.41,46.95,34557060
2011-09-15,47.5,47.7,46.01,46.56,55773740
2011-09-16,47.04,47.45,45.71,46.09,73485560
2011-09-19,45.89,45.89,45.16,45.38,25276680
2011-09-20,45.38,46.26,45.22,46.11,34185960
2011-09-21,46.24,46.24,45.51,45.85,23026600
2011-09-22,45.1,45.1,44.0,44.24,44346180
2011-09-23,43.76,43.83,42.51,43.28,53748810
2011-09-26,43.2,43.97,42.02,43.55,38521370
2011-09-27,44.16,44.54,43.55,43.9,39418320
2011-09-28,44.2,44.4,42.56,42.74,34872910
2011-09-29,42.4,43.8,41.7,43.38,54364030
2011-09-30,43.06,43.28,41.42,41.53,52035850
2011-10-03,40.88,40.88,39.28,39.47,50505760
2011-10-04,39.39,40.54,39.03,39.76,47387850
2011-10-05,40.08,40.68,39.8,40.06,42201590
2011-10-07,41.35,42.14,41.06,41.97,43941070
2011-10-10,41.97,43.64,41.67,43.5,53010400
2011-10-11,43.98,44.33,43.07,43.35,48981880
2011-10-12,43.5,44.5,43.37,44.41,32024490
2011-10-13,44.56,45.74,44.16,45.34,47336670
2011-10-14,45.0,45.1,43.42,43.78,43788860
2011-10-17,44.1,44.34,43.34,44.01,27910860
2011-10-18,43.03,43.48,42.31,42.92,33765220
2011-10-19,43.17,43.74,42.95,43.4,23703630
2011-10-20,42.94,44.39,42.35,44.16,56575980
2011-10-21,44.36,44.5,43.1,43.3,33292040
2011-10-24,43.91,44.4,43.48,43.65,24784580
2011-10-25,43.98,45.59,43.7,45.2,49358300
2011-10-26,45.4,45.5,44.9,45.13,6490450
2011-10-28,46.8,49.17,46.71,48.37,54381560
2011-10-31,48.0,48.87,47.51,48.28,49245350
2011-11-01,47.7,48.05,46.56,47.2,30033390
2011-11-02,46.35,47.25,45.91,46.78,37155730
2011-11-03,46.53,46.98,45.53,46.17,38724340
2011-11-04,46.76,47.63,46.51,46.72,43185700
2011-11-08,47.03,47.2,46.4,46.74,21521060
2011-11-09,47.08,47.53,44.41,44.76,59271400
2011-11-11,42.99,43.39,42.31,42.99,60985110
2011-11-14,43.5,43.8,40.95,41.25,51025200
2011-11-15,41.35,41.5,39.61,40.05,81125220
2011-11-16,40.01,41.74,39.37,40.6,78573180
2011-11-17,40.69,41.55,39.8,40.01,55155580
2011-11-18,39.83,39.83,38.51,39.14,60777290
2011-11-21,38.89,39.13,37.69,37.97,48982950
2011-11-22,38.25,39.95,38.06,39.17,62502970
2011-11-23,38.79,38.84,37.76,38.26,50089190
2011-11-24,38.1,38.9,36.7,38.56,71363000
2011-11-25,37.97,38.1,37.22,37.5,48470820
2011-11-28,37.88,38.91,37.8,38.7,47151720
2011-11-29,38.9,39.8,38.41,38.72,54430310
2011-11-30,38.4,38.85,38.15,38.52,34832420
2011-12-01,40.14,41.02,39.8,40.26,72662370
2011-12-02,40.0,42.28,39.71,41.91,69938530
2011-12-05,41.68,41.74,40.9,41.12,45952230
2011-12-07,41.28,42.1,40.9,41.76,47109040
2011-12-08,41.39,41.69,40.2,40.4,37651820
2011-12-09,39.5,40.44,39.1,39.76,46738690
2011-12-12,40.28,40.55,38.4,38.55,37018810
2011-12-13,38.1,39.5,37.32,39.26,65456110
2011-12-14,39.2,39.25,37.45,37.58,55058600
2011-12-15,37.01,37.99,36.74,37.53,58374070
2011-12-16,37.8,38.18,36.25,36.5,50532310
2011-12-19,36.4,36.5,35.4,36.36,41540960
2011-12-20,36.53,36.65,34.06,34.28,65368260
2011-12-21,35.2,35.34,34.13,34.95,84152590
2011-12-22,34.7,35.7,34.17,35.39,71675540
2011-12-23,35.59,35.86,34.5,34.73,65543970
2011-12-26,34.95,35.97,34.81,35.76,45535180
2011-12-27,35.8,35.94,34.72,34.92,31063430
2011-12-28,34.76,35.07,34.3,34.69,32363260
2011-12-29,34.49,34.88,34.11,34.19,48505490
2011-12-30,34.45,34.69,33.4,33.53,41287240
2012-01-02,33.79,34.6,33.21,34.11,38458600
2012-01-03,34.5,36.38,34.42,36.19,58231470
2012-01-04,36.4,36.75,35.63,36.4,54512630
2012-01-05,36.5,37.15,35.94,36.26,41743820
2012-01-06,35.9,36.78,35.02,36.37,45531740
2012-01-07,36.4,36.4,36.1,36.28,2692070
2012-01-09,36.25,36.58,35.45,36.17,38589640
2012-01-10,36.12,37.34,36.12,37.17,52187940
2012-01-11,37.37,38.44,37.13,38.3,56217210
2012-01-12,38.3,39.25,38.08,38.89,48437560
2012-01-13,39.2,42.49,39.19,41.57,121721100
2012-01-16,41.25,42.94,40.82,42.17,79488670
2012-01-17,42.35,44.84,42.31,44.28,82044470
2012-01-18,44.36,44.51,42.14,42.49,72764680
2012-01-19,43.0,44.19,43.0,43.59,65383050
2012-01-20,43.8,44.45,43.05,43.65,59115150
2012-01-23,43.5,43.8,42.31,42.65,45099580
2012-01-24,42.8,44.0,42.17,43.24,58011660
2012-01-25,43.5,44.69,43.4,44.49,73743230
2012-01-27,45.0,46.26,44.75,45.88,57808140
2012-01-30,45.6,45.64,43.7,44.23,46504230
2012-01-31,44.48,45.35,43.21,45.08,66035560
2012-02-01,45.2,47.4,45.09,47.1,82084900
2012-02-02,47.6,48.08,46.43,47.59,79927970
2012-02-03,47.4,47.4,46.02,46.75,58858410
2012-02-06,47.47,47.8,46.31,46.73,52217530
2012-02-07,47.0,47.2,44.92,45.14,74935790
2012-02-08,45.4,46.18,44.24,45.06,95811040
2012-02-09,44.79,45.44,44.0,45.22,93259470
2012-02-10,43.4,47.84,43.26,47.51,209279270
2012-02-13,47.6,48.89,46.65,48.52,65175840
2012-02-14,48.3,49.18,48.14,48.8,61953200
2012-02-15,49.1,49.67,48.7,49.51,64712270
2012-02-16,49.17,49.32,47.47,47.91,53918630
2012-02-17,48.4,48.9,47.05,47.8,57333020
2012-02-21,48.02,50.1,48.02,49.15,76549970
2012-02-22,49.26,49.68,46.8,47.05,45065170
2012-02-23,47.0,47.89,46.04,47.14,67017850
2012-02-24,47.31,48.09,46.64,47.55,59765610
2012-02-27,47.8,47.8,43.86,44.24,66436780
2012-02-28,44.67,46.2,44.64,45.98,51899030
2012-02-29,46.5,47.52,45.93,47.26,55386650
2012-03-01,47.19,47.19,45.66,46.28,50107460
2012-03-02,46.59,47.25,46.03,46.59,37706190
2012-03-03,46.76,46.95,46.6,46.76,2601630
2012-03-05,46.5,46.5,44.86,45.07,34873380
2012-03-06,44.89,45.7,42.25,42.5,73195310
2012-03-07,42.21,42.98,41.6,42.38,75455960
2012-03-09,43.2,45.75,43.2,45.52,65350820
2012-03-12,46.01,46.33,44.94,45.64,46447950
2012-03-13,45.95,46.98,45.95,46.81,40562660
2012-03-14,47.5,47.58,45.87,46.09,57326460
2012-03-15,46.15,46.69,45.5,46.28,49597100
2012-03-16,46.3,47.39,44.99,45.46,56106380
2012-03-19,45.5,46.35,44.62,44.82,33551940
2012-03-20,44.9,45.7,44.51,45.48,44068750
2012-03-21,45.28,47.42,44.81,47.24,49881330
2012-03-22,46.95,47.57,44.7,44.99,68443730
2012-03-23,44.92,45.54,44.28,44.85,47166150
2012-03-26,44.81,45.16,43.8,44.01,44418880
2012-03-27,44.99,45.06,43.86,44.7,48837420
2012-03-28,44.49,45.79,44.14,45.51,51063450
2012-03-29,45.01,45.5,44.54,45.31,40824480
2012-03-30,45.37,47.47,45.32,47.17,49570660
2012-04-02,47.09,47.73,46.71,47.17,32779780
2012-04-03,47.56,48.23,47.42,47.82,41992300
2012-04-04,47.44,47.92,47.13,47.56,31227880
2012-04-09,47.24,47.24,45.58,45.98,26794450
2012-04-10,45.95,46.0,44.94,45.28,43690890
2012-04-11,44.83,45.48,44.36,44.64,42017650
2012-04-12,45.06,45.64,44.81,45.33,30964970
2012-04-13,45.8,46.25,44.7,44.98,31060580
2012-04-16,44.73,45.69,44.5,45.51,26040870
2012-04-17,46.49,46.49,45.14,46.15,28843470
2012-04-18,46.45,47.15,46.28,46.52,40289560
2012-04-19,46.67,46.97,46.15,46.72,27819130
2012-04-20,46.56,47.45,46.4,47.03,38504810
2012-04-23,47.0,47.93,45.97,46.28,47855380
2012-04-24,46.4,47.34,46.01,47.03,23455320
2012-04-25,47.2,47.53,45.93,46.55,30573980
2012-04-26,46.6,47.45,46.35,46.68,39164570
2012-04-27,46.67,46.87,45.44,46.12,25670610
2012-04-28,46.22,46.48,46.15,46.33,1615470
2012-04-30,46.25,46.93,46.02,46.37,26973850
2012-05-02,46.5,46.94,46.01,46.19,16547640
2012-05-03,45.9,45.98,44.6,44.81,31629300
2012-05-04,44.41,44.6,42.87,43.25,42052000
2012-05-07,42.22,44.39,42.11,44.16,39977650
2012-05-08,44.45,44.47,42.4,42.72,33299110
2012-05-09,42.16,43.24,41.42,41.75,41635400
2012-05-10,41.8,42.5,41.33,41.56,38554270
2012-05-11,41.2,41.99,40.9,41.2,35060170
2012-05-14,41.05,41.74,40.2,40.82,32509880
2012-05-15,40.53,42.0,40.43,41.81,38901010
2012-05-16,41.1,41.14,39.85,40.06,51104470
2012-05-17,40.34,40.98,40.2,40.59,39118700
2012-05-18,39.71,40.2,39.0,40.0,61981910
2012-05-21,39.41,40.64,38.87,40.28,95886190
2012-05-22,40.74,40.99,39.69,39.93,41571700
2012-05-23,39.7,40.14,39.44,39.63,34457610
2012-05-24,39.87,40.25,39.14,39.87,36181220
2012-05-25,39.76,41.05,39.6,40.86,40005380
2012-05-28,40.9,41.55,40.8,41.19,31825220
2012-05-29,41.31,41.9,41.05,41.58,32290930
2012-05-30,41.2,41.46,40.76,41.03,24206690
2012-05-31,40.56,40.78,39.91,40.37,42180520
2012-06-01,40.4,40.74,39.51,39.79,30718350
2012-06-04,39.3,40.62,38.91,40.4,31809710
2012-06-05,40.6,40.89,39.63,39.8,23896210
2012-06-06,40.2,41.15,40.2,41.0,29523140
2012-06-07,41.5,41.99,41.0,41.11,38367250
2012-06-08,41.19,41.63,40.55,41.04,34497170
2012-06-11,41.6,41.9,40.67,40.99,27712230
2012-06-12,40.7,41.44,40.53,41.29,30096310
2012-06-13,41.47,41.65,41.03,41.2,29282150
2012-06-14,41.2,41.67,40.6,40.7,28861270
2012-06-15,40.81,41.59,40.72,41.45,25344820
2012-06-18,41.9,42.52,41.36,41.98,54158120
2012-06-19,42.1,42.5,41.53,42.03,37748660
2012-06-20,42.39,42.94,42.11,42.68,38759620
2012-06-21,42.44,43.2,42.28,43.01,29055680
2012-06-22,42.49,42.69,41.65,41.86,39312150
2012-06-25,42.0,42.47,41.15,41.47,25146480
2012-06-26,41.2,41.25,40.55,41.05,42183340
2012-06-27,41.21,42.2,41.21,42.07,32725990
2012-06-28,42.11,43.1,42.01,42.9,49354310
2012-06-29,43.45,44.4,43.25,44.15,43696460
2012-07-02,44.4,45.45,44.17,44.7,40491420
2012-07-03,44.8,45.08,44.2,44.64,24388690
2012-07-04,44.8,45.56,44.71,45.18,31277820
2012-07-05,45.14,45.38,44.85,45.16,20895400
2012-07-06,45.1,45.12,44.35,44.83,18976600
2012-07-09,44.5,44.5,43.52,43.76,20836230
2012-07-10,43.7,44.18,43.26,43.88,37759960
2012-07-11,43.7,44.34,43.51,43.6,30465210
2012-07-12,43.48,43.65,42.7,42.85,35170930
2012-07-13,43.0,43.3,42.41,42.5,33171950
2012-07-16,41.75,41.87,40.62,40.8,40117990
2012-07-17,41.1,41.37,40.49,40.58,33943720
2012-07-18,40.5,41.38,40.43,41.17,33576950
2012-07-19,41.6,41.69,41.28,41.45,26926900
2012-07-20,41.15,41.79,41.15,41.6,23381930
2012-07-23,41.2,41.24,39.8,39.95,29285110
2012-07-24,39.94,40.25,39.39,39.69,33332550
2012-07-25,39.6,39.78,38.57,38.65,51455420
2012-07-26,38.81,39.1,38.2,38.4,74466180
2012-07-27,39.0,40.28,38.97,39.92,51066580
2012-07-30,40.4,41.16,40.23,41.03,34442320
2012-07-31,41.13,41.67,40.1,41.45,40446250
2012-08-01,41.5,41.68,40.8,40.95,29945080
2012-08-02,40.91,41.03,40.26,40.6,31413580
2012-08-03,40.23,40.23,39.25,39.7,41088240
2012-08-06,40.4,40.88,40.13,40.43,30273150
2012-08-07,40.6,40.92,40.35,40.62,27093990
2012-08-08,40.79,41.48,40.66,40.81,45251590
2012-08-09,40.59,40.99,40.23,40.63,42256620
2012-08-10,40.51,40.69,39.86,40.01,30062650
2012-08-13,40.1,40.12,39.15,39.55,42067180
2012-08-14,39.0,40.69,38.86,40.61,65864380
2012-08-16,40.61,40.94,39.72,39.83,43314430
2012-08-17,39.92,40.19,39.2,39.48,45032950
2012-08-21,39.5,39.75,38.7,39.21,56202900
2012-08-22,39.21,39.65,38.92,39.26,37903020
2012-08-23,39.59,40.34,39.5,39.85,48189770
2012-08-24,39.6,39.61,38.58,38.78,53944510
2012-08-27,39.05,39.14,38.45,38.56,33452380
2012-08-28,38.94,38.94,37.31,37.82,46107780
2012-08-29,37.55,37.92,37.3,37.44,29812330
2012-08-30,37.33,37.38,36.45,36.59,56153910
2012-08-31,36.6,36.86,35.81,36.14,47841560
2012-09-03,36.42,36.67,35.52,35.8,36532540
2012-09-04,35.77,36.5,35.56,36.37,31590910
2012-09-05,36.06,36.17,34.85,34.99,56389410
2012-09-06,35.07,35.39,34.73,35.13,47049970
2012-09-07,36.02,37.2,36.02,37.09,71307000
2012-09-08,37.21,37.5,37.12,37.39,6935370
2012-09-10,37.5,38.34,37.5,38.01,60926270
2012-09-11,37.82,37.92,37.42,37.7,24456570
2012-09-12,38.2,38.8,37.62,38.72,43915230
2012-09-13,38.8,39.05,38.23,38.76,37448450
2012-09-14,39.97,40.8,39.92,40.5,75045950
2012-09-17,41.0,41.51,40.4,41.0,64615780
2012-09-18,40.8,40.99,40.4,40.53,32927870
2012-09-20,40.1,40.19,39.2,39.31,37926680
2012-09-21,39.65,41.4,39.65,40.94,70424760
2012-09-24,40.95,41.49,40.45,40.67,43803490
2012-09-25,40.65,40.84,39.67,40.03,42205590
2012-09-26,39.81,40.5,39.41,39.62,46099580
2012-09-27,39.62,40.24,39.5,39.63,50399050
2012-09-28,40.1,40.96,39.88,40.09,52986240
2012-10-01,40.19,40.26,39.3,39.9,37683250
2012-10-03,39.95,40.58,39.75,40.38,42461240
2012-10-04,40.68,41.27,40.55,40.9,51923610
2012-10-05,41.26,41.4,33.9,41.06,58465880
2012-10-08,40.9,41.79,40.58,40.76,73005480
2012-10-09,41.14,41.59,40.81,41.2,35904960
2012-10-10,41.19,41.85,41.01,41.16,50066550
2012-10-11,41.44,42.19,41.02,42.03,60006510
2012-10-12,42.23,42.65,41.94,42.1,52372650
2012-10-15,42.01,42.26,41.6,41.89,31034840
2012-10-16,42.18,42.28,40.72,40.91,29908440
2012-10-17,41.49,41.49,40.42,40.72,31706770
2012-10-18,40.94,41.25,40.58,41.17,40693480
2012-10-19,41.0,41.28,40.52,40.75,30941560
2012-10-22,40.52,41.04,40.31,40.78,22443800
2012-10-23,40.4,40.99,40.37,40.44,16837340
2012-10-25,40.51,40.68,39.79,39.88,43911930
2012-10-26,39.75,40.19,39.67,39.98,19390790
2012-10-29,40.1,40.43,39.91,40.2,18788250
2012-10-30,40.2,40.37,39.25,39.31,21276970
2012-10-31,39.4,39.56,38.86,39.22,38273360
2012-11-01,39.3,39.99,39.2,39.75,24780640
2012-11-02,40.04,40.4,39.85,40.24,25757480
2012-11-05,39.91,39.98,39.55,39.76,17093740
2012-11-06,39.41,39.97,39.39,39.9,24291290
2012-11-07,39.66,40.49,39.66,40.2,24275160
2012-11-08,39.95,40.48,39.66,40.4,22676660
2012-11-09,40.42,40.88,38.55,39.06,57567920
2012-11-12,38.56,38.63,38.13,38.41,37870870
2012-11-13,38.59,38.75,38.41,38.59,7481620
2012-11-15,38.49,38.49,37.41,37.54,33705190
2012-11-16,37.5,37.99,36.92,37.01,31202280
2012-11-19,37.0,37.37,36.21,36.35,36310380
2012-11-20,36.8,36.83,35.91,36.06,32195810
2012-11-21,36.27,36.66,36.01,36.48,23520740
2012-11-22,36.8,36.95,36.27,36.6,29563610
2012-11-23,36.67,36.84,36.13,36.49,22315890
2012-11-26,36.53,37.42,36.53,37.19,28847710
2012-11-27,37.5,37.89,37.34,37.6,31784540
2012-11-29,37.7,38.17,37.57,37.68,39622930
2012-11-30,37.68,38.78,37.68,38.62,48197760
2012-12-03,38.8,39.35,38.7,39.07,34580380
2012-12-04,39.1,39.24,38.67,39.01,24171250
2012-12-05,39.46,39.99,39.26,39.82,39561290
2012-12-06,39.96,40.39,39.23,39.98,26056090
2012-12-07,40.25,40.4,39.21,39.42,35255370
2012-12-10,39.5,40.09,39.45,40.03,25954020
2012-12-11,40.26,40.29,39.27,39.61,30744450
2012-12-12,39.69,40.03,39.44,39.55,31337010
2012-12-13,39.66,39.76,38.72,38.87,30607840
2012-12-14,38.9,40.01,38.7,39.7,26349370
2012-12-17,39.85,40.24,39.53,39.9,31193200
2012-12-18,40.11,41.61,39.61,41.43,83392850
2012-12-19,41.79,42.49,41.6,42.41,88347380
2012-12-20,42.3,43.36,41.57,43.16,76974690
2012-12-21,42.83,43.65,42.5,43.07,58173990
2012-12-24,43.01,43.59,42.69,42.86,49907060
2012-12-26,42.9,43.38,42.77,42.99,24345790
2012-12-27,43.3,43.69,43.0,43.08,42105260
2012-12-28,43.19,43.36,42.63,42.85,28331720
2012-12-31,42.76,43.17,42.7,42.85,18368560
2013-01-01,43.19,44.0,43.14,43.82,31044130
2013-01-02,44.25,44.38,43.68,43.81,25968270
2013-01-03,44.0,44.46,43.89,44.23,32840520
2013-01-04,44.1,44.1,43.0,43.35,36450310
2013-01-07,43.49,44.8,43.02,44.09,68521320
2013-01-08,43.98,44.01,43.01,43.34,37763870
2013-01-09,43.4,43.56,42.1,42.23,74700520
2013-01-10,42.5,42.69,41.83,42.05,48006960
2013-01-11,42.05,42.48,41.56,41.73,33515980
2013-01-14,41.81,42.45,41.34,42.38,27881040
2013-01-15,42.35,42.78,42.12,42.48,29836840
2013-01-16,42.15,42.37,41.36,41.5,23709570
2013-01-17,41.14,42.05,40.89,41.87,42007890
2013-01-18,41.96,42.3,41.34,41.5,27067830
2013-01-21,41.5,41.9,41.15,41.41,25503530
2013-01-22,41.41,41.93,40.72,40.87,25565510
2013-01-23,41.04,41.37,40.26,40.76,30931310
2013-01-24,40.86,41.19,40.28,40.45,31379650
2013-01-25,40.47,40.83,39.85,40.67,33904180
2013-01-28,40.77,41.04,40.47,40.56,28019110
2013-01-29,40.58,41.14,39.71,39.9,38583780
2013-01-30,40.1,40.85,39.96,40.63,34810630
2013-01-31,40.5,40.71,40.15,40.49,29737400
2013-02-01,40.66,41.17,39.95,40.09,32550300
2013-02-04,40.3,40.45,39.42,39.51,38011630
2013-02-05,39.2,39.79,39.16,39.48,29190230
2013-02-06,39.64,40.28,39.64,39.75,34754430
2013-02-07,39.75,39.8,38.96,39.04,26760470
2013-02-08,39.09,39.4,38.5,38.75,29886500
2013-02-11,39.01,39.04,38.4,38.48,26024080
2013-02-12,38.51,38.75,38.22,38.49,24979480
2013-02-13,38.51,38.77,37.51,37.6,40039910
2013-02-14,37.0,38.25,36.83,38.09,71403900
2013-02-15,37.8,38.23,37.18,37.61,35958030
2013-02-18,37.6,38.7,37.45,38.53,37637620
2013-02-19,38.6,38.88,38.01,38.67,26397520
2013-02-20,38.79,38.89,37.81,37.92,41032360
2013-02-21,37.59,37.59,36.35,36.39,58000170
2013-02-22,36.42,36.79,36.07,36.45,49454700
2013-02-25,36.58,36.84,35.98,36.07,32447380
2013-02-26,36.0,36.02,34.85,34.95,45071930
2013-02-27,35.06,35.82,34.63,35.71,47150220
2013-02-28,35.9,36.05,33.8,34.15,70201410
2013-03-01,34.18,34.76,34.01,34.11,32196280
2013-03-04,34.0,34.03,33.34,33.47,32573750
2013-03-05,33.52,34.56,33.35,34.42,47050840
2013-03-06,34.71,35.65,34.31,35.28,48327420
2013-03-07,35.29,35.29,34.45,35.06,29841270
2013-03-08,35.2,36.17,35.2,35.92,47967410
2013-03-11,35.86,36.28,35.45,35.94,36631140
2013-03-12,36.0,36.15,35.2,35.63,34065990
2013-03-13,35.5,35.69,35.07,35.21,23997630
2013-03-14,35.21,35.83,34.66,35.71,30719630
2013-03-15,35.78,36.28,35.32,35.45,27854360
2013-03-18,34.89,35.2,34.63,34.93,19977310
2013-03-19,35.1,35.17,33.84,33.97,28166680
2013-03-20,33.97,34.24,33.26,33.48,30710970
2013-03-21,33.65,34.1,32.5,32.78,34046060
2013-03-22,32.71,32.8,32.02,32.19,38124240
2013-03-25,32.8,32.83,31.31,31.44,47491840
2013-03-26,31.22,31.39,30.5,30.65,45533810
2013-03-28,30.55,31.74,30.07,31.29,132316670
2013-04-01,31.47,31.65,31.02,31.47,32617790
2013-04-02,31.41,32.15,31.32,31.97,34083410
2013-04-03,31.88,32.53,31.57,31.69,38318840
2013-04-04,31.51,31.55,30.3,30.44,47798740
2013-04-05,30.35,31.26,30.32,30.92,39858310
2013-04-08,31.05,31.25,30.47,30.59,33323640
2013-04-09,30.81,31.38,30.35,30.44,38651280
2013-04-10,30.74,30.89,30.0,30.52,57130800
2013-04-11,30.8,30.84,29.77,29.85,63541990
2013-04-12,29.7,30.33,29.5,29.95,49852740
2013-04-15,29.8,29.8,29.37,29.45,35815390
2013-04-16,29.45,30.07,29.25,29.84,60579080
2013-04-17,30.1,30.35,29.61,29.7,65278660
2013-04-18,29.72,30.25,29.38,29.98,54881550
2013-04-22,30.18,30.82,30.1,30.67,53099180
2013-04-23,30.71,31.22,30.61,30.91,50320800
2013-04-25,31.02,31.45,31.0,31.25,45481160
2013-04-26,31.33,31.66,30.42,30.5,35940910
2013-04-29,30.55,30.67,30.11,30.25,25264480
2013-04-30,30.49,30.74,29.77,30.27,41316030
2013-05-02,30.4,30.65,30.2,30.46,28317600
2013-05-03,30.35,31.44,30.1,31.12,53656590
2013-05-06,31.34,32.33,31.3,32.26,58912520
2013-05-07,32.42,32.64,32.0,32.47,50330090
2013-05-08,32.63,32.68,31.63,31.86,51718940
2013-05-09,31.97,32.19,31.48,31.61,31365950
2013-05-10,31.7,32.04,31.51,31.85,28294110
2013-05-11,31.9,31.99,31.8,31.87,1828700
2013-05-13,31.89,32.13,30.5,30.56,40561830
2013-05-14,30.28,30.67,29.65,30.39,62117530
2013-05-15,30.5,30.98,30.5,30.83,37764690
2013-05-16,30.83,31.46,30.76,31.18,44223820
2013-05-17,31.27,31.35,30.85,31.19,31705600
2013-05-20,31.29,31.97,31.25,31.54,40903020
2013-05-21,31.5,31.65,30.67,30.86,29728940
2013-05-22,30.74,31.35,30.41,30.6,33171930
2013-05-23,30.5,31.05,29.54,29.95,84926000
2013-05-24,31.01,31.95,30.65,31.3,115160720
2013-05-27,31.31,31.86,31.08,31.72,37040440
2013-05-28,31.6,32.38,31.6,32.18,52232980
2013-05-29,32.17,32.29,31.25,31.45,36065650
2013-05-30,31.3,31.3,30.08,30.16,64126330
2013-05-31,30.38,30.38,29.01,29.18,67699280
2013-06-03,29.35,29.78,29.0,29.65,43600200
2013-06-04,29.72,30.24,29.71,29.88,38371710
2013-06-05,29.77,30.24,29.63,29.91,33382230
2013-06-06,29.7,29.7,29.33,29.53,34362730
2013-06-07,29.4,29.84,29.13,29.2,27555030
2013-06-10,29.25,29.59,28.86,29.06,26408430
2013-06-11,28.8,28.95,27.77,28.12,49141100
2013-06-12,28.01,28.13,27.28,27.38,52473720
2013-06-13,27.1,27.97,26.45,26.61,62126430
2013-06-14,26.94,27.65,26.9,27.41,40159220
2013-06-17,27.5,27.79,26.93,27.7,34267090
2013-06-18,27.58,28.83,27.37,28.51,56691520
2013-06-19,28.51,29.36,28.3,29.11,71201440
2013-06-20,28.58,28.59,27.08,27.25,73029860
2013-06-21,27.24,27.65,26.55,27.2,55614770
2013-06-24,27.02,27.54,26.56,26.66,54356220
2013-06-25,26.65,27.04,26.23,26.65,52009010
2013-06-26,26.9,26.95,26.26,26.46,42830580
2013-06-27,26.9,26.98,26.14,26.41,49317990
2013-06-28,26.7,27.41,26.7,27.38,61381880
2013-07-01,27.21,28.27,27.21,28.07,43881150
2013-07-02,28.17,28.63,28.0,28.2,41768100
2013-07-03,27.91,27.92,26.85,26.95,39548290
2013-07-04,27.3,27.34,26.34,26.48,45963430
2013-07-05,26.85,26.99,26.36,26.47,33696050
2013-07-08,26.29,26.29,25.8,25.99,39046530
2013-07-09,26.26,26.41,26.01,26.16,33905590
2013-07-10,26.3,26.3,25.52,25.62,49153510
2013-07-11,26.2,26.54,25.91,26.1,54201820
2013-07-12,26.15,26.4,25.85,26.26,37132250
2013-07-15,25.45,25.95,25.19,25.75,50571490
2013-07-16,25.34,25.61,25.07,25.16,31911170
2013-07-17,25.16,25.34,24.22,24.32,44266960
2013-07-18,24.34,24.56,23.97,24.47,37541450
2013-07-19,24.45,24.82,24.0,24.1,44840980
2013-07-22,24.09,24.1,23.32,23.38,46828190
2013-07-23,24.0,24.0,23.31,23.46,42859630
2013-07-24,23.37,23.59,22.86,22.96,40198080
2013-07-25,22.78,23.05,22.2,22.29,50749260
2013-07-26,22.35,22.65,21.66,21.89,35885810
2013-07-29,21.82,22.43,21.42,21.54,60063190
2013-07-30,21.54,21.73,20.75,20.94,41863530
2013-07-31,20.81,21.77,20.24,21.57,62665310
2013-08-01,21.73,21.96,20.72,21.01,46094680
2013-08-02,21.04,21.22,20.12,20.24,45315950
2013-08-05,20.24,20.94,19.82,20.79,45926910
2013-08-06,20.6,20.6,19.68,19.83,51257490
2013-08-07,19.75,20.89,19.53,20.8,56261690
2013-08-08,20.81,22.11,20.68,21.88,69571770
2013-08-12,22.08,23.94,22.07,23.66,122477510
2013-08-13,23.39,24.35,23.16,24.14,94084110
2013-08-14,26.3,26.3,24.62,25.01,199629170
2013-08-16,24.9,24.93,23.17,23.54,80920490
2013-08-19,23.0,24.9,22.36,24.69,133993110
2013-08-20,24.38,25.88,23.97,25.7,108180280
2013-08-21,26.0,26.29,24.43,24.82,117759720
2013-08-22,24.8,27.59,24.56,27.41,151964140
2013-08-23,27.59,28.4,27.01,28.23,145851240
2013-08-26,28.4,28.54,27.36,27.72,103477700
2013-08-27,27.5,27.98,27.11,27.23,70550570
2013-08-28,26.99,28.33,26.51,27.9,97462150
2013-08-29,28.25,28.45,27.6,27.84,82011350
2013-08-30,28.0,28.96,27.0,27.4,121936140
2013-09-02,27.5,29.1,27.45,28.94,85301320
2013-09-03,29.28,29.54,27.96,28.13,105251150
2013-09-04,28.25,29.18,27.95,28.99,62610880
2013-09-05,29.49,29.64,28.5,28.86,64728680
2013-09-06,29.02,29.49,28.35,29.22,60329510
2013-09-10,29.63,30.2,29.34,30.06,61535130
2013-09-11,30.2,31.88,29.85,31.57,90796730
2013-09-12,31.39,31.75,30.14,30.27,66334220
2013-09-13,30.26,30.58,29.64,29.83,72904320
2013-09-16,30.45,30.69,28.95,29.16,55536750
2013-09-17,29.01,29.25,28.49,28.82,73583880
2013-09-18,28.99,29.19,28.56,29.02,34465500
2013-09-19,30.01,31.35,29.8,31.06,74304870
2013-09-20,31.0,31.03,29.51,30.0,82338830
2013-09-23,29.79,30.38,29.08,29.35,44871390
2013-09-24,29.15,29.72,29.01,29.25,39924330
2013-09-25,29.4,29.52,28.63,29.11,37466750
2013-09-26,29.08,30.15,29.01,29.99,65515640
2013-09-27,29.99,30.3,28.6,28.74,53170700
2013-09-30,28.44,28.44,26.61,27.15,103822800
2013-10-01,27.43,27.85,26.89,27.58,61346460
2013-10-03,27.65,28.95,27.65,28.59,65388980
2013-10-04,28.4,29.42,28.22,28.85,63466800
2013-10-07,28.8,30.18,28.64,30.04,71973470
2013-10-08,30.44,30.57,29.57,29.68,53327630
2013-10-09,29.2,30.5,29.2,30.33,56032080
2013-10-10,30.57,31.1,30.5,30.86,59446540
2013-10-11,31.17,31.33,30.4,30.79,48944750
2013-10-14,30.8,30.9,30.07,30.16,39191190
2013-10-15,30.3,31.33,30.08,31.05,78648950
2013-10-17,31.1,31.65,30.89,31.01,61410720
2013-10-18,31.28,33.0,31.08,32.89,131314370
2013-10-21,32.9,33.85,32.9,33.61,71837590
2013-10-22,33.7,34.34,33.45,34.0,58274410
2013-10-23,34.07,34.39,33.11,33.52,67095090
2013-10-24,33.3,34.09,32.97,33.22,49962600
2013-10-25,33.01,33.08,32.11,32.19,55066560
2013-10-28,32.5,32.74,31.14,31.23,68966400
2013-10-29,31.1,32.73,30.87,32.59,77919330
2013-10-30,32.8,32.99,32.12,32.66,49448680
2013-10-31,32.56,33.83,32.42,33.49,62590160
2013-11-01,33.5,34.18,33.26,33.62,45387910
2013-11-03,33.8,34.1,33.8,33.89,9293280
2013-11-05,33.94,34.49,33.17,33.9,44566870
2013-11-06,34.03,34.17,33.24,33.33,43370940
2013-11-07,33.23,34.99,33.23,34.58,97867530
2013-11-08,34.59,35.69,34.56,35.58,78562390
2013-11-11,35.58,36.56,35.23,36.08,75668830
2013-11-12,36.2,36.35,35.01,35.25,75678350
2013-11-13,35.03,36.39,35.03,35.78,81650990
2013-11-14,36.8,37.69,35.91,37.53,167859860
2013-11-18,37.9,38.8,37.84,38.68,73862610
2013-11-19,38.81,39.15,38.02,38.33,95493550
2013-11-20,38.28,38.89,37.94,38.5,72329820
2013-11-21,38.3,38.49,37.7,38.26,63318060
2013-11-22,38.39,39.55,38.36,39.25,76149530
2013-11-25,39.41,39.9,39.34,39.8,47623120
2013-11-26,39.62,39.8,38.95,39.17,49016860
2013-11-27,39.2,39.6,38.78,39.48,41040730
2013-11-28,39.59,40.37,39.55,40.09,46353330
2013-11-29,40.2,40.54,39.86,40.06,35497580
2013-12-02,40.01,40.99,39.6,40.83,59213910
2013-12-03,40.7,41.17,40.51,40.98,57690130
2013-12-04,40.9,41.57,40.8,41.4,42108520
2013-12-05,41.92,42.23,41.63,42.14,55668620
2013-12-06,42.1,42.4,41.8,42.27,41561060
2013-12-09,43.0,43.2,42.0,42.1,50175640
2013-12-10,42.0,42.49,41.76,42.33,47671090
2013-12-11,42.2,42.49,41.6,41.83,67044520
2013-12-12,41.49,41.73,41.15,41.28,58577250
2013-12-13,40.99,41.67,40.91,41.51,61412160
2013-12-16,41.51,42.02,40.73,40.89,46479330
2013-12-17,40.94,41.31,40.6,40.87,35124750
2013-12-18,40.88,41.65,40.78,41.49,30161990
2013-12-19,41.8,41.92,40.92,41.08,35059610
2013-12-20,41.08,41.89,41.03,41.8,27039730
2013-12-23,41.8,42.68,41.72,42.31,27047710
2013-12-24,42.4,42.53,41.67,41.84,23089990
2013-12-26,41.81,42.7,41.63,42.53,40037330
2013-12-27,42.53,42.81,42.3,42.51,24755560
2013-12-30,42.5,42.86,42.19,42.56,21240790
2013-12-31,42.65,42.68,42.26,42.42,12108840
2014-01-01,42.5,42.68,42.37,42.59,11934080
2014-01-02,42.6,43.55,41.7,41.92,40002660
2014-01-03,41.65,41.94,40.9,41.25,31837700
2014-01-06,41.1,41.57,40.46,40.83,27046140
2014-01-07,40.99,41.19,39.26,39.47,39004100
2014-01-08,39.47,39.73,38.96,39.24,45410090
2014-01-09,39.44,39.93,38.76,39.08,39882270
2014-01-10,39.28,39.32,38.35,38.45,32656180
2014-01-13,38.53,38.92,38.17,38.6,27482090
2014-01-14,38.5,38.9,37.33,37.44,36457780
2014-01-15,37.6,38.0,37.26,37.5,33079330
2014-01-16,37.65,38.45,37.59,38.11,36441450
2014-01-17,38.1,38.57,37.51,37.76,34363670
2014-01-20,37.75,37.92,37.01,37.45,32851820
2014-01-21,37.6,38.6,37.6,38.36,40925060
2014-01-22,38.43,39.4,38.43,39.33,46331360
2014-01-23,39.28,39.3,38.71,38.92,24970380
2014-01-24,38.51,38.6,37.45,37.6,29813540
2014-01-27,36.94,36.97,35.2,35.35,44132050
2014-01-28,35.4,36.89,35.25,36.67,48505380
2014-01-29,36.85,36.94,35.63,35.8,45389640
2014-01-30,35.3,35.4,34.12,34.65,56178800
2014-01-31,34.84,35.79,34.76,35.6,51965930
2014-02-03,35.49,35.49,34.2,34.31,35590390
2014-02-04,33.81,34.69,33.6,34.3,72715170
2014-02-05,34.49,36.09,34.4,35.94,47576070
2014-02-06,36.19,36.72,35.63,36.13,64707050
2014-02-07,36.26,38.7,36.26,38.45,117210630
2014-02-10,38.69,39.32,38.06,38.25,62436100
2014-02-11,38.7,39.3,38.53,38.98,42735850
2014-02-12,38.56,38.69,37.28,37.44,93795840
2014-02-13,37.6,37.88,36.52,36.75,58528850
2014-02-14,36.89,37.24,35.95,37.08,60374880
2014-02-17,37.15,37.54,36.65,37.4,34313630
2014-02-18,37.4,38.19,37.21,37.97,36064260
2014-02-19,37.99,37.99,37.12,37.39,31671250
2014-02-20,36.92,36.98,36.4,36.67,42793530
2014-02-21,36.67,37.58,36.67,37.44,31823270
2014-02-24,37.38,37.38,36.63,36.92,32737970
2014-02-25,36.96,37.2,35.96,36.06,43864510
2014-02-26,36.1,36.28,34.84,34.93,100930750
2014-02-28,35.1,35.46,34.07,34.38,98942600
2014-03-03,34.4,34.95,34.07,34.53,56950600
2014-03-04,34.65,35.25,34.53,35.17,57054660
2014-03-05,35.48,35.98,35.17,35.6,66418950
2014-03-06,35.8,36.54,35.6,36.42,57008850
2014-03-07,36.82,37.34,36.45,37.11,63176500
2014-03-10,36.83,37.08,36.25,36.42,49582000
2014-03-11,36.42,36.44,34.24,34.38,91476690
2014-03-12,34.1,34.87,33.74,33.96,87368360
2014-03-13,34.2,34.79,33.42,33.69,55694320
2014-03-14,33.4,34.28,33.2,34.17,61598930
2014-03-18,34.6,34.8,33.91,34.07,41538370
2014-03-19,34.34,35.94,34.02,35.66,95740670
2014-03-20,35.72,35.99,34.76,35.0,50699530
2014-03-21,35.12,36.5,35.12,36.28,81534100
2014-03-22,36.27,36.38,36.03,36.23,6634780
2014-03-24,36.48,36.7,35.62,36.31,55810550
2014-03-25,36.22,37.17,36.15,36.71,52789420
2014-03-26,37.14,37.6,37.03,37.48,55870710
2014-03-27,37.5,37.95,37.33,37.54,57413080
2014-03-28,37.88,38.38,37.6,38.15,37582300
2014-03-31,38.47,39.64,38.3,39.4,70396530
2014-04-01,39.6,40.34,38.65,40.12,83708650
2014-04-02,40.25,40.5,39.9,40.35,53629140
2014-04-03,40.34,41.2,39.38,39.76,70484190
2014-04-04,39.99,40.47,39.54,40.2,45872780
2014-04-07,40.26,40.75,39.82,40.67,36930560
2014-04-09,41.0,41.98,40.8,41.88,49952970
2014-04-10,41.89,42.48,41.12,41.78,58965620
2014-04-11,41.55,42.35,41.1,41.99,52468490
2014-04-15,41.95,42.45,40.77,40.92,46604330
2014-04-16,41.05,41.67,40.48,41.37,40763280
2014-04-17,41.2,41.99,41.13,41.89,32812120
2014-04-21,41.95,42.55,41.76,42.35,37850070
2014-04-22,42.39,42.39,41.81,42.09,32671730
2014-04-23,42.1,42.93,42.02,42.65,50842300
2014-04-25,42.65,43.29,42.24,42.69,47910370
2014-04-28,42.5,43.19,42.41,42.58,33600360
2014-04-29,42.5,42.63,40.4,40.55,68604580
2014-04-30,40.7,40.75,39.33,40.06,71044530
2014-05-02,40.3,40.66,38.81,39.01,58563800
2014-05-05,39.04,40.38,38.89,39.76,52442030
2014-05-06,39.94,40.45,39.87,40.17,36859560
2014-05-07,40.12,40.35,39.62,39.99,26327750
2014-05-08,40.12,40.63,39.84,40.2,33021440
2014-05-09,40.0,42.08,39.91,41.67,64797860
2014-05-12,41.7,42.69,41.61,42.01,52475440
2014-05-13,42.42,44.15,42.13,42.71,89283750
2014-05-14,43.0,45.47,42.99,45.24,108597600
2014-05-15,45.69,46.8,45.08,46.06,142716000
2014-05-16,47.3,48.59,42.72,44.09,195191360
2014-05-19,44.5,46.03,43.56,45.08,109687300
2014-05-20,45.35,47.44,45.35,46.72,90992530
2014-05-21,46.8,47.03,45.72,46.26,54867330
2014-05-22,46.5,47.78,46.5,47.09,58163290
2014-05-23,47.2,48.3,46.94,47.82,56943130
2014-05-26,48.21,49.5,45.26,46.76,77596350
2014-05-27,46.64,47.9,46.15,47.76,47505850
2014-05-28,48.02,48.35,46.7,46.92,38154680
2014-05-29,47.1,47.45,46.34,46.6,42742190
2014-05-30,46.7,47.7,46.3,47.51,51971500
2014-06-02,47.58,49.56,47.15,49.29,55570570
2014-06-03,49.75,52.83,49.6,52.68,125117410
2014-06-04,52.73,54.34,52.51,53.74,107415090
2014-06-05,53.98,56.08,53.81,55.7,91418790
2014-06-06,56.45,56.88,55.23,56.07,75665480
2014-06-09,56.5,57.99,56.0,57.53,58985620
2014-06-10,57.5,57.5,55.25,55.87,55906630
2014-06-11,55.99,56.58,54.51,54.95,51706440
2014-06-12,54.9,55.8,54.36,54.97,37187150
2014-06-13,54.85,55.33,52.4,52.56,43329320
2014-06-16,52.47,52.93,51.2,52.46,69750410
2014-06-17,52.5,53.42,51.3,53.23,66677250
2014-06-18,53.61,53.98,51.8,52.19,56153310
2014-06-19,52.5,52.64,51.5,51.95,40818910
2014-06-20,51.9,53.45,51.78,51.99,54680140
2014-06-23,52.09,52.86,52.05,52.69,34040630
2014-06-24,52.75,53.59,52.75,53.23,30217770
2014-06-25,53.31,53.8,53.01,53.1,22997980
2014-06-26,53.2,53.65,52.38,52.58,32839720
2014-06-27,52.87,53.1,51.7,51.89,32051930
2014-06-30,52.14,53.06,51.98,52.84,37699910
2014-07-01,53.0,54.53,53.0,54.07,53126720
2014-07-02,54.7,54.99,54.25,54.35,32527980
2014-07-03,54.72,54.95,53.73,53.9,33976490
2014-07-04,54.5,54.5,53.12,53.66,36377830
2014-07-07,53.71,54.29,53.36,53.6,25441200
2014-07-08,53.8,53.97,51.0,51.35,36221830
2014-07-09,51.6,52.67,51.12,51.83,51877060
2014-07-10,52.0,53.78,51.01,52.14,68313950
2014-07-11,52.0,52.42,49.92,50.19,60944630
2014-07-14,49.68,51.74,49.23,51.34,76595090
2014-07-15,51.88,53.0,51.44,52.72,44488550
2014-07-16,53.15,54.6,52.55,54.27,44086360
2014-07-17,54.3,56.0,54.03,55.88,70265220
2014-07-18,55.6,56.85,54.92,56.3,72953350
2014-07-21,56.4,57.19,56.02,56.27,43898600
2014-07-22,56.7,56.92,55.54,56.22,40245680
2014-07-23,56.55,56.6,55.06,55.45,42198280
2014-07-24,55.7,57.14,55.32,56.81,63885300
2014-07-25,57.0,57.43,55.2,55.76,59008470
2014-07-28,56.01,56.44,54.42,54.85,50458450
2014-07-30,55.1,55.2,53.74,54.61,61950790
2014-07-31,54.65,56.23,54.31,55.34,56813770
2014-08-01,54.8,56.59,54.45,54.88,65453440
2014-08-04,55.13,55.7,54.38,55.18,55266000
2014-08-05,55.41,56.6,54.5,56.22,54986950
2014-08-06,56.21,56.88,54.9,55.05,44828580
2014-08-07,55.12,56.24,55.1,55.58,64521120
2014-08-08,55.22,55.22,53.54,53.77,56411670
2014-08-11,54.44,54.58,52.92,53.48,48256780
2014-08-12,53.7,54.7,53.31,54.2,58304570
2014-08-13,54.19,54.2,52.87,53.45,52065550
2014-08-14,53.36,54.59,52.51,54.17,85539820
2014-08-18,53.81,54.89,53.75,54.65,46702950
2014-08-19,54.9,55.4,54.22,54.41,44495600
2014-08-20,54.38,55.2,54.16,54.56,44523140
2014-08-21,54.0,54.19,53.33,53.66,43815500
2014-08-22,53.88,54.23,53.45,53.78,29163580
2014-08-25,53.77,54.0,50.98,51.2,56824780
2014-08-26,51.35,52.85,51.21,52.5,68326340
2014-08-27,52.8,53.19,51.97,52.32,30905980
2014-08-28,52.28,52.7,51.23,51.32,42601790
2014-09-01,51.68,52.65,51.2,52.41,53455740
2014-09-02,52.41,52.69,51.78,51.92,36846770
2014-09-03,52.11,53.07,52.08,52.6,54056410
2014-09-04,52.47,52.85,50.47,50.9,55874610
2014-09-05,50.95,51.6,50.61,51.34,43911280
2014-09-08,51.51,52.0,51.06,51.75,37831660
2014-09-09,51.3,52.05,51.01,51.87,31772000
2014-09-10,51.5,52.3,51.35,51.92,38360140
2014-09-11,52.1,52.48,51.5,51.76,42574740
2014-09-12,51.76,52.13,51.45,51.6,44001870
2014-09-15,51.3,51.4,50.47,50.77,38986350
2014-09-16,50.78,50.88,48.65,49.01,54457880
2014-09-17,49.3,50.1,48.56,49.84,52444670
2014-09-18,49.61,50.95,49.61,50.55,48704570
2014-09-19,50.92,51.29,50.51,51.1,49707830
2014-09-22,50.5,50.63,49.84,50.09,33615640
2014-09-23,50.0,50.18,48.37,48.56,39856330
2014-09-24,48.4,48.65,46.87,47.22,69817500
2014-09-25,47.3,47.73,45.17,46.04,61487070
2014-09-26,46.0,47.7,45.85,47.42,40059590
2014-09-29,47.44,48.03,46.47,46.64,31221970
2014-09-30,46.66,47.3,45.61,45.9,45520220
2014-10-01,45.55,45.74,44.55,44.88,47703970
2014-10-07,44.67,45.3,43.81,44.01,77298230
2014-10-08,43.75,45.78,43.56,45.62,67061690
2014-10-09,46.01,46.95,45.72,46.76,49739380
2014-10-10,46.0,46.0,44.62,44.81,49361280
2014-10-13,44.38,45.98,44.01,45.78,37327220
2014-10-14,45.81,46.2,44.09,45.6,58236420
2014-10-16,46.08,46.76,43.6,43.91,82664260
2014-10-17,44.36,45.39,43.65,44.76,67092480
2014-10-20,45.51,45.74,44.64,45.01,43606350
2014-10-21,45.4,46.22,45.23,45.57,53142100
2014-10-22,46.1,46.28,45.43,45.72,40221320
2014-10-23,46.1,46.1,45.81,45.91,6633520
2014-10-27,46.05,46.18,44.9,45.05,37389850
2014-10-28,45.01,45.37,44.66,45.12,40053820
2014-10-29,45.41,47.29,45.38,47.17,68676990
2014-10-30,47.2,47.75,46.84,47.45,46155040
2014-10-31,47.8,49.35,47.46,49.0,58483890
2014-11-03,49.2,49.49,48.55,48.92,37543300
2014-11-05,49.1,49.24,47.7,47.81,34319140
2014-11-07,47.9,48.68,47.06,47.14,38733400
2014-11-10,47.47,47.6,46.25,47.09,44618980
2014-11-11,47.32,48.15,47.15,48.03,45723720
2014-11-12,48.0,48.27,46.56,46.84,63485990
2014-11-13,46.51,47.55,46.22,47.13,59236430
2014-11-14,46.7,48.26,46.7,47.81,68893900
2014-11-17,47.62,48.3,47.51,48.01,23786670
2014-11-18,48.0,48.92,47.67,48.64,39864340
2014-11-19,48.61,49.28,46.93,47.1,44752990
2014-11-20,47.2,47.28,46.2,46.66,38716490
2014-11-21,46.7,47.25,46.01,46.29,39896640
2014-11-24,47.3,47.98,47.05,47.66,43425170
2014-11-25,47.51,47.6,45.85,46.45,43661570
2014-11-26,46.5,46.89,46.05,46.63,35392420
2014-11-27,46.5,46.9,45.91,46.02,41781190
2014-11-28,46.15,47.53,46.15,47.34,48270090
2014-12-01,47.5,47.5,45.92,46.12,30751790
2014-12-02,46.1,46.75,46.02,46.52,30971600
2014-12-03,46.74,46.97,46.2,46.38,28069740
2014-12-04,46.42,46.75,45.67,46.19,33215460
2014-12-05,46.35,46.87,45.95,46.12,30676380
2014-12-08,46.4,46.6,45.05,45.19,30558700
2014-12-09,45.14,45.14,43.51,43.63,40669570
2014-12-10,43.24,44.3,42.76,43.25,47342920
2014-12-11,43.1,43.5,41.7,41.88,52716590
2014-12-12,42.0,42.29,40.01,40.27,65232970
2014-12-15,39.9,40.84,39.6,40.1,47976110
2014-12-16,39.7,40.28,38.7,38.97,57718330
2014-12-17,39.4,40.49,38.7,39.35,80165010
2014-12-18,40.1,40.59,39.95,40.16,44102000
2014-12-19,40.56,41.11,40.3,40.55,46303390
2014-12-22,40.65,40.96,39.87,40.4,32543020
2014-12-23,40.51,40.66,39.27,39.48,37840760
2014-12-24,39.13,39.97,39.11,39.53,73515140
2014-12-26,39.6,39.97,39.01,39.83,30207400
2014-12-29,39.92,41.06,39.9,40.41,40774060
2014-12-30,40.44,40.59,39.53,39.63,28990740
2014-12-31,39.7,40.17,39.56,39.94,22529910
2015-01-01,39.71,40.6,39.71,40.45,25314990
2015-01-02,40.6,41.3,40.6,41.08,34339800
2015-01-05,41.3,42.15,41.3,41.67,52056450
2015-01-06,41.4,41.4,39.44,39.65,61706810
2015-01-07,39.78,39.78,38.36,38.89,47490990
2015-01-08,39.4,39.67,39.06,39.5,31699170
2015-01-09,40.2,40.49,39.51,39.97,50610000
2015-01-12,39.95,39.95,39.3,39.67,26909820
2015-01-13,39.7,39.89,39.02,39.15,30027480
2015-01-14,39.15,39.15,37.55,37.69,71295620
2015-01-15,37.88,38.87,37.21,38.48,70113410
2015-01-16,38.2,38.55,37.63,38.34,45385170
2015-01-19,38.46,38.69,38.06,38.48,27898250
2015-01-20,38.56,40.36,38.56,40.2,60178820
2015-01-21,40.5,40.6,39.35,39.71,38977270
2015-01-22,39.8,40.47,39.6,40.34,45277090
2015-01-23,41.0,41.2,39.9,40.31,45265810
2015-01-27,40.28,40.4,39.55,39.84,39723110
2015-01-28,39.7,39.7,38.89,39.12,39954480
2015-01-29,39.03,39.24,38.37,39.04,51629460
2015-01-30,39.25,39.5,38.65,39.05,36008130
2015-02-02,38.99,39.48,38.22,38.39,31790200
2015-02-03,38.7,38.75,37.81,38.11,34436350
2015-02-04,38.39,39.34,38.3,38.92,44205020
2015-02-05,39.17,39.28,37.81,37.92,31021430
2015-02-06,38.0,38.07,36.7,36.87,45194350
2015-02-09,35.7,36.15,34.62,34.75,75357730
2015-02-10,34.5,36.0,34.5,35.78,52812260
2015-02-11,36.0,36.87,35.3,36.5,39566570
2015-02-12,36.62,36.74,35.6,36.53,34156920
2015-02-13,36.87,37.18,36.53,36.65,37364660
2015-02-16,36.88,37.45,36.84,36.98,29913700
2015-02-18,37.2,37.2,36.47,36.75,32326680
2015-02-19,36.8,37.98,36.8,37.53,77526260
2015-02-20,37.8,38.19,37.3,37.47,34424010
2015-02-23,37.65,37.69,36.5,36.74,30851810
2015-02-24,36.81,37.0,35.72,35.91,32881270
2015-02-25,36.28,36.48,35.01,35.09,39323490
2015-02-26,35.23,35.49,34.42,34.52,80643650
2015-02-27,34.75,35.47,34.58,35.06,50146780
2015-02-28,35.62,36.45,34.65,35.53,74965150
2015-03-02,35.74,35.92,34.9,35.26,43803140
2015-03-03,35.3,35.78,34.95,35.31,51211040
2015-03-04,35.6,35.72,34.56,34.81,46733290
2015-03-05,34.85,34.92,34.13,34.33,47701350
2015-03-09,34.33,34.37,33.5,33.63,43687650
2015-03-10,33.81,33.9,33.01,33.16,40918480
2015-03-11,33.3,33.5,32.42,32.53,46822700
2015-03-12,32.77,33.64,32.75,33.32,43245210
2015-03-13,33.6,33.65,32.5,32.65,32796740
2015-03-16,32.89,32.89,32.31,32.62,27771000
2015-03-17,33.0,33.65,32.71,33.26,43290670
2015-03-18,33.57,33.57,32.94,33.17,30996930
2015-03-19,33.42,34.48,33.37,33.66,61487380
2015-03-20,33.66,34.14,32.7,32.87,57761310
2015-03-23,33.05,33.5,32.86,33.14,35803300
2015-03-24,33.01,33.39,32.42,32.72,44537400
2015-03-25,32.8,32.9,32.2,32.31,35447810
2015-03-26,32.3,32.5,31.4,31.56,65169940
2015-03-27,31.74,31.94,31.12,31.51,40192040
2015-03-30,31.8,32.49,31.51,32.24,29905790
2015-03-31,32.63,32.64,31.52,31.68,39348980
2015-04-01,31.7,32.49,31.6,32.37,30860610
2015-04-06,32.44,32.56,31.66,31.81,36696740
2015-04-07,32.03,33.52,31.7,33.35,72937230
2015-04-08,33.61,33.89,32.86,33.61,62847270
2015-04-09,33.75,34.74,33.7,34.6,61515080
2015-04-10,34.57,34.9,34.13,34.27,48162280
2015-04-13,34.42,34.83,34.11,34.52,34428980
2015-04-15,34.5,34.52,33.62,33.76,31999630
2015-04-16,33.84,34.34,33.35,33.77,37707390
2015-04-17,33.67,35.22,33.51,34.6,69807720
2015-04-20,34.85,35.43,33.92,34.45,62669560
2015-04-21,34.65,35.2,34.35,34.83,49950680
2015-04-22,35.0,35.45,34.13,35.14,47843220
2015-04-23,35.5,37.1,35.43,36.95,121922780
2015-04-24,37.18,37.48,36.26,37.05,84586180
2015-04-27,36.91,37.28,36.15,36.89,49965520
2015-04-28,37.0,37.4,36.61,37.13,41599000
2015-04-29,37.19,37.93,36.8,37.0,54523860
2015-04-30,36.8,36.89,35.91,36.03,61801640
2015-05-04,36.15,36.68,35.72,36.17,32684550
2015-05-05,36.44,38.1,36.28,38.01,76651500
2015-05-06,38.1,38.45,36.6,36.76,59989710
2015-05-07,36.59,37.06,36.05,36.73,41408280
2015-05-08,37.01,37.5,36.41,36.67,34529170
2015-05-11,37.21,38.14,37.05,37.71,44776050
2015-05-12,37.53,37.6,35.26,35.36,54746190
2015-05-13,35.63,36.15,35.17,35.95,53960790
2015-05-14,36.0,36.78,35.74,36.64,37540970
2015-05-15,36.0,36.59,35.51,36.41,51693370
2015-05-18,36.5,36.7,36.1,36.42,23935880
2015-05-19,36.4,37.0,36.22,36.84,29396360
2015-05-20,36.74,36.74,35.56,36.13,64404890
2015-05-21,35.0,35.1,34.12,34.23,102554400
2015-05-22,34.3,34.76,34.05,34.13,39231400
2015-05-25,33.95,33.99,33.1,33.2,38944670
2015-05-26,33.65,33.65,32.93,33.28,28991730
2015-05-27,33.28,33.42,32.71,32.81,28900640
2015-05-28,32.98,33.09,32.22,32.47,46440090
2015-05-29,32.5,33.22,32.5,32.85,37215350
2015-06-01,33.0,33.31,32.74,32.97,19779130
2015-06-02,33.0,33.09,32.05,32.17,23150600
2015-06-03,32.2,32.3,31.42,31.63,29340900
2015-06-04,31.72,31.88,30.45,30.8,47501730
2015-06-05,30.9,31.72,30.23,31.11,50263350
2015-06-08,31.2,31.5,30.15,30.23,37713550
2015-06-09,29.6,30.74,29.3,30.48,69437220
2015-06-10,30.5,30.78,30.17,30.6,29208850
2015-06-11,30.61,30.69,29.72,29.87,39892500
2015-06-12,29.8,30.09,29.41,29.75,27184990
2015-06-15,29.8,30.27,29.6,29.7,26949310
2015-06-16,29.68,29.75,29.1,29.45,30684050
2015-06-17,30.37,31.1,29.83,30.5,83234770
2015-06-18,30.43,30.65,30.09,30.37,38797580
2015-06-19,30.55,30.98,30.41,30.5,32895530
2015-06-22,30.9,31.28,30.7,31.07,35674610
2015-06-23,31.11,31.67,31.08,31.3,30131410
2015-06-24,31.4,31.44,30.29,30.45,28318280
2015-06-25,30.38,30.48,30.12,30.27,46083110
2015-06-26,30.25,30.31,29.7,29.86,33806570
2015-06-29,29.4,29.77,28.74,29.63,35315750
2015-06-30,29.63,30.65,29.52,30.46,30623190
2015-07-01,30.5,30.9,30.34,30.7,31438550
2015-07-02,30.73,31.05,30.32,30.44,38401120
2015-07-03,30.64,30.79,29.95,30.12,27425060
2015-07-06,29.5,29.98,29.2,29.9,37081820
2015-07-07,30.17,30.3,29.61,29.82,32987320
2015-07-08,29.4,29.4,28.18,28.32,81419370
2015-07-09,28.35,28.74,27.96,28.05,62147260
2015-07-10,28.29,28.45,27.88,28.09,40213970
2015-07-13,28.35,28.57,27.9,28.45,34368590
2015-07-14,28.48,28.67,28.05,28.11,34307370
2015-07-15,28.27,28.48,27.91,28.04,36797890
2015-07-16,28.51,28.65,28.01,28.08,63133840
2015-07-17,28.2,28.64,28.0,28.4,64499850
2015-07-20,28.5,28.77,28.3,28.35,37337230
2015-07-21,28.41,28.41,27.39,27.47,50951840
2015-07-22,27.13,28.1,26.87,28.04,59108480
2015-07-23,27.4,27.45,26.93,26.99,69612190
2015-07-24,26.97,27.16,26.42,26.5,38102800
2015-07-27,26.3,26.32,25.01,25.08,76484630
2015-07-28,25.1,25.25,24.64,24.93,55385000
2015-07-29,25.1,25.47,24.94,25.06,40034960
2015-07-30,25.29,25.3,24.76,24.82,51690830
2015-07-31,25.0,25.27,24.5,24.69,88481380
2015-08-03,24.69,25.08,24.53,24.8,35562120
2015-08-04,24.97,25.98,24.61,25.63,97233180
2015-08-05,26.0,26.85,26.0,26.23,79790750
2015-08-06,26.24,26.54,25.63,26.1,63767400
2015-08-07,26.1,26.45,26.01,26.2,37916380
2015-08-10,26.29,26.5,26.0,26.11,34011360
2015-08-11,26.0,26.0,24.57,24.68,88272480
2015-08-12,25.44,25.79,24.61,24.91,151726840
2015-08-13,25.34,25.39,23.23,23.36,137645600
2015-08-14,23.43,23.92,22.9,23.76,90653290
2015-08-17,23.85,24.85,23.42,24.68,85244520
2015-08-18,24.81,25.49,24.66,25.24,98050640
2015-08-19,25.01,25.34,24.68,24.98,43040850
2015-08-20,24.77,24.84,24.05,24.16,46263340
2015-08-21,23.85,23.85,23.15,23.73,52470420
2015-08-24,22.93,22.93,20.26,20.61,117114890
2015-08-25,21.0,21.79,20.01,21.34,142069320
2015-08-26,21.3,21.97,20.9,21.57,83366830
2015-08-27,22.0,22.98,21.51,22.64,142271290
2015-08-28,23.26,23.46,22.32,22.9,93872480
2015-08-31,22.53,22.87,22.36,22.54,57823370
2015-09-01,22.2,22.63,21.31,21.63,64752490
2015-09-02,21.89,22.59,21.03,21.95,89097700
2015-09-03,22.34,23.27,22.21,22.98,70830000
2015-09-04,22.89,22.89,21.7,21.89,72298500
2015-09-07,22.13,22.4,21.51,21.59,49338770
2015-09-08,21.86,23.3,21.73,22.88,82369190
2015-09-09,23.6,24.18,23.24,23.95,88240070
2015-09-10,23.64,24.3,23.16,24.02,72523700
2015-09-11,24.34,24.35,23.09,23.3,59095350
2015-09-14,23.4,24.33,23.4,24.18,71591390
2015-09-15,24.18,24.39,22.85,22.91,91482590
2015-09-16,23.2,23.34,22.71,23.05,71916060
2015-09-18,23.4,23.54,22.74,22.81,76297060
2015-09-21,22.63,22.93,22.31,22.65,53744160
2015-09-22,22.8,22.89,21.92,22.01,50984810
2015-09-23,21.44,22.41,21.4,22.1,71945800
2015-09-24,22.0,22.08,21.43,21.51,56344160
2015-09-28,21.77,21.84,20.85,20.93,57306080
2015-09-29,20.5,20.67,19.97,20.14,120856560
2015-09-30,20.69,21.44,20.55,21.26,92918800
2015-10-01,21.5,21.55,21.02,21.23,48729620
2015-10-05,21.49,22.58,21.42,22.5,81213420
2015-10-06,22.77,22.9,22.32,22.75,73598210
2015-10-07,22.5,23.77,22.36,23.68,98385090
2015-10-08,23.79,24.27,23.62,24.08,89155020
2015-10-09,24.24,25.3,24.22,25.11,105200460
2015-10-12,25.51,26.2,24.98,25.09,105700750
2015-10-13,24.8,24.86,24.33,24.5,58212950
2015-10-14,24.4,25.3,24.36,24.84,62901820
2015-10-15,24.91,25.72,24.81,25.52,70080490
2015-10-16,25.59,25.67,24.84,25.29,53265860
2015-10-19,25.31,25.41,24.68,24.84,44783580
2015-10-20,24.7,24.89,24.0,24.08,52485090
2015-10-21,24.17,24.65,23.83,24.44,80422030
2015-10-23,24.74,25.16,24.41,24.6,50058010
2015-10-26,24.74,25.16,24.63,24.97,41880320
2015-10-27,24.89,25.03,24.41,24.59,34036550
2015-10-28,24.45,24.85,24.4,24.72,34369740
2015-10-29,24.63,25.15,24.47,24.76,45890320
2015-10-30,24.84,25.48,24.51,24.66,61732600
2015-11-02,24.65,24.66,23.63,23.89,49095960
2015-11-03,24.17,24.3,23.49,23.57,44927690
2015-11-04,23.91,24.0,23.39,23.54,48613480
2015-11-05,23.6,23.6,22.43,22.54,88016390
2015-11-06,21.89,22.19,21.51,22.02,99063660
2015-11-09,21.5,22.44,21.26,22.23,62726380
2015-11-10,22.08,22.23,21.72,21.81,45364100
2015-11-11,22.05,22.18,21.98,22.05,7721620
2015-11-13,21.87,22.36,21.66,22.26,44269750
2015-11-16,22.29,23.19,22.02,23.06,69233270
2015-11-17,23.19,23.58,23.09,23.45,52409480
2015-11-18,23.41,23.5,22.52,22.59,52836080
2015-11-19,22.75,22.97,22.56,22.88,36611200
2015-11-20,22.81,23.27,22.81,23.0,38594050
2015-11-23,23.09,23.09,22.31,22.44,41023780
2015-11-24,22.34,22.64,22.25,22.44,41790130
2015-11-26,22.55,23.0,22.42,22.79,45880730
2015-11-27,22.79,23.5,22.76,23.13,53930870
2015-11-30,23.24,23.44,22.88,22.96,45567960
2015-12-01,23.08,23.85,23.03,23.76,65865980
2015-12-02,24.0,24.59,23.81,24.39,88583860
2015-12-03,24.01,24.35,23.68,24.01,71078670
2015-12-04,23.81,24.43,23.71,24.02,55381180
2015-12-07,24.48,24.75,24.25,24.36,49364260
2015-12-08,24.2,24.31,23.35,23.48,45459210
2015-12-09,23.4,23.59,22.49,22.69,47276740
2015-12-10,22.73,23.48,22.65,23.3,48048370
2015-12-11,23.51,24.39,23.51,24.09,119224350
2015-12-14,23.9,24.89,23.84,24.5,113144710
2015-12-15,24.7,24.73,24.13,24.44,52188120
2015-12-16,24.66,24.86,24.21,24.47,57598970
2015-12-17,24.69,25.8,24.61,25.71,121122930
2015-12-18,25.65,25.8,25.4,25.57,69442090
2015-12-21,25.55,26.14,25.47,25.85,61952370
2015-12-22,25.9,26.18,25.65,25.74,45442560
2015-12-23,26.23,26.64,26.23,26.45,77029010
2015-12-24,26.6,26.6,26.06,26.34,38437960
2015-12-28,26.4,26.43,25.3,25.41,53176170
2015-12-29,25.58,25.72,25.34,25.53,38005230
2015-12-30,25.64,26.18,25.51,25.87,68127280
2015-12-31,26.0,26.08,25.7,25.98,44466900
2016-01-01,25.9,25.99,25.34,25.74,31515670
2016-01-04,25.5,26.32,25.31,25.69,69814000
2016-01-05,25.75,27.64,25.75,27.43,150089210
2016-01-06,27.28,27.46,26.6,26.88,74547250
2016-01-07,26.3,26.33,24.82,24.99,95037200
2016-01-08,25.2,25.63,24.91,25.36,62994650
2016-01-11,24.7,25.34,24.43,25.16,60853630
2016-01-12,25.31,25.53,24.32,24.58,54253520
2016-01-13,24.85,25.18,23.7,24.66,74824780
2016-01-14,23.5,24.26,23.15,23.88,88848020
2016-01-15,24.25,24.3,22.81,22.97,59916450
2016-01-18,22.98,24.4,22.52,23.59,84174210
2016-01-19,23.76,24.09,23.13,23.8,63041020
2016-01-20,23.28,23.4,22.65,23.2,54868120
2016-01-21,23.47,23.94,23.13,23.56,62453160
2016-01-22,23.83,25.08,23.76,24.78,65107610
2016-01-25,24.9,25.64,24.88,25.49,55765430
2016-01-27,25.5,25.99,25.34,25.76,62356650
2016-01-28,25.7,25.85,25.24,25.42,60167040
2016-01-29,25.47,25.88,24.75,24.97,67479650
2016-02-01,24.89,25.5,24.65,24.93,44207170
2016-02-02,25.02,25.1,23.01,23.15,83884730
2016-02-03,22.79,23.39,22.15,22.4,77915220
2016-02-04,22.44,22.86,21.9,22.59,117094220
2016-02-05,21.6,23.83,21.6,23.39,258033990
2016-02-08,23.86,24.4,23.2,23.41,103324410
2016-02-09,23.09,23.73,23.01,23.55,75628510
2016-02-10,23.49,23.77,22.71,23.57,76160290
2016-02-11,23.59,23.73,22.09,22.45,61516700
2016-02-12,22.6,22.94,21.11,21.75,93737510
2016-02-15,22.2,24.8,22.2,24.67,136023320
2016-02-16,24.96,25.16,24.32,24.49,91468310
2016-02-17,24.5,25.29,23.8,25.13,82954210
2016-02-18,25.5,25.65,24.32,25.09,94593290
2016-02-19,24.85,25.44,24.69,25.33,67706180
2016-02-22,25.36,25.75,25.17,25.52,48103350
2016-02-23,25.58,26.16,25.21,25.36,84523580
2016-02-24,25.06,25.38,24.69,24.79,47438230
2016-02-25,24.71,24.99,24.46,24.82,55881680
2016-02-26,24.95,25.17,24.32,24.84,53368370
2016-02-29,24.69,26.36,24.51,24.91,98504350
2016-03-01,25.0,25.82,24.66,25.7,71112260
2016-03-02,26.0,26.95,25.95,26.75,76456200
2016-03-03,27.3,28.9,27.21,28.7,175330770
2016-03-04,28.9,29.12,28.45,28.85,91701660
2016-03-08,28.78,29.67,28.7,29.18,92815980
2016-03-09,28.35,29.65,28.13,29.54,101584310
2016-03-10,29.63,30.13,29.33,29.67,85569680
2016-03-11,29.6,29.82,29.04,29.4,76336680
2016-03-14,29.6,30.02,29.52,29.67,44453170
2016-03-15,29.7,30.2,29.41,30.05,69780510
2016-03-16,30.0,30.27,29.42,29.95,70393720
2016-03-17,30.45,30.57,29.49,29.59,80055260
2016-03-18,29.97,30.27,29.7,30.22,73144880
2016-03-21,30.2,30.6,30.07,30.35,56517100
2016-03-22,30.31,31.18,30.14,30.98,65790690
2016-03-23,31.18,31.79,31.05,31.72,63777720
2016-03-28,31.84,31.84,29.74,29.91,90697820
2016-03-29,30.0,30.77,30.0,30.39,59371620
2016-03-30,30.95,32.58,30.53,32.43,124388990
2016-03-31,32.49,32.49,31.44,31.97,133499250
2016-04-01,31.76,31.99,31.34,31.77,55700190
2016-04-04,31.58,32.31,31.47,32.03,51679200
2016-04-05,31.7,31.94,30.83,31.23,57232530
2016-04-06,31.5,33.2,31.35,32.85,145910570
2016-04-07,32.99,33.28,32.21,32.37,86094540
2016-04-08,32.31,32.48,31.9,32.21,60809530
2016-04-11,32.2,33.33,32.01,33.12,90148300
2016-04-12,32.39,33.09,31.8,32.45,111102850
2016-04-13,32.75,33.62,32.6,33.28,102844150
2016-04-18,33.19,33.73,32.76,33.56,71929870
2016-04-20,33.8,35.93,33.77,35.75,183821960
2016-04-21,35.88,36.4,35.31,35.45,103506470
2016-04-22,35.8,36.38,35.23,35.37,120958710
2016-04-25,35.25,35.37,34.45,34.75,61596230
2016-04-26,34.72,36.06,34.71,35.86,83453020
2016-04-27,35.89,36.24,35.42,35.67,60275400
2016-04-28,35.7,36.2,34.62,34.76,100791740
2016-04-29,34.77,35.39,34.27,35.11,78045510
2016-05-02,34.9,35.1,34.44,34.7,41813060
2016-05-03,34.88,35.56,34.7,34.89,63746810
2016-05-04,34.6,34.73,32.74,32.88,79575570
2016-05-05,32.9,33.48,32.42,33.18,83359490
2016-05-06,33.0,33.15,32.51,32.93,53628160
2016-05-09,33.0,33.5,32.72,32.87,46583950
2016-05-10,33.09,33.73,32.51,32.81,107500890
2016-05-11,31.99,33.2,31.91,32.98,56877050
2016-05-12,33.13,33.22,32.66,33.06,47066340
2016-05-13,32.7,32.94,32.12,32.26,56025570
2016-05-16,32.31,32.73,31.94,32.64,39308070
2016-05-17,32.88,33.12,32.44,32.72,48797610
2016-05-18,32.57,33.02,32.31,32.9,37595290
2016-05-19,32.65,33.74,32.5,32.63,65107270
2016-05-20,32.62,32.71,32.11,32.26,46110920
2016-05-23,32.47,32.58,31.25,31.35,63972000
2016-05-24,31.35,31.85,31.13,31.77,50228840
2016-05-25,32.0,32.65,31.82,32.46,55238860
2016-05-26,32.0,32.94,32.0,32.52,128924260
2016-05-27,32.6,33.2,32.45,32.96,44044790
2016-05-30,33.2,33.46,32.15,32.24,66180990
2016-05-31,32.45,33.75,32.03,33.44,100420110
2016-06-01,33.59,33.96,32.94,33.22,64830310
2016-06-02,33.2,34.19,33.03,34.06,55729830
2016-06-03,34.4,34.83,33.64,33.85,88323880
2016-06-06,33.5,34.07,33.22,33.78,49697840
2016-06-07,33.95,34.39,33.7,34.26,38986200
2016-06-08,34.33,34.65,33.85,34.15,44666500
2016-06-09,34.0,34.67,34.0,34.2,59359100
2016-06-10,34.2,34.45,33.35,33.44,55064260
2016-06-13,32.83,33.0,32.1,32.31,65766860
2016-06-14,32.5,32.75,32.13,32.5,40085660
2016-06-15,32.61,33.15,32.38,33.03,41341840
2016-06-16,32.95,33.35,32.41,33.05,64909050
2016-06-17,33.3,33.35,32.38,32.55,57028810
2016-06-20,32.44,33.7,32.28,33.63,62007420
2016-06-21,33.6,33.77,33.28,33.4,34909520
2016-06-22,33.4,33.4,32.7,33.25,46270910
2016-06-23,33.15,33.6,32.76,33.4,46844940
2016-06-24,30.71,31.64,29.63,31.26,144107100
2016-06-27,30.98,31.25,30.75,31.05,65790790
2016-06-28,31.15,31.44,30.7,31.15,79260860
2016-06-29,31.4,31.7,31.26,31.36,56160120
2016-06-30,31.57,32.42,31.52,32.2,63922340
2016-07-01,32.65,33.09,32.64,32.81,49942510
2016-07-04,32.87,33.39,32.8,33.13,32327960
2016-07-05,33.25,33.74,33.03,33.37,39433900
2016-07-07,33.42,33.73,31.63,31.77,101267800
2016-07-08,31.5,31.94,31.21,31.84,77644790
2016-07-11,32.5,32.97,31.97,32.7,76924590
2016-07-12,33.0,34.39,32.9,34.23,98865860
2016-07-13,34.47,35.87,34.43,35.78,133458220
2016-07-14,35.88,36.14,35.34,35.93,79708750
2016-07-15,35.93,37.44,35.67,37.29,134311690
2016-07-18,37.35,37.94,36.35,36.56,76974160
2016-07-19,36.8,37.17,36.24,37.03,82460480
2016-07-20,37.22,37.3,36.64,36.85,59072170
2016-07-21,37.0,37.0,36.11,36.23,53433590
2016-07-22,36.23,36.89,35.65,36.55,73729100
2016-07-25,36.5,36.78,36.22,36.37,56764350
2016-07-26,36.39,37.5,36.31,36.78,77987630
2016-07-27,36.89,37.05,35.41,36.31,103590010
2016-07-28,35.8,35.92,34.87,34.99,105267090
2016-07-29,35.1,35.9,35.1,35.51,83492270
2016-08-01,35.62,36.66,35.42,36.49,100823350
2016-08-02,36.65,37.07,36.01,36.19,81080080
2016-08-03,36.47,36.65,35.49,35.81,57467620
2016-08-04,36.04,37.49,35.74,37.38,96393680
2016-08-05,37.8,38.3,37.65,38.17,91178900
2016-08-08,38.24,38.45,37.63,37.95,66624120
2016-08-09,37.9,38.25,37.36,37.53,56185460
2016-08-10,37.79,37.94,36.81,37.03,45940090
2016-08-11,37.03,37.36,36.15,36.84,44195280
2016-08-12,37.0,37.84,36.94,37.48,44110190
2016-08-16,37.5,38.1,37.31,37.92,61041270
2016-08-17,38.0,39.3,38.0,39.19,93531310
2016-08-18,39.25,39.39,38.51,38.72,59203980
2016-08-19,38.92,39.47,38.35,39.22,89472140
2016-08-22,39.15,39.15,38.45,38.81,55634300
2016-08-23,38.8,39.1,37.81,38.51,67208350
2016-08-24,38.56,38.73,37.88,38.0,42618680
2016-08-25,38.17,38.23,37.05,37.23,47736910
2016-08-26,37.5,37.6,36.73,36.95,43117890
2016-08-29,36.89,37.55,36.78,37.38,37182400
2016-08-30,37.53,37.95,37.5,37.78,38044360
2016-08-31,37.8,38.14,36.88,37.01,45303610
2016-09-01,37.13,37.77,36.95,37.46,44534090
2016-09-02,37.6,37.62,37.04,37.42,28242970
2016-09-06,37.5,38.67,37.44,38.58,58285070
2016-09-07,38.71,39.42,38.66,39.0,69650260
2016-09-08,39.03,40.86,39.03,40.3,112347440
2016-09-09,40.49,40.69,39.33,39.46,59628510
2016-09-12,38.5,38.59,37.06,37.33,67173650
2016-09-14,37.0,37.8,36.31,37.39,111053690
2016-09-15,37.4,37.51,36.38,36.64,48750400
2016-09-16,36.95,37.19,35.76,35.89,60757500
2016-09-19,36.0,36.4,35.53,36.17,51216110
2016-09-20,36.43,37.0,35.92,36.56,56978100
2016-09-21,36.53,37.25,36.53,36.98,68689670
2016-09-22,37.77,37.98,37.28,37.73,66694140
2016-09-23,37.74,37.84,37.1,37.2,44618710
2016-09-26,37.14,37.65,36.84,36.98,43516380
2016-09-27,37.26,37.46,36.66,36.8,44039770
2016-09-28,36.83,38.22,36.83,38.03,63389680
2016-09-29,38.34,38.39,36.5,36.88,133610860
2016-09-30,36.78,37.75,36.33,37.42,55061570
2016-10-03,37.69,38.48,37.63,38.28,44808100
2016-10-04,38.6,39.3,38.24,39.12,85234320
2016-10-05,39.52,39.65,38.9,39.07,51548520
2016-10-06,39.28,39.59,38.65,38.99,77304320
2016-10-07,39.29,40.76,39.02,40.65,116103840
2016-10-10,40.99,42.07,40.9,41.84,116423730
2016-10-13,41.4,42.04,40.88,41.38,111060520
2016-10-14,41.6,41.75,40.95,41.23,52753900
2016-10-17,41.22,41.58,40.76,41.08,67129350
2016-10-18,41.44,42.65,41.21,42.5,75848840
2016-10-19,42.6,42.78,42.12,42.6,49737220
2016-10-20,42.78,43.19,42.53,42.85,50626460
2016-10-21,42.7,42.85,42.17,42.72,41246800
2016-10-24,42.75,43.14,42.5,42.6,28819880
2016-10-25,41.0,41.92,40.84,41.53,86969960
2016-10-26,41.44,41.88,39.09,39.86,83024770
2016-10-27,38.8,40.0,38.34,39.72,137097310
2016-10-28,39.88,40.65,39.74,40.55,67881660
2016-10-30,40.7,40.8,40.25,40.47,6371630
2016-11-01,40.49,42.4,40.11,41.77,94737370
2016-11-02,40.6,41.64,40.6,41.34,74101520
2016-11-03,41.1,41.97,39.87,40.33,84941550
2016-11-04,40.39,40.76,39.83,40.31,50963050
2016-11-07,40.63,41.53,40.63,41.26,45163240
2016-11-08,41.4,41.54,40.55,40.87,32534170
2016-11-09,38.0,40.39,37.7,39.94,59122500
2016-11-10,40.8,43.93,40.8,43.7,108980340
2016-11-11,43.25,44.15,42.4,42.65,87332090
2016-11-15,41.15,41.8,39.1,39.31,92535170
2016-11-16,39.7,40.14,38.09,39.28,82307180
2016-11-17,39.35,39.86,38.7,39.28,43617630
2016-11-18,39.01,41.24,38.13,38.51,46601470
2016-11-21,38.55,38.96,36.63,37.15,65662710
2016-11-22,37.67,37.97,37.28,37.81,41434380
2016-11-23,38.1,39.48,38.01,39.27,51242180
2016-11-24,38.7,40.07,38.56,39.81,71170770
2016-11-25,39.9,41.35,39.75,40.88,70904910
2016-11-28,40.79,41.17,40.25,40.66,46792090
2016-11-29,41.5,41.76,40.78,40.9,60153150
2016-11-30,40.97,41.6,40.43,41.51,53784150
2016-12-01,41.74,41.85,40.78,40.96,30738590
2016-12-02,40.59,41.19,40.44,40.64,36231390
2016-12-05,40.76,41.46,40.45,41.35,35001120
2016-12-06,41.4,42.07,41.2,41.85,38834700
2016-12-07,41.93,42.14,40.87,41.19,47003560
2016-12-08,41.77,43.28,41.7,43.13,94456950
2016-12-09,43.27,43.53,42.84,43.06,40945320
2016-12-12,42.89,43.05,42.31,42.42,24915980
2016-12-13,42.9,42.9,41.75,42.11,31951580
2016-12-14,42.2,42.62,41.67,41.78,32472690
2016-12-15,41.56,42.74,41.28,41.93,44541820
2016-12-16,42.28,42.28,41.25,41.4,35478890
2016-12-19,41.1,41.63,40.91,41.03,23473830
2016-12-20,41.18,41.4,40.11,40.35,35410800
2016-12-21,40.5,40.83,40.14,40.45,27473020
2016-12-22,40.45,40.59,39.03,39.22,40844540
2016-12-23,39.35,39.56,38.7,39.09,39921310
2016-12-26,38.85,38.96,37.85,38.01,32321180
2016-12-27,38.2,39.47,37.74,39.24,38940410
2016-12-28,39.34,39.38,38.65,38.85,39401850
2016-12-29,38.85,39.39,38.73,39.24,34220170
2016-12-30,39.3,39.54,38.81,39.13,30550220
2017-01-02,39.35,40.84,38.89,40.67,55781290
2017-01-03,40.7,40.89,40.13,40.33,33388060
2017-01-04,40.41,40.9,40.14,40.55,33440430
2017-01-05,40.91,42.25,40.73,41.93,71962790
2017-01-06,42.05,42.54,41.56,41.95,41380780
2017-01-09,42.37,42.42,41.94,42.2,31227690
2017-01-10,42.27,43.25,42.26,43.19,51185650
2017-01-11,43.53,45.1,43.47,44.83,114312500
2017-01-12,44.9,45.12,44.33,44.76,53614740
2017-01-13,45.0,45.04,44.12,44.64,42321510
2017-01-16,44.42,45.95,44.33,45.85,66759500
2017-01-17,45.9,45.96,45.09,45.42,33427170
2017-01-18,45.48,47.0,45.42,46.84,91169320
2017-01-19,46.87,46.88,46.24,46.72,34450690
2017-01-20,46.6,46.78,45.26,45.45,49273210
2017-01-23,45.09,46.4,45.06,46.18,43499750
2017-01-24,46.2,46.65,45.85,46.42,37317890
2017-01-25,46.7,47.67,46.61,46.95,63075710
2017-01-27,46.99,47.38,46.34,46.93,49774140
2017-01-30,46.85,46.85,46.01,46.2,33227490
2017-01-31,46.02,47.14,46.01,46.31,45437710
2017-02-01,46.4,47.59,45.72,47.46,55726160
2017-02-02,47.35,48.09,46.63,47.7,59881170
2017-02-03,47.69,48.0,46.81,47.28,52847570
2017-02-06,47.44,47.76,46.92,47.34,48068690
2017-02-07,47.51,47.98,47.01,47.28,48366310
2017-02-08,48.5,48.54,46.75,47.06,112874450
2017-02-09,46.97,47.34,45.65,45.99,64857650
2017-02-10,46.7,47.18,46.06,46.82,79120910
2017-02-13,47.31,47.7,47.01,47.26,48987800
2017-02-14,47.39,47.49,46.61,47.24,32517000
2017-02-15,47.27,47.48,45.73,46.01,42287090
2017-02-16,46.47,47.15,45.56,47.0,48203690
2017-02-17,47.23,47.49,46.67,46.82,39221220
2017-02-20,46.8,48.9,46.48,48.7,84411560
2017-02-21,48.9,49.59,48.5,49.1,80637160
2017-02-22,49.05,49.15,48.06,48.4,50105360
2017-02-23,48.51,48.79,47.81,48.58,48104640
2017-02-27,48.52,48.81,47.95,48.06,27308870
2017-02-28,48.15,48.58,48.05,48.27,34028860
2017-03-01,48.5,50.25,48.34,50.03,77165710
2017-03-02,50.2,50.56,49.23,49.47,57225500
2017-03-03,49.45,49.78,48.95,49.51,33579020
2017-03-06,49.51,50.1,49.03,49.27,41534290
2017-03-07,49.35,49.4,48.06,48.2,51231930
2017-03-08,48.49,48.64,47.01,47.25,59353120
2017-03-09,47.19,47.53,46.77,46.95,44957870
2017-03-10,46.85,47.44,46.22,46.78,45236120
2017-03-14,47.9,47.9,47.05,47.26,55655740
2017-03-15,47.4,48.0,47.04,47.9,55618660
2017-03-16,48.49,50.1,48.2,49.97,103917570
2017-03-17,50.39,50.88,49.81,50.22,68003120
2017-03-20,50.25,50.27,49.2,49.67,39955400
2017-03-21,49.69,50.13,49.24,49.64,49676850
2017-03-22,49.0,49.38,48.64,48.81,46523500
2017-03-23,48.75,49.66,48.75,49.55,41269380
2017-03-24,49.6,49.99,49.11,49.32,30821100
2017-03-27,49.28,49.28,47.47,47.65,61899560
2017-03-28,47.76,48.26,47.7,48.02,43965440
2017-03-29,48.2,48.49,48.03,48.44,32643120
2017-03-30,48.44,48.64,47.58,47.75,46424540
2017-03-31,48.06,48.59,47.9,48.27,32153070
2017-04-03,48.6,48.99,48.28,48.59,31402530
2017-04-05,48.8,49.82,48.67,49.33,49196540
2017-04-06,49.37,50.44,48.4,50.17,50588850
2017-04-07,50.09,50.64,49.06,49.32,53799670
2017-04-10,49.7,49.88,49.04,49.53,29926300
2017-04-11,49.55,49.6,48.63,48.81,40846880
2017-04-12,49.04,49.26,47.6,47.74,50077240
2017-04-13,47.44,47.92,46.22,46.35,59074850
2017-04-17,46.01,46.79,45.98,46.24,37878980
2017-04-18,46.71,47.4,44.8,44.99,73072270
2017-04-19,44.8,45.55,44.2,45.08,94271240
2017-04-20,45.08,45.58,44.83,45.44,40226650
2017-04-21,46.0,46.07,44.91,45.09,46439780
2017-04-24,45.2,45.46,44.71,45.07,49561530
2017-04-25,45.34,45.79,45.13,45.47,42501660
2017-04-26,45.69,46.33,45.08,45.38,46744380
2017-04-27,45.4,45.49,44.4,44.59,61899230
2017-04-28,44.8,45.87,44.59,44.92,62561220
2017-05-02,45.1,45.4,44.34,44.51,46891540
2017-05-03,44.73,45.0,43.76,44.08,50088220
2017-05-04,44.7,44.8,43.61,44.25,65357200
2017-05-05,44.15,44.15,42.8,43.36,57018810
2017-05-08,43.4,43.64,42.81,43.19,55156220
2017-05-09,43.2,44.0,43.13,43.35,47389110
2017-05-10,43.53,43.85,43.31,43.75,35399290
2017-05-11,44.07,44.54,43.97,44.12,55330780
2017-05-12,44.24,44.39,43.26,43.67,57965100
2017-05-15,43.8,45.69,43.78,45.6,97547910
2017-05-16,46.31,46.4,45.53,45.65,102989540
2017-05-17,47.0,49.9,46.58,49.39,494073510
2017-05-18,48.81,49.67,48.36,48.63,133703740
2017-05-19,49.0,49.6,48.03,48.95,90750250
2017-05-22,49.28,49.7,48.44,48.64,62225490
2017-05-23,48.9,49.69,47.76,49.04,97796420
2017-05-24,49.25,49.5,48.15,48.34,72404130
2017-05-25,48.5,48.7,47.67,48.47,64612540
2017-05-26,48.69,51.48,48.56,51.17,162402030
2017-05-29,51.21,52.07,50.62,50.77,67723890
2017-05-30,50.84,51.4,50.42,51.19,40821460
2017-05-31,51.01,51.5,50.25,50.47,43653250
2017-06-01,50.47,50.8,49.4,49.72,38863880
2017-06-02,50.2,50.32,48.81,49.2,56812010
2017-06-05,49.3,49.99,48.7,49.13,47426790
2017-06-06,49.39,49.65,48.85,49.03,41235540
2017-06-07,49.17,49.44,48.7,49.09,32872070
2017-06-08,50.3,51.14,49.76,49.9,119283660
2017-06-09,49.84,50.84,49.59,50.7,63329390
2017-06-12,50.77,51.42,50.55,50.84,52832790
2017-06-13,50.9,51.29,50.55,50.86,59655850
2017-06-14,50.8,50.98,50.12,50.26,46961310
2017-06-15,50.08,50.65,49.92,50.26,40780260
2017-06-16,50.4,50.77,50.12,50.2,34249150
2017-06-19,51.03,52.06,50.75,51.95,95939340
2017-06-20,52.4,52.57,52.05,52.23,59117950
2017-06-21,52.13,52.37,51.57,51.77,42608830
2017-06-22,52.1,52.23,51.2,51.5,38129310
2017-06-23,51.39,51.39,50.27,50.73,39955730
2017-06-27,51.0,51.38,50.38,51.09,45460920
2017-06-28,51.2,52.28,50.94,52.06,68960900
2017-06-29,52.49,53.66,52.2,53.51,96519540
2017-06-30,53.45,54.79,53.01,54.58,84692860
2017-07-03,54.55,55.33,54.2,55.06,64478650
2017-07-04,55.11,55.45,54.44,54.76,50398150
2017-07-05,54.44,55.25,54.4,55.0,47258450
2017-07-06,55.0,55.75,54.9,55.47,65065920
2017-07-07,55.3,55.49,55.09,55.33,41000410
2017-07-10,55.89,56.16,54.91,55.93,10894920
2017-07-11,56.04,56.2,55.52,55.68,49127690
2017-07-12,56.0,56.12,55.5,55.91,40610030
2017-07-13,56.5,56.6,56.02,56.4,42524700
2017-07-14,56.49,56.49,55.67,55.84,46777030
2017-07-17,56.21,56.38,55.71,55.98,24604560
2017-07-18,55.76,56.9,55.7,56.33,34422960
2017-07-19,56.4,57.23,56.33,57.12,32859560
2017-07-20,56.23,56.38,55.63,55.72,32605060
2017-07-21,55.8,55.81,54.37,55.33,32950080
2017-07-24,55.44,55.44,54.73,54.85,21604490
2017-07-25,54.89,55.4,54.88,55.3,28401750
2017-07-26,55.5,56.8,55.41,56.58,70874150
2017-07-27,56.7,56.85,55.81,56.13,40191980
2017-07-28,56.08,56.08,54.85,55.19,24116890
2017-07-31,55.33,57.14,55.33,56.71,56246500
2017-08-01,56.97,57.53,56.86,57.24,50911420
2017-08-02,57.3,57.38,56.55,56.92,29876440
2017-08-03,56.7,56.83,55.76,55.93,32864550
2017-08-04,55.94,58.08,55.93,57.58,33632910
2017-08-07,58.5,60.17,58.4,60.01,110129300
2017-08-08,61.03,62.55,60.6,61.65,200461190
2017-08-09,61.6,62.04,60.25,60.51,52026110
2017-08-10,60.48,61.47,59.81,60.43,76840410
2017-08-11,60.0,60.6,59.13,59.67,85793000
2017-08-14,60.74,62.56,60.5,62.38,85559200
2017-08-16,62.5,63.27,62.05,63.12,73303410
2017-08-17,63.01,63.7,62.41,62.54,46166100
2017-08-18,62.25,62.88,62.01,62.57,33862050
2017-08-21,63.29,63.87,61.91,62.15,41756470
2017-08-22,63.0,63.0,61.44,61.96,36907080
2017-08-23,62.4,63.65,61.65,63.46,39188430
2017-08-24,63.6,64.06,63.06,63.9,49093120
2017-08-28,64.02,64.29,63.18,63.58,35657790
2017-08-29,63.55,64.05,62.8,63.02,34432780
2017-08-30,63.5,64.14,63.41,63.87,35241710
2017-08-31,63.7,64.3,63.22,63.81,65142200
2017-09-01,64.0,65.28,63.9,65.12,61523750
2017-09-04,65.1,65.17,64.15,64.65,24113240
2017-09-05,64.77,65.44,64.72,65.21,31688500
2017-09-06,64.71,65.61,64.55,65.3,27264740
2017-09-07,65.7,65.7,65.03,65.28,25043950
2017-09-08,65.41,66.37,65.18,65.54,47122470
2017-09-11,65.7,66.39,65.26,66.26,32088490
2017-09-12,67.5,69.3,67.45,68.29,103122670
2017-09-13,68.18,68.38,67.57,67.97,23532720
2017-09-14,67.95,68.37,67.21,67.77,19060130
2017-09-15,67.6,68.14,67.15,67.9,32418690
2017-09-18,67.6,68.3,67.11,67.29,22932470
2017-09-19,67.37,68.14,67.3,67.64,37088210
2017-09-20,67.62,69.18,67.44,68.77,87809700
2017-09-21,69.38,69.63,68.12,68.71,61324400
2017-09-22,68.4,68.4,65.1,65.4,44189280
2017-09-25,65.5,65.52,62.31,63.98,70639750
2017-09-26,64.25,65.7,63.88,65.41,39487370
2017-09-27,66.0,66.0,64.31,64.93,49598120
2017-09-28,65.29,65.65,64.27,64.97,65790110
2017-09-29,65.48,65.7,65.0,65.25,28388610
2017-10-03,65.65,66.59,65.65,66.08,28499610
2017-10-04,66.04,66.25,65.44,65.9,27845550
2017-10-05,65.8,66.53,65.75,66.1,15526140
2017-10-06,66.53,69.38,66.5,69.15,94648120
2017-10-09,69.3,70.44,69.16,69.72,56191020
2017-10-10,70.1,70.42,68.51,69.08,41979020
2017-10-11,69.45,69.88,67.33,68.23,41919940
2017-10-12,68.8,69.38,68.14,69.16,45243410
2017-10-13,69.75,71.75,69.5,71.08,96287690
2017-10-16,71.32,71.95,71.17,71.5,42130480
2017-10-17,71.5,71.82,70.85,71.25,28012450
2017-10-18,71.58,71.78,70.71,70.96,34014170
2017-10-19,70.89,71.1,70.29,70.55,4104380
2017-10-23,70.66,71.43,70.57,71.2,27199540
2017-10-24,71.67,72.83,71.4,71.93,45550030
2017-10-25,72.21,72.67,70.95,71.76,31649050
2017-10-26,71.77,73.28,71.58,72.92,56664790
2017-10-27,73.29,73.47,72.26,72.68,27770680
2017-10-30,72.99,73.5,71.32,71.83,50468250
2017-10-31,72.4,72.98,69.72,70.38,135454680
2017-11-01,71.36,71.7,70.36,70.73,54586940
2017-11-02,70.9,70.9,69.75,70.61,31835420
2017-11-03,70.8,71.31,70.37,70.89,32875880
2017-11-06,70.5,71.6,69.93,70.68,39428230
2017-11-07,70.99,71.32,68.64,69.32,44572960
2017-11-08,69.52,70.05,68.4,69.32,35905200
2017-11-09,69.9,70.5,69.35,70.34,25420620
2017-11-10,70.06,70.87,69.57,70.22,28931750
2017-11-13,70.35,70.44,68.71,69.11,32384730
2017-11-14,68.95,69.51,68.17,68.55,36915250
2017-11-15,67.9,68.15,66.93,67.78,42980260
2017-11-16,68.29,68.95,67.62,68.64,24654990
2017-11-17,69.4,70.93,69.4,70.12,40329970
2017-11-20,69.79,70.79,69.02,70.22,32892710
2017-11-21,70.39,71.85,70.2,71.14,36573100
2017-11-22,71.35,71.7,70.63,71.11,22720830
2017-11-23,71.34,71.65,70.72,71.27,36831210
2017-11-24,71.21,71.28,70.33,70.85,19251920
2017-11-27,70.9,70.9,69.9,70.25,18653940
2017-11-28,70.18,71.29,69.72,70.39,25441790
2017-11-29,70.22,71.1,70.22,70.93,30568460
2017-11-30,70.5,70.7,69.0,69.42,39901400
2017-12-01,69.49,69.79,67.7,68.09,39418770
2017-12-04,68.51,69.29,68.05,68.78,23223720
2017-12-05,68.5,68.56,67.1,67.57,33291510
2017-12-06,66.7,67.15,66.07,66.76,42660740
2017-12-07,67.0,69.0,67.0,68.8,40217090
2017-12-08,68.91,71.39,68.52,69.78,75082590
2017-12-11,69.88,70.65,69.47,69.96,22074610
2017-12-12,69.88,70.81,68.61,68.99,39800840
2017-12-13,69.19,69.32,67.58,68.08,36618810
2017-12-14,68.5,68.88,67.11,68.58,31438820
2017-12-15,69.6,70.08,69.11,69.47,31583290
2017-12-18,68.91,71.48,67.4,70.47,50938280
2017-12-19,70.9,71.2,70.52,71.02,20351380
2017-12-20,71.69,71.69,69.19,70.28,73882810
2017-12-21,70.28,71.72,70.1,71.46,48016650
2017-12-22,71.68,71.68,70.71,71.12,33228390
2017-12-26,71.4,72.5,71.2,72.17,60114300
2017-12-27,72.18,72.96,71.79,72.35,36115130
2017-12-28,72.5,73.95,72.46,73.63,115726480
2017-12-29,73.8,74.49,73.0,73.24,28165050
2018-01-01,73.25,73.54,71.95,72.22,18339420
2018-01-02,72.4,73.13,71.53,72.93,24672940
2018-01-03,73.2,73.75,73.13,73.5,26347790
2018-01-04,73.65,76.35,73.2,76.03,80829860
2018-01-05,76.4,77.69,76.25,77.07,71362030
2018-01-08,77.78,77.78,76.5,76.88,25843350
2018-01-09,77.0,78.08,76.7,77.23,31977870
2018-01-10,77.13,77.7,76.29,77.28,29908820
2018-01-11,77.28,77.79,76.83,77.1,19349370
2018-01-12,77.12,77.68,76.0,77.03,21699400
2018-01-15,77.2,79.3,77.1,78.35,41716630
2018-01-16,78.28,78.28,76.01,76.58,27913280
2018-01-17,76.8,77.8,75.7,77.4,29881700
2018-01-18,77.5,77.99,74.62,75.18,46168140
2018-01-19,75.25,76.2,74.25,75.3,32179720
2018-01-22,75.2,75.64,74.74,75.22,36057270
2018-01-23,75.2,78.71,75.2,77.97,80368410
2018-01-24,78.05,78.06,75.72,76.21,49351290
2018-01-25,76.5,77.31,75.83,76.92,83976810
2018-01-29,77.1,79.18,77.02,78.32,65080120
2018-01-30,78.06,78.39,77.13,77.58,60193740
2018-01-31,73.55,74.79,70.17,70.5,129589020
2018-02-01,70.8,71.28,68.16,69.68,74039310
2018-02-02,69.2,69.3,66.61,67.05,65009260
2018-02-05,66.1,67.45,65.05,66.4,46987220
2018-02-06,64.1,67.9,63.26,66.45,67045570
2018-02-07,66.8,68.22,65.7,66.18,67895210
2018-02-08,66.0,67.7,65.4,67.15,58455900
2018-02-09,66.37,69.0,66.02,68.53,91402880
2018-02-12,71.6,71.69,69.74,71.31,120363070
2018-02-14,71.93,72.05,70.46,70.8,48859510
2018-02-15,71.14,71.92,69.72,70.06,51312450
2018-02-16,70.8,70.95,68.36,68.97,50127600
2018-02-19,69.34,69.34,63.9,64.89,176587080
2018-02-20,65.48,66.15,64.82,65.13,102144780
2018-02-21,65.49,65.56,63.3,64.1,103075390
2018-02-22,64.03,64.78,63.28,63.76,89506310
2018-02-23,64.08,68.64,63.9,67.78,218662140
2018-02-26,68.0,69.27,67.32,68.02,91997750
2018-02-27,68.14,68.69,66.92,67.18,68053760
2018-02-28,66.39,67.5,66.0,67.16,71126500
2018-03-01,67.14,68.5,67.0,67.5,71283990
2018-03-05,66.93,66.93,65.18,65.59,97854660
2018-03-06,66.49,67.4,65.65,65.97,84149600
2018-03-07,65.7,66.14,64.47,64.77,51305770
2018-03-08,65.69,66.1,63.27,63.59,71261050
2018-03-09,64.0,64.68,60.15,60.67,180963670
2018-03-12,61.45,62.64,60.64,62.29,121935810
2018-03-13,62.3,63.32,61.43,62.88,104904050
2018-03-14,62.4,63.09,61.86,62.06,86551810
2018-03-15,62.0,62.26,60.96,61.17,75109510
2018-03-16,61.17,61.39,59.44,60.02,117395820
2018-03-19,60.0,60.19,57.28,57.5,125423170
2018-03-20,57.1,60.09,56.85,59.3,176450350
2018-03-21,59.9,60.17,58.05,58.23,119394510
2018-03-22,58.27,58.75,57.2,58.09,114862450
2018-03-23,56.01,56.88,55.35,56.65,141335500
2018-03-26,56.89,58.83,56.08,58.15,109299980
2018-03-27,59.05,59.9,58.76,59.0,100381680
2018-03-28,58.1,58.3,56.53,57.1,186550570
2018-04-02,57.31,58.03,56.81,57.88,68893450
2018-04-03,57.02,58.55,56.83,57.97,105083170
2018-04-04,58.31,59.05,55.76,56.06,139098930
2018-04-05,57.38,58.36,56.95,58.05,132621680
2018-04-06,57.48,58.99,57.3,58.72,85202010
2018-04-09,58.95,59.58,58.34,58.62,94892210
2018-04-10,59.3,60.46,59.23,60.19,108507100
2018-04-11,60.8,61.09,60.03,60.81,87247160
2018-04-12,60.69,60.88,59.67,59.84,66284990
2018-04-13,60.0,60.47,59.04,59.4,67161460
2018-04-16,59.1,59.68,58.52,59.16,51458130
2018-04-17,59.5,60.46,59.2,59.6,64003780
2018-04-18,60.1,60.49,59.46,60.16,42591350
2018-04-19,60.6,62.45,60.6,62.2,108170080
2018-04-20,61.9,61.9,60.26,60.62,63462740
2018-04-23,60.83,61.1,60.01,60.66,45911610
2018-04-24,59.45,60.18,58.94,59.76,59530460
2018-04-25,59.8,59.85,58.43,58.62,41224430
2018-04-26,58.8,59.15,57.67,57.82,74630620
2018-04-27,58.3,59.48,58.13,58.98,47174050
2018-04-30,59.17,59.99,58.6,59.5,36587540
2018-05-02,59.71,59.74,57.3,57.45,42410680
2018-05-03,57.4,58.74,56.81,58.55,67789040
2018-05-04,58.67,58.98,57.92,58.08,38816320
2018-05-07,58.6,59.8,58.1,59.65,45535090
2018-05-08,60.0,60.42,59.05,59.63,41259580
2018-05-09,59.34,60.88,59.26,60.32,62382110
2018-05-10,60.39,60.68,59.12,59.42,40012690
2018-05-11,59.7,61.06,59.12,60.73,61555370
2018-05-14,60.82,61.5,60.23,61.03,51731390
2018-05-15,60.9,63.68,60.55,62.6,128184360
2018-05-16,62.6,63.25,61.7,62.13,84263010
2018-05-17,63.0,63.08,60.22,61.03,160373410
2018-05-18,61.5,61.67,59.03,59.14,82166290
2018-05-21,59.25,60.08,57.48,57.7,71622330
2018-05-22,57.81,58.35,56.95,57.68,60966460
2018-05-23,57.6,57.6,53.74,54.01,171483860
2018-05-24,54.39,55.39,53.65,54.82,87008220
2018-05-25,55.4,57.08,55.2,56.83,88956190
2018-05-28,57.1,57.95,56.51,57.67,52356670
2018-05-29,57.5,58.8,56.93,57.53,64779110
2018-05-30,56.81,58.15,56.76,57.79,62018880
2018-05-31,58.4,58.73,57.2,57.57,66525100
2018-06-01,57.0,57.96,55.63,56.07,92496660
2018-06-04,56.4,57.25,56.03,56.62,87425270
2018-06-05,56.68,57.49,56.06,57.21,46882040
2018-06-06,57.45,58.17,56.92,57.98,44453050
2018-06-07,58.21,60.39,58.19,60.21,92793530
2018-06-08,59.9,60.82,59.2,60.05,83860780
2018-06-11,60.1,60.55,58.63,58.87,51511010
2018-06-12,58.7,58.88,57.72,58.0,85889350
2018-06-13,57.96,58.38,56.6,56.76,90600320
2018-06-14,56.7,57.48,56.1,56.95,74825140
2018-06-15,57.12,57.48,56.2,56.6,62087640
2018-06-18,56.3,56.35,54.73,55.85,105669650
2018-06-19,55.8,56.56,54.95,55.5,94521900
2018-06-20,55.63,56.59,55.33,56.33,66107030
2018-06-21,56.9,56.9,55.61,55.78,84651980
2018-06-22,56.04,56.46,55.61,56.18,62478450
2018-06-25,55.98,56.48,55.63,55.86,38992610
2018-06-26,55.83,55.99,53.83,54.95,102075820
2018-06-27,55.17,55.25,53.91,54.32,56541500
2018-06-28,54.5,55.65,54.4,54.85,86559780
2018-06-29,55.2,56.98,55.1,56.78,94773840
2018-07-02,57.6,58.65,55.63,56.05,157630480
2018-07-03,56.2,57.24,55.35,56.6,112361770
2018-07-04,56.74,57.34,55.95,57.11,68629470
2018-07-05,56.5,56.5,55.2,55.33,60136530
2018-07-06,55.0,56.42,54.63,55.35,66147830
2018-07-09,56.37,56.58,55.48,55.56,74437510
2018-07-10,55.9,57.1,55.69,56.87,100049050
2018-07-11,56.57,56.57,55.42,55.57,61112450
2018-07-12,56.0,56.79,55.32,55.52,84439880
2018-07-13,55.93,56.2,55.3,55.86,55791290
2018-07-16,55.97,55.99,51.7,51.92,111598850
2018-07-17,52.2,53.57,51.3,53.23,107927060
2018-07-18,53.6,53.7,50.1,50.42,164512090
2018-07-19,50.8,51.34,49.3,49.87,168086510
2018-07-20,49.9,50.58,49.5,50.32,72614090
2018-07-23,50.6,51.95,49.83,51.69,68781340
2018-07-24,51.6,52.96,51.6,52.74,83983690
2018-07-25,53.1,53.8,52.9,53.6,67826380
2018-07-26,53.7,54.0,53.13,53.48,74811910
2018-07-27,53.8,55.35,53.63,55.02,64628850
2018-07-30,54.95,55.85,54.73,55.3,47877070
2018-07-31,55.2,56.49,54.35,56.31,63739660
2018-08-01,56.28,56.76,55.13,55.58,60679920
2018-08-02,55.27,56.09,54.06,55.43,94930990
2018-08-03,55.64,56.0,55.07,55.45,55706900
2018-08-06,55.9,56.49,55.13,55.33,55438810
2018-08-07,55.73,57.67,55.37,57.32,92858540
2018-08-08,57.83,58.38,57.35,57.75,90084310
2018-08-09,58.0,58.77,57.58,58.6,57576870
2018-08-10,58.6,58.6,57.27,57.67,57254930
2018-08-13,57.5,58.22,56.6,56.88,78568310
2018-08-14,58.7,58.7,56.26,57.9,240305600
2018-08-16,57.0,57.67,56.33,56.76,79071710
2018-08-17,57.2,58.52,57.18,58.02,87432140
2018-08-20,58.3,60.18,58.29,59.94,116623180
2018-08-21,60.23,60.25,58.06,58.22,108737070
2018-08-23,58.49,58.49,57.02,57.17,66768300
2018-08-24,57.03,57.93,56.83,57.56,60602690
2018-08-27,58.19,58.7,57.9,58.12,53919460
2018-08-28,58.25,59.39,57.81,59.03,90212970
2018-08-29,59.03,60.18,58.56,59.42,98855320
2018-08-30,59.23,61.0,59.1,60.83,102836570
2018-08-31,60.82,61.45,59.91,60.05,86333540
2018-09-03,60.3,61.0,59.8,60.08,54791330
2018-09-04,60.09,60.45,59.06,59.31,60995720
2018-09-05,59.0,59.7,58.12,59.44,57911570
2018-09-06,59.8,60.78,59.45,60.03,66897160
2018-09-07,60.23,62.2,59.7,61.92,94458360
2018-09-10,62.0,62.5,61.13,61.37,62842580
2018-09-11,61.53,61.7,58.83,59.21,81111720
2018-09-12,59.25,60.72,58.31,60.56,85663840
2018-09-14,61.16,62.05,61.0,61.5,79755590
2018-09-17,61.0,62.44,60.56,61.64,71838910
2018-09-18,61.8,62.45,60.93,61.28,78280630
2018-09-19,61.8,63.08,61.74,62.12,101346270
2018-09-21,63.0,64.76,58.43,62.52,229773790
2018-09-24,61.89,62.63,59.57,60.77,112429140
2018-09-25,60.9,60.9,57.5,60.1,109856240
2018-09-26,60.5,61.42,59.8,60.89,86477200
2018-09-27,61.12,62.08,60.74,61.15,82395420
2018-09-28,61.2,61.2,57.5,58.13,130270070
2018-10-01,58.0,58.58,55.75,58.32,69729490
2018-10-03,58.4,59.44,57.62,57.96,72170630
2018-10-04,57.67,58.78,57.0,58.23,76298400
2018-10-05,58.0,58.6,56.23,56.8,78689670
2018-10-08,56.7,57.0,54.4,55.98,91710480
2018-10-09,56.0,58.39,55.45,57.25,77344340
2018-10-10,57.32,58.78,57.32,58.37,71533140
2018-10-11,55.7,56.4,54.9,55.52,104016430
2018-10-12,56.08,57.88,55.81,57.65,57334070
2018-10-15,57.83,57.95,56.65,57.0,41001830
2018-10-16,57.11,58.4,56.96,57.28,56605680
2018-10-17,57.81,57.95,55.21,55.47,50205760
2018-10-19,55.3,56.26,54.5,55.5,77181960
2018-10-22,55.9,56.12,54.15,54.48,51019510
2018-10-23,54.0,55.0,53.52,54.56,46346880
2018-10-24,55.2,55.46,54.14,55.01,42196170
2018-10-25,54.47,55.06,54.0,54.58,44678590
2018-10-26,54.76,56.16,54.11,55.15,60994130
2018-10-29,55.65,57.55,55.23,57.37,57383130
2018-10-30,57.13,57.2,56.31,56.45,40153190
2018-10-31,55.5,55.78,52.93,55.38,140703330
2018-11-01,55.58,56.39,55.4,55.66,54690570
2018-11-02,56.1,58.24,56.07,57.4,79794570
2018-11-05,57.4,58.36,56.75,57.75,45358560
2018-11-06,57.96,58.44,57.0,57.58,39102740
2018-11-07,58.1,58.23,57.9,58.03,4138710
2018-11-09,57.93,57.93,56.85,57.22,43487160
2018-11-12,57.35,58.97,57.22,58.28,81209960
2018-11-13,58.3,59.15,57.91,58.92,76264870
2018-11-14,60.5,61.06,58.43,58.91,216492890
2018-11-15,59.03,59.69,58.15,58.93,63895210
2018-11-16,59.0,59.1,56.95,57.41,74569270
2018-11-19,57.75,58.38,57.4,58.24,48892870
2018-11-20,57.7,57.8,56.2,56.33,76363680
2018-11-21,56.2,56.2,55.0,55.14,112428980
2018-11-22,55.2,55.36,53.82,53.97,85416120
2018-11-26,54.4,54.4,52.17,53.07,100037870
2018-11-27,52.97,52.99,51.25,52.23,157909070
2018-11-28,52.23,52.89,51.87,52.4,113524660
2018-11-29,53.2,53.88,52.92,53.35,139293320
2018-11-30,53.5,53.68,52.55,52.95,78540710
2018-12-03,54.12,55.27,53.58,53.81,120923650
2018-12-04,53.27,54.05,53.22,53.82,61538100
2018-12-05,53.3,53.3,51.5,51.77,70780820
2018-12-06,51.33,52.17,50.1,51.02,129667140
2018-12-07,51.07,51.49,50.32,50.93,82529270
2018-12-10,49.94,50.95,49.7,50.28,54147050
2018-12-11,49.56,50.37,48.62,50.08,112425720
2018-12-12,50.6,52.25,50.55,52.03,81419830
2018-12-13,52.81,52.81,50.8,51.23,68100950
2018-12-14,51.1,51.78,50.65,51.35,51559800
2018-12-17,51.8,52.53,51.64,52.4,48048540
2018-12-18,52.3,52.84,51.96,52.7,56735270
2018-12-19,52.79,53.25,52.46,52.74,49280430
2018-12-20,52.0,52.7,52.0,52.33,35173350
2018-12-21,52.42,53.2,51.83,52.02,59696700
2018-12-24,51.8,52.07,51.2,51.37,43294400
2018-12-26,50.9,51.73,50.44,51.35,49537410
2018-12-27,51.8,51.98,50.5,50.65,50169310
2018-12-28,50.82,51.65,50.81,51.28,63074080
2018-12-31,52.0,52.5,51.62,52.1,79658120
2019-01-01,52.4,52.45,51.35,51.58,41281730
2019-01-02,50.6,50.68,49.2,49.37,117473500
2019-01-03,49.3,49.31,48.03,48.13,135329440
2019-01-04,48.1,49.28,47.95,48.76,104800720
2019-01-07,49.54,50.1,48.39,48.55,84067870
2019-01-08,48.56,49.34,48.38,49.14,62697060
2019-01-09,48.9,49.73,47.53,47.92,126966600
2019-01-10,48.0,48.42,47.75,48.04,70810000
2019-01-11,48.4,48.42,47.2,47.42,75408240
2019-01-14,47.42,47.44,46.68,47.09,58899170
2019-01-15,47.3,47.65,46.9,47.51,76031810
2019-01-16,47.61,47.99,47.27,47.45,52802930
2019-01-17,47.63,47.83,47.05,47.31,42819350
2019-01-18,47.35,47.77,46.8,47.06,49148490
2019-01-21,47.3,47.75,47.01,47.17,46136900
2019-01-22,47.07,47.07,45.5,45.65,89577660
2019-01-23,45.7,46.78,45.7,46.46,72593860
2019-01-24,46.45,46.45,45.72,46.08,47908460
2019-01-25,46.22,46.58,45.12,45.29,41579670
2019-01-28,45.29,45.4,44.33,44.57,43351470
2019-01-29,44.4,45.22,44.14,44.38,52257240
2019-01-30,44.67,47.14,44.67,46.75,108579250
2019-01-31,47.2,47.89,46.76,47.67,92437290
2019-02-01,47.7,48.2,47.0,47.47,50159940
2019-02-04,47.49,47.86,45.2,47.6,109720290
2019-02-05,47.7,47.7,45.95,46.47,72819270
2019-02-06,46.6,48.67,46.38,48.51,109992650
2019-02-07,48.35,49.14,47.81,48.9,78573380
2019-02-08,48.3,48.78,46.6,46.88,84145140
2019-02-11,47.5,48.7,46.03,48.07,232623140
2019-02-12,47.84,49.72,47.67,48.74,188361110
2019-02-13,49.0,49.34,48.2,48.4,84032650
2019-02-14,48.2,48.64,47.54,48.26,61850420
2019-02-15,48.3,48.34,46.26,46.75,74992400
2019-02-18,46.89,47.7,46.44,46.56,62535140
2019-02-19,46.54,48.06,46.54,47.1,82245450
2019-02-20,47.25,49.39,47.25,49.12,154872510
2019-02-21,49.26,50.29,49.03,49.89,117827140
2019-02-22,49.7,50.4,49.21,50.23,100057230
2019-02-25,50.4,50.95,49.83,50.51,103576040
2019-02-26,49.8,50.86,49.17,50.36,98562990
2019-02-27,50.7,51.23,49.8,50.71,94443460
2019-02-28,50.66,51.1,49.83,50.05,74854180
2019-03-01,50.35,50.97,50.2,50.76,66725690
2019-03-05,50.84,52.29,50.52,52.17,91180370
2019-03-06,52.29,52.53,51.55,52.08,63112270
2019-03-07,51.98,52.32,51.35,52.12,61536310
2019-03-08,51.68,51.86,50.63,50.78,65048470
2019-03-11,51.0,52.24,50.95,52.07,59082750
2019-03-12,52.44,53.05,52.1,52.52,82982750
2019-03-13,52.5,52.5,51.26,51.38,64091530
2019-03-14,51.4,52.18,51.35,51.77,44966420
2019-03-15,51.8,52.1,51.25,51.55,42339380
2019-03-18,51.95,52.67,51.53,52.52,63176050
2019-03-19,52.78,53.19,52.07,52.75,63298400
2019-03-20,52.6,52.63,51.1,51.36,87023070
2019-03-22,51.7,52.4,51.56,51.84,52334460
2019-03-25,51.28,51.77,50.7,51.52,50368870
2019-03-26,51.6,52.1,51.42,51.93,33298250
2019-03-27,52.0,52.3,51.31,51.58,52391580
2019-03-28,51.44,51.65,50.48,50.63,89650930
2019-03-29,51.0,52.5,50.81,52.1,119656110
2019-04-01,53.0,54.4,52.81,53.52,135235540
2019-04-02,53.8,53.8,52.6,53.07,50868180
2019-04-03,53.69,54.76,53.35,53.55,114896800
2019-04-04,53.28,53.74,52.65,53.07,52599170
2019-04-05,53.12,55.1,53.12,54.93,100377130
2019-04-08,55.32,55.7,54.58,54.9,106009010
2019-04-09,55.1,55.5,54.03,55.31,66189360
2019-04-10,55.17,55.94,54.17,54.44,78891530
2019-04-11,54.1,54.64,53.35,53.57,60823980
2019-04-12,53.7,54.27,53.22,53.37,62740160
2019-04-15,53.69,55.5,53.6,55.32,103903170
2019-04-16,55.35,55.69,54.92,55.33,63236540
2019-04-18,55.35,55.45,53.67,54.31,66605220
2019-04-22,54.0,54.58,53.31,53.42,36976860
2019-04-23,53.5,53.85,52.15,52.33,51193760
2019-04-24,52.69,52.78,51.27,52.53,83768350
2019-04-25,52.2,52.93,50.9,51.08,83594180
2019-04-26,52.08,54.78,51.56,54.53,381810110
2019-04-30,54.31,56.08,53.57,55.72,142581610
2019-05-02,55.41,56.17,54.95,55.5,90100300
2019-05-03,55.4,55.6,54.66,54.78,58796360
2019-05-06,53.42,54.35,52.75,53.6,99648390
2019-05-07,54.5,54.5,52.9,53.06,65414980
2019-05-08,53.13,53.24,52.16,52.27,64784320
2019-05-09,52.26,52.64,51.63,51.92,51055970
2019-05-10,52.2,52.58,47.9,48.68,372409210
2019-05-13,48.01,48.8,46.34,47.23,159569200
2019-05-14,46.7,47.76,45.63,46.95,211286060
2019-05-15,47.31,48.1,46.06,46.3,126650570
2019-05-16,46.4,47.13,45.51,46.92,112547310
2019-05-17,46.51,47.15,46.1,46.95,70884860
2019-05-20,47.8,49.48,47.67,48.38,84575830
2019-05-21,48.49,48.49,46.88,47.26,63370580
2019-05-22,47.2,48.06,46.74,47.3,83642240
2019-05-23,47.76,48.65,46.2,46.47,93403760
2019-05-24,46.5,48.63,45.84,48.42,108824810
2019-05-27,48.45,51.43,48.35,51.26,182077050
2019-05-28,51.41,51.86,50.52,50.7,99606130
2019-05-29,50.57,51.17,49.19,49.33,85236870
2019-05-30,49.3,49.65,48.6,48.8,72043630
2019-05-31,49.08,49.48,48.1,48.83,102769910
2019-06-03,48.9,50.19,48.51,49.76,85053920
2019-06-04,49.6,50.28,49.19,49.76,62125660
2019-06-06,49.76,50.26,48.3,48.46,72227990
2019-06-07,48.3,48.99,47.58,48.21,68111040
2019-06-10,48.9,49.48,48.31,48.6,68509170
2019-06-11,48.99,49.42,48.7,49.25,65345480
2019-06-12,49.28,50.8,49.01,50.59,127555250
2019-06-13,50.4,50.59,49.65,50.26,72248570
2019-06-14,49.9,50.85,49.7,50.18,66058960
2019-06-17,50.01,50.09,47.2,47.31,119382860
2019-06-18,47.33,47.85,46.37,47.23,106394540
2019-06-19,48.21,49.84,48.21,49.41,188375230
2019-06-20,49.41,50.28,48.99,50.1,78263560
2019-06-21,50.0,50.09,49.45,49.76,61262460
2019-06-24,49.72,49.98,48.19,48.63,72620000
2019-06-25,47.4,49.98,47.4,49.8,136491190
2019-06-26,49.5,51.23,49.03,51.06,129600840
2019-06-27,51.15,51.65,50.67,51.07,119467140
2019-06-28,51.15,51.57,49.91,50.44,87600340
2019-07-01,50.99,51.48,50.31,50.7,85443750
2019-07-02,50.85,51.09,50.21,50.88,57240040
2019-07-03,50.79,51.48,50.46,51.03,69464090
2019-07-04,50.0,50.26,49.38,49.53,72630590
2019-07-05,49.65,49.85,47.53,47.84,76163480
2019-07-08,47.5,47.95,46.52,46.81,80825910
2019-07-09,46.9,47.2,46.26,46.85,68585800
2019-07-10,46.95,47.44,44.81,45.48,134813440
2019-07-11,46.13,46.65,45.37,46.2,99870380
2019-07-12,46.43,47.95,46.03,47.29,132441180
2019-07-15,47.8,47.83,46.34,46.83,78060790
2019-07-16,46.51,47.86,46.41,47.67,64352100
2019-07-17,47.6,47.98,46.85,47.57,54793220
2019-07-18,47.3,47.53,46.39,46.66,52331730
2019-07-19,47.0,47.3,45.33,45.81,72848850
2019-07-22,45.81,46.73,45.12,46.56,69544520
2019-07-23,46.62,46.79,45.67,45.99,55292840
2019-07-24,46.1,46.3,44.31,44.6,83420010
2019-07-25,44.8,45.2,43.83,44.03,75280910
2019-07-26,43.9,44.82,43.56,44.55,65857860
2019-07-29,44.56,44.59,43.1,43.35,78727230
2019-07-30,43.49,44.19,40.62,41.51,94629210
2019-07-31,41.3,43.36,40.95,43.2,115418000
2019-08-01,42.75,43.19,41.48,42.0,94219850
2019-08-02,41.39,41.72,40.46,40.91,134859520
2019-08-05,40.4,40.4,38.97,39.92,112888540
2019-08-06,39.37,40.8,39.37,40.16,101975850
2019-08-07,39.5,39.65,37.59,38.19,133016090
2019-08-08,37.9,37.95,36.06,36.74,228263940
2019-08-09,37.05,37.37,36.09,36.24,133527610
2019-08-13,36.17,36.76,34.53,34.87,147820510
2019-08-14,35.36,37.08,35.34,36.47,187387690
2019-08-16,36.0,36.69,35.55,36.31,119202110
2019-08-19,36.59,36.7,35.72,35.95,98849660
2019-08-20,35.97,36.19,35.31,35.83,93637340
2019-08-21,35.7,35.82,34.19,34.3,114233780
2019-08-22,33.99,34.7,33.04,33.37,154598000
2019-08-23,33.3,34.9,33.03,34.53,112101340
2019-08-26,34.64,34.76,32.22,33.81,237649990
2019-08-27,34.1,35.47,34.01,35.09,173752960
2019-08-28,35.09,35.09,33.34,33.7,126417160
2019-08-29,33.4,34.26,32.86,33.56,134813100
2019-08-30,34.2,34.75,33.72,34.49,179722070
2019-09-03,34.1,34.12,32.9,33.14,92206530
2019-09-04,33.14,34.1,32.73,33.92,129047100
2019-09-05,34.6,35.2,34.23,34.51,142508850
2019-09-06,34.7,35.78,34.28,35.54,115554870
2019-09-09,35.54,36.06,34.81,35.38,143296190
2019-09-11,35.53,36.87,35.52,36.7,136500270
2019-09-12,36.88,37.95,36.3,36.51,188468200
2019-09-13,36.7,36.92,35.78,36.74,116222490
2019-09-16,36.2,36.64,35.86,36.11,80643190
2019-09-17,36.12,36.6,34.2,34.5,131984000
2019-09-18,34.8,36.13,34.53,35.83,162531840
2019-09-19,35.6,35.6,34.01,34.47,136564950
2019-09-20,34.79,38.1,34.41,36.85,267647140
2019-09-23,37.76,38.89,36.9,37.74,163931640
2019-09-24,37.8,37.93,36.82,37.08,95789890
2019-09-25,36.75,36.8,35.76,36.2,91169850
2019-09-26,36.5,37.94,36.34,37.58,140661520
2019-09-27,37.3,37.35,35.8,35.97,105687770
2019-09-30,35.5,36.37,34.56,36.05,147196960
2019-10-01,36.2,36.47,34.41,35.15,125641890
2019-10-03,34.65,34.89,33.85,33.96,121309560
2019-10-04,34.48,34.48,33.11,33.31,114452160
2019-10-07,33.49,33.83,32.35,32.48,124157800
2019-10-09,32.34,33.8,32.03,33.65,147767410
2019-10-10,33.29,33.45,32.8,33.0,115074980
2019-10-11,33.5,34.25,33.2,33.9,171588490
2019-10-14,34.58,35.28,34.3,34.49,167239630
2019-10-15,34.51,35.84,33.87,34.92,179722070
2019-10-16,35.38,35.38,34.53,34.74,128143020
2019-10-17,34.6,36.14,34.03,35.61,166951580
2019-10-18,35.6,36.28,35.17,35.96,165680360
2019-10-22,35.75,36.38,35.3,35.45,119442830
2019-10-23,35.2,35.88,34.92,35.62,93184500
2019-10-24,35.6,36.2,35.38,35.99,109734020
2019-10-25,35.63,36.9,35.6,36.23,149966920
2019-10-27,36.38,36.56,36.31,36.5,10820160
2019-10-29,36.56,39.97,36.56,39.02,251553140
2019-10-30,38.99,39.37,38.43,38.8,143714420
2019-10-31,38.89,39.01,37.62,38.06,217560230
2019-11-01,38.01,40.29,37.8,39.95,24111195
2019-11-04,40.3,42.17,40.3,40.92,28934434
2019-11-05,41.4,41.79,40.16,40.4,20874434
2019-11-06,40.2,40.89,39.87,40.45,179351470
2019-11-07,40.4,40.89,38.88,40.31,407007600
2019-11-08,40.15,40.62,39.51,39.8,214235200
2019-11-11,39.55,40.38,39.4,40.15,135739740
2019-11-13,40.09,40.89,39.27,39.79,175114690
2019-11-14,39.61,39.87,38.94,39.2,108694250
2019-11-15,39.2,40.3,39.06,39.45,118132590
2019-11-18,39.64,41.26,39.6,41.01,189065280
2019-11-19,41.4,41.49,40.0,40.17,142650830
2019-11-20,40.1,40.85,39.73,39.87,122556020
2019-11-21,39.9,39.92,38.33,38.51,102085540
2019-11-22,38.6,40.28,38.31,40.0,172719490
2019-11-25,40.53,42.1,40.3,41.95,276124580
2019-11-26,42.5,42.93,41.67,42.42,282763120
2019-11-27,42.53,42.7,41.92,42.14,109846790
2019-11-28,42.22,43.43,42.22,43.21,157660730
2019-11-29,42.75,42.95,42.11,42.75,126319560
2019-12-02,42.5,42.7,41.9,42.09,83371710
2019-12-03,41.8,41.85,39.64,39.97,168706560
2019-12-04,39.28,41.15,38.9,40.93,261132490
2019-12-05,41.1,41.19,39.71,39.98,111108840
2019-12-06,40.15,40.75,39.39,40.33,169310820
2019-12-09,40.3,41.18,40.2,40.67,123184520
2019-12-10,40.5,40.96,40.02,40.2,93495850
2019-12-11,40.24,40.82,40.03,40.56,82278630
2019-12-12,40.83,42.09,40.68,41.87,149846710
2019-12-13,43.03,43.46,42.35,42.84,216281830
2019-12-16,43.2,43.2,42.01,42.1,95658310
2019-12-17,42.36,44.19,42.31,43.94,307577380
2019-12-18,43.94,45.48,43.6,44.48,400283980
2019-12-19,44.0,44.94,43.8,44.67,205472860
2019-12-20,44.6,46.34,44.31,46.1,269312620
2019-12-23,46.1,46.75,45.7,46.22,186311430
2019-12-24,46.22,46.47,45.94,46.3,112355050
2019-12-26,46.3,47.2,46.3,46.79,182556030
2019-12-27,46.92,47.18,46.32,46.95,111443330
2019-12-30,47.01,47.63,46.51,47.48,114620740
2019-12-31,47.26,47.53,46.95,47.2,96441450
2020-01-01,47.3,47.65,46.48,46.78,121005300
2020-01-02,47.2,48.78,47.2,48.49,216749610
2020-01-03,48.3,48.62,47.95,48.37,129568630
2020-01-06,48.0,48.0,47.06,47.33,96016080
2020-01-07,47.55,48.46,47.35,47.61,131957880
2020-01-08,47.17,47.81,46.7,47.53,133048410
2020-01-09,48.5,48.6,47.91,48.31,101311520
2020-01-10,48.55,49.39,48.0,48.62,159276340
2020-01-13,49.11,49.7,48.78,49.58,109427500
2020-01-14,49.65,50.6,49.58,49.86,156608220
2020-01-15,49.19,50.35,48.92,50.21,121179480
2020-01-16,50.2,50.4,49.21,49.44,104383690
2020-01-17,49.33,49.89,49.19,49.53,56824600
2020-01-20,49.7,49.98,48.92,49.06,72918780
2020-01-21,48.78,48.78,47.35,47.62,113158030
2020-01-22,47.87,47.99,47.32,47.51,76621710
2020-01-23,47.59,48.19,47.31,48.03,72000200
2020-01-24,48.03,48.51,47.65,48.34,74811300
2020-01-27,47.78,47.78,46.01,46.25,129631190
2020-01-28,46.0,46.2,44.2,44.63,180152830
2020-01-29,45.28,45.97,44.96,45.22,110818340
2020-01-30,45.19,45.45,44.14,44.85,146520160
2020-01-31,45.3,45.42,43.65,43.87,107387270
2020-02-01,43.15,44.0,42.01,42.38,129152120
2020-02-03,41.8,43.9,41.66,43.6,162371260
2020-02-04,44.2,45.34,43.35,45.19,133362630
2020-02-05,45.23,47.97,44.8,47.51,160567650
2020-02-06,47.8,48.73,47.16,47.76,166660740
2020-02-07,47.57,47.97,46.89,47.1,116499090
2020-02-10,46.03,46.33,44.0,44.38,267960480
2020-02-11,44.84,45.77,44.27,44.41,168243710
2020-02-12,45.0,45.45,44.26,44.8,117858580
2020-02-13,44.88,45.17,43.94,44.13,99652210
2020-02-14,44.1,44.56,43.34,43.45,94848170
2020-02-17,43.55,44.09,43.3,43.69,97247650
2020-02-18,43.4,43.51,42.13,43.14,115024230
2020-02-19,43.65,43.85,42.81,43.32,84651090
2020-02-20,42.9,44.77,42.8,44.35,129802370
2020-02-24,43.49,43.49,41.34,41.55,175231420
2020-02-25,41.9,42.56,41.44,42.13,145581760
2020-02-26,41.13,41.94,41.13,41.63,142707060
2020-02-27,41.49,41.59,40.7,41.28,102263790
2020-02-28,39.87,39.9,37.5,38.17,245328330
2020-03-02,39.37,39.4,35.8,36.4,202207720
2020-03-03,37.35,39.1,37.01,38.76,186489330
2020-03-04,38.81,38.99,36.51,37.72,229371480
2020-03-05,38.4,38.78,37.43,37.58,146284680
2020-03-06,35.7,35.83,34.67,35.15,148481880
2020-03-09,33.75,33.77,31.98,32.23,204238260
2020-03-11,32.4,32.6,29.61,29.98,286937090
2020-03-12,27.5,29.18,26.72,28.75,437677630
2020-03-13,27.0,33.21,25.54,32.67,338423100
2020-03-16,30.4,31.76,28.71,28.96,236064520
2020-03-17,30.0,30.76,28.05,28.27,206546030
2020-03-18,29.0,29.32,27.57,28.09,187726750
2020-03-19,26.9,28.45,26.05,27.19,187232570
2020-03-20,27.97,30.5,27.41,29.77,173078820
2020-03-23,26.8,27.8,25.36,27.11,121006840
2020-03-24,27.7,28.57,25.86,27.19,129288770
2020-03-25,26.7,29.5,26.7,28.68,94428340
2020-03-26,29.0,29.55,28.01,28.45,114938370
2020-03-27,29.1,29.52,27.42,27.73,111841390
2020-03-30,26.7,27.08,25.09,25.41,158537610
2020-03-31,26.23,27.25,25.97,26.96,157874110
2020-04-01,26.6,26.8,25.81,26.64,119650310
2020-04-03,26.77,26.89,25.1,25.38,125280300
2020-04-07,26.6,27.77,26.12,27.62,159568730
2020-04-08,27.1,29.29,26.66,27.48,204351560
2020-04-09,28.05,28.96,27.76,28.49,138557880
2020-04-13,28.5,29.2,27.39,28.25,155105980
2020-04-15,28.74,29.57,28.19,28.51,209919430
2020-04-16,27.6,29.19,27.6,28.89,172488060
2020-04-17,29.75,29.97,28.55,29.34,174928840
2020-04-20,29.48,29.5,28.51,28.64,119613550
2020-04-21,28.0,28.1,26.33,26.6,169254170
2020-04-22,26.61,26.99,25.92,26.84,147898570
2020-04-23,27.0,27.9,26.9,27.03,154681220
2020-04-24,26.63,27.39,26.45,26.75,123838460
2020-04-27,27.4,27.69,27.05,27.16,124108120
2020-04-28,27.39,27.54,26.95,27.35,85481340
2020-04-29,27.3,28.61,27.13,28.26,198766960
2020-04-30,29.0,30.45,28.87,29.83,236360820
2020-05-04,28.5,28.61,27.01,27.36,128921580
2020-05-05,27.9,28.24,27.1,27.26,121823550
2020-05-06,27.41,28.05,27.2,27.77,95077310
2020-05-07,27.55,28.29,27.47,27.59,89584110
2020-05-08,28.28,28.4,27.2,27.29,98782130
2020-05-11,27.55,28.3,27.5,27.62,109074080
2020-05-12,27.33,27.68,26.45,27.4,150403340
2020-05-13,28.75,28.8,27.35,27.65,147237480
2020-05-14,27.2,27.52,26.73,26.85,107969590
2020-05-15,27.0,27.68,26.88,27.35,149914580
2020-05-18,27.41,27.62,26.25,26.66,116160800
2020-05-19,27.2,28.04,26.75,27.2,168971730
2020-05-20,27.2,28.4,27.01,28.32,144236570
2020-05-21,28.39,28.63,27.85,28.37,130358810
2020-05-22,27.9,28.02,27.33,27.45,106569110
2020-05-26,27.75,28.44,27.7,28.05,121087400
2020-05-27,28.22,29.04,27.9,28.8,140075620
2020-05-28,29.19,29.86,28.94,29.55,166024620
2020-05-29,29.21,29.69,28.79,29.52,131280270
2020-06-01,30.2,31.78,30.2,31.52,243846330
2020-06-02,31.8,32.35,31.45,31.94,165632670
2020-06-03,32.55,32.63,31.5,31.74,103871360
2020-06-04,31.69,32.26,31.46,32.0,112513310
2020-06-05,32.58,34.37,32.51,33.9,309184950
2020-06-08,34.77,35.08,32.74,33.36,164818090
2020-06-09,33.6,34.4,32.89,33.22,149268620
2020-06-10,33.11,33.15,32.2,32.4,172188930
2020-06-11,32.2,32.35,31.1,31.32,139069850
2020-06-12,30.0,32.05,30.0,31.76,175580100
2020-06-15,31.38,31.5,30.26,30.62,185829270
2020-06-16,31.51,32.26,30.13,30.9,234420270
2020-06-17,30.72,31.48,30.5,30.82,114474110
2020-06-18,30.82,31.92,30.71,31.81,113692780
2020-06-19,32.1,32.59,31.73,32.06,151346930
2020-06-22,31.98,32.8,31.84,32.57,110313850
2020-06-23,32.77,33.35,32.62,33.2,125511540
2020-06-24,33.66,33.81,32.48,32.6,207829560
2020-06-25,32.2,32.74,32.1,32.31,113457280
2020-06-26,32.58,33.0,32.26,32.39,97063350
2020-06-29,32.3,32.6,31.21,32.09,119611980
2020-06-30,32.31,33.76,32.31,32.67,365236470
2020-07-01,32.9,32.96,32.03,32.37,104895330
2020-07-02,32.7,33.75,32.45,33.49,119719280
2020-07-03,33.7,33.7,32.74,32.99,106127300
2020-07-06,33.31,34.17,33.03,33.89,141442080
2020-07-07,33.88,33.89,32.81,33.03,108395210
2020-07-08,33.28,34.64,33.2,33.42,215611680
2020-07-09,33.7,34.85,33.65,34.45,244038060
2020-07-10,34.2,34.43,33.52,33.87,125269090
2020-07-13,34.33,34.7,33.85,34.21,121150020
2020-07-14,33.9,33.9,33.26,33.67,83070890
2020-07-15,34.06,34.65,33.8,33.93,96876630
2020-07-16,33.8,34.65,33.15,34.17,105861060
2020-07-17,34.6,35.68,34.51,35.1,244169750
2020-07-20,35.11,35.47,34.66,35.24,95328170
2020-07-21,35.6,36.06,34.95,35.92,113682750
2020-07-22,36.05,36.29,34.66,35.01,178442370
2020-07-23,35.01,35.64,34.76,35.19,96252770
2020-07-24,34.7,34.98,34.26,34.61,89189400
2020-07-27,35.1,35.39,34.42,35.28,118356280
2020-07-28,35.36,36.0,35.28,35.85,106403270
2020-07-29,35.9,37.85,35.62,37.38,301161310
2020-07-30,37.7,37.78,36.41,36.66,103990750
2020-07-31,36.56,37.04,36.04,36.63,90249550
2020-08-03,36.48,37.69,36.2,37.35,111375710
2020-08-04,37.45,37.8,36.76,37.23,111844300
2020-08-05,37.31,39.79,37.31,39.58,305597600
2020-08-06,38.98,40.28,38.55,40.05,221233580
2020-08-07,39.59,40.67,39.31,40.4,151763430
2020-08-10,40.58,41.15,39.96,41.02,120183050
2020-08-11,41.31,42.76,41.25,41.65,258851920
2020-08-12,41.37,41.74,40.76,41.45,115746920
2020-08-13,41.82,42.17,40.89,41.31,124222030
2020-08-14,41.0,43.1,40.91,41.85,477423720
2020-08-17,41.8,42.92,41.42,42.51,181459530
2020-08-18,42.17,43.68,41.97,43.45,173422610
2020-08-19,43.45,43.56,42.89,43.17,118437310
2020-08-20,42.5,43.83,42.31,43.26,158466090
2020-08-21,43.58,44.2,42.65,42.89,134823270
2020-08-24,43.36,43.78,42.81,42.95,90938890
2020-08-25,43.2,43.26,42.15,42.4,105544840
2020-08-26,42.5,42.78,42.22,42.5,79571640
2020-08-27,42.55,43.02,42.3,42.69,95497160
2020-08-28,42.97,43.8,42.31,42.42,152120170
2020-08-31,42.65,43.01,41.0,41.3,157461390
2020-09-01,41.39,43.27,41.2,42.87,140728480
2020-09-02,43.01,44.17,42.71,43.87,117393410
2020-09-03,44.25,44.37,43.59,43.81,102142890
2020-09-04,42.81,43.4,41.9,42.13,105306740
2020-09-07,42.37,42.84,41.85,42.25,96284060
2020-09-08,42.58,42.58,40.26,40.51,116373700
2020-09-09,39.88,42.01,38.65,41.74,319998750
2020-09-10,42.4,42.59,40.11,40.8,229207830
2020-09-11,40.88,41.26,40.25,40.75,136871270
2020-09-14,41.0,41.41,40.22,40.47,123311210
2020-09-15,40.7,41.06,40.35,40.53,91327490
2020-09-16,40.65,41.0,40.27,40.46,99874120
2020-09-17,40.2,40.75,39.32,39.87,148080220
2020-09-18,40.21,40.56,39.34,39.55,168422440
2020-09-21,39.6,39.92,37.1,37.34,141387610
2020-09-22,37.4,37.85,35.82,37.42,220130270
2020-09-23,37.7,37.8,35.65,36.13,169846000
2020-09-24,35.68,35.73,34.28,34.39,124958400
2020-09-25,34.8,35.56,34.42,35.21,122425760
2020-09-28,36.0,36.5,35.56,36.1,122704780
2020-09-29,36.5,37.18,36.17,37.01,178917190
2020-09-30,37.1,37.15,35.8,35.98,129637840
2020-10-01,36.43,37.03,36.31,36.5,95551230
2020-10-05,37.01,38.55,36.95,38.23,195906350
2020-10-06,38.68,38.73,37.31,37.74,142863760
2020-10-07,37.6,37.93,37.0,37.11,96941240
2020-10-08,37.45,38.3,37.17,37.37,141111690
2020-10-09,37.6,38.7,36.7,36.95,220065880
2020-10-12,37.35,37.72,36.25,37.11,157568610
2020-10-13,37.2,37.63,36.67,36.84,119025640
2020-10-14,37.04,37.73,36.95,37.56,148921880
2020-10-15,38.1,38.86,37.15,37.39,316510230
2020-10-16,37.71,39.59,37.52,39.39,288555270
2020-10-19,39.76,40.0,39.18,39.55,147299940
2020-10-20,39.2,39.74,38.96,39.24,109496820
2020-10-21,39.63,40.8,39.44,40.4,263519580
2020-10-22,40.19,41.35,40.01,40.97,208884220
2020-10-23,41.3,42.6,41.22,42.35,285888500
2020-10-26,42.34,42.34,40.42,40.84,166087800
2020-10-27,40.87,41.69,40.34,41.1,160621710
2020-10-28,41.15,41.82,40.05,40.23,169657550
2020-10-29,39.95,40.5,39.53,40.14,138604100
2020-10-30,40.27,41.29,39.52,41.06,180210510
2020-11-02,41.0,41.25,39.87,40.28,131431090
2020-11-03,40.75,41.22,40.45,40.69,122580340
2020-11-04,40.89,41.51,40.14,40.39,136143660
2020-11-05,41.2,42.83,40.92,42.55,265177560
2020-11-06,42.45,43.29,42.26,42.65,173981930
2020-11-09,43.3,43.99,42.74,43.83,158308620
2020-11-10,44.0,45.33,43.56,44.19,262002400
2020-11-11,44.19,47.74,43.96,47.4,368618330
2020-11-12,47.2,47.99,46.63,47.31,234936850
2020-11-13,47.09,48.84,46.5,48.65,234181870
2020-11-14,49.65,49.95,48.7,49.22,78374000
2020-11-17,50.6,53.1,50.17,52.27,642845990
2020-11-18,51.8,52.38,51.06,51.72,174815130
2020-11-19,51.19,53.57,51.0,52.36,201379980
2020-11-20,52.6,54.17,52.1,53.29,266860000
2020-11-23,53.8,54.6,53.63,54.31,170254250
2020-11-24,54.8,55.05,54.14,54.83,130291260
2020-11-25,55.1,55.87,53.95,54.13,176809890
2020-11-26,54.6,57.11,54.13,56.84,225701850
2020-11-27,57.0,58.23,56.31,57.73,462912480
2020-12-01,59.2,59.2,57.7,58.58,147391090
2020-12-02,58.57,60.76,58.4,60.43,249970850
2020-12-03,60.9,62.48,60.8,62.09,247756520
2020-12-04,62.4,63.25,61.46,62.27,201535520
2020-12-07,62.36,62.9,60.95,61.45,155883210
2020-12-08,61.6,62.15,60.25,61.35,170158530
2020-12-09,61.8,62.07,60.71,60.93,127307310
2020-12-10,60.6,61.4,59.35,61.01,198293280
2020-12-11,61.49,62.55,61.42,62.17,163956980
2020-12-14,62.67,63.89,62.53,62.67,177227150
2020-12-15,62.35,63.71,61.73,63.53,132263120
2020-12-16,64.12,64.94,63.82,64.34,160402560
2020-12-17,64.34,64.6,63.15,63.53,79651860
2020-12-18,63.83,64.08,62.8,63.13,253515060
2020-12-21,62.4,62.77,58.56,59.58,190766540
2020-12-22,59.6,61.05,58.5,60.13,188468790
2020-12-23,59.9,62.42,59.63,62.14,122383430
2020-12-24,62.53,63.7,61.92,62.23,120907400
2020-12-28,62.83,63.53,62.66,63.27,104805170
2020-12-29,63.78,63.97,62.1,63.22,104163260
2020-12-30,63.3,64.4,62.4,64.05,115144280
2020-12-31,63.65,65.35,63.65,64.37,177130120
2021-01-01,64.5,64.97,64.0,64.31,84113960
2021-01-04,64.9,69.99,64.65,69.3,381849550
2021-01-05,68.7,69.39,67.51,68.06,215452540
2021-01-06,68.4,69.67,67.5,68.38,196105220
2021-01-07,69.3,73.15,69.17,72.28,382321940
2021-01-08,72.7,72.72,70.31,71.32,193293130
2021-01-11,71.2,71.2,68.82,69.57,170245090
2021-01-12,69.5,72.45,69.11,69.49,245254840
2021-01-13,70.15,71.46,69.3,70.92,193538710
2021-01-14,71.0,71.44,69.71,70.64,115408580
2021-01-15,71.2,72.15,69.77,70.59,206884370
2021-01-18,70.8,70.88,65.95,66.67,250452260
2021-01-19,67.2,68.4,64.7,68.11,312451180
2021-01-20,69.02,69.95,68.26,69.02,233131500
2021-01-21,69.1,69.47,66.16,66.67,161178670
2021-01-22,67.0,67.58,63.37,64.7,237156650
2021-01-25,65.1,66.18,63.1,65.19,163484730
2021-01-27,65.09,65.12,62.38,62.6,149180840
2021-01-28,61.8,63.06,61.26,62.37,170917520
2021-01-29,63.01,63.38,59.6,60.1,268265750
2021-02-01,60.49,64.0,59.75,63.61,210846940
2021-02-02,64.3,64.8,62.41,64.17,180489570
2021-02-03,64.49,66.43,63.73,65.32,148463810
2021-02-04,65.4,66.35,63.86,65.6,147649950
2021-02-05,65.69,69.06,65.14,68.5,291008880
2021-02-08,69.4,70.49,68.27,70.3,214621690
2021-02-09,70.65,71.65,69.16,69.92,293370280
2021-02-10,71.0,72.45,68.0,69.03,573979190
2021-02-11,68.76,70.46,68.28,69.47,163407050
2021-02-12,69.5,69.79,67.85,68.05,147054790
2021-02-15,68.71,68.8,67.0,67.22,131716720
2021-02-16,67.22,70.86,66.83,69.92,336618380
2021-02-17,69.77,70.35,68.75,69.68,159574830
2021-02-18,70.0,71.1,69.4,69.78,148561470
2021-02-19,69.6,69.6,65.6,67.07,223923860
2021-02-22,67.29,69.79,67.08,68.46,281491090
2021-02-23,68.96,73.6,68.22,72.93,389070710
2021-02-24,73.5,74.5,72.0,72.77,216767890
2021-02-25,73.52,75.3,73.19,74.29,219015960
2021-02-26,72.5,74.16,71.11,71.52,235515910
2021-03-01,72.4,73.83,71.14,73.04,140586460
2021-03-02,73.05,73.97,72.32,73.55,111133990
2021-03-03,74.1,78.25,74.1,77.72,288428350
2021-03-04,75.1,76.69,74.37,75.8,228738220
2021-03-05,74.85,75.6,72.7,73.33,168819600
2021-03-08,74.4,75.12,73.5,73.72,106145960
2021-03-09,74.5,75.1,70.22,70.68,195564380
2021-03-10,71.49,73.0,70.31,72.45,196858600
2021-03-12,74.0,74.5,71.4,72.0,161214090
2021-03-15,72.2,73.9,71.5,73.64,155432310
2021-03-16,74.01,74.01,71.92,72.4,125699980
2021-03-17,72.5,72.6,70.07,70.44,105409590
2021-03-18,71.63,72.29,69.83,70.49,143206510
2021-03-19,70.28,73.68,68.13,73.3,246378140
2021-03-22,73.11,74.57,72.5,74.35,137603700
2021-03-23,74.6,74.94,73.33,74.12,118738960
2021-03-24,73.1,73.3,69.9,70.28,210302830
2021-03-25,71.01,73.07,68.83,72.32,367224000
2021-03-26,73.04,77.49,72.52,76.68,429122470
2021-03-30,78.0,81.0,77.79,80.0,284803380
2021-03-31,79.4,82.35,79.01,81.18,280445850
2021-04-01,82.1,86.89,81.9,86.31,368420980
2021-04-05,86.2,87.78,83.72,86.78,305759860
2021-04-06,87.55,88.25,85.82,86.28,207789200
2021-04-07,86.95,88.5,86.47,87.49,171132080
2021-04-08,88.4,95.37,88.27,91.84,530630560
2021-04-09,92.1,93.0,88.57,89.95,321790690
2021-04-12,87.65,89.32,84.33,85.15,221355040
2021-04-13,86.2,88.16,84.9,87.9,204285020
2021-04-15,89.2,91.15,87.95,89.82,218563570
2021-04-16,90.38,91.44,88.63,89.03,173985980
2021-04-19,86.98,89.9,86.0,88.81,191469960
2021-04-20,90.0,90.58,88.2,89.4,169152930
2021-04-22,90.0,93.87,89.71,92.14,319028150
2021-04-23,92.98,94.5,91.08,92.56,247523860
2021-04-26,93.5,95.6,93.0,94.08,212348580
2021-04-27,94.83,98.3,94.43,97.78,249045150
2021-04-28,98.5,98.6,96.2,97.14,204479680
2021-04-29,98.3,103.69,98.3,103.14,447186470
2021-04-30,102.4,105.26,101.11,103.4,281297380
2021-05-03,103.19,106.9,101.85,106.47,264841000
2021-05-04,107.44,108.67,105.76,106.39,249616280
2021-05-05,108.4,108.83,104.7,107.02,192498390
2021-05-06,105.5,112.9,104.25,110.09,464345370
2021-05-07,113.5,119.2,113.01,118.24,540754330
2021-05-10,121.0,122.9,120.0,121.64,280808840
2021-05-11,119.0,124.6,117.69,123.39,411083810
2021-05-12,123.19,124.68,116.33,117.92,308891920
2021-05-14,118.5,118.5,111.52,113.21,376480320
2021-05-17,113.8,115.82,110.35,115.08,287534300
2021-05-18,117.5,119.64,115.71,118.0,245738800
2021-05-19,117.3,118.96,115.8,116.43,174350260
2021-05-20,113.11,113.55,109.81,110.51,284462530
2021-05-21,111.4,112.39,110.58,111.31,141049260
2021-05-24,110.8,110.89,108.21,109.2,189238420
2021-05-25,110.19,112.59,110.0,110.52,181137520
2021-05-26,109.05,109.4,107.25,108.22,154327030
2021-05-27,108.22,110.97,107.5,109.67,227910320
2021-05-28,113.1,114.36,109.74,110.35,192085810
2021-05-31,111.2,112.97,109.9,112.57,154286470
2021-06-01,112.0,112.3,108.55,110.09,176909250
2021-06-02,110.5,112.98,110.4,112.41,128625910
2021-06-03,112.96,113.97,111.3,112.2,121094770
2021-06-04,111.6,112.88,110.7,112.07,97133470
2021-06-07,113.0,115.0,112.56,112.87,122185920
2021-06-08,113.27,113.27,110.01,111.11,108343730
2021-06-09,111.7,112.8,109.39,110.1,111143380
2021-06-10,110.93,112.58,110.29,111.44,77767640
2021-06-11,112.78,116.46,111.31,115.83,174458560
2021-06-14,116.8,117.87,114.0,116.48,160312640
2021-06-15,117.0,118.68,116.01,117.43,97681020
2021-06-16,116.9,118.47,113.17,114.22,175211070
2021-06-17,111.89,113.38,109.57,110.38,162076870
2021-06-18,110.5,110.99,105.03,109.23,403470770
2021-06-21,107.0,110.9,106.37,110.62,130014320
2021-06-22,111.42,113.1,110.65,111.23,90246340
2021-06-23,112.05,112.76,109.78,110.01,78063360
2021-06-24,110.5,112.05,109.84,111.32,72394700
2021-06-25,113.5,117.0,113.0,116.53,180227700
2021-06-28,117.4,118.9,116.3,118.4,116603350
2021-06-29,118.45,119.2,116.56,117.26,78037590
2021-06-30,118.11,119.1,116.28,116.66,80432670
2021-07-01,117.19,117.68,115.64,116.36,56149280
2021-07-02,116.6,116.68,113.02,113.6,75734070
2021-07-05,114.6,116.18,113.6,115.68,76799000
2021-07-06,115.87,117.8,115.03,116.72,91468350
2021-07-07,116.79,122.5,115.85,121.87,167456260
2021-07-08,122.5,123.0,118.12,118.97,124105850
2021-07-09,119.2,124.41,118.8,123.93,178593560
2021-07-12,125.1,125.85,121.83,122.69,166477750
2021-07-13,123.8,124.34,122.31,122.88,79155280
2021-07-14,123.19,124.77,121.9,124.47,83413880
2021-07-15,124.61,126.58,123.77,125.59,96555510
2021-07-16,126.47,128.13,125.91,127.84,84969250
2021-07-19,125.9,129.09,125.37,126.64,89046290
2021-07-20,127.2,127.23,122.5,123.33,85799400
2021-07-22,124.9,127.79,124.8,127.3,78940240
2021-07-23,127.93,129.55,127.4,128.14,86418650
2021-07-26,128.9,130.82,127.81,129.79,86784330
2021-07-27,131.5,133.45,130.81,133.07,103413820
2021-07-28,133.2,136.99,130.62,136.5,128351250
2021-07-29,137.5,148.18,136.8,145.86,300610410
2021-07-30,145.57,147.27,142.78,143.43,140492650
2021-08-02,144.6,144.7,140.55,141.01,97689200
2021-08-03,141.4,142.09,139.04,140.72,86405600
2021-08-04,142.0,144.8,140.51,141.62,112894350
2021-08-05,141.53,145.0,138.75,144.66,162217990
2021-08-06,144.9,145.7,142.6,142.88,96740250
2021-08-09,143.4,144.32,140.54,141.22,78594930
2021-08-10,141.2,141.8,136.72,137.36,84516230
2021-08-11,139.0,142.97,138.42,142.62,145353570
2021-08-12,143.6,144.47,141.66,143.54,109431080
2021-08-13,140.5,147.66,139.07,146.17,289698720
2021-08-16,148.4,153.45,147.22,151.94,271144880
2021-08-17,151.94,153.4,149.18,150.37,189709230
2021-08-18,150.94,151.89,148.82,150.04,123317450
2021-08-20,144.51,144.7,136.28,137.56,273400690
2021-08-23,140.2,140.98,131.07,135.87,229257290
2021-08-24,138.2,142.0,137.7,140.47,176075790
2021-08-25,141.8,142.6,138.07,139.02,125650100
2021-08-26,139.04,139.48,136.5,137.51,91578980
2021-08-27,137.9,139.44,137.59,138.42,73940810
2021-08-30,139.9,144.5,139.8,144.06,134443870
2021-08-31,144.5,145.9,143.2,145.03,247521080
2021-09-01,145.13,145.55,140.7,141.12,88128970
2021-09-02,141.1,143.2,141.0,142.51,61480460
2021-09-03,142.8,145.29,141.65,144.37,84523820
2021-09-06,144.7,145.19,142.32,143.7,69586760
2021-09-07,144.4,145.9,142.07,142.87,63527170
2021-09-08,142.6,144.26,141.86,142.99,46762240
2021-09-09,142.0,145.19,142.0,144.7,53130300
2021-09-13,144.7,147.2,143.65,146.35,56702080
2021-09-14,147.6,147.6,144.9,145.23,55037670
2021-09-15,145.23,146.37,144.44,145.51,44174640
2021-09-16,146.0,147.19,143.13,143.68,56067970
2021-09-17,143.7,144.03,136.0,138.59,195720300
2021-09-20,135.0,135.19,124.74,125.31,282384120
2021-09-21,125.8,129.69,123.29,129.22,255935400
2021-09-22,129.94,131.8,128.31,130.58,111242470
2021-09-23,133.0,133.94,130.61,131.87,99462510
2021-09-24,132.0,132.4,125.84,127.21,132866160
2021-09-27,127.2,128.87,126.11,127.05,86688770
2021-09-28,127.34,129.68,126.3,128.1,81007360
2021-09-29,127.0,130.98,126.72,129.56,94945770
2021-09-30,130.3,131.64,128.38,128.89,75145680
2021-10-01,127.5,131.1,126.5,129.79,90374700
2021-10-04,129.79,132.78,128.04,132.42,96902370
2021-10-05,131.4,133.27,131.01,131.68,57952160
2021-10-06,131.99,132.86,127.32,127.99,86316930
2021-10-07,129.5,130.68,128.36,128.92,46033670
2021-10-08,130.2,134.41,129.63,130.12,107220150
2021-10-11,130.5,132.74,129.8,131.32,63496580
2021-10-12,131.32,133.5,130.5,132.91,60970190
2021-10-13,132.55,137.66,131.81,135.43,132857180
2021-10-14,137.4,139.06,135.4,137.51,82273710
2021-10-18,141.8,142.48,139.11,141.11,109232300
2021-10-19,142.1,142.66,135.76,136.69,87569240
2021-10-20,137.2,137.6,132.67,134.33,69757740
2021-10-21,135.67,135.79,128.97,131.47,83575730
2021-10-22,132.0,132.47,127.1,129.63,80712890
2021-10-25,130.2,131.6,126.72,129.33,64185010
2021-10-26,130.3,135.1,130.15,134.37,77228750
2021-10-27,134.6,135.17,132.13,132.62,72418040
2021-10-28,131.49,131.6,129.11,129.96,93076820
2021-10-29,129.03,133.37,129.0,131.6,79147600
2021-11-01,134.0,137.29,133.0,136.49,96875330
2021-11-02,137.0,137.0,131.08,131.37,72161370
2021-11-03,132.48,133.2,131.2,132.61,57302440
2021-11-04,133.1,133.5,132.41,132.59,6744340
2021-11-08,134.09,134.76,130.61,134.32,54936670
2021-11-09,134.29,136.03,132.88,133.6,47565160
2021-11-10,132.8,132.9,128.71,129.86,118804170
2021-11-11,130.49,132.45,128.84,129.96,136638600
2021-11-12,134.0,134.0,127.11,128.73,232395580
2021-11-15,129.5,129.9,124.15,124.54,121082150
2021-11-16,124.54,126.11,122.37,122.88,123148800
2021-11-17,122.5,123.74,121.51,122.01,87802040
2021-11-18,122.36,122.83,118.2,118.66,101083510
2021-11-22,118.81,119.68,114.6,116.51,96210010
2021-11-23,116.81,120.9,116.52,119.21,93829630
2021-11-24,120.04,120.29,117.12,117.85,67671010
2021-11-25,118.0,118.66,116.6,117.37,47502860
2021-11-26,115.79,115.95,110.63,111.23,106455260
2021-11-29,111.23,113.7,107.51,111.47,93929910
2021-11-30,111.09,112.79,106.3,107.12,133559840
2021-12-01,109.2,109.7,106.65,108.26,93791140
2021-12-02,108.3,111.6,107.4,111.24,91286810
2021-12-03,111.5,113.42,110.22,111.8,100737840
2021-12-06,111.4,114.1,110.22,110.88,82159400
2021-12-07,112.11,115.56,112.1,114.88,85053900
2021-12-08,115.9,117.7,114.9,117.3,74485010
2021-12-09,118.2,118.2,115.9,117.68,52123940
2021-12-10,117.34,118.89,116.76,118.0,48121300
2021-12-13,118.8,119.9,116.17,116.53,53537780
2021-12-14,115.89,117.79,114.7,116.72,53522640
2021-12-15,117.01,117.56,114.9,115.41,44308330
2021-12-16,116.4,116.88,114.36,115.32,42460080
2021-12-17,115.4,115.89,112.5,113.21,47435020
2021-12-20,111.7,111.72,106.61,107.29,73526500
2021-12-21,109.0,112.43,108.5,110.51,70268490
2021-12-22,111.5,113.1,111.0,112.89,43669170
2021-12-23,113.8,114.68,112.02,112.77,46214780
2021-12-24,113.01,113.34,110.39,111.54,40936300
2021-12-27,111.11,112.47,110.24,112.18,27588510
2021-12-28,112.7,113.15,112.2,112.74,28807810
2021-12-29,112.0,112.67,110.8,111.63,41935200
2021-12-30,111.79,112.7,109.9,110.1,41140930
2021-12-31,110.5,112.35,110.27,111.14,36870210
2022-01-03,111.5,115.1,111.5,114.24,38658030
2022-01-04,115.3,115.97,113.65,114.88,59757310
2022-01-05,114.7,118.08,114.13,117.76,61861760
2022-01-06,117.2,118.3,115.56,116.33,53354000
2022-01-07,116.52,117.4,114.78,116.03,39738570
2022-01-10,116.5,117.34,115.39,116.91,38225000
2022-01-11,115.87,116.27,111.3,113.03,96978850
2022-01-12,113.99,115.08,113.24,114.72,50358430
2022-01-13,115.4,122.55,115.22,122.12,157231160
2022-01-14,121.3,122.63,120.61,121.36,52679070
2022-01-17,121.5,124.5,119.03,122.97,89696070
2022-01-18,123.0,123.38,119.0,119.49,58408970
2022-01-19,119.6,122.09,118.3,120.96,73043210
2022-01-20,121.01,122.4,119.7,120.67,59205970
2022-01-21,120.0,120.43,115.64,116.97,71662670
2022-01-24,116.0,116.37,109.0,109.92,83920760
2022-01-25,109.47,112.1,108.71,110.91,57330630
2022-01-27,109.0,110.34,106.13,108.83,90566560
2022-01-28,110.58,112.58,108.09,108.47,78648930
2022-01-31,110.99,111.46,108.05,108.56,55709390
2022-02-01,110.49,117.44,108.64,116.74,170752680
2022-02-02,117.99,117.99,115.83,116.75,75247340
2022-02-03,115.3,118.17,114.63,116.66,65140900
2022-02-04,117.38,119.78,117.03,117.63,93174180
2022-02-07,116.83,121.46,116.1,118.3,145105250
2022-02-08,119.5,122.24,117.15,121.96,140839840
2022-02-09,123.1,123.4,120.82,122.24,73520600
2022-02-10,123.0,125.43,122.6,124.83,93920570
2022-02-11,123.9,126.49,123.31,125.44,96762260
2022-02-14,122.01,122.78,118.01,118.68,80216130
2022-02-15,119.68,121.2,115.16,120.78,101889210
2022-02-16,121.5,121.79,118.65,119.18,66092140
2022-02-17,120.11,120.95,118.62,119.09,56557920
2022-02-18,118.7,120.5,118.3,119.08,47251200
2022-02-21,118.8,120.2,117.44,118.18,49787320
2022-02-22,115.8,116.67,111.93,113.87,93858570
2022-02-23,114.8,115.26,113.4,113.9,49608380
2022-02-24,109.4,111.99,106.71,107.4,121268670
2022-02-25,109.77,115.07,109.56,114.53,92128860
2022-02-28,113.4,122.5,112.92,122.08,176054460
2022-03-02,122.08,129.96,121.86,128.93,248475320
2022-03-03,130.6,132.87,129.37,130.33,174503380
2022-03-04,130.24,131.99,127.3,127.71,162829230
2022-03-07,127.59,130.18,126.4,129.19,110400010
2022-03-08,129.3,129.4,124.4,126.95,91078220
2022-03-09,127.39,127.68,124.86,125.53,69348880
2022-03-10,125.78,131.38,124.1,130.87,136740620
2022-03-11,131.5,133.99,129.62,130.17,118822990
2022-03-14,130.5,131.17,127.77,129.7,52780820
2022-03-15,129.18,129.3,122.8,123.38,96143130
2022-03-16,124.5,127.12,124.02,126.53,63024510
2022-03-17,127.5,131.78,127.11,130.35,106239760
2022-03-21,130.8,133.4,129.45,130.29,84227630
2022-03-22,132.0,133.0,128.81,130.2,81795880
2022-03-23,132.4,134.78,129.24,133.1,130552380
2022-03-24,133.1,135.95,132.6,135.06,94605270
2022-03-25,135.49,136.6,133.36,133.9,69457440
2022-03-28,134.0,135.5,132.76,133.9,46554910
2022-03-29,134.4,134.62,132.7,133.47,43202370
2022-03-30,133.5,133.56,130.0,130.81,58483160
2022-03-31,130.8,132.04,130.01,130.72,40067950
2022-04-01,131.0,134.09,130.54,131.71,55321590
2022-04-04,131.71,135.4,131.44,134.19,69670320
2022-04-05,134.85,135.8,132.93,134.49,63296420
2022-04-06,135.0,138.67,134.68,137.07,114097540
2022-04-07,137.7,138.1,134.1,134.95,55650640
2022-04-08,136.1,137.99,135.63,137.07,52287710
2022-04-11,137.07,138.4,135.3,135.79,44778820
2022-04-12,135.3,135.99,129.61,132.03,69191680
2022-04-13,133.49,134.6,131.5,131.95,44937800
2022-04-18,133.19,135.81,132.88,133.91,80700420
2022-04-19,135.26,136.67,130.9,132.66,64772190
2022-04-20,132.97,133.65,130.31,131.43,54100210
2022-04-21,131.6,132.28,128.59,130.22,66690280
2022-04-22,130.16,131.16,127.38,127.76,55848230
2022-04-25,125.0,126.29,121.28,122.03,72310460
2022-04-26,123.5,124.17,122.5,123.36,44812710
2022-04-27,122.7,125.5,121.04,124.67,71209740
2022-04-28,125.95,126.87,124.3,126.08,51295830
2022-04-29,126.8,129.17,126.57,127.11,57173520
2022-05-02,125.7,130.28,124.88,129.52,54426170
2022-05-04,132.73,133.0,125.45,126.14,138374020
2022-05-05,128.0,131.65,127.8,128.43,87338160
2022-05-06,126.8,129.0,124.3,128.37,69256760
2022-05-09,126.0,127.42,124.4,125.22,50552970
2022-05-10,125.1,125.47,115.86,116.49,145537420
2022-05-11,117.5,119.09,112.34,116.57,107063150
2022-05-12,115.69,116.24,110.3,111.77,94191610
2022-05-13,113.5,115.18,109.2,109.7,82924410
2022-05-16,111.9,113.48,109.4,110.35,62665270
2022-05-17,112.4,119.72,111.53,118.87,112876010
2022-05-18,119.7,120.9,117.5,118.03,81575800
2022-05-19,115.1,115.49,111.52,112.22,66545630
2022-05-20,116.24,117.84,114.12,117.06,65527500
2022-05-23,109.7,109.7,100.15,102.3,273883460
2022-05-24,103.1,103.99,100.2,100.64,123116660
2022-05-25,100.64,101.83,99.18,99.91,99343400
2022-05-26,100.7,106.76,99.53,105.2,150536730
2022-05-27,106.25,106.77,103.2,104.35,74772200
2022-05-30,105.9,106.38,104.35,104.74,72701590
2022-05-31,104.5,107.19,103.7,105.57,121248850
2022-06-01,106.55,107.9,105.33,106.36,94055290
2022-06-02,106.78,108.47,105.91,108.16,79177040
2022-06-03,109.2,109.28,106.5,106.73,53954860
2022-06-06,106.5,108.29,104.92,107.81,57262490
2022-06-07,106.7,108.15,106.36,106.85,43341570
2022-06-08,108.1,108.89,107.41,108.68,64734340
2022-06-09,107.49,108.72,104.12,104.49,98547810
2022-06-10,103.0,103.14,101.07,102.37,95225630
2022-06-13,100.43,101.2,99.0,99.19,82235750
2022-06-14,98.83,101.37,98.56,99.62,77202600
2022-06-15,95.4,97.43,95.07,95.96,92443330
2022-06-16,97.5,97.5,89.82,90.17,122741050
2022-06-17,89.8,92.74,89.55,90.67,121290260
2022-06-20,90.5,90.5,84.27,86.14,139866890
2022-06-21,87.5,89.55,86.4,88.48,124526970
2022-06-22,87.3,87.39,83.57,83.81,109877390
2022-06-23,84.0,85.6,82.7,84.13,111515840
2022-06-24,85.0,86.47,84.47,85.28,85433810
2022-06-27,87.05,87.89,86.31,86.78,72814730
2022-06-28,86.6,88.44,86.04,87.89,84647330
2022-06-29,87.0,88.88,86.85,88.16,72318470
2022-06-30,88.15,89.45,86.33,86.71,84672090
2022-07-01,86.69,87.5,85.91,87.28,54761890
2022-07-04,86.85,87.12,84.33,85.46,77554410
2022-07-05,86.2,87.92,85.78,86.02,79058290
2022-07-06,85.85,86.11,83.81,85.82,81439710
2022-07-07,86.7,90.65,85.85,90.0,111007940
2022-07-08,91.79,91.79,88.05,88.59,112000630
2022-07-11,88.52,92.9,87.5,91.28,150193340
2022-07-12,90.49,91.6,89.36,90.21,100175050
2022-07-13,90.6,91.42,90.07,90.49,70135110
2022-07-14,91.0,91.1,89.5,90.8,74498580
2022-07-15,90.5,91.03,87.75,88.38,81253510
2022-07-18,89.7,90.8,89.22,90.43,73060810
2022-07-19,90.1,92.19,90.1,91.94,85341580
2022-07-20,93.6,93.8,92.52,92.85,77088650
2022-07-21,93.0,93.89,92.45,93.43,50877140
2022-07-22,94.25,94.4,93.2,93.61,48608940
2022-07-25,93.5,96.49,93.36,96.07,99635630
2022-07-26,97.2,97.67,94.61,94.95,126264690
2022-07-27,95.1,96.15,94.36,95.94,52559020
2022-07-28,98.1,102.0,97.15,100.35,137156107
2022-07-29,103.0,109.3,102.15,107.6,166959934
2022-08-01,110.5,111.45,106.15,108.25,125365761
2022-08-02,108.0,108.0,105.35,107.0,64935371
2022-08-03,107.0,108.45,106.0,107.05,61428846
2022-08-04,107.5,109.5,106.05,107.7,79526154
2022-08-05,107.65,109.25,107.1,107.35,54469112
2022-08-08,107.85,108.15,106.7,107.2,41384943
2022-08-10,107.9,109.9,106.5,109.2,73880698
2022-08-11,110.3,110.65,108.6,109.1,75321498
2022-08-12,109.35,112.9,108.8,112.65,95942333
2022-08-16,113.7,113.7,111.1,113.0,69207437
2022-08-17,113.5,113.5,112.25,112.5,54008422
2022-08-18,112.5,113.0,111.4,112.55,49396425
2022-08-19,112.55,112.9,109.55,110.05,57134813
2022-08-22,109.5,109.6,104.7,105.05,74037526
2022-08-23,104.2,108.25,103.5,107.6,70531639
2022-08-24,107.55,108.15,105.75,106.55,55686404
2022-08-25,107.05,107.9,105.75,106.25,42186335
2022-08-26,107.25,109.2,107.1,107.35,71257092
2022-08-29,104.05,105.65,103.25,104.85,59895805
2022-08-30,106.5,108.5,106.05,108.3,67401780
2022-09-01,107.0,107.75,105.9,106.4,52454732
2022-09-02,107.0,107.0,105.0,105.5,45601352
2022-09-05,106.05,107.3,105.8,106.9,40352735
2022-09-06,107.4,108.8,106.05,108.6,59505849
2022-09-07,107.55,108.9,107.1,107.6,43945660
2022-09-08,108.4,108.4,105.35,105.85,71228405
2022-09-09,107.0,107.35,105.5,105.7,63647166
2022-09-12,106.8,107.95,106.5,107.75,40838533
2022-09-13,108.0,108.7,107.55,107.75,44179394
2022-09-14,106.3,110.4,105.8,109.15,86379872
2022-09-15,108.65,109.0,106.5,107.0,62926791
2022-09-16,106.2,107.5,105.0,105.7,107967267
2022-09-19,106.2,106.2,103.0,103.1,51146568
2022-09-20,104.2,106.35,104.0,105.8,52140254
2022-09-21,105.8,107.2,104.3,104.45,46142823
2022-09-22,104.45,105.3,103.5,103.6,61380323
2022-09-23,106.2,107.9,103.75,104.3,109765520
2022-09-26,104.4,104.45,98.5,99.85,101291962
2022-09-27,101.35,101.35,96.5,97.65,104949032
2022-09-28,96.55,97.85,95.0,95.2,71724106
2022-09-29,97.0,98.25,96.4,96.85,60884592
2022-09-30,96.85,100.4,95.7,99.3,66436616
2022-10-03,99.6,99.65,98.0,98.35,37282313
2022-10-04,100.3,101.5,100.0,101.15,40186702
2022-10-06,102.0,103.8,101.75,103.55,48169310
2022-10-07,103.3,103.5,101.9,103.3,36080875
2022-10-10,102.0,103.5,101.15,103.2,36641275
2022-10-11,103.55,103.65,99.8,100.35,41083734
2022-10-12,100.35,101.2,99.0,100.55,41357469
2022-10-13,101.1,101.8,98.8,100.1,34668093
2022-10-14,101.85,102.8,99.9,100.1,32456805
2022-10-17,99.75,100.4,98.1,99.55,37568783
2022-10-18,100.3,101.0,99.8,100.65,30722156
2022-10-19,100.6,101.25,99.7,100.05,38764542
2022-10-20,99.5,101.2,98.8,100.9,38091315
2022-10-21,100.85,101.45,99.35,100.2,30973997
2022-10-24,102.0,102.1,101.0,101.2,7480281
2022-10-25,101.15,102.5,100.7,101.2,37163180
2022-10-27,102.25,104.65,102.05,104.2,74349009
2022-10-28,104.1,104.6,100.8,101.6,51006232
2022-10-31,101.9,102.15,100.3,101.55,38715841
2022-11-01,98.55,101.45,98.55,101.2,69031178
2022-11-02,101.0,103.0,100.8,101.25,42336049
2022-11-03,100.75,102.45,100.0,102.0,39110676
2022-11-04,102.5,105.0,102.2,104.75,70299020
2022-11-07,105.9,107.45,104.6,106.7,74426059
2022-11-09,107.25,107.55,105.55,106.1,38295904
2022-11-10,105.2,106.0,104.45,104.7,27864285
2022-11-11,106.25,108.2,106.25,107.55,77933417
2022-11-14,108.5,110.0,108.25,108.7,55474425
2022-11-15,109.0,109.35,107.2,108.55,35007427
2022-11-16,108.45,108.8,105.2,106.55,40404167
2022-11-17,105.9,106.8,104.5,105.85,32894825
2022-11-18,105.85,106.3,104.7,105.5,28992538
2022-11-21,107.7,107.7,103.85,104.25,58404309
2022-11-22,104.4,105.4,103.55,105.2,27846186
2022-11-23,105.7,106.0,104.95,105.45,22809651
2022-11-24,105.85,105.95,104.6,105.5,23737867
2022-11-25,105.6,106.5,105.1,106.2,27361785
2022-11-28,106.0,106.4,104.5,104.9,33516118
2022-11-29,105.0,107.65,104.95,106.1,40661568
2022-11-30,106.1,107.95,105.9,107.65,61142050
2022-12-01,108.7,111.3,108.0,110.75,91702642
2022-12-02,110.8,112.5,110.15,112.0,70541914
2022-12-05,113.3,116.1,112.65,115.85,96441799
2022-12-06,115.35,115.35,112.25,112.95,50581245
2022-12-07,113.4,113.5,110.85,111.2,39494279
2022-12-08,111.75,113.0,110.8,111.85,32416724
2022-12-09,112.8,113.75,109.7,110.45,35665257
2022-12-12,110.2,112.1,108.7,111.7,37082389
2022-12-13,112.55,112.85,110.8,111.2,32264080
2022-12-14,111.6,113.2,111.1,113.05,38606984
2022-12-15,112.65,113.45,110.7,110.95,34361613
2022-12-16,110.35,112.1,109.45,111.05,34736665
2022-12-19,111.05,112.1,110.8,111.8,17297590
2022-12-20,111.15,111.5,109.0,110.95,34836506
2022-12-21,111.8,112.0,108.7,109.4,32303565
2022-12-22,110.0,110.6,106.35,107.65,39639329
2022-12-23,106.0,106.75,101.95,102.25,46756489
2022-12-26,102.8,105.55,101.65,105.0,33995681
2022-12-27,106.65,111.55,105.85,111.15,76033410
2022-12-28,111.05,112.3,109.7,110.0,50660601
2022-12-29,109.0,112.0,108.85,111.75,51751642
2022-12-30,112.9,114.75,112.1,112.65,56048485
2023-01-02,114.4,119.7,113.75,119.25,143444095
2023-01-03,119.8,120.5,117.75,118.45,74419090
2023-01-04,118.75,119.05,115.35,115.75,55634568
2023-01-05,116.5,117.0,114.5,116.55,58806907
2023-01-06,117.0,117.85,115.25,115.65,58551863
2023-01-09,116.9,118.1,116.55,117.55,37763131
2023-01-10,117.65,119.75,117.55,118.85,56750710
2023-01-11,119.45,120.35,118.0,118.85,49321252
2023-01-12,118.95,119.25,117.6,118.1,33740024
2023-01-13,118.55,121.6,118.15,120.45,68884010
2023-01-16,121.45,121.45,118.8,119.95,44362359
2023-01-17,119.75,119.9,118.0,119.35,27880531
2023-01-18,120.0,123.0,120.0,122.45,64749065
2023-01-19,121.8,124.3,121.15,123.55,53564076
2023-01-20,123.4,124.2,122.0,122.95,37784498
2023-01-23,123.4,123.85,121.5,122.0,28601260
2023-01-24,122.5,122.55,120.1,120.4,27707765
2023-01-25,120.35,122.25,120.1,121.0,46522102
2023-01-27,121.9,123.25,119.1,120.65,58771746
2023-01-30,120.45,121.1,116.9,118.75,46551837
2023-01-31,118.75,120.45,117.75,119.7,43986769
2023-02-01,120.1,124.15,119.3,122.05,72919626
2023-02-02,121.95,122.5,118.4,119.95,38768010
2023-02-03,120.05,121.0,117.2,120.35,46977350
2023-02-06,120.0,120.0,117.0,117.45,49546361
2023-02-07,112.6,115.35,110.55,111.45,110953246
2023-02-08,111.45,112.75,110.1,111.45,66523699
2023-02-09,112.15,112.95,109.95,111.25,64710455
2023-02-10,111.0,111.25,108.3,108.8,60810058
2023-02-13,108.8,110.6,108.4,108.75,56186469
2023-02-14,109.55,109.9,108.25,109.25,31163587
2023-02-15,109.0,110.6,108.8,110.3,35544190
2023-02-16,111.0,112.2,110.65,112.0,30956191
2023-02-17,111.55,113.1,111.3,112.25,34107244
2023-02-20,112.3,112.7,111.05,112.35,19896764
2023-02-21,112.9,114.2,112.75,113.15,29830864
2023-02-22,113.25,113.7,110.65,111.15,24391211
2023-02-23,111.55,113.65,111.35,112.05,30845778
2023-02-24,112.5,112.9,109.55,109.75,34326940
2023-02-27,109.8,110.05,105.15,106.1,56217189
2023-02-28,106.85,107.05,103.55,103.95,76540448
2023-03-01,104.7,107.1,104.5,105.5,76175319
2023-03-02,106.05,106.9,104.35,104.65,55276248
2023-03-03,106.0,107.45,105.0,107.0,117175295
2023-03-06,107.5,107.6,105.0,105.65,106868143
2023-03-08,105.3,106.9,104.0,106.5,43939583
2023-03-09,107.85,108.95,107.5,108.2,51967449
2023-03-10,107.0,108.35,106.6,108.1,47699832
2023-03-13,108.25,109.0,106.35,106.8,34552596
2023-03-14,107.0,108.55,106.2,106.4,48584984
2023-03-15,107.5,109.15,107.4,108.65,38930902
2023-03-16,107.25,107.25,103.7,105.05,81088340
2023-03-17,106.45,107.35,105.0,107.0,48962238
2023-03-20,106.1,106.45,103.85,104.5,41569640
2023-03-21,105.1,105.4,104.3,104.75,26434897
2023-03-22,104.75,105.95,104.4,104.8,25891259
2023-03-23,104.4,105.5,104.35,104.9,20913844
2023-03-24,105.0,105.05,101.55,102.1,39014278
2023-03-27,102.55,103.4,102.1,102.3,24753289
2023-03-28,102.85,103.1,102.35,102.5,18703734
2023-03-29,102.5,104.5,101.65,103.6,37221124
2023-03-31,105.0,105.5,104.1,104.5,34579415
2023-04-03,105.1,105.25,103.8,104.1,21840428
2023-04-05,104.1,105.0,103.2,104.85,25194802
2023-04-06,104.85,105.1,104.2,104.35,21053782
2023-04-10,104.5,105.75,104.5,104.95,19992257
2023-04-11,105.55,107.85,105.1,107.55,49304956
2023-04-12,108.2,108.4,106.95,107.6,27349538
2023-04-13,107.5,108.15,105.9,107.5,34880922
2023-04-17,107.6,108.3,106.75,107.15,24642162
2023-04-18,107.2,107.9,106.85,107.6,25476339
2023-04-19,107.85,110.4,107.75,108.1,62100775
2023-04-20,108.2,108.7,107.4,108.0,18337948
2023-04-21,108.0,108.1,105.35,106.15,37638506
2023-04-24,106.4,106.7,105.35,106.5,23475012
2023-04-25,106.7,107.6,106.25,107.05,23333425
2023-04-26,106.5,107.05,105.85,106.85,23590297
2023-04-27,106.3,107.85,106.3,107.65,22364308
2023-04-28,107.8,108.5,107.3,107.95,30072920
2023-05-02,108.0,110.85,108.0,110.3,52822162
2023-05-03,109.8,111.0,108.75,109.7,51272624
2023-05-04,110.0,111.9,109.5,111.05,38636907
2023-05-05,110.85,110.85,108.4,108.65,32958346
2023-05-08,109.25,109.85,108.25,109.55,23130472
2023-05-09,109.6,111.2,109.15,109.55,27999202
2023-05-10,109.6,110.0,108.6,109.25,19213215
2023-05-11,109.2,109.5,108.25,108.55,19817637
2023-05-12,108.35,108.4,106.55,106.75,36794838
2023-05-15,107.05,108.2,105.65,107.7,22148028
2023-05-16,108.2,108.65,107.2,107.4,18587658
2023-05-17,107.4,107.5,105.55,106.0,28895465
2023-05-18,106.5,107.15,105.1,105.2,24208481
2023-05-19,105.6,105.7,104.05,104.65,29848841
2023-05-22,105.0,105.25,104.3,105.0,21588716
2023-05-23,105.1,106.05,105.0,105.6,21304034
2023-05-24,105.1,105.8,104.9,105.2,28454367
2023-05-25,105.0,105.2,104.3,104.85,25885062
2023-05-26,105.0,106.75,104.95,106.4,28362042
2023-05-29,107.0,108.85,106.3,108.45,41062311
2023-05-30,108.95,108.95,106.9,107.05,33475211
2023-05-31,106.4,106.95,105.6,105.8,41249944
2023-06-01,105.9,106.7,105.8,105.95,21211538
2023-06-02,106.5,108.3,106.5,108.0,46686933
2023-06-05,108.65,109.9,107.8,109.4,39642539
2023-06-06,109.75,109.85,108.3,109.0,26751372
2023-06-07,109.5,111.75,108.9,111.5,45157197
2023-06-08,111.5,113.0,110.95,111.15,46380294
2023-06-09,111.25,111.65,108.65,108.9,36392617
2023-06-12,109.15,110.6,109.15,109.5,23472313
2023-06-13,110.0,111.85,109.65,111.15,30018212
2023-06-14,111.5,114.0,111.4,113.8,66696433
2023-06-15,113.9,114.2,113.25,113.75,39430138
2023-06-16,114.4,114.8,113.85,114.25,31715807
2023-06-19,115.45,115.6,113.05,114.1,33502185
2023-06-20,114.1,115.25,113.5,114.25,30371599
2023-06-21,114.9,114.9,112.85,113.9,35627983
2023-06-22,110.6,112.2,110.55,111.1,34769987
2023-06-23,110.5,110.75,109.2,109.6,22190233
2023-06-26,109.6,110.2,108.1,109.85,25332751
2023-06-27,110.6,111.5,110.15,110.75,24129403
2023-06-28,111.5,112.05,110.9,111.55,23895274
2023-06-30,111.6,112.2,110.4,112.0,26741918
2023-07-03,112.25,114.25,112.05,113.1,30979256
2023-07-04,113.2,113.4,112.1,112.4,25080307
2023-07-05,112.55,113.55,112.2,112.95,27877180
2023-07-06,112.0,112.85,111.5,112.65,34320086
2023-07-07,112.0,113.3,111.25,111.6,30034274
2023-07-10,112.25,115.7,111.65,115.3,60652690
2023-07-11,115.6,116.1,114.8,115.15,37999385
2023-07-12,115.15,116.05,114.0,114.7,32771204
2023-07-13,116.0,116.95,114.5,114.85,44847814
2023-07-14,115.7,117.9,114.8,117.15,34521821
2023-07-17,117.95,119.35,117.1,117.75,49115369
2023-07-18,118.0,118.15,116.4,116.6,23433431
2023-07-19,116.7,117.2,116.1,116.7,17222355
2023-07-20,116.7,117.25,116.35,116.95,22303831
2023-07-21,116.6,117.95,115.5,116.6,31546136
2023-07-24,116.5,116.5,114.35,115.5,38113555
2023-07-25,115.0,119.9,114.35,119.25,88035259
2023-07-26,119.8,120.6,118.85,119.95,29716336
2023-07-27,120.25,121.45,119.15,119.8,39664251
2023-07-28,120.2,121.1,118.7,120.6,33996691
2023-07-31,120.6,123.85,120.6,123.15,52330311
2023-08-01,123.55,124.15,122.55,123.2,27863562
2023-08-02,122.9,122.9,118.25,118.95,54951586
2023-08-03,118.7,119.65,117.5,118.2,34624188
2023-08-04,119.4,119.75,118.0,119.0,22303966
2023-08-07,119.6,119.6,118.0,118.85,20711952
2023-08-08,119.0,119.5,117.95,118.15,21275054
2023-08-09,118.35,120.5,116.9,120.2,34154214
2023-08-10,120.0,120.65,119.25,120.0,24439101
2023-08-11,120.3,121.4,119.15,120.3,26337436
2023-08-14,120.3,120.4,117.35,118.15,33095516
2023-08-16,117.95,117.95,115.4,115.95,31252473
2023-08-17,115.9,116.8,114.7,116.05,28461865
2023-08-18,116.3,116.4,114.75,115.8,30381609
2023-08-21,116.75,117.1,115.85,116.9,22629651
2023-08-22,117.15,117.75,116.5,117.55,17343131
2023-08-23,117.85,119.25,117.65,118.95,43744909
2023-08-24,119.5,120.1,118.05,118.25,27103446
2023-08-25,118.0,118.15,116.7,116.9,23692527
2023-08-28,117.0,118.25,117.0,117.6,19218821
2023-08-29,118.5,120.15,117.75,119.55,36038317
2023-08-30,120.5,122.7,120.25,122.1,51467177
2023-08-31,122.85,123.6,122.15,122.9,60626985
2023-09-01,123.5,128.7,123.4,127.05,76460408
2023-09-04,129.2,132.9,128.85,131.75,68525900
2023-09-05,131.75,132.45,128.85,131.7,36466807
2023-09-06,132.4,132.4,128.2,129.6,36058850
2023-09-07,129.5,130.8,128.6,130.15,30268235
2023-09-08,131.4,131.65,129.2,129.5,34313523
2023-09-11,129.5,131.85,129.2,131.15,33377857
2023-09-12,132.8,133.15,128.65,129.0,38065283
2023-09-13,129.6,130.5,127.7,129.55,23371459
2023-09-14,131.0,134.2,130.8,131.7,58800620
2023-09-15,132.6,133.3,129.85,131.95,85058495
2023-09-18,135.0,135.0,130.05,130.45,62420823
2023-09-20,130.45,131.8,128.0,128.3,43627379
2023-09-21,128.3,129.25,127.2,127.8,29826091
2023-09-22,127.15,128.7,125.5,126.75,34059194
2023-09-25,127.3,128.3,126.1,127.4,23466981
2023-09-26,129.0,130.55,128.4,128.9,48936598
2023-09-27,128.75,128.75,126.7,128.15,33277329
2023-09-28,128.35,129.3,126.3,126.8,29982233
2023-09-29,128.2,129.55,127.55,128.9,28406435
2023-10-03,129.0,129.1,127.25,128.0,18613557
2023-10-04,127.0,127.1,124.5,125.3,33272725
2023-10-05,125.9,126.15,124.55,125.25,27063441
2023-10-06,126.5,127.0,125.1,125.9,21928671
2023-10-09,124.8,124.9,122.6,123.85,21457836
2023-10-10,124.7,125.9,123.75,125.3,28745957
2023-10-11,126.0,126.3,124.7,124.95,24455932
2023-10-12,125.35,126.9,125.1,125.9,19361688
2023-10-13,125.0,125.75,124.0,125.05,26912800
2023-10-16,125.1,127.25,124.95,127.0,23868700
2023-10-17,127.9,128.55,127.0,127.4,24241710
2023-10-18,127.85,128.7,126.6,127.1,20926079
2023-10-19,125.5,126.5,124.35,126.0,30941319
2023-10-20,125.0,125.75,122.7,123.1,30746140
2023-10-23,123.35,123.4,119.7,120.0,30699479
2023-10-25,121.2,122.8,120.75,121.35,27346103
2023-10-26,120.85,120.9,118.9,119.9,36298907
2023-10-27,120.5,121.8,119.5,119.9,28424007
2023-10-30,121.05,121.25,118.95,119.15,18753217
2023-10-31,120.0,120.15,118.4,118.75,22319950
2023-11-01,119.0,119.1,116.0,116.6,24717941
2023-11-02,114.6,118.55,114.6,118.1,72538804
2023-11-03,118.2,118.6,117.1,117.3,31747230
2023-11-06,118.5,119.65,117.5,119.4,27883152
2023-11-07,119.3,120.2,118.4,119.65,25818033
2023-11-08,119.75,120.5,118.55,119.05,22552386
2023-11-09,119.2,120.5,118.85,119.65,22979112
2023-11-10,119.5,120.45,118.8,120.05,23584510
2023-11-12,121.6,121.6,120.6,120.85,3984034
2023-11-13,120.85,121.25,119.9,121.0,17951775
2023-11-15,121.7,124.4,121.5,124.05,38344393
2023-11-16,124.0,125.25,123.0,124.7,30836413
2023-11-17,124.7,125.75,124.3,125.2,23319439
2023-11-20,125.05,125.65,124.05,124.35,18780290
2023-11-21,125.05,126.4,124.95,126.25,29643312
2023-11-22,126.4,126.9,125.5,126.1,19588063
2023-11-23,126.35,127.4,125.9,126.7,30736851
2023-11-24,126.7,127.0,125.55,125.95,14719450
2023-11-28,127.0,127.0,126.0,126.85,18377843
2023-11-29,127.15,128.15,126.7,127.75,23092165
2023-11-30,127.8,128.85,126.5,127.9,40165104
2023-12-01,128.9,130.3,128.05,130.0,31192397
2023-12-04,132.2,132.35,130.4,131.0,41230928
2023-12-05,131.0,132.45,130.0,131.6,35192149
2023-12-06,132.5,133.4,130.8,131.85,40753593
2023-12-07,131.7,132.2,129.8,130.0,34686333
2023-12-08,130.15,131.4,127.95,129.2,34393711
2023-12-11,129.85,130.5,128.75,130.05,24038059
2023-12-12,130.05,132.15,129.7,130.1,30696410
2023-12-13,130.55,131.5,129.15,131.4,22767972
2023-12-14,132.3,133.25,131.5,132.0,43372143
2023-12-15,133.4,136.75,133.0,136.45,77377446
2023-12-18,136.85,137.6,135.1,136.6,38461877
2023-12-19,136.65,137.6,134.8,135.4,27726431
2023-12-20,135.9,136.15,128.75,129.75,39495961
2023-12-21,128.7,131.45,127.85,131.0,34914399
2023-12-22,132.4,134.75,131.75,133.55,37357334
2023-12-26,134.7,136.1,134.45,135.2,25936447
2023-12-27,135.85,138.9,135.5,137.2,48101400
2023-12-28,138.15,138.75,136.85,138.15,34661176
2023-12-29,138.6,141.25,137.15,139.6,49202910
2024-01-01,140.0,140.95,139.05,139.85,21186105
2024-01-02,140.5,140.6,137.05,139.6,27764060
2024-01-03,139.5,139.6,134.35,135.35,45176618
2024-01-04,136.0,136.35,134.0,134.25,43913498
2024-01-05,135.0,135.95,132.85,133.65,71330190
2024-01-08,135.3,135.95,131.75,132.0,39559717
2024-01-09,133.5,134.8,132.5,133.65,30736868
2024-01-10,133.8,134.7,132.1,134.1,27213624
2024-01-11,134.85,135.65,134.2,134.9,23113349
2024-01-12,135.8,136.25,134.65,135.3,32883921
2024-01-15,136.0,136.25,133.95,134.9,34158775
2024-01-16,134.7,138.5,134.0,137.25,56361287
2024-01-17,135.45,135.75,131.4,131.65,58982971
2024-01-18,131.65,132.25,128.2,131.0,45273496
2024-01-19,132.6,134.7,131.6,134.25,32653013
2024-01-20,134.25,135.2,133.3,133.95,16578179
2024-01-23,134.8,135.2,129.3,130.1,35373970
2024-01-24,130.2,135.55,130.1,135.15,39340119
2024-01-25,136.5,136.5,132.0,133.75,61358839
2024-01-29,134.7,135.4,133.5,135.0,29745400
2024-01-30,135.6,137.7,134.5,134.7,35704185
2024-01-31,135.0,136.7,134.5,135.95,36079354
2024-02-01,136.4,136.75,134.5,134.8,31701793
2024-02-02,135.3,139.6,134.8,138.7,69296192
2024-02-05,140.0,143.35,139.35,141.55,80737626
2024-02-06,143.0,145.1,140.45,144.65,53192936
2024-02-07,146.85,147.4,144.05,144.4,61517064
2024-02-08,145.3,145.65,143.05,143.65,38997666
2024-02-09,144.2,144.45,139.15,141.3,35961925
2024-02-12,142.0,142.95,136.65,137.4,36477544
2024-02-13,137.75,138.25,134.1,137.85,39155909
2024-02-14,137.0,141.5,135.75,141.2,29141690
2024-02-15,141.5,143.45,141.0,141.2,31587387
2024-02-16,142.05,143.45,141.5,142.3,22316127
2024-02-19,142.95,143.35,141.35,141.95,16973568
2024-02-20,141.95,142.25,140.05,141.05,24291123
2024-02-21,141.55,146.2,141.45,143.9,88000833
2024-02-22,145.0,146.15,143.5,145.9,46728176
2024-02-23,146.4,147.1,145.0,145.45,28414697
2024-02-26,145.85,145.95,142.25,142.65,22570277
2024-02-27,142.65,144.5,142.0,144.2,24119469
2024-02-28,144.05,144.95,140.05,140.75,20721926
2024-02-29,140.8,141.85,139.4,140.85,32248156
2024-03-01,143.0,150.65,143.0,149.95,123709943
2024-03-02,152.0,156.2,151.0,155.25,21643047
2024-03-04,154.9,154.9,151.05,153.1,67577785
2024-03-05,153.2,154.0,150.75,151.85,37165490
2024-03-06,151.8,152.65,147.9,151.6,51782444
2024-03-07,152.4,159.15,152.25,157.25,124847699
2024-03-11,158.9,158.9,153.0,153.45,54155385
2024-03-12,154.2,154.55,150.9,152.5,34947937
2024-03-13,152.8,152.9,142.5,143.65,70937597
2024-03-14,143.6,143.95,138.35,142.45,91956952
2024-03-15,142.9,143.7,139.85,141.7,68482621
2024-03-18,142.55,150.25,142.2,149.7,166913078
2024-03-19,149.0,152.45,147.6,148.75,105004268
2024-03-20,149.6,150.65,143.85,145.65,77550319
2024-03-21,148.0,151.2,147.8,150.1,84225737
2024-03-22,149.0,152.75,148.35,151.8,68241556
2024-03-26,151.15,153.4,150.5,152.4,52965508
2024-03-27,152.45,154.1,152.0,152.7,35328794
2024-03-28,152.7,157.0,152.7,155.85,62575327
2024-04-01,156.8,163.9,156.5,163.15,84583929
2024-04-02,162.95,165.5,161.8,164.65,69533405
2024-04-03,164.65,166.25,163.1,163.65,50938559
2024-04-04,165.55,165.95,161.0,163.4,61094750
2024-04-05,163.9,164.15,160.8,163.35,44668121
2024-04-08,166.95,166.95,164.2,165.2,48255703
2024-04-09,166.0,169.8,165.2,166.0,63884687
2024-04-10,167.3,169.2,164.5,165.05,64134758
2024-04-12,166.0,166.0,163.0,163.5,55317636
2024-04-15,161.8,164.7,158.6,160.85,66426404
2024-04-16,160.85,162.45,159.0,160.05,41391261
2024-04-18,160.9,164.0,159.15,160.05,68093672
2024-04-19,160.0,162.5,157.3,162.1,60078229
2024-04-22,163.8,164.7,161.5,161.85,39304790
2024-04-23,163.5,163.5,160.8,161.15,30295177
2024-04-24,162.45,166.9,161.45,165.55,59894921
2024-04-25,165.4,168.0,164.15,167.7,50128523
2024-04-26,168.0,170.7,165.25,165.8,65355111
2024-04-29,168.2,169.6,166.9,167.4,44906151
2024-04-30,168.4,168.4,164.5,165.0,55043389
2024-05-02,165.0,168.9,165.0,167.35,69320283
2024-05-03,168.95,170.75,165.15,166.5,62573586
2024-05-06,167.95,168.65,164.7,167.6,37621296
2024-05-07,167.95,167.95,162.3,164.25,43611824
2024-05-08,164.2,167.1,163.5,166.05,30128705
2024-05-09,165.95,166.7,161.5,161.9,30223088
2024-05-10,163.2,164.35,161.85,162.25,31472419
2024-05-13,162.45,164.5,158.05,163.85,36561003
2024-05-14,164.1,166.55,163.5,164.95,46261468
2024-05-15,164.95,167.55,164.95,165.6,29601304
2024-05-16,167.25,168.0,162.3,165.9,41126570
2024-05-17,166.6,168.45,165.45,167.35,39181277
2024-05-18,168.0,168.3,167.3,167.9,3601856
2024-05-21,168.5,175.2,167.95,174.35,84833644
2024-05-22,175.45,175.5,171.5,173.3,42919832
2024-05-23,173.05,175.8,170.5,175.5,49377680
2024-05-24,174.95,177.55,174.15,174.85,38674485
2024-05-27,177.7,177.7,174.85,175.5,30410585
2024-05-28,175.9,177.5,173.45,174.9,39208456
2024-05-29,174.75,176.0,173.5,174.25,36575550
2024-05-30,172.0,172.0,163.35,164.15,108813875
2024-05-31,166.05,167.95,164.0,167.2,83713848
2024-06-03,173.25,175.0,168.85,174.25,86397540
2024-06-04,174.5,174.65,148.15,158.95,125042158
2024-06-05,162.15,169.6,159.0,169.2,60098501
2024-06-06,170.0,174.7,169.4,172.05,57920819
2024-06-07,172.0,179.65,170.8,178.9,84319867
2024-06-10,180.21,182.1,177.36,180.29,74286848
2024-06-11,180.5,183.75,180.5,181.33,55555544
2024-06-12,182.25,183.87,181.5,182.23,33304643
2024-06-13,183.4,184.1,180.51,182.56,36669164
2024-06-14,182.95,183.5,181.4,183.15,28509237
2024-06-18,183.8,184.6,180.6,181.12,35032118
2024-06-19,182.45,182.49,179.31,180.02,27476795
2024-06-20,181.6,182.95,179.37,182.28,38837494
2024-06-21,179.4,180.9,178.18,179.94,65494855
2024-06-24,177.44,178.95,175.1,177.96,47597307
2024-06-25,177.99,179.0,175.25,175.68,30599989
2024-06-26,175.68,176.0,171.84,172.56,44006436
2024-06-27,172.56,174.95,171.8,174.16,49767976
2024-06-28,174.17,177.1,173.57,174.01,37521949
2024-07-01,174.5,175.99,173.51,174.07,27807688
2024-07-02,174.47,175.75,173.6,174.54,33359495
2024-07-03,174.54,176.88,174.4,176.37,29090492
2024-07-04,177.0,178.19,175.82,176.29,29504744
2024-07-05,176.2,176.2,173.4,174.71,38123217
2024-07-08,174.6,175.47,172.09,172.28,31479861
2024-07-09,173.6,173.7,171.51,171.8,25127904
2024-07-10,172.5,172.89,167.02,167.98,41525591
2024-07-11,170.0,170.95,168.67,168.92,33987236
2024-07-12,170.2,170.39,168.01,168.69,33311402
2024-07-15,168.69,168.99,165.8,166.76,32635187
2024-07-16,167.8,169.82,166.7,167.07,26506026
2024-07-18,167.61,167.61,164.44,166.36,36568852
2024-07-19,166.0,166.09,157.2,157.77,77987514
2024-07-22,158.4,160.7,156.41,160.32,40353690
2024-07-23,161.6,161.97,155.0,160.02,37077411
2024-07-24,160.02,162.02,159.19,160.31,28086566
2024-07-25,158.5,158.5,156.9,157.39,45155876
2024-07-26,158.75,162.95,158.21,162.55,45642032
2024-07-29,164.7,164.7,162.33,162.87,31754833
2024-07-30,162.9,165.3,161.31,164.07,42824600
2024-07-31,166.29,166.5,163.55,165.33,52769925
2024-08-01,168.2,168.95,160.9,163.06,118341338
2024-08-02,161.0,161.19,154.72,158.22,72427529
2024-08-05,153.66,154.0,149.0,149.82,102883971
2024-08-06,151.21,153.8,149.61,150.32,53507102
2024-08-07,153.7,154.3,151.9,153.86,32029697
2024-08-08,153.4,153.44,150.0,150.28,51858615
2024-08-09,153.0,153.0,151.25,151.81,23290101
2024-08-12,151.0,153.4,149.88,152.06,30550334
2024-08-13,152.1,152.95,148.5,148.88,29396493
2024-08-14,149.9,149.9,142.35,146.17,97911180
2024-08-16,148.0,150.0,146.46,149.52,54131721
2024-08-19,150.85,154.3,150.39,153.96,62889770
2024-08-20,155.7,155.7,152.8,153.93,37559016
2024-08-21,153.0,154.18,151.77,151.92,49749381
2024-08-22,152.51,154.35,152.51,154.14,36719176
2024-08-23,154.0,154.39,152.55,154.2,31490857
2024-08-26,154.61,156.4,153.7,155.7,32497603
2024-08-27,155.8,156.5,154.6,154.7,24523684
2024-08-28,154.7,155.0,153.05,153.7,25195197
2024-08-29,153.21,153.56,151.2,152.97,44452983
2024-08-30,153.0,155.25,152.47,152.76,55134023
2024-09-02,153.9,153.9,152.14,152.88,19200143
2024-09-03,152.84,153.45,152.01,152.15,19780066
2024-09-04,149.5,152.18,149.16,151.18,39613696
2024-09-05,151.0,152.79,151.0,151.72,28347324
2024-09-06,151.94,152.9,149.65,151.22,30709532
2024-09-09,150.9,150.9,148.05,149.47,32624586
2024-09-10,150.5,151.59,148.81,149.42,41607844
2024-09-11,149.9,150.2,147.62,148.17,24633287
2024-09-12,152.0,152.44,148.75,151.74,73191476
2024-09-13,152.78,155.4,152.5,153.49,54894255
2024-09-16,155.0,155.66,153.5,154.21,32575460
2024-09-17,154.0,154.24,152.27,152.82,18275113
2024-09-18,152.4,152.98,149.61,150.6,24856345
2024-09-19,151.89,152.19,147.79,149.54,36913781
2024-09-20,151.0,153.34,150.65,152.02,53873369
2024-09-23,154.38,154.39,152.8,153.99,33281905
2024-09-24,155.15,161.5,154.85,160.53,137414352
2024-09-25,161.5,162.69,159.52,161.66,58044967
2024-09-26,162.0,165.9,160.48,165.61,88661662
2024-09-27,167.0,169.01,165.89,166.55,72795668
2024-09-30,167.5,170.18,167.26,168.55,92381529
2024-10-01,169.49,169.49,165.1,167.03,50761579
2024-10-03,165.5,169.99,164.52,166.98,75959797
2024-10-04,167.0,169.1,164.0,166.75,53880875
2024-10-07,167.1,167.95,162.33,164.36,48775098
2024-10-08,163.0,163.59,156.7,159.52,74956764
2024-10-09,159.52,162.2,158.11,159.06,42766218
2024-10-10,158.3,161.18,156.6,159.72,46507936
2024-10-11,159.3,163.78,159.2,160.66,53263433
2024-10-14,161.88,163.38,158.04,158.32,35566857
2024-10-15,159.5,159.53,155.05,155.63,38964393
2024-10-16,155.19,156.55,154.02,155.24,28518262
2024-10-17,155.65,156.3,152.1,152.4,28404223
2024-10-18,152.4,156.2,151.1,155.39,34750795
2024-10-21,156.1,157.93,154.59,155.03,25799090
2024-10-22,154.9,154.9,150.1,150.39,39079846
2024-10-23,150.3,151.95,148.05,148.78,42107893
2024-10-24,149.49,149.83,148.01,148.98,22115070
2024-10-25,149.0,149.5,144.43,145.86,39730802
2024-10-28,146.0,149.73,144.73,149.38,28386897
2024-10-29,149.85,150.45,146.55,150.06,32258407
2024-10-30,148.1,150.95,148.1,148.97,21362130
2024-10-31,149.08,149.95,148.2,148.56,26383702
2024-11-01,149.66,150.25,149.0,149.75,5106804
2024-11-04,150.0,150.0,145.1,146.95,25571021
2024-11-05,147.0,152.55,146.95,152.29,42772283
2024-11-06,154.0,154.95,149.59,153.62,48928986
2024-11-07,156.11,156.92,150.2,150.95,88254789
2024-11-08,152.0,152.0,146.94,147.57,61980989
2024-11-11,147.57,147.69,144.1,145.01,47497863
2024-11-12,145.65,147.13,143.6,144.17,28861672
2024-11-13,143.6,143.6,138.6,139.17,57609083
2024-11-14,139.71,140.73,137.5,137.98,36345184
2024-11-18,139.49,143.25,138.0,141.21,40233848
2024-11-19,142.0,142.49,139.06,139.46,37611903
2024-11-21,139.5,141.6,137.25,140.22,58398744
2024-11-22,140.15,143.19,139.65,142.78,43710169
2024-11-25,144.94,146.15,142.84,143.67,53883890
2024-11-26,144.22,145.8,143.58,144.47,25608469
2024-11-27,144.31,144.9,142.9,144.53,24895631
2024-11-28,144.0,145.25,143.09,143.39,30947861
2024-11-29,143.9,145.49,143.05,144.54,29742979
2024-12-02,144.11,146.83,143.14,146.41,23840351
2024-12-03,146.75,148.2,146.34,146.54,35527228
2024-12-04,147.0,147.05,144.0,145.85,38537808
2024-12-05,146.5,147.88,144.8,147.07,36328245
2024-12-06,147.5,148.68,146.6,148.29,30604899
2024-12-09,148.29,150.67,146.63,149.88,39059139
2024-12-10,150.19,152.5,149.31,150.32,36278104
2024-12-11,150.59,152.11,150.06,150.6,20499709
2024-12-12,150.87,151.63,148.7,150.78,25761723
2024-12-13,150.0,150.05,145.55,148.95,39701388
2024-12-16,148.94,149.8,147.1,147.79,22634773
2024-12-17,147.79,148.5,145.33,145.68,27110781
2024-12-18,146.0,146.9,143.3,144.46,19850229
2024-12-19,141.55,143.8,141.1,143.26,27104579
2024-12-20,142.89,144.4,140.0,140.68,46503449
2024-12-23,142.45,143.8,140.61,141.71,27514178
2024-12-24,141.2,141.5,139.25,140.38,25882917
2024-12-26,140.95,141.15,139.51,140.36,23939932
2024-12-27,140.7,141.75,138.61,138.91,19562177
2024-12-30,138.91,139.25,136.09,136.88,32555723
2024-12-31,136.87,138.68,136.56,138.05,20080291
2025-01-01,138.1,138.45,136.58,136.74,18169498
2025-01-02,137.0,138.45,136.4,138.18,23388424
2025-01-03,138.18,139.73,137.84,138.36,23351832
2025-01-06,138.36,138.39,131.35,132.18,44620509
2025-01-07,132.78,133.88,132.01,133.38,24239451
2025-01-08,133.93,134.24,131.77,132.64,31570331
2025-01-09,132.0,132.4,129.7,129.93,31903107
2025-01-10,129.93,130.39,126.7,127.43,34855510
2025-01-13,126.0,126.5,122.62,122.93,38968332
2025-01-14,122.94,127.64,122.94,126.93,36877365
2025-01-15,128.0,128.31,125.78,126.53,18773125
2025-01-16,128.0,128.47,126.56,127.81,22164393
2025-01-17,127.9,131.16,127.64,130.28,27421959
2025-01-20,130.99,132.1,128.91,131.66,20571916
2025-01-21,132.06,132.4,129.25,129.7,32238213
2025-01-22,130.25,130.35,127.12,128.92,27505569
2025-01-23,127.85,130.75,127.7,130.37,20722538
2025-01-24,130.5,133.2,129.31,129.74,37092106
2025-01-27,129.02,129.45,125.74,126.37,24650571
2025-01-28,126.37,130.49,124.74,128.62,40373804
2025-01-29,129.0,131.34,128.55,130.8,16674706
2025-01-30,130.8,132.15,130.1,131.12,25256096
2025-01-31,131.12,135.0,129.93,134.62,26689228
2025-02-01,135.0,135.5,130.25,132.97,21173846
2025-02-03,131.29,132.51,127.81,131.82,27765357
2025-02-04,132.8,134.34,131.87,133.42,25032519
2025-02-05,133.15,135.39,133.08,134.4,16958362
2025-02-06,134.5,134.87,132.02,132.54,22408168
2025-02-07,133.3,138.75,132.56,138.31,52950146
2025-02-10,138.1,138.1,133.0,134.04,26120805
2025-02-11,133.0,134.34,129.7,130.11,23635428
2025-02-12,129.35,133.29,128.31,132.28,37927696
2025-02-13,132.28,137.69,131.86,136.25,52036196
2025-02-14,136.25,139.25,133.33,134.47,41469242
2025-02-17,132.91,134.8,130.73,134.29,21189637
2025-02-18,134.29,134.9,131.75,134.54,23957576
2025-02-19,134.5,136.88,133.03,135.76,18447487
2025-02-20,135.27,138.36,135.0,138.04,24139808
2025-02-21,137.91,141.6,137.15,140.76,41987785
2025-02-24,138.81,140.66,136.66,137.65,25193205
2025-02-25,138.49,139.35,136.7,137.07,23575603
2025-02-27,137.21,138.99,135.88,138.69,30747044
2025-02-28,137.8,137.8,134.06,137.2,45540594
2025-03-03,137.0,139.05,134.31,138.57,31154401
2025-03-04,136.15,140.94,135.81,139.34,28634645
2025-03-05,139.0,146.49,139.0,146.1,62109377
2025-03-06,146.79,152.2,146.2,150.44,79121467
2025-03-07,149.74,152.45,149.27,151.56,81821791
2025-03-10,151.56,154.24,150.41,151.05,54450331
2025-03-11,148.1,151.7,148.0,150.75,35916900
2025-03-12,151.0,152.28,147.7,150.3,26377549
2025-03-13,152.0,153.56,150.02,150.88,48286431
2025-03-17,151.99,152.64,150.9,151.81,35879781
2025-03-18,153.0,154.83,152.22,154.66,38125586
2025-03-19,156.8,159.2,156.5,158.6,66161413
2025-03-20,160.0,160.1,156.65,159.04,39889517
2025-03-21,159.03,159.75,156.82,157.28,49184821
2025-03-24,158.0,159.0,157.11,158.42,30905773
2025-03-25,159.0,159.0,156.05,156.73,28467187
2025-03-26,156.2,157.54,155.01,155.81,23182869
2025-03-27,154.8,156.1,154.2,155.42,25909068
2025-03-28,155.38,156.91,153.37,154.24,24589315
2025-04-01,152.07,155.34,152.07,153.12,29142122
2025-04-02,154.0,156.25,152.27,154.69,24977582
2025-04-03,153.0,155.97,152.6,153.62,15117526
2025-04-04,152.62,152.99,140.0,140.39,80846143
2025-04-07,128.0,130.35,125.33,129.48,121806340
2025-04-08,134.89,136.2,128.02,130.28,68999181
2025-04-09,130.0,130.0,125.3,127.18,73399980
2025-04-11,134.67,134.7,130.49,133.42,73706472
2025-04-15,135.6,137.0,134.84,136.41,38967608
2025-04-16,136.41,137.6,134.62,136.97,42684087
2025-04-17,134.4,137.96,133.7,137.14,62282856
2025-04-21,137.65,140.3,137.05,139.18,26503486
2025-04-22,142.0,142.84,137.7,138.16,58429662
2025-04-23,139.39,141.5,137.32,141.16,37851304
2025-04-24,140.7,141.88,140.28,141.52,23061444
2025-04-25,142.0,143.45,138.02,138.85,37764696
2025-04-28,138.54,142.6,138.38,142.07,26971589
2025-04-29,142.07,143.3,140.92,141.5,25758449
2025-04-30,141.45,141.56,138.0,140.08,29205042
2025-05-02,140.0,143.1,139.45,141.18,34852288
2025-05-05,141.57,142.7,141.2,142.08,17213477
2025-05-06,142.08,145.4,141.54,144.44,42658262
2025-05-07,142.2,146.95,142.2,146.0,34674594
2025-05-08,146.0,146.66,142.85,143.67,29687927
2025-05-09,140.99,143.27,140.51,142.78,21875453
2025-05-12,145.61,151.95,144.5,151.63,47087413
2025-05-13,152.0,152.99,149.01,149.43,54389876
2025-05-14,151.0,157.15,151.0,155.31,60002060
2025-05-15,155.5,157.84,154.3,157.35,57066105
2025-05-16,157.35,158.15,157.0,157.55,22884754
2025-05-19,158.0,158.14,156.13,157.57,21839582
2025-05-20,158.35,162.1,158.0,158.69,58061639
2025-05-21,159.45,161.85,158.53,161.64,36044599
2025-05-22,160.98,163.6,160.36,161.29,60715453
2025-05-23,161.6,163.53,161.5,162.97,29483665
2025-05-26,163.1,165.55,162.05,162.51,25581584
2025-05-27,162.51,163.9,160.62,161.66,23296776
2025-05-28,162.4,162.69,160.65,161.24,13044476
2025-05-29,162.19,163.95,161.5,163.12,26455081
2025-05-30,163.11,163.89,160.51,161.02,32739340
2025-06-02,159.0,160.12,157.3,159.04,31365564
2025-06-03,159.04,160.65,157.17,157.35,28398746
2025-06-04,157.5,158.98,156.81,158.18,16660138
2025-06-05,158.86,159.09,157.05,157.97,23708504
2025-06-06,155.7,157.88,154.25,157.49,25804151
2025-06-09,157.69,158.2,156.82,157.32,15315437
2025-06-10,158.0,159.3,155.5,155.68,22764080
2025-06-11,156.45,157.53,155.31,156.41,17605668
2025-06-12,156.0,156.26,151.85,152.89,27846151
2025-06-13,149.8,152.5,149.8,152.13,24277592
2025-06-16,152.01,154.5,150.84,154.17,16188193
2025-06-17,153.81,154.89,152.35,152.6,16740382
2025-06-18,152.2,153.2,150.8,152.11,14860746
2025-06-19,152.0,152.45,150.5,151.0,20145922
2025-06-20,150.75,153.17,150.63,151.97,29944714
2025-06-23,150.5,153.3,150.48,152.43,17096676
2025-06-24,153.8,156.97,153.64,154.79,25403324
2025-06-25,155.9,156.9,155.51,156.39,18240433
2025-06-26,156.87,161.1,156.45,160.54,40650557
2025-06-27,161.0,163.3,160.7,161.45,31989509
2025-06-30,160.99,162.2,159.5,159.76,15842285
2025-07-01,160.01,160.44,157.73,160.06,17823415
2025-07-02,160.06,166.15,159.83,165.88,63315210
2025-07-03,166.0,168.78,165.21,165.91,60571824
2025-07-04,165.91,166.49,162.0,163.01,22938753
2025-07-07,163.0,163.35,160.05,162.4,17469909
2025-07-08,162.45,162.9,161.6,161.97,11398248
2025-07-09,161.95,161.95,157.51,159.0,29839077
2025-07-10,160.0,161.55,159.28,160.66,17566887
2025-07-11,160.64,161.62,159.32,159.84,20689511
2025-07-14,159.84,161.12,159.3,160.44,15152964
2025-07-15,160.26,160.85,157.95,159.0,17993051
2025-07-17,157.5,160.7,157.12,159.9,21733241
2025-07-18,160.1,162.75,160.1,162.37,30728478
2025-07-21,162.5,165.6,162.49,163.02,29812899
2025-07-22,163.3,164.41,162.73,163.04,13615524
2025-07-23,163.25,164.14,161.88,162.77,14287149
2025-07-24,163.0,164.75,162.81,163.48,14377270
2025-07-25,163.5,163.59,161.05,161.43,12443495
2025-07-28,161.23,162.29,159.09,159.68,19296285
2025-07-29,158.2,162.45,158.2,161.69,15262937
2025-07-30,161.69,162.79,161.05,161.36,16083106
2025-07-31,161.0,162.13,156.56,157.94,26213891
2025-08-01,157.93,157.93,152.51,153.01,23927359
2025-08-04,153.5,159.92,153.5,159.56,30064719
2025-08-05,159.56,160.14,158.28,159.62,14441034
2025-08-06,159.62,159.8,157.8,158.66,13438851
2025-08-07,157.15,160.0,156.26,159.67,23159540
2025-08-08,159.5,159.95,157.01,157.95,11951173
2025-08-11,157.95,160.0,157.15,158.52,14325736
2025-08-12,158.52,161.65,158.5,160.16,20056598
2025-08-13,160.96,162.4,159.9,160.18,18079396
2025-08-14,160.02,160.6,154.83,155.3,47256126
2025-08-18,158.0,159.0,156.0,157.96,61022494
2025-08-19,158.5,159.46,156.76,159.23,21224239
2025-08-20,158.2,162.76,158.03,161.92,28520245
2025-08-21,161.92,162.54,161.19,161.51,17282594
2025-08-22,161.25,161.28,158.1,158.55,16063984
2025-08-25,159.2,160.33,158.64,159.63,16376542
2025-08-26,159.16,159.16,154.64,155.03,19621100
2025-08-28,155.78,155.87,153.16,153.63,22269875
2025-08-29,154.5,155.1,153.05,154.48,16971859
2025-09-01,154.48,156.36,153.7,156.17,10798622
2025-09-02,156.17,159.07,155.5,158.39,21202113
2025-09-03,158.4,168.0,158.4,167.85,82352014
2025-09-04,169.0,169.3,166.62,166.81,26316842
2025-09-05,167.0,168.0,165.94,167.68,16798170
2025-09-08,170.0,172.5,168.46,168.82,36402317
2025-09-09,169.3,169.72,167.99,169.15,14028910
2025-09-10,169.19,170.73,168.75,169.43,13128306
2025-09-11,169.35,170.9,168.46,169.41,13829526
2025-09-12,169.6,171.0,168.63,169.78,12119036
2025-09-15,169.77,170.2,168.63,169.23,10611401
2025-09-16,169.39,172.27,169.02,172.02,26629438
2025-09-17,172.5,172.9,169.35,171.36,21381306
2025-09-18,171.46,172.2,169.81,172.03,16413388
2025-09-19,172.1,172.67,170.6,171.48,25406461
2025-09-22,170.8,172.21,170.51,171.39,20970704
2025-09-23,171.45,173.81,171.2,173.29,24533561
2025-09-24,173.16,174.44,172.38,172.66,20168891
2025-09-25,172.9,173.85,171.86,172.38,17026549
2025-09-26,172.22,173.37,167.2,167.4,20157657
2025-09-29,167.6,170.28,167.56,168.98,16832342
2025-09-30,169.5,170.15,168.41,168.77,24553596
2025-10-01,169.0,169.74,166.13,167.51,17542776
2025-10-03,168.12,174.74,168.12,173.21,55172705
2025-10-06,173.3,173.48,169.3,170.06,21474004
2025-10-07,170.4,172.2,170.4,171.43,19189843
2025-10-08,172.0,173.63,170.06,171.94,22662699
2025-10-09,172.79,177.82,172.78,176.42,68504717
2025-10-10,176.0,176.14,172.9,173.86,18085975
2025-10-13,173.0,173.8,170.91,173.03,19386219
2025-10-14,174.91,176.45,169.25,170.51,22082970
2025-10-15,170.83,174.0,170.11,173.24,15031989
2025-10-16,173.0,174.49,172.22,174.0,12205250
2025-10-17,173.6,174.31,170.99,172.22,21659007
2025-10-20,173.3,173.3,170.82,171.95,18049579
2025-10-21,172.4,173.25,172.1,172.78,2471987
2025-10-23,173.9,176.08,173.64,174.16,31472510
2025-10-24,174.6,177.35,173.72,174.44,25226376
2025-10-27,175.89,177.9,175.53,176.66,23832477
2025-10-28,177.35,182.06,177.02,181.81,59511794
2025-10-29,183.67,186.94,182.05,185.19,51610530
2025-10-30,184.4,185.19,182.64,184.35,24270977
2025-10-31,184.0,184.3,182.12,182.84,16041321
2025-11-03,182.4,184.1,181.8,182.67,16652212
2025-11-04,183.0,183.09,178.9,179.29,18746387
2025-11-06,179.29,180.67,176.52,177.27,23664538
2025-11-07,177.0,182.25,175.01,181.37,19165876
2025-11-10,182.03,182.51,180.2,181.48,18376132
2025-11-11,182.9,182.9,179.02,181.04,14109340
2025-11-12,181.44,182.15,178.0,178.61,19037263
2025-11-13,184.0,184.0,175.1,176.65,82083661
2025-11-14,177.52,177.7,172.12,174.26,38345500
2025-11-17,175.13,175.25,172.62,173.17,28204282
2025-11-18,172.4,173.12,170.55,172.45,34278387
2025-11-19,172.45,173.9,172.06,173.21,19621610
2025-11-20,174.1,174.36,172.26,172.46,15968891
2025-11-21,171.8,171.9,167.7,168.0,28412865
2025-11-24,168.0,168.38,165.18,165.36,31202769
2025-11-25,166.0,167.27,165.08,166.33,19983310
2025-11-26,167.0,169.95,166.9,169.67,15044796
2025-11-27,170.45,171.0,167.18,168.13,17546627
2025-11-28,168.13,169.0,167.29,167.96,11975539
2025-12-01,169.0,169.65,167.7,168.63,11758473
2025-12-02,168.43,168.85,167.0,167.78,15355023
2025-12-03,167.78,167.99,165.0,166.92,18873943
2025-12-04,167.8,167.97,166.2,166.77,11419966
2025-12-05,167.0,167.65,165.0,167.11,33500436
2025-12-08,167.09,168.2,163.0,163.47,15772400
2025-12-09,163.39,163.39,160.06,160.67,25766371
2025-12-10,161.0,163.68,160.81,162.23,22537548
2025-12-11,163.5,166.66,163.17,166.38,32603566
2025-12-12,167.6,172.5,167.4,171.89,41130927
2025-12-15,170.95,173.17,170.5,172.87,23254201
2025-12-16,172.7,172.7,169.25,169.83,22981935
2025-12-17,170.09,171.3,169.66,170.34,11624504
2025-12-18,169.92,170.45,167.56,168.12,13152378
2025-12-19,169.15,169.62,167.83,168.69,28448892
2025-12-22,169.04,171.46,169.0,169.22,23729300
2025-12-23,169.35,171.35,169.25,170.9,17348078
2025-12-24,171.35,171.65,169.67,170.07,17430406
2025-12-26,169.89,169.9,167.82,169.12,16904834
2025-12-29,169.51,174.13,169.29,172.3,48001907
2025-12-30,172.78,176.35,170.8,175.8,33741158
2025-12-31,180.0,181.4,178.5,180.08,50897201
2026-01-01,180.6,182.2,180.2,181.89,21507757
2026-01-02,182.0,183.85,181.6,182.88,23006840
2026-01-05,182.88,186.89,182.87,185.71,30387812
2026-01-06,186.0,187.85,184.47,186.32,28366586
2026-01-07,186.2,186.65,182.9,183.7,18033934
2026-01-08,185.45,185.87,179.55,180.12,38454951
2026-01-09,179.05,181.5,177.33,178.5,25207256
2026-01-12,178.4,183.65,177.64,183.24,25782267
2026-01-13,183.5,184.39,181.1,182.45,18957688
2026-01-14,182.57,190.65,181.66,189.25,55907778
2026-01-16,190.05,191.0,187.31,188.21,26028519
2026-01-19,187.1,189.44,186.8,188.0,19599722
2026-01-20,188.27,190.0,183.03,183.68,20039266
2026-01-21,183.56,185.71,180.88,184.41,35037961
2026-01-22,185.89,189.99,185.79,189.1,35681682
2026-01-23,190.5,192.4,187.27,187.61,28492706
2026-01-27,189.67,193.14,187.72,192.28,42314287
2026-01-28,193.49,195.2,192.1,193.85,33310718
2026-01-29,194.45,202.99,194.11,202.32,60610904
2026-01-30,198.55,199.0,190.63,193.13,52262849
2026-02-01,188.81,193.76,184.26,185.38,26527491
2026-02-02,185.38,189.0,182.55,188.51,25601945
2026-02-03,193.58,199.0,191.51,192.93,28467895
2026-02-04,193.99,196.14,193.45,195.4,13859145
2026-02-05,193.0,198.41,191.52,197.76,31293689
2026-02-06,197.6,197.6,194.37,197.06,18446912
2026-02-09,202.0,206.34,197.55,201.4,67917172
2026-02-10,202.99,202.99,201.08,201.95,1800505
2026-02-11,209.4,209.9,207.68,209.37,4175754
2026-02-11,209.4,210.25,205.3,207.5,40469385
2026-02-12,208.0,210.39,206.2,208.11,24109860
2026-02-13,206.59,206.85,202.56,203.18,25870923
2026-02-16,201.0,206.12,200.55,205.81,17932490
2026-02-17,205.5,205.8,201.66,203.08,18506676
2026-02-18,203.55,209.7,203.55,209.03,48357001
2026-02-19,211.0,211.39,204.25,205.41,27749813
2026-02-20,206.41,209.3,204.73,208.36,26605844
2026-02-23,210.0,210.1,205.5,208.14,23377191
2026-02-24,207.21,209.54,206.75,209.13,23413086
2026-02-25,210.1,216.45,209.4,214.64,48873839
2026-02-26,215.95,215.95,213.01,215.52,25522669
2026-02-27,215.5,215.9,211.66,212.33,25598534
2026-03-02,205.0,214.34,204.5,211.01,30523310
2026-03-04,207.0,207.0,194.43,196.73,72096617
2026-03-05,198.5,203.04,197.63,200.57,41033397
2026-03-06,199.5,202.2,197.1,198.46,28551376
2026-03-09,193.45,193.7,187.03,191.01,43019965
2026-03-10,194.01,196.64,192.0,195.0,25783308
2026-03-11,197.14,198.88,194.0,194.74,34207226
2026-03-12,193.99,194.66,190.1,193.47,24413736
2026-03-13,191.95,192.5,182.26,183.51,42683952
2026-03-16,183.0,187.65,181.25,186.94,44789516
2026-03-18,196.4,196.43,193.17,195.05,26028257
2026-03-19,190.8,194.22,189.37,190.51,24146344
2026-03-20,193.4,199.44,193.34,196.77,46881257
2026-03-23,193.0,193.95,186.51,187.17,44393392
2026-03-24,192.0,192.19,187.78,190.79,34321983
2026-03-25,193.03,197.15,192.32,196.65,34767360
2026-03-27,194.32,195.5,192.64,193.22,36938046
2026-04-24,211.0,212.0,208.6,210.0,22298438
2026-04-27,211.0,215.0,210.93,213.27,33068230
2026-04-28,213.2,218.24,212.2,215.05,34950491
2026-04-29,216.1,217.0,211.36,215.88,32800573
2026-04-30,215.78,215.78,210.0,211.36,24894783
2026-05-04,212.55,214.5,211.4,212.24,23140911
2026-05-05,212.2,212.34,209.45,211.32,20733709
2026-05-06,214.0,216.73,212.42,215.47,24082651
2026-05-07,216.7,219.2,215.75,217.09,21243369
2026-05-08,217.0,217.4,214.25,214.49,17760366
2026-05-11,213.5,215.0,211.52,212.08,16301350
2026-05-12,212.0,216.33,211.5,212.0,28371348
2026-05-13,213.24,220.91,213.07,219.62,46231533
2026-05-14,222.3,222.9,219.02,221.13,34985006
2026-05-15,223.0,224.4,216.0,216.84,33231023
2026-05-18,211.0,211.82,205.05,209.71,73796001
2026-05-19,210.59,212.33,208.9,209.29,32573663
2026-05-20,207.5,207.5,203.04,207.01,56670462
2026-05-21,209.75,210.07,207.66,208.58,24385712
2026-05-22,209.6,210.88,208.26,209.19,22023114
2026-05-25,211.3,211.75,209.44,210.22,23090495
2026-05-26,209.9,211.14,209.51,210.47,17801824
2026-05-27,210.7,218.96,210.7,214.7,39110042
2026-05-29,215.69,215.7,206.7,208.02,67467374
